0,0,0,0,0,0,0,0,0,0,0,0,0,0,0,0,0,0,0,0,0,0,0,0,0,0,0,0,0,0,0,0,0,0,0,0,0,0,0,0,0,0,0,0,0,0,0,0,0,0,0,0,0,0,0,0,0,0,0,0,0,0,0,0,0,0,0,0,0,0,0,0,0,0,0,0,0,0,0,0,0,0,0,0,0,0,0,0,0,0,0,0,0,0,0,0,0,0,0,0,0,0,0,0,0,0,0,0,0,0,0,0,0,0,0,0,0,0,0,0
0,0,0,0,0,0,0,0,0,0,0,0,0,0,0,0,0,0,0,7.15366e-53,5.10933e-51,2.87207e-49,1.14539e-47,3.45253e-46,8.25657e-45,1.61546e-43,2.64378e-42,3.67992e-41,4.41342e-40,4.60819e-39,4.2245e-38,3.42429e-37,2.46901e-36,1.59181e-35,9.2189e-35,4.81613e-34,2.27835e-33,9.79541e-33,3.84073e-32,1.37804e-31,4.53959e-31,1.37753e-30,3.86308e-30,1.00441e-29,2.42888e-29,5.47966e-29,1.15675e-28,2.29132e-28,4.27016e-28,7.50553e-28,1.24703e-27,1.96253e-27,2.93084e-27,4.16008e-27,5.62019e-27,7.23528e-27,8.88471e-27,1.0415e-26,1.1662e-26,1.24786e-26,1.27629e-26,1.24786e-26,1.1662e-26,1.0415e-26,8.88471e-27,7.23528e-27,5.62019e-27,4.16008e-27,2.93084e-27,1.96253e-27,1.24703e-27,7.50553e-28,4.27016e-28,2.29132e-28,1.15675e-28,5.47966e-29,2.42888e-29,1.00441e-29,3.86308e-30,1.37753e-30,4.53959e-31,1.37805e-31,3.84074e-32,9.79544e-33,2.27837e-33,4.81619e-34,9.2191e-35,1.59187e-35,2.46918e-36,3.42469e-37,4.22534e-38,4.60972e-39,4.41585e-40,3.68324e-41,2.64763e-42,1.61921e-43,8.28671e-45,3.47215e-46,1.15541e-47,2.91035e-49,5.21197e-51,7.36656e-53,0,0,0,0,0,0,0,0,0,0,0,0,0,0,0,0,0,0
0,0,0,0,0,0,0,0,0,0,0,0,0,0,0,0,0,0,9.57971e-53,7.00856e-51,4.03726e-49,1.65129e-47,5.10948e-46,1.25531e-44,2.52517e-43,4.25197e-42,6.09397e-41,7.53105e-40,8.10863e-39,7.67082e-38,6.42082e-37,4.78396e-36,3.18917e-35,1.91093e-34,1.03342e-33,5.06307e-33,2.25529e-32,9.16459e-32,3.40862e-31,1.16414e-30,3.66257e-30,1.06489e-29,2.87034e-29,7.19495e-29,1.68236e-28,3.68038e-28,7.55419e-28,1.45874e-27,2.6568e-27,4.57452e-27,7.4622e-27,1.15547e-26,1.70124e-26,2.38528e-26,3.18896e-26,4.0698e-26,4.96262e-26,5.78606e-26,6.45405e-26,6.89023e-26,7.0419e-26,6.89023e-26,6.45405e-26,5.78606e-26,4.96262e-26,4.0698e-26,3.18896e-26,2.38528e-26,1.70124e-26,1.15547e-26,7.4622e-27,4.57452e-27,2.6568e-27,1.45874e-27,7.55419e-28,3.68038e-28,1.68236e-28,7.19495e-29,2.87034e-29,1.06489e-29,3.66257e-30,1.16414e-30,3.40863e-31,9.16463e-32,2.25531e-32,5.06316e-33,1.03345e-33,1.91103e-34,3.18946e-35,4.78469e-36,6.42247e-37,7.6741e-38,8.11435e-39,7.53967e-40,6.10517e-41,4.26437e-42,2.53673e-43,1.26422e-44,5.16518e-46,1.67863e-47,4.13779e-49,7.26819e-51,1.01004e-52,0,0,0,0,0,0,0,0,0,0,0,0,0,0,0,0,0
0,0,0,0,0,0,0,0,0,0,0,0,0,0,0,0,0,1.18993e-52,8.90771e-51,5.25146e-49,2.20082e-47,6.98373e-46,1.76099e-44,3.63848e-43,6.29734e-42,9.28342e-41,1.18086e-39,1.30953e-38,1.27678e-37,1.10215e-36,8.47368e-36,5.83233e-35,3.61005e-34,2.01767e-33,1.02205e-32,4.70852e-32,1.9794e-31,7.61753e-31,2.69213e-30,8.76474e-30,2.63692e-29,7.35391e-29,1.90697e-28,4.61208e-28,1.04344e-27,2.21467e-27,4.42195e-27,8.32741e-27,1.48268e-26,2.50146e-26,4.0071e-26,6.10583e-26,8.8642e-26,1.2278e-25,1.62456e-25,2.05546e-25,2.48897e-25,2.88645e-25,3.20748e-25,3.4165e-25,3.48908e-25,3.4165e-25,3.20748e-25,2.88645e-25,2.48897e-25,2.05546e-25,1.62456e-25,1.2278e-25,8.8642e-26,6.10583e-26,4.0071e-26,2.50146e-26,1.48268e-26,8.32741e-27,4.42195e-27,2.21467e-27,1.04344e-27,4.61208e-28,1.90697e-28,7.35391e-29,2.63692e-29,8.76476e-30,2.69214e-30,7.61759e-31,1.97943e-31,4.70863e-32,1.02209e-32,2.01781e-33,3.61048e-34,5.83351e-35,8.47654e-36,1.10276e-36,1.27794e-37,1.31146e-38,1.18363e-39,9.31785e-41,6.33385e-42,3.67111e-43,1.78516e-44,7.12895e-46,2.26944e-47,5.49471e-49,9.51376e-51,1.30759e-52,0,0,0,0,0,0,0,0,0,0,0,0,0,0,0,0
0,0,0,0,0,0,0,0,0,0,0,0,0,0,0,0,1.37609e-52,1.0523e-50,6.33953e-49,2.719e-47,8.83964e-46,2.28575e-44,4.84714e-43,8.61701e-42,1.30575e-40,1.70849e-39,1.95021e-38,1.95847e-37,1.74241e-36,1.38149e-35,9.81128e-35,6.26947e-34,3.61913e-33,1.89425e-32,9.02015e-32,3.92047e-31,1.56017e-30,5.70232e-30,1.91999e-29,5.97357e-29,1.72258e-28,4.61804e-28,1.15446e-27,2.69916e-27,5.91929e-27,1.22099e-26,2.37526e-26,4.36864e-26,7.61419e-26,1.26027e-25,1.98473e-25,2.97907e-25,4.26831e-25,5.84524e-25,7.65964e-25,9.61363e-25,1.15659e-24,1.33462e-24,1.47783e-24,1.57082e-24,1.60307e-24,1.57082e-24,1.47783e-24,1.33462e-24,1.15659e-24,9.61363e-25,7.65964e-25,5.84524e-25,4.26831e-25,2.97907e-25,1.98473e-25,1.26027e-25,7.61419e-26,4.36864e-26,2.37526e-26,1.22099e-26,5.9193e-27,2.69916e-27,1.15446e-27,4.61805e-28,1.72259e-28,5.97359e-29,1.92e-29,5.70238e-30,1.5602e-30,3.9206e-31,9.02066e-32,1.89444e-32,3.61972e-33,6.27117e-34,9.81567e-35,1.3825e-35,1.74448e-36,1.96221e-37,1.95612e-38,1.71663e-39,1.31544e-40,8.71557e-42,4.93176e-43,2.34605e-44,9.18855e-46,2.87799e-47,6.88349e-49,1.1832e-50,1.62236e-52,0,0,0,0,0,0,0,0,0,0,0,0,0,0,0
0,0,0,0,0,0,0,0,0,0,0,0,0,0,0,1.48998e-52,1.16077e-50,7.12969e-49,3.12393e-47,1.03906e-45,2.7521e-44,5.98413e-43,1.09181e-41,1.69937e-40,2.28564e-39,2.68383e-38,2.77435e-37,2.5424e-36,2.07756e-35,1.52157e-34,1.00319e-33,5.97797e-33,3.2312e-32,1.58953e-31,7.1391e-31,2.93639e-30,1.10937e-29,3.86117e-29,1.24173e-28,3.70078e-28,1.02521e-27,2.64775e-27,6.39398e-27,1.44796e-26,3.08357e-26,6.19211e-26,1.1755e-25,2.11468e-25,3.61297e-25,5.87427e-25,9.10544e-25,1.34773e-24,1.90755e-24,2.58493e-24,3.35717e-24,4.18244e-24,5.00181e-24,5.7453e-24,6.3412e-24,6.72722e-24,6.86091e-24,6.72722e-24,6.3412e-24,5.7453e-24,5.00181e-24,4.18244e-24,3.35717e-24,2.58493e-24,1.90755e-24,1.34773e-24,9.10544e-25,5.87427e-25,3.61297e-25,2.11468e-25,1.1755e-25,6.19211e-26,3.08357e-26,1.44796e-26,6.39399e-27,2.64775e-27,1.02521e-27,3.7008e-28,1.24174e-28,3.86123e-29,1.1094e-29,2.93652e-30,7.13966e-31,1.58974e-31,3.23192e-32,5.98017e-33,1.0038e-33,1.52306e-34,2.08082e-35,2.54876e-36,2.78532e-37,2.70044e-38,2.30757e-39,1.72442e-40,1.1163e-41,6.18639e-43,2.89095e-44,1.11654e-45,3.46485e-47,8.25689e-49,1.42306e-50,1.96867e-52,0,0,0,0,0,0,0,0,0,0,0,0,0,0
0,0,0,0,0,0,0,0,0,0,0,0,0,0,1.52396e-52,1.20415e-50,7.51309e-49,3.35352e-47,1.13869e-45,3.08403e-44,6.86667e-43,1.28438e-41,2.05151e-40,2.83412e-39,3.42089e-38,3.6378e-37,3.4317e-36,2.88858e-35,2.18044e-34,1.48249e-33,9.11449e-33,5.08513e-32,2.58301e-31,1.19826e-30,5.09171e-30,1.98759e-29,7.14811e-29,2.37523e-28,7.3135e-28,2.09276e-27,5.5816e-27,1.3916e-26,3.25271e-26,7.14792e-26,1.48084e-25,2.8998e-25,5.38056e-25,9.48164e-25,1.59018e-24,2.543e-24,3.88435e-24,5.67567e-24,7.9435e-24,1.06608e-23,1.3733e-23,1.69933e-23,2.02122e-23,2.31201e-23,2.54431e-23,2.69447e-23,2.74642e-23,2.69447e-23,2.54431e-23,2.31201e-23,2.02122e-23,1.69933e-23,1.3733e-23,1.06608e-23,7.9435e-24,5.67567e-24,3.88435e-24,2.543e-24,1.59018e-24,9.48164e-25,5.38056e-25,2.8998e-25,1.48084e-25,7.14792e-26,3.25271e-26,1.39161e-26,5.58163e-27,2.09277e-27,7.31359e-28,2.37528e-28,7.14839e-29,1.98772e-29,5.09227e-30,1.19848e-30,2.5838e-31,5.08768e-32,9.12191e-33,1.48444e-33,2.185e-34,2.89816e-35,3.44958e-36,3.66732e-37,3.46376e-38,2.88847e-39,2.11119e-40,1.34054e-41,7.31366e-43,3.38004e-44,1.29821e-45,4.03202e-47,9.68367e-49,1.69309e-50,2.3904e-52,0,0,0,0,0,0,0,0,0,0,0,0,0
0,0,0,0,0,0,0,0,0,0,0,0,0,1.49315e-52,1.18814e-50,7.48611e-49,3.38827e-47,1.17028e-45,3.23215e-44,7.35339e-43,1.40773e-41,2.30447e-40,3.2665e-39,4.04947e-38,4.42655e-37,4.29574e-36,3.72235e-35,2.89438e-34,2.02831e-33,1.28597e-32,7.40211e-32,3.88068e-31,1.85866e-30,8.15615e-30,3.28846e-29,1.2216e-28,4.19285e-28,1.33338e-27,3.94e-27,1.08488e-26,2.7917e-26,6.73288e-26,1.5262e-25,3.26065e-25,6.58314e-25,1.25921e-24,2.28731e-24,3.95426e-24,6.51907e-24,1.02675e-23,1.54736e-23,2.23444e-23,3.09545e-23,4.11812e-23,5.26583e-23,6.47641e-23,7.66565e-23,8.73582e-23,9.58835e-23,1.01384e-22,1.03285e-22,1.01384e-22,9.58835e-23,8.73582e-23,7.66565e-23,6.47641e-23,5.26583e-23,4.11812e-23,3.09545e-23,2.23444e-23,1.54736e-23,1.02675e-23,6.51907e-24,3.95426e-24,2.28731e-24,1.25921e-24,6.58314e-25,3.26065e-25,1.52621e-25,6.73291e-26,2.79172e-26,1.0849e-26,3.94008e-27,1.33342e-27,4.19309e-28,1.22172e-28,3.28898e-29,8.15829e-30,1.85945e-30,3.88337e-31,7.41036e-32,1.28826e-32,2.03404e-33,2.90723e-34,3.74816e-35,4.34191e-36,4.49969e-37,4.1515e-38,3.39092e-39,2.43599e-40,1.52702e-41,8.26965e-43,3.81825e-44,1.47568e-45,4.64538e-47,1.13814e-48,2.03841e-50,2.95752e-52,0,0,0,0,0,0,0,0,0,0,0,0
0,0,0,0,0,0,0,0,0,0,0,0,1.43076e-52,1.13478e-50,7.15593e-49,3.25995e-47,1.13857e-45,3.19187e-44,7.39377e-43,1.44478e-41,2.41894e-40,3.51246e-39,4.46661e-38,5.0139e-37,5.00138e-36,4.45828e-35,3.56876e-34,2.57625e-33,1.68353e-32,9.99319e-32,5.40505e-31,2.67171e-30,1.2103e-29,5.03853e-29,1.93281e-28,6.85048e-28,2.2495e-27,6.8625e-27,1.95041e-26,5.17904e-26,1.28851e-25,3.01208e-25,6.63432e-25,1.38054e-24,2.72113e-24,5.09277e-24,9.07088e-24,1.54078e-23,2.50059e-23,3.88407e-23,5.78246e-23,8.26179e-23,1.13409e-22,1.49702e-22,1.90172e-22,2.32635e-22,2.74172e-22,3.11428e-22,3.41035e-22,3.60106e-22,3.66693e-22,3.60106e-22,3.41035e-22,3.11428e-22,2.74172e-22,2.32635e-22,1.90172e-22,1.49702e-22,1.13409e-22,8.26179e-23,5.78246e-23,3.88407e-23,2.50059e-23,1.54078e-23,9.07088e-24,5.09277e-24,2.72113e-24,1.38055e-24,6.63434e-25,3.0121e-25,1.28852e-25,5.17914e-26,1.95047e-26,6.86284e-27,2.24969e-27,6.85144e-28,1.93325e-28,5.04041e-29,1.21103e-29,2.67429e-30,5.41337e-31,1.00175e-31,1.68999e-32,2.5917e-33,3.60199e-34,4.5223e-35,5.11133e-36,5.18132e-37,4.69131e-38,3.77641e-39,2.68799e-40,1.68031e-41,9.14162e-43,4.27311e-44,1.68393e-45,5.43485e-47,1.36901e-48,2.51824e-50,3.74743e-52,0,0,0,0,0,0,0,0,0,0,0
0,0,0,0,0,0,0,0,0,0,0,1.37659e-52,1.07523e-50,6.70635e-49,3.04202e-47,1.06447e-45,3.00622e-44,7.04808e-43,1.39928e-41,2.38767e-40,3.54225e-39,4.61126e-38,5.30736e-37,5.43517e-36,4.97936e-35,4.10013e-34,3.04703e-33,2.05119e-32,1.25497e-31,6.99977e-31,3.56948e-30,1.66871e-29,7.17072e-29,2.83976e-28,1.03914e-27,3.5227e-27,1.10932e-26,3.25384e-26,8.91455e-26,2.28761e-25,5.51399e-25,1.25187e-24,2.68438e-24,5.45089e-24,1.05079e-23,1.92756e-23,3.372e-23,5.6365e-23,9.01864e-23,1.38344e-22,2.03728e-22,2.88349e-22,3.92632e-22,5.14755e-22,6.50203e-22,7.91697e-22,9.29624e-22,1.053e-21,1.15086e-21,1.21382e-21,1.23555e-21,1.21382e-21,1.15086e-21,1.053e-21,9.29624e-22,7.91697e-22,6.50203e-22,5.14755e-22,3.92632e-22,2.88349e-22,2.03728e-22,1.38344e-22,9.01865e-23,5.6365e-23,3.372e-23,1.92756e-23,1.05079e-23,5.45091e-24,2.6844e-24,1.25188e-24,5.51408e-25,2.28768e-25,8.91496e-26,3.25409e-26,1.10946e-26,3.52343e-27,1.03948e-27,2.84129e-28,7.17686e-29,1.67098e-29,3.57713e-30,7.02334e-31,1.26157e-31,2.06795e-32,3.08546e-33,4.17947e-34,5.1262e-35,5.67765e-36,5.66282e-37,5.07099e-38,4.06315e-39,2.90033e-40,1.833e-41,1.01614e-42,4.87081e-44,1.97578e-45,6.56659e-47,1.69831e-48,3.18638e-50,4.80453e-52,0,0,0,0,0,0,0,0,0,0
0,0,0,0,0,0,0,0,0,0,1.35932e-52,1.03915e-50,6.33874e-49,2.82616e-47,9.78435e-46,2.75247e-44,6.46935e-43,1.29494e-41,2.23844e-40,3.37728e-39,4.48508e-38,5.27908e-37,5.53939e-36,5.20788e-35,4.40618e-34,3.36789e-33,2.33384e-32,1.4709e-31,8.4562e-31,4.44679e-30,2.14457e-29,9.50966e-29,3.88697e-28,1.46815e-27,5.13742e-27,1.66977e-26,5.05418e-26,1.42858e-25,3.78099e-25,9.39643e-25,2.19878e-24,4.85795e-24,1.0161e-23,2.01718e-23,3.81008e-23,6.86245e-23,1.18108e-22,1.94598e-22,3.07446e-22,4.66438e-22,6.80368e-22,9.55133e-22,1.29159e-21,1.68353e-21,2.11637e-21,2.56696e-21,3.00502e-21,3.39606e-21,3.70575e-21,3.9048e-21,3.97347e-21,3.9048e-21,3.70575e-21,3.39606e-21,3.00502e-21,2.56696e-21,2.11637e-21,1.68353e-21,1.29159e-21,9.55133e-22,6.80368e-22,4.66438e-22,3.07446e-22,1.94598e-22,1.18108e-22,6.86246e-23,3.81009e-23,2.01719e-23,1.01611e-23,4.85802e-24,2.19884e-24,9.39684e-25,3.78126e-25,1.42874e-25,5.05514e-26,1.67028e-26,5.13992e-27,1.46929e-27,3.89173e-28,9.52794e-29,2.15102e-29,4.46762e-30,8.51763e-31,1.48739e-31,2.374e-32,3.45636e-33,4.58175e-34,5.52054e-35,6.03671e-36,5.9819e-37,5.36222e-38,4.33716e-39,3.15167e-40,2.04246e-41,1.16654e-42,5.76848e-44,2.4082e-45,8.19405e-47,2.15262e-48,4.05186e-50,6.03697e-52,0,0,0,0,0,0,0,0,0
0,0,0,0,0,0,0,0,0,1.37659e-52,1.03915e-50,6.20612e-49,2.69491e-47,9.11252e-46,2.5185e-44,5.85627e-43,1.16806e-41,2.02551e-40,3.08369e-39,4.15245e-38,4.97537e-37,5.33099e-36,5.13023e-35,4.45133e-34,3.4945e-33,2.49005e-32,1.61526e-31,9.56513e-31,5.18423e-30,2.57817e-29,1.17932e-28,4.97382e-28,1.93878e-27,7.00175e-27,2.34857e-26,7.33543e-26,2.139e-25,5.83883e-25,1.49608e-24,3.60823e-24,8.21368e-24,1.76953e-23,3.61735e-23,7.03427e-23,1.30424e-22,2.31071e-22,3.91946e-22,6.37606e-22,9.96278e-22,1.49717e-21,2.16618e-21,3.0202e-21,4.06075e-21,5.26805e-21,6.59706e-21,7.97714e-21,9.31624e-21,1.05099e-20,1.14544e-20,1.2061e-20,1.22702e-20,1.2061e-20,1.14544e-20,1.05099e-20,9.31624e-21,7.97714e-21,6.59706e-21,5.26805e-21,4.06075e-21,3.0202e-21,2.16618e-21,1.49717e-21,9.96278e-22,6.37607e-22,3.91947e-22,2.31072e-22,1.30425e-22,7.03433e-23,3.6174e-23,1.76957e-23,8.21402e-24,3.60848e-24,1.49624e-24,5.83987e-25,2.13961e-25,7.33876e-26,2.35025e-26,7.00963e-27,1.94219e-27,4.98744e-28,1.18433e-28,2.59509e-29,5.23658e-30,9.71319e-31,1.65343e-31,2.57938e-32,3.6838e-33,4.81307e-34,5.75102e-35,6.28339e-36,6.27469e-37,5.71919e-38,4.74164e-39,3.55208e-40,2.37838e-41,1.40115e-42,7.11071e-44,3.0248e-45,1.03907e-46,2.71613e-48,5.01525e-50,7.29634e-52,0,0,0,0,0,0,0,0
0,0,0,0,0,0,0,0,1.43076e-52,1.07523e-50,6.33874e-49,2.69491e-47,8.85948e-46,2.37891e-44,5.39752e-43,1.05718e-41,1.81372e-40,2.7526e-39,3.72091e-38,4.50254e-37,4.89639e-36,4.80124e-35,4.25785e-34,3.42454e-33,2.5046e-32,1.66996e-31,1.01757e-30,5.67995e-30,2.91105e-29,1.373e-28,5.97295e-28,2.40213e-27,8.95159e-27,3.09835e-26,9.9851e-26,3.00374e-25,8.45655e-25,2.23412e-24,5.55371e-24,1.3026e-23,2.89051e-23,6.08448e-23,1.21807e-22,2.32473e-22,4.23935e-22,7.40186e-22,1.23962e-21,1.99453e-21,3.08736e-21,4.60283e-21,6.61544e-21,9.17295e-21,1.22779e-20,1.58705e-20,1.9817e-20,2.39088e-20,2.78746e-20,3.1407e-20,3.42003e-20,3.5994e-20,3.66125e-20,3.5994e-20,3.42003e-20,3.1407e-20,2.78746e-20,2.39088e-20,1.9817e-20,1.58705e-20,1.22779e-20,9.17295e-21,6.61544e-21,4.60283e-21,3.08736e-21,1.99454e-21,1.23963e-21,7.40189e-22,4.23938e-22,2.32476e-22,1.2181e-22,6.08472e-23,2.89069e-23,1.30274e-23,5.55465e-24,2.23473e-24,8.4602e-25,3.00577e-25,9.99565e-26,3.10344e-26,8.97432e-27,2.41154e-27,6.0089e-28,1.38567e-28,2.9521e-29,5.80194e-30,1.05073e-30,1.75217e-31,2.68989e-32,3.8028e-33,4.95485e-34,5.95556e-35,6.60672e-36,6.75784e-37,6.35155e-38,5.44753e-39,4.21778e-40,2.90523e-41,1.74801e-42,8.98545e-44,3.83147e-45,1.30267e-46,3.33833e-48,5.99213e-50,8.43747e-52,0,0,0,0,0,0,0
0,0,0,0,0,0,0,1.49315e-52,1.13478e-50,6.70635e-49,2.82616e-47,9.11252e-46,2.37891e-44,5.22811e-43,9.93592e-42,1.66185e-40,2.47585e-39,3.31157e-38,3.99665e-37,4.36628e-36,4.32773e-35,3.8989e-34,3.19821e-33,2.39285e-32,1.63592e-31,1.02391e-30,5.87849e-30,3.10195e-29,1.50747e-28,6.76091e-28,2.80426e-27,1.07803e-26,3.84965e-26,1.27997e-25,3.97205e-25,1.15336e-24,3.1418e-24,8.05037e-24,1.94562e-23,4.44718e-23,9.63979e-23,1.98675e-22,3.90297e-22,7.32557e-22,1.31648e-21,2.26959e-21,3.75992e-21,5.99426e-21,9.20753e-21,1.36404e-20,1.95038e-20,2.69324e-20,3.59313e-20,4.63275e-20,5.77363e-20,6.95575e-20,8.10106e-20,9.12102e-20,9.92751e-20,1.04454e-19,1.06239e-19,1.04454e-19,9.92751e-20,9.12102e-20,8.10106e-20,6.95575e-20,5.77363e-20,4.63275e-20,3.59313e-20,2.69324e-20,1.95038e-20,1.36404e-20,9.20754e-21,5.99427e-21,3.75993e-21,2.26961e-21,1.31649e-21,7.32573e-22,3.90311e-22,1.98687e-22,9.64077e-23,4.44791e-23,1.94613e-23,8.05371e-24,3.14384e-24,1.15452e-24,3.97824e-25,1.28303e-25,3.86378e-26,1.08408e-26,2.82825e-27,6.84888e-28,1.53725e-28,3.19468e-29,6.1436e-30,1.09329e-30,1.80162e-31,2.75288e-32,3.90739e-33,5.16061e-34,6.3468e-35,7.25909e-36,7.68796e-37,7.48117e-38,6.61544e-39,5.24321e-40,3.66549e-41,2.2194e-42,1.13677e-43,4.77822e-45,1.58711e-46,3.94439e-48,6.82342e-50,9.23388e-52,0,0,0,0,0,0
0,0,0,0,0,0,1.52396e-52,1.18814e-50,7.15593e-49,3.04202e-47,9.78435e-46,2.5185e-44,5.39752e-43,9.93592e-42,1.60733e-40,2.32076e-39,3.02401e-38,3.58185e-37,3.87284e-36,3.83079e-35,3.4699e-34,2.87971e-33,2.19084e-32,1.52898e-31,9.79812e-31,5.77241e-30,3.13084e-29,1.56584e-28,7.23376e-28,3.09256e-27,1.22591e-26,4.5153e-26,1.54863e-25,4.9572e-25,1.48457e-24,4.16996e-24,1.10144e-23,2.74318e-23,6.45932e-23,1.44191e-22,3.05962e-22,6.18713e-22,1.19525e-21,2.21084e-21,3.92343e-21,6.69208e-21,1.09878e-20,1.73891e-20,2.65525e-20,3.91511e-20,5.57766e-20,7.6808e-20,1.02264e-19,1.31662e-19,1.63922e-19,1.97357e-19,2.29761e-19,2.58628e-19,2.81462e-19,2.96128e-19,3.01186e-19,2.96128e-19,2.81462e-19,2.58628e-19,2.29761e-19,1.97357e-19,1.63922e-19,1.31662e-19,1.02264e-19,7.6808e-20,5.57766e-20,3.91512e-20,2.65526e-20,1.73892e-20,1.09879e-20,6.69215e-21,3.9235e-21,2.21092e-21,1.19532e-21,6.18773e-22,3.0601e-22,1.44228e-22,6.46192e-23,2.74491e-23,1.10252e-23,4.17622e-24,1.48798e-24,4.97453e-25,1.55685e-25,4.55164e-26,1.24083e-26,3.1494e-27,7.43419e-28,1.63109e-28,3.32653e-29,6.31145e-30,1.11583e-30,1.8424e-31,2.84829e-32,4.13086e-33,5.62183e-34,7.16223e-35,8.49357e-36,9.29377e-37,9.27873e-38,8.3447e-39,6.66652e-40,4.66009e-41,2.7962e-42,1.40565e-43,5.75282e-45,1.84866e-46,4.42197e-48,7.32962e-50,9.48719e-52,0,0,0,0,0
0,0,0,0,0,1.48998e-52,1.20415e-50,7.48611e-49,3.25995e-47,1.06447e-45,2.75247e-44,5.85627e-43,1.05718e-41,1.66185e-40,2.32076e-39,2.92072e-38,3.34911e-37,3.52556e-36,3.42218e-35,3.06895e-34,2.54345e-33,1.94716e-32,1.37615e-31,8.97553e-31,5.40258e-30,3.00253e-29,1.542e-28,7.32636e-28,3.22488e-27,1.31723e-26,5.0017e-26,1.76902e-25,5.8402e-25,1.80379e-24,5.22453e-24,1.42268e-23,3.65177e-23,8.85933e-23,2.03695e-22,4.45056e-22,9.2651e-22,1.84238e-21,3.50774e-21,6.408e-21,1.12536e-20,1.90304e-20,3.10302e-20,4.88404e-20,7.42669e-20,1.09169e-19,1.55193e-19,2.13409e-19,2.839e-19,3.65366e-19,4.54847e-19,5.47674e-19,6.37728e-19,7.18023e-19,7.81578e-19,8.22418e-19,8.36507e-19,8.22418e-19,7.81578e-19,7.18023e-19,6.37728e-19,5.47674e-19,4.54847e-19,3.65366e-19,2.839e-19,2.13409e-19,1.55193e-19,1.0917e-19,7.42671e-20,4.88406e-20,3.10306e-20,1.90308e-20,1.1254e-20,6.40835e-21,3.50806e-21,1.84267e-21,9.26738e-22,4.45231e-22,2.0382e-22,8.86776e-23,3.6571e-23,1.42585e-23,5.24217e-24,1.81298e-24,5.88504e-25,1.78944e-25,5.08835e-26,1.35145e-26,3.35032e-27,7.7523e-28,1.67564e-28,3.389e-29,6.42979e-30,1.1478e-30,1.93325e-31,3.07683e-32,4.62287e-33,6.53057e-34,8.61228e-35,1.05019e-35,1.17118e-36,1.18067e-37,1.06306e-38,8.4427e-40,5.82124e-41,3.4159e-42,1.66752e-43,6.58987e-45,2.03554e-46,4.66272e-48,7.37671e-50,9.10255e-52,0,0,0,0
0,0,0,0,1.37609e-52,1.16077e-50,7.51309e-49,3.38827e-47,1.13857e-45,3.00622e-44,6.46935e-43,1.16806e-41,1.81372e-40,2.47585e-39,3.02401e-38,3.34911e-37,3.4007e-36,3.19259e-35,2.78614e-34,2.26606e-33,1.71834e-32,1.21366e-31,7.97249e-31,4.86417e-30,2.75382e-29,1.44614e-28,7.04541e-28,3.18639e-27,1.33917e-26,5.23727e-26,1.90902e-25,6.49764e-25,2.06934e-24,6.18026e-24,1.73509e-23,4.59063e-23,1.14763e-22,2.71822e-22,6.11645e-22,1.31104e-21,2.68388e-21,5.26024e-21,9.89297e-21,1.78897e-20,3.11596e-20,5.23518e-20,8.49435e-20,1.33222e-19,2.02089e-19,2.96628e-19,4.21383e-19,5.79379e-19,7.70981e-19,9.92788e-19,1.23684e-18,1.49044e-18,1.73683e-18,1.9568e-18,2.13108e-18,2.24316e-18,2.28183e-18,2.24316e-18,2.13108e-18,1.9568e-18,1.73683e-18,1.49044e-18,1.23684e-18,9.92788e-19,7.70982e-19,5.79379e-19,4.21383e-19,2.96629e-19,2.0209e-19,1.33223e-19,8.49448e-20,5.23533e-20,3.11612e-20,1.78912e-20,9.89439e-21,5.26148e-21,2.68489e-21,1.31182e-21,6.12214e-22,2.72211e-22,1.15013e-22,4.60574e-23,1.74368e-23,6.2261e-24,2.09227e-24,6.60505e-25,1.95605e-25,5.42942e-26,1.41226e-26,3.44467e-27,7.89136e-28,1.70231e-28,3.46919e-29,6.70136e-30,1.22993e-30,2.14535e-31,3.54676e-32,5.52513e-33,8.04281e-34,1.08334e-34,1.33636e-35,1.49414e-36,1.49873e-37,1.33483e-38,1.04165e-39,7.00397e-41,3.983e-42,1.8748e-43,7.11465e-45,2.10325e-46,4.59789e-48,6.92415e-50,8.12599e-52,0,0,0
0,0,0,1.18993e-52,1.0523e-50,7.12969e-49,3.35352e-47,1.17028e-45,3.19187e-44,7.04808e-43,1.29494e-41,2.02551e-40,2.7526e-39,3.31157e-38,3.58185e-37,3.52556e-36,3.19259e-35,2.68436e-34,2.10992e-33,1.55651e-32,1.0791e-31,7.02537e-31,4.28703e-30,2.44669e-29,1.30351e-28,6.47457e-28,2.99638e-27,1.29206e-26,5.19424e-26,1.94875e-25,6.83271e-25,2.24273e-24,6.90496e-24,1.99848e-23,5.45041e-23,1.40426e-22,3.42695e-22,7.94305e-22,1.75334e-21,3.69577e-21,7.45776e-21,1.44414e-20,2.68929e-20,4.82506e-20,8.35387e-20,1.39745e-19,2.26082e-19,3.53971e-19,5.36565e-19,7.87621e-19,1.1196e-18,1.54103e-18,2.05339e-18,2.648e-18,3.30382e-18,3.98681e-18,4.65169e-18,5.24625e-18,5.71793e-18,6.0215e-18,6.1263e-18,6.0215e-18,5.71793e-18,5.24625e-18,4.65169e-18,3.98681e-18,3.30382e-18,2.648e-18,2.05339e-18,1.54103e-18,1.1196e-18,7.87624e-19,5.36569e-19,3.53976e-19,2.26088e-19,1.39751e-19,8.35451e-20,4.8257e-20,2.68988e-20,1.44466e-20,7.46205e-21,3.6991e-21,1.75579e-21,7.95999e-22,3.43801e-22,1.41106e-22,5.4898e-23,2.01997e-23,7.01507e-24,2.29571e-24,7.07164e-25,2.04955e-25,5.59129e-26,1.43779e-26,3.49352e-27,8.04744e-28,1.76383e-28,3.68961e-29,7.37495e-30,1.4064e-30,2.54672e-31,4.34687e-32,6.93106e-33,1.02261e-33,1.38302e-34,1.69928e-35,1.88049e-36,1.85826e-37,1.62133e-38,1.23117e-39,8.01048e-41,4.38788e-42,1.98194e-43,7.19487e-45,2.02938e-46,4.22342e-48,6.04219e-50,6.73163e-52,0,0
0,0,9.57971e-53,8.90771e-51,6.33953e-49,3.12393e-47,1.13869e-45,3.23215e-44,7.39377e-43,1.39928e-41,2.23844e-40,3.08369e-39,3.72091e-38,3.99665e-37,3.87284e-36,3.42218e-35,2.78614e-34,2.10992e-33,1.49821e-32,1.00322e-31,6.35357e-31,3.80703e-30,2.15483e-29,1.14919e-28,5.75923e-28,2.70629e-27,1.19064e-26,4.90086e-26,1.88736e-25,6.80451e-25,2.29922e-24,7.29235e-24,2.17504e-23,6.11377e-23,1.62338e-22,4.08231e-22,9.7481e-22,2.21637e-21,4.81119e-21,9.99749e-21,1.99359e-20,3.82358e-20,7.06738e-20,1.26105e-19,2.1751e-19,3.63035e-19,5.86743e-19,9.18688e-19,1.39378e-18,2.0489e-18,2.91797e-18,4.02489e-18,5.37509e-18,6.94708e-18,8.68607e-18,1.0502e-17,1.22739e-17,1.38614e-17,1.51227e-17,1.59353e-17,1.62159e-17,1.59353e-17,1.51227e-17,1.38614e-17,1.22739e-17,1.0502e-17,8.68607e-18,6.94708e-18,5.37509e-18,4.02489e-18,2.91798e-18,2.04891e-18,1.39379e-18,9.18706e-19,5.86764e-19,3.63059e-19,2.17536e-19,1.2613e-19,7.06973e-20,3.82565e-20,1.99531e-20,1.0011e-20,4.82117e-21,2.22336e-21,9.79432e-22,4.11119e-22,1.64042e-22,6.20858e-23,2.22475e-23,7.53762e-24,2.41294e-24,7.29909e-25,2.08874e-25,5.66692e-26,1.46231e-26,3.60232e-27,8.50109e-28,1.92564e-28,4.18434e-29,8.69007e-30,1.71375e-30,3.18276e-31,5.51682e-32,8.84654e-33,1.30158e-33,1.7436e-34,2.11132e-35,2.29441e-36,2.21601e-37,1.87842e-38,1.37875e-39,8.63466e-41,4.53661e-42,1.95965e-43,6.78638e-45,1.82218e-46,3.60336e-48,4.8898e-50,5.16405e-52,0
0,7.15366e-53,7.00856e-51,5.25146e-49,2.719e-47,1.03906e-45,3.08403e-44,7.35339e-43,1.44478e-41,2.38767e-40,3.37728e-39,4.15245e-38,4.50254e-37,4.36628e-36,3.83079e-35,3.06895e-34,2.26606e-33,1.55651e-32,1.00322e-31,6.11119e-31,3.53572e-30,1.9471e-29,1.02019e-28,5.07452e-28,2.38901e-27,1.06136e-26,4.43916e-26,1.74527e-25,6.44546e-25,2.23622e-24,7.29403e-24,2.23958e-23,6.4842e-23,1.7739e-22,4.5962e-22,1.13074e-21,2.64838e-21,5.92143e-21,1.26726e-20,2.60266e-20,5.14174e-20,9.79188e-20,1.80082e-19,3.20298e-19,5.51574e-19,9.20351e-19,1.48869e-18,2.33476e-18,3.55022e-18,5.23303e-18,7.47468e-18,1.03416e-17,1.38526e-17,1.79558e-17,2.25105e-17,2.72813e-17,3.19488e-17,3.61397e-17,3.94749e-17,4.1626e-17,4.23694e-17,4.1626e-17,3.94749e-17,3.61397e-17,3.19488e-17,2.72813e-17,2.25105e-17,1.79558e-17,1.38526e-17,1.03416e-17,7.4747e-18,5.23307e-18,3.55027e-18,2.33483e-18,1.48877e-18,9.20442e-19,5.51669e-19,3.20393e-19,1.8017e-19,9.79971e-20,5.14828e-20,2.60782e-20,1.27112e-20,5.94874e-21,2.66668e-21,1.14234e-21,4.66575e-22,1.81334e-22,6.69541e-23,2.34629e-23,7.80184e-24,2.46349e-24,7.40026e-25,2.12104e-25,5.82162e-26,1.53571e-26,3.90339e-27,9.56177e-28,2.25112e-28,5.06496e-29,1.08079e-29,2.16864e-30,4.05731e-31,7.02222e-32,1.11634e-32,1.61951e-33,2.13095e-34,2.52776e-35,2.68027e-36,2.51212e-37,2.05675e-38,1.45241e-39,8.72193e-41,4.38168e-42,1.80544e-43,5.95177e-45,1.51857e-46,2.84912e-48,3.6627e-50,0
0,5.10933e-51,4.03726e-49,2.20082e-47,8.83964e-46,2.7521e-44,6.86667e-43,1.40773e-41,2.41894e-40,3.54225e-39,4.48508e-38,4.97537e-37,4.89639e-36,4.32773e-35,3.4699e-34,2.54345e-33,1.71834e-32,1.0791e-31,6.35357e-31,3.53572e-30,1.87204e-29,9.47086e-29,4.58525e-28,2.12228e-27,9.36592e-27,3.92793e-26,1.56059e-25,5.85983e-25,2.07641e-24,6.93958e-24,2.18806e-23,6.51476e-23,1.83444e-22,4.89456e-22,1.24026e-21,2.99214e-21,6.89081e-21,1.51895e-20,3.21319e-20,6.53921e-20,1.28316e-19,2.43242e-19,4.46153e-19,7.92757e-19,1.36575e-18,2.28243e-18,3.70089e-18,5.8221e-18,8.88413e-18,1.31445e-17,1.88477e-17,2.61767e-17,3.51929e-17,4.57744e-17,5.75656e-17,6.99584e-17,8.2118e-17,9.30622e-17,1.01788e-16,1.07422e-16,1.09371e-16,1.07422e-16,1.01788e-16,9.30622e-17,8.2118e-17,6.99584e-17,5.75656e-17,4.57744e-17,3.5193e-17,2.61767e-17,1.88478e-17,1.31447e-17,8.88433e-18,5.82234e-18,3.70118e-18,2.28276e-18,1.3661e-18,7.93097e-19,4.46472e-19,2.43525e-19,1.28553e-19,6.55806e-20,3.22738e-20,1.52908e-20,6.95947e-21,3.03623e-21,1.2671e-21,5.04944e-22,1.91903e-22,6.95159e-23,2.40108e-23,7.91902e-24,2.50021e-24,7.58221e-25,2.21669e-25,6.26521e-26,1.71344e-26,4.52554e-27,1.1488e-27,2.78314e-28,6.38291e-29,1.37445e-29,2.75764e-30,5.12e-31,8.74336e-32,1.36571e-32,1.94113e-33,2.49758e-34,2.88723e-35,2.96854e-36,2.68603e-37,2.11514e-38,1.432e-39,8.22211e-41,3.94009e-42,1.54549e-43,4.84155e-45,1.17211e-46,2.08355e-48,0
0,2.87207e-49,1.65129e-47,6.98373e-46,2.28575e-44,5.98413e-43,1.28438e-41,2.30447e-40,3.51246e-39,4.61126e-38,5.27908e-37,5.33099e-36,4.80124e-35,3.8989e-34,2.87971e-33,1.94716e-32,1.21366e-31,7.02537e-31,3.80703e-30,1.9471e-29,9.47086e-29,4.40813e-28,1.97067e-27,8.47036e-27,3.49535e-26,1.38067e-25,5.20232e-25,1.86403e-24,6.3367e-24,2.04108e-23,6.22726e-23,1.8005e-22,4.93934e-22,1.28789e-21,3.19858e-21,7.585e-21,1.72184e-20,3.75149e-20,7.86465e-20,1.59012e-19,3.10699e-19,5.87683e-19,1.07747e-18,1.91656e-18,3.3093e-18,5.54808e-18,9.03073e-18,1.4268e-17,2.18714e-17,3.25108e-17,4.68324e-17,6.53347e-17,8.82109e-17,1.15183e-16,1.45365e-16,1.77204e-16,2.08543e-16,2.36823e-16,2.59414e-16,2.74021e-16,2.79076e-16,2.74021e-16,2.59414e-16,2.36823e-16,2.08543e-16,1.77204e-16,1.45365e-16,1.15183e-16,8.82111e-17,6.53349e-17,4.68328e-17,3.25113e-17,2.1872e-17,1.42688e-17,9.03173e-18,5.5492e-18,3.31047e-18,1.91773e-18,1.07857e-18,5.88658e-19,3.1152e-19,1.59668e-19,7.91436e-20,3.78728e-20,1.74632e-20,7.744e-21,3.29671e-21,1.3454e-21,5.25913e-22,1.96904e-22,7.06802e-23,2.43749e-23,8.10017e-24,2.60278e-24,8.11053e-25,2.4542e-25,7.20258e-26,2.04187e-26,5.55598e-27,1.43994e-27,3.52627e-28,8.09856e-29,1.73261e-29,3.43265e-30,6.26513e-31,1.04844e-31,1.60149e-32,2.223e-33,2.78507e-34,3.12026e-35,3.09622e-36,2.69414e-37,2.03387e-38,1.31658e-39,7.21107e-41,3.28979e-42,1.22636e-43,3.64558e-45,8.36203e-47,0
0,1.14539e-47,5.10948e-46,1.76099e-44,4.84714e-43,1.09181e-41,2.05151e-40,3.2665e-39,4.46661e-38,5.30736e-37,5.53939e-36,5.13023e-35,4.25785e-34,3.19821e-33,2.19084e-32,1.37615e-31,7.97249e-31,4.28703e-30,2.15483e-29,1.02019e-28,4.58525e-28,1.97067e-27,8.14551e-27,3.24866e-26,1.25089e-25,4.64194e-25,1.65497e-24,5.64925e-24,1.84078e-23,5.71377e-23,1.68772e-22,4.74366e-22,1.26971e-21,3.24124e-21,7.90645e-21,1.84717e-20,4.14341e-20,8.9455e-20,1.86325e-19,3.75207e-19,7.31781e-19,1.38422e-18,2.54201e-18,4.53477e-18,7.86054e-18,1.32388e-17,2.16582e-17,3.44012e-17,5.30207e-17,7.92398e-17,1.14749e-16,1.60889e-16,2.18249e-16,2.86217e-16,3.62619e-16,4.43539e-16,5.23459e-16,5.95778e-16,6.53672e-16,6.9116e-16,7.04142e-16,6.9116e-16,6.53672e-16,5.95778e-16,5.23459e-16,4.43539e-16,3.62619e-16,2.86217e-16,2.18249e-16,1.6089e-16,1.1475e-16,7.92415e-17,5.30229e-17,3.4404e-17,2.16615e-17,1.32425e-17,7.8644e-18,4.53862e-18,2.54562e-18,1.38744e-18,7.34502e-19,3.77389e-19,1.87987e-19,9.06594e-20,4.22644e-20,1.90167e-20,8.24682e-21,3.44354e-21,1.38404e-21,5.35748e-22,2.00041e-22,7.22298e-23,2.52977e-23,8.61879e-24,2.86082e-24,9.24532e-25,2.89928e-25,8.77225e-26,2.54242e-26,7.00404e-27,1.82055e-27,4.43513e-28,1.00676e-28,2.11866e-29,4.11485e-30,7.34547e-31,1.20049e-31,1.78926e-32,2.41698e-33,2.93378e-34,3.17172e-35,3.02644e-36,2.52466e-37,1.82241e-38,1.12543e-39,5.8689e-41,2.54481e-42,9.00274e-44,2.53541e-45,0
0,3.45253e-46,1.25531e-44,3.63848e-43,8.61701e-42,1.69937e-40,2.83412e-39,4.04947e-38,5.0139e-37,5.43517e-36,5.20788e-35,4.45133e-34,3.42454e-33,2.39285e-32,1.52898e-31,8.97553e-31,4.86417e-30,2.44669e-29,1.14919e-28,5.07452e-28,2.12228e-27,8.47036e-27,3.24866e-26,1.20371e-25,4.32118e-25,1.50333e-24,5.05871e-24,1.64137e-23,5.11825e-23,1.52969e-22,4.37412e-22,1.19585e-21,3.12667e-21,7.82655e-21,1.87875e-20,4.3338e-20,9.62831e-20,2.06486e-19,4.28354e-19,8.61152e-19,1.68018e-18,3.18484e-18,5.86893e-18,1.0517e-17,1.83261e-17,3.10433e-17,5.10943e-17,8.16599e-17,1.26637e-16,1.90407e-16,2.77342e-16,3.91014e-16,5.33152e-16,7.02489e-16,8.93765e-16,1.09722e-15,1.2989e-15,1.48195e-15,1.62882e-15,1.72407e-15,1.75708e-15,1.72407e-15,1.62882e-15,1.48195e-15,1.2989e-15,1.09722e-15,8.93766e-16,7.0249e-16,5.33154e-16,3.91017e-16,2.77346e-16,1.90412e-16,1.26644e-16,8.16687e-17,5.11047e-17,3.10549e-17,1.83384e-17,1.05292e-17,5.8804e-18,3.19506e-18,1.68883e-18,8.68109e-19,4.33674e-19,2.1036e-19,9.8972e-20,4.51174e-20,1.99103e-20,8.50209e-21,3.51399e-21,1.4073e-21,5.47202e-22,2.07112e-22,7.65006e-23,2.76192e-23,9.74327e-24,3.34925e-24,1.11616e-24,3.58198e-25,1.09882e-25,3.19873e-26,8.77792e-27,2.25755e-27,5.41401e-28,1.20538e-28,2.48169e-29,4.70772e-30,8.19987e-31,1.30682e-31,1.89479e-32,2.47939e-33,2.90394e-34,3.01897e-35,2.76189e-36,2.20322e-37,1.51738e-38,8.92267e-40,4.4229e-41,1.82019e-42,6.09965e-44,0
0,8.25657e-45,2.52517e-43,6.29734e-42,1.30575e-40,2.28564e-39,3.42089e-38,4.42655e-37,5.00138e-36,4.97936e-35,4.40618e-34,3.4945e-33,2.5046e-32,1.63592e-31,9.79812e-31,5.40258e-30,2.75382e-29,1.30351e-28,5.75923e-28,2.38901e-27,9.36592e-27,3.49535e-26,1.25089e-25,4.32118e-25,1.44806e-24,4.71931e-24,1.49586e-23,4.60233e-23,1.37045e-22,3.93776e-22,1.08923e-21,2.89655e-21,7.4027e-21,1.81925e-20,4.30463e-20,9.82343e-20,2.16627e-19,4.6251e-19,9.5775e-19,1.92635e-18,3.76738e-18,7.16891e-18,1.32772e-17,2.39321e-17,4.19704e-17,7.15764e-17,1.18624e-16,1.90902e-16,2.98072e-16,4.51146e-16,6.61304e-16,9.37945e-16,1.28604e-15,1.70314e-15,2.17675e-15,2.68284e-15,3.1865e-15,3.6451e-15,4.01397e-15,4.25358e-15,4.3367e-15,4.25358e-15,4.01397e-15,3.6451e-15,3.1865e-15,2.68284e-15,2.17675e-15,1.70314e-15,1.28604e-15,9.37953e-16,6.61316e-16,4.51162e-16,2.98094e-16,1.90929e-16,1.18655e-16,7.16119e-17,4.20078e-17,2.39693e-17,1.33122e-17,7.20021e-18,3.79388e-18,1.9477e-18,9.74108e-19,4.74463e-19,2.24962e-19,1.03785e-19,4.65783e-20,2.03394e-20,8.64903e-21,3.58703e-21,1.45392e-21,5.77171e-22,2.24713e-22,8.57891e-23,3.20401e-23,1.16531e-23,4.10178e-24,1.3875e-24,4.47862e-25,1.37038e-25,3.95171e-26,1.06849e-26,2.69699e-27,6.33042e-28,1.37692e-28,2.76627e-29,5.11709e-30,8.68796e-31,1.34669e-31,1.89132e-32,2.38805e-33,2.68979e-34,2.68128e-35,2.34593e-36,1.78569e-37,1.17117e-38,6.54694e-40,3.08036e-41,1.2006e-42,0
0,1.61546e-43,4.25197e-42,9.28342e-41,1.70849e-39,2.68383e-38,3.6378e-37,4.29574e-36,4.45828e-35,4.10013e-34,3.36789e-33,2.49005e-32,1.66996e-31,1.02391e-30,5.77241e-30,3.00253e-29,1.44614e-28,6.47457e-28,2.70629e-27,1.06136e-26,3.92793e-26,1.38067e-25,4.64194e-25,1.50333e-24,4.71931e-24,1.44268e-23,4.30455e-23,1.25352e-22,3.55639e-22,9.8044e-22,2.61976e-21,6.77197e-21,1.69187e-20,4.08508e-20,9.53964e-20,2.1572e-19,4.73061e-19,1.00751e-18,2.08665e-18,4.20675e-18,8.26067e-18,1.5804e-17,2.94556e-17,5.34655e-17,9.44581e-17,1.62315e-16,2.71066e-16,4.39541e-16,6.91393e-16,1.05397e-15,1.55555e-15,2.22055e-15,3.06295e-15,4.07863e-15,5.23841e-15,6.48391e-15,7.7287e-15,8.86606e-15,9.78331e-15,1.03802e-14,1.05875e-14,1.03802e-14,9.78331e-15,8.86606e-15,7.7287e-15,6.48392e-15,5.23842e-15,4.07864e-15,3.06296e-15,2.22057e-15,1.55558e-15,1.05402e-15,6.91457e-16,4.39621e-16,2.7116e-16,1.6242e-16,9.4569e-17,5.35759e-17,2.95596e-17,1.58967e-17,8.33919e-18,4.26996e-18,2.13513e-18,1.04299e-18,4.97876e-19,2.3232e-19,1.06024e-19,4.73634e-20,2.07384e-20,8.91485e-21,3.7686e-21,1.5683e-21,6.42307e-22,2.5834e-22,1.0162e-22,3.88702e-23,1.43616e-23,5.09051e-24,1.71977e-24,5.50536e-25,1.66143e-25,4.70568e-26,1.24599e-26,3.07361e-27,7.04121e-28,1.49353e-28,2.92477e-29,5.27245e-30,8.70557e-31,1.30707e-31,1.7714e-32,2.15114e-33,2.3235e-34,2.21535e-35,1.84972e-36,1.34097e-37,8.36164e-39,4.4371e-40,1.97669e-41,0
0,2.64378e-42,6.09397e-41,1.18086e-39,1.95021e-38,2.77435e-37,3.4317e-36,3.72235e-35,3.56876e-34,3.04703e-33,2.33384e-32,1.61526e-31,1.01757e-30,5.87849e-30,3.13084e-29,1.542e-28,7.04541e-28,2.99638e-27,1.19064e-26,4.43916e-26,1.56059e-25,5.20232e-25,1.65497e-24,5.05871e-24,1.49586e-23,4.30455e-23,1.21068e-22,3.33529e-22,9.00055e-22,2.37574e-21,6.12057e-21,1.53591e-20,3.74885e-20,8.89425e-20,2.05132e-19,4.60175e-19,1.00497e-18,2.13842e-18,4.43667e-18,8.97908e-18,1.77284e-17,3.41423e-17,6.41082e-17,1.17289e-16,2.08921e-16,3.62001e-16,6.09577e-16,9.96565e-16,1.58014e-15,2.42741e-15,3.60903e-15,5.18776e-15,7.20213e-15,9.64714e-15,1.2456e-14,1.54886e-14,1.85333e-14,2.13258e-14,2.35844e-14,2.5057e-14,2.55688e-14,2.5057e-14,2.35844e-14,2.13259e-14,1.85334e-14,1.54886e-14,1.2456e-14,9.64717e-15,7.20218e-15,5.18782e-15,3.60912e-15,2.42755e-15,1.58032e-15,9.96793e-16,6.09847e-16,3.62304e-16,2.09241e-16,1.17607e-16,6.44081e-17,3.44095e-17,1.79542e-17,9.16056e-18,4.57572e-18,2.24017e-18,1.07618e-18,5.07925e-19,2.35822e-19,1.07861e-19,4.86728e-20,2.1698e-20,9.5621e-21,4.16356e-21,1.78742e-21,7.53608e-22,3.10376e-22,1.24085e-22,4.7838e-23,1.76722e-23,6.21935e-24,2.0744e-24,6.52784e-25,1.93044e-25,5.34592e-26,1.38194e-26,3.32494e-27,7.42493e-28,1.53478e-28,2.92854e-29,5.13381e-30,8.21098e-31,1.18974e-31,1.55092e-32,1.80629e-33,1.86633e-34,1.69833e-35,1.35067e-36,9.31022e-38,5.51129e-39,2.76818e-40,0
0,3.67992e-41,7.53105e-40,1.30953e-38,1.95847e-37,2.5424e-36,2.88858e-35,2.89438e-34,2.57625e-33,2.05119e-32,1.4709e-31,9.56513e-31,5.67995e-30,3.10195e-29,1.56584e-28,7.32636e-28,3.18639e-27,1.29206e-26,4.90086e-26,1.74527e-25,5.85983e-25,1.86403e-24,5.64925e-24,1.64137e-23,4.60233e-23,1.25352e-22,3.33529e-22,8.70516e-22,2.23366e-21,5.63632e-21,1.39728e-20,3.39772e-20,8.09165e-20,1.88515e-19,4.29396e-19,9.561e-19,2.08121e-18,4.42936e-18,9.21673e-18,1.87468e-17,3.72566e-17,7.22978e-17,1.36882e-16,2.52621e-16,4.54014e-16,7.93779e-16,1.34865e-15,2.2243e-15,3.55716e-15,5.50988e-15,8.25699e-15,1.19578e-14,1.67168e-14,2.25348e-14,2.92622e-14,3.65679e-14,4.39394e-14,5.07277e-14,5.62352e-14,5.98338e-14,6.10857e-14,5.98338e-14,5.62352e-14,5.07277e-14,4.39394e-14,3.65679e-14,2.92623e-14,2.25348e-14,1.67169e-14,1.1958e-14,8.25725e-15,5.51026e-15,3.55766e-15,2.22493e-15,1.34941e-15,7.94634e-16,4.54917e-16,2.5352e-16,1.37726e-16,7.30485e-17,3.78893e-17,1.92539e-17,9.60418e-18,4.71228e-18,2.27901e-18,1.08873e-18,5.14781e-19,2.4133e-19,1.12312e-19,5.19091e-20,2.38074e-20,1.08102e-20,4.84102e-21,2.12712e-21,9.11575e-22,3.78618e-22,1.51474e-22,5.8038e-23,2.11878e-23,7.33618e-24,2.39946e-24,7.38676e-25,2.13348e-25,5.76402e-26,1.45266e-26,3.40607e-27,7.41113e-28,1.49254e-28,2.76944e-29,4.703e-30,7.25977e-31,1.01191e-31,1.26524e-32,1.40975e-33,1.39033e-34,1.20518e-35,9.11395e-37,5.96434e-38,3.34048e-39,0
0,4.41342e-40,8.10863e-39,1.27678e-37,1.74241e-36,2.07756e-35,2.18044e-34,2.02831e-33,1.68353e-32,1.25497e-31,8.4562e-31,5.18423e-30,2.91105e-29,1.50747e-28,7.23376e-28,3.22488e-27,1.33917e-26,5.19424e-26,1.88736e-25,6.44546e-25,2.07641e-24,6.3367e-24,1.84078e-23,5.11825e-23,1.37045e-22,3.55639e-22,9.00055e-22,2.23366e-21,5.4579e-21,1.31624e-20,3.13526e-20,7.3731e-20,1.71e-19,3.9064e-19,8.78021e-19,1.9399e-18,4.20966e-18,8.9653e-18,1.87223e-17,3.83011e-17,7.66755e-17,1.50038e-16,2.86638e-16,5.34e-16,9.68967e-16,1.71052e-15,2.93418e-15,4.88512e-15,7.88459e-15,1.23219e-14,1.86231e-14,2.71878e-14,3.8294e-14,5.19779e-14,6.7913e-14,8.53267e-14,1.02992e-13,1.19332e-13,1.32635e-13,1.41346e-13,1.4438e-13,1.41346e-13,1.32635e-13,1.19332e-13,1.02992e-13,8.53267e-14,6.79131e-14,5.1978e-14,3.82943e-14,2.71883e-14,1.86238e-14,1.23229e-14,7.88596e-15,4.88687e-15,2.93627e-15,1.71288e-15,9.71468e-16,5.36488e-16,2.88971e-16,1.52104e-16,7.84101e-17,3.96852e-17,1.97753e-17,9.73112e-18,4.74338e-18,2.29701e-18,1.10776e-18,5.32886e-19,2.55805e-19,1.22416e-19,5.82533e-20,2.74565e-20,1.27529e-20,5.80371e-21,2.57223e-21,1.10368e-21,4.55918e-22,1.80394e-22,6.80557e-23,2.43799e-23,8.26291e-24,2.64072e-24,7.93377e-25,2.23449e-25,5.88384e-26,1.44486e-26,3.30062e-27,6.99661e-28,1.37021e-28,2.46304e-29,4.03722e-30,5.99559e-31,8.01649e-32,9.59002e-33,1.01999e-33,9.5829e-35,7.89914e-36,5.67146e-37,3.50982e-38,0
0,4.60819e-39,7.67082e-38,1.10215e-36,1.38149e-35,1.52157e-34,1.48249e-33,1.28597e-32,9.99319e-32,6.99977e-31,4.44679e-30,2.57817e-29,1.373e-28,6.76091e-28,3.09256e-27,1.31723e-26,5.23727e-26,1.94875e-25,6.80451e-25,2.23622e-24,6.93958e-24,2.04108e-23,5.71377e-23,1.52969e-22,3.93776e-22,9.8044e-22,2.37574e-21,5.63632e-21,1.31624e-20,3.03832e-20,6.95158e-20,1.57848e-19,3.55742e-19,7.95133e-19,1.76037e-18,3.85443e-18,8.33243e-18,1.77528e-17,3.72092e-17,7.6583e-17,1.54504e-16,3.05029e-16,5.88363e-16,1.10716e-15,2.02969e-15,3.62017e-15,6.274e-15,1.05518e-14,1.71997e-14,2.71378e-14,4.13932e-14,6.09571e-14,8.65577e-14,1.18366e-13,1.55694e-13,1.96764e-13,2.38673e-13,2.77626e-13,3.09454e-13,3.3035e-13,3.37637e-13,3.3035e-13,3.09454e-13,2.77626e-13,2.38673e-13,1.96764e-13,1.55694e-13,1.18367e-13,8.65584e-14,6.09584e-14,4.13951e-14,2.71405e-14,1.72034e-14,1.05565e-14,6.27968e-15,3.6266e-15,2.03651e-15,1.11394e-15,5.94699e-16,3.10618e-16,1.59172e-16,8.02859e-17,4.00097e-17,1.97779e-17,9.73661e-18,4.79003e-18,2.36048e-18,1.16615e-18,5.77018e-19,2.85186e-19,1.40209e-19,6.8219e-20,3.26629e-20,1.53004e-20,6.97246e-21,3.07454e-21,1.30539e-21,5.31254e-22,2.0639e-22,7.62571e-23,2.67053e-23,8.8364e-24,2.75454e-24,8.06734e-25,2.21407e-25,5.68005e-26,1.35883e-26,3.02395e-27,6.23331e-28,1.18265e-28,2.05208e-29,3.23621e-30,4.61048e-31,5.89832e-32,6.73582e-33,6.82506e-34,6.09768e-35,4.77208e-36,3.23814e-37,0
0,4.2245e-38,6.42082e-37,8.47368e-36,9.81128e-35,1.00319e-33,9.11449e-33,7.40211e-32,5.40505e-31,3.56948e-30,2.14457e-29,1.17932e-28,5.97295e-28,2.80426e-27,1.22591e-26,5.0017e-26,1.90902e-25,6.83271e-25,2.29922e-24,7.29403e-24,2.18806e-23,6.22726e-23,1.68772e-22,4.37412e-22,1.08923e-21,2.61976e-21,6.12057e-21,1.39728e-20,3.13526e-20,6.95158e-20,1.52981e-19,3.35213e-19,7.32668e-19,1.59801e-18,3.47534e-18,7.52339e-18,1.61732e-17,3.44315e-17,7.2385e-17,1.49852e-16,3.04702e-16,6.07116e-16,1.18292e-15,2.24976e-15,4.16962e-15,7.51939e-15,1.31758e-14,2.24015e-14,3.69056e-14,5.8834e-14,9.0633e-14,1.3473e-13,1.93005e-13,2.66077e-13,3.52546e-13,4.48394e-13,5.46831e-13,6.38805e-13,7.14262e-13,7.63939e-13,7.81287e-13,7.63939e-13,7.14262e-13,6.38806e-13,5.46831e-13,4.48395e-13,3.52547e-13,2.66078e-13,1.93007e-13,1.34734e-13,9.06377e-14,5.88409e-14,3.69152e-14,2.2414e-14,1.31909e-14,7.53665e-15,4.18794e-15,2.26796e-15,1.19989e-15,6.22008e-16,3.1706e-16,1.59588e-16,7.9694e-17,3.96788e-17,1.97867e-17,9.91636e-18,5.00246e-18,2.53863e-18,1.29247e-18,6.57298e-19,3.32143e-19,1.65825e-19,8.13376e-20,3.8986e-20,1.81683e-20,8.19365e-21,3.56052e-21,1.48485e-21,5.92067e-22,2.24946e-22,8.11712e-23,2.77353e-23,8.94813e-24,2.71852e-24,7.75741e-25,2.07404e-25,5.18323e-26,1.20788e-26,2.61379e-27,5.21989e-28,9.56017e-29,1.59607e-29,2.41472e-30,3.29167e-31,4.02002e-32,4.3735e-33,4.214e-34,3.57437e-35,2.64185e-36,0
0,3.42429e-37,4.78396e-36,5.83233e-35,6.26947e-34,5.97797e-33,5.08513e-32,3.88068e-31,2.67171e-30,1.66871e-29,9.50966e-29,4.97382e-28,2.40213e-27,1.07803e-26,4.5153e-26,1.76902e-25,6.49764e-25,2.24273e-24,7.29235e-24,2.23958e-23,6.51476e-23,1.8005e-22,4.74366e-22,1.19585e-21,2.89655e-21,6.77197e-21,1.53591e-20,3.39772e-20,7.3731e-20,1.57848e-19,3.35213e-19,7.09516e-19,1.50228e-18,3.18885e-18,6.78917e-18,1.44806e-17,3.0863e-17,6.55037e-17,1.3791e-16,2.86921e-16,5.87804e-16,1.1821e-15,2.32743e-15,4.47621e-15,8.3928e-15,1.53148e-14,2.71539e-14,4.67106e-14,7.78426e-14,1.25488e-13,1.954e-13,2.93453e-13,4.24423e-13,5.90295e-13,7.88374e-13,1.00973e-12,1.23866e-12,1.45381e-12,1.63111e-12,1.74818e-12,1.78913e-12,1.74818e-12,1.63111e-12,1.45381e-12,1.23867e-12,1.00973e-12,7.88376e-13,5.90298e-13,4.24427e-13,2.9346e-13,1.95411e-13,1.25505e-13,7.78675e-14,4.67432e-14,2.71939e-14,1.53605e-14,8.44149e-15,4.52453e-15,2.3723e-15,1.22125e-15,6.20055e-16,3.12122e-16,1.56667e-16,7.88544e-17,3.99805e-17,2.04719e-17,1.05863e-17,5.51423e-18,2.88018e-18,1.50019e-18,7.74735e-19,3.94489e-19,1.9705e-19,9.61063e-20,4.55724e-20,2.09262e-20,9.26994e-21,3.94737e-21,1.61027e-21,6.27241e-22,2.32578e-22,8.18491e-23,2.72613e-23,8.57037e-24,2.53662e-24,7.05089e-25,1.83625e-25,4.46977e-26,1.01279e-26,2.12329e-27,4.09323e-28,7.21299e-29,1.15524e-29,1.67231e-30,2.17612e-31,2.53172e-32,2.61903e-33,2.39562e-34,1.91747e-35,0
0,2.46901e-36,3.18917e-35,3.61005e-34,3.61913e-33,3.2312e-32,2.58301e-31,1.85866e-30,1.2103e-29,7.17072e-29,3.88697e-28,1.93878e-27,8.95159e-27,3.84965e-26,1.54863e-25,5.8402e-25,2.06934e-24,6.90496e-24,2.17504e-23,6.4842e-23,1.83444e-22,4.93934e-22,1.26971e-21,3.12667e-21,7.4027e-21,1.69187e-20,3.74885e-20,8.09165e-20,1.71e-19,3.55742e-19,7.32668e-19,1.50228e-18,3.08252e-18,6.35547e-18,1.31983e-17,2.76142e-17,5.81002e-17,1.22489e-16,2.5757e-16,5.37601e-16,1.10864e-15,2.24966e-15,4.47665e-15,8.71077e-15,1.65345e-14,3.05541e-14,5.48665e-14,9.55817e-14,1.61278e-13,2.63159e-13,4.14582e-13,6.29586e-13,9.20138e-13,1.29215e-12,1.74084e-12,2.24675e-12,2.77403e-12,3.27271e-12,3.68568e-12,3.95928e-12,4.05514e-12,3.95928e-12,3.68568e-12,3.27271e-12,2.77403e-12,2.24675e-12,1.74084e-12,1.29215e-12,9.20148e-13,6.29604e-13,4.14611e-13,2.63203e-13,1.61341e-13,9.56659e-14,5.49708e-14,3.06742e-14,1.66625e-14,8.83764e-15,4.59393e-15,2.35131e-15,1.19168e-15,6.01892e-16,3.04961e-16,1.55891e-16,8.06941e-17,4.23263e-17,2.24444e-17,1.19757e-17,6.39187e-18,3.39212e-18,1.77996e-18,9.19017e-19,4.64908e-19,2.29559e-19,1.10252e-19,5.13323e-20,2.30935e-20,1.00066e-20,4.16295e-21,1.65762e-21,6.29828e-22,2.27685e-22,7.80895e-23,2.53407e-23,7.76038e-24,2.23719e-24,6.05671e-25,1.53619e-25,3.63553e-26,7.98033e-27,1.61493e-27,2.99528e-28,5.06329e-29,7.75872e-30,1.07206e-30,1.32881e-31,1.46985e-32,1.44329e-33,1.24459e-34,0
0,1.59181e-35,1.91093e-34,2.01767e-33,1.89425e-32,1.58953e-31,1.19826e-30,8.15615e-30,5.03853e-29,2.83976e-28,1.46815e-27,7.00175e-27,3.09835e-26,1.27997e-25,4.9572e-25,1.80379e-24,6.18026e-24,1.99848e-23,6.11377e-23,1.7739e-22,4.89456e-22,1.28789e-21,3.24124e-21,7.82655e-21,1.81925e-20,4.08508e-20,8.89425e-20,1.88515e-19,3.9064e-19,7.95133e-19,1.59801e-18,3.18885e-18,6.35547e-18,1.27218e-17,2.56916e-17,5.24767e-17,1.08401e-16,2.25846e-16,4.72364e-16,9.86209e-16,2.04358e-15,4.18096e-15,8.40783e-15,1.65586e-14,3.1842e-14,5.964e-14,1.08572e-13,1.91745e-13,3.27933e-13,5.4219e-13,8.65115e-13,1.32983e-12,1.96591e-12,2.79009e-12,3.79511e-12,4.93944e-12,6.14229e-12,7.28793e-12,8.24178e-12,8.87608e-12,9.09871e-12,8.87608e-12,8.24178e-12,7.28793e-12,6.14229e-12,4.93945e-12,3.79511e-12,2.7901e-12,1.96593e-12,1.32988e-12,8.65185e-13,5.42299e-13,3.28092e-13,1.9196e-13,1.08841e-13,5.99518e-14,3.21754e-14,1.68884e-14,8.71107e-15,4.44174e-15,2.25465e-15,1.14794e-15,5.90306e-16,3.08081e-16,1.63438e-16,8.79512e-17,4.7773e-17,2.60258e-17,1.4128e-17,7.59808e-18,4.0289e-18,2.09815e-18,1.06964e-18,5.32278e-19,2.57841e-19,1.21253e-19,5.52004e-20,2.42576e-20,1.02594e-20,4.16358e-21,1.61652e-21,5.9867e-22,2.10884e-22,7.04603e-23,2.22709e-23,6.64232e-24,1.8648e-24,4.91607e-25,1.2121e-25,2.77868e-26,5.88705e-27,1.14608e-27,2.0389e-28,3.29718e-29,4.82196e-30,6.3455e-31,7.47681e-32,7.84878e-33,7.25787e-34,0
0,9.2189e-35,1.03342e-33,1.02205e-32,9.02015e-32,7.1391e-31,5.09171e-30,3.28846e-29,1.93281e-28,1.03914e-27,5.13742e-27,2.34857e-26,9.9851e-26,3.97205e-25,1.48457e-24,5.22453e-24,1.73509e-23,5.45041e-23,1.62338e-22,4.5962e-22,1.24026e-21,3.19858e-21,7.90645e-21,1.87875e-20,4.30463e-20,9.53964e-20,2.05132e-19,4.29396e-19,8.78021e-19,1.76037e-18,3.47534e-18,6.78917e-18,1.31983e-17,2.56916e-17,5.03846e-17,1.00047e-16,2.01678e-16,4.12522e-16,8.53132e-16,1.77363e-15,3.68193e-15,7.58235e-15,1.54006e-14,3.07037e-14,5.98537e-14,1.13735e-13,2.10134e-13,3.7666e-13,6.53726e-13,1.09651e-12,1.77415e-12,2.76378e-12,4.13742e-12,5.9408e-12,8.16657e-12,1.07285e-11,1.34468e-11,1.6056e-11,1.82416e-11,1.97009e-11,2.02142e-11,1.97009e-11,1.82416e-11,1.6056e-11,1.34468e-11,1.07285e-11,8.16659e-12,5.94083e-12,4.13748e-12,2.76388e-12,1.77431e-12,1.09678e-12,6.54117e-13,3.77199e-13,2.1082e-13,1.14537e-13,6.0714e-14,3.15526e-14,1.61762e-14,8.2435e-15,4.21142e-15,2.17475e-15,1.14224e-15,6.11758e-16,3.335e-16,1.84077e-16,1.02142e-16,5.65695e-17,3.10757e-17,1.68495e-17,8.98405e-18,4.69744e-18,2.40309e-18,1.20038e-18,5.84286e-19,2.76538e-19,1.26964e-19,5.6401e-20,2.41752e-20,9.96964e-21,3.94395e-21,1.49224e-21,5.38438e-22,1.84752e-22,6.01193e-23,1.85044e-23,5.37384e-24,1.46882e-24,3.76352e-25,8.98733e-26,1.98828e-26,4.05187e-27,7.56489e-28,1.28724e-28,1.9863e-29,2.76597e-30,3.45939e-31,3.86739e-32,3.81856e-33,0
0,4.81613e-34,5.06307e-33,4.70852e-32,3.92047e-31,2.93639e-30,1.98759e-29,1.2216e-28,6.85048e-28,3.5227e-27,1.66977e-26,7.33543e-26,3.00374e-25,1.15336e-24,4.16996e-24,1.42268e-23,4.59063e-23,1.40426e-22,4.08231e-22,1.13074e-21,2.99214e-21,7.585e-21,1.84717e-20,4.3338e-20,9.82343e-20,2.1572e-19,4.60175e-19,9.561e-19,1.9399e-18,3.85443e-18,7.52339e-18,1.44806e-17,2.76142e-17,5.24767e-17,1.00047e-16,1.92673e-16,3.76951e-16,7.51386e-16,1.52473e-15,3.13558e-15,6.48971e-15,1.34128e-14,2.74778e-14,5.54436e-14,1.09624e-13,2.11543e-13,3.97145e-13,7.23483e-13,1.27603e-12,2.17438e-12,3.57245e-12,5.64753e-12,8.57259e-12,1.24688e-11,1.73421e-11,2.30192e-11,2.9106e-11,3.49995e-11,3.99692e-11,4.33027e-11,4.44778e-11,4.33027e-11,3.99692e-11,3.49995e-11,2.9106e-11,2.30192e-11,1.73422e-11,1.24688e-11,8.57271e-12,5.64775e-12,3.57283e-12,2.17501e-12,1.27698e-12,7.24823e-13,3.98878e-13,2.13589e-13,1.11824e-13,5.76078e-14,2.94406e-14,1.50688e-14,7.80039e-15,4.11613e-15,2.22252e-15,1.22625e-15,6.87312e-16,3.88198e-16,2.19133e-16,1.22772e-16,6.79121e-17,3.69529e-17,1.97295e-17,1.03178e-17,5.27792e-18,2.63752e-18,1.28582e-18,6.10538e-19,2.81804e-19,1.26154e-19,5.46354e-20,2.28276e-20,9.17485e-21,3.53667e-21,1.30364e-21,4.58162e-22,1.53093e-22,4.85055e-23,1.45348e-23,4.10867e-24,1.09128e-24,2.70769e-25,6.23881e-26,1.32734e-26,2.59356e-27,4.63038e-28,7.51626e-29,1.10406e-29,1.46076e-30,1.73284e-31,1.81963e-32,0
0,2.27835e-33,2.25529e-32,1.9794e-31,1.56017e-30,1.10937e-29,7.14811e-29,4.19285e-28,2.2495e-27,1.10932e-26,5.05418e-26,2.139e-25,8.45655e-25,3.1418e-24,1.10144e-23,3.65177e-23,1.14763e-22,3.42695e-22,9.7481e-22,2.64838e-21,6.89081e-21,1.72184e-20,4.14341e-20,9.62831e-20,2.16627e-19,4.73061e-19,1.00497e-18,2.08121e-18,4.20966e-18,8.33243e-18,1.61732e-17,3.0863e-17,5.81002e-17,1.08401e-16,2.01678e-16,3.76951e-16,7.13411e-16,1.37633e-15,2.716e-15,5.47583e-15,1.12169e-14,2.31507e-14,4.77054e-14,9.73276e-14,1.95232e-13,3.82958e-13,7.31531e-13,1.35644e-12,2.43506e-12,4.22224e-12,7.05544e-12,1.13364e-11,1.74749e-11,2.57837e-11,3.63316e-11,4.87842e-11,6.22919e-11,7.54979e-11,8.67177e-11,9.42821e-11,9.69558e-11,9.42821e-11,8.67177e-11,7.54979e-11,6.22919e-11,4.87842e-11,3.63317e-11,2.57838e-11,1.74751e-11,1.13369e-11,7.0563e-12,4.22369e-12,2.43733e-12,1.35972e-12,7.35861e-13,3.88129e-13,2.00811e-13,1.02794e-13,5.26188e-14,2.72472e-14,1.44165e-14,7.83681e-15,4.37322e-15,2.48905e-15,1.43131e-15,8.23648e-16,4.70554e-16,2.65352e-16,1.47134e-16,8.00292e-17,4.26399e-17,2.22354e-17,1.13413e-17,5.65441e-18,2.75334e-18,1.30792e-18,6.05182e-19,2.7223e-19,1.18776e-19,5.01342e-20,2.04134e-20,7.99429e-21,3.00205e-21,1.07777e-21,3.68838e-22,1.19986e-22,3.70042e-23,1.07908e-23,2.96345e-24,7.62043e-25,1.82395e-25,4.04057e-26,8.2403e-27,1.53923e-27,2.62069e-28,4.04816e-29,5.64775e-30,7.08466e-31,7.88227e-32,0
0,9.79541e-33,9.16459e-32,7.61753e-31,5.70232e-30,3.86117e-29,2.37523e-28,1.33338e-27,6.8625e-27,3.25384e-26,1.42858e-25,5.83883e-25,2.23412e-24,8.05037e-24,2.74318e-23,8.85933e-23,2.71822e-22,7.94305e-22,2.21637e-21,5.92143e-21,1.51895e-20,3.75149e-20,8.9455e-20,2.06486e-19,4.6251e-19,1.00751e-18,2.13842e-18,4.42936e-18,8.9653e-18,1.77528e-17,3.44315e-17,6.55037e-17,1.22489e-16,2.25846e-16,4.12522e-16,7.51386e-16,1.37633e-15,2.55905e-15,4.86914e-15,9.52095e-15,1.91032e-14,3.90582e-14,8.05534e-14,1.65786e-13,3.37263e-13,6.73044e-13,1.31008e-12,2.47695e-12,4.53433e-12,8.01541e-12,1.36481e-11,2.23297e-11,3.50166e-11,5.2499e-11,7.50629e-11,1.02102e-10,1.31817e-10,1.61186e-10,1.86349e-10,2.03413e-10,2.09462e-10,2.03413e-10,1.86349e-10,1.61186e-10,1.31817e-10,1.02102e-10,7.50631e-11,5.24993e-11,3.50171e-11,2.23307e-11,1.365e-11,8.01869e-12,4.53965e-12,2.48487e-12,1.32079e-12,6.86015e-13,3.51301e-13,1.79466e-13,9.27165e-14,4.90613e-14,2.6801e-14,1.51161e-14,8.73876e-15,5.12043e-15,3.00652e-15,1.7527e-15,1.00789e-15,5.6937e-16,3.15238e-16,1.70855e-16,9.06032e-17,4.70024e-17,2.38524e-17,1.18391e-17,5.74536e-18,2.72403e-18,1.26039e-18,5.68215e-19,2.49086e-19,1.05916e-19,4.35685e-20,1.72863e-20,6.59515e-21,2.41218e-21,8.43235e-22,2.80916e-22,8.8938e-23,2.66867e-23,7.55863e-24,2.00925e-24,4.98279e-25,1.14633e-25,2.43346e-26,4.74264e-27,8.44519e-28,1.36774e-28,2.00579e-29,2.65188e-30,3.11484e-31,0
0,3.84073e-32,3.40862e-31,2.69213e-30,1.91999e-29,1.24173e-28,7.3135e-28,3.94e-27,1.95041e-26,8.91455e-26,3.78099e-25,1.49608e-24,5.55371e-24,1.94562e-23,6.45932e-23,2.03695e-22,6.11645e-22,1.75334e-21,4.81119e-21,1.26726e-20,3.21319e-20,7.86465e-20,1.86325e-19,4.28354e-19,9.5775e-19,2.08665e-18,4.43667e-18,9.21673e-18,1.87223e-17,3.72092e-17,7.2385e-17,1.3791e-16,2.5757e-16,4.72364e-16,8.53132e-16,1.52473e-15,2.716e-15,4.86914e-15,8.88482e-15,1.66698e-14,3.23323e-14,6.47003e-14,1.32399e-13,2.7358e-13,5.63545e-13,1.14471e-12,2.27414e-12,4.39316e-12,8.219e-12,1.48452e-11,2.58146e-11,4.31002e-11,6.89022e-11,1.05176e-10,1.5287e-10,2.10991e-10,2.75808e-10,3.40661e-10,3.9676e-10,4.3505e-10,4.48669e-10,4.3505e-10,3.9676e-10,3.40661e-10,2.75808e-10,2.10991e-10,1.52871e-10,1.05177e-10,6.89032e-11,4.31023e-11,2.58186e-11,1.48524e-11,8.23118e-12,4.41198e-12,2.30033e-12,1.17702e-12,5.98619e-13,3.07505e-13,1.62167e-13,8.87964e-14,5.05691e-14,2.97084e-14,1.77603e-14,1.0656e-14,6.34689e-15,3.72515e-15,2.14499e-15,1.20891e-15,6.66213e-16,3.58905e-16,1.89049e-16,9.73985e-17,4.90984e-17,2.42224e-17,1.16949e-17,5.52387e-18,2.5505e-18,1.14973e-18,5.05135e-19,2.15829e-19,8.94525e-20,3.58601e-20,1.38628e-20,5.15173e-21,1.83475e-21,6.24321e-22,2.02393e-22,6.23306e-23,1.81615e-23,4.97784e-24,1.27576e-24,3.04002e-25,6.69953e-26,1.35857e-26,2.52301e-27,4.27157e-28,6.56456e-29,9.11798e-30,1.12676e-30,0
0,1.37804e-31,1.16414e-30,8.76474e-30,5.97357e-29,3.70078e-28,2.09276e-27,1.08488e-26,5.17904e-26,2.28761e-25,9.39643e-25,3.60823e-24,1.3026e-23,4.44718e-23,1.44191e-22,4.45056e-22,1.31104e-21,3.69577e-21,9.99749e-21,2.60266e-20,6.53921e-20,1.59012e-19,3.75207e-19,8.61152e-19,1.92635e-18,4.20675e-18,8.97908e-18,1.87468e-17,3.83011e-17,7.6583e-17,1.49852e-16,2.86921e-16,5.37601e-16,9.86209e-16,1.77363e-15,3.13558e-15,5.47583e-15,9.52095e-15,1.66698e-14,2.98003e-14,5.51104e-14,1.06183e-13,2.12575e-13,4.37025e-13,9.07909e-13,1.87652e-12,3.81116e-12,7.54076e-12,1.44566e-11,2.67527e-11,4.76376e-11,8.13774e-11,1.32957e-10,2.07125e-10,3.06704e-10,4.30374e-10,5.70606e-10,7.1288e-10,8.37291e-10,9.22845e-10,9.5339e-10,9.22845e-10,8.37291e-10,7.1288e-10,5.70606e-10,4.30374e-10,3.06705e-10,2.07126e-10,1.32959e-10,8.13814e-11,4.76457e-11,2.6768e-11,1.44837e-11,7.58464e-12,3.87454e-12,1.95653e-12,9.95015e-13,5.20417e-13,2.84565e-13,1.63392e-13,9.76111e-14,5.96469e-14,3.66455e-14,2.23399e-14,1.34003e-14,7.87166e-15,4.51815e-15,2.53195e-15,1.38537e-15,7.40456e-16,3.86845e-16,1.97689e-16,9.88796e-17,4.84307e-17,2.32343e-17,1.0917e-17,5.02164e-18,2.25919e-18,9.92684e-19,4.25199e-19,1.77123e-19,7.15606e-20,2.79574e-20,1.05289e-20,3.81034e-21,1.32094e-21,4.37359e-22,1.37894e-22,4.12286e-23,1.16222e-23,3.07039e-24,7.55865e-25,1.72471e-25,3.62927e-26,7.00956e-27,1.23703e-27,1.98623e-28,2.88924e-29,3.74384e-30,0
0,4.53959e-31,3.66257e-30,2.63692e-29,1.72258e-28,1.02521e-27,5.5816e-27,2.7917e-26,1.28851e-25,5.51399e-25,2.19878e-24,8.21368e-24,2.89051e-23,9.63979e-23,3.05962e-22,9.2651e-22,2.68388e-21,7.45776e-21,1.99359e-20,5.14174e-20,1.28316e-19,3.10699e-19,7.31781e-19,1.68018e-18,3.76738e-18,8.26067e-18,1.77284e-17,3.72566e-17,7.66755e-17,1.54504e-16,3.04702e-16,5.87804e-16,1.10864e-15,2.04358e-15,3.68193e-15,6.48971e-15,1.12169e-14,1.91032e-14,3.23323e-14,5.51104e-14,9.62659e-14,1.75357e-13,3.36384e-13,6.76881e-13,1.40571e-12,2.9495e-12,6.13333e-12,1.24663e-11,2.45721e-11,4.67461e-11,8.55209e-11,1.49955e-10,2.51161e-10,4.00459e-10,6.05727e-10,8.66203e-10,1.1672e-09,1.47748e-09,1.75218e-09,1.9427e-09,2.01102e-09,1.9427e-09,1.75218e-09,1.47748e-09,1.1672e-09,8.66204e-10,6.05728e-10,4.0046e-10,2.51164e-10,1.49963e-10,8.55364e-11,4.67774e-11,2.46306e-11,1.25663e-11,6.285e-12,3.14699e-12,1.62099e-12,8.80041e-13,5.08266e-13,3.09074e-13,1.93578e-13,1.22141e-13,7.63965e-14,4.69147e-14,2.81465e-14,1.64639e-14,9.3852e-15,5.21585e-15,2.82823e-15,1.49767e-15,7.7525e-16,3.92629e-16,1.94707e-16,9.46054e-17,4.50581e-17,2.10386e-17,9.62861e-18,4.3166e-18,1.89353e-18,8.11434e-19,3.38979e-19,1.37698e-19,5.42336e-20,2.06468e-20,7.57347e-21,2.66814e-21,9.00001e-22,2.89778e-22,8.86834e-23,2.56475e-23,6.96675e-24,1.76731e-24,4.16442e-25,9.06906e-26,1.81666e-26,3.33234e-27,5.57379e-28,8.46515e-29,1.14646e-29,0
0,1.37753e-30,1.06489e-29,7.35391e-29,4.61804e-28,2.64775e-27,1.3916e-26,6.73288e-26,3.01208e-25,1.25187e-24,4.85795e-24,1.76953e-23,6.08448e-23,1.98675e-22,6.18713e-22,1.84238e-21,5.26024e-21,1.44414e-20,3.82358e-20,9.79188e-20,2.43242e-19,5.87683e-19,1.38422e-18,3.18484e-18,7.16891e-18,1.5804e-17,3.41423e-17,7.22978e-17,1.50038e-16,3.05029e-16,6.07116e-16,1.1821e-15,2.24966e-15,4.18096e-15,7.58235e-15,1.34128e-14,2.31507e-14,3.90582e-14,6.47003e-14,1.06183e-13,1.75357e-13,2.98038e-13,5.34136e-13,1.02393e-12,2.08685e-12,4.41433e-12,9.40775e-12,1.97162e-11,4.01286e-11,7.88213e-11,1.48781e-10,2.6886e-10,4.63402e-10,7.58908e-10,1.17638e-09,1.71935e-09,2.36053e-09,3.03363e-09,3.63813e-09,4.06155e-09,4.21414e-09,4.06155e-09,3.63813e-09,3.03363e-09,2.36053e-09,1.71935e-09,1.17638e-09,7.5891e-10,4.63407e-10,2.68873e-10,1.48809e-10,7.88815e-11,4.02493e-11,1.99374e-11,9.7659e-12,4.90192e-12,2.61714e-12,1.51422e-12,9.38774e-13,6.05248e-13,3.93933e-13,2.53668e-13,1.59846e-13,9.80835e-14,5.85154e-14,3.39446e-14,1.91636e-14,1.05413e-14,5.65675e-15,2.96491e-15,1.51953e-15,7.62245e-16,3.74582e-16,1.8046e-16,8.52764e-17,3.95391e-17,1.79878e-17,8.02639e-18,3.50995e-18,1.50228e-18,6.28161e-19,2.56013e-19,1.01424e-19,3.89408e-20,1.44433e-20,5.15845e-21,1.76839e-21,5.80041e-22,1.81258e-22,5.36473e-23,1.49465e-23,3.89728e-24,9.45932e-25,2.12633e-25,4.40566e-26,8.3765e-27,1.45533e-27,2.30075e-28,3.24645e-29,0
0,3.86308e-30,2.87034e-29,1.90697e-28,1.15446e-27,6.39398e-27,3.25271e-26,1.5262e-25,6.63432e-25,2.68438e-24,1.0161e-23,3.61735e-23,1.21807e-22,3.90297e-22,1.19525e-21,3.50774e-21,9.89297e-21,2.68929e-20,7.06738e-20,1.80082e-19,4.46153e-19,1.07747e-18,2.54201e-18,5.86893e-18,1.32772e-17,2.94556e-17,6.41082e-17,1.36882e-16,2.86638e-16,5.88363e-16,1.18292e-15,2.32743e-15,4.47665e-15,8.40783e-15,1.54006e-14,2.74778e-14,4.77054e-14,8.05534e-14,1.32399e-13,2.12575e-13,3.36384e-13,5.34136e-13,8.76752e-13,1.54243e-12,2.97592e-12,6.23112e-12,1.36017e-11,2.95382e-11,6.24462e-11,1.27385e-10,2.49472e-10,4.67059e-10,8.32463e-10,1.4066e-09,2.2435e-09,3.36335e-09,4.71924e-09,6.17291e-09,7.50021e-09,8.4406e-09,8.78151e-09,8.4406e-09,7.50021e-09,6.17291e-09,4.71924e-09,3.36335e-09,2.24351e-09,1.4066e-09,8.3247e-10,4.67078e-10,2.49518e-10,1.27492e-10,6.26798e-11,3.0007e-11,1.44325e-11,7.44266e-12,4.27954e-12,2.713e-12,1.81407e-12,1.22651e-12,8.17142e-13,5.30002e-13,3.33216e-13,2.02943e-13,1.19853e-13,6.87428e-14,3.83567e-14,2.08542e-14,1.10644e-14,5.7361e-15,2.9092e-15,1.44491e-15,7.03414e-16,3.35899e-16,1.57432e-16,7.24506e-17,3.27433e-17,1.453e-17,6.32736e-18,2.70115e-18,1.12869e-18,4.60686e-19,1.8321e-19,7.07872e-20,2.64887e-20,9.56878e-21,3.32604e-21,1.10878e-21,3.52959e-22,1.06656e-22,3.04043e-23,8.1289e-24,2.02722e-24,4.69161e-25,1.00282e-25,1.97092e-26,3.54684e-27,5.81965e-28,8.52937e-29,0
0,1.00441e-29,7.19495e-29,4.61208e-28,2.69916e-27,1.44796e-26,7.14792e-26,3.26065e-25,1.38054e-24,5.45089e-24,2.01718e-23,7.03427e-23,2.32473e-22,7.32557e-22,2.21084e-21,6.408e-21,1.78897e-20,4.82506e-20,1.26105e-19,3.20298e-19,7.92757e-19,1.91656e-18,4.53477e-18,1.0517e-17,2.39321e-17,5.34655e-17,1.17289e-16,2.52621e-16,5.34e-16,1.10716e-15,2.24976e-15,4.47621e-15,8.71077e-15,1.65586e-14,3.07037e-14,5.54436e-14,9.73276e-14,1.65786e-13,2.7358e-13,4.37025e-13,6.76881e-13,1.02393e-12,1.54243e-12,2.40845e-12,4.13798e-12,8.1805e-12,1.82043e-11,4.12706e-11,9.14268e-11,1.95327e-10,3.99996e-10,7.81422e-10,1.44965e-09,2.54199e-09,4.19353e-09,6.47764e-09,9.32473e-09,1.24528e-08,1.53647e-08,1.74556e-08,1.82188e-08,1.74556e-08,1.53647e-08,1.24528e-08,9.32473e-09,6.47764e-09,4.19353e-09,2.542e-09,1.44966e-09,7.81448e-10,4.00063e-10,1.95496e-10,9.18374e-11,4.21983e-11,2.00745e-11,1.12439e-11,7.33765e-12,5.1657e-12,3.67261e-12,2.55088e-12,1.71027e-12,1.10417e-12,6.87273e-13,4.13392e-13,2.40898e-13,1.36323e-13,7.50723e-14,4.03043e-14,2.11284e-14,1.08295e-14,5.43363e-15,2.67144e-15,1.28812e-15,6.09602e-16,2.83324e-16,1.2938e-16,5.80638e-17,2.56093e-17,1.10966e-17,4.72005e-18,1.9684e-18,8.03373e-19,3.20158e-19,1.24245e-19,4.68102e-20,1.70667e-20,6.00177e-21,2.02894e-21,6.56447e-22,2.02059e-22,5.87993e-23,1.6081e-23,4.11054e-24,9.76987e-25,2.14881e-25,4.35397e-26,8.09351e-27,1.37435e-27,2.08596e-28,0
0,2.42888e-29,1.68236e-28,1.04344e-27,5.91929e-27,3.08357e-26,1.48084e-25,6.58314e-25,2.72113e-24,1.05079e-23,3.81008e-23,1.30424e-22,4.23935e-22,1.31648e-21,3.92343e-21,1.12536e-20,3.11596e-20,8.35387e-20,2.1751e-19,5.51574e-19,1.36575e-18,3.3093e-18,7.86054e-18,1.83261e-17,4.19704e-17,9.44581e-17,2.08921e-16,4.54014e-16,9.68967e-16,2.02969e-15,4.16962e-15,8.3928e-15,1.65345e-14,3.1842e-14,5.98537e-14,1.09624e-13,1.95232e-13,3.37263e-13,5.63545e-13,9.07909e-13,1.40571e-12,2.08685e-12,2.97592e-12,4.13798e-12,5.90327e-12,9.74952e-12,2.18058e-11,5.23157e-11,1.23269e-10,2.79544e-10,6.05748e-10,1.24776e-09,2.43136e-09,4.45969e-09,7.66168e-09,1.22654e-08,1.82027e-08,2.49162e-08,3.1309e-08,3.59725e-08,3.76889e-08,3.59725e-08,3.1309e-08,2.49162e-08,1.82027e-08,1.22654e-08,7.66168e-09,4.4597e-09,2.43137e-09,1.24779e-09,6.05825e-10,2.79765e-10,1.2388e-10,5.39349e-11,2.57554e-11,1.77877e-11,1.37202e-11,1.05117e-11,7.7065e-12,5.37281e-12,3.57184e-12,2.27477e-12,1.39408e-12,8.25327e-13,4.73545e-13,2.6403e-13,1.43372e-13,7.59615e-14,3.93292e-14,1.9925e-14,9.88843e-15,4.81197e-15,2.29797e-15,1.07772e-15,4.96664e-16,2.25023e-16,1.00261e-16,4.39366e-17,1.89331e-17,8.01825e-18,3.33393e-18,1.35892e-18,5.41884e-19,2.10864e-19,7.98412e-20,2.93228e-20,1.04114e-20,3.56172e-21,1.16873e-21,3.65645e-22,1.08376e-22,3.02501e-23,7.90705e-24,1.92543e-24,4.34679e-25,9.05698e-26,1.73443e-26,3.03961e-27,4.76393e-28,0
0,5.47966e-29,3.68038e-28,2.21467e-27,1.22099e-26,6.19211e-26,2.8998e-25,1.25921e-24,5.09277e-24,1.92756e-23,6.86245e-23,2.31071e-22,7.40186e-22,2.26959e-21,6.69208e-21,1.90304e-20,5.23518e-20,1.39745e-19,3.63035e-19,9.20351e-19,2.28243e-18,5.54808e-18,1.32388e-17,3.10433e-17,7.15764e-17,1.62315e-16,3.62001e-16,7.93779e-16,1.71052e-15,3.62017e-15,7.51939e-15,1.53148e-14,3.05541e-14,5.964e-14,1.13735e-13,2.11543e-13,3.82958e-13,6.73044e-13,1.14471e-12,1.87652e-12,2.9495e-12,4.41433e-12,6.23112e-12,8.1805e-12,9.74952e-12,9.89097e-12,2.15829e-11,5.67756e-11,1.46809e-10,3.62445e-10,8.48342e-10,1.87383e-09,3.88849e-09,7.54604e-09,1.36279e-08,2.27861e-08,3.50834e-08,4.94687e-08,6.35398e-08,7.40001e-08,7.78876e-08,7.40001e-08,6.35398e-08,4.94687e-08,3.50834e-08,2.27861e-08,1.36279e-08,7.54604e-09,3.8885e-09,1.87385e-09,8.48398e-10,3.62635e-10,1.4745e-10,5.89025e-11,2.85376e-11,3.25019e-11,2.84973e-11,2.25137e-11,1.64497e-11,1.12953e-11,7.3683e-12,4.60169e-12,2.76708e-12,1.60901e-12,9.07801e-13,4.98286e-13,2.66661e-13,1.3938e-13,7.12584e-14,3.56784e-14,1.7513e-14,8.4351e-15,3.98961e-15,1.85426e-15,8.47348e-16,3.80894e-16,1.68479e-16,7.33435e-17,3.14212e-17,1.32422e-17,5.4857e-18,2.23093e-18,8.89086e-19,3.46428e-19,1.31616e-19,4.86073e-20,1.73931e-20,6.00963e-21,1.99599e-21,6.33398e-22,1.90813e-22,5.42393e-23,1.44655e-23,3.60056e-24,8.32347e-25,1.77899e-25,3.50068e-26,6.31468e-27,1.01914e-27,0
0,1.15675e-28,7.55419e-28,4.42195e-27,2.37526e-26,1.1755e-25,5.38056e-25,2.28731e-24,9.07088e-24,3.372e-23,1.18108e-22,3.91946e-22,1.23962e-21,3.75992e-21,1.09878e-20,3.10302e-20,8.49435e-20,2.26082e-19,5.86743e-19,1.48869e-18,3.70089e-18,9.03073e-18,2.16582e-17,5.10943e-17,1.18624e-16,2.71066e-16,6.09577e-16,1.34865e-15,2.93418e-15,6.274e-15,1.31758e-14,2.71539e-14,5.48665e-14,1.08572e-13,2.10134e-13,3.97145e-13,7.31531e-13,1.31008e-12,2.27414e-12,3.81116e-12,6.13333e-12,9.40775e-12,1.36017e-11,1.82043e-11,2.18058e-11,2.15829e-11,4.93616e-11,1.35837e-10,3.64273e-10,9.27291e-10,2.22856e-09,5.03801e-09,1.06724e-08,2.10971e-08,3.87375e-08,6.57344e-08,1.02524e-07,1.46129e-07,1.89251e-07,2.21568e-07,2.33631e-07,2.21568e-07,1.89251e-07,1.46129e-07,1.02524e-07,6.57344e-08,3.87375e-08,2.10971e-08,1.06724e-08,5.03803e-09,2.22866e-09,9.27648e-10,3.65577e-10,1.40451e-10,6.51487e-11,7.379e-11,6.39083e-11,4.92378e-11,3.49988e-11,2.33997e-11,1.489e-11,9.08951e-12,5.35279e-12,3.05368e-12,1.69298e-12,9.14429e-13,4.8216e-13,2.4859e-13,1.25491e-13,6.20966e-14,3.01485e-14,1.43734e-14,6.73375e-15,3.10187e-15,1.40568e-15,6.2696e-16,2.75316e-16,1.19057e-16,5.07005e-17,2.12568e-17,8.76901e-18,3.55559e-18,1.41486e-18,5.51384e-19,2.09911e-19,7.78369e-20,2.80232e-20,9.76216e-21,3.27575e-21,1.05237e-21,3.21587e-22,9.29019e-23,2.52262e-23,6.40411e-24,1.51251e-24,3.30821e-25,6.67279e-26,1.23573e-26,2.04829e-27,0
0,2.29132e-28,1.45874e-27,8.32741e-27,4.36864e-26,2.11468e-25,9.48164e-25,3.95426e-24,1.54078e-23,5.6365e-23,1.94598e-22,6.37606e-22,1.99453e-21,5.99426e-21,1.73891e-20,4.88404e-20,1.33222e-19,3.53971e-19,9.18688e-19,2.33476e-18,5.8221e-18,1.4268e-17,3.44012e-17,8.16599e-17,1.90902e-16,4.39541e-16,9.96565e-16,2.2243e-15,4.88512e-15,1.05518e-14,2.24015e-14,4.67106e-14,9.55817e-14,1.91745e-13,3.7666e-13,7.23483e-13,1.35644e-12,2.47695e-12,4.39316e-12,7.54076e-12,1.24663e-11,1.97162e-11,2.95382e-11,4.12706e-11,5.23157e-11,5.67756e-11,1.35837e-10,3.79242e-10,1.02722e-09,2.63933e-09,6.40168e-09,1.46062e-08,3.12315e-08,6.23226e-08,1.1552e-07,1.97858e-07,3.11336e-07,4.47294e-07,5.83051e-07,6.85562e-07,7.23992e-07,6.85562e-07,5.83051e-07,4.47294e-07,3.11336e-07,1.97858e-07,1.1552e-07,6.23227e-08,3.12315e-08,1.46062e-08,6.4019e-09,2.64016e-09,1.03025e-09,3.89993e-10,1.72488e-10,1.76923e-10,1.44529e-10,1.06529e-10,7.30103e-11,4.73128e-11,2.92955e-11,1.74552e-11,1.00587e-11,5.62701e-12,3.06467e-12,1.62869e-12,8.46103e-13,4.30307e-13,2.14501e-13,1.0491e-13,5.03864e-14,2.37813e-14,1.10372e-14,5.03989e-15,2.26532e-15,1.00267e-15,4.37172e-16,1.87805e-16,7.94978e-17,3.31535e-17,1.36154e-17,5.50162e-18,2.18439e-18,8.50653e-19,3.24145e-19,1.20528e-19,4.35962e-20,1.52881e-20,5.17423e-21,1.67989e-21,5.1976e-22,1.52305e-22,4.20225e-23,1.08581e-23,2.61433e-24,5.83846e-25,1.20427e-25,2.28397e-26,3.87833e-27,0
0,4.27016e-28,2.6568e-27,1.48268e-26,7.61419e-26,3.61297e-25,1.59018e-24,6.51907e-24,2.50059e-23,9.01864e-23,3.07446e-22,9.96278e-22,3.08736e-21,9.20753e-21,2.65525e-20,7.42669e-20,2.02089e-19,5.36565e-19,1.39378e-18,3.55022e-18,8.88413e-18,2.18714e-17,5.30207e-17,1.26637e-16,2.98072e-16,6.91393e-16,1.58014e-15,3.55716e-15,7.88459e-15,1.71997e-14,3.69056e-14,7.78426e-14,1.61278e-13,3.27933e-13,6.53726e-13,1.27603e-12,2.43506e-12,4.53433e-12,8.219e-12,1.44566e-11,2.45721e-11,4.01286e-11,6.24462e-11,9.14268e-11,1.23269e-10,1.46809e-10,3.64273e-10,1.02722e-09,2.80231e-09,7.25317e-09,1.77305e-08,4.07935e-08,8.80043e-08,1.77265e-07,3.31783e-07,5.73897e-07,9.11801e-07,1.3217e-06,1.73569e-06,2.05118e-06,2.17009e-06,2.05118e-06,1.73569e-06,1.3217e-06,9.11801e-07,5.73897e-07,3.31783e-07,1.77265e-07,8.80044e-08,4.07936e-08,1.7731e-08,7.25506e-09,2.80923e-09,1.05163e-09,4.47039e-10,4.163e-10,3.19202e-10,2.24326e-10,1.47929e-10,9.27996e-11,5.58708e-11,3.24792e-11,1.83107e-11,1.00439e-11,5.37398e-12,2.81022e-12,1.43856e-12,7.21799e-13,3.55362e-13,1.71822e-13,8.16521e-14,3.81606e-14,1.75494e-14,7.94547e-15,3.54297e-15,1.55656e-15,6.73977e-16,2.87673e-16,1.21052e-16,5.02147e-17,2.05269e-17,8.26328e-18,3.27207e-18,1.27241e-18,4.84884e-19,1.806e-19,6.55504e-20,2.31078e-20,7.87643e-21,2.58013e-21,8.06906e-22,2.3941e-22,6.69943e-23,1.75843e-23,4.30731e-24,9.80073e-25,2.06263e-25,3.99681e-26,6.93605e-27,0
0,7.50553e-28,4.57452e-27,2.50146e-26,1.26027e-25,5.87427e-25,2.543e-24,1.02675e-23,3.88407e-23,1.38344e-22,4.66438e-22,1.49717e-21,4.60283e-21,1.36404e-20,3.91511e-20,1.09169e-19,2.96628e-19,7.87621e-19,2.0489e-18,5.23303e-18,1.31445e-17,3.25108e-17,7.92398e-17,1.90407e-16,4.51146e-16,1.05397e-15,2.42741e-15,5.50988e-15,1.23219e-14,2.71378e-14,5.8834e-14,1.25488e-13,2.63159e-13,5.4219e-13,1.09651e-12,2.17438e-12,4.22224e-12,8.01541e-12,1.48452e-11,2.67527e-11,4.67461e-11,7.88213e-11,1.27385e-10,1.95327e-10,2.79544e-10,3.62445e-10,9.27291e-10,2.63933e-09,7.25317e-09,1.89187e-08,4.66358e-08,1.08276e-07,2.35884e-07,4.80133e-07,9.08623e-07,1.58965e-06,2.55439e-06,3.74237e-06,4.95931e-06,5.89768e-06,6.25392e-06,5.89768e-06,4.95931e-06,3.74237e-06,2.55439e-06,1.58965e-06,9.08623e-07,4.80133e-07,2.35884e-07,1.08276e-07,4.66369e-08,1.89228e-08,7.26831e-09,2.69252e-09,1.10685e-09,9.44262e-10,6.80772e-10,4.56313e-10,2.89538e-10,1.7583e-10,1.02936e-10,5.83888e-11,3.22094e-11,1.73274e-11,9.10994e-12,4.68884e-12,2.36578e-12,1.17145e-12,5.69786e-13,2.7244e-13,1.28139e-13,5.93179e-14,2.70387e-14,1.21413e-14,5.37252e-15,2.3435e-15,1.00795e-15,4.27552e-16,1.78881e-16,7.38156e-17,3.00352e-17,1.20439e-17,4.75486e-18,1.84551e-18,7.0284e-19,2.61999e-19,9.53239e-20,3.37404e-20,1.15671e-20,3.81761e-21,1.20492e-21,3.61387e-22,1.02386e-22,2.72486e-23,6.77739e-24,1.56801e-24,3.35988e-25,6.63702e-26,1.17443e-26,0
0,1.24703e-27,7.4622e-27,4.0071e-26,1.98473e-25,9.10544e-25,3.88435e-24,1.54736e-23,5.78246e-23,2.03728e-22,6.80368e-22,2.16618e-21,6.61544e-21,1.95038e-20,5.57766e-20,1.55193e-19,4.21383e-19,1.1196e-18,2.91797e-18,7.47468e-18,1.88477e-17,4.68324e-17,1.14749e-16,2.77342e-16,6.61304e-16,1.55555e-15,3.60903e-15,8.25699e-15,1.86231e-14,4.13932e-14,9.0633e-14,1.954e-13,4.14582e-13,8.65115e-13,1.77415e-12,3.57245e-12,7.05544e-12,1.36481e-11,2.58146e-11,4.76376e-11,8.55209e-11,1.48781e-10,2.49472e-10,3.99996e-10,6.05748e-10,8.48342e-10,2.22856e-09,6.40168e-09,1.77305e-08,4.66358e-08,1.1602e-07,2.72089e-07,5.99294e-07,1.2344e-06,2.36586e-06,4.19451e-06,6.83168e-06,1.01396e-05,1.35897e-05,1.62917e-05,1.73279e-05,1.62917e-05,1.35897e-05,1.01396e-05,6.83168e-06,4.19451e-06,2.36586e-06,1.2344e-06,5.99294e-07,2.7209e-07,1.16022e-07,4.66444e-08,1.77621e-08,6.51224e-09,2.60072e-09,2.05011e-09,1.39383e-09,8.92301e-10,5.45213e-10,3.20698e-10,1.82649e-10,1.01139e-10,5.46152e-11,2.88273e-11,1.48992e-11,7.55102e-12,3.75683e-12,1.8366e-12,8.82907e-13,4.17639e-13,1.94494e-13,8.92134e-14,4.03223e-14,1.7964e-14,7.891e-15,3.41861e-15,1.46102e-15,6.16065e-16,2.56336e-16,1.05245e-16,4.26304e-17,1.70279e-17,6.70141e-18,2.59528e-18,9.87289e-19,3.68094e-19,1.34136e-19,4.76237e-20,1.64024e-20,5.44719e-21,1.73268e-21,5.24534e-22,1.50215e-22,4.04663e-23,1.02015e-23,2.39526e-24,5.21513e-25,1.04797e-25,1.88678e-26,0
0,1.96253e-27,1.15547e-26,6.10583e-26,2.97907e-25,1.34773e-24,5.67567e-24,2.23444e-23,8.26179e-23,2.88349e-22,9.55133e-22,3.0202e-21,9.17295e-21,2.69324e-20,7.6808e-20,2.13409e-19,5.79379e-19,1.54103e-18,4.02489e-18,1.03416e-17,2.61767e-17,6.53347e-17,1.60889e-16,3.91014e-16,9.37945e-16,2.22055e-15,5.18776e-15,1.19578e-14,2.71878e-14,6.09571e-14,1.3473e-13,2.93453e-13,6.29586e-13,1.32983e-12,2.76378e-12,5.64753e-12,1.13364e-11,2.23297e-11,4.31002e-11,8.13774e-11,1.49955e-10,2.6886e-10,4.67059e-10,7.81422e-10,1.24776e-09,1.87383e-09,5.03801e-09,1.46062e-08,4.07935e-08,1.08276e-07,2.72089e-07,6.45245e-07,1.43877e-06,3.00379e-06,5.84213e-06,1.05213e-05,1.74172e-05,2.62692e-05,3.57195e-05,4.32791e-05,4.6222e-05,4.32791e-05,3.57195e-05,2.62692e-05,1.74172e-05,1.05213e-05,5.84213e-06,3.00379e-06,1.43877e-06,6.45246e-07,2.72094e-07,1.08293e-07,4.08558e-08,1.48245e-08,5.77163e-09,4.23784e-09,2.72636e-09,1.67017e-09,9.83983e-10,5.61165e-10,3.11186e-10,1.68339e-10,8.90481e-11,4.61466e-11,2.34611e-11,1.1715e-11,5.75064e-12,2.7771e-12,1.32019e-12,6.18115e-13,2.85155e-13,1.29667e-13,5.81374e-14,2.57086e-14,1.12151e-14,4.8275e-15,2.05079e-15,8.59931e-16,3.55952e-16,1.45447e-16,5.86598e-17,2.33415e-17,9.15719e-18,3.53793e-18,1.34397e-18,5.00913e-19,1.82702e-19,6.50122e-20,2.24732e-20,7.5014e-21,2.40175e-21,7.32871e-22,2.11834e-22,5.76717e-23,1.47112e-23,3.49914e-24,7.72655e-25,1.57628e-25,2.88163e-26,0
0,2.93084e-27,1.70124e-26,8.8642e-26,4.26831e-25,1.90755e-24,7.9435e-24,3.09545e-23,1.13409e-22,3.92632e-22,1.29159e-21,4.06075e-21,1.22779e-20,3.59313e-20,1.02264e-19,2.839e-19,7.70981e-19,2.05339e-18,5.37509e-18,1.38526e-17,3.51929e-17,8.82109e-17,2.18249e-16,5.33152e-16,1.28604e-15,3.06295e-15,7.20213e-15,1.67168e-14,3.8294e-14,8.65577e-14,1.93005e-13,4.24423e-13,9.20138e-13,1.96591e-12,4.13742e-12,8.57259e-12,1.74749e-11,3.50166e-11,6.89022e-11,1.32957e-10,2.51161e-10,4.63402e-10,8.32463e-10,1.44965e-09,2.43136e-09,3.88849e-09,1.06724e-08,3.12315e-08,8.80043e-08,2.35884e-07,5.99294e-07,1.43877e-06,3.25266e-06,6.89586e-06,1.36421e-05,2.50296e-05,4.22645e-05,6.50466e-05,9.01345e-05,0.000110815,0.000119059,0.000110815,9.01345e-05,6.50466e-05,4.22645e-05,2.50296e-05,1.36421e-05,6.89586e-06,3.25266e-06,1.43877e-06,5.99302e-07,2.35916e-07,8.8121e-08,3.16394e-08,1.20421e-08,8.29808e-09,5.0706e-09,2.97954e-09,1.69552e-09,9.38818e-10,5.07498e-10,2.68483e-10,1.39257e-10,7.09156e-11,3.54944e-11,1.74761e-11,8.4702e-12,4.04347e-12,1.90207e-12,8.82021e-13,4.03323e-13,1.81916e-13,8.09538e-14,3.55503e-14,1.54089e-14,6.59313e-15,2.78529e-15,1.16187e-15,4.78619e-16,1.94701e-16,7.82053e-17,3.10066e-17,1.2127e-17,4.67405e-18,1.77269e-18,6.60265e-19,2.40922e-19,8.58646e-20,2.97655e-20,9.97663e-21,3.21165e-21,9.86592e-22,2.8744e-22,7.89699e-23,2.03506e-23,4.8953e-24,1.09429e-24,2.26213e-25,4.19102e-26,0
0,4.16008e-27,2.38528e-26,1.2278e-25,5.84524e-25,2.58493e-24,1.06608e-23,4.11812e-23,1.49702e-22,5.14755e-22,1.68353e-21,5.26805e-21,1.58705e-20,4.63275e-20,1.31662e-19,3.65366e-19,9.92788e-19,2.648e-18,6.94708e-18,1.79558e-17,4.57744e-17,1.15183e-16,2.86217e-16,7.02489e-16,1.70314e-15,4.07863e-15,9.64714e-15,2.25348e-14,5.19779e-14,1.18366e-13,2.66077e-13,5.90295e-13,1.29215e-12,2.79009e-12,5.9408e-12,1.24688e-11,2.57837e-11,5.2499e-11,1.05176e-10,2.07125e-10,4.00459e-10,7.58908e-10,1.4066e-09,2.54199e-09,4.45969e-09,7.54604e-09,2.10971e-08,6.23226e-08,1.77265e-07,4.80133e-07,1.2344e-06,3.00379e-06,6.89586e-06,1.48774e-05,3.00205e-05,5.63171e-05,9.7451e-05,0.000153922,0.000218792,0.000274673,0.000297868,0.000274673,0.000218792,0.000153922,9.7451e-05,5.63171e-05,3.00205e-05,1.48774e-05,6.89586e-06,3.0038e-06,1.23442e-06,4.80189e-07,1.7747e-07,6.3041e-08,2.35091e-08,1.53121e-08,8.92354e-09,5.044e-09,2.77846e-09,1.49636e-09,7.89735e-10,4.09144e-10,2.08341e-10,1.04376e-10,5.14849e-11,2.50193e-11,1.19838e-11,5.65985e-12,2.63663e-12,1.21183e-12,5.49642e-13,2.46065e-13,1.08749e-13,4.74532e-14,2.04472e-14,8.70118e-15,3.65719e-15,1.51837e-15,6.22728e-16,2.52293e-16,1.00961e-16,3.98947e-17,1.55581e-17,5.98243e-18,2.26513e-18,8.42946e-19,3.07593e-19,1.09743e-19,3.8125e-20,1.28208e-20,4.14567e-21,1.28066e-21,3.75618e-22,1.03997e-22,2.70348e-23,6.5664e-24,1.48346e-24,3.10178e-25,5.81322e-26,0
0,5.62019e-27,3.18896e-26,1.62456e-25,7.65964e-25,3.35717e-24,1.3733e-23,5.26583e-23,1.90172e-22,6.50203e-22,2.11637e-21,6.59706e-21,1.9817e-20,5.77363e-20,1.63922e-19,4.54847e-19,1.23684e-18,3.30382e-18,8.68607e-18,2.25105e-17,5.75656e-17,1.45365e-16,3.62619e-16,8.93765e-16,2.17675e-15,5.23841e-15,1.2456e-14,2.92622e-14,6.7913e-14,1.55694e-13,3.52546e-13,7.88374e-13,1.74084e-12,3.79511e-12,8.16657e-12,1.73421e-11,3.63316e-11,7.50629e-11,1.5287e-10,3.06704e-10,6.05727e-10,1.17638e-09,2.2435e-09,4.19353e-09,7.66168e-09,1.36279e-08,3.87375e-08,1.1552e-07,3.31783e-07,9.08623e-07,2.36586e-06,5.84213e-06,1.36421e-05,3.00205e-05,6.19884e-05,0.000119432,0.000213074,0.000348174,0.000512762,0.000664353,0.000731996,0.000664353,0.000512762,0.000348174,0.000213074,0.000119432,6.19884e-05,3.00205e-05,1.36421e-05,5.84214e-06,2.36588e-06,9.08717e-07,3.32123e-07,1.16707e-07,4.2727e-08,2.64857e-08,1.47864e-08,8.06658e-09,4.31263e-09,2.2641e-09,1.16888e-09,5.94041e-10,2.97425e-10,1.46793e-10,7.14496e-11,3.43094e-11,1.6258e-11,7.60436e-12,3.51139e-12,1.60097e-12,7.20835e-13,3.2054e-13,1.40789e-13,6.10843e-14,2.61821e-14,1.10873e-14,4.63894e-15,1.91785e-15,7.83478e-16,3.16265e-16,1.26137e-16,4.96927e-17,1.93279e-17,7.41575e-18,2.80325e-18,1.0422e-18,3.80227e-19,1.35747e-19,4.7235e-20,1.59257e-20,5.16825e-21,1.60391e-21,4.73051e-22,1.31824e-22,3.45215e-23,8.45366e-24,1.92703e-24,4.06848e-25,7.7e-26,0
0,7.23528e-27,4.0698e-26,2.05546e-25,9.61363e-25,4.18244e-24,1.69933e-23,6.47641e-23,2.32635e-22,7.91697e-22,2.56696e-21,7.97714e-21,2.39088e-20,6.95575e-20,1.97357e-19,5.47674e-19,1.49044e-18,3.98681e-18,1.0502e-17,2.72813e-17,6.99584e-17,1.77204e-16,4.43539e-16,1.09722e-15,2.68284e-15,6.48391e-15,1.54886e-14,3.65679e-14,8.53267e-14,1.96764e-13,4.48394e-13,1.00973e-12,2.24675e-12,4.93944e-12,1.07285e-11,2.30192e-11,4.87842e-11,1.02102e-10,2.10991e-10,4.30374e-10,8.66203e-10,1.71935e-09,3.36335e-09,6.47764e-09,1.22654e-08,2.27861e-08,6.57344e-08,1.97858e-07,5.73897e-07,1.58965e-06,4.19451e-06,1.05213e-05,2.50296e-05,5.63171e-05,0.000119432,0.00023762,0.000440564,0.000753299,0.00116733,0.00159007,0.00180512,0.00159007,0.00116733,0.000753299,0.000440564,0.00023762,0.000119432,5.63171e-05,2.50296e-05,1.05213e-05,4.19455e-06,1.58979e-06,5.7442e-07,1.99692e-07,7.1906e-08,4.27103e-08,2.29532e-08,1.21315e-08,6.31477e-09,3.24036e-09,1.64024e-09,8.19412e-10,4.04133e-10,1.96824e-10,9.46756e-11,4.49846e-11,2.11154e-11,9.79215e-12,4.48671e-12,2.03129e-12,9.08718e-13,4.01715e-13,1.75491e-13,7.57622e-14,3.23243e-14,1.36301e-14,5.68039e-15,2.3398e-15,9.52597e-16,3.83317e-16,1.52435e-16,5.98941e-17,2.32413e-17,8.89977e-18,3.35915e-18,1.24766e-18,4.55038e-19,1.62519e-19,5.66168e-20,1.91272e-20,6.22502e-21,1.93904e-21,5.7449e-22,1.60945e-22,4.24039e-23,1.04544e-23,2.40091e-24,5.10999e-25,9.75021e-26,0
0,8.88471e-27,4.96262e-26,2.48897e-25,1.15659e-24,5.00181e-24,2.02122e-23,7.66565e-23,2.74172e-22,9.29624e-22,3.00502e-21,9.31624e-21,2.78746e-20,8.10106e-20,2.29761e-19,6.37728e-19,1.73683e-18,4.65169e-18,1.22739e-17,3.19488e-17,8.2118e-17,2.08543e-16,5.23459e-16,1.2989e-15,3.1865e-15,7.7287e-15,1.85333e-14,4.39394e-14,1.02992e-13,2.38673e-13,5.46831e-13,1.23866e-12,2.77403e-12,6.14229e-12,1.34468e-11,2.9106e-11,6.22919e-11,1.31817e-10,2.75808e-10,5.70606e-10,1.1672e-09,2.36053e-09,4.71924e-09,9.32473e-09,1.82027e-08,3.50834e-08,1.02524e-07,3.11336e-07,9.11801e-07,2.55439e-06,6.83168e-06,1.74172e-05,4.22645e-05,9.7451e-05,0.000213074,0.000440564,0.000857674,0.00155945,0.0026047,0.00385332,0.00464762,0.00385332,0.0026047,0.00155945,0.000857674,0.000440564,0.000213074,9.7451e-05,4.22645e-05,1.74172e-05,6.83173e-06,2.55459e-06,9.12553e-07,3.13973e-07,1.11416e-07,6.38497e-08,3.32094e-08,1.70797e-08,8.68791e-09,4.37124e-09,2.17548e-09,1.07091e-09,5.21399e-10,2.51065e-10,1.19555e-10,5.62975e-11,2.62135e-11,1.20685e-11,5.49355e-12,2.47235e-12,1.10005e-12,4.83889e-13,2.10429e-13,9.04663e-14,3.84492e-14,1.6155e-14,6.71041e-15,2.7556e-15,1.11868e-15,4.48958e-16,1.78103e-16,6.98239e-17,2.70409e-17,1.03374e-17,3.89661e-18,1.446e-18,5.27172e-19,1.88318e-19,6.56591e-20,2.22156e-20,7.24617e-21,2.2637e-21,6.73087e-22,1.89367e-22,5.01348e-23,1.24278e-23,2.87126e-24,6.15086e-25,1.18135e-25,0
0,1.0415e-26,5.78606e-26,2.88645e-25,1.33462e-24,5.7453e-24,2.31201e-23,8.73582e-23,3.11428e-22,1.053e-21,3.39606e-21,1.05099e-20,3.1407e-20,9.12102e-20,2.58628e-19,7.18023e-19,1.9568e-18,5.24625e-18,1.38614e-17,3.61397e-17,9.30622e-17,2.36823e-16,5.95778e-16,1.48195e-15,3.6451e-15,8.86606e-15,2.13258e-14,5.07277e-14,1.19332e-13,2.77626e-13,6.38805e-13,1.45381e-12,3.27271e-12,7.28793e-12,1.6056e-11,3.49995e-11,7.54979e-11,1.61186e-10,3.40661e-10,7.1288e-10,1.47748e-09,3.03363e-09,6.17291e-09,1.24528e-08,2.49162e-08,4.94687e-08,1.46129e-07,4.47294e-07,1.3217e-06,3.74237e-06,1.01396e-05,2.62692e-05,6.50466e-05,0.000153922,0.000348174,0.000753299,0.00155945,0.00308267,0.00575507,0.00976174,0.0133338,0.00976174,0.00575507,0.00308267,0.00155945,0.000753299,0.000348174,0.000153922,6.50466e-05,2.62692e-05,1.01397e-05,3.74264e-06,1.3227e-06,4.50811e-07,1.58008e-07,8.79924e-08,4.45609e-08,2.2413e-08,1.11885e-08,5.53989e-09,2.71936e-09,1.32274e-09,6.37325e-10,3.04081e-10,1.4363e-10,6.71469e-11,3.10637e-11,1.42186e-11,6.43841e-12,2.88383e-12,1.27759e-12,5.59768e-13,2.42547e-13,1.03928e-13,4.40354e-14,1.84498e-14,7.64357e-15,3.13117e-15,1.26828e-15,5.0793e-16,2.01107e-16,7.87035e-17,3.04317e-17,1.16179e-17,4.37457e-18,1.62214e-18,5.91173e-19,2.11197e-19,7.36776e-20,2.4956e-20,8.15337e-21,2.55268e-21,7.61073e-22,2.14812e-22,5.70824e-23,1.42091e-23,3.29791e-24,7.10016e-25,1.37057e-25,0
0,1.1662e-26,6.45405e-26,3.20748e-25,1.47783e-24,6.3412e-24,2.54431e-23,9.58835e-23,3.41035e-22,1.15086e-21,3.70575e-21,1.14544e-20,3.42003e-20,9.92751e-20,2.81462e-19,7.81578e-19,2.13108e-18,5.71793e-18,1.51227e-17,3.94749e-17,1.01788e-16,2.59414e-16,6.53672e-16,1.62882e-15,4.01397e-15,9.78331e-15,2.35844e-14,5.62352e-14,1.32635e-13,3.09454e-13,7.14262e-13,1.63111e-12,3.68568e-12,8.24178e-12,1.82416e-11,3.99692e-11,8.67177e-11,1.86349e-10,3.9676e-10,8.37291e-10,1.75218e-09,3.63813e-09,7.50021e-09,1.53647e-08,3.1309e-08,6.35398e-08,1.89251e-07,5.83051e-07,1.73569e-06,4.95931e-06,1.35897e-05,3.57195e-05,9.01345e-05,0.000218792,0.000512762,0.00116733,0.0026047,0.00575507,0.0126233,0.0265896,0.0460895,0.0265896,0.0126233,0.00575507,0.0026047,0.00116733,0.000512762,0.000218792,9.01345e-05,3.57195e-05,1.35898e-05,4.95965e-06,1.73692e-06,5.87385e-07,2.03913e-07,1.11188e-07,5.51969e-08,2.73056e-08,1.34417e-08,6.57693e-09,3.19565e-09,1.54076e-09,7.36683e-10,3.49121e-10,1.63923e-10,7.62292e-11,3.50989e-11,1.59975e-11,7.21621e-12,3.22103e-12,1.42248e-12,6.21463e-13,2.68572e-13,1.14802e-13,4.85346e-14,2.02932e-14,8.39128e-15,3.43141e-15,1.38762e-15,5.54882e-16,2.19389e-16,8.57482e-17,3.31176e-17,1.26308e-17,4.75215e-18,1.76115e-18,6.41642e-19,2.2923e-19,7.99976e-20,2.71167e-20,8.8693e-21,2.78104e-21,8.30733e-22,2.35004e-22,6.26112e-23,1.56311e-23,3.63977e-24,7.86388e-25,1.52342e-25,0
0,1.24786e-26,6.89023e-26,3.4165e-25,1.57082e-24,6.72722e-24,2.69447e-23,1.01384e-22,3.60106e-22,1.21382e-21,3.9048e-21,1.2061e-20,3.5994e-20,1.04454e-19,2.96128e-19,8.22418e-19,2.24316e-18,6.0215e-18,1.59353e-17,4.1626e-17,1.07422e-16,2.74021e-16,6.9116e-16,1.72407e-15,4.25358e-15,1.03802e-14,2.5057e-14,5.98338e-14,1.41346e-13,3.3035e-13,7.63939e-13,1.74818e-12,3.95928e-12,8.87608e-12,1.97009e-11,4.33027e-11,9.42821e-11,2.03413e-10,4.3505e-10,9.22845e-10,1.9427e-09,4.06155e-09,8.4406e-09,1.74556e-08,3.59725e-08,7.40001e-08,2.21568e-07,6.85562e-07,2.05118e-06,5.89768e-06,1.62917e-05,4.32791e-05,0.000110815,0.000274673,0.000664353,0.00159007,0.00385332,0.00976174,0.0265896,0.0766941,0.200467,0.0766941,0.0265896,0.00976174,0.00385332,0.00159007,0.000664353,0.000274673,0.000110815,4.32792e-05,1.62918e-05,5.89806e-06,2.05257e-06,6.90481e-07,2.38229e-07,1.28226e-07,6.28724e-08,3.07845e-08,1.50239e-08,7.29743e-09,3.52355e-09,1.68967e-09,8.04079e-10,3.79489e-10,1.77533e-10,8.22913e-11,3.77808e-11,1.71753e-11,7.72947e-12,3.44285e-12,1.51753e-12,6.61833e-13,2.85561e-13,1.21885e-13,5.14598e-14,2.14895e-14,8.87574e-15,3.62565e-15,1.46472e-15,5.85173e-16,2.31169e-16,9.02822e-17,3.48444e-17,1.32813e-17,4.99446e-18,1.8503e-18,6.73991e-19,2.40785e-19,8.40469e-20,2.85015e-20,9.32837e-21,2.92759e-21,8.75493e-22,2.47998e-22,6.61757e-23,1.65499e-23,3.86118e-24,8.35982e-25,1.62295e-25,0
0,1.27629e-26,7.0419e-26,3.48908e-25,1.60307e-24,6.86091e-24,2.74642e-23,1.03285e-22,3.66693e-22,1.23555e-21,3.97347e-21,1.22702e-20,3.66125e-20,1.06239e-19,3.01186e-19,8.36507e-19,2.28183e-18,6.1263e-18,1.62159e-17,4.23694e-17,1.09371e-16,2.79076e-16,7.04142e-16,1.75708e-15,4.3367e-15,1.05875e-14,2.55688e-14,6.10857e-14,1.4438e-13,3.37637e-13,7.81287e-13,1.78913e-12,4.05514e-12,9.09871e-12,2.02142e-11,4.44778e-11,9.69558e-11,2.09462e-10,4.48669e-10,9.5339e-10,2.01102e-09,4.21414e-09,8.78151e-09,1.82188e-08,3.76889e-08,7.78876e-08,2.33631e-07,7.23992e-07,2.17009e-06,6.25392e-06,1.73279e-05,4.6222e-05,0.000119059,0.000297868,0.000731996,0.00180512,0.00464762,0.0133338,0.0460895,0.200467,1.07171,0.200467,0.0460895,0.0133338,0.00464762,0.00180512,0.000731996,0.000297868,0.000119059,4.62221e-05,1.7328e-05,6.25432e-06,2.17155e-06,7.29125e-07,2.51022e-07,1.34521e-07,6.56818e-08,3.20481e-08,1.55949e-08,7.55603e-09,3.64069e-09,1.74265e-09,8.27974e-10,3.90223e-10,1.8233e-10,8.44231e-11,3.87219e-11,1.75879e-11,7.90893e-12,3.52029e-12,1.55067e-12,6.75888e-13,2.91469e-13,1.24346e-13,5.24749e-14,2.19043e-14,9.04357e-15,3.69289e-15,1.49139e-15,5.95644e-16,2.35239e-16,9.18476e-17,3.54403e-17,1.35057e-17,5.078e-18,1.88102e-18,6.85136e-19,2.44765e-19,8.54418e-20,2.89785e-20,9.48656e-21,2.97812e-21,8.90932e-22,2.52484e-22,6.74073e-23,1.68677e-23,3.93786e-24,8.53179e-25,1.65751e-25,0
0,1.24786e-26,6.89023e-26,3.4165e-25,1.57082e-24,6.72722e-24,2.69447e-23,1.01384e-22,3.60106e-22,1.21382e-21,3.9048e-21,1.2061e-20,3.5994e-20,1.04454e-19,2.96128e-19,8.22418e-19,2.24316e-18,6.0215e-18,1.59353e-17,4.1626e-17,1.07422e-16,2.74021e-16,6.9116e-16,1.72407e-15,4.25358e-15,1.03802e-14,2.5057e-14,5.98338e-14,1.41346e-13,3.3035e-13,7.63939e-13,1.74818e-12,3.95928e-12,8.87608e-12,1.97009e-11,4.33027e-11,9.42821e-11,2.03413e-10,4.3505e-10,9.22845e-10,1.9427e-09,4.06155e-09,8.4406e-09,1.74556e-08,3.59725e-08,7.40001e-08,2.21568e-07,6.85562e-07,2.05118e-06,5.89768e-06,1.62917e-05,4.32791e-05,0.000110815,0.000274673,0.000664353,0.00159007,0.00385332,0.00976174,0.0265896,0.0766941,0.200467,0.0766941,0.0265896,0.00976174,0.00385332,0.00159007,0.000664353,0.000274673,0.000110815,4.32792e-05,1.62918e-05,5.89806e-06,2.05257e-06,6.90481e-07,2.38229e-07,1.28226e-07,6.28724e-08,3.07845e-08,1.50239e-08,7.29743e-09,3.52355e-09,1.68967e-09,8.04079e-10,3.79489e-10,1.77533e-10,8.22913e-11,3.77808e-11,1.71753e-11,7.72947e-12,3.44285e-12,1.51753e-12,6.61833e-13,2.85561e-13,1.21885e-13,5.14598e-14,2.14895e-14,8.87574e-15,3.62565e-15,1.46472e-15,5.85173e-16,2.31169e-16,9.02822e-17,3.48444e-17,1.32813e-17,4.99446e-18,1.8503e-18,6.73991e-19,2.40785e-19,8.40469e-20,2.85015e-20,9.32837e-21,2.92759e-21,8.75493e-22,2.47998e-22,6.61757e-23,1.65499e-23,3.86118e-24,8.35982e-25,1.62295e-25,0
0,1.1662e-26,6.45405e-26,3.20748e-25,1.47783e-24,6.3412e-24,2.54431e-23,9.58835e-23,3.41035e-22,1.15086e-21,3.70575e-21,1.14544e-20,3.42003e-20,9.92751e-20,2.81462e-19,7.81578e-19,2.13108e-18,5.71793e-18,1.51227e-17,3.94749e-17,1.01788e-16,2.59414e-16,6.53672e-16,1.62882e-15,4.01397e-15,9.78331e-15,2.35844e-14,5.62352e-14,1.32635e-13,3.09454e-13,7.14262e-13,1.63111e-12,3.68568e-12,8.24178e-12,1.82416e-11,3.99692e-11,8.67177e-11,1.86349e-10,3.9676e-10,8.37291e-10,1.75218e-09,3.63813e-09,7.50021e-09,1.53647e-08,3.1309e-08,6.35398e-08,1.89251e-07,5.83051e-07,1.73569e-06,4.95931e-06,1.35897e-05,3.57195e-05,9.01345e-05,0.000218792,0.000512762,0.00116733,0.0026047,0.00575507,0.0126233,0.0265896,0.0460895,0.0265896,0.0126233,0.00575507,0.0026047,0.00116733,0.000512762,0.000218792,9.01345e-05,3.57195e-05,1.35898e-05,4.95965e-06,1.73692e-06,5.87385e-07,2.03913e-07,1.11188e-07,5.51969e-08,2.73056e-08,1.34417e-08,6.57693e-09,3.19565e-09,1.54076e-09,7.36683e-10,3.49121e-10,1.63923e-10,7.62292e-11,3.50989e-11,1.59975e-11,7.21621e-12,3.22103e-12,1.42248e-12,6.21463e-13,2.68572e-13,1.14802e-13,4.85346e-14,2.02932e-14,8.39128e-15,3.43141e-15,1.38762e-15,5.54882e-16,2.19389e-16,8.57482e-17,3.31176e-17,1.26308e-17,4.75215e-18,1.76115e-18,6.41642e-19,2.2923e-19,7.99976e-20,2.71167e-20,8.8693e-21,2.78104e-21,8.30733e-22,2.35004e-22,6.26112e-23,1.56311e-23,3.63977e-24,7.86388e-25,1.52342e-25,0
0,1.0415e-26,5.78606e-26,2.88645e-25,1.33462e-24,5.7453e-24,2.31201e-23,8.73582e-23,3.11428e-22,1.053e-21,3.39606e-21,1.05099e-20,3.1407e-20,9.12102e-20,2.58628e-19,7.18023e-19,1.9568e-18,5.24625e-18,1.38614e-17,3.61397e-17,9.30622e-17,2.36823e-16,5.95778e-16,1.48195e-15,3.6451e-15,8.86606e-15,2.13259e-14,5.07277e-14,1.19332e-13,2.77626e-13,6.38806e-13,1.45381e-12,3.27271e-12,7.28793e-12,1.6056e-11,3.49995e-11,7.54979e-11,1.61186e-10,3.40661e-10,7.1288e-10,1.47748e-09,3.03363e-09,6.17291e-09,1.24528e-08,2.49162e-08,4.94687e-08,1.46129e-07,4.47294e-07,1.3217e-06,3.74237e-06,1.01396e-05,2.62692e-05,6.50466e-05,0.000153922,0.000348174,0.000753299,0.00155945,0.00308267,0.00575507,0.00976174,0.0133338,0.00976174,0.00575507,0.00308267,0.00155945,0.000753299,0.000348174,0.000153922,6.50466e-05,2.62692e-05,1.01397e-05,3.74264e-06,1.3227e-06,4.50811e-07,1.58008e-07,8.79924e-08,4.45609e-08,2.2413e-08,1.11885e-08,5.53989e-09,2.71936e-09,1.32274e-09,6.37325e-10,3.04081e-10,1.4363e-10,6.71469e-11,3.10637e-11,1.42186e-11,6.43841e-12,2.88383e-12,1.27759e-12,5.59769e-13,2.42547e-13,1.03928e-13,4.40354e-14,1.84498e-14,7.64357e-15,3.13117e-15,1.26828e-15,5.0793e-16,2.01107e-16,7.87035e-17,3.04317e-17,1.16179e-17,4.37457e-18,1.62214e-18,5.91173e-19,2.11197e-19,7.36776e-20,2.4956e-20,8.15337e-21,2.55268e-21,7.61073e-22,2.14812e-22,5.70824e-23,1.42091e-23,3.29791e-24,7.10016e-25,1.37057e-25,0
0,8.88471e-27,4.96262e-26,2.48897e-25,1.15659e-24,5.00181e-24,2.02122e-23,7.66565e-23,2.74172e-22,9.29624e-22,3.00502e-21,9.31624e-21,2.78746e-20,8.10106e-20,2.29761e-19,6.37728e-19,1.73683e-18,4.65169e-18,1.22739e-17,3.19488e-17,8.2118e-17,2.08543e-16,5.23459e-16,1.2989e-15,3.1865e-15,7.7287e-15,1.85334e-14,4.39394e-14,1.02992e-13,2.38673e-13,5.46831e-13,1.23867e-12,2.77403e-12,6.14229e-12,1.34468e-11,2.9106e-11,6.22919e-11,1.31817e-10,2.75808e-10,5.70606e-10,1.1672e-09,2.36053e-09,4.71924e-09,9.32473e-09,1.82027e-08,3.50834e-08,1.02524e-07,3.11336e-07,9.11801e-07,2.55439e-06,6.83168e-06,1.74172e-05,4.22645e-05,9.7451e-05,0.000213074,0.000440564,0.000857674,0.00155945,0.0026047,0.00385332,0.00464762,0.00385332,0.0026047,0.00155945,0.000857674,0.000440564,0.000213074,9.7451e-05,4.22645e-05,1.74172e-05,6.83173e-06,2.55459e-06,9.12553e-07,3.13973e-07,1.11416e-07,6.38498e-08,3.32094e-08,1.70797e-08,8.68791e-09,4.37124e-09,2.17548e-09,1.07091e-09,5.21399e-10,2.51065e-10,1.19555e-10,5.62975e-11,2.62135e-11,1.20685e-11,5.49356e-12,2.47235e-12,1.10005e-12,4.83889e-13,2.10429e-13,9.04663e-14,3.84492e-14,1.6155e-14,6.71041e-15,2.7556e-15,1.11868e-15,4.48958e-16,1.78103e-16,6.98239e-17,2.70409e-17,1.03374e-17,3.89661e-18,1.446e-18,5.27172e-19,1.88318e-19,6.56591e-20,2.22156e-20,7.24617e-21,2.2637e-21,6.73087e-22,1.89367e-22,5.01348e-23,1.24278e-23,2.87126e-24,6.15086e-25,1.18135e-25,0
0,7.23528e-27,4.0698e-26,2.05546e-25,9.61363e-25,4.18244e-24,1.69933e-23,6.47641e-23,2.32635e-22,7.91697e-22,2.56696e-21,7.97714e-21,2.39088e-20,6.95575e-20,1.97357e-19,5.47674e-19,1.49044e-18,3.98681e-18,1.0502e-17,2.72813e-17,6.99584e-17,1.77204e-16,4.43539e-16,1.09722e-15,2.68284e-15,6.48392e-15,1.54886e-14,3.65679e-14,8.53267e-14,1.96764e-13,4.48395e-13,1.00973e-12,2.24675e-12,4.93945e-12,1.07285e-11,2.30192e-11,4.87842e-11,1.02102e-10,2.10991e-10,4.30374e-10,8.66204e-10,1.71935e-09,3.36335e-09,6.47764e-09,1.22654e-08,2.27861e-08,6.57344e-08,1.97858e-07,5.73897e-07,1.58965e-06,4.19451e-06,1.05213e-05,2.50296e-05,5.63171e-05,0.000119432,0.00023762,0.000440564,0.000753299,0.00116733,0.00159007,0.00180512,0.00159007,0.00116733,0.000753299,0.000440564,0.00023762,0.000119432,5.63171e-05,2.50296e-05,1.05213e-05,4.19455e-06,1.58979e-06,5.7442e-07,1.99692e-07,7.1906e-08,4.27103e-08,2.29532e-08,1.21315e-08,6.31477e-09,3.24036e-09,1.64024e-09,8.19412e-10,4.04133e-10,1.96824e-10,9.46756e-11,4.49846e-11,2.11154e-11,9.79216e-12,4.48671e-12,2.03129e-12,9.08718e-13,4.01715e-13,1.75491e-13,7.57622e-14,3.23243e-14,1.36301e-14,5.68039e-15,2.3398e-15,9.52597e-16,3.83317e-16,1.52435e-16,5.98941e-17,2.32413e-17,8.89977e-18,3.35915e-18,1.24766e-18,4.55038e-19,1.62519e-19,5.66168e-20,1.91272e-20,6.22502e-21,1.93904e-21,5.7449e-22,1.60945e-22,4.24039e-23,1.04544e-23,2.40091e-24,5.10999e-25,9.75021e-26,0
0,5.62019e-27,3.18896e-26,1.62456e-25,7.65964e-25,3.35717e-24,1.3733e-23,5.26583e-23,1.90172e-22,6.50203e-22,2.11637e-21,6.59706e-21,1.9817e-20,5.77363e-20,1.63922e-19,4.54847e-19,1.23684e-18,3.30382e-18,8.68607e-18,2.25105e-17,5.75656e-17,1.45365e-16,3.62619e-16,8.93766e-16,2.17675e-15,5.23842e-15,1.2456e-14,2.92623e-14,6.79131e-14,1.55694e-13,3.52547e-13,7.88376e-13,1.74084e-12,3.79511e-12,8.16659e-12,1.73422e-11,3.63317e-11,7.50631e-11,1.52871e-10,3.06705e-10,6.05728e-10,1.17638e-09,2.24351e-09,4.19353e-09,7.66168e-09,1.36279e-08,3.87375e-08,1.1552e-07,3.31783e-07,9.08623e-07,2.36586e-06,5.84213e-06,1.36421e-05,3.00205e-05,6.19884e-05,0.000119432,0.000213074,0.000348174,0.000512762,0.000664353,0.000731996,0.000664353,0.000512762,0.000348174,0.000213074,0.000119432,6.19884e-05,3.00205e-05,1.36421e-05,5.84214e-06,2.36588e-06,9.08717e-07,3.32123e-07,1.16707e-07,4.2727e-08,2.64857e-08,1.47864e-08,8.06658e-09,4.31264e-09,2.2641e-09,1.16888e-09,5.94041e-10,2.97425e-10,1.46793e-10,7.14496e-11,3.43094e-11,1.6258e-11,7.60437e-12,3.51139e-12,1.60098e-12,7.20836e-13,3.2054e-13,1.40789e-13,6.10844e-14,2.61821e-14,1.10873e-14,4.63895e-15,1.91785e-15,7.83479e-16,3.16265e-16,1.26137e-16,4.96927e-17,1.93279e-17,7.41576e-18,2.80325e-18,1.0422e-18,3.80227e-19,1.35747e-19,4.7235e-20,1.59257e-20,5.16825e-21,1.60391e-21,4.73051e-22,1.31824e-22,3.45215e-23,8.45366e-24,1.92703e-24,4.06848e-25,7.7e-26,0
0,4.16008e-27,2.38528e-26,1.2278e-25,5.84524e-25,2.58493e-24,1.06608e-23,4.11812e-23,1.49702e-22,5.14755e-22,1.68353e-21,5.26805e-21,1.58705e-20,4.63275e-20,1.31662e-19,3.65366e-19,9.92788e-19,2.648e-18,6.94708e-18,1.79558e-17,4.57744e-17,1.15183e-16,2.86217e-16,7.0249e-16,1.70314e-15,4.07864e-15,9.64717e-15,2.25348e-14,5.1978e-14,1.18367e-13,2.66078e-13,5.90298e-13,1.29215e-12,2.7901e-12,5.94083e-12,1.24688e-11,2.57838e-11,5.24993e-11,1.05177e-10,2.07126e-10,4.0046e-10,7.5891e-10,1.4066e-09,2.542e-09,4.4597e-09,7.54604e-09,2.10971e-08,6.23227e-08,1.77265e-07,4.80133e-07,1.2344e-06,3.00379e-06,6.89586e-06,1.48774e-05,3.00205e-05,5.63171e-05,9.7451e-05,0.000153922,0.000218792,0.000274673,0.000297868,0.000274673,0.000218792,0.000153922,9.7451e-05,5.63171e-05,3.00205e-05,1.48774e-05,6.89586e-06,3.0038e-06,1.23442e-06,4.80189e-07,1.7747e-07,6.3041e-08,2.35091e-08,1.53121e-08,8.92355e-09,5.04401e-09,2.77846e-09,1.49637e-09,7.89737e-10,4.09145e-10,2.08342e-10,1.04376e-10,5.1485e-11,2.50194e-11,1.19838e-11,5.65987e-12,2.63663e-12,1.21183e-12,5.49643e-13,2.46065e-13,1.08749e-13,4.74533e-14,2.04472e-14,8.70119e-15,3.65719e-15,1.51837e-15,6.22728e-16,2.52293e-16,1.00961e-16,3.98947e-17,1.55581e-17,5.98243e-18,2.26513e-18,8.42946e-19,3.07593e-19,1.09743e-19,3.8125e-20,1.28208e-20,4.14567e-21,1.28066e-21,3.75618e-22,1.03997e-22,2.70348e-23,6.5664e-24,1.48346e-24,3.10178e-25,5.81322e-26,0
0,2.93084e-27,1.70124e-26,8.8642e-26,4.26831e-25,1.90755e-24,7.9435e-24,3.09545e-23,1.13409e-22,3.92632e-22,1.29159e-21,4.06075e-21,1.22779e-20,3.59313e-20,1.02264e-19,2.839e-19,7.70982e-19,2.05339e-18,5.37509e-18,1.38526e-17,3.5193e-17,8.82111e-17,2.18249e-16,5.33154e-16,1.28604e-15,3.06296e-15,7.20218e-15,1.67169e-14,3.82943e-14,8.65584e-14,1.93007e-13,4.24427e-13,9.20148e-13,1.96593e-12,4.13748e-12,8.57271e-12,1.74751e-11,3.50171e-11,6.89032e-11,1.32959e-10,2.51164e-10,4.63407e-10,8.3247e-10,1.44966e-09,2.43137e-09,3.8885e-09,1.06724e-08,3.12315e-08,8.80044e-08,2.35884e-07,5.99294e-07,1.43877e-06,3.25266e-06,6.89586e-06,1.36421e-05,2.50296e-05,4.22645e-05,6.50466e-05,9.01345e-05,0.000110815,0.000119059,0.000110815,9.01345e-05,6.50466e-05,4.22645e-05,2.50296e-05,1.36421e-05,6.89586e-06,3.25266e-06,1.43877e-06,5.99302e-07,2.35916e-07,8.8121e-08,3.16395e-08,1.20421e-08,8.2981e-09,5.07063e-09,2.97956e-09,1.69554e-09,9.38827e-10,5.07503e-10,2.68485e-10,1.39259e-10,7.09163e-11,3.54947e-11,1.74762e-11,8.47027e-12,4.0435e-12,1.90208e-12,8.82027e-13,4.03326e-13,1.81917e-13,8.09542e-14,3.55505e-14,1.54089e-14,6.59315e-15,2.78529e-15,1.16187e-15,4.78619e-16,1.94701e-16,7.82053e-17,3.10067e-17,1.2127e-17,4.67405e-18,1.7727e-18,6.60265e-19,2.40922e-19,8.58646e-20,2.97655e-20,9.97663e-21,3.21165e-21,9.86592e-22,2.8744e-22,7.89699e-23,2.03506e-23,4.8953e-24,1.09429e-24,2.26213e-25,4.19102e-26,0
0,1.96253e-27,1.15547e-26,6.10583e-26,2.97907e-25,1.34773e-24,5.67567e-24,2.23444e-23,8.26179e-23,2.88349e-22,9.55133e-22,3.0202e-21,9.17295e-21,2.69324e-20,7.6808e-20,2.13409e-19,5.79379e-19,1.54103e-18,4.02489e-18,1.03416e-17,2.61767e-17,6.53349e-17,1.6089e-16,3.91017e-16,9.37953e-16,2.22057e-15,5.18782e-15,1.1958e-14,2.71883e-14,6.09584e-14,1.34734e-13,2.9346e-13,6.29604e-13,1.32988e-12,2.76388e-12,5.64775e-12,1.13369e-11,2.23307e-11,4.31023e-11,8.13814e-11,1.49963e-10,2.68873e-10,4.67078e-10,7.81448e-10,1.24779e-09,1.87385e-09,5.03803e-09,1.46062e-08,4.07936e-08,1.08276e-07,2.7209e-07,6.45246e-07,1.43877e-06,3.0038e-06,5.84214e-06,1.05213e-05,1.74172e-05,2.62692e-05,3.57195e-05,4.32792e-05,4.62221e-05,4.32792e-05,3.57195e-05,2.62692e-05,1.74172e-05,1.05213e-05,5.84214e-06,3.0038e-06,1.43877e-06,6.45247e-07,2.72094e-07,1.08293e-07,4.0856e-08,1.48246e-08,5.77167e-09,4.23791e-09,2.72643e-09,1.67022e-09,9.84017e-10,5.61185e-10,3.11197e-10,1.68344e-10,8.90509e-11,4.61479e-11,2.34617e-11,1.17153e-11,5.75076e-12,2.77715e-12,1.32021e-12,6.18124e-13,2.85159e-13,1.29669e-13,5.8138e-14,2.57088e-14,1.12151e-14,4.82753e-15,2.0508e-15,8.59934e-16,3.55953e-16,1.45448e-16,5.86599e-17,2.33415e-17,9.1572e-18,3.53793e-18,1.34397e-18,5.00913e-19,1.82702e-19,6.50122e-20,2.24732e-20,7.5014e-21,2.40175e-21,7.32871e-22,2.11834e-22,5.76717e-23,1.47112e-23,3.49914e-24,7.72655e-25,1.57628e-25,2.88163e-26,0
0,1.24703e-27,7.4622e-27,4.0071e-26,1.98473e-25,9.10544e-25,3.88435e-24,1.54736e-23,5.78246e-23,2.03728e-22,6.80368e-22,2.16618e-21,6.61544e-21,1.95038e-20,5.57766e-20,1.55193e-19,4.21383e-19,1.1196e-18,2.91798e-18,7.4747e-18,1.88478e-17,4.68328e-17,1.1475e-16,2.77346e-16,6.61316e-16,1.55558e-15,3.60912e-15,8.25725e-15,1.86238e-14,4.13951e-14,9.06377e-14,1.95411e-13,4.14611e-13,8.65185e-13,1.77431e-12,3.57283e-12,7.0563e-12,1.365e-11,2.58186e-11,4.76457e-11,8.55364e-11,1.48809e-10,2.49518e-10,4.00063e-10,6.05825e-10,8.48398e-10,2.22866e-09,6.4019e-09,1.7731e-08,4.66369e-08,1.16022e-07,2.72094e-07,5.99302e-07,1.23442e-06,2.36588e-06,4.19455e-06,6.83173e-06,1.01397e-05,1.35898e-05,1.62918e-05,1.7328e-05,1.62918e-05,1.35898e-05,1.01397e-05,6.83173e-06,4.19455e-06,2.36588e-06,1.23442e-06,5.99302e-07,2.72094e-07,1.16025e-07,4.66455e-08,1.77626e-08,6.51247e-09,2.60086e-09,2.05032e-09,1.39401e-09,8.92425e-10,5.45289e-10,3.2074e-10,1.82671e-10,1.0115e-10,5.46204e-11,2.88297e-11,1.49003e-11,7.55148e-12,3.75703e-12,1.83668e-12,8.82941e-13,4.17652e-13,1.94499e-13,8.92156e-14,4.03232e-14,1.79643e-14,7.8911e-15,3.41865e-15,1.46103e-15,6.16069e-16,2.56338e-16,1.05246e-16,4.26306e-17,1.70279e-17,6.70142e-18,2.59528e-18,9.87289e-19,3.68094e-19,1.34136e-19,4.76237e-20,1.64024e-20,5.44719e-21,1.73268e-21,5.24534e-22,1.50215e-22,4.04663e-23,1.02015e-23,2.39526e-24,5.21513e-25,1.04797e-25,1.88678e-26,0
0,7.50553e-28,4.57452e-27,2.50146e-26,1.26027e-25,5.87427e-25,2.543e-24,1.02675e-23,3.88407e-23,1.38344e-22,4.66438e-22,1.49717e-21,4.60283e-21,1.36404e-20,3.91512e-20,1.0917e-19,2.96629e-19,7.87624e-19,2.04891e-18,5.23307e-18,1.31447e-17,3.25113e-17,7.92415e-17,1.90412e-16,4.51162e-16,1.05402e-15,2.42755e-15,5.51026e-15,1.23229e-14,2.71405e-14,5.88409e-14,1.25505e-13,2.63203e-13,5.42299e-13,1.09678e-12,2.17501e-12,4.22369e-12,8.01869e-12,1.48524e-11,2.6768e-11,4.67774e-11,7.88815e-11,1.27492e-10,1.95496e-10,2.79765e-10,3.62635e-10,9.27648e-10,2.64016e-09,7.25506e-09,1.89228e-08,4.66444e-08,1.08293e-07,2.35916e-07,4.80189e-07,9.08717e-07,1.58979e-06,2.55459e-06,3.74264e-06,4.95965e-06,5.89806e-06,6.25432e-06,5.89806e-06,4.95965e-06,3.74264e-06,2.55459e-06,1.58979e-06,9.08717e-07,4.80189e-07,2.35916e-07,1.08293e-07,4.66455e-08,1.89269e-08,7.27021e-09,2.69337e-09,1.10732e-09,9.44854e-10,6.81223e-10,4.56597e-10,2.89698e-10,1.75913e-10,1.02977e-10,5.84082e-11,3.22182e-11,1.73313e-11,9.11165e-12,4.68957e-12,2.36608e-12,1.17157e-12,5.69836e-13,2.7246e-13,1.28147e-13,5.93209e-14,2.70399e-14,1.21417e-14,5.37268e-15,2.34355e-15,1.00797e-15,4.27558e-16,1.78883e-16,7.38162e-17,3.00354e-17,1.2044e-17,4.75487e-18,1.84551e-18,7.02841e-19,2.61999e-19,9.53239e-20,3.37404e-20,1.15671e-20,3.81761e-21,1.20492e-21,3.61387e-22,1.02386e-22,2.72486e-23,6.77739e-24,1.56801e-24,3.35988e-25,6.63702e-26,1.17443e-26,0
0,4.27016e-28,2.6568e-27,1.48268e-26,7.61419e-26,3.61297e-25,1.59018e-24,6.51907e-24,2.50059e-23,9.01865e-23,3.07446e-22,9.96278e-22,3.08736e-21,9.20754e-21,2.65526e-20,7.42671e-20,2.0209e-19,5.36569e-19,1.39379e-18,3.55027e-18,8.88433e-18,2.1872e-17,5.30229e-17,1.26644e-16,2.98094e-16,6.91457e-16,1.58032e-15,3.55766e-15,7.88596e-15,1.72034e-14,3.69152e-14,7.78675e-14,1.61341e-13,3.28092e-13,6.54117e-13,1.27698e-12,2.43733e-12,4.53965e-12,8.23118e-12,1.44837e-11,2.46306e-11,4.02493e-11,6.26798e-11,9.18374e-11,1.2388e-10,1.4745e-10,3.65577e-10,1.03025e-09,2.80923e-09,7.26831e-09,1.77621e-08,4.08558e-08,8.8121e-08,1.7747e-07,3.32123e-07,5.7442e-07,9.12553e-07,1.3227e-06,1.73692e-06,2.05257e-06,2.17155e-06,2.05257e-06,1.73692e-06,1.3227e-06,9.12553e-07,5.7442e-07,3.32123e-07,1.7747e-07,8.8121e-08,4.0856e-08,1.77626e-08,7.27021e-09,2.81618e-09,1.05474e-09,4.48606e-10,4.17926e-10,3.20281e-10,2.24936e-10,1.48244e-10,9.29527e-11,5.59422e-11,3.25113e-11,1.83248e-11,1.005e-11,5.37655e-12,2.81129e-12,1.43899e-12,7.21975e-13,3.55432e-13,1.71849e-13,8.16627e-14,3.81646e-14,1.75509e-14,7.94602e-15,3.54317e-15,1.55663e-15,6.74e-16,2.87681e-16,1.21055e-16,5.02154e-17,2.05272e-17,8.26334e-18,3.27209e-18,1.27242e-18,4.84884e-19,1.80601e-19,6.55504e-20,2.31078e-20,7.87643e-21,2.58013e-21,8.06906e-22,2.3941e-22,6.69943e-23,1.75843e-23,4.30731e-24,9.80073e-25,2.06263e-25,3.99681e-26,6.93605e-27,0
0,2.29132e-28,1.45874e-27,8.32741e-27,4.36864e-26,2.11468e-25,9.48164e-25,3.95426e-24,1.54078e-23,5.6365e-23,1.94598e-22,6.37607e-22,1.99454e-21,5.99427e-21,1.73892e-20,4.88406e-20,1.33223e-19,3.53976e-19,9.18706e-19,2.33483e-18,5.82234e-18,1.42688e-17,3.4404e-17,8.16687e-17,1.90929e-16,4.39621e-16,9.96793e-16,2.22493e-15,4.88687e-15,1.05565e-14,2.2414e-14,4.67432e-14,9.56659e-14,1.9196e-13,3.77199e-13,7.24823e-13,1.35972e-12,2.48487e-12,4.41198e-12,7.58464e-12,1.25663e-11,1.99374e-11,3.0007e-11,4.21983e-11,5.39349e-11,5.89025e-11,1.40451e-10,3.89993e-10,1.05163e-09,2.69252e-09,6.51224e-09,1.48245e-08,3.16394e-08,6.3041e-08,1.16707e-07,1.99692e-07,3.13973e-07,4.50811e-07,5.87385e-07,6.90481e-07,7.29125e-07,6.90481e-07,5.87385e-07,4.50811e-07,3.13973e-07,1.99692e-07,1.16707e-07,6.3041e-08,3.16395e-08,1.48246e-08,6.51247e-09,2.69337e-09,1.05474e-09,4.00941e-10,1.7768e-10,1.81176e-10,1.46924e-10,1.07731e-10,7.35773e-11,4.757e-11,2.9409e-11,1.75042e-11,1.00795e-11,5.6357e-12,3.06825e-12,1.63014e-12,8.46686e-13,4.30538e-13,2.14592e-13,1.04945e-13,5.03998e-14,2.37864e-14,1.10391e-14,5.04058e-15,2.26556e-15,1.00276e-15,4.37201e-16,1.87815e-16,7.95008e-17,3.31544e-17,1.36157e-17,5.50169e-18,2.18441e-18,8.50658e-19,3.24146e-19,1.20528e-19,4.35963e-20,1.52881e-20,5.17423e-21,1.67989e-21,5.1976e-22,1.52305e-22,4.20225e-23,1.08581e-23,2.61433e-24,5.83846e-25,1.20427e-25,2.28397e-26,3.87833e-27,0
0,1.15675e-28,7.55419e-28,4.42195e-27,2.37526e-26,1.1755e-25,5.38056e-25,2.28731e-24,9.07088e-24,3.372e-23,1.18108e-22,3.91947e-22,1.23963e-21,3.75993e-21,1.09879e-20,3.10306e-20,8.49448e-20,2.26088e-19,5.86764e-19,1.48877e-18,3.70118e-18,9.03173e-18,2.16615e-17,5.11047e-17,1.18655e-16,2.7116e-16,6.09847e-16,1.34941e-15,2.93627e-15,6.27968e-15,1.31909e-14,2.71939e-14,5.49708e-14,1.08841e-13,2.1082e-13,3.98878e-13,7.35861e-13,1.32079e-12,2.30033e-12,3.87454e-12,6.285e-12,9.7659e-12,1.44325e-11,2.00745e-11,2.57554e-11,2.85376e-11,6.51487e-11,1.72488e-10,4.47039e-10,1.10685e-09,2.60072e-09,5.77163e-09,1.20421e-08,2.35091e-08,4.2727e-08,7.1906e-08,1.11416e-07,1.58008e-07,2.03913e-07,2.38229e-07,2.51022e-07,2.38229e-07,2.03913e-07,1.58008e-07,1.11416e-07,7.1906e-08,4.2727e-08,2.35091e-08,1.20421e-08,5.77167e-09,2.60086e-09,1.10732e-09,4.48606e-10,1.7768e-10,8.21125e-11,8.39219e-11,6.86056e-11,5.13154e-11,3.58967e-11,2.3782e-11,1.5051e-11,9.15657e-12,5.38046e-12,3.06497e-12,1.69754e-12,9.16257e-13,4.82884e-13,2.48874e-13,1.25601e-13,6.21388e-14,3.01645e-14,1.43794e-14,6.73597e-15,3.10267e-15,1.40597e-15,6.2706e-16,2.7535e-16,1.19068e-16,5.0704e-17,2.12579e-17,8.76932e-18,3.55568e-18,1.41488e-18,5.5139e-19,2.09912e-19,7.78373e-20,2.80233e-20,9.76217e-21,3.27575e-21,1.05237e-21,3.21587e-22,9.29019e-23,2.52262e-23,6.40411e-24,1.51251e-24,3.30821e-25,6.67279e-26,1.23573e-26,2.04829e-27,0
0,5.47966e-29,3.68038e-28,2.21467e-27,1.22099e-26,6.19211e-26,2.8998e-25,1.25921e-24,5.09277e-24,1.92756e-23,6.86246e-23,2.31072e-22,7.40189e-22,2.26961e-21,6.69215e-21,1.90308e-20,5.23533e-20,1.39751e-19,3.63059e-19,9.20442e-19,2.28276e-18,5.5492e-18,1.32425e-17,3.10549e-17,7.16119e-17,1.6242e-16,3.62304e-16,7.94634e-16,1.71288e-15,3.6266e-15,7.53665e-15,1.53605e-14,3.06742e-14,5.99518e-14,1.14537e-13,2.13589e-13,3.88129e-13,6.86015e-13,1.17702e-12,1.95653e-12,3.14699e-12,4.90192e-12,7.44266e-12,1.12439e-11,1.77877e-11,3.25019e-11,7.379e-11,1.76923e-10,4.163e-10,9.44262e-10,2.05011e-09,4.23784e-09,8.29808e-09,1.53121e-08,2.64857e-08,4.27103e-08,6.38497e-08,8.79924e-08,1.11188e-07,1.28226e-07,1.34521e-07,1.28226e-07,1.11188e-07,8.79924e-08,6.38498e-08,4.27103e-08,2.64857e-08,1.53121e-08,8.2981e-09,4.23791e-09,2.05032e-09,9.44854e-10,4.17926e-10,1.81176e-10,8.39219e-11,5.14603e-11,3.58238e-11,2.54435e-11,1.76408e-11,1.17825e-11,7.5677e-12,4.68305e-12,2.80009e-12,1.62232e-12,9.13122e-13,5.00396e-13,2.6749e-13,1.39702e-13,7.13829e-14,3.57259e-14,1.75309e-14,8.44179e-15,3.99207e-15,1.85516e-15,8.47665e-16,3.81004e-16,1.68516e-16,7.33557e-17,3.1425e-17,1.32434e-17,5.48604e-18,2.23102e-18,8.89111e-19,3.46434e-19,1.31617e-19,4.86076e-20,1.73932e-20,6.00965e-21,1.99599e-21,6.33398e-22,1.90813e-22,5.42393e-23,1.44655e-23,3.60056e-24,8.32347e-25,1.77899e-25,3.50068e-26,6.31468e-27,1.01914e-27,0
0,2.42888e-29,1.68236e-28,1.04344e-27,5.9193e-27,3.08357e-26,1.48084e-25,6.58314e-25,2.72113e-24,1.05079e-23,3.81009e-23,1.30425e-22,4.23938e-22,1.31649e-21,3.9235e-21,1.1254e-20,3.11612e-20,8.35451e-20,2.17536e-19,5.51669e-19,1.3661e-18,3.31047e-18,7.8644e-18,1.83384e-17,4.20078e-17,9.4569e-17,2.09241e-16,4.54917e-16,9.71468e-16,2.03651e-15,4.18794e-15,8.44149e-15,1.66625e-14,3.21754e-14,6.0714e-14,1.11824e-13,2.00811e-13,3.51301e-13,5.98619e-13,9.95015e-13,1.62099e-12,2.61714e-12,4.27954e-12,7.33765e-12,1.37202e-11,2.84973e-11,6.39083e-11,1.44529e-10,3.19202e-10,6.80772e-10,1.39383e-09,2.72636e-09,5.0706e-09,8.92354e-09,1.47864e-08,2.29532e-08,3.32094e-08,4.45609e-08,5.51969e-08,6.28724e-08,6.56818e-08,6.28724e-08,5.51969e-08,4.45609e-08,3.32094e-08,2.29532e-08,1.47864e-08,8.92355e-09,5.07063e-09,2.72643e-09,1.39401e-09,6.81223e-10,3.20281e-10,1.46924e-10,6.86056e-11,3.58238e-11,2.11883e-11,1.35909e-11,8.97411e-12,5.89358e-12,3.78506e-12,2.36164e-12,1.42926e-12,8.39477e-13,4.79191e-13,2.66264e-13,1.44248e-13,7.63019e-14,3.94602e-14,1.99749e-14,9.90725e-15,4.81898e-15,2.30055e-15,1.07865e-15,4.96995e-16,2.25138e-16,1.003e-16,4.39493e-17,1.89372e-17,8.01948e-18,3.33429e-18,1.35902e-18,5.41911e-19,2.10871e-19,7.98428e-20,2.93232e-20,1.04115e-20,3.56174e-21,1.16873e-21,3.65646e-22,1.08376e-22,3.02502e-23,7.90705e-24,1.92544e-24,4.34679e-25,9.05698e-26,1.73443e-26,3.03961e-27,4.76393e-28,0
0,1.00441e-29,7.19495e-29,4.61208e-28,2.69916e-27,1.44796e-26,7.14792e-26,3.26065e-25,1.38055e-24,5.45091e-24,2.01719e-23,7.03433e-23,2.32476e-22,7.32573e-22,2.21092e-21,6.40835e-21,1.78912e-20,4.8257e-20,1.2613e-19,3.20393e-19,7.93097e-19,1.91773e-18,4.53862e-18,1.05292e-17,2.39693e-17,5.35759e-17,1.17607e-16,2.5352e-16,5.36488e-16,1.11394e-15,2.26796e-15,4.52453e-15,8.83764e-15,1.68884e-14,3.15526e-14,5.76078e-14,1.02794e-13,1.79466e-13,3.07505e-13,5.20417e-13,8.80041e-13,1.51422e-12,2.713e-12,5.1657e-12,1.05117e-11,2.25137e-11,4.92378e-11,1.06529e-10,2.24326e-10,4.56313e-10,8.92301e-10,1.67017e-09,2.97954e-09,5.044e-09,8.06658e-09,1.21315e-08,1.70797e-08,2.2413e-08,2.73056e-08,3.07845e-08,3.20481e-08,3.07845e-08,2.73056e-08,2.2413e-08,1.70797e-08,1.21315e-08,8.06658e-09,5.04401e-09,2.97956e-09,1.67022e-09,8.92425e-10,4.56597e-10,2.24936e-10,1.07731e-10,5.13154e-11,2.54435e-11,1.35909e-11,7.86292e-12,4.81911e-12,3.03268e-12,1.91075e-12,1.18682e-12,7.21037e-13,4.27059e-13,2.46379e-13,1.385e-13,7.59286e-14,4.06378e-14,2.1257e-14,1.08786e-14,5.45216e-15,2.67835e-15,1.29066e-15,6.10522e-16,2.83651e-16,1.29493e-16,5.81021e-17,2.56219e-17,1.11006e-17,4.72126e-18,1.96875e-18,8.03471e-19,3.20184e-19,1.24251e-19,4.68117e-20,1.70671e-20,6.00185e-21,2.02895e-21,6.5645e-22,2.02059e-22,5.87994e-23,1.6081e-23,4.11054e-24,9.76988e-25,2.14881e-25,4.35397e-26,8.09351e-27,1.37435e-27,2.08596e-28,0
0,3.86308e-30,2.87034e-29,1.90697e-28,1.15446e-27,6.39399e-27,3.25271e-26,1.52621e-25,6.63434e-25,2.6844e-24,1.01611e-23,3.6174e-23,1.2181e-22,3.90311e-22,1.19532e-21,3.50806e-21,9.89439e-21,2.68988e-20,7.06973e-20,1.8017e-19,4.46472e-19,1.07857e-18,2.54562e-18,5.8804e-18,1.33122e-17,2.95596e-17,6.44081e-17,1.37726e-16,2.88971e-16,5.94699e-16,1.19989e-15,2.3723e-15,4.59393e-15,8.71107e-15,1.61762e-14,2.94406e-14,5.26188e-14,9.27165e-14,1.62167e-13,2.84565e-13,5.08266e-13,9.38774e-13,1.81407e-12,3.67261e-12,7.7065e-12,1.64497e-11,3.49988e-11,7.30103e-11,1.47929e-10,2.89538e-10,5.45213e-10,9.83983e-10,1.69552e-09,2.77846e-09,4.31263e-09,6.31477e-09,8.68791e-09,1.11885e-08,1.34417e-08,1.50239e-08,1.55949e-08,1.50239e-08,1.34417e-08,1.11885e-08,8.68791e-09,6.31477e-09,4.31264e-09,2.77846e-09,1.69554e-09,9.84017e-10,5.45289e-10,2.89698e-10,1.48244e-10,7.35773e-11,3.58967e-11,1.76408e-11,8.97411e-12,4.81911e-12,2.73938e-12,1.62603e-12,9.8708e-13,6.01322e-13,3.62778e-13,2.15053e-13,1.24757e-13,7.0707e-14,3.91347e-14,2.1159e-14,1.11825e-14,5.78139e-15,2.92636e-15,1.45134e-15,7.05783e-16,3.36758e-16,1.57738e-16,7.25567e-17,3.27792e-17,1.45417e-17,6.33107e-18,2.70228e-18,1.12902e-18,4.60778e-19,1.83234e-19,7.07933e-20,2.64902e-20,9.56912e-21,3.32611e-21,1.1088e-21,3.52961e-22,1.06657e-22,3.04043e-23,8.12891e-24,2.02722e-24,4.69162e-25,1.00282e-25,1.97092e-26,3.54684e-27,5.81965e-28,8.52937e-29,0
0,1.37753e-30,1.06489e-29,7.35391e-29,4.61805e-28,2.64775e-27,1.39161e-26,6.73291e-26,3.0121e-25,1.25188e-24,4.85802e-24,1.76957e-23,6.08472e-23,1.98687e-22,6.18773e-22,1.84267e-21,5.26148e-21,1.44466e-20,3.82565e-20,9.79971e-20,2.43525e-19,5.88658e-19,1.38744e-18,3.19506e-18,7.20021e-18,1.58967e-17,3.44095e-17,7.30485e-17,1.52104e-16,3.10618e-16,6.22008e-16,1.22125e-15,2.35131e-15,4.44174e-15,8.2435e-15,1.50688e-14,2.72472e-14,4.90613e-14,8.87964e-14,1.63392e-13,3.09074e-13,6.05248e-13,1.22651e-12,2.55088e-12,5.37281e-12,1.12953e-11,2.33997e-11,4.73128e-11,9.27996e-11,1.7583e-10,3.20698e-10,5.61165e-10,9.38818e-10,1.49636e-09,2.2641e-09,3.24036e-09,4.37124e-09,5.53989e-09,6.57693e-09,7.29743e-09,7.55603e-09,7.29743e-09,6.57693e-09,5.53989e-09,4.37124e-09,3.24036e-09,2.2641e-09,1.49637e-09,9.38827e-10,5.61185e-10,3.2074e-10,1.75913e-10,9.29527e-11,4.757e-11,2.3782e-11,1.17825e-11,5.89358e-12,3.03268e-12,1.62603e-12,9.0992e-13,5.26542e-13,3.10439e-13,1.83784e-13,1.08035e-13,6.25975e-14,3.55976e-14,1.98247e-14,1.08026e-14,5.75876e-15,3.00426e-15,1.53452e-15,7.67883e-16,3.7667e-16,1.8122e-16,8.55473e-17,3.96333e-17,1.80196e-17,8.0368e-18,3.51324e-18,1.50327e-18,6.28449e-19,2.56093e-19,1.01446e-19,3.89461e-20,1.44445e-20,5.15873e-21,1.76845e-21,5.80053e-22,1.81261e-22,5.36477e-23,1.49466e-23,3.89729e-24,9.45934e-25,2.12634e-25,4.40566e-26,8.37651e-27,1.45533e-27,2.30075e-28,3.24645e-29,0
0,4.53959e-31,3.66257e-30,2.63692e-29,1.72259e-28,1.02521e-27,5.58163e-27,2.79172e-26,1.28852e-25,5.51408e-25,2.19884e-24,8.21402e-24,2.89069e-23,9.64077e-23,3.0601e-22,9.26738e-22,2.68489e-21,7.46205e-21,1.99531e-20,5.14828e-20,1.28553e-19,3.1152e-19,7.34502e-19,1.68883e-18,3.79388e-18,8.33919e-18,1.79542e-17,3.78893e-17,7.84101e-17,1.59172e-16,3.1706e-16,6.20055e-16,1.19168e-15,2.25465e-15,4.21142e-15,7.80039e-15,1.44165e-14,2.6801e-14,5.05691e-14,9.76111e-14,1.93578e-13,3.93933e-13,8.17142e-13,1.71027e-12,3.57184e-12,7.3683e-12,1.489e-11,2.92955e-11,5.58708e-11,1.02936e-10,1.82649e-10,3.11186e-10,5.07498e-10,7.89735e-10,1.16888e-09,1.64024e-09,2.17548e-09,2.71936e-09,3.19565e-09,3.52355e-09,3.64069e-09,3.52355e-09,3.19565e-09,2.71936e-09,2.17548e-09,1.64024e-09,1.16888e-09,7.89737e-10,5.07503e-10,3.11197e-10,1.82671e-10,1.02977e-10,5.59422e-11,2.9409e-11,1.5051e-11,7.5677e-12,3.78506e-12,1.91075e-12,9.8708e-13,5.26542e-13,2.90345e-13,1.64401e-13,9.45367e-14,5.45769e-14,3.13343e-14,1.77712e-14,9.91397e-15,5.4269e-15,2.91138e-15,1.53001e-15,7.8766e-16,3.97323e-16,1.96454e-16,9.52437e-17,4.52861e-17,2.1118e-17,9.65546e-18,4.32537e-18,1.89629e-18,8.12269e-19,3.3922e-19,1.37764e-19,5.42511e-20,2.06512e-20,7.5745e-21,2.66837e-21,9.00051e-22,2.89788e-22,8.86853e-23,2.56478e-23,6.96681e-24,1.76732e-24,4.16444e-25,9.06908e-26,1.81666e-26,3.33234e-27,5.57379e-28,8.46515e-29,1.14646e-29,0
0,1.37805e-31,1.16414e-30,8.76476e-30,5.97359e-29,3.7008e-28,2.09277e-27,1.0849e-26,5.17914e-26,2.28768e-25,9.39684e-25,3.60848e-24,1.30274e-23,4.44791e-23,1.44228e-22,4.45231e-22,1.31182e-21,3.6991e-21,1.0011e-20,2.60782e-20,6.55806e-20,1.59668e-19,3.77389e-19,8.68109e-19,1.9477e-18,4.26996e-18,9.16056e-18,1.92539e-17,3.96852e-17,8.02859e-17,1.59588e-16,3.12122e-16,6.01892e-16,1.14794e-15,2.17475e-15,4.11613e-15,7.83681e-15,1.51161e-14,2.97084e-14,5.96469e-14,1.22141e-13,2.53668e-13,5.30002e-13,1.10417e-12,2.27477e-12,4.60169e-12,9.08951e-12,1.74552e-11,3.24792e-11,5.83888e-11,1.01139e-10,1.68339e-10,2.68483e-10,4.09144e-10,5.94041e-10,8.19412e-10,1.07091e-09,1.32274e-09,1.54076e-09,1.68967e-09,1.74265e-09,1.68967e-09,1.54076e-09,1.32274e-09,1.07091e-09,8.19412e-10,5.94041e-10,4.09145e-10,2.68485e-10,1.68344e-10,1.0115e-10,5.84082e-11,3.25113e-11,1.75042e-11,9.15657e-12,4.68305e-12,2.36164e-12,1.18682e-12,6.01322e-13,3.10439e-13,1.64401e-13,8.93769e-14,4.96327e-14,2.79143e-14,1.57535e-14,8.84965e-15,4.91854e-15,2.69353e-15,1.44967e-15,7.65686e-16,3.96603e-16,2.01405e-16,1.0027e-16,4.89409e-17,2.34171e-17,1.09808e-17,5.0432e-18,2.26622e-18,9.94892e-19,4.25864e-19,1.77314e-19,7.16129e-20,2.7971e-20,1.05323e-20,3.81113e-21,1.32112e-21,4.37396e-22,1.37901e-22,4.123e-23,1.16224e-23,3.07043e-24,7.55872e-25,1.72472e-25,3.62928e-26,7.00958e-27,1.23703e-27,1.98623e-28,2.88925e-29,3.74385e-30,0
0,3.84074e-32,3.40863e-31,2.69214e-30,1.92e-29,1.24174e-28,7.31359e-28,3.94008e-27,1.95047e-26,8.91496e-26,3.78126e-25,1.49624e-24,5.55465e-24,1.94613e-23,6.46192e-23,2.0382e-22,6.12214e-22,1.75579e-21,4.82117e-21,1.27112e-20,3.22738e-20,7.91436e-20,1.87987e-19,4.33674e-19,9.74108e-19,2.13513e-18,4.57572e-18,9.60418e-18,1.97753e-17,4.00097e-17,7.9694e-17,1.56667e-16,3.04961e-16,5.90306e-16,1.14224e-15,2.22252e-15,4.37322e-15,8.73876e-15,1.77603e-14,3.66455e-14,7.63965e-14,1.59846e-13,3.33216e-13,6.87273e-13,1.39408e-12,2.76708e-12,5.35279e-12,1.00587e-11,1.83107e-11,3.22094e-11,5.46152e-11,8.90481e-11,1.39257e-10,2.08341e-10,2.97425e-10,4.04133e-10,5.21399e-10,6.37325e-10,7.36683e-10,8.04079e-10,8.27974e-10,8.04079e-10,7.36683e-10,6.37325e-10,5.21399e-10,4.04133e-10,2.97425e-10,2.08342e-10,1.39259e-10,8.90509e-11,5.46204e-11,3.22182e-11,1.83248e-11,1.00795e-11,5.38046e-12,2.80009e-12,1.42926e-12,7.21037e-13,3.62778e-13,1.83784e-13,9.45367e-14,4.96327e-14,2.66113e-14,1.45149e-14,7.9998e-15,4.42136e-15,2.43358e-15,1.32671e-15,7.13582e-16,3.77669e-16,1.96367e-16,1.00205e-16,5.01549e-17,2.46116e-17,1.18347e-17,5.57268e-18,2.56698e-18,1.1551e-18,5.06812e-19,2.16332e-19,8.95959e-20,3.58991e-20,1.38728e-20,5.15421e-21,1.83532e-21,6.24448e-22,2.02419e-22,6.23358e-23,1.81624e-23,4.97801e-24,1.27579e-24,3.04006e-25,6.69959e-26,1.35858e-26,2.52302e-27,4.27158e-28,6.56457e-29,9.11799e-30,1.12676e-30,0
0,9.79544e-33,9.16463e-32,7.61759e-31,5.70238e-30,3.86123e-29,2.37528e-28,1.33342e-27,6.86284e-27,3.25409e-26,1.42874e-25,5.83987e-25,2.23473e-24,8.05371e-24,2.74491e-23,8.86776e-23,2.72211e-22,7.95999e-22,2.22336e-21,5.94874e-21,1.52908e-20,3.78728e-20,9.06594e-20,2.1036e-19,4.74463e-19,1.04299e-18,2.24017e-18,4.71228e-18,9.73112e-18,1.97779e-17,3.96788e-17,7.88544e-17,1.55891e-16,3.08081e-16,6.11758e-16,1.22625e-15,2.48905e-15,5.12043e-15,1.0656e-14,2.23399e-14,4.69147e-14,9.80835e-14,2.02943e-13,4.13392e-13,8.25327e-13,1.60901e-12,3.05368e-12,5.62701e-12,1.00439e-11,1.73274e-11,2.88273e-11,4.61466e-11,7.09156e-11,1.04376e-10,1.46793e-10,1.96824e-10,2.51065e-10,3.04081e-10,3.49121e-10,3.79489e-10,3.90223e-10,3.79489e-10,3.49121e-10,3.04081e-10,2.51065e-10,1.96824e-10,1.46793e-10,1.04376e-10,7.09163e-11,4.61479e-11,2.88297e-11,1.73313e-11,1.005e-11,5.6357e-12,3.06497e-12,1.62232e-12,8.39477e-13,4.27059e-13,2.15053e-13,1.08035e-13,5.45769e-14,2.79143e-14,1.45149e-14,7.67678e-15,4.11706e-15,2.2267e-15,1.20682e-15,6.51511e-16,3.48619e-16,1.84205e-16,9.58542e-17,4.90306e-17,2.46201e-17,1.2123e-17,5.84754e-18,2.75969e-18,1.27242e-18,5.72115e-19,2.50299e-19,1.06277e-19,4.36707e-20,1.73138e-20,6.6022e-21,2.41389e-21,8.43627e-22,2.81001e-22,8.89554e-23,2.66901e-23,7.55924e-24,2.00935e-24,4.98296e-25,1.14635e-25,2.4335e-26,4.74268e-27,8.44525e-28,1.36774e-28,2.0058e-29,2.65188e-30,3.11485e-31,0
0,2.27837e-33,2.25531e-32,1.97943e-31,1.5602e-30,1.1094e-29,7.14839e-29,4.19309e-28,2.24969e-27,1.10946e-26,5.05514e-26,2.13961e-25,8.4602e-25,3.14384e-24,1.10252e-23,3.6571e-23,1.15013e-22,3.43801e-22,9.79432e-22,2.66668e-21,6.95947e-21,1.74632e-20,4.22644e-20,9.8972e-20,2.24962e-19,4.97876e-19,1.07618e-18,2.27901e-18,4.74338e-18,9.73661e-18,1.97867e-17,3.99805e-17,8.06941e-17,1.63438e-16,3.335e-16,6.87312e-16,1.43131e-15,3.00652e-15,6.34689e-15,1.34003e-14,2.81465e-14,5.85154e-14,1.19853e-13,2.40898e-13,4.73545e-13,9.07801e-13,1.69298e-12,3.06467e-12,5.37398e-12,9.10994e-12,1.48992e-11,2.34611e-11,3.54944e-11,5.14849e-11,7.14496e-11,9.46756e-11,1.19555e-10,1.4363e-10,1.63923e-10,1.77533e-10,1.8233e-10,1.77533e-10,1.63923e-10,1.4363e-10,1.19555e-10,9.46756e-11,7.14496e-11,5.1485e-11,3.54947e-11,2.34617e-11,1.49003e-11,9.11165e-12,5.37655e-12,3.06825e-12,1.69754e-12,9.13122e-13,4.79191e-13,2.46379e-13,1.24757e-13,6.25975e-14,3.13343e-14,1.57535e-14,7.9998e-15,4.11706e-15,2.14821e-15,1.13359e-15,6.02217e-16,3.20337e-16,1.69714e-16,8.91454e-17,4.62549e-17,2.36411e-17,1.18759e-17,5.85271e-18,2.82479e-18,1.33283e-18,6.13556e-19,2.74933e-19,1.19611e-19,5.03804e-20,2.04824e-20,8.01271e-21,3.0067e-21,1.07888e-21,3.6909e-22,1.2004e-22,3.70151e-23,1.07929e-23,2.96381e-24,7.62104e-25,1.82404e-25,4.04071e-26,8.24049e-27,1.53925e-27,2.62072e-28,4.04819e-29,5.64777e-30,7.08468e-31,7.88229e-32,0
0,4.81619e-34,5.06316e-33,4.70863e-32,3.9206e-31,2.93652e-30,1.98772e-29,1.22172e-28,6.85144e-28,3.52343e-27,1.67028e-26,7.33876e-26,3.00577e-25,1.15452e-24,4.17622e-24,1.42585e-23,4.60574e-23,1.41106e-22,4.11119e-22,1.14234e-21,3.03623e-21,7.744e-21,1.90167e-20,4.51174e-20,1.03785e-19,2.3232e-19,5.07925e-19,1.08873e-18,2.29701e-18,4.79003e-18,9.91636e-18,2.04719e-17,4.23263e-17,8.79512e-17,1.84077e-16,3.88198e-16,8.23648e-16,1.7527e-15,3.72515e-15,7.87166e-15,1.64639e-14,3.39446e-14,6.87428e-14,1.36323e-13,2.6403e-13,4.98286e-13,9.14429e-13,1.62869e-12,2.81022e-12,4.68884e-12,7.55102e-12,1.1715e-11,1.74761e-11,2.50193e-11,3.43094e-11,4.49846e-11,5.62975e-11,6.71469e-11,7.62292e-11,8.22913e-11,8.44231e-11,8.22913e-11,7.62292e-11,6.71469e-11,5.62975e-11,4.49846e-11,3.43094e-11,2.50194e-11,1.74762e-11,1.17153e-11,7.55148e-12,4.68957e-12,2.81129e-12,1.63014e-12,9.16257e-13,5.00396e-13,2.66264e-13,1.385e-13,7.0707e-14,3.55976e-14,1.77712e-14,8.84965e-15,4.42136e-15,2.2267e-15,1.13359e-15,5.83538e-16,3.0309e-16,1.58221e-16,8.26175e-17,4.29435e-17,2.21232e-17,1.12541e-17,5.63554e-18,2.77041e-18,1.33369e-18,6.27189e-19,2.87375e-19,1.27941e-19,5.51827e-20,2.29874e-20,9.21916e-21,3.54833e-21,1.30654e-21,4.58845e-22,1.53245e-22,4.85373e-23,1.45411e-23,4.10984e-24,1.09148e-24,2.70803e-25,6.23932e-26,1.32741e-26,2.59366e-27,4.63049e-28,7.51639e-29,1.10407e-29,1.46077e-30,1.73285e-31,1.81964e-32,0
0,9.2191e-35,1.03345e-33,1.02209e-32,9.02066e-32,7.13966e-31,5.09227e-30,3.28898e-29,1.93325e-28,1.03948e-27,5.13992e-27,2.35025e-26,9.99565e-26,3.97824e-25,1.48798e-24,5.24217e-24,1.74368e-23,5.4898e-23,1.64042e-22,4.66575e-22,1.2671e-21,3.29671e-21,8.24682e-21,1.99103e-20,4.65783e-20,1.06024e-19,2.35822e-19,5.14781e-19,1.10776e-18,2.36048e-18,5.00246e-18,1.05863e-17,2.24444e-17,4.7773e-17,1.02142e-16,2.19133e-16,4.70554e-16,1.00789e-15,2.14499e-15,4.51815e-15,9.3852e-15,1.91636e-14,3.83567e-14,7.50723e-14,1.43372e-13,2.66661e-13,4.8216e-13,8.46103e-13,1.43856e-12,2.36578e-12,3.75683e-12,5.75064e-12,8.4702e-12,1.19838e-11,1.6258e-11,2.11154e-11,2.62135e-11,3.10637e-11,3.50989e-11,3.77808e-11,3.87219e-11,3.77808e-11,3.50989e-11,3.10637e-11,2.62135e-11,2.11154e-11,1.6258e-11,1.19838e-11,8.47027e-12,5.75076e-12,3.75703e-12,2.36608e-12,1.43899e-12,8.46686e-13,4.82884e-13,2.6749e-13,1.44248e-13,7.59286e-14,3.91347e-14,1.98247e-14,9.91397e-15,4.91854e-15,2.43358e-15,1.20682e-15,6.02217e-16,3.0309e-16,1.5387e-16,7.86406e-17,4.03193e-17,2.06466e-17,1.05117e-17,5.29799e-18,2.6331e-18,1.2859e-18,6.15039e-19,2.87192e-19,1.30506e-19,5.75273e-20,2.45168e-20,1.00681e-20,3.9709e-21,1.49922e-21,5.40149e-22,1.85148e-22,6.02056e-23,1.85221e-23,5.37726e-24,1.46944e-24,3.76458e-25,8.98901e-26,1.98853e-26,4.05221e-27,7.56532e-28,1.28729e-28,1.98635e-29,2.76603e-30,3.45944e-31,3.86743e-32,3.81859e-33,0
0,1.59187e-35,1.91103e-34,2.01781e-33,1.89444e-32,1.58974e-31,1.19848e-30,8.15829e-30,5.04041e-29,2.84129e-28,1.46929e-27,7.00963e-27,3.10344e-26,1.28303e-25,4.97453e-25,1.81298e-24,6.2261e-24,2.01997e-23,6.20858e-23,1.81334e-22,5.04944e-22,1.3454e-21,3.44354e-21,8.50209e-21,2.03394e-20,4.73634e-20,1.07861e-19,2.4133e-19,5.32886e-19,1.16615e-18,2.53863e-18,5.51423e-18,1.19757e-17,2.60258e-17,5.65695e-17,1.22772e-16,2.65352e-16,5.6937e-16,1.20891e-15,2.53195e-15,5.21585e-15,1.05413e-14,2.08542e-14,4.03043e-14,7.59615e-14,1.3938e-13,2.4859e-13,4.30307e-13,7.21799e-13,1.17145e-12,1.8366e-12,2.7771e-12,4.04347e-12,5.65985e-12,7.60436e-12,9.79215e-12,1.20685e-11,1.42186e-11,1.59975e-11,1.71753e-11,1.75879e-11,1.71753e-11,1.59975e-11,1.42186e-11,1.20685e-11,9.79216e-12,7.60437e-12,5.65987e-12,4.0435e-12,2.77715e-12,1.83668e-12,1.17157e-12,7.21975e-13,4.30538e-13,2.48874e-13,1.39702e-13,7.63019e-14,4.06378e-14,2.1159e-14,1.08026e-14,5.4269e-15,2.69353e-15,1.32671e-15,6.51511e-16,3.20337e-16,1.58221e-16,7.86406e-17,3.93263e-17,1.97476e-17,9.92369e-18,4.96987e-18,2.46942e-18,1.21203e-18,5.85164e-19,2.76791e-19,1.27778e-19,5.73521e-20,2.49348e-20,1.04623e-20,4.22125e-21,1.63205e-21,6.02626e-22,2.11834e-22,7.06757e-23,2.23169e-23,6.65154e-24,1.86654e-24,4.91915e-25,1.21261e-25,2.77947e-26,5.88818e-27,1.14623e-27,2.03909e-28,3.29738e-29,4.82217e-30,6.34569e-31,7.47698e-32,7.8489e-33,7.25795e-34,0
0,2.46918e-36,3.18946e-35,3.61048e-34,3.61972e-33,3.23192e-32,2.5838e-31,1.85945e-30,1.21103e-29,7.17686e-29,3.89173e-28,1.94219e-27,8.97432e-27,3.86378e-26,1.55685e-25,5.88504e-25,2.09227e-24,7.01507e-24,2.22475e-23,6.69541e-23,1.91903e-22,5.25913e-22,1.38404e-21,3.51399e-21,8.64903e-21,2.07384e-20,4.86728e-20,1.12312e-19,2.55805e-19,5.77018e-19,1.29247e-18,2.88018e-18,6.39187e-18,1.4128e-17,3.10757e-17,6.79121e-17,1.47134e-16,3.15238e-16,6.66213e-16,1.38537e-15,2.82823e-15,5.65675e-15,1.10644e-14,2.11284e-14,3.93292e-14,7.12584e-14,1.25491e-13,2.14501e-13,3.55362e-13,5.69786e-13,8.82907e-13,1.32019e-12,1.90207e-12,2.63663e-12,3.51139e-12,4.48671e-12,5.49355e-12,6.43841e-12,7.21621e-12,7.72947e-12,7.90893e-12,7.72947e-12,7.21621e-12,6.43841e-12,5.49356e-12,4.48671e-12,3.51139e-12,2.63663e-12,1.90208e-12,1.32021e-12,8.82941e-13,5.69836e-13,3.55432e-13,2.14592e-13,1.25601e-13,7.13829e-14,3.94602e-14,2.1257e-14,1.11825e-14,5.75876e-15,2.91138e-15,1.44967e-15,7.13582e-16,3.48619e-16,1.69714e-16,8.26175e-17,4.03193e-17,1.97476e-17,9.70135e-18,4.7703e-18,2.33998e-18,1.14043e-18,5.49787e-19,2.6099e-19,1.21452e-19,5.51581e-20,2.4342e-20,1.03946e-20,4.27752e-21,1.68967e-21,6.38305e-22,2.29801e-22,7.85877e-23,2.54511e-23,7.78336e-24,2.24168e-24,6.06495e-25,1.5376e-25,3.63781e-26,7.98373e-27,1.61541e-27,2.99588e-28,5.06399e-29,7.75948e-30,1.07213e-30,1.32887e-31,1.4699e-32,1.44333e-33,1.24461e-34,0
0,3.42469e-37,4.78469e-36,5.83351e-35,6.27117e-34,5.98017e-33,5.08768e-32,3.88337e-31,2.67429e-30,1.67098e-29,9.52794e-29,4.98744e-28,2.41154e-27,1.08408e-26,4.55164e-26,1.78944e-25,6.60505e-25,2.29571e-24,7.53762e-24,2.34629e-23,6.95159e-23,1.96904e-22,5.35748e-22,1.4073e-21,3.58703e-21,8.91485e-21,2.1698e-20,5.19091e-20,1.22416e-19,2.85186e-19,6.57298e-19,1.50019e-18,3.39212e-18,7.59808e-18,1.68495e-17,3.69529e-17,8.00292e-17,1.70855e-16,3.58905e-16,7.40456e-16,1.49767e-15,2.96491e-15,5.7361e-15,1.08295e-14,1.9925e-14,3.56784e-14,6.20966e-14,1.0491e-13,1.71822e-13,2.7244e-13,4.17639e-13,6.18115e-13,8.82021e-13,1.21183e-12,1.60097e-12,2.03129e-12,2.47235e-12,2.88383e-12,3.22103e-12,3.44285e-12,3.52029e-12,3.44285e-12,3.22103e-12,2.88383e-12,2.47235e-12,2.03129e-12,1.60098e-12,1.21183e-12,8.82027e-13,6.18124e-13,4.17652e-13,2.7246e-13,1.71849e-13,1.04945e-13,6.21388e-14,3.57259e-14,1.99749e-14,1.08786e-14,5.78139e-15,3.00426e-15,1.53001e-15,7.65686e-16,3.77669e-16,1.84205e-16,8.91454e-17,4.29435e-17,2.06466e-17,9.92369e-18,4.7703e-18,2.29108e-18,1.09696e-18,5.21903e-19,2.45772e-19,1.14055e-19,5.19184e-20,2.30718e-20,9.96139e-21,4.15913e-21,1.67175e-21,6.44122e-22,2.36953e-22,8.2918e-23,2.7507e-23,8.62344e-24,2.54738e-24,7.07134e-25,1.83989e-25,4.47583e-26,1.01373e-26,2.12464e-27,4.09504e-28,7.21521e-29,1.15549e-29,1.67257e-30,2.17636e-31,2.53192e-32,2.61918e-33,2.39572e-34,1.91753e-35,0
0,4.22534e-38,6.42247e-37,8.47654e-36,9.81567e-35,1.0038e-33,9.12191e-33,7.41036e-32,5.41337e-31,3.57713e-30,2.15102e-29,1.18433e-28,6.0089e-28,2.82825e-27,1.24083e-26,5.08835e-26,1.95605e-25,7.07164e-25,2.41294e-24,7.80184e-24,2.40108e-23,7.06802e-23,2.00041e-22,5.47202e-22,1.45392e-21,3.7686e-21,9.5621e-21,2.38074e-20,5.82533e-20,1.40209e-19,3.32143e-19,7.74735e-19,1.77996e-18,4.0289e-18,8.98405e-18,1.97295e-17,4.26399e-17,9.06032e-17,1.89049e-16,3.86845e-16,7.7525e-16,1.51953e-15,2.9092e-15,5.43363e-15,9.88843e-15,1.7513e-14,3.01485e-14,5.03864e-14,8.16521e-14,1.28139e-13,1.94494e-13,2.85155e-13,4.03323e-13,5.49642e-13,7.20835e-13,9.08718e-13,1.10005e-12,1.27759e-12,1.42248e-12,1.51753e-12,1.55067e-12,1.51753e-12,1.42248e-12,1.27759e-12,1.10005e-12,9.08718e-13,7.20836e-13,5.49643e-13,4.03326e-13,2.85159e-13,1.94499e-13,1.28147e-13,8.16627e-14,5.03998e-14,3.01645e-14,1.75309e-14,9.90725e-15,5.45216e-15,2.92636e-15,1.53452e-15,7.8766e-16,3.96603e-16,1.96367e-16,9.58542e-17,4.62549e-17,2.21232e-17,1.05117e-17,4.96987e-18,2.33998e-18,1.09696e-18,5.11381e-19,2.36557e-19,1.08256e-19,4.88285e-20,2.1613e-20,9.34365e-21,3.92561e-21,1.59477e-21,6.23374e-22,2.33364e-22,8.33041e-23,2.82437e-23,9.06199e-24,2.74244e-24,7.8045e-25,2.08272e-25,5.19817e-26,1.21028e-26,2.61738e-27,5.22487e-28,9.56655e-29,1.59682e-29,2.41553e-30,3.29245e-31,4.02072e-32,4.37406e-33,4.2144e-34,3.57462e-35,2.64199e-36,0
0,4.60972e-39,7.6741e-38,1.10276e-36,1.3825e-35,1.52306e-34,1.48444e-33,1.28826e-32,1.00175e-31,7.02334e-31,4.46762e-30,2.59509e-29,1.38567e-28,6.84888e-28,3.1494e-27,1.35145e-26,5.42942e-26,2.04955e-25,7.29909e-25,2.46349e-24,7.91902e-24,2.43749e-23,7.22298e-23,2.07112e-22,5.77171e-22,1.5683e-21,4.16356e-21,1.08102e-20,2.74565e-20,6.8219e-20,1.65825e-19,3.94489e-19,9.19017e-19,2.09815e-18,4.69744e-18,1.03178e-17,2.22354e-17,4.70024e-17,9.73985e-17,1.97689e-16,3.92629e-16,7.62245e-16,1.44491e-15,2.67144e-15,4.81197e-15,8.4351e-15,1.43734e-14,2.37813e-14,3.81606e-14,5.93179e-14,8.92134e-14,1.29667e-13,1.81916e-13,2.46065e-13,3.2054e-13,4.01715e-13,4.83889e-13,5.59768e-13,6.21463e-13,6.61833e-13,6.75888e-13,6.61833e-13,6.21463e-13,5.59769e-13,4.83889e-13,4.01715e-13,3.2054e-13,2.46065e-13,1.81917e-13,1.29669e-13,8.92156e-14,5.93209e-14,3.81646e-14,2.37864e-14,1.43794e-14,8.44179e-15,4.81898e-15,2.67835e-15,1.45134e-15,7.67883e-16,3.97323e-16,2.01405e-16,1.00205e-16,4.90306e-17,2.36411e-17,1.12541e-17,5.29799e-18,2.46942e-18,1.14043e-18,5.21903e-19,2.36557e-19,1.06073e-19,4.69653e-20,2.04776e-20,8.76158e-21,3.66287e-21,1.48894e-21,5.85445e-22,2.21496e-22,8.02249e-23,2.76856e-23,9.06388e-24,2.80404e-24,8.16822e-25,2.2333e-25,5.71429e-26,1.36452e-26,3.03275e-27,6.24597e-28,1.18433e-28,2.05414e-29,3.23852e-30,4.61284e-31,5.9005e-32,6.73764e-33,6.82642e-34,6.09859e-35,4.77262e-36,3.23842e-37,0
0,4.41585e-40,8.11435e-39,1.27794e-37,1.74448e-36,2.08082e-35,2.185e-34,2.03404e-33,1.68999e-32,1.26157e-31,8.51763e-31,5.23658e-30,2.9521e-29,1.53725e-28,7.43419e-28,3.35032e-27,1.41226e-26,5.59129e-26,2.08874e-25,7.40026e-25,2.50021e-24,8.10017e-24,2.52977e-23,7.65006e-23,2.24713e-22,6.42307e-22,1.78742e-21,4.84102e-21,1.27529e-20,3.26629e-20,8.13376e-20,1.9705e-19,4.64908e-19,1.06964e-18,2.40309e-18,5.27792e-18,1.13413e-17,2.38524e-17,4.90984e-17,9.88796e-17,1.94707e-16,3.74582e-16,7.03414e-16,1.28812e-15,2.29797e-15,3.98961e-15,6.73375e-15,1.10372e-14,1.75494e-14,2.70387e-14,4.03223e-14,5.81374e-14,8.09538e-14,1.08749e-13,1.40789e-13,1.75491e-13,2.10429e-13,2.42547e-13,2.68572e-13,2.85561e-13,2.91469e-13,2.85561e-13,2.68572e-13,2.42547e-13,2.10429e-13,1.75491e-13,1.40789e-13,1.08749e-13,8.09542e-14,5.8138e-14,4.03232e-14,2.70399e-14,1.75509e-14,1.10391e-14,6.73597e-15,3.99207e-15,2.30055e-15,1.29066e-15,7.05783e-16,3.7667e-16,1.96454e-16,1.0027e-16,5.01549e-17,2.46201e-17,1.18759e-17,5.63554e-18,2.6331e-18,1.21203e-18,5.49787e-19,2.45772e-19,1.08256e-19,4.69653e-20,2.00514e-20,8.41246e-21,3.4601e-21,1.39053e-21,5.43642e-22,2.05729e-22,7.49502e-23,2.61446e-23,8.68699e-24,2.73626e-24,8.13527e-25,2.27422e-25,5.95697e-26,1.45741e-26,3.32067e-27,7.02639e-28,1.37431e-28,2.46825e-29,4.04329e-30,6.00204e-31,8.02272e-32,9.59547e-33,1.02042e-33,9.58589e-35,7.901e-36,5.67248e-37,3.51031e-38,0
0,3.68324e-41,7.53967e-40,1.31146e-38,1.96221e-37,2.54876e-36,2.89816e-35,2.90723e-34,2.5917e-33,2.06795e-32,1.48739e-31,9.71319e-31,5.80194e-30,3.19468e-29,1.63109e-28,7.7523e-28,3.44467e-27,1.43779e-26,5.66692e-26,2.12104e-25,7.58221e-25,2.60278e-24,8.61879e-24,2.76192e-23,8.57891e-23,2.5834e-22,7.53608e-22,2.12712e-21,5.80371e-21,1.53004e-20,3.8986e-20,9.61063e-20,2.29559e-19,5.32278e-19,1.20038e-18,2.63752e-18,5.65441e-18,1.18391e-17,2.42224e-17,4.84307e-17,9.46054e-17,1.8046e-16,3.35899e-16,6.09602e-16,1.07772e-15,1.85426e-15,3.10187e-15,5.03989e-15,7.94547e-15,1.21413e-14,1.7964e-14,2.57086e-14,3.55503e-14,4.74532e-14,6.10843e-14,7.57622e-14,9.04663e-14,1.03928e-13,1.14802e-13,1.21885e-13,1.24346e-13,1.21885e-13,1.14802e-13,1.03928e-13,9.04663e-14,7.57622e-14,6.10844e-14,4.74533e-14,3.55505e-14,2.57088e-14,1.79643e-14,1.21417e-14,7.94602e-15,5.04058e-15,3.10267e-15,1.85516e-15,1.07865e-15,6.10522e-16,3.36758e-16,1.8122e-16,9.52437e-17,4.89409e-17,2.46116e-17,1.2123e-17,5.85271e-18,2.77041e-18,1.2859e-18,5.85164e-19,2.6099e-19,1.14055e-19,4.88285e-20,2.04776e-20,8.41246e-21,3.38425e-21,1.33184e-21,5.11667e-22,1.91259e-22,6.9249e-23,2.41588e-23,8.07529e-24,2.57178e-24,7.76271e-25,2.21012e-25,5.90981e-26,1.4785e-26,3.44868e-27,7.47641e-28,1.50181e-28,2.78162e-29,4.71773e-30,7.27605e-31,1.01355e-31,1.26673e-32,1.41097e-33,1.39122e-34,1.20576e-35,9.11729e-37,5.96602e-38,3.34122e-39,0
0,2.64763e-42,6.10517e-41,1.18363e-39,1.95612e-38,2.78532e-37,3.44958e-36,3.74816e-35,3.60199e-34,3.08546e-33,2.374e-32,1.65343e-31,1.05073e-30,6.1436e-30,3.32653e-29,1.67564e-28,7.89136e-28,3.49352e-27,1.46231e-26,5.82162e-26,2.21669e-25,8.11053e-25,2.86082e-24,9.74327e-24,3.20401e-23,1.0162e-22,3.10376e-22,9.11575e-22,2.57223e-21,6.97246e-21,1.81683e-20,4.55724e-20,1.10252e-19,2.57841e-19,5.84286e-19,1.28582e-18,2.75334e-18,5.74536e-18,1.16949e-17,2.32343e-17,4.50581e-17,8.52764e-17,1.57432e-16,2.83324e-16,4.96664e-16,8.47348e-16,1.40568e-15,2.26532e-15,3.54297e-15,5.37252e-15,7.891e-15,1.12151e-14,1.54089e-14,2.04472e-14,2.61821e-14,3.23243e-14,3.84492e-14,4.40354e-14,4.85346e-14,5.14598e-14,5.24749e-14,5.14598e-14,4.85346e-14,4.40354e-14,3.84492e-14,3.23243e-14,2.61821e-14,2.04472e-14,1.54089e-14,1.12151e-14,7.8911e-15,5.37268e-15,3.54317e-15,2.26556e-15,1.40597e-15,8.47665e-16,4.96995e-16,2.83651e-16,1.57738e-16,8.55473e-17,4.52861e-17,2.34171e-17,1.18347e-17,5.84754e-18,2.82479e-18,1.33369e-18,6.15039e-19,2.76791e-19,1.21452e-19,5.19184e-20,2.1613e-20,8.76158e-21,3.4601e-21,1.33184e-21,4.99749e-22,1.8268e-22,6.49256e-23,2.23585e-23,7.42563e-24,2.36532e-24,7.18417e-25,2.06873e-25,5.61768e-26,1.43167e-26,3.40956e-27,7.55861e-28,1.55435e-28,2.95506e-29,5.16693e-30,8.24893e-31,1.1937e-31,1.55467e-32,1.8095e-33,1.86878e-34,1.7e-35,1.35167e-36,9.3155e-38,5.51371e-39,2.76913e-40,0
0,1.61921e-43,4.26437e-42,9.31785e-41,1.71663e-39,2.70044e-38,3.66732e-37,4.34191e-36,4.5223e-35,4.17947e-34,3.45636e-33,2.57938e-32,1.75217e-31,1.09329e-30,6.31145e-30,3.389e-29,1.70231e-28,8.04744e-28,3.60232e-27,1.53571e-26,6.26521e-26,2.4542e-25,9.24532e-25,3.34925e-24,1.16531e-23,3.88702e-23,1.24085e-22,3.78618e-22,1.10368e-21,3.07454e-21,8.19365e-21,2.09262e-20,5.13323e-20,1.21253e-19,2.76538e-19,6.10538e-19,1.30792e-18,2.72403e-18,5.52387e-18,1.0917e-17,2.10386e-17,3.95391e-17,7.24506e-17,1.2938e-16,2.25023e-16,3.80894e-16,6.2696e-16,1.00267e-15,1.55656e-15,2.3435e-15,3.41861e-15,4.8275e-15,6.59313e-15,8.70118e-15,1.10873e-14,1.36301e-14,1.6155e-14,1.84498e-14,2.02932e-14,2.14895e-14,2.19043e-14,2.14895e-14,2.02932e-14,1.84498e-14,1.6155e-14,1.36301e-14,1.10873e-14,8.70119e-15,6.59315e-15,4.82753e-15,3.41865e-15,2.34355e-15,1.55663e-15,1.00276e-15,6.2706e-16,3.81004e-16,2.25138e-16,1.29493e-16,7.25567e-17,3.96333e-17,2.1118e-17,1.09808e-17,5.57268e-18,2.75969e-18,1.33283e-18,6.27189e-19,2.87192e-19,1.27778e-19,5.51581e-20,2.30718e-20,9.34365e-21,3.66287e-21,1.39053e-21,5.11667e-22,1.8268e-22,6.33198e-23,2.12971e-23,6.93691e-24,2.18023e-24,6.57915e-25,1.89521e-25,5.18014e-26,1.33561e-26,3.23093e-27,7.29743e-28,1.53218e-28,2.97868e-29,5.34184e-30,8.78767e-31,1.31595e-31,1.78013e-32,2.15889e-33,2.32968e-34,2.21973e-35,1.85247e-36,1.34248e-37,8.3689e-39,4.44009e-40,1.97774e-41,0
0,8.28671e-45,2.53673e-43,6.33385e-42,1.31544e-40,2.30757e-39,3.46376e-38,4.49969e-37,5.11133e-36,5.1262e-35,4.58175e-34,3.6838e-33,2.68989e-32,1.80162e-31,1.11583e-30,6.42979e-30,3.46919e-29,1.76383e-28,8.50109e-28,3.90339e-27,1.71344e-26,7.20258e-26,2.89928e-25,1.11616e-24,4.10178e-24,1.43616e-23,4.7838e-23,1.51474e-22,4.55918e-22,1.30539e-21,3.56052e-21,9.26994e-21,2.30935e-20,5.52004e-20,1.26964e-19,2.81804e-19,6.05182e-19,1.26039e-18,2.5505e-18,5.02164e-18,9.62861e-18,1.79878e-17,3.27433e-17,5.80638e-17,1.00261e-16,1.68479e-16,2.75316e-16,4.37172e-16,6.73977e-16,1.00795e-15,1.46102e-15,2.05079e-15,2.78529e-15,3.65719e-15,4.63894e-15,5.68039e-15,6.71041e-15,7.64357e-15,8.39128e-15,8.87574e-15,9.04357e-15,8.87574e-15,8.39128e-15,7.64357e-15,6.71041e-15,5.68039e-15,4.63895e-15,3.65719e-15,2.78529e-15,2.0508e-15,1.46103e-15,1.00797e-15,6.74e-16,4.37201e-16,2.7535e-16,1.68516e-16,1.003e-16,5.81021e-17,3.27792e-17,1.80196e-17,9.65546e-18,5.0432e-18,2.56698e-18,1.27242e-18,6.13556e-19,2.87375e-19,1.30506e-19,5.73521e-20,2.4342e-20,9.96139e-21,3.92561e-21,1.48894e-21,5.43642e-22,1.91259e-22,6.49256e-23,2.12971e-23,6.756e-24,2.07167e-24,6.12731e-25,1.74117e-25,4.72869e-26,1.21995e-26,2.97122e-27,6.79081e-28,1.44847e-28,2.869e-29,5.25311e-30,8.85368e-31,1.36519e-31,1.91014e-32,2.40537e-33,2.70413e-34,2.69187e-35,2.35287e-36,1.78968e-37,1.17317e-38,6.55557e-40,3.08353e-41,1.20158e-42,0
0,3.47215e-46,1.26422e-44,3.67111e-43,8.71557e-42,1.72442e-40,2.88847e-39,4.1515e-38,5.18132e-37,5.67765e-36,5.52054e-35,4.81307e-34,3.8028e-33,2.75288e-32,1.8424e-31,1.1478e-30,6.70136e-30,3.68961e-29,1.92564e-28,9.56177e-28,4.52554e-27,2.04187e-26,8.77225e-26,3.58198e-25,1.3875e-24,5.09051e-24,1.76722e-23,5.8038e-23,1.80394e-22,5.31254e-22,1.48485e-21,3.94737e-21,1.00066e-20,2.42576e-20,5.6401e-20,1.26154e-19,2.7223e-19,5.68215e-19,1.14973e-18,2.25919e-18,4.3166e-18,8.02639e-18,1.453e-17,2.56093e-17,4.39366e-17,7.33435e-17,1.19057e-16,1.87805e-16,2.87673e-16,4.27552e-16,6.16065e-16,8.59931e-16,1.16187e-15,1.51837e-15,1.91785e-15,2.3398e-15,2.7556e-15,3.13117e-15,3.43141e-15,3.62565e-15,3.69289e-15,3.62565e-15,3.43141e-15,3.13117e-15,2.7556e-15,2.3398e-15,1.91785e-15,1.51837e-15,1.16187e-15,8.59934e-16,6.16069e-16,4.27558e-16,2.87681e-16,1.87815e-16,1.19068e-16,7.33557e-17,4.39493e-17,2.56219e-17,1.45417e-17,8.0368e-18,4.32537e-18,2.26622e-18,1.1551e-18,5.72115e-19,2.74933e-19,1.27941e-19,5.75273e-20,2.49348e-20,1.03946e-20,4.15913e-21,1.59477e-21,5.85445e-22,2.05729e-22,6.9249e-23,2.23585e-23,6.93691e-24,2.07167e-24,5.96057e-25,1.65125e-25,4.39371e-26,1.11815e-26,2.70632e-27,6.19054e-28,1.32969e-28,2.66542e-29,4.95799e-30,8.51331e-31,1.34283e-31,1.93256e-32,2.51534e-33,2.93477e-34,3.04264e-35,2.77802e-36,2.21289e-37,1.52243e-38,8.94548e-40,4.43166e-41,1.82302e-42,6.10715e-44,0
0,1.15541e-47,5.16518e-46,1.78516e-44,4.93176e-43,1.1163e-41,2.11119e-40,3.39092e-39,4.69131e-38,5.66282e-37,6.03671e-36,5.75102e-35,4.95485e-34,3.90739e-33,2.84829e-32,1.93325e-31,1.22993e-30,7.37495e-30,4.18434e-29,2.25112e-28,1.1488e-27,5.55598e-27,2.54242e-26,1.09882e-25,4.47862e-25,1.71977e-24,6.21935e-24,2.11878e-23,6.80557e-23,2.0639e-22,5.92067e-22,1.61027e-21,4.16295e-21,1.02594e-20,2.41752e-20,5.46354e-20,1.18776e-19,2.49086e-19,5.05135e-19,9.92684e-19,1.89353e-18,3.50995e-18,6.32736e-18,1.10966e-17,1.89331e-17,3.14212e-17,5.07005e-17,7.94978e-17,1.21052e-16,1.78881e-16,2.56336e-16,3.55952e-16,4.78619e-16,6.22728e-16,7.83478e-16,9.52597e-16,1.11868e-15,1.26828e-15,1.38762e-15,1.46472e-15,1.49139e-15,1.46472e-15,1.38762e-15,1.26828e-15,1.11868e-15,9.52597e-16,7.83479e-16,6.22728e-16,4.78619e-16,3.55953e-16,2.56338e-16,1.78883e-16,1.21055e-16,7.95008e-17,5.0704e-17,3.1425e-17,1.89372e-17,1.11006e-17,6.33107e-18,3.51324e-18,1.89629e-18,9.94892e-19,5.06812e-19,2.50299e-19,1.19611e-19,5.51827e-20,2.45168e-20,1.04623e-20,4.27752e-21,1.67175e-21,6.23374e-22,2.21496e-22,7.49502e-23,2.41588e-23,7.42563e-24,2.18023e-24,6.12731e-25,1.65125e-25,4.27043e-26,1.05897e-26,2.51087e-27,5.66615e-28,1.20973e-28,2.42747e-29,4.54756e-30,7.90259e-31,1.26624e-31,1.86018e-32,2.48657e-33,2.99547e-34,3.22075e-35,3.06112e-36,2.54629e-37,1.8342e-38,1.13098e-39,5.89117e-41,2.55232e-42,9.02363e-44,2.54009e-45,0
0,2.91035e-49,1.67863e-47,7.12895e-46,2.34605e-44,6.18639e-43,1.34054e-41,2.43599e-40,3.77641e-39,5.07099e-38,5.9819e-37,6.28339e-36,5.95556e-35,5.16061e-34,4.13086e-33,3.07683e-32,2.14535e-31,1.4064e-30,8.69007e-30,5.06496e-29,2.78314e-28,1.43994e-27,7.00404e-27,3.19873e-26,1.37038e-25,5.50536e-25,2.0744e-24,7.33618e-24,2.43799e-23,7.62571e-23,2.24946e-22,6.27241e-22,1.65762e-21,4.16358e-21,9.96964e-21,2.28276e-20,5.01342e-20,1.05916e-19,2.15829e-19,4.25199e-19,8.11434e-19,1.50228e-18,2.70115e-18,4.72005e-18,8.01825e-18,1.32422e-17,2.12568e-17,3.31535e-17,5.02147e-17,7.38156e-17,1.05245e-16,1.45447e-16,1.94701e-16,2.52293e-16,3.16265e-16,3.83317e-16,4.48958e-16,5.0793e-16,5.54882e-16,5.85173e-16,5.95644e-16,5.85173e-16,5.54882e-16,5.0793e-16,4.48958e-16,3.83317e-16,3.16265e-16,2.52293e-16,1.94701e-16,1.45448e-16,1.05246e-16,7.38162e-17,5.02154e-17,3.31544e-17,2.12579e-17,1.32434e-17,8.01948e-18,4.72126e-18,2.70228e-18,1.50327e-18,8.12269e-19,4.25864e-19,2.16332e-19,1.06277e-19,5.03804e-20,2.29874e-20,1.00681e-20,4.22125e-21,1.68967e-21,6.44122e-22,2.33364e-22,8.02249e-23,2.61446e-23,8.07529e-24,2.36532e-24,6.57915e-25,1.74117e-25,4.39371e-26,1.05897e-26,2.43912e-27,5.36242e-28,1.12166e-28,2.22094e-29,4.13655e-30,7.19685e-31,1.16141e-31,1.72661e-32,2.34917e-33,2.90031e-34,3.2149e-35,3.16551e-36,2.73898e-37,2.05926e-38,1.32902e-39,7.2632e-41,3.30816e-42,1.2317e-43,3.65811e-45,8.38494e-47,0
0,5.21197e-51,4.13779e-49,2.26944e-47,9.18855e-46,2.89095e-44,7.31366e-43,1.52702e-41,2.68799e-40,4.06315e-39,5.36222e-38,6.27469e-37,6.60672e-36,6.3468e-35,5.62183e-34,4.62287e-33,3.54676e-32,2.54672e-31,1.71375e-30,1.08079e-29,6.38291e-29,3.52627e-28,1.82055e-27,8.77792e-27,3.95171e-26,1.66143e-25,6.52784e-25,2.39946e-24,8.26291e-24,2.67053e-23,8.11712e-23,2.32578e-22,6.29828e-22,1.61652e-21,3.94395e-21,9.17485e-21,2.04134e-20,4.35685e-20,8.94525e-20,1.77123e-19,3.38979e-19,6.28161e-19,1.12869e-18,1.9684e-18,3.33393e-18,5.4857e-18,8.76901e-18,1.36154e-17,2.05269e-17,3.00352e-17,4.26304e-17,5.86598e-17,7.82053e-17,1.00961e-16,1.26137e-16,1.52435e-16,1.78103e-16,2.01107e-16,2.19389e-16,2.31169e-16,2.35239e-16,2.31169e-16,2.19389e-16,2.01107e-16,1.78103e-16,1.52435e-16,1.26137e-16,1.00961e-16,7.82053e-17,5.86599e-17,4.26306e-17,3.00354e-17,2.05272e-17,1.36157e-17,8.76932e-18,5.48604e-18,3.33429e-18,1.96875e-18,1.12902e-18,6.28449e-19,3.3922e-19,1.77314e-19,8.95959e-20,4.36707e-20,2.04824e-20,9.21916e-21,3.9709e-21,1.63205e-21,6.38305e-22,2.36953e-22,8.33041e-23,2.76856e-23,8.68699e-24,2.57178e-24,7.18417e-25,1.89521e-25,4.72869e-26,1.11815e-26,2.51087e-27,5.36242e-28,1.0894e-28,2.10169e-29,3.83607e-30,6.58766e-31,1.05718e-31,1.57366e-32,2.15632e-33,2.69949e-34,3.05798e-35,3.09763e-36,2.77249e-37,2.16592e-38,1.45787e-39,8.33491e-41,3.98155e-42,1.55809e-43,4.87244e-45,1.17803e-46,2.09195e-48,0
0,7.36656e-53,7.26819e-51,5.49471e-49,2.87799e-47,1.11654e-45,3.38004e-44,8.26965e-43,1.68031e-41,2.90033e-40,4.33716e-39,5.71919e-38,6.75784e-37,7.25909e-36,7.16223e-35,6.53057e-34,5.52513e-33,4.34687e-32,3.18276e-31,2.16864e-30,1.37445e-29,8.09856e-29,4.43513e-28,2.25755e-27,1.06849e-26,4.70568e-26,1.93044e-25,7.38676e-25,2.64072e-24,8.8364e-24,2.77353e-23,8.18491e-23,2.27685e-22,5.9867e-22,1.49224e-21,3.53667e-21,7.99429e-21,1.72863e-20,3.58601e-20,7.15606e-20,1.37698e-19,2.56013e-19,4.60686e-19,8.03373e-19,1.35892e-18,2.23093e-18,3.55559e-18,5.50162e-18,8.26328e-18,1.20439e-17,1.70279e-17,2.33415e-17,3.10066e-17,3.98947e-17,4.96927e-17,5.98941e-17,6.98239e-17,7.87035e-17,8.57482e-17,9.02822e-17,9.18476e-17,9.02822e-17,8.57482e-17,7.87035e-17,6.98239e-17,5.98941e-17,4.96927e-17,3.98947e-17,3.10067e-17,2.33415e-17,1.70279e-17,1.2044e-17,8.26334e-18,5.50169e-18,3.55568e-18,2.23102e-18,1.35902e-18,8.03471e-19,4.60778e-19,2.56093e-19,1.37764e-19,7.16129e-20,3.58991e-20,1.73138e-20,8.01271e-21,3.54833e-21,1.49922e-21,6.02626e-22,2.29801e-22,8.2918e-23,2.82437e-23,9.06388e-24,2.73626e-24,7.76271e-25,2.06873e-25,5.18014e-26,1.21995e-26,2.70632e-27,5.66615e-28,1.12166e-28,2.10169e-29,3.7262e-30,6.23689e-31,9.81262e-32,1.44226e-32,1.96568e-33,2.46409e-34,2.81704e-35,2.90543e-36,2.66776e-37,2.15135e-38,1.50237e-39,8.94829e-41,4.46826e-42,1.83287e-43,6.02199e-45,1.53263e-46,2.87004e-48,3.68437e-50,0
0,0,1.01004e-52,9.51376e-51,6.88349e-49,3.46485e-47,1.29821e-45,3.81825e-44,9.14162e-43,1.833e-41,3.15167e-40,4.74164e-39,6.35155e-38,7.68796e-37,8.49357e-36,8.61228e-35,8.04281e-34,6.93106e-33,5.51682e-32,4.05731e-31,2.75764e-30,1.73261e-29,1.00676e-28,5.41401e-28,2.69699e-27,1.24599e-26,5.34592e-26,2.13348e-25,7.93377e-25,2.75454e-24,8.94813e-24,2.72613e-23,7.80895e-23,2.10884e-22,5.38438e-22,1.30364e-21,3.00205e-21,6.59515e-21,1.38628e-20,2.79574e-20,5.42336e-20,1.01424e-19,1.8321e-19,3.20158e-19,5.41884e-19,8.89086e-19,1.41486e-18,2.18439e-18,3.27207e-18,4.75486e-18,6.70141e-18,9.15719e-18,1.2127e-17,1.55581e-17,1.93279e-17,2.32413e-17,2.70409e-17,3.04317e-17,3.31176e-17,3.48444e-17,3.54403e-17,3.48444e-17,3.31176e-17,3.04317e-17,2.70409e-17,2.32413e-17,1.93279e-17,1.55581e-17,1.2127e-17,9.1572e-18,6.70142e-18,4.75487e-18,3.27209e-18,2.18441e-18,1.41488e-18,8.89111e-19,5.41911e-19,3.20184e-19,1.83234e-19,1.01446e-19,5.42511e-20,2.7971e-20,1.38728e-20,6.6022e-21,3.0067e-21,1.30654e-21,5.40149e-22,2.11834e-22,7.85877e-23,2.7507e-23,9.06199e-24,2.80404e-24,8.13527e-25,2.21012e-25,5.61768e-26,1.33561e-26,2.97122e-27,6.19054e-28,1.20973e-28,2.22094e-29,3.83607e-30,6.23689e-31,9.53548e-32,1.36677e-32,1.82725e-33,2.26261e-34,2.5734e-35,2.66354e-36,2.47863e-37,2.04311e-38,1.46874e-39,9.05724e-41,4.70451e-42,2.01499e-43,6.93407e-45,1.85304e-46,3.65138e-48,4.94184e-50,5.20744e-52,0
0,0,0,1.30759e-52,1.1832e-50,8.25689e-49,4.03202e-47,1.47568e-45,4.27311e-44,1.01614e-42,2.04246e-41,3.55208e-40,5.44753e-39,7.48117e-38,9.29377e-37,1.05019e-35,1.08334e-34,1.02261e-33,8.84654e-33,7.02222e-32,5.12e-31,3.43265e-30,2.11866e-29,1.20538e-28,6.33042e-28,3.07361e-27,1.38194e-26,5.76402e-26,2.23449e-25,8.06734e-25,2.71852e-24,8.57037e-24,2.53407e-23,7.04603e-23,1.84752e-22,4.58162e-22,1.07777e-21,2.41218e-21,5.15173e-21,1.05289e-20,2.06468e-20,3.89408e-20,7.07872e-20,1.24245e-19,2.10864e-19,3.46428e-19,5.51384e-19,8.50653e-19,1.27241e-18,1.84551e-18,2.59528e-18,3.53793e-18,4.67405e-18,5.98243e-18,7.41575e-18,8.89977e-18,1.03374e-17,1.16179e-17,1.26308e-17,1.32813e-17,1.35057e-17,1.32813e-17,1.26308e-17,1.16179e-17,1.03374e-17,8.89977e-18,7.41576e-18,5.98243e-18,4.67405e-18,3.53793e-18,2.59528e-18,1.84551e-18,1.27242e-18,8.50658e-19,5.5139e-19,3.46434e-19,2.10871e-19,1.24251e-19,7.07933e-20,3.89461e-20,2.06512e-20,1.05323e-20,5.15421e-21,2.41389e-21,1.07888e-21,4.58845e-22,1.85148e-22,7.06757e-23,2.54511e-23,8.62344e-24,2.74244e-24,8.16822e-25,2.27422e-25,5.90981e-26,1.43167e-26,3.23093e-27,6.79081e-28,1.32969e-28,2.42747e-29,4.13655e-30,6.58766e-31,9.81262e-32,1.36677e-32,1.77678e-33,2.14711e-34,2.39691e-35,2.45168e-36,2.27521e-37,1.89036e-38,1.3828e-39,8.74688e-41,4.69111e-42,2.08576e-43,7.48308e-45,2.09214e-46,4.32535e-48,6.1576e-50,6.8325e-52,0,0
0,0,0,0,1.62236e-52,1.42306e-50,9.68367e-49,4.64538e-47,1.68393e-45,4.87081e-44,1.16654e-42,2.37838e-41,4.21778e-40,6.61544e-39,9.27873e-38,1.17118e-36,1.33636e-35,1.38302e-34,1.30158e-33,1.11634e-32,8.74336e-32,6.26513e-31,4.11485e-30,2.48169e-29,1.37692e-28,7.04121e-28,3.32494e-27,1.45266e-26,5.88384e-26,2.21407e-25,7.75741e-25,2.53662e-24,7.76038e-24,2.22709e-23,6.01193e-23,1.53093e-22,3.68838e-22,8.43235e-22,1.83475e-21,3.81034e-21,7.57347e-21,1.44433e-20,2.64887e-20,4.68102e-20,7.98412e-20,1.31616e-19,2.09911e-19,3.24145e-19,4.84884e-19,7.0284e-19,9.87289e-19,1.34397e-18,1.77269e-18,2.26513e-18,2.80325e-18,3.35915e-18,3.89661e-18,4.37457e-18,4.75215e-18,4.99446e-18,5.078e-18,4.99446e-18,4.75215e-18,4.37457e-18,3.89661e-18,3.35915e-18,2.80325e-18,2.26513e-18,1.7727e-18,1.34397e-18,9.87289e-19,7.02841e-19,4.84884e-19,3.24146e-19,2.09912e-19,1.31617e-19,7.98428e-20,4.68117e-20,2.64902e-20,1.44445e-20,7.5745e-21,3.81113e-21,1.83532e-21,8.43627e-22,3.6909e-22,1.53245e-22,6.02056e-23,2.23169e-23,7.78336e-24,2.54738e-24,7.8045e-25,2.2333e-25,5.95697e-26,1.4785e-26,3.40956e-27,7.29743e-28,1.44847e-28,2.66542e-29,4.54756e-30,7.19685e-31,1.05718e-31,1.44226e-32,1.82725e-33,2.14711e-34,2.33266e-35,2.33041e-36,2.12421e-37,1.74878e-38,1.28164e-39,8.20606e-41,4.49478e-42,2.05636e-43,7.63804e-45,2.22181e-46,4.7985e-48,7.16109e-50,8.34281e-52,0,0,0
0,0,0,0,0,1.96867e-52,1.69309e-50,1.13814e-48,5.43485e-47,1.97578e-45,5.76848e-44,1.40115e-42,2.90523e-41,5.24321e-40,8.3447e-39,1.18067e-37,1.49414e-36,1.69928e-35,1.7436e-34,1.61951e-33,1.36571e-32,1.04844e-31,7.34547e-31,4.70772e-30,2.76627e-29,1.49353e-28,7.42493e-28,3.40607e-27,1.44486e-26,5.68005e-26,2.07404e-25,7.05089e-25,2.23719e-24,6.64232e-24,1.85044e-23,4.85055e-23,1.19986e-22,2.80916e-22,6.24321e-22,1.32094e-21,2.66814e-21,5.15845e-21,9.56878e-21,1.70667e-20,2.93228e-20,4.86073e-20,7.78369e-20,1.20528e-19,1.806e-19,2.61999e-19,3.68094e-19,5.00913e-19,6.60265e-19,8.42946e-19,1.0422e-18,1.24766e-18,1.446e-18,1.62214e-18,1.76115e-18,1.8503e-18,1.88102e-18,1.8503e-18,1.76115e-18,1.62214e-18,1.446e-18,1.24766e-18,1.0422e-18,8.42946e-19,6.60265e-19,5.00913e-19,3.68094e-19,2.61999e-19,1.80601e-19,1.20528e-19,7.78373e-20,4.86076e-20,2.93232e-20,1.70671e-20,9.56912e-21,5.15873e-21,2.66837e-21,1.32112e-21,6.24448e-22,2.81001e-22,1.2004e-22,4.85373e-23,1.85221e-23,6.65154e-24,2.24168e-24,7.07134e-25,2.08272e-25,5.71429e-26,1.45741e-26,3.44868e-27,7.55861e-28,1.53218e-28,2.869e-29,4.95799e-30,7.90259e-31,1.16141e-31,1.57366e-32,1.96568e-33,2.26261e-34,2.39691e-35,2.33041e-36,2.06927e-37,1.66545e-38,1.2024e-39,7.66605e-41,4.22581e-42,1.96453e-43,7.47696e-45,2.24417e-46,5.02987e-48,7.82827e-50,9.53448e-52,0,0,0,0
0,0,0,0,0,0,2.3904e-52,2.03841e-50,1.36901e-48,6.56659e-47,2.4082e-45,7.11071e-44,1.74801e-42,3.66549e-41,6.66652e-40,1.06306e-38,1.49873e-37,1.88049e-36,2.11132e-35,2.13095e-34,1.94113e-33,1.60149e-32,1.20049e-31,8.19987e-31,5.11709e-30,2.92477e-29,1.53478e-28,7.41113e-28,3.30062e-27,1.35883e-26,5.18323e-26,1.83625e-25,6.05671e-25,1.8648e-24,5.37384e-24,1.45348e-23,3.70042e-23,8.8938e-23,2.02393e-22,4.37359e-22,9.00001e-22,1.76839e-21,3.32604e-21,6.00177e-21,1.04114e-20,1.73931e-20,2.80232e-20,4.35962e-20,6.55504e-20,9.53239e-20,1.34136e-19,1.82702e-19,2.40922e-19,3.07593e-19,3.80227e-19,4.55038e-19,5.27172e-19,5.91173e-19,6.41642e-19,6.73991e-19,6.85136e-19,6.73991e-19,6.41642e-19,5.91173e-19,5.27172e-19,4.55038e-19,3.80227e-19,3.07593e-19,2.40922e-19,1.82702e-19,1.34136e-19,9.53239e-20,6.55504e-20,4.35963e-20,2.80233e-20,1.73932e-20,1.04115e-20,6.00185e-21,3.32611e-21,1.76845e-21,9.00051e-22,4.37396e-22,2.02419e-22,8.89554e-23,3.70151e-23,1.45411e-23,5.37726e-24,1.86654e-24,6.06495e-25,1.83989e-25,5.19817e-26,1.36452e-26,3.32067e-27,7.47641e-28,1.55435e-28,2.97868e-29,5.25311e-30,8.51331e-31,1.26624e-31,1.72661e-32,2.15632e-33,2.46409e-34,2.5734e-35,2.45168e-36,2.12421e-37,1.66545e-38,1.17257e-39,7.33198e-41,4.00232e-42,1.86168e-43,7.1606e-45,2.19166e-46,5.04851e-48,8.13062e-50,1.02867e-51,0,0,0,0,0
0,0,0,0,0,0,0,2.95752e-52,2.51824e-50,1.69831e-48,8.19405e-47,3.0248e-45,8.98545e-44,2.2194e-42,4.66009e-41,8.4427e-40,1.33483e-38,1.85826e-37,2.29441e-36,2.52776e-35,2.49758e-34,2.223e-33,1.78926e-32,1.30682e-31,8.68796e-31,5.27245e-30,2.92854e-29,1.49254e-28,6.99661e-28,3.02395e-27,1.20788e-26,4.46977e-26,1.53619e-25,4.91607e-25,1.46882e-24,4.10867e-24,1.07908e-23,2.66867e-23,6.23306e-23,1.37894e-22,2.89778e-22,5.80041e-22,1.10878e-21,2.02894e-21,3.56172e-21,6.00963e-21,9.76216e-21,1.52881e-20,2.31078e-20,3.37404e-20,4.76237e-20,6.50122e-20,8.58646e-20,1.09743e-19,1.35747e-19,1.62519e-19,1.88318e-19,2.11197e-19,2.2923e-19,2.40785e-19,2.44765e-19,2.40785e-19,2.2923e-19,2.11197e-19,1.88318e-19,1.62519e-19,1.35747e-19,1.09743e-19,8.58646e-20,6.50122e-20,4.76237e-20,3.37404e-20,2.31078e-20,1.52881e-20,9.76217e-21,6.00965e-21,3.56174e-21,2.02895e-21,1.1088e-21,5.80053e-22,2.89788e-22,1.37901e-22,6.23358e-23,2.66901e-23,1.07929e-23,4.10984e-24,1.46944e-24,4.91915e-25,1.5376e-25,4.47583e-26,1.21028e-26,3.03275e-27,7.02639e-28,1.50181e-28,2.95506e-29,5.34184e-30,8.85368e-31,1.34283e-31,1.86018e-32,2.34917e-33,2.69949e-34,2.81704e-35,2.66354e-36,2.27521e-37,1.74878e-38,1.2024e-39,7.33198e-41,3.91599e-42,1.79624e-43,6.87692e-45,2.11556e-46,4.9442e-48,8.14947e-50,1.06125e-51,0,0,0,0,0,0
0,0,0,0,0,0,0,0,3.74743e-52,3.18638e-50,2.15262e-48,1.03907e-46,3.83147e-45,1.13677e-43,2.7962e-42,5.82124e-41,1.04165e-39,1.62133e-38,2.21601e-37,2.68027e-36,2.88723e-35,2.78507e-34,2.41698e-33,1.89479e-32,1.34669e-31,8.70557e-31,5.13381e-30,2.76944e-29,1.37021e-28,6.23331e-28,2.61379e-27,1.01279e-26,3.63553e-26,1.2121e-25,3.76352e-25,1.09128e-24,2.96345e-24,7.55863e-24,1.81615e-23,4.12286e-23,8.86834e-23,1.81258e-22,3.52959e-22,6.56447e-22,1.16873e-21,1.99599e-21,3.27575e-21,5.17423e-21,7.87643e-21,1.15671e-20,1.64024e-20,2.24732e-20,2.97655e-20,3.8125e-20,4.7235e-20,5.66168e-20,6.56591e-20,7.36776e-20,7.99976e-20,8.40469e-20,8.54418e-20,8.40469e-20,7.99976e-20,7.36776e-20,6.56591e-20,5.66168e-20,4.7235e-20,3.8125e-20,2.97655e-20,2.24732e-20,1.64024e-20,1.15671e-20,7.87643e-21,5.17423e-21,3.27575e-21,1.99599e-21,1.16873e-21,6.5645e-22,3.52961e-22,1.81261e-22,8.86853e-23,4.123e-23,1.81624e-23,7.55924e-24,2.96381e-24,1.09148e-24,3.76458e-25,1.21261e-25,3.63781e-26,1.01373e-26,2.61738e-27,6.24597e-28,1.37431e-28,2.78162e-29,5.16693e-30,8.78767e-31,1.36519e-31,1.93256e-32,2.48657e-33,2.90031e-34,3.05798e-35,2.90543e-36,2.47863e-37,1.89036e-38,1.28164e-39,7.66605e-41,4.00232e-42,1.79624e-43,6.77333e-45,2.06705e-46,4.83354e-48,8.04576e-50,1.06571e-51,0,0,0,0,0,0,0
0,0,0,0,0,0,0,0,0,4.80453e-52,4.05186e-50,2.71613e-48,1.30267e-46,4.77822e-45,1.40565e-43,3.4159e-42,7.00397e-41,1.23117e-39,1.87842e-38,2.51212e-37,2.96854e-36,3.12026e-35,2.93378e-34,2.47939e-33,1.89132e-32,1.30707e-31,8.21098e-31,4.703e-30,2.46304e-29,1.18265e-28,5.21989e-28,2.12329e-27,7.98033e-27,2.77868e-26,8.98733e-26,2.70769e-25,7.62043e-25,2.00925e-24,4.97784e-24,1.16222e-23,2.56475e-23,5.36473e-23,1.06656e-22,2.02059e-22,3.65645e-22,6.33398e-22,1.05237e-21,1.67989e-21,2.58013e-21,3.81761e-21,5.44719e-21,7.5014e-21,9.97663e-21,1.28208e-20,1.59257e-20,1.91272e-20,2.22156e-20,2.4956e-20,2.71167e-20,2.85015e-20,2.89785e-20,2.85015e-20,2.71167e-20,2.4956e-20,2.22156e-20,1.91272e-20,1.59257e-20,1.28208e-20,9.97663e-21,7.5014e-21,5.44719e-21,3.81761e-21,2.58013e-21,1.67989e-21,1.05237e-21,6.33398e-22,3.65646e-22,2.02059e-22,1.06657e-22,5.36477e-23,2.56478e-23,1.16224e-23,4.97801e-24,2.00935e-24,7.62104e-25,2.70803e-25,8.98901e-26,2.77947e-26,7.98373e-27,2.12464e-27,5.22487e-28,1.18433e-28,2.46825e-29,4.71773e-30,8.24893e-31,1.31595e-31,1.91014e-32,2.51534e-33,2.99547e-34,3.2149e-35,3.09763e-36,2.66776e-37,2.04311e-38,1.3828e-39,8.20606e-41,4.22581e-42,1.86168e-43,6.87692e-45,2.06705e-46,4.80139e-48,7.98443e-50,1.06324e-51,0,0,0,0,0,0,0,0
0,0,0,0,0,0,0,0,0,0,6.03697e-52,5.01525e-50,3.33833e-48,1.58711e-46,5.75282e-45,1.66752e-43,3.983e-42,8.01048e-41,1.37875e-39,2.05675e-38,2.68603e-37,3.09622e-36,3.17172e-35,2.90394e-34,2.38805e-33,1.7714e-32,1.18974e-31,7.25977e-31,4.03722e-30,2.05208e-29,9.56017e-29,4.09323e-28,1.61493e-27,5.88705e-27,1.98828e-26,6.23881e-26,1.82395e-25,4.98279e-25,1.27576e-24,3.07039e-24,6.96675e-24,1.49465e-23,3.04043e-23,5.87993e-23,1.08376e-22,1.90813e-22,3.21587e-22,5.1976e-22,8.06906e-22,1.20492e-21,1.73268e-21,2.40175e-21,3.21165e-21,4.14567e-21,5.16825e-21,6.22502e-21,7.24617e-21,8.15337e-21,8.8693e-21,9.32837e-21,9.48656e-21,9.32837e-21,8.8693e-21,8.15337e-21,7.24617e-21,6.22502e-21,5.16825e-21,4.14567e-21,3.21165e-21,2.40175e-21,1.73268e-21,1.20492e-21,8.06906e-22,5.1976e-22,3.21587e-22,1.90813e-22,1.08376e-22,5.87994e-23,3.04043e-23,1.49466e-23,6.96681e-24,3.07043e-24,1.27579e-24,4.98296e-25,1.82404e-25,6.23932e-26,1.98853e-26,5.88818e-27,1.61541e-27,4.09504e-28,9.56655e-29,2.05414e-29,4.04329e-30,7.27605e-31,1.1937e-31,1.78013e-32,2.40537e-33,2.93477e-34,3.22075e-35,3.16551e-36,2.77249e-37,2.15135e-38,1.46874e-39,8.74688e-41,4.49478e-42,1.96453e-43,7.1606e-45,2.11556e-46,4.83354e-48,7.98443e-50,1.06635e-51,0,0,0,0,0,0,0,0,0
0,0,0,0,0,0,0,0,0,0,0,7.29634e-52,5.99213e-50,3.94439e-48,1.84866e-46,6.58987e-45,1.8748e-43,4.38788e-42,8.63466e-41,1.45241e-39,2.11514e-38,2.69414e-37,3.02644e-36,3.01897e-35,2.68979e-34,2.15114e-33,1.55092e-32,1.01191e-31,5.99559e-31,3.23621e-30,1.59607e-29,7.21299e-29,2.99528e-28,1.14608e-27,4.05187e-27,1.32734e-26,4.04057e-26,1.14633e-25,3.04002e-25,7.55865e-25,1.76731e-24,3.89728e-24,8.1289e-24,1.6081e-23,3.02501e-23,5.42393e-23,9.29019e-23,1.52305e-22,2.3941e-22,3.61387e-22,5.24534e-22,7.32871e-22,9.86592e-22,1.28066e-21,1.60391e-21,1.93904e-21,2.2637e-21,2.55268e-21,2.78104e-21,2.92759e-21,2.97812e-21,2.92759e-21,2.78104e-21,2.55268e-21,2.2637e-21,1.93904e-21,1.60391e-21,1.28066e-21,9.86592e-22,7.32871e-22,5.24534e-22,3.61387e-22,2.3941e-22,1.52305e-22,9.29019e-23,5.42393e-23,3.02502e-23,1.6081e-23,8.12891e-24,3.89729e-24,1.76732e-24,7.55872e-25,3.04006e-25,1.14635e-25,4.04071e-26,1.32741e-26,4.05221e-27,1.14623e-27,2.99588e-28,7.21521e-29,1.59682e-29,3.23852e-30,6.00204e-31,1.01355e-31,1.55467e-32,2.15889e-33,2.70413e-34,3.04264e-35,3.06112e-36,2.73898e-37,2.16592e-38,1.50237e-39,9.05724e-41,4.69111e-42,2.05636e-43,7.47696e-45,2.19166e-46,4.9442e-48,8.04576e-50,1.06324e-51,0,0,0,0,0,0,0,0,0,0
0,0,0,0,0,0,0,0,0,0,0,0,8.43747e-52,6.82342e-50,4.42197e-48,2.03554e-46,7.11465e-45,1.98194e-43,4.53661e-42,8.72193e-41,1.432e-39,2.03387e-38,2.52466e-37,2.76189e-36,2.68128e-35,2.3235e-34,1.80629e-33,1.26524e-32,8.01649e-32,4.61048e-31,2.41472e-30,1.15524e-29,5.06329e-29,2.0389e-28,7.56489e-28,2.59356e-27,8.2403e-27,2.43346e-26,6.69953e-26,1.72471e-25,4.16442e-25,9.45932e-25,2.02722e-24,4.11054e-24,7.90705e-24,1.44655e-23,2.52262e-23,4.20225e-23,6.69943e-23,1.02386e-22,1.50215e-22,2.11834e-22,2.8744e-22,3.75618e-22,4.73051e-22,5.7449e-22,6.73087e-22,7.61073e-22,8.30733e-22,8.75493e-22,8.90932e-22,8.75493e-22,8.30733e-22,7.61073e-22,6.73087e-22,5.7449e-22,4.73051e-22,3.75618e-22,2.8744e-22,2.11834e-22,1.50215e-22,1.02386e-22,6.69943e-23,4.20225e-23,2.52262e-23,1.44655e-23,7.90705e-24,4.11054e-24,2.02722e-24,9.45934e-25,4.16444e-25,1.72472e-25,6.69959e-26,2.4335e-26,8.24049e-27,2.59366e-27,7.56532e-28,2.03909e-28,5.06399e-29,1.15549e-29,2.41553e-30,4.61284e-31,8.02272e-32,1.26673e-32,1.8095e-33,2.32968e-34,2.69187e-35,2.77802e-36,2.54629e-37,2.05926e-38,1.45787e-39,8.94829e-41,4.70451e-42,2.08576e-43,7.63804e-45,2.24417e-46,5.04851e-48,8.14947e-50,1.06571e-51,0,0,0,0,0,0,0,0,0,0,0
0,0,0,0,0,0,0,0,0,0,0,0,0,9.23388e-52,7.32962e-50,4.66272e-48,2.10325e-46,7.19487e-45,1.95965e-43,4.38168e-42,8.22211e-41,1.31658e-39,1.82241e-38,2.20322e-37,2.34593e-36,2.21535e-35,1.86633e-34,1.40975e-33,9.59002e-33,5.89832e-32,3.29167e-31,1.67231e-30,7.75872e-30,3.29718e-29,1.28724e-28,4.63038e-28,1.53923e-27,4.74264e-27,1.35857e-26,3.62927e-26,9.06906e-26,2.12633e-25,4.69161e-25,9.76987e-25,1.92543e-24,3.60056e-24,6.40411e-24,1.08581e-23,1.75843e-23,2.72486e-23,4.04663e-23,5.76717e-23,7.89699e-23,1.03997e-22,1.31824e-22,1.60945e-22,1.89367e-22,2.14812e-22,2.35004e-22,2.47998e-22,2.52484e-22,2.47998e-22,2.35004e-22,2.14812e-22,1.89367e-22,1.60945e-22,1.31824e-22,1.03997e-22,7.89699e-23,5.76717e-23,4.04663e-23,2.72486e-23,1.75843e-23,1.08581e-23,6.40411e-24,3.60056e-24,1.92544e-24,9.76988e-25,4.69162e-25,2.12634e-25,9.06908e-26,3.62928e-26,1.35858e-26,4.74268e-27,1.53925e-27,4.63049e-28,1.28729e-28,3.29738e-29,7.75948e-30,1.67257e-30,3.29245e-31,5.9005e-32,9.59547e-33,1.41097e-33,1.86878e-34,2.21973e-35,2.35287e-36,2.21289e-37,1.8342e-38,1.32902e-39,8.33491e-41,4.46826e-42,2.01499e-43,7.48308e-45,2.22181e-46,5.02987e-48,8.13062e-50,1.06125e-51,0,0,0,0,0,0,0,0,0,0,0,0
0,0,0,0,0,0,0,0,0,0,0,0,0,0,9.48719e-52,7.37671e-50,4.59789e-48,2.02938e-46,6.78638e-45,1.80544e-43,3.94009e-42,7.21107e-41,1.12543e-39,1.51738e-38,1.78569e-37,1.84972e-36,1.69833e-35,1.39033e-34,1.01999e-33,6.73582e-33,4.02002e-32,2.17612e-31,1.07206e-30,4.82196e-30,1.9863e-29,7.51626e-29,2.62069e-28,8.44519e-28,2.52301e-27,7.00956e-27,1.81666e-26,4.40566e-26,1.00282e-25,2.14881e-25,4.34679e-25,8.32347e-25,1.51251e-24,2.61433e-24,4.30731e-24,6.77739e-24,1.02015e-23,1.47112e-23,2.03506e-23,2.70348e-23,3.45215e-23,4.24039e-23,5.01348e-23,5.70824e-23,6.26112e-23,6.61757e-23,6.74073e-23,6.61757e-23,6.26112e-23,5.70824e-23,5.01348e-23,4.24039e-23,3.45215e-23,2.70348e-23,2.03506e-23,1.47112e-23,1.02015e-23,6.77739e-24,4.30731e-24,2.61433e-24,1.51251e-24,8.32347e-25,4.34679e-25,2.14881e-25,1.00282e-25,4.40566e-26,1.81666e-26,7.00958e-27,2.52302e-27,8.44525e-28,2.62072e-28,7.51639e-29,1.98635e-29,4.82217e-30,1.07213e-30,2.17636e-31,4.02072e-32,6.73764e-33,1.02042e-33,1.39122e-34,1.7e-35,1.85247e-36,1.78968e-37,1.52243e-38,1.13098e-39,7.2632e-41,3.98155e-42,1.83287e-43,6.93407e-45,2.09214e-46,4.7985e-48,7.82827e-50,1.02867e-51,0,0,0,0,0,0,0,0,0,0,0,0,0
0,0,0,0,0,0,0,0,0,0,0,0,0,0,0,9.10255e-52,6.92415e-50,4.22342e-48,1.82218e-46,5.95177e-45,1.54549e-43,3.28979e-42,5.8689e-41,8.92267e-40,1.17117e-38,1.34097e-37,1.35067e-36,1.20518e-35,9.5829e-35,6.82506e-34,4.3735e-33,2.53172e-32,1.32881e-31,6.3455e-31,2.76597e-30,1.10406e-29,4.04816e-29,1.36774e-28,4.27157e-28,1.23703e-27,3.33234e-27,8.3765e-27,1.97092e-26,4.35397e-26,9.05698e-26,1.77899e-25,3.30821e-25,5.83846e-25,9.80073e-25,1.56801e-24,2.39526e-24,3.49914e-24,4.8953e-24,6.5664e-24,8.45366e-24,1.04544e-23,1.24278e-23,1.42091e-23,1.56311e-23,1.65499e-23,1.68677e-23,1.65499e-23,1.56311e-23,1.42091e-23,1.24278e-23,1.04544e-23,8.45366e-24,6.5664e-24,4.8953e-24,3.49914e-24,2.39526e-24,1.56801e-24,9.80073e-25,5.83846e-25,3.30821e-25,1.77899e-25,9.05698e-26,4.35397e-26,1.97092e-26,8.37651e-27,3.33234e-27,1.23703e-27,4.27158e-28,1.36774e-28,4.04819e-29,1.10407e-29,2.76603e-30,6.34569e-31,1.32887e-31,2.53192e-32,4.37406e-33,6.82642e-34,9.58589e-35,1.20576e-35,1.35167e-36,1.34248e-37,1.17317e-38,8.94548e-40,5.89117e-41,3.30816e-42,1.55809e-43,6.02199e-45,1.85304e-46,4.32535e-48,7.16109e-50,9.53448e-52,0,0,0,0,0,0,0,0,0,0,0,0,0,0
0,0,0,0,0,0,0,0,0,0,0,0,0,0,0,0,8.12599e-52,6.04219e-50,3.60336e-48,1.51857e-46,4.84155e-45,1.22636e-43,2.54481e-42,4.4229e-41,6.54694e-40,8.36164e-39,9.31022e-38,9.11395e-37,7.89914e-36,6.09768e-35,4.214e-34,2.61903e-33,1.46985e-32,7.47681e-32,3.45939e-31,1.46076e-30,5.64775e-30,2.00579e-29,6.56456e-29,1.98623e-28,5.57379e-28,1.45533e-27,3.54684e-27,8.09351e-27,1.73443e-26,3.50068e-26,6.67279e-26,1.20427e-25,2.06263e-25,3.35988e-25,5.21513e-25,7.72655e-25,1.09429e-24,1.48346e-24,1.92703e-24,2.40091e-24,2.87126e-24,3.29791e-24,3.63977e-24,3.86118e-24,3.93786e-24,3.86118e-24,3.63977e-24,3.29791e-24,2.87126e-24,2.40091e-24,1.92703e-24,1.48346e-24,1.09429e-24,7.72655e-25,5.21513e-25,3.35988e-25,2.06263e-25,1.20427e-25,6.67279e-26,3.50068e-26,1.73443e-26,8.09351e-27,3.54684e-27,1.45533e-27,5.57379e-28,1.98623e-28,6.56457e-29,2.0058e-29,5.64777e-30,1.46077e-30,3.45944e-31,7.47698e-32,1.4699e-32,2.61918e-33,4.2144e-34,6.09859e-35,7.901e-36,9.11729e-37,9.3155e-38,8.3689e-39,6.55557e-40,4.43166e-41,2.55232e-42,1.2317e-43,4.87244e-45,1.53263e-46,3.65138e-48,6.1576e-50,8.34281e-52,0,0,0,0,0,0,0,0,0,0,0,0,0,0,0
0,0,0,0,0,0,0,0,0,0,0,0,0,0,0,0,0,6.73163e-52,4.8898e-50,2.84912e-48,1.17211e-46,3.64558e-45,9.00274e-44,1.82019e-42,3.08036e-41,4.4371e-40,5.51129e-39,5.96434e-38,5.67146e-37,4.77208e-36,3.57437e-35,2.39562e-34,1.44329e-33,7.84878e-33,3.86739e-32,1.73284e-31,7.08466e-31,2.65188e-30,9.11798e-30,2.88924e-29,8.46515e-29,2.30075e-28,5.81965e-28,1.37435e-27,3.03961e-27,6.31468e-27,1.23573e-26,2.28397e-26,3.99681e-26,6.63702e-26,1.04797e-25,1.57628e-25,2.26213e-25,3.10178e-25,4.06848e-25,5.10999e-25,6.15086e-25,7.10016e-25,7.86388e-25,8.35982e-25,8.53179e-25,8.35982e-25,7.86388e-25,7.10016e-25,6.15086e-25,5.10999e-25,4.06848e-25,3.10178e-25,2.26213e-25,1.57628e-25,1.04797e-25,6.63702e-26,3.99681e-26,2.28397e-26,1.23573e-26,6.31468e-27,3.03961e-27,1.37435e-27,5.81965e-28,2.30075e-28,8.46515e-29,2.88925e-29,9.11799e-30,2.65188e-30,7.08468e-31,1.73285e-31,3.86743e-32,7.8489e-33,1.44333e-33,2.39572e-34,3.57462e-35,4.77262e-36,5.67248e-37,5.96602e-38,5.51371e-39,4.44009e-40,3.08353e-41,1.82302e-42,9.02363e-44,3.65811e-45,1.17803e-46,2.87004e-48,4.94184e-50,6.8325e-52,0,0,0,0,0,0,0,0,0,0,0,0,0,0,0,0
0,0,0,0,0,0,0,0,0,0,0,0,0,0,0,0,0,0,5.16405e-52,3.6627e-50,2.08355e-48,8.36203e-47,2.53541e-45,6.09965e-44,1.2006e-42,1.97669e-41,2.76818e-40,3.34048e-39,3.50982e-38,3.23814e-37,2.64185e-36,1.91747e-35,1.24459e-34,7.25787e-34,3.81856e-33,1.81963e-32,7.88227e-32,3.11484e-31,1.12676e-30,3.74384e-30,1.14646e-29,3.24645e-29,8.52937e-29,2.08596e-28,4.76393e-28,1.01914e-27,2.04829e-27,3.87833e-27,6.93605e-27,1.17443e-26,1.88678e-26,2.88163e-26,4.19102e-26,5.81322e-26,7.7e-26,9.75021e-26,1.18135e-25,1.37057e-25,1.52342e-25,1.62295e-25,1.65751e-25,1.62295e-25,1.52342e-25,1.37057e-25,1.18135e-25,9.75021e-26,7.7e-26,5.81322e-26,4.19102e-26,2.88163e-26,1.88678e-26,1.17443e-26,6.93605e-27,3.87833e-27,2.04829e-27,1.01914e-27,4.76393e-28,2.08596e-28,8.52937e-29,3.24645e-29,1.14646e-29,3.74385e-30,1.12676e-30,3.11485e-31,7.88229e-32,1.81964e-32,3.81859e-33,7.25795e-34,1.24461e-34,1.91753e-35,2.64199e-36,3.23842e-37,3.51031e-38,3.34122e-39,2.76913e-40,1.97774e-41,1.20158e-42,6.10715e-44,2.54009e-45,8.38494e-47,2.09195e-48,3.68437e-50,5.20744e-52,0,0,0,0,0,0,0,0,0,0,0,0,0,0,0,0,0
0,0,0,0,0,0,0,0,0,0,0,0,0,0,0,0,0,0,0,0,0,0,0,0,0,0,0,0,0,0,0,0,0,0,0,0,0,0,0,0,0,0,0,0,0,0,0,0,0,0,0,0,0,0,0,0,0,0,0,0,0,0,0,0,0,0,0,0,0,0,0,0,0,0,0,0,0,0,0,0,0,0,0,0,0,0,0,0,0,0,0,0,0,0,0,0,0,0,0,0,0,0,0,0,0,0,0,0,0,0,0,0,0,0,0,0,0,0,0,0
