0,0,0,0,0,0,0,0,0,0,0,0,0,0,0,0,0,0,0,0,0,0,0,0,0,0,0,0,0,0,0,0,0,0,0,0,0,0,0,0,0,0,0,0,0,0,0,0,0,0,0,0,0,0,0,0,0,0,0,0,0,0,0,0,0,0,0,0,0,0,0,0,0,0,0,0,0,0,0,0,0,0,0,0,0,0,0,0,0,0,0,0,0,0,0,0,0,0,0,0,0,0,0,0,0,0,0,0,0,0,0,0,0,0,0,0,0,0,0,0
0,1.33968e-05,2.59572e-05,3.81119e-05,4.9718e-05,6.05229e-05,7.02341e-05,7.85594e-05,8.52313e-05,9.00208e-05,9.27471e-05,9.32826e-05,9.15564e-05,8.75566e-05,8.13306e-05,7.29838e-05,6.26764e-05,5.06181e-05,3.7061e-05,2.229e-05,6.61336e-06,-9.6488e-06,-2.61753e-05,-4.26547e-05,-5.87945e-05,-7.43295e-05,-8.90285e-05,-0.000102699,-0.000115189,-0.000126391,-0.000136238,-0.000144704,-0.0001518,-0.000157572,-0.000162092,-0.000165457,-0.000167785,-0.000169201,-0.000169844,-0.000169852,-0.00016936,-0.0001685,-0.00016739,-0.000166139,-0.000164839,-0.000163565,-0.000162375,-0.000161312,-0.0001604,-0.000159652,-0.000159066,-0.000158629,-0.000158324,-0.000158126,-0.000158009,-0.000157947,-0.000157918,-0.000157903,-0.00015789,-0.000157875,-0.000157861,-0.00015786,-0.000157888,-0.000157972,-0.000158142,-0.000158431,-0.000158874,-0.000159504,-0.000160353,-0.000161444,-0.000162795,-0.000164411,-0.000166286,-0.0001684,-0.000170717,-0.000173187,-0.000175743,-0.000178304,-0.000180772,-0.00018304,-0.000184986,-0.000186484,-0.000187398,-0.000187594,-0.000186935,-0.000185292,-0.000182543,-0.00017858,-0.000173312,-0.000166669,-0.00015861,-0.000149122,-0.000138227,-0.000125984,-0.000112492,-9.78909e-05,-8.23615e-05,-6.61227e-05,-4.94287e-05,-3.25634e-05,-1.58333e-05,4.41089e-07,1.59353e-05,3.03309e-05,4.33269e-05,5.46494e-05,6.40612e-05,7.13703e-05,7.64356e-05,7.91721e-05,7.95539e-05,7.76154e-05,7.34519e-05,6.72172e-05,5.91199e-05,4.94149e-05,3.83875e-05,2.63271e-05,1.34839e-05,0
0,2.59572e-05,5.15046e-05,7.52694e-05,9.77572e-05,0.000118384,0.000136537,0.000151638,0.00016318,0.000170754,0.000174054,0.00017289,0.000167188,0.000156996,0.000142474,0.000123901,0.000101654,7.62055e-05,4.80994e-05,1.79361e-05,-1.36503e-05,-4.60143e-05,-7.85207e-05,-0.000110565,-0.000141591,-0.000171106,-0.000198691,-0.000224009,-0.000246811,-0.000266932,-0.00028429,-0.000298884,-0.00031078,-0.000320112,-0.00032706,-0.00033185,-0.000334736,-0.000335993,-0.000335903,-0.000334749,-0.000332803,-0.000330318,-0.000327524,-0.000324621,-0.000321774,-0.000319113,-0.000316736,-0.000314701,-0.000313037,-0.000311744,-0.000310797,-0.000310155,-0.000309761,-0.000309551,-0.000309461,-0.000309427,-0.000309397,-0.000309327,-0.000309189,-0.000308973,-0.000308685,-0.000308349,-0.000308007,-0.000307714,-0.00030754,-0.000307561,-0.00030786,-0.000308519,-0.000309614,-0.000311212,-0.000313367,-0.000316109,-0.000319448,-0.000323364,-0.00032781,-0.000332702,-0.000337928,-0.000343342,-0.000348765,-0.000353992,-0.000358794,-0.000362917,-0.000366097,-0.000368058,-0.000368521,-0.000367213,-0.000363873,-0.000358261,-0.000350167,-0.000339418,-0.000325891,-0.000309518,-0.000290294,-0.000268289,-0.000243648,-0.000216598,-0.000187449,-0.000156593,-0.000124495,-9.16879e-05,-5.87595e-05,-2.63352e-05,4.9391e-06,3.44179e-05,6.14769e-05,8.55347e-05,0.000106072,0.000122649,0.000134922,0.00014265,0.000145711,0.000144099,0.000137934,0.00012746,0.000113044,9.5164e-05,7.43894e-05,5.13408e-05,2.66203e-05,0
0,3.81119e-05,7.52694e-05,0.000111708,0.000144134,0.000173206,0.000197961,0.000217561,0.000231324,0.000238744,0.000239495,0.000233432,0.000220592,0.00020119,0.000175606,0.00014438,0.000108191,6.78369e-05,2.42014e-05,-2.17715e-05,-6.91134e-05,-0.000116864,-0.000164101,-0.000209971,-0.000253712,-0.000294668,-0.000332308,-0.000366229,-0.000396158,-0.000421951,-0.000443585,-0.000461147,-0.00047482,-0.000484871,-0.000491634,-0.00049549,-0.000496856,-0.000496165,-0.000493849,-0.00049033,-0.000486003,-0.000481228,-0.000476319,-0.000471541,-0.000467103,-0.00046316,-0.00045981,-0.000457101,-0.000455033,-0.000453567,-0.000452632,-0.00045213,-0.000451951,-0.000451975,-0.000452088,-0.000452179,-0.000452159,-0.000451955,-0.000451522,-0.000450841,-0.000449924,-0.000448811,-0.00044757,-0.000446295,-0.000445098,-0.000444112,-0.000443475,-0.000443333,-0.000443825,-0.000445081,-0.000447208,-0.000450291,-0.000454378,-0.00045948,-0.000465562,-0.000472542,-0.000480286,-0.000488613,-0.000497289,-0.000506034,-0.000514527,-0.000522408,-0.000529288,-0.000534759,-0.000538397,-0.000539778,-0.000538489,-0.000534134,-0.000526355,-0.000514839,-0.000499334,-0.000479661,-0.000455731,-0.000427551,-0.000395241,-0.00035904,-0.000319306,-0.000276527,-0.000231308,-0.000184366,-0.000136514,-8.8645e-05,-4.17015e-05,3.34846e-06,4.55431e-05,8.39587e-05,0.00011774,0.000146128,0.000168487,0.000184322,0.000193298,0.000195256,0.000190222,0.000178416,0.000160266,0.000136406,0.000107665,7.50348e-05,3.91024e-05,0
0,4.9718e-05,9.77572e-05,0.000144134,0.000187603,0.000223125,0.000251923,0.000272974,0.000285537,0.000289148,0.000283603,0.000268951,0.000245477,0.000213689,0.000174301,0.000128213,7.64781e-05,2.02718e-05,-3.91508e-05,-0.000100498,-0.000162484,-0.000223873,-0.000283516,-0.000340383,-0.000393588,-0.000442409,-0.000486297,-0.000524878,-0.000557951,-0.000585478,-0.000607571,-0.000624476,-0.00063655,-0.000644241,-0.000648066,-0.000648589,-0.000646397,-0.000642082,-0.000636218,-0.000629347,-0.000621964,-0.000614502,-0.000607327,-0.000600729,-0.000594923,-0.000590045,-0.000586161,-0.000583269,-0.000581311,-0.000580178,-0.000579728,-0.000579792,-0.000580186,-0.000580728,-0.00058124,-0.000581566,-0.000581572,-0.000581158,-0.00058026,-0.000578853,-0.000576954,-0.000574621,-0.000571951,-0.000569076,-0.000566159,-0.00056339,-0.000560974,-0.000559127,-0.000558064,-0.000557991,-0.000559095,-0.000561531,-0.000565416,-0.000570819,-0.000577751,-0.000586164,-0.00059594,-0.000606894,-0.000618772,-0.000631253,-0.000643952,-0.000656429,-0.000668195,-0.000678721,-0.000687452,-0.000693815,-0.000697238,-0.000697162,-0.000693055,-0.000684435,-0.000670878,-0.000652046,-0.000627699,-0.000597713,-0.0005621,-0.000521018,-0.000474784,-0.000423881,-0.000368958,-0.000310823,-0.000250434,-0.000188876,-0.000127336,-6.70713e-05,-9.36716e-06,4.44979e-05,9.32958e-05,0.000135888,0.00017126,0.000198557,0.000217109,0.000226458,0.00022638,0.00021692,0.000198414,0.000171523,0.00013725,9.64917e-05,5.058e-05,0
0,6.05229e-05,0.000118384,0.000173206,0.000223125,0.000265721,0.000295235,0.000313978,0.000321337,0.000317074,0.000301294,0.0002744,0.00023707,0.000190227,0.000135017,7.27695e-05,4.95962e-06,-6.68409e-05,-0.000141016,-0.000215959,-0.000290126,-0.000362082,-0.000430541,-0.000494402,-0.000552768,-0.000604958,-0.000650514,-0.000689195,-0.000720967,-0.00074598,-0.000764555,-0.00077715,-0.00078434,-0.000786784,-0.0007852,-0.000780336,-0.000772944,-0.000763756,-0.000753462,-0.000742692,-0.000731998,-0.000721846,-0.000712608,-0.000704554,-0.000697858,-0.0006926,-0.000688772,-0.000686293,-0.000685015,-0.000684742,-0.000685241,-0.000686261,-0.000687541,-0.000688831,-0.000689895,-0.000690528,-0.00069056,-0.000689865,-0.000688364,-0.000686028,-0.000682882,-0.000678998,-0.0006745,-0.000669557,-0.000664379,-0.000659209,-0.000654316,-0.00064999,-0.000646522,-0.000644205,-0.000643312,-0.000644088,-0.000646738,-0.000651414,-0.000658205,-0.000667128,-0.000678119,-0.000691029,-0.000705624,-0.000721579,-0.000738488,-0.000755866,-0.000773157,-0.000789742,-0.000804957,-0.000818103,-0.00082846,-0.000835307,-0.000837936,-0.000835679,-0.000827917,-0.000814114,-0.000793828,-0.000766744,-0.000732688,-0.000691652,-0.000643812,-0.000589541,-0.00052942,-0.000464235,-0.000394976,-0.000322822,-0.00024911,-0.000175312,-0.000102985,-3.37333e-05,3.08443e-05,8.92032e-05,0.000139899,0.000181629,0.000213276,0.00023394,0.000242982,0.000240075,0.000225257,0.00019901,0.00016167,0.000114884,6.06559e-05,0
0,7.02341e-05,0.000136537,0.000197961,0.000251923,0.000295235,0.000325468,0.000337637,0.000335504,0.000319295,0.000289611,0.000247371,0.000193766,0.000130227,5.83833e-05,-1.99763e-05,-0.000102959,-0.000188626,-0.000275056,-0.000360408,-0.000442974,-0.000521233,-0.000593883,-0.000659875,-0.000718419,-0.000768996,-0.000811346,-0.000845456,-0.000871537,-0.000889998,-0.000901414,-0.000906494,-0.00090605,-0.000900957,-0.000892128,-0.000880477,-0.000866893,-0.000852211,-0.000837195,-0.000822513,-0.000808728,-0.000796287,-0.000785515,-0.000776619,-0.000769688,-0.000764706,-0.000761564,-0.000760072,-0.00075998,-0.00076099,-0.000762778,-0.00076501,-0.000767356,-0.000769503,-0.00077117,-0.000772114,-0.00077214,-0.000771105,-0.00076892,-0.000765557,-0.000761046,-0.000755474,-0.000748983,-0.00074177,-0.000734078,-0.000726194,-0.000718439,-0.000711163,-0.000704729,-0.000699506,-0.000695858,-0.000694122,-0.000694603,-0.000697553,-0.00070316,-0.000711535,-0.000722703,-0.000736588,-0.000753016,-0.000771706,-0.000792273,-0.000814231,-0.000837,-0.000859916,-0.000882243,-0.000903187,-0.000921909,-0.000937549,-0.000949239,-0.000956129,-0.000957403,-0.000952308,-0.000940178,-0.000920458,-0.000892736,-0.000856766,-0.000812495,-0.000760087,-0.000699942,-0.000632707,-0.000559278,-0.000480799,-0.000398641,-0.000314377,-0.000229743,-0.000146591,-6.68379e-05,7.59136e-06,7.48172e-05,0.000133056,0.000180669,0.000216202,0.000238443,0.000246486,0.000239825,0.000217373,0.000179841,0.00012946,6.89472e-05,0
0,7.85594e-05,0.000151638,0.000217561,0.000272974,0.000313978,0.000337637,0.000342911,0.000327055,0.000295199,0.000248626,0.000188887,0.000117757,3.72002e-05,-5.06691e-05,-0.000143636,-0.000239447,-0.000335877,-0.000430801,-0.000522256,-0.000608501,-0.00068806,-0.000759747,-0.000822691,-0.000876331,-0.000920412,-0.000954964,-0.000980274,-0.000996857,-0.00100542,-0.00100681,-0.001002,-0.000992032,-0.000977978,-0.000960915,-0.000941885,-0.000921866,-0.000901751,-0.000882318,-0.000864223,-0.000847982,-0.00083397,-0.00082242,-0.000813429,-0.000806969,-0.0008029,-0.000800988,-0.000800928,-0.000802358,-0.000804885,-0.000808103,-0.000811607,-0.000815015,-0.000817973,-0.000820172,-0.000821351,-0.000821304,-0.000819885,-0.000817007,-0.000812643,-0.000806828,-0.000799657,-0.000791281,-0.00078191,-0.000771802,-0.000761267,-0.000750658,-0.000740361,-0.000730793,-0.000722385,-0.000715572,-0.000710782,-0.000708414,-0.000708828,-0.000712322,-0.000719123,-0.000729367,-0.000743087,-0.000760206,-0.000780526,-0.000803732,-0.000829383,-0.000856925,-0.000885695,-0.000914932,-0.000943793,-0.000971362,-0.000996678,-0.00101874,-0.00103655,-0.00104911,-0.00105545,-0.00105468,-0.00104601,-0.00102873,-0.00100232,-0.00096645,-0.000920982,-0.000866043,-0.000802029,-0.000729622,-0.000649801,-0.000563833,-0.000473262,-0.000379871,-0.000285644,-0.000192716,-0.00010331,-1.96818e-05,5.59326e-05,0.000121365,0.000174558,0.000213613,0.000236863,0.000241358,0.000225769,0.000190958,0.000139608,7.5123e-05,0
0,8.52313e-05,0.00016318,0.000231324,0.000285537,0.000321337,0.000335504,0.000327055,0.000297403,0.000246881,0.000181398,0.000103183,1.45858e-05,-8.19436e-05,-0.000183878,-0.000288667,-0.000393801,-0.000496889,-0.000595734,-0.000688391,-0.000773225,-0.000848937,-0.000914588,-0.000969597,-0.00101373,-0.00104708,-0.00107003,-0.00108321,-0.00108746,-0.00108379,-0.00107333,-0.00105729,-0.00103691,-0.00101342,-0.000988008,-0.000961801,-0.000935807,-0.000910914,-0.000887862,-0.000867234,-0.000849448,-0.000834762,-0.000823274,-0.00081494,-0.000809589,-0.000806941,-0.000806634,-0.000808244,-0.000811312,-0.000815363,-0.000819927,-0.000824558,-0.000828842,-0.000832415,-0.000834962,-0.000836229,-0.000836019,-0.000834195,-0.000830682,-0.000825459,-0.000818565,-0.000810094,-0.000800194,-0.000789068,-0.00077697,-0.000764206,-0.000751132,-0.000738146,-0.000725686,-0.00071422,-0.000704236,-0.000696227,-0.000690678,-0.000688046,-0.000688745,-0.000693121,-0.00070144,-0.000713866,-0.000730449,-0.000751113,-0.000775648,-0.000803708,-0.000834811,-0.000868344,-0.000903573,-0.000939652,-0.00097564,-0.00101052,-0.00104321,-0.00107258,-0.0010975,-0.00111683,-0.00112946,-0.00113435,-0.00113054,-0.0011172,-0.00109367,-0.00105948,-0.00101442,-0.000958538,-0.000892209,-0.000816126,-0.000731323,-0.000639173,-0.000541367,-0.00043988,-0.000336925,-0.000234896,-0.000136309,-4.37495e-05,4.01636e-05,0.000112802,0.000171553,0.00021182,0.000229822,0.000223806,0.000194516,0.000144887,7.89261e-05,0
0,9.00208e-05,0.000170754,0.000238744,0.000289148,0.000317074,0.000319295,0.000295199,0.000246881,0.000178437,9.31202e-05,-3.31963e-06,-0.000108074,-0.000218337,-0.000331305,-0.000444225,-0.000554471,-0.000659631,-0.000757575,-0.000846519,-0.000925064,-0.000992215,-0.00104738,-0.00109036,-0.00112132,-0.00114073,-0.00114937,-0.00114823,-0.00113846,-0.00112138,-0.00109834,-0.00107076,-0.00104002,-0.00100747,-0.00097436,-0.000941821,-0.000910842,-0.000882247,-0.000856682,-0.000834608,-0.0008163,-0.000801861,-0.000791227,-0.000784191,-0.000780428,-0.000779518,-0.000780973,-0.00078427,-0.000788867,-0.000794234,-0.000799868,-0.000805306,-0.00081014,-0.000814019,-0.000816653,-0.000817816,-0.00081734,-0.000815113,-0.000811077,-0.000805225,-0.000797595,-0.000788272,-0.000777388,-0.000765122,-0.0007517,-0.000737399,-0.000722548,-0.000707525,-0.000692759,-0.000678722,-0.000665924,-0.000654901,-0.000646198,-0.000640355,-0.000637888,-0.000639264,-0.000644881,-0.000655046,-0.000669956,-0.000689682,-0.000714157,-0.000743162,-0.000776332,-0.000813148,-0.000852951,-0.000894942,-0.000938204,-0.00098171,-0.00102434,-0.00106491,-0.00110218,-0.00113486,-0.00116169,-0.00118141,-0.00119281,-0.00119477,-0.00118631,-0.00116661,-0.00113509,-0.0010914,-0.00103552,-0.00096778,-0.00088887,-0.000799869,-0.000702239,-0.000597801,-0.000488698,-0.000377338,-0.000266333,-0.000158451,-5.6596e-05,3.6179e-05,0.000114458,0.000172517,0.000205688,0.000211503,0.000190302,0.000145036,8.01838e-05,0
0,9.27471e-05,0.000174054,0.000239495,0.000283603,0.000301294,0.000289611,0.000248626,0.000181398,9.31202e-05,-1.01718e-05,-0.000123439,-0.000241975,-0.000362841,-0.000483132,-0.000600049,-0.000710996,-0.000813678,-0.000906171,-0.000986976,-0.00105504,-0.00110976,-0.00115098,-0.00117892,-0.00119419,-0.00119766,-0.00119049,-0.00117401,-0.00114967,-0.00111903,-0.00108365,-0.00104509,-0.00100482,-0.000964247,-0.000924612,-0.00088701,-0.000852348,-0.000821337,-0.000794481,-0.000772079,-0.000754232,-0.00074086,-0.000731722,-0.000726444,-0.000724546,-0.000725477,-0.000728642,-0.000733438,-0.000739271,-0.000745585,-0.000751872,-0.000757689,-0.00076266,-0.000766477,-0.0007689,-0.000769751,-0.000768908,-0.000766296,-0.000761883,-0.000755675,-0.000747708,-0.000738053,-0.000726813,-0.000714126,-0.00070017,-0.00068517,-0.0006694,-0.00065319,-0.000636928,-0.000621058,-0.000606081,-0.000592543,-0.000581023,-0.000572123,-0.000566439,-0.000564547,-0.000566972,-0.000574166,-0.000586482,-0.000604154,-0.000627277,-0.000655792,-0.000689481,-0.00072796,-0.00077068,-0.000816938,-0.000865882,-0.000916523,-0.000967757,-0.00101837,-0.00106707,-0.0011125,-0.00115325,-0.00118789,-0.00121501,-0.00123325,-0.00124131,-0.00123805,-0.00122249,-0.00119388,-0.0011518,-0.00109612,-0.00102713,-0.000945514,-0.000852399,-0.000749324,-0.00063822,-0.000521352,-0.000401252,-0.000280652,-0.000162484,-5.18954e-05,4.46925e-05,0.000120518,0.000169843,0.00018924,0.000178377,0.000139974,7.88103e-05,0
0,9.32826e-05,0.00017289,0.000233432,0.000268951,0.0002744,0.000247371,0.000188887,0.000103183,-3.31963e-06,-0.000123439,-0.000250614,-0.000379729,-0.000507517,-0.000631155,-0.000747928,-0.000855397,-0.000951505,-0.00103465,-0.0011037,-0.00115805,-0.00119754,-0.00122247,-0.00123354,-0.00123177,-0.00121844,-0.00119506,-0.00116325,-0.00112474,-0.00108125,-0.00103451,-0.000986144,-0.000937689,-0.000890521,-0.000845838,-0.00080464,-0.000767707,-0.000735592,-0.000708625,-0.000686913,-0.000670363,-0.000658703,-0.000651509,-0.000648243,-0.000648286,-0.000650971,-0.000655622,-0.000661582,-0.000668235,-0.000675029,-0.000681486,-0.000687208,-0.000691878,-0.000695257,-0.000697173,-0.000697514,-0.000696215,-0.000693247,-0.000688609,-0.000682321,-0.000674417,-0.000664946,-0.000653972,-0.000641583,-0.000627893,-0.000613055,-0.000597267,-0.000580786,-0.000563931,-0.00054709,-0.000530725,-0.00051536,-0.000501583,-0.000490025,-0.000481343,-0.000476201,-0.000475237,-0.000479039,-0.000488117,-0.000502872,-0.000523573,-0.00055034,-0.000583124,-0.000621703,-0.000665674,-0.000714461,-0.000767313,-0.000823324,-0.000881439,-0.000940469,-0.000999112,-0.00105596,-0.00110954,-0.0011583,-0.00120066,-0.00123505,-0.00125993,-0.00127383,-0.00127544,-0.00126362,-0.0012375,-0.00119653,-0.00114052,-0.00106973,-0.000984854,-0.000887063,-0.000777967,-0.000659565,-0.000534152,-0.000404189,-0.000273672,-0.000148257,-3.52084e-05,5.76763e-05,0.000123502,0.000157706,0.000159053,0.000129789,7.48053e-05,0
0,9.15564e-05,0.000167188,0.000220592,0.000245477,0.00023707,0.000193766,0.000117757,1.45858e-05,-0.000108074,-0.000241975,-0.000379729,-0.000515771,-0.000646584,-0.000769682,-0.0008825,-0.000982841,-0.00106898,-0.0011397,-0.00119434,-0.00123275,-0.00125527,-0.00126267,-0.00125609,-0.00123695,-0.00120692,-0.0011678,-0.00112147,-0.00106985,-0.00101481,-0.000958154,-0.000901555,-0.000846526,-0.000794383,-0.000746228,-0.000702924,-0.000665088,-0.000633087,-0.00060705,-0.000586879,-0.000572277,-0.000562777,-0.000557783,-0.000556603,-0.000558498,-0.000562711,-0.000568512,-0.000575218,-0.000582221,-0.000589003,-0.00059514,-0.000600306,-0.000604265,-0.000606861,-0.000608007,-0.000607666,-0.000605839,-0.000602549,-0.000597826,-0.000591706,-0.000584217,-0.000575384,-0.000565229,-0.000553779,-0.000541075,-0.000527185,-0.000512217,-0.000496335,-0.00047977,-0.000462831,-0.00044591,-0.000429489,-0.000414129,-0.000400468,-0.000389196,-0.00038104,-0.000376734,-0.000376987,-0.000382455,-0.000393702,-0.000411178,-0.000435186,-0.000465862,-0.000503165,-0.00054686,-0.000596522,-0.000651534,-0.000711101,-0.000774251,-0.000839856,-0.000906641,-0.0009732,-0.00103801,-0.00109947,-0.00115587,-0.00120549,-0.00124658,-0.00127741,-0.00129637,-0.00130196,-0.0012929,-0.00126821,-0.00122724,-0.00116978,-0.00109607,-0.00100685,-0.000903338,-0.000787214,-0.000660468,-0.000525743,-0.000386841,-0.000249831,-0.000122629,-1.39585e-05,6.81294e-05,0.000117842,0.000132856,0.000114724,6.82494e-05,0
0,8.75566e-05,0.000156996,0.00020119,0.000213689,0.000190227,0.000130227,3.72002e-05,-8.19436e-05,-0.000218337,-0.000362841,-0.000507517,-0.000646584,-0.000776752,-0.000895811,-0.00100139,-0.00109162,-0.00116515,-0.00122123,-0.00125968,-0.00128085,-0.00128555,-0.00127503,-0.00125084,-0.00121479,-0.00116883,-0.00111504,-0.00105551,-0.000992269,-0.000927299,-0.000862429,-0.000799317,-0.000739413,-0.000683936,-0.000633847,-0.000589842,-0.000552349,-0.000521527,-0.000497291,-0.000479331,-0.000467145,-0.000460083,-0.000457385,-0.000458229,-0.000461776,-0.000467209,-0.000473767,-0.000480774,-0.000487657,-0.000493955,-0.000499321,-0.00050352,-0.00050641,-0.000507934,-0.000508093,-0.000506935,-0.000504527,-0.000500945,-0.000496254,-0.000490501,-0.000483711,-0.000475882,-0.000466989,-0.000456998,-0.000445871,-0.000433586,-0.000420151,-0.000405627,-0.00039014,-0.000373902,-0.000357219,-0.000340502,-0.000324264,-0.000309121,-0.00029577,-0.000284979,-0.00027755,-0.000274298,-0.000276007,-0.000283398,-0.000297093,-0.00031758,-0.000345191,-0.00038007,-0.000422169,-0.000471234,-0.000526802,-0.000588209,-0.000654599,-0.000724926,-0.000797977,-0.000872378,-0.000946611,-0.00101903,-0.00108787,-0.00115129,-0.0012074,-0.00125426,-0.00128999,-0.00131279,-0.00132104,-0.00131332,-0.00128856,-0.00124608,-0.00118564,-0.00110754,-0.0010126,-0.000902164,-0.000778054,-0.000642443,-0.000498939,-0.000353672,-0.000214941,-9.22167e-05,5.3795e-06,7.07969e-05,0.000100503,9.51644e-05,5.92969e-05,0
0,8.13306e-05,0.000142474,0.000175606,0.000174301,0.000135017,5.83833e-05,-5.06691e-05,-0.000183878,-0.000331305,-0.000483132,-0.000631155,-0.000769682,-0.000895811,-0.00100767,-0.00110318,-0.00118081,-0.00123968,-0.00127953,-0.00130067,-0.00130394,-0.00129064,-0.00126243,-0.00122126,-0.00116923,-0.00110858,-0.00104158,-0.000970458,-0.000897347,-0.000824249,-0.000752981,-0.00068514,-0.000622078,-0.000564873,-0.000514319,-0.00047092,-0.00043489,-0.000406171,-0.000384458,-0.000369226,-0.00035978,-0.000355295,-0.00035487,-0.000357576,-0.000362501,-0.000368793,-0.000375693,-0.000382556,-0.000388868,-0.000394247,-0.000398443,-0.00040132,-0.000402846,-0.000403063,-0.000402069,-0.000399992,-0.000396969,-0.000393125,-0.000388558,-0.00038333,-0.000377456,-0.000370909,-0.00036362,-0.000355492,-0.000346408,-0.000336255,-0.000324939,-0.000312409,-0.000298683,-0.000283859,-0.000268144,-0.000251857,-0.000235442,-0.000219468,-0.000204614,-0.000191659,-0.000181453,-0.00017489,-0.000172865,-0.000176239,-0.000185796,-0.000202209,-0.000225996,-0.000257503,-0.000296871,-0.000344031,-0.000398692,-0.000460343,-0.000528257,-0.000601502,-0.000678947,-0.000759279,-0.000841012,-0.000922502,-0.00100196,-0.00107748,-0.00114706,-0.00120862,-0.00126007,-0.00129936,-0.00132455,-0.00133388,-0.00132586,-0.00129936,-0.00125371,-0.00118873,-0.00110481,-0.00100293,-0.000884643,-0.00075168,-0.000607166,-0.000456993,-0.000309565,-0.000174874,-6.29703e-05,1.78783e-05,6.28614e-05,7.16114e-05,4.81682e-05,0
0,7.29838e-05,0.000123901,0.00014438,0.000128213,7.27695e-05,-1.99763e-05,-0.000143636,-0.000288667,-0.000444225,-0.000600049,-0.000747928,-0.0008825,-0.00100139,-0.00110318,-0.0011861,-0.00124908,-0.00129171,-0.00131423,-0.00131745,-0.0013027,-0.00127172,-0.00122654,-0.00116942,-0.00110277,-0.00102901,-0.000950541,-0.000869689,-0.000788624,-0.000709328,-0.000633559,-0.000562813,-0.000498302,-0.000440937,-0.000391318,-0.000349733,-0.000316174,-0.000290356,-0.000271752,-0.000259634,-0.000253123,-0.000251242,-0.000252971,-0.0002573,-0.000263274,-0.000270036,-0.000276855,-0.000283143,-0.000288467,-0.000292542,-0.000295225,-0.000296493,-0.000296422,-0.000295159,-0.000292894,-0.000289835,-0.000286183,-0.000282109,-0.000277742,-0.000273154,-0.000268354,-0.00026329,-0.000257851,-0.00025188,-0.000245188,-0.00023757,-0.000228835,-0.000218822,-0.00020743,-0.000194645,-0.000180557,-0.000165384,-0.000149478,-0.000133338,-0.000117601,-0.000103031,-9.04974e-05,-8.09461e-05,-7.53608e-05,-7.47217e-05,-7.99615e-05,-9.19207e-05,-0.000111307,-0.000138659,-0.000174318,-0.000218408,-0.000270821,-0.000331215,-0.000399012,-0.000473409,-0.000553385,-0.00063771,-0.000724959,-0.000813525,-0.000901629,-0.000987339,-0.00106859,-0.00114321,-0.00120897,-0.00126362,-0.00130496,-0.00133094,-0.0013397,-0.00132972,-0.00129987,-0.00124954,-0.00117867,-0.00108784,-0.000978264,-0.000851165,-0.000709012,-0.000557216,-0.000404028,-0.000259717,-0.000135077,-3.94989e-05,2.09193e-05,4.46666e-05,3.51392e-05,0
0,6.26764e-05,0.000101654,0.000108191,7.64781e-05,4.95962e-06,-0.000102959,-0.000239447,-0.000393801,-0.000554471,-0.000710996,-0.000855397,-0.000982841,-0.00109162,-0.00118081,-0.00124908,-0.00129582,-0.00132113,-0.00132574,-0.00131096,-0.00127855,-0.00123065,-0.00116962,-0.001098,-0.00101837,-0.000933324,-0.000845343,-0.000756775,-0.000669777,-0.00058627,-0.000507909,-0.000436053,-0.000371745,-0.000315699,-0.0002683,-0.000229609,-0.000199387,-0.000177121,-0.00016207,-0.000153313,-0.000149809,-0.00015045,-0.000154127,-0.000159777,-0.000166435,-0.000173266,-0.000179592,-0.000184906,-0.000188872,-0.000191318,-0.000192215,-0.000191655,-0.000189824,-0.000186967,-0.000183364,-0.000179295,-0.000175018,-0.000170747,-0.000166634,-0.000162762,-0.000159133,-0.000155671,-0.00015223,-0.0001486,-0.000144523,-0.000139717,-0.000133892,-0.000126785,-0.000118182,-0.00010795,-9.60598e-05,-8.26132e-05,-6.78598e-05,-5.22077e-05,-3.62266e-05,-2.06402e-05,-6.30907e-06,5.79647e-06,1.46324e-05,1.91237e-05,1.82113e-05,1.09005e-05,-3.69159e-06,-2.6294e-05,-5.74456e-05,-9.74675e-05,-0.000146444,-0.000204213,-0.000270363,-0.000344237,-0.000424942,-0.000511354,-0.000602135,-0.000695742,-0.000790439,-0.000884306,-0.000975267,-0.0010611,-0.00113949,-0.00120804,-0.00126438,-0.00130619,-0.00133133,-0.00133791,-0.00132441,-0.00128978,-0.00123352,-0.00115579,-0.0010574,-0.000939013,-0.00080231,-0.000652028,-0.000496026,-0.000344606,-0.000209094,-9.98607e-05,-2.42549e-05,1.50058e-05,2.05312e-05,0
0,5.06181e-05,7.62055e-05,6.78369e-05,2.02718e-05,-6.68409e-05,-0.000188626,-0.000335877,-0.000496889,-0.000659631,-0.000813678,-0.000951505,-0.00106898,-0.00116515,-0.00123968,-0.00129171,-0.00132113,-0.00132853,-0.00131515,-0.00128275,-0.00123349,-0.00116984,-0.00109443,-0.00101001,-0.000919302,-0.000824978,-0.000729551,-0.000635351,-0.000544469,-0.000458723,-0.00037963,-0.000308377,-0.000245812,-0.000192433,-0.000148393,-0.00011352,-8.73383e-05,-6.91152e-05,-5.79074e-05,-5.26209e-05,-5.20734e-05,-5.50577e-05,-6.04025e-05,-6.70258e-05,-7.39785e-05,-8.04771e-05,-8.59221e-05,-8.99048e-05,-9.22015e-05,-9.27577e-05,-9.1664e-05,-8.91269e-05,-8.54359e-05,-8.09304e-05,-7.5967e-05,-7.08906e-05,-6.60081e-05,-6.15676e-05,-5.77425e-05,-5.46207e-05,-5.21994e-05,-5.03851e-05,-4.89987e-05,-4.77859e-05,-4.64328e-05,-4.45845e-05,-4.18703e-05,-3.79295e-05,-3.24422e-05,-2.51589e-05,-1.59318e-05,-4.7417e-06,8.27776e-06,2.28235e-05,3.8414e-05,5.43909e-05,6.99305e-05,8.40671e-05,9.57259e-05,0.000103765,0.000107025,0.000104379,9.47834e-05,7.73319e-05,5.12936e-05,1.61499e-05,-2.83797e-05,-8.23221e-05,-0.000145443,-0.000217247,-0.000296986,-0.000383663,-0.000476048,-0.000572689,-0.000671918,-0.000771868,-0.000870486,-0.00096555,-0.0010547,-0.00113547,-0.00120534,-0.00126184,-0.00130256,-0.00132532,-0.00132824,-0.00130988,-0.00126931,-0.00120623,-0.00112105,-0.0010138,-0.000885296,-0.000739439,-0.000583486,-0.000427539,-0.000283225,-0.000161724,-7.15498e-05,-1.66455e-05,4.69778e-06,0
0,3.7061e-05,4.80994e-05,2.42014e-05,-3.91508e-05,-0.000141016,-0.000275056,-0.000430801,-0.000595734,-0.000757575,-0.000906171,-0.00103465,-0.0011397,-0.00122123,-0.00127953,-0.00131423,-0.00132574,-0.00131515,-0.00128417,-0.00123496,-0.00117002,-0.00109209,-0.00100403,-0.000908723,-0.000808975,-0.000707476,-0.000606722,-0.000508974,-0.000416218,-0.000330132,-0.00025206,-0.000182993,-0.000123562,-7.40316e-05,-3.43165e-05,-4.00417e-06,1.76083e-05,3.1465e-05,3.86928e-05,4.05364e-05,3.82899e-05,3.32311e-05,2.65603e-05,1.9349e-05,1.25001e-05,6.72159e-06,2.51457e-06,1.743e-07,-1.96819e-07,1.33342e-06,4.55664e-06,9.15782e-06,1.4751e-05,2.09147e-05,2.72244e-05,3.32824e-05,3.87426e-05,4.33303e-05,4.6857e-05,4.923e-05,5.04575e-05,5.06475e-05,5.00036e-05,4.88148e-05,4.74412e-05,4.62953e-05,4.58188e-05,4.64561e-05,4.86235e-05,5.26778e-05,5.88836e-05,6.73812e-05,7.81591e-05,9.10311e-05,0.000105621,0.000121357,0.00013748,0.000153056,0.000167012,0.000178169,0.000185294,0.000187155,0.000182572,0.000170476,0.000149954,0.000120296,8.10267e-05,3.19246e-05,-2.69614e-05,-9.53106e-05,-0.000172533,-0.000257778,-0.000349943,-0.000447688,-0.000549442,-0.000653419,-0.000757624,-0.000859874,-0.000957814,-0.00104895,-0.00113071,-0.00120046,-0.00125564,-0.00129382,-0.00131283,-0.00131084,-0.00128653,-0.00123918,-0.00116874,-0.0010746,-0.000956641,-0.00081782,-0.000664616,-0.000506703,-0.000355783,-0.000223647,-0.000119849,-4.95387e-05,-1.19879e-05,0
0,2.229e-05,1.79361e-05,-2.17715e-05,-0.000100498,-0.000215959,-0.000360408,-0.000522256,-0.000688391,-0.000846519,-0.000986976,-0.0011037,-0.00119434,-0.00125968,-0.00130067,-0.00131745,-0.00131096,-0.00128275,-0.00123496,-0.00117009,-0.00109094,-0.00100047,-0.000901672,-0.000797511,-0.000690826,-0.000584276,-0.000480289,-0.000381015,-0.000288299,-0.000203644,-0.000128198,-6.27318e-05,-7.64145e-06,3.70501e-05,7.16715e-05,9.6871e-05,0.00011357,0.000122907,0.00012617,0.000124727,0.000119954,0.000113166,0.000105561,9.81713e-05,9.18263e-05,8.71371e-05,8.44902e-05,8.40569e-05,8.58139e-05,8.95714e-05,9.50085e-05,0.00010171,0.000109205,0.000117001,0.000124618,0.000131619,0.000137627,0.000142349,0.000145587,0.000147246,0.000147337,0.000145979,0.000143394,0.000139895,0.000135875,0.000131793,0.000128147,0.000125449,0.0001242,0.000124854,0.000127783,0.000133246,0.000141355,0.000152048,0.000165067,0.000179946,0.000196011,0.00021239,0.00022804,0.000241776,0.000252327,0.00025838,0.000258645,0.000251912,0.000237104,0.000213331,0.000179924,0.000136469,8.28242e-05,1.91268e-05,-5.42053e-05,-0.000136481,-0.000226744,-0.000323786,-0.000426158,-0.000532177,-0.000639942,-0.000747339,-0.000852065,-0.000951645,-0.00104347,-0.00112487,-0.00119314,-0.00124568,-0.00128005,-0.00129412,-0.00128621,-0.00125517,-0.00120051,-0.00112097,-0.00101546,-0.000885938,-0.000737941,-0.000580524,-0.000425237,-0.000284272,-0.000168071,-8.29281e-05,-2.91464e-05,0
0,6.61336e-06,-1.36503e-05,-6.91134e-05,-0.000162484,-0.000290126,-0.000442974,-0.000608501,-0.000773225,-0.000925064,-0.00105504,-0.00115805,-0.00123275,-0.00128085,-0.00130394,-0.0013027,-0.00127855,-0.00123349,-0.00117002,-0.00109094,-0.000999285,-0.000898154,-0.000790634,-0.000679711,-0.000568197,-0.000458678,-0.00035347,-0.000254578,-0.000163671,-8.2053e-05,-1.06499e-05,5.00017e-05,9.97523e-05,0.000138826,0.000167793,0.000187528,0.000199156,0.000203987,0.000203446,0.000198991,0.000192049,0.000183943,0.000175836,0.000168691,0.000163244,0.000159991,0.000159191,0.000160888,0.00016493,0.00017101,0.000178704,0.000187507,0.000196874,0.000206256,0.000215133,0.000223034,0.000229566,0.000234423,0.000237401,0.000238406,0.000237451,0.000234663,0.000230272,0.000224607,0.000218086,0.000211195,0.000204476,0.000198496,0.000193824,0.000190997,0.000190486,0.000192662,0.000197757,0.000205835,0.000216764,0.000230198,0.000245569,0.000262091,0.000278777,0.000294472,0.000307891,0.000317679,0.000322463,0.000320916,0.000311819,0.000294114,0.000266954,0.000229734,0.00018212,0.000124062,5.57938e-05,-2.21637e-05,-0.000109017,-0.000203709,-0.000304929,-0.000411124,-0.00052051,-0.000631076,-0.000740602,-0.000846672,-0.000946707,-0.00103801,-0.00111782,-0.00118339,-0.0012321,-0.00126157,-0.00126977,-0.00125517,-0.00121685,-0.00115291,-0.00106132,-0.000942958,-0.000802331,-0.0006477,-0.000490252,-0.000342366,-0.000215199,-0.000116096,-4.64052e-05,0
0,-9.6488e-06,-4.60143e-05,-0.000116864,-0.000223873,-0.000362082,-0.000521233,-0.00068806,-0.000848937,-0.000992215,-0.00110976,-0.00119754,-0.00125527,-0.00128555,-0.00129064,-0.00127172,-0.00123065,-0.00116984,-0.00109209,-0.00100047,-0.000898154,-0.000788344,-0.000674156,-0.000558545,-0.000444253,-0.000333751,-0.000229204,-0.000132443,-4.49319e-05,3.22455e-05,9.84018e-05,0.000153248,0.000196886,0.000229786,0.000252752,0.000266871,0.000273452,0.000273952,0.000269899,0.000262815,0.000254143,0.000245179,0.000237027,0.000230558,0.000226392,0.000224897,0.000226201,0.000230214,0.000236663,0.000245131,0.000255099,0.000265984,0.000277184,0.000288104,0.000298193,0.000306962,0.000314005,0.000319014,0.000321781,0.000322213,0.000320326,0.000316248,0.000310215,0.000302563,0.000293721,0.000284194,0.000274551,0.0002654,0.000257365,0.000251051,0.000247016,0.000245729,0.00024754,0.000252636,0.000261014,0.000272458,0.000286521,0.000302522,0.000319558,0.000336528,0.000352172,0.000365117,0.000373941,0.00037723,0.000373647,0.000361989,0.00034124,0.000310617,0.000269596,0.000217937,0.000155688,8.31855e-05,1.04898e-06,-8.98302e-05,-0.0001883,-0.000292957,-0.000402154,-0.000514012,-0.000626422,-0.000737063,-0.000843421,-0.000942822,-0.00103249,-0.0011096,-0.0011714,-0.00121528,-0.00123894,-0.0012405,-0.00121864,-0.00117085,-0.00109419,-0.000988437,-0.000857003,-0.000707219,-0.000549719,-0.000396856,-0.000260314,-0.000148373,-6.3411e-05,0
0,-2.61753e-05,-7.85207e-05,-0.000164101,-0.000283516,-0.000430541,-0.000593883,-0.000759747,-0.000914588,-0.00104738,-0.00115098,-0.00122247,-0.00126267,-0.00127503,-0.00126243,-0.00122654,-0.00116962,-0.00109443,-0.00100403,-0.000901672,-0.000790634,-0.000674156,-0.000555329,-0.000437041,-0.000321914,-0.000212272,-0.000110101,-1.70244e-05,6.57146e-05,0.000137273,0.000197214,0.000245501,0.000282488,0.000308885,0.000325718,0.000334267,0.000335998,0.000332487,0.000325336,0.000316096,0.000306193,0.000296873,0.00028915,0.000283783,0.000281265,0.000281829,0.000285465,0.000291955,0.000300911,0.000311814,0.000324063,0.000337013,0.000350011,0.000362431,0.000373702,0.000383325,0.000390889,0.000396084,0.000398707,0.000398663,0.00039597,0.000390756,0.000383255,0.000373805,0.000362836,0.000350864,0.000338472,0.000326296,0.000314999,0.000305243,0.000297656,0.000292799,0.000291124,0.000292938,0.000298368,0.00030733,0.000319506,0.000334339,0.000351029,0.000368557,0.000385713,0.000401143,0.000413404,0.000421027,0.000422583,0.000416749,0.000402362,0.000378471,0.000344373,0.00029964,0.000244129,0.00017799,0.000101657,1.58431e-05,-7.84735e-05,-0.000180056,-0.000287417,-0.000398826,-0.000512314,-0.000625681,-0.000736511,-0.000842197,-0.000939982,-0.00102702,-0.00110045,-0.00115753,-0.00119571,-0.0012128,-0.00120711,-0.00117558,-0.00111441,-0.0010223,-0.000901523,-0.000758372,-0.000602771,-0.000446847,-0.00030262,-0.000179163,-7.98397e-05,0
0,-4.26547e-05,-0.000110565,-0.000209971,-0.000340383,-0.000494402,-0.000659875,-0.000822691,-0.000969597,-0.00109036,-0.00117892,-0.00123354,-0.00125609,-0.00125084,-0.00122126,-0.00116942,-0.001098,-0.00101001,-0.000908723,-0.000797511,-0.000679711,-0.000558545,-0.000437041,-0.00031797,-0.000203806,-9.66917e-05,1.59268e-06,8.9648e-05,0.000166474,0.000231479,0.000284481,0.000325701,0.000355737,0.000375529,0.000386302,0.000389509,0.000386746,0.000379676,0.000369941,0.000359091,0.000348506,0.000339352,0.000332537,0.000328692,0.000328172,0.000331072,0.000337247,0.000346358,0.000357909,0.000371294,0.00038584,0.000400849,0.000415633,0.000429544,0.000441997,0.000452489,0.000460609,0.000466051,0.000468611,0.000468199,0.000464831,0.000458632,0.000449833,0.000438765,0.000425858,0.000411625,0.00039666,0.000381612,0.000367173,0.000354047,0.000342922,0.000334434,0.000329129,0.000327425,0.000329571,0.000335615,0.000345376,0.000358427,0.00037409,0.000391447,0.000409366,0.000426538,0.000441533,0.000452858,0.000459022,0.000458608,0.000450329,0.000433085,0.000406007,0.000368486,0.000320193,0.000261085,0.000191408,0.000111683,2.27065e-05,-7.44672e-05,-0.000178527,-0.00028791,-0.000400809,-0.000515167,-0.000628694,-0.000738882,-0.000843031,-0.000938309,-0.00102182,-0.00109068,-0.00114218,-0.00117386,-0.00118372,-0.00116818,-0.00112265,-0.00104481,-0.000935778,-0.000800748,-0.000648794,-0.000491642,-0.000341455,-0.00020795,-9.54057e-05,0
0,-5.87945e-05,-0.000141591,-0.000253712,-0.000393588,-0.000552768,-0.000718419,-0.000876331,-0.00101373,-0.00112132,-0.00119419,-0.00123177,-0.00123695,-0.00121479,-0.00116923,-0.00110277,-0.00101837,-0.000919302,-0.000808975,-0.000690826,-0.000568197,-0.000444253,-0.000321914,-0.000203806,-9.22227e-05,1.09009e-05,0.00010401,0.000185949,0.000255969,0.000313739,0.000359334,0.000393224,0.000416243,0.000429541,0.000434524,0.000432786,0.000426025,0.000415956,0.000404234,0.000392371,0.000381682,0.000373227,0.000367792,0.000365871,0.00036768,0.000373173,0.00038208,0.000393948,0.000408185,0.000424108,0.000440987,0.000458082,0.000474677,0.000490109,0.000503785,0.0005152,0.000523946,0.000529718,0.000532318,0.000531652,0.000527737,0.000520693,0.000510744,0.000498215,0.000483528,0.000467195,0.000449808,0.000432026,0.000414559,0.000398143,0.000383513,0.000371368,0.000362335,0.00035693,0.000355517,0.000358271,0.000365145,0.000375848,0.000389835,0.000406305,0.000424225,0.000442359,0.000459315,0.000473608,0.000483717,0.000488158,0.000485546,0.000474657,0.000454472,0.000424212,0.000383371,0.000331716,0.000269299,0.00019645,0.000113768,2.21172e-05,-7.73809e-05,-0.000183348,-0.000294153,-0.000407904,-0.000522461,-0.000635436,-0.000744225,-0.000846041,-0.000937978,-0.0010171,-0.00108054,-0.00112565,-0.00115012,-0.00114996,-0.00111985,-0.00105652,-0.000959954,-0.000834214,-0.000687422,-0.000530745,-0.000376308,-0.000234313,-0.000109868,0
0,-7.43295e-05,-0.000171106,-0.000294668,-0.000442409,-0.000604958,-0.000768996,-0.000920412,-0.00104708,-0.00114073,-0.00119766,-0.00121844,-0.00120692,-0.00116883,-0.00110858,-0.00102901,-0.000933324,-0.000824978,-0.000707476,-0.000584276,-0.000458678,-0.000333751,-0.000212272,-9.66917e-05,1.09009e-05,0.000108797,0.000195686,0.000270664,0.000333244,0.000383355,0.000421324,0.000447863,0.000464021,0.000471138,0.000470775,0.000464637,0.000454489,0.00044207,0.000429013,0.000416771,0.000406563,0.000399335,0.000395736,0.000396121,0.000400564,0.00040889,0.00042071,0.000435469,0.000452495,0.000471039,0.000490322,0.000509573,0.000528054,0.000545088,0.000560078,0.000572517,0.000581997,0.000588214,0.00059097,0.00059017,0.000585827,0.000578056,0.000567075,0.000553202,0.000536852,0.000518531,0.000498832,0.000478418,0.000458012,0.000438373,0.000420272,0.00040446,0.000391633,0.000382391,0.000377201,0.000376355,0.000379936,0.000387788,0.0003995,0.000414403,0.000431576,0.000449878,0.000467983,0.000484439,0.000497725,0.000506323,0.000508778,0.000503763,0.000490132,0.000466957,0.000433562,0.000389533,0.000334734,0.000269296,0.000193621,0.000108374,1.44772e-05,-8.68877e-05,-0.000194278,-0.000305986,-0.000420036,-0.000534189,-0.000645955,-0.000752627,-0.00085133,-0.000939098,-0.00101298,-0.00107015,-0.00110808,-0.00112239,-0.00110716,-0.00105822,-0.000974498,-0.000858899,-0.000718527,-0.000563859,-0.000406819,-0.000257934,-0.000123036,0
0,-8.90285e-05,-0.000198691,-0.000332308,-0.000486297,-0.000650514,-0.000811346,-0.000954964,-0.00107003,-0.00114937,-0.00119049,-0.00119506,-0.0011678,-0.00111504,-0.00104158,-0.000950541,-0.000845343,-0.000729551,-0.000606722,-0.000480289,-0.00035347,-0.000229204,-0.000110101,1.59268e-06,0.00010401,0.000195686,0.000275561,0.000342996,0.000397763,0.000440045,0.000470415,0.000489807,0.000499468,0.000500899,0.000495784,0.000485911,0.000473078,0.000459017,0.000445311,0.000433332,0.000424186,0.00041869,0.000417354,0.000420395,0.000427754,0.000439133,0.00045404,0.000471834,0.00049177,0.000513049,0.000534854,0.000556384,0.000576884,0.000595665,0.00061212,0.000625737,0.000636103,0.000642911,0.000645957,0.000645144,0.000640478,0.000632071,0.000620135,0.000604983,0.000587027,0.000566772,0.000544811,0.000521813,0.000498512,0.000475686,0.000454135,0.000434651,0.000417985,0.000404808,0.000395676,0.000390985,0.000390936,0.000395503,0.00040441,0.000417119,0.000432837,0.00045053,0.000468961,0.000486736,0.000502364,0.000514317,0.000521102,0.000521318,0.000513715,0.000497237,0.000471054,0.000434585,0.00038751,0.000329769,0.000261566,0.000183361,9.58722e-05,7.75333e-08,-0.000102781,-0.00021119,-0.000323356,-0.000437202,-0.000550379,-0.000660284,-0.000764103,-0.000858883,-0.000941616,-0.00100937,-0.0010594,-0.00108705,-0.00108588,-0.00105092,-0.000980079,-0.000875159,-0.000742199,-0.000590879,-0.000432779,-0.000278593,-0.000134767,0
0,-0.000102699,-0.000224009,-0.000366229,-0.000524878,-0.000689195,-0.000845456,-0.000980274,-0.00108321,-0.00114823,-0.00117401,-0.00116325,-0.00112147,-0.00105551,-0.000970458,-0.000869689,-0.000756775,-0.000635351,-0.000508974,-0.000381015,-0.000254578,-0.000132443,-1.70244e-05,8.9648e-05,0.000185949,0.000270664,0.000342996,0.000402564,0.0004494,0.000483932,0.000506959,0.000519619,0.000523327,0.00051972,0.000510574,0.000497721,0.000482967,0.000468005,0.000454346,0.000443258,0.000435727,0.000432432,0.000433748,0.000439759,0.000450282,0.000464916,0.000483078,0.000504056,0.000527051,0.00055122,0.000575715,0.000599711,0.000622432,0.000643172,0.00066131,0.000676318,0.000687771,0.000695349,0.000698838,0.000698133,0.000693233,0.000684246,0.000671383,0.000654957,0.000635383,0.000613172,0.000588925,0.000563323,0.000537113,0.000511092,0.000486084,0.000462913,0.000442375,0.000425197,0.000412007,0.000403289,0.000399348,0.000400276,0.000405925,0.000415888,0.000429502,0.000445853,0.000463807,0.000482052,0.000499147,0.000513587,0.000523866,0.000528538,0.000526276,0.000515918,0.000496504,0.000467301,0.000427818,0.000377814,0.000317296,0.000246524,0.00016601,7.65228e-05,-2.09029e-05,-0.000124955,-0.000234034,-0.000346243,-0.000459387,-0.000570992,-0.000678334,-0.000778498,-0.000868468,-0.000945227,-0.0010059,-0.00104559,-0.00105742,-0.00103574,-0.000977544,-0.000883548,-0.00075872,-0.000611876,-0.000454119,-0.000296172,-0.000144971,0
0,-0.000115189,-0.000246811,-0.000396158,-0.000557951,-0.000720967,-0.000871537,-0.000996857,-0.00108746,-0.00113846,-0.00114967,-0.00112474,-0.00106985,-0.000992269,-0.000897347,-0.000788624,-0.000669777,-0.000544469,-0.000416218,-0.000288299,-0.000163671,-4.49319e-05,6.57146e-05,0.000166474,0.000255969,0.000333244,0.000397763,0.0004494,0.000488434,0.000515524,0.000531675,0.0005382,0.000536658,0.000528786,0.000516418,0.000501404,0.000485522,0.000470404,0.000457468,0.000447866,0.000442454,0.000441779,0.000446083,0.000455329,0.00046923,0.000487295,0.000508873,0.000533195,0.000559422,0.00058668,0.000614091,0.000640807,0.000666025,0.000689014,0.000709124,0.000725801,0.000738594,0.000747158,0.000751263,0.000750786,0.000745721,0.000736172,0.000722353,0.000704587,0.000683303,0.000659029,0.000632388,0.00060408,0.000574877,0.000545596,0.000517087,0.0004902,0.000465761,0.000444543,0.000427226,0.000414363,0.000406346,0.000403368,0.000405396,0.000412149,0.000423091,0.000437434,0.000454158,0.000472046,0.000489732,0.000505757,0.000518629,0.000526884,0.000529147,0.000524176,0.000510905,0.000488468,0.000456224,0.000413758,0.000360896,0.000297702,0.000224485,0.000141805,5.04869e-05,-4.83645e-05,-0.00015335,-0.000262763,-0.00037458,-0.000486471,-0.000595827,-0.000699804,-0.000795403,-0.000879573,-0.000949338,-0.000999633,-0.00102324,-0.00101394,-0.000967879,-0.000884777,-0.000768542,-0.000627076,-0.000470904,-0.000310645,-0.000153608,0
0,-0.000126391,-0.000266932,-0.000421951,-0.000585478,-0.00074598,-0.000889998,-0.00100542,-0.00108379,-0.00112138,-0.00111903,-0.00108125,-0.00101481,-0.000927299,-0.000824249,-0.000709328,-0.00058627,-0.000458723,-0.000330132,-0.000203644,-8.2053e-05,3.22455e-05,0.000137273,0.000231479,0.000313739,0.000383355,0.000440045,0.000483932,0.000515524,0.000535688,0.000545612,0.000546756,0.000540788,0.000529514,0.000514793,0.000498461,0.000482245,0.000467692,0.000456112,0.000448534,0.000445682,0.000447975,0.000455538,0.000468227,0.000485672,0.000507315,0.000532454,0.000560287,0.000589947,0.000620534,0.000651148,0.000680909,0.000708981,0.00073459,0.000757042,0.000775736,0.000790179,0.000799987,0.000804897,0.00080477,0.000799585,0.000789447,0.000774582,0.000755332,0.000732157,0.000705619,0.000676377,0.000645172,0.000612811,0.000580144,0.000548045,0.000517389,0.000489026,0.000463752,0.000442285,0.000425225,0.000413029,0.000405971,0.000404116,0.000407297,0.000415097,0.000426854,0.000441667,0.000458427,0.000475859,0.000492569,0.000507104,0.000518012,0.000523892,0.000523453,0.000515546,0.000499198,0.000473636,0.000438295,0.000392829,0.000337119,0.000271279,0.000195665,0.000110897,1.78678e-05,-8.22273e-05,-0.000187877,-0.000297242,-0.000408154,-0.000518134,-0.000624435,-0.00072411,-0.000814106,-0.000891386,-0.00095078,-0.000984821,-0.000986803,-0.000952163,-0.000879683,-0.000772253,-0.000636838,-0.000483312,-0.000322071,-0.000160681,0
0,-0.000136238,-0.00028429,-0.000443585,-0.000607571,-0.000764555,-0.000901414,-0.00100681,-0.00107333,-0.00109834,-0.00108365,-0.00103451,-0.000958154,-0.000862429,-0.000752981,-0.000633559,-0.000507909,-0.00037963,-0.00025206,-0.000128198,-1.06499e-05,9.84018e-05,0.000197214,0.000284481,0.000359334,0.000421324,0.000470415,0.000506959,0.000531675,0.000545612,0.000550111,0.000546748,0.000537266,0.000523506,0.000507324,0.000490513,0.000474724,0.000461404,0.000451745,0.000446649,0.000446714,0.000452242,0.000463253,0.000479524,0.000500622,0.000525947,0.000554773,0.000586281,0.000619592,0.000653792,0.000687955,0.000721163,0.000752529,0.000781218,0.000806467,0.000827605,0.00084407,0.000855424,0.000861356,0.000861697,0.000856413,0.000845612,0.00082954,0.000808577,0.000783228,0.000754116,0.000721962,0.000687569,0.000651799,0.000615548,0.000579725,0.000545227,0.000512916,0.000483602,0.000458013,0.000436775,0.000420383,0.000409169,0.000403277,0.000402634,0.000406934,0.000415633,0.000427949,0.000442891,0.000459282,0.000475814,0.000491094,0.0005037,0.000512239,0.000515391,0.000511954,0.000500875,0.000481271,0.000452447,0.000413907,0.000365364,0.000306749,0.000238227,0.000160214,7.33996e-05,-2.12271e-05,-0.000122355,-0.000228334,-0.000337168,-0.000446528,-0.000553784,-0.000656067,-0.000750356,-0.000833592,-0.00090055,-0.000943596,-0.00095565,-0.000931533,-0.00086919,-0.000770546,-0.000641635,-0.000491621,-0.000330584,-0.000166234,0
0,-0.000144704,-0.000298884,-0.000461147,-0.000624476,-0.00077715,-0.000906494,-0.001002,-0.00105729,-0.00107076,-0.00104509,-0.000986144,-0.000901555,-0.000799317,-0.00068514,-0.000562813,-0.000436053,-0.000308377,-0.000182993,-6.27318e-05,5.00017e-05,0.000153248,0.000245501,0.000325701,0.000393224,0.000447863,0.000489807,0.000519619,0.0005382,0.000546756,0.000546748,0.000539832,0.000527797,0.000512486,0.000495723,0.000479231,0.000464571,0.000453076,0.000445814,0.00044356,0.000446798,0.000455726,0.000470283,0.000490188,0.000514974,0.00054403,0.00057663,0.000611965,0.000649159,0.000687291,0.000725407,0.000762541,0.000797734,0.000830061,0.000858659,0.000882754,0.00090169,0.000914942,0.000922138,0.000923066,0.000917676,0.000906084,0.000888567,0.000865561,0.000837645,0.00080553,0.000770032,0.000732049,0.000692524,0.000652422,0.000612694,0.000574262,0.000537992,0.000504686,0.000475063,0.000449745,0.000429235,0.000413897,0.000403928,0.000399329,0.000399892,0.000405179,0.000414527,0.000427059,0.00044171,0.000457267,0.000472414,0.000485783,0.000496007,0.000501768,0.000501834,0.000495097,0.000480593,0.00045752,0.000425254,0.000383361,0.000331606,0.000269975,0.000198694,0.000118257,2.94506e-05,-6.66128e-05,-0.000168476,-0.000274325,-0.000381991,-0.00048898,-0.000592524,-0.000689662,-0.000777347,-0.000850349,-0.000900944,-0.000921772,-0.000907145,-0.000854274,-0.000764191,-0.000642021,-0.000496192,-0.000336382,-0.000170348,0
0,-0.0001518,-0.00031078,-0.00047482,-0.00063655,-0.00078434,-0.00090605,-0.000992032,-0.00103691,-0.00104002,-0.00100482,-0.000937689,-0.000846526,-0.000739413,-0.000622078,-0.000498302,-0.000371745,-0.000245812,-0.000123562,-7.64145e-06,9.97523e-05,0.000196886,0.000282488,0.000355737,0.000416243,0.000464021,0.000499468,0.000523327,0.000536658,0.000540788,0.000537266,0.000527797,0.00051418,0.000498235,0.000481724,0.000466286,0.00045337,0.000444191,0.00043969,0.000440526,0.000447075,0.000459451,0.000477539,0.000501027,0.000529447,0.000562207,0.000598616,0.000637899,0.000679205,0.000721616,0.000764148,0.000805769,0.000845423,0.000882057,0.000914669,0.000942339,0.000964276,0.000979842,0.000988578,0.000990216,0.000984684,0.000972111,0.000952822,0.00092733,0.000896324,0.00086064,0.000821232,0.000779132,0.000735405,0.000691107,0.000647253,0.000604786,0.000564568,0.00052737,0.000493874,0.000464662,0.000440218,0.000420902,0.000406938,0.000398379,0.000395095,0.000396745,0.000402776,0.000412426,0.000424744,0.000438621,0.00045283,0.000466075,0.000477038,0.000484421,0.000486991,0.000483608,0.000473252,0.000455043,0.000428252,0.000392319,0.000346868,0.000291723,0.000226936,0.000152815,6.99575e-05,-2.07207e-05,-0.000117955,-0.000220114,-0.000325201,-0.000430871,-0.000534477,-0.000633143,-0.000723864,-0.000801446,-0.000858142,-0.000886403,-0.00088014,-0.000835932,-0.000754003,-0.000638615,-0.000497445,-0.000339715,-0.000173131,0
0,-0.000157572,-0.000320112,-0.000484871,-0.000644241,-0.000786784,-0.000900957,-0.000977978,-0.00101342,-0.00100747,-0.000964247,-0.000890521,-0.000794383,-0.000683936,-0.000564873,-0.000440937,-0.000315699,-0.000192433,-7.40316e-05,3.70501e-05,0.000138826,0.000229786,0.000308885,0.000375529,0.000429541,0.000471138,0.000500899,0.00051972,0.000528786,0.000529514,0.000523506,0.000512486,0.000498235,0.000482519,0.00046702,0.000453274,0.000442612,0.000436122,0.000434624,0.000438665,0.000448532,0.000464277,0.000485752,0.000512649,0.000544534,0.000580872,0.000621044,0.000664344,0.000709974,0.00075703,0.000804496,0.000851257,0.000896122,0.000937865,0.000975288,0.00100727,0.00103285,0.00105122,0.00106182,0.00106429,0.00105855,0.00104474,0.00102325,0.000994695,0.000959922,0.00091994,0.000875896,0.000829012,0.000780521,0.000731609,0.000683369,0.000636772,0.000592658,0.000551741,0.000514626,0.00048182,0.000453743,0.000430721,0.000412972,0.000400579,0.000393471,0.000391391,0.000393886,0.000400308,0.000409819,0.000421421,0.000433986,0.000446302,0.000457114,0.000465169,0.000469249,0.000468211,0.000461004,0.000446691,0.000424468,0.000393674,0.000353812,0.000304568,0.000245842,0.000177771,0.000100773,1.55816e-05,-7.67274e-05,-0.000174707,-0.000276536,-0.000380026,-0.000482668,-0.000581689,-0.000674155,-0.000754944,-0.000816342,-0.000850694,-0.000851612,-0.00081515,-0.000740817,-0.000632068,-0.000495845,-0.000340868,-0.000174716,0
0,-0.000162092,-0.00032706,-0.000491634,-0.000648066,-0.0007852,-0.000892128,-0.000960915,-0.000988008,-0.00097436,-0.000924612,-0.000845838,-0.000746228,-0.000633847,-0.000514319,-0.000391318,-0.0002683,-0.000148393,-3.43165e-05,7.16715e-05,0.000167793,0.000252752,0.000325718,0.000386302,0.000434524,0.000470775,0.000495784,0.000510574,0.000516418,0.000514793,0.000507324,0.000495723,0.000481724,0.00046702,0.000453196,0.000441669,0.000433646,0.000430088,0.000431697,0.00043892,0.00045197,0.000470856,0.000495429,0.000525415,0.000560454,0.000600114,0.000643894,0.000691202,0.000741326,0.000793399,0.000846375,0.000899032,0.000949997,0.000997813,0.00104102,0.00107822,0.00110821,0.00112998,0.00114281,0.00114626,0.00114021,0.00112481,0.00110056,0.00106821,0.00102881,0.000983606,0.000934009,0.000881504,0.000827558,0.000773531,0.000720622,0.000669825,0.000621937,0.000577575,0.00053722,0.000501252,0.000469983,0.000443663,0.000422475,0.000406507,0.000395728,0.000389954,0.000388827,0.000391805,0.000398164,0.000407018,0.000417346,0.000428029,0.00043789,0.000445732,0.000450377,0.000450696,0.000445629,0.00043421,0.000415583,0.000389012,0.000353905,0.000309835,0.000256567,0.000194094,0.00012267,4.28563e-05,-4.44472e-05,-0.000137974,-0.000236075,-0.000336729,-0.00043757,-0.000535949,-0.000629021,-0.000711764,-0.000776547,-0.000815685,-0.000822583,-0.000792877,-0.000725459,-0.00062305,-0.000491884,-0.000340156,-0.000175252,0
0,-0.000165457,-0.00033185,-0.00049549,-0.000648589,-0.000780336,-0.000880477,-0.000941885,-0.000961801,-0.000941821,-0.00088701,-0.00080464,-0.000702924,-0.000589842,-0.00047092,-0.000349733,-0.000229609,-0.00011352,-4.00417e-06,9.6871e-05,0.000187528,0.000266871,0.000334267,0.000389509,0.000432786,0.000464637,0.000485911,0.000497721,0.000501404,0.000498461,0.000490513,0.000479231,0.000466286,0.000453274,0.000441669,0.000432764,0.000427634,0.000427114,0.000431794,0.00044203,0.000457975,0.000479619,0.000506834,0.00053942,0.000577132,0.000619691,0.000666772,0.000717959,0.000772678,0.000830134,0.000889257,0.00094869,0.00100682,0.00106189,0.00111205,0.00115558,0.00119093,0.00121682,0.00123234,0.00123694,0.00123042,0.00121301,0.00118529,0.00114822,0.00110309,0.00105148,0.000995175,0.000936005,0.000875757,0.00081603,0.000758152,0.00070314,0.000651707,0.00060432,0.000561267,0.000522738,0.000488878,0.00045982,0.000435676,0.000416523,0.000402353,0.000393047,0.000388333,0.000387775,0.000390763,0.000396523,0.000404145,0.00041261,0.000420825,0.000427667,0.000432008,0.000432752,0.000428851,0.000419332,0.000403308,0.000379994,0.00034873,0.000308999,0.000260458,0.000202974,0.000136662,6.19274e-05,-2.0493e-05,-0.000109502,-0.00020362,-0.00030099,-0.000399398,-0.000496327,-0.000589037,-0.000672632,-0.000739599,-0.000782285,-0.000793979,-0.000769999,-0.000708722,-0.000612221,-0.000486059,-0.000337906,-0.000174899,0
0,-0.000167785,-0.000334736,-0.000496856,-0.000646397,-0.000772944,-0.000866893,-0.000921866,-0.000935807,-0.000910842,-0.000852348,-0.000767707,-0.000665088,-0.000552349,-0.00043489,-0.000316174,-0.000199387,-8.73383e-05,1.76083e-05,0.00011357,0.000199156,0.000273452,0.000335998,0.000386746,0.000426025,0.000454489,0.000473078,0.000482967,0.000485522,0.000482245,0.000474724,0.000464571,0.00045337,0.000442612,0.000433646,0.000427634,0.000425518,0.000428007,0.000435582,0.000448517,0.000466917,0.000490769,0.000519993,0.000554494,0.000594187,0.000639009,0.000688886,0.000743656,0.000802965,0.000866144,0.000932117,0.000999363,0.00106597,0.00112972,0.00118833,0.00123957,0.00128145,0.00131236,0.00133113,0.00133706,0.00132991,0.00130993,0.00127785,0.00123486,0.00118262,0.00112312,0.00105863,0.000991479,0.00092389,0.000857776,0.000794633,0.000735481,0.000680895,0.000631104,0.000586111,0.000545827,0.000510165,0.000479089,0.000452617,0.000430791,0.000413624,0.000401056,0.000392903,0.000388831,0.000388344,0.000390786,0.000395356,0.000401139,0.000407138,0.000412305,0.000415576,0.000415901,0.000412261,0.000403693,0.000389301,0.000368275,0.000339907,0.000303616,0.000258977,0.000205756,0.000143949,7.38294e-05,-4.01338e-06,-8.86368e-05,-0.000178722,-0.00027257,-0.000368119,-0.000462988,-0.000554558,-0.000638068,-0.000706157,-0.000751254,-0.000766608,-0.000747319,-0.000691351,-0.000600214,-0.000478863,-0.000334449,-0.000173821,0
0,-0.000169201,-0.000335993,-0.000496165,-0.000642082,-0.000763756,-0.000852211,-0.000901751,-0.000910914,-0.000882247,-0.000821337,-0.000735592,-0.000633087,-0.000521527,-0.000406171,-0.000290356,-0.000177121,-6.91152e-05,3.1465e-05,0.000122907,0.000203987,0.000273952,0.000332487,0.000379676,0.000415956,0.00044207,0.000459017,0.000468005,0.000470404,0.000467692,0.000461404,0.000453076,0.000444191,0.000436122,0.000430088,0.000427114,0.000428007,0.00043335,0.000443515,0.000458698,0.000478963,0.000504305,0.000534714,0.000570227,0.000610967,0.000657154,0.000709054,0.00076688,0.000830613,0.000899803,0.000973408,0.00104971,0.00112639,0.00120067,0.0012696,0.00133028,0.00138018,0.00141724,0.00143997,0.00144747,0.00143947,0.00141623,0.00137867,0.00132827,0.00126712,0.00119781,0.00112326,0.00104647,0.000970247,0.000896945,0.00082826,0.000765187,0.00070807,0.000656772,0.000610878,0.000569903,0.000533442,0.00050124,0.000473199,0.000449321,0.000429646,0.000414174,0.000402815,0.000395344,0.00039138,0.000390385,0.000391673,0.000394435,0.000397768,0.000400709,0.000402265,0.000401439,0.000397253,0.000388767,0.000375096,0.00035542,0.000329009,0.000295239,0.000253628,0.000203864,0.00014585,7.97472e-05,6.0208e-06,-7.45247e-05,-0.000160716,-0.000251004,-0.000343471,-0.000435876,-0.000525722,-0.000608394,-0.000676698,-0.000723192,-0.000741149,-0.000725539,-0.000674016,-0.00058762,-0.000470766,-0.000330107,-0.000172182,0
0,-0.000169844,-0.000335903,-0.000493849,-0.000636218,-0.000753462,-0.000837195,-0.000882318,-0.000887862,-0.000856682,-0.000794481,-0.000708625,-0.00060705,-0.000497291,-0.000384458,-0.000271752,-0.00016207,-5.79074e-05,3.86928e-05,0.00012617,0.000203446,0.000269899,0.000325336,0.000369941,0.000404234,0.000429013,0.000445311,0.000454346,0.000457468,0.000456112,0.000451745,0.000445814,0.00043969,0.000434624,0.000431697,0.000431794,0.000435582,0.000443515,0.000455855,0.000472714,0.000494119,0.000520077,0.000550656,0.000586047,0.000626621,0.000672947,0.000725752,0.000785781,0.000853536,0.000928939,0.00101105,0.00109794,0.00118673,0.00127388,0.00135551,0.00142789,0.0014877,0.00153233,0.00155991,0.00156932,0.0015602,0.00153287,0.00148842,0.0014287,0.00135636,0.00127476,0.0011877,0.00109912,0.00101265,0.00093121,0.000856757,0.000790198,0.000731502,0.000679973,0.000634584,0.000594291,0.000558267,0.000525999,0.000497262,0.000472037,0.000450401,0.00043244,0.000418166,0.000407474,0.000400106,0.000395643,0.000393517,0.000393026,0.000393365,0.000393655,0.000392976,0.000390391,0.000384969,0.000375805,0.000362033,0.000342843,0.000317496,0.00028535,0.000245884,0.000198734,0.000143731,8.09522e-05,1.07577e-05,-6.61642e-05,-0.000148768,-0.000235638,-0.000324994,-0.000414726,-0.000502461,-0.000583731,-0.000651516,-0.000698533,-0.000718137,-0.000705249,-0.000657305,-0.000574975,-0.000462204,-0.000325188,-0.000170141,0
0,-0.000169852,-0.000334749,-0.00049033,-0.000629347,-0.000742692,-0.000822513,-0.000864223,-0.000867234,-0.000834608,-0.000772079,-0.000686913,-0.000586879,-0.000479331,-0.000369226,-0.000259634,-0.000153313,-5.26209e-05,4.05364e-05,0.000124727,0.000198991,0.000262815,0.000316096,0.000359091,0.000392371,0.000416771,0.000433332,0.000443258,0.000447866,0.000448534,0.000446649,0.00044356,0.000440526,0.000438665,0.00043892,0.00044203,0.000448517,0.000458698,0.000472714,0.00049059,0.000512301,0.000537864,0.000567422,0.000601331,0.000640228,0.000685084,0.000737214,0.000798136,0.000869159,0.000950827,0.00104244,0.00114182,0.00124536,0.00134841,0.00144589,0.00153285,0.00160501,0.00165903,0.00169259,0.00170435,0.00169382,0.00166138,0.00160829,0.00153684,0.00145036,0.00135322,0.00125046,0.00114729,0.00104848,0.000957762,0.0008774,0.000808109,0.000749256,0.000699292,0.000656287,0.000618417,0.000584313,0.000553174,0.000524687,0.00049885,0.000475822,0.000455798,0.00043892,0.000425213,0.000414554,0.000406651,0.000401054,0.00039717,0.00039429,0.00039162,0.000388313,0.000383491,0.000376273,0.000365794,0.000351215,0.000331745,0.000306652,0.000275289,0.000237117,0.000191739,0.000138942,7.87354e-05,1.14023e-05,-6.24636e-05,-0.000141924,-0.000225677,-0.000312065,-0.000399101,-0.000484527,-0.000564017,-0.000630727,-0.000677547,-0.000697962,-0.000686914,-0.000641709,-0.000562742,-0.000453569,-0.000319974,-0.000167845,0
0,-0.00016936,-0.000332803,-0.000486003,-0.000621964,-0.000731998,-0.000808728,-0.000847982,-0.000849448,-0.0008163,-0.000754232,-0.000670363,-0.000572277,-0.000467145,-0.00035978,-0.000253123,-0.000149809,-5.20734e-05,3.82899e-05,0.000119954,0.000192049,0.000254143,0.000306193,0.000348506,0.000381682,0.000406563,0.000424186,0.000435727,0.000442454,0.000445682,0.000446714,0.000446798,0.000447075,0.000448532,0.00045197,0.000457975,0.000466917,0.000478963,0.000494119,0.000512301,0.000533419,0.000557482,0.0005847,0.000615576,0.000650997,0.000692338,0.000741606,0.000801447,0.000874447,0.000962189,0.00106444,0.00117874,0.00130049,0.0014235,0.00154095,0.00164627,0.00173389,0.00179962,0.00184062,0.0018553,0.00184308,0.00180432,0.00174045,0.0016542,0.00154976,0.00143281,0.00131006,0.00118856,0.00107471,0.000973314,0.000887045,0.000816249,0.000759331,0.000713443,0.000675323,0.000642048,0.000611558,0.000582815,0.000555514,0.000529763,0.000505864,0.000484164,0.000464959,0.00044843,0.000434597,0.000423304,0.000414225,0.000406873,0.000400636,0.0003948,0.000388586,0.000381175,0.000371735,0.000359436,0.000343473,0.000323078,0.000297535,0.000266203,0.00022854,0.000184135,0.000132747,7.43449e-05,9.15511e-06,-6.22991e-05,-0.000139163,-0.00022023,-0.000303943,-0.000388422,-0.000471517,-0.000549029,-0.00061428,-0.000660346,-0.000680871,-0.000670874,-0.000627618,-0.000551309,-0.0004452,-0.000314716,-0.000165431,0
0,-0.0001685,-0.000330318,-0.000481228,-0.000614502,-0.000721846,-0.000796287,-0.00083397,-0.000834762,-0.000801861,-0.00074086,-0.000658703,-0.000562777,-0.000460083,-0.000355295,-0.000251242,-0.00015045,-5.50577e-05,3.32311e-05,0.000113166,0.000183943,0.000245179,0.000296873,0.000339352,0.000373227,0.000399335,0.00041869,0.000432432,0.000441779,0.000447975,0.000452242,0.000455726,0.000459451,0.000464277,0.000470856,0.000479619,0.000490769,0.000504305,0.000520077,0.000537864,0.000557482,0.000578912,0.00060241,0.000628604,0.000658562,0.000693914,0.000737296,0.000793075,0.000865925,0.000959149,0.00107336,0.00120577,0.00135037,0.00149878,0.0016417,0.00177032,0.0018774,0.00195773,0.00200799,0.00202639,0.00201223,0.00196578,0.00188854,0.00178363,0.00165626,0.0015138,0.00136531,0.00122043,0.00108789,0.000974076,0.00088213,0.000811756,0.000759833,0.000721539,0.000691635,0.000665615,0.000640543,0.000615374,0.000590054,0.000564948,0.000540576,0.000517481,0.000496147,0.000476925,0.000459997,0.000445353,0.000432791,0.000421935,0.000412261,0.000403135,0.000393837,0.0003836,0.000371634,0.000357146,0.000339357,0.000317524,0.00029095,0.000259008,0.000221163,0.000177003,0.000126275,6.89293e-05,5.15534e-06,-6.45703e-05,-0.000139453,-0.000218357,-0.000299807,-0.000382009,-0.000462903,-0.000538403,-0.00060198,-0.000646893,-0.000666965,-0.000657342,-0.000615313,-0.000540982,-0.000437379,-0.00030963,-0.000163015,0
0,-0.00016739,-0.000327524,-0.000476319,-0.000607327,-0.000712608,-0.000785515,-0.00082242,-0.000823274,-0.000791227,-0.000731722,-0.000651509,-0.000557783,-0.000457385,-0.00035487,-0.000252971,-0.000154127,-6.04025e-05,2.65603e-05,0.000105561,0.000175836,0.000237027,0.00028915,0.000332537,0.000367792,0.000395736,0.000417354,0.000433748,0.000446083,0.000455538,0.000463253,0.000470283,0.000477539,0.000485752,0.000495429,0.000506834,0.000519993,0.000534714,0.000550656,0.000567422,0.0005847,0.00060241,0.000620853,0.000640787,0.000663368,0.00069004,0.000723271,0.000770401,0.000839636,0.000937101,0.00106481,0.00121963,0.00139345,0.00157468,0.00175043,0.0019088,0.00204042,0.00213894,0.00220071,0.00222387,0.00220763,0.00215205,0.0020584,0.00193004,0.00177325,0.00159764,0.00141553,0.00124031,0.00108412,0.000955648,0.00085862,0.000791633,0.000749178,0.00072344,0.000706243,0.000690713,0.000672664,0.000651859,0.000628979,0.000604814,0.000580158,0.000555781,0.000532371,0.000510476,0.000490451,0.000472442,0.000456376,0.000441983,0.000428829,0.000416344,0.000403864,0.000390664,0.000375986,0.000359062,0.000339138,0.000315489,0.000287437,0.000254369,0.000215763,0.000171216,0.000120478,6.34914e-05,4.31469e-07,-6.82513e-05,-0.000141799,-0.000219123,-0.000298805,-0.000379116,-0.000458069,-0.000531666,-0.000593507,-0.00063702,-0.00065622,-0.000646413,-0.000604973,-0.000531979,-0.000430322,-0.000304891,-0.000160698,0
0,-0.000166139,-0.000324621,-0.000471541,-0.000600729,-0.000704554,-0.000776619,-0.000813429,-0.00081494,-0.000784191,-0.000726444,-0.000648243,-0.000556603,-0.000458229,-0.000357576,-0.0002573,-0.000159777,-6.70258e-05,1.9349e-05,9.81713e-05,0.000168691,0.000230558,0.000283783,0.000328692,0.000365871,0.000396121,0.000420395,0.000439759,0.000455329,0.000468227,0.000479524,0.000490188,0.000501027,0.000512649,0.000525415,0.00053942,0.000554494,0.000570227,0.000586047,0.000601331,0.000615576,0.000628604,0.000640787,0.000653157,0.000667113,0.000683186,0.00069975,0.000730901,0.000790934,0.000890394,0.00103351,0.00121664,0.00142859,0.0016529,0.00187143,0.00206796,0.00223041,0.00235142,0.00242736,0.00245665,0.0024385,0.00237243,0.002259,0.00210132,0.0019067,0.0016876,0.00146092,0.00124557,0.00105884,0.000912767,0.000811818,0.00075273,0.000726275,0.000720161,0.000721915,0.000720962,0.000710451,0.000693863,0.000673309,0.000650013,0.000624986,0.000599206,0.000573582,0.000548873,0.000525628,0.000504152,0.000484506,0.000466525,0.000449852,0.000433975,0.000418274,0.000402052,0.00038457,0.000365077,0.000342831,0.000317118,0.000287272,0.000252694,0.000212874,0.000167423,0.0001161,5.88544e-05,-4.13743e-06,-7.24321e-05,-0.000145286,-0.000221637,-0.000300096,-0.000378979,-0.000456348,-0.000528268,-0.000588442,-0.000630449,-0.000648493,-0.000638065,-0.000596672,-0.000524438,-0.000424187,-0.000300634,-0.000158559,0
0,-0.000164839,-0.000321774,-0.000467103,-0.000594923,-0.000697858,-0.000769688,-0.000806969,-0.000809589,-0.000780428,-0.000724546,-0.000648286,-0.000558498,-0.000461776,-0.000362501,-0.000263274,-0.000166435,-7.39785e-05,1.25001e-05,9.18263e-05,0.000163244,0.000226392,0.000281265,0.000328172,0.00036768,0.000400564,0.000427754,0.000450282,0.00046923,0.000485672,0.000500622,0.000514974,0.000529447,0.000544534,0.000560454,0.000577132,0.000594187,0.000610967,0.000626621,0.000640228,0.000650997,0.000658562,0.000663368,0.000667113,0.000672751,0.000681208,0.000668879,0.000671893,0.000713912,0.000811689,0.000972707,0.00119259,0.00145536,0.00173712,0.00201192,0.00225743,0.00245835,0.00260674,0.00269983,0.00273706,0.00271773,0.00264032,0.00250368,0.00230971,0.00206636,0.00178963,0.00150296,0.00123353,0.00100644,0.000838781,0.000735955,0.000691575,0.000690618,0.000714235,0.000744059,0.000763995,0.000757485,0.000743259,0.000724272,0.000701403,0.000675606,0.000648023,0.000619799,0.000591934,0.000565185,0.000540025,0.000516645,0.000494978,0.000474733,0.000455445,0.000436519,0.000417273,0.000396975,0.000374874,0.000350227,0.000322321,0.000290491,0.000254146,0.000212786,0.000166034,0.000113665,5.56409e-05,-7.84849e-06,-7.63507e-05,-0.000149119,-0.00022509,-0.000302889,-0.000380847,-0.000457054,-0.000527613,-0.000586295,-0.000626812,-0.000643544,-0.000632178,-0.000590392,-0.000518413,-0.000419064,-0.000296951,-0.000156657,0
0,-0.000163565,-0.000319113,-0.00046316,-0.000590045,-0.0006926,-0.000764706,-0.0008029,-0.000806941,-0.000779518,-0.000725477,-0.000650971,-0.000562711,-0.000467209,-0.000368793,-0.000270036,-0.000173266,-8.04771e-05,6.72159e-06,8.71371e-05,0.000159991,0.000224897,0.000281829,0.000331072,0.000373173,0.00040889,0.000439133,0.000464916,0.000487295,0.000507315,0.000525947,0.00054403,0.000562207,0.000580872,0.000600114,0.000619691,0.000639009,0.000657154,0.000672947,0.000685084,0.000692338,0.000693914,0.00069004,0.000683186,0.000681208,0.000707967,0.000633874,0.00058921,0.000600242,0.000690849,0.000873349,0.00114235,0.00147442,0.00183407,0.00218346,0.00249172,0.00273993,0.00292075,0.00303407,0.00308157,0.00306289,0.00297452,0.00281187,0.00257372,0.0022676,0.00191377,0.00154504,0.00120118,0.000919442,0.000724696,0.000623441,0.000603985,0.000642161,0.000709621,0.000781132,0.000837777,0.000816101,0.00080117,0.000783044,0.000760001,0.000732726,0.000702604,0.000671101,0.000639498,0.000608775,0.000579575,0.000552213,0.000526701,0.000502802,0.000480078,0.000457943,0.000435713,0.000412644,0.000387971,0.000360934,0.000330807,0.000296916,0.000258667,0.000215564,0.000167238,0.000113478,5.42658e-05,-1.01892e-05,-7.94132e-05,-0.000152639,-0.000228788,-0.000306472,-0.000384016,-0.000459517,-0.000529087,-0.000586537,-0.000625678,-0.000641053,-0.000628548,-0.000586034,-0.000513886,-0.000414988,-0.000293893,-0.000155029,0
0,-0.000162375,-0.000316736,-0.00045981,-0.000586161,-0.000688772,-0.000761564,-0.000800988,-0.000806634,-0.000780973,-0.000728642,-0.000655622,-0.000568512,-0.000473767,-0.000375693,-0.000276855,-0.000179592,-8.59221e-05,2.51457e-06,8.44902e-05,0.000159191,0.000226201,0.000285465,0.000337247,0.00038208,0.00042071,0.00045404,0.000483078,0.000508873,0.000532454,0.000554773,0.00057663,0.000598616,0.000621044,0.000643894,0.000666772,0.000688886,0.000709054,0.000725752,0.000737214,0.000741606,0.000737296,0.000723271,0.00069975,0.000668879,0.000633874,0.000502709,0.000399749,0.000359402,0.000414667,0.000584764,0.000866427,0.00123281,0.00164083,0.00204362,0.00240256,0.00269378,0.0029077,0.00304351,0.00310256,0.00308372,0.00298232,0.00279279,0.00251414,0.00215662,0.00174643,0.00132525,0.000942863,0.000644739,0.000459469,0.000391508,0.000422174,0.000517889,0.000641704,0.000763826,0.000869261,0.000873016,0.000866697,0.000850935,0.000827111,0.000797221,0.000763393,0.000727576,0.000691382,0.000656019,0.000622285,0.000590593,0.000561015,0.000533344,0.000507145,0.000481825,0.000456674,0.00043092,0.000403766,0.000374421,0.000342129,0.000306196,0.000266011,0.000221073,0.000171015,0.000115639,5.49422e-05,-1.08391e-05,-8.12024e-05,-0.000155348,-0.000232166,-0.000310235,-0.000387856,-0.000463109,-0.00053209,-0.000588618,-0.000626575,-0.000640644,-0.0006269,-0.000583424,-0.000510772,-0.000411938,-0.000291475,-0.000153693,0
0,-0.000161312,-0.000314701,-0.000457101,-0.000583269,-0.000686293,-0.000760072,-0.000800928,-0.000808244,-0.00078427,-0.000733438,-0.000661582,-0.000575218,-0.000480774,-0.000382556,-0.000283143,-0.000184906,-8.99048e-05,1.743e-07,8.40569e-05,0.000160888,0.000230214,0.000291955,0.000346358,0.000393948,0.000435469,0.000471834,0.000504056,0.000533195,0.000560287,0.000586281,0.000611965,0.000637899,0.000664344,0.000691202,0.000717959,0.000743656,0.00076688,0.000785781,0.000798136,0.000801447,0.000793075,0.000770401,0.000730901,0.000671893,0.00058921,0.000399749,0.000233791,0.000133744,0.000141809,0.000285119,0.000564772,0.000953634,0.00140408,0.00186209,0.0022811,0.00262999,0.00289318,0.00306516,0.00314374,0.00312549,0.00300514,0.00277854,0.00244859,0.00203192,0.00156322,0.00109363,0.000681625,0.000378359,0.000213523,0.000187677,0.00027442,0.000430911,0.000611933,0.000782236,0.000923966,0.000946616,0.000947,0.000931524,0.000904683,0.000870101,0.000830794,0.000789226,0.000747317,0.000706464,0.000667577,0.000631126,0.00059721,0.000565616,0.000535892,0.000507408,0.000479414,0.000451088,0.000421584,0.000390063,0.000355727,0.000317846,0.00027578,0.000229013,0.000177171,0.000120061,5.76967e-05,-9.66081e-06,-8.14752e-05,-0.000156907,-0.0002348,-0.000313688,-0.000391829,-0.000467266,-0.000536057,-0.000591999,-0.000629015,-0.000641902,-0.00062691,-0.000582333,-0.000508932,-0.000409847,-0.000289676,-0.000152652,0
0,-0.0001604,-0.000313037,-0.000455033,-0.000581311,-0.000685015,-0.00075998,-0.000802358,-0.000811312,-0.000788867,-0.000739271,-0.000668235,-0.000582221,-0.000487657,-0.000388868,-0.000288467,-0.000188872,-9.22015e-05,-1.96819e-07,8.58139e-05,0.00016493,0.000236663,0.000300911,0.000357909,0.000408185,0.000452495,0.00049177,0.000527051,0.000559422,0.000589947,0.000619592,0.000649159,0.000679205,0.000709974,0.000741326,0.000772678,0.000802965,0.000830613,0.000853536,0.000869159,0.000874447,0.000865925,0.000839636,0.000790934,0.000713912,0.000600242,0.000359402,0.000133744,-2.74072e-05,-7.32119e-05,3.20028e-05,0.00029589,0.000694512,0.00117951,0.00169242,0.00217937,0.00260014,0.00292943,0.00315258,0.00326004,0.00324414,0.00309937,0.00282578,0.00243424,0.0019517,0.00142372,0.000911007,0.0004786,0.000180199,4.36021e-05,6.36417e-05,0.000205762,0.000418454,0.000649139,0.000857688,0.00102395,0.00105096,0.00104949,0.00102857,0.000994532,0.000952106,0.000904931,0.000855811,0.000806847,0.000759525,0.000714786,0.000673101,0.000634544,0.000598863,0.000565556,0.000533933,0.000503181,0.000472412,0.000440714,0.000407185,0.000370971,0.000331291,0.000287468,0.000238956,0.000185367,0.000126505,6.23944e-05,-6.68139e-06,-8.01509e-05,-0.00015713,-0.000236409,-0.000316466,-0.000395501,-0.000471504,-0.000540476,-0.000596166,-0.000632511,-0.000644393,-0.000628221,-0.000582491,-0.000508183,-0.000408608,-0.000288446,-0.000151888,0
0,-0.000159652,-0.000311744,-0.000453567,-0.000580178,-0.000684742,-0.00076099,-0.000804885,-0.000815363,-0.000794234,-0.000745585,-0.000675029,-0.000589003,-0.000493955,-0.000394247,-0.000292542,-0.000191318,-9.27577e-05,1.33342e-06,8.95714e-05,0.00017101,0.000245131,0.000311814,0.000371294,0.000424108,0.000471039,0.000513049,0.00055122,0.00058668,0.000620534,0.000653792,0.000687291,0.000721616,0.00075703,0.000793399,0.000830134,0.000866144,0.000899803,0.000928939,0.000950827,0.000962189,0.000959149,0.000937101,0.000890394,0.000811689,0.000690849,0.000414667,0.000141809,-7.32119e-05,-0.00017218,-0.000110913,0.000126548,0.000522888,0.00103325,0.00159841,0.00215898,0.00266484,0.00307771,0.00336913,0.00351755,0.00350802,0.00333469,0.00300472,0.00254155,0.00198671,0.00139881,0.000847526,0.000401771,0.000114208,7.7748e-06,7.00821e-05,0.000258533,0.000514135,0.000778465,0.00100782,0.00118088,0.00119392,0.00117855,0.00114412,0.00109735,0.00104318,0.000985351,0.00092668,0.000869228,0.00081442,0.000763125,0.000715736,0.000672247,0.000632325,0.000595386,0.000560657,0.00052724,0.000494167,0.000460444,0.000425096,0.000387197,0.000345907,0.000300499,0.000250388,0.000195162,0.000134612,6.87684e-05,-2.06723e-06,-7.72907e-05,-0.000155972,-0.000236846,-0.000318325,-0.000398543,-0.000475426,-0.0005449,-0.00060065,-0.000636598,-0.000647687,-0.000630458,-0.0005836,-0.000508308,-0.000408083,-0.000287713,-0.000151375,0
0,-0.000159066,-0.000310797,-0.000452632,-0.000579728,-0.000685241,-0.000762778,-0.000808103,-0.000819927,-0.000799868,-0.000751872,-0.000681486,-0.00059514,-0.000499321,-0.000398443,-0.000295225,-0.000192215,-9.1664e-05,4.55664e-06,9.50085e-05,0.000178704,0.000255099,0.000324063,0.00038584,0.000440987,0.000490322,0.000534854,0.000575715,0.000614091,0.000651148,0.000687955,0.000725407,0.000764148,0.000804496,0.000846375,0.000889257,0.000932117,0.000973408,0.00101105,0.00104244,0.00106444,0.00107336,0.00106481,0.00103351,0.000972707,0.000873349,0.000584764,0.000285119,3.20028e-05,-0.000110913,-9.18059e-05,0.000114496,0.000500186,0.00102821,0.00164312,0.00228324,0.00288929,0.00340775,0.00379117,0.00399952,0.00400504,0.00379992,0.00340174,0.00285265,0.00221418,0.00156045,0.000969228,0.000510158,0.000231235,0.000147901,0.000239674,0.000456689,0.000734204,0.00100984,0.00123783,0.00139662,0.00137628,0.00133401,0.00127739,0.001212,0.00114206,0.0010708,0.00100064,0.000933361,0.000870143,0.00081167,0.000758176,0.000709518,0.000665243,0.000624652,0.000586868,0.000550893,0.000515663,0.000480093,0.000443122,0.000403746,0.000361056,0.000314266,0.000262743,0.000206043,0.000143937,7.64534e-05,3.90559e-06,-7.30734e-05,-0.00015351,-0.000236081,-0.000319135,-0.000400731,-0.000478724,-0.000548958,-0.000605035,-0.000640845,-0.000651366,-0.000633247,-0.000585349,-0.000509073,-0.000408115,-0.000287384,-0.000151073,0
0,-0.000158629,-0.000310155,-0.00045213,-0.000579792,-0.000686261,-0.00076501,-0.000811607,-0.000824558,-0.000805306,-0.000757689,-0.000687208,-0.000600306,-0.00050352,-0.00040132,-0.000296493,-0.000191655,-8.91269e-05,9.15782e-06,0.00010171,0.000187507,0.000265984,0.000337013,0.000400849,0.000458082,0.000509573,0.000556384,0.000599711,0.000640807,0.000680909,0.000721163,0.000762541,0.000805769,0.000851257,0.000899032,0.00094869,0.000999363,0.00104971,0.00109794,0.00114182,0.00117874,0.00120577,0.00121963,0.00121664,0.00119259,0.00114235,0.000866427,0.000564772,0.00029589,0.000126548,0.000114496,0.000293965,0.000668639,0.00121335,0.00188173,0.00261495,0.00334758,0.0040097,0.00452841,0.00483365,0.00487256,0.00462952,0.00413825,0.00347111,0.00271941,0.00197701,0.00132903,0.000842337,0.000556548,0.000477316,0.000575734,0.000795922,0.00106939,0.0013317,0.00153625,0.0016618,0.00159127,0.00151082,0.00142443,0.00133533,0.00124619,0.00115916,0.00107595,0.000997779,0.000925457,0.000859364,0.000799502,0.000745541,0.000696871,0.000652659,0.000611903,0.000573494,0.000536263,0.000499026,0.00046063,0.000419989,0.000376117,0.000328163,0.000275442,0.000217468,0.000153988,8.50196e-05,1.08831e-05,-6.77657e-05,-0.000149914,-0.000234187,-0.000318864,-0.000401935,-0.000481177,-0.00055235,-0.000608965,-0.000644866,-0.000655041,-0.000636225,-0.000587427,-0.000510234,-0.000408531,-0.000287358,-0.000150937,0
0,-0.000158324,-0.000309761,-0.000451951,-0.000580186,-0.000687541,-0.000767356,-0.000815015,-0.000828842,-0.00081014,-0.00076266,-0.000691878,-0.000604265,-0.00050641,-0.000402846,-0.000296422,-0.000189824,-8.54359e-05,1.4751e-05,0.000109205,0.000196874,0.000277184,0.000350011,0.000415633,0.000474677,0.000528054,0.000576884,0.000622432,0.000666025,0.000708981,0.000752529,0.000797734,0.000845423,0.000896122,0.000949997,0.00100682,0.00106597,0.00112639,0.00118673,0.00124536,0.00130049,0.00135037,0.00139345,0.00142859,0.00145536,0.00147442,0.00123281,0.000953634,0.000694512,0.000522888,0.000500186,0.000668639,0.00104458,0.00161871,0.00236047,0.00322202,0.00413864,0.00502518,0.00577322,0.00625846,0.00637085,0.00606857,0.00541744,0.00454973,0.00360864,0.00271659,0.00196496,0.00141277,0.00108624,0.000978336,0.0010512,0.00124402,0.00148623,0.00171275,0.00187681,0.00195726,0.00182575,0.00169975,0.00157859,0.00146241,0.00135183,0.00124758,0.00115036,0.00106072,0.000978947,0.00090505,0.00083875,0.000779494,0.000726491,0.000678756,0.000635157,0.000594463,0.000555397,0.000516674,0.000477049,0.000435347,0.000390508,0.000341611,0.000287915,0.00022889,0.000164253,9.40048e-05,1.84652e-05,-6.16931e-05,-0.000145425,-0.000231307,-0.00031756,-0.000402103,-0.000482643,-0.00055485,-0.000612149,-0.000648325,-0.000658363,-0.000639057,-0.000589535,-0.000511552,-0.00040916,-0.000287527,-0.000150917,0
0,-0.000158126,-0.000309551,-0.000451975,-0.000580728,-0.000688831,-0.000769503,-0.000817973,-0.000832415,-0.000814019,-0.000766477,-0.000695257,-0.000606861,-0.000507934,-0.000403063,-0.000295159,-0.000186967,-8.09304e-05,2.09147e-05,0.000117001,0.000206256,0.000288104,0.000362431,0.000429544,0.000490109,0.000545088,0.000595665,0.000643172,0.000689014,0.00073459,0.000781218,0.000830061,0.000882057,0.000937865,0.000997813,0.00106189,0.00112972,0.00120067,0.00127388,0.00134841,0.0014235,0.00149878,0.00157468,0.0016529,0.00173712,0.00183407,0.00164083,0.00140408,0.00117951,0.00103325,0.00102821,0.00121335,0.00161871,0.00225588,0.00312006,0.00418908,0.00541485,0.00670552,0.00790265,0.00877262,0.00905612,0.0086201,0.0076229,0.00634504,0.00503467,0.00385738,0.00290458,0.00221534,0.00179223,0.00160947,0.00161775,0.00175106,0.00193732,0.00211121,0.00222561,0.00225854,0.00206303,0.00188917,0.0017316,0.00158727,0.00145458,0.00133274,0.00122138,0.00112025,0.0010291,0.000947532,0.000874955,0.00081058,0.000753426,0.000702351,0.000656088,0.000613289,0.000572567,0.000532541,0.000491873,0.000449307,0.000403704,0.000354079,0.000299634,0.000239791,0.000174235,0.000102945,2.62357e-05,-5.52102e-05,-0.000140323,-0.00022764,-0.00031533,-0.000401251,-0.000483042,-0.000556297,-0.000614354,-0.00065094,-0.000661025,-0.000641438,-0.000591399,-0.000512798,-0.000409831,-0.000287783,-0.000150964,0
0,-0.000158009,-0.000309461,-0.000452088,-0.00058124,-0.000689895,-0.00077117,-0.000820172,-0.000834962,-0.000816653,-0.0007689,-0.000697173,-0.000608007,-0.000508093,-0.000402069,-0.000292894,-0.000183364,-7.5967e-05,2.72244e-05,0.000124618,0.000215133,0.000298193,0.000373702,0.000441997,0.000503785,0.000560078,0.00061212,0.00066131,0.000709124,0.000757042,0.000806467,0.000858659,0.000914669,0.000975288,0.00104102,0.00111205,0.00118833,0.0012696,0.00135551,0.00144589,0.00154095,0.0016417,0.00175043,0.00187143,0.00201192,0.00218346,0.00204362,0.00186209,0.00169242,0.00159841,0.00164312,0.00188173,0.00236047,0.00312006,0.00419908,0.0056306,0.00742341,0.00951631,0.0116962,0.0135012,0.0142378,0.0134093,0.0115331,0.00931856,0.00723611,0.00550072,0.00417049,0.00322936,0.00263136,0.00231749,0.00221986,0.00226414,0.00237535,0.00248699,0.00255052,0.00254177,0.00228646,0.00206731,0.00187502,0.00170376,0.00154992,0.00141128,0.00128644,0.00117442,0.00107442,0.000985642,0.000907194,0.000838055,0.00077706,0.000722916,0.000674228,0.000629536,0.000587355,0.000546209,0.000504678,0.000461428,0.000415252,0.000365102,0.000310124,0.000249696,0.000183469,0.000111398,3.37896e-05,-4.8673e-05,-0.000134903,-0.000223408,-0.000312317,-0.000399435,-0.000482349,-0.000556584,-0.000615406,-0.000652485,-0.000662769,-0.000643104,-0.000592774,-0.000513765,-0.000410389,-0.000288025,-0.000151029,0
0,-0.000157947,-0.000309427,-0.000452179,-0.000581566,-0.000690528,-0.000772114,-0.000821351,-0.000836229,-0.000817816,-0.000769751,-0.000697514,-0.000607666,-0.000506935,-0.000399992,-0.000289835,-0.000179295,-7.08906e-05,3.32824e-05,0.000131619,0.000223034,0.000306962,0.000383325,0.000452489,0.0005152,0.000572517,0.000625737,0.000676318,0.000725801,0.000775736,0.000827605,0.000882754,0.000942339,0.00100727,0.00107822,0.00115558,0.00123957,0.00133028,0.00142789,0.00153285,0.00164627,0.00177032,0.0019088,0.00206796,0.00225743,0.00249172,0.00240256,0.0022811,0.00217937,0.00215898,0.00228324,0.00261495,0.00322202,0.00418908,0.0056306,0.0076974,0.0105601,0.0143307,0.0188457,0.0232257,0.0254228,0.0232125,0.0188294,0.0143284,0.0105907,0.00777891,0.00577963,0.00442179,0.00355218,0.00304774,0.00280686,0.00273961,0.00276436,0.00281119,0.0028285,0.00278844,0.00248247,0.00222418,0.00200147,0.00180638,0.00163372,0.00148007,0.00134318,0.00122143,0.00111352,0.00101831,0.000934629,0.000861255,0.000796855,0.00074,0.000689184,0.000642848,0.000599417,0.000557337,0.000515116,0.000471352,0.000424776,0.000374286,0.00031898,0.000258195,0.000191548,0.000118971,4.07565e-05,-4.24152e-05,-0.00012945,-0.000218838,-0.000308679,-0.000396744,-0.000480576,-0.000555651,-0.000615178,-0.000652783,-0.000663386,-0.000643837,-0.00059345,-0.000514275,-0.000410697,-0.000288164,-0.000151068,0
0,-0.000157918,-0.000309397,-0.000452159,-0.000581572,-0.00069056,-0.00077214,-0.000821304,-0.000836019,-0.00081734,-0.000768908,-0.000696215,-0.000605839,-0.000504527,-0.000396969,-0.000286183,-0.000175018,-6.60081e-05,3.87426e-05,0.000137627,0.000229566,0.000314005,0.000390889,0.000460609,0.000523946,0.000581997,0.000636103,0.000687771,0.000738594,0.000790179,0.00084407,0.00090169,0.000964276,0.00103285,0.00110821,0.00119093,0.00128145,0.00138018,0.0014877,0.00160501,0.00173389,0.0018774,0.00204042,0.00223041,0.00245835,0.00273993,0.00269378,0.00262999,0.00260014,0.00266484,0.00288929,0.00334758,0.00413864,0.00541485,0.00742341,0.0105601,0.0154224,0.0227881,0.033238,0.0456622,0.0537758,0.0457346,0.033379,0.022989,0.0156704,0.0108407,0.00772659,0.00573997,0.0044951,0.00374802,0.003338,0.0031479,0.00308381,0.00306935,0.00304808,0.0029875,0.00264206,0.00235265,0.00210537,0.00189081,0.00170262,0.00153654,0.00138962,0.00125973,0.00114521,0.00104461,0.000956546,0.000879619,0.000812362,0.000753237,0.000700643,0.000652942,0.000608488,0.000565665,0.000522919,0.000478797,0.000431979,0.00038132,0.000325876,0.000264952,0.000198133,0.000125331,4.68203e-05,-3.67271e-05,-0.000124218,-0.000214138,-0.000304572,-0.000393272,-0.000477756,-0.000553471,-0.00061359,-0.000651707,-0.00066272,-0.000643466,-0.000593264,-0.000514182,-0.000410641,-0.000288124,-0.000151046,0
0,-0.000157903,-0.000309327,-0.000451955,-0.000581158,-0.000689865,-0.000771105,-0.000819885,-0.000834195,-0.000815113,-0.000766296,-0.000693247,-0.000602549,-0.000500945,-0.000393125,-0.000282109,-0.000170747,-6.15676e-05,4.33303e-05,0.000142349,0.000234423,0.000319014,0.000396084,0.000466051,0.000529718,0.000588214,0.000642911,0.000695349,0.000747158,0.000799987,0.000855424,0.000914942,0.000979842,0.00105122,0.00112998,0.00121682,0.00131236,0.00141724,0.00153233,0.00165903,0.00179962,0.00195773,0.00213894,0.00235142,0.00260674,0.00292075,0.0029077,0.00289318,0.00292943,0.00307771,0.00340775,0.0040097,0.00502518,0.00670552,0.00951631,0.0143307,0.0227881,0.0378662,0.0641893,0.10477,0.142486,0.104921,0.0644722,0.0382471,0.0232233,0.0147761,0.00993893,0.00709271,0.00538596,0.00436637,0.00378071,0.00347115,0.00332555,0.00325836,0.00320715,0.00313448,0.00276061,0.00244849,0.00218308,0.00195402,0.0017542,0.00157874,0.00142422,0.00128814,0.00116856,0.00106382,0.00097238,0.000892705,0.000823233,0.000762343,0.000708368,0.000659612,0.000614378,0.000571003,0.000527895,0.00048356,0.000436646,0.000385973,0.00033057,0.000269714,0.000202968,0.000130222,5.17336e-05,-3.18392e-05,-0.000119414,-0.000209481,-0.00030013,-0.00038911,-0.000473935,-0.000550042,-0.000610596,-0.000649176,-0.000660663,-0.000641872,-0.000592095,-0.000513381,-0.000410138,-0.000287848,-0.000150933,0
0,-0.00015789,-0.000309189,-0.000451522,-0.00058026,-0.000688364,-0.00076892,-0.000817007,-0.000830682,-0.000811077,-0.000761883,-0.000688609,-0.000597826,-0.000496254,-0.000388558,-0.000277742,-0.000166634,-5.77425e-05,4.6857e-05,0.000145587,0.000237401,0.000321781,0.000398707,0.000468611,0.000532318,0.00059097,0.000645957,0.000698838,0.000751263,0.000804897,0.000861356,0.000922138,0.000988578,0.00106182,0.00114281,0.00123234,0.00133113,0.00143997,0.00155991,0.00169259,0.00184062,0.00200799,0.00220071,0.00242736,0.00269983,0.00303407,0.00304351,0.00306516,0.00315258,0.00336913,0.00379117,0.00452841,0.00577322,0.00790265,0.0116962,0.0188457,0.033238,0.0641893,0.133425,0.280113,0.492247,0.28032,0.133809,0.0646965,0.0338024,0.0194017,0.0121954,0.00832495,0.00612861,0.00484724,0.00410605,0.00369727,0.00348732,0.00338041,0.00330814,0.00322882,0.00283642,0.00250963,0.00223256,0.00199418,0.00178687,0.00160536,0.00144591,0.00130579,0.00118289,0.00107542,0.000981723,0.000900199,0.000829222,0.000767125,0.000712201,0.000662721,0.000616961,0.000573234,0.000529924,0.000485517,0.000438642,0.000388101,0.000332907,0.000272319,0.000205883,0.000133474,5.53294e-05,-2.79097e-05,-0.00011518,-0.000204992,-0.000295454,-0.000384332,-0.000469155,-0.000545377,-0.00060618,-0.000645149,-0.000657156,-0.000638983,-0.000589871,-0.000511804,-0.000409134,-0.0002873,-0.000150711,0
0,-0.000157875,-0.000308973,-0.000450841,-0.000578853,-0.000686028,-0.000765557,-0.000812643,-0.000825459,-0.000805225,-0.000755675,-0.000682321,-0.000591706,-0.000490501,-0.00038333,-0.000273154,-0.000162762,-5.46207e-05,4.923e-05,0.000147246,0.000238406,0.000322213,0.000398663,0.000468199,0.000531652,0.00059017,0.000645144,0.000698133,0.000750786,0.00080477,0.000861697,0.000923066,0.000990216,0.00106429,0.00114626,0.00123694,0.00133706,0.00144747,0.00156932,0.00170435,0.0018553,0.00202639,0.00222387,0.00245665,0.00273706,0.00308157,0.00310256,0.00314374,0.00326004,0.00351755,0.00399952,0.00483365,0.00625846,0.00877262,0.0135012,0.0232257,0.0456622,0.10477,0.280113,0.822183,2.18772,0.822411,0.280536,0.105327,0.0462768,0.0238245,0.0140291,0.00920622,0.00660813,0.0051331,0.00428666,0.00381545,0.00356713,0.00343743,0.0033535,0.00327093,0.00286898,0.00253515,0.00225276,0.00201028,0.00179974,0.00161563,0.00145406,0.00131219,0.00118781,0.00107909,0.000984333,0.000901914,0.000830187,0.000767474,0.000712057,0.000662203,0.000616182,0.000572306,0.000528954,0.000484613,0.000437909,0.000387642,0.000332818,0.000272693,0.000206802,0.000135006,5.75275e-05,-2.50172e-05,-0.000111592,-0.000200739,-0.000290602,-0.000378985,-0.000463453,-0.000539499,-0.000600351,-0.000639623,-0.000652186,-0.00063478,-0.000586568,-0.00050943,-0.00040761,-0.000286465,-0.000150375,0
0,-0.000157861,-0.000308685,-0.000449924,-0.000576954,-0.000682882,-0.000761046,-0.000806828,-0.000818565,-0.000797595,-0.000747708,-0.000674417,-0.000584217,-0.000483711,-0.000377456,-0.000268354,-0.000159133,-5.21994e-05,5.04575e-05,0.000147337,0.000237451,0.000320326,0.00039597,0.000464831,0.000527737,0.000585827,0.000640478,0.000693233,0.000745721,0.000799585,0.000856413,0.000917676,0.000984684,0.00105855,0.00114021,0.00123042,0.00132991,0.00143947,0.0015602,0.00169382,0.00184308,0.00201223,0.00220763,0.0024385,0.00271773,0.00306289,0.00308372,0.00312549,0.00324414,0.00350802,0.00400504,0.00487256,0.00637085,0.00905612,0.0142378,0.0254228,0.0537758,0.142486,0.492247,2.18772,11.8153,2.18794,0.49264,0.143005,0.0543534,0.0259904,0.0147439,0.00947817,0.00671799,0.005176,0.00429999,0.00381529,0.00356074,0.00342814,0.00334296,0.00326019,0.00285774,0.00252454,0.00224322,0.00200191,0.00179246,0.00160928,0.00144845,0.00130714,0.00118317,0.00107472,0.000980131,0.000897793,0.00082609,0.000763365,0.000707924,0.000658054,0.000612046,0.000568229,0.000525001,0.000480868,0.000434468,0.000384614,0.000330324,0.000270854,0.000205741,0.000134834,5.8338e-05,-2.31559e-05,-0.000108648,-0.000196727,-0.000285586,-0.000373087,-0.000456849,-0.000532434,-0.00059314,-0.000632631,-0.000645784,-0.000629292,-0.000582211,-0.000506277,-0.000405578,-0.000285353,-0.000149927,0
0,-0.00015786,-0.000308349,-0.000448811,-0.000574621,-0.000678998,-0.000755474,-0.000799657,-0.000810094,-0.000788272,-0.000738053,-0.000664946,-0.000575384,-0.000475882,-0.000370909,-0.00026329,-0.000155671,-5.03851e-05,5.06475e-05,0.000145979,0.000234663,0.000316248,0.000390756,0.000458632,0.000520693,0.000578056,0.000632071,0.000684246,0.000736172,0.000789447,0.000845612,0.000906084,0.000972111,0.00104474,0.00112481,0.00121301,0.00130993,0.00141623,0.00153287,0.00166138,0.00180432,0.00196578,0.00215205,0.00237243,0.00264032,0.00297452,0.00298232,0.00300514,0.00309937,0.00333469,0.00379992,0.00462952,0.00606857,0.0086201,0.0134093,0.0232125,0.0457346,0.104921,0.28032,0.822411,2.18794,0.822571,0.280619,0.105324,0.0461935,0.0236783,0.0138437,0.00900605,0.00641323,0.00495688,0.00413534,0.00368924,0.00346215,0.0033478,0.00327306,0.00319447,0.00280169,0.0024774,0.00220387,0.00196916,0.00176518,0.00158646,0.00142923,0.00129079,0.00116909,0.00106242,0.000969195,0.000887905,0.000816992,0.000754859,0.000699863,0.000650338,0.000604619,0.000561076,0.000518146,0.000474368,0.000428413,0.000379121,0.000325531,0.000266913,0.000202808,0.000133062,5.78605e-05,-2.22365e-05,-0.000106274,-0.000192897,-0.000280368,-0.000366621,-0.000449353,-0.000524215,-0.000584599,-0.00062424,-0.000638028,-0.000622598,-0.000576874,-0.000502407,-0.000403088,-0.000283995,-0.000149383,0
0,-0.000157888,-0.000308007,-0.00044757,-0.000571951,-0.0006745,-0.000748983,-0.000791281,-0.000800194,-0.000777388,-0.000726813,-0.000653972,-0.000565229,-0.000466989,-0.00036362,-0.000257851,-0.00015223,-4.89987e-05,5.00036e-05,0.000143394,0.000230272,0.000310215,0.000383255,0.000449833,0.000510744,0.000567075,0.000620135,0.000671383,0.000722353,0.000774582,0.00082954,0.000888567,0.000952822,0.00102325,0.00110056,0.00118529,0.00127785,0.00137867,0.00148842,0.00160829,0.00174045,0.00188854,0.0020584,0.002259,0.00250368,0.00281187,0.00279279,0.00277854,0.00282578,0.00300472,0.00340174,0.00413825,0.00541744,0.0076229,0.0115331,0.0188294,0.033379,0.0644722,0.133809,0.280536,0.49264,0.280619,0.13397,0.0647,0.0336563,0.0191354,0.0118504,0.00794488,0.00575101,0.00449838,0.00379964,0.00343604,0.00326621,0.00319018,0.00313858,0.0030712,0.00270003,0.00239386,0.00213527,0.00191274,0.00171861,0.00154782,0.00139695,0.0012636,0.00114594,0.00104247,0.000951772,0.00087245,0.000803061,0.0007421,0.000688005,0.000639181,0.000594031,0.000550983,0.000508533,0.00046527,0.000419913,0.000371343,0.000318629,0.000261065,0.000198204,0.000129886,5.62805e-05,-2.20904e-05,-0.000104324,-0.000189135,-0.000274868,-0.000359548,-0.000440965,-0.000514878,-0.000574802,-0.000614551,-0.000629037,-0.000614823,-0.000570677,-0.000497925,-0.000400219,-0.000282444,-0.000148769,0
0,-0.000157972,-0.000307714,-0.000446295,-0.000569076,-0.000669557,-0.00074177,-0.00078191,-0.000789068,-0.000765122,-0.000714126,-0.000641583,-0.000553779,-0.000456998,-0.000355492,-0.00025188,-0.0001486,-4.77859e-05,4.88148e-05,0.000139895,0.000224607,0.000302563,0.000373805,0.000438765,0.000498215,0.000553202,0.000604983,0.000654957,0.000704587,0.000755332,0.000808577,0.000865561,0.00092733,0.000994695,0.00106821,0.00114822,0.00123486,0.00132827,0.0014287,0.00153684,0.0016542,0.00178363,0.00193004,0.00210132,0.00230971,0.00257372,0.00251414,0.00244859,0.00243424,0.00254155,0.00285265,0.00347111,0.00454973,0.00634504,0.00931856,0.0143284,0.022989,0.0382471,0.0646965,0.105327,0.143005,0.105324,0.0647,0.0382721,0.0230499,0.0144363,0.00948174,0.00657257,0.00485232,0.00385676,0.00331793,0.00306412,0.00297259,0.0029514,0.00293584,0.00288965,0.00255364,0.00227547,0.00203914,0.00183428,0.0016542,0.00149459,0.00135262,0.00122637,0.00111437,0.0010154,0.000928267,0.000851754,0.000784566,0.000725318,0.000672556,0.000624779,0.000580474,0.00053815,0.000496373,0.000453801,0.000409213,0.000361538,0.000309891,0.000253593,0.000192212,0.000125586,5.3862e-05,-2.24773e-05,-0.000102592,-0.000185275,-0.000268969,-0.000351804,-0.000431677,-0.000504475,-0.000563846,-0.000603704,-0.000618974,-0.00060614,-0.000563784,-0.000492973,-0.00039708,-0.000280773,-0.000148121,0
0,-0.000158142,-0.00030754,-0.000445098,-0.000566159,-0.000664379,-0.000734078,-0.000771802,-0.00077697,-0.0007517,-0.00070017,-0.000627893,-0.000541075,-0.000445871,-0.000346408,-0.000245188,-0.000144523,-4.64328e-05,4.74412e-05,0.000135875,0.000218086,0.000293721,0.000362836,0.000425858,0.000483528,0.000536852,0.000587027,0.000635383,0.000683303,0.000732157,0.000783228,0.000837645,0.000896324,0.000959922,0.00102881,0.00110309,0.00118262,0.00126712,0.00135636,0.00145036,0.00154976,0.00165626,0.00177325,0.0019067,0.00206636,0.0022676,0.00215662,0.00203192,0.0019517,0.00198671,0.00221418,0.00271941,0.00360864,0.00503467,0.00723611,0.0105907,0.0156704,0.0232233,0.0338024,0.0462768,0.0543534,0.0461935,0.0336563,0.0230499,0.0155113,0.0104861,0.00722099,0.00513789,0.00385045,0.00310618,0.00273135,0.00259494,0.00259114,0.00263538,0.00266717,0.00265394,0.00236684,0.00212623,0.00191894,0.00173668,0.0015743,0.00142864,0.00129774,0.00118028,0.0010753,0.000981926,0.000899249,0.000826273,0.000761878,0.000704828,0.000653796,0.000607392,0.000564206,0.000522839,0.000481945,0.000440258,0.000396627,0.000350043,0.000299667,0.000244856,0.000185192,0.000120511,5.09364e-05,-2.30977e-05,-0.000100821,-0.000181117,-0.000262533,-0.000343319,-0.00042149,-0.000493071,-0.000551861,-0.000591873,-0.000608047,-0.000596766,-0.000556401,-0.000487727,-0.00039381,-0.000279073,-0.000147484,0
0,-0.000158431,-0.000307561,-0.000444112,-0.00056339,-0.000659209,-0.000726194,-0.000761267,-0.000764206,-0.000737399,-0.00068517,-0.000613055,-0.000527185,-0.000433586,-0.000336255,-0.00023757,-0.000139717,-4.45845e-05,4.62953e-05,0.000131793,0.000211195,0.000284194,0.000350864,0.000411625,0.000467195,0.000518531,0.000566772,0.000613172,0.000659029,0.000705619,0.000754116,0.00080553,0.00086064,0.00091994,0.000983606,0.00105148,0.00112312,0.00119781,0.00127476,0.00135322,0.00143281,0.0015138,0.00159764,0.0016876,0.00178963,0.00191377,0.00174643,0.00156322,0.00142372,0.00139881,0.00156045,0.00197701,0.00271659,0.00385738,0.00550072,0.00777891,0.0108407,0.0147761,0.0194017,0.0238245,0.0259904,0.0236783,0.0191354,0.0144363,0.0104861,0.00747131,0.00529914,0.00381225,0.00286328,0.0023273,0.00209502,0.0020657,0.00214669,0.002259,0.00234526,0.00237556,0.00214877,0.0019533,0.00178022,0.00162421,0.00148221,0.00135253,0.00123425,0.00112685,0.0010299,0.000942957,0.000865434,0.000796578,0.000735468,0.000681031,0.000632082,0.000587356,0.000545556,0.000505386,0.000465596,0.000425007,0.000382544,0.000337265,0.000288381,0.000235284,0.000177571,0.000115076,4.78884e-05,-2.36084e-05,-9.8722e-05,-0.000176435,-0.000255412,-0.000334026,-0.000410418,-0.000480761,-0.000539011,-0.000579279,-0.000596506,-0.000586959,-0.000548771,-0.000482395,-0.000390566,-0.000277449,-0.000146908,0
0,-0.000158874,-0.00030786,-0.000443475,-0.000560974,-0.000654316,-0.000718439,-0.000750658,-0.000751132,-0.000722548,-0.0006694,-0.000597267,-0.000512217,-0.000420151,-0.000324939,-0.000228835,-0.000133892,-4.18703e-05,4.58188e-05,0.000128147,0.000204476,0.000274551,0.000338472,0.00039666,0.000449808,0.000498832,0.000544811,0.000588925,0.000632388,0.000676377,0.000721962,0.000770032,0.000821232,0.000875896,0.000934009,0.000995175,0.00105863,0.00112326,0.0011877,0.00125046,0.00131006,0.00136531,0.00141553,0.00146092,0.00150296,0.00154504,0.00132525,0.00109363,0.000911007,0.000847526,0.000969228,0.00132903,0.00196496,0.00290458,0.00417049,0.00577963,0.00772659,0.00993893,0.0121954,0.0140291,0.0147439,0.0138437,0.0118504,0.00948174,0.00722099,0.00529914,0.00379162,0.00269841,0.00198555,0.00160019,0.00147439,0.00152873,0.00168026,0.00185408,0.00199478,0.00207398,0.00191348,0.0017669,0.0016305,0.00150245,0.00138208,0.00126936,0.00116452,0.00106785,0.000979538,0.000899561,0.000827661,0.000763344,0.000705892,0.000654405,0.000607844,0.000565075,0.000524919,0.000486193,0.000447744,0.000408485,0.000367422,0.000323678,0.000276517,0.000225364,0.00016983,0.000109735,4.51377e-05,-2.36416e-05,-9.59938e-05,-0.000171007,-0.000247467,-0.000323876,-0.000398506,-0.000467677,-0.000525501,-0.00056618,-0.000584644,-0.000577016,-0.000541169,-0.000477211,-0.000387526,-0.000276016,-0.00014645,0
0,-0.000159504,-0.000308519,-0.000443333,-0.000559127,-0.00064999,-0.000711163,-0.000740361,-0.000738146,-0.000707525,-0.00065319,-0.000580786,-0.000496335,-0.000405627,-0.000312409,-0.000218822,-0.000126785,-3.79295e-05,4.64561e-05,0.000125449,0.000198496,0.0002654,0.000326296,0.000381612,0.000432026,0.000478418,0.000521813,0.000563323,0.00060408,0.000645172,0.000687569,0.000732049,0.000779132,0.000829012,0.000881504,0.000936005,0.000991479,0.00104647,0.00109912,0.00114729,0.00118856,0.00122043,0.00124031,0.00124557,0.00123353,0.00120118,0.000942863,0.000681625,0.0004786,0.000401771,0.000510158,0.000842337,0.00141277,0.00221534,0.00322936,0.00442179,0.00573997,0.00709271,0.00832495,0.00920622,0.00947817,0.00900605,0.00794488,0.00657257,0.00513789,0.00381225,0.00269841,0.00185066,0.00128763,0.000996865,0.000937164,0.00104454,0.00124379,0.00146344,0.00164952,0.00177431,0.00167835,0.00157923,0.00147845,0.00137765,0.0012785,0.00118253,0.00109109,0.00100524,0.000925712,0.0008529,0.000786856,0.000727324,0.000673784,0.000625502,0.000581583,0.000541024,0.000502765,0.000465733,0.000428875,0.000391195,0.000351779,0.000309815,0.000264614,0.00021563,0.000162481,0.000104972,4.31173e-05,-2.28273e-05,-9.2343e-05,-0.000164627,-0.000238589,-0.000312862,-0.000385841,-0.000453996,-0.000511584,-0.000552885,-0.000572793,-0.00056727,-0.000533899,-0.000472426,-0.000384878,-0.000274895,-0.000146166,0
0,-0.000160353,-0.000309614,-0.000443825,-0.000558064,-0.000646522,-0.000704729,-0.000730793,-0.000725686,-0.000692759,-0.000636928,-0.000563931,-0.00047977,-0.00039014,-0.000298683,-0.00020743,-0.000118182,-3.24422e-05,4.86235e-05,0.0001242,0.000193824,0.000257365,0.000314999,0.000367173,0.000414559,0.000458012,0.000498512,0.000537113,0.000574877,0.000612811,0.000651799,0.000692524,0.000735405,0.000780521,0.000827558,0.000875757,0.00092389,0.000970247,0.00101265,0.00104848,0.00107471,0.00108789,0.00108412,0.00105884,0.00100644,0.000919442,0.000644739,0.000378359,0.000180199,0.000114208,0.000231235,0.000556548,0.00108624,0.00179223,0.00263136,0.00355218,0.0044951,0.00538596,0.00612861,0.00660813,0.00671799,0.00641323,0.00575101,0.00485232,0.00385045,0.00286328,0.00198555,0.00128763,0.000812492,0.000571089,0.000540462,0.000668855,0.000888278,0.00113102,0.00134482,0.00150235,0.00146093,0.00140244,0.00133265,0.00125599,0.00117596,0.00109539,0.00101649,0.00094094,0.000869924,0.000804168,0.000743982,0.00068932,0.000639832,0.000594935,0.000553866,0.000515746,0.000479628,0.000444544,0.000409538,0.0003737,0.00033619,0.000296254,0.000253245,0.00020664,0.000156054,0.000101268,4.22493e-05,-2.08188e-05,-8.75105e-05,-0.000157134,-0.00022872,-0.000301026,-0.000372568,-0.00043995,-0.000497563,-0.000539744,-0.000561327,-0.000558081,-0.000527282,-0.000468305,-0.000382815,-0.00027421,-0.000146115,0
0,-0.000161444,-0.000311212,-0.000445081,-0.000557991,-0.000644205,-0.000699506,-0.000722385,-0.00071422,-0.000678722,-0.000621058,-0.00054709,-0.000462831,-0.000373902,-0.000283859,-0.000194645,-0.00010795,-2.51589e-05,5.26778e-05,0.000124854,0.000190997,0.000251051,0.000305243,0.000354047,0.000398143,0.000438373,0.000475686,0.000511092,0.000545596,0.000580144,0.000615548,0.000652422,0.000691107,0.000731609,0.000773531,0.00081603,0.000857776,0.000896945,0.00093121,0.000957762,0.000973314,0.000974076,0.000955648,0.000912767,0.000838781,0.000724696,0.000459469,0.000213523,4.36021e-05,7.7748e-06,0.000147901,0.000477316,0.000978336,0.00160947,0.00231749,0.00304774,0.00374802,0.00436637,0.00484724,0.0051331,0.005176,0.00495688,0.00449838,0.00385676,0.00310618,0.0023273,0.00160019,0.000996865,0.000571089,0.000347738,0.000317055,0.000437865,0.000649713,0.000889708,0.00110818,0.00127861,0.00127527,0.00124639,0.00120015,0.00114259,0.00107831,0.00101085,0.000942964,0.000876716,0.000813581,0.000754509,0.000699997,0.000650151,0.00060476,0.000563364,0.000525315,0.000489843,0.000456104,0.000423224,0.000390337,0.00035661,0.000321265,0.000283601,0.000243001,0.000198953,0.000151063,9.90806e-05,4.29174e-05,-1.7319e-05,-8.12963e-05,-0.000148431,-0.000217869,-0.000288484,-0.000358897,-0.000425833,-0.000483797,-0.000527153,-0.000550646,-0.000549828,-0.000521651,-0.000465112,-0.00038153,-0.000274079,-0.000146352,0
0,-0.000162795,-0.000313367,-0.000447208,-0.000559095,-0.000643312,-0.000695858,-0.000715572,-0.000704236,-0.000665924,-0.000606081,-0.000530725,-0.00044591,-0.000357219,-0.000268144,-0.000180557,-9.60598e-05,-1.59318e-05,5.88836e-05,0.000127783,0.000190486,0.000247016,0.000297656,0.000342922,0.000383513,0.000420272,0.000454135,0.000486084,0.000517087,0.000548045,0.000579725,0.000612694,0.000647253,0.000683369,0.000720622,0.000758152,0.000794633,0.00082826,0.000856757,0.0008774,0.000887045,0.00088213,0.00085862,0.000811818,0.000735955,0.000623441,0.000391508,0.000187677,6.36417e-05,7.00821e-05,0.000239674,0.000575734,0.0010512,0.00161775,0.00221986,0.00280686,0.003338,0.00378071,0.00410605,0.00428666,0.00429999,0.00413534,0.00379964,0.00331793,0.00273135,0.00209502,0.00147439,0.000937164,0.000540462,0.000317055,0.000266885,0.0003583,0.000538978,0.000752148,0.000952015,0.00111365,0.00112908,0.0011168,0.00108531,0.00104087,0.00098822,0.000931063,0.000872269,0.000814021,0.000757903,0.000704967,0.000655808,0.000610628,0.00056931,0.000531485,0.000496598,0.000463969,0.00043284,0.000402421,0.000371919,0.000340566,0.000307638,0.000272468,0.000234461,0.000193104,0.000147986,9.88126e-05,4.54379e-05,-1.21081e-05,-7.35849e-05,-0.00013851,-0.000206134,-0.000275433,-0.000345115,-0.000412007,-0.000470697,-0.000515547,-0.000541179,-0.000542905,-0.000517339,-0.000463107,-0.000381205,-0.000274614,-0.000146927,0
0,-0.000164411,-0.000316109,-0.000450291,-0.000561531,-0.000644088,-0.000694122,-0.000710782,-0.000696227,-0.000654901,-0.000592543,-0.00051536,-0.000429489,-0.000340502,-0.000251857,-0.000165384,-8.26132e-05,-4.7417e-06,6.73812e-05,0.000133246,0.000192662,0.000245729,0.000292799,0.000334434,0.000371368,0.00040446,0.000434651,0.000462913,0.0004902,0.000517389,0.000545227,0.000574262,0.000604786,0.000636772,0.000669825,0.00070314,0.000735481,0.000765187,0.000790198,0.000808109,0.000816249,0.000811756,0.000791633,0.00075273,0.000691575,0.000603985,0.000422174,0.00027442,0.000205762,0.000258533,0.000456689,0.000795922,0.00124402,0.00175106,0.00226414,0.00273961,0.0031479,0.00347115,0.00369727,0.00381545,0.00381529,0.00368924,0.00343604,0.00306412,0.00259494,0.0020657,0.00152873,0.00104454,0.000668855,0.000437865,0.0003583,0.000407015,0.000540292,0.00070869,0.000871552,0.00100651,0.00102263,0.00101458,0.000989353,0.000952141,0.000907027,0.000857296,0.000805579,0.000753929,0.000703871,0.000656441,0.000612249,0.000571533,0.000534225,0.000500016,0.000468417,0.000438815,0.000410522,0.000382812,0.000354951,0.000326221,0.000295933,0.000263446,0.000228167,0.000189575,0.000147226,0.000100781,5.00311e-05,-5.07041e-06,-6.43682e-05,-0.00012747,-0.000193717,-0.000262165,-0.000331593,-0.000398898,-0.000458724,-0.000505391,-0.000533369,-0.000537704,-0.000514671,-0.000462536,-0.000382005,-0.000275909,-0.00014788,0
0,-0.000166286,-0.000319448,-0.000454378,-0.000565416,-0.000646738,-0.000694603,-0.000708414,-0.000690678,-0.000646198,-0.000581023,-0.000501583,-0.000414129,-0.000324264,-0.000235442,-0.000149478,-6.78598e-05,8.27776e-06,7.81591e-05,0.000141355,0.000197757,0.00024754,0.000291124,0.000329129,0.000362335,0.000391633,0.000417985,0.000442375,0.000465761,0.000489026,0.000512916,0.000537992,0.000564568,0.000592658,0.000621937,0.000651707,0.000680895,0.00070807,0.000731502,0.000749256,0.000759331,0.000759833,0.000749178,0.000726275,0.000690618,0.000642161,0.000517889,0.000430911,0.000418454,0.000514135,0.000734204,0.00106939,0.00148623,0.00193732,0.00237535,0.00276436,0.00308381,0.00332555,0.00348732,0.00356713,0.00356074,0.00346215,0.00326621,0.00297259,0.00259114,0.00214669,0.00168026,0.00124379,0.000888278,0.000649713,0.000538978,0.000540292,0.000618703,0.000732969,0.000848575,0.000946642,0.000949658,0.000936273,0.000910588,0.000875817,0.000834775,0.000789954,0.000743492,0.000697135,0.00065222,0.000609679,0.000570067,0.000533606,0.000500239,0.000469684,0.000441491,0.000415095,0.000389853,0.000365085,0.000340099,0.000314208,0.000286745,0.000257072,0.000224591,0.000188756,0.000149086,0.000105189,5.6793e-05,3.78157e-06,-5.37659e-05,-0.000115533,-0.000180929,-0.000249072,-0.000318779,-0.000386995,-0.000448378,-0.000497173,-0.000527661,-0.000534607,-0.000513947,-0.000463617,-0.000384071,-0.00027804,-0.000149241,0
0,-0.0001684,-0.000323364,-0.00045948,-0.000570819,-0.000651414,-0.000697553,-0.000708828,-0.000688046,-0.000640355,-0.000572123,-0.000490025,-0.000400468,-0.000309121,-0.000219468,-0.000133338,-5.22077e-05,2.28235e-05,9.10311e-05,0.000152048,0.000205835,0.000252636,0.000292938,0.000327425,0.00035693,0.000382391,0.000404808,0.000425197,0.000444543,0.000463752,0.000483602,0.000504686,0.00052737,0.000551741,0.000577575,0.00060432,0.000631104,0.000656772,0.000679973,0.000699292,0.000713443,0.000721539,0.00072344,0.000720161,0.000714235,0.000709621,0.000641704,0.000611933,0.000649139,0.000778465,0.00100984,0.0013317,0.00171275,0.00211121,0.00248699,0.00281119,0.00306935,0.00325836,0.00338041,0.00343743,0.00342814,0.0033478,0.00319018,0.0029514,0.00263538,0.002259,0.00185408,0.00146344,0.00113102,0.000889708,0.000752148,0.00070869,0.000732969,0.000792324,0.000858821,0.000917867,0.000899564,0.000875438,0.000845336,0.000809939,0.000770566,0.000728786,0.00068615,0.000644019,0.000603478,0.000565296,0.000529929,0.000497546,0.000468067,0.000441211,0.000416543,0.00039352,0.000371527,0.00034991,0.000327997,0.000305113,0.000280596,0.000253797,0.000224098,0.000190918,0.000153731,0.000112093,6.56714e-05,1.42875e-05,-4.20403e-05,-0.000103051,-0.000168202,-0.000236641,-0.000307202,-0.00037684,-0.000440193,-0.000491388,-0.000524491,-0.000533972,-0.000515439,-0.000466532,-0.00038751,-0.000281061,-0.000151028,0
0,-0.000170717,-0.00032781,-0.000465562,-0.000577751,-0.000658205,-0.00070316,-0.000712322,-0.000688745,-0.000637888,-0.000566439,-0.000481343,-0.000389196,-0.00029577,-0.000204614,-0.000117601,-3.62266e-05,3.8414e-05,0.000105621,0.000165067,0.000216764,0.000261014,0.000298368,0.000329571,0.000355517,0.000377201,0.000395676,0.000412007,0.000427226,0.000442285,0.000458013,0.000475063,0.000493874,0.000514626,0.00053722,0.000561267,0.000586111,0.000610878,0.000634584,0.000656287,0.000675323,0.000691635,0.000706243,0.000721915,0.000744059,0.000781132,0.000763826,0.000782236,0.000857688,0.00100782,0.00123783,0.00153625,0.00187681,0.00222561,0.00255052,0.0028285,0.00304808,0.00320715,0.00330814,0.0033535,0.00334296,0.00327306,0.00313858,0.00293584,0.00266717,0.00234526,0.00199478,0.00164952,0.00134482,0.00110818,0.000952015,0.000871552,0.000848575,0.000858821,0.000880064,0.000900693,0.000859504,0.000824469,0.000789168,0.000751981,0.000713043,0.000673177,0.000633417,0.000594758,0.000558025,0.000523806,0.000492437,0.00046401,0.000438399,0.000415301,0.000394275,0.000374779,0.000356206,0.000337906,0.000319208,0.000299434,0.000277904,0.000253948,0.000226914,0.000196178,0.000161167,0.000121385,7.64469e-05,2.61256e-05,-2.96036e-05,-9.05123e-05,-0.000156078,-0.000225452,-0.000297453,-0.000369015,-0.000434714,-0.000488523,-0.000524267,-0.000536114,-0.000519369,-0.00047142,-0.000392392,-0.000284995,-0.000153244,0
0,-0.000173187,-0.000332702,-0.000472542,-0.000586164,-0.000667128,-0.000711535,-0.000719123,-0.000693121,-0.000639264,-0.000564547,-0.000476201,-0.00038104,-0.000284979,-0.000191659,-0.000103031,-2.06402e-05,5.43909e-05,0.000121357,0.000179946,0.000230198,0.000272458,0.00030733,0.000335615,0.000358271,0.000376355,0.000390985,0.000403289,0.000414363,0.000425225,0.000436775,0.000449745,0.000464662,0.00048182,0.000501252,0.000522738,0.000545827,0.000569903,0.000594291,0.000618417,0.000642048,0.000665615,0.000690713,0.000720962,0.000763995,0.000837777,0.000869261,0.000923966,0.00102395,0.00118088,0.00139662,0.0016618,0.00195726,0.00225854,0.00254177,0.00278844,0.0029875,0.00313448,0.00322882,0.00327093,0.00326019,0.00319447,0.0030712,0.00288965,0.00265394,0.00237556,0.00207398,0.00177431,0.00150235,0.00127861,0.00111365,0.00100651,0.000946642,0.000917867,0.000900693,0.000857861,0.000816227,0.000776912,0.000738347,0.00069968,0.000660889,0.000622453,0.000585065,0.000549435,0.00051616,0.000485659,0.000458141,0.000433611,0.000411883,0.000392616,0.000375342,0.000359504,0.000344479,0.000329605,0.000314194,0.000297543,0.000278945,0.000257692,0.00023309,0.00020447,0.00017121,0.000132768,8.87208e-05,3.88067e-05,-1.70186e-05,-7.85336e-05,-0.000145206,-0.000216162,-0.000290176,-0.000364125,-0.000432484,-0.000489039,-0.000527353,-0.0005413,-0.000525906,-0.000478367,-0.000398744,-0.000289835,-0.000155874,0
0,-0.000175743,-0.000337928,-0.000480286,-0.00059594,-0.000678119,-0.000722703,-0.000729367,-0.00070144,-0.000644881,-0.000566972,-0.000475237,-0.000376734,-0.00027755,-0.000181453,-9.04974e-05,-6.30907e-06,6.99305e-05,0.00013748,0.000196011,0.000245569,0.000286521,0.000319506,0.000345376,0.000365145,0.000379936,0.000390936,0.000399348,0.000406346,0.000413029,0.000420383,0.000429235,0.000440218,0.000453743,0.000469983,0.000488878,0.000510165,0.000533442,0.000558267,0.000584313,0.000611558,0.000640543,0.000672664,0.000710451,0.000757485,0.000816101,0.000873016,0.000946616,0.00105096,0.00119392,0.00137628,0.00159127,0.00182575,0.00206303,0.00228646,0.00248247,0.00264206,0.00276061,0.00283642,0.00286898,0.00285774,0.00280169,0.00270003,0.00255364,0.00236684,0.00214877,0.00191348,0.00167835,0.00146093,0.00127527,0.00112908,0.00102263,0.000949658,0.000899564,0.000859504,0.000816227,0.000773212,0.000731567,0.00069111,0.000651613,0.000613155,0.00057609,0.000540914,0.000508132,0.000478161,0.00045127,0.000427553,0.00040692,0.000389121,0.000373759,0.000360328,0.000348236,0.00033683,0.000325415,0.000313269,0.000299653,0.000283816,0.000265007,0.000242482,0.000215527,0.000183477,0.000145755,0.000101913,5.16781e-05,-4.98942e-06,-6.78467e-05,-0.000136322,-0.000209487,-0.00028604,-0.000362772,-0.00043402,-0.000493352,-0.000534058,-0.000549726,-0.00053515,-0.000487396,-0.00040654,-0.000295538,-0.000158886,0
0,-0.000178304,-0.000343342,-0.000488613,-0.000606894,-0.000691029,-0.000736588,-0.000743087,-0.000713866,-0.000655046,-0.000574166,-0.000479039,-0.000376987,-0.000274298,-0.00017489,-8.09461e-05,5.79647e-06,8.40671e-05,0.000153056,0.00021239,0.000262091,0.000302522,0.000334339,0.000358427,0.000375848,0.000387788,0.000395503,0.000400276,0.000403368,0.000405971,0.000409169,0.000413897,0.000420902,0.000430721,0.000443663,0.00045982,0.000479089,0.00050124,0.000525999,0.000553174,0.000582815,0.000615374,0.000651859,0.000693863,0.000743259,0.00080117,0.000866697,0.000947,0.00104949,0.00117855,0.00133401,0.00151082,0.00169975,0.00188917,0.00206731,0.00222418,0.00235265,0.00244849,0.00250963,0.00253515,0.00252454,0.0024774,0.00239386,0.00227547,0.00212623,0.0019533,0.0017669,0.00157923,0.00140244,0.00124639,0.0011168,0.00101458,0.000936273,0.000875438,0.000824469,0.000776912,0.000731567,0.000688225,0.000646733,0.000607046,0.000569301,0.000533794,0.000500899,0.000470977,0.000444308,0.000421033,0.000401138,0.000384448,0.000370634,0.000359241,0.000349707,0.000341392,0.000333597,0.000325579,0.000316571,0.000305781,0.00029241,0.000275655,0.000254726,0.000228866,0.000197378,0.000159664,0.00011527,6.39368e-05,5.65671e-06,-5.92771e-05,-0.000130225,-0.000206171,-0.000285718,-0.000365537,-0.000439792,-0.000501814,-0.000544611,-0.000561511,-0.000547126,-0.000498467,-0.000415704,-0.000302027,-0.00016223,0
0,-0.000180772,-0.000348765,-0.000497289,-0.000618772,-0.000705624,-0.000753016,-0.000760206,-0.000730449,-0.000669956,-0.000586482,-0.000488117,-0.000382455,-0.000276007,-0.000172865,-7.53608e-05,1.46324e-05,9.57259e-05,0.000167012,0.00022804,0.000278777,0.000319558,0.000351029,0.00037409,0.000389835,0.0003995,0.00040441,0.000405925,0.000405396,0.000404116,0.000403277,0.000403928,0.000406938,0.000412972,0.000422475,0.000435676,0.000452617,0.000473199,0.000497262,0.000524687,0.000555514,0.000590054,0.000628979,0.000673309,0.000724272,0.000783044,0.000850935,0.000931524,0.00102857,0.00114412,0.00127739,0.00142443,0.00157859,0.0017316,0.00187502,0.00200147,0.00210537,0.00218308,0.00223256,0.00225276,0.00224322,0.00220387,0.00213527,0.00203914,0.00191894,0.00178022,0.0016305,0.00147845,0.00133265,0.00120015,0.00108531,0.000989353,0.000910588,0.000845336,0.000789168,0.000738347,0.00069111,0.000646733,0.000604934,0.00056568,0.000529111,0.00049548,0.000465076,0.000438156,0.000414889,0.00039531,0.000379309,0.000366622,0.000356844,0.000349448,0.000343809,0.000339225,0.000334936,0.000330145,0.000324022,0.000315722,0.000304389,0.000289171,0.000269234,0.000243789,0.000212121,0.000173631,0.000127881,7.46528e-05,1.39963e-05,-5.37149e-05,-0.000127744,-0.000206965,-0.000289857,-0.000372948,-0.000450202,-0.000514692,-0.000559152,-0.000576684,-0.000561776,-0.000511466,-0.000426106,-0.000309186,-0.000165837,0
0,-0.00018304,-0.000353992,-0.000506034,-0.000631253,-0.000721579,-0.000771706,-0.000780526,-0.000751113,-0.000689682,-0.000604154,-0.000502872,-0.000393702,-0.000283398,-0.000176239,-7.47217e-05,1.91237e-05,0.000103765,0.000178169,0.000241776,0.000294472,0.000336528,0.000368557,0.000391447,0.000406305,0.000414403,0.000417119,0.000415888,0.000412149,0.000407297,0.000402634,0.000399329,0.000398379,0.000400579,0.000406507,0.000416523,0.000430791,0.000449321,0.000472037,0.00049885,0.000529763,0.000564948,0.000604814,0.000650013,0.000701403,0.000760001,0.000827111,0.000904683,0.000994532,0.00109735,0.001212,0.00133533,0.00146241,0.00158727,0.00170376,0.00180638,0.00189081,0.00195402,0.00199418,0.00201028,0.00200191,0.00196916,0.00191274,0.00183428,0.00173668,0.00162421,0.00150245,0.00137765,0.00125599,0.00114259,0.00104087,0.000952141,0.000875817,0.000809939,0.000751981,0.00069968,0.000651613,0.000607046,0.00056568,0.000527484,0.000492592,0.000461218,0.000433591,0.000409885,0.000390179,0.000374416,0.000362395,0.000353764,0.000348038,0.000344612,0.000342788,0.000341791,0.000340795,0.000338933,0.000335314,0.000329032,0.000319178,0.000304855,0.000285197,0.000259395,0.000226736,0.000186639,0.000138713,8.28016e-05,1.90443e-05,-5.20793e-05,-0.00012971,-0.000212586,-0.000299049,-0.00038546,-0.000465559,-0.000532154,-0.000577722,-0.000595177,-0.000578956,-0.000526208,-0.000437559,-0.000316866,-0.000169623,0
0,-0.000184986,-0.000358794,-0.000514527,-0.000643952,-0.000738488,-0.000792273,-0.000803732,-0.000775648,-0.000714157,-0.000627277,-0.000523573,-0.000411178,-0.000297093,-0.000185796,-7.99615e-05,1.82113e-05,0.000107025,0.000185294,0.000252327,0.000307891,0.000352172,0.000385713,0.000409366,0.000424225,0.000431576,0.000432837,0.000429502,0.000423091,0.000415097,0.000406934,0.000399892,0.000395095,0.000393471,0.000395728,0.000402353,0.000413624,0.000429646,0.000450401,0.000475822,0.000505864,0.000540576,0.000580158,0.000624986,0.000675606,0.000732726,0.000797221,0.000870101,0.000952106,0.00104318,0.00114206,0.00124619,0.00135183,0.00145458,0.00154992,0.00163372,0.00170262,0.0017542,0.00178687,0.00179974,0.00179246,0.00176518,0.00171861,0.0016542,0.0015743,0.00148221,0.00138208,0.0012785,0.00117596,0.00107831,0.00098822,0.000907027,0.000834775,0.000770566,0.000713043,0.000660889,0.000613155,0.000569301,0.000529111,0.000492592,0.000459879,0.000431165,0.000406628,0.000386376,0.000370407,0.000358582,0.000350609,0.000346052,0.000344337,0.000344777,0.00034659,0.000348927,0.000350883,0.000351523,0.000349891,0.000345025,0.000335967,0.000321788,0.000301602,0.000274603,0.000240097,0.000197552,0.000146641,8.73047e-05,1.97939e-05,-5.52797e-05,-0.000136912,-0.000223691,-0.000313803,-0.000403426,-0.000486062,-0.000554255,-0.000600247,-0.000616817,-0.00059843,-0.000542438,-0.000449824,-0.00032488,-0.000173483,0
0,-0.000186484,-0.000362917,-0.000522408,-0.000656429,-0.000755866,-0.000814231,-0.000829383,-0.000803708,-0.000743162,-0.000655792,-0.00055034,-0.000435186,-0.00031758,-0.000202209,-9.19207e-05,1.09005e-05,0.000104379,0.000187155,0.00025838,0.000317679,0.000365117,0.000401143,0.000426538,0.000442359,0.000449878,0.00045053,0.000445853,0.000437434,0.000426854,0.000415633,0.000405179,0.000396745,0.000391391,0.000389954,0.000393047,0.000401056,0.000414174,0.00043244,0.000455798,0.000484164,0.000517481,0.000555781,0.000599206,0.000648023,0.000702604,0.000763393,0.000830794,0.000904931,0.000985351,0.0010708,0.00115916,0.00124758,0.00133274,0.00141128,0.00148007,0.00153654,0.00157874,0.00160536,0.00161563,0.00160928,0.00158646,0.00154782,0.00149459,0.00142864,0.00135253,0.00126936,0.00118253,0.00109539,0.00101085,0.000931063,0.000857296,0.000789954,0.000728786,0.000673177,0.000622453,0.00057609,0.000533794,0.00049548,0.000461218,0.000431165,0.000405498,0.000384356,0.000367788,0.000355717,0.000347922,0.000344023,0.000343493,0.000345668,0.000349771,0.000354935,0.000360227,0.000364667,0.00036725,0.00036696,0.000362784,0.000353733,0.000338856,0.00031727,0.000288192,0.000250974,0.000205153,0.000150502,8.70747e-05,1.52613e-05,-6.41748e-05,-0.000150068,-0.00024084,-0.000334516,-0.000427079,-0.000511787,-0.000580925,-0.000626536,-0.000641329,-0.000619874,-0.000559826,-0.000462611,-0.00033301,-0.0001773,0
0,-0.000187398,-0.000366097,-0.000529288,-0.000668195,-0.000773157,-0.000837,-0.000856925,-0.000834811,-0.000776332,-0.000689481,-0.000583124,-0.000465862,-0.000345191,-0.000225996,-0.000111307,-3.69159e-06,9.47834e-05,0.000182572,0.000258645,0.000322463,0.000373941,0.000413404,0.000441533,0.000459315,0.000467983,0.000468961,0.000463807,0.000454158,0.000441667,0.000427949,0.000414527,0.000402776,0.000393886,0.000388827,0.000388333,0.000392903,0.000402815,0.000418166,0.00043892,0.000464959,0.000496147,0.000532371,0.000573582,0.000619799,0.000671101,0.000727576,0.000789226,0.000855811,0.00092668,0.00100064,0.00107595,0.00115036,0.00122138,0.00128644,0.00134318,0.00138962,0.00142422,0.00144591,0.00145406,0.00144845,0.00142923,0.00139695,0.00135262,0.00129774,0.00123425,0.00116452,0.00109109,0.00101649,0.000942964,0.000872269,0.000805579,0.000743492,0.00068615,0.000633417,0.000585065,0.000540914,0.000500899,0.000465076,0.000433591,0.000406628,0.000384356,0.000366878,0.000354185,0.000346128,0.000342399,0.00034253,0.000345898,0.000351744,0.000359198,0.000367305,0.000375048,0.000381374,0.000385214,0.000385501,0.000381188,0.000371266,0.000354788,0.000330894,0.000298847,0.000258074,0.000208207,0.000149138,8.10636e-05,4.52919e-06,-7.95329e-05,-0.000169783,-0.00026447,-0.000361452,-0.000456516,-0.000542669,-0.000611961,-0.000656279,-0.000668327,-0.000642877,-0.000577976,-0.00047558,-0.00034101,-0.000180942,0
0,-0.000187594,-0.000368058,-0.000534759,-0.000678721,-0.000789742,-0.000859916,-0.000885695,-0.000868344,-0.000813148,-0.00072796,-0.000621703,-0.000503165,-0.00038007,-0.000257503,-0.000138659,-2.6294e-05,7.73319e-05,0.000170476,0.000251912,0.000320916,0.00037723,0.000421027,0.000452858,0.000473608,0.000484439,0.000486736,0.000482052,0.000472046,0.000458427,0.000442891,0.000427059,0.000412426,0.000400308,0.000391805,0.000387775,0.000388831,0.000395344,0.000407474,0.000425213,0.00044843,0.000476925,0.000510476,0.000548873,0.000591934,0.000639498,0.000691382,0.000747317,0.000806847,0.000869228,0.000933361,0.000997779,0.00106072,0.00112025,0.00117442,0.00122143,0.00125973,0.00128814,0.00130579,0.00131219,0.00130714,0.00129079,0.0012636,0.00122637,0.00118028,0.00112685,0.00106785,0.00100524,0.00094094,0.000876716,0.000814021,0.000753929,0.000697135,0.000644019,0.000594758,0.000549435,0.000508132,0.000470977,0.000438156,0.000409885,0.000386376,0.000367788,0.000354185,0.000345498,0.000341503,0.000341802,0.00034583,0.000352867,0.000362055,0.00037243,0.000382948,0.000392513,0.000400006,0.000404306,0.000404308,0.000398949,0.000387223,0.000368208,0.000341094,0.000305218,0.000260103,0.000205504,0.000141455,6.83108e-05,-1.32098e-05,-0.000101995,-0.000196523,-0.000294868,-0.000394725,-0.00049168,-0.000578501,-0.000647029,-0.000689045,-0.00069733,-0.000666946,-0.000596433,-0.000488352,-0.000348606,-0.000184265,0
0,-0.000186935,-0.000368521,-0.000538397,-0.000687452,-0.000804957,-0.000882243,-0.000914932,-0.000903573,-0.000852951,-0.00077068,-0.000665674,-0.00054686,-0.000422169,-0.000296871,-0.000174318,-5.74456e-05,5.12936e-05,0.000149954,0.000237104,0.000311819,0.000373647,0.000422583,0.000459022,0.000483717,0.000497725,0.000502364,0.000499147,0.000489732,0.000475859,0.000459282,0.00044171,0.000424744,0.000409819,0.000398164,0.000390763,0.000388344,0.00039138,0.000400106,0.000414554,0.000434597,0.000459997,0.000490451,0.000525628,0.000565185,0.000608775,0.000656019,0.000706464,0.000759525,0.00081442,0.000870143,0.000925457,0.000978947,0.0010291,0.00107442,0.00111352,0.00114521,0.00116856,0.00118289,0.00118781,0.00118317,0.00116909,0.00114594,0.00111437,0.0010753,0.0010299,0.000979538,0.000925712,0.000869924,0.000813581,0.000757903,0.000703871,0.00065222,0.000603478,0.000558025,0.00051616,0.000478161,0.000444308,0.000414889,0.000390179,0.000370407,0.000355717,0.000346128,0.000341503,0.000341533,0.000345728,0.000353422,0.000363789,0.000375875,0.00038862,0.000400898,0.000411542,0.000419379,0.000423248,0.000422031,0.000414667,0.000400178,0.000377694,0.000346481,0.000305975,0.000255823,0.000195922,0.000126467,4.79875e-05,-3.86151e-05,-0.000132042,-0.000230589,-0.000332157,-0.000434282,-0.00053236,-0.00061893,-0.00068566,-0.000724289,-0.000727756,-0.000691512,-0.000614684,-0.000500509,-0.000355505,-0.000187117,0
0,-0.000185292,-0.000367213,-0.000539778,-0.000693815,-0.000818103,-0.000903187,-0.000943793,-0.000939652,-0.000894942,-0.000816938,-0.000714461,-0.000596522,-0.000471234,-0.000344031,-0.000218408,-9.74675e-05,1.61499e-05,0.000120296,0.000213331,0.000294114,0.000361989,0.000416749,0.000458608,0.000488158,0.000506323,0.000514317,0.000513587,0.000505757,0.000492569,0.000475814,0.000457267,0.000438621,0.000421421,0.000407018,0.000396523,0.000390786,0.000390385,0.000395643,0.000406651,0.000423304,0.000445353,0.000472442,0.000504152,0.000540025,0.000579575,0.000622285,0.000667577,0.000714786,0.000763125,0.00081167,0.000859364,0.00090505,0.000947532,0.000985642,0.00101831,0.00104461,0.00106382,0.00107542,0.00107909,0.00107472,0.00106242,0.00104247,0.0010154,0.000981926,0.000942957,0.000899561,0.0008529,0.000804168,0.000754509,0.000704967,0.000656441,0.000609679,0.000565296,0.000523806,0.000485659,0.00045127,0.000421033,0.00039531,0.000374416,0.000358582,0.000347922,0.000342399,0.000341802,0.000345728,0.000353586,0.000364604,0.000377852,0.000392276,0.000406729,0.000420008,0.000430891,0.000438163,0.000440648,0.000437233,0.000426887,0.000408686,0.00038184,0.000345715,0.000299874,0.000244107,0.000178475,0.000103346,1.9435e-05,-7.21669e-05,-0.000169973,-0.0002721,-0.000376279,-0.000479903,-0.000578183,-0.000663455,-0.000727256,-0.000761354,-0.000758935,-0.00071594,-0.00063217,-0.000511606,-0.0003614,-0.000189342,0
0,-0.000182543,-0.000363873,-0.000538489,-0.000697238,-0.00082846,-0.000921909,-0.000971362,-0.00097564,-0.000938204,-0.000865882,-0.000767313,-0.000651534,-0.000526802,-0.000398692,-0.000270821,-0.000146444,-2.83797e-05,8.10267e-05,0.000179924,0.000266954,0.00034124,0.000402362,0.000450329,0.000485546,0.000508778,0.000521102,0.000523866,0.000518629,0.000507104,0.000491094,0.000472414,0.00045283,0.000433986,0.000417346,0.000404145,0.000395356,0.000391673,0.000393517,0.000401054,0.000414225,0.000432791,0.000456376,0.000484506,0.000516645,0.000552213,0.000590593,0.000631126,0.000673101,0.000715736,0.000758176,0.000799502,0.00083875,0.000874955,0.000907194,0.000934629,0.000956546,0.00097238,0.000981723,0.000984333,0.000980131,0.000969195,0.000951772,0.000928267,0.000899249,0.000865434,0.000827661,0.000786856,0.000743982,0.000699997,0.000655808,0.000612249,0.000570067,0.000529929,0.000492437,0.000458141,0.000427553,0.000401138,0.000379309,0.000362395,0.000350609,0.000344023,0.00034253,0.00034583,0.000353422,0.000364604,0.000378495,0.000394064,0.000410161,0.000425559,0.000438992,0.000449196,0.00045494,0.000455053,0.000448453,0.000434166,0.00041135,0.00037932,0.00033757,0.00028581,0.000223993,0.000152357,7.14561e-05,-1.78037e-05,-0.000114141,-0.000215885,-0.000320977,-0.000426993,-0.000531191,-0.00062862,-0.000711435,-0.000771101,-0.000799487,-0.000790123,-0.000739537,-0.000648296,-0.000521177,-0.000365972,-0.000190779,0
0,-0.00017858,-0.000358261,-0.000534134,-0.000697162,-0.000835307,-0.000937549,-0.000996678,-0.00101052,-0.00098171,-0.000916523,-0.000823324,-0.000711101,-0.000588209,-0.000460343,-0.000331215,-0.000204213,-8.23221e-05,3.19246e-05,0.000136469,0.000229734,0.000310617,0.000378471,0.000433085,0.000474657,0.000503763,0.000521318,0.000528538,0.000526884,0.000518012,0.0005037,0.000485783,0.000466075,0.000446302,0.000428029,0.00041261,0.000401139,0.000394435,0.000393026,0.00039717,0.000406873,0.000421935,0.000441983,0.000466525,0.000494978,0.000526701,0.000561015,0.00059721,0.000634544,0.000672247,0.000709518,0.000745541,0.000779494,0.00081058,0.000838055,0.000861255,0.000879619,0.000892705,0.000900199,0.000901914,0.000897793,0.000887905,0.00087245,0.000851754,0.000826273,0.000796578,0.000763344,0.000727324,0.00068932,0.000650151,0.000610628,0.000571533,0.000533606,0.000497546,0.00046401,0.000433611,0.00040692,0.000384448,0.000366622,0.000353764,0.000346052,0.000343493,0.000345898,0.000352867,0.000363789,0.000377852,0.000394064,0.000411294,0.000428305,0.000443802,0.000456475,0.000465038,0.000468265,0.000465017,0.00045427,0.000435135,0.000406879,0.000368947,0.000320984,0.000262864,0.000194721,0.000116979,3.03858e-05,-6.39619e-05,-0.000164595,-0.000269662,-0.000376942,-0.000483868,-0.000587582,-0.000682986,-0.000762096,-0.000816363,-0.000837841,-0.000820503,-0.000761567,-0.000662441,-0.000528743,-0.000368903,-0.00019127,0
0,-0.000173312,-0.000350167,-0.000526355,-0.000693055,-0.000837936,-0.000949239,-0.00101874,-0.00104321,-0.00102434,-0.000967757,-0.000881439,-0.000774251,-0.000654599,-0.000528257,-0.000399012,-0.000270363,-0.000145443,-2.69614e-05,8.28242e-05,0.00018212,0.000269596,0.000344373,0.000406007,0.000454472,0.000490132,0.000513715,0.000526276,0.000529147,0.000523892,0.000512239,0.000496007,0.000477038,0.000457114,0.00043789,0.000420825,0.000407138,0.000397768,0.000393365,0.00039429,0.000400636,0.000412261,0.000428829,0.000449852,0.000474733,0.000502802,0.000533344,0.000565616,0.000598863,0.000632325,0.000665243,0.000696871,0.000726491,0.000753426,0.00077706,0.000796855,0.000812362,0.000823233,0.000829222,0.000830187,0.00082609,0.000816992,0.000803061,0.000784566,0.000761878,0.000735468,0.000705892,0.000673784,0.000639832,0.00060476,0.00056931,0.000534225,0.000500239,0.000468067,0.000438399,0.000411883,0.000389121,0.000370634,0.000356844,0.000348038,0.000344337,0.000345668,0.000351744,0.000362055,0.000375875,0.000392276,0.000410161,0.000428305,0.000445396,0.00046009,0.000471049,0.000476992,0.000476721,0.000469157,0.000453363,0.000428559,0.000394147,0.000349725,0.000295106,0.000230348,0.000155772,7.19977e-05,-2.00343e-05,-0.000119036,-0.000223356,-0.000330975,-0.000439519,-0.000546294,-0.000648345,-0.000740455,-0.000814542,-0.000862111,-0.000875495,-0.00084921,-0.000781259,-0.000673969,-0.000533827,-0.000369878,-0.000190663,0
0,-0.000166669,-0.000339418,-0.000514839,-0.000684435,-0.000835679,-0.000956129,-0.00103655,-0.00107258,-0.00106491,-0.00101837,-0.000940469,-0.000839856,-0.000724926,-0.000601502,-0.000473409,-0.000344237,-0.000217247,-9.53106e-05,1.91268e-05,0.000124062,0.000217937,0.00029964,0.000368486,0.000424212,0.000466957,0.000497237,0.000515918,0.000524176,0.000523453,0.000515391,0.000501768,0.000484421,0.000465169,0.000445732,0.000427667,0.000412305,0.000400709,0.000393655,0.00039162,0.0003948,0.000403135,0.000416344,0.000433975,0.000455445,0.000480078,0.000507145,0.000535892,0.000565556,0.000595386,0.000624652,0.000652659,0.000678756,0.000702351,0.000722916,0.00074,0.000753237,0.000762343,0.000767125,0.000767474,0.000763365,0.000754859,0.0007421,0.000725318,0.000704828,0.000681031,0.000654405,0.000625502,0.000594935,0.000563364,0.000531485,0.000500016,0.000469684,0.000441211,0.000415301,0.000392616,0.000373759,0.000359241,0.000349448,0.000344612,0.000344777,0.000349771,0.000359198,0.00037243,0.00038862,0.000406729,0.000425559,0.000443802,0.00046009,0.000473045,0.00048133,0.000483688,0.00047898,0.000466214,0.000444563,0.000413385,0.000372236,0.000320885,0.000259333,0.000187826,0.000106886,1.7325e-05,-7.97212e-05,-0.000182779,-0.000290025,-0.000399279,-0.000508033,-0.000613481,-0.000712594,-0.000800063,-0.000867763,-0.000907327,-0.000911463,-0.000875336,-0.000797827,-0.000682245,-0.000535959,-0.000368598,-0.000188814,0
0,-0.00015861,-0.000325891,-0.000499334,-0.000670878,-0.000827917,-0.000957403,-0.00104911,-0.0010975,-0.00110218,-0.00106707,-0.000999112,-0.000906641,-0.000797977,-0.000678947,-0.000553385,-0.000424942,-0.000296986,-0.000172533,-5.42053e-05,5.57938e-05,0.000155688,0.000244129,0.000320193,0.000383371,0.000433562,0.000471054,0.000496504,0.000510905,0.000515546,0.000511954,0.000501834,0.000486991,0.000469249,0.000450377,0.000432008,0.000415576,0.000402265,0.000392976,0.000388313,0.000388586,0.000393837,0.000403864,0.000418274,0.000436519,0.000457943,0.000481825,0.000507408,0.000533933,0.000560657,0.000586868,0.000611903,0.000635157,0.000656088,0.000674228,0.000689184,0.000700643,0.000708368,0.000712201,0.000712057,0.000707924,0.000699863,0.000688005,0.000672556,0.000653796,0.000632082,0.000607844,0.000581583,0.000553866,0.000525315,0.000496598,0.000468417,0.000441491,0.000416543,0.000394275,0.000375342,0.000360328,0.000349707,0.000343809,0.000342788,0.00034659,0.000354935,0.000367305,0.000382948,0.000400898,0.000420008,0.000438992,0.000456475,0.000471049,0.00048133,0.000486,0.000483859,0.000473851,0.000455094,0.000426899,0.00038878,0.000340468,0.000281919,0.000213326,0.000135138,4.80717e-05,-4.68609e-05,-0.000148337,-0.000254705,-0.000363974,-0.000473824,-0.000581621,-0.000684472,-0.000779294,-0.000860723,-0.000920648,-0.000950915,-0.00094471,-0.00089795,-0.000810482,-0.000686646,-0.000534697,-0.000364788,-0.000185596,0
0,-0.000149122,-0.000309518,-0.000479661,-0.000652046,-0.000814114,-0.000952308,-0.00105545,-0.00111683,-0.00113486,-0.0011125,-0.00105596,-0.0009732,-0.000872378,-0.000759279,-0.00063771,-0.000511354,-0.000383663,-0.000257778,-0.000136481,-2.21637e-05,8.31855e-05,0.00017799,0.000261085,0.000331716,0.000389533,0.000434585,0.000467301,0.000488468,0.000499198,0.000500875,0.000495097,0.000483608,0.000468211,0.000450696,0.000432752,0.000415901,0.000401439,0.000390391,0.000383491,0.000381175,0.0003836,0.000390664,0.000402052,0.000417273,0.000435713,0.000456674,0.000479414,0.000503181,0.00052724,0.000550893,0.000573494,0.000594463,0.000613289,0.000629536,0.000642848,0.000652942,0.000659612,0.000662721,0.000662203,0.000658054,0.000650338,0.000639181,0.000624779,0.000607392,0.000587356,0.000565075,0.000541024,0.000515746,0.000489843,0.000463969,0.000438815,0.000415095,0.00039352,0.000374779,0.000359504,0.000348236,0.000341392,0.000339225,0.000341791,0.000348927,0.000360227,0.000375048,0.000392513,0.000411542,0.000430891,0.000449196,0.000465038,0.000476992,0.000483688,0.000483859,0.000476383,0.000460315,0.000434907,0.000399626,0.000354162,0.000298432,0.000232588,0.000157027,7.23955e-05,-2.03876e-05,-0.000120119,-0.000225293,-0.000334088,-0.00044436,-0.000553655,-0.000659239,-0.000758147,-0.000847271,-0.000921233,-0.000971998,-0.000991722,-0.000974171,-0.000916117,-0.000818453,-0.000686585,-0.000529632,-0.000358203,-0.000180901,0
0,-0.000138227,-0.000290294,-0.000455731,-0.000627699,-0.000793828,-0.000940178,-0.00105468,-0.00112946,-0.00116169,-0.00115325,-0.00110954,-0.00103801,-0.000946611,-0.000841012,-0.000724959,-0.000602135,-0.000476048,-0.000349943,-0.000226744,-0.000109017,1.04898e-06,0.000101657,0.000191408,0.000269299,0.000334734,0.00038751,0.000427818,0.000456224,0.000473636,0.000481271,0.000480593,0.000473252,0.000461004,0.000445629,0.000428851,0.000412261,0.000397253,0.000384969,0.000376273,0.000371735,0.000371634,0.000375986,0.00038457,0.000396975,0.000412644,0.00043092,0.000451088,0.000472412,0.000494167,0.000515663,0.000536263,0.000555397,0.000572567,0.000587355,0.000599417,0.000608488,0.000614378,0.000616961,0.000616182,0.000612046,0.000604619,0.000594031,0.000580474,0.000564206,0.000545556,0.000524919,0.000502765,0.000479628,0.000456104,0.00043284,0.000410522,0.000389853,0.000371527,0.000356206,0.000344479,0.00033683,0.000333597,0.000334936,0.000340795,0.000350883,0.000364667,0.000381374,0.000400006,0.000419379,0.000438163,0.00045494,0.000468265,0.000476721,0.00047898,0.000473851,0.000460315,0.000437558,0.000404989,0.000362246,0.000309207,0.000245985,0.000172934,9.06517e-05,-1.18708e-08,-9.79438e-05,-0.000201754,-0.000309759,-0.000419977,-0.000530124,-0.000637628,-0.000739668,-0.000833237,-0.000915226,-0.000980288,-0.00102054,-0.00102855,-0.000998766,-0.000928915,-0.000821005,-0.000681523,-0.000520412,-0.000348647,-0.000174647,0
0,-0.000125984,-0.000268289,-0.000427551,-0.000597713,-0.000766744,-0.000920458,-0.00104601,-0.00113435,-0.00118141,-0.00118789,-0.0011583,-0.00109947,-0.00101903,-0.000922502,-0.000813525,-0.000695742,-0.000572689,-0.000447688,-0.000323786,-0.000203709,-8.98302e-05,1.58431e-05,0.000111683,0.00019645,0.000269296,0.000329769,0.000377814,0.000413758,0.000438295,0.000452447,0.00045752,0.000455043,0.000446691,0.00043421,0.000419332,0.000403693,0.000388767,0.000375805,0.000365794,0.000359436,0.000357146,0.000359062,0.000365077,0.000374874,0.000387971,0.000403766,0.000421584,0.000440714,0.000460444,0.000480093,0.000499026,0.000516674,0.000532541,0.000546209,0.000557337,0.000565665,0.000571003,0.000573234,0.000572306,0.000568229,0.000561076,0.000550983,0.00053815,0.000522839,0.000505386,0.000486193,0.000465733,0.000444544,0.000423224,0.000402421,0.000382812,0.000365085,0.00034991,0.000337906,0.000329605,0.000325415,0.000325579,0.000330145,0.000338933,0.000351523,0.00036725,0.000385214,0.000404306,0.000423248,0.000440648,0.000455053,0.000465017,0.000469157,0.000466214,0.000455094,0.000434907,0.000404989,0.000364918,0.000314518,0.000253861,0.000183259,0.000103269,1.46903e-05,-8.14311e-05,-0.000183792,-0.000290822,-0.00040067,-0.000511202,-0.000620006,-0.000724409,-0.000821525,-0.000908325,-0.000981738,-0.00103649,-0.00106495,-0.00106018,-0.00101743,-0.000935463,-0.000817463,-0.000670992,-0.000506751,-0.000335976,-0.000166786,0
0,-0.000112492,-0.000243648,-0.000395241,-0.0005621,-0.000732688,-0.000892736,-0.00102873,-0.00113054,-0.00119281,-0.00121501,-0.00120066,-0.00115587,-0.00108787,-0.00100196,-0.000901629,-0.000790439,-0.000671918,-0.000549442,-0.000426158,-0.000304929,-0.0001883,-7.84735e-05,2.27065e-05,0.000113768,0.000193621,0.000261566,0.000317296,0.000360896,0.000392829,0.000413907,0.000425254,0.000428252,0.000424468,0.000415583,0.000403308,0.000389301,0.000375096,0.000362033,0.000351215,0.000343473,0.000339357,0.000339138,0.000342831,0.000350227,0.000360934,0.000374421,0.000390063,0.000407185,0.000425096,0.000443122,0.00046063,0.000477049,0.000491873,0.000504678,0.000515116,0.000522919,0.000527895,0.000529924,0.000528954,0.000525001,0.000518146,0.000508533,0.000496373,0.000481945,0.000465596,0.000447744,0.000428875,0.000409538,0.000390337,0.000371919,0.000354951,0.000340099,0.000327997,0.000319208,0.000314194,0.000313269,0.000316571,0.000324022,0.000335314,0.000349891,0.00036696,0.000385501,0.000404308,0.000422031,0.000437233,0.000448453,0.00045427,0.000453363,0.000444563,0.000426899,0.000399626,0.000362246,0.000314518,0.000256457,0.000188329,0.000110649,2.41713e-05,-7.01094e-05,-0.000170956,-0.000276883,-0.000386146,-0.000496737,-0.000606382,-0.00071255,-0.000812487,-0.000903265,-0.000981863,-0.00104528,-0.00108838,-0.00110386,-0.00108539,-0.00102912,-0.000934944,-0.000807238,-0.000654616,-0.000488452,-0.000320115,-0.000157302,0
0,-9.78909e-05,-0.000216598,-0.00035904,-0.000521018,-0.000691652,-0.000856766,-0.00100232,-0.0011172,-0.00119477,-0.00123325,-0.00123505,-0.00120549,-0.00115129,-0.00107748,-0.000987339,-0.000884306,-0.000771868,-0.000653419,-0.000532177,-0.000411124,-0.000292957,-0.000180056,-7.44672e-05,2.21172e-05,0.000108374,0.000183361,0.000246524,0.000297702,0.000337119,0.000365364,0.000383361,0.000392319,0.000393674,0.000389012,0.000379994,0.000368275,0.00035542,0.000342843,0.000331745,0.000323078,0.000317524,0.000315489,0.000317118,0.000322321,0.000330807,0.000342129,0.000355727,0.000370971,0.000387197,0.000403746,0.000419989,0.000435347,0.000449307,0.000461428,0.000471352,0.000478797,0.00048356,0.000485517,0.000484613,0.000480868,0.000474368,0.00046527,0.000453801,0.000440258,0.000425007,0.000408485,0.000391195,0.0003737,0.00035661,0.000340566,0.000326221,0.000314208,0.000305113,0.000299434,0.000297543,0.000299653,0.000305781,0.000315722,0.000329032,0.000345025,0.000362784,0.000381188,0.000398949,0.000414667,0.000426887,0.000434166,0.000435135,0.000428559,0.000413385,0.00038878,0.000354162,0.000309207,0.000253861,0.000188329,0.000113075,2.88061e-05,-6.35304e-05,-0.000162752,-0.00026744,-0.000375933,-0.000486325,-0.000596458,-0.000703929,-0.000806109,-0.00090018,-0.000983196,-0.00105218,-0.00110424,-0.00113444,-0.00113589,-0.00110299,-0.00103287,-0.000926635,-0.000789852,-0.000632134,-0.000465417,-0.000301063,-0.000146225,0
0,-8.23615e-05,-0.000187449,-0.000319306,-0.000474784,-0.000643812,-0.000812495,-0.00096645,-0.00109367,-0.00118631,-0.00124131,-0.00125993,-0.00124658,-0.0012074,-0.00114706,-0.00106859,-0.000975267,-0.000870486,-0.000757624,-0.000639942,-0.00052051,-0.000402154,-0.000287417,-0.000178527,-7.73809e-05,1.44772e-05,9.58722e-05,0.00016601,0.000224485,0.000271279,0.000306749,0.000331606,0.000346868,0.000353812,0.000353905,0.00034873,0.000339907,0.000329009,0.000317496,0.000306652,0.000297535,0.00029095,0.000287437,0.000287272,0.000290491,0.000296916,0.000306196,0.000317846,0.000331291,0.000345907,0.000361056,0.000376117,0.000390508,0.000403704,0.000415252,0.000424776,0.000431979,0.000436646,0.000438642,0.000437909,0.000434468,0.000428413,0.000419913,0.000409213,0.000396627,0.000382544,0.000367422,0.000351779,0.00033619,0.000321265,0.000307638,0.000295933,0.000286745,0.000280596,0.000277904,0.000278945,0.000283816,0.00029241,0.000304389,0.000319178,0.000335967,0.000353733,0.000371266,0.000387223,0.000400178,0.000408686,0.00041135,0.000406879,0.000394147,0.000372236,0.000340468,0.000298432,0.000245985,0.000183259,0.000110649,2.88061e-05,-6.13758e-05,-0.000158767,-0.000262007,-0.000369505,-0.000479435,-0.000589738,-0.000698119,-0.000802062,-0.000898855,-0.00098564,-0.00105949,-0.0011175,-0.00115693,-0.00117311,-0.00115968,-0.00111184,-0.00102782,-0.000909939,-0.000764966,-0.000603424,-0.00043767,-0.000278909,-0.000133628,0
0,-6.61227e-05,-0.000156593,-0.000276527,-0.000423881,-0.000589541,-0.000760087,-0.000920982,-0.00105948,-0.00116661,-0.00123805,-0.00127383,-0.00127741,-0.00125426,-0.00120862,-0.00114321,-0.0010611,-0.00096555,-0.000859874,-0.000747339,-0.000631076,-0.000514012,-0.000398826,-0.00028791,-0.000183348,-8.68877e-05,7.75333e-08,7.65228e-05,0.000141805,0.000195665,0.000238227,0.000269975,0.000291723,0.000304568,0.000309835,0.000308999,0.000303616,0.000295239,0.00028535,0.000275289,0.000266203,0.000259008,0.000254369,0.000252694,0.000254146,0.000258667,0.000266011,0.00027578,0.000287468,0.000300499,0.000314266,0.000328163,0.000341611,0.000354079,0.000365102,0.000374286,0.00038132,0.000385973,0.000388101,0.000387642,0.000384614,0.000379121,0.000371343,0.000361538,0.000350043,0.000337265,0.000323678,0.000309815,0.000296254,0.000283601,0.000272468,0.000263446,0.000257072,0.000253797,0.000253948,0.000257692,0.000265007,0.000275655,0.000289171,0.000304855,0.000321788,0.000338856,0.000354788,0.000368208,0.000377694,0.00038184,0.00037932,0.000368947,0.000349725,0.000320885,0.000281919,0.000232588,0.000172934,0.000103269,2.41713e-05,-6.35304e-05,-0.000158767,-0.000260238,-0.000366417,-0.000475552,-0.000585665,-0.000694556,-0.000799808,-0.000898809,-0.000988788,-0.00106688,-0.00113019,-0.00117596,-0.00120163,-0.00120287,-0.00117392,-0.00111092,-0.00101323,-0.000884422,-0.000732411,-0.000568517,-0.000405364,-0.000253834,-0.000119636,0
0,-4.94287e-05,-0.000124495,-0.000231308,-0.000368958,-0.00052942,-0.000699942,-0.000866043,-0.00101442,-0.00113509,-0.00122249,-0.00127544,-0.00129637,-0.00128999,-0.00126007,-0.00120897,-0.00113949,-0.0010547,-0.000957814,-0.000852065,-0.000740602,-0.000626422,-0.000512314,-0.000400809,-0.000294153,-0.000194278,-0.000102781,-2.09029e-05,5.04869e-05,0.000110897,0.000160214,0.000198694,0.000226936,0.000245842,0.000256567,0.000260458,0.000258977,0.000253628,0.000245884,0.000237117,0.00022854,0.000221163,0.000215763,0.000212874,0.000212786,0.000215564,0.000221073,0.000229013,0.000238956,0.000250388,0.000262743,0.000275442,0.000287915,0.000299634,0.000310124,0.00031898,0.000325876,0.00033057,0.000332907,0.000332818,0.000330324,0.000325531,0.000318629,0.000309891,0.000299667,0.000288381,0.000276517,0.000264614,0.000253245,0.000243001,0.000234461,0.000228167,0.000224591,0.000224098,0.000226914,0.00023309,0.000242482,0.000254726,0.000269234,0.000285197,0.000301602,0.00031727,0.000330894,0.000341094,0.000346481,0.000345715,0.00033757,0.000320984,0.000295106,0.000259333,0.000213326,0.000157027,9.06517e-05,1.46903e-05,-7.01094e-05,-0.000162752,-0.000262007,-0.000366417,-0.000474302,-0.000583764,-0.000692686,-0.000798744,-0.000899417,-0.00099202,-0.00107375,-0.00114177,-0.00119328,-0.00122566,-0.00123661,-0.00122221,-0.00117742,-0.00109933,-0.000988539,-0.00084984,-0.00069221,-0.000527625,-0.000368795,-0.000226119,-0.000104421,0
0,-3.25634e-05,-9.16879e-05,-0.000184366,-0.000310823,-0.000464235,-0.000632707,-0.000802029,-0.000958538,-0.0010914,-0.00119388,-0.00126362,-0.00130196,-0.00131279,-0.00129936,-0.00126362,-0.00120804,-0.00113547,-0.00104895,-0.000951645,-0.000846672,-0.000737063,-0.000625681,-0.000515167,-0.000407904,-0.000305986,-0.00021119,-0.000124955,-4.83645e-05,1.78678e-05,7.33996e-05,0.000118257,0.000152815,0.000177771,0.000194094,0.000202974,0.000205756,0.000203864,0.000198734,0.000191739,0.000184135,0.000177003,0.000171216,0.000167423,0.000166034,0.000167238,0.000171015,0.000177171,0.000185367,0.000195162,0.000206043,0.000217468,0.00022889,0.000239791,0.000249696,0.000258195,0.000264952,0.000269714,0.000272319,0.000272693,0.000270854,0.000266913,0.000261065,0.000253593,0.000244856,0.000235284,0.000225364,0.00021563,0.00020664,0.000198953,0.000193104,0.000189575,0.000188756,0.000190918,0.000196178,0.00020447,0.000215527,0.000228866,0.000243789,0.000259395,0.000274603,0.000288192,0.000298847,0.000305218,0.000305975,0.000299874,0.00028581,0.000262864,0.000230348,0.000187826,0.000135138,7.23955e-05,-1.18708e-08,-8.14311e-05,-0.000170956,-0.00026744,-0.000369505,-0.000475552,-0.000583764,-0.000692112,-0.000798359,-0.000900075,-0.000994662,-0.00107939,-0.00115147,-0.0012081,-0.00124664,-0.00126468,-0.0012602,-0.00122977,-0.0011691,-0.00107639,-0.000953418,-0.000806183,-0.000644606,-0.000481145,-0.000328409,-0.000196144,-8.8207e-05,0
0,-1.58333e-05,-5.87595e-05,-0.000136514,-0.000250434,-0.000394976,-0.000559278,-0.000729622,-0.000892209,-0.00103552,-0.0011518,-0.0012375,-0.0012929,-0.00132104,-0.00132455,-0.00130496,-0.00126438,-0.00120534,-0.00113071,-0.00104347,-0.000946707,-0.000843421,-0.000736511,-0.000628694,-0.000522461,-0.000420036,-0.000323356,-0.000234034,-0.00015335,-8.22273e-05,-2.12271e-05,2.94506e-05,6.99575e-05,0.000100773,0.00012267,0.000136662,0.000143949,0.00014585,0.000143731,0.000138942,0.000132747,0.000126275,0.000120478,0.0001161,0.000113665,0.000113478,0.000115639,0.000120061,0.000126505,0.000134612,0.000143937,0.000153988,0.000164253,0.000174235,0.000183469,0.000191548,0.000198133,0.000202968,0.000205883,0.000206802,0.000205741,0.000202808,0.000198204,0.000192212,0.000185192,0.000177571,0.00016983,0.000162481,0.000156054,0.000151063,0.000147986,0.000147226,0.000149086,0.000153731,0.000161167,0.00017121,0.000183477,0.000197378,0.000212121,0.000226736,0.000240097,0.000250974,0.000258074,0.000260103,0.000255823,0.000244107,0.000223993,0.000194721,0.000155772,0.000106886,4.80717e-05,-2.03876e-05,-9.79438e-05,-0.000183792,-0.000276883,-0.000375933,-0.000479435,-0.000585665,-0.000692686,-0.000798359,-0.000900348,-0.000996146,-0.00108311,-0.00115849,-0.00121956,-0.00126362,-0.00128821,-0.00129118,-0.00127084,-0.0012243,-0.00114814,-0.00104164,-0.000907788,-0.000753694,-0.000590074,-0.000429674,-0.000284799,-0.000164386,-7.12641e-05,0
0,4.41089e-07,-2.63352e-05,-8.8645e-05,-0.000188876,-0.000322822,-0.000480799,-0.000649801,-0.000816126,-0.00096778,-0.00109612,-0.00119653,-0.00126821,-0.00131332,-0.00133388,-0.00133094,-0.00130619,-0.00126184,-0.00120046,-0.00112487,-0.00103801,-0.000942822,-0.000842197,-0.000738882,-0.000635436,-0.000534189,-0.000437202,-0.000346243,-0.000262763,-0.000187877,-0.000122355,-6.66128e-05,-2.07207e-05,1.55816e-05,4.28563e-05,6.19274e-05,7.38294e-05,7.97472e-05,8.09522e-05,7.87354e-05,7.43449e-05,6.89293e-05,6.34914e-05,5.88544e-05,5.56409e-05,5.42658e-05,5.49422e-05,5.76967e-05,6.23944e-05,6.87684e-05,7.64534e-05,8.50196e-05,9.40048e-05,0.000102945,0.000111398,0.000118971,0.000125331,0.000130222,0.000133474,0.000135006,0.000134834,0.000133062,0.000129886,0.000125586,0.000120511,0.000115076,0.000109735,0.000104972,0.000101268,9.90806e-05,9.88126e-05,0.000100781,0.000105189,0.000112093,0.000121385,0.000132768,0.000145755,0.000159664,0.000173631,0.000186639,0.000197552,0.000205153,0.000208207,0.000205504,0.000195922,0.000178475,0.000152357,0.000116979,7.19977e-05,1.7325e-05,-4.68609e-05,-0.000120119,-0.000201754,-0.000290822,-0.000386146,-0.000486325,-0.000589738,-0.000694556,-0.000798744,-0.000900075,-0.000996146,-0.0010844,-0.00116219,-0.00122681,-0.00127561,-0.00130607,-0.00131596,-0.00130341,-0.00126714,-0.00120482,-0.00111395,-0.00099492,-0.00085187,-0.000692899,-0.000529339,-0.000374008,-0.000238702,-0.000131414,-5.39049e-05,0
0,1.59353e-05,4.9391e-06,-4.17015e-05,-0.000127336,-0.00024911,-0.000398641,-0.000563833,-0.000731323,-0.00088887,-0.00102713,-0.00114052,-0.00122724,-0.00128856,-0.00132586,-0.0013397,-0.00133133,-0.00130256,-0.00125564,-0.00119314,-0.00111782,-0.00103249,-0.000939982,-0.000843031,-0.000744225,-0.000645955,-0.000550379,-0.000459387,-0.00037458,-0.000297242,-0.000228334,-0.000168476,-0.000117955,-7.67274e-05,-4.44472e-05,-2.0493e-05,-4.01338e-06,6.0208e-06,1.07577e-05,1.14023e-05,9.15511e-06,5.15534e-06,4.31469e-07,-4.13743e-06,-7.84849e-06,-1.01892e-05,-1.08391e-05,-9.66081e-06,-6.68139e-06,-2.06723e-06,3.90559e-06,1.08831e-05,1.84652e-05,2.62357e-05,3.37896e-05,4.07565e-05,4.68203e-05,5.17336e-05,5.53294e-05,5.75275e-05,5.8338e-05,5.78605e-05,5.62805e-05,5.3862e-05,5.09364e-05,4.78884e-05,4.51377e-05,4.31173e-05,4.22493e-05,4.29174e-05,4.54379e-05,5.00311e-05,5.6793e-05,6.56714e-05,7.64469e-05,8.87208e-05,0.000101913,0.00011527,0.000127881,0.000138713,0.000146641,0.000150502,0.000149138,0.000141455,0.000126467,0.000103346,7.14561e-05,3.03858e-05,-2.00343e-05,-7.97212e-05,-0.000148337,-0.000225293,-0.000309759,-0.00040067,-0.000496737,-0.000596458,-0.000698119,-0.000799808,-0.000899417,-0.000994662,-0.00108311,-0.00116219,-0.0012293,-0.00128183,-0.00131726,-0.00133331,-0.00132801,-0.00129986,-0.00124796,-0.00117062,-0.00106628,-0.000936405,-0.000786208,-0.000624619,-0.000463371,-0.00031513,-0.000190989,-9.78738e-05,-3.64764e-05,0
0,3.03309e-05,3.44179e-05,3.34846e-06,-6.70713e-05,-0.000175312,-0.000314377,-0.000473262,-0.000639173,-0.000799869,-0.000945514,-0.00106973,-0.00116978,-0.00124608,-0.00129936,-0.00132972,-0.00133791,-0.00132532,-0.00129382,-0.00124568,-0.00118339,-0.0011096,-0.00102702,-0.000938309,-0.000846041,-0.000752627,-0.000660284,-0.000570992,-0.000486471,-0.000408154,-0.000337168,-0.000274325,-0.000220114,-0.000174707,-0.000137974,-0.000109502,-8.86368e-05,-7.45247e-05,-6.61642e-05,-6.24636e-05,-6.22991e-05,-6.45703e-05,-6.82513e-05,-7.24321e-05,-7.63507e-05,-7.94132e-05,-8.12024e-05,-8.14752e-05,-8.01509e-05,-7.72907e-05,-7.30734e-05,-6.77657e-05,-6.16931e-05,-5.52102e-05,-4.8673e-05,-4.24152e-05,-3.67271e-05,-3.18392e-05,-2.79097e-05,-2.50172e-05,-2.31559e-05,-2.22365e-05,-2.20904e-05,-2.24773e-05,-2.30977e-05,-2.36084e-05,-2.36416e-05,-2.28273e-05,-2.08188e-05,-1.7319e-05,-1.21081e-05,-5.07041e-06,3.78157e-06,1.42875e-05,2.61256e-05,3.88067e-05,5.16781e-05,6.39368e-05,7.46528e-05,8.28016e-05,8.73047e-05,8.70747e-05,8.10636e-05,6.83108e-05,4.79875e-05,1.9435e-05,-1.78037e-05,-6.39619e-05,-0.000119036,-0.000182779,-0.000254705,-0.000334088,-0.000419977,-0.000511202,-0.000606382,-0.000703929,-0.000802062,-0.000898809,-0.00099202,-0.00107939,-0.00115849,-0.00122681,-0.00128183,-0.00132108,-0.00134226,-0.00134335,-0.00132272,-0.00127926,-0.0012125,-0.00112136,-0.00100524,-0.000866643,-0.000711695,-0.000549972,-0.000393381,-0.0002542,-0.00014264,-6.44735e-05,-1.93516e-05,0
0,4.33269e-05,6.14769e-05,4.55431e-05,-9.36716e-06,-0.000102985,-0.000229743,-0.000379871,-0.000541367,-0.000702239,-0.000852399,-0.000984854,-0.00109607,-0.00118564,-0.00125371,-0.00129987,-0.00132441,-0.00132824,-0.00131283,-0.00128005,-0.0012321,-0.0011714,-0.00110045,-0.00102182,-0.000937978,-0.00085133,-0.000764103,-0.000678334,-0.000595827,-0.000518134,-0.000446528,-0.000381991,-0.000325201,-0.000276536,-0.000236075,-0.00020362,-0.000178722,-0.000160716,-0.000148768,-0.000141924,-0.000139163,-0.000139453,-0.000141799,-0.000145286,-0.000149119,-0.000152639,-0.000155348,-0.000156907,-0.00015713,-0.000155972,-0.00015351,-0.000149914,-0.000145425,-0.000140323,-0.000134903,-0.00012945,-0.000124218,-0.000119414,-0.00011518,-0.000111592,-0.000108648,-0.000106274,-0.000104324,-0.000102592,-0.000100821,-9.8722e-05,-9.59938e-05,-9.2343e-05,-8.75105e-05,-8.12963e-05,-7.35849e-05,-6.43682e-05,-5.37659e-05,-4.20403e-05,-2.96036e-05,-1.70186e-05,-4.98942e-06,5.65671e-06,1.39963e-05,1.90443e-05,1.97939e-05,1.52613e-05,4.52919e-06,-1.32098e-05,-3.86151e-05,-7.21669e-05,-0.000114141,-0.000164595,-0.000223356,-0.000290025,-0.000363974,-0.00044436,-0.000530124,-0.000620006,-0.00071255,-0.000806109,-0.000898855,-0.000988788,-0.00107375,-0.00115147,-0.00121956,-0.00127561,-0.00131726,-0.00134226,-0.00134857,-0.0013345,-0.00129879,-0.00124076,-0.00116035,-0.00105712,-0.000931389,-0.000786575,-0.000629572,-0.000470371,-0.000320799,-0.000192528,-9.47251e-05,-3.19639e-05,-2.9172e-06,0
0,5.46494e-05,8.55347e-05,8.39587e-05,4.44979e-05,-3.37333e-05,-0.000146591,-0.000285644,-0.00043988,-0.000597801,-0.000749324,-0.000887063,-0.00100685,-0.00110754,-0.00118873,-0.00124954,-0.00128978,-0.00130988,-0.00131084,-0.00129412,-0.00126157,-0.00121528,-0.00115753,-0.00109068,-0.0010171,-0.000939098,-0.000858883,-0.000778498,-0.000699804,-0.000624435,-0.000553784,-0.00048898,-0.000430871,-0.000380026,-0.000336729,-0.00030099,-0.00027257,-0.000251004,-0.000235638,-0.000225677,-0.00022023,-0.000218357,-0.000219123,-0.000221637,-0.00022509,-0.000228788,-0.000232166,-0.0002348,-0.000236409,-0.000236846,-0.000236081,-0.000234187,-0.000231307,-0.00022764,-0.000223408,-0.000218838,-0.000214138,-0.000209481,-0.000204992,-0.000200739,-0.000196727,-0.000192897,-0.000189135,-0.000185275,-0.000181117,-0.000176435,-0.000171007,-0.000164627,-0.000157134,-0.000148431,-0.00013851,-0.00012747,-0.000115533,-0.000103051,-9.05123e-05,-7.85336e-05,-6.78467e-05,-5.92771e-05,-5.37149e-05,-5.20793e-05,-5.52797e-05,-6.41748e-05,-7.95329e-05,-0.000101995,-0.000132042,-0.000169973,-0.000215885,-0.000269662,-0.000330975,-0.000399279,-0.000473824,-0.000553655,-0.000637628,-0.000724409,-0.000812487,-0.00090018,-0.00098564,-0.00106688,-0.00114177,-0.0012081,-0.00126362,-0.00130607,-0.00133331,-0.00134335,-0.0013345,-0.00130544,-0.00125533,-0.00118391,-0.00109156,-0.000978431,-0.000845694,-0.000697544,-0.000541427,-0.000387494,-0.000247246,-0.000131535,-4.83713e-05,-1.1145e-06,1.2438e-05,0
0,6.40612e-05,0.000106072,0.00011774,9.32958e-05,3.08443e-05,-6.68379e-05,-0.000192716,-0.000336925,-0.000488698,-0.00063822,-0.000777967,-0.000903338,-0.0010126,-0.00110481,-0.00117867,-0.00123352,-0.00126931,-0.00128653,-0.00128621,-0.00126977,-0.00123894,-0.00119571,-0.00114218,-0.00108054,-0.00101298,-0.000941616,-0.000868468,-0.000795403,-0.00072411,-0.000656067,-0.000592524,-0.000534477,-0.000482668,-0.00043757,-0.000399398,-0.000368119,-0.000343471,-0.000324994,-0.000312065,-0.000303943,-0.000299807,-0.000298805,-0.000300096,-0.000302889,-0.000306472,-0.000310235,-0.000313688,-0.000316466,-0.000318325,-0.000319135,-0.000318864,-0.00031756,-0.00031533,-0.000312317,-0.000308679,-0.000304572,-0.00030013,-0.000295454,-0.000290602,-0.000285586,-0.000280368,-0.000274868,-0.000268969,-0.000262533,-0.000255412,-0.000247467,-0.000238589,-0.00022872,-0.000217869,-0.000206134,-0.000193717,-0.000180929,-0.000168202,-0.000156078,-0.000145206,-0.000136322,-0.000130225,-0.000127744,-0.00012971,-0.000136912,-0.000150068,-0.000169783,-0.000196523,-0.000230589,-0.0002721,-0.000320977,-0.000376942,-0.000439519,-0.000508033,-0.000581621,-0.000659239,-0.000739668,-0.000821525,-0.000903265,-0.000983196,-0.00105949,-0.00113019,-0.00119328,-0.00124664,-0.00128821,-0.00131596,-0.00132801,-0.00132272,-0.00129879,-0.00125533,-0.00119194,-0.00110879,-0.00100666,-0.0008863,-0.000749584,-0.00060129,-0.000449165,-0.000303256,-0.00017449,-7.27229e-05,-4.72654e-06,2.73118e-05,2.63369e-05,0
0,7.13703e-05,0.000122649,0.000146128,0.000135888,8.92032e-05,7.59136e-06,-0.00010331,-0.000234896,-0.000377338,-0.000521352,-0.000659565,-0.000787214,-0.000902164,-0.00100293,-0.00108784,-0.00115579,-0.00120623,-0.00123918,-0.00125517,-0.00125517,-0.0012405,-0.0012128,-0.00117386,-0.00112565,-0.00107015,-0.00100937,-0.000945227,-0.000879573,-0.000814106,-0.000750356,-0.000689662,-0.000633143,-0.000581689,-0.000535949,-0.000496327,-0.000462988,-0.000435876,-0.000414726,-0.000399101,-0.000388422,-0.000382009,-0.000379116,-0.000378979,-0.000380847,-0.000384016,-0.000387856,-0.000391829,-0.000395501,-0.000398543,-0.000400731,-0.000401935,-0.000402103,-0.000401251,-0.000399435,-0.000396744,-0.000393272,-0.00038911,-0.000384332,-0.000378985,-0.000373087,-0.000366621,-0.000359548,-0.000351804,-0.000343319,-0.000334026,-0.000323876,-0.000312862,-0.000301026,-0.000288484,-0.000275433,-0.000262165,-0.000249072,-0.000236641,-0.000225452,-0.000216162,-0.000209487,-0.000206171,-0.000206965,-0.000212586,-0.000223691,-0.00024084,-0.00026447,-0.000294868,-0.000332157,-0.000376279,-0.000426993,-0.000483868,-0.000546294,-0.000613481,-0.000684472,-0.000758147,-0.000833237,-0.000908325,-0.000981863,-0.00105218,-0.0011175,-0.00117596,-0.00122566,-0.00126468,-0.00129118,-0.00130341,-0.00129986,-0.00127926,-0.00124076,-0.00118391,-0.00110879,-0.00101601,-0.000906693,-0.000782202,-0.000644914,-0.00049992,-0.000354981,-0.000219765,-0.000104403,-1.76187e-05,3.5077e-05,5.25853e-05,3.84274e-05,0
0,7.64356e-05,0.000134922,0.000168487,0.00017126,0.000139899,7.48172e-05,-1.96818e-05,-0.000136309,-0.000266333,-0.000401252,-0.000534152,-0.000660468,-0.000778054,-0.000884643,-0.000978264,-0.0010574,-0.00112105,-0.00116874,-0.00120051,-0.00121685,-0.00121864,-0.00120711,-0.00118372,-0.00115012,-0.00110808,-0.0010594,-0.0010059,-0.000949338,-0.000891386,-0.000833592,-0.000777347,-0.000723864,-0.000674155,-0.000629021,-0.000589037,-0.000554558,-0.000525722,-0.000502461,-0.000484527,-0.000471517,-0.000462903,-0.000458069,-0.000456348,-0.000457054,-0.000459517,-0.000463109,-0.000467266,-0.000471504,-0.000475426,-0.000478724,-0.000481177,-0.000482643,-0.000483042,-0.000482349,-0.000480576,-0.000477756,-0.000473935,-0.000469155,-0.000463453,-0.000456849,-0.000449353,-0.000440965,-0.000431677,-0.00042149,-0.000410418,-0.000398506,-0.000385841,-0.000372568,-0.000358897,-0.000345115,-0.000331593,-0.000318779,-0.000307202,-0.000297453,-0.000290176,-0.00028604,-0.000285718,-0.000289857,-0.000299049,-0.000313803,-0.000334516,-0.000361452,-0.000394725,-0.000434282,-0.000479903,-0.000531191,-0.000587582,-0.000648345,-0.000712594,-0.000779294,-0.000847271,-0.000915226,-0.000981738,-0.00104528,-0.00110424,-0.00115693,-0.00120163,-0.00123661,-0.0012602,-0.00127084,-0.00126714,-0.00124796,-0.0012125,-0.00116035,-0.00109156,-0.00100666,-0.000906693,-0.000793076,-0.00066803,-0.000533943,-0.000395879,-0.000261308,-0.000139266,-3.89027e-05,3.22686e-05,6.99629e-05,7.40361e-05,4.83962e-05,0
0,7.91721e-05,0.00014265,0.000184322,0.000198557,0.000181629,0.000133056,5.59326e-05,-4.37495e-05,-0.000158451,-0.000280652,-0.000404189,-0.000525743,-0.000642443,-0.00075168,-0.000851165,-0.000939013,-0.0010138,-0.0010746,-0.00112097,-0.00115291,-0.00117085,-0.00117558,-0.00116818,-0.00114996,-0.00112239,-0.00108705,-0.00104559,-0.000999633,-0.00095078,-0.00090055,-0.000850349,-0.000801446,-0.000754944,-0.000711764,-0.000672632,-0.000638068,-0.000608394,-0.000583731,-0.000564017,-0.000549029,-0.000538403,-0.000531666,-0.000528268,-0.000527613,-0.000529087,-0.00053209,-0.000536057,-0.000540476,-0.0005449,-0.000548958,-0.00055235,-0.00055485,-0.000556297,-0.000556584,-0.000555651,-0.000553471,-0.000550042,-0.000545377,-0.000539499,-0.000532434,-0.000524215,-0.000514878,-0.000504475,-0.000493071,-0.000480761,-0.000467677,-0.000453996,-0.00043995,-0.000425833,-0.000412007,-0.000398898,-0.000386995,-0.00037684,-0.000369015,-0.000364125,-0.000362772,-0.000365537,-0.000372948,-0.00038546,-0.000403426,-0.000427079,-0.000456516,-0.00049168,-0.00053236,-0.000578183,-0.00062862,-0.000682986,-0.000740455,-0.000800063,-0.000860723,-0.000921233,-0.000980288,-0.00103649,-0.00108838,-0.00113444,-0.00117311,-0.00120287,-0.00122221,-0.00122977,-0.0012243,-0.00120482,-0.00117062,-0.00112136,-0.00105712,-0.000978431,-0.0008863,-0.000782202,-0.00066803,-0.000546063,-0.00041931,-0.000291913,-0.000170776,-6.40854e-05,2.01046e-05,7.55025e-05,9.89511e-05,9.10813e-05,5.59812e-05,0
0,7.95539e-05,0.000145711,0.000193298,0.000217109,0.000213276,0.000180669,0.000121365,4.01636e-05,-5.6596e-05,-0.000162484,-0.000273672,-0.000386841,-0.000498939,-0.000607166,-0.000709012,-0.00080231,-0.000885296,-0.000956641,-0.00101546,-0.00106132,-0.00109419,-0.00111441,-0.00112265,-0.00111985,-0.00110716,-0.00108588,-0.00105742,-0.00102324,-0.000984821,-0.000943596,-0.000900944,-0.000858142,-0.000816342,-0.000776547,-0.000739599,-0.000706157,-0.000676698,-0.000651516,-0.000630727,-0.00061428,-0.00060198,-0.000593507,-0.000588442,-0.000586295,-0.000586537,-0.000588618,-0.000591999,-0.000596166,-0.00060065,-0.000605035,-0.000608965,-0.000612149,-0.000614354,-0.000615406,-0.000615178,-0.00061359,-0.000610596,-0.00060618,-0.000600351,-0.00059314,-0.000584599,-0.000574802,-0.000563846,-0.000551861,-0.000539011,-0.000525501,-0.000511584,-0.000497563,-0.000483797,-0.000470697,-0.000458724,-0.000448378,-0.000440193,-0.000434714,-0.000432484,-0.00043402,-0.000439792,-0.000450202,-0.000465559,-0.000486062,-0.000511787,-0.000542669,-0.000578501,-0.00061893,-0.000663455,-0.000711435,-0.000762096,-0.000814542,-0.000867763,-0.000920648,-0.000971998,-0.00102054,-0.00106495,-0.00110386,-0.00113589,-0.00115968,-0.00117392,-0.00117742,-0.0011691,-0.00114814,-0.00111395,-0.00106628,-0.00100524,-0.000931389,-0.000845694,-0.000749584,-0.000644914,-0.000533943,-0.00041931,-0.000304046,-0.000191048,-8.61514e-05,3.43354e-06,7.07888e-05,0.000110775,0.000121199,0.000103251,6.09844e-05,0
0,7.76154e-05,0.000144099,0.000195256,0.000226458,0.00023394,0.000216202,0.000174558,0.000112802,3.6179e-05,-5.18954e-05,-0.000148257,-0.000249831,-0.000353672,-0.000456993,-0.000557216,-0.000652028,-0.000739439,-0.00081782,-0.000885938,-0.000942958,-0.000988437,-0.0010223,-0.00104481,-0.00105652,-0.00105822,-0.00105092,-0.00103574,-0.00101394,-0.000986803,-0.00095565,-0.000921772,-0.000886403,-0.000850694,-0.000815685,-0.000782285,-0.000751254,-0.000723192,-0.000698533,-0.000677547,-0.000660346,-0.000646893,-0.00063702,-0.000630449,-0.000626812,-0.000625678,-0.000626575,-0.000629015,-0.000632511,-0.000636598,-0.000640845,-0.000644866,-0.000648325,-0.00065094,-0.000652485,-0.000652783,-0.000651707,-0.000649176,-0.000645149,-0.000639623,-0.000632631,-0.00062424,-0.000614551,-0.000603704,-0.000591873,-0.000579279,-0.00056618,-0.000552885,-0.000539744,-0.000527153,-0.000515547,-0.000505391,-0.000497173,-0.000491388,-0.000488523,-0.000489039,-0.000493352,-0.000501814,-0.000514692,-0.000532154,-0.000554255,-0.000580925,-0.000611961,-0.000647029,-0.00068566,-0.000727256,-0.000771101,-0.000816363,-0.000862111,-0.000907327,-0.000950915,-0.000991722,-0.00102855,-0.00106018,-0.00108539,-0.00110299,-0.00111184,-0.00111092,-0.00109933,-0.00107639,-0.00104164,-0.00099492,-0.000936405,-0.000866643,-0.000786575,-0.000697544,-0.00060129,-0.00049992,-0.000395879,-0.000291913,-0.000191048,-9.65597e-05,-1.02859e-05,6.10056e-05,0.000111468,0.000136963,0.000136045,0.000110214,6.32829e-05,0
0,7.34519e-05,0.000137934,0.000190222,0.00022638,0.000242982,0.000238443,0.000213613,0.000171553,0.000114458,4.46925e-05,-3.52084e-05,-0.000122629,-0.000214941,-0.000309565,-0.000404028,-0.000496026,-0.000583486,-0.000664616,-0.000737941,-0.000802331,-0.000857003,-0.000901523,-0.000935778,-0.000959954,-0.000974498,-0.000980079,-0.000977544,-0.000967879,-0.000952163,-0.000931533,-0.000907145,-0.00088014,-0.000851612,-0.000822583,-0.000793979,-0.000766608,-0.000741149,-0.000718137,-0.000697962,-0.000680871,-0.000666965,-0.00065622,-0.000648493,-0.000643544,-0.000641053,-0.000640644,-0.000641902,-0.000644393,-0.000647687,-0.000651366,-0.000655041,-0.000658363,-0.000661025,-0.000662769,-0.000663386,-0.00066272,-0.000660663,-0.000657156,-0.000652186,-0.000645784,-0.000638028,-0.000629037,-0.000618974,-0.000608047,-0.000596506,-0.000584644,-0.000572793,-0.000561327,-0.000550646,-0.000541179,-0.000533369,-0.000527661,-0.000524491,-0.000524267,-0.000527353,-0.000534058,-0.000544611,-0.000559152,-0.000577722,-0.000600247,-0.000626536,-0.000656279,-0.000689045,-0.000724289,-0.000761354,-0.000799487,-0.000837841,-0.000875495,-0.000911463,-0.00094471,-0.000974171,-0.000998766,-0.00101743,-0.00102912,-0.00103287,-0.00102782,-0.00101323,-0.000988539,-0.000953418,-0.000907788,-0.00085187,-0.000786208,-0.000711695,-0.000629572,-0.000541427,-0.000449165,-0.000354981,-0.000261308,-0.000170776,-8.61514e-05,-1.02859e-05,5.39688e-05,0.000106494,0.000140693,0.000153199,0.000143049,0.000111801,6.28391e-05,0
0,6.72172e-05,0.00012746,0.000178416,0.00021692,0.000240075,0.000246486,0.000236863,0.00021182,0.000172517,0.000120518,5.76763e-05,-1.39585e-05,-9.22167e-05,-0.000174874,-0.000259717,-0.000344606,-0.000427539,-0.000506703,-0.000580524,-0.0006477,-0.000707219,-0.000758372,-0.000800748,-0.000834214,-0.000858899,-0.000875159,-0.000883548,-0.000884777,-0.000879683,-0.00086919,-0.000854274,-0.000835932,-0.00081515,-0.000792877,-0.000769999,-0.000747319,-0.000725539,-0.000705249,-0.000686914,-0.000670874,-0.000657342,-0.000646413,-0.000638065,-0.000632178,-0.000628548,-0.0006269,-0.00062691,-0.000628221,-0.000630458,-0.000633247,-0.000636225,-0.000639057,-0.000641438,-0.000643104,-0.000643837,-0.000643466,-0.000641872,-0.000638983,-0.00063478,-0.000629292,-0.000622598,-0.000614823,-0.00060614,-0.000596766,-0.000586959,-0.000577016,-0.00056727,-0.000558081,-0.000549828,-0.000542905,-0.000537704,-0.000534607,-0.000533972,-0.000536114,-0.0005413,-0.000549726,-0.000561511,-0.000576684,-0.000595177,-0.000616817,-0.000641329,-0.000668327,-0.00069733,-0.000727756,-0.000758935,-0.000790123,-0.000820503,-0.00084921,-0.000875336,-0.00089795,-0.000916117,-0.000928915,-0.000935463,-0.000934944,-0.000926635,-0.000909939,-0.000884422,-0.00084984,-0.000806183,-0.000753694,-0.000692899,-0.000624619,-0.000549972,-0.000470371,-0.000387494,-0.000303256,-0.000219765,-0.000139266,-6.40854e-05,3.43354e-06,6.10056e-05,0.000106494,0.000138029,0.000157342,0.000158933,0.000142037,0.000108029,5.97096e-05,0
0,5.91199e-05,0.000113044,0.000160266,0.000198414,0.000225257,0.000239825,0.000241358,0.000229822,0.000205688,0.000169843,0.000123502,6.81294e-05,5.3795e-06,-6.29703e-05,-0.000135077,-0.000209094,-0.000283225,-0.000355783,-0.000425237,-0.000490252,-0.000549719,-0.000602771,-0.000648794,-0.000687422,-0.000718527,-0.000742199,-0.00075872,-0.000768542,-0.000772253,-0.000770546,-0.000764191,-0.000754003,-0.000740817,-0.000725459,-0.000708722,-0.000691351,-0.000674016,-0.000657305,-0.000641709,-0.000627618,-0.000615313,-0.000604973,-0.000596672,-0.000590392,-0.000586034,-0.000583424,-0.000582333,-0.000582491,-0.0005836,-0.000585349,-0.000587427,-0.000589535,-0.000591399,-0.000592774,-0.00059345,-0.000593264,-0.000592095,-0.000589871,-0.000586568,-0.000582211,-0.000576874,-0.000570677,-0.000563784,-0.000556401,-0.000548771,-0.000541169,-0.000533899,-0.000527282,-0.000521651,-0.000517339,-0.000514671,-0.000513947,-0.000515439,-0.000519369,-0.000525906,-0.00053515,-0.000547126,-0.000561776,-0.000578956,-0.00059843,-0.000619874,-0.000642877,-0.000666946,-0.000691512,-0.00071594,-0.000739537,-0.000761567,-0.000781259,-0.000797827,-0.000810482,-0.000818453,-0.000821005,-0.000817463,-0.000807238,-0.000789852,-0.000764966,-0.000732411,-0.00069221,-0.000644606,-0.000590074,-0.000529339,-0.000463371,-0.000393381,-0.000320799,-0.000247246,-0.00017449,-0.000104403,-3.89027e-05,2.01046e-05,7.07888e-05,0.000111468,0.000140693,0.000157342,0.000160739,0.000154014,0.000133145,9.91168e-05,5.40504e-05,0
0,4.94149e-05,9.5164e-05,0.000136406,0.000171523,0.00019901,0.000217373,0.000225769,0.000223806,0.000211503,0.00018924,0.000157706,0.000117842,7.07969e-05,1.78783e-05,-3.94989e-05,-9.98607e-05,-0.000161724,-0.000223647,-0.000284272,-0.000342366,-0.000396856,-0.000446847,-0.000491642,-0.000530745,-0.000563859,-0.000590879,-0.000611876,-0.000627076,-0.000636838,-0.000641635,-0.000642021,-0.000638615,-0.000632068,-0.00062305,-0.000612221,-0.000600214,-0.00058762,-0.000574975,-0.000562742,-0.000551309,-0.000540982,-0.000531979,-0.000524438,-0.000518413,-0.000513886,-0.000510772,-0.000508932,-0.000508183,-0.000508308,-0.000509073,-0.000510234,-0.000511552,-0.000512798,-0.000513765,-0.000514275,-0.000514182,-0.000513381,-0.000511804,-0.00050943,-0.000506277,-0.000502407,-0.000497925,-0.000492973,-0.000487727,-0.000482395,-0.000477211,-0.000472426,-0.000468305,-0.000465112,-0.000463107,-0.000462536,-0.000463617,-0.000466532,-0.00047142,-0.000478367,-0.000487396,-0.000498467,-0.000511466,-0.000526208,-0.000542438,-0.000559826,-0.000577976,-0.000596433,-0.000614684,-0.00063217,-0.000648296,-0.000662441,-0.000673969,-0.000682245,-0.000686646,-0.000686585,-0.000681523,-0.000670992,-0.000654616,-0.000632134,-0.000603424,-0.000568517,-0.000527625,-0.000481145,-0.000429674,-0.000374008,-0.00031513,-0.0002542,-0.000192528,-0.000131535,-7.27229e-05,-1.76187e-05,3.22686e-05,7.55025e-05,0.000110775,0.000136963,0.000153199,0.000158933,0.000154014,0.000138761,0.000116846,8.54955e-05,4.61169e-05,0
0,3.83875e-05,7.43894e-05,0.000107665,0.00013725,0.00016167,0.000179841,0.000190958,0.000194516,0.000190302,0.000178377,0.000159053,0.000132856,0.000100503,6.28614e-05,2.09193e-05,-2.42549e-05,-7.15498e-05,-0.000119849,-0.000168071,-0.000215199,-0.000260314,-0.00030262,-0.000341455,-0.000376308,-0.000406819,-0.000432779,-0.000454119,-0.000470904,-0.000483312,-0.000491621,-0.000496192,-0.000497445,-0.000495845,-0.000491884,-0.000486059,-0.000478863,-0.000470766,-0.000462204,-0.000453569,-0.0004452,-0.000437379,-0.000430322,-0.000424187,-0.000419064,-0.000414988,-0.000411938,-0.000409847,-0.000408608,-0.000408083,-0.000408115,-0.000408531,-0.00040916,-0.000409831,-0.000410389,-0.000410697,-0.000410641,-0.000410138,-0.000409134,-0.00040761,-0.000405578,-0.000403088,-0.000400219,-0.00039708,-0.00039381,-0.000390566,-0.000387526,-0.000384878,-0.000382815,-0.00038153,-0.000381205,-0.000382005,-0.000384071,-0.00038751,-0.000392392,-0.000398744,-0.00040654,-0.000415704,-0.000426106,-0.000437559,-0.000449824,-0.000462611,-0.00047558,-0.000488352,-0.000500509,-0.000511606,-0.000521177,-0.000528743,-0.000533827,-0.000535959,-0.000534697,-0.000529632,-0.000520412,-0.000506751,-0.000488452,-0.000465417,-0.00043767,-0.000405364,-0.000368795,-0.000328409,-0.000284799,-0.000238702,-0.000190989,-0.00014264,-9.47251e-05,-4.83713e-05,-4.72654e-06,3.5077e-05,6.99629e-05,9.89511e-05,0.000121199,0.000136045,0.000143049,0.000142037,0.000133145,0.000116846,9.39729e-05,6.78047e-05,3.62569e-05,0
0,2.63271e-05,5.13408e-05,7.50348e-05,9.64917e-05,0.000114884,0.00012946,0.000139608,0.000144887,0.000145036,0.000139974,0.000129789,0.000114724,9.51644e-05,7.16114e-05,4.46666e-05,1.50058e-05,-1.66455e-05,-4.95387e-05,-8.29281e-05,-0.000116096,-0.000148373,-0.000179163,-0.00020795,-0.000234313,-0.000257934,-0.000278593,-0.000296172,-0.000310645,-0.000322071,-0.000330584,-0.000336382,-0.000339715,-0.000340868,-0.000340156,-0.000337906,-0.000334449,-0.000330107,-0.000325188,-0.000319974,-0.000314716,-0.00030963,-0.000304891,-0.000300634,-0.000296951,-0.000293893,-0.000291475,-0.000289676,-0.000288446,-0.000287713,-0.000287384,-0.000287358,-0.000287527,-0.000287783,-0.000288025,-0.000288164,-0.000288124,-0.000287848,-0.0002873,-0.000286465,-0.000285353,-0.000283995,-0.000282444,-0.000280773,-0.000279073,-0.000277449,-0.000276016,-0.000274895,-0.00027421,-0.000274079,-0.000274614,-0.000275909,-0.00027804,-0.000281061,-0.000284995,-0.000289835,-0.000295538,-0.000302027,-0.000309186,-0.000316866,-0.00032488,-0.00033301,-0.00034101,-0.000348606,-0.000355505,-0.0003614,-0.000365972,-0.000368903,-0.000369878,-0.000368598,-0.000364788,-0.000358203,-0.000348647,-0.000335976,-0.000320115,-0.000301063,-0.000278909,-0.000253834,-0.000226119,-0.000196144,-0.000164386,-0.000131414,-9.78738e-05,-6.44735e-05,-3.19639e-05,-1.1145e-06,2.73118e-05,5.25853e-05,7.40361e-05,9.10813e-05,0.000103251,0.000110214,0.000111801,0.000108029,9.91168e-05,8.54955e-05,6.78047e-05,4.68677e-05,2.48942e-05,0
0,1.34839e-05,2.66203e-05,3.91024e-05,5.058e-05,6.06559e-05,6.89472e-05,7.5123e-05,7.89261e-05,8.01838e-05,7.88103e-05,7.48053e-05,6.82494e-05,5.92969e-05,4.81682e-05,3.51392e-05,2.05312e-05,4.69778e-06,-1.19879e-05,-2.91464e-05,-4.64052e-05,-6.3411e-05,-7.98397e-05,-9.54057e-05,-0.000109868,-0.000123036,-0.000134767,-0.000144971,-0.000153608,-0.000160681,-0.000166234,-0.000170348,-0.000173131,-0.000174716,-0.000175252,-0.000174899,-0.000173821,-0.000172182,-0.000170141,-0.000167845,-0.000165431,-0.000163015,-0.000160698,-0.000158559,-0.000156657,-0.000155029,-0.000153693,-0.000152652,-0.000151888,-0.000151375,-0.000151073,-0.000150937,-0.000150917,-0.000150964,-0.000151029,-0.000151068,-0.000151046,-0.000150933,-0.000150711,-0.000150375,-0.000149927,-0.000149383,-0.000148769,-0.000148121,-0.000147484,-0.000146908,-0.00014645,-0.000146166,-0.000146115,-0.000146352,-0.000146927,-0.00014788,-0.000149241,-0.000151028,-0.000153244,-0.000155874,-0.000158886,-0.00016223,-0.000165837,-0.000169623,-0.000173483,-0.0001773,-0.000180942,-0.000184265,-0.000187117,-0.000189342,-0.000190779,-0.00019127,-0.000190663,-0.000188814,-0.000185596,-0.000180901,-0.000174647,-0.000166786,-0.000157302,-0.000146225,-0.000133628,-0.000119636,-0.000104421,-8.8207e-05,-7.12641e-05,-5.39049e-05,-3.64764e-05,-1.93516e-05,-2.9172e-06,1.2438e-05,2.63369e-05,3.84274e-05,4.83962e-05,5.59812e-05,6.09844e-05,6.32829e-05,6.28391e-05,5.97096e-05,5.40504e-05,4.61169e-05,3.62569e-05,2.48942e-05,1.25038e-05,0
0,0,0,0,0,0,0,0,0,0,0,0,0,0,0,0,0,0,0,0,0,0,0,0,0,0,0,0,0,0,0,0,0,0,0,0,0,0,0,0,0,0,0,0,0,0,0,0,0,0,0,0,0,0,0,0,0,0,0,0,0,0,0,0,0,0,0,0,0,0,0,0,0,0,0,0,0,0,0,0,0,0,0,0,0,0,0,0,0,0,0,0,0,0,0,0,0,0,0,0,0,0,0,0,0,0,0,0,0,0,0,0,0,0,0,0,0,0,0,0
