0,0,0,0,0,0,0,0,0,0,0,0,0,0,0,0,0,0,0,0,0,0,0,0,0,0,0,0,0,0,0,0,0,0,0,0,0,0,0,0,0,0,0,0,0,0,0,0,0,0,0,0,0,0,0,0,0,0,0,0,0,0,0,0,0,0,0,0,0,0,0,0,0,0,0,0,0,0,0,0,0,0,0,0,0,0,0,0,0,0,0,0,0,0,0,0,0,0,0,0,0,0,0,0,0,0,0,0,0,0,0,0,0,0,0,0,0,0,0,0
0,2.88119e-11,6.82268e-11,1.29692e-10,2.27471e-10,3.81366e-10,6.1978e-10,9.83777e-10,1.5326e-09,2.35111e-09,3.55972e-09,5.32727e-09,7.88759e-09,1.15604e-08,1.67772e-08,2.41124e-08,3.43209e-08,4.8381e-08,6.7543e-08,9.33828e-08,1.27857e-07,1.7336e-07,2.32777e-07,3.09528e-07,4.07603e-07,5.31579e-07,6.86609e-07,8.78392e-07,1.1131e-06,1.39726e-06,1.73765e-06,2.14106e-06,2.61414e-06,3.16309e-06,3.79344e-06,4.50977e-06,5.31542e-06,6.21222e-06,7.20032e-06,8.27792e-06,9.44118e-06,1.06842e-05,1.19988e-05,1.33749e-05,1.48004e-05,1.62615e-05,1.77428e-05,1.92277e-05,2.06989e-05,2.21384e-05,2.3528e-05,2.485e-05,2.6087e-05,2.72224e-05,2.82412e-05,2.91294e-05,2.98751e-05,3.04682e-05,3.09006e-05,3.11664e-05,3.12621e-05,3.11864e-05,3.09406e-05,3.05281e-05,2.99547e-05,2.92283e-05,2.83589e-05,2.73584e-05,2.62404e-05,2.50199e-05,2.37131e-05,2.23373e-05,2.09099e-05,1.94491e-05,1.79724e-05,1.64972e-05,1.504e-05,1.36161e-05,1.22391e-05,1.09214e-05,9.67322e-06,8.5027e-06,7.41604e-06,6.41733e-06,5.50859e-06,4.69001e-06,3.96002e-06,3.31559e-06,2.75243e-06,2.26527e-06,1.84812e-06,1.49457e-06,1.19797e-06,9.51697e-07,7.49292e-07,5.84643e-07,4.52073e-07,3.46417e-07,2.63066e-07,1.97974e-07,1.47652e-07,1.09135e-07,7.99463e-08,5.80423e-08,4.17643e-08,2.97825e-08,2.10458e-08,1.4734e-08,1.02152e-08,7.00874e-09,4.75361e-09,3.18179e-09,2.09669e-09,1.35556e-09,8.55597e-10,5.2316e-10,3.05434e-10,1.64087e-10,7.02392e-11,0
0,6.82268e-11,1.66349e-10,3.19991e-10,5.65208e-10,9.50875e-10,1.54673e-09,2.45308e-09,3.81393e-09,5.83467e-09,8.80549e-09,1.31316e-08,1.93716e-08,2.82862e-08,4.08967e-08,5.85568e-08,8.30364e-08,1.16618e-07,1.62205e-07,2.23436e-07,3.04807e-07,4.1179e-07,5.50941e-07,7.29989e-07,9.57899e-07,1.24489e-06,1.60238e-06,2.04293e-06,2.58002e-06,3.22783e-06,4.00088e-06,4.91364e-06,5.98001e-06,7.21285e-06,8.62332e-06,1.02204e-05,1.20101e-05,1.39953e-05,1.61749e-05,1.85438e-05,2.10925e-05,2.3807e-05,2.66686e-05,2.96548e-05,3.27389e-05,3.58907e-05,3.90772e-05,4.22632e-05,4.54117e-05,4.84852e-05,5.14458e-05,5.42565e-05,5.68816e-05,5.92875e-05,6.1443e-05,6.33204e-05,6.48952e-05,6.61471e-05,6.70599e-05,6.76218e-05,6.78257e-05,6.76692e-05,6.71545e-05,6.62887e-05,6.50831e-05,6.35537e-05,6.17207e-05,5.96078e-05,5.72428e-05,5.46561e-05,5.1881e-05,4.89525e-05,4.59074e-05,4.27829e-05,3.96162e-05,3.64438e-05,3.3301e-05,3.02205e-05,2.72325e-05,2.43638e-05,2.16373e-05,1.90719e-05,1.66821e-05,1.44779e-05,1.24651e-05,1.06454e-05,9.01663e-06,7.57343e-06,6.30749e-06,5.20823e-06,4.26337e-06,3.45947e-06,2.78246e-06,2.21813e-06,1.75251e-06,1.37226e-06,1.06489e-06,8.18951e-07,6.24163e-07,4.71441e-07,3.52901e-07,2.61809e-07,1.92499e-07,1.40278e-07,1.01314e-07,7.25171e-08,5.1434e-08,3.61398e-08,2.51447e-08,1.73099e-08,1.17759e-08,7.90211e-09,5.21642e-09,3.37463e-09,2.1278e-09,1.29668e-09,7.52062e-10,3.99701e-10,1.685e-10,0
0,1.29692e-10,3.19991e-10,6.34148e-10,1.13419e-09,1.92032e-09,3.13083e-09,4.96312e-09,7.69878e-09,1.17372e-08,1.76393e-08,2.61843e-08,3.84403e-08,5.58524e-08,8.03491e-08,1.1447e-07,1.61512e-07,2.25702e-07,3.12374e-07,4.28172e-07,5.81241e-07,7.81424e-07,1.04042e-06,1.37191e-06,1.79164e-06,2.31738e-06,2.96884e-06,3.76743e-06,4.73591e-06,5.89792e-06,7.27734e-06,8.89757e-06,1.07807e-05,1.29465e-05,1.54117e-05,1.81888e-05,2.12853e-05,2.47028e-05,2.84365e-05,3.24748e-05,3.67988e-05,4.13823e-05,4.61923e-05,5.11893e-05,5.63277e-05,6.1557e-05,6.68226e-05,7.20671e-05,7.7231e-05,8.22545e-05,8.70781e-05,9.1644e-05,9.58971e-05,9.97858e-05,0.000103263,0.000106286,0.00010882,0.000110832,0.0001123,0.000113205,0.000113538,0.000113294,0.000112478,0.000111098,0.000109173,0.000106724,0.000103784,0.000100386,9.65736e-05,9.23918e-05,8.78917e-05,8.31275e-05,7.81563e-05,7.30366e-05,6.78276e-05,6.25882e-05,5.73756e-05,5.2244e-05,4.7244e-05,4.24213e-05,3.78159e-05,3.34616e-05,2.93852e-05,2.56067e-05,2.21387e-05,1.89873e-05,1.6152e-05,1.36266e-05,1.13996e-05,9.45561e-06,7.77578e-06,6.33892e-06,5.12236e-06,4.10282e-06,3.25708e-06,2.56268e-06,1.99833e-06,1.54433e-06,1.1828e-06,8.97805e-07,6.75397e-07,5.03558e-07,3.721e-07,2.72515e-07,1.97805e-07,1.42288e-07,1.01418e-07,7.16066e-08,5.00545e-08,3.46096e-08,2.36371e-08,1.59115e-08,1.05245e-08,6.81011e-09,4.28391e-09,2.59475e-09,1.48763e-09,7.75196e-10,3.22669e-10,0
0,2.27471e-10,5.65208e-10,1.13419e-09,2.08357e-09,3.5644e-09,5.83723e-09,9.25937e-09,1.43369e-08,2.1783e-08,3.25939e-08,4.81448e-08,7.03095e-08,1.01606e-07,1.4537e-07,2.05964e-07,2.8901e-07,4.01654e-07,5.5285e-07,7.53657e-07,1.01752e-06,1.36056e-06,1.80174e-06,2.36305e-06,3.06952e-06,3.94914e-06,5.03258e-06,6.35274e-06,7.94412e-06,9.84202e-06,1.20815e-05,1.4696e-05,1.77165e-05,2.11695e-05,2.50763e-05,2.9451e-05,3.42998e-05,3.96197e-05,4.53978e-05,5.16109e-05,5.82255e-05,6.51975e-05,7.24736e-05,7.99914e-05,8.76811e-05,9.54669e-05,0.000103268,0.000111001,0.000118581,0.000125923,0.000132945,0.000139567,0.000145716,0.000151321,0.00015632,0.000160658,0.000164288,0.000167169,0.000169272,0.000170573,0.000171059,0.000170727,0.000169578,0.000167627,0.000164895,0.000161411,0.000157214,0.000152351,0.000146875,0.000140847,0.000134336,0.000127414,0.00012016,0.000112655,0.000104982,9.72249e-05,8.94673e-05,8.17893e-05,7.42669e-05,6.69703e-05,5.99624e-05,5.32978e-05,4.70216e-05,4.1169e-05,3.57651e-05,3.08245e-05,2.63523e-05,2.23444e-05,1.87883e-05,1.5665e-05,1.29494e-05,1.06121e-05,8.62106e-06,6.9421e-06,5.54078e-06,4.38311e-06,3.43647e-06,2.67026e-06,2.05637e-06,1.56948e-06,1.1872e-06,8.90032e-07,6.61317e-07,4.87006e-07,3.55439e-07,2.57079e-07,1.8423e-07,1.30763e-07,9.18699e-08,6.38206e-08,4.37647e-08,2.95511e-08,1.9576e-08,1.26567e-08,7.92714e-09,4.75518e-09,2.67753e-09,1.37667e-09,5.6884e-10,0
0,3.81366e-10,9.50875e-10,1.92032e-09,3.5644e-09,6.2348e-09,1.02869e-08,1.63555e-08,2.53007e-08,3.8327e-08,5.71077e-08,8.39397e-08,1.21933e-07,1.75237e-07,2.49313e-07,3.51241e-07,4.90077e-07,6.77238e-07,9.2691e-07,1.25646e-06,1.68682e-06,2.24282e-06,2.95345e-06,3.85191e-06,4.97562e-06,6.36588e-06,8.0674e-06,1.01274e-05,1.25948e-05,1.55184e-05,1.89457e-05,2.29211e-05,2.74837e-05,3.26656e-05,3.84899e-05,4.4969e-05,5.2103e-05,5.98788e-05,6.82693e-05,7.72328e-05,8.67139e-05,9.66437e-05,0.000106941,0.000117515,0.000128265,0.000139085,0.000149865,0.000160491,0.000170852,0.000180838,0.000190344,0.00019927,0.000207524,0.000215023,0.000221692,0.000227465,0.000232287,0.000236112,0.000238906,0.000240642,0.000241306,0.000240892,0.000239404,0.000236856,0.000233272,0.000228686,0.000223141,0.000216691,0.000209399,0.000201338,0.000192589,0.000183243,0.000173397,0.000163154,0.000152623,0.000141914,0.000131139,0.000120408,0.000109827,9.94986e-05,8.95135e-05,7.99546e-05,7.08929e-05,6.23861e-05,5.44786e-05,4.72003e-05,4.05675e-05,3.45831e-05,2.92378e-05,2.45113e-05,2.03743e-05,1.679e-05,1.37162e-05,1.11071e-05,8.91512e-06,7.0924e-06,5.59222e-06,4.3701e-06,3.38462e-06,2.59799e-06,1.97642e-06,1.49017e-06,1.11355e-06,8.24707e-07,6.05318e-07,4.40269e-07,3.17254e-07,2.26395e-07,1.59871e-07,1.11578e-07,7.68114e-08,5.20018e-08,3.44714e-08,2.22344e-08,1.38278e-08,8.17508e-09,4.55215e-09,2.32461e-09,9.57149e-10,0
0,6.1978e-10,1.54673e-09,3.13083e-09,5.83723e-09,1.02869e-08,1.72713e-08,2.75868e-08,4.2688e-08,6.45173e-08,9.57596e-08,1.40082e-07,2.02421e-07,2.89318e-07,4.09317e-07,5.73409e-07,7.95531e-07,1.09311e-06,1.48762e-06,2.00508e-06,2.6766e-06,3.5387e-06,4.63352e-06,6.00889e-06,7.71797e-06,9.81873e-06,1.23729e-05,1.54449e-05,1.90998e-05,2.34013e-05,2.84099e-05,3.41796e-05,4.0756e-05,4.81732e-05,5.64516e-05,6.5596e-05,7.55938e-05,8.64139e-05,9.80064e-05,0.000110303,0.000123217,0.000136648,0.000150478,0.000164582,0.000178823,0.000193061,0.000207154,0.000220959,0.000234337,0.000247157,0.000259295,0.000270635,0.000281073,0.000290518,0.000298887,0.000306113,0.000312137,0.000316914,0.000320407,0.00032259,0.000323449,0.000322978,0.00032118,0.000318068,0.000313665,0.000308004,0.000301129,0.000293094,0.000283966,0.000273822,0.000262752,0.000250857,0.000238248,0.000225048,0.000211387,0.000197401,0.000183232,0.000169021,0.000154909,0.000141033,0.000127522,0.000114493,0.000102051,9.02855e-05,7.92691e-05,6.90556e-05,5.96805e-05,5.1161e-05,4.34967e-05,3.66716e-05,3.06556e-05,2.54068e-05,2.08744e-05,1.70008e-05,1.37242e-05,1.09812e-05,8.70836e-06,6.84448e-06,5.33157e-06,4.11603e-06,3.14928e-06,2.38812e-06,1.79478e-06,1.33682e-06,9.86762e-07,7.21735e-07,5.22944e-07,3.7517e-07,2.66263e-07,1.86664e-07,1.28957e-07,8.74784e-08,5.79596e-08,3.7219e-08,2.28992e-08,1.34284e-08,7.44114e-09,3.79042e-09,1.55932e-09,0
0,9.83777e-10,2.45308e-09,4.96312e-09,9.25937e-09,1.63555e-08,2.75868e-08,4.46329e-08,6.91994e-08,1.04434e-07,1.54472e-07,2.24942e-07,3.23379e-07,4.59708e-07,6.46784e-07,9.01012e-07,1.24302e-06,1.69839e-06,2.29831e-06,3.08031e-06,4.08872e-06,5.37509e-06,6.99828e-06,9.02421e-06,1.15253e-05,1.45792e-05,1.82675e-05,2.26735e-05,2.78797e-05,3.39646e-05,4.1e-05,4.9047e-05,5.81531e-05,6.83488e-05,7.96447e-05,9.20294e-05,0.000105468,0.000119902,0.000135248,0.000151401,0.000168236,0.000185607,0.000203358,0.000221321,0.000239321,0.000257181,0.000274729,0.000291794,0.000308217,0.00032385,0.000338557,0.000352216,0.000364722,0.000375983,0.000385922,0.000394475,0.000401591,0.000407231,0.000411363,0.000413967,0.000415029,0.000414544,0.000412514,0.000408948,0.000403862,0.000397284,0.000389248,0.000379802,0.000369004,0.000356929,0.000343663,0.000329308,0.000313982,0.000297817,0.000280959,0.000263567,0.000245806,0.000227852,0.000209881,0.000192067,0.000174583,0.000157587,0.000141228,0.000125637,0.000110923,9.71759e-05,8.44601e-05,7.28167e-05,6.22635e-05,5.2796e-05,4.43894e-05,3.70019e-05,3.05769e-05,2.5047e-05,2.03367e-05,1.63661e-05,1.30537e-05,1.0319e-05,8.08435e-06,6.27707e-06,4.83028e-06,3.68376e-06,2.78427e-06,2.08556e-06,1.54809e-06,1.13859e-06,8.29475e-07,5.98205e-07,4.26632e-07,3.0036e-07,2.08148e-07,1.41363e-07,9.34749e-08,5.95967e-08,3.64798e-08,2.13357e-08,1.18129e-08,6.01953e-09,2.47861e-09,0
0,1.5326e-09,3.81393e-09,7.69878e-09,1.43369e-08,2.53007e-08,4.2688e-08,6.91994e-08,1.08206e-07,1.63233e-07,2.40733e-07,3.4904e-07,4.99274e-07,7.05984e-07,9.87866e-07,1.36858e-06,1.8776e-06,2.55116e-06,3.43307e-06,4.57546e-06,6.03935e-06,7.8949e-06,1.02212e-05,1.31059e-05,1.66436e-05,2.09346e-05,2.60818e-05,3.21882e-05,3.93531e-05,4.7668e-05,5.72122e-05,6.80487e-05,8.02197e-05,9.37435e-05,0.000108611,0.000124783,0.000142192,0.000160738,0.000180295,0.000200708,0.000221803,0.000243387,0.000265253,0.000287191,0.000308984,0.000330425,0.000351311,0.000371455,0.000390683,0.000408842,0.000425797,0.000441434,0.000455658,0.000468392,0.000479577,0.000489165,0.000497125,0.00050343,0.000508064,0.000511016,0.000512278,0.000511845,0.000509715,0.000505891,0.000500376,0.000493183,0.000484329,0.000473842,0.000461762,0.000448143,0.000433057,0.000416593,0.000398862,0.000379994,0.00036014,0.000339469,0.00031817,0.000296442,0.000274496,0.000252548,0.000230813,0.000209501,0.000188808,0.000168918,0.00014999,0.000132158,0.000115529,0.000100181,8.61601e-05,7.34844e-05,6.21435e-05,5.21027e-05,4.3306e-05,3.56797e-05,2.91376e-05,2.35841e-05,1.89193e-05,1.50416e-05,1.18517e-05,9.25475e-06,7.16211e-06,5.49302e-06,4.17513e-06,3.14488e-06,2.34737e-06,1.7359e-06,1.2714e-06,9.21633e-07,6.60416e-07,4.66802e-07,3.24331e-07,2.2031e-07,1.45112e-07,9.23034e-08,5.64681e-08,3.30519e-08,1.83315e-08,9.36222e-09,3.86314e-09,0
0,2.35111e-09,5.83467e-09,1.17372e-08,2.1783e-08,3.8327e-08,6.45173e-08,1.04434e-07,1.63233e-07,2.47366e-07,3.63931e-07,5.25496e-07,7.47983e-07,1.05211e-06,1.46427e-06,2.01755e-06,2.7528e-06,3.71979e-06,4.97809e-06,6.59793e-06,8.66062e-06,1.12586e-05,1.44947e-05,1.84813e-05,2.3338e-05,2.9189e-05,3.61594e-05,4.43709e-05,5.39371e-05,6.49578e-05,7.75137e-05,9.16614e-05,0.000107428,0.000124808,0.000143759,0.000164202,0.000186021,0.000209063,0.000233145,0.000258054,0.000283557,0.000309404,0.00033534,0.000361107,0.000386454,0.000411145,0.000434959,0.000457701,0.000479199,0.00049931,0.000517916,0.000534926,0.000550276,0.000563919,0.00057583,0.000585993,0.000594406,0.000601071,0.000605993,0.000609175,0.00061062,0.000610324,0.000608281,0.000604479,0.000598906,0.000591547,0.000582392,0.000571435,0.000558682,0.000544154,0.000527888,0.000509945,0.000490409,0.000469394,0.00044704,0.000423516,0.000399017,0.000373761,0.000347989,0.000321952,0.000295911,0.000270127,0.000244856,0.000220337,0.000196793,0.000174415,0.000153367,0.000133775,0.00011573,9.92841e-05,8.4454e-05,7.12225e-05,5.95427e-05,4.93421e-05,4.0528e-05,3.29926e-05,2.66186e-05,2.12837e-05,1.68654e-05,1.32443e-05,1.03073e-05,7.94948e-06,6.07586e-06,4.60189e-06,3.45369e-06,2.56783e-06,1.89065e-06,1.37747e-06,9.91612e-07,7.03519e-07,4.89801e-07,3.3238e-07,2.18963e-07,1.39458e-07,8.5504e-08,5.01928e-08,2.79321e-08,1.43146e-08,5.92363e-09,0
0,3.55972e-09,8.80549e-09,1.76393e-08,3.25939e-08,5.71077e-08,9.57596e-08,1.54472e-07,2.40733e-07,3.63931e-07,5.35958e-07,7.70812e-07,1.09178e-06,1.52768e-06,2.11482e-06,2.89822e-06,3.93304e-06,5.28573e-06,7.03518e-06,9.27334e-06,1.21055e-05,1.565e-05,2.00366e-05,2.54051e-05,3.19015e-05,3.96745e-05,4.887e-05,5.96258e-05,7.20646e-05,8.62874e-05,0.000102367,0.000120343,0.000140213,0.000161934,0.000185415,0.000210521,0.000237073,0.00026485,0.0002936,0.00032304,0.000352873,0.000382789,0.000412481,0.00044165,0.000470018,0.000497329,0.00052336,0.000547921,0.000570862,0.000592068,0.000611459,0.000628991,0.000644646,0.00065843,0.000670366,0.00068049,0.000688841,0.000695462,0.000700387,0.000703642,0.000705241,0.000705186,0.000703461,0.000700038,0.000694878,0.000687932,0.000679149,0.000668475,0.000655867,0.000641291,0.000624733,0.000606206,0.000585748,0.000563434,0.000539375,0.000513722,0.000486663,0.00045842,0.000429251,0.000399439,0.000369285,0.000339103,0.00030921,0.000279911,0.000251498,0.000224236,0.000198356,0.000174051,0.00015147,0.000130717,0.000111848,9.48795e-05,7.9784e-05,6.65002e-05,5.49369e-05,4.49795e-05,3.64971e-05,2.93482e-05,2.33872e-05,1.8469e-05,1.44536e-05,1.12091e-05,8.61443e-06,6.56026e-06,4.95008e-06,3.70005e-06,2.73852e-06,2.00518e-06,1.45005e-06,1.0324e-06,7.19835e-07,4.89595e-07,3.23454e-07,2.06707e-07,1.27222e-07,7.4996e-08,4.19171e-08,2.15715e-08,8.95658e-09,0
0,5.32727e-09,1.31316e-08,2.61843e-08,4.81448e-08,8.39397e-08,1.40082e-07,2.24942e-07,3.4904e-07,5.25496e-07,7.70812e-07,1.10633e-06,1.55913e-06,2.17017e-06,2.9883e-06,4.07343e-06,5.49821e-06,7.3494e-06,9.72892e-06,1.27543e-05,1.65587e-05,2.12894e-05,2.71062e-05,3.41777e-05,4.26771e-05,5.27764e-05,6.46393e-05,7.84141e-05,9.4225e-05,0.000112164,0.000132285,0.000154593,0.000179043,0.000205536,0.000233915,0.000263971,0.000295445,0.000328035,0.000361407,0.000395202,0.000429052,0.000462587,0.000495453,0.000527319,0.000557886,0.000586899,0.000614147,0.000639471,0.000662759,0.000683951,0.000703028,0.000720012,0.000734957,0.000747939,0.000759052,0.000768396,0.00077607,0.000782164,0.000786753,0.000789891,0.000791609,0.00079191,0.00079077,0.00078814,0.000783946,0.000778095,0.000770482,0.000760993,0.000749515,0.000735946,0.000720199,0.000702214,0.000681965,0.000659465,0.000634774,0.000608002,0.000579309,0.000548907,0.000517055,0.000484053,0.000450239,0.000415973,0.000381632,0.000347595,0.000314229,0.000281883,0.000250872,0.000221469,0.0001939,0.000168338,0.000144898,0.000123643,0.000104582,8.76784e-05,7.28521e-05,5.99906e-05,4.89552e-05,3.95893e-05,3.17257e-05,2.5194e-05,1.98259e-05,1.54602e-05,1.19464e-05,9.14703e-06,6.93898e-06,5.21417e-06,3.8792e-06,2.85461e-06,2.07373e-06,1.48152e-06,1.03709e-06,7.08264e-07,4.69934e-07,3.01682e-07,1.86564e-07,1.1052e-07,6.20779e-08,3.20941e-08,1.33739e-08,0
0,7.88759e-09,1.93716e-08,3.84403e-08,7.03095e-08,1.21933e-07,2.02421e-07,3.23379e-07,4.99274e-07,7.47983e-07,1.09178e-06,1.55913e-06,2.18771e-06,3.02884e-06,4.14857e-06,5.62496e-06,7.55187e-06,1.00403e-05,1.32193e-05,1.72361e-05,2.22552e-05,2.84562e-05,3.60308e-05,4.51775e-05,5.60958e-05,6.89776e-05,8.39994e-05,0.000101312,0.00012103,0.000143225,0.000167912,0.000195048,0.000224524,0.000256164,0.000289727,0.00032491,0.00036136,0.000398678,0.000436438,0.000474199,0.00051152,0.000547977,0.000583175,0.000616762,0.00064844,0.000677971,0.00070518,0.000729961,0.00075227,0.000772123,0.00078959,0.000804782,0.000817847,0.000828953,0.000838282,0.000846014,0.000852319,0.000857348,0.000861222,0.000864031,0.000865823,0.000866605,0.000866342,0.000864958,0.000862338,0.000858338,0.000852785,0.00084549,0.00083626,0.000824901,0.000811235,0.00079511,0.00077641,0.000755064,0.000731055,0.000704429,0.000675295,0.00064383,0.000610275,0.000574935,0.000538166,0.00050037,0.000461979,0.000423442,0.000385213,0.000347731,0.000311406,0.000276612,0.000243668,0.000212833,0.000184304,0.00015821,0.000134615,0.00011352,9.48739e-05,7.85759e-05,6.4489e-05,5.24473e-05,4.22666e-05,3.37522e-05,2.67078e-05,2.09412e-05,1.62699e-05,1.25247e-05,9.5521e-06,7.21566e-06,5.39616e-06,3.99103e-06,2.91301e-06,2.09178e-06,1.4715e-06,1.00989e-06,6.73425e-07,4.34541e-07,2.70141e-07,1.60885e-07,9.0843e-08,4.71933e-08,1.974e-08,0
0,1.15604e-08,2.82862e-08,5.58524e-08,1.01606e-07,1.75237e-07,2.89318e-07,4.59708e-07,7.05984e-07,1.05211e-06,1.52768e-06,2.17017e-06,3.02884e-06,4.17116e-06,5.68294e-06,7.66437e-06,1.02348e-05,1.35341e-05,1.77228e-05,2.29821e-05,2.95115e-05,3.75258e-05,4.72501e-05,5.89124e-05,7.27355e-05,8.89267e-05,0.000107667,0.000129098,0.000153312,0.00018034,0.000210142,0.000242605,0.000277531,0.000314648,0.000353607,0.000393993,0.000435338,0.000477137,0.000518864,0.000559992,0.000600012,0.000638451,0.000674888,0.000708971,0.00074042,0.000769042,0.000794724,0.000817441,0.000837244,0.000854255,0.000868656,0.000880674,0.000890571,0.000898628,0.000905131,0.000910353,0.000914549,0.000917937,0.000920695,0.000922948,0.000924765,0.000926158,0.000927076,0.000927414,0.000927011,0.000925661,0.000923116,0.000919101,0.000913325,0.00090549,0.000895307,0.00088251,0.000866872,0.000848212,0.000826411,0.000801424,0.000773282,0.0007421,0.000708081,0.000671507,0.000632738,0.000592201,0.000550376,0.00050778,0.00046495,0.000422426,0.000380725,0.000340334,0.000301686,0.000265149,0.000231021,0.00019952,0.000170786,0.000144882,0.000121798,0.000101464,8.37547e-05,6.85057e-05,5.55209e-05,4.45858e-05,3.54769e-05,2.79705e-05,2.18501e-05,1.69115e-05,1.29668e-05,9.84703e-06,7.40257e-06,5.50347e-06,4.03849e-06,2.91522e-06,2.06148e-06,1.42223e-06,9.5344e-07,6.18566e-07,3.86664e-07,2.31559e-07,1.31458e-07,6.86322e-08,2.88177e-08,0
0,1.67772e-08,4.08967e-08,8.03491e-08,1.4537e-07,2.49313e-07,4.09317e-07,6.46784e-07,9.87866e-07,1.46427e-06,2.11482e-06,2.9883e-06,4.14857e-06,5.68294e-06,7.70144e-06,1.0331e-05,1.37215e-05,1.80462e-05,2.35023e-05,3.03088e-05,3.8704e-05,4.89397e-05,6.12742e-05,7.59631e-05,9.32476e-05,0.000113342,0.00013642,0.0001626,0.000191932,0.000224386,0.000259845,0.000298095,0.000338829,0.000381651,0.000426082,0.000471575,0.000517534,0.000563335,0.00060835,0.000651968,0.00069362,0.000732801,0.000769083,0.000802137,0.000831731,0.000857745,0.000880162,0.000899068,0.000914639,0.000927131,0.000936863,0.000944203,0.000949547,0.000953306,0.000955881,0.000957653,0.000958969,0.000960121,0.000961344,0.000962804,0.000964591,0.000966719,0.000969123,0.000971664,0.00097413,0.000976248,0.00097769,0.000978084,0.00097703,0.000974114,0.000968921,0.000961053,0.000950149,0.000935896,0.000918046,0.000896434,0.000870984,0.00084172,0.000808774,0.00077238,0.000732877,0.000690696,0.000646348,0.000600407,0.000553493,0.000506243,0.000459295,0.000413258,0.000368698,0.000326116,0.000285933,0.000248482,0.000214005,0.000182648,0.000154468,0.000129443,0.000107478,8.842e-05,7.20723e-05,5.82065e-05,4.65756e-05,3.69257e-05,2.90049e-05,2.25716e-05,1.74002e-05,1.32842e-05,1.00392e-05,7.50273e-06,5.53448e-06,4.01619e-06,2.85512e-06,1.98036e-06,1.33487e-06,8.70843e-07,5.47431e-07,3.29687e-07,1.88197e-07,9.87477e-08,4.16232e-08,0
0,2.41124e-08,5.85568e-08,1.1447e-07,2.05964e-07,3.51241e-07,5.73409e-07,9.01012e-07,1.36858e-06,2.01755e-06,2.89822e-06,4.07343e-06,5.62496e-06,7.66437e-06,1.0331e-05,1.37838e-05,1.82078e-05,2.38152e-05,3.08441e-05,3.95554e-05,5.0228e-05,6.31513e-05,7.8615e-05,9.6897e-05,0.000118249,0.000142879,0.000170939,0.000202502,0.000237555,0.00027598,0.000317553,0.000361934,0.000408678,0.000457237,0.000506981,0.000557214,0.0006072,0.000656194,0.000703466,0.000748332,0.000790182,0.000828499,0.00086288,0.000893048,0.000918856,0.000940292,0.000957469,0.000970616,0.000980065,0.000986234,0.000989605,0.000990701,0.000990071,0.000988264,0.000985809,0.000983199,0.000980873,0.000979203,0.000978481,0.000978911,0.000980605,0.000983577,0.000987745,0.000992936,0.000998885,0.00100525,0.00101162,0.00101753,0.00102245,0.00102586,0.0010272,0.00102593,0.00102154,0.00101356,0.00100159,0.000985315,0.000964524,0.000939116,0.000909115,0.000874676,0.000836081,0.000793738,0.000748163,0.000699969,0.000649844,0.00059852,0.000546753,0.000495288,0.000444838,0.000396054,0.000349506,0.000305672,0.000264919,0.000227507,0.000193586,0.000163206,0.000136321,0.000112811,9.24903e-05,7.51274e-05,6.04586e-05,4.82028e-05,3.80743e-05,2.9793e-05,2.30922e-05,1.77248e-05,1.34662e-05,1.01169e-05,7.50209e-06,5.47286e-06,3.91153e-06,2.72789e-06,1.84893e-06,1.213e-06,7.6686e-07,4.64469e-07,2.66604e-07,1.40593e-07,5.94911e-08,0
0,3.43209e-08,8.30364e-08,1.61512e-07,2.8901e-07,4.90077e-07,7.95531e-07,1.24302e-06,1.8776e-06,2.7528e-06,3.93304e-06,5.49821e-06,7.55187e-06,1.02348e-05,1.37215e-05,1.82078e-05,2.39197e-05,3.1113e-05,4.00706e-05,5.1098e-05,6.45155e-05,8.06481e-05,9.98122e-05,0.000122299,0.000148359,0.000178177,0.000211861,0.000249417,0.000290736,0.000335585,0.0003836,0.000434286,0.000487028,0.000541106,0.000595715,0.000649999,0.000703078,0.000754086,0.000802207,0.000846703,0.000886949,0.000922451,0.000952867,0.000978012,0.000997864,0.00101256,0.00102237,0.00102772,0.0010291,0.00102714,0.00102247,0.00101581,0.00100786,0.000999304,0.000990807,0.000982969,0.000976321,0.000971306,0.000968271,0.000967454,0.000968983,0.000972873,0.000979024,0.000987227,0.000997171,0.00100845,0.00102056,0.00103295,0.00104499,0.00105602,0.00106536,0.0010723,0.00107618,0.00107637,0.00107228,0.00106344,0.00104946,0.00103008,0.00100518,0.0009748,0.000939117,0.000898479,0.000853374,0.000804425,0.000752362,0.000698,0.000642205,0.000585859,0.000529831,0.000474939,0.000421928,0.00037144,0.000324004,0.000280022,0.000239767,0.00020339,0.000170922,0.000142296,0.000117357,9.58854e-05,7.76106e-05,6.2232e-05,4.94337e-05,3.88976e-05,3.03152e-05,2.33953e-05,1.78697e-05,1.34964e-05,1.00611e-05,7.37888e-06,5.30228e-06,3.7181e-06,2.53415e-06,1.67197e-06,1.06308e-06,6.47569e-07,3.73767e-07,1.98099e-07,8.41487e-08,0
0,4.8381e-08,1.16618e-07,2.25702e-07,4.01654e-07,6.77238e-07,1.09311e-06,1.69839e-06,2.55116e-06,3.71979e-06,5.28573e-06,7.3494e-06,1.00403e-05,1.35341e-05,1.80462e-05,2.38152e-05,3.1113e-05,4.02431e-05,5.15365e-05,6.53439e-05,8.20258e-05,0.000101938,0.000125415,0.00015275,0.000184172,0.000219823,0.00025974,0.000303831,0.000351861,0.000403446,0.000458049,0.000514988,0.00057345,0.000632519,0.000691207,0.000748487,0.000803342,0.0008548,0.00090198,0.000944123,0.000980626,0.00101106,0.0010352,0.00105299,0.00106457,0.00107028,0.0010706,0.00106613,0.0010576,0.00104581,0.0010316,0.00101586,0.000999429,0.00098315,0.000967795,0.000954063,0.000942565,0.000933804,0.00092817,0.000925927,0.000927216,0.000932046,0.000940301,0.000951742,0.000966014,0.000982652,0.00100109,0.0010207,0.00104074,0.00106044,0.001079,0.00109557,0.00110932,0.00111946,0.00112521,0.0011259,0.00112096,0.00110991,0.00109248,0.00106851,0.00103805,0.00100134,0.0009588,0.000911006,0.000858704,0.000802762,0.000744138,0.000683843,0.000622903,0.000562315,0.000503013,0.000445832,0.000391491,0.000340565,0.000293485,0.000250535,0.000211854,0.000177456,0.000147241,0.00012102,9.85316e-05,7.94666e-05,6.34857e-05,5.02371e-05,3.9371e-05,3.0551e-05,2.34616e-05,1.78146e-05,1.33512e-05,9.84445e-06,7.1125e-06,5.01504e-06,3.43732e-06,2.28079e-06,1.45854e-06,8.93559e-07,5.18617e-07,2.76254e-07,1.178e-07,0
0,6.7543e-08,1.62205e-07,3.12374e-07,5.5285e-07,9.2691e-07,1.48762e-06,2.29831e-06,3.43307e-06,4.97809e-06,7.03518e-06,9.72892e-06,1.32193e-05,1.77228e-05,2.35023e-05,3.08441e-05,4.00706e-05,5.15365e-05,6.56217e-05,8.27215e-05,0.000103232,0.000127531,0.00015596,0.000188793,0.000226218,0.000268307,0.000314993,0.000366051,0.000421085,0.000479523,0.00054062,0.000603475,0.000667057,0.000730238,0.000791836,0.000850665,0.000905581,0.000955536,0.00099962,0.0010371,0.00106744,0.00109034,0.00110573,0.00111374,0.00111474,0.00110929,0.00109809,0.001082,0.00106194,0.00103893,0.001014,0.000988179,0.000962468,0.000937816,0.000915093,0.000895075,0.00087843,0.000865701,0.000857304,0.000853518,0.000854485,0.000860208,0.000870555,0.000885263,0.000903945,0.000926099,0.000951114,0.000978286,0.00100682,0.00103587,0.00106449,0.00109175,0.00111666,0.00113825,0.00115557,0.00116775,0.00117398,0.00117359,0.00116605,0.00115102,0.00112834,0.00109809,0.00106055,0.00101622,0.000965799,0.000910175,0.000850363,0.000787484,0.000722707,0.00065721,0.000592128,0.00052851,0.000467288,0.000409246,0.000355007,0.000305022,0.000259576,0.000218794,0.000182662,0.000151046,0.000123715,0.000100367,8.06491e-05,6.41845e-05,5.05856e-05,3.94713e-05,3.04779e-05,2.32673e-05,1.75316e-05,1.2997e-05,9.44169e-06,6.69443e-06,4.61432e-06,3.07933e-06,1.98058e-06,1.22036e-06,7.12228e-07,3.81292e-07,1.63215e-07,0
0,9.33828e-08,2.23436e-07,4.28172e-07,7.53657e-07,1.25646e-06,2.00508e-06,3.08031e-06,4.57546e-06,6.59793e-06,9.27334e-06,1.27543e-05,1.72361e-05,2.29821e-05,3.03088e-05,3.95554e-05,5.1098e-05,6.53439e-05,8.27215e-05,0.000103666,0.000128601,0.000157916,0.000191936,0.000230899,0.000274921,0.00032397,0.000377842,0.000436138,0.000498263,0.000563418,0.000630618,0.00069872,0.000766452,0.000832469,0.000895403,0.000953922,0.00100679,0.00105293,0.00109144,0.00112168,0.00114325,0.00115603,0.00116017,0.00115605,0.0011443,0.00112573,0.00110132,0.00107215,0.00103938,0.00100421,0.000967839,0.000931433,0.000896104,0.00086288,0.000832694,0.000806362,0.000784575,0.00076789,0.000756726,0.000751357,0.000751917,0.000758398,0.000770655,0.000788413,0.000811272,0.000838713,0.00087011,0.00090473,0.000941752,0.000980264,0.00101928,0.00105776,0.00109461,0.00112871,0.00115895,0.00118424,0.00120356,0.00121598,0.00122073,0.00121719,0.00120497,0.00118391,0.0011541,0.00111588,0.00106987,0.0010169,0.000957993,0.000894349,0.00082726,0.00075807,0.000688115,0.000618672,0.000550907,0.000485842,0.000424325,0.000367016,0.000314378,0.000266689,0.000224054,0.000186423,0.000153623,0.000125378,0.000101343,8.11224e-05,6.43005e-05,5.04552e-05,3.91748e-05,3.00701e-05,2.27807e-05,1.69808e-05,1.2404e-05,8.84411e-06,6.13074e-06,4.11488e-06,2.66197e-06,1.64966e-06,9.6813e-07,5.20886e-07,2.23822e-07,0
0,1.27857e-07,3.04807e-07,5.81241e-07,1.01752e-06,1.68682e-06,2.6766e-06,4.08872e-06,6.03935e-06,8.66062e-06,1.21055e-05,1.65587e-05,2.22552e-05,2.95115e-05,3.8704e-05,5.0228e-05,6.45155e-05,8.20258e-05,0.000103232,0.000128601,0.000158573,0.000193527,0.000233755,0.000279425,0.00033055,0.000386956,0.000448258,0.000513848,0.000582887,0.000654315,0.000726881,0.000799174,0.000869679,0.000936837,0.000999113,0.00105507,0.00110342,0.0011431,0.00117332,0.00119357,0.00120369,0.00120378,0.00119428,0.00117589,0.00114953,0.0011163,0.00107744,0.00103429,0.000988203,0.000940548,0.000892652,0.000845775,0.000801087,0.00075965,0.000722408,0.000690169,0.000663608,0.000643258,0.000629508,0.00062261,0.000622674,0.000629678,0.000643469,0.000663775,0.000690205,0.000722258,0.000759326,0.000800701,0.000845575,0.000893042,0.000942108,0.000991687,0.00104062,0.00108769,0.00113163,0.00117118,0.00120509,0.00123217,0.00125136,0.00126175,0.00126265,0.0012536,0.00123443,0.00120526,0.00116651,0.00111892,0.00106345,0.00100133,0.000933924,0.000862719,0.000789243,0.000714997,0.000641398,0.000569729,0.000501095,0.000436399,0.000376326,0.000321344,0.000271716,0.000227514,0.000188651,0.000154908,0.000125964,0.000101427,8.08614e-05,6.38118e-05,4.9823e-05,3.84548e-05,2.92932e-05,2.19559e-05,1.61276e-05,1.15641e-05,8.06215e-06,5.44255e-06,3.54134e-06,2.20729e-06,1.30258e-06,7.04333e-07,3.038e-07,0
0,1.7336e-07,4.1179e-07,7.81424e-07,1.36056e-06,2.24282e-06,3.5387e-06,5.37509e-06,7.8949e-06,1.12586e-05,1.565e-05,2.12894e-05,2.84562e-05,3.75258e-05,4.89397e-05,6.31513e-05,8.06481e-05,0.000101938,0.000127531,0.000157916,0.000193527,0.000234715,0.000281706,0.000334567,0.000393167,0.000457148,0.000525904,0.00059857,0.000674028,0.000750928,0.000827726,0.000902739,0.000974209,0.00104039,0.00109961,0.00115037,0.00119141,0.00122177,0.00124082,0.0012483,0.00124431,0.00122931,0.00120408,0.00116966,0.0011273,0.00107843,0.00102454,0.000967192,0.000907916,0.000848197,0.000789436,0.000732922,0.000679821,0.000631164,0.000587838,0.000550589,0.000520021,0.000496599,0.000480651,0.000472377,0.000471852,0.000479036,0.000493776,0.000515819,0.000544813,0.000580313,0.000621781,0.000668583,0.000719991,0.000775171,0.000833182,0.00089297,0.000953371,0.00101312,0.00107085,0.00112515,0.00117457,0.00121766,0.00125307,0.00127956,0.00129608,0.00130181,0.00129624,0.00127919,0.00125083,0.00121167,0.00116257,0.00110469,0.00103942,0.000968357,0.00089318,0.000815606,0.000737305,0.000659832,0.000584578,0.000512721,0.000445207,0.000382737,0.000325771,0.000274546,0.000229098,0.000189294,0.000154868,0.000125449,0.000100602,7.98497e-05,6.26993e-05,4.86639e-05,3.72762e-05,2.80954e-05,2.07537e-05,1.4966e-05,1.0494e-05,7.12545e-06,4.66345e-06,2.92348e-06,1.73481e-06,9.42721e-07,4.08164e-07,0
0,2.32777e-07,5.50941e-07,1.04042e-06,1.80174e-06,2.95345e-06,4.63352e-06,6.99828e-06,1.02212e-05,1.44947e-05,2.00366e-05,2.71062e-05,3.60308e-05,4.72501e-05,6.12742e-05,7.8615e-05,9.98122e-05,0.000125415,0.00015596,0.000191936,0.000233755,0.000281706,0.000335918,0.000396313,0.000462577,0.000534122,0.000610077,0.000689279,0.000770298,0.000851467,0.00093094,0.00100676,0.00107696,0.00113963,0.00119302,0.00123566,0.00126637,0.00128439,0.00128936,0.00128133,0.00126081,0.00122864,0.001186,0.00113433,0.00107525,0.00101046,0.00094173,0.000870787,0.000799285,0.000728761,0.000660614,0.000596085,0.000536252,0.000482033,0.000434189,0.000393331,0.000359935,0.000334346,0.000316794,0.0003074,0.00030619,0.000313101,0.000327993,0.000350653,0.000380802,0.000418094,0.000462116,0.000512374,0.00056829,0.000629177,0.000694231,0.000762508,0.000832918,0.000904218,0.000975017,0.0010438,0.00110894,0.00116877,0.00122162,0.00126592,0.00130021,0.00132327,0.00133418,0.00133235,0.00131761,0.00129018,0.00125068,0.00120014,0.00113991,0.0010716,0.000997018,0.000918062,0.000836642,0.000754592,0.000673599,0.000595149,0.000520481,0.000450571,0.00038612,0.000327571,0.000275124,0.000228773,0.000188335,0.000153493,0.000123829,9.88627e-05,7.80759e-05,6.09422e-05,4.69442e-05,3.55821e-05,2.64336e-05,1.91715e-05,1.35209e-05,9.23444e-06,6.07914e-06,3.83303e-06,2.28716e-06,1.24905e-06,5.4283e-07,0
0,3.09528e-07,7.29989e-07,1.37191e-06,2.36305e-06,3.85191e-06,6.00889e-06,9.02421e-06,1.31059e-05,1.84813e-05,2.54051e-05,3.41777e-05,4.51775e-05,5.89124e-05,7.59631e-05,9.6897e-05,0.000122299,0.00015275,0.000188793,0.000230899,0.000279425,0.000334567,0.000396313,0.000464403,0.000538288,0.000617107,0.000699678,0.000784508,0.000869826,0.000953634,0.00103379,0.00110808,0.00117435,0.0012306,0.00127509,0.00130644,0.00132368,0.00132632,0.00131439,0.00128838,0.00124922,0.00119827,0.00113713,0.00106768,0.000991878,0.000911734,0.000829213,0.000746166,0.000664292,0.000585098,0.000509888,0.000439757,0.000375603,0.00031814,0.000267916,0.000225336,0.000190681,0.000164124,0.000145757,0.000135595,0.000133601,0.000139689,0.000153741,0.000175613,0.000205134,0.000242108,0.000286304,0.00033744,0.000395163,0.000459021,0.000528431,0.000602655,0.000680764,0.000761627,0.0008439,0.000926033,0.0010063,0.00108282,0.00115366,0.00121688,0.00127061,0.00131317,0.00134316,0.00135953,0.00136163,0.0013493,0.00132285,0.00128304,0.00123109,0.00116857,0.00109733,0.0010194,0.000936912,0.000851958,0.000766531,0.00068244,0.000601247,0.000524238,0.0004524,0.000386424,0.000326721,0.000273448,0.000226549,0.000185789,0.000150799,0.000121114,9.62081e-05,7.55272e-05,5.85113e-05,4.4603e-05,3.33258e-05,2.43103e-05,1.72454e-05,1.18474e-05,7.84516e-06,4.97521e-06,2.98515e-06,1.63829e-06,7.14663e-07,0
0,4.07603e-07,9.57899e-07,1.79164e-06,3.06952e-06,4.97562e-06,7.71797e-06,1.15253e-05,1.66436e-05,2.3338e-05,3.19015e-05,4.26771e-05,5.60958e-05,7.27355e-05,9.32476e-05,0.000118249,0.000148359,0.000184172,0.000226218,0.000274921,0.00033055,0.000393167,0.000462577,0.000538288,0.000619472,0.000704948,0.000793189,0.000882339,0.000970269,0.00105465,0.00113306,0.00120307,0.0012624,0.00130904,0.00134134,0.00135811,0.00135871,0.00134306,0.00131166,0.00126553,0.00120615,0.00113538,0.00105536,0.000968364,0.000876704,0.000782638,0.000688276,0.000595517,0.000506009,0.000421126,0.000341973,0.000269393,0.000203999,0.000146202,9.62514e-05,5.42632e-05,2.02579e-05,-5.81276e-06,-2.40398e-05,-3.45358e-05,-3.74163e-05,-3.2785e-05,-2.07228e-05,-1.28055e-06,2.55215e-05,5.96873e-05,0.000101231,0.000150152,0.000206405,0.000269856,0.00034024,0.000417116,0.000499818,0.000587421,0.00067872,0.000772218,0.000866144,0.00095849,0.00104707,0.00112959,0.00120379,0.00126748,0.00131873,0.00135594,0.00137793,0.00138402,0.0013741,0.00134858,0.00130842,0.00125504,0.00119027,0.00111622,0.00103516,0.000949424,0.000861305,0.000772936,0.000686223,0.000602793,0.000523956,0.000450694,0.000383672,0.00032326,0.000269564,0.000222473,0.000181697,0.000146817,0.000117319,9.26383e-05,7.21826e-05,5.53431e-05,4.15907e-05,3.05169e-05,2.17758e-05,1.50483e-05,1.00235e-05,6.39352e-06,3.85737e-06,2.12741e-06,9.31485e-07,0
0,5.31579e-07,1.24489e-06,2.31738e-06,3.94914e-06,6.36588e-06,9.81873e-06,1.45792e-05,2.09346e-05,2.9189e-05,3.96745e-05,5.27764e-05,6.89776e-05,8.89267e-05,0.000113342,0.000142879,0.000178177,0.000219823,0.000268307,0.00032397,0.000386956,0.000457148,0.000534122,0.000617107,0.000704948,0.000796109,0.000888679,0.000980425,0.00106886,0.00115133,0.00122517,0.0012878,0.0013369,0.00137053,0.00138723,0.00138615,0.00136709,0.00133049,0.00127743,0.00120955,0.00112895,0.00103807,0.000939553,0.000836081,0.000730285,0.000624608,0.000521227,0.000421989,0.000328388,0.000241551,0.000162268,9.10169e-05,2.80168e-05,-2.67216e-05,-7.33419e-05,-0.000112091,-0.000143275,-0.000167216,-0.000184221,-0.000194556,-0.000198421,-0.000195935,-0.000187125,-0.000171915,-0.000150137,-0.000121535,-8.57879e-05,-4.25454e-05,8.53092e-06,6.77121e-05,0.000135141,0.000210767,0.000294286,0.000385079,0.000482177,0.00058423,0.000689514,0.000795949,0.000901166,0.00100258,0.0010975,0.00118326,0.00125736,0.00131759,0.00136214,0.00138974,0.00139973,0.00139205,0.0013673,0.00132665,0.00127179,0.0012048,0.00112806,0.00104409,0.000955451,0.000864587,0.000773758,0.000684949,0.000599825,0.000519701,0.000445537,0.000377958,0.000317282,0.00026356,0.00021662,0.000176119,0.000141586,0.000112464,8.81446e-05,6.79776e-05,5.1386e-05,3.79268e-05,2.72238e-05,1.8925e-05,1.26803e-05,8.13515e-06,4.93525e-06,2.73523e-06,1.20205e-06,0
0,6.86609e-07,1.60238e-06,2.96884e-06,5.03258e-06,8.0674e-06,1.23729e-05,1.82675e-05,2.60818e-05,3.61594e-05,4.887e-05,6.46393e-05,8.39994e-05,0.000107667,0.00013642,0.000170939,0.000211861,0.00025974,0.000314993,0.000377842,0.000448258,0.000525904,0.000610077,0.000699678,0.000793189,0.000888679,0.00098384,0.00107605,0.00116247,0.00124018,0.0013063,0.0013582,0.00139359,0.00141072,0.00140846,0.00138643,0.00134496,0.00128514,0.00120876,0.00111813,0.00101603,0.000905501,0.000789675,0.000671636,0.000554257,0.00044009,0.000331281,0.00022952,0.000136025,5.1564e-05,-2.35114e-05,-8.92e-05,-0.000145783,-0.000193748,-0.000233715,-0.000266369,-0.0002924,-0.000312452,-0.00032708,-0.000336721,-0.000341663,-0.000342034,-0.000337783,-0.000328682,-0.000314329,-0.000294168,-0.000267515,-0.000233602,-0.000191637,-0.000140869,-8.06643e-05,-1.05947e-05,6.94861e-05,0.000159364,0.000258402,0.000365497,0.000479064,0.000597045,0.000716959,0.000835983,0.000951061,0.00105904,0.00115685,0.00124161,0.00131085,0.00136263,0.00139561,0.00140917,0.0014034,0.00137912,0.00133775,0.00128127,0.00121206,0.00113278,0.00104618,0.000955004,0.000861857,0.000769089,0.000678741,0.000592488,0.000511628,0.000437086,0.000369431,0.000308924,0.000255551,0.000209084,0.000169123,0.000135147,0.000106554,8.26634e-05,6.2859e-05,4.66714e-05,3.37009e-05,2.35677e-05,1.58847e-05,1.02501e-05,6.25259e-06,3.48225e-06,1.53597e-06,0
0,8.78392e-07,2.04293e-06,3.76743e-06,6.35274e-06,1.01274e-05,1.54449e-05,2.26735e-05,3.21882e-05,4.43709e-05,5.96258e-05,7.84141e-05,0.000101312,0.000129098,0.0001626,0.000202502,0.000249417,0.000303831,0.000366051,0.000436138,0.000513848,0.00059857,0.000689279,0.000784508,0.000882339,0.000980425,0.00107605,0.00116621,0.00124776,0.00131755,0.00137258,0.00141024,0.0014284,0.00142561,0.00140123,0.00135543,0.00128924,0.0012045,0.00110375,0.000990093,0.000866978,0.000738047,0.000606915,0.00047699,0.000351317,0.000232461,0.000122429,2.26349e-05,-6.60921e-05,-0.000143469,-0.000209688,-0.000265337,-0.000311292,-0.000348629,-0.000378521,-0.000402156,-0.00042066,-0.000435037,-0.000446117,-0.000454517,-0.000460618,-0.00046454,-0.000466135,-0.000464988,-0.000460428,-0.000451548,-0.00043725,-0.000416297,-0.000387381,-0.000349206,-0.000300586,-0.000240537,-0.000168386,-8.38583e-05,1.28331e-05,0.000120927,0.000239077,0.000365342,0.000497226,0.000631745,0.000765539,0.000895019,0.00101654,0.00112659,0.00122196,0.00129996,0.00135853,0.00139634,0.00141291,0.00140852,0.00138425,0.00134184,0.00128358,0.00121216,0.00113048,0.00104154,0.000948245,0.000853308,0.000759149,0.00066783,0.000581017,0.000499968,0.000425555,0.000358285,0.00029835,0.000245675,0.000199968,0.000160776,0.000127528,9.95305e-05,7.61403e-05,5.68728e-05,4.13145e-05,2.90654e-05,1.97067e-05,1.27902e-05,7.84493e-06,4.39029e-06,1.94355e-06,0
0,1.1131e-06,2.58002e-06,4.73591e-06,7.94412e-06,1.25948e-05,1.90998e-05,2.78797e-05,3.93531e-05,5.39371e-05,7.20646e-05,9.4225e-05,0.00012103,0.000153312,0.000191932,0.000237555,0.000290736,0.000351861,0.000421085,0.000498263,0.000582887,0.000674028,0.000770298,0.000869826,0.000970269,0.00106886,0.00116247,0.00124776,0.00132132,0.00137983,0.00142029,0.00144019,0.0014377,0.00141183,0.0013625,0.00129059,0.00119795,0.00108724,0.000961836,0.000825621,0.000682755,0.000537449,0.000393737,0.000255276,0.000125188,5.94234e-06,-0.000100708,-0.000193739,-0.000272825,-0.000338274,-0.000390928,-0.00043205,-0.000463201,-0.000486116,-0.000502588,-0.000514361,-0.00052304,-0.000530017,-0.000536416,-0.000543044,-0.000550364,-0.000558477,-0.000567112,-0.000575636,-0.000583066,-0.000588109,-0.000589207,-0.000584606,-0.00057244,-0.000550825,-0.00051797,-0.000472291,-0.000412526,-0.000337849,-0.000247972,-0.000143229,-2.46345e-05,0.000106093,0.000246542,0.000393666,0.000543892,0.000693259,0.000837611,0.000972797,0.00109489,0.00120041,0.00128648,0.00135103,0.00139283,0.00141157,0.00140783,0.00138301,0.00133917,0.00127894,0.0012053,0.00112142,0.00103046,0.000935473,0.000839258,0.000744263,0.000652541,0.00056572,0.000485005,0.000411198,0.000344736,0.000285741,0.000234069,0.000189369,0.000151132,0.000118672,9.13361e-05,6.86377e-05,5.01632e-05,3.55034e-05,2.42152e-05,1.58076e-05,9.74871e-06,5.48202e-06,2.43563e-06,0
0,1.39726e-06,3.22783e-06,5.89792e-06,9.84202e-06,1.55184e-05,2.34013e-05,3.39646e-05,4.7668e-05,6.49578e-05,8.62874e-05,0.000112164,0.000143225,0.00018034,0.000224386,0.00027598,0.000335585,0.000403446,0.000479523,0.000563418,0.000654315,0.000750928,0.000851467,0.000953634,0.00105465,0.00115133,0.00124018,0.00131755,0.00137983,0.00142365,0.00144608,0.00144487,0.0014186,0.00136686,0.00129028,0.00119057,0.00107044,0.000933465,0.000783898,0.000626404,0.000465817,0.000306861,0.000153911,1.07779e-05,-0.000119451,-0.000234514,-0.000333022,-0.00041445,-0.000479076,-0.000527888,-0.000562458,-0.000584801,-0.000597225,-0.000602183,-0.000602136,-0.000599424,-0.000596163,-0.000594159,-0.000594837,-0.000599195,-0.000607771,-0.000620625,-0.00063734,-0.000657028,-0.000678362,-0.000699622,-0.000718757,-0.000733464,-0.000741289,-0.000739738,-0.000726391,-0.000699039,-0.000655803,-0.000595266,-0.000516587,-0.000419603,-0.00030491,-0.00017391,-2.88188e-05,0.000127368,0.000290969,0.000457753,0.000623128,0.000782363,0.000930832,0.00106426,0.00117894,0.00127196,0.00134129,0.0013859,0.00140576,0.00140179,0.00137574,0.00133005,0.00126766,0.00119183,0.00110593,0.00101331,0.000917096,0.000820123,0.000724838,0.000633258,0.000546953,0.000467055,0.000394288,0.000329013,0.000271276,0.000220867,0.000177371,0.000140138,0.000108521,8.20517e-05,6.03325e-05,4.29593e-05,2.94753e-05,1.93528e-05,1.20002e-05,6.78044e-06,3.02331e-06,0
0,1.73765e-06,4.00088e-06,7.27734e-06,1.20815e-05,1.89457e-05,2.84099e-05,4.1e-05,5.72122e-05,7.75137e-05,0.000102367,0.000132285,0.000167912,0.000210142,0.000259845,0.000317553,0.0003836,0.000458049,0.00054062,0.000630618,0.000726881,0.000827726,0.00093094,0.00103379,0.00113306,0.00122517,0.0013063,0.00137258,0.00142029,0.00144608,0.00144724,0.00142189,0.00136917,0.00128934,0.00118388,0.00105541,0.000907566,0.000744877,0.000572456,0.000395731,0.000220145,5.08554e-05,-0.000107526,-0.000251147,-0.000377067,-0.000483345,-0.000569058,-0.000634269,-0.000679937,-0.000707795,-0.000720201,-0.000719969,-0.000710197,-0.000694093,-0.000674817,-0.000655337,-0.000638302,-0.000625942,-0.000619991,-0.000621636,-0.000631474,-0.000649505,-0.000675133,-0.000707186,-0.000743957,-0.000783267,-0.00082254,-0.000858908,-0.000889318,-0.000910658,-0.000919891,-0.000914184,-0.000891047,-0.000848462,-0.000785013,-0.000699995,-0.000593519,-0.00046658,-0.000321092,-0.000159879,1.33926e-05,0.000194341,0.000378047,0.000559289,0.000732798,0.000893541,0.00103698,0.00115932,0.00125768,0.00133022,0.0013762,0.00139595,0.00139077,0.0013628,0.00131484,0.00125013,0.00117217,0.00108451,0.000990599,0.000893614,0.000796389,0.000701335,0.000610405,0.000525093,0.000446445,0.000375101,0.000311337,0.000255125,0.000206184,0.000163925,0.000127731,9.71733e-05,7.18899e-05,5.14996e-05,3.55458e-05,2.34735e-05,1.46343e-05,8.30807e-06,3.7176e-06,0
0,2.14106e-06,4.91364e-06,8.89757e-06,1.4696e-05,2.29211e-05,3.41796e-05,4.9047e-05,6.80487e-05,9.16614e-05,0.000120343,0.000154593,0.000195048,0.000242605,0.000298095,0.000361934,0.000434286,0.000514988,0.000603475,0.00069872,0.000799174,0.000902739,0.00100676,0.00110808,0.00120307,0.0012878,0.0013582,0.00141024,0.00144019,0.00144487,0.00142189,0.00136988,0.00128864,0.00117926,0.00104409,0.000886747,0.000711847,0.00052484,0.000331676,0.000138479,-4.87903e-05,-0.000224651,-0.000384374,-0.000524186,-0.000641408,-0.000734519,-0.000803147,-0.000848007,-0.000870787,-0.000873999,-0.00086081,-0.000834852,-0.000800028,-0.00076032,-0.000719607,-0.0006815,-0.000649194,-0.000625356,-0.000612032,-0.000610584,-0.000621659,-0.000645171,-0.000680316,-0.000725602,-0.000778907,-0.000837561,-0.000898445,-0.000958111,-0.00101291,-0.00105914,-0.00109317,-0.00111158,-0.00111132,-0.00108979,-0.00104502,-0.000975728,-0.000881512,-0.000762883,-0.000621354,-0.000459456,-0.000280705,-8.94976e-05,0.000109056,0.000309356,0.000505591,0.000692037,0.000863357,0.00101488,0.00114285,0.00124455,0.00131846,0.00136419,0.00138251,0.00137512,0.00134455,0.00129395,0.00122682,0.00114684,0.0010577,0.00096288,0.000865576,0.00076858,0.000674236,0.000584415,0.000500517,0.000423495,0.000353896,0.000291913,0.000237437,0.000189972,0.000148959,0.000114029,8.48801e-05,6.11755e-05,4.24763e-05,2.82118e-05,1.76832e-05,1.00862e-05,4.52912e-06,0
0,2.61414e-06,5.98001e-06,1.07807e-05,1.77165e-05,2.74837e-05,4.0756e-05,5.81531e-05,8.02197e-05,0.000107428,0.000140213,0.000179043,0.000224524,0.000277531,0.000338829,0.000408678,0.000487028,0.00057345,0.000667057,0.000766452,0.000869679,0.000974209,0.00107696,0.00117435,0.0012624,0.0013369,0.00139359,0.0014284,0.0014377,0.0014186,0.00136917,0.00128864,0.0011776,0.00103802,0.000873244,0.000687847,0.000487439,0.000278354,6.73049e-05,-0.00013899,-0.000334171,-0.000512563,-0.00066945,-0.000801259,-0.000905682,-0.000981698,-0.00102955,-0.00105062,-0.00104736,-0.00102304,-0.000981637,-0.000927577,-0.000865565,-0.000800357,-0.000736557,-0.000678428,-0.000629725,-0.000593557,-0.000572281,-0.000567435,-0.000579693,-0.00060886,-0.000653892,-0.000712939,-0.00078343,-0.00086217,-0.000945474,-0.00102931,-0.00110946,-0.00118164,-0.00124172,-0.00128576,-0.00131019,-0.00131194,-0.00128848,-0.00123804,-0.00115964,-0.00105327,-0.000919947,-0.000761802,-0.000582059,-0.000384981,-0.000175722,3.98884e-05,0.00025562,0.00046516,0.000662444,0.000841978,0.000999111,0.00113026,0.00123302,0.00130627,0.00135008,0.00136564,0.00135511,0.00132137,0.00126784,0.00119825,0.00111642,0.00102609,0.000930749,0.000833552,0.000737224,0.000644017,0.000555704,0.000473581,0.000398501,0.000330913,0.000270923,0.000218161,0.000172149,0.000132608,9.93216e-05,7.20204e-05,5.03042e-05,3.36026e-05,2.11749e-05,1.21342e-05,5.46761e-06,0
0,3.16309e-06,7.21285e-06,1.29465e-05,2.11695e-05,3.26656e-05,4.81732e-05,6.83488e-05,9.37435e-05,0.000124808,0.000161934,0.000205536,0.000256164,0.000314648,0.000381651,0.000457237,0.000541106,0.000632519,0.000730238,0.000832469,0.000936837,0.00104039,0.00113963,0.0012306,0.00130904,0.00137053,0.00141072,0.00142561,0.00141183,0.00136686,0.00128934,0.00117926,0.00103802,0.000868566,0.000675213,0.000463532,0.00024005,1.19121e-05,-0.000213516,-0.000429051,-0.000628073,-0.000804861,-0.000954842,-0.00107477,-0.00116278,-0.00121843,-0.00124259,-0.00123733,-0.0012058,-0.001152,-0.00108065,-0.000996959,-0.000906384,-0.000814444,-0.000726466,-0.000647378,-0.000581505,-0.00053241,-0.00050277,-0.000494289,-0.000507655,-0.000542541,-0.000597624,-0.000670661,-0.000758583,-0.000857637,-0.000963544,-0.00107168,-0.00117728,-0.00127556,-0.00136192,-0.00143204,-0.00148195,-0.00150818,-0.00150779,-0.00147849,-0.00141881,-0.00132815,-0.00120698,-0.00105691,-0.000880756,-0.000682486,-0.000467137,-0.000240611,-9.40742e-06,0.000219706,0.000440047,0.000645369,0.000830186,0.000990032,0.00112164,0.00122306,0.00129361,0.00133387,0.00134549,0.00133101,0.00129363,0.001237,0.001165,0.00108152,0.000990303,0.000894803,0.000798101,0.000702825,0.000611125,0.000524657,0.00044461,0.000371729,0.000306364,0.000248309,0.000197196,0.000152862,0.000115203,8.40459e-05,5.90525e-05,3.96714e-05,2.51318e-05,1.44681e-05,6.54156e-06,0
0,3.79344e-06,8.62332e-06,1.54117e-05,2.50763e-05,3.84899e-05,5.64516e-05,7.96447e-05,0.000108611,0.000143759,0.000185415,0.000233915,0.000289727,0.000353607,0.000426082,0.000506981,0.000595715,0.000691207,0.000791836,0.000895403,0.000999113,0.00109961,0.00119302,0.00127509,0.00134134,0.00138723,0.00140846,0.00140123,0.0013625,0.00129028,0.00118388,0.00104409,0.000873244,0.000675213,0.000455306,0.00022002,-2.32836e-05,-0.000266767,-0.00050255,-0.000723137,-0.000921808,-0.00109294,-0.00123224,-0.00133689,-0.00140556,-0.00143838,-0.00143686,-0.00140371,-0.00134268,-0.00125844,-0.00115637,-0.00104234,-0.000922561,-0.00080327,-0.000690525,-0.000589935,-0.000506419,-0.000444017,-0.000405734,-0.000393443,-0.000407838,-0.000448429,-0.000513583,-0.000600612,-0.000705902,-0.000825085,-0.000953253,-0.00108518,-0.00121557,-0.00133919,-0.00145111,-0.00154672,-0.00162183,-0.00167272,-0.00169613,-0.00168939,-0.00165053,-0.0015784,-0.00147285,-0.00133489,-0.00116678,-0.000972072,-0.000755519,-0.000522926,-0.000280896,-3.64963e-05,0.000203106,0.000431027,0.000641025,0.000827805,0.000987245,0.00111654,0.00121423,0.00128019,0.00131546,0.00132213,0.00130307,0.00126174,0.00120196,0.00112766,0.00104275,0.000950938,0.000855607,0.000759737,0.000665843,0.000575957,0.000491617,0.000413892,0.000343417,0.000280178,0.000223944,0.000174699,0.000132481,9.724e-05,6.87274e-05,4.64327e-05,2.95697e-05,1.71004e-05,7.75776e-06,0
0,4.50977e-06,1.02204e-05,1.81888e-05,2.9451e-05,4.4969e-05,6.5596e-05,9.20294e-05,0.000124783,0.000164202,0.000210521,0.000263971,0.00032491,0.000393993,0.000471575,0.000557214,0.000649999,0.000748487,0.000850665,0.000953922,0.00105507,0.00115037,0.00123566,0.00130644,0.00135811,0.00138615,0.00138643,0.00135543,0.00129059,0.00119057,0.00105541,0.000886747,0.000687847,0.000463532,0.00022002,-3.53566e-05,-0.000294524,-0.000549101,-0.000790857,-0.00101215,-0.00120633,-0.00136802,-0.00149333,-0.00157994,-0.00162712,-0.00163558,-0.0016074,-0.00154582,-0.00145512,-0.00134047,-0.00120776,-0.00106347,-0.000914463,-0.0007677,-0.00062998,-0.000507625,-0.000406195,-0.000330242,-0.000283126,-0.0002669,-0.000282256,-0.00032852,-0.000403708,-0.000504629,-0.000627053,-0.000765931,-0.000915662,-0.00107039,-0.00122428,-0.00137174,-0.00150761,-0.00162717,-0.00172618,-0.00180087,-0.00184783,-0.00186413,-0.00184737,-0.00179585,-0.00170878,-0.00158648,-0.00143058,-0.00124406,-0.00103123,-0.000797649,-0.000549848,-0.000295029,-4.06848e-05,0.000205803,0.000437553,0.000648524,0.000833787,0.000989708,0.00111403,0.00120585,0.00126557,0.00129469,0.00129565,0.0012716,0.00122616,0.00116324,0.00108679,0.00100068,0.000908542,0.000813665,0.000718911,0.000626675,0.000538861,0.000456881,0.000381683,0.000313475,0.000252191,0.000197989,0.000151079,0.000111565,7.93167e-05,5.38879e-05,3.44956e-05,2.00386e-05,9.12083e-06,0
0,5.31542e-06,1.20101e-05,2.12853e-05,3.42998e-05,5.2103e-05,7.55938e-05,0.000105468,0.000142192,0.000186021,0.000237073,0.000295445,0.00036136,0.000435338,0.000517534,0.0006072,0.000703078,0.000803342,0.000905581,0.00100679,0.00110342,0.00119141,0.00126637,0.00132368,0.00135871,0.00136709,0.00134496,0.00128924,0.00119795,0.00107044,0.000907566,0.000711847,0.000487439,0.00024005,-2.32836e-05,-0.000294524,-0.000565043,-0.000826088,-0.00106926,-0.00128694,-0.00147271,-0.00162158,-0.00173016,-0.00179673,-0.00182113,-0.00180466,-0.00174987,-0.00166039,-0.00154084,-0.0013967,-0.00123423,-0.00106038,-0.000882594,-0.000708555,-0.000545848,-0.000401581,-0.000282025,-0.000192311,-0.000136198,-0.000115942,-0.000132231,-0.000184185,-0.000269425,-0.000384191,-0.000523544,-0.000681647,-0.000852109,-0.00102837,-0.00120406,-0.00137327,-0.00153074,-0.00167185,-0.00179256,-0.00188924,-0.00195858,-0.00199751,-0.00200329,-0.0019737,-0.00190728,-0.00180363,-0.00166363,-0.00148957,-0.00128522,-0.00105573,-0.000807383,-0.000547362,-0.000283313,-2.2954e-05,0.000226334,0.000457884,0.00066605,0.000846421,0.000995947,0.00111296,0.00119714,0.00124933,0.00127145,0.00126621,0.00123693,0.00118734,0.00112136,0.00104292,0.000955817,0.000863586,0.000769402,0.000676004,0.000585659,0.000500136,0.000420718,0.000347862,0.000281691,0.000222563,0.000170889,0.000126959,9.07882e-05,6.20247e-05,3.99078e-05,2.32849e-05,1.06329e-05,0
0,6.21222e-06,1.39953e-05,2.47028e-05,3.96197e-05,5.98788e-05,8.64139e-05,0.000119902,0.000160738,0.000209063,0.00026485,0.000328035,0.000398678,0.000477137,0.000563335,0.000656194,0.000754086,0.0008548,0.000955536,0.00105293,0.0011431,0.00122177,0.00128439,0.00132632,0.00134306,0.00133049,0.00128514,0.0012045,0.00108724,0.000933465,0.000744877,0.00052484,0.000278354,1.19121e-05,-0.000266767,-0.000549101,-0.000826088,-0.00108879,-0.00132882,-0.00153878,-0.0017126,-0.0018458,-0.00193561,-0.00198091,-0.00198215,-0.00194114,-0.00186077,-0.00174492,-0.00159829,-0.0014264,-0.00123568,-0.00103339,-0.000827513,-0.000626469,-0.00043872,-0.000272285,-0.000134273,-3.04877e-05,3.48411e-05,5.92222e-05,4.19639e-05,-1.58332e-05,-0.000111343,-0.000240151,-0.000396489,-0.000573579,-0.000764084,-0.000960612,-0.0011562,-0.00134468,-0.00152083,-0.00168038,-0.00181976,-0.00193581,-0.00202552,-0.00208588,-0.00211388,-0.00210682,-0.00206254,-0.00197985,-0.00185883,-0.00170103,-0.00150953,-0.00128896,-0.00104524,-0.000785338,-0.000516903,-0.000247818,1.42012e-05,0.00026201,0.000489361,0.00069116,0.000863617,0.00100431,0.00111217,0.00118735,0.00123114,0.00124572,0.001234,0.00119942,0.00114571,0.00107678,0.000996503,0.000908581,0.000816448,0.000723159,0.000631326,0.00054308,0.000460052,0.000382967,0.000312162,0.000248217,0.000191772,0.000143331,0.00010309,7.08161e-05,4.57944e-05,2.68354e-05,1.22933e-05,0
0,7.20032e-06,1.61749e-05,2.84365e-05,4.53978e-05,6.82693e-05,9.80064e-05,0.000135248,0.000180295,0.000233145,0.0002936,0.000361407,0.000436438,0.000518864,0.00060835,0.000703466,0.000802207,0.00090198,0.00099962,0.00109144,0.00117332,0.00124082,0.00128936,0.00131439,0.00131166,0.00127743,0.00120876,0.00110375,0.000961836,0.000783898,0.000572456,0.000331676,6.73049e-05,-0.000213516,-0.00050255,-0.000790857,-0.00106926,-0.00132882,-0.00156136,-0.00175982,-0.00191866,-0.00203399,-0.00210367,-0.00212728,-0.00210582,-0.00204156,-0.00193762,-0.00179785,-0.00162673,-0.00142954,-0.00121255,-0.000983156,-0.000749832,-0.00052182,-0.000308631,-0.000119396,3.77485e-05,0.000156173,0.000231091,0.000259725,0.000241364,0.000177345,7.09895e-05,-7.25327e-05,-0.000246456,-0.000442842,-0.000653162,-0.000868986,-0.00108264,-0.0012877,-0.0014792,-0.00165347,-0.00180781,-0.00193988,-0.00204728,-0.00212721,-0.00217652,-0.00219196,-0.00217065,-0.00211057,-0.00201095,-0.00187253,-0.0016977,-0.00149044,-0.00125619,-0.00100161,-0.000734149,-0.000461696,-0.000192125,6.71042e-05,0.000309295,0.000528788,0.000721143,0.000883231,0.00101324,0.00111062,0.00117596,0.00121082,0.00121759,0.0011993,0.00115941,0.00110165,0.00102987,0.000947874,0.000859281,0.000767413,0.000675205,0.000585138,0.000499199,0.000418397,0.000343295,0.000274719,0.000213562,0.000160571,0.000116151,8.02203e-05,5.21332e-05,3.06797e-05,1.40982e-05,0
0,8.27792e-06,1.85438e-05,3.24748e-05,5.16109e-05,7.72328e-05,0.000110303,0.000151401,0.000200708,0.000258054,0.00032304,0.000395202,0.000474199,0.000559992,0.000651968,0.000748332,0.000846703,0.000944123,0.0010371,0.00112168,0.00119357,0.0012483,0.00128133,0.00128838,0.00126553,0.00120955,0.00111813,0.000990093,0.000825621,0.000626404,0.000395731,0.000138479,-0.00013899,-0.000429051,-0.000723137,-0.00101215,-0.00128694,-0.00153878,-0.00175982,-0.00194354,-0.00208495,-0.00218085,-0.00222979,-0.00223198,-0.00218904,-0.00210361,-0.00197895,-0.00181858,-0.00162639,-0.00140693,-0.00116595,-0.000910754,-0.000650274,-0.000394742,-0.000154999,5.83778e-05,0.000235937,0.000370023,0.000455168,0.000488259,0.000468542,0.000397596,0.000279279,0.000119639,-7.33442e-05,-0.000290253,-0.000520999,-0.000755772,-0.000985972,-0.00120491,-0.00140805,-0.00159278,-0.00175772,-0.00190185,-0.00202374,-0.002121,-0.0021903,-0.00222777,-0.00222973,-0.00219325,-0.00211674,-0.00200012,-0.00184504,-0.00165486,-0.00143445,-0.00119,-0.000928679,-0.000658192,-0.000386395,-0.000120883,0.000131364,0.000364273,0.000572868,0.000753395,0.000903352,0.00102146,0.00110759,0.00116263,0.00118834,0.00118722,0.00116234,0.00111717,0.00105541,0.000980862,0.000897255,0.000808125,0.00071669,0.000625762,0.000537681,0.000453746,0.000374762,0.000301813,0.000236067,0.000178542,0.000129881,9.01806e-05,5.88912e-05,3.48006e-05,1.60406e-05,0
0,9.44118e-06,2.10925e-05,3.67988e-05,5.82255e-05,8.67139e-05,0.000123217,0.000168236,0.000221803,0.000283557,0.000352873,0.000429052,0.00051152,0.000600012,0.00069362,0.000790182,0.000886949,0.000980626,0.00106744,0.00114325,0.00120369,0.00124431,0.00126081,0.00124922,0.00120615,0.00112895,0.00101603,0.000866978,0.000682755,0.000465817,0.000220145,-4.87903e-05,-0.000334171,-0.000628073,-0.000921808,-0.00120633,-0.00147271,-0.0017126,-0.00191866,-0.00208495,-0.00220716,-0.00228275,-0.00231095,-0.00229261,-0.00222995,-0.00212606,-0.00198428,-0.00180752,-0.00159847,-0.00136036,-0.00109786,-0.000817878,-0.000529811,-0.000245164,2.34108e-05,0.000263385,0.000463569,0.000615004,0.000711412,0.00074929,0.000727824,0.000648819,0.000516697,0.000338503,0.000123716,-0.000116313,-0.000369375,-0.000623737,-0.000869515,-0.00109969,-0.00131044,-0.00150073,-0.00167123,-0.0018229,-0.00195572,-0.0020679,-0.00215582,-0.00221473,-0.00223988,-0.00222746,-0.00217503,-0.00208182,-0.00194881,-0.00177869,-0.00157579,-0.00134577,-0.00109534,-0.000831911,-0.000563135,-0.000296561,-3.92667e-05,0.000202422,0.000423141,0.000618619,0.000785735,0.00092252,0.00102811,0.00110266,0.00114725,0.00116377,0.00115475,0.0011233,0.00107286,0.00100714,0.000929876,0.000844761,0.000755247,0.000664447,0.000575039,0.000488617,0.000406228,0.000329229,0.00025908,0.000197091,0.000144173,0.000100627,6.60254e-05,3.91745e-05,1.81101e-05,0
0,1.06842e-05,2.3807e-05,4.13823e-05,6.51975e-05,9.66437e-05,0.000136648,0.000185607,0.000243387,0.000309404,0.000382789,0.000462587,0.000547977,0.000638451,0.000732801,0.000828499,0.000922451,0.00101106,0.00109034,0.00115603,0.00120378,0.00122931,0.00122864,0.00119827,0.00113538,0.00103807,0.000905501,0.000738047,0.000537449,0.000306861,5.08554e-05,-0.000224651,-0.000512563,-0.000804861,-0.00109294,-0.00136802,-0.00162158,-0.0018458,-0.00203399,-0.00218085,-0.00228275,-0.00233778,-0.00234578,-0.00230817,-0.0022278,-0.00210845,-0.00195384,-0.00176585,-0.00154518,-0.00129274,-0.00101135,-0.000707072,-0.000389827,-7.28843e-05,0.000228543,0.000499189,0.000725514,0.000896905,0.00100614,0.00104933,0.00102557,0.000936868,0.00078816,0.000587596,0.000346507,7.88247e-05,-0.000200271,-0.000476284,-0.000737453,-0.000976285,-0.00119007,-0.00138016,-0.00155028,-0.00170433,-0.00184435,-0.0019693,-0.00207495,-0.00215492,-0.0022031,-0.0022147,-0.00218665,-0.00211764,-0.00200811,-0.00186023,-0.00167773,-0.00146571,-0.00123038,-0.000978665,-0.00071788,-0.000455338,-0.000198032,4.76435e-05,0.000276093,0.000482659,0.000663701,0.000816615,0.000939822,0.00103273,0.00109568,0.00112985,0.00113718,0.00112026,0.00108221,0.00102649,0.000956813,0.000876916,0.000790436,0.00070075,0.000610854,0.000522626,0.000437361,0.000356691,0.000282381,0.000216052,0.000158905,0.000111476,7.34833e-05,4.37711e-05,2.02932e-05,0
0,1.19988e-05,2.66686e-05,4.61923e-05,7.24736e-05,0.000106941,0.000150478,0.000203358,0.000265253,0.00033534,0.000412481,0.000495453,0.000583175,0.000674888,0.000769083,0.00086288,0.000952867,0.0010352,0.00110573,0.00116017,0.00119428,0.00120408,0.001186,0.00113713,0.00105536,0.000939553,0.000789675,0.000606915,0.000393737,0.000153911,-0.000107526,-0.000384374,-0.00066945,-0.000954842,-0.00123224,-0.00149333,-0.00173016,-0.00193561,-0.00210367,-0.00222979,-0.00231095,-0.00234578,-0.00233453,-0.00227898,-0.0021826,-0.00205045,-0.00188798,-0.00169526,-0.00146962,-0.00120824,-0.000910859,-0.000582054,-0.000232363,0.000122376,0.000463181,0.000770847,0.0010286,0.00122374,0.00134805,0.00139732,0.00137062,0.00127,0.00110079,0.000872245,0.000597975,0.000295413,-1.60037e-05,-0.00031769,-0.000595062,-0.000839917,-0.00105121,-0.00123392,-0.00139634,-0.00154673,-0.00169014,-0.00182655,-0.0019504,-0.00205192,-0.00212304,-0.00215823,-0.00215416,-0.00210931,-0.00202383,-0.00189945,-0.00173941,-0.00154822,-0.00133149,-0.00109559,-0.000847324,-0.000593604,-0.000341152,-9.62539e-05,0.000135436,0.000349024,0.000540463,0.000706596,0.000845173,0.000954857,0.00103521,0.00108665,0.00111043,0.00110855,0.00108366,0.00103894,0.000977913,0.000904324,0.000821923,0.000734305,0.000644756,0.000555424,0.000467843,0.000383925,0.000305742,0.000235246,0.000173946,0.000122635,8.12033e-05,4.85542e-05,2.25733e-05,0
0,1.33749e-05,2.96548e-05,5.11893e-05,7.99914e-05,0.000117515,0.000164582,0.000221321,0.000287191,0.000361107,0.00044165,0.000527319,0.000616762,0.000708971,0.000802137,0.000893048,0.000978012,0.00105299,0.00111374,0.00115605,0.00117589,0.00116966,0.00113433,0.00106768,0.000968364,0.000836081,0.000671636,0.00047699,0.000255276,1.07779e-05,-0.000251147,-0.000524186,-0.000801259,-0.00107477,-0.00133689,-0.00157994,-0.00179673,-0.00198091,-0.00212728,-0.00223198,-0.00229261,-0.00230817,-0.00227898,-0.00220669,-0.00209479,-0.00195043,-0.00178612,-0.00159731,-0.00137569,-0.00111256,-0.000802696,-0.000448206,-6.04225e-05,0.000340944,0.000731227,0.00108541,0.00138222,0.00160638,0.0017488,0.00180527,0.00177492,0.00165963,0.00146467,0.00120023,0.000882673,0.000534236,0.000180594,-0.000153495,-0.000449115,-0.000696959,-0.000898526,-0.00106429,-0.00120945,-0.00134872,-0.00149164,-0.00163976,-0.00178563,-0.00191081,-0.00200497,-0.00206282,-0.00208156,-0.00205999,-0.00199825,-0.00189782,-0.00176147,-0.00159314,-0.00139781,-0.00118117,-0.000949386,-0.000708825,-0.000465766,-0.000226203,4.31904e-06,0.000220825,0.000418992,0.000595205,0.00074661,0.000871145,0.000967583,0.00103555,0.00107555,0.00108889,0.00107767,0.00104468,0.000993192,0.000926863,0.00084949,0.000764835,0.000676439,0.000586698,0.000497379,0.000410664,0.000328939,0.00025449,0.000189153,0.000134001,8.91166e-05,5.34822e-05,2.49311e-05,0
0,1.48004e-05,3.27389e-05,5.63277e-05,8.76811e-05,0.000128265,0.000178823,0.000239321,0.000308984,0.000386454,0.000470018,0.000557886,0.00064844,0.00074042,0.000831731,0.000918856,0.000997864,0.00106457,0.00111474,0.0011443,0.00114953,0.0011273,0.00107525,0.000991878,0.000876704,0.000730285,0.000554257,0.000351317,0.000125188,-0.000119451,-0.000377067,-0.000641408,-0.000905682,-0.00116278,-0.00140556,-0.00162712,-0.00182113,-0.00198215,-0.00210582,-0.00218904,-0.00222995,-0.0022278,-0.0021826,-0.00209479,-0.00196561,-0.00180187,-0.00164525,-0.00147288,-0.00126801,-0.00101329,-0.00069575,-0.000313331,0.000121553,0.00058322,0.00103822,0.00145281,0.00179936,0.00205956,0.00222397,0.00228915,0.00225457,0.00212144,0.00189407,0.00158292,0.00120753,0.000796861,0.000385881,8.84852e-06,-0.000308581,-0.000555388,-0.000737024,-0.000872374,-0.00098704,-0.00110529,-0.00124323,-0.0014053,-0.00158577,-0.00173889,-0.0018558,-0.00193439,-0.00197383,-0.00197381,-0.00193474,-0.00185795,-0.00174579,-0.00160164,-0.00142977,-0.00123515,-0.0010232,-0.000799581,-0.000569991,-0.000339968,-0.000114783,0.000100659,0.000301896,0.000484966,0.000646482,0.000783707,0.000894639,0.000978086,0.00103373,0.00106217,0.00106486,0.0010441,0.00100284,0.000944554,0.000873036,0.000792154,0.000705663,0.000616186,0.000525704,0.00043666,0.000351749,0.000273599,0.000204382,0.000145467,9.71486e-05,5.85092e-05,2.73446e-05,0
0,1.62615e-05,3.58907e-05,6.1557e-05,9.54669e-05,0.000139085,0.000193061,0.000257181,0.000330425,0.000411145,0.000497329,0.000586899,0.000677971,0.000769042,0.000857745,0.000940292,0.00101256,0.00107028,0.00110929,0.00112573,0.0011163,0.00107843,0.00101046,0.000911734,0.000782638,0.000624608,0.00044009,0.000232461,5.94234e-06,-0.000234514,-0.000483345,-0.000734519,-0.000981698,-0.00121843,-0.00143838,-0.00163558,-0.00180466,-0.00194114,-0.00204156,-0.00210361,-0.00212606,-0.00210845,-0.00205045,-0.00195043,-0.00180187,-0.00158151,-0.00145924,-0.00132184,-0.00115194,-0.000920698,-0.000602726,-0.000188905,0.000306947,0.00084976,0.00139226,0.00188731,0.00229823,0.0026034,0.00279444,0.00287028,0.00283135,0.00267729,0.00240948,0.00203713,0.00158318,0.00108607,0.00059494,0.000158892,-0.000185816,-0.000425563,-0.000572101,-0.000657354,-0.000722588,-0.000805958,-0.000932239,-0.00110806,-0.00136327,-0.00154756,-0.00168389,-0.00177938,-0.00183627,-0.00185536,-0.00183731,-0.00178329,-0.00169525,-0.00157596,-0.00142898,-0.00125847,-0.00106903,-0.000865527,-0.000652926,-0.000436176,-0.000220126,-9.46215e-06,0.000191341,0.00037809,0.000546953,0.000694577,0.000818209,0.000915842,0.000986328,0.00102947,0.00104604,0.00103775,0.00100718,0.000957558,0.000892578,0.000816173,0.000732268,0.000643681,0.000552591,0.000461686,0.000373965,0.000292392,0.000219484,0.000156919,0.00010522,6.35853e-05,2.979e-05,0
0,1.77428e-05,3.90772e-05,6.68226e-05,0.000103268,0.000149865,0.000207154,0.000274729,0.000351311,0.000434959,0.00052336,0.000614147,0.00070518,0.000794724,0.000880162,0.000957469,0.00102237,0.0010706,0.00109809,0.00110132,0.00107744,0.00102454,0.00094173,0.000829213,0.000688276,0.000521227,0.000331281,0.000122429,-0.000100708,-0.000333022,-0.000569058,-0.000803147,-0.00102955,-0.00124259,-0.00143686,-0.0016074,-0.00174987,-0.00186077,-0.00193762,-0.00197895,-0.00198428,-0.00195384,-0.00188798,-0.00178612,-0.00164525,-0.00145924,-0.00137325,-0.00127454,-0.0011403,-0.000934831,-0.000626555,-0.00020304,0.000320816,0.000904543,0.00149291,0.00203093,0.00247662,0.00280645,0.00301278,0.00309604,0.00305714,0.00289445,0.00260725,0.00220361,0.00170822,0.00116483,0.000630484,0.000162423,-0.000197428,-0.000433883,-0.000561206,-0.000616466,-0.00064672,-0.000694768,-0.000786844,-0.000922171,-0.00116568,-0.00135357,-0.00149758,-0.00160351,-0.00167373,-0.0017091,-0.00171017,-0.00167778,-0.00161341,-0.00151922,-0.00139799,-0.00125307,-0.00108819,-0.000907319,-0.00071461,-0.000514304,-0.000310701,-0.000108148,8.8998e-05,0.000276419,0.000449932,0.000605635,0.000740071,0.00085043,0.000934725,0.000991938,0.00102211,0.00102633,0.00100671,0.000966159,0.000908244,0.000836896,0.000756163,0.000669033,0.000577854,0.000485545,0.000395394,0.000310695,0.000234315,0.000168244,0.000113249,6.86584e-05,3.22421e-05,0
0,1.92277e-05,4.22632e-05,7.20671e-05,0.000111001,0.000160491,0.000220959,0.000291794,0.000371455,0.000457701,0.000547921,0.000639471,0.000729961,0.000817441,0.000899068,0.000970616,0.00102772,0.00106613,0.001082,0.00107215,0.00103429,0.000967192,0.000870787,0.000746166,0.000595517,0.000421989,0.00022952,2.26349e-05,-0.000193739,-0.00041445,-0.000634269,-0.000848007,-0.00105062,-0.00123733,-0.00140371,-0.00154582,-0.00166039,-0.00174492,-0.00179785,-0.00181858,-0.00180752,-0.00176585,-0.00169526,-0.00159731,-0.00147288,-0.00132184,-0.00127454,-0.00120898,-0.00110029,-0.000912055,-0.000611904,-0.000186389,0.000350114,0.000956229,0.00157404,0.00214463,0.00262191,0.00297904,0.00320611,0.00330211,0.00326689,0.00309815,0.00279521,0.0023676,0.001843,0.00126926,0.000707446,0.000217568,-0.000157471,-0.000402802,-0.000533045,-0.000584451,-0.000601773,-0.000624914,-0.000678509,-0.000764939,-0.000979969,-0.00115652,-0.00129899,-0.0014098,-0.00148978,-0.001539,-0.0015575,-0.00154565,-0.00150437,-0.00143519,-0.00134015,-0.00122177,-0.00108286,-0.000926495,-0.000755929,-0.000574615,-0.000386213,-0.000194619,-3.9698e-06,0.000181394,0.000357032,0.000518564,0.000661887,0.000783418,0.000880339,0.000950805,0.000994087,0.00101062,0.00100199,0.000970749,0.000920262,0.000854415,0.000777336,0.000692148,0.00060135,0.000508068,0.00041586,0.000328346,0.000248732,0.000179329,0.000121152,7.36749e-05,3.46743e-05,0
0,2.06989e-05,4.54117e-05,7.7231e-05,0.000118581,0.000170852,0.000234337,0.000308217,0.000390683,0.000479199,0.000570862,0.000662759,0.00075227,0.000837244,0.000914639,0.000980065,0.0010291,0.0010576,0.00106194,0.00103938,0.000988203,0.000907916,0.000799285,0.000664292,0.000506009,0.000328388,0.000136025,-6.60921e-05,-0.000272825,-0.000479076,-0.000679937,-0.000870787,-0.00104736,-0.0012058,-0.00134268,-0.00145512,-0.00154084,-0.00159829,-0.00162673,-0.00162639,-0.00159847,-0.00154518,-0.00146962,-0.00137569,-0.00126801,-0.00115194,-0.0011403,-0.00110029,-0.00100851,-0.000832392,-0.000542334,-0.000124638,0.000409275,0.00102177,0.00165715,0.00225583,0.00276802,0.00316118,0.00341919,0.00353573,0.00350748,0.00333182,0.00301087,0.00255916,0.00200992,0.00141517,0.000837299,0.000334562,-5.35369e-05,-0.000314746,-0.000463124,-0.000530148,-0.000552594,-0.000562072,-0.000578514,-0.000607095,-0.000788867,-0.000948777,-0.00108579,-0.00119883,-0.00128674,-0.00134849,-0.0013834,-0.0013913,-0.00137259,-0.00132819,-0.00125945,-0.00116807,-0.00105599,-0.00092535,-0.000778509,-0.000618077,-0.000447007,-0.000268669,-8.68916e-05,9.40535e-05,0.00026955,0.000434819,0.000585168,0.00071629,0.000824561,0.000907315,0.000963042,0.000991499,0.0009937,0.000971812,0.000928947,0.000868899,0.00079584,0.000712992,0.00062298,0.000529118,0.000435214,0.000345195,0.000262603,0.000190063,0.000128848,7.85804e-05,3.70599e-05,0
0,2.21384e-05,4.84852e-05,8.22545e-05,0.000125923,0.000180838,0.000247157,0.00032385,0.000408842,0.00049931,0.000592068,0.000683951,0.000772123,0.000854255,0.000927131,0.000986234,0.00102714,0.00104581,0.00103893,0.00100421,0.000940548,0.000848197,0.000728761,0.000585098,0.000421126,0.000241551,5.1564e-05,-0.000143469,-0.000338274,-0.000527888,-0.000707795,-0.000873999,-0.00102304,-0.001152,-0.00125844,-0.00134047,-0.0013967,-0.0014264,-0.00142954,-0.00140693,-0.00136036,-0.00129274,-0.00120824,-0.00111256,-0.00101329,-0.000920698,-0.000934831,-0.000912055,-0.000832392,-0.000668961,-0.000395617,2.72475e-06,0.000520676,0.00112857,0.00177695,0.00240776,0.00296705,0.00341343,0.00371962,0.00386893,0.00385154,0.00366437,0.00331539,0.00282887,0.00224785,0.00163047,0.00103959,0.000528858,0.00013096,-0.000146943,-0.000319056,-0.000411052,-0.000449676,-0.000456074,-0.000443868,-0.000419982,-0.000574036,-0.000720478,-0.000853813,-0.000970093,-0.00106645,-0.00114085,-0.00119204,-0.0012194,-0.00122291,-0.00120298,-0.00116036,-0.00109603,-0.00101108,-0.000906782,-0.000784582,-0.000646247,-0.00049399,-0.000330605,-0.000159548,1.50483e-05,0.000188469,0.000355608,0.000511252,0.000650419,0.000768722,0.000862695,0.000930057,0.00096987,0.000982573,0.000969899,0.000934682,0.000880587,0.000811787,0.000731579,0.000642689,0.00054859,0.000453325,0.000361109,0.000275803,0.000200343,0.000136255,8.33215e-05,3.93721e-05,0
0,2.3528e-05,5.14458e-05,8.70781e-05,0.000132945,0.000190344,0.000259295,0.000338557,0.000425797,0.000517916,0.000611459,0.000703028,0.00078959,0.000868656,0.000936863,0.000989605,0.00102247,0.0010316,0.001014,0.000967839,0.000892652,0.000789436,0.000660614,0.000509888,0.000341973,0.000162268,-2.35114e-05,-0.000209688,-0.000390928,-0.000562458,-0.000720201,-0.00086081,-0.000981637,-0.00108065,-0.00115637,-0.00120776,-0.00123423,-0.00123568,-0.00121255,-0.00116595,-0.00109786,-0.00101135,-0.000910859,-0.000802696,-0.00069575,-0.000602726,-0.000626555,-0.000611904,-0.000542334,-0.000395617,-0.000147156,0.000222228,0.000716523,0.00131762,0.00198532,0.00266462,0.00329648,0.00382684,0.00421094,0.00441432,0.00441461,0.00420662,0.00380797,0.00325992,0.00262232,0.00196396,0.00134949,0.00082685,0.000419562,0.00012713,-6.70725e-05,-0.000184845,-0.000244522,-0.000257981,-0.000232921,-0.000177053,-0.000319593,-0.000463247,-0.000599819,-0.000723738,-0.000831232,-0.000919825,-0.000988006,-0.00103499,-0.00106054,-0.00106471,-0.0010478,-0.00101015,-0.000952122,-0.000874156,-0.000776853,-0.000661149,-0.00052852,-0.000381159,-0.000222112,-5.53172e-05,0.000114474,0.000281898,0.000441285,0.000587043,0.000714067,0.000818131,0.000896206,0.000946667,0.000969373,0.000965609,0.000937905,0.000889768,0.000825342,0.000747971,0.000660456,0.000566412,0.000470088,0.000375968,0.000288217,0.000210068,0.000143297,8.78462e-05,4.15846e-05,0
0,2.485e-05,5.42565e-05,9.1644e-05,0.000139567,0.00019927,0.000270635,0.000352216,0.000441434,0.000534926,0.000628991,0.000720012,0.000804782,0.000880674,0.000944203,0.000990701,0.00101581,0.00101586,0.000988179,0.000931433,0.000845775,0.000732922,0.000596085,0.000439757,0.000269393,9.10169e-05,-8.92e-05,-0.000265337,-0.00043205,-0.000584801,-0.000719969,-0.000834852,-0.000927577,-0.000996959,-0.00104234,-0.00106347,-0.00106038,-0.00103339,-0.000983156,-0.000910754,-0.000817878,-0.000707072,-0.000582054,-0.000448206,-0.000313331,-0.000188905,-0.00020304,-0.000186389,-0.000124638,2.72475e-06,0.000222228,0.000560566,0.00103434,0.00164009,0.00234961,0.00311273,0.00386487,0.00453521,0.00505259,0.00535166,0.00538441,0.00513787,0.00464622,0.00398144,0.00323326,0.00248929,0.00181929,0.00126536,0.000839852,0.000531682,0.000318186,0.000177245,9.45275e-05,6.3625e-05,8.07031e-05,0.000137916,-1.69814e-05,-0.000173644,-0.00032381,-0.000462057,-0.000584889,-0.000690146,-0.0007766,-0.000843657,-0.000891101,-0.000918886,-0.000926971,-0.00091522,-0.000883378,-0.000831149,-0.000758351,-0.000665147,-0.000552296,-0.0004214,-0.000275077,-0.000117035,4.79875e-05,0.00021443,0.000376232,0.000527253,0.000661735,0.000774739,0.000862526,0.000922809,0.000954877,0.000959565,0.000939088,0.000896772,0.000836709,0.000762264,0.000676297,0.000582538,0.00048542,0.000389673,0.000299744,0.000219149,0.000149902,9.21048e-05,4.3672e-05,0
0,2.6087e-05,5.68816e-05,9.58971e-05,0.000145716,0.000207524,0.000281073,0.000364722,0.000455658,0.000550276,0.000644646,0.000734957,0.000817847,0.000890571,0.000949547,0.000990071,0.00100786,0.000999429,0.000962468,0.000896104,0.000801087,0.000679821,0.000536252,0.000375603,0.000203999,2.80168e-05,-0.000145783,-0.000311292,-0.000463201,-0.000597225,-0.000710197,-0.000800028,-0.000865565,-0.000906384,-0.000922561,-0.000914463,-0.000882594,-0.000827513,-0.000749832,-0.000650274,-0.000529811,-0.000389827,-0.000232363,-6.04225e-05,0.000121553,0.000306947,0.000320816,0.000350114,0.000409275,0.000520676,0.000716523,0.00103434,0.00150637,0.00214707,0.00294425,0.00385667,0.00481663,0.00573331,0.00649549,0.00698017,0.00708055,0.00675797,0.00608133,0.00518663,0.00422027,0.00330258,0.00251216,0.00188364,0.00141457,0.00107892,0.000843058,0.000678959,0.000570438,0.000511403,0.000498772,0.000524642,0.000331396,0.000144514,-3.05745e-05,-0.000190501,-0.000333292,-0.000457931,-0.000564028,-0.000651557,-0.00072062,-0.000771251,-0.000803269,-0.000816197,-0.000809282,-0.000781606,-0.000732295,-0.000660808,-0.000567243,-0.000452634,-0.000319178,-0.000170337,-1.07959e-05,0.000153737,0.000316873,0.000471993,0.000612747,0.000733549,0.000829996,0.000899182,0.000939849,0.000952394,0.000938716,0.00090195,0.000846117,0.000774586,0.000690254,0.000596946,0.000499258,0.000402139,0.000310294,0.000227502,0.000156003,9.6051e-05,4.56106e-05,0
0,2.72224e-05,5.92875e-05,9.97858e-05,0.000151321,0.000215023,0.000290518,0.000375983,0.000468392,0.000563919,0.00065843,0.000747939,0.000828953,0.000898628,0.000953306,0.000988264,0.000999304,0.00098315,0.000937816,0.00086288,0.00075965,0.000631164,0.000482033,0.00031814,0.000146202,-2.67216e-05,-0.000193748,-0.000348629,-0.000486116,-0.000602183,-0.000694093,-0.00076032,-0.000800357,-0.000814444,-0.00080327,-0.0007677,-0.000708555,-0.000626469,-0.00052182,-0.000394742,-0.000245164,-7.28843e-05,0.000122376,0.000340944,0.00058322,0.00084976,0.000904543,0.000956229,0.00102177,0.00112857,0.00131762,0.00164009,0.00214707,0.00287596,0.00383849,0.00501336,0.0063409,0.00771368,0.00896124,0.00984451,0.0101045,0.00961277,0.00853647,0.00716871,0.00577105,0.00451649,0.00349056,0.00271093,0.00215048,0.00176003,0.00148802,0.00129412,0.00115412,0.00105694,0.000996768,0.000964985,0.000711439,0.000479706,0.000270019,8.2148e-05,-8.44816e-05,-0.000230679,-0.000357355,-0.000465373,-0.000555391,-0.000627707,-0.000682152,-0.000718051,-0.000734272,-0.000729392,-0.000701949,-0.000650782,-0.000575396,-0.000476308,-0.000355314,-0.000215628,-6.18611e-05,0.000100176,0.000263826,0.000422056,0.000567999,0.000695486,0.000799518,0.000876617,0.00092502,0.000944707,0.000937274,0.000905664,0.000853814,0.000785082,0.000702389,0.000609638,0.000511559,0.000413297,0.000319789,0.000235053,0.000161538,9.96419e-05,4.73781e-05,0
0,2.82412e-05,6.1443e-05,0.000103263,0.00015632,0.000221692,0.000298887,0.000385922,0.000479577,0.00057583,0.000670366,0.000759052,0.000838282,0.000905131,0.000955881,0.000985809,0.000990807,0.000967795,0.000915093,0.000832694,0.000722408,0.000587838,0.000434189,0.000267916,9.62514e-05,-7.33419e-05,-0.000233715,-0.000378521,-0.000502588,-0.000602136,-0.000674817,-0.000719607,-0.000736557,-0.000726466,-0.000690525,-0.00062998,-0.000545848,-0.00043872,-0.000308631,-0.000154999,2.34108e-05,0.000228543,0.000463181,0.000731227,0.00103822,0.00139226,0.00149291,0.00157404,0.00165715,0.00177695,0.00198532,0.00234961,0.00294425,0.00383849,0.00508469,0.00670851,0.00869442,0.0109507,0.0132379,0.0150784,0.0157747,0.0148373,0.0128017,0.0104038,0.00814312,0.00625591,0.0048042,0.00375471,0.00303014,0.00254142,0.00220844,0.00197106,0.00179125,0.00164827,0.00153035,0.00142682,0.00109978,0.00081424,0.000564016,0.000344434,0.000151795,-1.69314e-05,-0.000164233,-0.000292064,-0.000401788,-0.000494097,-0.000568956,-0.000625601,-0.000662639,-0.000678249,-0.000670488,-0.000637673,-0.000578796,-0.000493917,-0.000384469,-0.000253432,-0.000105329,5.39599e-05,0.000217561,0.000378097,0.000528257,0.000661368,0.000771903,0.000855875,0.000911067,0.000937081,0.000935227,0.000908265,0.000860047,0.000793907,0.00071278,0.000620626,0.000522292,0.000423092,0.000328164,0.000241739,0.000166455,0.000102839,4.89544e-05,0
0,2.91294e-05,6.33204e-05,0.000106286,0.000160658,0.000227465,0.000306113,0.000394475,0.000489165,0.000585993,0.00068049,0.000768396,0.000846014,0.000910353,0.000957653,0.000983199,0.000982969,0.000954063,0.000895075,0.000806362,0.000690169,0.000550589,0.000393331,0.000225336,5.42632e-05,-0.000112091,-0.000266369,-0.000402156,-0.000514361,-0.000599424,-0.000655337,-0.0006815,-0.000678428,-0.000647378,-0.000589935,-0.000507625,-0.000401581,-0.000272285,-0.000119396,5.83778e-05,0.000263385,0.000499189,0.000770847,0.00108541,0.00145281,0.00188731,0.00203093,0.00214463,0.00225583,0.00240776,0.00266462,0.00311273,0.00385667,0.00501336,0.00670851,0.00907613,0.0122471,0.0162842,0.0209792,0.0254236,0.0275597,0.0251741,0.0205324,0.0157339,0.0117083,0.00865613,0.00647908,0.00499271,0.00400955,0.00336821,0.00294298,0.00264485,0.00241655,0.00222407,0.00204714,0.00187144,0.00146839,0.0011272,0.000835298,0.000583516,0.000364974,0.000174362,7.56767e-06,-0.000138502,-0.000265969,-0.000375976,-0.000468689,-0.000543339,-0.000598366,-0.000631652,-0.000640876,-0.000623933,-0.000579389,-0.000506918,-0.000407641,-0.000284328,-0.000141412,1.51845e-05,0.000178421,0.00034064,0.000494163,0.000631892,0.000747856,0.000837631,0.000898602,0.000930041,0.000933006,0.000910088,0.000865055,0.000801216,0.000721508,0.000629937,0.000531443,0.000431481,0.000335364,0.000247505,0.000170706,0.000105609,5.03218e-05,0
0,2.98751e-05,6.48952e-05,0.00010882,0.000164288,0.000232287,0.000312137,0.000401591,0.000497125,0.000594406,0.000688841,0.00077607,0.000852319,0.000914549,0.000958969,0.000980873,0.000976321,0.000942565,0.00087843,0.000784575,0.000663608,0.000520021,0.000359935,0.000190681,2.02579e-05,-0.000143275,-0.0002924,-0.00042066,-0.00052304,-0.000596163,-0.000638302,-0.000649194,-0.000629725,-0.000581505,-0.000506419,-0.000406195,-0.000282025,-0.000134273,3.77485e-05,0.000235937,0.000463569,0.000725514,0.0010286,0.00138222,0.00179936,0.00229823,0.00247662,0.00262191,0.00276802,0.00296705,0.00329648,0.00386487,0.00481663,0.0063409,0.00869442,0.0122471,0.0175409,0.0252841,0.035993,0.048513,0.0565437,0.0482569,0.0355376,0.0247305,0.0170105,0.0118503,0.00850176,0.00636644,0.00502035,0.00417231,0.00362578,0.00325186,0.00296925,0.00272833,0.00249882,0.00226145,0.00178969,0.00139782,0.00106783,0.000786709,0.000544755,0.000334625,0.000150735,-1.10467e-05,-0.000153545,-0.00027834,-0.000385817,-0.000475251,-0.00054498,-0.000592682,-0.000615752,-0.000611759,-0.00057894,-0.000516659,-0.000425783,-0.000308904,-0.000170375,-1.61384e-05,0.000146639,0.000310085,0.000466231,0.000607639,0.000727975,0.00082246,0.000888153,0.000924049,0.000930992,0.000911432,0.000869059,0.000807155,0.000728655,0.000637599,0.000539002,0.000438431,0.000341344,0.000252305,0.00017425,0.000107921,5.1465e-05,0
0,3.04682e-05,6.61471e-05,0.000110832,0.000167169,0.000236112,0.000316914,0.000407231,0.00050343,0.000601071,0.000695462,0.000782164,0.000857348,0.000917937,0.000960121,0.000979203,0.000971306,0.000933804,0.000865701,0.00076789,0.000643258,0.000496599,0.000334346,0.000164124,-5.81276e-06,-0.000167216,-0.000312452,-0.000435037,-0.000530017,-0.000594159,-0.000625942,-0.000625356,-0.000593557,-0.00053241,-0.000444017,-0.000330242,-0.000192311,-3.04877e-05,0.000156173,0.000370023,0.000615004,0.000896905,0.00122374,0.00160638,0.00205956,0.0026034,0.00280645,0.00297904,0.00316118,0.00341343,0.00382684,0.00453521,0.00573331,0.00771368,0.0109507,0.0162842,0.0252841,0.0408405,0.0674945,0.108201,0.145814,0.10794,0.067033,0.0402846,0.0247596,0.0159035,0.0107833,0.00777083,0.00597244,0.00488065,0.00419657,0.00374044,0.00340352,0.00311988,0.00284913,0.00256665,0.00204057,0.00160823,0.00124767,0.000942926,0.000682158,0.000456428,0.000258995,8.49036e-05,-6.92362e-05,-0.000205364,-0.000324055,-0.000424642,-0.000505411,-0.000563905,-0.000597324,-0.000603011,-0.00057896,-0.000524312,-0.000439743,-0.000327709,-0.000192496,-4.00554e-05,0.000122361,0.000286726,0.000444857,0.000589064,0.00071274,0.000810835,0.000880157,0.00091949,0.000929511,0.000912553,0.000872248,0.000811852,0.000734297,0.000643646,0.000544968,0.000443921,0.000346071,0.000256101,0.000177057,0.000109754,5.23711e-05,0
0,3.09006e-05,6.70599e-05,0.0001123,0.000169272,0.000238906,0.000320407,0.000411363,0.000508064,0.000605993,0.000700387,0.000786753,0.000861222,0.000920695,0.000961344,0.000978481,0.000968271,0.00092817,0.000857304,0.000756726,0.000629508,0.000480651,0.000316794,0.000145757,-2.40398e-05,-0.000184221,-0.00032708,-0.000446117,-0.000536416,-0.000594837,-0.000619991,-0.000612032,-0.000572281,-0.00050277,-0.000405734,-0.000283126,-0.000136198,3.48411e-05,0.000231091,0.000455168,0.000711412,0.00100614,0.00134805,0.0017488,0.00222397,0.00279444,0.00301278,0.00320611,0.00341919,0.00371962,0.00421094,0.00505259,0.00649549,0.00896124,0.0132379,0.0209792,0.035993,0.0674945,0.137113,0.283947,0.495964,0.283683,0.136648,0.0669378,0.0354731,0.0206095,0.0130867,0.00903791,0.00675594,0.00542094,0.00460588,0.00407453,0.00369087,0.00337426,0.00307582,0.00276632,0.00220442,0.00174525,0.00136431,0.00104376,0.000770358,0.000534139,0.000327613,0.000145292,-1.65787e-05,-0.00016017,-0.000286185,-0.000393999,-0.000481874,-0.000547278,-0.000587297,-0.000599136,-0.000580644,-0.000530822,-0.000450223,-0.000341216,-0.000208041,-5.66477e-05,0.00010566,0.000270756,0.000430323,0.000576503,0.000702511,0.000803114,0.000874954,0.000916667,0.000928815,0.000913656,0.000874775,0.000815413,0.000738496,0.000648103,0.000549343,0.000447932,0.000349518,0.000258867,0.000179099,0.000111087,5.30303e-05,0
0,3.11664e-05,6.76218e-05,0.000113205,0.000170573,0.000240642,0.00032259,0.000413967,0.000511016,0.000609175,0.000703642,0.000789891,0.000864031,0.000922948,0.000962804,0.000978911,0.000967454,0.000925927,0.000853518,0.000751357,0.00062261,0.000472377,0.0003074,0.000135595,-3.45358e-05,-0.000194556,-0.000336721,-0.000454517,-0.000543044,-0.000599195,-0.000621636,-0.000610584,-0.000567435,-0.000494289,-0.000393443,-0.0002669,-0.000115942,5.92222e-05,0.000259725,0.000488259,0.00074929,0.00104933,0.00139732,0.00180527,0.00228915,0.00287028,0.00309604,0.00330211,0.00353573,0.00386893,0.00441432,0.00535166,0.00698017,0.00984451,0.0150784,0.0254236,0.048513,0.108201,0.283947,0.826171,2.19159,0.825906,0.283481,0.107644,0.0479967,0.0250607,0.0149361,0.00993047,0.0072491,0.00572748,0.00481644,0.00423169,0.00381636,0.0034798,0.00316792,0.00284885,0.00227157,0.00180102,0.00141145,0.00108415,0.000805254,0.000564384,0.000353757,0.00016769,2.30129e-06,-0.000144655,-0.00027392,-0.000384879,-0.000475785,-0.000544077,-0.000586804,-0.000601122,-0.000584828,-0.000536867,-0.000457746,-0.000349796,-0.000217234,-6.6011e-05,9.65502e-05,0.000262281,0.0004228,0.000570173,0.000697528,0.000799543,0.000872775,0.000915788,0.000929086,0.000914885,0.00087675,0.000817913,0.000741298,0.000650992,0.000552126,0.000450454,0.000351667,0.000260581,0.00018036,0.000111908,5.34353e-05,0
0,3.12621e-05,6.78257e-05,0.000113538,0.000171059,0.000241306,0.000323449,0.000415029,0.000512278,0.00061062,0.000705241,0.000791609,0.000865823,0.000924765,0.000964591,0.000980605,0.000968983,0.000927216,0.000854485,0.000751917,0.000622674,0.000471852,0.00030619,0.000133601,-3.74163e-05,-0.000198421,-0.000341663,-0.000460618,-0.000550364,-0.000607771,-0.000631474,-0.000621659,-0.000579693,-0.000507655,-0.000407838,-0.000282256,-0.000132231,4.19639e-05,0.000241364,0.000468542,0.000727824,0.00102557,0.00137062,0.00177492,0.00225457,0.00283135,0.00305714,0.00326689,0.00350748,0.00385154,0.00441461,0.00538441,0.00708055,0.0101045,0.0157747,0.0275597,0.0565437,0.145814,0.495964,2.19159,11.8191,2.19133,0.495499,0.145259,0.05603,0.0271997,0.0156345,0.0101903,0.00734585,0.00575245,0.00480512,0.00420018,0.00377364,0.00343242,0.00312191,0.00281026,0.00223889,0.00177313,0.00138725,0.00106268,0.000785761,0.0005463,0.000336708,0.000151463,-1.31863e-05,-0.00015939,-0.000287826,-0.000397848,-0.000487707,-0.000554857,-0.000596378,-0.000609466,-0.000591957,-0.000542832,-0.000462626,-0.000353687,-0.000220241,-6.82386e-05,9.50036e-05,0.000261326,0.000422358,0.000570175,0.00069791,0.000800247,0.000873745,0.000916968,0.000930421,0.000916321,0.000878235,0.000819396,0.00074273,0.000652325,0.00055332,0.000451479,0.000352506,0.00026123,0.000180827,0.000112207,5.35818e-05,0
0,3.11864e-05,6.76692e-05,0.000113294,0.000170727,0.000240892,0.000322978,0.000414544,0.000511845,0.000610324,0.000705186,0.00079191,0.000866605,0.000926158,0.000966719,0.000983577,0.000972873,0.000932046,0.000860208,0.000758398,0.000629678,0.000479036,0.000313101,0.000139689,-3.2785e-05,-0.000195935,-0.000342034,-0.00046454,-0.000558477,-0.000620625,-0.000649505,-0.000645171,-0.00060886,-0.000542541,-0.000448429,-0.00032852,-0.000184185,-1.58332e-05,0.000177345,0.000397596,0.000648819,0.000936868,0.00127,0.00165963,0.00212144,0.00267729,0.00289445,0.00309815,0.00333182,0.00366437,0.00420662,0.00513787,0.00675797,0.00961277,0.0148373,0.0251741,0.0482569,0.10794,0.283683,0.825906,2.19133,0.825643,0.28322,0.107387,0.0477442,0.0248127,0.014692,0.00968882,0.00700754,0.00548345,0.00456809,0.00397921,0.00356326,0.00323363,0.00294017,0.00265366,0.00210957,0.00166458,0.0012944,0.000981708,0.000713888,0.000481592,0.000277898,9.77986e-05,-6.20745e-05,-0.000203607,-0.000327314,-0.000432478,-0.000517347,-0.000579439,-0.000615935,-0.000624156,-0.000602073,-0.000548793,-0.000464956,-0.000352988,-0.000217154,-6.34097e-05,0.000100958,0.000267848,0.000428971,0.000576496,0.000703658,0.000805236,0.000877878,0.000920224,0.000932837,0.000917978,0.00087924,0.000819869,0.000742793,0.000652101,0.000552922,0.000451004,0.000352032,0.000260812,0.000180498,0.000111983,5.34683e-05,0
0,3.09406e-05,6.71545e-05,0.000112478,0.000169578,0.000239404,0.00032118,0.000412514,0.000509715,0.000608281,0.000703461,0.00079077,0.000866342,0.000927076,0.000969123,0.000987745,0.000979024,0.000940301,0.000870555,0.000770655,0.000643469,0.000493776,0.000327993,0.000153741,-2.07228e-05,-0.000187125,-0.000337783,-0.000466135,-0.000567112,-0.00063734,-0.000675133,-0.000680316,-0.000653892,-0.000597624,-0.000513583,-0.000403708,-0.000269425,-0.000111343,7.09895e-05,0.000279279,0.000516697,0.00078816,0.00110079,0.00146467,0.00189407,0.00240948,0.00260725,0.00279521,0.00301087,0.00331539,0.00380797,0.00464622,0.00608133,0.00853647,0.0128017,0.0205324,0.0355376,0.067033,0.136648,0.283481,0.495499,0.28322,0.136189,0.0664832,0.0350234,0.0201637,0.0126426,0.00859167,0.00630265,0.00495587,0.00412651,0.00358296,0.00319611,0.00289331,0.00263293,0.00239014,0.00189353,0.00148385,0.00114002,0.000847172,0.000594595,0.000374404,0.000180797,9.60568e-06,-0.000141927,-0.000275272,-0.000390698,-0.000487381,-0.000563585,-0.000616936,-0.000644788,-0.000644681,-0.000614813,-0.000554512,-0.000464602,-0.000347644,-0.000207982,-5.15804e-05,0.000114324,0.000281738,0.00044252,0.000589018,0.000714656,0.000814403,0.00088508,0.000925475,0.000936269,0.000919805,0.000879727,0.000819304,0.000741472,0.000650311,0.000550927,0.000449028,0.000350246,0.000259329,0.000179375,0.000111238,5.30961e-05,0
0,3.05281e-05,6.62887e-05,0.000111098,0.000167627,0.000236856,0.000318068,0.000408948,0.000505891,0.000604479,0.000700038,0.00078814,0.000864958,0.000927414,0.000971664,0.000992936,0.000987227,0.000951742,0.000885263,0.000788413,0.000663775,0.000515819,0.000350653,0.000175613,-1.28055e-06,-0.000171915,-0.000328682,-0.000464988,-0.000575636,-0.000657028,-0.000707186,-0.000725602,-0.000712939,-0.000670661,-0.000600612,-0.000504629,-0.000384191,-0.000240151,-7.25327e-05,0.000119639,0.000338503,0.000587596,0.000872245,0.00120023,0.00158292,0.00203713,0.00220361,0.0023676,0.00255916,0.00282887,0.00325992,0.00398144,0.00518663,0.00716871,0.0104038,0.0157339,0.0247305,0.0402846,0.0669378,0.107644,0.145259,0.107387,0.0664832,0.0397363,0.0242107,0.0153502,0.0102199,0.0071902,0.00536677,0.00424384,0.00352717,0.00304499,0.00269921,0.00243528,0.00222233,0.00204046,0.00160782,0.00124483,0.000935394,0.000668275,0.000435434,0.000230988,5.06241e-05,-0.000108724,-0.000249029,-0.000371236,-0.00047531,-0.000560312,-0.000624544,-0.000665798,-0.000681685,-0.000670051,-0.000629425,-0.000559445,-0.000461201,-0.000337452,-0.000192651,-3.2781e-05,0.000134992,0.000302828,0.0004628,0.000607516,0.000730678,0.000827531,0.000895152,0.000932546,0.000940568,0.000921683,0.000879606,0.000817638,0.000738725,0.000646933,0.000547329,0.000445555,0.000347157,0.00025679,0.000177469,0.00010998,5.24694e-05,0
0,2.99547e-05,6.50831e-05,0.000109173,0.000164895,0.000233272,0.000313665,0.000403862,0.000500376,0.000598906,0.000694878,0.000783946,0.000862338,0.000927011,0.00097413,0.000998885,0.000997171,0.000966014,0.000903945,0.000811272,0.000690205,0.000544813,0.000380802,0.000205134,2.55215e-05,-0.000150137,-0.000314329,-0.000460428,-0.000583066,-0.000678362,-0.000743957,-0.000778907,-0.00078343,-0.000758583,-0.000705902,-0.000627053,-0.000523544,-0.000396489,-0.000246456,-7.33442e-05,0.000123716,0.000346507,0.000597975,0.000882673,0.00120753,0.00158318,0.00170822,0.001843,0.00200992,0.00224785,0.00262232,0.00323326,0.00422027,0.00577105,0.00814312,0.0117083,0.0170105,0.0247596,0.0354731,0.0479967,0.05603,0.0477442,0.0350234,0.0242107,0.0164791,0.0112991,0.00792071,0.00574421,0.00434652,0.00344039,0.00283706,0.00241912,0.00211914,0.00190119,0.00174518,0.00163553,0.00127632,0.000966134,0.000695198,0.00045674,0.000245913,5.91713e-05,-0.000106084,-0.000251669,-0.000378673,-0.000487462,-0.000577683,-0.000648296,-0.000697692,-0.000723896,-0.000724863,-0.000698845,-0.000644798,-0.000562764,-0.000454182,-0.000322064,-0.000171006,-7.01762e-06,0.000162829,0.00033089,0.000489521,0.000631664,0.000751386,0.000844293,0.000907791,0.000941172,0.000945513,0.000923434,0.000878743,0.000814777,0.000734492,0.000641936,0.000542119,0.000440591,0.00034278,0.000253217,0.000174797,0.000108221,5.15953e-05,0
0,2.92283e-05,6.35537e-05,0.000106724,0.000161411,0.000228686,0.000308004,0.000397284,0.000493183,0.000591547,0.000687932,0.000778095,0.000858338,0.000925661,0.000976248,0.00100525,0.00100845,0.000982652,0.000926099,0.000838713,0.000722258,0.000580313,0.000418094,0.000242108,5.96873e-05,-0.000121535,-0.000294168,-0.000451548,-0.000588109,-0.000699622,-0.000783267,-0.000837561,-0.00086217,-0.000857637,-0.000825085,-0.000765931,-0.000681647,-0.000573579,-0.000442842,-0.000290253,-0.000116313,7.88247e-05,0.000295413,0.000534236,0.000796861,0.00108607,0.00116483,0.00126926,0.00141517,0.00163047,0.00196396,0.00248929,0.00330258,0.00451649,0.00625591,0.00865613,0.0118503,0.0159035,0.0206095,0.0250607,0.0271997,0.0248127,0.0201637,0.0153502,0.0112991,0.00820892,0.0059793,0.00442576,0.00336349,0.00263748,0.00213254,0.0017736,0.00151887,0.00134832,0.0012509,0.00121395,0.000927563,0.000669284,0.000436032,0.000225653,3.65783e-05,-0.000132368,-0.000282049,-0.000413024,-0.000525504,-0.000619294,-0.000693755,-0.000747798,-0.00077997,-0.000788615,-0.000772124,-0.000729259,-0.000659502,-0.000563391,-0.000442786,-0.000301007,-0.000142826,2.57194e-05,0.000197675,0.000365638,0.000522308,0.00066104,0.000776343,0.00086426,0.000922603,0.000951004,0.000950809,0.000924824,0.000876959,0.000810596,0.000728699,0.000635285,0.00053529,0.000434149,0.00033714,0.000248634,0.000171383,0.00010598,5.04835e-05,0
0,2.83589e-05,6.17207e-05,0.000103784,0.000157214,0.000223141,0.000301129,0.000389248,0.000484329,0.000582392,0.000679149,0.000770482,0.000852785,0.000923116,0.00097769,0.00101162,0.00102056,0.00100109,0.000951114,0.00087011,0.000759326,0.000621781,0.000462116,0.000286304,0.000101231,-8.57879e-05,-0.000267515,-0.00043725,-0.000589207,-0.000718757,-0.00082254,-0.000898445,-0.000945474,-0.000963544,-0.000953253,-0.000915662,-0.000852109,-0.000764084,-0.000653162,-0.000520999,-0.000369375,-0.000200271,-1.60037e-05,0.000180594,0.000385881,0.00059494,0.000630484,0.000707446,0.000837299,0.00103959,0.00134949,0.00181929,0.00251216,0.00349056,0.0048042,0.00647908,0.00850176,0.0107833,0.0130867,0.0149361,0.0156345,0.014692,0.0126426,0.0102199,0.00792071,0.0059793,0.00445672,0.00332093,0.00249897,0.00190985,0.00148506,0.00117851,0.000966429,0.000839796,0.00079339,0.000816098,0.000590647,0.000375853,0.000174352,-1.20557e-05,-0.000182117,-0.000334947,-0.000469888,-0.000586392,-0.000683902,-0.000761753,-0.000819102,-0.000854897,-0.000867931,-0.000856963,-0.000820923,-0.000759182,-0.000671846,-0.000560036,-0.000426099,-0.000273713,-0.000107845,6.54407e-05,0.000239333,0.000406718,0.000560703,0.000695125,0.000805009,0.000886909,0.000939102,0.000961616,0.000956101,0.000925569,0.000874046,0.000804952,0.000721258,0.000626939,0.000526839,0.000426248,0.000330267,0.000243077,0.000167258,0.00010328,4.91465e-05,0
0,2.73584e-05,5.96078e-05,0.000100386,0.000152351,0.000216691,0.000293094,0.000379802,0.000473842,0.000571435,0.000668475,0.000760993,0.00084549,0.000919101,0.000978084,0.00101753,0.00103295,0.0010207,0.000978286,0.00090473,0.000800701,0.000668583,0.000512374,0.00033744,0.000150152,-4.25454e-05,-0.000233602,-0.000416297,-0.000584606,-0.000733464,-0.000858908,-0.000958111,-0.00102931,-0.00107168,-0.00108518,-0.00107039,-0.00102837,-0.000960612,-0.000868986,-0.000755772,-0.000623737,-0.000476284,-0.00031769,-0.000153495,8.84852e-06,0.000158892,0.000162423,0.000217568,0.000334562,0.000528858,0.00082685,0.00126536,0.00188364,0.00271093,0.00375471,0.00499271,0.00636644,0.00777083,0.00903791,0.00993047,0.0101903,0.00968882,0.00859167,0.0071902,0.00574421,0.00442576,0.00332093,0.00245015,0.00179169,0.00130445,0.000947048,0.000690041,0.000519022,0.000429718,0.000418906,0.000475976,0.000289979,0.000103963,-7.58986e-05,-0.00024526,-0.00040098,-0.000540729,-0.000662745,-0.000765657,-0.00084834,-0.000909814,-0.000949155,-0.000965462,-0.00095788,-0.000925688,-0.000868458,-0.000786271,-0.000679945,-0.000551257,-0.000403102,-0.00023955,-6.57788e-05,0.000112136,0.000287555,0.000453705,0.000604159,0.000733304,0.000836751,0.000911627,0.000956729,0.000972519,0.00096098,0.00092535,0.000869765,0.000797685,0.000712076,0.00061686,0.000516766,0.000416916,0.000322204,0.000236591,0.000162462,0.000100149,4.75994e-05,0
0,2.62404e-05,5.72428e-05,9.65736e-05,0.000146875,0.000209399,0.000283966,0.000369004,0.000461762,0.000558682,0.000655867,0.000749515,0.00083626,0.000913325,0.00097703,0.00102245,0.00104499,0.00104074,0.00100682,0.000941752,0.000845575,0.000719991,0.00056829,0.000395163,0.000206405,8.53092e-06,-0.000191637,-0.000387381,-0.00057244,-0.000741289,-0.000889318,-0.00101291,-0.00110946,-0.00117728,-0.00121557,-0.00122428,-0.00120406,-0.0011562,-0.00108264,-0.000985972,-0.000869515,-0.000737453,-0.000595062,-0.000449115,-0.000308581,-0.000185816,-0.000197428,-0.000157471,-5.35369e-05,0.00013096,0.000419562,0.000839852,0.00141457,0.00215048,0.00303014,0.00400955,0.00502035,0.00597244,0.00675594,0.0072491,0.00734585,0.00700754,0.00630265,0.00536677,0.00434652,0.00336349,0.00249897,0.00179169,0.00124455,0.000837581,0.00054315,0.000338047,0.000208721,0.000149154,0.000154296,0.000213557,4.04313e-05,-0.000134849,-0.00030536,-0.000466038,-0.000613046,-0.000743409,-0.000854791,-0.000945358,-0.00101368,-0.00105864,-0.00107939,-0.00107531,-0.001046,-0.000991388,-0.000911774,-0.000808038,-0.00068179,-0.000535524,-0.000372725,-0.000197875,-1.63617e-05,0.000165747,0.000342024,0.000506087,0.000652036,0.000774871,0.000870849,0.000937723,0.000974852,0.000983166,0.000965,0.000923816,0.000863863,0.000788628,0.000701062,0.000605016,0.000505084,0.000406193,0.000313001,0.000229227,0.000157041,9.66213e-05,4.58596e-05,0
0,2.50199e-05,5.46561e-05,9.23918e-05,0.000140847,0.000201338,0.000273822,0.000356929,0.000448143,0.000544154,0.000641291,0.000735946,0.000824901,0.00090549,0.000974114,0.00102586,0.00105602,0.00106044,0.00103587,0.000980264,0.000893042,0.000775171,0.000629177,0.000459021,0.000269856,6.77121e-05,-0.000140869,-0.000349206,-0.000550825,-0.000739738,-0.000910658,-0.00105914,-0.00118164,-0.00127556,-0.00133919,-0.00137174,-0.00137327,-0.00134468,-0.0012877,-0.00120491,-0.00109969,-0.000976285,-0.000839917,-0.000696959,-0.000555388,-0.000425563,-0.000433883,-0.000402802,-0.000314746,-0.000146943,0.00012713,0.000531682,0.00107892,0.00176003,0.00254142,0.00336821,0.00417231,0.00488065,0.00542094,0.00572748,0.00575245,0.00548345,0.00495587,0.00424384,0.00344039,0.00263748,0.00190985,0.00130445,0.000837581,0.000500405,0.00027016,0.00012188,3.58085e-05,-1.34326e-06,4.22325e-07,3.05122e-05,-0.000155414,-0.000337408,-0.000510428,-0.000670447,-0.000814115,-0.000938594,-0.0010415,-0.00112091,-0.00117533,-0.00120371,-0.00120544,-0.0011803,-0.00112848,-0.00105062,-0.000947853,-0.000821939,-0.000675334,-0.000511292,-0.000333909,-0.000148084,4.06061e-05,0.000226133,0.000402327,0.000563253,0.000703596,0.000819027,0.0009065,0.000964436,0.000992788,0.000992973,0.000967682,0.000920603,0.000856082,0.000777617,0.000688131,0.000591384,0.000491815,0.000394128,0.000302723,0.00022105,0.000151047,9.27342e-05,4.3947e-05,0
0,2.37131e-05,5.1881e-05,8.78917e-05,0.000134336,0.000192589,0.000262752,0.000343663,0.000433057,0.000527888,0.000624733,0.000720199,0.000811235,0.000895307,0.000968921,0.0010272,0.00106536,0.001079,0.00106449,0.00101928,0.000942108,0.000833182,0.000694231,0.000528431,0.00034024,0.000135141,-8.06643e-05,-0.000300586,-0.00051797,-0.000726391,-0.000919891,-0.00109317,-0.00124172,-0.00136192,-0.00145111,-0.00150761,-0.00153074,-0.00152083,-0.0014792,-0.00140805,-0.00131044,-0.00119007,-0.00105121,-0.000898526,-0.000737024,-0.000572101,-0.000561206,-0.000533045,-0.000463124,-0.000319056,-6.70725e-05,0.000318186,0.000843058,0.00148802,0.00220844,0.00294298,0.00362578,0.00419657,0.00460588,0.00481644,0.00480512,0.00456809,0.00412651,0.00352717,0.00283706,0.00213254,0.00148506,0.000947048,0.00054315,0.00027016,0.000104884,1.5634e-05,-2.79502e-05,-4.98197e-05,-6.67553e-05,-8.91292e-05,-0.000306963,-0.000508745,-0.000693141,-0.000858455,-0.0010027,-0.00112378,-0.00121967,-0.00128862,-0.00132931,-0.00134093,-0.00132321,-0.00127647,-0.00120158,-0.00109998,-0.000973718,-0.000825471,-0.000658584,-0.000477087,-0.000285686,-8.96746e-05,0.000105212,0.000293033,0.000467932,0.000624478,0.000757997,0.000864883,0.000942827,0.000990948,0.00100981,0.00100133,0.000968539,0.000915344,0.000846167,0.000764499,0.000673213,0.000575961,0.000476999,0.000380788,0.000291443,0.000212129,0.000144539,8.85298e-05,4.18835e-05,0
0,2.23373e-05,4.89525e-05,8.31275e-05,0.000127414,0.000183243,0.000250857,0.000329308,0.000416593,0.000509945,0.000606206,0.000702214,0.00079511,0.00088251,0.000961053,0.00102593,0.0010723,0.00109557,0.00109175,0.00105776,0.000991687,0.00089297,0.000762508,0.000602655,0.000417116,0.000210767,-1.05947e-05,-0.000240537,-0.000472291,-0.000699039,-0.000914184,-0.00111158,-0.00128576,-0.00143204,-0.00154672,-0.00162717,-0.00167185,-0.00168038,-0.00165347,-0.00159278,-0.00150073,-0.00138016,-0.00123392,-0.00106429,-0.000872374,-0.000657354,-0.000616466,-0.000584451,-0.000530148,-0.000411052,-0.000184845,0.000177245,0.000678959,0.00129412,0.00197106,0.00264485,0.00325186,0.00374044,0.00407453,0.00423169,0.00420018,0.00397921,0.00358296,0.00304499,0.00241912,0.0017736,0.00117851,0.000690041,0.000338047,0.00012188,1.5634e-05,-2.05494e-05,-2.84763e-05,-4.31968e-05,-8.83525e-05,-0.000173754,-0.000432391,-0.000660023,-0.000859806,-0.001033,-0.00117942,-0.00129794,-0.00138712,-0.00144553,-0.00147216,-0.00146653,-0.00142885,-0.00136003,-0.00126171,-0.00113621,-0.000986518,-0.000816266,-0.000629689,-0.000431588,-0.000227246,-2.23119e-05,0.000177378,0.000366029,0.000538164,0.000688911,0.000814293,0.000911466,0.000978889,0.0010164,0.00102517,0.00100761,0.000967084,0.000907685,0.000833884,0.000749141,0.00065626,0.000558761,0.000460693,0.000366253,0.00027925,0.000202547,0.000137584,8.40538e-05,3.96924e-05,0
0,2.09099e-05,4.59074e-05,7.81563e-05,0.00012016,0.000173397,0.000238248,0.000313982,0.000398862,0.000490409,0.000585748,0.000681965,0.00077641,0.000866872,0.000950149,0.00102154,0.00107618,0.00110932,0.00111666,0.00109461,0.00104062,0.000953371,0.000832918,0.000680764,0.000499818,0.000294286,6.94861e-05,-0.000168386,-0.000412526,-0.000655803,-0.000891047,-0.00111132,-0.00131019,-0.00148195,-0.00162183,-0.00172618,-0.00179256,-0.00181976,-0.00180781,-0.00175772,-0.00167123,-0.00155028,-0.00139634,-0.00120945,-0.00098704,-0.000722588,-0.00064672,-0.000601773,-0.000552594,-0.000449676,-0.000244522,9.45275e-05,0.000570438,0.00115412,0.00179125,0.00241655,0.00296925,0.00340352,0.00369087,0.00381636,0.00377364,0.00356326,0.00319611,0.00269921,0.00211914,0.00151887,0.000966429,0.000519022,0.000208721,3.58085e-05,-2.79502e-05,-2.84763e-05,-1.60816e-05,-3.41558e-05,-0.000111381,-0.000256392,-0.000553693,-0.000805197,-0.0010187,-0.00119844,-0.00134587,-0.00146079,-0.00154223,-0.00158912,-0.00160075,-0.00157704,-0.00151873,-0.0014274,-0.0013055,-0.00115626,-0.000983632,-0.00079219,-0.000587046,-0.000373722,-0.000158027,5.41054e-05,0.000256809,0.000444511,0.000612178,0.000755563,0.000871428,0.000957726,0.0010137,0.0010399,0.00103812,0.00101121,0.000962852,0.000897296,0.000819025,0.000731441,0.000637253,0.000539825,0.000442979,0.000350621,0.000266242,0.000192392,0.000130253,7.93551e-05,3.7399e-05,0
0,1.94491e-05,4.27829e-05,7.30366e-05,0.000112655,0.000163154,0.000225048,0.000297817,0.000379994,0.000469394,0.000563434,0.000659465,0.000755064,0.000848212,0.000935896,0.00101356,0.00107637,0.00111946,0.00113825,0.00112871,0.00108769,0.00101312,0.000904218,0.000761627,0.000587421,0.000385079,0.000159364,-8.38583e-05,-0.000337849,-0.000595266,-0.000848462,-0.00108979,-0.00131194,-0.00150818,-0.00167272,-0.00180087,-0.00188924,-0.00193581,-0.00193988,-0.00190185,-0.0018229,-0.00170433,-0.00154673,-0.00134872,-0.00110529,-0.000805958,-0.000694768,-0.000624914,-0.000562072,-0.000456074,-0.000257981,6.3625e-05,0.000511403,0.00105694,0.00164827,0.00222407,0.00272833,0.00311988,0.00337426,0.0034798,0.00343242,0.00323363,0.00289331,0.00243528,0.00190119,0.00134832,0.000839796,0.000429718,0.000149154,-1.34326e-06,-4.98197e-05,-4.31968e-05,-3.41558e-05,-6.89633e-05,-0.000177976,-0.00036732,-0.000691689,-0.000957303,-0.00117741,-0.00135865,-0.00150345,-0.00161196,-0.00168342,-0.00171694,-0.00171207,-0.00166915,-0.00158945,-0.00147526,-0.00132986,-0.00115739,-0.000962758,-0.00075145,-0.00052939,-0.000302752,-7.7785e-05,0.000139383,0.000342948,0.000527643,0.000688951,0.000823306,0.000928249,0.00100255,0.00104624,0.00106057,0.0010479,0.00101154,0.000955413,0.000883889,0.000801428,0.000711337,0.000616208,0.000519223,0.000423957,0.000334008,0.000252532,0.000181761,0.000122622,7.44852e-05,3.50291e-05,0
0,1.79724e-05,3.96162e-05,6.78276e-05,0.000104982,0.000152623,0.000211387,0.000280959,0.00036014,0.00044704,0.000539375,0.000634774,0.000731055,0.000826411,0.000918046,0.00100159,0.00107228,0.00112521,0.00115557,0.00115895,0.00113163,0.00107085,0.000975017,0.0008439,0.00067872,0.000482177,0.000258402,1.28331e-05,-0.000247972,-0.000516587,-0.000785013,-0.00104502,-0.00128848,-0.00150779,-0.00169613,-0.00184783,-0.00195858,-0.00202552,-0.00204728,-0.00202374,-0.00195572,-0.00184435,-0.00169014,-0.00149164,-0.00124323,-0.000932239,-0.000786844,-0.000678509,-0.000578514,-0.000443868,-0.000232921,8.07031e-05,0.000498772,0.000996768,0.00153035,0.00204714,0.00249882,0.00284913,0.00307582,0.00316792,0.00312191,0.00294017,0.00263293,0.00222233,0.00174518,0.0012509,0.00079339,0.000418906,0.000154296,4.22325e-07,-6.67553e-05,-8.83525e-05,-0.000111381,-0.000177976,-0.000316911,-0.000532749,-0.000862721,-0.00112501,-0.00134026,-0.00151539,-0.00165218,-0.00175027,-0.00180862,-0.00182631,-0.00180308,-0.00173962,-0.00163778,-0.00150054,-0.00133202,-0.00113724,-0.000922023,-0.000692692,-0.000455899,-0.000218366,1.33292e-05,0.000232976,0.000434937,0.000614343,0.000767267,0.000890873,0.000983514,0.00104478,0.00107547,0.00107752,0.00105383,0.00100806,0.000944392,0.000867233,0.000780978,0.000688811,0.000593178,0.000497058,0.000403754,0.000316544,0.000238242,0.000170759,0.000114769,6.94971e-05,3.26094e-05,0
0,1.64972e-05,3.64438e-05,6.25882e-05,9.72249e-05,0.000141914,0.000197401,0.000263567,0.000339469,0.000423516,0.000513722,0.000608002,0.000704429,0.000801424,0.000896434,0.000985315,0.00106344,0.0011259,0.00116775,0.00118424,0.00117118,0.00112515,0.0010438,0.000926033,0.000772218,0.00058423,0.000365497,0.000120927,-0.000143229,-0.000419603,-0.000699995,-0.000975728,-0.00123804,-0.00147849,-0.00168939,-0.00186413,-0.00199751,-0.00208588,-0.00212721,-0.002121,-0.0020679,-0.0019693,-0.00182655,-0.00163976,-0.0014053,-0.00110806,-0.000922171,-0.000764939,-0.000607095,-0.000419982,-0.000177053,0.000137916,0.000524642,0.000964985,0.00142682,0.00187144,0.00226145,0.00256665,0.00276632,0.00284885,0.00281026,0.00265366,0.00239014,0.00204046,0.00163553,0.00121395,0.000816098,0.000475976,0.000213557,3.05122e-05,-8.91292e-05,-0.000173754,-0.000256392,-0.00036732,-0.000532749,-0.000810218,-0.00107575,-0.00130867,-0.00150608,-0.00166699,-0.00178998,-0.00187322,-0.00191498,-0.00191415,-0.00187056,-0.00178529,-0.00166071,-0.00150053,-0.00130966,-0.00109396,-0.000860085,-0.000615107,-0.000366281,-0.00012075,0.000114715,0.00033395,0.000531596,0.000703276,0.000845724,0.000956877,0.00103591,0.00108323,0.00110038,0.00108993,0.00105524,0.00100032,0.000929486,0.000847161,0.000757625,0.0006639,0.000568262,0.000473463,0.00038252,0.000298378,0.000223505,0.000159495,0.000106777,6.44446e-05,3.01664e-05,0
0,1.504e-05,3.3301e-05,5.73756e-05,8.94673e-05,0.000131139,0.000183232,0.000245806,0.00031817,0.000399017,0.000486663,0.000579309,0.000675295,0.000773282,0.000870984,0.000964524,0.00104946,0.00112096,0.00117398,0.00120356,0.00120509,0.00117457,0.00110894,0.0010063,0.000866144,0.000689514,0.000479064,0.000239077,-2.46345e-05,-0.00030491,-0.000593519,-0.000881512,-0.00115964,-0.00141881,-0.00165053,-0.00184737,-0.00200329,-0.00211388,-0.00217652,-0.0021903,-0.00215582,-0.00207495,-0.0019504,-0.00178563,-0.00158577,-0.00136327,-0.00116568,-0.000979969,-0.000788867,-0.000574036,-0.000319593,-1.69814e-05,0.000331396,0.000711439,0.00109978,0.00146839,0.00178969,0.00204057,0.00220442,0.00227157,0.00223889,0.00210957,0.00189353,0.00160782,0.00127632,0.000927563,0.000590647,0.000289979,4.04313e-05,-0.000155414,-0.000306963,-0.000432391,-0.000553693,-0.000691689,-0.000862721,-0.00107575,-0.00129292,-0.00149342,-0.00166714,-0.00180828,-0.00191266,-0.001977,-0.00199888,-0.00197697,-0.00191123,-0.00180311,-0.00165556,-0.00147297,-0.001261,-0.00102631,-0.000776247,-0.000518525,-0.000260858,-1.06509e-05,0.00022528,0.000440953,0.000631411,0.000792859,0.000922753,0.00101983,0.0010841,0.00111675,0.00112001,0.00109703,0.00105159,0.000987935,0.000910476,0.000823589,0.000731387,0.000636697,0.000541602,0.000448607,0.000360428,0.000279672,0.000208461,0.000148081,9.87287e-05,5.9381e-05,2.77265e-05,0
0,1.36161e-05,3.02205e-05,5.2244e-05,8.17893e-05,0.000120408,0.000169021,0.000227852,0.000296442,0.000373761,0.00045842,0.000548907,0.00064383,0.0007421,0.00084172,0.000939116,0.00103008,0.00110991,0.00117359,0.00121598,0.00123217,0.00121766,0.00116877,0.00108282,0.00095849,0.000795949,0.000597045,0.000365342,0.000106093,-0.00017391,-0.00046658,-0.000762883,-0.00105327,-0.00132815,-0.0015784,-0.00179585,-0.0019737,-0.00210682,-0.00219196,-0.00222777,-0.00221473,-0.00215492,-0.00205192,-0.00191081,-0.00173889,-0.00154756,-0.00135357,-0.00115652,-0.000948777,-0.000720478,-0.000463247,-0.000173644,0.000144514,0.000479706,0.00081424,0.0011272,0.00139782,0.00160823,0.00174525,0.00180102,0.00177313,0.00166458,0.00148385,0.00124483,0.000966134,0.000669284,0.000375853,0.000103963,-0.000134849,-0.000337408,-0.000508745,-0.000660023,-0.000805197,-0.000957303,-0.00112501,-0.00130867,-0.00149342,-0.00166526,-0.00181402,-0.00193234,-0.00201469,-0.0020569,-0.00205616,-0.00201107,-0.00192184,-0.00179033,-0.00162009,-0.00141618,-0.00118496,-0.000933766,-0.000670556,-0.000403503,-0.000140621,0.000110586,0.000343419,0.000552224,0.000732557,0.000881291,0.000996653,0.0010782,0.00112674,0.00114421,0.00113348,0.00109817,0.00104242,0.000970633,0.000887245,0.000796519,0.000702355,0.000607355,0.000513385,0.000422688,0.000337671,0.0002606,0.000193256,0.000136629,9.07051e-05,5.43586e-05,2.53149e-05,0
0,1.22391e-05,2.72325e-05,4.7244e-05,7.42669e-05,0.000109827,0.000154909,0.000209881,0.000274496,0.000347989,0.000429251,0.000517055,0.000610275,0.000708081,0.000808774,0.000909115,0.00100518,0.00109248,0.00116605,0.00122073,0.00125136,0.00125307,0.00122162,0.00115366,0.00104707,0.000901166,0.000716959,0.000497226,0.000246542,-2.88188e-05,-0.000321092,-0.000621354,-0.000919947,-0.00120698,-0.00147285,-0.00170878,-0.00190728,-0.00206254,-0.00217065,-0.00222973,-0.00223988,-0.0022031,-0.00212304,-0.00200497,-0.0018558,-0.00168389,-0.00149758,-0.00129899,-0.00108579,-0.000853813,-0.000599819,-0.00032381,-3.05745e-05,0.000270019,0.000564016,0.000835298,0.00106783,0.00124767,0.00136431,0.00141145,0.00138725,0.0012944,0.00114002,0.000935394,0.000695198,0.000436032,0.000174352,-7.58986e-05,-0.00030536,-0.000510428,-0.000693141,-0.000859806,-0.0010187,-0.00117741,-0.00134026,-0.00150608,-0.00166714,-0.00181402,-0.00193806,-0.00203202,-0.00209009,-0.00210788,-0.00208256,-0.0020129,-0.0018995,-0.00174474,-0.00155276,-0.00132928,-0.00108128,-0.000816688,-0.000543893,-0.000271375,-7.26661e-06,0.000241008,0.000467031,0.000665612,0.00083293,0.000966596,0.00106564,0.00113042,0.00116253,0.00116458,0.00114,0.00109281,0.00102741,0.000948267,0.000859782,0.000766045,0.000670696,0.000576083,0.00048384,0.000395935,0.00031446,0.000241342,0.000178037,0.000125254,8.27857e-05,4.94269e-05,2.29555e-05,0
0,1.09214e-05,2.43638e-05,4.24213e-05,6.69703e-05,9.94986e-05,0.000141033,0.000192067,0.000252548,0.000321952,0.000399439,0.000484053,0.000574935,0.000671507,0.00077238,0.000874676,0.0009748,0.00106851,0.00115102,0.00121719,0.00126175,0.00127956,0.00126592,0.00121688,0.00112959,0.00100258,0.000835983,0.000631745,0.000393666,0.000127368,-0.000159879,-0.000459456,-0.000761802,-0.00105691,-0.00133489,-0.00158648,-0.00180363,-0.00197985,-0.00211057,-0.00219325,-0.00222746,-0.0022147,-0.00215823,-0.00206282,-0.00193439,-0.00177938,-0.00160351,-0.0014098,-0.00119883,-0.000970093,-0.000723738,-0.000462057,-0.000190501,8.2148e-05,0.000344434,0.000583516,0.000786709,0.000942926,0.00104376,0.00108415,0.00106268,0.000981708,0.000847172,0.000668275,0.00045674,0.000225653,-1.20557e-05,-0.00024526,-0.000466038,-0.000670447,-0.000858455,-0.001033,-0.00119844,-0.00135865,-0.00151539,-0.00166699,-0.00180828,-0.00193234,-0.00203202,-0.0021008,-0.00213322,-0.00212519,-0.00207417,-0.00197939,-0.00184196,-0.00166487,-0.00145287,-0.0012123,-0.000950683,-0.000676359,-0.000398029,-0.000124286,0.000136806,0.00037808,0.000593556,0.000778637,0.000930215,0.00104669,0.00112789,0.00117499,0.00119028,0.00117697,0.00113896,0.00108058,0.00100637,0.000920823,0.000828196,0.000732358,0.000636653,0.00054315,0.000453235,0.000368598,0.000291015,0.000222085,0.00016295,0.000114064,7.50458e-05,4.46323e-05,2.06702e-05,0
0,9.67322e-06,2.16373e-05,3.78159e-05,5.99624e-05,8.95135e-05,0.000127522,0.000174583,0.000230813,0.000295911,0.000369285,0.000450239,0.000538166,0.000632738,0.000732877,0.000836081,0.000939117,0.00103805,0.00112834,0.00120497,0.00126265,0.00129608,0.00130021,0.00127061,0.00120379,0.0010975,0.000951061,0.000765539,0.000543892,0.000290969,1.33926e-05,-0.000280705,-0.000582059,-0.000880756,-0.00116678,-0.00143058,-0.00166363,-0.00185883,-0.00201095,-0.00211674,-0.00217503,-0.00218665,-0.00215416,-0.00208156,-0.00197383,-0.00183627,-0.00167373,-0.00148978,-0.00128674,-0.00106645,-0.000831232,-0.000584889,-0.000333292,-8.44816e-05,0.000151795,0.000364974,0.000544755,0.000682158,0.000770358,0.000805254,0.000785761,0.000713888,0.000594595,0.000435434,0.000245913,3.65783e-05,-0.000182117,-0.00040098,-0.000613046,-0.000814115,-0.0010027,-0.00117942,-0.00134587,-0.00150345,-0.00165218,-0.00178998,-0.00191266,-0.00201469,-0.00209009,-0.00213322,-0.00213932,-0.00210487,-0.00202794,-0.00190839,-0.00174797,-0.00155033,-0.00132085,-0.0010664,-0.000794925,-0.000515069,-0.000235641,3.48335e-05,0.000288543,0.000518751,0.000720059,0.000888573,0.00102197,0.00111945,0.00118167,0.00121053,0.00120894,0.00118065,0.00112991,0.00106127,0.000979302,0.000888426,0.000792711,0.000695744,0.000600538,0.000508869,0.00042187,0.000340946,0.000267566,0.000203014,0.00014814,0.000103162,6.75548e-05,4.00168e-05,1.84785e-05,0
0,8.5027e-06,1.90719e-05,3.34616e-05,5.32978e-05,7.99546e-05,0.000114493,0.000157587,0.000209501,0.000270127,0.000339103,0.000415973,0.00050037,0.000592201,0.000690696,0.000793738,0.000898479,0.00100134,0.00109809,0.00118391,0.0012536,0.00130181,0.00132327,0.00131317,0.00126748,0.00118326,0.00105904,0.000895019,0.000693259,0.000457753,0.000194341,-8.94976e-05,-0.000384981,-0.000682486,-0.000972072,-0.00124406,-0.00148957,-0.00170103,-0.00187253,-0.00200012,-0.00208182,-0.00211764,-0.00210931,-0.00205999,-0.00197381,-0.00185536,-0.0017091,-0.001539,-0.00134849,-0.00114085,-0.000919825,-0.000690146,-0.000457931,-0.000230679,-1.69314e-05,0.000174362,0.000334625,0.000456428,0.000534139,0.000564384,0.0005463,0.000481592,0.000374404,0.000230988,5.91713e-05,-0.000132368,-0.000334947,-0.000540729,-0.000743409,-0.000938594,-0.00112378,-0.00129794,-0.00146079,-0.00161196,-0.00175027,-0.00187322,-0.001977,-0.0020569,-0.00210788,-0.00212519,-0.00210487,-0.00204421,-0.00194204,-0.00179899,-0.00161754,-0.001402,-0.00115835,-0.000893892,-0.000616893,-0.000336104,-6.02723e-05,0.00020233,0.000444323,0.000659555,0.000843335,0.000992555,0.00110572,0.00118285,0.00122536,0.00123581,0.00121769,0.00117513,0.00111264,0.00103487,0.000946354,0.000851348,0.000753665,0.000656573,0.000562727,0.0004736,0.000390068,0.000313259,0.000244344,0.00018431,0.000133739,9.26437e-05,6.0375e-05,3.5617e-05,1.63974e-05,0
0,7.41604e-06,1.66821e-05,2.93852e-05,4.70216e-05,7.08929e-05,0.000102051,0.000141228,0.000188808,0.000244856,0.00030921,0.000381632,0.000461979,0.000550376,0.000646348,0.000748163,0.000853374,0.0009588,0.00106055,0.0011541,0.00123443,0.00129624,0.00133418,0.00134316,0.00131873,0.00125736,0.00115685,0.00101654,0.000837611,0.000623128,0.000378047,0.000109056,-0.000175722,-0.000467137,-0.000755519,-0.00103123,-0.00128522,-0.00150953,-0.0016977,-0.00184504,-0.00194881,-0.00200811,-0.00202383,-0.00199825,-0.00193474,-0.00183731,-0.00171017,-0.0015575,-0.0013834,-0.00119204,-0.000988006,-0.0007766,-0.000564028,-0.000357355,-0.000164233,7.56767e-06,0.000150735,0.000258995,0.000327613,0.000353757,0.000336708,0.000277898,0.000180797,5.06241e-05,-0.000106084,-0.000282049,-0.000469888,-0.000662745,-0.000854791,-0.0010415,-0.00121967,-0.00138712,-0.00154223,-0.00168342,-0.00180862,-0.00191498,-0.00199888,-0.00205616,-0.00208256,-0.00207417,-0.00202794,-0.00194204,-0.00181618,-0.0016518,-0.00145215,-0.00122217,-0.000968354,-0.000698343,-0.000420553,-0.000143684,0.000123764,0.000373954,0.000600096,0.000796758,0.000960051,0.00108772,0.00117909,0.00123499,0.00125754,0.00124988,0.00121593,0.00116014,0.00108714,0.00100157,0.000907853,0.000809995,0.000711505,0.000615294,0.000523648,0.00043773,0.000358168,0.000285819,0.000221573,0.000166144,0.000119873,8.25927e-05,5.35603e-05,3.14639e-05,1.44407e-05,0
0,6.41733e-06,1.44779e-05,2.56067e-05,4.1169e-05,6.23861e-05,9.02855e-05,0.000125637,0.000168918,0.000220337,0.000279911,0.000347595,0.000423442,0.00050778,0.000600407,0.000699969,0.000804425,0.000911006,0.00101622,0.00111588,0.00120526,0.00127919,0.00133235,0.00135953,0.00135594,0.00131759,0.00124161,0.00112659,0.000972797,0.000782363,0.000559289,0.000309356,3.98884e-05,-0.000240611,-0.000522926,-0.000797649,-0.00105573,-0.00128896,-0.00149044,-0.00165486,-0.00177869,-0.00186023,-0.00189945,-0.00189782,-0.00185795,-0.00178329,-0.00167778,-0.00154565,-0.0013913,-0.0012194,-0.00103499,-0.000843657,-0.000651557,-0.000465373,-0.000292064,-0.000138502,-1.10467e-05,8.49036e-05,0.000145292,0.00016769,0.000151463,9.77986e-05,9.60568e-06,-0.000108724,-0.000251669,-0.000413024,-0.000586392,-0.000765657,-0.000945358,-0.00112091,-0.00128862,-0.00144553,-0.00158912,-0.00171694,-0.00182631,-0.00191415,-0.00197697,-0.00201107,-0.0020129,-0.00197939,-0.00190839,-0.00179899,-0.0016518,-0.0014691,-0.00125485,-0.00101458,-0.000755167,-0.00048446,-0.000210856,5.71721e-05,0.000311549,0.00054503,0.000751558,0.000926523,0.00106691,0.00117132,0.00123993,0.00127428,0.00127712,0.00125207,0.00120339,0.00113569,0.00105364,0.000961777,0.000864288,0.000764901,0.000666767,0.00057242,0.000483767,0.000401668,0.000326512,0.000258902,0.000199467,0.000148673,0.000106651,7.30817e-05,4.71551e-05,2.7582e-05,1.2619e-05,0
0,5.50859e-06,1.24651e-05,2.21387e-05,3.57651e-05,5.44786e-05,7.92691e-05,0.000110923,0.00014999,0.000196793,0.000251498,0.000314229,0.000385213,0.00046495,0.000553493,0.000649844,0.000752362,0.000858704,0.000965799,0.00106987,0.00116651,0.00125083,0.00131761,0.00136163,0.00137793,0.00136214,0.00131085,0.00122196,0.00109489,0.000930832,0.000732798,0.000505591,0.00025562,-9.40742e-06,-0.000280896,-0.000549848,-0.000807383,-0.00104524,-0.00125619,-0.00143445,-0.00157579,-0.00167773,-0.00173941,-0.00176147,-0.00174579,-0.00169525,-0.00161341,-0.00150437,-0.00137259,-0.00122291,-0.00106054,-0.000891101,-0.00072062,-0.000555391,-0.000401788,-0.000265969,-0.000153545,-6.92362e-05,-1.65787e-05,2.30129e-06,-1.31863e-05,-6.20745e-05,-0.000141927,-0.000249029,-0.000378673,-0.000525504,-0.000683902,-0.00084834,-0.00101368,-0.00117533,-0.00132931,-0.00147216,-0.00160075,-0.00171207,-0.00180308,-0.00187056,-0.00191123,-0.00192184,-0.0018995,-0.00184196,-0.00174797,-0.00161754,-0.00145215,-0.00125485,-0.00103025,-0.000784357,-0.000524296,-0.000257956,6.45389e-06,0.000260859,0.000497769,0.000710674,0.000894359,0.00104511,0.00116081,0.00124092,0.0012864,0.00129946,0.00128335,0.00124207,0.0011801,0.00110209,0.00101263,0.000916064,0.000816299,0.000716709,0.000620065,0.000528509,0.000443572,0.000365828,0.000295438,0.000232771,0.000178223,0.000132038,9.41665e-05,6.41699e-05,4.11938e-05,2.39894e-05,1.09399e-05,0
0,4.69001e-06,1.06454e-05,1.89873e-05,3.08245e-05,4.72003e-05,6.90556e-05,9.71759e-05,0.000132158,0.000174415,0.000224236,0.000281883,0.000347731,0.000422426,0.000506243,0.00059852,0.000698,0.000802762,0.000910175,0.0010169,0.00111892,0.00121167,0.00129018,0.0013493,0.00138402,0.00138974,0.00136263,0.00129996,0.00120041,0.00106426,0.000893541,0.000692037,0.00046516,0.000219706,-3.64963e-05,-0.000295029,-0.000547362,-0.000785338,-0.00100161,-0.00119,-0.00134577,-0.00146571,-0.00154822,-0.00159314,-0.00160164,-0.00157596,-0.00151922,-0.00143519,-0.00132819,-0.00120298,-0.00106471,-0.000918886,-0.000771251,-0.000627707,-0.000494097,-0.000375976,-0.00027834,-0.000205364,-0.00016017,-0.000144655,-0.00015939,-0.000203607,-0.000275272,-0.000371236,-0.000487462,-0.000619294,-0.000761753,-0.000909814,-0.00105864,-0.00120371,-0.00134093,-0.00146653,-0.00157704,-0.00166915,-0.00173962,-0.00178529,-0.00180311,-0.00179033,-0.00174474,-0.00166487,-0.00155033,-0.001402,-0.00122217,-0.00101458,-0.000784357,-0.000537829,-0.000282226,-2.53006e-05,0.000225094,0.000461442,0.00067698,0.000866043,0.00102433,0.00114906,0.00123901,0.00129449,0.00131712,0.00130971,0.0012759,0.00121996,0.00114642,0.00105989,0.0009648,0.000865197,0.000764651,0.00066615,0.000572064,0.000484146,0.000403561,0.000330614,0.000265264,0.000207669,0.000158014,0.000116356,8.24953e-05,5.59016e-05,3.57002e-05,2.06973e-05,9.40748e-06,0
0,3.96002e-06,9.01663e-06,1.6152e-05,2.63523e-05,4.05675e-05,5.96805e-05,8.44601e-05,0.000115529,0.000153367,0.000198356,0.000250872,0.000311406,0.000380725,0.000459295,0.000546753,0.000642205,0.000744138,0.000850363,0.000957993,0.00106345,0.00116257,0.00125068,0.00132285,0.0013741,0.00139973,0.00139561,0.00135853,0.00128648,0.00117894,0.00103698,0.000863357,0.000662444,0.000440047,0.000203106,-4.06848e-05,-0.000283313,-0.000516903,-0.000734149,-0.000928679,-0.00109534,-0.00123038,-0.00133149,-0.00139781,-0.00142977,-0.00142898,-0.00139799,-0.00134015,-0.00125945,-0.00116036,-0.0010478,-0.000926971,-0.000803269,-0.000682152,-0.000568956,-0.000468689,-0.000385817,-0.000324055,-0.000286185,-0.00027392,-0.000287826,-0.000327314,-0.000390698,-0.00047531,-0.000577683,-0.000693755,-0.000819102,-0.000949155,-0.00107939,-0.00120544,-0.00132321,-0.00142885,-0.00151873,-0.00158945,-0.00163778,-0.00166071,-0.00165556,-0.00162009,-0.00155276,-0.00145287,-0.00132085,-0.00115835,-0.000968354,-0.000755167,-0.000524296,-0.000282226,-3.61124e-05,0.000206595,0.00043856,0.000652967,0.000843888,0.00100658,0.0011377,0.0012354,0.00129933,0.00133052,0.00133124,0.00130472,0.0012549,0.00118617,0.00110303,0.00100994,0.000911051,0.000810081,0.000710209,0.000614013,0.00052346,0.00043992,0.000364217,0.000296412,0.000236284,0.000183806,0.000138987,0.000101722,7.1693e-05,4.83067e-05,3.06881e-05,1.77108e-05,8.02297e-06,0
0,3.31559e-06,7.57343e-06,1.36266e-05,2.23444e-05,3.45831e-05,5.1161e-05,7.28167e-05,0.000100181,0.000133775,0.000174051,0.000221469,0.000276612,0.000340334,0.000413258,0.000495288,0.000585859,0.000683843,0.000787484,0.000894349,0.00100133,0.00110469,0.00120014,0.00128304,0.00134858,0.00139205,0.00140917,0.00139634,0.00135103,0.00127196,0.00115932,0.00101488,0.000841978,0.000645369,0.000431027,0.000205803,-2.2954e-05,-0.000247818,-0.000461696,-0.000658192,-0.000831911,-0.000978665,-0.00109559,-0.00118117,-0.00123515,-0.00125847,-0.00125307,-0.00122177,-0.00116807,-0.00109603,-0.00101015,-0.00091522,-0.000816197,-0.000718051,-0.000625601,-0.000543339,-0.000475251,-0.000424642,-0.000393999,-0.000384879,-0.000397848,-0.000432478,-0.000487381,-0.000560312,-0.000648296,-0.000747798,-0.000854897,-0.000965462,-0.00107531,-0.0011803,-0.00127647,-0.00136003,-0.0014274,-0.00147526,-0.00150054,-0.00150053,-0.00147297,-0.00141618,-0.00132928,-0.0012123,-0.0010664,-0.000893892,-0.000698343,-0.00048446,-0.000257956,-2.53006e-05,0.000206595,0.000430745,0.000640473,0.000829774,0.000993637,0.00112828,0.00123133,0.00130181,0.00134019,0.00134815,0.00132846,0.00128467,0.00122091,0.00114153,0.00105092,0.000953288,0.000852447,0.000751731,0.0006539,0.000561118,0.00047495,0.000396407,0.000325999,0.000263573,0.000208756,0.000161364,0.000121257,8.82036e-05,6.17957e-05,4.14003e-05,2.61611e-05,1.50286e-05,6.78468e-06,0
0,2.75243e-06,6.30749e-06,1.13996e-05,1.87883e-05,2.92378e-05,4.34967e-05,6.22635e-05,8.61601e-05,0.00011573,0.00015147,0.0001939,0.000243668,0.000301686,0.000368698,0.000444838,0.000529831,0.000622903,0.000722707,0.00082726,0.000933924,0.00103942,0.00113991,0.00123109,0.00130842,0.0013673,0.0014034,0.00141291,0.00139283,0.00134129,0.00125768,0.00114285,0.000999111,0.000830186,0.000641025,0.000437553,0.000226334,1.42012e-05,-0.000192125,-0.000386395,-0.000563135,-0.00071788,-0.000847324,-0.000949386,-0.0010232,-0.00106903,-0.00108819,-0.00108286,-0.00105599,-0.00101108,-0.000952122,-0.000883378,-0.000809282,-0.000734272,-0.000662639,-0.000598366,-0.00054498,-0.000505411,-0.000481874,-0.000475785,-0.000487707,-0.000517347,-0.000563585,-0.000624544,-0.000697692,-0.00077997,-0.000867931,-0.00095788,-0.001046,-0.00112848,-0.00120158,-0.00126171,-0.0013055,-0.00132986,-0.00133202,-0.00130966,-0.001261,-0.00118496,-0.00108128,-0.000950683,-0.000794925,-0.000616893,-0.000420553,-0.000210856,6.45389e-06,0.000225094,0.00043856,0.000640473,0.000824928,0.000986811,0.00112207,0.00122789,0.00130282,0.00134673,0.00136076,0.00134718,0.00130909,0.00125029,0.0011749,0.00108719,0.000991327,0.000891175,0.000790172,0.000691231,0.000596684,0.000508281,0.000427209,0.000354146,0.000289323,0.000232405,0.000182894,0.000140482,0.000104909,7.58451e-05,5.28198e-05,3.51834e-05,2.21134e-05,1.2644e-05,5.6884e-06,0
0,2.26527e-06,5.20823e-06,9.45561e-06,1.5665e-05,2.45113e-05,3.66716e-05,5.2796e-05,7.34844e-05,9.92841e-05,0.000130717,0.000168338,0.000212833,0.000265149,0.000326116,0.000396054,0.000474939,0.000562315,0.00065721,0.00075807,0.000862719,0.000968357,0.0010716,0.00116857,0.00125504,0.00132665,0.00137912,0.00140852,0.00141157,0.0013859,0.00133022,0.00124455,0.00113026,0.000990032,0.000827805,0.000648524,0.000457884,0.00026201,6.71042e-05,-0.000120883,-0.000296561,-0.000455338,-0.000593604,-0.000708825,-0.000799581,-0.000865527,-0.000907319,-0.000926495,-0.00092535,-0.000906782,-0.000874156,-0.000831149,-0.000781606,-0.000729392,-0.000678249,-0.000631652,-0.000592682,-0.000563905,-0.000547278,-0.000544077,-0.000554857,-0.000579439,-0.000616936,-0.000665798,-0.000723896,-0.000788615,-0.000856963,-0.000925688,-0.000991388,-0.00105062,-0.00109998,-0.00113621,-0.00115626,-0.00115739,-0.00113724,-0.00109396,-0.00102631,-0.000933766,-0.000816688,-0.000676359,-0.000515069,-0.000336104,-0.000143684,5.71721e-05,0.000260859,0.000461442,0.000652967,0.000829774,0.000986811,0.0011199,0.00122595,0.00130309,0.00135071,0.00136944,0.001361,0.00132808,0.00127404,0.00120274,0.00111824,0.00102461,0.000925685,0.00082497,0.00072548,0.000629689,0.000539507,0.000456287,0.000380867,0.000313624,0.000254549,0.000203161,0.000158867,0.000121262,8.99935e-05,6.46638e-05,4.47631e-05,2.96443e-05,1.85312e-05,1.05458e-05,4.72775e-06,0
0,1.84812e-06,4.26337e-06,7.77578e-06,1.29494e-05,2.03743e-05,3.06556e-05,4.43894e-05,6.21435e-05,8.4454e-05,0.000111848,0.000144898,0.000184304,0.000231021,0.000285933,0.000349506,0.000421928,0.000503013,0.000592128,0.000688115,0.000789243,0.00089318,0.000997018,0.00109733,0.00119027,0.00127179,0.00133775,0.00138425,0.00140783,0.00140576,0.0013762,0.00131846,0.00123302,0.00112164,0.000987245,0.000833787,0.00066605,0.000489361,0.000309295,0.000131364,-3.92667e-05,-0.000198032,-0.000341152,-0.000465766,-0.000569991,-0.000652926,-0.00071461,-0.000755929,-0.000778509,-0.000784582,-0.000776853,-0.000758351,-0.000732295,-0.000701949,-0.000670488,-0.000640876,-0.000615752,-0.000597324,-0.000587297,-0.000586804,-0.000596378,-0.000615935,-0.000644788,-0.000681685,-0.000724863,-0.000772124,-0.000820923,-0.000868458,-0.000911774,-0.000947853,-0.000973718,-0.000986518,-0.000983632,-0.000962758,-0.000922023,-0.000860085,-0.000776247,-0.000670556,-0.000543893,-0.000398029,-0.000235641,-6.02723e-05,0.000123764,0.000311549,0.000497769,0.00067698,0.000843888,0.000993637,0.00112207,0.00122595,0.00130312,0.00135258,0.00137449,0.0013701,0.00134161,0.00129198,0.00122472,0.00114363,0.00105261,0.000955421,0.000855565,0.000756111,0.00065964,0.000568193,0.000483272,0.000405862,0.000336484,0.000275258,0.000221974,0.000176038,0.000136793,0.000103762,7.65299e-05,5.46534e-05,3.76062e-05,2.476e-05,1.53936e-05,8.71841e-06,3.89461e-06,0
0,1.49457e-06,3.45947e-06,6.33892e-06,1.06121e-05,1.679e-05,2.54068e-05,3.70019e-05,5.21027e-05,7.12225e-05,9.48795e-05,0.000123643,0.00015821,0.00019952,0.000248482,0.000305672,0.00037144,0.000445832,0.00052851,0.000618672,0.000714997,0.000815606,0.000918062,0.0010194,0.00111622,0.0012048,0.00128127,0.00134184,0.00138301,0.00140179,0.00139595,0.00136419,0.00130627,0.00122306,0.00111654,0.000989708,0.000846421,0.00069116,0.000528788,0.000364273,0.000202422,4.76435e-05,-9.62539e-05,-0.000226203,-0.000339968,-0.000436176,-0.000514304,-0.000574615,-0.000618077,-0.000646247,-0.000661149,-0.000665147,-0.000660808,-0.000650782,-0.000637673,-0.000623933,-0.000611759,-0.000603011,-0.000599136,-0.000601122,-0.000609466,-0.000624156,-0.000644681,-0.000670051,-0.000698845,-0.000729259,-0.000759182,-0.000786271,-0.000808038,-0.000821939,-0.000825471,-0.000816266,-0.00079219,-0.00075145,-0.000692692,-0.000615107,-0.000518525,-0.000403503,-0.000271375,-0.000124286,3.48335e-05,0.00020233,0.000373954,0.00054503,0.000710674,0.000866043,0.00100658,0.00112828,0.00122789,0.00130309,0.00135258,0.00137614,0.0013746,0.00134971,0.00130399,0.00124059,0.00116299,0.00107488,0.000979879,0.000881426,0.000782599,0.00068604,0.000593889,0.00050777,0.000428804,0.000357644,0.000294538,0.000239387,0.000191823,0.000151173,0.000116739,8.80021e-05,6.45065e-05,4.57857e-05,3.1315e-05,2.04975e-05,1.26736e-05,7.14338e-06,3.17954e-06,0
0,1.19797e-06,2.78246e-06,5.12236e-06,8.62106e-06,1.37162e-05,2.08744e-05,3.05769e-05,4.3306e-05,5.95427e-05,7.9784e-05,0.000104582,0.000134615,0.000170786,0.000214005,0.000264919,0.000324004,0.000391491,0.000467288,0.000550907,0.000641398,0.000737305,0.000836642,0.000936912,0.00103516,0.00112806,0.00121206,0.00128358,0.00133917,0.00137574,0.00139077,0.00138251,0.00135008,0.00129361,0.00121423,0.00111403,0.000995947,0.000863617,0.000721143,0.000572868,0.000423141,0.000276093,0.000135436,4.31904e-06,-0.000114783,-0.000220126,-0.000310701,-0.000386213,-0.000447007,-0.00049399,-0.00052852,-0.000552296,-0.000567243,-0.000575396,-0.000578796,-0.000579389,-0.00057894,-0.00057896,-0.000580644,-0.000584828,-0.000591957,-0.000602073,-0.000614813,-0.000629425,-0.000644798,-0.000659502,-0.000671846,-0.000679945,-0.00068179,-0.000675334,-0.000658584,-0.000629689,-0.000587046,-0.00052939,-0.000455899,-0.000366281,-0.000260858,-0.000140621,-7.26661e-06,0.000136806,0.000288543,0.000444323,0.000600096,0.000751558,0.000894359,0.00102433,0.0011377,0.00123133,0.00130282,0.00135071,0.00137449,0.0013746,0.0013524,0.00131001,0.00125017,0.00117605,0.00109105,0.000998624,0.000902079,0.000804455,0.000708409,0.000616144,0.000529378,0.000449346,0.000376823,0.000312173,0.000255411,0.000206266,0.000164249,0.00012864,9.87257e-05,7.39651e-05,5.38848e-05,3.80135e-05,2.58429e-05,1.68167e-05,1.03404e-05,5.79999e-06,2.5722e-06,0
0,9.51697e-07,2.21813e-06,4.10282e-06,6.9421e-06,1.11071e-05,1.70008e-05,2.5047e-05,3.56797e-05,4.93421e-05,6.65002e-05,8.76784e-05,0.00011352,0.000144882,0.000182648,0.000227507,0.000280022,0.000340565,0.000409246,0.000485842,0.000569729,0.000659832,0.000754592,0.000851958,0.000949424,0.00104409,0.00113278,0.00121216,0.00127894,0.00133005,0.0013628,0.00137512,0.00136564,0.00133387,0.00128019,0.00120585,0.00111296,0.00100431,0.000883231,0.000753395,0.000618619,0.000482659,0.000349024,0.000220825,0.000100659,-9.46215e-06,-0.000108148,-0.000194619,-0.000268669,-0.000330605,-0.000381159,-0.0004214,-0.000452634,-0.000476308,-0.000493917,-0.000506918,-0.000516659,-0.000524312,-0.000530822,-0.000536867,-0.000542832,-0.000548793,-0.000554512,-0.000559445,-0.000562764,-0.000563391,-0.000560036,-0.000551257,-0.000535524,-0.000511292,-0.000477087,-0.000431588,-0.000373722,-0.000302752,-0.000218366,-0.00012075,-1.06509e-05,0.000110586,0.000241008,0.00037808,0.000518751,0.000659555,0.000796758,0.000926523,0.00104511,0.00114906,0.0012354,0.00130181,0.00134673,0.00136944,0.0013701,0.00134971,0.00131001,0.00125338,0.00118262,0.00110087,0.00101132,0.000917129,0.000821252,0.000726312,0.000634535,0.000547703,0.000467138,0.000393721,0.000327926,0.000269871,0.000219383,0.00017606,0.000139332,0.000108456,8.27265e-05,6.16e-05,4.4603e-05,3.12744e-05,2.11336e-05,1.36716e-05,8.35991e-06,4.66616e-06,2.06177e-06,0
0,7.49292e-07,1.75251e-06,3.25708e-06,5.54078e-06,8.91512e-06,1.37242e-05,2.03367e-05,2.91376e-05,4.0528e-05,5.49369e-05,7.28521e-05,9.48739e-05,0.000121798,0.000154468,0.000193586,0.000239767,0.000293485,0.000355007,0.000424325,0.000501095,0.000584578,0.000673599,0.000766531,0.000861305,0.000955451,0.00104618,0.00113048,0.0012053,0.00126766,0.00131484,0.00134455,0.00135511,0.00134549,0.00131546,0.00126557,0.00119714,0.00111217,0.00101324,0.000903352,0.000785735,0.000663701,0.000540463,0.000418992,0.000301896,0.000191341,8.8998e-05,-3.9698e-06,-8.68916e-05,-0.000159548,-0.000222112,-0.000275077,-0.000319178,-0.000355314,-0.000384469,-0.000407641,-0.000425783,-0.000439743,-0.000450223,-0.000457746,-0.000462626,-0.000464956,-0.000464602,-0.000461201,-0.000454182,-0.000442786,-0.000426099,-0.000403102,-0.000372725,-0.000333909,-0.000285686,-0.000227246,-0.000158027,-7.7785e-05,1.33292e-05,0.000114715,0.00022528,0.000343419,0.000467031,0.000593556,0.000720059,0.000843335,0.000960051,0.00106691,0.00116081,0.00123901,0.00129933,0.00134019,0.00136076,0.001361,0.00134161,0.00130399,0.00125017,0.00118262,0.00110415,0.00101772,0.000926282,0.000832649,0.000739381,0.000648689,0.000562382,0.000481845,0.000408044,0.000341547,0.000282572,0.000231039,0.000186631,0.000148851,0.000117082,9.05842e-05,6.86766e-05,5.08282e-05,3.65801e-05,2.54937e-05,1.71238e-05,1.10126e-05,6.69647e-06,3.71929e-06,1.6373e-06,0
0,5.84643e-07,1.37226e-06,2.56268e-06,4.38311e-06,7.0924e-06,1.09812e-05,1.63661e-05,2.35841e-05,3.29926e-05,4.49795e-05,5.99906e-05,7.85759e-05,0.000101464,0.000129443,0.000163206,0.00020339,0.000250535,0.000305022,0.000367016,0.000436399,0.000512721,0.000595149,0.00068244,0.000772936,0.000864587,0.000955004,0.00104154,0.00112142,0.00119183,0.00125013,0.00129395,0.00132137,0.00133101,0.00132213,0.00129469,0.00124933,0.00118735,0.00111062,0.00102146,0.00092252,0.000816615,0.000706596,0.000595205,0.000484966,0.00037809,0.000276419,0.000181394,9.40535e-05,1.50483e-05,-5.53172e-05,-0.000117035,-0.000170337,-0.000215628,-0.000253432,-0.000284328,-0.000308904,-0.000327709,-0.000341216,-0.000349796,-0.000353687,-0.000352988,-0.000347644,-0.000337452,-0.000322064,-0.000301007,-0.000273713,-0.00023955,-0.000197875,-0.000148084,-8.96746e-05,-2.23119e-05,5.41054e-05,0.000139383,0.000232976,0.00033395,0.000440953,0.000552224,0.000665612,0.000778637,0.000888573,0.000992555,0.00108772,0.00117132,0.00124092,0.00129449,0.00133052,0.00134815,0.00134718,0.00132808,0.00129198,0.00124059,0.00117605,0.00110087,0.00101772,0.000929353,0.000838409,0.000747339,0.000658303,0.000573106,0.000493167,0.000419514,0.000352794,0.000293313,0.000241079,0.000195859,0.00015723,0.00012464,9.74488e-05,7.49431e-05,5.64776e-05,4.15483e-05,2.97212e-05,2.05885e-05,1.37461e-05,8.78837e-06,5.31414e-06,2.9369e-06,1.28805e-06,0
0,4.52073e-07,1.06489e-06,1.99833e-06,3.43647e-06,5.59222e-06,8.70836e-06,1.30537e-05,1.89193e-05,2.66186e-05,3.64971e-05,4.89552e-05,6.4489e-05,8.37547e-05,0.000107478,0.000136321,0.000170922,0.000211854,0.000259576,0.000314378,0.000376326,0.000445207,0.000520481,0.000601247,0.000686223,0.000773758,0.000861857,0.000948245,0.00103046,0.00110593,0.00117217,0.00122682,0.00126784,0.00129363,0.00130307,0.00129565,0.00127145,0.00123114,0.00117596,0.00110759,0.00102811,0.000939822,0.000845173,0.00074661,0.000646482,0.000546953,0.000449932,0.000357032,0.00026955,0.000188469,0.000114474,4.79875e-05,-1.07959e-05,-6.18611e-05,-0.000105329,-0.000141412,-0.000170375,-0.000192496,-0.000208041,-0.000217234,-0.000220241,-0.000217154,-0.000207982,-0.000192651,-0.000171006,-0.000142826,-0.000107845,-6.57788e-05,-1.63617e-05,4.06061e-05,0.000105212,0.000177378,0.000256809,0.000342948,0.000434937,0.000531596,0.000631411,0.000732557,0.00083293,0.000930215,0.00102197,0.00110572,0.00117909,0.00123993,0.0012864,0.00131712,0.00133124,0.00132846,0.00130909,0.00127404,0.00122472,0.00116299,0.00109105,0.00101132,0.000926282,0.000838409,0.000750012,0.000663165,0.000579639,0.000500861,0.000427894,0.000361448,0.000301903,0.000249348,0.000203629,0.000164398,0.000131168,0.000103357,8.03294e-05,6.14116e-05,4.60055e-05,3.36424e-05,2.39215e-05,1.64713e-05,1.09314e-05,6.94773e-06,4.17761e-06,2.29729e-06,1.00374e-06,0
0,3.46417e-07,8.18951e-07,1.54433e-06,2.67026e-06,4.3701e-06,6.84448e-06,1.0319e-05,1.50416e-05,2.12837e-05,2.93482e-05,3.95893e-05,5.24473e-05,6.85057e-05,8.842e-05,0.000112811,0.000142296,0.000177456,0.000218794,0.000266689,0.000321344,0.000382737,0.000450571,0.000524238,0.000602793,0.000684949,0.000769089,0.000853308,0.000935473,0.00101331,0.00108451,0.00114684,0.00119825,0.001237,0.00126174,0.0012716,0.00126621,0.00124572,0.00121082,0.00116263,0.00110266,0.00103273,0.000954857,0.000871145,0.000783707,0.000694577,0.000605635,0.000518564,0.000434819,0.000355608,0.000281898,0.00021443,0.000153737,0.000100176,5.39599e-05,1.51845e-05,-1.61384e-05,-4.00554e-05,-5.66477e-05,-6.6011e-05,-6.82386e-05,-6.34097e-05,-5.15804e-05,-3.2781e-05,-7.01762e-06,2.57194e-05,6.54407e-05,0.000112136,0.000165747,0.000226133,0.000293033,0.000366029,0.000444511,0.000527643,0.000614343,0.000703276,0.000792859,0.000881291,0.000966596,0.00104669,0.00111945,0.00118285,0.00123499,0.00127428,0.00129946,0.00130971,0.00130472,0.00128467,0.00125029,0.00120274,0.00114363,0.00107488,0.000998624,0.000917129,0.000832649,0.000747339,0.000663165,0.000581834,0.000504752,0.000432999,0.000367325,0.000308172,0.000255698,0.000209823,0.000170272,0.000136622,0.000108351,8.48726e-05,6.5577e-05,4.98399e-05,3.71171e-05,2.69819e-05,1.90712e-05,1.3053e-05,8.61109e-06,5.4408e-06,3.25314e-06,1.77996e-06,7.74763e-07,0
0,2.63066e-07,6.24163e-07,1.1828e-06,2.05637e-06,3.38462e-06,5.33157e-06,8.08435e-06,1.18517e-05,1.68654e-05,2.33872e-05,3.17257e-05,4.22666e-05,5.55209e-05,7.20723e-05,9.24903e-05,0.000117357,0.000147241,0.000182662,0.000224054,0.000271716,0.000325771,0.00038612,0.0004524,0.000523956,0.000599825,0.000678741,0.000759149,0.000839258,0.000917096,0.000990599,0.0010577,0.00111642,0.001165,0.00120196,0.00122616,0.00123693,0.001234,0.00121759,0.00118834,0.00114725,0.00109568,0.00103521,0.000967583,0.000894639,0.000818209,0.000740071,0.000661887,0.000585168,0.000511252,0.000441285,0.000376232,0.000316873,0.000263826,0.000217561,0.000178421,0.000146639,0.000122361,0.00010566,9.65502e-05,9.50036e-05,0.000100958,0.000114324,0.000134992,0.000162829,0.000197675,0.000239333,0.000287555,0.000342024,0.000402327,0.000467932,0.000538164,0.000612178,0.000688951,0.000767267,0.000845724,0.000922753,0.000996653,0.00106564,0.00112789,0.00118167,0.00122536,0.00125754,0.00127712,0.00128335,0.0012759,0.0012549,0.00122091,0.0011749,0.00111824,0.00105261,0.000979879,0.000902079,0.000821252,0.000739381,0.000658303,0.000579639,0.000504752,0.000434713,0.000370298,0.00031199,0.000260007,0.000214336,0.000174768,0.000140947,0.000112408,8.86185e-05,6.9011e-05,5.3013e-05,4.00575e-05,2.96581e-05,2.1433e-05,1.50594e-05,1.02458e-05,6.71889e-06,4.22029e-06,2.50918e-06,1.36599e-06,5.92311e-07,0
0,1.97974e-07,4.71441e-07,8.97805e-07,1.56948e-06,2.59799e-06,4.11603e-06,6.27707e-06,9.25475e-06,1.32443e-05,1.8469e-05,2.5194e-05,3.37522e-05,4.45858e-05,5.82065e-05,7.51274e-05,9.58854e-05,0.00012102,0.000151046,0.000186423,0.000227514,0.000274546,0.000327571,0.000386424,0.000450694,0.000519701,0.000592488,0.00066783,0.000744263,0.000820123,0.000893614,0.00096288,0.00102609,0.00108152,0.00112766,0.00116324,0.00118734,0.00119942,0.0011993,0.00118722,0.00116377,0.00112985,0.00108665,0.00103555,0.000978086,0.000915842,0.00085043,0.000783418,0.00071629,0.000650419,0.000587043,0.000527253,0.000471993,0.000422056,0.000378097,0.00034064,0.000310085,0.000286726,0.000270756,0.000262281,0.000261326,0.000267848,0.000281738,0.000302828,0.00033089,0.000365638,0.000406718,0.000453705,0.000506087,0.000563253,0.000624478,0.000688911,0.000755563,0.000823306,0.000890873,0.000956877,0.00101983,0.0010782,0.00113042,0.00117499,0.00121053,0.00123581,0.00124988,0.00125207,0.00124207,0.00121996,0.00118617,0.00114153,0.00108719,0.00102461,0.000955421,0.000881426,0.000804455,0.000726312,0.000648689,0.000573106,0.000500861,0.000432999,0.000370298,0.000313272,0.000262185,0.00021708,0.000177812,0.000144086,0.000115495,9.15607e-05,7.17609e-05,5.55614e-05,4.24371e-05,3.18823e-05,2.34689e-05,1.68615e-05,1.17776e-05,7.96546e-06,5.19246e-06,3.24235e-06,1.91688e-06,1.03828e-06,4.48485e-07,0
0,1.47652e-07,3.52901e-07,6.75397e-07,1.1872e-06,1.97642e-06,3.14928e-06,4.83028e-06,7.16211e-06,1.03073e-05,1.44536e-05,1.98259e-05,2.67078e-05,3.54769e-05,4.65756e-05,6.04586e-05,7.76106e-05,9.85316e-05,0.000123715,0.000153623,0.000188651,0.000229098,0.000275124,0.000326721,0.000383672,0.000445537,0.000511628,0.000581017,0.000652541,0.000724838,0.000796389,0.000865576,0.000930749,0.000990303,0.00104275,0.00108679,0.00112136,0.00114571,0.00115941,0.00116234,0.00115475,0.00113718,0.00111043,0.00107555,0.00103373,0.000986328,0.000934725,0.000880339,0.000824561,0.000768722,0.000714067,0.000661735,0.000612747,0.000567999,0.000528257,0.000494163,0.000466231,0.000444857,0.000430323,0.0004228,0.000422358,0.000428971,0.00044252,0.0004628,0.000489521,0.000522308,0.000560703,0.000604159,0.000652036,0.000703596,0.000757997,0.000814293,0.000871428,0.000928249,0.000983514,0.00103591,0.0010841,0.00112674,0.00116253,0.00119028,0.00120894,0.00121769,0.00121593,0.00120339,0.0011801,0.00114642,0.00110303,0.00105092,0.000991327,0.000925685,0.000855565,0.000782599,0.000708409,0.000634535,0.000562382,0.000493167,0.000427894,0.000367325,0.00031199,0.000262185,0.000218001,0.000179348,0.00014599,0.000117577,9.36825e-05,7.3832e-05,5.75319e-05,4.42911e-05,3.36376e-05,2.51279e-05,1.83911e-05,1.31368e-05,9.12227e-06,6.13318e-06,3.97437e-06,2.46717e-06,1.45037e-06,7.81614e-07,3.36317e-07,0
0,1.09135e-07,2.61809e-07,5.03558e-07,8.90032e-07,1.49017e-06,2.38812e-06,3.68376e-06,5.49302e-06,7.94948e-06,1.12091e-05,1.54602e-05,2.09412e-05,2.79705e-05,3.69257e-05,4.82028e-05,6.2232e-05,7.94666e-05,0.000100367,0.000125378,0.000154908,0.000189294,0.000228773,0.000273448,0.00032326,0.000377958,0.000437086,0.000499968,0.00056572,0.000633258,0.000701335,0.00076858,0.000833552,0.000894803,0.000950938,0.00100068,0.00104292,0.00107678,0.00110165,0.00111717,0.0011233,0.00112026,0.00110855,0.00108889,0.00106217,0.00102947,0.000991938,0.000950805,0.000907315,0.000862695,0.000818131,0.000774739,0.000733549,0.000695486,0.000661368,0.000631892,0.000607639,0.000589064,0.000576503,0.000570173,0.000570175,0.000576496,0.000589018,0.000607516,0.000631664,0.00066104,0.000695125,0.000733304,0.000774871,0.000819027,0.000864883,0.000911466,0.000957726,0.00100255,0.00104478,0.00108323,0.00111675,0.00114421,0.00116458,0.00117697,0.00118065,0.00117513,0.00116014,0.00113569,0.00110209,0.00105989,0.00100994,0.000953288,0.000891175,0.00082497,0.000756111,0.00068604,0.000616144,0.000547703,0.000481845,0.000419514,0.000361448,0.000308172,0.000260007,0.00021708,0.000179348,0.000146629,0.000118626,9.4965e-05,7.52195e-05,5.89377e-05,4.56642e-05,3.4957e-05,2.64001e-05,1.96105e-05,1.42715e-05,1.01356e-05,6.99733e-06,4.67688e-06,3.01278e-06,1.85929e-06,1.08684e-06,5.82733e-07,2.4977e-07,0
0,7.99463e-08,1.92499e-07,3.721e-07,6.61317e-07,1.11355e-06,1.79478e-06,2.78427e-06,4.17513e-06,6.07586e-06,8.61443e-06,1.19464e-05,1.62699e-05,2.18501e-05,2.90049e-05,3.80743e-05,4.94337e-05,6.34857e-05,8.06491e-05,0.000101343,0.000125964,0.000154868,0.000188335,0.000226549,0.000269564,0.000317282,0.000369431,0.000425555,0.000485005,0.000546953,0.000610405,0.000674236,0.000737224,0.000798101,0.000855607,0.000908542,0.000955817,0.000996503,0.00102987,0.00105541,0.00107286,0.00108221,0.00108366,0.00107767,0.00106486,0.00104604,0.00102211,0.000994087,0.000963042,0.000930057,0.000896206,0.000862526,0.000829996,0.000799518,0.000771903,0.000747856,0.000727975,0.00071274,0.000702511,0.000697528,0.00069791,0.000703658,0.000714656,0.000730678,0.000751386,0.000776343,0.000805009,0.000836751,0.000870849,0.0009065,0.000942827,0.000978889,0.0010137,0.00104624,0.00107547,0.00110038,0.00112001,0.00113348,0.00114,0.00113896,0.00112991,0.00111264,0.00108714,0.00105364,0.00101263,0.0009648,0.000911051,0.000852447,0.000790172,0.00072548,0.00065964,0.000593889,0.000529378,0.000467138,0.000408044,0.000352794,0.000301903,0.000255698,0.000214336,0.000177812,0.00014599,0.000118626,9.53942e-05,7.59159e-05,5.97818e-05,4.6574e-05,3.58818e-05,2.73157e-05,2.0515e-05,1.51541e-05,1.09664e-05,7.74395e-06,5.31531e-06,3.53189e-06,2.26181e-06,1.38768e-06,8.06586e-07,4.30266e-07,1.83703e-07,0
0,5.80423e-08,1.40278e-07,2.72515e-07,4.87006e-07,8.24707e-07,1.33682e-06,2.08556e-06,3.14488e-06,4.60189e-06,6.56026e-06,9.14703e-06,1.25247e-05,1.69115e-05,2.25716e-05,2.9793e-05,3.88976e-05,5.02371e-05,6.41845e-05,8.11224e-05,0.000101427,0.000125449,0.000153493,0.000185789,0.000222473,0.00026356,0.000308924,0.000358285,0.000411198,0.000467055,0.000525093,0.000584415,0.000644017,0.000702825,0.000759737,0.000813665,0.000863586,0.000908581,0.000947874,0.000980862,0.00100714,0.00102649,0.00103894,0.00104468,0.0010441,0.00103775,0.00102633,0.00101062,0.000991499,0.00096987,0.000946667,0.000922809,0.000899182,0.000876617,0.000855875,0.000837631,0.00082246,0.000810835,0.000803114,0.000799543,0.000800247,0.000805236,0.000814403,0.000827531,0.000844293,0.00086426,0.000886909,0.000911627,0.000937723,0.000964436,0.000990948,0.0010164,0.0010399,0.00106057,0.00107752,0.00108993,0.00109703,0.00109817,0.00109281,0.00108058,0.00106127,0.00103487,0.00100157,0.000961777,0.000916064,0.000865197,0.000810081,0.000751731,0.000691231,0.000629689,0.000568193,0.00050777,0.000449346,0.000393721,0.000341547,0.000293313,0.000249348,0.000209823,0.000174768,0.000144086,0.000117577,9.4965e-05,7.59159e-05,6.00635e-05,4.70276e-05,3.6431e-05,2.79113e-05,2.11312e-05,1.57833e-05,1.15946e-05,8.34375e-06,5.8587e-06,3.99825e-06,2.64131e-06,1.68158e-06,1.02568e-06,5.92813e-07,3.14618e-07,1.33803e-07,0
0,4.17643e-08,1.01314e-07,1.97805e-07,3.55439e-07,6.05318e-07,9.86762e-07,1.54809e-06,2.34737e-06,3.45369e-06,4.95008e-06,6.93898e-06,9.5521e-06,1.29668e-05,1.74002e-05,2.30922e-05,3.03152e-05,3.9371e-05,5.05856e-05,6.43005e-05,8.08614e-05,0.000100602,0.000123829,0.000150799,0.000181697,0.00021662,0.000255551,0.00029835,0.000344736,0.000394288,0.000446445,0.000500517,0.000555704,0.000611125,0.000665843,0.000718911,0.000769402,0.000816448,0.000859281,0.000897255,0.000929876,0.000956813,0.000977913,0.000993192,0.00100284,0.00100718,0.00100671,0.00100199,0.0009937,0.000982573,0.000969373,0.000954877,0.000939849,0.00092502,0.000911067,0.000898602,0.000888153,0.000880157,0.000874954,0.000872775,0.000873745,0.000877878,0.00088508,0.000895152,0.000907791,0.000922603,0.000939102,0.000956729,0.000974852,0.000992788,0.00100981,0.00102517,0.00103812,0.0010479,0.00105383,0.00105524,0.00105159,0.00104242,0.00102741,0.00100637,0.000979302,0.000946354,0.000907853,0.000864288,0.000816299,0.000764651,0.000710209,0.0006539,0.000596684,0.000539507,0.000483272,0.000428804,0.000376823,0.000327926,0.000282572,0.000241079,0.000203629,0.000170272,0.000140947,0.000115495,9.36825e-05,7.52195e-05,5.97818e-05,4.70276e-05,3.66132e-05,2.82053e-05,2.14906e-05,1.61818e-05,1.20209e-05,8.78259e-06,6.28529e-06,4.38863e-06,2.97798e-06,1.95596e-06,1.23801e-06,7.50743e-07,4.31466e-07,2.27821e-07,9.65108e-08,0
0,2.97825e-08,7.25171e-08,1.42288e-07,2.57079e-07,4.40269e-07,7.21735e-07,1.13859e-06,1.7359e-06,2.56783e-06,3.70005e-06,5.21417e-06,7.21566e-06,9.84703e-06,1.32842e-05,1.77248e-05,2.33953e-05,3.0551e-05,3.94713e-05,5.04552e-05,6.38118e-05,7.98497e-05,9.88627e-05,0.000121114,0.000146817,0.000176119,0.000209084,0.000245675,0.000285741,0.000329013,0.000375101,0.000423495,0.000473581,0.000524657,0.000575957,0.000626675,0.000676004,0.000723159,0.000767413,0.000808125,0.000844761,0.000876916,0.000904324,0.000926863,0.000944554,0.000957558,0.000966159,0.000970749,0.000971812,0.000969899,0.000965609,0.000959565,0.000952394,0.000944707,0.000937081,0.000930041,0.000924049,0.00091949,0.000916667,0.000915788,0.000916968,0.000920224,0.000925475,0.000932546,0.000941172,0.000951004,0.000961616,0.000972519,0.000983166,0.000992973,0.00100133,0.00100761,0.00101121,0.00101154,0.00100806,0.00100032,0.000987935,0.000970633,0.000948267,0.000920823,0.000888426,0.000851348,0.000809995,0.000764901,0.000716709,0.00066615,0.000614013,0.000561118,0.000508281,0.000456287,0.000405862,0.000357644,0.000312173,0.000269871,0.000231039,0.000195859,0.000164398,0.000136622,0.000112408,9.15607e-05,7.3832e-05,5.89377e-05,4.6574e-05,3.6431e-05,2.82053e-05,2.16089e-05,1.63752e-05,1.22638e-05,9.06158e-06,6.58478e-06,4.68676e-06,3.25439e-06,2.19593e-06,1.43408e-06,9.02455e-07,5.44107e-07,3.10959e-07,1.63356e-07,6.89316e-08,0
0,2.10458e-08,5.1434e-08,1.01418e-07,1.8423e-07,3.17254e-07,5.22944e-07,8.29475e-07,1.2714e-06,1.89065e-06,2.73852e-06,3.8792e-06,5.39616e-06,7.40257e-06,1.00392e-05,1.34662e-05,1.78697e-05,2.34616e-05,3.04779e-05,3.91748e-05,4.9823e-05,6.26993e-05,7.80759e-05,9.62081e-05,0.000117319,0.000141586,0.000169123,0.000199968,0.000234069,0.000271276,0.000311337,0.000353896,0.000398501,0.00044461,0.000491617,0.000538861,0.000585659,0.000631326,0.000675205,0.00071669,0.000755247,0.000790436,0.000821923,0.00084949,0.000873036,0.000892578,0.000908244,0.000920262,0.000928947,0.000934682,0.000937905,0.000939088,0.000938716,0.000937274,0.000935227,0.000933006,0.000930992,0.000929511,0.000928815,0.000929086,0.000930421,0.000932837,0.000936269,0.000940568,0.000945513,0.000950809,0.000956101,0.00096098,0.000965,0.000967682,0.000968539,0.000967084,0.000962852,0.000955413,0.000944392,0.000929486,0.000910476,0.000887245,0.000859782,0.000828196,0.000792711,0.000753665,0.000711505,0.000666767,0.000620065,0.000572064,0.00052346,0.00047495,0.000427209,0.000380867,0.000336484,0.000294538,0.000255411,0.000219383,0.000186631,0.00015723,0.000131168,0.000108351,8.86185e-05,7.17609e-05,5.75319e-05,4.56642e-05,3.58818e-05,2.79113e-05,2.14906e-05,1.63752e-05,1.23426e-05,9.19459e-06,6.75783e-06,4.88467e-06,3.45811e-06,2.38823e-06,1.60261e-06,1.04074e-06,6.51216e-07,3.90398e-07,2.21878e-07,1.15971e-07,4.87462e-08,0
0,1.4734e-08,3.61398e-08,7.16066e-08,1.30763e-07,2.26395e-07,3.7517e-07,5.98205e-07,9.21633e-07,1.37747e-06,2.00518e-06,2.85461e-06,3.99103e-06,5.50347e-06,7.50273e-06,1.01169e-05,1.34964e-05,1.78146e-05,2.32673e-05,3.00701e-05,3.84548e-05,4.86639e-05,6.09422e-05,7.55272e-05,9.26383e-05,0.000112464,0.000135147,0.000160776,0.000189369,0.000220867,0.000255125,0.000291913,0.000330913,0.000371729,0.000413892,0.000456881,0.000500136,0.00054308,0.000585138,0.000625762,0.000664447,0.00070075,0.000734305,0.000764835,0.000792154,0.000816173,0.000836896,0.000854415,0.000868899,0.000880587,0.000889768,0.000896772,0.00090195,0.000905664,0.000908265,0.000910088,0.000911432,0.000912553,0.000913656,0.000914885,0.000916321,0.000917978,0.000919805,0.000921683,0.000923434,0.000924824,0.000925569,0.00092535,0.000923816,0.000920603,0.000915344,0.000907685,0.000897296,0.000883889,0.000867233,0.000847161,0.000823589,0.000796519,0.000766045,0.000732358,0.000695744,0.000656573,0.000615294,0.00057242,0.000528509,0.000484146,0.00043992,0.000396407,0.000354146,0.000313624,0.000275258,0.000239387,0.000206266,0.00017606,0.000148851,0.00012464,0.000103357,8.48726e-05,6.9011e-05,5.55614e-05,4.42911e-05,3.4957e-05,2.73157e-05,2.11312e-05,1.61818e-05,1.22638e-05,9.19459e-06,6.81347e-06,4.9815e-06,3.58212e-06,2.52289e-06,1.73327e-06,1.15692e-06,7.47241e-07,4.64989e-07,2.77212e-07,1.56695e-07,8.1494e-08,3.41229e-08,0
0,1.02152e-08,2.51447e-08,5.00545e-08,9.18699e-08,1.59871e-07,2.66263e-07,4.26632e-07,6.60416e-07,9.91612e-07,1.45005e-06,2.07373e-06,2.91301e-06,4.03849e-06,5.53448e-06,7.50209e-06,1.00611e-05,1.33512e-05,1.75316e-05,2.27807e-05,2.92932e-05,3.72762e-05,4.69442e-05,5.85113e-05,7.21826e-05,8.81446e-05,0.000106554,0.000127528,0.000151132,0.000177371,0.000206184,0.000237437,0.000270923,0.000306364,0.000343417,0.000381683,0.000420718,0.000460052,0.000499199,0.000537681,0.000575039,0.000610854,0.000644756,0.000676439,0.000705663,0.000732268,0.000756163,0.000777336,0.00079584,0.000811787,0.000825342,0.000836709,0.000846117,0.000853814,0.000860047,0.000865055,0.000869059,0.000872248,0.000874775,0.00087675,0.000878235,0.00087924,0.000879727,0.000879606,0.000878743,0.000876959,0.000874046,0.000869765,0.000863863,0.000856082,0.000846167,0.000833884,0.000819025,0.000801428,0.000780978,0.000757625,0.000731387,0.000702355,0.000670696,0.000636653,0.000600538,0.000562727,0.000523648,0.000483767,0.000443572,0.000403561,0.000364217,0.000325999,0.000289323,0.000254549,0.000221974,0.000191823,0.000164249,0.000139332,0.000117082,9.74488e-05,8.03294e-05,6.5577e-05,5.3013e-05,4.24371e-05,3.36376e-05,2.64001e-05,2.0515e-05,1.57833e-05,1.20209e-05,9.06158e-06,6.75783e-06,4.9815e-06,3.62274e-06,2.59254e-06,1.81728e-06,1.24252e-06,8.25276e-07,5.30332e-07,3.28293e-07,1.94682e-07,1.09469e-07,5.66588e-08,2.36351e-08,0
0,7.00874e-09,1.73099e-08,3.46096e-08,6.38206e-08,1.11578e-07,1.86664e-07,3.0036e-07,4.66802e-07,7.03519e-07,1.0324e-06,1.48152e-06,2.09178e-06,2.91522e-06,4.01619e-06,5.47286e-06,7.37888e-06,9.84445e-06,1.2997e-05,1.69808e-05,2.19559e-05,2.80954e-05,3.55821e-05,4.4603e-05,5.53431e-05,6.79776e-05,8.26634e-05,9.95305e-05,0.000118672,0.000140138,0.000163925,0.000189972,0.000218161,0.000248309,0.000280178,0.000313475,0.000347862,0.000382967,0.000418397,0.000453746,0.000488617,0.000522626,0.000555424,0.000586698,0.000616186,0.000643681,0.000669033,0.000692148,0.000712992,0.000731579,0.000747971,0.000762264,0.000774586,0.000785082,0.000793907,0.000801216,0.000807155,0.000811852,0.000815413,0.000817913,0.000819396,0.000819869,0.000819304,0.000817638,0.000814777,0.000810596,0.000804952,0.000797685,0.000788628,0.000777617,0.000764499,0.000749141,0.000731441,0.000711337,0.000688811,0.0006639,0.000636697,0.000607355,0.000576083,0.00054315,0.000508869,0.0004736,0.00043773,0.000401668,0.000365828,0.000330614,0.000296412,0.000263573,0.000232405,0.000203161,0.000176038,0.000151173,0.00012864,0.000108456,9.05842e-05,7.49431e-05,6.14116e-05,4.98399e-05,4.00575e-05,3.18823e-05,2.51279e-05,1.96105e-05,1.51541e-05,1.15946e-05,8.78259e-06,6.58478e-06,4.88467e-06,3.58212e-06,2.59254e-06,1.84573e-06,1.28901e-06,8.77894e-07,5.80676e-07,3.71501e-07,2.28899e-07,1.35083e-07,7.55876e-08,3.89446e-08,1.61876e-08,0
0,4.75361e-09,1.17759e-08,2.36371e-08,4.37647e-08,7.68114e-08,1.28957e-07,2.08148e-07,3.24331e-07,4.89801e-07,7.19835e-07,1.03709e-06,1.4715e-06,2.06148e-06,2.85512e-06,3.91153e-06,5.30228e-06,7.1125e-06,9.44169e-06,1.2404e-05,1.61276e-05,2.07537e-05,2.64336e-05,3.33258e-05,4.15907e-05,5.1386e-05,6.2859e-05,7.61403e-05,9.13361e-05,0.000108521,0.000127731,0.000148959,0.000172149,0.000197196,0.000223944,0.000252191,0.000281691,0.000312162,0.000343295,0.000374762,0.000406228,0.000437361,0.000467843,0.000497379,0.000525704,0.000552591,0.000577854,0.00060135,0.00062298,0.000642689,0.000660456,0.000676297,0.000690254,0.000702389,0.00071278,0.000721508,0.000728655,0.000734297,0.000738496,0.000741298,0.00074273,0.000742793,0.000741472,0.000738725,0.000734492,0.000728699,0.000721258,0.000712076,0.000701062,0.000688131,0.000673213,0.00065626,0.000637253,0.000616208,0.000593178,0.000568262,0.000541602,0.000513385,0.00048384,0.000453235,0.00042187,0.000390068,0.000358168,0.000326512,0.000295438,0.000265264,0.000236284,0.000208756,0.000182894,0.000158867,0.000136793,0.000116739,9.87257e-05,8.27265e-05,6.86766e-05,5.64776e-05,4.60055e-05,3.71171e-05,2.96581e-05,2.34689e-05,1.83911e-05,1.42715e-05,1.09664e-05,8.34375e-06,6.28529e-06,4.68676e-06,3.45811e-06,2.52289e-06,1.81728e-06,1.28901e-06,8.96289e-07,6.09141e-07,4.01824e-07,2.56244e-07,1.57299e-07,9.24512e-08,5.15131e-08,2.64326e-08,1.09511e-08,0
0,3.18179e-09,7.90211e-09,1.59115e-08,2.95511e-08,5.20018e-08,8.74784e-08,1.41363e-07,2.2031e-07,3.3238e-07,4.89595e-07,7.08264e-07,1.00989e-06,1.42223e-06,1.98036e-06,2.72789e-06,3.7181e-06,5.01504e-06,6.69443e-06,8.84411e-06,1.15641e-05,1.4966e-05,1.91715e-05,2.43103e-05,3.05169e-05,3.79268e-05,4.66714e-05,5.68728e-05,6.86377e-05,8.20517e-05,9.71733e-05,0.000114029,0.000132608,0.000152862,0.000174699,0.000197989,0.000222563,0.000248217,0.000274719,0.000301813,0.000329229,0.000356691,0.000383925,0.000410664,0.00043666,0.000461686,0.000485545,0.000508068,0.000529118,0.00054859,0.000566412,0.000582538,0.000596946,0.000609638,0.000620626,0.000629937,0.000637599,0.000643646,0.000648103,0.000650992,0.000652325,0.000652101,0.000650311,0.000646933,0.000641936,0.000635285,0.000626939,0.00061686,0.000605016,0.000591384,0.000575961,0.000558761,0.000539825,0.000519223,0.000497058,0.000473463,0.000448607,0.000422688,0.000395935,0.000368598,0.000340946,0.000313259,0.000285819,0.000258902,0.000232771,0.000207669,0.000183806,0.000161364,0.000140482,0.000121262,0.000103762,8.80021e-05,7.39651e-05,6.16e-05,5.08282e-05,4.15483e-05,3.36424e-05,2.69819e-05,2.1433e-05,1.68615e-05,1.31368e-05,1.01356e-05,7.74395e-06,5.8587e-06,4.38863e-06,3.25439e-06,2.38823e-06,1.73327e-06,1.24252e-06,8.77894e-07,6.09141e-07,4.12729e-07,2.72226e-07,1.7339e-07,1.06215e-07,6.22542e-08,3.45756e-08,1.76828e-08,7.30569e-09,0
0,2.09669e-09,5.21642e-09,1.05245e-08,1.9576e-08,3.44714e-08,5.79596e-08,9.34749e-08,1.45112e-07,2.18963e-07,3.23454e-07,4.69934e-07,6.73425e-07,9.5344e-07,1.33487e-06,1.84893e-06,2.53415e-06,3.43732e-06,4.61432e-06,6.13074e-06,8.06215e-06,1.0494e-05,1.35209e-05,1.72454e-05,2.17758e-05,2.72238e-05,3.37009e-05,4.13145e-05,5.01632e-05,6.03325e-05,7.18899e-05,8.48801e-05,9.93216e-05,0.000115203,0.000132481,0.000151079,0.000170889,0.000191772,0.000213562,0.000236067,0.00025908,0.000282381,0.000305742,0.000328939,0.000351749,0.000373965,0.000395394,0.00041586,0.000435214,0.000453325,0.000470088,0.00048542,0.000499258,0.000511559,0.000522292,0.000531443,0.000539002,0.000544968,0.000549343,0.000552126,0.00055332,0.000552922,0.000550927,0.000547329,0.000542119,0.00053529,0.000526839,0.000516766,0.000505084,0.000491815,0.000476999,0.000460693,0.000442979,0.000423957,0.000403754,0.00038252,0.000360428,0.000337671,0.00031446,0.000291015,0.000267566,0.000244344,0.000221573,0.000199467,0.000178223,0.000158014,0.000138987,0.000121257,0.000104909,8.99935e-05,7.65299e-05,6.45065e-05,5.38848e-05,4.4603e-05,3.65801e-05,2.97212e-05,2.39215e-05,1.90712e-05,1.50594e-05,1.17776e-05,9.12227e-06,6.99733e-06,5.31531e-06,3.99825e-06,2.97798e-06,2.19593e-06,1.60261e-06,1.15692e-06,8.25276e-07,5.80676e-07,4.01824e-07,2.72226e-07,1.79322e-07,1.14467e-07,7.01595e-08,4.10921e-08,2.27852e-08,1.16283e-08,4.79462e-09,0
0,1.35556e-09,3.37463e-09,6.81011e-09,1.26567e-08,2.22344e-08,3.7219e-08,5.95967e-08,9.23034e-08,1.39458e-07,2.06707e-07,3.01682e-07,4.34541e-07,6.18566e-07,8.70843e-07,1.213e-06,1.67197e-06,2.28079e-06,3.07933e-06,4.11488e-06,5.44255e-06,7.12545e-06,9.23444e-06,1.18474e-05,1.50483e-05,1.8925e-05,2.35677e-05,2.90654e-05,3.55034e-05,4.29593e-05,5.14996e-05,6.11755e-05,7.20204e-05,8.40459e-05,9.724e-05,0.000111565,0.000126959,0.000143331,0.000160571,0.000178542,0.000197091,0.000216052,0.000235246,0.00025449,0.000273599,0.000292392,0.000310695,0.000328346,0.000345195,0.000361109,0.000375968,0.000389673,0.000402139,0.000413297,0.000423092,0.000431481,0.000438431,0.000443921,0.000447932,0.000450454,0.000451479,0.000451004,0.000449028,0.000445555,0.000440591,0.000434149,0.000426248,0.000416916,0.000406193,0.000394128,0.000380788,0.000366253,0.000350621,0.000334008,0.000316544,0.000298378,0.000279672,0.0002606,0.000241342,0.000222085,0.000203014,0.00018431,0.000166144,0.000148673,0.000132038,0.000116356,0.000101722,8.82036e-05,7.58451e-05,6.46638e-05,5.46534e-05,4.57857e-05,3.80135e-05,3.12744e-05,2.54937e-05,2.05885e-05,1.64713e-05,1.3053e-05,1.02458e-05,7.96546e-06,6.13318e-06,4.67688e-06,3.53189e-06,2.64131e-06,1.95596e-06,1.43408e-06,1.04074e-06,7.47241e-07,5.30332e-07,3.71501e-07,2.56244e-07,1.7339e-07,1.14467e-07,7.31326e-08,4.50399e-08,2.64462e-08,1.46766e-08,7.48782e-09,3.08483e-09,0
0,8.55597e-10,2.1278e-09,4.28391e-09,7.92714e-09,1.38278e-08,2.28992e-08,3.64798e-08,5.64681e-08,8.5504e-08,1.27222e-07,1.86564e-07,2.70141e-07,3.86664e-07,5.47431e-07,7.6686e-07,1.06308e-06,1.45854e-06,1.98058e-06,2.66197e-06,3.54134e-06,4.66345e-06,6.07914e-06,7.84516e-06,1.00235e-05,1.26803e-05,1.58847e-05,1.97067e-05,2.42152e-05,2.94753e-05,3.55458e-05,4.24763e-05,5.03042e-05,5.90525e-05,6.87274e-05,7.93167e-05,9.07882e-05,0.00010309,0.000116151,0.000129881,0.000144173,0.000158905,0.000173946,0.000189153,0.000204382,0.000219484,0.000234315,0.000248732,0.000262603,0.000275803,0.000288217,0.000299744,0.000310294,0.000319789,0.000328164,0.000335364,0.000341344,0.000346071,0.000349518,0.000351667,0.000352506,0.000352032,0.000350246,0.000347157,0.00034278,0.00033714,0.000330267,0.000322204,0.000313001,0.000302723,0.000291443,0.00027925,0.000266242,0.000252532,0.000238242,0.000223505,0.000208461,0.000193256,0.000178037,0.00016295,0.00014814,0.000133739,0.000119873,0.000106651,9.41665e-05,8.24953e-05,7.1693e-05,6.17957e-05,5.28198e-05,4.47631e-05,3.76062e-05,3.1315e-05,2.58429e-05,2.11336e-05,1.71238e-05,1.37461e-05,1.09314e-05,8.61109e-06,6.71889e-06,5.19246e-06,3.97437e-06,3.01278e-06,2.26181e-06,1.68158e-06,1.23801e-06,9.02455e-07,6.51216e-07,4.64989e-07,3.28293e-07,2.28899e-07,1.57299e-07,1.06215e-07,7.01595e-08,4.50399e-08,2.78329e-08,1.64673e-08,9.18076e-09,4.69521e-09,1.93603e-09,0
0,5.2316e-10,1.29668e-09,2.59475e-09,4.75518e-09,8.17508e-09,1.34284e-08,2.13357e-08,3.30519e-08,5.01928e-08,7.4996e-08,1.1052e-07,1.60885e-07,2.31559e-07,3.29687e-07,4.64469e-07,6.47569e-07,8.93559e-07,1.22036e-06,1.64966e-06,2.20729e-06,2.92348e-06,3.83303e-06,4.97521e-06,6.39352e-06,8.13515e-06,1.02501e-05,1.27902e-05,1.58076e-05,1.93528e-05,2.34735e-05,2.82118e-05,3.36026e-05,3.96714e-05,4.64327e-05,5.38879e-05,6.20247e-05,7.08161e-05,8.02203e-05,9.01806e-05,0.000100627,0.000111476,0.000122635,0.000134001,0.000145467,0.000156919,0.000168244,0.000179329,0.000190063,0.000200343,0.000210068,0.000219149,0.000227502,0.000235053,0.000241739,0.000247505,0.000252305,0.000256101,0.000258867,0.000260581,0.00026123,0.000260812,0.000259329,0.00025679,0.000253217,0.000248634,0.000243077,0.000236591,0.000229227,0.00022105,0.000212129,0.000202547,0.000192392,0.000181761,0.000170759,0.000159495,0.000148081,0.000136629,0.000125254,0.000114064,0.000103162,9.26437e-05,8.25927e-05,7.30817e-05,6.41699e-05,5.59016e-05,4.83067e-05,4.14003e-05,3.51834e-05,2.96443e-05,2.476e-05,2.04975e-05,1.68167e-05,1.36716e-05,1.10126e-05,8.78837e-06,6.94773e-06,5.4408e-06,4.22029e-06,3.24235e-06,2.46717e-06,1.85929e-06,1.38768e-06,1.02568e-06,7.50743e-07,5.44107e-07,3.90398e-07,2.77212e-07,1.94682e-07,1.35083e-07,9.24512e-08,6.22542e-08,4.10921e-08,2.64462e-08,1.64673e-08,9.80275e-09,5.52213e-09,2.8423e-09,1.17592e-09,0
0,3.05434e-10,7.52062e-10,1.48763e-09,2.67753e-09,4.55215e-09,7.44114e-09,1.18129e-08,1.83315e-08,2.79321e-08,4.19171e-08,6.20779e-08,9.0843e-08,1.31458e-07,1.88197e-07,2.66604e-07,3.73767e-07,5.18617e-07,7.12228e-07,9.6813e-07,1.30258e-06,1.73481e-06,2.28716e-06,2.98515e-06,3.85737e-06,4.93525e-06,6.25259e-06,7.84493e-06,9.74871e-06,1.20002e-05,1.46343e-05,1.76832e-05,2.11749e-05,2.51318e-05,2.95697e-05,3.44956e-05,3.99078e-05,4.57944e-05,5.21332e-05,5.88912e-05,6.60254e-05,7.34833e-05,8.12033e-05,8.91166e-05,9.71486e-05,0.00010522,0.000113249,0.000121152,0.000128848,0.000136255,0.000143297,0.000149902,0.000156003,0.000161538,0.000166455,0.000170706,0.00017425,0.000177057,0.000179099,0.00018036,0.000180827,0.000180498,0.000179375,0.000177469,0.000174797,0.000171383,0.000167258,0.000162462,0.000157041,0.000151047,0.000144539,0.000137584,0.000130253,0.000122622,0.000114769,0.000106777,9.87287e-05,9.07051e-05,8.27857e-05,7.50458e-05,6.75548e-05,6.0375e-05,5.35603e-05,4.71551e-05,4.11938e-05,3.57002e-05,3.06881e-05,2.61611e-05,2.21134e-05,1.85312e-05,1.53936e-05,1.26736e-05,1.03404e-05,8.35991e-06,6.69647e-06,5.31414e-06,4.17761e-06,3.25314e-06,2.50918e-06,1.91688e-06,1.45037e-06,1.08684e-06,8.06586e-07,5.92813e-07,4.31466e-07,3.10959e-07,2.21878e-07,1.56695e-07,1.09469e-07,7.55876e-08,5.15131e-08,3.45756e-08,2.27852e-08,1.46766e-08,9.18076e-09,5.52213e-09,3.13756e-09,1.6351e-09,6.81131e-10,0
0,1.64087e-10,3.99701e-10,7.75196e-10,1.37667e-09,2.32461e-09,3.79042e-09,6.01953e-09,9.36222e-09,1.43146e-08,2.15715e-08,3.20941e-08,4.71933e-08,6.86322e-08,9.87477e-08,1.40593e-07,1.98099e-07,2.76254e-07,3.81292e-07,5.20886e-07,7.04333e-07,9.42721e-07,1.24905e-06,1.63829e-06,2.12741e-06,2.73523e-06,3.48225e-06,4.39029e-06,5.48202e-06,6.78044e-06,8.30807e-06,1.00862e-05,1.21342e-05,1.44681e-05,1.71004e-05,2.00386e-05,2.32849e-05,2.68354e-05,3.06797e-05,3.48006e-05,3.91745e-05,4.37711e-05,4.85542e-05,5.34822e-05,5.85092e-05,6.35853e-05,6.86584e-05,7.36749e-05,7.85804e-05,8.33215e-05,8.78462e-05,9.21048e-05,9.6051e-05,9.96419e-05,0.000102839,0.000105609,0.000107921,0.000109754,0.000111087,0.000111908,0.000112207,0.000111983,0.000111238,0.00010998,0.000108221,0.00010598,0.00010328,0.000100149,9.66213e-05,9.27342e-05,8.85298e-05,8.40538e-05,7.93551e-05,7.44852e-05,6.94971e-05,6.44446e-05,5.9381e-05,5.43586e-05,4.94269e-05,4.46323e-05,4.00168e-05,3.5617e-05,3.14639e-05,2.7582e-05,2.39894e-05,2.06973e-05,1.77108e-05,1.50286e-05,1.2644e-05,1.05458e-05,8.71841e-06,7.14338e-06,5.79999e-06,4.66616e-06,3.71929e-06,2.9369e-06,2.29729e-06,1.77996e-06,1.36599e-06,1.03828e-06,7.81614e-07,5.82733e-07,4.30266e-07,3.14618e-07,2.27821e-07,1.63356e-07,1.15971e-07,8.1494e-08,5.66588e-08,3.89446e-08,2.64326e-08,1.76828e-08,1.16283e-08,7.48782e-09,4.69521e-09,2.8423e-09,1.6351e-09,8.59807e-10,3.62413e-10,0
0,7.02392e-11,1.685e-10,3.22669e-10,5.6884e-10,9.57149e-10,1.55932e-09,2.47861e-09,3.86314e-09,5.92363e-09,8.95658e-09,1.33739e-08,1.974e-08,2.88177e-08,4.16232e-08,5.94911e-08,8.41487e-08,1.178e-07,1.63215e-07,2.23822e-07,3.038e-07,4.08164e-07,5.4283e-07,7.14663e-07,9.31485e-07,1.20205e-06,1.53597e-06,1.94355e-06,2.43563e-06,3.02331e-06,3.7176e-06,4.52912e-06,5.46761e-06,6.54156e-06,7.75776e-06,9.12083e-06,1.06329e-05,1.22933e-05,1.40982e-05,1.60406e-05,1.81101e-05,2.02932e-05,2.25733e-05,2.49311e-05,2.73446e-05,2.979e-05,3.22421e-05,3.46743e-05,3.70599e-05,3.93721e-05,4.15846e-05,4.3672e-05,4.56106e-05,4.73781e-05,4.89544e-05,5.03218e-05,5.1465e-05,5.23711e-05,5.30303e-05,5.34353e-05,5.35818e-05,5.34683e-05,5.30961e-05,5.24694e-05,5.15953e-05,5.04835e-05,4.91465e-05,4.75994e-05,4.58596e-05,4.3947e-05,4.18835e-05,3.96924e-05,3.7399e-05,3.50291e-05,3.26094e-05,3.01664e-05,2.77265e-05,2.53149e-05,2.29555e-05,2.06702e-05,1.84785e-05,1.63974e-05,1.44407e-05,1.2619e-05,1.09399e-05,9.40748e-06,8.02297e-06,6.78468e-06,5.6884e-06,4.72775e-06,3.89461e-06,3.17954e-06,2.5722e-06,2.06177e-06,1.6373e-06,1.28805e-06,1.00374e-06,7.74763e-07,5.92311e-07,4.48485e-07,3.36317e-07,2.4977e-07,1.83703e-07,1.33803e-07,9.65108e-08,6.89316e-08,4.87462e-08,3.41229e-08,2.36351e-08,1.61876e-08,1.09511e-08,7.30569e-09,4.79462e-09,3.08483e-09,1.93603e-09,1.17592e-09,6.81131e-10,3.62413e-10,1.5307e-10,0
0,0,0,0,0,0,0,0,0,0,0,0,0,0,0,0,0,0,0,0,0,0,0,0,0,0,0,0,0,0,0,0,0,0,0,0,0,0,0,0,0,0,0,0,0,0,0,0,0,0,0,0,0,0,0,0,0,0,0,0,0,0,0,0,0,0,0,0,0,0,0,0,0,0,0,0,0,0,0,0,0,0,0,0,0,0,0,0,0,0,0,0,0,0,0,0,0,0,0,0,0,0,0,0,0,0,0,0,0,0,0,0,0,0,0,0,0,0,0,0
