0,0,0,0,0,0,0,0,0,0,0,0,0,0,0,0,0,0,0,0,0,0,0,0,0,0,0,0,0,0,0,0,0,0,0,0,0,0,0,0,0,0,0,0,0,0,0,0,0,0,0,0,0,0,0,0,0,0,0,0,0,0,0,0,0,0,0,0,0,0,0,0,0,0,0,0,0,0,0,0,0,0,0,0,0,0,0,0,0,0,0,0,0,0,0,0,0,0,0,0,0,0,0,0,0,0,0,0,0,0,0,0,0,0,0,0,0,0,0,0
0,-1.47631e-06,-2.69606e-06,-3.56034e-06,-3.9885e-06,-3.9408e-06,-3.41538e-06,-2.44178e-06,-1.07307e-06,6.22185e-07,2.56725e-06,4.68333e-06,6.89428e-06,9.12995e-06,1.13282e-05,1.34356e-05,1.54078e-05,1.72087e-05,1.88094e-05,2.01869e-05,2.1323e-05,2.22029e-05,2.28144e-05,2.31475e-05,2.31934e-05,2.29452e-05,2.23973e-05,2.15465e-05,2.03916e-05,1.89346e-05,1.71801e-05,1.51362e-05,1.28142e-05,1.02285e-05,7.39613e-06,4.33671e-06,1.0716e-06,-2.37636e-06,-5.98334e-06,-9.72484e-06,-1.35758e-05,-1.7511e-05,-2.15043e-05,-2.55292e-05,-2.95582e-05,-3.35624e-05,-3.75117e-05,-4.13741e-05,-4.51161e-05,-4.87027e-05,-5.20977e-05,-5.52641e-05,-5.81652e-05,-6.07652e-05,-6.30297e-05,-6.49277e-05,-6.64314e-05,-6.75179e-05,-6.81695e-05,-6.83747e-05,-6.81281e-05,-6.74308e-05,-6.62906e-05,-6.47212e-05,-6.27423e-05,-6.03784e-05,-5.76587e-05,-5.46156e-05,-5.12845e-05,-4.77025e-05,-4.39079e-05,-3.99394e-05,-3.58358e-05,-3.16351e-05,-2.73747e-05,-2.30908e-05,-1.88185e-05,-1.45916e-05,-1.04428e-05,-6.40336e-06,-2.50324e-06,1.22911e-06,4.76692e-06,8.08533e-06,1.11617e-05,1.39759e-05,1.65107e-05,1.87518e-05,2.06886e-05,2.23135e-05,2.36228e-05,2.46155e-05,2.52942e-05,2.56636e-05,2.5731e-05,2.55054e-05,2.49972e-05,2.42183e-05,2.31816e-05,2.19019e-05,2.03957e-05,1.86826e-05,1.67854e-05,1.4732e-05,1.25558e-05,1.02966e-05,8.00131e-06,5.72398e-06,3.52515e-06,1.47064e-06,-3.70626e-07,-1.92979e-06,-3.14217e-06,-3.95245e-06,-4.32066e-06,-4.22873e-06,-3.68699e-06,-2.74002e-06,-1.47052e-06,0
0,-2.69606e-06,-4.9607e-06,-6.40707e-06,-6.94825e-06,-6.5327e-06,-5.18588e-06,-2.99301e-06,-8.09505e-08,3.3989e-06,7.28525e-06,1.14186e-05,1.56499e-05,1.98458e-05,2.38919e-05,2.76935e-05,3.11749e-05,3.42772e-05,3.69558e-05,3.91775e-05,4.09172e-05,4.21555e-05,4.28765e-05,4.30665e-05,4.27131e-05,4.1805e-05,4.03326e-05,3.82889e-05,3.567e-05,3.24768e-05,2.87154e-05,2.43979e-05,1.95429e-05,1.41753e-05,8.32603e-06,2.03131e-06,-4.66794e-06,-1.17272e-05,-1.9099e-05,-2.67339e-05,-3.45807e-05,-4.25869e-05,-5.06989e-05,-5.88613e-05,-6.70171e-05,-7.51071e-05,-8.30695e-05,-9.084e-05,-9.83512e-05,-0.000105534,-0.000112316,-0.000118627,-0.000124393,-0.000129547,-0.000134022,-0.000137759,-0.000140705,-0.000142817,-0.000144061,-0.000144416,-0.000143873,-0.000142435,-0.000140117,-0.000136947,-0.000132964,-0.000128215,-0.000122758,-0.000116656,-0.000109979,-0.000102798,-9.51898e-05,-8.72306e-05,-7.8997e-05,-7.05648e-05,-6.20086e-05,-5.34009e-05,-4.48124e-05,-3.63109e-05,-2.7962e-05,-1.98281e-05,-1.19687e-05,-4.43975e-06,2.70682e-06,9.4235e-06,1.56679e-05,2.14032e-05,2.65989e-05,3.12311e-05,3.52826e-05,3.87432e-05,4.16088e-05,4.38814e-05,4.55681e-05,4.66798e-05,4.72306e-05,4.72361e-05,4.67137e-05,4.56811e-05,4.41569e-05,4.21613e-05,3.97169e-05,3.68509e-05,3.35967e-05,2.99971e-05,2.61058e-05,2.19904e-05,1.77337e-05,1.34342e-05,9.20594e-06,5.17643e-06,1.48295e-06,-1.73315e-06,-4.33428e-06,-6.19679e-06,-7.22321e-06,-7.35629e-06,-6.59402e-06,-5.00419e-06,-2.73715e-06,0
0,-3.56034e-06,-6.40707e-06,-7.92514e-06,-7.97341e-06,-6.62246e-06,-3.97057e-06,-1.9393e-07,4.48356e-06,9.81629e-06,1.55577e-05,2.14755e-05,2.7362e-05,3.30393e-05,3.83618e-05,4.32151e-05,4.75137e-05,5.1196e-05,5.42202e-05,5.65587e-05,5.81933e-05,5.91111e-05,5.93013e-05,5.87529e-05,5.74535e-05,5.53899e-05,5.25485e-05,4.89167e-05,4.44853e-05,3.925e-05,3.32135e-05,2.63868e-05,1.87902e-05,1.04539e-05,1.41778e-06,-8.26929e-06,-1.85502e-05,-2.93609e-05,-4.06317e-05,-5.22879e-05,-6.42517e-05,-7.64418e-05,-8.87746e-05,-0.000101164,-0.000113521,-0.000125753,-0.000137766,-0.000149462,-0.00016074,-0.000171496,-0.000181625,-0.000191022,-0.000199584,-0.000207212,-0.000213811,-0.000219297,-0.000223597,-0.00022665,-0.00022841,-0.000228848,-0.000227951,-0.000225727,-0.000222198,-0.000217405,-0.000211403,-0.000204263,-0.000196068,-0.000186908,-0.000176886,-0.000166107,-0.000154683,-0.000142727,-0.000130353,-0.000117675,-0.000104805,-9.18533e-05,-7.89264e-05,-6.6128e-05,-5.3557e-05,-4.13074e-05,-2.94677e-05,-1.81199e-05,-7.33873e-06,2.80909e-06,1.22659e-05,2.09837e-05,2.8925e-05,3.60627e-05,4.23803e-05,4.78711e-05,5.25377e-05,5.63901e-05,5.94442e-05,6.17197e-05,6.32382e-05,6.40215e-05,6.409e-05,6.3462e-05,6.21539e-05,6.01811e-05,5.75602e-05,5.43115e-05,5.0463e-05,4.60543e-05,4.11413e-05,3.57996e-05,3.01282e-05,2.42516e-05,1.83205e-05,1.25102e-05,7.01675e-06,2.05048e-06,-2.17433e-06,-5.45309e-06,-7.60869e-06,-8.51301e-06,-8.11164e-06,-6.45028e-06,-3.6457e-06,0
0,-3.9885e-06,-6.94825e-06,-7.97341e-06,-6.87783e-06,-3.92789e-06,5.68976e-07,6.30766e-06,1.29463e-05,2.01392e-05,2.75611e-05,3.49225e-05,4.19785e-05,4.85318e-05,5.44315e-05,5.95696e-05,6.38745e-05,6.73047e-05,6.98407e-05,7.14775e-05,7.22183e-05,7.20684e-05,7.10313e-05,6.91055e-05,6.62839e-05,6.25536e-05,5.78977e-05,5.22977e-05,4.5736e-05,3.81998e-05,2.96833e-05,2.01909e-05,9.73854e-06,-1.64432e-06,-1.39148e-05,-2.70167e-05,-4.08811e-05,-5.54278e-05,-7.0567e-05,-8.62003e-05,-0.000102223,-0.000118524,-0.000134988,-0.000151497,-0.000167927,-0.000184153,-0.000200047,-0.000215476,-0.000230308,-0.000244408,-0.000257641,-0.000269874,-0.000280978,-0.00029083,-0.000299317,-0.000306334,-0.000311793,-0.000315623,-0.00031777,-0.000318199,-0.000316899,-0.000313879,-0.000309168,-0.000302818,-0.000294898,-0.000285495,-0.000274713,-0.000262667,-0.000249484,-0.0002353,-0.000220256,-0.0002045,-0.000188181,-0.000171448,-0.000154451,-0.000137337,-0.00012025,-0.000103329,-8.67052e-05,-7.05046e-05,-5.4843e-05,-3.98262e-05,-2.55484e-05,-1.20907e-05,4.79389e-07,1.21094e-05,2.27619e-05,3.24143e-05,4.10583e-05,4.86985e-05,5.53503e-05,6.10373e-05,6.57883e-05,6.96343e-05,7.26048e-05,7.47257e-05,7.60168e-05,7.64908e-05,7.61533e-05,7.50045e-05,7.30415e-05,7.02632e-05,6.6675e-05,6.22949e-05,5.71602e-05,5.13333e-05,4.49073e-05,3.80106e-05,3.08091e-05,2.35069e-05,1.63436e-05,9.58895e-06,3.5323e-06,-1.53209e-06,-5.32642e-06,-7.61702e-06,-8.24857e-06,-7.0618e-06,-4.14213e-06,0
0,-3.9408e-06,-6.5327e-06,-6.62246e-06,-3.92789e-06,1.25275e-06,8.09386e-06,1.60981e-05,2.47939e-05,3.37401e-05,4.25495e-05,5.08997e-05,5.85372e-05,6.52744e-05,7.09841e-05,7.55911e-05,7.90622e-05,8.1397e-05,8.26165e-05,8.27546e-05,8.18487e-05,7.99336e-05,7.70355e-05,7.31698e-05,6.83392e-05,6.25346e-05,5.57376e-05,4.7923e-05,3.90639e-05,2.91352e-05,1.81185e-05,6.00573e-06,-7.19733e-06,-2.1469e-05,-3.67699e-05,-5.3043e-05,-7.02131e-05,-8.81889e-05,-0.000106864,-0.000126118,-0.000145821,-0.000165833,-0.000186008,-0.000206192,-0.00022623,-0.000245961,-0.000265226,-0.000283862,-0.000301707,-0.000318602,-0.000334391,-0.000348921,-0.000362047,-0.000373634,-0.000383559,-0.00039171,-0.000397994,-0.000402337,-0.000404682,-0.000404996,-0.000403269,-0.000399512,-0.00039376,-0.000386068,-0.000376515,-0.000365196,-0.000352225,-0.000337733,-0.000321863,-0.000304771,-0.000286623,-0.00026759,-0.000247852,-0.000227591,-0.000206989,-0.000186228,-0.000165487,-0.000144938,-0.000124747,-0.000105067,-8.60388e-05,-6.77896e-05,-5.04281e-05,-3.40446e-05,-1.87098e-05,-4.47362e-06,8.63419e-06,2.06035e-05,3.14421e-05,4.11727e-05,4.98299e-05,5.74559e-05,6.40959e-05,6.97936e-05,7.45865e-05,7.85024e-05,8.15564e-05,8.3749e-05,8.50672e-05,8.54855e-05,8.49701e-05,8.34843e-05,8.09956e-05,7.7483e-05,7.29462e-05,6.74135e-05,6.09502e-05,5.36651e-05,4.5716e-05,3.73126e-05,2.8717e-05,2.02415e-05,1.22408e-05,5.09905e-06,-7.91154e-07,-5.0598e-06,-7.18377e-06,-6.83785e-06,-4.2099e-06,0
0,-3.41538e-06,-5.18588e-06,-3.97057e-06,5.68976e-07,8.09386e-06,1.77334e-05,2.81703e-05,3.88767e-05,4.9335e-05,5.91239e-05,6.79212e-05,7.54976e-05,8.17065e-05,8.64721e-05,8.97759e-05,9.16444e-05,9.21355e-05,9.13263e-05,8.93015e-05,8.61438e-05,8.19261e-05,7.67052e-05,7.05188e-05,6.33845e-05,5.53002e-05,4.62475e-05,3.61954e-05,2.51059e-05,1.29393e-05,-3.39557e-07,-1.47564e-05,-3.03221e-05,-4.70295e-05,-6.48499e-05,-8.37321e-05,-0.000103601,-0.000124361,-0.000145891,-0.000168056,-0.0001907,-0.000213657,-0.00023675,-0.000259794,-0.000282599,-0.000304977,-0.000326736,-0.000347691,-0.000367659,-0.000386464,-0.00040394,-0.000419929,-0.000434285,-0.000446874,-0.000457577,-0.000466292,-0.000472932,-0.00047743,-0.000479739,-0.000479829,-0.000477693,-0.000473346,-0.000466821,-0.000458174,-0.000447477,-0.000434827,-0.000420335,-0.000404132,-0.000386364,-0.000367194,-0.0003468,-0.000325368,-0.000303097,-0.000280194,-0.000256869,-0.000233334,-0.000209798,-0.000186465,-0.00016353,-0.000141171,-0.000119554,-9.88186e-05,-7.90861e-05,-6.04501e-05,-4.2978e-05,-2.67105e-05,-1.16622e-05,2.17677e-06,1.48369e-05,2.63659e-05,3.68228e-05,4.62729e-05,5.47805e-05,6.24034e-05,6.91867e-05,7.51577e-05,8.03228e-05,8.46656e-05,8.8147e-05,9.07079e-05,9.22737e-05,9.27613e-05,9.20876e-05,9.01788e-05,8.69812e-05,8.2472e-05,7.66689e-05,6.96401e-05,6.15117e-05,5.24742e-05,4.27872e-05,3.27815e-05,2.28575e-05,1.34784e-05,5.15313e-06,-1.28766e-06,-5.06514e-06,-5.83898e-06,-3.86452e-06,0
0,-2.44178e-06,-2.99301e-06,-1.9393e-07,6.30766e-06,1.60981e-05,2.81703e-05,4.12386e-05,5.37493e-05,6.5346e-05,7.56138e-05,8.42694e-05,9.11432e-05,9.61587e-05,9.93147e-05,0.000100669,0.000100322,9.84023e-05,9.5053e-05,9.04183e-05,8.46333e-05,7.78148e-05,7.00554e-05,6.14199e-05,5.19437e-05,4.16344e-05,3.04748e-05,1.84281e-05,5.4439e-06,-8.53473e-06,-2.35639e-05,-3.9692e-05,-5.69527e-05,-7.53597e-05,-9.4902e-05,-0.000115541,-0.000137209,-0.000159807,-0.000183211,-0.000207269,-0.000231807,-0.000256632,-0.000281538,-0.000306312,-0.000330735,-0.00035459,-0.000377665,-0.000399756,-0.00042067,-0.00044023,-0.000458271,-0.000474647,-0.000489227,-0.000501898,-0.000512565,-0.000521147,-0.000527582,-0.000531822,-0.000533835,-0.000533605,-0.00053113,-0.000526423,-0.000519512,-0.000510442,-0.000499272,-0.000486079,-0.00047096,-0.000454027,-0.000435414,-0.000415274,-0.000393779,-0.000371117,-0.000347497,-0.000323137,-0.000298267,-0.000273122,-0.000247938,-0.000222944,-0.000198361,-0.000174392,-0.000151218,-0.000128996,-0.00010785,-8.78747e-05,-6.91288e-05,-5.16379e-05,-3.53954e-05,-2.03658e-05,-6.48945e-06,6.31146e-06,1.81256e-05,2.90446e-05,3.91548e-05,4.85294e-05,5.72207e-05,6.52548e-05,7.26268e-05,7.92993e-05,8.52028e-05,9.02386e-05,9.42851e-05,9.72055e-05,9.88575e-05,9.91052e-05,9.7831e-05,9.4948e-05,9.04125e-05,8.42345e-05,7.64885e-05,6.7322e-05,5.69649e-05,4.57366e-05,3.40541e-05,2.24346e-05,1.18417e-05,3.37212e-06,-2.09274e-06,-4.16984e-06,-3.14642e-06,0
0,-1.07307e-06,-8.09505e-08,4.48356e-06,1.29463e-05,2.47939e-05,3.88767e-05,5.37493e-05,6.80378e-05,8.02784e-05,9.04559e-05,9.83711e-05,0.000103947,0.000107202,0.000108226,0.000107162,0.000104193,9.9525e-05,9.33706e-05,8.59376e-05,7.74164e-05,6.79711e-05,5.77323e-05,4.67936e-05,3.52099e-05,2.29988e-05,1.01444e-05,-3.39744e-06,-1.76917e-05,-3.2816e-05,-4.88516e-05,-6.58744e-05,-8.39466e-05,-0.000103109,-0.000123373,-0.00014472,-0.000167092,-0.000190397,-0.000214505,-0.000239253,-0.000264448,-0.000289877,-0.000315307,-0.000340497,-0.000365204,-0.00038919,-0.000412227,-0.000434104,-0.000454631,-0.000473641,-0.00049099,-0.000506559,-0.000520254,-0.000532001,-0.000541745,-0.000549448,-0.000555085,-0.000558641,-0.00056011,-0.000559492,-0.000556792,-0.00055202,-0.000545192,-0.00053633,-0.000525468,-0.00051265,-0.000497936,-0.000481405,-0.000463157,-0.000443317,-0.000422035,-0.000399487,-0.000375871,-0.000351409,-0.000326339,-0.000300913,-0.000275383,-0.000250004,-0.000225016,-0.000200644,-0.000177086,-0.000154508,-0.000133041,-0.000112775,-9.37574e-05,-7.59955e-05,-5.94578e-05,-4.40786e-05,-2.9765e-05,-1.64046e-05,-3.87538e-06,7.9446e-06,1.91665e-05,2.98809e-05,4.01489e-05,4.99955e-05,5.94041e-05,6.83154e-05,7.66274e-05,8.41998e-05,9.08607e-05,9.64162e-05,0.000100661,0.000103393,0.000104424,0.000103597,0.000100799,9.59708e-05,8.91199e-05,8.03314e-05,6.97785e-05,5.77362e-05,4.45986e-05,3.12401e-05,1.88243e-05,8.58509e-06,1.5085e-06,-1.96191e-06,-2.11306e-06,0
0,6.22185e-07,3.3989e-06,9.81629e-06,2.01392e-05,3.37401e-05,4.9335e-05,6.5346e-05,8.02784e-05,9.30154e-05,0.000102487,0.000109081,0.000112844,0.000113901,0.000112438,0.000108688,0.000102914,9.53991e-05,8.64255e-05,7.62639e-05,6.51598e-05,5.33237e-05,4.09237e-05,2.80811e-05,1.48689e-05,1.31284e-06,-1.26046e-05,-2.69379e-05,-4.17706e-05,-5.72053e-05,-7.33533e-05,-9.03232e-05,-0.00010821,-0.000127087,-0.000146994,-0.000167931,-0.000189858,-0.000212687,-0.000236287,-0.000260484,-0.00028507,-0.000309808,-0.000334442,-0.000358707,-0.000382339,-0.000405085,-0.000426711,-0.00044701,-0.000465806,-0.000482957,-0.000498359,-0.000511938,-0.000523653,-0.000533489,-0.000541451,-0.000547558,-0.000551837,-0.000554319,-0.000555029,-0.00055399,-0.000551214,-0.000546705,-0.00054046,-0.000532471,-0.000522729,-0.000511231,-0.000497985,-0.000483016,-0.000466373,-0.000448133,-0.000428407,-0.000407338,-0.000385104,-0.000361915,-0.000338008,-0.000313638,-0.000289074,-0.000264585,-0.000240433,-0.000216862,-0.000194085,-0.00017228,-0.000151584,-0.000132082,-0.000113812,-9.67624e-05,-8.08749e-05,-6.60522e-05,-5.21655e-05,-3.90647e-05,-2.65908e-05,-1.45882e-05,-2.91715e-06,8.53388e-06,1.9838e-05,3.10219e-05,4.20598e-05,5.2872e-05,6.33259e-05,7.32403e-05,8.23941e-05,9.05362e-05,9.73989e-05,0.000102712,0.00010622,0.000107692,0.000106943,0.000103841,9.83201e-05,9.03904e-05,8.01454e-05,6.778e-05,5.38928e-05,3.94411e-05,2.57081e-05,1.40383e-05,5.51237e-06,6.42572e-07,-8.31135e-07,0
0,2.56725e-06,7.28525e-06,1.55577e-05,2.75611e-05,4.25495e-05,5.91239e-05,7.56138e-05,9.04559e-05,0.000102487,0.000111098,0.000115834,0.000117372,0.000115944,0.000111822,0.000105319,9.67727e-05,8.65366e-05,7.49589e-05,6.23692e-05,4.90643e-05,3.52975e-05,2.12708e-05,7.12894e-06,-7.04158e-06,-2.12119e-05,-3.54064e-05,-4.96959e-05,-6.4188e-05,-7.90162e-05,-9.43269e-05,-0.000110266,-0.000126967,-0.000144536,-0.000163042,-0.000182511,-0.000202915,-0.000224171,-0.000246145,-0.000268653,-0.000291467,-0.000314328,-0.000336957,-0.000359067,-0.000380378,-0.000400628,-0.000419586,-0.000437059,-0.000452898,-0.000467004,-0.000479323,-0.000489847,-0.000498605,-0.000505656,-0.00051108,-0.000514969,-0.000517413,-0.000518496,-0.000518286,-0.000516828,-0.000514142,-0.000510224,-0.000505046,-0.000498557,-0.0004907,-0.000481407,-0.00047062,-0.000458293,-0.000444406,-0.000428973,-0.000412045,-0.00039372,-0.000374138,-0.000353486,-0.000331985,-0.000309891,-0.000287477,-0.000265029,-0.000242824,-0.000221126,-0.000200167,-0.00018014,-0.000161189,-0.000143402,-0.000126808,-0.00011138,-9.70353e-05,-8.36456e-05,-7.10456e-05,-5.9046e-05,-4.74479e-05,-3.60579e-05,-2.47035e-05,-1.32467e-05,-1.59698e-06,1.02793e-05,2.23529e-05,3.4529e-05,4.66488e-05,5.8495e-05,6.9801e-05,8.02625e-05,8.95527e-05,9.73379e-05,0.000103294,0.000107124,0.000108573,0.00010744,0.000103587,9.69468e-05,8.75197e-05,7.55612e-05,6.16163e-05,4.6703e-05,3.21778e-05,1.94615e-05,9.71007e-06,3.50413e-06,6.30524e-07,0
0,4.68333e-06,1.14186e-05,2.14755e-05,3.49225e-05,5.08997e-05,6.79212e-05,8.42694e-05,9.83711e-05,0.000109081,0.000115834,0.000118631,0.000117661,0.000113622,0.000106846,9.77062e-05,8.66072e-05,7.39644e-05,6.01851e-05,4.56517e-05,3.07064e-05,1.56391e-05,6.78454e-07,-1.40142e-05,-2.83467e-05,-4.22952e-05,-5.58992e-05,-6.92536e-05,-8.24979e-05,-9.58031e-05,-0.000109356,-0.000123346,-0.000137944,-0.000153292,-0.00016949,-0.000186582,-0.000204552,-0.000223319,-0.000242741,-0.000262616,-0.000282695,-0.000302697,-0.000322317,-0.000341248,-0.000359198,-0.000375902,-0.00039114,-0.000404743,-0.000416604,-0.000426676,-0.000434974,-0.000441567,-0.000446569,-0.000450128,-0.000452411,-0.000453591,-0.000453833,-0.00045328,-0.000452043,-0.000450196,-0.000447765,-0.000444735,-0.000441046,-0.000436603,-0.000431286,-0.000424955,-0.000417472,-0.000408708,-0.000398559,-0.000386958,-0.000373887,-0.000359378,-0.000343524,-0.000326471,-0.000308421,-0.000289616,-0.000270332,-0.000250862,-0.000231506,-0.000212545,-0.000194235,-0.000176789,-0.000160366,-0.000145062,-0.000130907,-0.000117862,-0.000105826,-9.46438e-05,-8.41146e-05,-7.40099e-05,-6.40886e-05,-5.41158e-05,-4.38802e-05,-3.32111e-05,-2.1993e-05,-1.01767e-05,2.21319e-06,1.50751e-05,2.82323e-05,4.14386e-05,5.43889e-05,6.67321e-05,7.80879e-05,8.80641e-05,9.62756e-05,0.000102363,0.000106008,0.000106951,0.000104995,0.000100007,9.19759e-05,8.09991e-05,6.76028e-05,5.28107e-05,3.80037e-05,2.46393e-05,1.39229e-05,6.49627e-06,2.20656e-06,0
0,6.89428e-06,1.56499e-05,2.7362e-05,4.19785e-05,5.85372e-05,7.54976e-05,9.11432e-05,0.000103947,0.000112844,0.000117372,0.000117661,0.000114204,0.00010758,9.8295e-05,8.67709e-05,7.34682e-05,5.88578e-05,4.33991e-05,2.75199e-05,1.15997e-05,-4.04355e-06,-1.91639e-05,-3.35937e-05,-4.72459e-05,-6.01123e-05,-7.22582e-05,-8.38128e-05,-9.49563e-05,-0.000105905,-0.000116891,-0.000128148,-0.00013989,-0.000152292,-0.000165479,-0.00017951,-0.000194373,-0.000209982,-0.000226177,-0.000242735,-0.00025938,-0.000275801,-0.000291669,-0.000306657,-0.000320464,-0.000332829,-0.00034355,-0.000352493,-0.000359603,-0.000364898,-0.000368474,-0.000370488,-0.00037115,-0.000370706,-0.000369419,-0.00036755,-0.000365342,-0.000363002,-0.000360687,-0.000358498,-0.000356468,-0.000354569,-0.000352706,-0.000350736,-0.000348468,-0.000345686,-0.000342162,-0.000337674,-0.000332024,-0.000325055,-0.000316661,-0.000306801,-0.000295505,-0.000282871,-0.000269064,-0.000254311,-0.000238881,-0.000223078,-0.000207215,-0.000191601,-0.000176519,-0.000162209,-0.000148855,-0.000136572,-0.000125397,-0.000115294,-0.000106149,-9.77852e-05,-8.99715e-05,-8.24409e-05,-7.49094e-05,-6.70964e-05,-5.87463e-05,-4.96475e-05,-3.96499e-05,-2.86783e-05,-1.67418e-05,-3.9374e-06,9.55094e-06,2.34585e-05,3.74509e-05,5.11386e-05,6.40951e-05,7.58766e-05,8.60431e-05,9.41785e-05,9.99113e-05,0.000102932,0.000103003,9.99884e-05,9.36964e-05,8.41528e-05,7.1814e-05,5.76576e-05,4.30404e-05,2.94156e-05,1.80092e-05,9.51194e-06,3.83906e-06,0
0,9.12995e-06,1.98458e-05,3.30393e-05,4.85318e-05,6.52744e-05,8.17065e-05,9.61587e-05,0.000107202,0.000113901,0.000115944,0.000113622,0.00010758,9.85002e-05,8.69198e-05,7.33165e-05,5.82039e-05,4.21035e-05,2.55195e-05,8.91694e-06,-7.29665e-06,-2.27863e-05,-3.73008e-05,-5.06787e-05,-6.28514e-05,-7.38397e-05,-8.37475e-05,-9.27496e-05,-0.000101077,-0.000108997,-0.000116795,-0.00012475,-0.000133115,-0.000142096,-0.000151836,-0.0001624,-0.000173772,-0.000185847,-0.000198441,-0.000211299,-0.000224109,-0.000236526,-0.000248193,-0.000258766,-0.000267937,-0.000275455,-0.000281143,-0.000284915,-0.000286773,-0.000286814,-0.000285223,-0.000282254,-0.000278221,-0.000273472,-0.00026837,-0.000263268,-0.000258488,-0.000254298,-0.000250905,-0.000248433,-0.000246924,-0.000246332,-0.000246531,-0.000247322,-0.000248447,-0.000249608,-0.000250485,-0.000250757,-0.000250125,-0.000248331,-0.000245177,-0.000240535,-0.00023436,-0.000226692,-0.000217653,-0.000207441,-0.000196317,-0.000184587,-0.000172586,-0.000160648,-0.000149091,-0.000138193,-0.000128174,-0.000119176,-0.000111263,-0.000104408,-9.8498e-05,-9.33425e-05,-8.86864e-05,-8.42276e-05,-7.96388e-05,-7.45913e-05,-6.87786e-05,-6.19397e-05,-5.38792e-05,-4.44836e-05,-3.37329e-05,-2.1706e-05,-8.58097e-06,5.37159e-06,1.97994e-05,3.42845e-05,4.8363e-05,6.15464e-05,7.33455e-05,8.32934e-05,9.09692e-05,9.60213e-05,9.81927e-05,9.72512e-05,9.29384e-05,8.51752e-05,7.43086e-05,6.1226e-05,4.72167e-05,3.36907e-05,2.18658e-05,1.24666e-05,5.47975e-06,0
0,1.13282e-05,2.38919e-05,3.83618e-05,5.44315e-05,7.09841e-05,8.64721e-05,9.93147e-05,0.000108226,0.000112438,0.000111822,0.000106846,9.8295e-05,8.69198e-05,7.32913e-05,5.79429e-05,4.14392e-05,2.43468e-05,7.20726e-06,-9.48684e-06,-2.53117e-05,-3.99287e-05,-5.30956e-05,-6.46733e-05,-7.46271e-05,-8.30224e-05,-9.00156e-05,-9.58398e-05,-0.000100786,-0.000105181,-0.000109363,-0.00011366,-0.000118358,-0.000123687,-0.000129798,-0.000136752,-0.000144512,-0.000152945,-0.000161827,-0.00017086,-0.000179689,-0.000187931,-0.000195198,-0.000201129,-0.000205412,-0.000207815,-0.000208196,-0.000206521,-0.000202863,-0.000197406,-0.000190429,-0.000182291,-0.000173412,-0.000164244,-0.00015525,-0.00014687,-0.000139503,-0.000133479,-0.000129046,-0.000126354,-0.000125447,-0.000126268,-0.000128656,-0.000132361,-0.000137059,-0.000142372,-0.000147889,-0.000153189,-0.000157871,-0.000161571,-0.000163991,-0.000164908,-0.000164194,-0.000161818,-0.000157849,-0.000152449,-0.000145861,-0.000138394,-0.000130398,-0.000122238,-0.000114275,-0.000106831,-0.000100174,-9.44933e-05,-8.98873e-05,-8.63565e-05,-8.38017e-05,-8.20315e-05,-8.07751e-05,-7.97011e-05,-7.84414e-05,-7.66171e-05,-7.38658e-05,-6.98685e-05,-6.43729e-05,-5.72137e-05,-4.83267e-05,-3.7757e-05,-2.56606e-05,-1.22994e-05,1.97051e-06,1.67145e-05,3.14411e-05,4.56251e-05,5.87337e-05,7.02528e-05,7.9713e-05,8.67156e-05,9.09575e-05,9.21586e-05,8.99977e-05,8.42788e-05,7.5214e-05,6.35669e-05,5.0523e-05,3.74151e-05,2.54256e-05,1.52983e-05,7.09085e-06,0
0,1.34356e-05,2.76935e-05,4.32151e-05,5.95696e-05,7.55911e-05,8.97759e-05,0.000100669,0.000107162,0.000108688,0.000105319,9.77062e-05,8.67709e-05,7.33165e-05,5.79429e-05,4.12377e-05,2.38127e-05,6.27283e-06,-1.08125e-05,-2.69352e-05,-4.16696e-05,-5.46896e-05,-6.578e-05,-7.48418e-05,-8.18926e-05,-8.70591e-05,-9.05653e-05,-9.27145e-05,-9.38666e-05,-9.44123e-05,-9.47453e-05,-9.5234e-05,-9.61947e-05,-9.78681e-05,-0.0001004,-0.000103831,-0.000108089,-0.000112994,-0.000118271,-0.000123566,-0.000128475,-0.00013257,-0.000135432,-0.000136685,-0.000136025,-0.000133239,-0.000128234,-0.000121037,-0.000111803,-0.000100807,-8.84282e-05,-7.51325e-05,-6.1444e-05,-4.79168e-05,-3.51046e-05,-2.35312e-05,-1.36626e-05,-5.88345e-06,-4.77934e-07,2.38345e-06,2.65115e-06,3.97477e-07,-4.18871e-06,-1.08131e-05,-1.90924e-05,-2.8575e-05,-3.87653e-05,-4.91502e-05,-5.92265e-05,-6.85276e-05,-7.66489e-05,-8.32688e-05,-8.81654e-05,-9.12277e-05,-9.24596e-05,-9.19766e-05,-8.99958e-05,-8.68187e-05,-8.28091e-05,-7.83653e-05,-7.38914e-05,-6.97667e-05,-6.63176e-05,-6.37931e-05,-6.23456e-05,-6.20191e-05,-6.27447e-05,-6.43451e-05,-6.65464e-05,-6.89974e-05,-7.12941e-05,-7.30085e-05,-7.37194e-05,-7.30419e-05,-7.06562e-05,-6.63309e-05,-5.99412e-05,-5.14809e-05,-4.10658e-05,-2.89313e-05,-1.54214e-05,-9.72752e-07,1.39074e-05,2.86666e-05,4.27348e-05,5.55538e-05,6.6606e-05,7.54424e-05,8.17076e-05,8.50846e-05,8.51925e-05,8.17117e-05,7.47025e-05,6.478e-05,5.29965e-05,4.05796e-05,2.86531e-05,1.79658e-05,8.64456e-06,0
0,1.54078e-05,3.11749e-05,4.75137e-05,6.38745e-05,7.90622e-05,9.16444e-05,0.000100322,0.000104193,0.000102914,9.67727e-05,8.66072e-05,7.34682e-05,5.82039e-05,4.14392e-05,2.38127e-05,5.9775e-06,-1.14317e-05,-2.78298e-05,-4.27078e-05,-5.56558e-05,-6.63794e-05,-7.47104e-05,-8.06107e-05,-8.4169e-05,-8.5591e-05,-8.51829e-05,-8.33287e-05,-8.04636e-05,-7.70436e-05,-7.3514e-05,-7.0278e-05,-6.76677e-05,-6.59202e-05,-6.51592e-05,-6.53847e-05,-6.64718e-05,-6.81783e-05,-7.01614e-05,-7.20025e-05,-7.32382e-05,-7.33951e-05,-7.20262e-05,-6.87463e-05,-6.32627e-05,-5.54009e-05,-4.51205e-05,-3.25237e-05,-1.7853e-05,-1.48049e-06,1.61109e-05,3.43532e-05,5.26235e-05,7.02762e-05,8.66765e-05,0.000101232,0.00011342,0.000122814,0.000129102,0.000132098,0.000131748,0.000128136,0.000121472,0.000112084,0.000100404,8.69419e-05,7.22636e-05,5.69647e-05,4.16403e-05,2.68561e-05,1.31203e-05,8.58426e-07,-9.60823e-06,-1.80778e-05,-2.44769e-05,-2.88615e-05,-3.141e-05,-3.24079e-05,-3.22257e-05,-3.12904e-05,-3.00531e-05,-2.89547e-05,-2.8392e-05,-2.86878e-05,-3.00654e-05,-3.2631e-05,-3.63652e-05,-4.11229e-05,-4.66434e-05,-5.25683e-05,-5.84673e-05,-6.38678e-05,-6.82891e-05,-7.1276e-05,-7.24311e-05,-7.14437e-05,-6.8112e-05,-6.23595e-05,-5.42422e-05,-4.39492e-05,-3.17934e-05,-1.81968e-05,-3.66812e-06,1.12239e-05,2.58798e-05,3.97018e-05,5.21249e-05,6.26475e-05,7.08592e-05,7.64068e-05,7.88496e-05,7.77395e-05,7.29724e-05,6.49959e-05,5.47069e-05,4.32052e-05,3.15375e-05,2.04454e-05,1.01219e-05,0
0,1.72087e-05,3.42772e-05,5.1196e-05,6.73047e-05,8.1397e-05,9.21355e-05,9.84023e-05,9.9525e-05,9.53991e-05,8.65366e-05,7.39644e-05,5.88578e-05,4.21035e-05,2.43468e-05,6.27283e-06,-1.14317e-05,-2.81139e-05,-4.31875e-05,-5.61606e-05,-6.66592e-05,-7.44421e-05,-7.94106e-05,-8.16087e-05,-8.12161e-05,-7.85339e-05,-7.39629e-05,-6.7976e-05,-6.10862e-05,-5.38122e-05,-4.66428e-05,-4.00034e-05,-3.42257e-05,-2.95237e-05,-2.59777e-05,-2.35271e-05,-2.19735e-05,-2.09948e-05,-2.01676e-05,-1.89986e-05,-1.69619e-05,-1.3539e-05,-8.25945e-06,-7.38331e-07,9.29218e-06,2.1959e-05,3.72343e-05,5.4932e-05,7.47144e-05,9.61091e-05,0.000118533,0.000141322,0.000163766,0.000185143,0.000204756,0.00022196,0.000236197,0.000247012,0.000254075,0.000257192,0.000256308,0.000251511,0.000243024,0.000231195,0.000216483,0.000199439,0.000180679,0.000160864,0.000140664,0.000120735,0.000101682,8.40339e-05,6.82175e-05,5.45346e-05,4.31488e-05,3.40784e-05,2.7199e-05,2.22547e-05,1.88793e-05,1.66243e-05,1.49938e-05,1.34825e-05,1.16149e-05,8.98189e-06,5.27281e-06,2.99559e-07,-5.98833e-06,-1.34991e-05,-2.20046e-05,-3.11567e-05,-4.05114e-05,-4.95608e-05,-5.77683e-05,-6.46065e-05,-6.9594e-05,-7.23288e-05,-7.25165e-05,-6.99914e-05,-6.47294e-05,-5.68515e-05,-4.66191e-05,-3.44199e-05,-2.07476e-05,-6.17379e-06,8.68245e-06,2.31892e-05,3.67364e-05,4.8769e-05,5.88181e-05,6.64926e-05,7.12901e-05,7.26287e-05,7.02302e-05,6.43601e-05,5.57426e-05,4.53329e-05,3.40858e-05,2.27263e-05,1.15108e-05,0
0,1.88094e-05,3.69558e-05,5.42202e-05,6.98407e-05,8.26165e-05,9.13263e-05,9.5053e-05,9.33706e-05,8.64255e-05,7.49589e-05,6.01851e-05,4.33991e-05,2.55195e-05,7.20726e-06,-1.08125e-05,-2.78298e-05,-4.31875e-05,-5.63158e-05,-6.67609e-05,-7.42069e-05,-7.84899e-05,-7.96034e-05,-7.7695e-05,-7.3054e-05,-6.60912e-05,-5.73114e-05,-4.72801e-05,-3.6586e-05,-2.58027e-05,-1.54495e-05,-5.95641e-06,2.3664e-06,9.35067e-06,1.49832e-05,1.94078e-05,2.29159e-05,2.59265e-05,2.89551e-05,3.25757e-05,3.73773e-05,4.39186e-05,5.2684e-05,6.40455e-05,7.82312e-05,9.53051e-05,0.000115158,0.000137509,0.00016192,0.000187819,0.000214526,0.000241296,0.000267347,0.000291902,0.000314223,0.000333641,0.000349578,0.000361574,0.000369296,0.000372547,0.000371273,0.00036556,0.000355631,0.000341835,0.000324638,0.000304604,0.000282375,0.00025865,0.000234158,0.000209623,0.00018574,0.000163137,0.000142348,0.000123784,0.000107711,9.42392e-05,8.33148e-05,7.47298e-05,6.81376e-05,6.30802e-05,5.90236e-05,5.53999e-05,5.16506e-05,4.72703e-05,4.18461e-05,3.50894e-05,2.68581e-05,1.7168e-05,6.19205e-06,-5.75231e-06,-1.82255e-05,-3.06973e-05,-4.25837e-05,-5.3288e-05,-6.22413e-05,-6.89419e-05,-7.29891e-05,-7.41106e-05,-7.21811e-05,-6.72318e-05,-5.94499e-05,-4.91679e-05,-3.68452e-05,-2.30406e-05,-8.3809e-06,6.47596e-06,2.08783e-05,3.42178e-05,4.59642e-05,5.56855e-05,6.28151e-05,6.66321e-05,6.6676e-05,6.30184e-05,5.61981e-05,4.70126e-05,3.63149e-05,2.48063e-05,1.28042e-05,0
0,2.01869e-05,3.91775e-05,5.65587e-05,7.14775e-05,8.27546e-05,8.93015e-05,9.04183e-05,8.59376e-05,7.62639e-05,6.23692e-05,4.56517e-05,2.75199e-05,8.91694e-06,-9.48684e-06,-2.69352e-05,-4.27078e-05,-5.61606e-05,-6.67609e-05,-7.41156e-05,-7.79918e-05,-7.83268e-05,-7.52296e-05,-6.89715e-05,-5.99672e-05,-4.87479e-05,-3.59274e-05,-2.21621e-05,-8.10909e-06,5.61685e-06,1.84842e-05,3.00809e-05,4.01427e-05,4.85731e-05,5.54506e-05,6.10251e-05,6.57003e-05,7.00056e-05,7.45571e-05,8.00116e-05,8.70172e-05,9.61632e-05,0.000107934,0.000122672,0.000140548,0.000161546,0.000185461,0.000211907,0.000240343,0.000270098,0.000300409,0.000330461,0.000359425,0.000386495,0.000410921,0.000432033,0.000449266,0.000462172,0.000470431,0.000473855,0.000472389,0.000466112,0.00045523,0.000440074,0.000421087,0.000398819,0.000373907,0.000347058,0.00031903,0.0002906,0.000262533,0.00023555,0.000210291,0.000187284,0.00016691,0.000149387,0.000134754,0.000122871,0.000113432,0.000105985,9.99712e-05,9.47655e-05,8.97273e-05,8.42491e-05,7.78036e-05,6.99845e-05,6.05373e-05,4.93781e-05,3.66e-05,2.24658e-05,7.3888e-06,-8.09647e-06,-2.33721e-05,-3.77793e-05,-5.06638e-05,-6.14193e-05,-6.95284e-05,-7.45969e-05,-7.6379e-05,-7.47941e-05,-6.99321e-05,-6.20476e-05,-5.15446e-05,-3.8951e-05,-2.48869e-05,-1.00261e-05,4.94397e-06,1.93632e-05,3.2638e-05,4.42925e-05,5.36935e-05,5.99761e-05,6.24901e-05,6.11045e-05,5.61622e-05,4.82944e-05,3.82451e-05,2.66873e-05,1.39976e-05,0
0,2.1323e-05,4.09172e-05,5.81933e-05,7.22183e-05,8.18487e-05,8.61438e-05,8.46333e-05,7.74164e-05,6.51598e-05,4.90643e-05,3.07064e-05,1.15997e-05,-7.29665e-06,-2.53117e-05,-4.16696e-05,-5.56558e-05,-6.66592e-05,-7.42069e-05,-7.79918e-05,-7.78887e-05,-7.39608e-05,-6.64537e-05,-5.57796e-05,-4.24908e-05,-2.72449e-05,-1.07636e-05,6.21288e-06,2.29729e-05,3.88797e-05,5.3413e-05,6.62047e-05,7.70645e-05,8.59945e-05,9.31903e-05,9.9029e-05,0.000104043,0.000108883,0.000114269,0.000120938,0.000129588,0.000140824,0.000155114,0.000172748,0.000193821,0.000218217,0.000245621,0.000275537,0.000307315,0.000340193,0.000373336,0.000405883,0.000436981,0.000465826,0.000491684,0.000513921,0.000532009,0.000545538,0.000554217,0.000557875,0.000556458,0.000550029,0.000538764,0.000522949,0.000502979,0.000479354,0.00045267,0.000423614,0.000392939,0.000361447,0.000329958,0.000299272,0.000270133,0.000243189,0.000218949,0.000197758,0.000179768,0.000164931,0.000153004,0.000143564,0.000136042,0.000129772,0.000124033,0.000118117,0.000111372,0.000103261,9.33981e-05,8.15755e-05,6.77809e-05,5.21962e-05,3.51834e-05,1.72586e-05,-9.44596e-07,-1.87186e-05,-3.53301e-05,-5.00689e-05,-6.2295e-05,-7.14797e-05,-7.72402e-05,-7.93634e-05,-7.78189e-05,-7.27599e-05,-6.45123e-05,-5.35531e-05,-4.04784e-05,-2.59655e-05,-1.07295e-05,4.52158e-06,1.91298e-05,3.25739e-05,4.41516e-05,5.28502e-05,5.78232e-05,5.87296e-05,5.57092e-05,4.92204e-05,3.98936e-05,2.8371e-05,1.50875e-05,0
0,2.22029e-05,4.21555e-05,5.91111e-05,7.20684e-05,7.99336e-05,8.19261e-05,7.78148e-05,6.79711e-05,5.33237e-05,3.52975e-05,1.56391e-05,-4.04355e-06,-2.27863e-05,-3.99287e-05,-5.46896e-05,-6.63794e-05,-7.44421e-05,-7.84899e-05,-7.83268e-05,-7.39608e-05,-6.56029e-05,-5.36543e-05,-3.86813e-05,-2.13806e-05,-2.53602e-06,1.70296e-05,3.65062e-05,5.51472e-05,7.2318e-05,8.75375e-05,0.000100511,0.00011115,0.000119584,0.000126149,0.000131368,0.000135914,0.000140564,0.000146142,0.000153457,0.000163242,0.0001761,0.000192458,0.000212535,0.000236322,0.00026359,0.000293898,0.000326631,0.000361034,0.000396262,0.000431425,0.000465636,0.000498051,0.000527895,0.000554489,0.000577263,0.000595756,0.000609619,0.000618608,0.000622578,0.000621478,0.000615347,0.000604311,0.00058859,0.000568501,0.00054446,0.000516989,0.000486714,0.000454353,0.000420706,0.000386621,0.000352967,0.000320583,0.00029024,0.000262585,0.000238107,0.000217093,0.000199613,0.000185512,0.000174421,0.000165787,0.000158914,0.000153017,0.000147286,0.000140946,0.000133317,0.000123862,0.000112232,9.82819e-05,8.20855e-05,6.39255e-05,4.42735e-05,2.37561e-05,3.1111e-06,-1.68616e-05,-3.53536e-05,-5.16011e-05,-6.49339e-05,-7.48182e-05,-8.08902e-05,-8.29774e-05,-8.11084e-05,-7.55075e-05,-6.65784e-05,-5.48745e-05,-4.10612e-05,-2.58704e-05,-1.00526e-05,5.6718e-06,2.07352e-05,3.43657e-05,4.5399e-05,5.27879e-05,5.5975e-05,5.48913e-05,4.98179e-05,4.12693e-05,2.98557e-05,1.60694e-05,0
0,2.28144e-05,4.28765e-05,5.93013e-05,7.10313e-05,7.70355e-05,7.67052e-05,7.00554e-05,5.77323e-05,4.09237e-05,2.12708e-05,6.78454e-07,-1.91639e-05,-3.73008e-05,-5.30956e-05,-6.578e-05,-7.47104e-05,-7.94106e-05,-7.96034e-05,-7.52296e-05,-6.64537e-05,-5.36543e-05,-3.74024e-05,-1.84264e-05,2.43182e-06,2.42686e-05,4.61738e-05,6.72873e-05,8.68527e-05,0.000104266,0.000119117,0.000131213,0.000140599,0.000147555,0.000152579,0.000156353,0.000159701,0.000163527,0.000168749,0.000176236,0.000186737,0.00020083,0.000218878,0.000240999,0.000267066,0.000296712,0.000329362,0.000364276,0.000400596,0.000437406,0.000473781,0.000508835,0.000541757,0.000571839,0.000598488,0.000621226,0.000639691,0.000653615,0.000662819,0.000667191,0.000666684,0.000661302,0.00065111,0.000636239,0.000616896,0.000593384,0.000566115,0.000535619,0.000502546,0.000467661,0.00043182,0.00039594,0.000360949,0.000327739,0.000297105,0.000269691,0.000245943,0.000226074,0.000210046,0.000197572,0.000188137,0.000181038,0.000175443,0.000170448,0.000165156,0.000158739,0.000150499,0.000139922,0.000126709,0.000110797,9.23609e-05,7.17994e-05,4.97047e-05,2.68221e-05,4.00016e-06,-1.78663e-05,-3.78941e-05,-5.5269e-05,-6.92974e-05,-7.94495e-05,-8.53916e-05,-8.70046e-05,-8.43881e-05,-7.78491e-05,-6.78775e-05,-5.5109e-05,-4.02791e-05,-2.4172e-05,-7.56738e-06,8.92266e-06,2.44569e-05,3.77179e-05,4.74536e-05,5.28862e-05,5.37332e-05,5.00954e-05,4.23695e-05,3.11334e-05,1.69364e-05,0
0,2.31475e-05,4.30665e-05,5.87529e-05,6.91055e-05,7.31698e-05,7.05188e-05,6.14199e-05,4.67936e-05,2.80811e-05,7.12894e-06,-1.40142e-05,-3.35937e-05,-5.06787e-05,-6.46733e-05,-7.48418e-05,-8.06107e-05,-8.16087e-05,-7.7695e-05,-6.89715e-05,-5.57796e-05,-3.86813e-05,-1.84264e-05,4.09269e-06,2.78949e-05,5.197e-05,7.53402e-05,9.71209e-05,0.000116575,0.000133163,0.000146572,0.000156748,0.000163894,0.000168462,0.000171129,0.000172748,0.000174291,0.000176786,0.000181233,0.000188542,0.000199457,0.000214505,0.000233956,0.000257809,0.000285789,0.00031738,0.000351862,0.000388369,0.000425947,0.000463622,0.000500453,0.00053558,0.000568258,0.000597874,0.000623949,0.000646132,0.000664178,0.000677924,0.000687264,0.000692132,0.000692479,0.000688272,0.0006795,0.000666182,0.000648395,0.000626298,0.00060016,0.000570383,0.000537518,0.000502267,0.000465468,0.000428067,0.000391071,0.000355489,0.000322267,0.000292219,0.00026597,0.000243898,0.000226109,0.000212427,0.000202402,0.000195353,0.000190413,0.000186606,0.000182915,0.000178363,0.000172084,0.000163384,0.000151789,0.000137073,0.000119275,9.86889e-05,7.58442e-05,5.14666e-05,2.64304e-05,1.69993e-06,-2.17329e-05,-4.29129e-05,-6.09823e-05,-7.52348e-05,-8.51591e-05,-9.0468e-05,-9.11131e-05,-8.72815e-05,-7.93768e-05,-6.79854e-05,-5.3831e-05,-3.77201e-05,-2.04852e-05,-2.77958e-06,1.44891e-05,2.985e-05,4.18445e-05,4.94708e-05,5.22298e-05,5.00394e-05,4.31775e-05,3.21888e-05,1.76787e-05,0
0,2.31934e-05,4.27131e-05,5.74535e-05,6.62839e-05,6.83392e-05,6.33845e-05,5.19437e-05,3.52099e-05,1.48689e-05,-7.04158e-06,-2.83467e-05,-4.72459e-05,-6.28514e-05,-7.46271e-05,-8.18926e-05,-8.4169e-05,-8.12161e-05,-7.3054e-05,-5.99672e-05,-4.24908e-05,-2.13806e-05,2.43182e-06,2.78949e-05,5.39008e-05,7.93523e-05,0.00010323,0.000124654,0.00014294,0.000157642,0.000168584,0.00017587,0.000179889,0.000181283,0.000180918,0.000179819,0.000179107,0.000179918,0.000183321,0.000190244,0.0002014,0.000217237,0.00023791,0.000263269,0.00029288,0.00032606,0.00036194,0.000399527,0.000437782,0.000475688,0.000512308,0.000546835,0.000578615,0.000607157,0.000632125,0.000653312,0.000670614,0.000683986,0.000693408,0.000698859,0.000700291,0.000697629,0.000690772,0.000679614,0.000664082,0.000644166,0.000619968,0.000591734,0.000559887,0.000525039,0.000487989,0.000449692,0.00041122,0.000373696,0.000338216,0.000305776,0.00027719,0.000253026,0.000233561,0.000218754,0.000208252,0.000201417,0.000197375,0.000195091,0.000193441,0.000191305,0.000187644,0.000181573,0.000172426,0.000159793,0.000143547,0.00012385,0.000101137,7.60825e-05,4.95616e-05,2.25857e-05,-3.76054e-06,-2.83897e-05,-5.02815e-05,-6.85472e-05,-8.2485e-05,-9.16224e-05,-9.57413e-05,-9.48855e-05,-8.93496e-05,-7.96494e-05,-6.64781e-05,-5.06515e-05,-3.30459e-05,-1.43492e-05,4.46901e-06,2.17869e-05,3.59391e-05,4.56982e-05,5.03459e-05,4.96146e-05,4.36618e-05,3.29979e-05,1.82833e-05,0
0,2.29452e-05,4.1805e-05,5.53899e-05,6.25536e-05,6.25346e-05,5.53002e-05,4.16344e-05,2.29988e-05,1.31284e-06,-2.12119e-05,-4.22952e-05,-6.01123e-05,-7.38397e-05,-8.30224e-05,-8.70591e-05,-8.5591e-05,-7.85339e-05,-6.60912e-05,-4.87479e-05,-2.72449e-05,-2.53602e-06,2.42686e-05,5.197e-05,7.93523e-05,0.000105257,0.000128652,0.000148696,0.000164791,0.000176617,0.00018416,0.000187713,0.000187864,0.000185461,0.00018156,0.000177357,0.000174112,0.000173053,0.000175299,0.000181768,0.000193117,0.000209692,0.000231505,0.00025824,0.000289284,0.000323782,0.00036071,0.000398958,0.00043741,0.000475022,0.000510885,0.000544264,0.00057462,0.000601607,0.00062505,0.000644907,0.000661223,0.000674081,0.000683552,0.000689662,0.000692366,0.000691536,0.000686977,0.000678451,0.000665715,0.000648579,0.000626957,0.00060092,0.00057074,0.000536919,0.000500193,0.000461511,0.000421996,0.000382874,0.000345393,0.000310732,0.000279909,0.000253698,0.000232566,0.000216635,0.000205675,0.000199116,0.000196102,0.000195558,0.00019627,0.000196982,0.000196483,0.000193694,0.000187744,0.000178019,0.000164204,0.000146298,0.000124611,9.9739e-05,7.2525e-05,4.40023e-05,1.53274e-05,-1.22944e-05,-3.76872e-05,-5.9779e-05,-7.76701e-05,-9.06877e-05,-9.84254e-05,-0.000100762,-9.78589e-05,-9.01396e-05,-7.82473e-05,-6.29905e-05,-4.52779e-05,-2.58235e-05,-5.65106e-06,1.34713e-05,2.96734e-05,4.1502e-05,4.80176e-05,4.87647e-05,4.37775e-05,3.35296e-05,1.87339e-05,0
0,2.23973e-05,4.03326e-05,5.25485e-05,5.78977e-05,5.57376e-05,4.62475e-05,3.04748e-05,1.01444e-05,-1.26046e-05,-3.54064e-05,-5.58992e-05,-7.22582e-05,-8.37475e-05,-9.00156e-05,-9.05653e-05,-8.51829e-05,-7.39629e-05,-5.73114e-05,-3.59274e-05,-1.07636e-05,1.70296e-05,4.61738e-05,7.53402e-05,0.00010323,0.000128652,0.000150596,0.000168292,0.000181259,0.000189337,0.000192696,0.000191838,0.000187563,0.000180926,0.000173176,0.00016567,0.000159789,0.00015684,0.00015796,0.000164039,0.00017565,0.000193011,0.000215972,0.000244033,0.000276393,0.00031202,0.000349737,0.000388324,0.000426602,0.00046352,0.000498212,0.000530039,0.000558594,0.000583691,0.000605328,0.000623636,0.000638816,0.00065108,0.000660592,0.000667422,0.000671523,0.000672716,0.000670707,0.000665116,0.000655532,0.000641574,0.000622957,0.000599565,0.000571506,0.000539154,0.000503168,0.000464473,0.00042423,0.00038376,0.000344455,0.000307679,0.00027466,0.000246388,0.000223539,0.00020642,0.000194942,0.000188634,0.000186678,0.00018798,0.000191254,0.00019512,0.000198204,0.000199232,0.000197119,0.000191035,0.000180457,0.000165197,0.000145409,0.000121581,9.44925e-05,6.51698e-05,3.48167e-05,4.73669e-06,-2.37506e-05,-4.93948e-05,-7.10949e-05,-8.79682e-05,-9.94037e-05,-0.000105095,-0.000105048,-9.95709e-05,-8.9236e-05,-7.48265e-05,-5.72697e-05,-3.72945e-05,-1.59682e-05,4.80202e-06,2.29456e-05,3.67845e-05,4.51568e-05,4.74157e-05,4.34679e-05,3.37461e-05,1.90117e-05,0
0,2.15465e-05,3.82889e-05,4.89167e-05,5.22977e-05,4.7923e-05,3.61954e-05,1.84281e-05,-3.39744e-06,-2.69379e-05,-4.96959e-05,-6.92536e-05,-8.38128e-05,-9.27496e-05,-9.58398e-05,-9.27145e-05,-8.33287e-05,-6.7976e-05,-4.72801e-05,-2.21621e-05,6.21288e-06,3.65062e-05,6.72873e-05,9.71209e-05,0.000124654,0.000148696,0.000168292,0.000182776,0.000191816,0.000195433,0.000194006,0.000188254,0.000179195,0.000168092,0.000156375,0.00014555,0.000137101,0.000132387,0.000132545,0.000138409,0.000150446,0.000168723,0.000192913,0.00022232,0.000255947,0.000292585,0.000330915,0.000369615,0.000407459,0.000443405,0.000476652,0.000506668,0.000533194,0.000556212,0.0005759,0.00059256,0.000606548,0.000618199,0.000627764,0.000635355,0.000640916,0.000644217,0.000644863,0.000642338,0.00063606,0.000625458,0.000610051,0.000589529,0.000563832,0.000533196,0.00049819,0.000459705,0.000418925,0.000377254,0.000336224,0.000297378,0.000262154,0.000231766,0.00020711,0.00018869,0.000176582,0.000170429,0.000169476,0.000172632,0.000178557,0.000185763,0.000192721,0.000197969,0.000200207,0.000198381,0.000191744,0.000179901,0.000162828,0.000140871,0.000114717,8.53557e-05,5.40095e-05,2.20574e-05,-9.05474e-06,-3.79077e-05,-6.3201e-05,-8.38366e-05,-9.89865e-05,-0.000108141,-0.000111131,-0.000108126,-9.96053e-05,-8.63078e-05,-6.91635e-05,-4.89022e-05,-2.6622e-05,-4.35898e-06,1.56226e-05,3.1423e-05,4.16563e-05,4.54803e-05,4.26684e-05,3.36056e-05,1.90965e-05,0
0,2.03916e-05,3.567e-05,4.44853e-05,4.5736e-05,3.90639e-05,2.51059e-05,5.4439e-06,-1.76917e-05,-4.17706e-05,-6.4188e-05,-8.24979e-05,-9.49563e-05,-0.000101077,-0.000100786,-9.38666e-05,-8.04636e-05,-6.10862e-05,-3.6586e-05,-8.10909e-06,2.29729e-05,5.51472e-05,8.68527e-05,0.000116575,0.00014294,0.000164791,0.000181259,0.000191816,0.000196302,0.000194941,0.000188331,0.000177414,0.000163425,0.000147827,0.000132215,0.000118227,0.000107428,0.000101206,0.000100674,0.000106587,0.000119284,0.00013867,0.000164222,0.000195044,0.000229944,0.000267539,0.000306375,0.000345045,0.000382293,0.000417103,0.000448752,0.000476832,0.000501238,0.000522125,0.000539845,0.000554866,0.00056769,0.000578764,0.000588412,0.000596781,0.000603803,0.000609192,0.00061246,0.000612958,0.000609943,0.000602664,0.000590449,0.000572804,0.000549498,0.000520629,0.000486669,0.000448466,0.000407217,0.0003644,0.000321671,0.000280748,0.000243274,0.000210687,0.000184108,0.000164249,0.000151361,0.000145221,0.000145154,0.00015009,0.000158654,0.000169268,0.000180263,0.000189998,0.000196962,0.000199874,0.000197757,0.000189992,0.000176355,0.000157026,0.000132572,0.000103912,7.22607e-05,3.90447e-05,5.81577e-06,-2.58527e-05,-5.44677e-05,-7.87145e-05,-9.75401e-05,-0.000110217,-0.000116382,-0.000116045,-0.00010957,-9.76322e-05,-8.11458e-05,-6.08259e-05,-3.77859e-05,-1.41778e-05,7.5492e-06,2.52776e-05,3.73968e-05,4.28635e-05,4.13099e-05,3.30644e-05,1.89678e-05,0
0,1.89346e-05,3.24768e-05,3.925e-05,3.81998e-05,2.91352e-05,1.29393e-05,-8.53473e-06,-3.2816e-05,-5.72053e-05,-7.90162e-05,-9.58031e-05,-0.000105905,-0.000108997,-0.000105181,-9.44123e-05,-7.70436e-05,-5.38122e-05,-2.58027e-05,5.61685e-06,3.88797e-05,7.2318e-05,0.000104266,0.000133163,0.000157642,0.000176617,0.000189337,0.000195433,0.000194941,0.000188299,0.000176329,0.000160195,0.00014134,0.00012141,0.000102152,8.53084e-05,7.25055e-05,6.51386e-05,6.4273e-05,7.05651e-05,8.4212e-05,0.000104939,0.000132025,0.000164368,0.000200584,0.000239125,0.000278416,0.000316979,0.000353545,0.000387142,0.00041714,0.000443264,0.000465567,0.000484376,0.000500209,0.000513689,0.000525442,0.000536014,0.000545787,0.000554928,0.000563353,0.000570721,0.000576453,0.000579779,0.000579812,0.000575633,0.000566397,0.000551437,0.00053036,0.000503133,0.000470128,0.000432146,0.000390388,0.000346391,0.000301928,0.00025888,0.000219086,0.000184204,0.000155578,0.00013413,0.000120296,0.000113996,0.000114649,0.000121225,0.000132331,0.000146314,0.000161384,0.000175732,0.000187649,0.00019563,0.000198463,0.0001953,0.0001857,0.000169655,0.000147585,0.000120313,8.90129e-05,5.51329e-05,2.03059e-05,-1.37587e-05,-4.53867e-05,-7.30503e-05,-9.54673e-05,-0.000111682,-0.00012112,-0.000123613,-0.000119389,-0.000109036,-9.34372e-05,-7.32738e-05,-4.96566e-05,-2.48387e-05,-1.44332e-06,1.81998e-05,3.2254e-05,3.94686e-05,3.93238e-05,3.20803e-05,1.86061e-05,0
0,1.71801e-05,2.87154e-05,3.32135e-05,2.96833e-05,1.81185e-05,-3.39557e-07,-2.35639e-05,-4.88516e-05,-7.33533e-05,-9.43269e-05,-0.000109356,-0.000116891,-0.000116795,-0.000109363,-9.47453e-05,-7.3514e-05,-4.66428e-05,-1.54495e-05,1.84842e-05,5.3413e-05,8.75375e-05,0.000119117,0.000146572,0.000168584,0.00018416,0.000192696,0.000194006,0.000188331,0.000176329,0.000159044,0.000137853,0.000114393,9.04731e-05,6.79685e-05,4.87081e-05,3.43539e-05,2.62871e-05,2.55075e-05,3.25571e-05,4.74778e-05,6.98084e-05,9.86246e-05,0.000132621,0.000170224,0.000209734,0.000249465,0.000287885,0.000323732,0.000356093,0.000384446,0.000408658,0.000428942,0.000445792,0.000459881,0.000471967,0.000482785,0.000492952,0.000502893,0.000512781,0.000522505,0.000531669,0.000539611,0.000545455,0.000548183,0.000546734,0.00054011,0.000527487,0.000508331,0.000482479,0.000450214,0.000412282,0.000369884,0.000324607,0.000278327,0.000233074,0.000190875,0.000153596,0.000122798,9.96127e-05,8.46606e-05,7.80105e-05,7.9185e-05,8.72065e-05,0.000100679,0.000117896,0.000136959,0.000155911,0.000172855,0.000186074,0.000194127,0.000195931,0.000190821,0.000178584,0.000159472,0.000134186,0.00010383,6.9846e-05,3.39217e-05,-2.11858e-06,-3.6435e-05,-6.72943e-05,-9.31854e-05,-0.000112917,-0.000125692,-0.000131144,-0.000129347,-0.000120782,-0.00010628,-8.64707e-05,-6.24428e-05,-3.65332e-05,-1.15264e-05,1.00416e-05,2.6107e-05,3.52033e-05,3.66461e-05,3.06148e-05,1.79944e-05,0
0,1.51362e-05,2.43979e-05,2.63868e-05,2.01909e-05,6.00573e-06,-1.47564e-05,-3.9692e-05,-6.58744e-05,-9.03232e-05,-0.000110266,-0.000123346,-0.000128148,-0.00012475,-0.00011366,-9.5234e-05,-7.0278e-05,-4.00034e-05,-5.95641e-06,3.00809e-05,6.62047e-05,0.000100511,0.000131213,0.000156748,0.00017587,0.000187713,0.000191838,0.000188254,0.000177414,0.000160195,0.000137853,0.000111963,8.43352e-05,5.69203e-05,3.16999e-05,1.0565e-05,-4.80613e-06,-1.30649e-05,-1.32921e-05,-5.07135e-06,1.14756e-05,3.56963e-05,6.64619e-05,0.000102264,0.00014135,0.00018187,0.000222046,0.000260308,0.000295415,0.000326533,0.000353262,0.000375618,0.000393982,0.000409005,0.000421507,0.00043236,0.000442384,0.000452247,0.000462391,0.00047298,0.000483867,0.000494599,0.000504438,0.000512415,0.000517405,0.000518225,0.000513748,0.000503019,0.000485375,0.000460543,0.000428717,0.000390593,0.000347364,0.000300659,0.000252445,0.000204888,0.000160188,0.00012041,8.73193e-05,6.22505e-05,4.60054e-05,3.88025e-05,4.02727e-05,4.94992e-05,6.50967e-05,8.53177e-05,0.000108178,0.000131587,0.00015348,0.000171941,0.000185309,0.000192272,0.000191936,0.000183877,0.00016816,0.000145339,0.000116426,8.28283e-05,4.62612e-05,8.64041e-06,-2.80465e-05,-6.18725e-05,-9.1102e-05,-0.000114306,-0.000130452,-0.000138964,-0.000139742,-0.000133142,-0.000119924,-0.000100646,-7.63531e-05,-4.94485e-05,-2.28639e-05,6.65064e-07,1.88456e-05,2.99859e-05,3.32221e-05,2.86363e-05,1.7119e-05,0
0,1.28142e-05,1.95429e-05,1.87902e-05,9.73854e-06,-7.19733e-06,-3.03221e-05,-5.69527e-05,-8.39466e-05,-0.00010821,-0.000126967,-0.000137944,-0.00013989,-0.000133115,-0.000118358,-9.61947e-05,-6.76677e-05,-3.42257e-05,2.3664e-06,4.01427e-05,7.70645e-05,0.00011115,0.000140599,0.000163894,0.000179889,0.000187864,0.000187563,0.000179195,0.000163425,0.00014134,0.000114393,8.43352e-05,5.31273e-05,2.28398e-05,-4.46384e-06,-2.68505e-05,-4.26433e-05,-5.05399e-05,-4.97124e-05,-3.98769e-05,-2.13238e-05,5.1008e-06,3.80624e-05,7.58522e-05,0.000116537,0.000158131,0.000198767,0.000236852,0.000271185,0.000301025,0.000326113,0.000346631,0.000363128,0.000376417,0.000387449,0.000397197,0.000406541,0.000416177,0.000426542,0.000437771,0.000449671,0.000461727,0.000473133,0.000482839,0.000489633,0.000492234,0.000489411,0.0004801,0.000463528,0.000439325,0.000407606,0.000369017,0.000324738,0.000276433,0.000226149,0.000176175,0.000128871,8.64858e-05,5.09807e-05,2.38809e-05,6.16276e-06,-1.80937e-06,-2.9639e-07,9.85062e-06,2.72661e-05,5.01765e-05,7.65265e-05,0.000104114,0.000130725,0.000154263,0.000172864,0.000184994,0.000189536,0.000185848,0.0001738,0.000153783,0.00012669,9.38705e-05,5.70411e-05,1.81843e-05,-2.05851e-05,-5.7161e-05,-8.95909e-05,-0.000116208,-0.000135741,-0.00014739,-0.000150867,-0.000146384,-0.000134611,-0.000116018,-9.15835e-05,-6.37565e-05,-3.56024e-05,-1.00496e-05,1.03774e-05,2.37505e-05,2.90095e-05,2.61219e-05,1.5971e-05,0
0,1.02285e-05,1.41753e-05,1.04539e-05,-1.64432e-06,-2.1469e-05,-4.70295e-05,-7.53597e-05,-0.000103109,-0.000127087,-0.000144536,-0.000153292,-0.000152292,-0.000142096,-0.000123687,-9.78681e-05,-6.59202e-05,-2.95237e-05,9.35067e-06,4.85731e-05,8.59945e-05,0.000119584,0.000147555,0.000168462,0.000181283,0.000185461,0.000180926,0.000168092,0.000147827,0.00012141,9.04731e-05,5.69203e-05,2.28398e-05,-9.60315e-06,-3.82835e-05,-6.12434e-05,-7.68205e-05,-8.37675e-05,-8.13529e-05,-6.94286e-05,-4.84548e-05,-1.9473e-05,1.59747e-05,5.59756e-05,9.84155e-05,0.000141169,0.000182286,0.000220158,0.00025364,0.000282105,0.000305453,0.000324052,0.000338636,0.000350181,0.000359772,0.000368465,0.000377185,0.000386628,0.000397206,0.000409004,0.000421769,0.000434924,0.000447592,0.000458657,0.000466835,0.000470771,0.000469149,0.000460816,0.000444911,0.000420975,0.00038905,0.000349733,0.00030419,0.00025411,0.000201612,0.000149097,9.90732e-05,5.39616e-05,1.59075e-05,-1.33838e-05,-3.27709e-05,-4.1751e-05,-4.04803e-05,-2.97433e-05,-1.088e-05,1.43209e-05,4.37488e-05,7.5109e-05,0.00010606,0.000134345,0.000157915,0.000175033,0.000184367,0.000185059,0.000176777,0.000159738,0.000134701,0.000102929,6.61196e-05,2.62964e-05,-1.43196e-05,-5.34606e-05,-8.89677e-05,-0.00011894,-0.000141865,-0.000156713,-0.00016299,-0.000160752,-0.000150564,-0.000132784,-0.000108305,-7.96026e-05,-4.98614e-05,-2.21962e-05,6.33751e-07,1.64513e-05,2.39819e-05,2.30593e-05,1.45466e-05,0
0,7.39613e-06,8.32603e-06,1.41778e-06,-1.39148e-05,-3.67699e-05,-6.48499e-05,-9.4902e-05,-0.000123373,-0.000146994,-0.000163042,-0.00016949,-0.000165479,-0.000151836,-0.000129798,-0.0001004,-6.51592e-05,-2.59777e-05,1.49832e-05,5.54506e-05,9.31903e-05,0.000126149,0.000152579,0.000171129,0.000180918,0.00018156,0.000173176,0.000156375,0.000132215,0.000102152,6.79685e-05,3.16999e-05,-4.46384e-06,-3.82835e-05,-6.75901e-05,-9.04138e-05,-0.000105114,-0.000110501,-0.00010594,-9.14168e-05,-6.75603e-05,-3.56088e-05,2.68244e-06,4.51877e-05,8.95999e-05,0.000133642,0.000175276,0.00021288,0.000245372,0.000272266,0.000293649,0.000310103,0.000322573,0.000332218,0.000340258,0.000347832,0.000355891,0.000365115,0.000375866,0.000388159,0.000401669,0.000415742,0.000429437,0.000441576,0.000450816,0.000455743,0.000454976,0.00044729,0.000431742,0.000407796,0.000375422,0.000335167,0.000288177,0.000236162,0.000181303,0.000126107,7.32233e-05,2.52379e-05,-1.55295e-05,-4.7203e-05,-6.84866e-05,-7.8748e-05,-7.80452e-05,-6.70993e-05,-4.72222e-05,-2.02102e-05,1.17846e-05,4.63925e-05,8.11655e-05,0.000113711,0.000141817,0.000163562,0.000177411,0.000182301,0.000177698,0.000163638,0.00014073,0.000110137,7.35115e-05,3.28964e-05,-9.40325e-06,-5.09753e-05,-8.94678e-05,-0.000122754,-0.000149078,-0.000167174,-0.000176339,-0.000176454,-0.000167965,-0.000151103,-0.000126652,-9.70963e-05,-6.57257e-05,-3.58361e-05,-1.04257e-05,8.0657e-06,1.81298e-05,1.94472e-05,1.28476e-05,0
0,4.33671e-06,2.03131e-06,-8.26929e-06,-2.70167e-05,-5.3043e-05,-8.37321e-05,-0.000115541,-0.00014472,-0.000167931,-0.000182511,-0.000186582,-0.00017951,-0.0001624,-0.000136752,-0.000103831,-6.53847e-05,-2.35271e-05,1.94078e-05,6.10251e-05,9.9029e-05,0.000131368,0.000156353,0.000172748,0.000179819,0.000177357,0.00016567,0.00014555,0.000118227,8.53084e-05,4.87081e-05,1.0565e-05,-2.68505e-05,-6.12434e-05,-9.04138e-05,-0.000112386,-0.000125542,-0.000128748,-0.000121457,-0.000103783,-7.65182e-05,-4.11004e-05,4.92429e-07,4.59027e-05,9.26049e-05,0.000138143,0.000180369,0.000217636,0.000248937,0.000273947,0.000292979,0.000306875,0.000316833,0.000324227,0.000330433,0.000336676,0.000343928,0.000352835,0.000363686,0.000376409,0.000390585,0.000405476,0.000420069,0.000433126,0.000443254,0.000448989,0.000448895,0.000441682,0.000426335,0.000402236,0.000369281,0.000327961,0.000279392,0.000225301,0.000167927,0.000109883,5.39572e-05,2.89984e-06,-4.07983e-05,-7.5097e-05,-9.85543e-05,-0.000110419,-0.000110659,-9.994e-05,-7.9546e-05,-5.12767e-05,-1.73155e-05,1.99091e-05,5.78633e-05,9.40419e-05,0.000126093,0.000151931,0.00016984,0.000178562,0.000177369,0.00016611,0.00014524,0.000115806,7.93951e-05,3.80508e-05,-5.85848e-06,-4.9795e-05,-9.12279e-05,-0.000127812,-0.000157556,-0.000178954,-0.000191083,-0.000193644,-0.00018695,-0.000171087,-0.000146713,-0.000116303,-8.32393e-05,-5.09939e-05,-2.28098e-05,-1.40372e-06,1.14625e-05,1.52961e-05,1.08811e-05,0
0,1.0716e-06,-4.66794e-06,-1.85502e-05,-4.08811e-05,-7.02131e-05,-0.000103601,-0.000137209,-0.000167092,-0.000189858,-0.000202915,-0.000204552,-0.000194373,-0.000173772,-0.000144512,-0.000108089,-6.64718e-05,-2.19735e-05,2.29159e-05,6.57003e-05,0.000104043,0.000135914,0.000159701,0.000174291,0.000179107,0.000174112,0.000159789,0.000137101,0.000107428,7.25055e-05,3.43539e-05,-4.80613e-06,-4.26433e-05,-7.68205e-05,-0.000105114,-0.000125542,-0.000136505,-0.000136911,-0.000126288,-0.000104863,-7.35868e-05,-3.40943e-05,1.13985e-05,6.02719e-05,0.000109738,0.000157111,0.000200086,0.000236966,0.000266816,0.000289502,0.000305618,0.000316325,0.000323141,0.000327709,0.000331598,0.000336136,0.000342315,0.000350733,0.000361588,0.000374695,0.000389522,0.000405233,0.000420731,0.000434716,0.000445745,0.000452305,0.000452908,0.000446201,0.000431088,0.000406862,0.000373331,0.000330915,0.000280694,0.0002244,0.000164335,0.000103222,4.40006e-05,-1.04078e-05,-5.73353e-05,-9.45779e-05,-0.000120555,-0.000134405,-0.000136021,-0.000126019,-0.000105662,-7.67532e-05,-4.15003e-05,-2.37693e-06,3.80156e-05,7.70813e-05,0.000112353,0.000141605,0.00016296,0.000174981,0.000176754,0.00016795,0.000148862,0.000120411,8.41074e-05,4.19758e-05,-3.57032e-06,-4.98849e-05,-9.42729e-05,-0.000134183,-0.000167389,-0.00019215,-0.00020732,-0.00021241,-0.00020759,-0.00019279,-0.000168523,-0.000137238,-0.0001024,-6.76546e-05,-3.64948e-05,-1.19291e-05,4.00679e-06,1.06278e-05,8.65948e-06,0
0,-2.37636e-06,-1.17272e-05,-2.93609e-05,-5.54278e-05,-8.81889e-05,-0.000124361,-0.000159807,-0.000190397,-0.000212687,-0.000224171,-0.000223319,-0.000209982,-0.000185847,-0.000152945,-0.000112994,-6.81783e-05,-2.09948e-05,2.59265e-05,7.00056e-05,0.000108883,0.000140564,0.000163527,0.000176786,0.000179918,0.000173053,0.00015684,0.000132387,0.000101206,6.51386e-05,2.62871e-05,-1.30649e-05,-5.05399e-05,-8.37675e-05,-0.000110501,-0.000128748,-0.000136911,-0.00013392,-0.000119358,-9.35414e-05,-5.75603e-05,-1.32464e-05,3.69302e-05,9.00452e-05,0.00014298,0.000192735,0.000236768,0.000273277,0.000301388,0.000321192,0.00033363,0.00034028,0.00034307,0.000343994,0.000344869,0.00034716,0.000351883,0.000359578,0.000370329,0.000383814,0.000399363,0.00041602,0.000432592,0.000447704,0.000459856,0.000467484,0.000469041,0.000463098,0.000448463,0.000424321,0.000390365,0.00034692,0.000295014,0.000236381,0.000173392,0.000108899,4.60136e-05,-1.21444e-05,-6.27136e-05,-0.000103319,-0.000132246,-0.000148534,-0.000152014,-0.000143268,-0.000123549,-9.4665e-05,-5.88465e-05,-1.86027e-05,2.34134e-05,6.45352e-05,0.000102202,0.000134073,0.00015813,0.000172776,0.000176925,0.000170075,0.00015236,0.000124571,8.81297e-05,4.5029e-05,-2.28806e-06,-5.10827e-05,-9.85096e-05,-0.000141821,-0.000178567,-0.000206771,-0.000225064,-0.000232763,-0.000229889,-0.000216201,-0.000192056,-0.000159863,-0.00012316,-8.57631e-05,-5.14241e-05,-2.34579e-05,-4.19319e-06,5.47413e-06,6.19986e-06,0
0,-5.98334e-06,-1.9099e-05,-4.06317e-05,-7.0567e-05,-0.000106864,-0.000145891,-0.000183211,-0.000214505,-0.000236287,-0.000246145,-0.000242741,-0.000226177,-0.000198441,-0.000161827,-0.000118271,-7.01614e-05,-2.01676e-05,2.89551e-05,7.45571e-05,0.000114269,0.000146142,0.000168749,0.000181233,0.000183321,0.000175299,0.00015796,0.000132545,0.000100674,6.4273e-05,2.55075e-05,-1.32921e-05,-4.97124e-05,-8.13529e-05,-0.00010594,-0.000121457,-0.000126288,-0.000119358,-0.000100267,-6.93886e-05,-2.79221e-05,2.21187e-05,7.7996e-05,0.000136429,0.00019387,0.000246875,0.000292526,0.000328821,0.000354918,0.000371172,0.000378975,0.000380445,0.000378056,0.000374266,0.000371222,0.000370567,0.000373353,0.00038005,0.000390602,0.000404521,0.00042097,0.000438844,0.000456833,0.000473471,0.000487187,0.000496355,0.000499355,0.000494663,0.000480964,0.000457294,0.000423196,0.000378864,0.00032525,0.000264088,0.000197832,0.000129495,6.24093e-05,-6.51028e-08,-5.48381e-05,-9.93494e-05,-0.00013175,-0.000150997,-0.000156879,-0.000149963,-0.000131506,-0.000103334,-6.76973e-05,-2.71372e-05,1.56539e-05,5.79556e-05,9.71354e-05,0.000130757,0.000156683,0.000173176,0.000178994,0.000173473,0.000156592,0.000129011,9.20603e-05,4.76906e-05,-1.63701e-06,-5.31041e-05,-0.000103728,-0.000150575,-0.000190978,-0.000222731,-0.000244242,-0.000254633,-0.000253772,-0.000241242,-0.000217226,-0.000184085,-0.000145422,-0.000105225,-6.75105e-05,-3.59151e-05,-1.30783e-05,-1.24278e-07,3.5231e-06,0
0,-9.72484e-06,-2.67339e-05,-5.22879e-05,-8.62003e-05,-0.000126118,-0.000168056,-0.000207269,-0.000239253,-0.000260484,-0.000268653,-0.000262616,-0.000242735,-0.000211299,-0.00017086,-0.000123566,-7.20025e-05,-1.89986e-05,3.25757e-05,8.00116e-05,0.000120938,0.000153457,0.000176236,0.000188542,0.000190244,0.000181768,0.000164039,0.000138409,0.000106587,7.05651e-05,3.25571e-05,-5.07135e-06,-3.98769e-05,-6.94286e-05,-9.14168e-05,-0.000103783,-0.000104863,-9.35414e-05,-6.93886e-05,-3.27817e-05,1.502e-05,7.18579e-05,0.000134731,0.000199947,0.000263402,0.000321001,0.000369222,0.000405703,0.00042958,0.000441532,0.000443533,0.000438431,0.000429427,0.000419599,0.000411532,0.000407101,0.000407407,0.00041283,0.000423141,0.000437645,0.0004553,0.000474823,0.000494754,0.000513515,0.000529446,0.00054084,0.000545987,0.000543241,0.000531122,0.000508467,0.000474609,0.000429562,0.000374169,0.000310162,0.000240108,0.000167234,9.51632e-05,2.75762e-05,-3.2152e-05,-8.12516e-05,-0.000117745,-0.000140532,-0.000149383,-0.00014488,-0.000128307,-0.000101519,-6.67963e-05,-2.67087e-05,1.60194e-05,5.86271e-05,9.84265e-05,0.000132905,0.000159827,0.000177333,0.000184039,0.000179132,0.000162447,0.000134517,9.65779e-05,5.05352e-05,-1.13988e-06,-5.55584e-05,-0.00010961,-0.000160185,-0.000204407,-0.000239846,-0.00026469,-0.000277868,-0.000279093,-0.000267763,-0.000243883,-0.000209755,-0.000169044,-0.000125908,-8.46388e-05,-4.92055e-05,-2.25765e-05,-6.11938e-06,6.53193e-07,0
0,-1.35758e-05,-3.45807e-05,-6.42517e-05,-0.000102223,-0.000145821,-0.0001907,-0.000231807,-0.000264448,-0.00028507,-0.000291467,-0.000282695,-0.00025938,-0.000224109,-0.000179689,-0.000128475,-7.32382e-05,-1.69619e-05,3.73773e-05,8.70172e-05,0.000129588,0.000163242,0.000186737,0.000199457,0.0002014,0.000193117,0.00017565,0.000150446,0.000119284,8.4212e-05,4.74778e-05,1.14756e-05,-2.13238e-05,-4.84548e-05,-6.75603e-05,-7.65182e-05,-7.35868e-05,-5.75603e-05,-2.79221e-05,1.502e-05,7.0029e-05,0.000134878,0.000206349,0.000280311,0.000351945,0.000416188,0.000468524,0.000505965,0.000527549,0.000534363,0.000529171,0.000515802,0.000498444,0.000481002,0.000466635,0.000457513,0.000454788,0.000458715,0.000468842,0.000484217,0.000503546,0.000525323,0.000547906,0.000569572,0.000588549,0.000603032,0.000611203,0.00061126,0.00060151,0.000580519,0.000547328,0.000501698,0.000444325,0.000376939,0.000302264,0.000223822,0.000145631,7.18285e-05,6.16448e-06,-4.83548e-05,-8.96431e-05,-0.000116579,-0.000128963,-0.000127431,-0.000113321,-8.85379e-05,-5.54025e-05,-1.65153e-05,2.5371e-05,6.74639e-05,0.000107033,0.000141505,0.000168562,0.000186238,0.000193026,0.000187977,0.000170792,0.000141882,0.000102396,5.41936e-05,-2.47176e-07,-5.7972e-05,-0.000115749,-0.000170302,-0.00021855,-0.000257846,-0.000286163,-0.000302237,-0.000305629,-0.000295551,-0.000271821,-0.000236678,-0.000193843,-0.00014765,-0.000102669,-6.32174e-05,-3.26053e-05,-1.24575e-05,-2.3836e-06,0
0,-1.7511e-05,-4.25869e-05,-7.64418e-05,-0.000118524,-0.000165833,-0.000213657,-0.000256632,-0.000289877,-0.000309808,-0.000314328,-0.000302697,-0.000275801,-0.000236526,-0.000187931,-0.00013257,-7.33951e-05,-1.3539e-05,4.39186e-05,9.61632e-05,0.000140824,0.0001761,0.00020083,0.000214505,0.000217237,0.000209692,0.000193011,0.000168723,0.00013867,0.000104939,6.98084e-05,3.56963e-05,5.1008e-06,-1.9473e-05,-3.56088e-05,-4.11004e-05,-3.40943e-05,-1.32464e-05,2.21187e-05,7.18579e-05,0.000134878,0.000209025,0.000290994,0.000376272,0.000459176,0.000533193,0.000592058,0.000631758,0.000651159,0.000651903,0.000637842,0.000614153,0.000586363,0.000559478,0.000537397,0.000522648,0.000516413,0.000518759,0.000528934,0.000545655,0.000567322,0.000592151,0.000618272,0.00064378,0.000666764,0.000685313,0.000697484,0.000701299,0.00069479,0.000676156,0.000644032,0.000597827,0.000538031,0.000466387,0.00038585,0.000300335,0.000214389,0.00013286,6.00142e-05,-8.92357e-07,-4.77205e-05,-7.94011e-05,-9.58338e-05,-9.77568e-05,-8.66029e-05,-6.43492e-05,-3.33707e-05,3.69543e-06,4.40688e-05,8.49304e-05,0.000123515,0.000157201,0.000183599,0.000200652,0.000206743,0.0002008,0.000182401,0.00015185,0.000110213,5.93091e-05,1.62517e-06,-5.982e-05,-0.000121677,-0.000180505,-0.000233029,-0.000276385,-0.00030834,-0.00032744,-0.000333096,-0.000324334,-0.000300782,-0.000264612,-0.000219601,-0.000170259,-0.000121442,-7.78254e-05,-4.30738e-05,-1.90808e-05,-5.55939e-06,0
0,-2.15043e-05,-5.06989e-05,-8.87746e-05,-0.000134988,-0.000186008,-0.00023675,-0.000281538,-0.000315307,-0.000334442,-0.000336957,-0.000322317,-0.000291669,-0.000248193,-0.000195198,-0.000135432,-7.20262e-05,-8.25945e-06,5.2684e-05,0.000107934,0.000155114,0.000192458,0.000218878,0.000233956,0.00023791,0.000231505,0.000215972,0.000192913,0.000164222,0.000132025,9.86246e-05,6.64619e-05,3.80624e-05,1.59747e-05,2.68244e-06,4.92429e-07,1.13985e-05,3.69302e-05,7.7996e-05,0.000134731,0.000206349,0.000290994,0.000385555,0.000485397,0.000583988,0.00067266,0.000741712,0.000785649,0.000803169,0.000796741,0.000771743,0.000735221,0.000694518,0.000656104,0.000624818,0.000603584,0.000593552,0.000594483,0.000605208,0.000624019,0.000648929,0.00067782,0.000708529,0.000738922,0.000766929,0.000790532,0.000807682,0.00081621,0.000813813,0.000798199,0.000767432,0.000720417,0.000657369,0.000580091,0.000491897,0.000397193,0.0003011,0.00020978,0.000128229,5.98845e-05,6.80062e-06,-3.01363e-05,-5.10197e-05,-5.67583e-05,-4.89201e-05,-2.95813e-05,-1.18434e-06,3.35896e-05,7.19307e-05,0.000110995,0.000147987,0.00018024,0.000205304,0.00022104,0.000225731,0.000218197,0.000197904,0.000165059,0.00012066,6.64898e-05,5.05331e-06,-6.05638e-05,-0.000126894,-0.000190333,-0.000247414,-0.000295064,-0.000330845,-0.000353121,-0.000361156,-0.000353792,-0.000330466,-0.000293281,-0.000246071,-0.000193522,-0.000140783,-9.28938e-05,-5.38854e-05,-2.59283e-05,-8.8452e-06,0
0,-2.55292e-05,-5.88613e-05,-0.000101164,-0.000151497,-0.000206192,-0.000259794,-0.000306312,-0.000340497,-0.000358707,-0.000359067,-0.000341248,-0.000306657,-0.000258766,-0.000201129,-0.000136685,-6.87463e-05,-7.38331e-07,6.40455e-05,0.000122672,0.000172748,0.000212535,0.000240999,0.000257809,0.000263269,0.00025824,0.000244033,0.00022232,0.000195044,0.000164368,0.000132621,0.000102264,7.58522e-05,5.59756e-05,4.51877e-05,4.59027e-05,6.02719e-05,9.00452e-05,0.000136429,0.000199947,0.000280311,0.000376272,0.000485397,0.000603612,0.000724183,0.000835672,0.000920192,0.000971046,0.000987107,0.000972088,0.000933516,0.000881022,0.000824428,0.00077214,0.000730161,0.000701818,0.000688078,0.000688191,0.000700387,0.0007224,0.000751768,0.000785959,0.000822444,0.000858795,0.000892767,0.000922273,0.000945222,0.000959293,0.000961785,0.000949744,0.000920418,0.000871975,0.000804262,0.000719265,0.000620951,0.000514314,0.000404347,0.000300429,0.000208434,0.000131657,7.17579e-05,2.92371e-05,3.6838e-06,-6.0525e-06,-1.71522e-06,1.44985e-05,4.00673e-05,7.22605e-05,0.000108236,0.000145123,0.000180097,0.000210447,0.000233665,0.000247535,0.000250248,0.000240524,0.000217732,0.000181994,0.000134249,7.62615e-05,1.05613e-05,-5.96908e-05,-0.000130904,-0.000199312,-0.000261253,-0.000313451,-0.000353267,-0.000378886,-0.000389434,-0.000383569,-0.00036054,-0.000322381,-0.000272981,-0.000217207,-0.000160503,-0.000108279,-6.4939e-05,-3.29372e-05,-1.22113e-05,0
0,-2.95582e-05,-6.70171e-05,-0.000113521,-0.000167927,-0.00022623,-0.000282599,-0.000330735,-0.000365204,-0.000382339,-0.000380378,-0.000359198,-0.000320464,-0.000267937,-0.000205412,-0.000136025,-6.32627e-05,9.29218e-06,7.82312e-05,0.000140548,0.000193821,0.000236322,0.000267066,0.000285789,0.00029288,0.000289284,0.000276393,0.000255947,0.000229944,0.000200584,0.000170224,0.00014135,0.000116537,9.84155e-05,8.95999e-05,9.26049e-05,0.000109738,0.00014298,0.00019387,0.000263402,0.000351945,0.000459176,0.000583988,0.000724183,0.000875296,0.00102548,0.00113186,0.0011927,0.00120766,0.0011821,0.00112647,0.00105401,0.000977913,0.000909152,0.000855151,0.000819561,0.000802873,0.000803473,0.000818698,0.000845547,0.000880982,0.000921967,0.000965502,0.00100878,0.00104938,0.00108524,0.00111442,0.00113455,0.0011425,0.00113441,0.00110631,0.00105525,0.000980555,0.000884674,0.000773069,0.000651947,0.000521199,0.000400991,0.000296931,0.000211082,0.000144161,9.60302e-05,6.58419e-05,5.21477e-05,5.3003e-05,6.60788e-05,8.87705e-05,0.000118296,0.000151778,0.000186319,0.000219056,0.000247237,0.00026829,0.000279923,0.000280239,0.000267864,0.00024208,0.000202938,0.000151333,8.9024e-05,1.85788e-05,-5.67554e-05,-0.000133257,-0.00020699,-0.000274101,-0.000331109,-0.000375179,-0.000404324,-0.000417532,-0.000413288,-0.000390651,-0.00035159,-0.000300049,-0.000241075,-0.000180408,-0.000123834,-7.61303e-05,-4.00427e-05,-1.56272e-05,0
0,-3.35624e-05,-7.51071e-05,-0.000125753,-0.000184153,-0.000245961,-0.000304977,-0.00035459,-0.00038919,-0.000405085,-0.000400628,-0.000375902,-0.000332829,-0.000275455,-0.000207815,-0.000133239,-5.54009e-05,2.1959e-05,9.53051e-05,0.000161546,0.000218217,0.00026359,0.000296712,0.00031738,0.00032606,0.000323782,0.00031202,0.000292585,0.000267539,0.000239125,0.000209734,0.00018187,0.000158131,0.000141169,0.000133642,0.000138143,0.000157111,0.000192735,0.000246875,0.000321001,0.000416188,0.000533193,0.00067266,0.000835672,0.00102548,0.00125415,0.00138325,0.00145688,0.00147101,0.0014322,0.00135487,0.00125724,0.00115721,0.00106917,0.00100223,0.000960176,0.000942467,0.000946024,0.000966827,0.0010009,0.00104452,0.00109407,0.00114591,0.00119674,0.00124397,0.00128583,0.00132088,0.001347,0.00136065,0.00135667,0.00132924,0.00127358,0.0011881,0.00107619,0.000946942,0.000814273,0.000645163,0.000505251,0.000388698,0.000294015,0.000220452,0.000167087,0.000132597,0.000115226,0.000112831,0.000122955,0.000142919,0.000169891,0.000200962,0.000233197,0.000263698,0.000289657,0.000308434,0.000317656,0.000315337,0.000300014,0.000270889,0.000227953,0.000172072,0.000105015,2.94032e-05,-5.14156e-05,-0.000133578,-0.000212974,-0.000285551,-0.000347627,-0.00039617,-0.000429025,-0.000445053,-0.000442565,-0.000420439,-0.000380578,-0.000326982,-0.000264875,-0.000200297,-0.000139404,-8.73527e-05,-4.71789e-05,-1.9062e-05,0
0,-3.75117e-05,-8.30695e-05,-0.000137766,-0.000200047,-0.000265226,-0.000326736,-0.000377665,-0.000412227,-0.000426711,-0.000419586,-0.00039114,-0.00034355,-0.000281143,-0.000208196,-0.000128234,-4.51205e-05,3.72343e-05,0.000115158,0.000185461,0.000245621,0.000293898,0.000329362,0.000351862,0.00036194,0.00036071,0.000349737,0.000330915,0.000306375,0.000278416,0.000249465,0.000222046,0.000198767,0.000182286,0.000175276,0.000180369,0.000200086,0.000236768,0.000292526,0.000369222,0.000468524,0.000592058,0.000741712,0.000920192,0.00113186,0.00138325,0.00154168,0.00163731,0.00166386,0.00162719,0.00154267,0.0014307,0.00131201,0.0012038,0.00111754,0.00105859,0.0010273,0.00102101,0.00103596,0.00106838,0.0011146,0.00117068,0.0012323,0.00129518,0.00135581,0.00141171,0.00146083,0.00150039,0.00152572,0.00153019,0.00150632,0.00144798,0.00135319,0.00122642,0.00107998,0.000934562,0.000755609,0.000603994,0.000477985,0.000376074,0.000296932,0.000239124,0.000200954,0.00018041,0.000175184,0.000182723,0.000200286,0.000225003,0.000253932,0.000284105,0.000312572,0.000336462,0.000353057,0.000359894,0.000354892,0.000336499,0.000303842,0.000256863,0.000196412,0.000124284,4.3171e-05,-4.34645e-05,-0.000131605,-0.000216956,-0.000295263,-0.000362638,-0.000415858,-0.000452603,-0.00047161,-0.000471024,-0.000449546,-0.000409015,-0.000353485,-0.000288359,-0.000219967,-0.000154837,-9.84973e-05,-5.4278e-05,-2.24838e-05,0
0,-4.13741e-05,-9.084e-05,-0.000149462,-0.000215476,-0.000283862,-0.000347691,-0.000399756,-0.000434104,-0.00044701,-0.000437059,-0.000404743,-0.000352493,-0.000284915,-0.000206521,-0.000121037,-3.25237e-05,5.4932e-05,0.000137509,0.000211907,0.000275537,0.000326631,0.000364276,0.000388369,0.000399527,0.000398958,0.000388324,0.000369615,0.000345045,0.000316979,0.000287885,0.000260308,0.000236852,0.000220158,0.00021288,0.000217636,0.000236966,0.000273277,0.000328821,0.000405703,0.000505965,0.000631758,0.000785649,0.000971046,0.0011927,0.00145688,0.00163731,0.00175764,0.00180845,0.00179274,0.00172405,0.00162241,0.00150954,0.00140438,0.00132014,0.00126337,0.00123481,0.00123154,0.00124915,0.00128316,0.0013293,0.00138326,0.00144057,0.00149724,0.00155045,0.00159878,0.00164129,0.00167583,0.00169764,0.00169911,0.00167124,0.00160647,0.00150202,0.00136256,0.0012015,0.00104008,0.000852775,0.000693312,0.000560738,0.0004536,0.000370304,0.000309113,0.000268081,0.000245025,0.000237532,0.000242986,0.000258611,0.000281517,0.000308732,0.000337249,0.000364059,0.000386215,0.000400905,0.000405564,0.000398009,0.000376595,0.000340378,0.000289256,0.000224078,0.000146679,5.98386e-05,-3.2852e-05,-0.000127208,-0.00021874,-0.000302986,-0.000375851,-0.000433921,-0.000474715,-0.000496848,-0.000498309,-0.000477627,-0.000436578,-0.00037927,-0.000311277,-0.000239215,-0.000169974,-0.000109453,-6.12709e-05,-2.58596e-05,0
0,-4.51161e-05,-9.83512e-05,-0.00016074,-0.000230308,-0.000301707,-0.000367659,-0.00042067,-0.000454631,-0.000465806,-0.000452898,-0.000416604,-0.000359603,-0.000286773,-0.000202863,-0.000111803,-1.7853e-05,7.47144e-05,0.00016192,0.000240343,0.000307315,0.000361034,0.000400596,0.000425947,0.000437782,0.00043741,0.000426602,0.000407459,0.000382293,0.000353545,0.000323732,0.000295415,0.000271185,0.00025364,0.000245372,0.000248937,0.000266816,0.000301388,0.000354918,0.00042958,0.000527549,0.000651159,0.000803169,0.000987107,0.00120766,0.00147101,0.00166386,0.00180845,0.00189206,0.0019134,0.00188214,0.0018159,0.00173562,0.00166063,0.00160494,0.00157539,0.00157211,0.00159058,0.00162424,0.00166633,0.00171089,0.00175293,0.00178881,0.00181662,0.00183662,0.00185087,0.00186159,0.00186892,0.00186899,0.00185369,0.00181262,0.00173655,0.00162146,0.00147161,0.00130055,0.00112949,0.000935563,0.000771004,0.000634364,0.000523965,0.000438009,0.000374575,0.000331576,0.000306742,0.000297612,0.000301555,0.000315792,0.000337423,0.000363457,0.000390841,0.000416499,0.00043739,0.000450597,0.000453436,0.000443612,0.000419381,0.000379725,0.000324509,0.000254587,0.000171849,7.91763e-05,-1.96964e-05,-0.000120405,-0.000218257,-0.000308577,-0.000387061,-0.000450104,-0.000495068,-0.000520453,-0.000524096,-0.00050436,-0.000462959,-0.000404053,-0.000333381,-0.000257836,-0.000184659,-0.000120108,-6.80863e-05,-2.91555e-05,0
0,-4.87027e-05,-0.000105534,-0.000171496,-0.000244408,-0.000318602,-0.000386464,-0.00044023,-0.000473641,-0.000482957,-0.000467004,-0.000426676,-0.000364898,-0.000286814,-0.000197406,-0.000100807,-1.48049e-06,9.61091e-05,0.000187819,0.000270098,0.000340193,0.000396262,0.000437406,0.000463622,0.000475688,0.000475022,0.00046352,0.000443405,0.000417103,0.000387142,0.000356093,0.000326533,0.000301025,0.000282105,0.000272266,0.000273947,0.000289502,0.000321192,0.000371172,0.000441532,0.000534363,0.000651903,0.000796741,0.000972088,0.0011821,0.0014322,0.00162719,0.00179274,0.0019134,0.00198338,0.00200765,0.00200013,0.00197956,0.00196438,0.00196813,0.00199672,0.00204822,0.00211461,0.00218461,0.00224644,0.00229018,0.0023096,0.00230329,0.00227451,0.00223018,0.00217902,0.00212885,0.00208361,0.00204114,0.0019932,0.00192792,0.00183424,0.00170659,0.00154839,0.00137286,0.00120091,0.00100325,0.000836137,0.000697586,0.000585657,0.000498394,0.000433775,0.000389656,0.00036375,0.000353608,0.000356622,0.000370038,0.000390965,0.000416396,0.000443228,0.000468308,0.000488489,0.000500726,0.000502207,0.00049051,0.000463786,0.000420943,0.000361813,0.000287265,0.000199255,0.000100774,-4.28372e-06,-0.000111367,-0.000215573,-0.000312008,-0.00039616,-0.000464235,-0.00051344,-0.000542164,-0.000548098,-0.000529448,-0.000487868,-0.000427565,-0.000354434,-0.000275631,-0.000198734,-0.000130348,-7.46514e-05,-3.23363e-05,0
0,-5.20977e-05,-0.000112316,-0.000181625,-0.000257641,-0.000334391,-0.00040394,-0.000458271,-0.00049099,-0.000498359,-0.000479323,-0.000434974,-0.000368474,-0.000285223,-0.000190429,-8.84282e-05,1.61109e-05,0.000118533,0.000214526,0.000300409,0.000373336,0.000431425,0.000473781,0.000500453,0.000512308,0.000510885,0.000498212,0.000476652,0.000448752,0.00041714,0.000384446,0.000353262,0.000326113,0.000305453,0.000293649,0.000292979,0.000305618,0.00033363,0.000378975,0.000443533,0.000529171,0.000637842,0.000771743,0.000933516,0.00112647,0.00135487,0.00154267,0.00172405,0.00188214,0.00200765,0.00210117,0.00217259,0.00223769,0.00231302,0.00241073,0.00253484,0.00267986,0.00283165,0.00297001,0.0030727,0.00312094,0.0031054,0.00302966,0.00290789,0.00275973,0.00260514,0.00246013,0.00233348,0.00222499,0.0021261,0.00202338,0.00190379,0.0017601,0.0015946,0.00141975,0.00125568,0.00105689,0.000889249,0.000750422,0.000638278,0.000550759,0.000485796,0.000441252,0.000414871,0.000404261,0.000406871,0.000419994,0.000440761,0.000466149,0.000493007,0.000518089,0.00053813,0.000549947,0.00055058,0.000537471,0.00050866,0.000462977,0.000400222,0.000321285,0.000228193,0.000124061,1.2944e-05,-0.00010041,-0.000210885,-0.00031337,-0.000403143,-0.000476227,-0.000529676,-0.000561774,-0.000570074,-0.00055263,-0.00051104,-0.000449551,-0.000374204,-0.000292402,-0.000212042,-0.000140057,-8.08917e-05,-3.53656e-05,0
0,-5.52641e-05,-0.000118627,-0.000191022,-0.000269874,-0.000348921,-0.000419929,-0.000474647,-0.000506559,-0.000511938,-0.000489847,-0.000441567,-0.000370488,-0.000282254,-0.000182291,-7.51325e-05,3.43532e-05,0.000141322,0.000241296,0.000330461,0.000405883,0.000465636,0.000508835,0.00053558,0.000546835,0.000544264,0.000530039,0.000506668,0.000476832,0.000443264,0.000408658,0.000375618,0.000346631,0.000324052,0.000310103,0.000306875,0.000316325,0.00034028,0.000380445,0.000438431,0.000515802,0.000614153,0.000735221,0.000881022,0.00105401,0.00125724,0.0014307,0.00162241,0.0018159,0.00200013,0.00217259,0.00233977,0.00251461,0.00271186,0.00294258,0.00320923,0.0035022,0.00379812,0.0040606,0.00424544,0.0043129,0.00424509,0.0040568,0.00378585,0.00347637,0.00316674,0.00288385,0.00264114,0.00243909,0.00226776,0.00211155,0.00195528,0.00179003,0.00161672,0.00144654,0.001298,0.00109936,0.000932228,0.000794017,0.000682416,0.000595276,0.00053051,0.000486007,0.000459579,0.000448911,0.000451534,0.000464799,0.000485866,0.0005117,0.000539094,0.000564703,0.000585133,0.000597048,0.000597335,0.000583288,0.000552829,0.000504709,0.000438697,0.000355706,0.000257837,0.000148332,3.14122e-05,-8.79789e-05,-0.000204512,-0.000312861,-0.000408101,-0.000486074,-0.000543692,-0.000579134,-0.000589825,-0.000573678,-0.000532233,-0.000469773,-0.000392471,-0.000307957,-0.000224426,-0.000149119,-8.67318e-05,-3.82066e-05,0
0,-5.81652e-05,-0.000124393,-0.000199584,-0.000280978,-0.000362047,-0.000434285,-0.000489227,-0.000520254,-0.000523653,-0.000498605,-0.000446569,-0.00037115,-0.000278221,-0.000173412,-6.1444e-05,5.26235e-05,0.000163766,0.000267347,0.000359425,0.000436981,0.000498051,0.000541757,0.000568258,0.000578615,0.00057462,0.000558594,0.000533194,0.000501238,0.000465567,0.000428942,0.000393982,0.000363128,0.000338636,0.000322573,0.000316833,0.000323141,0.00034307,0.000378056,0.000429427,0.000498444,0.000586363,0.000694518,0.000824428,0.000977913,0.00115721,0.00131201,0.00150954,0.00173562,0.00197956,0.00223769,0.00251461,0.00282195,0.00317474,0.00358602,0.00406046,0.0045869,0.00513039,0.00562587,0.00598163,0.00610467,0.00595099,0.00556454,0.0050392,0.00446905,0.00392294,0.00344021,0.00303561,0.00270589,0.00243637,0.00220746,0.00200124,0.00180686,0.00162358,0.00146051,0.0013335,0.00113457,0.000967837,0.0008303,0.000719387,0.000632812,0.000568445,0.000524198,0.00049795,0.000487473,0.000490382,0.000504093,0.000525795,0.000552442,0.000580763,0.000607313,0.000628559,0.000641008,0.000641383,0.000626832,0.000595152,0.000545016,0.000476161,0.000389521,0.000287275,0.000172788,5.04453e-05,-7.46186e-05,-0.000196868,-0.00031077,-0.000411205,-0.000493846,-0.000555466,-0.000594149,-0.000607201,-0.0005924,-0.000551234,-0.000488012,-0.000409026,-0.000322114,-0.000235737,-0.000157422,-9.20967e-05,-4.0822e-05,0
0,-6.07652e-05,-0.000129547,-0.000207212,-0.00029083,-0.000373634,-0.000446874,-0.000501898,-0.000532001,-0.000533489,-0.000505656,-0.000450128,-0.000370706,-0.000273472,-0.000164244,-4.79168e-05,7.02762e-05,0.000185143,0.000291902,0.000386495,0.000465826,0.000527895,0.000571839,0.000597874,0.000607157,0.000601607,0.000583691,0.000556212,0.000522125,0.000484376,0.000445792,0.000409005,0.000376417,0.000350181,0.000332218,0.000324227,0.000327709,0.000343994,0.000374266,0.000419599,0.000481002,0.000559478,0.000656104,0.00077214,0.000909152,0.00106917,0.0012038,0.00140438,0.00166063,0.00196438,0.00231302,0.00271186,0.00317474,0.00372244,0.0043785,0.00516124,0.00606974,0.00706151,0.00802448,0.00876182,0.00903452,0.00870883,0.00792127,0.00691422,0.00588876,0.00496182,0.00418041,0.00354819,0.00304657,0.00264799,0.00232447,0.00205331,0.00182093,0.00162418,0.00146916,0.00136775,0.00116657,0.000999079,0.000861528,0.000750904,0.000664674,0.0006006,0.000556582,0.000530546,0.000520338,0.000523651,0.000537961,0.000560483,0.000588153,0.000617638,0.000645388,0.00066773,0.000681014,0.000681804,0.000667096,0.00063457,0.000582818,0.000511546,0.000421709,0.000315559,0.000196578,6.9306e-05,-6.09421e-05,-0.000188438,-0.000307456,-0.000412695,-0.000499671,-0.000565033,-0.000606773,-0.000622089,-0.000608638,-0.000567855,-0.000504071,-0.000423679,-0.000334697,-0.000245829,-0.000164855,-9.69131e-05,-4.31753e-05,0
0,-6.30297e-05,-0.000134022,-0.000213811,-0.000299317,-0.000383559,-0.000457577,-0.000512565,-0.000541745,-0.000541451,-0.00051108,-0.000452411,-0.000369419,-0.00026837,-0.00015525,-3.51046e-05,8.66765e-05,0.000204756,0.000314223,0.000410921,0.000491684,0.000554489,0.000598488,0.000623949,0.000632125,0.00062505,0.000605328,0.0005759,0.000539845,0.000500209,0.000459881,0.000421507,0.000387449,0.000359772,0.000340258,0.000330433,0.000331598,0.000344869,0.000371222,0.000411532,0.000466635,0.000537397,0.000624818,0.000730161,0.000855151,0.00100223,0.00111754,0.00132014,0.00160494,0.00196813,0.00241073,0.00294258,0.00358602,0.0043785,0.00537236,0.0066278,0.00819102,0.0100449,0.012021,0.0136954,0.0143971,0.0136316,0.0118982,0.00987293,0.00798514,0.00640826,0.00516354,0.00420647,0.00347517,0.00291187,0.00247071,0.00211974,0.00184052,0.00162628,0.0014789,0.00140496,0.00119868,0.00102861,0.000889857,0.000778741,0.000692337,0.000628216,0.00058421,0.000558254,0.000548243,0.000551932,0.000566841,0.000590206,0.000618939,0.000649645,0.000678672,0.000702213,0.000716471,0.000717853,0.000703219,0.000670134,0.000617115,0.000543839,0.000451279,0.000341751,0.000218845,8.72377e-05,-4.75915e-05,-0.000179742,-0.000303315,-0.00041285,-0.000503722,-0.000572467,-0.000616999,-0.000634415,-0.000622267,-0.000581937,-0.000517775,-0.000436254,-0.000345547,-0.000254567,-0.000171313,-0.000101111,-4.52314e-05,0
0,-6.49277e-05,-0.000137759,-0.000219297,-0.000306334,-0.00039171,-0.000466292,-0.000521147,-0.000549448,-0.000547558,-0.000514969,-0.000453591,-0.00036755,-0.000263268,-0.00014687,-2.35312e-05,0.000101232,0.00022196,0.000333641,0.000432033,0.000513921,0.000577263,0.000621226,0.000646132,0.000653312,0.000644907,0.000623636,0.00059256,0.000554866,0.000513689,0.000471967,0.00043236,0.000397197,0.000368465,0.000347832,0.000336676,0.000336136,0.00034716,0.000370567,0.000407101,0.000457513,0.000522648,0.000603584,0.000701818,0.000819561,0.000960176,0.00105859,0.00126337,0.00157539,0.00199672,0.00253484,0.00320923,0.00406046,0.00516124,0.0066278,0.00862516,0.0113497,0.0149487,0.0192976,0.0235528,0.0256897,0.0234906,0.019179,0.0147851,0.011158,0.008427,0.00644812,0.00502578,0.00399249,0.00322633,0.0026465,0.00220367,0.00187079,0.00163554,0.0014943,0.00144732,0.00123296,0.00105831,0.000916994,0.000804436,0.000717194,0.000652555,0.000608227,0.000582107,0.00057211,0.000576021,0.000591393,0.000615468,0.000645134,0.000676936,0.000707126,0.000731782,0.000746969,0.000748961,0.000734493,0.000701031,0.000647024,0.000572122,0.000477314,0.00036497,0.000238769,0.000103508,-3.51977e-05,-0.000171301,-0.000298757,-0.00041197,-0.000506195,-0.000577872,-0.000624847,-0.000644133,-0.000633188,-0.00059335,-0.000528973,-0.000446598,-0.000354522,-0.000261828,-0.000176702,-0.000104626,-4.69578e-05,0
0,-6.64314e-05,-0.000140705,-0.000223597,-0.000311793,-0.000397994,-0.000472932,-0.000527582,-0.000555085,-0.000551837,-0.000517413,-0.000453833,-0.000365342,-0.000258488,-0.000139503,-1.36626e-05,0.00011342,0.000236197,0.000349578,0.000449266,0.000532009,0.000595756,0.000639691,0.000664178,0.000670614,0.000661223,0.000638816,0.000606548,0.00056769,0.000525442,0.000482785,0.000442384,0.000406541,0.000377185,0.000355891,0.000343928,0.000342315,0.000351883,0.000373353,0.000407407,0.000454788,0.000516413,0.000593552,0.000688078,0.000802873,0.000942467,0.0010273,0.00123481,0.00157211,0.00204822,0.00267986,0.0035022,0.0045869,0.00606974,0.00819102,0.0113497,0.0161576,0.0234167,0.0337392,0.0460457,0.0540754,0.0459955,0.0336444,0.0232882,0.0160112,0.0112052,0.00807057,0.00599578,0.00457935,0.00357596,0.00284322,0.00230264,0.00191337,0.00165521,0.0015179,0.00149487,0.00127003,0.0010891,0.000943993,0.000829093,0.000740351,0.000674706,0.000629685,0.000603108,0.000592869,0.000596763,0.000612352,0.000636872,0.000667188,0.00069979,0.000730854,0.000756355,0.000772253,0.000774709,0.00076036,0.00072659,0.000671795,0.000595602,0.000499011,0.000384432,0.000255616,0.000117451,-2.43416e-05,-0.000163601,-0.000294169,-0.000410343,-0.000507285,-0.00058136,-0.000630358,-0.000651223,-0.000641333,-0.000601988,-0.000537542,-0.000454581,-0.000361498,-0.000267507,-0.000180938,-0.000107401,-4.83257e-05,0
0,-6.75179e-05,-0.000142817,-0.00022665,-0.000315623,-0.000402337,-0.00047743,-0.000531822,-0.000558641,-0.000554319,-0.000518496,-0.00045328,-0.000363002,-0.000254298,-0.000133479,-5.88345e-06,0.000122814,0.000247012,0.000361574,0.000462172,0.000545538,0.000609619,0.000653615,0.000677924,0.000683986,0.000674081,0.00065108,0.000618199,0.000578764,0.000536014,0.000492952,0.000452247,0.000416177,0.000386628,0.000365115,0.000352835,0.000350733,0.000359578,0.00038005,0.00041283,0.000458715,0.000518759,0.000594483,0.000688191,0.000803473,0.000946024,0.00102101,0.00123154,0.00159058,0.00211461,0.00283165,0.00379812,0.00513039,0.00706151,0.0100449,0.0149487,0.0234167,0.0384413,0.0646694,0.10514,0.142752,0.105107,0.0646095,0.0383626,0.0233321,0.0148741,0.00999806,0.00706006,0.00518984,0.00393026,0.00304364,0.0024091,0.00196668,0.00168621,0.00155029,0.00154579,0.00130918,0.00112092,0.000971172,0.000853259,0.000762491,0.000695429,0.000649383,0.000622063,0.00061131,0.0006149,0.000630384,0.000654987,0.000685548,0.000718516,0.000750008,0.000775932,0.000792167,0.0007948,0.000780398,0.000746288,0.00069083,0.000613635,0.000515707,0.000399488,0.00026877,0.000128504,-1.5518e-05,-0.00015706,-0.000289889,-0.000408227,-0.000507175,-0.000583043,-0.00063358,-0.000655678,-0.000646655,-0.000607774,-0.000543385,-0.000460102,-0.000366377,-0.000271515,-0.000183953,-0.00010939,-4.9311e-05,0
0,-6.81695e-05,-0.000144061,-0.00022841,-0.00031777,-0.000404682,-0.000479739,-0.000533835,-0.00056011,-0.000555029,-0.000518286,-0.000452043,-0.000360687,-0.000250905,-0.000129046,-4.77934e-07,0.000129102,0.000254075,0.000369296,0.000470431,0.000554217,0.000618608,0.000662819,0.000687264,0.000693408,0.000683552,0.000660592,0.000627764,0.000588412,0.000545787,0.000502893,0.000462391,0.000426542,0.000397206,0.000375866,0.000363686,0.000361588,0.000370329,0.000390602,0.000423141,0.000468842,0.000528934,0.000605208,0.000700387,0.000818698,0.000966827,0.00103596,0.00124915,0.00162424,0.00218461,0.00297001,0.0040606,0.00562587,0.00802448,0.012021,0.0192976,0.0337392,0.0646694,0.133831,0.280412,0.49243,0.280398,0.133806,0.0646403,0.0337154,0.0192909,0.0120444,0.00809091,0.00574681,0.004245,0.00322401,0.00251184,0.00202658,0.00172746,0.00159043,0.00159694,0.00134865,0.00115285,0.000998139,0.000876881,0.000783788,0.000715048,0.000667746,0.000639456,0.000627942,0.000630935,0.000645962,0.000670227,0.000700548,0.00073335,0.000764717,0.000790523,0.000806608,0.000809022,0.000794299,0.000759739,0.000703685,0.00062574,0.00052691,0.000409647,0.000277765,0.00013624,-9.10617e-06,-0.000152002,-0.00028618,-0.000405828,-0.000506012,-0.000583015,-0.000634561,-0.000657506,-0.000649126,-0.000610656,-0.000546436,-0.000463084,-0.000369084,-0.000273789,-0.000185694,-0.000110555,-4.9895e-05,0
0,-6.83747e-05,-0.000144416,-0.000228848,-0.000318199,-0.000404996,-0.000479829,-0.000533605,-0.000559492,-0.00055399,-0.000516828,-0.000450196,-0.000358498,-0.000248433,-0.000126354,2.38345e-06,0.000132098,0.000257192,0.000372547,0.000473855,0.000557875,0.000622578,0.000667191,0.000692132,0.000698859,0.000689662,0.000667422,0.000635355,0.000596781,0.000554928,0.000512781,0.00047298,0.000437771,0.000409004,0.000388159,0.000376409,0.000374695,0.000383814,0.000404521,0.000437645,0.000484217,0.000545655,0.000624019,0.0007224,0.000845547,0.0010009,0.00106838,0.00128316,0.00166633,0.00224644,0.0030727,0.00424544,0.00598163,0.00876182,0.0136954,0.0235528,0.0460457,0.10514,0.280412,0.822376,2.1878,0.822375,0.280412,0.105146,0.0460657,0.0235949,0.0137694,0.00887743,0.00614754,0.00446858,0.00335822,0.00259816,0.00208735,0.00177625,0.00163593,0.00164449,0.00138596,0.00118328,0.00102386,0.00089932,0.000803876,0.000733395,0.000684745,0.000655357,0.000642898,0.000645037,0.000659263,0.000682757,0.000712323,0.00074438,0.000775014,0.0008001,0.000815484,0.000817223,0.000801857,0.000766693,0.000710077,0.000631613,0.000532307,0.000414603,0.000282308,0.000140387,-5.34759e-06,-0.000148636,-0.000283215,-0.000403281,-0.000503898,-0.000581345,-0.00063334,-0.00065672,-0.000648738,-0.00061061,-0.000546657,-0.000463487,-0.000369577,-0.000274287,-0.000186127,-0.000110874,-5.00655e-05,0
0,-6.81281e-05,-0.000143873,-0.000227951,-0.000316899,-0.000403269,-0.000477693,-0.00053113,-0.000556792,-0.000551214,-0.000514142,-0.000447765,-0.000356468,-0.000246924,-0.000125447,2.65115e-06,0.000131748,0.000256308,0.000371273,0.000472389,0.000556458,0.000621478,0.000666684,0.000692479,0.000700291,0.000692366,0.000671523,0.000640916,0.000603803,0.000563353,0.000522505,0.000483867,0.000449671,0.000421769,0.000401669,0.000390585,0.000389522,0.000399363,0.00042097,0.0004553,0.000503546,0.000567322,0.000648929,0.000751768,0.000880982,0.00104452,0.0011146,0.0013293,0.00171089,0.00229018,0.00312094,0.0043129,0.00610467,0.00903452,0.0143971,0.0256897,0.0540754,0.142752,0.49243,2.1878,11.8153,2.1878,0.492439,0.142771,0.0541114,0.0257504,0.0144913,0.00917106,0.00629137,0.00455576,0.00342412,0.00265652,0.0021426,0.00182848,0.00168327,0.0016844,0.00141824,0.00121011,0.00104678,0.000919402,0.000821866,0.000749794,0.000699868,0.000669377,0.000655884,0.000656983,0.000670115,0.000692437,0.000720754,0.0007515,0.000780794,0.000804557,0.000818685,0.000819288,0.000802952,0.000767026,0.00070988,0.00063113,0.000531775,0.000414238,0.000282289,0.000140846,-4.33305e-06,-0.00014704,-0.000281066,-0.000400647,-0.000500883,-0.000578073,-0.000629945,-0.000653337,-0.000645499,-0.000607634,-0.000544041,-0.000461296,-0.00036784,-0.000272995,-0.000185241,-0.000110336,-4.98171e-05,0
0,-6.74308e-05,-0.000142435,-0.000225727,-0.000313879,-0.000399512,-0.000473346,-0.000526423,-0.00055202,-0.000546705,-0.000510224,-0.000444735,-0.000354569,-0.000246332,-0.000126268,3.97477e-07,0.000128136,0.000251511,0.00036556,0.000466112,0.000550029,0.000615347,0.000661302,0.000688272,0.000697629,0.000691536,0.000672716,0.000644217,0.000609192,0.000570721,0.000531669,0.000494599,0.000461727,0.000434924,0.000415742,0.000405476,0.000405233,0.00041602,0.000438844,0.000474823,0.000525323,0.000592151,0.00067782,0.000785959,0.000921967,0.00109407,0.00117068,0.00138326,0.00175293,0.0023096,0.0031054,0.00424509,0.00595099,0.00870883,0.0136316,0.0234906,0.0459955,0.105107,0.280398,0.822375,2.1878,0.822373,0.280397,0.105113,0.0460163,0.0235357,0.013712,0.0088349,0.00613159,0.00448635,0.00341048,0.00267916,0.00218615,0.00187892,0.00172793,0.00171283,0.00144247,0.00123092,0.00106492,0.000935494,0.000836395,0.000763094,0.000712135,0.000680676,0.000666176,0.000666147,0.00067798,0.00069881,0.000725455,0.000754391,0.000781805,0.000803702,0.000816075,0.000815131,0.000797545,0.000760737,0.000703127,0.000624347,0.000525388,0.000408633,0.000277788,0.000137689,-5.99899e-06,-0.000147167,-0.000279696,-0.000397905,-0.000496959,-0.000573202,-0.00062439,-0.000647379,-0.000639434,-0.000601754,-0.000538613,-0.000456534,-0.00036389,-0.000269924,-0.000183041,-0.000108945,-4.91511e-05,0
0,-6.62906e-05,-0.000140117,-0.000222198,-0.000309168,-0.00039376,-0.000466821,-0.000519512,-0.000545192,-0.00054046,-0.000505046,-0.000441046,-0.000352706,-0.000246531,-0.000128656,-4.18871e-06,0.000121472,0.000243024,0.000355631,0.00045523,0.000538764,0.000604311,0.00065111,0.0006795,0.000690772,0.000686977,0.000670707,0.000644863,0.00061246,0.000576453,0.000539611,0.000504438,0.000473133,0.000447592,0.000429437,0.000420069,0.000420731,0.000432592,0.000456833,0.000494754,0.000547906,0.000618272,0.000708529,0.000822444,0.000965502,0.00114591,0.0012323,0.00144057,0.00178881,0.00230329,0.00302966,0.0040568,0.00556454,0.00792127,0.0118982,0.019179,0.0336444,0.0646095,0.133806,0.280412,0.492439,0.280397,0.13378,0.0645802,0.0336233,0.0191797,0.0119355,0.00800933,0.0057148,0.00427641,0.00332076,0.00266349,0.00221265,0.00192154,0.00176471,0.00172638,0.00145568,0.00124313,0.00107603,0.000945623,0.000845718,0.000771747,0.000720162,0.000688016,0.000672668,0.000671547,0.000681993,0.00070113,0.000725801,0.000752549,0.000777663,0.00079727,0.000807504,0.00080471,0.000785688,0.000747958,0.000690009,0.0006115,0.000513406,0.000398056,0.000269067,0.000131159,-1.01337e-05,-0.000148839,-0.000278968,-0.000394958,-0.000492067,-0.000566709,-0.000616679,-0.000638871,-0.000630584,-0.000593021,-0.000530426,-0.000449253,-0.000357773,-0.000265112,-0.000179556,-0.000106719,-4.80759e-05,0
0,-6.47212e-05,-0.000136947,-0.000217405,-0.000302818,-0.000386068,-0.000458174,-0.000510442,-0.00053633,-0.000532471,-0.000498557,-0.000436603,-0.000350736,-0.000247322,-0.000132361,-1.08131e-05,0.000112084,0.000231195,0.000341835,0.000440074,0.000522949,0.00058859,0.000636239,0.000666182,0.000679614,0.000678451,0.000665116,0.000642338,0.000612958,0.000579779,0.000545455,0.000512415,0.000482839,0.000458657,0.000441576,0.000433126,0.000434716,0.000447704,0.000473471,0.000513515,0.000569572,0.00064378,0.000738922,0.000858795,0.00100878,0.00119674,0.00129518,0.00149724,0.00181662,0.00227451,0.00290789,0.00378585,0.0050392,0.00691422,0.00987293,0.0147851,0.0232882,0.0383626,0.0646403,0.105146,0.142771,0.105113,0.0645802,0.038286,0.0232104,0.0147245,0.00984947,0.00694648,0.00514201,0.00396787,0.0031704,0.00261181,0.002218,0.00195005,0.00178807,0.00172232,0.00145514,0.00124417,0.00107773,0.000947608,0.000847845,0.00077393,0.000722281,0.000689872,0.000673972,0.000671934,0.00068105,0.000698442,0.000720995,0.000745344,0.000767906,0.00078497,0.000792842,0.000788043,0.000767531,0.000728952,0.000670875,0.000592996,0.000496268,0.000382953,0.000256555,0.00012165,-1.6393e-05,-0.000151771,-0.000278661,-0.000391645,-0.000486105,-0.000558543,-0.000606807,-0.000627846,-0.000619009,-0.000581513,-0.000519564,-0.000439534,-0.000349564,-0.00025862,-0.000174832,-0.000103687,-4.66064e-05,0
0,-6.27423e-05,-0.000132964,-0.000211403,-0.000294898,-0.000376515,-0.000447477,-0.000499272,-0.000525468,-0.000522729,-0.0004907,-0.000431286,-0.000348468,-0.000248447,-0.000137059,-1.90924e-05,0.000100404,0.000216483,0.000324638,0.000421087,0.000502979,0.000568501,0.000616896,0.000648395,0.000664082,0.000665715,0.000655532,0.00063606,0.000609943,0.000579812,0.000548183,0.000517405,0.000489633,0.000466835,0.000450816,0.000443254,0.000445745,0.000459856,0.000487187,0.000529446,0.000588549,0.000666764,0.000766929,0.000892767,0.00104938,0.00124397,0.00135581,0.00155045,0.00183662,0.00223018,0.00275973,0.00347637,0.00446905,0.00588876,0.00798514,0.011158,0.0160112,0.0233321,0.0337154,0.0460657,0.0541114,0.0460163,0.0336233,0.0232104,0.0158784,0.0110367,0.00789924,0.00586088,0.00451709,0.00361053,0.0029808,0.00252973,0.00219945,0.00195847,0.0017926,0.0016986,0.00143849,0.00123161,0.00106768,0.000939245,0.00084071,0.000767715,0.000716697,0.000684582,0.000668562,0.000665926,0.000673927,0.000689695,0.000710174,0.000732108,0.000752071,0.000766539,0.000772025,0.000765249,0.000743352,0.000704125,0.000646232,0.000569406,0.000474577,0.000363925,0.000240823,0.000109681,-2.43233e-05,-0.000155587,-0.00027848,-0.000387758,-0.000478942,-0.000548641,-0.000594772,-0.000614348,-0.000604788,-0.00056733,-0.000506141,-0.00042749,-0.000339364,-0.000250533,-0.000168932,-9.98933e-05,-4.47634e-05,0
0,-6.03784e-05,-0.000128215,-0.000204263,-0.000285495,-0.000365196,-0.000434827,-0.000486079,-0.00051265,-0.000511231,-0.000481407,-0.000424955,-0.000345686,-0.000249608,-0.000142372,-2.8575e-05,8.69419e-05,0.000199439,0.000304604,0.000398819,0.000479354,0.00054446,0.000593384,0.000626298,0.000644166,0.000648579,0.000641574,0.000625458,0.000602664,0.000575633,0.000546734,0.000518225,0.000492234,0.000470771,0.000455743,0.000448989,0.000452305,0.000467484,0.000496355,0.00054084,0.000603032,0.000685313,0.000790532,0.000922273,0.00108524,0.00128583,0.00141171,0.00159878,0.00185087,0.00217902,0.00260514,0.00316674,0.00392294,0.00496182,0.00640826,0.008427,0.0112052,0.0148741,0.0192909,0.0235949,0.0257504,0.0235357,0.0191797,0.0147245,0.0110367,0.00826337,0.00627512,0.00488359,0.00391916,0.00324867,0.00277358,0.00242436,0.00215553,0.00194167,0.00177352,0.00165387,0.00140384,0.0012034,0.00104382,0.000918517,0.000822382,0.00075127,0.000701684,0.000670533,0.000654953,0.000652179,0.000659441,0.000673885,0.000692531,0.000712248,0.000729785,0.000741827,0.000745111,0.000736579,0.000713572,0.000674036,0.000616739,0.00054145,0.000449075,0.000341701,0.00022256,9.58727e-05,-3.33923e-05,-0.000159853,-0.000278092,-0.000383057,-0.000470431,-0.000536941,-0.000580579,-0.000598439,-0.000588026,-0.000550604,-0.000490296,-0.00041326,-0.000327298,-0.000240955,-0.000161936,-9.53887e-05,-4.25729e-05,0
0,-5.76587e-05,-0.000122758,-0.000196068,-0.000274713,-0.000352225,-0.000420335,-0.00047096,-0.000497936,-0.000497985,-0.00047062,-0.000417472,-0.000342162,-0.000250485,-0.000147889,-3.87653e-05,7.22636e-05,0.000180679,0.000282375,0.000373907,0.00045267,0.000516989,0.000566115,0.00060016,0.000619968,0.000626957,0.000622957,0.000610051,0.000590449,0.000566397,0.00054011,0.000513748,0.000489411,0.000469149,0.000454976,0.000448895,0.000452908,0.000469041,0.000499355,0.000545987,0.000611203,0.000697484,0.000807682,0.000945222,0.00111442,0.00132088,0.00146083,0.00164129,0.00186159,0.00212885,0.00246013,0.00288385,0.00344021,0.00418041,0.00516354,0.00644812,0.00807057,0.00999806,0.0120444,0.0137694,0.0144913,0.013712,0.0119355,0.00984947,0.00789924,0.00627512,0.00501219,0.00407346,0.00339642,0.00291448,0.00256663,0.00230251,0.00208575,0.00189566,0.001727,0.00158741,0.00134994,0.00115804,0.00100455,0.000883833,0.000791302,0.000723089,0.000675806,0.000646373,0.000631895,0.00062957,0.000636615,0.00065021,0.000667455,0.000685362,0.000700863,0.000710865,0.000712341,0.000702464,0.00067878,0.0006394,0.000583196,0.000509976,0.000420615,0.000317106,0.000202526,8.0902e-05,-4.30238e-05,-0.000164102,-0.000277145,-0.000377303,-0.000460433,-0.000523392,-0.000564254,-0.000580205,-0.000568852,-0.000531489,-0.000472196,-0.000397005,-0.000313512,-0.000230008,-0.000153935,-9.02345e-05,-4.00649e-05,0
0,-5.46156e-05,-0.000116656,-0.000186908,-0.000262667,-0.000337733,-0.000404132,-0.000454027,-0.000481405,-0.000483016,-0.000458293,-0.000408708,-0.000337674,-0.000250757,-0.000153189,-4.91502e-05,5.69647e-05,0.000160864,0.00025865,0.000347058,0.000423614,0.000486714,0.000535619,0.000570383,0.000591734,0.00060092,0.000599565,0.000589529,0.000572804,0.000551437,0.000527487,0.000503019,0.0004801,0.000460816,0.00044729,0.000441682,0.000446201,0.000463098,0.000494663,0.000543241,0.00061126,0.000701299,0.00081621,0.000959293,0.00113455,0.001347,0.00150039,0.00167583,0.00186892,0.00208361,0.00233348,0.00264114,0.00303561,0.00354819,0.00420647,0.00502578,0.00599578,0.00706006,0.00809091,0.00887743,0.00917106,0.0088349,0.00800933,0.00694648,0.00586088,0.00488359,0.00407346,0.00344137,0.00296984,0.00262617,0.00237171,0.00216941,0.00199031,0.00181803,0.00165062,0.00149919,0.0012763,0.00109482,0.000949038,0.000834279,0.000746524,0.000682222,0.00063813,0.000611213,0.000598567,0.000597372,0.000604847,0.000618212,0.000634662,0.00065135,0.0006654,0.000673942,0.000674184,0.000663534,0.000639742,0.000601082,0.00054653,0.000475932,0.000390131,0.000291021,0.000181525,6.54679e-05,-5.2635e-05,-0.000167876,-0.000275301,-0.000370276,-0.000448835,-0.000507973,-0.000545852,-0.000559763,-0.000547424,-0.00051017,-0.000452034,-0.00037891,-0.000298172,-0.000217828,-0.000145033,-8.44983e-05,-3.72729e-05,0
0,-5.12845e-05,-0.000109979,-0.000176886,-0.000249484,-0.000321863,-0.000386364,-0.000435414,-0.000463157,-0.000466373,-0.000444406,-0.000398559,-0.000332024,-0.000250125,-0.000157871,-5.92265e-05,4.16403e-05,0.000140664,0.000234158,0.00031903,0.000392939,0.000454353,0.000502546,0.000537518,0.000559887,0.00057074,0.000571506,0.000563832,0.000549498,0.00053036,0.000508331,0.000485375,0.000463528,0.000444911,0.000431742,0.000426335,0.000431088,0.000448463,0.000480964,0.000531122,0.00060151,0.00069479,0.000813813,0.000961785,0.0011425,0.00136065,0.00152572,0.00169764,0.00186899,0.00204114,0.00222499,0.00243909,0.00270589,0.00304657,0.00347517,0.00399249,0.00457935,0.00518984,0.00574681,0.00614754,0.00629137,0.00613159,0.0057148,0.00514201,0.00451709,0.00391916,0.00339642,0.00296984,0.00263904,0.00238841,0.00219352,0.00202796,0.0018701,0.00170838,0.00154398,0.00139014,0.00118356,0.00101408,0.000877425,0.000769841,0.000687922,0.000628469,0.000588419,0.000564806,0.000554744,0.000555413,0.000564045,0.00057791,0.000594296,0.000610503,0.000623839,0.000631649,0.000631373,0.00062064,0.000597401,0.000560085,0.000507767,0.000440332,0.00035859,0.000264339,0.000160349,5.02489e-05,-6.16742e-05,-0.000170752,-0.000272265,-0.000361797,-0.000435565,-0.000490704,-0.000525469,-0.000537264,-0.000523935,-0.00048686,-0.000430026,-0.00035918,-0.000281457,-0.000204562,-0.00013534,-7.82531e-05,-3.4233e-05,0
0,-4.77025e-05,-0.000102798,-0.000166107,-0.0002353,-0.000304771,-0.000367194,-0.000415274,-0.000443317,-0.000448133,-0.000428973,-0.000386958,-0.000325055,-0.000248331,-0.000161571,-6.85276e-05,2.68561e-05,0.000120735,0.000209623,0.0002906,0.000361447,0.000420706,0.000467661,0.000502267,0.000525039,0.000536919,0.000539154,0.000533196,0.000520629,0.000503133,0.000482479,0.000460543,0.000439325,0.000420975,0.000407796,0.000402236,0.000406862,0.000424321,0.000457294,0.000508467,0.000580519,0.000676156,0.000798199,0.000949744,0.00113441,0.00135667,0.00153019,0.00169911,0.00185369,0.0019932,0.0021261,0.00226776,0.00243637,0.00264799,0.00291187,0.00322633,0.00357596,0.00393026,0.004245,0.00446858,0.00455576,0.00448635,0.00427641,0.00396787,0.00361053,0.00324867,0.00291448,0.00262617,0.00238841,0.0021945,0.00203023,0.00187894,0.00172711,0.00156906,0.00140944,0.00126265,0.00107377,0.000917512,0.000791037,0.000691575,0.000616347,0.000562528,0.00052726,0.000507672,0.000500915,0.000504181,0.000514726,0.000529873,0.000547004,0.000563554,0.000577005,0.000584904,0.000584904,0.000574843,0.000552855,0.000517516,0.000467998,0.000404217,0.000326956,0.000237924,0.000139747,3.58639e-05,-6.96555e-05,-0.000172376,-0.000267809,-0.000351754,-0.00042061,-0.000471657,-0.000503245,-0.000512901,-0.000498609,-0.000461799,-0.000406409,-0.000338035,-0.000263559,-0.000190367,-0.000124973,-7.15749e-05,-3.09826e-05,0
0,-4.39079e-05,-9.51898e-05,-0.000154683,-0.000220256,-0.000286623,-0.0003468,-0.000393779,-0.000422035,-0.000428407,-0.000412045,-0.000373887,-0.000316661,-0.000245177,-0.000163991,-7.66489e-05,1.31203e-05,0.000101682,0.00018574,0.000262533,0.000329958,0.000386621,0.00043182,0.000465468,0.000487989,0.000500193,0.000503168,0.00049819,0.000486669,0.000470128,0.000450214,0.000428717,0.000407606,0.00038905,0.000375422,0.000369281,0.000373331,0.000390365,0.000423196,0.000474609,0.000547328,0.000644032,0.000767432,0.000920418,0.00110631,0.00132924,0.00150632,0.00167124,0.00181262,0.00192792,0.00202338,0.00211155,0.00220746,0.00232447,0.00247071,0.0026465,0.00284322,0.00304364,0.00322401,0.00335822,0.00342412,0.00341048,0.00332076,0.0031704,0.0029808,0.00277358,0.00256663,0.00237171,0.00219352,0.00203023,0.00187559,0.00172218,0.00156523,0.00140591,0.00125284,0.00112115,0.000950656,0.000808191,0.000692444,0.000601651,0.000533663,0.000486035,0.000456119,0.000441151,0.000438327,0.000444865,0.000458051,0.000475256,0.000493949,0.000511687,0.000526108,0.000534938,0.000536021,0.000527381,0.000507321,0.00047455,0.000428327,0.000368605,0.000296142,0.000212568,0.000120378,2.28376e-05,-7.61892e-05,-0.000172488,-0.000261793,-0.000340112,-0.000404029,-0.000450967,-0.000479373,-0.000486909,-0.000471707,-0.000435255,-0.000381443,-0.000315712,-0.000244683,-0.000175406,-0.000114051,-6.45422e-05,-2.75603e-05,0
0,-3.99394e-05,-8.72306e-05,-0.000142727,-0.0002045,-0.00026759,-0.000325368,-0.000371117,-0.000399487,-0.000407338,-0.00039372,-0.000359378,-0.000306801,-0.000240535,-0.000164908,-8.32688e-05,8.58426e-07,8.40339e-05,0.000163137,0.00023555,0.000299272,0.000352967,0.00039594,0.000428067,0.000449692,0.000461511,0.000464473,0.000459705,0.000448466,0.000432146,0.000412282,0.000390593,0.000369017,0.000349733,0.000335167,0.000327961,0.000330915,0.00034692,0.000378864,0.000429562,0.000501698,0.000597827,0.000720417,0.000871975,0.00105525,0.00127358,0.00144798,0.00160647,0.00173655,0.00183424,0.00190379,0.00195528,0.00200124,0.00205331,0.00211974,0.00220367,0.00230264,0.0024091,0.00251184,0.00259816,0.00265652,0.00267916,0.00266349,0.00261181,0.00252973,0.00242436,0.00230251,0.00216941,0.00202796,0.00187894,0.00172218,0.00155838,0.00139118,0.00122867,0.00108375,0.000972385,0.000819622,0.000690501,0.000585315,0.000503235,0.000442669,0.000401505,0.000377288,0.000367357,0.000368956,0.00037933,0.000395792,0.000415761,0.000436776,0.000456496,0.000472692,0.000483243,0.000486156,0.000479618,0.000462079,0.000432368,0.000389827,0.000334444,0.000266963,0.00018895,0.000102782,1.15713e-05,-8.10048e-05,-0.000170938,-0.000254176,-0.000326927,-0.000385955,-0.000428829,-0.000454098,-0.000459564,-0.00044352,-0.000407518,-0.000355404,-0.00029246,-0.00022504,-0.000159848,-0.000102699,-5.72349e-05,-2.40048e-05,0
0,-3.58358e-05,-7.8997e-05,-0.000130353,-0.000188181,-0.000247852,-0.000303097,-0.000347497,-0.000375871,-0.000385104,-0.000374138,-0.000343524,-0.000295505,-0.00023436,-0.000164194,-8.81654e-05,-9.60823e-06,6.82175e-05,0.000142348,0.000210291,0.000270133,0.000320583,0.000360949,0.000391071,0.00041122,0.000421996,0.00042423,0.000418925,0.000407217,0.000390388,0.000369884,0.000347364,0.000324738,0.00030419,0.000288177,0.000279392,0.000280694,0.000295014,0.00032525,0.000374169,0.000444325,0.000538031,0.000657369,0.000804262,0.000980555,0.0011881,0.00135319,0.00150202,0.00162146,0.00170659,0.0017601,0.00179003,0.00180686,0.00182093,0.00184052,0.00187079,0.00191337,0.00196668,0.00202658,0.00208735,0.0021426,0.00218615,0.00221265,0.002218,0.00219945,0.00215553,0.00208575,0.00199031,0.0018701,0.00172711,0.00156523,0.00139118,0.00121512,0.00105085,0.000914974,0.000825047,0.000687118,0.000569591,0.00047403,0.000400203,0.000346872,0.000312156,0.000293746,0.000289061,0.000295392,0.000310006,0.00033024,0.000353545,0.000377516,0.000399894,0.000418552,0.000431492,0.000436857,0.000432969,0.000418405,0.000392103,0.00035348,0.000302565,0.0002401,0.000167598,8.73474e-05,2.32255e-06,-8.3966e-05,-0.0001677,-0.000245025,-0.000312344,-0.000366598,-0.000405503,-0.000427714,-0.000431181,-0.000414371,-0.000378902,-0.000328583,-0.000268537,-0.000204846,-0.000143863,-9.10418e-05,-4.97332e-05,-2.03552e-05,0
0,-3.16351e-05,-7.05648e-05,-0.000117675,-0.000171448,-0.000227591,-0.000280194,-0.000323137,-0.000351409,-0.000361915,-0.000353486,-0.000326471,-0.000282871,-0.000226692,-0.000161818,-9.12277e-05,-1.80778e-05,5.45346e-05,0.000123784,0.000187284,0.000243189,0.00029024,0.000327739,0.000355489,0.000373696,0.000382874,0.00038376,0.000377254,0.0003644,0.000346391,0.000324607,0.000300659,0.000276433,0.00025411,0.000236162,0.000225301,0.0002244,0.000236381,0.000264088,0.000310162,0.000376939,0.000466387,0.000580091,0.000719265,0.000884674,0.00107619,0.00122642,0.00136256,0.00147161,0.00154839,0.0015946,0.00161672,0.00162358,0.00162418,0.00162628,0.00163554,0.00165521,0.00168621,0.00172746,0.00177625,0.00182848,0.00187892,0.00192154,0.00195005,0.00195847,0.00194167,0.00189566,0.00181803,0.00170838,0.00156906,0.00140591,0.00122867,0.00105085,0.000888935,0.000761415,0.00068824,0.00055923,0.000450463,0.000363101,0.000296743,0.000250188,0.000221656,0.000208928,0.000209487,0.000220657,0.000239724,0.000264038,0.000291072,0.000318457,0.000343988,0.000365614,0.00038143,0.000389684,0.000388809,0.000377491,0.000354763,0.000320119,0.000273633,0.000216056,0.000148874,7.42984e-05,-4.80573e-06,-8.50755e-05,-0.000162865,-0.000234507,-0.000296592,-0.000346236,-0.000381302,-0.000400556,-0.000402107,-0.000384602,-0.000349737,-0.000301283,-0.000244209,-0.000184323,-0.000127625,-7.9204e-05,-4.21171e-05,-1.66503e-05,0
0,-2.73747e-05,-6.20086e-05,-0.000104805,-0.000154451,-0.000206989,-0.000256869,-0.000298267,-0.000326339,-0.000338008,-0.000331985,-0.000308421,-0.000269064,-0.000217653,-0.000157849,-9.24596e-05,-2.44769e-05,4.31488e-05,0.000107711,0.00016691,0.000218949,0.000262585,0.000297105,0.000322267,0.000338216,0.000345393,0.000344455,0.000336224,0.000321671,0.000301928,0.000278327,0.000252445,0.000226149,0.000201612,0.000181303,0.000167927,0.000164335,0.000173392,0.000197832,0.000240108,0.000302264,0.00038585,0.000491897,0.000620951,0.000773069,0.000946942,0.00107998,0.0012015,0.00130055,0.00137286,0.00141975,0.00144654,0.00146051,0.00146916,0.0014789,0.0014943,0.0015179,0.00155029,0.00159043,0.00163593,0.00168327,0.00172793,0.00176471,0.00178807,0.0017926,0.00177352,0.001727,0.00165062,0.00154398,0.00140944,0.00125284,0.00108375,0.000914974,0.000761415,0.000638771,0.000566622,0.000439152,0.000336897,0.000256614,0.000196962,0.000156608,0.000133824,0.000126464,0.000132063,0.000147975,0.0001715,0.000199992,0.000230932,0.000261968,0.000290925,0.000315799,0.00033475,0.000346105,0.000348385,0.00034037,0.00032118,0.000290385,0.000248114,0.000195143,0.000132946,6.36853e-05,-9.86529e-06,-8.44703e-05,-0.000156641,-0.000222886,-0.000279977,-0.000325204,-0.000356581,-0.000372992,-0.00037271,-0.000354573,-0.00032036,-0.000273812,-0.000219743,-0.000163693,-0.000111309,-6.73114e-05,-3.44667e-05,-1.29287e-05,0
0,-2.30908e-05,-5.34009e-05,-9.18533e-05,-0.000137337,-0.000186228,-0.000233334,-0.000273122,-0.000300913,-0.000313638,-0.000309891,-0.000289616,-0.000254311,-0.000207441,-0.000152449,-9.19766e-05,-2.88615e-05,3.40784e-05,9.42392e-05,0.000149387,0.000197758,0.000238107,0.000269691,0.000292219,0.000305776,0.000310732,0.000307679,0.000297378,0.000280748,0.00025888,0.000233074,0.000204888,0.000176175,0.000149097,0.000126107,0.000109883,0.000103222,0.000108899,0.000129495,0.000167234,0.000223822,0.000300335,0.000397193,0.000514314,0.000651947,0.000814273,0.000934562,0.00104008,0.00112949,0.00120091,0.00125568,0.001298,0.0013335,0.00136775,0.00140496,0.00144732,0.00149487,0.00154579,0.00159694,0.00164449,0.0016844,0.00171283,0.00172638,0.00172232,0.0016986,0.00165387,0.00158741,0.00149919,0.00139014,0.00126265,0.00112115,0.000972385,0.000825047,0.00068824,0.000566622,0.000437549,0.000324553,0.000231272,0.000158113,0.000104664,6.99294e-05,5.23532e-05,4.98954e-05,6.01561e-05,8.05209e-05,0.000108301,0.000140848,0.000175639,0.000210319,0.000242725,0.000270874,0.000292966,0.000307385,0.000312724,0.000307843,0.000291946,0.000264684,0.000226248,0.000177458,0.000119794,5.53902e-05,-1.30522e-05,-8.24075e-05,-0.000149331,-0.000210497,-0.000262859,-0.000303878,-0.000331724,-0.000345404,-0.000343367,-0.000324647,-0.000291113,-0.000246477,-0.000195408,-0.000143179,-9.50864e-05,-5.54881e-05,-2.68609e-05,-9.22846e-06,0
0,-1.88185e-05,-4.48124e-05,-7.89264e-05,-0.00012025,-0.000165487,-0.000209798,-0.000247938,-0.000275383,-0.000289074,-0.000287477,-0.000270332,-0.000238881,-0.000196317,-0.000145861,-8.99958e-05,-3.141e-05,2.7199e-05,8.33148e-05,0.000134754,0.000179768,0.000217093,0.000245943,0.00026597,0.00027719,0.000279909,0.00027466,0.000262154,0.000243274,0.000219086,0.000190875,0.000160188,0.000128871,9.90732e-05,7.32233e-05,5.39572e-05,4.40006e-05,4.60136e-05,6.24093e-05,9.51632e-05,0.000145631,0.000214389,0.0003011,0.000404347,0.000521199,0.000645163,0.000755609,0.000852775,0.000935563,0.00100325,0.00105689,0.00109936,0.00113457,0.00116657,0.00119868,0.00123296,0.00127003,0.00130918,0.00134865,0.00138596,0.00141824,0.00144247,0.00145568,0.00145514,0.00143849,0.00140384,0.00134994,0.0012763,0.00118356,0.00107377,0.000950656,0.000819622,0.000687118,0.00055923,0.000439152,0.000324553,0.000222768,0.000137764,7.11728e-05,2.3302e-05,-6.46026e-06,-1.94521e-05,-1.75845e-05,-3.18264e-06,2.11767e-05,5.28156e-05,8.90806e-05,0.000127434,0.000165507,0.000201127,0.000232318,0.0002573,0.000274496,0.00028256,0.000280426,0.000267383,0.000243166,0.000208044,0.000162892,0.000109218,4.91424e-05,-1.46868e-05,-7.92411e-05,-0.000141309,-0.00019773,-0.000245631,-0.000282652,-0.000307122,-0.000318179,-0.000314453,-0.000295182,-0.000262328,-0.00021958,-0.000171466,-0.000122997,-7.91269e-05,-4.38567e-05,-1.9378e-05,-5.5873e-06,0
0,-1.45916e-05,-3.63109e-05,-6.6128e-05,-0.000103329,-0.000144938,-0.000186465,-0.000222944,-0.000250004,-0.000264585,-0.000265029,-0.000250862,-0.000223078,-0.000184587,-0.000138394,-8.68187e-05,-3.24079e-05,2.22547e-05,7.47298e-05,0.000122871,0.000164931,0.000199613,0.000226074,0.000243898,0.000253026,0.000253698,0.000246388,0.000231766,0.000210687,0.000184204,0.000153596,0.00012041,8.64858e-05,5.39616e-05,2.52379e-05,2.89984e-06,-1.04078e-05,-1.21444e-05,-6.51028e-08,2.75762e-05,7.18285e-05,0.00013286,0.00020978,0.000300429,0.000400991,0.000505251,0.000603994,0.000693312,0.000771004,0.000836137,0.000889249,0.000932228,0.000967837,0.000999079,0.00102861,0.00105831,0.0010891,0.00112092,0.00115285,0.00118328,0.00121011,0.00123092,0.00124313,0.00124417,0.00123161,0.0012034,0.00115804,0.00109482,0.00101408,0.000917512,0.000808191,0.000690501,0.000569591,0.000450463,0.000336897,0.000231272,0.000137764,5.962e-05,-1.29807e-06,-4.43334e-05,-6.98197e-05,-7.8901e-05,-7.33599e-05,-5.54422e-05,-2.76829e-05,7.25351e-06,4.67068e-05,8.812e-05,0.000129102,0.000167461,0.000201214,0.00022859,0.000248044,0.000258284,0.000258316,0.000247519,0.000225721,0.00019328,0.000151142,0.000100856,4.45453e-05,-1.51848e-05,-7.5393e-05,-0.000132997,-0.000184996,-0.000228696,-0.000261916,-0.000283154,-0.000291683,-0.000286322,-0.000266515,-0.00023432,-0.000193407,-0.000148166,-0.000103355,-6.35945e-05,-3.25359e-05,-1.20941e-05,-2.04221e-06,0
0,-1.04428e-05,-2.7962e-05,-5.3557e-05,-8.67052e-05,-0.000124747,-0.00016353,-0.000198361,-0.000225016,-0.000240433,-0.000242824,-0.000231506,-0.000207215,-0.000172586,-0.000130398,-8.28091e-05,-3.22257e-05,1.88793e-05,6.81376e-05,0.000113432,0.000153004,0.000185512,0.000210046,0.000226109,0.000233561,0.000232566,0.000223539,0.00020711,0.000184108,0.000155578,0.000122798,8.73193e-05,5.09807e-05,1.59075e-05,-1.55295e-05,-4.07983e-05,-5.73353e-05,-6.27136e-05,-5.48381e-05,-3.2152e-05,6.16448e-06,6.00142e-05,0.000128229,0.000208434,0.000296931,0.000388698,0.000477985,0.000560738,0.000634364,0.000697586,0.000750422,0.000794017,0.0008303,0.000861528,0.000889857,0.000916994,0.000943993,0.000971172,0.000998139,0.00102386,0.00104678,0.00106492,0.00107603,0.00107773,0.00106768,0.00104382,0.00100455,0.000949038,0.000877425,0.000791037,0.000692444,0.000585315,0.00047403,0.000363101,0.000256614,0.000158113,7.11728e-05,-1.29807e-06,-5.74121e-05,-9.6343e-05,-0.000118239,-0.000124089,-0.000115559,-9.48159e-05,-6.43496e-05,-2.68079e-05,1.51444e-05,5.89317e-05,0.000102138,0.000142548,0.000178168,0.000207233,0.000228229,0.000239916,0.000241379,0.000232093,0.000211991,0.000181531,0.00014174,9.4221e-05,4.11098e-05,-1.50229e-05,-7.13196e-05,-0.000124826,-0.000172702,-0.000212436,-0.000242035,-0.000260167,-0.000266251,-0.000259296,-0.000238953,-0.000207377,-0.00016822,-0.00012574,-8.44501e-05,-4.86449e-05,-2.164e-05,-5.083e-06,1.37078e-06,0
0,-6.40336e-06,-1.98281e-05,-4.13074e-05,-7.05046e-05,-0.000105067,-0.000141171,-0.000174392,-0.000200644,-0.000216862,-0.000221126,-0.000212545,-0.000191601,-0.000160648,-0.000122238,-7.83653e-05,-3.12904e-05,1.66243e-05,6.30802e-05,0.000105985,0.000143564,0.000174421,0.000197572,0.000212427,0.000218754,0.000216635,0.00020642,0.00018869,0.000164249,0.00013413,9.96127e-05,6.22505e-05,2.38809e-05,-1.33838e-05,-4.7203e-05,-7.5097e-05,-9.45779e-05,-0.000103319,-9.93494e-05,-8.12516e-05,-4.83548e-05,-8.92357e-07,5.98845e-05,0.000131657,0.000211082,0.000294015,0.000376074,0.0004536,0.000523965,0.000585657,0.000638278,0.000682416,0.000719387,0.000750904,0.000778741,0.000804436,0.000829093,0.000853259,0.000876881,0.00089932,0.000919402,0.000935494,0.000945623,0.000947608,0.000939245,0.000918517,0.000883833,0.000834279,0.000769841,0.000691575,0.000601651,0.000503235,0.000400203,0.000296743,0.000196962,0.000104664,2.3302e-05,-4.43334e-05,-9.6343e-05,-0.000131802,-0.00015073,-0.000153992,-0.000143151,-0.000120299,-8.78785e-05,-4.85146e-05,-4.87142e-06,4.04615e-05,8.50478e-05,0.000126654,0.000163276,0.000193163,0.000214834,0.000227111,0.000229168,0.000220583,0.000201404,0.0001722,0.000134091,8.87382e-05,3.82953e-05,-1.47005e-05,-6.74757e-05,-0.000117206,-0.00016122,-0.000197193,-0.000223323,-0.000238459,-0.000242166,-0.000233648,-0.000212759,-0.00018175,-0.000144254,-0.000104398,-6.64603e-05,-3.44219e-05,-1.12759e-05,1.58513e-06,4.6171e-06,0
0,-2.50324e-06,-1.19687e-05,-2.94677e-05,-5.4843e-05,-8.60388e-05,-0.000119554,-0.000151218,-0.000177086,-0.000194085,-0.000200167,-0.000194235,-0.000176519,-0.000149091,-0.000114275,-7.38914e-05,-3.00531e-05,1.49938e-05,5.90236e-05,9.99712e-05,0.000136042,0.000165787,0.000188137,0.000202402,0.000208252,0.000205675,0.000194942,0.000176582,0.000151361,0.000120296,8.46606e-05,4.60054e-05,6.16276e-06,-3.27709e-05,-6.84866e-05,-9.85543e-05,-0.000120555,-0.000132246,-0.00013175,-0.000117745,-8.96431e-05,-4.77205e-05,6.80062e-06,7.17579e-05,0.000144161,0.000220452,0.000296932,0.000370304,0.000438009,0.000498394,0.000550759,0.000595276,0.000632812,0.000664674,0.000692337,0.000717194,0.000740351,0.000762491,0.000783788,0.000803876,0.000821866,0.000836395,0.000845718,0.000847845,0.00084071,0.000822382,0.000791302,0.000746524,0.000687922,0.000616347,0.000533663,0.000442669,0.000346872,0.000250188,0.000156608,6.99294e-05,-6.46026e-06,-6.98197e-05,-0.000118239,-0.00015073,-0.000167219,-0.000168472,-0.000155964,-0.000131714,-9.81142e-05,-5.77624e-05,-1.33124e-05,3.26423e-05,7.76552e-05,0.000119485,0.000156131,0.000185866,0.000207255,0.000219196,0.00022096,0.000212244,0.00019322,0.000164574,0.000127524,8.37935e-05,3.55516e-05,-1.4701e-05,-6.42809e-05,-0.000110502,-0.000150865,-0.000183242,-0.00020603,-0.000218259,-0.000219648,-0.000209592,-0.000188145,-0.000157645,-0.000121702,-8.43194e-05,-4.95423e-05,-2.10544e-05,-1.54129e-06,7.84532e-06,7.66424e-06,0
0,1.22911e-06,-4.43975e-06,-1.81199e-05,-3.98262e-05,-6.77896e-05,-9.88186e-05,-0.000128996,-0.000154508,-0.00017228,-0.00018014,-0.000176789,-0.000162209,-0.000138193,-0.000106831,-6.97667e-05,-2.89547e-05,1.34825e-05,5.53999e-05,9.47655e-05,0.000129772,0.000158914,0.000181038,0.000195353,0.000201417,0.000199116,0.000188634,0.000170429,0.000145221,0.000113996,7.80105e-05,3.88025e-05,-1.80937e-06,-4.1751e-05,-7.8748e-05,-0.000110419,-0.000134405,-0.000148534,-0.000150997,-0.000140532,-0.000116579,-7.94011e-05,-3.01363e-05,2.92371e-05,9.60302e-05,0.000167087,0.000239124,0.000309113,0.000374575,0.000433775,0.000485796,0.00053051,0.000568445,0.0006006,0.000628216,0.000652555,0.000674706,0.000695429,0.000715048,0.000733395,0.000749794,0.000763094,0.000771747,0.00077393,0.000767715,0.00075127,0.000723089,0.000682222,0.000628469,0.000562528,0.000486035,0.000401505,0.000312156,0.000221656,0.000133824,5.23532e-05,-1.94521e-05,-7.8901e-05,-0.000124089,-0.000153992,-0.000168472,-0.00016822,-0.000154633,-0.000129664,-9.56534e-05,-5.51619e-05,-1.08224e-05,3.47823e-05,7.92114e-05,0.000120233,0.00015587,0.000184433,0.000204554,0.000215221,0.000215819,0.000206173,0.000186588,0.000157873,0.000121342,7.87792e-05,3.23614e-05,-1.54554e-05,-6.2088e-05,-0.000104998,-0.000141869,-0.000170778,-0.000190323,-0.000199722,-0.000198846,-0.000187277,-0.000165262,-0.000135213,-0.000100718,-6.56471e-05,-3.38264e-05,-8.65277e-06,7.47824e-06,1.36392e-05,1.04825e-05,0
0,4.76692e-06,2.70682e-06,-7.33873e-06,-2.55484e-05,-5.04281e-05,-7.90861e-05,-0.00010785,-0.000133041,-0.000151584,-0.000161189,-0.000160366,-0.000148855,-0.000128174,-0.000100174,-6.63176e-05,-2.8392e-05,1.16149e-05,5.16506e-05,8.97273e-05,0.000124033,0.000153017,0.000175443,0.000190413,0.000197375,0.000196102,0.000186678,0.000169476,0.000145154,0.000114649,7.9185e-05,4.02727e-05,-2.9639e-07,-4.04803e-05,-7.80452e-05,-0.000110659,-0.000136021,-0.000152014,-0.000156879,-0.000149383,-0.000128963,-9.58338e-05,-5.10197e-05,3.6838e-06,6.58419e-05,0.000132597,0.000200954,0.000268081,0.000331576,0.000389656,0.000441252,0.000486007,0.000524198,0.000556582,0.00058421,0.000608227,0.000629685,0.000649383,0.000667746,0.000684745,0.000699868,0.000712135,0.000720162,0.000722281,0.000716697,0.000701684,0.000675806,0.00063813,0.000588419,0.00052726,0.000456119,0.000377288,0.000293746,0.000208928,0.000126464,4.98954e-05,-1.75845e-05,-7.33599e-05,-0.000115559,-0.000143151,-0.000155964,-0.000154633,-0.000140494,-0.000115439,-8.17533e-05,-4.19528e-05,1.36497e-06,4.56454e-05,8.84751e-05,0.000127654,0.00016125,0.000187638,0.000205536,0.000214041,0.000212667,0.000201377,0.000180615,0.000151312,0.000114876,7.31397e-05,2.82786e-05,-1.73106e-05,-6.1158e-05,-0.000100885,-0.000134371,-0.000159899,-0.000176279,-0.000182914,-0.000179826,-0.000166778,-0.000144194,-0.000114552,-8.14021e-05,-4.84862e-05,-1.94122e-05,2.69489e-06,1.57115e-05,1.89169e-05,1.30459e-05,0
0,8.08533e-06,9.4235e-06,2.80909e-06,-1.20907e-05,-3.40446e-05,-6.04501e-05,-8.78747e-05,-0.000112775,-0.000132082,-0.000143402,-0.000145062,-0.000136572,-0.000119176,-9.44933e-05,-6.37931e-05,-2.86878e-05,8.98189e-06,4.72703e-05,8.42491e-05,0.000118117,0.000147286,0.000170448,0.000186606,0.000195091,0.000195558,0.00018798,0.000172632,0.00015009,0.000121225,8.72065e-05,4.94992e-05,9.85062e-06,-2.97433e-05,-6.70993e-05,-9.994e-05,-0.000126019,-0.000143268,-0.000149963,-0.00014488,-0.000127431,-9.77568e-05,-5.67583e-05,-6.0525e-06,5.21477e-05,0.000115226,0.00018041,0.000245025,0.000306742,0.00036375,0.000414871,0.000459579,0.00049795,0.000530546,0.000558254,0.000582107,0.000603108,0.000622063,0.000639456,0.000655357,0.000669377,0.000680676,0.000688016,0.000689872,0.000684582,0.000670533,0.000646373,0.000611213,0.000564806,0.000507672,0.000441151,0.000367357,0.000289061,0.000209487,0.000132063,6.01561e-05,-3.18264e-06,-5.54422e-05,-9.48159e-05,-0.000120299,-0.000131714,-0.000129664,-0.000115439,-9.08754e-05,-5.82022e-05,-1.98803e-05,2.15439e-05,6.3565e-05,0.000103821,0.000140171,0.000170754,0.000194034,0.000208841,0.000214398,0.000210362,0.000196844,0.000174426,0.000144157,0.00010753,6.64116e-05,2.296e-05,-2.05044e-05,-6.16414e-05,-9.82464e-05,-0.000128402,-0.000150609,-0.000163884,-0.000167818,-0.000162579,-0.000148098,-0.000124961,-9.56981e-05,-6.38079e-05,-3.28988e-05,-6.36592e-06,1.29251e-05,2.31041e-05,2.36382e-05,1.53326e-05,0
0,1.11617e-05,1.56679e-05,1.22659e-05,4.79389e-07,-1.87098e-05,-4.2978e-05,-6.91288e-05,-9.37574e-05,-0.000113812,-0.000126808,-0.000130907,-0.000125397,-0.000111263,-8.98873e-05,-6.23456e-05,-3.00654e-05,5.27281e-06,4.18461e-05,7.78036e-05,0.000111372,0.000140946,0.000165156,0.000182915,0.000193441,0.00019627,0.000191254,0.000178557,0.000158654,0.000132331,0.000100679,6.50967e-05,2.72661e-05,-1.088e-05,-4.72222e-05,-7.9546e-05,-0.000105662,-0.000123549,-0.000131506,-0.000128307,-0.000113321,-8.66029e-05,-4.89201e-05,-1.71522e-06,5.3003e-05,0.000112831,0.000175184,0.000237532,0.000297612,0.000353608,0.000404261,0.000448911,0.000487473,0.000520338,0.000548243,0.00057211,0.000592869,0.00061131,0.000627942,0.000642898,0.000655884,0.000666176,0.000672668,0.000673972,0.000668562,0.000654953,0.000631895,0.000598567,0.000554744,0.000500915,0.000438327,0.000368956,0.000295392,0.000220657,0.000147975,8.05209e-05,2.11767e-05,-2.76829e-05,-6.43496e-05,-8.78785e-05,-9.81142e-05,-9.56534e-05,-8.17533e-05,-5.82022e-05,-2.71695e-05,8.94868e-06,4.76744e-05,8.65746e-05,0.000123365,0.000155993,0.000182698,0.000202061,0.000213042,0.000215014,0.000207784,0.000191615,0.000167226,0.000135776,9.88236e-05,5.82553e-05,1.61891e-05,-2.51498e-05,-6.35684e-05,-9.70498e-05,-0.000123889,-0.000142808,-0.000153033,-0.000154333,-0.000147016,-0.000131169,-0.000107519,-7.86296e-05,-4.79356e-05,-1.89034e-05,5.28175e-06,2.20015e-05,2.96205e-05,2.77747e-05,1.73265e-05,0
0,1.39759e-05,2.14032e-05,2.09837e-05,1.21094e-05,-4.47362e-06,-2.67105e-05,-5.16379e-05,-7.59955e-05,-9.67624e-05,-0.00011138,-0.000117862,-0.000115294,-0.000104408,-8.63565e-05,-6.20191e-05,-3.2631e-05,2.99559e-07,3.50894e-05,6.99845e-05,0.000103261,0.000133317,0.000158739,0.000178363,0.000191305,0.000196982,0.00019512,0.000185763,0.000169268,0.000146314,0.000117896,8.53177e-05,5.01765e-05,1.43209e-05,-2.02102e-05,-5.12767e-05,-7.67532e-05,-9.4665e-05,-0.000103334,-0.000101519,-8.85379e-05,-6.43492e-05,-2.95813e-05,1.44985e-05,6.60788e-05,0.000122955,0.000182723,0.000242986,0.000301555,0.000356622,0.000406871,0.000451534,0.000490382,0.000523651,0.000551932,0.000576021,0.000596763,0.0006149,0.000630935,0.000645037,0.000656983,0.000666147,0.000671547,0.000671934,0.000665926,0.000652179,0.00062957,0.000597372,0.000555413,0.000504181,0.000444865,0.00037933,0.000310006,0.000239724,0.0001715,0.000108301,5.28156e-05,7.25351e-06,-2.68079e-05,-4.85146e-05,-5.77624e-05,-5.51619e-05,-4.19528e-05,-1.98803e-05,8.94868e-06,4.22143e-05,7.75256e-05,0.000112546,0.000145097,0.000173243,0.000195352,0.000210147,0.000216743,0.000214671,0.000203902,0.000184848,0.000158355,0.000125679,8.84255e-05,4.84771e-05,7.89004e-06,-3.12274e-05,-6.68471e-05,-9.71528e-05,-0.00012066,-0.000136311,-0.000143538,-0.000142283,-0.000132981,-0.000115857,-9.1763e-05,-6.32707e-05,-3.37364e-05,-6.47543e-06,1.55357e-05,2.99151e-05,3.52447e-05,3.131e-05,1.90168e-05,0
0,1.65107e-05,2.65989e-05,2.8925e-05,2.27619e-05,8.63419e-06,-1.16622e-05,-3.53954e-05,-5.94578e-05,-8.08749e-05,-9.70353e-05,-0.000105826,-0.000106149,-9.8498e-05,-8.38017e-05,-6.27447e-05,-3.63652e-05,-5.98833e-06,2.68581e-05,6.05373e-05,9.33981e-05,0.000123862,0.000150499,0.000172084,0.000187644,0.000196483,0.000198204,0.000192721,0.000180263,0.000161384,0.000136959,0.000108178,7.65265e-05,4.37488e-05,1.17846e-05,-1.73155e-05,-4.15003e-05,-5.88465e-05,-6.76973e-05,-6.67963e-05,-5.54025e-05,-3.33707e-05,-1.18434e-06,4.00673e-05,8.87705e-05,0.000142919,0.000200286,0.000258611,0.000315792,0.000370038,0.000419994,0.000464799,0.000504093,0.000537961,0.000566841,0.000591393,0.000612352,0.000630384,0.000645962,0.000659263,0.000670115,0.00067798,0.000681993,0.00068105,0.000673927,0.000659441,0.000636615,0.000604847,0.000564045,0.000514726,0.000458051,0.000395792,0.00033024,0.000264038,0.000199992,0.000140848,8.90806e-05,4.67068e-05,1.51444e-05,-4.87142e-06,-1.33124e-05,-1.08224e-05,1.36497e-06,2.15439e-05,4.76744e-05,7.75256e-05,0.000108813,0.00013932,0.000167003,0.000190068,0.000207041,0.00021681,0.000218659,0.000212293,0.000197842,0.000175865,0.000147325,0.000113548,7.61693e-05,3.70403e-05,-1.86863e-06,-3.85876e-05,-7.12702e-05,-9.83114e-05,-0.000118451,-0.000130853,-0.000135144,-0.00013143,-0.000120259,-0.000101978,-7.75368e-05,-4.94969e-05,-2.11168e-05,4.44965e-06,2.4435e-05,3.66846e-05,3.99811e-05,3.42407e-05,2.03991e-05,0
0,1.87518e-05,3.12311e-05,3.60627e-05,3.24143e-05,2.06035e-05,2.17677e-06,-2.03658e-05,-4.40786e-05,-6.60522e-05,-8.36456e-05,-9.46438e-05,-9.77852e-05,-9.33425e-05,-8.20315e-05,-6.43451e-05,-4.11229e-05,-1.34991e-05,1.7168e-05,4.93781e-05,8.15755e-05,0.000112232,0.000139922,0.000163384,0.000181573,0.000193694,0.000199232,0.000197969,0.000189998,0.000175732,0.000155911,0.000131587,0.000104114,7.5109e-05,4.63925e-05,1.99091e-05,-2.37693e-06,-1.86027e-05,-2.71372e-05,-2.67087e-05,-1.65153e-05,3.69543e-06,3.35896e-05,7.22605e-05,0.000118296,0.000169891,0.000225003,0.000281517,0.000337423,0.000390965,0.000440761,0.000485866,0.000525795,0.000560483,0.000590206,0.000615468,0.000636872,0.000654987,0.000670227,0.000682757,0.000692437,0.00069881,0.00070113,0.000698442,0.000689695,0.000673885,0.00065021,0.000618212,0.00057791,0.000529873,0.000475256,0.000415761,0.000353545,0.000291072,0.000230932,0.000175639,0.000127434,8.812e-05,5.89317e-05,4.04615e-05,3.26423e-05,3.47823e-05,4.56454e-05,6.3565e-05,8.65746e-05,0.000112546,0.00013932,0.000164826,0.000187175,0.000204746,0.000216244,0.000220738,0.000217696,0.000206998,0.000188935,0.000164196,0.000133843,9.9255e-05,6.20634e-05,2.40652e-05,-1.28801e-05,-4.69616e-05,-7.65289e-05,-0.000100197,-0.00011693,-0.000126107,-0.000127542,-0.000121489,-0.000108593,-8.93033e-05,-6.4644e-05,-3.71439e-05,-9.94482e-06,1.3972e-05,3.20503e-05,4.23546e-05,4.38533e-05,3.65763e-05,2.14753e-05,0
0,2.06886e-05,3.52826e-05,4.23803e-05,4.10583e-05,3.14421e-05,1.48369e-05,-6.48945e-06,-2.9765e-05,-5.21655e-05,-7.10456e-05,-8.41146e-05,-8.99715e-05,-8.86864e-05,-8.07751e-05,-6.65464e-05,-4.66434e-05,-2.20046e-05,6.19205e-06,3.66e-05,6.77809e-05,9.82819e-05,0.000126709,0.000151789,0.000172426,0.000187744,0.000197119,0.000200207,0.000196962,0.000187649,0.000172855,0.00015348,0.000130725,0.00010606,8.11655e-05,5.78633e-05,3.80156e-05,2.34134e-05,1.56539e-05,1.60194e-05,2.5371e-05,4.40688e-05,7.19307e-05,0.000108236,0.000151778,0.000200962,0.000253932,0.000308732,0.000363457,0.000416396,0.000466149,0.0005117,0.000552442,0.000588153,0.000618939,0.000645134,0.000667188,0.000685548,0.000700548,0.000712323,0.000720754,0.000725455,0.000725801,0.000720995,0.000710174,0.000692531,0.000667455,0.000634662,0.000594296,0.000547004,0.000493949,0.000436776,0.000377516,0.000318457,0.000261968,0.000210319,0.000165507,0.000129102,0.000102138,8.50478e-05,7.76552e-05,7.92114e-05,8.84751e-05,0.000103821,0.000123365,0.000145097,0.000167003,0.000187175,0.000203908,0.000215772,0.000221666,0.000220857,0.000213001,0.000198151,0.000176747,0.000149596,0.000117833,8.28616e-05,4.62858e-05,9.81873e-06,-2.48142e-05,-5.59791e-05,-8.22333e-05,-0.000102415,-0.000115712,-0.000121708,-0.000120392,-0.000112146,-9.76976e-05,-7.7577e-05,-5.28593e-05,-2.60177e-05,-5.87158e-08,2.22208e-05,3.84785e-05,4.69921e-05,4.69027e-05,3.83381e-05,2.22533e-05,0
0,2.23135e-05,3.87432e-05,4.78711e-05,4.86985e-05,4.11727e-05,2.63659e-05,6.31146e-06,-1.64046e-05,-3.90647e-05,-5.9046e-05,-7.40099e-05,-8.24409e-05,-8.42276e-05,-7.97011e-05,-6.89974e-05,-5.25683e-05,-3.11567e-05,-5.75231e-06,2.24658e-05,5.21962e-05,8.20855e-05,0.000110797,0.000137073,0.000159793,0.000178019,0.000191035,0.000198381,0.000199874,0.00019563,0.000186074,0.000171941,0.000154263,0.000134345,0.000113711,9.40419e-05,7.70813e-05,6.45352e-05,5.79556e-05,5.86271e-05,6.74639e-05,8.49304e-05,0.000110995,0.000145123,0.000186319,0.000233197,0.000284105,0.000337249,0.000390841,0.000443228,0.000493007,0.000539094,0.000580763,0.000617638,0.000649645,0.000676936,0.00069979,0.000718516,0.00073335,0.00074438,0.0007515,0.000754391,0.000752549,0.000745344,0.000732108,0.000712248,0.000685362,0.00065135,0.000610503,0.000563554,0.000511687,0.000456496,0.000399894,0.000343988,0.000290925,0.000242725,0.000201127,0.000167461,0.000142548,0.000126654,0.000119485,0.000120233,0.000127654,0.000140171,0.000155993,0.000173243,0.000190068,0.000204746,0.000215772,0.000221921,0.000222301,0.00021638,0.000204002,0.000185384,0.000161101,0.000132053,9.9424e-05,6.46141e-05,2.91697e-05,-5.30492e-06,-3.72399e-05,-6.51929e-05,-8.7937e-05,-0.000104534,-0.000114387,-0.000117273,-0.000113338,-0.000103077,-8.72776e-05,-6.65317e-05,-4.19429e-05,-1.59067e-05,8.72322e-06,2.93462e-05,4.38371e-05,5.06825e-05,4.91853e-05,3.95577e-05,2.27461e-05,0
0,2.36228e-05,4.16088e-05,5.25377e-05,5.53503e-05,4.98299e-05,3.68228e-05,1.81256e-05,-3.87538e-06,-2.65908e-05,-4.74479e-05,-6.40886e-05,-7.49094e-05,-7.96388e-05,-7.84414e-05,-7.12941e-05,-5.84673e-05,-4.05114e-05,-1.82255e-05,7.3888e-06,3.51834e-05,6.39255e-05,9.23609e-05,0.000119275,0.000143547,0.000164204,0.000180457,0.000191744,0.000197757,0.000198463,0.000194127,0.000185309,0.000172864,0.000157915,0.000141817,0.000126093,0.000112353,0.000102202,9.71354e-05,9.84265e-05,0.000107033,0.000123515,0.000147987,0.000180097,0.000219056,0.000263698,0.000312572,0.000364059,0.000416499,0.000468308,0.000518089,0.000564703,0.000607313,0.000645388,0.000678672,0.000707126,0.000730854,0.000750008,0.000764717,0.000775014,0.000780794,0.000781805,0.000777663,0.000767906,0.000752071,0.000729785,0.000700863,0.0006654,0.000623839,0.000577005,0.000526108,0.000472692,0.000418552,0.000365614,0.000315799,0.000270874,0.000232318,0.000201214,0.000178168,0.000163276,0.000156131,0.00015587,0.00016125,0.000170754,0.000182698,0.000195352,0.000207041,0.000216244,0.000221666,0.000222301,0.000217469,0.000206837,0.00019043,0.000168613,0.000142074,0.000111784,7.89435e-05,4.49217e-05,1.11798e-05,-2.08106e-05,-4.96528e-05,-7.4107e-05,-9.31646e-05,-0.000106106,-0.000112541,-0.000112422,-0.000106035,-9.39654e-05,-7.70444e-05,-5.59036e-05,-3.16541e-05,-6.59421e-06,1.65918e-05,3.55101e-05,4.8257e-05,5.35244e-05,5.07689e-05,4.02754e-05,2.29716e-05,0
0,2.46155e-05,4.38814e-05,5.63901e-05,6.10373e-05,5.74559e-05,4.62729e-05,2.90446e-05,7.9446e-06,-1.45882e-05,-3.60579e-05,-5.41158e-05,-6.70964e-05,-7.45913e-05,-7.66171e-05,-7.30085e-05,-6.38678e-05,-4.95608e-05,-3.06973e-05,-8.09647e-06,1.72586e-05,4.42735e-05,7.17994e-05,9.86889e-05,0.00012385,0.000146298,0.000165197,0.000179901,0.000189992,0.0001953,0.000195931,0.000192272,0.000184994,0.000175033,0.000163562,0.000151931,0.000141605,0.000134073,0.000130757,0.000132905,0.000141505,0.000157201,0.00018024,0.000210447,0.000247237,0.000289657,0.000336462,0.000386215,0.00043739,0.000488489,0.00053813,0.000585133,0.000628559,0.00066773,0.000702213,0.000731782,0.000756355,0.000775932,0.000790523,0.0008001,0.000804557,0.000803702,0.00079727,0.00078497,0.000766539,0.000741827,0.000710865,0.000673942,0.000631649,0.000584904,0.000534938,0.000483243,0.000431492,0.00038143,0.00033475,0.000292966,0.0002573,0.00022859,0.000207233,0.000193163,0.000185866,0.000184433,0.000187638,0.000194034,0.000202061,0.000210147,0.00021681,0.000220738,0.000220857,0.00021638,0.000206837,0.000192089,0.00017232,0.000148028,0.000119989,8.92119e-05,5.68895e-05,2.43289e-05,-7.11863e-06,-3.61342e-05,-6.15075e-05,-8.22072e-05,-9.74411e-05,-0.0001067,-0.000109785,-0.000106806,-9.81666e-05,-8.45242e-05,-6.67333e-05,-4.54475e-05,-2.17656e-05,2.129e-06,2.37355e-05,4.08767e-05,5.18741e-05,5.56232e-05,5.17278e-05,4.05369e-05,2.29508e-05,0
0,2.52942e-05,4.55681e-05,5.94442e-05,6.57883e-05,6.40959e-05,5.47805e-05,3.91548e-05,1.91665e-05,-2.91715e-06,-2.47035e-05,-4.38802e-05,-5.87463e-05,-6.87786e-05,-7.38658e-05,-7.37194e-05,-6.82891e-05,-5.77683e-05,-4.25837e-05,-2.33721e-05,-9.44596e-07,2.37561e-05,4.97047e-05,7.58442e-05,0.000101137,0.000124611,0.000145409,0.000162828,0.000176355,0.0001857,0.000190821,0.000191936,0.000189536,0.000184367,0.000177411,0.00016984,0.00016296,0.00015813,0.000156683,0.000159827,0.000168562,0.000183599,0.000205304,0.000233665,0.00026829,0.000308434,0.000353057,0.000400905,0.000450597,0.000500726,0.000549947,0.000597048,0.000641008,0.000681014,0.000716471,0.000746969,0.000772253,0.000792167,0.000806608,0.000815484,0.000818685,0.000816075,0.000807504,0.000792842,0.000772025,0.000745111,0.000712341,0.000674184,0.000631373,0.000584904,0.000536021,0.000486156,0.000436857,0.000389684,0.000346105,0.000307385,0.000274496,0.000248044,0.000228229,0.000214834,0.000207255,0.000204554,0.000205536,0.000208841,0.000213042,0.000216743,0.000218659,0.000217696,0.000213001,0.000204002,0.00019043,0.00017232,0.000150003,0.00012408,9.53848e-05,6.49404e-05,3.38991e-05,3.48074e-06,-2.50948e-05,-5.0677e-05,-7.225e-05,-8.89917e-05,-0.00010032,-0.000105922,-0.000105773,-0.000100119,-8.94619e-05,-7.45082e-05,-5.61184e-05,-3.4951e-05,-1.2076e-05,1.04527e-05,3.033e-05,4.5603e-05,5.48217e-05,5.70848e-05,5.2139e-05,4.0391e-05,2.27066e-05,0
0,2.56636e-05,4.66798e-05,6.17197e-05,6.96343e-05,6.97936e-05,6.24034e-05,4.85294e-05,2.98809e-05,8.53388e-06,-1.32467e-05,-3.32111e-05,-4.96475e-05,-6.19397e-05,-6.98685e-05,-7.30419e-05,-7.1276e-05,-6.46065e-05,-5.3288e-05,-3.77793e-05,-1.87186e-05,3.1111e-06,2.68221e-05,5.14666e-05,7.60825e-05,9.9739e-05,0.000121581,0.000140871,0.000157026,0.000169655,0.000178584,0.000183877,0.000185848,0.000185059,0.000182301,0.000178562,0.000174981,0.000172776,0.000173176,0.000177333,0.000186238,0.000200652,0.00022104,0.000247535,0.000279923,0.000317656,0.000359894,0.000405564,0.000453436,0.000502207,0.00055058,0.000597335,0.000641383,0.000681804,0.000717853,0.000748961,0.000774709,0.0007948,0.000809022,0.000817223,0.000819288,0.000815131,0.00080471,0.000788043,0.000765249,0.000736579,0.000702464,0.000663534,0.00062064,0.000574843,0.000527381,0.000479618,0.000432969,0.000388809,0.000348385,0.000312724,0.00028256,0.000258284,0.000239916,0.000227111,0.000219196,0.000215221,0.000214041,0.000214398,0.000215014,0.000214671,0.000212293,0.000206998,0.000198151,0.000185384,0.000168613,0.000148028,0.00012408,9.74442e-05,6.89875e-05,3.97134e-05,1.07089e-05,-1.69162e-05,-4.20904e-05,-6.38415e-05,-8.13511e-05,-9.40012e-05,-0.000101408,-0.000103441,-0.000100225,-9.2124e-05,-7.97131e-05,-6.37304e-05,-4.50251e-05,-2.42465e-05,-2.42196e-06,1.85363e-05,3.65273e-05,4.98288e-05,5.72223e-05,5.80093e-05,5.2077e-05,3.9886e-05,2.22626e-05,0
0,2.5731e-05,4.72306e-05,6.32382e-05,7.26048e-05,7.45865e-05,6.91867e-05,5.72207e-05,4.01489e-05,1.9838e-05,-1.59698e-06,-2.1993e-05,-3.96499e-05,-5.38792e-05,-6.43729e-05,-7.06562e-05,-7.24311e-05,-6.9594e-05,-6.22413e-05,-5.06638e-05,-3.53301e-05,-1.68616e-05,4.00016e-06,2.64304e-05,4.95616e-05,7.2525e-05,9.44925e-05,0.000114717,0.000132572,0.000147585,0.000159472,0.00016816,0.0001738,0.000176777,0.000177698,0.000177369,0.000176754,0.000176925,0.000178994,0.000184039,0.000193026,0.000206743,0.000225731,0.000250248,0.000280239,0.000315337,0.000354892,0.000398009,0.000443612,0.00049051,0.000537471,0.000583288,0.000626832,0.000667096,0.000703219,0.000734493,0.00076036,0.000780398,0.000794299,0.000801857,0.000802952,0.000797545,0.000785688,0.000767531,0.000743352,0.000713572,0.00067878,0.000639742,0.000597401,0.000552855,0.000507321,0.000462079,0.000418405,0.000377491,0.00034037,0.000307843,0.000280426,0.000258316,0.000241379,0.000229168,0.00022096,0.000215819,0.000212667,0.000210362,0.000207784,0.000203902,0.000197842,0.000188935,0.000176747,0.000161101,0.000142074,0.000119989,9.53848e-05,6.89875e-05,4.16637e-05,1.43726e-05,-1.18876e-05,-3.61349e-05,-5.74577e-05,-7.50663e-05,-8.83367e-05,-9.68452e-05,-0.000100391,-9.90052e-05,-9.29422e-05,-8.26603e-05,-6.87865e-05,-5.2072e-05,-3.33407e-05,-1.32212e-05,7.31306e-06,2.64994e-05,4.24475e-05,5.36696e-05,5.91803e-05,5.84848e-05,5.16099e-05,3.90677e-05,2.16415e-05,0
0,2.55054e-05,4.72361e-05,6.40215e-05,7.47257e-05,7.85024e-05,7.51577e-05,6.52548e-05,4.99955e-05,3.10219e-05,1.02793e-05,-1.01767e-05,-2.86783e-05,-4.44836e-05,-5.72137e-05,-6.63309e-05,-7.14437e-05,-7.23288e-05,-6.89419e-05,-6.14193e-05,-5.00689e-05,-3.53536e-05,-1.78663e-05,1.69993e-06,2.25857e-05,4.40023e-05,6.51698e-05,8.53557e-05,0.000103912,0.000120313,0.000134186,0.000145339,0.000153783,0.000159738,0.000163638,0.00016611,0.00016795,0.000170075,0.000173473,0.000179132,0.000187977,0.0002008,0.000218197,0.000240524,0.000267864,0.000300014,0.000336499,0.000376595,0.000419381,0.000463786,0.00050866,0.000552829,0.000595152,0.00063457,0.000670134,0.000701031,0.00072659,0.000746288,0.000759739,0.000766693,0.000767026,0.000760737,0.000747958,0.000728952,0.000704125,0.000674036,0.0006394,0.000601082,0.000560085,0.000517516,0.00047455,0.000432368,0.000392103,0.000354763,0.00032118,0.000291946,0.000267383,0.000247519,0.000232093,0.000220583,0.000212244,0.000206173,0.000201377,0.000196844,0.000191615,0.000184848,0.000175865,0.000164196,0.000149596,0.000132053,0.000111784,8.92119e-05,6.49404e-05,3.97134e-05,1.43726e-05,-1.01908e-05,-3.30855e-05,-5.34695e-05,-7.05965e-05,-8.38577e-05,-9.28147e-05,-9.72244e-05,-9.705e-05,-9.24613e-05,-8.38205e-05,-7.1657e-05,-5.6631e-05,-3.94901e-05,-2.10212e-05,-1.82338e-06,1.71913e-05,3.4415e-05,4.81714e-05,5.72089e-05,6.07765e-05,5.85829e-05,5.07951e-05,3.7976e-05,2.08642e-05,0
0,2.49972e-05,4.67137e-05,6.409e-05,7.60168e-05,8.15564e-05,8.03228e-05,7.26268e-05,5.94041e-05,4.20598e-05,2.23529e-05,2.21319e-06,-1.67418e-05,-3.37329e-05,-4.83267e-05,-5.99412e-05,-6.8112e-05,-7.25165e-05,-7.29891e-05,-6.95284e-05,-6.2295e-05,-5.16011e-05,-3.78941e-05,-2.17329e-05,-3.76054e-06,1.53274e-05,3.48167e-05,5.40095e-05,7.22607e-05,8.90129e-05,0.00010383,0.000116426,0.00012669,0.000134701,0.00014073,0.00014524,0.000148862,0.00015236,0.000156592,0.000162447,0.000170792,0.000182401,0.000197904,0.000217732,0.00024208,0.000270889,0.000303842,0.000340378,0.000379725,0.000420943,0.000462977,0.000504709,0.000545016,0.000582818,0.000617115,0.000647024,0.000671795,0.00069083,0.000703685,0.000710077,0.00070988,0.000703127,0.000690009,0.000670875,0.000646232,0.000616739,0.000583196,0.00054653,0.000507767,0.000467998,0.000428327,0.000389827,0.00035348,0.000320119,0.000290385,0.000264684,0.000243166,0.000225721,0.000211991,0.000201404,0.00019322,0.000186588,0.000180615,0.000174426,0.000167226,0.000158355,0.000147325,0.000133843,0.000117833,9.9424e-05,7.89435e-05,5.68895e-05,3.38991e-05,1.07089e-05,-1.18876e-05,-3.30855e-05,-5.2113e-05,-6.82742e-05,-8.09874e-05,-8.98171e-05,-9.44976e-05,-9.49475e-05,-9.1273e-05,-8.37598e-05,-7.28546e-05,-5.91368e-05,-4.32822e-05,-2.60212e-05,-8.09491e-06,9.93306e-06,2.72165e-05,4.23047e-05,5.37359e-05,6.04943e-05,6.20629e-05,5.83544e-05,4.96767e-05,3.66438e-05,1.99484e-05,0
0,2.42183e-05,4.56811e-05,6.3462e-05,7.64908e-05,8.3749e-05,8.46656e-05,7.92993e-05,6.83154e-05,5.2872e-05,3.4529e-05,1.50751e-05,-3.9374e-06,-2.1706e-05,-3.7757e-05,-5.14809e-05,-6.23595e-05,-6.99914e-05,-7.41106e-05,-7.45969e-05,-7.14797e-05,-6.49339e-05,-5.5269e-05,-4.29129e-05,-2.83897e-05,-1.22944e-05,4.73669e-06,2.20574e-05,3.90447e-05,5.51329e-05,6.9846e-05,8.28283e-05,9.38705e-05,0.000102929,0.000110137,0.000115806,0.000120411,0.000124571,0.000129011,0.000134517,0.000141882,0.00015185,0.000165059,0.000181994,0.000202938,0.000227953,0.000256863,0.000289256,0.000324509,0.000361813,0.000400222,0.000438697,0.000476161,0.000511546,0.000543839,0.000572122,0.000595602,0.000613635,0.00062574,0.000631613,0.00063113,0.000624347,0.0006115,0.000592996,0.000569406,0.00054145,0.000509976,0.000475932,0.000440332,0.000404217,0.000368605,0.000334444,0.000302565,0.000273633,0.000248114,0.000226248,0.000208044,0.00019328,0.000181531,0.0001722,0.000164574,0.000157873,0.000151312,0.000144157,0.000135776,0.000125679,0.000113548,9.9255e-05,8.28616e-05,6.46141e-05,4.49217e-05,2.43289e-05,3.48074e-06,-1.69162e-05,-3.61349e-05,-5.34695e-05,-6.82742e-05,-7.99992e-05,-8.82206e-05,-9.26636e-05,-9.32179e-05,-8.9943e-05,-8.30645e-05,-7.29609e-05,-6.01416e-05,-4.52168e-05,-2.88625e-05,-1.17812e-05,5.33731e-06,2.19681e-05,3.73325e-05,5.01366e-05,5.91312e-05,6.35344e-05,6.30611e-05,5.78279e-05,4.82838e-05,3.50952e-05,1.89083e-05,0
0,2.31816e-05,4.41569e-05,6.21539e-05,7.61533e-05,8.50672e-05,8.8147e-05,8.52028e-05,7.66274e-05,6.33259e-05,4.66488e-05,2.82323e-05,9.55094e-06,-8.58097e-06,-2.56606e-05,-4.10658e-05,-5.42422e-05,-6.47294e-05,-7.21811e-05,-7.6379e-05,-7.72402e-05,-7.48182e-05,-6.92974e-05,-6.09823e-05,-5.02815e-05,-3.76872e-05,-2.37506e-05,-9.05474e-06,5.81577e-06,2.03059e-05,3.39217e-05,4.62612e-05,5.70411e-05,6.61196e-05,7.35115e-05,7.93951e-05,8.41074e-05,8.81297e-05,9.20603e-05,9.65779e-05,0.000102396,0.000110213,0.00012066,0.000134249,0.000151333,0.000172072,0.000196412,0.000224078,0.000254587,0.000287265,0.000321285,0.000355706,0.000389521,0.000421709,0.000451279,0.000477314,0.000499011,0.000515707,0.00052691,0.000532307,0.000531775,0.000525388,0.000513406,0.000496268,0.000474577,0.000449075,0.000420615,0.000390131,0.00035859,0.000326956,0.000296142,0.000266963,0.0002401,0.000216056,0.000195143,0.000177458,0.000162892,0.000151142,0.00014174,0.000134091,0.000127524,0.000121342,0.000114876,0.00010753,9.88236e-05,8.84255e-05,7.61693e-05,6.20634e-05,4.62858e-05,2.91697e-05,1.11798e-05,-7.11863e-06,-2.50948e-05,-4.20904e-05,-5.74577e-05,-7.05965e-05,-8.09874e-05,-8.82206e-05,-9.20181e-05,-9.22494e-05,-8.89386e-05,-8.22632e-05,-7.25449e-05,-6.02326e-05,-4.58777e-05,-3.01045e-05,-1.35768e-05,3.03801e-06,1.91049e-05,3.41376e-05,4.74247e-05,5.78261e-05,6.43015e-05,6.62987e-05,6.37615e-05,5.70085e-05,4.66302e-05,3.33456e-05,1.77547e-05,0
0,2.19019e-05,4.21613e-05,6.01811e-05,7.50045e-05,8.54855e-05,9.07079e-05,9.02386e-05,8.41998e-05,7.32403e-05,5.8495e-05,4.14386e-05,2.34585e-05,5.37159e-06,-1.22994e-05,-2.89313e-05,-4.39492e-05,-5.68515e-05,-6.72318e-05,-7.47941e-05,-7.93634e-05,-8.08902e-05,-7.94495e-05,-7.52348e-05,-6.85472e-05,-5.9779e-05,-4.93948e-05,-3.79077e-05,-2.58527e-05,-1.37587e-05,-2.11858e-06,8.64041e-06,1.81843e-05,2.62964e-05,3.28964e-05,3.80508e-05,4.19758e-05,4.5029e-05,4.76906e-05,5.05352e-05,5.41936e-05,5.93091e-05,6.64898e-05,7.62615e-05,8.9024e-05,0.000105015,0.000124284,0.000146679,0.000171849,0.000199255,0.000228193,0.000257837,0.000287275,0.000315559,0.000341751,0.00036497,0.000384432,0.000399488,0.000409647,0.000414603,0.000414238,0.000408633,0.000398056,0.000382953,0.000363925,0.000341701,0.000317106,0.000291021,0.000264339,0.000237924,0.000212568,0.00018895,0.000167598,0.000148874,0.000132946,0.000119794,0.000109218,0.000100856,9.4221e-05,8.87382e-05,8.37935e-05,7.87792e-05,7.31397e-05,6.64116e-05,5.82553e-05,4.84771e-05,3.70403e-05,2.40652e-05,9.81873e-06,-5.30492e-06,-2.08106e-05,-3.61342e-05,-5.0677e-05,-6.38415e-05,-7.50663e-05,-8.38577e-05,-8.98171e-05,-9.26636e-05,-9.22494e-05,-8.85679e-05,-8.17551e-05,-7.20833e-05,-5.9947e-05,-4.58442e-05,-3.03503e-05,-1.40901e-05,2.29438e-06,1.81758e-05,3.29736e-05,4.62387e-05,5.73242e-05,6.52395e-05,6.91475e-05,6.87201e-05,6.41251e-05,5.58799e-05,4.47153e-05,3.14025e-05,1.64947e-05,0
0,2.03957e-05,3.97169e-05,5.75602e-05,7.30415e-05,8.49701e-05,9.22737e-05,9.42851e-05,9.08607e-05,8.23941e-05,6.9801e-05,5.43889e-05,3.74509e-05,1.97994e-05,1.97051e-06,-1.54214e-05,-3.17934e-05,-4.66191e-05,-5.94499e-05,-6.99321e-05,-7.78189e-05,-8.29774e-05,-8.53916e-05,-8.51591e-05,-8.2485e-05,-7.76701e-05,-7.10949e-05,-6.3201e-05,-5.44677e-05,-4.53867e-05,-3.6435e-05,-2.80465e-05,-2.05851e-05,-1.43196e-05,-9.40325e-06,-5.85848e-06,-3.57032e-06,-2.28806e-06,-1.63701e-06,-1.13988e-06,-2.47176e-07,1.62517e-06,5.05331e-06,1.05613e-05,1.85788e-05,2.94032e-05,4.3171e-05,5.98386e-05,7.91763e-05,0.000100774,0.000124061,0.000148332,0.000172788,0.000196578,0.000218845,0.000238769,0.000255616,0.00026877,0.000277765,0.000282308,0.000282289,0.000277788,0.000269067,0.000256555,0.000240823,0.00022256,0.000202526,0.000181525,0.000160349,0.000139747,0.000120378,0.000102782,8.73474e-05,7.42984e-05,6.36853e-05,5.53902e-05,4.91424e-05,4.45453e-05,4.11098e-05,3.82953e-05,3.55516e-05,3.23614e-05,2.82786e-05,2.296e-05,1.61891e-05,7.89004e-06,-1.86863e-06,-1.28801e-05,-2.48142e-05,-3.72399e-05,-4.96528e-05,-6.15075e-05,-7.225e-05,-8.13511e-05,-8.83367e-05,-9.28147e-05,-9.44976e-05,-9.32179e-05,-8.89386e-05,-8.17551e-05,-7.18924e-05,-5.96939e-05,-4.56055e-05,-3.0155e-05,-1.3927e-05,2.46471e-06,1.84061e-05,3.33118e-05,4.66539e-05,5.80167e-05,6.68142e-05,7.21995e-05,7.35317e-05,7.06994e-05,6.40878e-05,5.44078e-05,4.25269e-05,2.92669e-05,1.51334e-05,0
0,1.86826e-05,3.68509e-05,5.43115e-05,7.02632e-05,8.34843e-05,9.27613e-05,9.72055e-05,9.64162e-05,9.05362e-05,8.02625e-05,6.67321e-05,5.11386e-05,3.42845e-05,1.67145e-05,-9.72752e-07,-1.81968e-05,-3.44199e-05,-4.91679e-05,-6.20476e-05,-7.27599e-05,-8.11084e-05,-8.70046e-05,-9.0468e-05,-9.16224e-05,-9.06877e-05,-8.79682e-05,-8.38366e-05,-7.87145e-05,-7.30503e-05,-6.72943e-05,-6.18725e-05,-5.7161e-05,-5.34606e-05,-5.09753e-05,-4.9795e-05,-4.98849e-05,-5.10827e-05,-5.31041e-05,-5.55584e-05,-5.7972e-05,-5.982e-05,-6.05638e-05,-5.96908e-05,-5.67554e-05,-5.14156e-05,-4.34645e-05,-3.2852e-05,-1.96964e-05,-4.28372e-06,1.2944e-05,3.14122e-05,5.04453e-05,6.9306e-05,8.72377e-05,0.000103508,0.000117451,0.000128504,0.00013624,0.000140387,0.000140846,0.000137689,0.000131159,0.00012165,0.000109681,9.58727e-05,8.0902e-05,6.54679e-05,5.02489e-05,3.58639e-05,2.28376e-05,1.15713e-05,2.32255e-06,-4.80573e-06,-9.86529e-06,-1.30522e-05,-1.46868e-05,-1.51848e-05,-1.50229e-05,-1.47005e-05,-1.4701e-05,-1.54554e-05,-1.73106e-05,-2.05044e-05,-2.51498e-05,-3.12274e-05,-3.85876e-05,-4.69616e-05,-5.59791e-05,-6.51929e-05,-7.4107e-05,-8.22072e-05,-8.89917e-05,-9.40012e-05,-9.68452e-05,-9.72244e-05,-9.49475e-05,-8.9943e-05,-8.22632e-05,-7.20833e-05,-5.96939e-05,-4.54878e-05,-2.99428e-05,-1.36001e-05,2.95917e-06,1.91403e-05,3.43611e-05,4.8078e-05,5.98116e-05,6.91753e-05,7.56391e-05,7.84935e-05,7.72858e-05,7.21122e-05,6.35663e-05,5.25445e-05,4.0045e-05,2.69362e-05,1.36743e-05,0
0,1.67854e-05,3.35967e-05,5.0463e-05,6.6675e-05,8.09956e-05,9.20876e-05,9.88575e-05,0.000100661,9.73989e-05,8.95527e-05,7.80879e-05,6.40951e-05,4.8363e-05,3.14411e-05,1.39074e-05,-3.66812e-06,-2.07476e-05,-3.68452e-05,-5.15446e-05,-6.45123e-05,-7.55075e-05,-8.43881e-05,-9.11131e-05,-9.57413e-05,-9.84254e-05,-9.94037e-05,-9.89865e-05,-9.75401e-05,-9.54673e-05,-9.31854e-05,-9.1102e-05,-8.95909e-05,-8.89677e-05,-8.94678e-05,-9.12279e-05,-9.42729e-05,-9.85096e-05,-0.000103728,-0.00010961,-0.000115749,-0.000121677,-0.000126894,-0.000130904,-0.000133257,-0.000133578,-0.000131605,-0.000127208,-0.000120405,-0.000111367,-0.00010041,-8.79789e-05,-7.46186e-05,-6.09421e-05,-4.75915e-05,-3.51977e-05,-2.43416e-05,-1.5518e-05,-9.10617e-06,-5.34759e-06,-4.33305e-06,-5.99899e-06,-1.01337e-05,-1.6393e-05,-2.43233e-05,-3.33923e-05,-4.30238e-05,-5.2635e-05,-6.16742e-05,-6.96555e-05,-7.61892e-05,-8.10048e-05,-8.3966e-05,-8.50755e-05,-8.44703e-05,-8.24075e-05,-7.92411e-05,-7.5393e-05,-7.13196e-05,-6.74757e-05,-6.42809e-05,-6.2088e-05,-6.1158e-05,-6.16414e-05,-6.35684e-05,-6.68471e-05,-7.12702e-05,-7.65289e-05,-8.22333e-05,-8.7937e-05,-9.31646e-05,-9.74411e-05,-0.00010032,-0.000101408,-0.000100391,-9.705e-05,-9.1273e-05,-8.30645e-05,-7.25449e-05,-5.9947e-05,-4.56055e-05,-2.99428e-05,-1.34512e-05,3.32789e-06,1.98269e-05,3.54755e-05,4.9725e-05,6.20718e-05,7.20802e-05,7.93876e-05,8.35152e-05,8.3884e-05,8.02205e-05,7.28179e-05,6.2466e-05,5.02359e-05,3.72468e-05,2.44071e-05,1.21214e-05,0
0,1.4732e-05,2.99971e-05,4.60543e-05,6.22949e-05,7.7483e-05,9.01788e-05,9.91052e-05,0.000103393,0.000102712,9.73379e-05,8.80641e-05,7.58766e-05,6.15464e-05,4.56251e-05,2.86666e-05,1.12239e-05,-6.17379e-06,-2.30406e-05,-3.8951e-05,-5.35531e-05,-6.65784e-05,-7.78491e-05,-8.72815e-05,-9.48855e-05,-0.000100762,-0.000105095,-0.000108141,-0.000110217,-0.000111682,-0.000112917,-0.000114306,-0.000116208,-0.00011894,-0.000122754,-0.000127812,-0.000134183,-0.000141821,-0.000150575,-0.000160185,-0.000170302,-0.000180505,-0.000190333,-0.000199312,-0.00020699,-0.000212974,-0.000216956,-0.00021874,-0.000218257,-0.000215573,-0.000210885,-0.000204512,-0.000196868,-0.000188438,-0.000179742,-0.000171301,-0.000163601,-0.00015706,-0.000152002,-0.000148636,-0.00014704,-0.000147167,-0.000148839,-0.000151771,-0.000155587,-0.000159853,-0.000164102,-0.000167876,-0.000170752,-0.000172376,-0.000172488,-0.000170938,-0.0001677,-0.000162865,-0.000156641,-0.000149331,-0.000141309,-0.000132997,-0.000124826,-0.000117206,-0.000110502,-0.000104998,-0.000100885,-9.82464e-05,-9.70498e-05,-9.71528e-05,-9.83114e-05,-0.000100197,-0.000102415,-0.000104534,-0.000106106,-0.0001067,-0.000105922,-0.000103441,-9.90052e-05,-9.24613e-05,-8.37598e-05,-7.29609e-05,-6.02326e-05,-4.58442e-05,-3.0155e-05,-1.36001e-05,3.32789e-06,2.00986e-05,3.61647e-05,5.0984e-05,6.40414e-05,7.48704e-05,8.3074e-05,8.83086e-05,9.01423e-05,8.81198e-05,8.21367e-05,7.26697e-05,6.06905e-05,4.74291e-05,3.41126e-05,2.16801e-05,1.04811e-05,0
0,1.25558e-05,2.61058e-05,4.11413e-05,5.71602e-05,7.29462e-05,8.69812e-05,9.7831e-05,0.000104424,0.00010622,0.000103294,9.62756e-05,8.60431e-05,7.33455e-05,5.87337e-05,4.27348e-05,2.58798e-05,8.68245e-06,-8.3809e-06,-2.48869e-05,-4.04784e-05,-5.48745e-05,-6.78775e-05,-7.93768e-05,-8.93496e-05,-9.78589e-05,-0.000105048,-0.000111131,-0.000116382,-0.00012112,-0.000125692,-0.000130452,-0.000135741,-0.000141865,-0.000149078,-0.000157556,-0.000167389,-0.000178567,-0.000190978,-0.000204407,-0.00021855,-0.000233029,-0.000247414,-0.000261253,-0.000274101,-0.000285551,-0.000295263,-0.000302986,-0.000308577,-0.000312008,-0.00031337,-0.000312861,-0.00031077,-0.000307456,-0.000303315,-0.000298757,-0.000294169,-0.000289889,-0.00028618,-0.000283215,-0.000281066,-0.000279696,-0.000278968,-0.000278661,-0.00027848,-0.000278092,-0.000277145,-0.000275301,-0.000272265,-0.000267809,-0.000261793,-0.000254176,-0.000245025,-0.000234507,-0.000222886,-0.000210497,-0.00019773,-0.000184996,-0.000172702,-0.00016122,-0.000150865,-0.000141869,-0.000134371,-0.000128402,-0.000123889,-0.00012066,-0.000118451,-0.00011693,-0.000115712,-0.000114387,-0.000112541,-0.000109785,-0.000105773,-0.000100225,-9.29422e-05,-8.38205e-05,-7.28546e-05,-6.01416e-05,-4.58777e-05,-3.03503e-05,-1.3927e-05,2.95917e-06,1.98269e-05,3.61647e-05,5.14508e-05,6.5173e-05,7.6849e-05,8.60465e-05,9.24025e-05,9.55891e-05,9.52176e-05,9.09493e-05,8.28376e-05,7.15273e-05,5.8152e-05,4.40811e-05,3.06323e-05,1.87631e-05,8.76389e-06,0
0,1.02966e-05,2.19904e-05,3.57996e-05,5.13333e-05,6.74135e-05,8.2472e-05,9.4948e-05,0.000103597,0.000107692,0.000107124,0.000102363,9.41785e-05,8.32934e-05,7.02528e-05,5.55538e-05,3.97018e-05,2.31892e-05,6.47596e-06,-1.00261e-05,-2.59655e-05,-4.10612e-05,-5.5109e-05,-6.79854e-05,-7.96494e-05,-9.01396e-05,-9.95709e-05,-0.000108126,-0.000116045,-0.000123613,-0.000131144,-0.000138964,-0.00014739,-0.000156713,-0.000167174,-0.000178954,-0.00019215,-0.000206771,-0.000222731,-0.000239846,-0.000257846,-0.000276385,-0.000295064,-0.000313451,-0.000331109,-0.000347627,-0.000362638,-0.000375851,-0.000387061,-0.00039616,-0.000403143,-0.000408101,-0.000411205,-0.000412695,-0.00041285,-0.00041197,-0.000410343,-0.000408227,-0.000405828,-0.000403281,-0.000400647,-0.000397905,-0.000394958,-0.000391645,-0.000387758,-0.000383057,-0.000377303,-0.000370276,-0.000361797,-0.000351754,-0.000340112,-0.000326927,-0.000312344,-0.000296592,-0.000279977,-0.000262859,-0.000245631,-0.000228696,-0.000212436,-0.000197193,-0.000183242,-0.000170778,-0.000159899,-0.000150609,-0.000142808,-0.000136311,-0.000130853,-0.000126107,-0.000121708,-0.000117273,-0.000112422,-0.000106806,-0.000100119,-9.2124e-05,-8.26603e-05,-7.1657e-05,-5.91368e-05,-4.52168e-05,-3.01045e-05,-1.40901e-05,2.46471e-06,1.91403e-05,3.54755e-05,5.0984e-05,6.5173e-05,7.75613e-05,8.76983e-05,9.51832e-05,9.96847e-05,0.000100889,9.84484e-05,9.21339e-05,8.21429e-05,6.92683e-05,5.47821e-05,4.01679e-05,2.68121e-05,1.56759e-05,6.98649e-06,0
0,8.00131e-06,1.77337e-05,3.01282e-05,4.49073e-05,6.09502e-05,7.66689e-05,9.04125e-05,0.000100799,0.000106943,0.000108573,0.000106008,9.99113e-05,9.09692e-05,7.9713e-05,6.6606e-05,5.21249e-05,3.67364e-05,2.08783e-05,4.94397e-06,-1.07295e-05,-2.58704e-05,-4.02791e-05,-5.3831e-05,-6.64781e-05,-7.82473e-05,-8.9236e-05,-9.96053e-05,-0.00010957,-0.000119389,-0.000129347,-0.000139742,-0.000150867,-0.00016299,-0.000176339,-0.000191083,-0.00020732,-0.000225064,-0.000244242,-0.00026469,-0.000286163,-0.00030834,-0.000330845,-0.000353267,-0.000375179,-0.00039617,-0.000415858,-0.000433921,-0.000450104,-0.000464235,-0.000476227,-0.000486074,-0.000493846,-0.000499671,-0.000503722,-0.000506195,-0.000507285,-0.000507175,-0.000506012,-0.000503898,-0.000500883,-0.000496959,-0.000492067,-0.000486105,-0.000478942,-0.000470431,-0.000460433,-0.000448835,-0.000435565,-0.00042061,-0.000404029,-0.000385955,-0.000366598,-0.000346236,-0.000325204,-0.000303878,-0.000282652,-0.000261916,-0.000242035,-0.000223323,-0.00020603,-0.000190323,-0.000176279,-0.000163884,-0.000153033,-0.000143538,-0.000135144,-0.000127542,-0.000120392,-0.000113338,-0.000106035,-9.81666e-05,-8.94619e-05,-7.97131e-05,-6.87865e-05,-5.6631e-05,-4.32822e-05,-2.88625e-05,-1.35768e-05,2.29438e-06,1.84061e-05,3.43611e-05,4.9725e-05,6.40414e-05,7.6849e-05,8.76983e-05,9.61695e-05,0.000101891,0.000104563,0.000103891,9.95664e-05,9.1462e-05,7.99022e-05,6.58026e-05,5.05436e-05,3.56935e-05,2.26808e-05,1.24538e-05,5.17354e-06,0
0,5.72398e-06,1.34342e-05,2.42516e-05,3.80106e-05,5.36651e-05,6.96401e-05,8.42345e-05,9.59708e-05,0.000103841,0.00010744,0.000106951,0.000102932,9.60213e-05,8.67156e-05,7.54424e-05,6.26475e-05,4.8769e-05,3.42178e-05,1.93632e-05,4.52158e-06,-1.00526e-05,-2.4172e-05,-3.77201e-05,-5.06515e-05,-6.29905e-05,-7.48265e-05,-8.63078e-05,-9.76322e-05,-0.000109036,-0.000120782,-0.000133142,-0.000146384,-0.000160752,-0.000176454,-0.000193644,-0.00021241,-0.000232763,-0.000254633,-0.000277868,-0.000302237,-0.00032744,-0.000353121,-0.000378886,-0.000404324,-0.000429025,-0.000452603,-0.000474715,-0.000495068,-0.00051344,-0.000529676,-0.000543692,-0.000555466,-0.000565033,-0.000572467,-0.000577872,-0.00058136,-0.000583043,-0.000583015,-0.000581345,-0.000578073,-0.000573202,-0.000566709,-0.000558543,-0.000548641,-0.000536941,-0.000523392,-0.000507973,-0.000490704,-0.000471657,-0.000450967,-0.000428829,-0.000405503,-0.000381302,-0.000356581,-0.000331724,-0.000307122,-0.000283154,-0.000260167,-0.000238459,-0.000218259,-0.000199722,-0.000182914,-0.000167818,-0.000154333,-0.000142283,-0.00013143,-0.000121489,-0.000112146,-0.000103077,-9.39654e-05,-8.45242e-05,-7.45082e-05,-6.37304e-05,-5.2072e-05,-3.94901e-05,-2.60212e-05,-1.17812e-05,3.03801e-06,1.81758e-05,3.33118e-05,4.8078e-05,6.20718e-05,7.48704e-05,8.60465e-05,9.51832e-05,0.000101891,0.000105827,0.000106717,0.000104311,9.83399e-05,8.87636e-05,7.60095e-05,6.10845e-05,4.54416e-05,3.06978e-05,1.82951e-05,9.15095e-06,3.3588e-06,0
0,3.52515e-06,9.20594e-06,1.83205e-05,3.08091e-05,4.5716e-05,6.15117e-05,7.64885e-05,8.91199e-05,9.83201e-05,0.000103587,0.000104995,0.000103003,9.81927e-05,9.09575e-05,8.17076e-05,7.08592e-05,5.88181e-05,4.59642e-05,3.2638e-05,1.91298e-05,5.6718e-06,-7.56738e-06,-2.04852e-05,-3.30459e-05,-4.52779e-05,-5.72697e-05,-6.91635e-05,-8.11458e-05,-9.34372e-05,-0.00010628,-0.000119924,-0.000134611,-0.000150564,-0.000167965,-0.00018695,-0.00020759,-0.000229889,-0.000253772,-0.000279093,-0.000305629,-0.000333096,-0.000361156,-0.000389434,-0.000417532,-0.000445053,-0.00047161,-0.000496848,-0.000520453,-0.000542164,-0.000561774,-0.000579134,-0.000594149,-0.000606773,-0.000616999,-0.000624847,-0.000630358,-0.00063358,-0.000634561,-0.00063334,-0.000629945,-0.00062439,-0.000616679,-0.000606807,-0.000594772,-0.000580579,-0.000564254,-0.000545852,-0.000525469,-0.000503245,-0.000479373,-0.000454098,-0.000427714,-0.000400556,-0.000372992,-0.000345404,-0.000318179,-0.000291683,-0.000266251,-0.000242166,-0.000219648,-0.000198846,-0.000179826,-0.000162579,-0.000147016,-0.000132981,-0.000120259,-0.000108593,-9.76976e-05,-8.72776e-05,-7.70444e-05,-6.67333e-05,-5.61184e-05,-4.50251e-05,-3.33407e-05,-2.10212e-05,-8.09491e-06,5.33731e-06,1.91049e-05,3.29736e-05,4.66539e-05,5.98116e-05,7.20802e-05,8.3074e-05,9.24025e-05,9.96847e-05,0.000104563,0.000106717,0.000105866,0.000101906,9.45856e-05,8.39241e-05,7.04185e-05,5.51271e-05,3.95337e-05,2.52648e-05,1.37443e-05,5.84216e-06,1.58575e-06,0
0,1.47064e-06,5.17643e-06,1.25102e-05,2.35069e-05,3.73126e-05,5.24742e-05,6.7322e-05,8.03314e-05,9.03904e-05,9.69468e-05,0.000100007,9.99884e-05,9.72512e-05,9.21586e-05,8.50846e-05,7.64068e-05,6.64926e-05,5.56855e-05,4.42925e-05,3.25739e-05,2.07352e-05,8.92266e-06,-2.77958e-06,-1.43492e-05,-2.58235e-05,-3.72945e-05,-4.89022e-05,-6.08259e-05,-7.32738e-05,-8.64707e-05,-0.000100646,-0.000116018,-0.000132784,-0.000151103,-0.000171087,-0.00019279,-0.000216201,-0.000241242,-0.000267763,-0.000295551,-0.000324334,-0.000353792,-0.000383569,-0.000413288,-0.000442565,-0.000471024,-0.000498309,-0.000524096,-0.000548098,-0.000570074,-0.000589825,-0.000607201,-0.000622089,-0.000634415,-0.000644133,-0.000651223,-0.000655678,-0.000657506,-0.00065672,-0.000653337,-0.000647379,-0.000638871,-0.000627846,-0.000614348,-0.000598439,-0.000580205,-0.000559763,-0.000537264,-0.000512901,-0.000486909,-0.000459564,-0.000431181,-0.000402107,-0.00037271,-0.000343367,-0.000314453,-0.000286322,-0.000259296,-0.000233648,-0.000209592,-0.000187277,-0.000166778,-0.000148098,-0.000131169,-0.000115857,-0.000101978,-8.93033e-05,-7.7577e-05,-6.65317e-05,-5.59036e-05,-4.54475e-05,-3.4951e-05,-2.42465e-05,-1.32212e-05,-1.82338e-06,9.93306e-06,2.19681e-05,3.41376e-05,4.62387e-05,5.80167e-05,6.91753e-05,7.93876e-05,8.83086e-05,9.55891e-05,0.000100889,0.000103891,0.000104311,0.000101906,9.64704e-05,8.81805e-05,7.69022e-05,6.31592e-05,4.80155e-05,3.29398e-05,1.9527e-05,9.15236e-06,2.62336e-06,-9.26349e-08,0
0,-3.70626e-07,1.48295e-06,7.01675e-06,1.63436e-05,2.8717e-05,4.27872e-05,5.69649e-05,6.97785e-05,8.01454e-05,8.75197e-05,9.19759e-05,9.36964e-05,9.29384e-05,8.99977e-05,8.51925e-05,7.88496e-05,7.12901e-05,6.28151e-05,5.36935e-05,4.41516e-05,3.43657e-05,2.44569e-05,1.44891e-05,4.46901e-06,-5.65106e-06,-1.59682e-05,-2.6622e-05,-3.77859e-05,-4.96566e-05,-6.24428e-05,-7.63531e-05,-9.15835e-05,-0.000108305,-0.000126652,-0.000146713,-0.000168523,-0.000192056,-0.000217226,-0.000243883,-0.000271821,-0.000300782,-0.000330466,-0.00036054,-0.000390651,-0.000420439,-0.000449546,-0.000477627,-0.00050436,-0.000529448,-0.00055263,-0.000573678,-0.0005924,-0.000608638,-0.000622267,-0.000633188,-0.000641333,-0.000646655,-0.000649126,-0.000648738,-0.000645499,-0.000639434,-0.000630584,-0.000619009,-0.000604788,-0.000588026,-0.000568852,-0.000547424,-0.000523935,-0.000498609,-0.000471707,-0.00044352,-0.000414371,-0.000384602,-0.000354573,-0.000324647,-0.000295182,-0.000266515,-0.000238953,-0.000212759,-0.000188145,-0.000165262,-0.000144194,-0.000124961,-0.000107519,-9.1763e-05,-7.75368e-05,-6.4644e-05,-5.28593e-05,-4.19429e-05,-3.16541e-05,-2.17656e-05,-1.2076e-05,-2.42196e-06,7.31306e-06,1.71913e-05,2.72165e-05,3.73325e-05,4.74247e-05,5.73242e-05,6.68142e-05,7.56391e-05,8.35152e-05,9.01423e-05,9.52176e-05,9.84484e-05,9.95664e-05,9.83399e-05,9.45856e-05,8.81805e-05,7.90876e-05,6.77534e-05,5.43571e-05,3.992e-05,2.58495e-05,1.36691e-05,4.67757e-06,-3.90019e-07,-1.61527e-06,0
0,-1.92979e-06,-1.73315e-06,2.05048e-06,9.58895e-06,2.02415e-05,3.27815e-05,4.57366e-05,5.77362e-05,6.778e-05,7.55612e-05,8.09991e-05,8.41528e-05,8.51752e-05,8.42788e-05,8.17117e-05,7.77395e-05,7.26287e-05,6.66321e-05,5.99761e-05,5.28502e-05,4.5399e-05,3.77179e-05,2.985e-05,2.17869e-05,1.34713e-05,4.80202e-06,-4.35898e-06,-1.41778e-05,-2.48387e-05,-3.65332e-05,-4.94485e-05,-6.37565e-05,-7.96026e-05,-9.70963e-05,-0.000116303,-0.000137238,-0.000159863,-0.000184085,-0.000209755,-0.000236678,-0.000264612,-0.000293281,-0.000322381,-0.00035159,-0.000380578,-0.000409015,-0.000436578,-0.000462959,-0.000487868,-0.00051104,-0.000532233,-0.000551234,-0.000567855,-0.000581937,-0.00059335,-0.000601988,-0.000607774,-0.000610656,-0.00061061,-0.000607634,-0.000601754,-0.000593021,-0.000581513,-0.00056733,-0.000550604,-0.000531489,-0.00051017,-0.00048686,-0.000461799,-0.000435255,-0.000407518,-0.000378902,-0.000349737,-0.00032036,-0.000291113,-0.000262328,-0.00023432,-0.000207377,-0.00018175,-0.000157645,-0.000135213,-0.000114552,-9.56981e-05,-7.86296e-05,-6.32707e-05,-4.94969e-05,-3.71439e-05,-2.60177e-05,-1.59067e-05,-6.59421e-06,2.129e-06,1.04527e-05,1.85363e-05,2.64994e-05,3.4415e-05,4.23047e-05,5.01366e-05,5.78261e-05,6.52395e-05,7.21995e-05,7.84935e-05,8.3884e-05,8.81198e-05,9.09493e-05,9.21339e-05,9.1462e-05,8.87636e-05,8.39241e-05,7.69022e-05,6.77534e-05,5.66618e-05,4.42536e-05,3.11074e-05,1.85261e-05,7.92647e-06,5.0892e-07,-3.06723e-06,-2.91567e-06,0
0,-3.14217e-06,-4.33428e-06,-2.17433e-06,3.5323e-06,1.22408e-05,2.28575e-05,3.40541e-05,4.45986e-05,5.38928e-05,6.16163e-05,6.76028e-05,7.1814e-05,7.43086e-05,7.5214e-05,7.47025e-05,7.29724e-05,7.02302e-05,6.6676e-05,6.24901e-05,5.78232e-05,5.27879e-05,4.74536e-05,4.18445e-05,3.59391e-05,2.96734e-05,2.29456e-05,1.56226e-05,7.5492e-06,-1.44332e-06,-1.15264e-05,-2.28639e-05,-3.56024e-05,-4.98614e-05,-6.57257e-05,-8.32393e-05,-0.0001024,-0.00012316,-0.000145422,-0.000169044,-0.000193843,-0.000219601,-0.000246071,-0.000272981,-0.000300049,-0.000326982,-0.000353485,-0.00037927,-0.000404053,-0.000427565,-0.000449551,-0.000469773,-0.000488012,-0.000504071,-0.000517775,-0.000528973,-0.000537542,-0.000543385,-0.000546436,-0.000546657,-0.000544041,-0.000538613,-0.000530426,-0.000519564,-0.000506141,-0.000490296,-0.000472196,-0.000452034,-0.000430026,-0.000406409,-0.000381443,-0.000355404,-0.000328583,-0.000301283,-0.000273812,-0.000246477,-0.00021958,-0.000193407,-0.00016822,-0.000144254,-0.000121702,-0.000100718,-8.14021e-05,-6.38079e-05,-4.79356e-05,-3.37364e-05,-2.11168e-05,-9.94482e-06,-5.87158e-08,8.72322e-06,1.65918e-05,2.37355e-05,3.033e-05,3.65273e-05,4.24475e-05,4.81714e-05,5.37359e-05,5.91312e-05,6.43015e-05,6.91475e-05,7.35317e-05,7.72858e-05,8.02205e-05,8.21367e-05,8.28376e-05,8.21429e-05,7.99022e-05,7.60095e-05,7.04185e-05,6.31592e-05,5.43571e-05,4.42536e-05,3.32223e-05,2.19462e-05,1.13037e-05,2.57789e-06,-3.14241e-06,-5.2694e-06,-3.92607e-06,0
0,-3.95245e-06,-6.19679e-06,-5.45309e-06,-1.53209e-06,5.09905e-06,1.34784e-05,2.24346e-05,3.12401e-05,3.94411e-05,4.6703e-05,5.28107e-05,5.76576e-05,6.1226e-05,6.35669e-05,6.478e-05,6.49959e-05,6.43601e-05,6.30184e-05,6.11045e-05,5.87296e-05,5.5975e-05,5.28862e-05,4.94708e-05,4.56982e-05,4.1502e-05,3.67845e-05,3.1423e-05,2.52776e-05,1.81998e-05,1.00416e-05,6.65064e-07,-1.00496e-05,-2.21962e-05,-3.58361e-05,-5.09939e-05,-6.76546e-05,-8.57631e-05,-0.000105225,-0.000125908,-0.00014765,-0.000170259,-0.000193522,-0.000217207,-0.000241075,-0.000264875,-0.000288359,-0.000311277,-0.000333381,-0.000354434,-0.000374204,-0.000392471,-0.000409026,-0.000423679,-0.000436254,-0.000446598,-0.000454581,-0.000460102,-0.000463084,-0.000463487,-0.000461296,-0.000456534,-0.000449253,-0.000439534,-0.00042749,-0.00041326,-0.000397005,-0.00037891,-0.00035918,-0.000338035,-0.000315712,-0.00029246,-0.000268537,-0.000244209,-0.000219743,-0.000195408,-0.000171466,-0.000148166,-0.00012574,-0.000104398,-8.43194e-05,-6.56471e-05,-4.84862e-05,-3.28988e-05,-1.89034e-05,-6.47543e-06,4.44965e-06,1.3972e-05,2.22208e-05,2.93462e-05,3.55101e-05,4.08767e-05,4.5603e-05,4.98288e-05,5.36696e-05,5.72089e-05,6.04943e-05,6.35344e-05,6.62987e-05,6.87201e-05,7.06994e-05,7.21122e-05,7.28179e-05,7.26697e-05,7.15273e-05,6.92683e-05,6.58026e-05,6.10845e-05,5.51271e-05,4.80155e-05,3.992e-05,3.11074e-05,2.19462e-05,1.2901e-05,4.57644e-06,-2.06789e-06,-6.05643e-06,-6.85989e-06,-4.58308e-06,0
0,-4.32066e-06,-7.22321e-06,-7.60869e-06,-5.32642e-06,-7.91154e-07,5.15313e-06,1.18417e-05,1.88243e-05,2.57081e-05,3.21778e-05,3.80037e-05,4.30404e-05,4.72167e-05,5.0523e-05,5.29965e-05,5.47069e-05,5.57426e-05,5.61981e-05,5.61622e-05,5.57092e-05,5.48913e-05,5.37332e-05,5.22298e-05,5.03459e-05,4.80176e-05,4.51568e-05,4.16563e-05,3.73968e-05,3.2254e-05,2.6107e-05,1.88456e-05,1.03774e-05,6.33751e-07,-1.04257e-05,-2.28098e-05,-3.64948e-05,-5.14241e-05,-6.75105e-05,-8.46388e-05,-0.000102669,-0.000121442,-0.000140783,-0.000160503,-0.000180408,-0.000200297,-0.000219967,-0.000239215,-0.000257836,-0.000275631,-0.000292402,-0.000307957,-0.000322114,-0.000334697,-0.000345547,-0.000354522,-0.000361498,-0.000366377,-0.000369084,-0.000369577,-0.00036784,-0.00036389,-0.000357773,-0.000349564,-0.000339364,-0.000327298,-0.000313512,-0.000298172,-0.000281457,-0.000263559,-0.000244683,-0.00022504,-0.000204846,-0.000184323,-0.000163693,-0.000143179,-0.000122997,-0.000103355,-8.44501e-05,-6.64603e-05,-4.95423e-05,-3.38264e-05,-1.94122e-05,-6.36592e-06,5.28175e-06,1.55357e-05,2.4435e-05,3.20503e-05,3.84785e-05,4.38371e-05,4.8257e-05,5.18741e-05,5.48217e-05,5.72223e-05,5.91803e-05,6.07765e-05,6.20629e-05,6.30611e-05,6.37615e-05,6.41251e-05,6.40878e-05,6.35663e-05,6.2466e-05,6.06905e-05,5.8152e-05,5.47821e-05,5.05436e-05,4.54416e-05,3.95337e-05,3.29398e-05,2.58495e-05,1.85261e-05,1.13037e-05,4.57644e-06,-1.22296e-06,-5.69377e-06,-8.02283e-06,-7.71762e-06,-4.83451e-06,0
0,-4.22873e-06,-7.35629e-06,-8.51301e-06,-7.61702e-06,-5.0598e-06,-1.28766e-06,3.37212e-06,8.58509e-06,1.40383e-05,1.94615e-05,2.46393e-05,2.94156e-05,3.36907e-05,3.74151e-05,4.05796e-05,4.32052e-05,4.53329e-05,4.70126e-05,4.82944e-05,4.92204e-05,4.98179e-05,5.00954e-05,5.00394e-05,4.96146e-05,4.87647e-05,4.74157e-05,4.54803e-05,4.28635e-05,3.94686e-05,3.52033e-05,2.99859e-05,2.37505e-05,1.64513e-05,8.0657e-06,-1.40372e-06,-1.19291e-05,-2.34579e-05,-3.59151e-05,-4.92055e-05,-6.32174e-05,-7.78254e-05,-9.28938e-05,-0.000108279,-0.000123834,-0.000139404,-0.000154837,-0.000169974,-0.000184659,-0.000198734,-0.000212042,-0.000224426,-0.000235737,-0.000245829,-0.000254567,-0.000261828,-0.000267507,-0.000271515,-0.000273789,-0.000274287,-0.000272995,-0.000269924,-0.000265112,-0.00025862,-0.000250533,-0.000240955,-0.000230008,-0.000217828,-0.000204562,-0.000190367,-0.000175406,-0.000159848,-0.000143863,-0.000127625,-0.000111309,-9.50864e-05,-7.91269e-05,-6.35945e-05,-4.86449e-05,-3.44219e-05,-2.10544e-05,-8.65277e-06,2.69489e-06,1.29251e-05,2.20015e-05,2.99151e-05,3.66846e-05,4.23546e-05,4.69921e-05,5.06825e-05,5.35244e-05,5.56232e-05,5.70848e-05,5.80093e-05,5.84848e-05,5.85829e-05,5.83544e-05,5.78279e-05,5.70085e-05,5.58799e-05,5.44078e-05,5.25445e-05,5.02359e-05,4.74291e-05,4.40811e-05,4.01679e-05,3.56935e-05,3.06978e-05,2.52648e-05,1.9527e-05,1.36691e-05,7.92647e-06,2.57789e-06,-2.06789e-06,-5.69377e-06,-8.00231e-06,-8.86395e-06,-7.75261e-06,-4.64704e-06,0
0,-3.68699e-06,-6.59402e-06,-8.11164e-06,-8.24857e-06,-7.18377e-06,-5.06514e-06,-2.09274e-06,1.5085e-06,5.51237e-06,9.71007e-06,1.39229e-05,1.80092e-05,2.18658e-05,2.54256e-05,2.86531e-05,3.15375e-05,3.40858e-05,3.63149e-05,3.82451e-05,3.98936e-05,4.12693e-05,4.23695e-05,4.31775e-05,4.36618e-05,4.37775e-05,4.34679e-05,4.26684e-05,4.13099e-05,3.93238e-05,3.66461e-05,3.32221e-05,2.90095e-05,2.39819e-05,1.81298e-05,1.14625e-05,4.00679e-06,-4.19319e-06,-1.30783e-05,-2.25765e-05,-3.26053e-05,-4.30738e-05,-5.38854e-05,-6.4939e-05,-7.61303e-05,-8.73527e-05,-9.84973e-05,-0.000109453,-0.000120108,-0.000130348,-0.000140057,-0.000149119,-0.000157422,-0.000164855,-0.000171313,-0.000176702,-0.000180938,-0.000183953,-0.000185694,-0.000186127,-0.000185241,-0.000183041,-0.000179556,-0.000174832,-0.000168932,-0.000161936,-0.000153935,-0.000145033,-0.00013534,-0.000124973,-0.000114051,-0.000102699,-9.10418e-05,-7.9204e-05,-6.73114e-05,-5.54881e-05,-4.38567e-05,-3.25359e-05,-2.164e-05,-1.12759e-05,-1.54129e-06,7.47824e-06,1.57115e-05,2.31041e-05,2.96205e-05,3.52447e-05,3.99811e-05,4.38533e-05,4.69027e-05,4.91853e-05,5.07689e-05,5.17278e-05,5.2139e-05,5.2077e-05,5.16099e-05,5.07951e-05,4.96767e-05,4.82838e-05,4.66302e-05,4.47153e-05,4.25269e-05,4.0045e-05,3.72468e-05,3.41126e-05,3.06323e-05,2.68121e-05,2.26808e-05,1.82951e-05,1.37443e-05,9.15236e-06,4.67757e-06,5.0892e-07,-3.14241e-06,-6.05643e-06,-8.02283e-06,-8.86395e-06,-8.46116e-06,-6.92311e-06,-4.01426e-06,0
0,-2.74002e-06,-5.00419e-06,-6.45028e-06,-7.0618e-06,-6.83785e-06,-5.83898e-06,-4.16984e-06,-1.96191e-06,6.42572e-07,3.50413e-06,6.49627e-06,9.51194e-06,1.24666e-05,1.52983e-05,1.79658e-05,2.04454e-05,2.27263e-05,2.48063e-05,2.66873e-05,2.8371e-05,2.98557e-05,3.11334e-05,3.21888e-05,3.29979e-05,3.35296e-05,3.37461e-05,3.36056e-05,3.30644e-05,3.20803e-05,3.06148e-05,2.86363e-05,2.61219e-05,2.30593e-05,1.94472e-05,1.52961e-05,1.06278e-05,5.47413e-06,-1.24278e-07,-6.11938e-06,-1.24575e-05,-1.90808e-05,-2.59283e-05,-3.29372e-05,-4.00427e-05,-4.71789e-05,-5.4278e-05,-6.12709e-05,-6.80863e-05,-7.46514e-05,-8.08917e-05,-8.67318e-05,-9.20967e-05,-9.69131e-05,-0.000101111,-0.000104626,-0.000107401,-0.00010939,-0.000110555,-0.000110874,-0.000110336,-0.000108945,-0.000106719,-0.000103687,-9.98933e-05,-9.53887e-05,-9.02345e-05,-8.44983e-05,-7.82531e-05,-7.15749e-05,-6.45422e-05,-5.72349e-05,-4.97332e-05,-4.21171e-05,-3.44667e-05,-2.68609e-05,-1.9378e-05,-1.20941e-05,-5.083e-06,1.58513e-06,7.84532e-06,1.36392e-05,1.89169e-05,2.36382e-05,2.77747e-05,3.131e-05,3.42407e-05,3.65763e-05,3.83381e-05,3.95577e-05,4.02754e-05,4.05369e-05,4.0391e-05,3.9886e-05,3.90677e-05,3.7976e-05,3.66438e-05,3.50952e-05,3.33456e-05,3.14025e-05,2.92669e-05,2.69362e-05,2.44071e-05,2.16801e-05,1.87631e-05,1.56759e-05,1.24538e-05,9.15095e-06,5.84216e-06,2.62336e-06,-3.90019e-07,-3.06723e-06,-5.2694e-06,-6.85989e-06,-7.71762e-06,-7.75261e-06,-6.92311e-06,-5.25335e-06,-2.96456e-06,0
0,-1.47052e-06,-2.73715e-06,-3.6457e-06,-4.14213e-06,-4.2099e-06,-3.86452e-06,-3.14642e-06,-2.11306e-06,-8.31135e-07,6.30524e-07,2.20656e-06,3.83906e-06,5.47975e-06,7.09085e-06,8.64456e-06,1.01219e-05,1.15108e-05,1.28042e-05,1.39976e-05,1.50875e-05,1.60694e-05,1.69364e-05,1.76787e-05,1.82833e-05,1.87339e-05,1.90117e-05,1.90965e-05,1.89678e-05,1.86061e-05,1.79944e-05,1.7119e-05,1.5971e-05,1.45466e-05,1.28476e-05,1.08811e-05,8.65948e-06,6.19986e-06,3.5231e-06,6.53193e-07,-2.3836e-06,-5.55939e-06,-8.8452e-06,-1.22113e-05,-1.56272e-05,-1.9062e-05,-2.24838e-05,-2.58596e-05,-2.91555e-05,-3.23363e-05,-3.53656e-05,-3.82066e-05,-4.0822e-05,-4.31753e-05,-4.52314e-05,-4.69578e-05,-4.83257e-05,-4.9311e-05,-4.9895e-05,-5.00655e-05,-4.98171e-05,-4.91511e-05,-4.80759e-05,-4.66064e-05,-4.47634e-05,-4.25729e-05,-4.00649e-05,-3.72729e-05,-3.4233e-05,-3.09826e-05,-2.75603e-05,-2.40048e-05,-2.03552e-05,-1.66503e-05,-1.29287e-05,-9.22846e-06,-5.5873e-06,-2.04221e-06,1.37078e-06,4.6171e-06,7.66424e-06,1.04825e-05,1.30459e-05,1.53326e-05,1.73265e-05,1.90168e-05,2.03991e-05,2.14753e-05,2.22533e-05,2.27461e-05,2.29716e-05,2.29508e-05,2.27066e-05,2.22626e-05,2.16415e-05,2.08642e-05,1.99484e-05,1.89083e-05,1.77547e-05,1.64947e-05,1.51334e-05,1.36743e-05,1.21214e-05,1.04811e-05,8.76389e-06,6.98649e-06,5.17354e-06,3.3588e-06,1.58575e-06,-9.26349e-08,-1.61527e-06,-2.91567e-06,-3.92607e-06,-4.58308e-06,-4.83451e-06,-4.64704e-06,-4.01426e-06,-2.96456e-06,-1.56901e-06,0
0,0,0,0,0,0,0,0,0,0,0,0,0,0,0,0,0,0,0,0,0,0,0,0,0,0,0,0,0,0,0,0,0,0,0,0,0,0,0,0,0,0,0,0,0,0,0,0,0,0,0,0,0,0,0,0,0,0,0,0,0,0,0,0,0,0,0,0,0,0,0,0,0,0,0,0,0,0,0,0,0,0,0,0,0,0,0,0,0,0,0,0,0,0,0,0,0,0,0,0,0,0,0,0,0,0,0,0,0,0,0,0,0,0,0,0,0,0,0,0
