0,0,0,0,0,0,0,0,0,0,0,0,0,0,0,0,0,0,0,0,0,0,0,0,0,0,0,0,0,0,0,0,0,0,0,0,0,0,0,0,0,0,0,0,0,0,0,0,0,0,0,0,0,0,0,0,0,0,0,0,0,0,0,0,0,0,0,0,0,0,0,0,0,0,0,0,0,0,0,0,0,0,0,0,0,0,0,0,0,0,0,0,0,0,0,0,0,0,0,0,0,0,0,0,0,0,0,0,0,0,0,0,0,0,0,0,0,0,0,0
0,3.00152e-06,5.56696e-06,7.76484e-06,9.55118e-06,1.08928e-05,1.17739e-05,1.21959e-05,1.21751e-05,1.17396e-05,1.09263e-05,9.77806e-06,8.34189e-06,6.66724e-06,4.80469e-06,2.80471e-06,7.16592e-07,-1.41266e-06,-3.5393e-06,-5.62384e-06,-7.63182e-06,-9.53444e-06,-1.13089e-05,-1.29387e-05,-1.44132e-05,-1.57273e-05,-1.68807e-05,-1.78771e-05,-1.87227e-05,-1.94259e-05,-1.9995e-05,-2.04384e-05,-2.07625e-05,-2.09721e-05,-2.1069e-05,-2.10525e-05,-2.09194e-05,-2.06642e-05,-2.028e-05,-1.97593e-05,-1.90951e-05,-1.82816e-05,-1.73156e-05,-1.61975e-05,-1.49318e-05,-1.35279e-05,-1.20006e-05,-1.03698e-05,-8.66057e-06,-6.90269e-06,-5.12966e-06,-3.37784e-06,-1.68519e-06,-8.99919e-08,1.3706e-06,2.66191e-06,3.75308e-06,4.61826e-06,5.23757e-06,5.59786e-06,5.69321e-06,5.52503e-06,5.10202e-06,4.43971e-06,3.5598e-06,2.48925e-06,1.25922e-06,-9.61769e-08,-1.54117e-06,-3.03965e-06,-4.55642e-06,-6.05842e-06,-7.51573e-06,-8.9024e-06,-1.0197e-05,-1.13831e-05,-1.24489e-05,-1.33876e-05,-1.41965e-05,-1.48762e-05,-1.54302e-05,-1.58637e-05,-1.61825e-05,-1.63925e-05,-1.64985e-05,-1.65036e-05,-1.6409e-05,-1.62136e-05,-1.59141e-05,-1.55053e-05,-1.49805e-05,-1.43322e-05,-1.35531e-05,-1.26366e-05,-1.15784e-05,-1.03768e-05,-9.03408e-06,-7.5568e-06,-5.95673e-06,-4.25105e-06,-2.46248e-06,-6.19161e-07,1.24573e-06,3.0946e-06,4.88626e-06,6.57688e-06,8.12112e-06,9.47332e-06,1.05887e-05,1.14248e-05,1.19427e-05,1.21089e-05,1.18967e-05,1.12888e-05,1.02789e-05,8.87457e-06,7.09889e-06,4.99106e-06,2.60442e-06,0
0,5.56696e-06,1.05726e-05,1.45633e-05,1.77153e-05,1.9967e-05,2.12994e-05,2.17308e-05,2.13086e-05,2.01012e-05,1.81921e-05,1.56737e-05,1.26441e-05,9.20414e-06,5.45452e-06,1.49432e-06,-2.58117e-06,-6.68221e-06,-1.07263e-05,-1.464e-05,-1.83597e-05,-2.18335e-05,-2.50209e-05,-2.78929e-05,-3.04321e-05,-3.26306e-05,-3.44894e-05,-3.60159e-05,-3.72221e-05,-3.81222e-05,-3.87309e-05,-3.90611e-05,-3.91229e-05,-3.89225e-05,-3.84612e-05,-3.77363e-05,-3.67413e-05,-3.54668e-05,-3.39024e-05,-3.20382e-05,-2.98668e-05,-2.73852e-05,-2.45965e-05,-2.15117e-05,-1.81504e-05,-1.4542e-05,-1.07257e-05,-6.75031e-06,-2.67339e-06,1.43981e-06,5.51816e-06,9.48658e-06,1.32683e-05,1.67874e-05,1.99711e-05,2.27522e-05,2.50715e-05,2.68797e-05,2.81391e-05,2.88247e-05,2.89254e-05,2.84438e-05,2.73965e-05,2.58134e-05,2.37363e-05,2.12179e-05,1.83196e-05,1.51095e-05,1.16602e-05,8.04618e-06,4.34169e-06,6.18145e-07,-3.05783e-06,-6.62629e-06,-1.00353e-05,-1.32421e-05,-1.62133e-05,-1.89252e-05,-2.13628e-05,-2.35193e-05,-2.53944e-05,-2.69931e-05,-2.83233e-05,-2.93946e-05,-3.02164e-05,-3.07966e-05,-3.114e-05,-3.1248e-05,-3.11182e-05,-3.07445e-05,-3.01175e-05,-2.92256e-05,-2.80567e-05,-2.65992e-05,-2.48444e-05,-2.27881e-05,-2.04323e-05,-1.7787e-05,-1.48717e-05,-1.1716e-05,-8.36022e-06,-4.85579e-06,-1.26429e-06,2.34331e-06,5.88804e-06,9.2847e-06,1.24439e-05,1.52741e-05,1.76842e-05,1.9586e-05,2.08966e-05,2.15421e-05,2.14608e-05,2.06075e-05,1.8959e-05,1.65194e-05,1.3326e-05,9.4535e-06,5.01431e-06,0
0,7.76484e-06,1.45633e-05,2.0261e-05,2.42191e-05,2.68195e-05,2.80646e-05,2.80134e-05,2.67645e-05,2.4443e-05,2.11894e-05,1.71526e-05,1.24847e-05,7.33725e-06,1.85827e-06,-3.80986e-06,-9.53291e-06,-1.51869e-05,-2.06604e-05,-2.58561e-05,-3.06926e-05,-3.51052e-05,-3.90458e-05,-4.24829e-05,-4.53996e-05,-4.77919e-05,-4.96659e-05,-5.1035e-05,-5.19161e-05,-5.23276e-05,-5.22857e-05,-5.18029e-05,-5.08862e-05,-4.95366e-05,-4.77492e-05,-4.55144e-05,-4.28192e-05,-3.96499e-05,-3.59943e-05,-3.18448e-05,-2.7201e-05,-2.20722e-05,-1.64794e-05,-1.04569e-05,-4.05298e-06,2.66985e-06,9.63547e-06,1.67554e-05,2.39307e-05,3.10541e-05,3.8013e-05,4.46919e-05,5.09762e-05,5.67547e-05,6.1923e-05,6.63861e-05,7.00611e-05,7.28796e-05,7.47894e-05,7.57557e-05,7.57626e-05,7.48132e-05,7.29298e-05,7.01531e-05,6.65416e-05,6.21695e-05,5.71253e-05,5.15089e-05,4.54291e-05,3.90002e-05,3.23392e-05,2.55619e-05,1.87801e-05,1.2098e-05,5.61029e-06,-6.00724e-07,-6.46626e-06,-1.19321e-05,-1.69585e-05,-2.152e-05,-2.56036e-05,-2.92076e-05,-3.23386e-05,-3.50095e-05,-3.72365e-05,-3.90365e-05,-4.0425e-05,-4.14141e-05,-4.20107e-05,-4.22163e-05,-4.20267e-05,-4.14328e-05,-4.04219e-05,-3.89798e-05,-3.70932e-05,-3.47526e-05,-3.1955e-05,-2.8707e-05,-2.50272e-05,-2.0948e-05,-1.65177e-05,-1.18002e-05,-6.87574e-06,-1.83956e-06,3.19968e-06,8.12201e-06,1.27989e-05,1.7096e-05,2.08768e-05,2.40054e-05,2.63512e-05,2.77921e-05,2.82207e-05,2.75502e-05,2.5723e-05,2.27205e-05,1.85746e-05,1.3379e-05,7.16498e-06,0
0,9.55118e-06,1.77153e-05,2.42191e-05,2.89205e-05,3.12053e-05,3.17375e-05,3.06491e-05,2.81158e-05,2.43366e-05,1.95204e-05,1.38776e-05,7.61461e-06,9.30266e-07,-5.98685e-06,-1.29606e-05,-1.98294e-05,-2.64487e-05,-3.26924e-05,-3.8455e-05,-4.36524e-05,-4.82223e-05,-5.21231e-05,-5.53324e-05,-5.7844e-05,-5.96648e-05,-6.08103e-05,-6.13006e-05,-6.11562e-05,-6.03943e-05,-5.90262e-05,-5.70552e-05,-5.44762e-05,-5.1276e-05,-4.74355e-05,-4.29319e-05,-3.77424e-05,-3.18481e-05,-2.5238e-05,-1.79129e-05,-9.88851e-06,-1.19815e-06,8.1056e-06,1.79504e-05,2.82445e-05,3.88782e-05,4.97263e-05,6.06507e-05,7.15041e-05,8.21336e-05,9.23845e-05,0.000102104,0.000111145,0.000119368,0.000126646,0.000132866,0.000137929,0.000141755,0.000144283,0.000145473,0.000145304,0.000143777,0.000140917,0.00013677,0.000131401,0.0001249,0.000117374,0.000108948,9.97609e-05,8.99644e-05,7.97178e-05,6.91842e-05,5.85264e-05,4.79024e-05,3.74608e-05,2.73372e-05,1.7651e-05,8.50216e-06,-2.98603e-08,-7.88711e-06,-1.50327e-05,-2.14494e-05,-2.71374e-05,-3.21111e-05,-3.63953e-05,-4.00215e-05,-4.30237e-05,-4.54342e-05,-4.72809e-05,-4.85843e-05,-4.93561e-05,-4.95988e-05,-4.93064e-05,-4.84659e-05,-4.70606e-05,-4.50735e-05,-4.24913e-05,-3.93089e-05,-3.55334e-05,-3.11879e-05,-2.63145e-05,-2.09758e-05,-1.52565e-05,-9.26254e-06,-3.11997e-06,3.0271e-06,9.01955e-06,1.46866e-05,1.98495e-05,2.43258e-05,2.79332e-05,3.04952e-05,3.18469e-05,3.18435e-05,3.03713e-05,2.73625e-05,2.28138e-05,1.6658e-05,8.99821e-06,0
0,1.08928e-05,1.9967e-05,2.68195e-05,3.12053e-05,3.31549e-05,3.23218e-05,2.96477e-05,2.54112e-05,1.99011e-05,1.34015e-05,6.1845e-06,-1.49417e-06,-9.39742e-06,-1.73085e-05,-2.50326e-05,-3.23981e-05,-3.92583e-05,-4.54926e-05,-5.10068e-05,-5.57337e-05,-5.9631e-05,-6.26794e-05,-6.48787e-05,-6.62433e-05,-6.67966e-05,-6.65657e-05,-6.55759e-05,-6.38458e-05,-6.13838e-05,-5.81858e-05,-5.42347e-05,-4.95015e-05,-4.39484e-05,-3.75329e-05,-3.02128e-05,-2.19526e-05,-1.2729e-05,-2.5365e-06,8.60776e-06,2.0661e-05,3.35525e-05,4.71839e-05,6.14299e-05,7.61415e-05,9.11499e-05,0.000106271,0.000121312,0.000136074,0.000150361,0.000163981,0.000176754,0.000188511,0.000199098,0.00020838,0.000216237,0.000222571,0.0002273,0.000230361,0.000231713,0.000231331,0.000229212,0.000225377,0.000219866,0.000212745,0.0002041,0.000194047,0.000182721,0.00017028,0.000156905,0.00014279,0.000128142,0.000113176,9.81085e-05,8.31496e-05,6.84996e-05,5.43418e-05,4.08375e-05,2.81214e-05,1.62991e-05,5.44507e-06,-4.39709e-06,-1.32131e-05,-2.10149e-05,-2.78361e-05,-3.37265e-05,-3.87458e-05,-4.29573e-05,-4.64218e-05,-4.91922e-05,-5.13093e-05,-5.27995e-05,-5.36731e-05,-5.39259e-05,-5.35415e-05,-5.24954e-05,-5.07602e-05,-4.83116e-05,-4.51346e-05,-4.12291e-05,-3.66155e-05,-3.1338e-05,-2.54679e-05,-1.91043e-05,-1.23739e-05,-5.42961e-06,1.55231e-06,8.37545e-06,1.48271e-05,2.06823e-05,2.57083e-05,2.967e-05,3.23359e-05,3.34874e-05,3.29311e-05,3.05177e-05,2.59612e-05,1.92154e-05,1.0471e-05,0
0,1.17739e-05,2.12994e-05,2.80646e-05,3.17375e-05,3.23218e-05,3.02052e-05,2.54637e-05,1.92043e-05,1.18128e-05,3.647e-06,-4.96732e-06,-1.37373e-05,-2.24035e-05,-3.07396e-05,-3.85526e-05,-4.56833e-05,-5.20059e-05,-5.74282e-05,-6.18903e-05,-6.53622e-05,-6.78404e-05,-6.93426e-05,-6.99023e-05,-6.95609e-05,-6.83613e-05,-6.63402e-05,-6.3522e-05,-5.99143e-05,-5.55047e-05,-5.02607e-05,-4.41309e-05,-3.70501e-05,-2.89446e-05,-1.97404e-05,-9.37141e-06,2.21151e-06,1.50329e-05,2.90858e-05,4.43269e-05,6.06738e-05,7.80053e-05,9.61628e-05,0.000114955,0.000134166,0.000153559,0.000172888,0.000191903,0.00021036,0.000228028,0.000244691,0.000260154,0.000274245,0.000286815,0.000297738,0.000306909,0.000314241,0.000319665,0.000323127,0.000324588,0.000324021,0.000321417,0.000316781,0.00031014,0.00030154,0.000291054,0.000278784,0.000264858,0.000249437,0.000232712,0.000214899,0.000196241,0.000176997,0.000157439,0.000137843,0.00011848,9.9606e-05,8.14573e-05,6.42384e-05,4.81175e-05,3.32219e-05,1.96348e-05,7.39568e-06,-3.49753e-06,-1.30837e-05,-2.14316e-05,-2.86318e-05,-3.47867e-05,-4.00017e-05,-4.43755e-05,-4.79926e-05,-5.09172e-05,-5.31893e-05,-5.48241e-05,-5.58131e-05,-5.61282e-05,-5.57276e-05,-5.45634e-05,-5.259e-05,-4.97719e-05,-4.60922e-05,-4.1559e-05,-3.62107e-05,-3.01191e-05,-2.33915e-05,-1.617e-05,-8.62987e-06,-9.77423e-07,6.55391e-06,1.3707e-05,2.0205e-05,2.57558e-05,3.00576e-05,3.28064e-05,3.37081e-05,3.2217e-05,2.79909e-05,2.10152e-05,1.15584e-05,0
0,1.21959e-05,2.17308e-05,2.80134e-05,3.06491e-05,2.96477e-05,2.54637e-05,1.88921e-05,1.04275e-05,1.15361e-06,-8.5124e-06,-1.82089e-05,-2.76267e-05,-3.65062e-05,-4.46355e-05,-5.18485e-05,-5.80234e-05,-6.30806e-05,-6.69806e-05,-6.97194e-05,-7.13239e-05,-7.18446e-05,-7.13482e-05,-6.9908e-05,-6.75947e-05,-6.44672e-05,-6.05645e-05,-5.58998e-05,-5.04558e-05,-4.41847e-05,-3.70102e-05,-2.88328e-05,-1.95383e-05,-9.00836e-06,2.86806e-06,1.61823e-05,3.09945e-05,4.73241e-05,6.5142e-05,8.43668e-05,0.000104864,0.000126447,0.000148888,0.00017192,0.000195251,0.000218577,0.00024159,0.000263993,0.000285505,0.000305874,0.000324879,0.000342332,0.000358078,0.000371994,0.000383985,0.000393978,0.000401917,0.000407758,0.000411463,0.000413002,0.000412348,0.000409477,0.000404376,0.000397041,0.000387488,0.000375756,0.00036191,0.000346053,0.000328325,0.000308906,0.000288017,0.000265916,0.000242897,0.000219277,0.000195392,0.000171584,0.000148189,0.000125524,0.000103875,8.34882e-05,6.4558e-05,4.72223e-05,3.15594e-05,1.75881e-05,5.27233e-06,-5.47213e-06,-1.47667e-05,-2.27579e-05,-2.9604e-05,-3.5461e-05,-4.04711e-05,-4.47514e-05,-4.83867e-05,-5.14255e-05,-5.38789e-05,-5.57239e-05,-5.69093e-05,-5.73641e-05,-5.70079e-05,-5.57616e-05,-5.35587e-05,-5.03552e-05,-4.61377e-05,-4.09304e-05,-3.47989e-05,-2.78527e-05,-2.02451e-05,-1.21717e-05,-3.86843e-06,4.39137e-06,1.22998e-05,1.95171e-05,2.56758e-05,3.03843e-05,3.28984e-05,3.25405e-05,2.89277e-05,2.20551e-05,1.22523e-05,0
0,1.21751e-05,2.13086e-05,2.67645e-05,2.81158e-05,2.54112e-05,1.92043e-05,1.04275e-05,1.66343e-07,-1.08402e-05,-2.17078e-05,-3.20669e-05,-4.16194e-05,-5.01335e-05,-5.74387e-05,-6.34224e-05,-6.80258e-05,-7.12399e-05,-7.30991e-05,-7.36745e-05,-7.30642e-05,-7.13832e-05,-6.87519e-05,-6.52836e-05,-6.10732e-05,-5.61866e-05,-5.06525e-05,-4.44568e-05,-3.75415e-05,-2.98065e-05,-2.11164e-05,-1.13106e-05,-2.16695e-07,1.23341e-05,2.6491e-05,4.23674e-05,6.00276e-05,7.94755e-05,0.000100648,0.000123412,0.000147569,0.000172857,0.000198967,0.000225552,0.000252247,0.000278682,0.000304496,0.000329357,0.000352965,0.000375067,0.000395455,0.000413972,0.000430504,0.000444975,0.000457341,0.000467578,0.000475676,0.000481627,0.00048542,0.000487035,0.000486445,0.00048361,0.000478488,0.000471038,0.000461227,0.000449041,0.000434496,0.000417641,0.000398574,0.000377442,0.000354446,0.000329841,0.000303933,0.000277071,0.000249641,0.000222049,0.000194706,0.000168016,0.000142354,0.000118054,9.53917e-05,7.45748e-05,5.57362e-05,3.89301e-05,2.41351e-05,1.12612e-05,1.60832e-07,-9.35562e-06,-1.75029e-05,-2.45024e-05,-3.0565e-05,-3.5875e-05,-4.05776e-05,-4.47705e-05,-4.85001e-05,-5.17616e-05,-5.45047e-05,-5.66421e-05,-5.80606e-05,-5.86354e-05,-5.8243e-05,-5.67758e-05,-5.41534e-05,-5.03337e-05,-4.53203e-05,-3.91678e-05,-3.19843e-05,-2.39326e-05,-1.52288e-05,-6.14124e-06,3.01098e-06,1.18583e-05,1.99822e-05,2.65705e-05,3.07032e-05,3.16061e-05,2.88313e-05,2.23589e-05,1.25585e-05,0
0,1.17396e-05,2.01012e-05,2.4443e-05,2.43366e-05,1.99011e-05,1.18128e-05,1.15361e-06,-1.08402e-05,-2.30365e-05,-3.47076e-05,-4.52511e-05,-5.44122e-05,-6.20169e-05,-6.79643e-05,-7.22206e-05,-7.48131e-05,-7.58231e-05,-7.53759e-05,-7.36298e-05,-7.07622e-05,-6.69552e-05,-6.238e-05,-5.71829e-05,-5.1471e-05,-4.53022e-05,-3.8677e-05,-3.15363e-05,-2.37626e-05,-1.51875e-05,-5.6031e-06,5.22201e-06,1.75235e-05,3.15212e-05,4.7398e-05,6.52817e-05,8.52291e-05,0.000107216,0.00013113,0.000156774,0.000183872,0.00021208,0.000241004,0.000270218,0.000299286,0.000327783,0.000355309,0.000381514,0.000406099,0.000428832,0.000449541,0.000468121,0.000484518,0.000498722,0.000510758,0.000520665,0.000528489,0.000534266,0.000538015,0.000539733,0.000539389,0.000536927,0.00053227,0.000525329,0.000516014,0.000504246,0.000489968,0.000473165,0.000453868,0.000432168,0.000408224,0.000382264,0.000354586,0.000325552,0.000295579,0.000265124,0.000234669,0.000204698,0.00017568,0.000148042,0.000122153,9.83055e-05,7.67014e-05,5.7448e-05,4.05546e-05,2.59389e-05,1.34386e-05,2.82742e-06,-6.16348e-06,-1.38235e-05,-2.04395e-05,-2.62738e-05,-3.15468e-05,-3.6422e-05,-4.09981e-05,-4.53062e-05,-4.9312e-05,-5.29242e-05,-5.60063e-05,-5.83914e-05,-5.98992e-05,-6.03528e-05,-5.95953e-05,-5.75041e-05,-5.40035e-05,-4.90732e-05,-4.2755e-05,-3.51553e-05,-2.64466e-05,-1.6867e-05,-6.7212e-06,3.61659e-06,1.34025e-05,2.16507e-05,2.73276e-05,2.95485e-05,2.77814e-05,2.19673e-05,1.24927e-05,0
0,1.09263e-05,1.81921e-05,2.11894e-05,1.95204e-05,1.34015e-05,3.647e-06,-8.5124e-06,-2.17078e-05,-3.47076e-05,-4.65892e-05,-5.68165e-05,-6.50854e-05,-7.13122e-05,-7.54911e-05,-7.76877e-05,-7.8033e-05,-7.67121e-05,-7.39511e-05,-7.00001e-05,-6.51155e-05,-5.95407e-05,-5.3488e-05,-4.71217e-05,-4.05438e-05,-3.3784e-05,-2.67948e-05,-1.9452e-05,-1.15615e-05,-2.87226e-06,6.90592e-06,1.808e-05,3.09488e-05,4.57776e-05,6.2774e-05,8.20668e-05,0.000103691,0.000127577,0.00015355,0.000181337,0.000210574,0.000240829,0.000271625,0.000302461,0.000332841,0.000362297,0.000390411,0.000416832,0.000441285,0.000463577,0.000483596,0.000501305,0.000516726,0.000529932,0.000541022,0.00055011,0.0005573,0.000562678,0.000566296,0.000568167,0.000568255,0.000566486,0.000562747,0.000556897,0.000548781,0.000538246,0.000525157,0.000509415,0.00049097,0.000469842,0.000446124,0.000419997,0.000391728,0.000361669,0.00033025,0.000297963,0.000265344,0.000232955,0.000201349,0.000171053,0.000142534,0.00011618,9.22802e-05,7.10106e-05,5.243e-05,3.64819e-05,2.30043e-05,1.17474e-05,2.39617e-06,-5.40343e-06,-1.2016e-05,-1.77896e-05,-2.30306e-05,-2.7984e-05,-3.2819e-05,-3.7621e-05,-4.23912e-05,-4.70519e-05,-5.14576e-05,-5.54109e-05,-5.86808e-05,-6.1023e-05,-6.22006e-05,-6.20029e-05,-6.02625e-05,-5.6869e-05,-5.17791e-05,-4.50225e-05,-3.67044e-05,-2.70055e-05,-1.61851e-05,-4.80891e-06,6.23875e-06,1.58772e-05,2.29658e-05,2.65061e-05,2.58678e-05,2.0932e-05,1.20776e-05,0
0,9.77806e-06,1.56737e-05,1.71526e-05,1.38776e-05,6.1845e-06,-4.96732e-06,-1.82089e-05,-3.20669e-05,-4.52511e-05,-5.68165e-05,-6.61868e-05,-7.30968e-05,-7.75613e-05,-7.96874e-05,-7.96529e-05,-7.77018e-05,-7.41291e-05,-6.92628e-05,-6.34418e-05,-5.6993e-05,-5.02085e-05,-4.33245e-05,-3.65033e-05,-2.98198e-05,-2.32534e-05,-1.6687e-05,-9.91265e-06,-2.6447e-06,5.46097e-06,1.47817e-05,2.56996e-05,3.85705e-05,5.36946e-05,7.12896e-05,9.1469e-05,0.000114227,0.000139435,0.00016684,0.000196079,0.000226698,0.000258176,0.000289954,0.000321467,0.000352173,0.000381579,0.000409268,0.000434907,0.000458266,0.000479212,0.000497705,0.000513791,0.00052758,0.000539229,0.000548921,0.00055684,0.000563154,0.000567995,0.000571446,0.000573533,0.000574219,0.000573408,0.000570951,0.000566656,0.000560303,0.000551664,0.000540519,0.000526682,0.000510013,0.000490444,0.000467992,0.000442769,0.000414992,0.000384982,0.00035316,0.000320033,0.000286179,0.000252216,0.000218782,0.000186494,0.000155925,0.000127565,0.000101802,7.88981e-05,5.89813e-05,4.20404e-05,2.79336e-05,1.64044e-05,7.10501e-06,-3.74094e-07,-6.472e-06,-1.16241e-05,-1.6231e-05,-2.06316e-05,-2.50819e-05,-2.97416e-05,-3.4668e-05,-3.98176e-05,-4.50556e-05,-5.01704e-05,-5.48932e-05,-5.89207e-05,-6.19395e-05,-6.3649e-05,-6.37844e-05,-6.21352e-05,-5.856e-05,-5.29961e-05,-4.54626e-05,-3.60559e-05,-2.50728e-05,-1.31577e-05,-1.25989e-06,9.46889e-06,1.77959e-05,2.26133e-05,2.3184e-05,1.93101e-05,1.13399e-05,0
0,8.34189e-06,1.26441e-05,1.24847e-05,7.61461e-06,-1.49417e-06,-1.37373e-05,-2.76267e-05,-4.16194e-05,-5.44122e-05,-6.50854e-05,-7.30968e-05,-7.82526e-05,-8.06596e-05,-8.05728e-05,-7.82816e-05,-7.41435e-05,-6.85621e-05,-6.19614e-05,-5.47587e-05,-4.73364e-05,-4.00164e-05,-3.30367e-05,-2.65341e-05,-2.05321e-05,-1.49369e-05,-9.54153e-06,-4.03806e-06,1.96239e-06,8.90251e-06,1.72466e-05,2.74456e-05,3.99014e-05,5.49336e-05,7.2752e-05,9.34353e-05,0.00011692,0.000142998,0.000171327,0.000201448,0.000232811,0.00026481,0.000296813,0.000328202,0.000358407,0.00038693,0.00041337,0.000437439,0.000458964,0.000477886,0.000494253,0.000508197,0.00051992,0.000529666,0.000537694,0.000544258,0.00054958,0.000553834,0.000557129,0.000559502,0.000560911,0.000561242,0.000560311,0.00055788,0.00055367,0.00054738,0.000538711,0.000527387,0.000513179,0.000495927,0.000475557,0.000452103,0.000425713,0.000396659,0.000365332,0.000332235,0.000297963,0.000263182,0.000228594,0.000194906,0.000162788,0.000132842,0.000105562,8.13117e-05,6.03056e-05,4.25989e-05,2.80915e-05,1.65403e-05,7.58289e-06,7.67751e-07,-4.41e-06,-8.47048e-06,-1.19116e-05,-1.51751e-05,-1.86181e-05,-2.24928e-05,-2.69335e-05,-3.19537e-05,-3.74511e-05,-4.32207e-05,-4.89736e-05,-5.43615e-05,-5.90033e-05,-6.25135e-05,-6.45296e-05,-6.47368e-05,-6.28889e-05,-5.88225e-05,-5.24633e-05,-4.38357e-05,-3.32016e-05,-2.12255e-05,-8.88865e-06,2.61405e-06,1.19788e-05,1.79976e-05,1.98228e-05,1.71616e-05,1.03087e-05,0
0,6.66724e-06,9.20414e-06,7.33725e-06,9.30266e-07,-9.39742e-06,-2.24035e-05,-3.65062e-05,-5.01335e-05,-6.20169e-05,-7.13122e-05,-7.75613e-05,-8.06596e-05,-8.08559e-05,-7.85377e-05,-7.4108e-05,-6.80358e-05,-6.08269e-05,-5.29906e-05,-4.50067e-05,-3.72935e-05,-3.01794e-05,-2.38795e-05,-1.84792e-05,-1.39263e-05,-1.00318e-05,-6.48086e-06,-2.85235e-06,1.35276e-06,6.67659e-06,1.36651e-05,2.28269e-05,3.45943e-05,4.92875e-05,6.70875e-05,8.80177e-05,0.000111937,0.000138545,0.000167398,0.000197935,0.000229513,0.000261444,0.000293038,0.00032364,0.000352667,0.000379638,0.00040419,0.000426093,0.000445248,0.000461683,0.000475534,0.000487028,0.000496451,0.000504129,0.00051039,0.000515545,0.000519863,0.000523547,0.000526727,0.000529445,0.000531654,0.000533223,0.000533941,0.000533528,0.000531655,0.000527962,0.000522076,0.000513644,0.000502346,0.000487932,0.000470237,0.000449204,0.000424903,0.000397538,0.000367453,0.000335123,0.000301144,0.000266206,0.000231063,0.000196497,0.000163273,0.000132099,0.000103584,7.82046e-05,5.62781e-05,3.79462e-05,2.3172e-05,1.17486e-05,3.31921e-06,-2.59215e-06,-6.54335e-06,-9.13193e-06,-1.09521e-05,-1.25536e-05,-1.4406e-05,-1.68697e-05,-2.01764e-05,-2.44191e-05,-2.95518e-05,-3.5399e-05,-4.16729e-05,-4.79978e-05,-5.39391e-05,-5.90351e-05,-6.283e-05,-6.49049e-05,-6.49057e-05,-6.25655e-05,-5.77202e-05,-5.02869e-05,-4.04537e-05,-2.88606e-05,-1.64831e-05,-4.52689e-06,5.65843e-06,1.27784e-05,1.58746e-05,1.45468e-05,9.01465e-06,0
0,4.80469e-06,5.45452e-06,1.85827e-06,-5.98685e-06,-1.73085e-05,-3.07396e-05,-4.46355e-05,-5.74387e-05,-6.79643e-05,-7.54911e-05,-7.96874e-05,-8.05728e-05,-7.85377e-05,-7.41008e-05,-6.77797e-05,-6.01509e-05,-5.18119e-05,-4.33416e-05,-3.52621e-05,-2.80037e-05,-2.18749e-05,-1.70406e-05,-1.35086e-05,-1.11268e-05,-9.59086e-06,-8.46292e-06,-7.19987e-06,-5.19017e-06,-1.79662e-06,3.59772e-06,1.15436e-05,2.24835e-05,3.67161e-05,5.43709e-05,7.53947e-05,9.95509e-05,0.000126433,0.000155487,0.00018605,0.000217388,0.000248745,0.000279385,0.000308636,0.000335925,0.000360804,0.00038297,0.000402265,0.000418678,0.000432328,0.000443445,0.000452342,0.000459387,0.000464972,0.000469484,0.000473276,0.000476647,0.000479821,0.000482936,0.000486036,0.000489069,0.000491887,0.000494259,0.000495877,0.000496374,0.000495341,0.000492352,0.000486983,0.000478839,0.000467583,0.00045296,0.000434821,0.000413147,0.000388063,0.000359844,0.000328922,0.000295867,0.000261373,0.000226228,0.000191271,0.000157351,0.000125278,9.57773e-05,6.94455e-05,4.6717e-05,2.78384e-05,1.28583e-05,1.62915e-06,-6.17683e-06,-1.10393e-05,-1.35522e-05,-1.43787e-05,-1.42036e-05,-1.36857e-05,-1.34143e-05,-1.38718e-05,-1.54055e-05,-1.821e-05,-2.232e-05,-2.76145e-05,-3.38307e-05,-4.05869e-05,-4.74126e-05,-5.37833e-05,-5.91581e-05,-6.3017e-05,-6.48965e-05,-6.44208e-05,-6.13266e-05,-5.54163e-05,-4.67689e-05,-3.59583e-05,-2.39146e-05,-1.18185e-05,-1.03706e-06,7.06656e-06,1.14269e-05,1.15259e-05,7.4885e-06,0
0,2.80471e-06,1.49432e-06,-3.80986e-06,-1.29606e-05,-2.50326e-05,-3.85526e-05,-5.18485e-05,-6.34224e-05,-7.22206e-05,-7.76877e-05,-7.96529e-05,-7.82816e-05,-7.4108e-05,-6.77797e-05,-5.9927e-05,-5.12247e-05,-4.23465e-05,-3.39201e-05,-2.64852e-05,-2.04558e-05,-1.60919e-05,-1.34793e-05,-1.2522e-05,-1.29453e-05,-1.43125e-05,-1.60518e-05,-1.74942e-05,-1.79191e-05,-1.66043e-05,-1.2878e-05,-6.16824e-06,3.95377e-06,1.77401e-05,3.52446e-05,5.6316e-05,8.06055e-05,0.000107588,0.000136598,0.000166869,0.000197589,0.000227944,0.000257174,0.000284609,0.000309708,0.00033208,0.000351495,0.000367885,0.000381334,0.000392056,0.00040037,0.000406669,0.00041139,0.000414977,0.000417855,0.000420405,0.000422939,0.000425687,0.000428787,0.000432278,0.000436098,0.000440091,0.000444013,0.00044754,0.000450283,0.000451806,0.000451641,0.000449316,0.000444374,0.000436403,0.000425064,0.000410119,0.000391453,0.000369101,0.000343257,0.000314284,0.000282709,0.000249205,0.000214567,0.000179674,0.000145441,0.000112772,8.25042e-05,5.53579e-05,3.1895e-05,1.2484e-05,-2.72023e-06,-1.37816e-05,-2.09736e-05,-2.47554e-05,-2.57357e-05,-2.46266e-05,-2.21927e-05,-1.91979e-05,-1.6354e-05,-1.42749e-05,-1.34395e-05,-1.41647e-05,-1.65901e-05,-2.06753e-05,-2.62088e-05,-3.28279e-05,-4.00483e-05,-4.73002e-05,-5.39699e-05,-5.94434e-05,-6.31491e-05,-6.45974e-05,-6.34151e-05,-5.92781e-05,-5.2133e-05,-4.24528e-05,-3.10843e-05,-1.91466e-05,-7.99289e-06,9.65746e-07,6.56371e-06,8.15796e-06,5.76124e-06,0
0,7.16592e-07,-2.58117e-06,-9.53291e-06,-1.98294e-05,-3.23981e-05,-4.56833e-05,-5.80234e-05,-6.80258e-05,-7.48131e-05,-7.8033e-05,-7.77018e-05,-7.41435e-05,-6.80358e-05,-6.01509e-05,-5.12247e-05,-4.20159e-05,-3.32544e-05,-2.55917e-05,-1.9556e-05,-1.55153e-05,-1.36502e-05,-1.39397e-05,-1.6159e-05,-1.98923e-05,-2.45573e-05,-2.9443e-05,-3.37566e-05,-3.66777e-05,-3.74151e-05,-3.52633e-05,-2.96544e-05,-2.01999e-05,-6.72114e-06,1.07361e-05,3.19022e-05,5.63015e-05,8.32839e-05,0.000112069,0.000141797,0.000171587,0.00020059,0.000228038,0.000253289,0.000275855,0.000295421,0.000311848,0.000325168,0.000335565,0.000343346,0.000348914,0.000352731,0.000355285,0.000357056,0.000358488,0.000359967,0.000361804,0.000364219,0.000367339,0.00037119,0.000375705,0.000380721,0.00038599,0.000391187,0.00039592,0.000399742,0.000402169,0.000402698,0.000400829,0.000396094,0.000388078,0.000376459,0.000361028,0.000341721,0.000318637,0.000292056,0.000262433,0.000230399,0.000196732,0.000162324,0.00012814,9.51581e-05,6.43205e-05,3.6471e-05,1.23048e-05,-7.67484e-06,-2.31871e-05,-3.41887e-05,-4.08731e-05,-4.36525e-05,-4.31253e-05,-4.00318e-05,-3.52004e-05,-2.94906e-05,-2.37343e-05,-1.8682e-05,-1.49558e-05,-1.30128e-05,-1.31202e-05,-1.53442e-05,-1.9552e-05,-2.54273e-05,-3.24969e-05,-4.01673e-05,-4.7769e-05,-5.46047e-05,-5.99993e-05,-6.33473e-05,-6.41561e-05,-6.1964e-05,-5.65674e-05,-4.83094e-05,-3.79179e-05,-2.64145e-05,-1.51056e-05,-5.42697e-06,1.36595e-06,4.50111e-06,3.8636e-06,0
0,-1.41266e-06,-6.68221e-06,-1.51869e-05,-2.64487e-05,-3.92583e-05,-5.20059e-05,-6.30806e-05,-7.12399e-05,-7.58231e-05,-7.67121e-05,-7.41291e-05,-6.85621e-05,-6.08269e-05,-5.18119e-05,-4.23465e-05,-3.32544e-05,-2.52972e-05,-1.91214e-05,-1.52129e-05,-1.38621e-05,-1.5141e-05,-1.88955e-05,-2.47517e-05,-3.21375e-05,-4.03186e-05,-4.84453e-05,-5.56095e-05,-6.0906e-05,-6.3496e-05,-6.26661e-05,-5.788e-05,-4.88182e-05,-3.54018e-05,-1.77995e-05,3.58343e-06,2.81337e-05,5.50722e-05,8.35083e-05,0.000112499,0.000141112,0.000168479,0.000193854,0.000216642,0.00023643,0.000252997,0.000266309,0.000276504,0.000283866,0.000288795,0.000291766,0.000293295,0.000293904,0.000294089,0.000294293,0.000294891,0.00029617,0.000298331,0.000301478,0.000305622,0.000310685,0.000316506,0.000322844,0.000329384,0.000335747,0.0003415,0.000346162,0.000349223,0.00035016,0.000348464,0.000343663,0.000335358,0.000323249,0.00030717,0.000287116,0.000263266,0.000235986,0.000205838,0.000173555,0.00014002,0.000106219,7.31919e-05,4.19682e-05,1.35094e-05,-1.13542e-05,-3.19751e-05,-4.79306e-05,-5.90489e-05,-6.54174e-05,-6.73741e-05,-6.54803e-05,-6.04794e-05,-5.32435e-05,-4.47128e-05,-3.58315e-05,-2.74862e-05,-2.04492e-05,-1.53313e-05,-1.25472e-05,-1.22937e-05,-1.45443e-05,-1.90569e-05,-2.5397e-05,-3.29723e-05,-4.10781e-05,-4.89489e-05,-5.58142e-05,-6.09541e-05,-6.37509e-05,-6.35962e-05,-6.01221e-05,-5.35179e-05,-4.43611e-05,-3.354e-05,-2.22815e-05,-1.20202e-05,-4.0884e-06,6.12043e-07,1.82583e-06,0
0,-3.5393e-06,-1.07263e-05,-2.06604e-05,-3.26924e-05,-4.54926e-05,-5.74282e-05,-6.69806e-05,-7.30991e-05,-7.53759e-05,-7.39511e-05,-6.92628e-05,-6.19614e-05,-5.29906e-05,-4.33416e-05,-3.39201e-05,-2.55917e-05,-1.91214e-05,-1.51197e-05,-1.39987e-05,-1.59406e-05,-2.08819e-05,-2.85131e-05,-3.82952e-05,-4.9492e-05,-6.12159e-05,-7.24861e-05,-8.22934e-05,-8.96688e-05,-9.37513e-05,-9.38479e-05,-8.94839e-05,-8.04368e-05,-6.67528e-05,-4.87439e-05,-2.69647e-05,-2.17317e-06,2.47237e-05,5.27328e-05,8.08421e-05,0.000108086,0.000133604,0.000156687,0.000176814,0.000193665,0.000207128,0.000217283,0.000224378,0.000228798,0.000231024,0.000231593,0.00023106,0.000229962,0.000228793,0.000227978,0.00022786,0.000228694,0.000230644,0.000233786,0.000238111,0.000243534,0.000249896,0.000256973,0.000264475,0.000272054,0.000279304,0.000285771,0.000290958,0.000294342,0.00029539,0.000293589,0.000288473,0.00027966,0.000266882,0.000250025,0.000229151,0.000204522,0.000176605,0.000146068,0.000113753,8.06457e-05,4.78201e-05,1.63802e-05,-1.26072e-05,-3.81794e-05,-5.95404e-05,-7.61137e-05,-8.75798e-05,-9.38968e-05,-9.53011e-05,-9.22889e-05,-8.55796e-05,-7.60648e-05,-6.47459e-05,-5.26665e-05,-4.08427e-05,-3.01984e-05,-2.15071e-05,-1.53462e-05,-1.20646e-05,-1.17672e-05,-1.43143e-05,-1.93386e-05,-2.62761e-05,-3.44106e-05,-4.29273e-05,-5.09732e-05,-5.77195e-05,-6.24213e-05,-6.43182e-05,-6.28685e-05,-5.80879e-05,-5.03754e-05,-4.04531e-05,-2.94351e-05,-1.87279e-05,-9.72448e-06,-3.4542e-06,-3.22575e-07,0
0,-5.62384e-06,-1.464e-05,-2.58561e-05,-3.8455e-05,-5.10068e-05,-6.18903e-05,-6.97194e-05,-7.36745e-05,-7.36298e-05,-7.00001e-05,-6.34418e-05,-5.47587e-05,-4.50067e-05,-3.52621e-05,-2.64852e-05,-1.9556e-05,-1.52129e-05,-1.39987e-05,-1.62207e-05,-2.19253e-05,-3.089e-05,-4.26334e-05,-5.64416e-05,-7.14122e-05,-8.65109e-05,-0.000100639,-0.000112706,-0.000121704,-0.000126779,-0.000127287,-0.000122846,-0.000113356,-9.90116e-05,-8.02845e-05,-5.78885e-05,-3.27282e-05,-5.83371e-06,2.17113e-05,4.88421e-05,7.45809e-05,9.80944e-05,0.000118737,0.000136077,0.000149905,0.000160227,0.000167245,0.000171316,0.000172919,0.000172608,0.000170969,0.000168581,0.000165983,0.000163648,0.000161966,0.00016124,0.000161679,0.000163404,0.000166458,0.00017081,0.000176368,0.000182984,0.000190454,0.000198527,0.000206896,0.0002152,0.000223027,0.000229912,0.000235347,0.000238798,0.000239723,0.000237606,0.000231986,0.0002225,0.000208918,0.000191183,0.000169433,0.000144026,0.000115535,8.47406e-05,5.25998e-05,2.01986e-05,-1.13061e-05,-4.07559e-05,-6.70636e-05,-8.92848e-05,-0.000106681,-0.000118771,-0.000125361,-0.000126562,-0.000122777,-0.000114672,-0.000103133,-8.91981e-05,-7.39923e-05,-5.86501e-05,-4.42421e-05,-3.17078e-05,-2.17977e-05,-1.50299e-05,-1.1663e-05,-1.16861e-05,-1.48273e-05,-2.05793e-05,-2.82407e-05,-3.69698e-05,-4.58478e-05,-5.39468e-05,-6.03977e-05,-6.42868e-05,-6.48928e-05,-6.20435e-05,-5.59356e-05,-4.70944e-05,-3.64889e-05,-2.54693e-05,-1.54709e-05,-7.64463e-06,-2.55311e-06,0
0,-7.63182e-06,-1.83597e-05,-3.06926e-05,-4.36524e-05,-5.57337e-05,-6.53622e-05,-7.13239e-05,-7.30642e-05,-7.07622e-05,-6.51155e-05,-5.6993e-05,-4.73364e-05,-3.72935e-05,-2.80037e-05,-2.04558e-05,-1.55153e-05,-1.38621e-05,-1.59406e-05,-2.19253e-05,-3.17027e-05,-4.4874e-05,-6.07748e-05,-7.85136e-05,-9.70267e-05,-0.000115145,-0.000131672,-0.000145459,-0.000155488,-0.00016094,-0.000161254,-0.000156163,-0.000145718,-0.000130279,-0.000110489,-8.72262e-05,-6.15405e-05,-3.4576e-05,-7.49318e-06,1.86089e-05,4.27608e-05,6.41767e-05,8.22923e-05,9.67819e-05,0.000107558,0.000114752,0.000118686,0.000119824,0.000118732,0.000116027,0.00011233,0.000108231,0.000104258,0.000100853,9.83645e-05,9.70439e-05,9.70503e-05,9.84609e-05,0.000101283,0.000105467,0.000110916,0.000117494,0.00012503,0.000133311,0.000142083,0.000151042,0.000159827,0.000168018,0.000175139,0.000180664,0.000184039,0.000184707,0.00018214,0.000175883,0.000165595,0.000151091,0.000132378,0.000109687,8.34797e-05,5.44501e-05,2.35025e-05,-8.28878e-06,-3.97353e-05,-6.96039e-05,-9.66941e-05,-0.000119917,-0.000138369,-0.000151395,-0.000158635,-0.00016005,-0.000155922,-0.00014684,-0.000133651,-0.000117407,-9.92925e-05,-8.05425e-05,-6.2365e-05,-4.58624e-05,-3.19633e-05,-2.13669e-05,-1.45039e-05,-1.15157e-05,-1.22527e-05,-1.62925e-05,-2.29762e-05,-3.14601e-05,-4.07802e-05,-4.99241e-05,-5.79058e-05,-6.36615e-05,-6.62892e-05,-6.54193e-05,-6.10269e-05,-5.34138e-05,-4.3373e-05,-3.21695e-05,-2.12603e-05,-1.1909e-05,-4.83867e-06,0
0,-9.53444e-06,-2.18335e-05,-3.51052e-05,-4.82223e-05,-5.9631e-05,-6.78404e-05,-7.18446e-05,-7.13832e-05,-6.69552e-05,-5.95407e-05,-5.02085e-05,-4.00164e-05,-3.01794e-05,-2.18749e-05,-1.60919e-05,-1.36502e-05,-1.5141e-05,-2.08819e-05,-3.089e-05,-4.4874e-05,-6.22469e-05,-8.21574e-05,-0.000103541,-0.000125183,-0.000145799,-0.000164115,-0.000178954,-0.000189316,-0.000194448,-0.000193896,-0.000187539,-0.000175593,-0.0001586,-0.000137382,-0.000112983,-8.65906e-05,-5.9452e-05,-3.27888e-05,-7.71641e-06,1.48224e-05,3.41075e-05,4.96703e-05,6.13022e-05,6.90428e-05,7.31513e-05,7.40652e-05,7.23505e-05,6.86497e-05,6.36308e-05,5.79417e-05,5.21735e-05,4.68337e-05,4.23302e-05,3.89659e-05,3.69425e-05,3.63712e-05,3.72879e-05,3.96699e-05,4.34517e-05,4.85378e-05,5.48092e-05,6.21258e-05,7.0322e-05,7.91977e-05,8.85073e-05,9.79477e-05,0.000107149,0.000115673,0.000123013,0.00012861,0.000131876,0.000132226,0.000129119,0.000122105,0.000110872,9.52909e-05,7.54538e-05,5.16969e-05,2.46093e-05,-4.97825e-06,-3.60254e-05,-6.7333e-05,-9.76114e-05,-0.00012556,-0.000149952,-0.00016972,-0.00018403,-0.000192341,-0.000194445,-0.000190481,-0.00018093,-0.000166577,-0.000148458,-0.000127792,-0.000105894,-8.40952e-05,-6.36524e-05,-4.56711e-05,-3.1038e-05,-2.03693e-05,-1.39781e-05,-1.18613e-05,-1.37087e-05,-1.89318e-05,-2.67119e-05,-3.60632e-05,-4.59072e-05,-5.5153e-05,-6.25942e-05,-6.71519e-05,-6.82546e-05,-6.56422e-05,-5.93695e-05,-5.0025e-05,-3.876e-05,-2.70302e-05,-1.62002e-05,-7.15394e-06,0
0,-1.13089e-05,-2.50209e-05,-3.90458e-05,-5.21231e-05,-6.26794e-05,-6.93426e-05,-7.13482e-05,-6.87519e-05,-6.238e-05,-5.3488e-05,-4.33245e-05,-3.30367e-05,-2.38795e-05,-1.70406e-05,-1.34793e-05,-1.39397e-05,-1.88955e-05,-2.85131e-05,-4.26334e-05,-6.07748e-05,-8.21574e-05,-0.000105747,-0.000130314,-0.000154513,-0.000176963,-0.000196341,-0.00021147,-0.000221395,-0.000225457,-0.000223336,-0.000215074,-0.000201071,-0.000182057,-0.000159038,-0.000133217,-0.000105913,-7.84628e-05,-5.21333e-05,-2.80394e-05,-7.08111e-06,1.01002e-05,2.31418e-05,3.19573e-05,3.67142e-05,3.77949e-05,3.57468e-05,3.12261e-05,2.49422e-05,1.76046e-05,9.87889e-06,2.35252e-06,-4.48797e-06,-1.02677e-05,-1.47236e-05,-1.76954e-05,-1.91099e-05,-1.89622e-05,-1.72948e-05,-1.41803e-05,-9.70774e-06,-3.97518e-06,2.91075e-06,1.08284e-05,1.96294e-05,2.9123e-05,3.90604e-05,4.912e-05,5.88989e-05,6.79116e-05,7.55987e-05,8.13467e-05,8.45187e-05,8.44952e-05,8.07223e-05,7.27642e-05,6.03546e-05,4.34431e-05,2.22303e-05,-2.81297e-06,-3.09461e-05,-6.11811e-05,-9.23268e-05,-0.000123054,-0.000151977,-0.000177742,-0.000199119,-0.000215095,-0.000224936,-0.000228254,-0.000225023,-0.000215592,-0.000200656,-0.000181209,-0.000158478,-0.000133835,-0.000108715,-8.45162e-05,-6.25134e-05,-4.37819e-05,-2.91315e-05,-1.90615e-05,-1.37361e-05,-1.29819e-05,-1.63081e-05,-2.29483e-05,-3.19206e-05,-4.21022e-05,-5.23139e-05,-6.1218e-05,-6.7567e-05,-7.05887e-05,-6.97788e-05,-6.49265e-05,-5.639e-05,-4.51788e-05,-3.27238e-05,-2.04754e-05,-9.47576e-06,0
0,-1.29387e-05,-2.78929e-05,-4.24829e-05,-5.53324e-05,-6.48787e-05,-6.99023e-05,-6.9908e-05,-6.52836e-05,-5.71829e-05,-4.71217e-05,-3.65033e-05,-2.65341e-05,-1.84792e-05,-1.35086e-05,-1.2522e-05,-1.6159e-05,-2.47517e-05,-3.82952e-05,-5.64416e-05,-7.85136e-05,-0.000103541,-0.000130314,-0.000157458,-0.000183513,-0.00020703,-0.000226663,-0.000241261,-0.000249943,-0.000252169,-0.000247771,-0.00023697,-0.00022036,-0.000198864,-0.000173668,-0.00014613,-0.000117688,-8.97551e-05,-6.36277e-05,-4.04066e-05,-2.09365e-05,-5.77162e-06,4.83557e-06,1.09205e-05,1.27735e-05,1.08916e-05,5.92097e-06,-1.40353e-06,-1.03171e-05,-2.00772e-05,-3.00052e-05,-3.95179e-05,-4.81447e-05,-5.55342e-05,-6.14497e-05,-6.57558e-05,-6.83998e-05,-6.93896e-05,-6.87724e-05,-6.66153e-05,-6.29923e-05,-5.79771e-05,-5.16442e-05,-4.40768e-05,-3.53808e-05,-2.57031e-05,-1.52509e-05,-4.30915e-06,6.74622e-06,1.74433e-05,2.7219e-05,3.54349e-05,4.14057e-05,4.44388e-05,4.38828e-05,3.91836e-05,2.99412e-05,1.59638e-05,-2.68686e-06,-2.56656e-05,-5.23325e-05,-8.17656e-05,-0.000112798,-0.000144075,-0.000174141,-0.000201523,-0.000224841,-0.000242896,-0.000254765,-0.000259861,-0.000257982,-0.000249323,-0.000234466,-0.000214335,-0.00019014,-0.000163286,-0.000135287,-0.000107665,-8.18561e-05,-5.91166e-05,-4.04527e-05,-2.65594e-05,-1.77839e-05,-1.41111e-05,-1.51732e-05,-2.02833e-05,-2.849e-05,-3.86505e-05,-4.9517e-05,-5.96363e-05,-6.76043e-05,-7.24544e-05,-7.34345e-05,-7.00546e-05,-6.24198e-05,-5.13713e-05,-3.82902e-05,-2.46961e-05,-1.17835e-05,0
0,-1.44132e-05,-3.04321e-05,-4.53996e-05,-5.7844e-05,-6.62433e-05,-6.95609e-05,-6.75947e-05,-6.10732e-05,-5.1471e-05,-4.05438e-05,-2.98198e-05,-2.05321e-05,-1.39263e-05,-1.11268e-05,-1.29453e-05,-1.98923e-05,-3.21375e-05,-4.9492e-05,-7.14122e-05,-9.70267e-05,-0.000125183,-0.000154513,-0.000183513,-0.000210636,-0.00023439,-0.000253431,-0.000266661,-0.000273297,-0.000272935,-0.000265575,-0.000251629,-0.000231888,-0.000207467,-0.000179728,-0.000150173,-0.000120348,-9.17267e-05,-6.56246e-05,-4.3116e-05,-2.4983e-05,-1.16884e-05,-3.3761e-06,1.05371e-07,-8.40755e-07,-5.61578e-06,-1.34887e-05,-2.366e-05,-3.53204e-05,-4.77013e-05,-6.01132e-05,-7.19721e-05,-8.2813e-05,-9.22913e-05,-0.000100175,-0.000106331,-0.000110699,-0.000113278,-0.000114097,-0.000113202,-0.00011064,-0.000106458,-0.0001007,-9.34218e-05,-8.47012e-05,-7.46598e-05,-6.34837e-05,-5.14418e-05,-3.89015e-05,-2.63362e-05,-1.43232e-05,-3.53117e-06,5.30562e-06,1.14248e-05,1.40843e-05,1.26193e-05,6.50384e-06,-4.58943e-06,-2.07349e-05,-4.17134e-05,-6.69909e-05,-9.57195e-05,-0.000126766,-0.000158767,-0.000190203,-0.000219498,-0.000245125,-0.000265708,-0.000280128,-0.000287599,-0.000287726,-0.000280538,-0.00026648,-0.000246386,-0.00022142,-0.000192997,-0.000162687,-0.000132117,-0.000102862,-7.63554e-05,-5.37937e-05,-3.60721e-05,-2.37316e-05,-1.69327e-05,-1.54527e-05,-1.87096e-05,-2.58093e-05,-3.56148e-05,-4.68324e-05,-5.79119e-05,-6.73082e-05,-7.38714e-05,-7.66036e-05,-7.47259e-05,-6.80719e-05,-5.72895e-05,-4.36851e-05,-2.88289e-05,-1.40592e-05,0
0,-1.57273e-05,-3.26306e-05,-4.77919e-05,-5.96648e-05,-6.67966e-05,-6.83613e-05,-6.44672e-05,-5.61866e-05,-4.53022e-05,-3.3784e-05,-2.32534e-05,-1.49369e-05,-1.00318e-05,-9.59086e-06,-1.43125e-05,-2.45573e-05,-4.03186e-05,-6.12159e-05,-8.65109e-05,-0.000115145,-0.000145799,-0.000176963,-0.00020703,-0.00023439,-0.00025753,-0.000275139,-0.000286188,-0.000290013,-0.00028636,-0.000275407,-0.000257759,-0.000234405,-0.00020665,-0.000176019,-0.00014415,-0.000112681,-8.31384e-05,-5.68434e-05,-3.48368e-05,-1.78344e-05,-6.20916e-06,-2.14986e-09,1.04318e-06,-2.57131e-06,-1.01616e-05,-2.09287e-05,-3.4023e-05,-4.86023e-05,-6.38776e-05,-7.91475e-05,-9.3819e-05,-0.000107417,-0.000119581,-0.000130056,-0.000138679,-0.000145354,-0.000150036,-0.000152712,-0.000153384,-0.000152063,-0.000148761,-0.000143499,-0.000136317,-0.000127284,-0.000116522,-0.000104225,-9.06746e-05,-7.62556e-05,-6.14661e-05,-4.69155e-05,-3.33138e-05,-2.14489e-05,-1.21517e-05,-6.24894e-06,-4.50639e-06,-7.56565e-06,-1.58789e-05,-2.96479e-05,-4.87747e-05,-7.28288e-05,-0.000101039,-0.000132313,-0.000165282,-0.00019838,-0.000229932,-0.000258274,-0.00028186,-0.000299377,-0.000309835,-0.000312643,-0.000307648,-0.000295145,-0.000275857,-0.000250881,-0.000221616,-0.000189665,-0.000156736,-0.00012453,-9.4635e-05,-6.84342e-05,-4.70199e-05,-3.11328e-05,-2.11208e-05,-1.6925e-05,-1.8091e-05,-2.38075e-05,-3.29693e-05,-4.42615e-05,-5.60575e-05,-6.66901e-05,-7.48406e-05,-7.92719e-05,-7.89122e-05,-7.3308e-05,-6.28917e-05,-4.88707e-05,-3.28455e-05,-1.62881e-05,0
0,-1.68807e-05,-3.44894e-05,-4.96659e-05,-6.08103e-05,-6.65657e-05,-6.63402e-05,-6.05645e-05,-5.06525e-05,-3.8677e-05,-2.67948e-05,-1.6687e-05,-9.54153e-06,-6.48086e-06,-8.46292e-06,-1.60518e-05,-2.9443e-05,-4.84453e-05,-7.24861e-05,-0.000100639,-0.000131672,-0.000164115,-0.000196341,-0.000226663,-0.000253431,-0.000275139,-0.000290521,-0.000298642,-0.000298966,-0.000291398,-0.000276298,-0.000254465,-0.000227079,-0.000195625,-0.000161783,-0.000127314,-9.39378e-05,-6.32208e-05,-3.64821e-05,-1.47248e-05,1.4012e-06,1.16075e-05,1.59456e-05,1.47626e-05,8.64139e-06,-1.66778e-06,-1.53164e-05,-3.14211e-05,-4.91178e-05,-6.76023e-05,-8.61586e-05,-0.000104174,-0.000121143,-0.000136665,-0.000150428,-0.000162203,-0.00017182,-0.000179156,-0.000184123,-0.000186657,-0.000186715,-0.000184273,-0.000179332,-0.000171931,-0.000162156,-0.000150161,-0.000136179,-0.000120541,-0.000103685,-8.6163e-05,-6.864e-05,-5.18838e-05,-3.67445e-05,-2.4122e-05,-1.49224e-05,-1.0002e-05,-1.01043e-05,-1.57921e-05,-2.73813e-05,-4.48836e-05,-6.79652e-05,-9.59283e-05,-0.000127721,-0.000161976,-0.000197082,-0.00023128,-0.000262773,-0.000289852,-0.000311015,-0.000325072,-0.000331231,-0.000329151,-0.000318966,-0.000301272,-0.000277081,-0.000247753,-0.000214904,-0.000180298,-0.000145739,-0.000112957,-8.35055e-05,-5.86681e-05,-3.93847e-05,-2.61982e-05,-1.92266e-05,-1.81626e-05,-2.2301e-05,-3.05939e-05,-4.17299e-05,-5.40286e-05,-6.57208e-05,-7.53374e-05,-8.14125e-05,-8.25811e-05,-7.80919e-05,-6.81416e-05,-5.3815e-05,-3.67227e-05,-1.84579e-05,0
0,-1.78771e-05,-3.60159e-05,-5.1035e-05,-6.13006e-05,-6.55759e-05,-6.3522e-05,-5.58998e-05,-4.44568e-05,-3.15363e-05,-1.9452e-05,-9.91265e-06,-4.03806e-06,-2.85235e-06,-7.19987e-06,-1.74942e-05,-3.37566e-05,-5.56095e-05,-8.22934e-05,-0.000112706,-0.000145459,-0.000178954,-0.00021147,-0.000241261,-0.000266661,-0.000286188,-0.000298642,-0.00030319,-0.000299431,-0.000287432,-0.000267735,-0.000241324,-0.000209564,-0.000174109,-0.000136782,-9.94542e-05,-6.39157e-05,-3.17638e-05,-4.31031e-06,1.74806e-05,3.30221e-05,4.21019e-05,4.48507e-05,4.16894e-05,3.32621e-05,2.03644e-05,3.87451e-06,-1.53077e-05,-3.63081e-05,-5.8313e-05,-8.05887e-05,-0.000102491,-0.000123465,-0.000143037,-0.000160808,-0.000176439,-0.000189647,-0.000200191,-0.000207875,-0.000212541,-0.000214074,-0.000212407,-0.000207528,-0.000199492,-0.00018843,-0.000174561,-0.000158199,-0.000139765,-0.000119788,-9.89107e-05,-7.7881e-05,-5.7545e-05,-3.8826e-05,-2.26958e-05,-1.01341e-05,-2.07646e-06,6.47233e-07,-2.61882e-06,-1.22871e-05,-2.84637e-05,-5.08988e-05,-7.89594e-05,-0.00011163,-0.000147545,-0.000185053,-0.000222313,-0.000257407,-0.000288469,-0.000313814,-0.000332058,-0.000342207,-0.000343735,-0.000336605,-0.000321277,-0.000298663,-0.000270068,-0.000237097,-0.000201551,-0.000165315,-0.000130241,-9.80354e-05,-7.01626e-05,-4.77563e-05,-3.15558e-05,-2.1865e-05,-1.85384e-05,-2.09969e-05,-2.82732e-05,-3.90845e-05,-5.17183e-05,-6.43257e-05,-7.53068e-05,-8.29808e-05,-8.56934e-05,-8.23872e-05,-7.30065e-05,-5.84915e-05,-4.04418e-05,-2.05595e-05,0
0,-1.87227e-05,-3.72221e-05,-5.19161e-05,-6.11562e-05,-6.38458e-05,-5.99143e-05,-5.04558e-05,-3.75415e-05,-2.37626e-05,-1.15615e-05,-2.6447e-06,1.96239e-06,1.35276e-06,-5.19017e-06,-1.79191e-05,-3.66777e-05,-6.0906e-05,-8.96688e-05,-0.000121704,-0.000155488,-0.000189316,-0.000221395,-0.000249943,-0.000273297,-0.000290013,-0.000298966,-0.000299431,-0.000291144,-0.000274332,-0.000249709,-0.000218439,-0.000182059,-0.000142377,-0.00010135,-6.09439e-05,-2.30116e-05,1.0827e-05,3.92709e-05,6.13947e-05,7.66691e-05,8.49479e-05,8.6427e-05,8.15825e-05,7.10992e-05,5.57963e-05,3.65605e-05,1.42903e-05,-1.0144e-05,-3.59253e-05,-6.23016e-05,-8.85866e-05,-0.000114155,-0.000138434,-0.000160898,-0.000181062,-0.000198482,-0.000212761,-0.000223555,-0.000230582,-0.000233638,-0.000232604,-0.000227463,-0.000218304,-0.000205331,-0.000188864,-0.000169343,-0.000147322,-0.000123467,-9.8547e-05,-7.34255e-05,-4.90482e-05,-2.64242e-05,-6.59964e-06,9.3775e-06,2.0505e-05,2.5884e-05,2.47857e-05,1.67214e-05,1.51016e-06,-2.06663e-05,-4.92273e-05,-8.31862e-05,-0.000121175,-0.000161504,-0.000202253,-0.000241389,-0.000276899,-0.000306924,-0.00032989,-0.000344612,-0.000350375,-0.000346976,-0.00033473,-0.000314443,-0.00028735,-0.000255028,-0.000219295,-0.000182097,-0.000145384,-0.000111001,-8.05754e-05,-5.54253e-05,-3.6483e-05,-2.42413e-05,-1.87269e-05,-1.95027e-05,-2.57024e-05,-3.60948e-05,-4.89573e-05,-6.23823e-05,-7.46606e-05,-8.39121e-05,-8.81995e-05,-8.61553e-05,-7.74562e-05,-6.28777e-05,-4.39886e-05,-2.25862e-05,0
0,-1.94259e-05,-3.81222e-05,-5.23276e-05,-6.03943e-05,-6.13838e-05,-5.55047e-05,-4.41847e-05,-2.98065e-05,-1.51875e-05,-2.87226e-06,5.46097e-06,8.90251e-06,6.67659e-06,-1.79662e-06,-1.66043e-05,-3.74151e-05,-6.3496e-05,-9.37513e-05,-0.000126779,-0.00016094,-0.000194448,-0.000225457,-0.000252169,-0.000272935,-0.00028636,-0.000291398,-0.000287432,-0.000274332,-0.000252475,-0.000222738,-0.000186452,-0.000145312,-0.00010127,-5.63989e-05,-1.27526e-05,2.77653e-05,6.35174e-05,9.32162e-05,0.000115974,0.000131312,0.00013914,0.000139706,0.000133522,0.000121293,0.000103841,8.20388e-05,5.67642e-05,2.88681e-05,-8.38937e-07,-3.1588e-05,-6.26439e-05,-9.32946e-05,-0.000122842,-0.0001506,-0.000175895,-0.000198082,-0.000216562,-0.000230804,-0.000240372,-0.000244951,-0.000244364,-0.000238592,-0.000227777,-0.000212225,-0.0001924,-0.00016891,-0.000142491,-0.000113987,-8.43336e-05,-5.45423e-05,-2.568e-05,1.14712e-06,2.48165e-05,4.42192e-05,5.83005e-05,6.61115e-05,6.68723e-05,6.0041e-05,4.53826e-05,2.303e-05,-6.47367e-06,-4.21598e-05,-8.26521e-05,-0.00012622,-0.00017087,-0.000214457,-0.000254829,-0.000289965,-0.000318108,-0.000337893,-0.000348423,-0.000349332,-0.000340792,-0.000323498,-0.000298605,-0.000267652,-0.000232458,-0.000195007,-0.000157332,-0.000121391,-8.89586e-05,-6.15246e-05,-4.02054e-05,-2.5681e-05,-1.8155e-05,-1.73438e-05,-2.24988e-05,-3.24607e-05,-4.55167e-05,-5.97208e-05,-7.32757e-05,-8.41186e-05,-9.00376e-05,-8.93526e-05,-8.14609e-05,-6.69542e-05,-4.73519e-05,-2.45333e-05,0
0,-1.9995e-05,-3.87309e-05,-5.22857e-05,-5.90262e-05,-5.81858e-05,-5.02607e-05,-3.70102e-05,-2.11164e-05,-5.6031e-06,6.90592e-06,1.47817e-05,1.72466e-05,1.36651e-05,3.59772e-06,-1.2878e-05,-3.52633e-05,-6.26661e-05,-9.38479e-05,-0.000127287,-0.000161254,-0.000193896,-0.000223336,-0.000247771,-0.000265575,-0.000275407,-0.000276298,-0.000267735,-0.000249709,-0.000222738,-0.00018785,-0.000146525,-0.000100604,-5.21672e-05,-3.39259e-06,4.35893e-05,8.68318e-05,0.000124685,0.000155878,0.000179558,0.000195293,0.00020304,0.000203082,0.000195955,0.000182363,0.000163109,0.000139031,0.000110964,7.97216e-05,4.60937e-05,1.08594e-05,-2.51956e-05,-6.12612e-05,-9.64925e-05,-0.000130011,-0.000160919,-0.000188326,-0.000211387,-0.000229346,-0.000241579,-0.000247637,-0.000247276,-0.000240479,-0.000227462,-0.000208664,-0.000184732,-0.000156486,-0.000124891,-9.10145e-05,-5.59981e-05,-2.10279e-05,1.26878e-05,4.39367e-05,7.15211e-05,9.42806e-05,0.000111124,0.000121075,0.000123324,0.000117301,0.00010274,7.97441e-05,4.88355e-05,1.09766e-05,-3.24404e-05,-7.96421e-05,-0.00012856,-0.000176947,-0.000222518,-0.000263097,-0.000296764,-0.000321979,-0.000337677,-0.000343337,-0.000338994,-0.000325233,-0.000303127,-0.00027417,-0.000240166,-0.000203126,-0.00016514,-0.000128264,-9.44013e-05,-6.51935e-05,-4.19302e-05,-2.54719e-05,-1.61991e-05,-1.39881e-05,-1.822e-05,-2.78246e-05,-4.11162e-05,-5.61289e-05,-7.09965e-05,-8.34903e-05,-9.11324e-05,-9.19299e-05,-8.49897e-05,-7.07035e-05,-5.0523e-05,-2.63978e-05,0
0,-2.04384e-05,-3.90611e-05,-5.18029e-05,-5.70552e-05,-5.42347e-05,-4.41309e-05,-2.88328e-05,-1.13106e-05,5.22201e-06,1.808e-05,2.56996e-05,2.74456e-05,2.28269e-05,1.15436e-05,-6.16824e-06,-2.96544e-05,-5.788e-05,-8.94839e-05,-0.000122846,-0.000156163,-0.000187539,-0.000215074,-0.00023697,-0.000251629,-0.000257759,-0.000254465,-0.000241324,-0.000218439,-0.000186452,-0.000146525,-0.000100274,-4.967e-05,3.09158e-06,5.57392e-05,0.000106076,0.000152121,0.000192215,0.000225106,0.000249976,0.000266436,0.000274481,0.000274424,0.000266806,0.000252315,0.000231713,0.000205781,0.00017529,0.000140993,0.00010364,6.40079e-05,2.29267e-05,-1.86908e-05,-5.9838e-05,-9.94192e-05,-0.000136276,-0.000169232,-0.000197155,-0.00021902,-0.000233982,-0.000241435,-0.000241059,-0.000232842,-0.000217092,-0.000194414,-0.000165675,-0.000131958,-9.44983e-05,-5.46313e-05,-1.37383e-05,2.67934e-05,6.55999e-05,0.000101359,0.000132803,0.000158735,0.000178047,0.000189756,0.000193052,0.000187358,0.0001724,0.000148273,0.000115494,7.50316e-05,2.83007e-05,-2.28788e-05,-7.63654e-05,-0.000129813,-0.000180815,-0.000227052,-0.00026645,-0.000297312,-0.00031842,-0.000329109,-0.000329289,-0.000319441,-0.00030056,-0.000274088,-0.000241812,-0.000205751,-0.000168043,-0.000130819,-9.60891e-05,-6.56323e-05,-4.08947e-05,-2.29069e-05,-1.22213e-05,-8.87536e-06,-1.23879e-05,-2.179e-05,-3.54372e-05,-5.13594e-05,-6.76392e-05,-8.18961e-05,-9.13955e-05,-9.38307e-05,-8.80097e-05,-7.41083e-05,-5.34948e-05,-2.8178e-05,0
0,-2.07625e-05,-3.91229e-05,-5.08862e-05,-5.44762e-05,-4.95015e-05,-3.70501e-05,-1.95383e-05,-2.16695e-07,1.75235e-05,3.09488e-05,3.85705e-05,3.99014e-05,3.45943e-05,2.24835e-05,3.95377e-06,-2.01999e-05,-4.88182e-05,-8.04368e-05,-0.000113356,-0.000145718,-0.000175593,-0.000201071,-0.00022036,-0.000231888,-0.000234405,-0.000227079,-0.000209564,-0.000182059,-0.000145312,-0.000100604,-4.967e-05,5.40337e-06,6.23183e-05,0.000118721,0.000172357,0.000221216,0.000263639,0.000298392,0.000324695,0.000342199,0.000350936,0.000351237,0.000343638,0.000328799,0.00030742,0.000280204,0.00024783,0.000210966,0.0001703,0.000126581,8.06724e-05,3.35841e-05,-1.35076e-05,-5.92703e-05,-0.000102255,-0.000140959,-0.00017392,-0.000199803,-0.000217507,-0.000226242,-0.0002256,-0.000215581,-0.000196603,-0.000169469,-0.000135309,-9.55102e-05,-5.16276e-05,-5.30129e-06,4.18165e-05,8.81177e-05,0.000132074,0.000172257,0.000207341,0.000236111,0.000257467,0.000270446,0.000274261,0.000268357,0.000252473,0.000226715,0.000191609,0.000148142,9.77579e-05,4.2326e-05,-1.59416e-05,-7.46057e-05,-0.000131144,-0.000183111,-0.000228292,-0.000264848,-0.000291426,-0.000307234,-0.000312072,-0.000306327,-0.000290926,-0.000267261,-0.000237095,-0.000202454,-0.000165505,-0.00012844,-9.33581e-05,-6.21548e-05,-3.64163e-05,-1.73293e-05,-5.60944e-06,-1.45225e-06,-4.51668e-06,-1.39435e-05,-2.81397e-05,-4.51434e-05,-6.29997e-05,-7.91893e-05,-9.07272e-05,-9.49924e-05,-9.04851e-05,-7.7151e-05,-5.62605e-05,-2.98723e-05,0
0,-2.09721e-05,-3.89225e-05,-4.95366e-05,-5.1276e-05,-4.39484e-05,-2.89446e-05,-9.00836e-06,1.23341e-05,3.15212e-05,4.57776e-05,5.36946e-05,5.49336e-05,4.92875e-05,3.67161e-05,1.77401e-05,-6.72114e-06,-3.54018e-05,-6.67528e-05,-9.90116e-05,-0.000130279,-0.0001586,-0.000182057,-0.000198864,-0.000207467,-0.00020665,-0.000195625,-0.000174109,-0.000142377,-0.00010127,-5.21672e-05,3.09158e-06,6.23183e-05,0.000123125,0.000183085,0.000239896,0.000291524,0.000336314,0.000373059,0.000401016,0.000419878,0.000429712,0.000430863,0.000423859,0.000409311,0.000387847,0.000360067,0.000326532,0.000287794,0.000244446,0.000197184,0.000146878,9.46224e-05,4.17614e-05,-1.01226e-05,-5.92622e-05,-0.000103794,-0.000141878,-0.000171827,-0.000192244,-0.000202132,-0.000200978,-0.000188801,-0.000166148,-0.000134054,-9.39574e-05,-4.75943e-05,3.11733e-06,5.61951e-05,0.00010969,0.000161761,0.000210715,0.000255027,0.000293335,0.000324431,0.000347252,0.000360884,0.000364594,0.000357871,0.000340493,0.000312592,0.000274719,0.000227885,0.00017357,0.000113692,5.05325e-05,-1.33835e-05,-7.543e-05,-0.000133045,-0.000183891,-0.000226008,-0.000257924,-0.00027874,-0.000288165,-0.000286508,-0.000274637,-0.000253905,-0.000226055,-0.000193111,-0.000157262,-0.000120749,-8.57423e-05,-5.42362e-05,-2.79387e-05,-8.17721e-06,4.18184e-06,8.79186e-06,5.85554e-06,-3.88108e-06,-1.88827e-05,-3.72044e-05,-5.68646e-05,-7.52135e-05,-8.90202e-05,-9.5347e-05,-9.23771e-05,-7.98128e-05,-5.88132e-05,-3.14794e-05,0
0,-2.1069e-05,-3.84612e-05,-4.77492e-05,-4.74355e-05,-3.75329e-05,-1.97404e-05,2.86806e-06,2.6491e-05,4.7398e-05,6.2774e-05,7.12896e-05,7.2752e-05,6.70875e-05,5.43709e-05,3.52446e-05,1.07361e-05,-1.77995e-05,-4.87439e-05,-8.02845e-05,-0.000110489,-0.000137382,-0.000159038,-0.000173668,-0.000179728,-0.000176019,-0.000161783,-0.000136782,-0.00010135,-5.63989e-05,-3.39259e-06,5.57392e-05,0.000118721,0.000183085,0.000246341,0.000306148,0.000360456,0.000407618,0.000446459,0.000476277,0.000496813,0.00050817,0.000510707,0.000504935,0.000491413,0.000470675,0.000443198,0.000409397,0.000369675,0.000324491,0.00027445,0.000220396,0.000163481,0.00010521,4.74206e-05,-7.77838e-06,-5.81234e-05,-0.000101352,-0.000135377,-0.000158462,-0.000169369,-0.000167472,-0.000152811,-0.000126086,-8.86012e-05,-4.21477e-05,1.11368e-05,6.8928e-05,0.000128866,0.000188685,0.000246303,0.000299873,0.000347793,0.000388693,0.000421406,0.000444938,0.000458462,0.000461328,0.000453099,0.00043361,0.000403038,0.000361968,0.000311444,0.000252983,0.000188551,0.000120492,5.14095e-05,-1.59777e-05,-7.90059e-05,-0.000135234,-0.000182596,-0.000219525,-0.000245038,-0.000258769,-0.000260973,-0.000252474,-0.000234596,-0.000209067,-0.000177913,-0.000143342,-0.00010763,-7.30079e-05,-4.15512e-05,-1.50725e-05,4.97657e-06,1.75928e-05,2.22891e-05,1.91352e-05,8.76497e-06,-7.34682e-06,-2.7277e-05,-4.90237e-05,-6.98117e-05,-8.61649e-05,-9.48241e-05,-9.36451e-05,-8.20736e-05,-6.11449e-05,-3.29973e-05,0
0,-2.10525e-05,-3.77363e-05,-4.55144e-05,-4.29319e-05,-3.02128e-05,-9.37141e-06,1.61823e-05,4.23674e-05,6.52817e-05,8.20668e-05,9.1469e-05,9.34353e-05,8.80177e-05,7.53947e-05,5.6316e-05,3.19022e-05,3.58343e-06,-2.69647e-05,-5.78885e-05,-8.72262e-05,-0.000112983,-0.000133217,-0.00014613,-0.000150173,-0.00014415,-0.000127314,-9.94542e-05,-6.09439e-05,-1.27526e-05,4.35893e-05,0.000106076,0.000172357,0.000239896,0.000306148,0.000368739,0.00042561,0.000475133,0.000516165,0.000548057,0.0005706,0.000583938,0.000588446,0.000584617,0.000572945,0.00055386,0.000527689,0.000494676,0.000455037,0.000409053,0.000357193,0.000300228,0.000239337,0.00017616,0.000112794,5.17097e-05,-4.38845e-06,-5.27643e-05,-9.0874e-05,-0.000116592,-0.000128405,-0.000125555,-0.00010811,-7.69515e-05,-3.3696e-05,1.94582e-05,7.99183e-05,0.000144904,0.000211645,0.00027754,0.000340268,0.000397844,0.000448621,0.000491258,0.000524668,0.000547971,0.000560464,0.000561616,0.000551093,0.000528813,0.000495012,0.000450319,0.000395812,0.000333045,0.000264028,0.000191159,0.000117111,4.46796e-05,-2.33844e-05,-8.4553e-05,-0.000136678,-0.000178118,-0.000207826,-0.000225389,-0.000231024,-0.000225532,-0.000210224,-0.000186824,-0.000157362,-0.000124066,-8.92432e-05,-5.51732e-05,-2.4e-05,2.37471e-06,2.23916e-05,3.49254e-05,3.93605e-05,3.56429e-05,2.42986e-05,6.74279e-06,-1.51251e-05,-3.92848e-05,-6.28367e-05,-8.20558e-05,-9.33541e-05,-9.42477e-05,-8.39118e-05,-6.32465e-05,-3.44233e-05,0
0,-2.09194e-05,-3.67413e-05,-4.28192e-05,-3.77424e-05,-2.19526e-05,2.21151e-06,3.09945e-05,6.00276e-05,8.52291e-05,0.000103691,0.000114227,0.00011692,0.000111937,9.95509e-05,8.06055e-05,5.63015e-05,2.81337e-05,-2.17317e-06,-3.27282e-05,-6.15405e-05,-8.65906e-05,-0.000105913,-0.000117688,-0.000120348,-0.000112681,-9.39378e-05,-6.39157e-05,-2.30116e-05,2.77653e-05,8.68318e-05,0.000152121,0.000221216,0.000291524,0.000360456,0.00042561,0.000484929,0.000536804,0.00058014,0.000614342,0.000639262,0.000655089,0.000662219,0.000661122,0.000652221,0.000635821,0.000612083,0.000581045,0.000542701,0.000497112,0.000444551,0.000385664,0.000321605,0.000254123,0.000185564,0.000118786,5.69783e-05,3.41431e-06,-3.88377e-05,-6.7202e-05,-7.98457e-05,-7.58598e-05,-5.53463e-05,-1.94034e-05,2.99873e-05,9.0155e-05,0.000157987,0.000230192,0.00030355,0.000375111,0.000442323,0.000503089,0.000555756,0.000599056,0.000632031,0.000653962,0.000664318,0.00066273,0.000649006,0.000623169,0.000585532,0.000536773,0.000478006,0.000410815,0.000337245,0.000259737,0.00018102,0.000103953,3.13547e-05,-3.41798e-05,-9.04402e-05,-0.000135734,-0.000168974,-0.000189723,-0.000198183,-0.00019515,-0.000181939,-0.000160285,-0.000132232,-0.000100029,-6.6014e-05,-3.251e-05,-1.71891e-06,2.43813e-05,4.41378e-05,5.63176e-05,6.01899e-05,5.55874e-05,4.29358e-05,2.35942e-05,-5.60429e-07,-2.74884e-05,-5.41615e-05,-7.65994e-05,-9.08732e-05,-9.41453e-05,-8.53053e-05,-6.51074e-05,-3.57534e-05,0
0,-2.06642e-05,-3.54668e-05,-3.96499e-05,-3.18481e-05,-1.2729e-05,1.50329e-05,4.73241e-05,7.94755e-05,0.000107216,0.000127577,0.000139435,0.000142998,0.000138545,0.000126433,0.000107588,8.32839e-05,5.50722e-05,2.47237e-05,-5.83371e-06,-3.4576e-05,-5.9452e-05,-7.84628e-05,-8.97551e-05,-9.17267e-05,-8.31384e-05,-6.32208e-05,-3.17638e-05,1.0827e-05,6.35174e-05,0.000124685,0.000192215,0.000263639,0.000336314,0.000407618,0.000475133,0.000536804,0.000591057,0.000636846,0.000673644,0.00070137,0.000720267,0.000730755,0.000733277,0.000728171,0.000715596,0.000695519,0.000667749,0.000632026,0.000588142,0.000536118,0.000476403,0.000410063,0.00033891,0.000265532,0.000193194,0.000125629,6.67257e-05,2.0163e-05,-1.09541e-05,-2.44159e-05,-1.91366e-05,4.73653e-06,4.58467e-05,0.000101777,0.000169303,0.00024471,0.00032413,0.000403852,0.00048056,0.000551485,0.000614454,0.000667852,0.000710537,0.000741733,0.000760937,0.000767843,0.000762304,0.000744314,0.000714038,0.000671882,0.000618577,0.000555267,0.000483555,0.000405508,0.000323595,0.000240582,0.000159374,8.28381e-05,1.36166e-05,-4.60406e-05,-9.4412e-05,-0.000130395,-0.000153549,-0.000164082,-0.000162809,-0.000151066,-0.000130611,-0.000103517,-7.20584e-05,-3.86076e-05,-5.52826e-06,2.49251e-05,5.07078e-05,7.0085e-05,8.17286e-05,8.48052e-05,7.90454e-05,6.47841e-05,4.33296e-05,1.65397e-05,-1.35219e-05,-4.36914e-05,-6.97214e-05,-8.73279e-05,-9.33024e-05,-8.62326e-05,-6.67157e-05,-3.69825e-05,0
0,-2.028e-05,-3.39024e-05,-3.59943e-05,-2.5238e-05,-2.5365e-06,2.90858e-05,6.5142e-05,0.000100648,0.00013113,0.00015355,0.00016684,0.000171327,0.000167398,0.000155487,0.000136598,0.000112069,8.35083e-05,5.27328e-05,2.17113e-05,-7.49318e-06,-3.27888e-05,-5.21333e-05,-6.36277e-05,-6.56246e-05,-5.68434e-05,-3.64821e-05,-4.31031e-06,3.92709e-05,9.32162e-05,0.000155878,0.000225106,0.000298392,0.000373059,0.000446459,0.000516165,0.00058014,0.000636846,0.0006853,0.000725051,0.000756097,0.000778746,0.000793444,0.000800601,0.000800444,0.000792948,0.000777849,0.000754711,0.000723001,0.000682211,0.00063204,0.000572657,0.000504954,0.000430746,0.00035284,0.00027494,0.000201392,0.000136804,8.5581e-05,5.14609e-05,3.71064e-05,4.38138e-05,7.13771e-05,0.000118123,0.00018111,0.000256452,0.00033973,0.000426414,0.000512248,0.000593539,0.000667319,0.000731379,0.000784198,0.000824812,0.000852677,0.000867559,0.000869455,0.000858515,0.000834995,0.000799244,0.000751781,0.000693388,0.000625226,0.0005489,0.000466475,0.000380429,0.000293544,0.00020875,0.000128939,5.67795e-05,-5.46181e-06,-5.60568e-05,-9.39094e-05,-0.000118596,-0.000130355,-0.000130036,-0.000119014,-9.90858e-05,-7.23634e-05,-4.11595e-05,-7.8843e-06,2.50559e-05,5.53558e-05,8.09089e-05,9.99065e-05,0.000110935,0.00011307,0.00010595,8.98286e-05,6.59707e-05,3.62191e-05,2.66777e-06,-3.1373e-05,-6.1375e-05,-8.26806e-05,-9.16908e-05,-8.66742e-05,-6.80592e-05,-3.81042e-05,0
0,-1.97593e-05,-3.20382e-05,-3.18448e-05,-1.79129e-05,8.60776e-06,4.43269e-05,8.43668e-05,0.000123412,0.000156774,0.000181337,0.000196079,0.000201448,0.000197935,0.00018605,0.000166869,0.000141797,0.000112499,8.08421e-05,4.88421e-05,1.86089e-05,-7.71641e-06,-2.80394e-05,-4.04066e-05,-4.3116e-05,-3.48368e-05,-1.47248e-05,1.74806e-05,6.13947e-05,0.000115974,0.000179558,0.000249976,0.000324695,0.000401016,0.000476277,0.000548057,0.000614342,0.000673644,0.000725051,0.000768201,0.000803188,0.000830402,0.000850324,0.000863315,0.000869447,0.000868431,0.000859707,0.000842589,0.000816305,0.000780029,0.000733079,0.00067523,0.000607085,0.000530374,0.000448089,0.000364404,0.000284378,0.000213474,0.000156978,0.000119403,0.000103967,0.000112223,0.000143888,0.000196894,0.000267653,0.000351478,0.000443109,0.000537246,0.000629026,0.00071436,0.00079011,0.000854086,0.000904913,0.000941851,0.000964623,0.000973315,0.000968314,0.000950209,0.000919625,0.000877165,0.000823473,0.000759371,0.00068601,0.000604964,0.00051827,0.000428386,0.000338083,0.00025029,0.000167903,9.35901e-05,2.96132e-05,-2.23152e-05,-6.11257e-05,-8.64324e-05,-9.85208e-05,-9.82919e-05,-8.71749e-05,-6.7021e-05,-3.99912e-05,-8.44623e-06,2.51578e-05,5.83668e-05,8.88228e-05,0.000114359,0.000133095,0.00014354,0.000144685,0.000136086,0.000117925,9.14299e-05,5.84323e-05,2.10647e-05,-1.72039e-05,-5.15473e-05,-7.6914e-05,-8.9293e-05,-8.66143e-05,-6.91255e-05,-3.91115e-05,0
0,-1.90951e-05,-2.98668e-05,-2.7201e-05,-9.88851e-06,2.0661e-05,6.06738e-05,0.000104864,0.000147569,0.000183872,0.000210574,0.000226698,0.000232811,0.000229513,0.000217388,0.000197589,0.000171587,0.000141112,0.000108086,7.45809e-05,4.27608e-05,1.48224e-05,-7.08111e-06,-2.09365e-05,-2.4983e-05,-1.78344e-05,1.4012e-06,3.30221e-05,7.66691e-05,0.000131312,0.000195293,0.000266436,0.000342199,0.000419878,0.000496813,0.0005706,0.000639262,0.00070137,0.000756097,0.000803188,0.000842859,0.00087561,0.000901984,0.000922288,0.000936353,0.000943454,0.000942566,0.000932814,0.000913305,0.000882956,0.000840632,0.000785569,0.000717911,0.000639167,0.00055246,0.000462477,0.000375112,0.000296872,0.000234136,0.000192387,0.000175539,0.000185464,0.000221774,0.000281901,0.000361447,0.000454737,0.00055549,0.000657498,0.000755212,0.00084414,0.000921013,0.000983727,0.00103111,0.00106267,0.00107838,0.00107866,0.00106441,0.00103692,0.000997378,0.000946727,0.000885733,0.000815219,0.000736272,0.000650392,0.000559544,0.000466128,0.000372877,0.000282688,0.000198434,0.000122758,5.78946e-05,5.51902e-06,-3.33447e-05,-5.8365e-05,-6.98885e-05,-6.88812e-05,-5.68382e-05,-3.56745e-05,-7.61172e-06,2.49327e-05,5.9448e-05,9.34254e-05,0.000124449,0.000150288,0.000168992,0.000178993,0.000179201,0.000169098,0.000148802,0.000119508,8.30398e-05,4.15779e-05,-1.23793e-06,-4.02649e-05,-7.00358e-05,-8.61046e-05,-8.60425e-05,-6.99033e-05,-3.99967e-05,0
0,-1.82816e-05,-2.73852e-05,-2.20722e-05,-1.19815e-06,3.35525e-05,7.80053e-05,0.000126447,0.000172857,0.00021208,0.000240829,0.000258176,0.00026481,0.000261444,0.000248745,0.000227944,0.00020059,0.000168479,0.000133604,9.80944e-05,6.41767e-05,3.41075e-05,1.01002e-05,-5.77162e-06,-1.16884e-05,-6.20916e-06,1.16075e-05,4.21019e-05,8.49479e-05,0.00013914,0.00020304,0.000274481,0.000350936,0.000429712,0.00050817,0.000583938,0.000655089,0.000720267,0.000778746,0.000830402,0.00087561,0.000915043,0.000949374,0.000978893,0.00100308,0.00102039,0.00102884,0.00102759,0.00101602,0.000992947,0.000956717,0.000905802,0.00083962,0.000759258,0.00066788,0.000570728,0.000474701,0.000387609,0.000317209,0.000270224,0.00025146,0.00026319,0.000304885,0.000373327,0.000463086,0.000567243,0.000678266,0.000788865,0.000892715,0.000984922,0.00106216,0.00112251,0.00116506,0.00118952,0.00119601,0.00118515,0.00115856,0.00111876,0.00106789,0.00100728,0.000937779,0.000860094,0.000775166,0.000684346,0.000589473,0.00049285,0.000397132,0.000305154,0.000219735,0.000143471,7.85417e-05,2.65673e-05,-1.14905e-05,-3.53674e-05,-4.54813e-05,-4.28714e-05,-2.91055e-05,-6.16918e-06,2.36487e-05,5.78664e-05,9.3911e-05,0.000129211,0.000161285,0.000187831,0.000206825,0.000216617,0.000216041,0.000204505,0.000182069,0.000149896,0.000109809,6.40395e-05,1.64117e-05,-2.75971e-05,-6.20816e-05,-8.21374e-05,-8.4956e-05,-7.03836e-05,-4.0752e-05,0
0,-1.73156e-05,-2.45965e-05,-1.64794e-05,8.1056e-06,4.71839e-05,9.61628e-05,0.000148888,0.000198967,0.000241004,0.000271625,0.000289954,0.000296813,0.000293038,0.000279385,0.000257174,0.000228038,0.000193854,0.000156687,0.000118737,8.22923e-05,4.96703e-05,2.31418e-05,4.83557e-06,-3.3761e-06,-2.14986e-09,1.59456e-05,4.48507e-05,8.6427e-05,0.000139706,0.000203082,0.000274424,0.000351237,0.000430863,0.000510707,0.000588446,0.000662219,0.000730755,0.000793444,0.000850324,0.000901984,0.000949374,0.000993469,0.00103473,0.00107227,0.00110296,0.00112208,0.00112989,0.00112699,0.00111244,0.00108391,0.00103875,0.000975237,0.00089371,0.000797228,0.000691639,0.000585077,0.000486995,0.000406935,0.000353225,0.000331832,0.000345547,0.000393637,0.000472029,0.000573949,0.000690898,0.00081379,0.00093404,0.00104446,0.00113977,0.00121672,0.00127374,0.00131027,0.00132612,0.00132113,0.00129573,0.00125227,0.00119614,0.00113095,0.00105838,0.000979092,0.000893504,0.00080225,0.000706437,0.000607716,0.000508244,0.000410558,0.000317401,0.00023151,0.0001554,9.11782e-05,4.03903e-05,3.92196e-06,-1.80391e-05,-2.59875e-05,-2.10383e-05,-4.83307e-06,2.05707e-05,5.28146e-05,8.9349e-05,0.000127532,0.000164722,0.000198363,0.000226075,0.000245749,0.000255651,0.000254531,0.000241723,0.000217233,0.000182193,0.000138421,8.8208e-05,3.55725e-05,-1.36572e-05,-5.3117e-05,-7.7421e-05,-8.33608e-05,-7.05606e-05,-4.13706e-05,0
0,-1.61975e-05,-2.15117e-05,-1.04569e-05,1.79504e-05,6.14299e-05,0.000114955,0.00017192,0.000225552,0.000270218,0.000302461,0.000321467,0.000328202,0.00032364,0.000308636,0.000284609,0.000253289,0.000216642,0.000176814,0.000136077,9.67819e-05,6.13022e-05,3.19573e-05,1.09205e-05,1.05371e-07,1.04318e-06,1.47626e-05,4.16894e-05,8.15825e-05,0.000133522,0.000195955,0.000266806,0.000343638,0.000423859,0.000504935,0.000584617,0.000661122,0.000733277,0.000800601,0.000863315,0.000922288,0.000978893,0.00103473,0.00109102,0.00114714,0.00119739,0.00122747,0.00124336,0.00124902,0.00124411,0.00122525,0.00118798,0.00112878,0.00104676,0.000944641,0.000828944,0.000709331,0.000597378,0.00050495,0.000442497,0.000417519,0.000433477,0.000489343,0.000579882,0.000696547,0.000828811,0.000965649,0.00109693,0.0012145,0.00131282,0.00138894,0.0014419,0.00147166,0.00147794,0.00145958,0.00141528,0.00134737,0.00126907,0.00118596,0.00109938,0.00100919,0.000915136,0.000817364,0.000716628,0.000614327,0.000512425,0.00041331,0.000319599,0.000233913,0.000158666,9.58689e-05,4.6975e-05,1.27839e-05,-6.59832e-06,-1.17432e-05,-3.83836e-06,1.54055e-05,4.3864e-05,7.91127e-05,0.000118534,0.000159415,0.000199036,0.00023476,0.000264116,0.000284901,0.000295287,0.000293933,0.000280096,0.000253723,0.000215915,0.000168483,0.000113776,5.60169e-05,1.39879e-06,-4.32373e-05,-7.20039e-05,-8.12731e-05,-7.04331e-05,-4.18467e-05,0
0,-1.49318e-05,-1.81504e-05,-4.05298e-06,2.82445e-05,7.61415e-05,0.000134166,0.000195251,0.000252247,0.000299286,0.000332841,0.000352173,0.000358407,0.000352667,0.000335925,0.000309708,0.000275855,0.00023643,0.000193665,0.000149905,0.000107558,6.90428e-05,3.67142e-05,1.27735e-05,-8.40755e-07,-2.57131e-06,8.64139e-06,3.32621e-05,7.10992e-05,0.000121293,0.000182363,0.000252315,0.000328799,0.000409311,0.000491413,0.000572945,0.000652221,0.000728171,0.000800444,0.000869447,0.000936353,0.00100308,0.00107227,0.00114714,0.00123028,0.00131654,0.00135243,0.0013718,0.00138461,0.00139055,0.00138409,0.00135783,0.00130548,0.00122417,0.00111597,0.000988118,0.000852234,0.000722643,0.000614281,0.000540425,0.000510627,0.000529221,0.000594733,0.000700314,0.000835044,0.000985768,0.00113905,0.00128292,0.00140824,0.00150937,0.00158406,0.00163246,0.00165545,0.00165265,0.0016207,0.00155284,0.00144449,0.00133578,0.0012312,0.0011291,0.0010274,0.000924721,0.000820522,0.000715133,0.00060966,0.000505848,0.000405904,0.000312289,0.000227486,0.000153781,9.30661e-05,4.66904e-05,1.53591e-05,-9.04135e-07,-2.74289e-06,8.59174e-06,3.13311e-05,6.32953e-05,0.000102003,0.000144773,0.000188824,0.000231356,0.000269639,0.000301104,0.000323443,0.000334718,0.00033349,0.000318928,0.000290918,0.000250523,0.00019954,0.000140379,7.74691e-05,1.73763e-05,-3.25668e-05,-6.59537e-05,-7.87204e-05,-7.00051e-05,-4.21764e-05,0
0,-1.35279e-05,-1.4542e-05,2.66985e-06,3.88782e-05,9.11499e-05,0.000153559,0.000218577,0.000278682,0.000327783,0.000362297,0.000381579,0.00038693,0.000379638,0.000360804,0.00033208,0.000295421,0.000252997,0.000207128,0.000160227,0.000114752,7.31513e-05,3.77949e-05,1.08916e-05,-5.61578e-06,-1.01616e-05,-1.66778e-06,2.03644e-05,5.57963e-05,0.000103841,0.000163109,0.000231713,0.00030742,0.000387847,0.000470675,0.00055386,0.000635821,0.000715596,0.000792948,0.000868431,0.000943454,0.00102039,0.00110296,0.00119739,0.00131654,0.00149581,0.00150512,0.00151724,0.00153492,0.00155376,0.00156401,0.00155368,0.00151222,0.00143383,0.00131943,0.00117713,0.00102101,0.000869006,0.00074012,0.000651433,0.000615278,0.000637134,0.000714817,0.000839185,0.000996089,0.00116896,0.00134138,0.00149929,0.00163259,0.00173588,0.00180822,0.00185167,0.00186889,0.00186008,0.00181954,0.00172952,0.0015369,0.00139001,0.00126299,0.00114562,0.00103284,0.000921979,0.000811839,0.000702338,0.000594291,0.000489216,0.000389127,0.000296305,0.000213071,0.000141562,8.35338e-05,4.02191e-05,1.22246e-05,-5.05235e-07,1.32362e-06,1.64111e-05,4.29476e-05,7.8715e-05,0.000121189,0.000167639,0.000215217,0.000261045,0.000302296,0.000336291,0.000360603,0.000373177,0.000372457,0.000357518,0.000328174,0.000285445,0.000231104,0.000167615,9.96152e-05,3.40477e-05,-2.12552e-05,-5.93565e-05,-7.57417e-05,-6.92872e-05,-4.23586e-05,0
0,-1.20006e-05,-1.07257e-05,9.63547e-06,4.97263e-05,0.000106271,0.000172888,0.00024159,0.000304496,0.000355309,0.000390411,0.000409268,0.00041337,0.00040419,0.00038297,0.000351495,0.000311848,0.000266309,0.000217283,0.000167245,0.000118686,7.40652e-05,3.57468e-05,5.92097e-06,-1.34887e-05,-2.09287e-05,-1.53164e-05,3.87451e-06,3.65605e-05,8.20388e-05,0.000139031,0.000205781,0.000280204,0.000360067,0.000443198,0.000527689,0.000612083,0.000695519,0.000777849,0.000859707,0.000942566,0.00102884,0.00112208,0.00122747,0.00135243,0.00150512,0.00150523,0.00151086,0.00152701,0.00155064,0.00157196,0.00157755,0.00155437,0.00149372,0.00139397,0.00126152,0.00111001,0.000958206,0.000826967,0.000735694,0.000698677,0.000722259,0.000803689,0.000932089,0.00109113,0.00126248,0.00142898,0.00157707,0.00169818,0.00178902,0.00185067,0.0018866,0.00189987,0.00189032,0.00185285,0.00177878,0.00158175,0.0014185,0.00127635,0.0011468,0.00102461,0.000906707,0.000791543,0.000678762,0.000568948,0.000463407,0.000363953,0.000272678,0.000191718,0.000123043,6.82599e-05,2.84746e-05,4.19519e-06,-4.70666e-06,1.01478e-06,2.00295e-05,5.05092e-05,9.02198e-05,0.000136615,0.00018693,0.000238261,0.000287654,0.000332186,0.000369059,0.000395718,0.000409973,0.000410143,0.000395193,0.000364859,0.000320102,0.000262664,0.000195056,0.000122115,5.11599e-05,-9.47442e-06,-5.23147e-05,-7.23876e-05,-6.82965e-05,-4.23951e-05,0
0,-1.03698e-05,-6.75031e-06,1.67554e-05,6.06507e-05,0.000121312,0.000191903,0.000263993,0.000329357,0.000381514,0.000416832,0.000434907,0.000437439,0.000426093,0.000402265,0.000367885,0.000325168,0.000276504,0.000224378,0.000171316,0.000119824,7.23505e-05,3.12261e-05,-1.40353e-06,-2.366e-05,-3.4023e-05,-3.14211e-05,-1.53077e-05,1.42903e-05,5.67642e-05,0.000110964,0.00017529,0.00024783,0.000326532,0.000409397,0.000494676,0.000581045,0.000667749,0.000754711,0.000842589,0.000932814,0.00102759,0.00112989,0.00124336,0.0013718,0.00151724,0.00151086,0.00150629,0.00151149,0.00152739,0.00154811,0.00156292,0.00155952,0.00152778,0.00146286,0.00136701,0.00124975,0.0011267,0.00101701,0.00093961,0.000909025,0.00093186,0.0010053,0.00111823,0.00125451,0.00139705,0.00153128,0.0016473,0.00174037,0.00181018,0.00185911,0.00188989,0.00190324,0.00189625,0.0018619,0.00179045,0.00159313,0.00142194,0.00127016,0.00113177,0.00100234,0.00087895,0.00076002,0.000645059,0.000534484,0.000429419,0.000331481,0.000242562,0.000164603,9.9389e-05,4.83682e-05,1.25148e-05,-7.76003e-06,-1.26469e-05,-2.9315e-06,2.00487e-05,5.44728e-05,9.81168e-05,0.000148438,0.000202654,0.000257826,0.000310929,0.000358942,0.00039895,0.000428257,0.000444528,0.000445943,0.000431344,0.000400377,0.000353936,0.000293718,0.000222267,0.000144613,6.84435e-05,2.58749e-06,-4.49454e-05,-6.87195e-05,-6.70578e-05,-4.22915e-05,0
0,-8.66057e-06,-2.67339e-06,2.39307e-05,7.15041e-05,0.000136074,0.00021036,0.000285505,0.000352965,0.000406099,0.000441285,0.000458266,0.000458964,0.000445248,0.000418678,0.000381334,0.000335565,0.000283866,0.000228798,0.000172919,0.000118732,6.86497e-05,2.49422e-05,-1.03171e-05,-3.53204e-05,-4.86023e-05,-4.91178e-05,-3.63081e-05,-1.0144e-05,2.88681e-05,7.97216e-05,0.000140993,0.000210966,0.000287794,0.000369675,0.000455037,0.000542701,0.000632026,0.000723001,0.000816305,0.000913305,0.00101602,0.00112699,0.00124902,0.00138461,0.00153492,0.00152701,0.00151149,0.00149952,0.00149811,0.00150861,0.00152677,0.00154428,0.00155144,0.00154018,0.00150679,0.0014535,0.00138884,0.00132616,0.00128041,0.00126391,0.00128264,0.00133453,0.00141044,0.00149758,0.0015836,0.00165992,0.00172298,0.00177351,0.0018144,0.00184814,0.00187454,0.00188958,0.00188548,0.00185214,0.00177936,0.0015798,0.00140336,0.00124519,0.00110068,0.000966172,0.000839067,0.000717863,0.000602029,0.000491868,0.000388344,0.000292885,0.000207177,0.000132958,7.1817e-05,2.50365e-05,-6.54221e-06,-2.25998e-05,-2.33769e-05,-9.67148e-06,1.71964e-05,5.54405e-05,0.000102876,0.00015699,0.00021501,0.000273973,0.0003308,0.00038238,0.000425673,0.000457839,0.000476391,0.000479355,0.000465443,0.000434196,0.000386431,0.000323784,0.000248824,0.000166756,8.5621e-05,1.47314e-05,-3.73771e-05,-6.48089e-05,-6.56027e-05,-4.2057e-05,0
0,-6.90269e-06,1.43981e-06,3.10541e-05,8.21336e-05,0.000150361,0.000228028,0.000305874,0.000375067,0.000428832,0.000463577,0.000479212,0.000477886,0.000461683,0.000432328,0.000392056,0.000343346,0.000288795,0.000231024,0.000172608,0.000116027,6.36308e-05,1.76046e-05,-2.00772e-05,-4.77013e-05,-6.38776e-05,-6.76023e-05,-5.8313e-05,-3.59253e-05,-8.38937e-07,4.60937e-05,0.00010364,0.0001703,0.000244446,0.000324491,0.000409053,0.000497112,0.000588142,0.000682211,0.000780029,0.000882956,0.000992947,0.00111244,0.00124411,0.00139055,0.00155376,0.00155064,0.00152739,0.00149811,0.00147673,0.00147383,0.00149427,0.00153642,0.00159308,0.00165396,0.00170879,0.00175031,0.00177628,0.00178953,0.00179609,0.00180224,0.00181179,0.00182476,0.00183762,0.00184548,0.0018451,0.00183712,0.00182625,0.00181921,0.00182144,0.00183408,0.00185234,0.00186593,0.00186138,0.00182536,0.0017482,0.00154532,0.0013649,0.00120251,0.00105419,0.000916712,0.000787753,0.000665913,0.000550656,0.000442199,0.000341363,0.000249393,0.00016777,9.80193e-05,4.15357e-05,-5.71015e-07,-2.75898e-05,-3.92853e-05,-3.59343e-05,-1.83269e-05,1.22587e-05,5.40991e-05,0.000105078,0.000162739,0.000224344,0.00028693,0.000347375,0.000402484,0.000449101,0.00048424,0.000505251,0.000510003,0.000497064,0.000465865,0.000417129,0.000352424,0.000274325,0.000188199,0.000102417,2.67531e-05,-2.97462e-05,-6.07357e-05,-6.39698e-05,-4.17048e-05,0
0,-5.12966e-06,5.51816e-06,3.8013e-05,9.23845e-05,0.000163981,0.000244691,0.000324879,0.000395455,0.000449541,0.000483596,0.000497705,0.000494253,0.000475534,0.000443445,0.00040037,0.000348914,0.000291766,0.000231593,0.000170969,0.00011233,5.79417e-05,9.87889e-06,-3.00052e-05,-6.01132e-05,-7.91475e-05,-8.61586e-05,-8.05887e-05,-6.23016e-05,-3.1588e-05,1.08594e-05,6.40079e-05,0.000126581,0.000197184,0.00027445,0.000357193,0.000444551,0.000536118,0.00063204,0.000733079,0.000840632,0.000956717,0.00108391,0.00122525,0.00138409,0.00156401,0.00157196,0.00154811,0.00150861,0.00147383,0.00146376,0.00149345,0.00156982,0.00169056,0.00184523,0.00201806,0.00219143,0.0023488,0.00247636,0.00256349,0.00260346,0.00259494,0.00254265,0.00245533,0.00234349,0.00221889,0.00209481,0.00198513,0.00190173,0.00185092,0.00183084,0.00183104,0.00183467,0.00182288,0.00177982,0.00169685,0.00149087,0.00130785,0.00114327,0.000993315,0.000854971,0.000726078,0.000605317,0.000492154,0.000386738,0.000289757,0.00020228,0.000125588,6.09966e-05,9.70099e-06,-2.73566e-05,-4.9591e-05,-5.68413e-05,-4.94059e-05,-2.80479e-05,6.01957e-06,5.11619e-05,0.000105358,0.000166236,0.000231115,0.000297052,0.0003609,0.000419395,0.000469266,0.000507384,0.00053094,0.000537636,0.000525893,0.000495022,0.000445647,0.000379252,0.000298408,0.00020862,0.000118563,3.8449e-05,-2.21938e-05,-5.65864e-05,-6.22039e-05,-4.12516e-05,0
0,-3.37784e-06,9.48658e-06,4.46919e-05,0.000102104,0.000176754,0.000260154,0.000342332,0.000413972,0.000468121,0.000501305,0.000513791,0.000508197,0.000487028,0.000452342,0.000406669,0.000352731,0.000293295,0.00023106,0.000168581,0.000108231,5.21735e-05,2.35252e-06,-3.95179e-05,-7.19721e-05,-9.3819e-05,-0.000104174,-0.000102491,-8.85866e-05,-6.26439e-05,-2.51956e-05,2.29267e-05,8.06724e-05,0.000146878,0.000220396,0.000300228,0.000385664,0.000476403,0.000572657,0.00067523,0.000785569,0.000905802,0.00103875,0.00118798,0.00135783,0.00155368,0.00157755,0.00156292,0.00152677,0.00149427,0.00149345,0.00154925,0.0016784,0.0018862,0.00216564,0.00249856,0.00285777,0.00320903,0.00351276,0.00372769,0.00381966,0.00377534,0.00361055,0.00336033,0.00306442,0.00275875,0.00247292,0.00222961,0.00204323,0.00191803,0.00184703,0.00181333,0.00179408,0.0017662,0.00171231,0.00162489,0.00141721,0.00123353,0.00106894,0.000919576,0.000782476,0.000655568,0.000537593,0.000428021,0.000326941,0.000234924,0.000152875,8.18787e-05,2.30488e-05,-2.26116e-05,-5.43233e-05,-7.16187e-05,-7.4401e-05,-6.29761e-05,-3.80634e-05,-7.90782e-07,4.73176e-05,0.000104359,0.000168068,0.000235846,0.000304787,0.000371738,0.000433377,0.000486331,0.000527334,0.000553419,0.000562128,0.000551727,0.000521404,0.000471679,0.000403946,0.000320754,0.000227724,0.000133811,4.96213e-05,-1.48621e-05,-5.24521e-05,-6.03546e-05,-4.07177e-05,0
0,-1.68519e-06,1.32683e-05,5.09762e-05,0.000111145,0.000188511,0.000274245,0.000358078,0.000430504,0.000484518,0.000516726,0.00052758,0.00051992,0.000496451,0.000459387,0.00041139,0.000355285,0.000293904,0.000229962,0.000165983,0.000104258,4.68337e-05,-4.48797e-06,-4.81447e-05,-8.2813e-05,-0.000107417,-0.000121143,-0.000123465,-0.000114155,-9.32946e-05,-6.12612e-05,-1.86908e-05,3.35841e-05,9.46224e-05,0.000163481,0.000239337,0.000321605,0.000410063,0.000504954,0.000607085,0.000717911,0.00083962,0.000975237,0.00112878,0.00130548,0.00151222,0.00155437,0.00155952,0.00154428,0.00153642,0.00156982,0.0016784,0.0018899,0.00222098,0.00267391,0.00323452,0.00387004,0.00452584,0.00512226,0.00555908,0.00573999,0.00562088,0.00524694,0.00471394,0.00411911,0.00353722,0.00301747,0.00258803,0.00226027,0.00203111,0.00188508,0.00179768,0.00174055,0.00168762,0.00162071,0.00153307,0.00132597,0.00114399,0.000981759,0.000835216,0.000701402,0.000578298,0.000464697,0.000360079,0.00026449,0.000178397,0.000102559,3.78791e-05,-1.47217e-05,-5.44219e-05,-8.05946e-05,-9.28799e-05,-9.12341e-05,-7.59588e-05,-4.7716e-05,-7.53407e-06,4.31897e-05,0.000102687,0.00016882,0.000239085,0.000310634,0.000380322,0.000444785,0.000500562,0.000544262,0.000572766,0.000583459,0.000574462,0.000544838,0.000495,0.000426244,0.00034109,0.000245253,0.000147928,6.00822e-05,-7.89063e-06,-4.84258e-05,-5.84754e-05,-4.01258e-05,0
0,-8.99919e-08,1.67874e-05,5.67547e-05,0.000119368,0.000199098,0.000286815,0.000371994,0.000444975,0.000498722,0.000529932,0.000539229,0.000529666,0.000504129,0.000464972,0.000414977,0.000357056,0.000294089,0.000228793,0.000163648,0.000100853,4.23302e-05,-1.02677e-05,-5.55342e-05,-9.22913e-05,-0.000119581,-0.000136665,-0.000143037,-0.000138434,-0.000122842,-9.64925e-05,-5.9838e-05,-1.35076e-05,4.17614e-05,0.00010521,0.00017616,0.000254123,0.00033891,0.000430746,0.000530374,0.000639167,0.000759258,0.00089371,0.00104676,0.00122417,0.00143383,0.00149372,0.00152778,0.00155144,0.00159308,0.00169056,0.0018862,0.00222098,0.00272894,0.00343177,0.00433243,0.00540511,0.00657813,0.00771139,0.00858551,0.008947,0.00865636,0.00785244,0.0067866,0.00567407,0.00464938,0.00377877,0.00308428,0.00256175,0.0021911,0.0019423,0.00178049,0.00167131,0.00158609,0.00150604,0.00142433,0.00122041,0.00104262,0.00088503,0.000743375,0.000614667,0.000496938,0.000389042,0.000290487,0.000201292,0.000121845,5.27727e-05,-5.18208e-06,-5.12742e-05,-8.48494e-05,-0.00010542,-0.000112723,-0.000106758,-8.78117e-05,-5.64815e-05,-1.36874e-05,3.93086e-05,0.000100883,0.000169034,0.000241366,0.000315103,0.000387122,0.000454033,0.000512299,0.00055842,0.000589142,0.000601703,0.000594085,0.000565234,0.000515455,0.000445949,0.000359195,0.000260982,0.000160709,6.96576e-05,-1.4135e-06,-4.46001e-05,-5.66212e-05,-3.95005e-05,0
0,1.3706e-06,1.99711e-05,6.1923e-05,0.000126646,0.00020838,0.000297738,0.000383985,0.000457341,0.000510758,0.000541022,0.000548921,0.000537694,0.00051039,0.000469484,0.000417855,0.000358488,0.000294293,0.000227978,0.000161966,9.83645e-05,3.89659e-05,-1.47236e-05,-6.14497e-05,-0.000100175,-0.000130056,-0.000150428,-0.000160808,-0.000160898,-0.0001506,-0.000130011,-9.94192e-05,-5.92703e-05,-1.01226e-05,4.74206e-05,0.000112794,0.000185564,0.000265532,0.00035284,0.000448089,0.00055246,0.00066788,0.000797228,0.000944641,0.00111597,0.00131943,0.00139397,0.00146286,0.00154018,0.00165396,0.00184523,0.00216564,0.00267391,0.00343177,0.00449885,0.00592381,0.00772447,0.00984383,0.0120702,0.0139406,0.0147568,0.0140124,0.0122115,0.0100488,0.00798231,0.00621837,0.00480935,0.00373522,0.00294817,0.00239252,0.00201287,0.00175847,0.00158651,0.00146483,0.00137335,0.00130406,0.0011057,0.000934259,0.000783225,0.00064811,0.000525908,0.000414715,0.000313461,0.000221702,0.000139452,6.7043e-05,4.99333e-06,-4.60952e-05,-8.56323e-05,-0.000113113,-0.000128174,-0.000130636,-0.000120534,-9.81367e-05,-6.39727e-05,-1.8853e-05,3.60962e-05,9.9397e-05,0.000169185,0.00024318,0.000318683,0.000392608,0.000461548,0.000521914,0.000570111,0.000602768,0.000616994,0.000610647,0.000582563,0.00053295,0.000462916,0.000374894,0.000274724,0.000171974,7.81899e-05,4.44405e-06,-4.10642e-05,-5.48472e-05,-3.88669e-05,0
0,2.66191e-06,2.27522e-05,6.63861e-05,0.000132866,0.000216237,0.000306909,0.000393978,0.000467578,0.000520665,0.00055011,0.00055684,0.000544258,0.000515545,0.000473276,0.000420405,0.000359967,0.000294891,0.00022786,0.00016124,9.70439e-05,3.69425e-05,-1.76954e-05,-6.57558e-05,-0.000106331,-0.000138679,-0.000162203,-0.000176439,-0.000181062,-0.000175895,-0.000160919,-0.000136276,-0.000102255,-5.92622e-05,-7.77838e-06,5.17097e-05,0.000118786,0.000193194,0.00027494,0.000364404,0.000462477,0.000570728,0.000691639,0.000828944,0.000988118,0.00117713,0.00126152,0.00136701,0.00150679,0.00170879,0.00201806,0.00249856,0.00323452,0.00433243,0.00592381,0.00816502,0.0112196,0.0151829,0.0198703,0.0243817,0.0266516,0.0244446,0.0199925,0.0153565,0.0114318,0.00839844,0.00615795,0.00454656,0.0034108,0.00262491,0.00209002,0.00173033,0.00149013,0.00133139,0.00123135,0.00117976,0.000988633,0.000825019,0.000681787,0.000554231,0.000439338,0.000335284,0.000241095,0.000156391,8.12057e-05,1.58316e-05,-3.92941e-05,-8.36871e-05,-0.000116889,-0.000138525,-0.00014834,-0.000146229,-0.000132255,-0.000106667,-6.99309e-05,-2.27546e-05,3.38623e-05,9.85793e-05,0.000169663,0.000244946,0.000321811,0.000397211,0.000467743,0.000529778,0.000579648,0.000613888,0.000629501,0.000624239,0.000596844,0.000547438,0.000477045,0.00038805,0.000286324,0.000181568,8.554e-05,9.56818e-06,-3.79016e-05,-5.32061e-05,-3.82501e-05,0
0,3.75308e-06,2.50715e-05,7.00611e-05,0.000137929,0.000222571,0.000314241,0.000401917,0.000475676,0.000528489,0.0005573,0.000563154,0.00054958,0.000519863,0.000476647,0.000422939,0.000361804,0.00029617,0.000228694,0.000161679,9.70503e-05,3.63712e-05,-1.91099e-05,-6.83998e-05,-0.000110699,-0.000145354,-0.00017182,-0.000189647,-0.000198482,-0.000198082,-0.000188326,-0.000169232,-0.000140959,-0.000103794,-5.81234e-05,-4.38845e-06,5.69783e-05,0.000125629,0.000201392,0.000284378,0.000375112,0.000474701,0.000585077,0.000709331,0.000852234,0.00102101,0.00111001,0.00124975,0.0014535,0.00175031,0.00219143,0.00285777,0.00387004,0.00540511,0.00772447,0.0112196,0.0164634,0.0241939,0.0349457,0.0475656,0.0557389,0.0476101,0.0350306,0.0243109,0.0165998,0.0113597,0.0078514,0.00550356,0.00392922,0.00287355,0.00216738,0.0016976,0.00138963,0.00119654,0.00109118,0.00106018,0.000877024,0.000721798,0.000586753,0.000466982,0.00035948,0.000262517,0.000175223,9.72993e-05,2.8812e-05,-2.99616e-05,-7.86452e-05,-0.000116847,-0.000144218,-0.000160491,-0.000165506,-0.000159219,-0.000141721,-0.000113247,-7.42079e-05,-2.52252e-05,3.2811e-05,9.86798e-05,0.000170765,0.000247001,0.000324848,0.000401305,0.000472981,0.000536225,0.000587323,0.000622739,0.000639397,0.000634967,0.000608118,0.000558901,0.000488268,0.000398558,0.000295659,0.000189363,9.15883e-05,1.38589e-05,-3.51874e-05,-5.17464e-05,-3.76731e-05,0
0,4.61826e-06,2.68797e-05,7.28796e-05,0.000141755,0.0002273,0.000319665,0.000407758,0.000481627,0.000534266,0.000562678,0.000567995,0.000553834,0.000523547,0.000479821,0.000425687,0.000364219,0.000298331,0.000230644,0.000163404,9.84609e-05,3.72879e-05,-1.89622e-05,-6.93896e-05,-0.000113278,-0.000150036,-0.000179156,-0.000200191,-0.000212761,-0.000216562,-0.000211387,-0.000197155,-0.00017392,-0.000141878,-0.000101352,-5.27643e-05,3.41431e-06,6.67257e-05,0.000136804,0.000213474,0.000296872,0.000387609,0.000486995,0.000597378,0.000722643,0.000869006,0.000958206,0.0011267,0.00138884,0.00177628,0.0023488,0.00320903,0.00452584,0.00657813,0.00984383,0.0151829,0.0241939,0.039793,0.066534,0.107367,0.145126,0.107387,0.0665702,0.039838,0.0242376,0.0152135,0.00985037,0.00655273,0.00446602,0.00311896,0.00223945,0.00166437,0.00129494,0.00107267,0.000964778,0.000954405,0.000778933,0.000631648,0.000504238,0.000391628,0.000290834,0.000200227,0.000119047,4.70794e-05,-1.5565e-05,-6.86087e-05,-0.000111715,-0.00014456,-0.000166883,-0.000178504,-0.00017934,-0.000169405,-0.000148817,-0.000117805,-7.67424e-05,-2.61879e-05,3.30525e-05,9.98523e-05,0.000172689,0.000249584,0.000328064,0.000405175,0.000477547,0.000541527,0.000593376,0.00062952,0.000646833,0.000642929,0.000616429,0.000567333,0.000496538,0.00040634,0.000302631,0.000195255,9.62363e-05,1.7232e-05,-3.29856e-05,-5.05101e-05,-3.71567e-05,0
0,5.23757e-06,2.81391e-05,7.47894e-05,0.000144283,0.000230361,0.000323127,0.000411463,0.00048542,0.000538015,0.000566296,0.000571446,0.000557129,0.000526727,0.000482936,0.000428787,0.000367339,0.000301478,0.000233786,0.000166458,0.000101283,3.96699e-05,-1.72948e-05,-6.87724e-05,-0.000114097,-0.000152712,-0.000184123,-0.000207875,-0.000223555,-0.000230804,-0.000229346,-0.00021902,-0.000199803,-0.000171827,-0.000135377,-9.0874e-05,-3.88377e-05,2.0163e-05,8.5581e-05,0.000156978,0.000234136,0.000317209,0.000406935,0.00050495,0.000614281,0.00074012,0.000826967,0.00101701,0.00132616,0.00178953,0.00247636,0.00351276,0.00512226,0.00771139,0.0120702,0.0198703,0.0349457,0.066534,0.136273,0.283253,0.495416,0.283248,0.136261,0.0665083,0.0349,0.0197979,0.0119665,0.00757601,0.00496048,0.00333592,0.00230117,0.00163642,0.00121694,0.00097217,0.000863512,0.000870906,0.000701877,0.000561124,0.000439897,0.000333009,0.000237516,0.000151886,7.54638e-05,8.11795e-06,-4.99922e-05,-9.85767e-05,-0.00013732,-0.000165947,-0.000184258,-0.000192145,-0.000189587,-0.00017665,-0.000153483,-0.000120325,-7.75347e-05,-2.56347e-05,3.46198e-05,0.000102164,0.000175541,0.000252834,0.000331625,0.000409004,0.00048163,0.000545865,0.000597974,0.00063437,0.000651913,0.000648193,0.000621807,0.000572729,0.000501817,0.000411336,0.000307163,0.000199163,9.94071e-05,1.96213e-05,-3.13473e-05,-4.95314e-05,-3.67175e-05,0
0,5.59786e-06,2.88247e-05,7.57557e-05,0.000145473,0.000231713,0.000324588,0.000413002,0.000487035,0.000539733,0.000568167,0.000573533,0.000559502,0.000529445,0.000486036,0.000432278,0.00037119,0.000305622,0.000238111,0.00017081,0.000105467,4.34517e-05,-1.41803e-05,-6.66153e-05,-0.000113202,-0.000153384,-0.000186657,-0.000212541,-0.000230582,-0.000240372,-0.000241579,-0.000233982,-0.000217507,-0.000192244,-0.000158462,-0.000116592,-6.7202e-05,-1.09541e-05,5.14609e-05,0.000119403,0.000192387,0.000270224,0.000353225,0.000442497,0.000540425,0.000651433,0.000735694,0.00093961,0.00128041,0.00179609,0.00256349,0.00372769,0.00555908,0.00858551,0.0139406,0.0243817,0.0475656,0.107367,0.283253,0.825631,2.19119,0.825608,0.283205,0.10729,0.047456,0.0242366,0.0137603,0.00837515,0.00532932,0.00349468,0.00234756,0.00161976,0.00116583,0.000905878,0.000796966,0.000816786,0.000652134,0.000515682,0.000398423,0.000295132,0.000202921,0.000120348,4.68493e-05,-1.76336e-05,-7.28934e-05,-0.00011862,-0.000154504,-0.000180297,-0.000195844,-0.000201084,-0.000196052,-0.000180861,-0.000155698,-0.000120829,-7.66242e-05,-2.36063e-05,3.74839e-05,0.000105606,0.000179334,0.000256788,0.000335589,0.000412864,0.000485309,0.00054932,0.000601187,0.000637349,0.000654679,0.000650781,0.000624256,0.000575071,0.000504072,0.000413497,0.000309201,0.00020103,0.000101046,2.09797e-05,-3.03092e-05,-4.88348e-05,-3.63679e-05,0
0,5.69321e-06,2.89254e-05,7.57626e-05,0.000145304,0.000231331,0.000324021,0.000412348,0.000486445,0.000539389,0.000568255,0.000574219,0.000560911,0.000531654,0.000489069,0.000436098,0.000375705,0.000310685,0.000243534,0.000176368,0.000110916,4.85378e-05,-9.70774e-06,-6.29923e-05,-0.00011064,-0.000152063,-0.000186715,-0.000214074,-0.000233638,-0.000244951,-0.000247637,-0.000241435,-0.000226242,-0.000202132,-0.000169369,-0.000128405,-7.98457e-05,-2.44159e-05,3.71064e-05,0.000103967,0.000175539,0.00025146,0.000331832,0.000417519,0.000510627,0.000615278,0.000698677,0.000909025,0.00126391,0.00180224,0.00260346,0.00381966,0.00573999,0.008947,0.0147568,0.0266516,0.0557389,0.145126,0.495416,2.19119,11.8188,2.19117,0.495356,0.145032,0.0556079,0.0264823,0.014551,0.00871176,0.00548776,0.00356825,0.00237458,0.00161927,0.00114933,0.000881688,0.000771976,0.000797134,0.000634182,0.000499195,0.000383137,0.000280824,0.000189441,0.000107623,3.48746e-05,-2.88019e-05,-8.31582e-05,-0.00012786,-0.00016259,-0.000187109,-0.000201283,-0.000205089,-0.000198601,-0.000181979,-0.000155458,-0.000119352,-7.40724e-05,-2.01768e-05,4.15671e-05,0.000110102,0.000184,0.000261386,0.000339904,0.000416711,0.000488547,0.000551857,0.000602986,0.000638427,0.000655105,0.000650665,0.000623742,0.000574325,0.000503266,0.000412787,0.000308707,0.000200819,0.000101122,2.12806e-05,-2.98919e-05,-4.84344e-05,-3.6115e-05,0
0,5.52503e-06,2.84438e-05,7.48132e-05,0.000143777,0.000229212,0.000321417,0.000409477,0.00048361,0.000536927,0.000566486,0.000573408,0.000561242,0.000533223,0.000491887,0.000440091,0.000380721,0.000316506,0.000249896,0.000182984,0.000117494,5.48092e-05,-3.97518e-06,-5.79771e-05,-0.000106458,-0.000148761,-0.000184273,-0.000212407,-0.000232604,-0.000244364,-0.000247276,-0.000241059,-0.0002256,-0.000200978,-0.000167472,-0.000125555,-7.58598e-05,-1.91366e-05,4.38138e-05,0.000112223,0.000185464,0.00026319,0.000345547,0.000433477,0.000529221,0.000637134,0.000722259,0.00093186,0.00128264,0.00181179,0.00259494,0.00377534,0.00562088,0.00865636,0.0140124,0.0244446,0.0476101,0.107387,0.283248,0.825608,2.19117,0.825587,0.283203,0.107315,0.0475066,0.0243061,0.0138385,0.00845154,0.00539543,0.00354542,0.00238129,0.00163773,0.00117132,0.000903472,0.000791942,0.000814586,0.000650306,0.000513621,0.000395703,0.000291496,0.000198267,0.000114709,4.03757e-05,-2.46954e-05,-8.02221e-05,-0.000125843,-0.000161222,-0.000186113,-0.000200384,-0.00020403,-0.000197159,-0.000179977,-0.000152778,-0.000115942,-6.9954e-05,-1.5445e-05,4.67506e-05,0.000115519,0.000189392,0.000266474,0.000344411,0.000420389,0.000491192,0.000553335,0.000603241,0.000637489,0.000653089,0.000647762,0.000620202,0.000570443,0.000499363,0.000409181,0.000305666,0.000198522,9.96262e-05,2.05184e-05,-3.00998e-05,-4.83335e-05,-3.59606e-05,0
0,5.10202e-06,2.73965e-05,7.29298e-05,0.000140917,0.000225377,0.000316781,0.000404376,0.000478488,0.00053227,0.000562747,0.000570951,0.000560311,0.000533941,0.000494259,0.000444013,0.00038599,0.000322844,0.000256973,0.000190454,0.00012503,6.21258e-05,2.91075e-06,-5.16442e-05,-0.0001007,-0.000143499,-0.000179332,-0.000207528,-0.000227463,-0.000238592,-0.000240479,-0.000232842,-0.000215581,-0.000188801,-0.000152811,-0.00010811,-5.53463e-05,4.73653e-06,7.13771e-05,0.000143888,0.000221774,0.000304885,0.000393637,0.000489343,0.000594733,0.000714817,0.000803689,0.0010053,0.00133453,0.00182476,0.00254265,0.00361055,0.00524694,0.00785244,0.0122115,0.0199925,0.0350306,0.0665702,0.136261,0.283205,0.495356,0.283203,0.136255,0.0665542,0.0349966,0.0199326,0.0121197,0.0077272,0.00509281,0.00343893,0.00237114,0.00167542,0.00123121,0.000970659,0.000856572,0.000869136,0.000700423,0.000558837,0.000435985,0.000327015,0.000229282,0.000141515,6.32821e-05,-5.36168e-06,-6.4112e-05,-0.00011258,-0.000150399,-0.000177297,-0.00019313,-0.000197894,-0.000191721,-0.000174864,-0.000147686,-0.000110654,-6.43572e-05,-9.53318e-06,5.2877e-05,0.000121666,0.000195289,0.000271808,0.000348853,0.000423631,0.000492983,0.000553505,0.000601725,0.000634338,0.000648468,0.000641943,0.00061354,0.000563362,0.000492331,0.000402668,0.000300082,0.000194151,9.65778e-05,1.87094e-05,-3.09205e-05,-4.85243e-05,-3.59013e-05,0
0,4.43971e-06,2.58134e-05,7.01531e-05,0.00013677,0.000219866,0.00031014,0.000397041,0.000471038,0.000525329,0.000556897,0.000566656,0.00055788,0.000533528,0.000495877,0.00044754,0.000391187,0.000329384,0.000264475,0.000198527,0.000133311,7.0322e-05,1.08284e-05,-4.40768e-05,-9.34218e-05,-0.000136317,-0.000171931,-0.000199492,-0.000218304,-0.000227777,-0.000227462,-0.000217092,-0.000196603,-0.000166148,-0.000126086,-7.69515e-05,-1.94034e-05,4.58467e-05,0.000118123,0.000196894,0.000281901,0.000373327,0.000472029,0.000579882,0.000700314,0.000839185,0.000932089,0.00111823,0.00141044,0.00183762,0.00245533,0.00336033,0.00471394,0.0067866,0.0100488,0.0153565,0.0243109,0.039838,0.0665083,0.10729,0.145032,0.107315,0.0665542,0.0398966,0.0243707,0.0154041,0.0100712,0.00677428,0.00466348,0.00327614,0.00234983,0.00173002,0.00132437,0.00107863,0.000962125,0.000958217,0.000782117,0.000632651,0.000502046,0.000385706,0.000281062,0.000186846,0.000102611,2.84055e-05,-3.54548e-05,-8.85507e-05,-0.000130476,-0.000160916,-0.000179694,-0.000186795,-0.000182363,-0.000166699,-0.000140242,-0.000103568,-5.73928e-05,-2.59429e-06,5.97462e-05,0.000128293,0.000201401,0.000277061,0.000352879,0.00042608,0.000493567,0.000552034,0.000598137,0.000628714,0.000641032,0.000633049,0.00060365,0.000553022,0.00048215,0.000393261,0.000291989,0.00018775,9.20199e-05,1.58916e-05,-3.23256e-05,-4.8989e-05,-3.59289e-05,0
0,3.5598e-06,2.37363e-05,6.65416e-05,0.000131401,0.000212745,0.00030154,0.000387488,0.000461227,0.000516014,0.000548781,0.000560303,0.00055367,0.000531655,0.000496374,0.000450283,0.00039592,0.000335747,0.000272054,0.000206896,0.000142083,7.91977e-05,1.96294e-05,-3.53808e-05,-8.47012e-05,-0.000127284,-0.000162156,-0.00018843,-0.000205331,-0.000212225,-0.000208664,-0.000194414,-0.000169469,-0.000134054,-8.86012e-05,-3.3696e-05,2.99873e-05,0.000101777,0.00018111,0.000267653,0.000361447,0.000463086,0.000573949,0.000696547,0.000835044,0.000996089,0.00109113,0.00125451,0.00149758,0.00184548,0.00234349,0.00306442,0.00411911,0.00567407,0.00798231,0.0114318,0.0165998,0.0242376,0.0349,0.047456,0.0556079,0.0475066,0.0349966,0.0243707,0.0167552,0.0115914,0.00812695,0.00578652,0.00418769,0.00308551,0.00232274,0.00179732,0.00144336,0.00121969,0.00110199,0.00107696,0.000890832,0.000730968,0.000590292,0.000464465,0.000350964,0.000248484,0.000156525,7.51087e-05,4.552e-06,-5.46926e-05,-0.000102166,-0.000137494,-0.00016045,-0.000170989,-0.000169261,-0.00015561,-0.000130559,-9.48042e-05,-4.92113e-05,5.17529e-06,6.71071e-05,0.000135095,0.000207367,0.000281833,0.000356062,0.000427298,0.000492515,0.000548523,0.000592123,0.000620319,0.000630545,0.000620912,0.000590427,0.000539378,0.000468823,0.000380999,0.000281449,0.000179392,8.60227e-05,1.2124e-05,-3.42716e-05,-4.97003e-05,-3.60308e-05,0
0,2.48925e-06,2.12179e-05,6.21695e-05,0.0001249,0.0002041,0.000291054,0.000375756,0.000449041,0.000504246,0.000538246,0.000551664,0.00054738,0.000527962,0.000495341,0.000451806,0.000399742,0.0003415,0.000279304,0.0002152,0.000151042,8.85073e-05,2.9123e-05,-2.57031e-05,-7.46598e-05,-0.000116522,-0.000150161,-0.000174561,-0.000188864,-0.0001924,-0.000184732,-0.000165675,-0.000135309,-9.39574e-05,-4.21477e-05,1.94582e-05,9.0155e-05,0.000169303,0.000256452,0.000351478,0.000454737,0.000567243,0.000690898,0.000828811,0.000985768,0.00116896,0.00126248,0.00139705,0.0015836,0.0018451,0.00221889,0.00275875,0.00353722,0.00464938,0.00621837,0.00839844,0.0113597,0.0152135,0.0197979,0.0242366,0.0264823,0.0243061,0.0199326,0.0154041,0.0115914,0.0086514,0.00646973,0.00487657,0.0037218,0.00288961,0.00229416,0.00187252,0.0015795,0.00138421,0.00126732,0.00121852,0.0010202,0.000848074,0.000695716,0.000558976,0.000435313,0.000323333,0.00022245,0.000132635,5.42032e-05,-1.2355e-05,-6.65126e-05,-0.000107818,-0.000135974,-0.000150891,-0.000152712,-0.000141819,-0.000118822,-8.45472e-05,-4.0024e-05,1.35191e-05,7.4647e-05,0.000141699,0.000212764,0.000285657,0.000357912,0.000426794,0.000489356,0.000542536,0.000583302,0.00060884,0.000616772,0.000605374,0.00057379,0.000522416,0.000452392,0.000365963,0.000268565,0.000169183,7.86837e-05,7.48591e-06,-3.67013e-05,-5.06231e-05,-3.6191e-05,0
0,1.25922e-06,1.83196e-05,5.71253e-05,0.000117374,0.000194047,0.000278784,0.00036191,0.000434496,0.000489968,0.000525157,0.000540519,0.000538711,0.000522076,0.000492352,0.000451641,0.000402169,0.000346162,0.000285771,0.000223027,0.000159827,9.79477e-05,3.90604e-05,-1.52509e-05,-6.34837e-05,-0.000104225,-0.000136179,-0.000158199,-0.000169343,-0.00016891,-0.000156486,-0.000131958,-9.55102e-05,-4.75943e-05,1.11368e-05,7.99183e-05,0.000157987,0.00024471,0.00033973,0.000443109,0.00055549,0.000678266,0.00081379,0.000965649,0.00113905,0.00134138,0.00142898,0.00153128,0.00165992,0.00183712,0.00209481,0.00247292,0.00301747,0.00377877,0.00480935,0.00615795,0.0078514,0.00985037,0.0119665,0.0137603,0.014551,0.0138385,0.0121197,0.0100712,0.00812695,0.00646973,0.00513452,0.00409307,0.00329881,0.00270466,0.00226798,0.00195153,0.0017241,0.00156155,0.00144767,0.00137443,0.00116243,0.000977029,0.000812256,0.000664014,0.000529652,0.000407628,0.000297236,0.000198382,0.000111377,3.67612e-05,-2.4854e-05,-7.29188e-05,-0.000107046,-0.000127084,-0.000133153,-0.000125668,-0.000105322,-7.30747e-05,-3.01256e-05,2.21038e-05,8.1982e-05,0.000147668,0.000217107,0.000288018,0.000357899,0.000424044,0.000483596,0.000533634,0.000571303,0.000593989,0.000599509,0.000586318,0.000553702,0.000502169,0.000432946,0.000348279,0.000253479,0.000157264,7.01268e-05,2.07553e-06,-3.95458e-05,-5.1716e-05,-3.63911e-05,0
0,-9.61769e-08,1.51095e-05,5.15089e-05,0.000108948,0.000182721,0.000264858,0.000346053,0.000417641,0.000473165,0.000509415,0.000526682,0.000527387,0.000513644,0.000486983,0.000449316,0.000402698,0.000349223,0.000290958,0.000229912,0.000168018,0.000107149,4.912e-05,-4.30915e-06,-5.14418e-05,-9.06746e-05,-0.000120541,-0.000139765,-0.000147322,-0.000142491,-0.000124891,-9.44983e-05,-5.16276e-05,3.11733e-06,6.8928e-05,0.000144904,0.000230192,0.00032413,0.000426414,0.000537246,0.000657498,0.000788865,0.00093404,0.00109693,0.00128292,0.00149929,0.00157707,0.0016473,0.00172298,0.00182625,0.00198513,0.00222961,0.00258803,0.00308428,0.00373522,0.00454656,0.00550356,0.00655273,0.00757601,0.00837515,0.00871176,0.00845154,0.0077272,0.00677428,0.00578652,0.00487657,0.00409307,0.00344802,0.00293577,0.00254217,0.00224811,0.00203139,0.00186906,0.00174066,0.00163151,0.00153501,0.00130878,0.00111013,0.000933212,0.000773806,0.000629046,0.00049718,0.000377356,0.000269406,0.000173646,9.068e-05,2.12248e-05,-3.40496e-05,-7.46448e-05,-0.000100327,-0.000111182,-0.000107642,-9.04783e-05,-6.07791e-05,-1.99132e-05,3.05059e-05,8.8651e-05,0.000152503,0.000219865,0.000288366,0.000355476,0.000418527,0.000474761,0.000521406,0.000555798,0.000575527,0.000578613,0.000563693,0.000530194,0.000478739,0.000410635,0.000328127,0.000236379,0.00014381,6.05016e-05,-3.99244e-06,-4.27268e-05,-5.29331e-05,-3.66109e-05,0
0,-1.54117e-06,1.16602e-05,4.54291e-05,9.97609e-05,0.00017028,0.000249437,0.000328325,0.000398574,0.000453868,0.00049097,0.000510013,0.000513179,0.000502346,0.000478839,0.000444374,0.000400829,0.00035016,0.000294342,0.000235347,0.000175139,0.000115673,5.88989e-05,6.74622e-06,-3.89015e-05,-7.62556e-05,-0.000103685,-0.000119788,-0.000123467,-0.000113987,-9.10145e-05,-5.46313e-05,-5.30129e-06,5.61951e-05,0.000128866,0.000211645,0.00030355,0.000403852,0.000512248,0.000629026,0.000755212,0.000892715,0.00104446,0.0012145,0.00140824,0.00163259,0.00169818,0.00174037,0.00177351,0.00181921,0.00190173,0.00204323,0.00226027,0.00256175,0.00294817,0.0034108,0.00392922,0.00446602,0.00496048,0.00532932,0.00548776,0.00539543,0.00509281,0.00466348,0.00418769,0.0037218,0.00329881,0.00293577,0.00263961,0.0024096,0.00223775,0.00210966,0.00200683,0.00191065,0.00180698,0.00168995,0.00145016,0.00123943,0.00105171,0.00088243,0.000728411,0.000587646,0.000459116,0.000342588,0.000238397,0.000147236,6.99481e-05,7.34835e-06,-3.99318e-05,-7.1557e-05,-8.75615e-05,-8.83817e-05,-7.48537e-05,-4.81831e-05,-9.89775e-06,3.82066e-05,9.41176e-05,0.000155649,0.000220473,0.000286142,0.000350109,0.000409753,0.000462424,0.000505509,0.000536535,0.000553301,0.000554029,0.000537536,0.000503383,0.000452302,0.000385681,0.000305746,0.000217499,0.000129033,4.99811e-05,-1.05892e-05,-4.61587e-05,-5.42259e-05,-3.68301e-05,0
0,-3.03965e-06,8.04618e-06,3.90002e-05,8.99644e-05,0.000156905,0.000232712,0.000308906,0.000377442,0.000432168,0.000469842,0.000490444,0.000495927,0.000487932,0.000467583,0.000436403,0.000396094,0.000348464,0.00029539,0.000238798,0.000180664,0.000123013,6.79116e-05,1.74433e-05,-2.63362e-05,-6.14661e-05,-8.6163e-05,-9.89107e-05,-9.8547e-05,-8.43336e-05,-5.59981e-05,-1.37383e-05,4.18165e-05,0.00010969,0.000188685,0.00027754,0.000375111,0.00048056,0.000593539,0.00071436,0.00084414,0.000984922,0.00113977,0.00131282,0.00150937,0.00173588,0.00178902,0.00181018,0.0018144,0.00182144,0.00185092,0.00191803,0.00203111,0.0021911,0.00239252,0.00262491,0.00287355,0.00311896,0.00333592,0.00349468,0.00356825,0.00354542,0.00343893,0.00327614,0.00308551,0.00288961,0.00270466,0.00254217,0.0024096,0.00230938,0.00223748,0.00218302,0.00213002,0.00206119,0.00196277,0.001829,0.00157771,0.0013573,0.00116115,0.000984188,0.000822829,0.000674777,0.000538856,0.000414786,0.000302951,0.000204158,0.000119408,4.96815e-05,-4.23377e-06,-4.1882e-05,-6.32268e-05,-6.86927e-05,-5.91631e-05,-3.59442e-05,-7.04556e-07,4.45968e-05,9.77818e-05,0.000156517,0.000218362,0.000280809,0.000341308,0.000397299,0.000446245,0.000485696,0.000513371,0.00052727,0.000525814,0.000507988,0.000473482,0.000423126,0.000358376,0.000281435,0.00019712,0.000113175,3.87581e-05,-1.75754e-05,-4.97519e-05,-5.55451e-05,-3.70287e-05,0
0,-4.55642e-06,4.34169e-06,3.23392e-05,7.97178e-05,0.00014279,0.000214899,0.000288017,0.000354446,0.000408224,0.000446124,0.000467992,0.000475557,0.000470237,0.00045296,0.000425064,0.000388078,0.000343663,0.000293589,0.000239723,0.000184039,0.00012861,7.55987e-05,2.7219e-05,-1.43232e-05,-4.69155e-05,-6.864e-05,-7.7881e-05,-7.34255e-05,-5.45423e-05,-2.10279e-05,2.67934e-05,8.81177e-05,0.000161761,0.000246303,0.000340268,0.000442323,0.000551485,0.000667319,0.00079011,0.000921013,0.00106216,0.00121672,0.00138894,0.00158406,0.00180822,0.00185067,0.00185911,0.00184814,0.00183408,0.00183084,0.00184703,0.00188508,0.0019423,0.00201287,0.00209002,0.00216738,0.00223945,0.00230117,0.00234756,0.00237458,0.00238129,0.00237114,0.00234983,0.00232274,0.00229416,0.00226798,0.00224811,0.00223775,0.00223748,0.0022433,0.00224575,0.0022308,0.00218279,0.00208876,0.00194272,0.0016834,0.00145684,0.00125559,0.00107393,0.000907814,0.000754648,0.000613131,0.000482981,0.00036467,0.000259156,0.000167623,9.12464e-05,3.0987e-05,-1.25596e-05,-3.92683e-05,-4.95327e-05,-4.42632e-05,-2.48437e-05,6.9413e-06,4.89959e-05,9.90032e-05,0.000154508,0.000212984,0.000271881,0.000328666,0.000380846,0.000426005,0.000461854,0.000486295,0.000497526,0.000494151,0.00047531,0.000440809,0.000391565,0.000329089,0.000255548,0.000175562,9.65045e-05,2.70413e-05,-2.48041e-05,-5.34148e-05,-5.68423e-05,-3.71877e-05,0
0,-6.05842e-06,6.18145e-07,2.55619e-05,6.91842e-05,0.000128142,0.000196241,0.000265916,0.000329841,0.000382264,0.000419997,0.000442769,0.000452103,0.000449204,0.000434821,0.000410119,0.000376459,0.000335358,0.000288473,0.000237606,0.000184707,0.000131876,8.13467e-05,3.54349e-05,-3.53117e-06,-3.33138e-05,-5.18838e-05,-5.7545e-05,-4.90482e-05,-2.568e-05,1.26878e-05,6.55999e-05,0.000132074,0.000210715,0.000299873,0.000397844,0.000503089,0.000614454,0.000731379,0.000854086,0.000983727,0.00112251,0.00127374,0.0014419,0.00163246,0.00185167,0.0018866,0.00188989,0.00187454,0.00185234,0.00183104,0.00181333,0.00179768,0.00178049,0.00175847,0.00173033,0.0016976,0.00166437,0.00163642,0.00161976,0.00161927,0.00163773,0.00167542,0.00173002,0.00179732,0.00187252,0.00195153,0.00203139,0.00210966,0.00218302,0.00224575,0.00228887,0.0023003,0.00226668,0.00217636,0.00202298,0.00176033,0.00153218,0.00133002,0.00114732,0.000979525,0.000823823,0.000678851,0.000544389,0.000421051,0.000309989,0.000212602,0.000130277,6.41709e-05,1.50334e-05,-1.69046e-05,-3.19863e-05,-3.1126e-05,-1.57588e-05,1.2245e-05,5.06843e-05,9.71362e-05,0.000149055,0.000203855,0.000258969,0.000311893,0.000360212,0.000401634,0.000434022,0.000455457,0.000464313,0.000459362,0.000439887,0.000405789,0.00035806,0.000298256,0.000228492,0.00015318,7.93127e-05,1.50493e-05,-3.21259e-05,-5.70568e-05,-5.80715e-05,-3.72902e-05,0
0,-7.51573e-06,-3.05783e-06,1.87801e-05,5.85264e-05,0.000113176,0.000176997,0.000242897,0.000303933,0.000354586,0.000391728,0.000414992,0.000425713,0.000424903,0.000413147,0.000391453,0.000361028,0.000323249,0.00027966,0.000231986,0.00018214,0.000132226,8.45187e-05,4.14057e-05,5.30562e-06,-2.14489e-05,-3.67445e-05,-3.8826e-05,-2.64242e-05,1.14712e-06,4.39367e-05,0.000101359,0.000172257,0.000255027,0.000347793,0.000448621,0.000555756,0.000667852,0.000784198,0.000904913,0.00103111,0.00116506,0.00131027,0.00147166,0.00165545,0.00186889,0.00189987,0.00190324,0.00188958,0.00186593,0.00183467,0.00179408,0.00174055,0.00167131,0.00158651,0.00149013,0.00138963,0.00129494,0.00121694,0.00116583,0.00114933,0.00117132,0.00123121,0.00132437,0.00144336,0.0015795,0.0017241,0.00186906,0.00200683,0.00213002,0.0022308,0.0023003,0.00232842,0.00230433,0.0022181,0.0020631,0.00180279,0.00157865,0.00138053,0.00120095,0.00103491,0.000879488,0.000733387,0.000596549,0.000469804,0.000354538,0.000252397,0.000165,9.37114e-05,3.94485e-05,2.56259e-06,-1.72202e-05,-2.07944e-05,-9.61724e-06,1.43878e-05,4.89501e-05,9.1576e-05,0.000139663,0.000190595,0.000241811,0.000290849,0.000335381,0.000373233,0.000402415,0.000421167,0.000428025,0.000421908,0.00040222,0.000368945,0.000323132,0.000266368,0.000200709,0.000130353,6.19009e-05,3.00431e-06,-3.93922e-05,-6.05909e-05,-5.91902e-05,-3.73216e-05,0
0,-8.9024e-06,-6.62629e-06,1.2098e-05,4.79024e-05,9.81085e-05,0.000157439,0.000219277,0.000277071,0.000325552,0.000361669,0.000384982,0.000396659,0.000397538,0.000388063,0.000369101,0.000341721,0.00030717,0.000266882,0.0002225,0.000175883,0.000129119,8.44952e-05,4.44388e-05,1.14248e-05,-1.21517e-05,-2.4122e-05,-2.26958e-05,-6.59964e-06,2.48165e-05,7.15211e-05,0.000132803,0.000207341,0.000293335,0.000388693,0.000491258,0.000599056,0.000710537,0.000824812,0.000941851,0.00106267,0.00118952,0.00132612,0.00147794,0.00165265,0.00186008,0.00189032,0.00189625,0.00188548,0.00186138,0.00182288,0.0017662,0.00168762,0.00158609,0.00146483,0.00133139,0.00119654,0.00107267,0.00097217,0.000905878,0.000881688,0.000903472,0.000970659,0.00107863,0.00121969,0.00138421,0.00156155,0.00174066,0.00191065,0.00206119,0.00218279,0.00226668,0.00230433,0.00228717,0.00220683,0.0020572,0.00180583,0.00159269,0.00140447,0.00123256,0.00107183,0.000919528,0.000774635,0.000637388,0.000508906,0.000390862,0.000285169,0.000193695,0.000118017,5.92284e-05,1.7812e-05,-6.42011e-06,-1.43194e-05,-7.33627e-06,1.25865e-05,4.31453e-05,8.18121e-05,0.000125961,0.000172974,0.000220315,0.000265579,0.000306526,0.000341094,0.000367427,0.000383905,0.000389207,0.000382376,0.000362916,0.00033088,0.000287359,0.000233959,0.000172671,0.00010747,4.45734e-05,-8.87429e-06,-4.64604e-05,-6.3936e-05,-6.0161e-05,-3.72698e-05,0
0,-1.0197e-05,-1.00353e-05,5.61029e-06,3.74608e-05,8.31496e-05,0.000137843,0.000195392,0.000249641,0.000295579,0.00033025,0.00035316,0.000365332,0.000367453,0.000359844,0.000343257,0.000318637,0.000287116,0.000250025,0.000208918,0.000165595,0.000122105,8.07223e-05,4.38828e-05,1.40843e-05,-6.24894e-06,-1.49224e-05,-1.01341e-05,9.3775e-06,4.42192e-05,9.42806e-05,0.000158735,0.000236111,0.000324431,0.000421406,0.000524668,0.000632031,0.000741733,0.000852677,0.000964623,0.00107838,0.00119601,0.00132113,0.00145958,0.0016207,0.00181954,0.00185285,0.0018619,0.00185214,0.00182536,0.00177982,0.00171231,0.00162071,0.00150604,0.00137335,0.00123135,0.00109118,0.000964778,0.000863512,0.000796966,0.000771976,0.000791942,0.000856572,0.000962125,0.00110199,0.00126732,0.00144767,0.00163151,0.00180698,0.00196277,0.00208876,0.00217636,0.0022181,0.00220683,0.00213486,0.00199612,0.00176435,0.00157227,0.00140076,0.00124117,0.00108913,0.000942579,0.000801062,0.000665258,0.000536658,0.000417259,0.000309256,0.000214768,0.000135588,7.29847e-05,2.75807e-05,-7.13195e-07,-1.26846e-05,-9.74957e-06,6.1625e-06,3.27497e-05,6.74845e-05,0.000107749,0.000150948,0.000194588,0.000236331,0.00027402,0.0003057,0.000329629,0.000344311,0.000348538,0.000341462,0.000322669,0.00029226,0.00025136,0.000201584,0.000144851,8.49202e-05,2.76268e-05,-2.03773e-05,-5.31972e-05,-6.70188e-05,-6.09514e-05,-3.71255e-05,0
0,-1.13831e-05,-1.32421e-05,-6.00724e-07,2.73372e-05,6.84996e-05,0.00011848,0.000171584,0.000222049,0.000265124,0.000297963,0.000320033,0.000332235,0.000335123,0.000328922,0.000314284,0.000292056,0.000263266,0.000229151,0.000191183,0.000151091,0.000110872,7.27642e-05,3.91836e-05,1.26193e-05,-4.50639e-06,-1.0002e-05,-2.07646e-06,2.0505e-05,5.83005e-05,0.000111124,0.000178047,0.000257467,0.000347252,0.000444938,0.000547971,0.000653962,0.000760937,0.000867559,0.000973315,0.00107866,0.00118515,0.00129573,0.00141528,0.00155284,0.00172952,0.00177878,0.00179045,0.00177936,0.0017482,0.00169685,0.00162489,0.00153307,0.00142433,0.00130406,0.00117976,0.00106018,0.000954405,0.000870906,0.000816786,0.000797134,0.000814586,0.000869136,0.000958217,0.00107696,0.00121852,0.00137443,0.00153501,0.00168995,0.001829,0.00194272,0.00202298,0.0020631,0.0020572,0.00199612,0.00183718,0.00167377,0.00151868,0.00137076,0.00122738,0.00108671,0.000948035,0.000811708,0.000678968,0.000551729,0.000432325,0.00032324,0.000226832,0.0001451,7.94873e-05,3.07543e-05,-1.07968e-06,-1.67212e-05,-1.75278e-05,-5.38644e-06,1.74344e-05,4.84383e-05,8.50431e-05,0.000124696,0.000164961,0.000203568,0.000238442,0.000267719,0.000289756,0.000303156,0.000306809,0.000299948,0.000282226,0.000253785,0.000215771,0.000169798,0.000117717,6.30743e-05,1.13393e-05,-3.13122e-05,-5.94831e-05,-6.97757e-05,-6.1535e-05,-3.68819e-05,0
0,-1.24489e-05,-1.62133e-05,-6.46626e-06,1.7651e-05,5.43418e-05,9.9606e-05,0.000148189,0.000194706,0.000234669,0.000265344,0.000286179,0.000297963,0.000301144,0.000295867,0.000282709,0.000262433,0.000235986,0.000204522,0.000169433,0.000132378,9.52909e-05,6.03546e-05,2.99412e-05,6.50384e-06,-7.56565e-06,-1.01043e-05,6.47233e-07,2.5884e-05,6.61115e-05,0.000121075,0.000189756,0.000270446,0.000360884,0.000458462,0.000560464,0.000664318,0.000767843,0.000869455,0.000968314,0.00106441,0.00115856,0.00125227,0.00134737,0.00144449,0.0015369,0.00158175,0.00159313,0.0015798,0.00154532,0.00149087,0.00141721,0.00132597,0.00122041,0.0011057,0.000988633,0.000877024,0.000778933,0.000701877,0.000652134,0.000634182,0.000650306,0.000700423,0.000782117,0.000890832,0.0010202,0.00116243,0.00130878,0.00145016,0.00157771,0.0016834,0.00176033,0.00180279,0.00180583,0.00176435,0.00167377,0.00156203,0.00144233,0.00131906,0.00119331,0.00106541,0.000935975,0.000806165,0.000677793,0.000553192,0.000435021,0.000326027,0.000228791,0.000145501,7.77595e-05,2.64615e-05,-8.26113e-06,-2.70219e-05,-3.11004e-05,-2.2317e-05,-2.88048e-06,2.47693e-05,5.81065e-05,9.46386e-05,0.000131992,0.000167965,0.000200558,0.000227983,0.000248677,0.000261323,0.000264884,0.000258662,0.000242362,0.000216158,0.000181211,0.000139131,9.17029e-05,4.22732e-05,-4.03869e-06,-4.15093e-05,-6.52151e-05,-7.21535e-05,-6.18913e-05,-3.65349e-05,0
0,-1.33876e-05,-1.89252e-05,-1.19321e-05,8.50216e-06,4.08375e-05,8.14573e-05,0.000125524,0.000168016,0.000204698,0.000232955,0.000252216,0.000263182,0.000266206,0.000261373,0.000249205,0.000230399,0.000205838,0.000176605,0.000144026,0.000109687,7.54538e-05,4.34431e-05,1.59638e-05,-4.58943e-06,-1.58789e-05,-1.57921e-05,-2.61882e-06,2.47857e-05,6.68723e-05,0.000123324,0.000193052,0.000274261,0.000364594,0.000461328,0.000561616,0.00066273,0.000762304,0.000858515,0.000950209,0.00103692,0.00111876,0.00119614,0.00126907,0.00133578,0.00139001,0.0014185,0.00142194,0.00140336,0.0013649,0.00130785,0.00123353,0.00114399,0.00104262,0.000934259,0.000825019,0.000721798,0.000631648,0.000561124,0.000515682,0.000499195,0.000513621,0.000558837,0.000632651,0.000730968,0.000848074,0.000977029,0.00111013,0.00123943,0.0013573,0.00145684,0.00153218,0.00157865,0.00159269,0.00157227,0.00151868,0.00144233,0.00135136,0.00125031,0.00114155,0.00102661,0.00090699,0.000784519,0.000661483,0.000540574,0.00042473,0.000316926,0.000219934,0.000136101,6.71721e-05,1.41662e-05,-2.26742e-05,-4.38624e-05,-5.05869e-05,-4.45833e-05,-2.79813e-05,-3.14556e-06,2.74699e-05,6.14412e-05,9.64611e-05,0.000130393,0.000161299,0.000187455,0.000207359,0.000219754,0.000223663,0.000218441,0.000203835,0.000180052,0.00014826,0.000110068,6.71987e-05,2.28144e-05,-1.82931e-05,-5.08265e-05,-7.03092e-05,-7.41107e-05,-6.20053e-05,-3.60822e-05,0
0,-1.41965e-05,-2.13628e-05,-1.69585e-05,-2.98603e-08,2.81214e-05,6.42384e-05,0.000103875,0.000142354,0.00017568,0.000201349,0.000218782,0.000228594,0.000231063,0.000226228,0.000214567,0.000196732,0.000173555,0.000146068,0.000115535,8.34797e-05,5.16969e-05,2.22303e-05,-2.68686e-06,-2.07349e-05,-2.96479e-05,-2.73813e-05,-1.22871e-05,1.67214e-05,6.0041e-05,0.000117301,0.000187358,0.000268357,0.000357871,0.000453099,0.000551093,0.000649006,0.000744314,0.000834995,0.000919625,0.000997378,0.00106789,0.00113095,0.00118596,0.0012312,0.00126299,0.00127635,0.00127016,0.00124519,0.00120251,0.00114327,0.00106894,0.000981759,0.00088503,0.000783225,0.000681787,0.000586753,0.000504238,0.000439897,0.000398423,0.000383137,0.000395703,0.000435985,0.000502046,0.000590292,0.000695716,0.000812256,0.000933212,0.00105171,0.00116115,0.00125559,0.00133002,0.00138053,0.00140447,0.00140076,0.00137076,0.00131906,0.00125031,0.00116797,0.00107449,0.000971862,0.00086205,0.000747311,0.00063027,0.00051389,0.000401326,0.000295726,0.000200011,0.000116657,4.75263e-05,-6.2548e-06,-4.43392e-05,-6.71397e-05,-7.57462e-05,-7.17991e-05,-5.73363e-05,-3.46362e-05,-6.07287e-06,2.60023e-05,5.93465e-05,9.18805e-05,0.000121718,0.000147182,0.000166818,0.000179413,0.000184038,0.00018009,0.000167358,0.000146079,0.000117433,8.30262e-05,4.45303e-05,4.94138e-06,-3.12526e-05,-5.91527e-05,-7.47014e-05,-7.5617e-05,-6.18675e-05,-3.55237e-05,0
0,-1.48762e-05,-2.35193e-05,-2.152e-05,-7.88711e-06,1.62991e-05,4.81175e-05,8.34882e-05,0.000118054,0.000148042,0.000171053,0.000186494,0.000194906,0.000196497,0.000191271,0.000179674,0.000162324,0.00014002,0.000113753,8.47406e-05,5.44501e-05,2.46093e-05,-2.81297e-06,-2.56656e-05,-4.17134e-05,-4.87747e-05,-4.48836e-05,-2.84637e-05,1.51016e-06,4.53826e-05,0.00010274,0.0001724,0.000252473,0.000340493,0.00043361,0.000528813,0.000623169,0.000714038,0.000799244,0.000877165,0.000946727,0.00100728,0.00105838,0.00109938,0.0011291,0.00114562,0.0011468,0.00113177,0.00110068,0.00105419,0.000993315,0.000919576,0.000835216,0.000743375,0.00064811,0.000554231,0.000466982,0.000391628,0.000333009,0.000295132,0.000280824,0.000291496,0.000327015,0.000385706,0.000464465,0.000558976,0.000664014,0.000773806,0.00088243,0.000984188,0.00107393,0.00114732,0.00120095,0.00123256,0.00124117,0.00122738,0.00119331,0.00114155,0.00107449,0.000994262,0.000902863,0.000802462,0.000695529,0.000584895,0.000473694,0.000365224,0.000262753,0.000169301,8.74383e-05,1.91135e-05,-3.44569e-05,-7.28341e-05,-9.63351e-05,-0.000105951,-0.000103224,-9.00955e-05,-6.87525e-05,-4.14877e-05,-1.05821e-05,2.17807e-05,5.35697e-05,8.29385e-05,0.000108245,0.000128067,0.00014123,0.000146841,0.000144339,0.000133556,0.00011476,8.91524e-05,5.83376e-05,2.39498e-05,-1.11634e-05,-4.27928e-05,-6.64099e-05,-7.83483e-05,-7.66532e-05,-6.14729e-05,-3.48601e-05,0
0,-1.54302e-05,-2.53944e-05,-2.56036e-05,-1.50327e-05,5.44507e-06,3.32219e-05,6.4558e-05,9.53917e-05,0.000122153,0.000142534,0.000155925,0.000162788,0.000163273,0.000157351,0.000145441,0.00012814,0.000106219,8.06457e-05,5.25998e-05,2.35025e-05,-4.97825e-06,-3.09461e-05,-5.23325e-05,-6.69909e-05,-7.28288e-05,-6.79652e-05,-5.08988e-05,-2.06663e-05,2.303e-05,7.97441e-05,0.000148273,0.000226715,0.000312592,0.000403038,0.000495012,0.000585532,0.000671882,0.000751781,0.000823473,0.000885733,0.000937779,0.000979092,0.00100919,0.0010274,0.00103284,0.00102461,0.00100234,0.000966172,0.000916712,0.000854971,0.000782476,0.000701402,0.000614667,0.000525908,0.000439338,0.00035948,0.000290834,0.000237516,0.000202921,0.000189441,0.000198267,0.000229282,0.000281062,0.000350964,0.000435313,0.000529652,0.000629046,0.000728411,0.000822829,0.000907814,0.000979525,0.00103491,0.00107183,0.00108913,0.00108671,0.00106541,0.00102661,0.000971862,0.000902863,0.000821484,0.000729894,0.000630637,0.000526635,0.000421105,0.00031742,0.000218908,0.000128646,4.92556e-05,-1.72555e-05,-6.96052e-05,-0.000107279,-0.00013051,-0.000140195,-0.000137782,-0.000125117,-0.0001043,-7.75461e-05,-4.70706e-05,-1.50066e-05,1.66534e-05,4.60928e-05,7.16945e-05,9.20625e-05,0.000106051,0.000112805,0.000111808,0.000102936,8.65037e-05,6.37335e-05,3.62387e-05,5.62717e-06,-2.53831e-05,-5.2838e-05,-7.25528e-05,-8.12265e-05,-7.72101e-05,-6.08206e-05,-3.40931e-05,0
0,-1.58637e-05,-2.69931e-05,-2.92076e-05,-2.14494e-05,-4.39709e-06,1.96348e-05,4.72223e-05,7.45748e-05,9.83055e-05,0.00011618,0.000127565,0.000132842,0.000132099,0.000125278,0.000112772,9.51581e-05,7.31919e-05,4.78201e-05,2.01986e-05,-8.28878e-06,-3.60254e-05,-6.11811e-05,-8.17656e-05,-9.57195e-05,-0.000101039,-9.59283e-05,-7.89594e-05,-4.92273e-05,-6.47367e-06,4.88355e-05,0.000115494,0.000191609,0.000274719,0.000361968,0.000450319,0.000536773,0.000618577,0.000693388,0.000759371,0.000815219,0.000860094,0.000893504,0.000915136,0.000924721,0.000921979,0.000906707,0.00087895,0.000839067,0.000787753,0.000726078,0.000655568,0.000578298,0.000496938,0.000414715,0.000335284,0.000262517,0.000200227,0.000151886,0.000120348,0.000107623,0.000114709,0.000141515,0.000186846,0.000248484,0.000323333,0.000407628,0.00049718,0.000587646,0.000674777,0.000754648,0.000823823,0.000879488,0.000919528,0.000942579,0.000948035,0.000935975,0.00090699,0.00086205,0.000802462,0.000729894,0.00064643,0.000554593,0.00045731,0.000357814,0.000259487,0.00016567,7.94477e-05,3.45977e-06,-6.02607e-05,-0.000110391,-0.000146362,-0.000168335,-0.00017713,-0.000174106,-0.000161024,-0.000139903,-0.00011289,-8.21447e-05,-4.97578e-05,-1.7692e-05,1.22579e-05,3.84941e-05,5.96436e-05,7.45911e-05,8.25216e-05,8.29692e-05,7.58663e-05,6.15832e-05,4.13722e-05,1.68623e-05,-1.03525e-05,-3.76667e-05,-6.13599e-05,-7.75676e-05,-8.33308e-05,-7.72872e-05,-5.99124e-05,-3.3225e-05,0
0,-1.61825e-05,-2.83233e-05,-3.23386e-05,-2.71374e-05,-1.32131e-05,7.39568e-06,3.15594e-05,5.57362e-05,7.67014e-05,9.22802e-05,0.000101802,0.000105562,0.000103584,9.57773e-05,8.25042e-05,6.43205e-05,4.19682e-05,1.63802e-05,-1.13061e-05,-3.97353e-05,-6.7333e-05,-9.23268e-05,-0.000112798,-0.000126766,-0.000132313,-0.000127721,-0.00011163,-8.31862e-05,-4.21598e-05,1.09766e-05,7.50316e-05,0.000148142,0.000227885,0.000311444,0.000395812,0.000478006,0.000555267,0.000625226,0.00068601,0.000736272,0.000775166,0.00080225,0.000817364,0.000820522,0.000811839,0.000791543,0.00076002,0.000717863,0.000665913,0.000605317,0.000537593,0.000464697,0.000389042,0.000313461,0.000241095,0.000175223,0.000119047,7.54638e-05,4.68493e-05,3.48746e-05,4.03757e-05,6.32821e-05,0.000102611,0.000156525,0.00022245,0.000297236,0.000377356,0.000459116,0.000538856,0.000613131,0.000678851,0.000733387,0.000774635,0.000801062,0.000811708,0.000806165,0.000784519,0.000747311,0.000695529,0.000630637,0.000554593,0.000469843,0.000379264,0.000286048,0.000193542,0.000105048,2.36244e-05,-4.81099e-05,-0.000108126,-0.000155089,-0.000188396,-0.00020816,-0.000215136,-0.000210612,-0.000196276,-0.000174081,-0.000146113,-0.000114488,-8.12629e-05,-4.83779e-05,-1.76098e-05,9.46206e-06,3.14897e-05,4.7394e-05,5.64092e-05,5.81304e-05,5.25585e-05,4.01311e-05,2.21403e-05,2.37216e-07,-2.39873e-05,-4.80259e-05,-6.83745e-05,-8.14685e-05,-8.46715e-05,-7.68914e-05,-5.87524e-05,-3.22578e-05,0
0,-1.63925e-05,-2.93946e-05,-3.50095e-05,-3.21111e-05,-2.10149e-05,-3.49753e-06,1.75881e-05,3.89301e-05,5.7448e-05,7.10106e-05,7.88981e-05,8.13117e-05,7.82046e-05,6.94455e-05,5.53579e-05,3.6471e-05,1.35094e-05,-1.26072e-05,-4.07559e-05,-6.96039e-05,-9.76114e-05,-0.000123054,-0.000144075,-0.000158767,-0.000165282,-0.000161976,-0.000147545,-0.000121175,-8.26521e-05,-3.24404e-05,2.83007e-05,9.77579e-05,0.00017357,0.000252983,0.000333045,0.000410815,0.000483555,0.0005489,0.000604964,0.000650392,0.000684346,0.000706437,0.000716628,0.000715133,0.000702338,0.000678762,0.000645059,0.000602029,0.000550656,0.000492154,0.000428021,0.000360079,0.000290487,0.000221702,0.000156391,9.72993e-05,4.70794e-05,8.11795e-06,-1.76336e-05,-2.88019e-05,-2.46954e-05,-5.36168e-06,2.84055e-05,7.51087e-05,0.000132635,0.000198382,0.000269406,0.000342588,0.000414786,0.000482981,0.000544389,0.000596549,0.000637388,0.000665258,0.000678968,0.000677793,0.000661483,0.00063027,0.000584895,0.000526635,0.00045731,0.000379264,0.000295287,0.000208493,0.000122151,3.94953e-05,-3.64839e-05,-0.000103219,-0.000158716,-0.000201654,-0.000231423,-0.000248108,-0.000252422,-0.0002456,-0.000229275,-0.000205343,-0.000175848,-0.000142868,-0.000108436,-7.44711e-05,-4.27327e-05,-1.47778e-05,8.0783e-06,2.48033e-05,3.46932e-05,3.7418e-05,3.306e-05,2.2137e-05,5.98844e-06,-1.37062e-05,-3.53517e-05,-5.65288e-05,-7.3936e-05,-8.4294e-05,-8.52723e-05,-7.60349e-05,-5.73458e-05,-3.11932e-05,0
0,-1.64985e-05,-3.02164e-05,-3.72365e-05,-3.63953e-05,-2.78361e-05,-1.30837e-05,5.27233e-06,2.41351e-05,4.05546e-05,5.243e-05,5.89813e-05,6.03056e-05,5.62781e-05,4.6717e-05,3.1895e-05,1.23048e-05,-1.13542e-05,-3.81794e-05,-6.70636e-05,-9.66941e-05,-0.00012556,-0.000151977,-0.000174141,-0.000190203,-0.00019838,-0.000197082,-0.000185053,-0.000161504,-0.00012622,-7.96421e-05,-2.28788e-05,4.2326e-05,0.000113692,0.000188551,0.000264028,0.000337245,0.000405508,0.000466475,0.00051827,0.000559544,0.000589473,0.000607716,0.000614327,0.00060966,0.000594291,0.000568948,0.000534484,0.000491868,0.000442199,0.000386738,0.000326941,0.00026449,0.000201292,0.000139452,8.12057e-05,2.8812e-05,-1.5565e-05,-4.99922e-05,-7.28934e-05,-8.31582e-05,-8.02221e-05,-6.4112e-05,-3.54548e-05,4.552e-06,5.42032e-05,0.000111377,0.000173646,0.000238397,0.000302951,0.00036467,0.000421051,0.000469804,0.000508906,0.000536658,0.000551729,0.000553192,0.000540574,0.00051389,0.000473694,0.000421105,0.000357814,0.000286048,0.000208493,0.000128157,4.82068e-05,-2.82271e-05,-9.82473e-05,-0.000159369,-0.000209661,-0.000247845,-0.00027333,-0.000286199,-0.000287143,-0.000277366,-0.000258461,-0.000232289,-0.000200858,-0.00016622,-0.000130385,-9.52526e-05,-6.256e-05,-3.38323e-05,-1.03401e-05,6.94545e-06,1.73979e-05,2.07769e-05,1.72599e-05,7.45537e-06,-7.24333e-06,-2.51251e-05,-4.45864e-05,-6.329e-05,-7.81298e-05,-8.61007e-05,-8.51662e-05,-7.47338e-05,-5.56986e-05,-3.00327e-05,0
0,-1.65036e-05,-3.07966e-05,-3.90365e-05,-4.00215e-05,-3.37265e-05,-2.14316e-05,-5.47213e-06,1.12612e-05,2.59389e-05,3.64819e-05,4.20404e-05,4.25989e-05,3.79462e-05,2.78384e-05,1.2484e-05,-7.67484e-06,-3.19751e-05,-5.95404e-05,-8.92848e-05,-0.000119917,-0.000149952,-0.000177742,-0.000201523,-0.000219498,-0.000229932,-0.00023128,-0.000222313,-0.000202253,-0.00017087,-0.00012856,-7.63654e-05,-1.59416e-05,5.05325e-05,0.000120492,0.000191159,0.000259737,0.000323595,0.000380429,0.000428386,0.000466128,0.00049285,0.000508244,0.000512425,0.000505848,0.000489216,0.000463407,0.000429419,0.000388344,0.000341363,0.000289757,0.000234924,0.000178397,0.000121845,6.7043e-05,1.58316e-05,-2.99616e-05,-6.86087e-05,-9.85767e-05,-0.00011862,-0.00012786,-0.000125843,-0.00011258,-8.85507e-05,-5.46926e-05,-1.2355e-05,3.67612e-05,9.068e-05,0.000147236,0.000204158,0.000259156,0.000309989,0.000354538,0.000390862,0.000417259,0.000432325,0.000435021,0.00042473,0.000401326,0.000365224,0.00031742,0.000259487,0.000193542,0.000122151,4.82068e-05,-2.52504e-05,-9.52148e-05,-0.000158909,-0.000213956,-0.000258516,-0.000291379,-0.000312,-0.000320483,-0.000317525,-0.000304315,-0.000282429,-0.000253703,-0.000220121,-0.000183714,-0.000146469,-0.000110264,-7.68004e-05,-4.75606e-05,-2.37538e-05,-6.27261e-06,4.35076e-06,7.9808e-06,4.90207e-06,-4.17819e-06,-1.78094e-05,-3.42483e-05,-5.18836e-05,-6.84599e-05,-8.10638e-05,-8.69586e-05,-8.43925e-05,-7.30061e-05,-5.38165e-05,-2.87769e-05,0
0,-1.6409e-05,-3.114e-05,-4.0425e-05,-4.30237e-05,-3.87458e-05,-2.86318e-05,-1.47667e-05,1.60832e-07,1.34386e-05,2.30043e-05,2.79336e-05,2.80915e-05,2.3172e-05,1.28583e-05,-2.72023e-06,-2.31871e-05,-4.79306e-05,-7.61137e-05,-0.000106681,-0.000138369,-0.00016972,-0.000199119,-0.000224841,-0.000245125,-0.000258274,-0.000262773,-0.000257407,-0.000241389,-0.000214457,-0.000176947,-0.000129813,-7.46057e-05,-1.33835e-05,5.14095e-05,0.000117111,0.00018102,0.000240582,0.000293544,0.000338083,0.000372877,0.000397132,0.000410558,0.00041331,0.000405904,0.000389127,0.000363953,0.000331481,0.000292885,0.000249393,0.00020228,0.000152875,0.000102559,5.27727e-05,4.99333e-06,-3.92941e-05,-7.86452e-05,-0.000111715,-0.00013732,-0.000154504,-0.00016259,-0.000161222,-0.000150399,-0.000130476,-0.000102166,-6.65126e-05,-2.4854e-05,2.12248e-05,6.99481e-05,0.000119408,0.000167623,0.000212602,0.000252397,0.000285169,0.000309256,0.00032324,0.000326027,0.000316926,0.000295726,0.000262753,0.000218908,0.00016567,0.000105048,3.94953e-05,-2.82271e-05,-9.52148e-05,-0.000158606,-0.000215764,-0.000264443,-0.000302921,-0.000330081,-0.00034545,-0.000349178,-0.000341987,-0.000325076,-0.000300017,-0.000268634,-0.000232896,-0.000194812,-0.000156343,-0.000119333,-8.54384e-05,-5.60791e-05,-3.2385e-05,-1.51515e-05,-4.7997e-06,-1.34671e-06,-4.39164e-06,-1.31241e-05,-2.60365e-05,-4.1357e-05,-5.74715e-05,-7.22118e-05,-8.28593e-05,-8.69445e-05,-8.29938e-05,-7.08708e-05,-5.17051e-05,-2.74261e-05,0
0,-1.62136e-05,-3.1248e-05,-4.14141e-05,-4.54342e-05,-4.29573e-05,-3.47867e-05,-2.27579e-05,-9.35562e-06,2.82742e-06,1.17474e-05,1.64044e-05,1.65403e-05,1.17486e-05,1.62915e-06,-1.37816e-05,-3.41887e-05,-5.90489e-05,-8.75798e-05,-0.000118771,-0.000151395,-0.00018403,-0.000215095,-0.000242896,-0.000265708,-0.00028186,-0.000289852,-0.000288469,-0.000276899,-0.000254829,-0.000222518,-0.000180815,-0.000131144,-7.543e-05,-1.59777e-05,4.46796e-05,0.000103953,0.000159374,0.00020875,0.00025029,0.000282688,0.000305154,0.000317401,0.000319599,0.000312289,0.000296305,0.000272678,0.000242562,0.000207177,0.00016777,0.000125588,8.18787e-05,3.78791e-05,-5.18208e-06,-4.60952e-05,-8.36871e-05,-0.000116847,-0.00014456,-0.000165947,-0.000180297,-0.000187109,-0.000186113,-0.000177297,-0.000160916,-0.000137494,-0.000107818,-7.29188e-05,-3.40496e-05,7.34835e-06,4.96815e-05,9.12464e-05,0.000130277,0.000165,0.000193695,0.000214768,0.000226832,0.000228791,0.000219934,0.000200011,0.000169301,0.000128646,7.94477e-05,2.36244e-05,-3.64839e-05,-9.82473e-05,-0.000158909,-0.000215764,-0.000266334,-0.000308528,-0.000340761,-0.000362034,-0.000371969,-0.000370786,-0.000359253,-0.000338595,-0.000310394,-0.00027647,-0.000238777,-0.000199303,-0.000159974,-0.000122585,-8.87306e-05,-5.97487e-05,-3.66698e-05,-2.01739e-05,-1.05555e-05,-7.70233e-06,-1.10919e-05,-1.9811e-05,-3.2299e-05,-4.67632e-05,-6.1597e-05,-7.47289e-05,-8.36426e-05,-8.61374e-05,-8.10131e-05,-6.83468e-05,-4.93697e-05,-2.59802e-05,0
0,-1.59141e-05,-3.11182e-05,-4.20107e-05,-4.72809e-05,-4.64218e-05,-4.00017e-05,-2.9604e-05,-1.75029e-05,-6.16348e-06,2.39617e-06,7.10501e-06,7.58289e-06,3.31921e-06,-6.17683e-06,-2.09736e-05,-4.08731e-05,-6.54174e-05,-9.38968e-05,-0.000125361,-0.000158635,-0.000192341,-0.000224936,-0.000254765,-0.000280128,-0.000299377,-0.000311015,-0.000313814,-0.000306924,-0.000289965,-0.000263097,-0.000227052,-0.000183111,-0.000133045,-7.90059e-05,-2.33844e-05,3.13547e-05,8.28381e-05,0.000128939,0.000167903,0.000198434,0.000219735,0.00023151,0.000233913,0.000227486,0.000213071,0.000191718,0.000164603,0.000132958,9.80193e-05,6.09966e-05,2.30488e-05,-1.47217e-05,-5.12742e-05,-8.56323e-05,-0.000116889,-0.000144218,-0.000166883,-0.000184258,-0.000195844,-0.000201283,-0.000200384,-0.00019313,-0.000179694,-0.00016045,-0.000135974,-0.000107046,-7.46448e-05,-3.99318e-05,-4.23377e-06,3.0987e-05,6.41709e-05,9.37114e-05,0.000118017,0.000135588,0.0001451,0.000145501,0.000136101,0.000116657,8.74383e-05,4.92556e-05,3.45977e-06,-4.81099e-05,-0.000103219,-0.000159369,-0.000213956,-0.000264443,-0.000308528,-0.000344289,-0.000370299,-0.000385702,-0.000390231,-0.000384199,-0.000368435,-0.000344205,-0.000313108,-0.000276966,-0.000237717,-0.000197316,-0.000157644,-0.000120429,-8.71852e-05,-5.91469e-05,-3.72256e-05,-2.19687e-05,-1.35318e-05,-1.16664e-05,-1.57276e-05,-2.47044e-05,-3.6992e-05,-5.07882e-05,-6.45084e-05,-7.61924e-05,-8.35367e-05,-8.46131e-05,-7.84914e-05,-6.54522e-05,-4.68153e-05,-2.44391e-05,0
0,-1.55053e-05,-3.07445e-05,-4.22163e-05,-4.85843e-05,-4.91922e-05,-4.43755e-05,-3.5461e-05,-2.45024e-05,-1.38235e-05,-5.40343e-06,-3.74094e-07,7.67751e-07,-2.59215e-06,-1.10393e-05,-2.47554e-05,-4.36525e-05,-6.73741e-05,-9.53011e-05,-0.000126562,-0.00016005,-0.000194445,-0.000228254,-0.000259861,-0.000287599,-0.000309835,-0.000325072,-0.000332058,-0.00032989,-0.000318108,-0.000296764,-0.00026645,-0.000228292,-0.000183891,-0.000135234,-8.4553e-05,-3.41798e-05,1.36166e-05,5.67795e-05,9.35901e-05,0.000122758,0.000143471,0.0001554,0.000158666,0.000153781,0.000141562,0.000123043,9.9389e-05,7.1817e-05,4.15357e-05,9.70099e-06,-2.26116e-05,-5.44219e-05,-8.48494e-05,-0.000113113,-0.000138525,-0.000160491,-0.000178504,-0.000192145,-0.000201084,-0.000205089,-0.00020403,-0.000197894,-0.000186795,-0.000170989,-0.000150891,-0.000127084,-0.000100327,-7.1557e-05,-4.1882e-05,-1.25596e-05,1.50334e-05,3.94485e-05,5.92284e-05,7.29847e-05,7.94873e-05,7.77595e-05,6.71721e-05,4.75263e-05,1.91135e-05,-1.72555e-05,-6.02607e-05,-0.000108126,-0.000158716,-0.000209661,-0.000258516,-0.000302921,-0.000340761,-0.000370299,-0.000390288,-0.000400025,-0.000399379,-0.000388766,-0.000369091,-0.000341669,-0.000308121,-0.000270269,-0.000230027,-0.000189307,-0.000149925,-0.000113529,-8.15248e-05,-5.50259e-05,-3.48061e-05,-2.12661e-05,-1.44139e-05,-1.38628e-05,-1.88496e-05,-2.82759e-05,-4.05052e-05,-5.37414e-05,-6.64403e-05,-7.67705e-05,-8.26542e-05,-8.24411e-05,-7.54668e-05,-6.22039e-05,-4.40471e-05,-2.2803e-05,0
0,-1.49805e-05,-3.01175e-05,-4.20267e-05,-4.93561e-05,-5.13093e-05,-4.79926e-05,-4.04711e-05,-3.0565e-05,-2.04395e-05,-1.2016e-05,-6.472e-06,-4.41e-06,-6.54335e-06,-1.35522e-05,-2.57357e-05,-4.31253e-05,-6.54803e-05,-9.22889e-05,-0.000122777,-0.000155922,-0.000190481,-0.000225023,-0.000257982,-0.000287726,-0.000312643,-0.000331231,-0.000342207,-0.000344612,-0.000337893,-0.000321979,-0.000297312,-0.000264848,-0.000226008,-0.000182596,-0.000136678,-9.04402e-05,-4.60406e-05,-5.46181e-06,2.96132e-05,5.78946e-05,7.85417e-05,9.11782e-05,9.58689e-05,9.30661e-05,8.35338e-05,6.82599e-05,4.83682e-05,2.50365e-05,-5.71015e-07,-2.73566e-05,-5.43233e-05,-8.05946e-05,-0.00010542,-0.000128174,-0.00014834,-0.000165506,-0.00017934,-0.000189587,-0.000196052,-0.000198601,-0.000197159,-0.000191721,-0.000182363,-0.000169261,-0.000152712,-0.000133153,-0.000111182,-8.75615e-05,-6.32268e-05,-3.92683e-05,-1.69046e-05,2.56259e-06,1.7812e-05,2.75807e-05,3.07543e-05,2.64615e-05,1.41662e-05,-6.2548e-06,-3.44569e-05,-6.96052e-05,-0.000110391,-0.000155089,-0.000201654,-0.000247845,-0.000291379,-0.000330081,-0.000362034,-0.000385702,-0.000400025,-0.000404475,-0.000399063,-0.000384323,-0.000361242,-0.000331188,-0.000295801,-0.000256895,-0.000216352,-0.000176024,-0.000137644,-0.000102754,-7.26362e-05,-4.82615e-05,-3.02511e-05,-1.88489e-05,-1.3912e-05,-1.49182e-05,-2.09956e-05,-3.0973e-05,-4.31992e-05,-5.59024e-05,-6.76003e-05,-7.66099e-05,-8.1093e-05,-7.96819e-05,-7.19732e-05,-5.86185e-05,-4.1071e-05,-2.10729e-05,0
0,-1.43322e-05,-2.92256e-05,-4.14328e-05,-4.95988e-05,-5.27995e-05,-5.09172e-05,-4.47514e-05,-3.5875e-05,-2.62738e-05,-1.77896e-05,-1.16241e-05,-8.47048e-06,-9.13193e-06,-1.43787e-05,-2.46266e-05,-4.00318e-05,-6.04794e-05,-8.55796e-05,-0.000114672,-0.00014684,-0.00018093,-0.000215592,-0.000249323,-0.000280538,-0.000307648,-0.000329151,-0.000343735,-0.000350375,-0.000348423,-0.000337677,-0.00031842,-0.000291426,-0.000257924,-0.000219525,-0.000178118,-0.000135734,-9.4412e-05,-5.60568e-05,-2.23152e-05,5.51902e-06,2.65673e-05,4.03903e-05,4.6975e-05,4.66904e-05,4.02191e-05,2.84746e-05,1.25148e-05,-6.54221e-06,-2.75898e-05,-4.9591e-05,-7.16187e-05,-9.28799e-05,-0.000112723,-0.000130636,-0.000146229,-0.000159219,-0.000169405,-0.00017665,-0.000180861,-0.000181979,-0.000179977,-0.000174864,-0.000166699,-0.00015561,-0.000141819,-0.000125668,-0.000107642,-8.83817e-05,-6.86927e-05,-4.95327e-05,-3.19863e-05,-1.72202e-05,-6.42011e-06,-7.13195e-07,-1.07968e-06,-8.26113e-06,-2.26742e-05,-4.43392e-05,-7.28341e-05,-0.000107279,-0.000146362,-0.000188396,-0.000231423,-0.00027333,-0.000312,-0.00034545,-0.000371969,-0.000390231,-0.000399379,-0.000399063,-0.00038945,-0.000371192,-0.000345363,-0.000313377,-0.00027689,-0.000237697,-0.000197629,-0.00015846,-0.00012182,-8.91254e-05,-6.15127e-05,-3.97959e-05,-2.44319e-05,-1.5503e-05,-1.27164e-05,-1.54233e-05,-2.26573e-05,-3.31937e-05,-4.53854e-05,-5.75065e-05,-6.81594e-05,-7.58298e-05,-7.89326e-05,-7.63861e-05,-6.80407e-05,-5.4712e-05,-3.78943e-05,-1.9251e-05,0
0,-1.35531e-05,-2.80567e-05,-4.04219e-05,-4.93064e-05,-5.36731e-05,-5.31893e-05,-4.83867e-05,-4.05776e-05,-3.15468e-05,-2.30306e-05,-1.6231e-05,-1.19116e-05,-1.09521e-05,-1.42036e-05,-2.21927e-05,-3.52004e-05,-5.32435e-05,-7.60648e-05,-0.000103133,-0.000133651,-0.000166577,-0.000200656,-0.000234466,-0.00026648,-0.000295145,-0.000318966,-0.000336605,-0.000346976,-0.000349332,-0.000343337,-0.000329109,-0.000307234,-0.00027874,-0.000245038,-0.000207826,-0.000168974,-0.000130395,-9.39094e-05,-6.11257e-05,-3.33447e-05,-1.14905e-05,3.92196e-06,1.27839e-05,1.53591e-05,1.22246e-05,4.19519e-06,-7.76003e-06,-2.25998e-05,-3.92853e-05,-5.68413e-05,-7.4401e-05,-9.12341e-05,-0.000106758,-0.000120534,-0.000132255,-0.000141721,-0.000148817,-0.000153483,-0.000155698,-0.000155458,-0.000152778,-0.000147686,-0.000140242,-0.000130559,-0.000118822,-0.000105322,-9.04783e-05,-7.48537e-05,-5.91631e-05,-4.42632e-05,-3.1126e-05,-2.07944e-05,-1.43194e-05,-1.26846e-05,-1.67212e-05,-2.70219e-05,-4.38624e-05,-6.71397e-05,-9.63351e-05,-0.00013051,-0.000168335,-0.00020816,-0.000248108,-0.000286199,-0.000320483,-0.000349178,-0.000370786,-0.000384199,-0.000388766,-0.000384323,-0.000371192,-0.000350145,-0.000322336,-0.00028922,-0.000252455,-0.000213799,-0.000175016,-0.000137782,-0.000103602,-7.37462e-05,-4.91905e-05,-3.05791e-05,-1.81985e-05,-1.19696e-05,-1.14575e-05,-1.58998e-05,-2.42545e-05,-3.52653e-05,-4.73114e-05,-5.87347e-05,-6.82457e-05,-7.45187e-05,-7.6233e-05,-7.2594e-05,-6.3696e-05,-5.05014e-05,-3.45263e-05,-1.73409e-05,0
0,-1.26366e-05,-2.65992e-05,-3.89798e-05,-4.84659e-05,-5.39259e-05,-5.48241e-05,-5.14255e-05,-4.47705e-05,-3.6422e-05,-2.7984e-05,-2.06316e-05,-1.51751e-05,-1.25536e-05,-1.36857e-05,-1.91979e-05,-2.94906e-05,-4.47128e-05,-6.47459e-05,-8.91981e-05,-0.000117407,-0.000148458,-0.000181209,-0.000214335,-0.000246386,-0.000275857,-0.000301272,-0.000321277,-0.00033473,-0.000340792,-0.000338994,-0.000329289,-0.000312072,-0.000288165,-0.000258769,-0.000225389,-0.000189723,-0.000153549,-0.000118596,-8.64324e-05,-5.8365e-05,-3.53674e-05,-1.80391e-05,-6.59832e-06,-9.04135e-07,-5.05235e-07,-4.70666e-06,-1.26469e-05,-2.33769e-05,-3.59343e-05,-4.94059e-05,-6.29761e-05,-7.59588e-05,-8.78117e-05,-9.81367e-05,-0.000106667,-0.000113247,-0.000117805,-0.000120325,-0.000120829,-0.000119352,-0.000115942,-0.000110654,-0.000103568,-9.48042e-05,-8.45472e-05,-7.30747e-05,-6.07791e-05,-4.81831e-05,-3.59442e-05,-2.48437e-05,-1.57588e-05,-9.61724e-06,-7.33627e-06,-9.74957e-06,-1.75278e-05,-3.11004e-05,-5.05869e-05,-7.57462e-05,-0.000105951,-0.000140195,-0.00017713,-0.000215136,-0.000252422,-0.000287143,-0.000317525,-0.000341987,-0.000359253,-0.000368435,-0.000369091,-0.000361242,-0.000345363,-0.000322336,-0.000293387,-0.000259997,-0.000223809,-0.000186527,-0.000149826,-0.000115261,-8.41967e-05,-5.77377e-05,-3.66875e-05,-2.15131e-05,-1.23301e-05,-8.90438e-06,-1.06711e-05,-1.67728e-05,-2.61138e-05,-3.74308e-05,-4.91514e-05,-5.97081e-05,-6.79424e-05,-7.27342e-05,-7.3036e-05,-6.83375e-05,-5.89641e-05,-4.60054e-05,-3.09795e-05,-1.53485e-05,0
0,-1.15784e-05,-2.48444e-05,-3.70932e-05,-4.70606e-05,-5.35415e-05,-5.58131e-05,-5.38789e-05,-4.85001e-05,-4.09981e-05,-3.2819e-05,-2.50819e-05,-1.86181e-05,-1.4406e-05,-1.34143e-05,-1.6354e-05,-2.37343e-05,-3.58315e-05,-5.26665e-05,-7.39923e-05,-9.92925e-05,-0.000127792,-0.000158478,-0.00019014,-0.00022142,-0.000250881,-0.000277081,-0.000298663,-0.000314443,-0.000323498,-0.000325233,-0.000319441,-0.000306327,-0.000286508,-0.000260973,-0.000231024,-0.000198183,-0.000164082,-0.000130355,-9.85208e-05,-6.98885e-05,-4.54813e-05,-2.59875e-05,-1.17432e-05,-2.74289e-06,1.32362e-06,1.01478e-06,-2.9315e-06,-9.67148e-06,-1.83269e-05,-2.80479e-05,-3.80634e-05,-4.7716e-05,-5.64815e-05,-6.39727e-05,-6.99309e-05,-7.42079e-05,-7.67424e-05,-7.75347e-05,-7.66242e-05,-7.40724e-05,-6.9954e-05,-6.43572e-05,-5.73928e-05,-4.92113e-05,-4.0024e-05,-3.01256e-05,-1.99132e-05,-9.89775e-06,-7.04556e-07,6.9413e-06,1.2245e-05,1.43878e-05,1.25865e-05,6.1625e-06,-5.38644e-06,-2.2317e-05,-4.45833e-05,-7.17991e-05,-0.000103224,-0.000137782,-0.000174106,-0.000210612,-0.0002456,-0.000277366,-0.000304315,-0.000325076,-0.000338595,-0.000344205,-0.000341669,-0.000331188,-0.000313377,-0.00028922,-0.000259997,-0.000227198,-0.000192428,-0.00015732,-0.000123436,-9.21945e-05,-6.4796e-05,-4.21722e-05,-2.49444e-05,-1.34016e-05,-7.49379e-06,-6.84336e-06,-1.07734e-05,-1.83529e-05,-2.84572e-05,-3.9841e-05,-5.1003e-05,-6.04882e-05,-6.72889e-05,-7.05054e-05,-6.93674e-05,-6.3642e-05,-5.38696e-05,-4.12457e-05,-2.72696e-05,-1.32821e-05,0
0,-1.03768e-05,-2.27881e-05,-3.47526e-05,-4.50735e-05,-5.24954e-05,-5.61282e-05,-5.57239e-05,-5.17616e-05,-4.53062e-05,-3.7621e-05,-2.97416e-05,-2.24928e-05,-1.68697e-05,-1.38718e-05,-1.42749e-05,-1.8682e-05,-2.74862e-05,-4.08427e-05,-5.86501e-05,-8.05425e-05,-0.000105894,-0.000133835,-0.000163286,-0.000192997,-0.000221616,-0.000247753,-0.000270068,-0.00028735,-0.000298605,-0.000303127,-0.00030056,-0.000290926,-0.000274637,-0.000252474,-0.000225532,-0.00019515,-0.000162809,-0.000130036,-9.82919e-05,-6.88812e-05,-4.28714e-05,-2.10383e-05,-3.83836e-06,8.59174e-06,1.64111e-05,2.00295e-05,2.00487e-05,1.71964e-05,1.22587e-05,6.01957e-06,-7.90782e-07,-7.53407e-06,-1.36874e-05,-1.8853e-05,-2.27546e-05,-2.52252e-05,-2.61879e-05,-2.56347e-05,-2.36063e-05,-2.01768e-05,-1.5445e-05,-9.53318e-06,-2.59429e-06,5.17529e-06,1.35191e-05,2.21038e-05,3.05059e-05,3.82066e-05,4.45968e-05,4.89959e-05,5.06843e-05,4.89501e-05,4.31453e-05,3.27497e-05,1.74344e-05,-2.88048e-06,-2.79813e-05,-5.73363e-05,-9.00955e-05,-0.000125117,-0.000161024,-0.000196276,-0.000229275,-0.000258461,-0.000282429,-0.000300017,-0.000310394,-0.000313108,-0.000308121,-0.000295801,-0.00027689,-0.000252455,-0.000223809,-0.000192428,-0.000159864,-0.000127649,-9.72163e-05,-6.98281e-05,-4.65114e-05,-2.80141e-05,-1.47747e-05,-6.90866e-06,-4.2114e-06,-6.17878e-06,-1.20432e-05,-2.0825e-05,-3.13962e-05,-4.25539e-05,-5.28896e-05,-6.10801e-05,-6.6286e-05,-6.78376e-05,-6.52409e-05,-5.85298e-05,-4.84393e-05,-3.62482e-05,-2.34168e-05,-1.11524e-05,0
0,-9.03408e-06,-2.04323e-05,-3.1955e-05,-4.24913e-05,-5.07602e-05,-5.57276e-05,-5.69093e-05,-5.45047e-05,-4.9312e-05,-4.23912e-05,-3.4668e-05,-2.69335e-05,-2.01764e-05,-1.54055e-05,-1.34395e-05,-1.49558e-05,-2.04492e-05,-3.01984e-05,-4.42421e-05,-6.2365e-05,-8.40952e-05,-0.000108715,-0.000135287,-0.000162687,-0.000189665,-0.000214904,-0.000237097,-0.000255028,-0.000267652,-0.00027417,-0.000274088,-0.000267261,-0.000253905,-0.000234596,-0.000210224,-0.000181939,-0.000151066,-0.000119014,-8.71749e-05,-5.68382e-05,-2.91055e-05,-4.83307e-06,1.54055e-05,3.13311e-05,4.29476e-05,5.05092e-05,5.44728e-05,5.54405e-05,5.40991e-05,5.11619e-05,4.73176e-05,4.31897e-05,3.93086e-05,3.60962e-05,3.38623e-05,3.2811e-05,3.30525e-05,3.46198e-05,3.74839e-05,4.15671e-05,4.67506e-05,5.2877e-05,5.97462e-05,6.71071e-05,7.4647e-05,8.1982e-05,8.8651e-05,9.41176e-05,9.77818e-05,9.90032e-05,9.71362e-05,9.1576e-05,8.18121e-05,6.74845e-05,4.84383e-05,2.47693e-05,-3.14556e-06,-3.46362e-05,-6.87525e-05,-0.0001043,-0.000139903,-0.000174081,-0.000205343,-0.000232289,-0.000253703,-0.000268634,-0.00027647,-0.000276966,-0.000270269,-0.000256895,-0.000237697,-0.000213799,-0.000186527,-0.00015732,-0.000127649,-9.89285e-05,-7.24459e-05,-4.92923e-05,-3.03129e-05,-1.60705e-05,-6.82461e-06,-2.52783e-06,-2.83769e-06,-7.14478e-06,-1.46155e-05,-2.42473e-05,-3.49347e-05,-4.55404e-05,-5.47672e-05,-6.14409e-05,-6.49029e-05,-6.47181e-05,-6.06634e-05,-5.30228e-05,-4.27038e-05,-3.10441e-05,-1.9446e-05,-8.97318e-06,0
0,-7.5568e-06,-1.7787e-05,-2.8707e-05,-3.93089e-05,-4.83116e-05,-5.45634e-05,-5.73641e-05,-5.66421e-05,-5.29242e-05,-4.70519e-05,-3.98176e-05,-3.19537e-05,-2.44191e-05,-1.821e-05,-1.41647e-05,-1.30128e-05,-1.53313e-05,-2.15071e-05,-3.17078e-05,-4.58624e-05,-6.36524e-05,-8.45162e-05,-0.000107665,-0.000132117,-0.000156736,-0.000180298,-0.000201551,-0.000219295,-0.000232458,-0.000240166,-0.000241812,-0.000237095,-0.000226055,-0.000209067,-0.000186824,-0.000160285,-0.000130611,-9.90858e-05,-6.7021e-05,-3.56745e-05,-6.16918e-06,2.05707e-05,4.3864e-05,6.32953e-05,7.8715e-05,9.02198e-05,9.81168e-05,0.000102876,0.000105078,0.000105358,0.000104359,0.000102687,0.000100883,9.9397e-05,9.85793e-05,9.86798e-05,9.98523e-05,0.000102164,0.000105606,0.000110102,0.000115519,0.000121666,0.000128293,0.000135095,0.000141699,0.000147668,0.000152503,0.000155649,0.000156517,0.000154508,0.000149055,0.000139663,0.000125961,0.000107749,8.50431e-05,5.81065e-05,2.74699e-05,-6.07287e-06,-4.14877e-05,-7.75461e-05,-0.00011289,-0.000146113,-0.000175848,-0.000200858,-0.000220121,-0.000232896,-0.000238777,-0.000237717,-0.000230027,-0.000216352,-0.000197629,-0.000175016,-0.000149826,-0.000123436,-9.72163e-05,-7.24459e-05,-5.02498e-05,-3.15414e-05,-1.69816e-05,-6.95197e-06,-1.54359e-06,-5.62324e-07,-3.54884e-06,-9.81319e-06,-1.84821e-05,-2.85567e-05,-3.89777e-05,-4.8694e-05,-5.65355e-05,-6.14893e-05,-6.30862e-05,-6.11243e-05,-5.56398e-05,-4.71467e-05,-3.66998e-05,-2.56712e-05,-1.53873e-05,-6.76095e-06,0
0,-5.95673e-06,-1.48717e-05,-2.50272e-05,-3.55334e-05,-4.51346e-05,-5.259e-05,-5.70079e-05,-5.80606e-05,-5.60063e-05,-5.14576e-05,-4.50556e-05,-3.74511e-05,-2.95518e-05,-2.232e-05,-1.65901e-05,-1.31202e-05,-1.25472e-05,-1.53462e-05,-2.17977e-05,-3.19633e-05,-4.56711e-05,-6.25134e-05,-8.18561e-05,-0.000102862,-0.00012453,-0.000145739,-0.000165315,-0.000182097,-0.000195007,-0.000203126,-0.000205751,-0.000202454,-0.000193111,-0.000177913,-0.000157362,-0.000132232,-0.000103517,-7.23634e-05,-3.99912e-05,-7.61172e-06,2.36487e-05,5.28146e-05,7.91127e-05,0.000102003,0.000121189,0.000136615,0.000148438,0.00015699,0.000162739,0.000166236,0.000168068,0.00016882,0.000169034,0.000169185,0.000169663,0.000170765,0.000172689,0.000175541,0.000179334,0.000184,0.000189392,0.000195289,0.000201401,0.000207367,0.000212764,0.000217107,0.000219865,0.000220473,0.000218362,0.000212984,0.000203855,0.000190595,0.000172974,0.000150948,0.000124696,9.46386e-05,6.14412e-05,2.60023e-05,-1.05821e-05,-4.70706e-05,-8.21447e-05,-0.000114488,-0.000142868,-0.00016622,-0.000183714,-0.000194812,-0.000199303,-0.000197316,-0.000189307,-0.000176024,-0.00015846,-0.000137782,-0.000115261,-9.21945e-05,-6.98281e-05,-4.92923e-05,-3.15414e-05,-1.73085e-05,-7.07369e-06,-1.04745e-06,8.31487e-07,-1.1171e-06,-6.34171e-06,-1.40986e-05,-2.35018e-05,-3.35812e-05,-4.33454e-05,-5.18457e-05,-5.80509e-05,-6.11183e-05,-6.07698e-05,-5.70303e-05,-5.01784e-05,-4.09339e-05,-3.04715e-05,-2.01738e-05,-1.1276e-05,-4.53522e-06,0
0,-4.25105e-06,-1.1716e-05,-2.0948e-05,-3.11879e-05,-4.12291e-05,-4.97719e-05,-5.57616e-05,-5.86354e-05,-5.83914e-05,-5.54109e-05,-5.01704e-05,-4.32207e-05,-3.5399e-05,-2.76145e-05,-2.06753e-05,-1.53442e-05,-1.22937e-05,-1.20646e-05,-1.50299e-05,-2.13669e-05,-3.1038e-05,-4.37819e-05,-5.91166e-05,-7.63554e-05,-9.4635e-05,-0.000112957,-0.000130241,-0.000145384,-0.000157332,-0.00016514,-0.000168043,-0.000165505,-0.000157262,-0.000143342,-0.000124066,-0.000100029,-7.20584e-05,-4.11595e-05,-8.44623e-06,2.49327e-05,5.78664e-05,8.9349e-05,0.000118534,0.000144773,0.000167639,0.00018693,0.000202654,0.00021501,0.000224344,0.000231115,0.000235846,0.000239085,0.000241366,0.00024318,0.000244946,0.000247001,0.000249584,0.000252834,0.000256788,0.000261386,0.000266474,0.000271808,0.000277061,0.000281833,0.000285657,0.000288018,0.000288366,0.000286142,0.000280809,0.000271881,0.000258969,0.000241811,0.000220315,0.000194588,0.000164961,0.000131992,9.64611e-05,5.93465e-05,2.17807e-05,-1.50066e-05,-4.97578e-05,-8.12629e-05,-0.000108436,-0.000130385,-0.000146469,-0.000156343,-0.000159974,-0.000157644,-0.000149925,-0.000137644,-0.00012182,-0.000103602,-8.41967e-05,-6.4796e-05,-4.65114e-05,-3.03129e-05,-1.69816e-05,-7.07369e-06,-8.98528e-07,1.48869e-06,2.80603e-07,-4.10217e-06,-1.1043e-05,-1.9772e-05,-2.94164e-05,-3.90577e-05,-4.77905e-05,-5.47804e-05,-5.91422e-05,-6.0207e-05,-5.78847e-05,-5.24145e-05,-4.42956e-05,-3.44259e-05,-2.4072e-05,-1.46041e-05,-7.15257e-06,-2.31824e-06,0
0,-2.46248e-06,-8.36022e-06,-1.65177e-05,-2.63145e-05,-3.66155e-05,-4.60922e-05,-5.35587e-05,-5.8243e-05,-5.98992e-05,-5.86808e-05,-5.48932e-05,-4.89736e-05,-4.16729e-05,-3.38307e-05,-2.62088e-05,-1.9552e-05,-1.45443e-05,-1.17672e-05,-1.1663e-05,-1.45039e-05,-2.03693e-05,-2.91315e-05,-4.04527e-05,-5.37937e-05,-6.84342e-05,-8.35055e-05,-9.80354e-05,-0.000111001,-0.000121391,-0.000128264,-0.000130819,-0.00012844,-0.000120749,-0.00010763,-8.92432e-05,-6.6014e-05,-3.86076e-05,-7.8843e-06,2.51578e-05,5.9448e-05,9.3911e-05,0.000127532,0.000159415,0.000188824,0.000215217,0.000238261,0.000257826,0.000273973,0.00028693,0.000297052,0.000304787,0.000310634,0.000315103,0.000318683,0.000321811,0.000324848,0.000328064,0.000331625,0.000335589,0.000339904,0.000344411,0.000348853,0.000352879,0.000356062,0.000357912,0.000357899,0.000355476,0.000350109,0.000341308,0.000328666,0.000311893,0.000290849,0.000265579,0.000236331,0.000203568,0.000167965,0.000130393,9.18805e-05,5.35697e-05,1.66534e-05,-1.7692e-05,-4.83779e-05,-7.44711e-05,-9.52526e-05,-0.000110264,-0.000119333,-0.000122585,-0.000120429,-0.000113529,-0.000102754,-8.91254e-05,-7.37462e-05,-5.77377e-05,-4.21722e-05,-2.80141e-05,-1.60705e-05,-6.95197e-06,-1.04745e-06,1.48869e-06,7.356e-07,-3.00747e-06,-9.24634e-06,-1.73273e-05,-2.6481e-05,-3.58723e-05,-4.46535e-05,-5.20188e-05,-5.72551e-05,-5.96254e-05,-5.86335e-05,-5.43687e-05,-4.7266e-05,-3.80197e-05,-2.76759e-05,-1.75641e-05,-9.02101e-06,-3.0624e-06,-1.34772e-07,0
0,-6.19161e-07,-4.85579e-06,-1.18002e-05,-2.09758e-05,-3.1338e-05,-4.1559e-05,-5.03552e-05,-5.67758e-05,-6.03528e-05,-6.1023e-05,-5.89207e-05,-5.43615e-05,-4.79978e-05,-4.05869e-05,-3.28279e-05,-2.54273e-05,-1.90569e-05,-1.43143e-05,-1.16861e-05,-1.15157e-05,-1.39781e-05,-1.90615e-05,-2.65594e-05,-3.60721e-05,-4.70199e-05,-5.86681e-05,-7.01626e-05,-8.05754e-05,-8.89586e-05,-9.44013e-05,-9.60891e-05,-9.33581e-05,-8.57423e-05,-7.30079e-05,-5.51732e-05,-3.251e-05,-5.52826e-06,2.50559e-05,5.83668e-05,9.34254e-05,0.000129211,0.000164722,0.000199036,0.000231356,0.000261045,0.000287654,0.000310929,0.0003308,0.000347375,0.0003609,0.000371738,0.000380322,0.000387122,0.000392608,0.000397211,0.000401305,0.000405175,0.000409004,0.000412864,0.000416711,0.000420389,0.000423631,0.00042608,0.000427298,0.000426794,0.000424044,0.000418527,0.000409753,0.000397299,0.000380846,0.000360212,0.000335381,0.000306526,0.00027402,0.000238442,0.000200558,0.000161299,0.000121718,8.29385e-05,4.60928e-05,1.22579e-05,-1.76098e-05,-4.27327e-05,-6.256e-05,-7.68004e-05,-8.54384e-05,-8.87306e-05,-8.71852e-05,-8.15248e-05,-7.26362e-05,-6.15127e-05,-4.91905e-05,-3.66875e-05,-2.49444e-05,-1.47747e-05,-6.82461e-06,-1.54359e-06,8.31487e-07,2.80603e-07,-3.00747e-06,-8.65422e-06,-1.61203e-05,-2.47423e-05,-3.37767e-05,-4.24464e-05,-4.99902e-05,-5.57104e-05,-5.90168e-05,-5.93187e-05,-5.6286e-05,-5.01736e-05,-4.15896e-05,-3.13941e-05,-2.07493e-05,-1.10204e-05,-3.49082e-06,9.44613e-07,1.98817e-06,0
0,1.24573e-06,-1.26429e-06,-6.87574e-06,-1.52565e-05,-2.54679e-05,-3.62107e-05,-4.61377e-05,-5.41534e-05,-5.95953e-05,-6.22006e-05,-6.19395e-05,-5.90033e-05,-5.39391e-05,-4.74126e-05,-4.00483e-05,-3.24969e-05,-2.5397e-05,-1.93386e-05,-1.48273e-05,-1.22527e-05,-1.18613e-05,-1.37361e-05,-1.77839e-05,-2.37316e-05,-3.11328e-05,-3.93847e-05,-4.77563e-05,-5.54253e-05,-6.15246e-05,-6.51935e-05,-6.56323e-05,-6.21548e-05,-5.42362e-05,-4.15512e-05,-2.4e-05,-1.71891e-06,2.49251e-05,5.53558e-05,8.88228e-05,0.000124449,0.000161285,0.000198363,0.00023476,0.000269639,0.000302296,0.000332186,0.000358942,0.00038238,0.000402484,0.000419395,0.000433377,0.000444785,0.000454033,0.000461548,0.000467743,0.000472981,0.000477547,0.00048163,0.000485309,0.000488547,0.000491192,0.000492983,0.000493567,0.000492515,0.000489356,0.000483596,0.000474761,0.000462424,0.000446245,0.000426005,0.000401634,0.000373233,0.000341094,0.0003057,0.000267719,0.000227983,0.000187455,0.000147182,0.000108245,7.16945e-05,3.84941e-05,9.46206e-06,-1.47778e-05,-3.38323e-05,-4.75606e-05,-5.60791e-05,-5.97487e-05,-5.91469e-05,-5.50259e-05,-4.82615e-05,-3.97959e-05,-3.05791e-05,-2.15131e-05,-1.34016e-05,-6.90866e-06,-2.52783e-06,-5.62324e-07,-1.1171e-06,-4.10217e-06,-9.24634e-06,-1.61203e-05,-2.41672e-05,-3.27401e-05,-4.1143e-05,-4.86738e-05,-5.46682e-05,-5.85405e-05,-5.982e-05,-5.80555e-05,-5.30725e-05,-4.52724e-05,-3.54099e-05,-2.44786e-05,-1.3725e-05,-4.52261e-06,1.91404e-06,4.81479e-06,4.02175e-06,0
0,3.0946e-06,2.34331e-06,-1.83956e-06,-9.26254e-06,-1.91043e-05,-3.01191e-05,-4.09304e-05,-5.03337e-05,-5.75041e-05,-6.20029e-05,-6.3649e-05,-6.25135e-05,-5.90351e-05,-5.37833e-05,-4.73002e-05,-4.01673e-05,-3.29723e-05,-2.62761e-05,-2.05793e-05,-1.62925e-05,-1.37087e-05,-1.29819e-05,-1.41111e-05,-1.69327e-05,-2.11208e-05,-2.61982e-05,-3.15558e-05,-3.6483e-05,-4.02054e-05,-4.19302e-05,-4.08947e-05,-3.64163e-05,-2.79387e-05,-1.50725e-05,2.37471e-06,2.43813e-05,5.07078e-05,8.09089e-05,0.000114359,0.000150288,0.000187831,0.000226075,0.000264116,0.000301104,0.000336291,0.000369059,0.00039895,0.000425673,0.000449101,0.000469266,0.000486331,0.000500562,0.000512299,0.000521914,0.000529778,0.000536225,0.000541527,0.000545865,0.00054932,0.000551857,0.000553335,0.000553505,0.000552034,0.000548523,0.000542536,0.000533634,0.000521406,0.000505509,0.000485696,0.000461854,0.000434022,0.000402415,0.000367427,0.000329629,0.000289756,0.000248677,0.000207359,0.000166818,0.000128067,9.20625e-05,5.96436e-05,3.14897e-05,8.0783e-06,-1.03401e-05,-2.37538e-05,-3.2385e-05,-3.66698e-05,-3.72256e-05,-3.48061e-05,-3.02511e-05,-2.44319e-05,-1.81985e-05,-1.23301e-05,-7.49379e-06,-4.2114e-06,-2.83769e-06,-3.54884e-06,-6.34171e-06,-1.1043e-05,-1.73273e-05,-2.47423e-05,-3.27401e-05,-4.07127e-05,-4.80297e-05,-5.40764e-05,-5.82914e-05,-6.01996e-05,-5.94421e-05,-5.56963e-05,-4.89287e-05,-3.9664e-05,-2.87736e-05,-1.73507e-05,-6.69442e-06,1.83851e-06,7.11569e-06,8.49133e-06,5.93571e-06,0
0,4.88626e-06,5.88804e-06,3.19968e-06,-3.11997e-06,-1.23739e-05,-2.33915e-05,-3.47989e-05,-4.53203e-05,-5.40035e-05,-6.02625e-05,-6.37844e-05,-6.45296e-05,-6.283e-05,-5.91581e-05,-5.39699e-05,-4.7769e-05,-4.10781e-05,-3.44106e-05,-2.82407e-05,-2.29762e-05,-1.89318e-05,-1.63081e-05,-1.51732e-05,-1.54527e-05,-1.6925e-05,-1.92266e-05,-2.1865e-05,-2.42413e-05,-2.5681e-05,-2.54719e-05,-2.29069e-05,-1.73293e-05,-8.17721e-06,4.97657e-06,2.23916e-05,4.41378e-05,7.0085e-05,9.99065e-05,0.000133095,0.000168992,0.000206825,0.000245749,0.000284901,0.000323443,0.000360603,0.000395718,0.000428257,0.000457839,0.00048424,0.000507384,0.000527334,0.000544262,0.00055842,0.000570111,0.000579648,0.000587323,0.000593376,0.000597974,0.000601187,0.000602986,0.000603241,0.000601725,0.000598137,0.000592123,0.000583302,0.000571303,0.000555798,0.000536535,0.000513371,0.000486295,0.000455457,0.000421167,0.000383905,0.000344311,0.000303156,0.000261323,0.000219754,0.000179413,0.00014123,0.000106051,7.45911e-05,4.7394e-05,2.48033e-05,6.94545e-06,-6.27261e-06,-1.51515e-05,-2.01739e-05,-2.19687e-05,-2.12661e-05,-1.88489e-05,-1.5503e-05,-1.19696e-05,-8.90438e-06,-6.84336e-06,-6.17878e-06,-7.14478e-06,-9.81319e-06,-1.40986e-05,-1.9772e-05,-2.6481e-05,-3.37767e-05,-4.1143e-05,-4.80297e-05,-5.38857e-05,-5.81917e-05,-6.049e-05,-6.04114e-05,-5.76966e-05,-5.21377e-05,-4.38239e-05,-3.33767e-05,-2.1751e-05,-1.01058e-05,2.38724e-07,7.96467e-06,1.20318e-05,1.19152e-05,7.69883e-06,0
0,6.57688e-06,9.2847e-06,8.12201e-06,3.0271e-06,-5.42961e-06,-1.617e-05,-2.78527e-05,-3.91678e-05,-4.90732e-05,-5.6869e-05,-6.21352e-05,-6.47368e-05,-6.49049e-05,-6.3017e-05,-5.94434e-05,-5.46047e-05,-4.89489e-05,-4.29273e-05,-3.69698e-05,-3.14601e-05,-2.67119e-05,-2.29483e-05,-2.02833e-05,-1.87096e-05,-1.8091e-05,-1.81626e-05,-1.85384e-05,-1.87269e-05,-1.8155e-05,-1.61991e-05,-1.22213e-05,-5.60944e-06,4.18184e-06,1.75928e-05,3.49254e-05,5.63176e-05,8.17286e-05,0.000110935,0.00014354,0.000178993,0.000216617,0.000255651,0.000295287,0.000334718,0.000373177,0.000409973,0.000444528,0.000476391,0.000505251,0.00053094,0.000553419,0.000572766,0.000589142,0.000602768,0.000613888,0.000622739,0.00062952,0.00063437,0.000637349,0.000638427,0.000637489,0.000634338,0.000628714,0.000620319,0.00060884,0.000593989,0.000575527,0.000553301,0.00052727,0.000497526,0.000464313,0.000428025,0.000389207,0.000348538,0.000306809,0.000264884,0.000223663,0.000184038,0.000146841,0.000112805,8.25216e-05,5.64092e-05,3.46932e-05,1.73979e-05,4.35076e-06,-4.7997e-06,-1.05555e-05,-1.35318e-05,-1.44139e-05,-1.3912e-05,-1.27164e-05,-1.14575e-05,-1.06711e-05,-1.07734e-05,-1.20432e-05,-1.46155e-05,-1.84821e-05,-2.35018e-05,-2.94164e-05,-3.58723e-05,-4.24464e-05,-4.86738e-05,-5.40764e-05,-5.81917e-05,-6.05987e-05,-6.09412e-05,-5.89474e-05,-5.44435e-05,-4.73196e-05,-3.77658e-05,-2.64703e-05,-1.44372e-05,-2.85659e-06,6.95931e-06,1.37509e-05,1.65767e-05,1.50257e-05,9.27942e-06,0
0,8.12112e-06,1.24439e-05,1.27989e-05,9.01955e-06,1.55231e-06,-8.62987e-06,-2.02451e-05,-3.19843e-05,-4.2755e-05,-5.17791e-05,-5.856e-05,-6.28889e-05,-6.49057e-05,-6.48965e-05,-6.31491e-05,-5.99993e-05,-5.58142e-05,-5.09732e-05,-4.58478e-05,-4.07802e-05,-3.60632e-05,-3.19206e-05,-2.849e-05,-2.58093e-05,-2.38075e-05,-2.2301e-05,-2.09969e-05,-1.95027e-05,-1.73438e-05,-1.39881e-05,-8.87536e-06,-1.45225e-06,8.79186e-06,2.22891e-05,3.93605e-05,6.01899e-05,8.48052e-05,0.00011307,0.000144685,0.000179201,0.000216041,0.000254531,0.000293933,0.00033349,0.000372457,0.000410143,0.000445943,0.000479355,0.000510003,0.000537636,0.000562128,0.000583459,0.000601703,0.000616994,0.000629501,0.000639397,0.000646833,0.000651913,0.000654679,0.000655105,0.000653089,0.000648468,0.000641032,0.000630545,0.000616772,0.000599509,0.000578613,0.000554029,0.000525814,0.000494151,0.000459362,0.000421908,0.000382376,0.000341462,0.000299948,0.000258662,0.000218441,0.00018009,0.000144339,0.000111808,8.29692e-05,5.81304e-05,3.7418e-05,2.07769e-05,7.9808e-06,-1.34671e-06,-7.70233e-06,-1.16664e-05,-1.38628e-05,-1.49182e-05,-1.54233e-05,-1.58998e-05,-1.67728e-05,-1.83529e-05,-2.0825e-05,-2.42473e-05,-2.85567e-05,-3.35812e-05,-3.90577e-05,-4.46535e-05,-4.99902e-05,-5.46682e-05,-5.82914e-05,-6.049e-05,-6.09412e-05,-5.93854e-05,-5.5638e-05,-4.95964e-05,-4.12298e-05,-3.08036e-05,-1.90386e-05,-6.95233e-06,4.2669e-06,1.33416e-05,1.90866e-05,2.06622e-05,1.77618e-05,1.06458e-05,0
0,9.47332e-06,1.52741e-05,1.7096e-05,1.46866e-05,8.37545e-06,-9.77423e-07,-1.21717e-05,-2.39326e-05,-3.51553e-05,-4.50225e-05,-5.29961e-05,-5.88225e-05,-6.25655e-05,-6.44208e-05,-6.45974e-05,-6.33473e-05,-6.09541e-05,-5.77195e-05,-5.39468e-05,-4.99241e-05,-4.59072e-05,-4.21022e-05,-3.86505e-05,-3.56148e-05,-3.29693e-05,-3.05939e-05,-2.82732e-05,-2.57024e-05,-2.24988e-05,-1.822e-05,-1.23879e-05,-4.51668e-06,5.85554e-06,1.91352e-05,3.56429e-05,5.55874e-05,7.90454e-05,0.00010595,0.000136086,0.000169098,0.000204505,0.000241723,0.000280096,0.000318928,0.000357518,0.000395193,0.000431344,0.000465443,0.000497064,0.000525893,0.000551727,0.000574462,0.000594085,0.000610647,0.000624239,0.000634967,0.000642929,0.000648193,0.000650781,0.000650665,0.000647762,0.000641943,0.000633049,0.000620912,0.000605374,0.000586318,0.000563693,0.000537536,0.000507988,0.00047531,0.000439887,0.00040222,0.000362916,0.000322669,0.000282226,0.000242362,0.000203835,0.000167358,0.000133556,0.000102936,7.58663e-05,5.25585e-05,3.306e-05,1.72599e-05,4.90207e-06,-4.39164e-06,-1.10919e-05,-1.57276e-05,-1.88496e-05,-2.09956e-05,-2.26573e-05,-2.42545e-05,-2.61138e-05,-2.84572e-05,-3.13962e-05,-3.49347e-05,-3.89777e-05,-4.33454e-05,-4.77905e-05,-5.20188e-05,-5.57104e-05,-5.85405e-05,-6.01996e-05,-6.04114e-05,-5.89474e-05,-5.5638e-05,-5.03785e-05,-4.3126e-05,-3.39081e-05,-2.30311e-05,-1.12108e-05,5.57267e-07,1.11173e-05,1.92499e-05,2.38565e-05,2.41987e-05,2.00624e-05,1.17666e-05,0
0,1.05887e-05,1.76842e-05,2.08768e-05,1.98495e-05,1.48271e-05,6.55391e-06,-3.86843e-06,-1.52288e-05,-2.64466e-05,-3.67044e-05,-4.54626e-05,-5.24633e-05,-5.77202e-05,-6.13266e-05,-6.34151e-05,-6.41561e-05,-6.37509e-05,-6.24213e-05,-6.03977e-05,-5.79058e-05,-5.5153e-05,-5.23139e-05,-4.9517e-05,-4.68324e-05,-4.42615e-05,-4.17299e-05,-3.90845e-05,-3.60948e-05,-3.24607e-05,-2.78246e-05,-2.179e-05,-1.39435e-05,-3.88108e-06,8.76497e-06,2.42986e-05,4.29358e-05,6.47841e-05,8.98286e-05,0.000117925,0.000148802,0.000182069,0.000217233,0.000253723,0.000290918,0.000328174,0.000364859,0.000400377,0.000434196,0.000465865,0.000495022,0.000521404,0.000544838,0.000565234,0.000582563,0.000596844,0.000608118,0.000616429,0.000621807,0.000624256,0.000623742,0.000620202,0.00061354,0.00060365,0.000590427,0.00057379,0.000553702,0.000530194,0.000503383,0.000473482,0.000440809,0.000405789,0.000368945,0.00033088,0.00029226,0.000253785,0.000216158,0.000180052,0.000146079,0.00011476,8.65037e-05,6.15832e-05,4.01311e-05,2.2137e-05,7.45537e-06,-4.17819e-06,-1.31241e-05,-1.9811e-05,-2.47044e-05,-2.82759e-05,-3.0973e-05,-3.31937e-05,-3.52653e-05,-3.74308e-05,-3.9841e-05,-4.25539e-05,-4.55404e-05,-4.8694e-05,-5.18457e-05,-5.47804e-05,-5.72551e-05,-5.90168e-05,-5.982e-05,-5.94421e-05,-5.76966e-05,-5.44435e-05,-4.95964e-05,-4.3126e-05,-3.50586e-05,-2.54498e-05,-1.45908e-05,-3.15454e-06,7.91788e-06,1.75299e-05,2.45389e-05,2.79415e-05,2.70965e-05,2.18676e-05,1.26119e-05,0
0,1.14248e-05,1.9586e-05,2.40054e-05,2.43258e-05,2.06823e-05,1.3707e-05,4.39137e-06,-6.14124e-06,-1.6867e-05,-2.70055e-05,-3.60559e-05,-4.38357e-05,-5.02869e-05,-5.54163e-05,-5.92781e-05,-6.1964e-05,-6.35962e-05,-6.43182e-05,-6.42868e-05,-6.36615e-05,-6.25942e-05,-6.1218e-05,-5.96363e-05,-5.79119e-05,-5.60575e-05,-5.40286e-05,-5.17183e-05,-4.89573e-05,-4.55167e-05,-4.11162e-05,-3.54372e-05,-2.81397e-05,-1.88827e-05,-7.34682e-06,6.74279e-06,2.35942e-05,4.33296e-05,6.59707e-05,9.14299e-05,0.000119508,0.000149896,0.000182193,0.000215915,0.000250523,0.000285445,0.000320102,0.000353936,0.000386431,0.000417129,0.000445647,0.000471679,0.000495,0.000515455,0.00053295,0.000547438,0.000558901,0.000567333,0.000572729,0.000575071,0.000574325,0.000570443,0.000563362,0.000553022,0.000539378,0.000522416,0.000502169,0.000478739,0.000452302,0.000423126,0.000391565,0.00035806,0.000323132,0.000287359,0.00025136,0.000215771,0.000181211,0.00014826,0.000117433,8.91524e-05,6.37335e-05,4.13722e-05,2.21403e-05,5.98844e-06,-7.24333e-06,-1.78094e-05,-2.60365e-05,-3.2299e-05,-3.6992e-05,-4.05052e-05,-4.31992e-05,-4.53854e-05,-4.73114e-05,-4.91514e-05,-5.1003e-05,-5.28896e-05,-5.47672e-05,-5.65355e-05,-5.80509e-05,-5.91422e-05,-5.96254e-05,-5.93187e-05,-5.80555e-05,-5.56963e-05,-5.21377e-05,-4.73196e-05,-4.12298e-05,-3.39081e-05,-2.54498e-05,-1.60166e-05,-5.68033e-06,4.92077e-06,1.49269e-05,2.33222e-05,2.90545e-05,3.12197e-05,2.92665e-05,2.31198e-05,1.31533e-05,0
0,1.19427e-05,2.08966e-05,2.63512e-05,2.79332e-05,2.57083e-05,2.0205e-05,1.22998e-05,3.01098e-06,-6.7212e-06,-1.61851e-05,-2.50728e-05,-3.32016e-05,-4.04537e-05,-4.67689e-05,-5.2133e-05,-5.65674e-05,-6.01221e-05,-6.28685e-05,-6.48928e-05,-6.62892e-05,-6.71519e-05,-6.7567e-05,-6.76043e-05,-6.73082e-05,-6.66901e-05,-6.57208e-05,-6.43257e-05,-6.23823e-05,-5.97208e-05,-5.61289e-05,-5.13594e-05,-4.51434e-05,-3.72044e-05,-2.7277e-05,-1.51251e-05,-5.60429e-07,1.65397e-05,3.62191e-05,5.84323e-05,8.30398e-05,0.000109809,0.000138421,0.000168483,0.00019954,0.000231104,0.000262664,0.000293718,0.000323784,0.000352424,0.000379252,0.000403946,0.000426244,0.000445949,0.000462916,0.000477045,0.000488268,0.000496538,0.000501817,0.000504072,0.000503266,0.000499363,0.000492331,0.00048215,0.000468823,0.000452392,0.000432946,0.000410635,0.000385681,0.000358376,0.000329089,0.000298256,0.000266368,0.000233959,0.000201584,0.000169798,0.000139131,0.000110068,8.30262e-05,5.83376e-05,3.62387e-05,1.68623e-05,2.37216e-07,-1.37062e-05,-2.51251e-05,-3.42483e-05,-4.1357e-05,-4.67632e-05,-5.07882e-05,-5.37414e-05,-5.59024e-05,-5.75065e-05,-5.87347e-05,-5.97081e-05,-6.04882e-05,-6.10801e-05,-6.14409e-05,-6.14893e-05,-6.11183e-05,-6.0207e-05,-5.86335e-05,-5.6286e-05,-5.30725e-05,-4.89287e-05,-4.38239e-05,-3.77658e-05,-3.08036e-05,-2.30311e-05,-1.45908e-05,-5.68033e-06,3.44469e-06,1.27627e-05,2.13526e-05,2.82944e-05,3.26352e-05,3.35687e-05,3.06229e-05,2.37654e-05,1.33653e-05,0
0,1.21089e-05,2.15421e-05,2.77921e-05,3.04952e-05,2.967e-05,2.57558e-05,1.95171e-05,1.18583e-05,3.61659e-06,-4.80891e-06,-1.31577e-05,-2.12255e-05,-2.88606e-05,-3.59583e-05,-4.24528e-05,-4.83094e-05,-5.35179e-05,-5.80879e-05,-6.20435e-05,-6.54193e-05,-6.82546e-05,-7.05887e-05,-7.24544e-05,-7.38714e-05,-7.48406e-05,-7.53374e-05,-7.53068e-05,-7.46606e-05,-7.32757e-05,-7.09965e-05,-6.76392e-05,-6.29997e-05,-5.68646e-05,-4.90237e-05,-3.92848e-05,-2.74884e-05,-1.35219e-05,2.66777e-06,2.10647e-05,4.15779e-05,6.40395e-05,8.8208e-05,0.000113776,0.000140379,0.000167615,0.000195056,0.000222267,0.000248824,0.000274325,0.000298408,0.000320754,0.00034109,0.000359195,0.000374894,0.00038805,0.000398558,0.00040634,0.000411336,0.000413497,0.000412787,0.000409181,0.000402668,0.000393261,0.000380999,0.000365963,0.000348279,0.000328127,0.000305746,0.000281435,0.000255548,0.000228492,0.000200709,0.000172671,0.000144851,0.000117717,9.17029e-05,6.71987e-05,4.45303e-05,2.39498e-05,5.62717e-06,-1.03525e-05,-2.39873e-05,-3.53517e-05,-4.45864e-05,-5.18836e-05,-5.74715e-05,-6.1597e-05,-6.45084e-05,-6.64403e-05,-6.76003e-05,-6.81594e-05,-6.82457e-05,-6.79424e-05,-6.72889e-05,-6.6286e-05,-6.49029e-05,-6.30862e-05,-6.07698e-05,-5.78847e-05,-5.43687e-05,-5.01736e-05,-4.52724e-05,-3.9664e-05,-3.33767e-05,-2.64703e-05,-1.90386e-05,-1.12108e-05,-3.15454e-06,4.92077e-06,1.27627e-05,2.00762e-05,2.69339e-05,3.22309e-05,3.51138e-05,3.48676e-05,3.10852e-05,2.37569e-05,1.32265e-05,0
0,1.18967e-05,2.14608e-05,2.82207e-05,3.18469e-05,3.23359e-05,3.00576e-05,2.56758e-05,1.99822e-05,1.34025e-05,6.23875e-06,-1.25989e-06,-8.88865e-06,-1.64831e-05,-2.39146e-05,-3.10843e-05,-3.79179e-05,-4.43611e-05,-5.03754e-05,-5.59356e-05,-6.10269e-05,-6.56422e-05,-6.97788e-05,-7.34345e-05,-7.66036e-05,-7.92719e-05,-8.14125e-05,-8.29808e-05,-8.39121e-05,-8.41186e-05,-8.34903e-05,-8.18961e-05,-7.91893e-05,-7.52135e-05,-6.98117e-05,-6.28367e-05,-5.41615e-05,-4.36914e-05,-3.1373e-05,-1.72039e-05,-1.23793e-06,1.64117e-05,3.55725e-05,5.60169e-05,7.74691e-05,9.96152e-05,0.000122115,0.000144613,0.000166756,0.000188199,0.00020862,0.000227724,0.000245253,0.000260982,0.000274724,0.000286324,0.000295659,0.000302631,0.000307163,0.000309201,0.000308707,0.000305666,0.000300082,0.000291989,0.000281449,0.000268565,0.000253479,0.000236379,0.000217499,0.00019712,0.000175562,0.00015318,0.000130353,0.00010747,8.49202e-05,6.30743e-05,4.22732e-05,2.28144e-05,4.94138e-06,-1.11634e-05,-2.53831e-05,-3.76667e-05,-4.80259e-05,-5.65288e-05,-6.329e-05,-6.84599e-05,-7.22118e-05,-7.47289e-05,-7.61924e-05,-7.67705e-05,-7.66099e-05,-7.58298e-05,-7.45187e-05,-7.27342e-05,-7.05054e-05,-6.78376e-05,-6.47181e-05,-6.11243e-05,-5.70303e-05,-5.24145e-05,-4.7266e-05,-4.15896e-05,-3.54099e-05,-2.87736e-05,-2.1751e-05,-1.44372e-05,-6.95233e-06,5.57267e-07,7.91788e-06,1.49269e-05,2.13526e-05,2.69339e-05,3.13792e-05,3.49015e-05,3.63217e-05,3.50022e-05,3.05828e-05,2.30561e-05,1.2721e-05,0
0,1.12888e-05,2.06075e-05,2.75502e-05,3.18435e-05,3.34874e-05,3.28064e-05,3.03843e-05,2.65705e-05,2.16507e-05,1.58772e-05,9.46889e-06,2.61405e-06,-4.52689e-06,-1.18185e-05,-1.91466e-05,-2.64145e-05,-3.354e-05,-4.04531e-05,-4.70944e-05,-5.34138e-05,-5.93695e-05,-6.49265e-05,-7.00546e-05,-7.47259e-05,-7.89122e-05,-8.25811e-05,-8.56934e-05,-8.81995e-05,-9.00376e-05,-9.11324e-05,-9.13955e-05,-9.07272e-05,-8.90202e-05,-8.61649e-05,-8.20558e-05,-7.65994e-05,-6.97214e-05,-6.1375e-05,-5.15473e-05,-4.02649e-05,-2.75971e-05,-1.36572e-05,1.39879e-06,1.73763e-05,3.40477e-05,5.11599e-05,6.84435e-05,8.5621e-05,0.000102417,0.000118563,0.000133811,0.000147928,0.000160709,0.000171974,0.000181568,0.000189363,0.000195255,0.000199163,0.00020103,0.000200819,0.000198522,0.000194151,0.00018775,0.000179392,0.000169183,0.000157264,0.00014381,0.000129033,0.000113175,9.65045e-05,7.93127e-05,6.19009e-05,4.45734e-05,2.76268e-05,1.13393e-05,-4.03869e-06,-1.82931e-05,-3.12526e-05,-4.27928e-05,-5.2838e-05,-6.13599e-05,-6.83745e-05,-7.3936e-05,-7.81298e-05,-8.10638e-05,-8.28593e-05,-8.36426e-05,-8.35367e-05,-8.26542e-05,-8.1093e-05,-7.89326e-05,-7.6233e-05,-7.3036e-05,-6.93674e-05,-6.52409e-05,-6.06634e-05,-5.56398e-05,-5.01784e-05,-4.42956e-05,-3.80197e-05,-3.13941e-05,-2.44786e-05,-1.73507e-05,-1.01058e-05,-2.85659e-06,4.2669e-06,1.11173e-05,1.75299e-05,2.33222e-05,2.82944e-05,3.22309e-05,3.49015e-05,3.60649e-05,3.60947e-05,3.38713e-05,2.90609e-05,2.16383e-05,1.1841e-05,0
0,1.02789e-05,1.8959e-05,2.5723e-05,3.03713e-05,3.29311e-05,3.37081e-05,3.28984e-05,3.07032e-05,2.73276e-05,2.29658e-05,1.77959e-05,1.19788e-05,5.65843e-06,-1.03706e-06,-7.99289e-06,-1.51056e-05,-2.22815e-05,-2.94351e-05,-3.64889e-05,-4.3373e-05,-5.0025e-05,-5.639e-05,-6.24198e-05,-6.80719e-05,-7.3308e-05,-7.80919e-05,-8.23872e-05,-8.61553e-05,-8.93526e-05,-9.19299e-05,-9.38307e-05,-9.49924e-05,-9.5347e-05,-9.48241e-05,-9.33541e-05,-9.08732e-05,-8.73279e-05,-8.26806e-05,-7.6914e-05,-7.00358e-05,-6.20816e-05,-5.3117e-05,-4.32373e-05,-3.25668e-05,-2.12552e-05,-9.47442e-06,2.58749e-06,1.47314e-05,2.67531e-05,3.8449e-05,4.96213e-05,6.00822e-05,6.96576e-05,7.81899e-05,8.554e-05,9.15883e-05,9.62363e-05,9.94071e-05,0.000101046,0.000101122,9.96262e-05,9.65778e-05,9.20199e-05,8.60227e-05,7.86837e-05,7.01268e-05,6.05016e-05,4.99811e-05,3.87581e-05,2.70413e-05,1.50493e-05,3.00431e-06,-8.87429e-06,-2.03773e-05,-3.13122e-05,-4.15093e-05,-5.08265e-05,-5.91527e-05,-6.64099e-05,-7.25528e-05,-7.75676e-05,-8.14685e-05,-8.4294e-05,-8.61007e-05,-8.69586e-05,-8.69445e-05,-8.61374e-05,-8.46131e-05,-8.24411e-05,-7.96819e-05,-7.63861e-05,-7.2594e-05,-6.83375e-05,-6.3642e-05,-5.85298e-05,-5.30228e-05,-4.71467e-05,-4.09339e-05,-3.44259e-05,-2.76759e-05,-2.07493e-05,-1.3725e-05,-6.69442e-06,2.38724e-07,6.95931e-06,1.33416e-05,1.92499e-05,2.45389e-05,2.90545e-05,3.26352e-05,3.51138e-05,3.63217e-05,3.60947e-05,3.42863e-05,3.13982e-05,2.64886e-05,1.94978e-05,1.05895e-05,0
0,8.87457e-06,1.65194e-05,2.27205e-05,2.73625e-05,3.05177e-05,3.2217e-05,3.25405e-05,3.16061e-05,2.95485e-05,2.65061e-05,2.26133e-05,1.79976e-05,1.27784e-05,7.06656e-06,9.65746e-07,-5.42697e-06,-1.20202e-05,-1.87279e-05,-2.54693e-05,-3.21695e-05,-3.876e-05,-4.51788e-05,-5.13713e-05,-5.72895e-05,-6.28917e-05,-6.81416e-05,-7.30065e-05,-7.74562e-05,-8.14609e-05,-8.49897e-05,-8.80097e-05,-9.04851e-05,-9.23771e-05,-9.36451e-05,-9.42477e-05,-9.41453e-05,-9.33024e-05,-9.16908e-05,-8.9293e-05,-8.61046e-05,-8.21374e-05,-7.7421e-05,-7.20039e-05,-6.59537e-05,-5.93565e-05,-5.23147e-05,-4.49454e-05,-3.73771e-05,-2.97462e-05,-2.21938e-05,-1.48621e-05,-7.89063e-06,-1.4135e-06,4.44405e-06,9.56818e-06,1.38589e-05,1.7232e-05,1.96213e-05,2.09797e-05,2.12806e-05,2.05184e-05,1.87094e-05,1.58916e-05,1.2124e-05,7.48591e-06,2.07553e-06,-3.99244e-06,-1.05892e-05,-1.75754e-05,-2.48041e-05,-3.21259e-05,-3.93922e-05,-4.64604e-05,-5.31972e-05,-5.94831e-05,-6.52151e-05,-7.03092e-05,-7.47014e-05,-7.83483e-05,-8.12265e-05,-8.33308e-05,-8.46715e-05,-8.52723e-05,-8.51662e-05,-8.43925e-05,-8.29938e-05,-8.10131e-05,-7.84914e-05,-7.54668e-05,-7.19732e-05,-6.80407e-05,-6.3696e-05,-5.89641e-05,-5.38696e-05,-4.84393e-05,-4.27038e-05,-3.66998e-05,-3.04715e-05,-2.4072e-05,-1.75641e-05,-1.10204e-05,-4.52261e-06,1.83851e-06,7.96467e-06,1.37509e-05,1.90866e-05,2.38565e-05,2.79415e-05,3.12197e-05,3.35687e-05,3.48676e-05,3.50022e-05,3.38713e-05,3.13982e-05,2.75473e-05,2.28708e-05,1.66544e-05,8.98248e-06,0
0,7.09889e-06,1.3326e-05,1.85746e-05,2.28138e-05,2.59612e-05,2.79909e-05,2.89277e-05,2.88313e-05,2.77814e-05,2.58678e-05,2.3184e-05,1.98228e-05,1.58746e-05,1.14269e-05,6.56371e-06,1.36595e-06,-4.0884e-06,-9.72448e-06,-1.54709e-05,-2.12603e-05,-2.70302e-05,-3.27238e-05,-3.82902e-05,-4.36851e-05,-4.88707e-05,-5.3815e-05,-5.84915e-05,-6.28777e-05,-6.69542e-05,-7.07035e-05,-7.41083e-05,-7.7151e-05,-7.98128e-05,-8.20736e-05,-8.39118e-05,-8.53053e-05,-8.62326e-05,-8.66742e-05,-8.66143e-05,-8.60425e-05,-8.4956e-05,-8.33608e-05,-8.12731e-05,-7.87204e-05,-7.57417e-05,-7.23876e-05,-6.87195e-05,-6.48089e-05,-6.07357e-05,-5.65864e-05,-5.24521e-05,-4.84258e-05,-4.46001e-05,-4.10642e-05,-3.79016e-05,-3.51874e-05,-3.29856e-05,-3.13473e-05,-3.03092e-05,-2.98919e-05,-3.00998e-05,-3.09205e-05,-3.23256e-05,-3.42716e-05,-3.67013e-05,-3.95458e-05,-4.27268e-05,-4.61587e-05,-4.97519e-05,-5.34148e-05,-5.70568e-05,-6.05909e-05,-6.3936e-05,-6.70188e-05,-6.97757e-05,-7.21535e-05,-7.41107e-05,-7.5617e-05,-7.66532e-05,-7.72101e-05,-7.72872e-05,-7.68914e-05,-7.60349e-05,-7.47338e-05,-7.30061e-05,-7.08708e-05,-6.83468e-05,-6.54522e-05,-6.22039e-05,-5.86185e-05,-5.4712e-05,-5.05014e-05,-4.60054e-05,-4.12457e-05,-3.62482e-05,-3.10441e-05,-2.56712e-05,-2.01738e-05,-1.46041e-05,-9.02101e-06,-3.49082e-06,1.91404e-06,7.11569e-06,1.20318e-05,1.65767e-05,2.06622e-05,2.41987e-05,2.70965e-05,2.92665e-05,3.06229e-05,3.10852e-05,3.05828e-05,2.90609e-05,2.64886e-05,2.28708e-05,1.82598e-05,1.31602e-05,7.05254e-06,0
0,4.99106e-06,9.4535e-06,1.3379e-05,1.6658e-05,1.92154e-05,2.10152e-05,2.20551e-05,2.23589e-05,2.19673e-05,2.0932e-05,1.93101e-05,1.71616e-05,1.45468e-05,1.15259e-05,8.15796e-06,4.50111e-06,6.12043e-07,-3.4542e-06,-7.64463e-06,-1.1909e-05,-1.62002e-05,-2.04754e-05,-2.46961e-05,-2.88289e-05,-3.28455e-05,-3.67227e-05,-4.04418e-05,-4.39886e-05,-4.73519e-05,-5.0523e-05,-5.34948e-05,-5.62605e-05,-5.88132e-05,-6.11449e-05,-6.32465e-05,-6.51074e-05,-6.67157e-05,-6.80592e-05,-6.91255e-05,-6.99033e-05,-7.03836e-05,-7.05606e-05,-7.04331e-05,-7.00051e-05,-6.92872e-05,-6.82965e-05,-6.70578e-05,-6.56027e-05,-6.39698e-05,-6.22039e-05,-6.03546e-05,-5.84754e-05,-5.66212e-05,-5.48472e-05,-5.32061e-05,-5.17464e-05,-5.05101e-05,-4.95314e-05,-4.88348e-05,-4.84344e-05,-4.83335e-05,-4.85243e-05,-4.8989e-05,-4.97003e-05,-5.06231e-05,-5.1716e-05,-5.29331e-05,-5.42259e-05,-5.55451e-05,-5.68423e-05,-5.80715e-05,-5.91902e-05,-6.0161e-05,-6.09514e-05,-6.1535e-05,-6.18913e-05,-6.20053e-05,-6.18675e-05,-6.14729e-05,-6.08206e-05,-5.99124e-05,-5.87524e-05,-5.73458e-05,-5.56986e-05,-5.38165e-05,-5.17051e-05,-4.93697e-05,-4.68153e-05,-4.40471e-05,-4.1071e-05,-3.78943e-05,-3.45263e-05,-3.09795e-05,-2.72696e-05,-2.34168e-05,-1.9446e-05,-1.53873e-05,-1.1276e-05,-7.15257e-06,-3.0624e-06,9.44613e-07,4.81479e-06,8.49133e-06,1.19152e-05,1.50257e-05,1.77618e-05,2.00624e-05,2.18676e-05,2.31198e-05,2.37654e-05,2.37569e-05,2.30561e-05,2.16383e-05,1.94978e-05,1.66544e-05,1.31602e-05,9.10358e-06,4.84987e-06,0
0,2.60442e-06,5.01431e-06,7.16498e-06,8.99821e-06,1.0471e-05,1.15584e-05,1.22523e-05,1.25585e-05,1.24927e-05,1.20776e-05,1.13399e-05,1.03087e-05,9.01465e-06,7.4885e-06,5.76124e-06,3.8636e-06,1.82583e-06,-3.22575e-07,-2.55311e-06,-4.83867e-06,-7.15394e-06,-9.47576e-06,-1.17835e-05,-1.40592e-05,-1.62881e-05,-1.84579e-05,-2.05595e-05,-2.25862e-05,-2.45333e-05,-2.63978e-05,-2.8178e-05,-2.98723e-05,-3.14794e-05,-3.29973e-05,-3.44233e-05,-3.57534e-05,-3.69825e-05,-3.81042e-05,-3.91115e-05,-3.99967e-05,-4.0752e-05,-4.13706e-05,-4.18467e-05,-4.21764e-05,-4.23586e-05,-4.23951e-05,-4.22915e-05,-4.2057e-05,-4.17048e-05,-4.12516e-05,-4.07177e-05,-4.01258e-05,-3.95005e-05,-3.88669e-05,-3.82501e-05,-3.76731e-05,-3.71567e-05,-3.67175e-05,-3.63679e-05,-3.6115e-05,-3.59606e-05,-3.59013e-05,-3.59289e-05,-3.60308e-05,-3.6191e-05,-3.63911e-05,-3.66109e-05,-3.68301e-05,-3.70287e-05,-3.71877e-05,-3.72902e-05,-3.73216e-05,-3.72698e-05,-3.71255e-05,-3.68819e-05,-3.65349e-05,-3.60822e-05,-3.55237e-05,-3.48601e-05,-3.40931e-05,-3.3225e-05,-3.22578e-05,-3.11932e-05,-3.00327e-05,-2.87769e-05,-2.74261e-05,-2.59802e-05,-2.44391e-05,-2.2803e-05,-2.10729e-05,-1.9251e-05,-1.73409e-05,-1.53485e-05,-1.32821e-05,-1.11524e-05,-8.97318e-06,-6.76095e-06,-4.53522e-06,-2.31824e-06,-1.34772e-07,1.98817e-06,4.02175e-06,5.93571e-06,7.69883e-06,9.27942e-06,1.06458e-05,1.17666e-05,1.26119e-05,1.31533e-05,1.33653e-05,1.32265e-05,1.2721e-05,1.1841e-05,1.05895e-05,8.98248e-06,7.05254e-06,4.84987e-06,2.44296e-06,0
0,0,0,0,0,0,0,0,0,0,0,0,0,0,0,0,0,0,0,0,0,0,0,0,0,0,0,0,0,0,0,0,0,0,0,0,0,0,0,0,0,0,0,0,0,0,0,0,0,0,0,0,0,0,0,0,0,0,0,0,0,0,0,0,0,0,0,0,0,0,0,0,0,0,0,0,0,0,0,0,0,0,0,0,0,0,0,0,0,0,0,0,0,0,0,0,0,0,0,0,0,0,0,0,0,0,0,0,0,0,0,0,0,0,0,0,0,0,0,0
