0,0,0,0,0,0,0,0,0,0,0,0,0,0,0,0,0,0,0,0,0,0,0,0,0,0,0,0,0,0,0,0,0,0,0,0,0,0,0,0,0,0,0,0,0,0,0,0,0,0,0,0,0,0,0,0,0,0,0,0,0,0,0,0,0,0,0,0,0,0,0,0,0,0,0,0,0,0,0,0,0,0,0,0,0,0,0,0,0,0,0,0,0,0,0,0,0,0,0,0,0,0,0,0,0,0,0,0,0,0,0,0,0,0,0,0,0,0,0,0
0,2.95616e-06,5.52637e-06,7.75955e-06,9.6113e-06,1.1052e-05,1.20723e-05,1.26824e-05,1.29083e-05,1.27875e-05,1.23646e-05,1.16877e-05,1.08054e-05,9.76454e-06,8.60935e-06,7.3803e-06,6.11418e-06,4.8441e-06,3.59993e-06,2.40868e-06,1.29494e-06,2.8121e-07,-6.11988e-07,-1.3661e-06,-1.96479e-06,-2.3944e-06,-2.64449e-06,-2.70852e-06,-2.58456e-06,-2.27587e-06,-1.7914e-06,-1.14605e-06,-3.60626e-07,5.38456e-07,1.51984e-06,2.5482e-06,3.58545e-06,4.59223e-06,5.52947e-06,6.36004e-06,7.05041e-06,7.57205e-06,7.90279e-06,8.02773e-06,7.93992e-06,7.64059e-06,7.13909e-06,6.45232e-06,5.604e-06,4.62354e-06,3.5448e-06,2.4047e-06,1.24183e-06,9.50811e-08,-9.97606e-07,-2.00037e-06,-2.88038e-06,-3.60863e-06,-4.16057e-06,-4.51665e-06,-4.66266e-06,-4.59011e-06,-4.29642e-06,-3.78514e-06,-3.06599e-06,-2.15489e-06,-1.07379e-06,1.49663e-07,1.4826e-06,2.88773e-06,4.32429e-06,5.7493e-06,7.11901e-06,8.39048e-06,9.52331e-06,1.04814e-05,1.12346e-05,1.17602e-05,1.20442e-05,1.20823e-05,1.18803e-05,1.1454e-05,1.08289e-05,1.00391e-05,9.12577e-06,8.1357e-06,7.1188e-06,6.12608e-06,5.20729e-06,4.40882e-06,3.77174e-06,3.33023e-06,3.11032e-06,3.12924e-06,3.395e-06,3.9065e-06,4.65398e-06,5.61964e-06,6.77852e-06,8.09936e-06,9.54552e-06,1.10758e-05,1.26449e-05,1.42045e-05,1.57032e-05,1.70871e-05,1.83005e-05,1.92865e-05,1.99882e-05,2.03503e-05,2.03209e-05,1.98553e-05,1.89187e-05,1.74906e-05,1.5569e-05,1.31736e-05,1.03479e-05,7.15712e-06,3.68153e-06,0
0,5.52637e-06,1.06185e-05,1.47882e-05,1.81859e-05,2.07634e-05,2.25173e-05,2.34818e-05,2.37188e-05,2.33084e-05,2.23401e-05,2.09066e-05,1.90987e-05,1.70027e-05,1.4699e-05,1.22614e-05,9.75746e-06,7.24958e-06,4.79553e-06,2.44933e-06,2.61819e-07,-1.71924e-06,-3.44938e-06,-4.88809e-06,-5.99997e-06,-6.75604e-06,-7.13536e-06,-7.12662e-06,-6.72961e-06,-5.95634e-06,-4.83176e-06,-3.39389e-06,-1.69319e-06,2.08609e-07,2.24043e-06,4.32439e-06,6.37869e-06,8.32099e-06,1.00718e-05,1.15577e-05,1.2715e-05,1.34917e-05,1.38504e-05,1.37696e-05,1.32442e-05,1.2286e-05,1.09226e-05,9.19625e-06,7.16155e-06,4.88331e-06,2.43375e-06,-1.10327e-07,-2.67028e-06,-5.1682e-06,-7.5292e-06,-9.68339e-06,-1.15675e-05,-1.3126e-05,-1.43124e-05,-1.50896e-05,-1.54307e-05,-1.53193e-05,-1.475e-05,-1.3729e-05,-1.22739e-05,-1.04138e-05,-8.18973e-06,-5.65389e-06,-2.86898e-06,9.29683e-08,3.1522e-06,6.22344e-06,9.21844e-06,1.20491e-05,1.46306e-05,1.68851e-05,1.87449e-05,2.0156e-05,2.10806e-05,2.14997e-05,2.1414e-05,2.08455e-05,1.98359e-05,1.84462e-05,1.67538e-05,1.48492e-05,1.28325e-05,1.08082e-05,8.88116e-06,7.15135e-06,5.7099e-06,4.63507e-06,3.98926e-06,3.81681e-06,4.14277e-06,4.97263e-06,6.29281e-06,8.07195e-06,1.02626e-05,1.28034e-05,1.56212e-05,1.86329e-05,2.17479e-05,2.48692e-05,2.78949e-05,3.07192e-05,3.32338e-05,3.53281e-05,3.68919e-05,3.78169e-05,3.80008e-05,3.73517e-05,3.57943e-05,3.32782e-05,2.97857e-05,2.53406e-05,2.00145e-05,1.39288e-05,7.24758e-06,0
0,7.75955e-06,1.47882e-05,2.07769e-05,2.51893e-05,2.83745e-05,3.03588e-05,3.12211e-05,3.10743e-05,3.00502e-05,2.82867e-05,2.59198e-05,2.30785e-05,1.98821e-05,1.64401e-05,1.28527e-05,9.21203e-06,5.60432e-06,2.11102e-06,-1.19008e-06,-4.22445e-06,-6.92116e-06,-9.214e-06,-1.10433e-05,-1.23582e-05,-1.31195e-05,-1.33024e-05,-1.28989e-05,-1.19204e-05,-1.03987e-05,-8.3868e-06,-5.95798e-06,-3.20418e-06,-2.33111e-07,2.83568e-06,5.87544e-06,8.7574e-06,1.13563e-05,1.35555e-05,1.52525e-05,1.63628e-05,1.68237e-05,1.65967e-05,1.5669e-05,1.40532e-05,1.1787e-05,8.93056e-06,5.56374e-06,1.78257e-06,-2.30495e-06,-6.58306e-06,-1.09325e-05,-1.52342e-05,-1.93734e-05,-2.32417e-05,-2.67399e-05,-2.97799e-05,-3.22852e-05,-3.41923e-05,-3.54511e-05,-3.60251e-05,-3.58918e-05,-3.50431e-05,-3.34861e-05,-3.12432e-05,-2.83526e-05,-2.48689e-05,-2.08631e-05,-1.64216e-05,-1.16459e-05,-6.65034e-06,-1.55983e-06,3.4936e-06,8.37468e-06,1.29496e-05,1.70907e-05,2.06825e-05,2.36257e-05,2.58432e-05,2.72834e-05,2.79242e-05,2.77747e-05,2.68757e-05,2.52995e-05,2.31468e-05,2.05434e-05,1.76341e-05,1.45768e-05,1.1535e-05,8.67078e-06,6.13674e-06,4.06979e-06,2.58515e-06,1.77181e-06,1.68955e-06,2.36742e-06,3.80373e-06,5.96735e-06,8.80018e-06,1.22202e-05,1.61252e-05,2.03962e-05,2.49012e-05,2.94979e-05,3.40365e-05,3.83615e-05,4.23129e-05,4.57285e-05,4.84445e-05,5.02987e-05,5.11341e-05,5.08045e-05,4.91825e-05,4.61705e-05,4.17136e-05,3.58148e-05,2.85498e-05,2.00777e-05,1.05204e-05,0
0,9.6113e-06,1.81859e-05,2.51893e-05,3.05135e-05,3.36922e-05,3.53382e-05,3.56009e-05,3.46611e-05,3.27096e-05,2.99333e-05,2.65067e-05,2.25885e-05,1.83212e-05,1.38328e-05,9.23973e-06,4.64991e-06,1.6574e-07,-4.11383e-06,-8.09219e-06,-1.16751e-05,-1.47722e-05,-1.7299e-05,-1.91808e-05,-2.03565e-05,-2.07829e-05,-2.04393e-05,-1.93307e-05,-1.74907e-05,-1.49829e-05,-1.19003e-05,-8.36342e-06,-4.51649e-06,-5.22064e-07,3.44549e-06,7.2075e-06,1.05888e-05,1.34255e-05,1.55723e-05,1.69087e-05,1.73443e-05,1.68219e-05,1.53199e-05,1.28524e-05,9.46734e-06,5.2443e-06,2.89915e-07,-5.26697e-06,-1.1281e-05,-1.75963e-05,-2.4052e-05,-3.0488e-05,-3.67493e-05,-4.26905e-05,-4.81778e-05,-5.30921e-05,-5.73293e-05,-6.08012e-05,-6.34355e-05,-6.51758e-05,-6.59806e-05,-6.58242e-05,-6.46963e-05,-6.26031e-05,-5.95675e-05,-5.56309e-05,-5.08537e-05,-4.53163e-05,-3.91199e-05,-3.23855e-05,-2.52531e-05,-1.78798e-05,-1.04358e-05,-3.10097e-06,3.94137e-06,1.05101e-05,1.64333e-05,2.15554e-05,2.57444e-05,2.88986e-05,3.09523e-05,3.18803e-05,3.17013e-05,3.04784e-05,2.83177e-05,2.53648e-05,2.17991e-05,1.78257e-05,1.36661e-05,9.54797e-06,5.69411e-06,2.31247e-06,-4.13458e-07,-2.33239e-06,-3.3311e-06,-3.33811e-06,-2.32497e-06,-3.05611e-07,2.66636e-06,6.50162e-06,1.10801e-05,1.62564e-05,2.1865e-05,2.77252e-05,3.36452e-05,3.9425e-05,4.48588e-05,4.97366e-05,5.38455e-05,5.69714e-05,5.89019e-05,5.94315e-05,5.83698e-05,5.5554e-05,5.08661e-05,4.4255e-05,3.57622e-05,2.54101e-05,1.34074e-05,0
0,1.1052e-05,2.07634e-05,2.83745e-05,3.36922e-05,3.68091e-05,3.75348e-05,3.67162e-05,3.46164e-05,3.14889e-05,2.75647e-05,2.30465e-05,1.81094e-05,1.29045e-05,7.564e-06,2.20741e-06,-3.0534e-06,-8.10982e-06,-1.28537e-05,-1.71766e-05,-2.09704e-05,-2.41301e-05,-2.65583e-05,-2.81704e-05,-2.89008e-05,-2.87095e-05,-2.75875e-05,-2.55617e-05,-2.26976e-05,-1.91e-05,-1.49116e-05,-1.03083e-05,-5.49301e-06,-6.87001e-07,3.87983e-06,7.97963e-06,1.13973e-05,1.39403e-05,1.54479e-05,1.57975e-05,1.49105e-05,1.2754e-05,9.34192e-06,4.73271e-06,-9.74448e-07,-7.64509e-06,-1.51162e-05,-2.3204e-05,-3.17111e-05,-4.04348e-05,-4.91741e-05,-5.77353e-05,-6.59375e-05,-7.3616e-05,-8.06248e-05,-8.68373e-05,-9.21466e-05,-9.64645e-05,-9.97202e-05,-0.000101859,-0.000102841,-0.000102641,-0.000101247,-9.86627e-05,-9.49064e-05,-9.00155e-05,-8.40468e-05,-7.70792e-05,-6.92154e-05,-6.05828e-05,-5.13336e-05,-4.16441e-05,-3.17116e-05,-2.17511e-05,-1.19896e-05,-2.65924e-06,6.01033e-06,1.38012e-05,2.05164e-05,2.59897e-05,3.00939e-05,3.27497e-05,3.3931e-05,3.3669e-05,3.20532e-05,2.92293e-05,2.53941e-05,2.07867e-05,1.56781e-05,1.03577e-05,5.1198e-06,2.49038e-07,-3.99315e-06,-7.3803e-06,-9.73047e-06,-1.09129e-05,-1.08516e-05,-9.52569e-06,-6.96756e-06,-3.25797e-06,1.47993e-06,7.08766e-06,1.33787e-05,2.01455e-05,2.7165e-05,3.42035e-05,4.10196e-05,4.73658e-05,5.29892e-05,5.76315e-05,6.103e-05,6.29204e-05,6.30426e-05,6.11527e-05,5.70416e-05,5.05636e-05,4.14698e-05,2.97825e-05,1.5832e-05,0
0,1.20723e-05,2.25173e-05,3.03588e-05,3.53382e-05,3.75348e-05,3.73868e-05,3.50652e-05,3.15214e-05,2.7068e-05,2.19676e-05,1.64348e-05,1.06426e-05,4.7321e-06,-1.17749e-06,-6.97942e-06,-1.25715e-05,-1.78507e-05,-2.27093e-05,-2.70352e-05,-3.07133e-05,-3.36304e-05,-3.56815e-05,-3.67779e-05,-3.68555e-05,-3.58832e-05,-3.38704e-05,-3.08725e-05,-2.6993e-05,-2.2384e-05,-1.72418e-05,-1.18001e-05,-6.32044e-06,-1.07989e-06,3.6423e-06,7.5785e-06,1.0486e-05,1.21589e-05,1.24377e-05,1.12163e-05,8.44603e-06,4.13625e-06,-1.64758e-06,-8.78886e-06,-1.71268e-05,-2.6465e-05,-3.65813e-05,-4.72373e-05,-5.81889e-05,-6.91945e-05,-8.00234e-05,-9.04617e-05,-0.000100317,-0.000109421,-0.000117632,-0.000124829,-0.000130919,-0.000135826,-0.00013949,-0.000141869,-0.00014293,-0.000142652,-0.000141023,-0.000138041,-0.000133717,-0.000128076,-0.000121161,-0.000113039,-0.0001038,-9.35604e-05,-8.24699e-05,-7.07068e-05,-5.84793e-05,-4.60229e-05,-3.35953e-05,-2.14699e-05,-9.92783e-06,7.52764e-07,1.03076e-05,1.84986e-05,2.51261e-05,3.00405e-05,3.31522e-05,3.44393e-05,3.3952e-05,3.18135e-05,2.82159e-05,2.34132e-05,1.77093e-05,1.14432e-05,4.97241e-06,-1.34549e-06,-7.17029e-06,-1.21956e-05,-1.61624e-05,-1.88694e-05,-2.01796e-05,-2.00226e-05,-1.83935e-05,-1.53481e-05,-1.09962e-05,-5.49305e-06,9.69909e-07,8.17384e-06,1.58803e-05,2.38375e-05,3.17839e-05,3.94501e-05,4.65586e-05,5.28214e-05,5.79376e-05,6.15915e-05,6.34542e-05,6.31906e-05,6.04756e-05,5.47324e-05,4.55869e-05,3.31127e-05,1.7744e-05,0
0,1.26824e-05,2.34818e-05,3.12211e-05,3.56009e-05,3.67162e-05,3.50652e-05,3.14195e-05,2.62503e-05,2.04298e-05,1.42319e-05,7.85931e-06,1.46042e-06,-4.85484e-06,-1.09993e-05,-1.68953e-05,-2.24647e-05,-2.76213e-05,-3.22685e-05,-3.62983e-05,-3.9596e-05,-4.2046e-05,-4.35414e-05,-4.39941e-05,-4.33464e-05,-4.15806e-05,-3.87287e-05,-3.48773e-05,-3.01705e-05,-2.48076e-05,-1.90371e-05,-1.31463e-05,-7.44846e-06,-2.2665e-06,2.08351e-06,5.30917e-06,7.15709e-06,7.42586e-06,5.97576e-06,2.73474e-06,-2.29963e-06,-9.062e-06,-1.74246e-05,-2.72055e-05,-3.81791e-05,-5.00881e-05,-6.26555e-05,-7.55973e-05,-8.86334e-05,-0.000101497,-0.000113945,-0.000125758,-0.00013675,-0.000146767,-0.000155685,-0.000163408,-0.000169867,-0.000175009,-0.0001788,-0.000181213,-0.00018223,-0.000181837,-0.000180021,-0.000176776,-0.000172101,-0.000166002,-0.000158501,-0.00014964,-0.000139483,-0.000128124,-0.00011569,-0.000102345,-8.82891e-05,-7.37597e-05,-5.90279e-05,-4.43925e-05,-3.01726e-05,-1.66966e-05,-4.29008e-06,6.73908e-06,1.61155e-05,2.36116e-05,2.90619e-05,3.23752e-05,3.35426e-05,3.26427e-05,2.98403e-05,2.53806e-05,1.95786e-05,1.28031e-05,5.45779e-06,-2.03958e-06,-9.27913e-06,-1.58791e-05,-2.1504e-05,-2.58786e-05,-2.87979e-05,-3.0132e-05,-2.98261e-05,-2.78968e-05,-2.44249e-05,-1.95454e-05,-1.3437e-05,-6.31162e-06,1.59553e-06,1.00333e-05,1.87398e-05,2.74438e-05,3.58633e-05,4.37012e-05,5.06378e-05,5.63228e-05,6.03691e-05,6.23507e-05,6.14453e-05,5.68407e-05,4.81228e-05,3.53798e-05,1.91228e-05,0
0,1.29083e-05,2.37188e-05,3.10743e-05,3.46611e-05,3.46164e-05,3.15214e-05,2.62503e-05,1.975e-05,1.26238e-05,5.49604e-06,-1.47073e-06,-8.17848e-06,-1.45703e-05,-2.06097e-05,-2.62633e-05,-3.14894e-05,-3.62295e-05,-4.0406e-05,-4.39227e-05,-4.66707e-05,-4.85375e-05,-4.94181e-05,-4.92292e-05,-4.79221e-05,-4.5495e-05,-4.20032e-05,-3.75646e-05,-3.23611e-05,-2.66348e-05,-2.06791e-05,-1.48251e-05,-9.42476e-06,-4.83189e-06,-1.38225e-06,6.25353e-07,9.45643e-07,-5.99973e-07,-4.1146e-06,-9.62178e-06,-1.70662e-05,-2.63188e-05,-3.71859e-05,-4.94207e-05,-6.27374e-05,-7.68262e-05,-9.1367e-05,-0.000106044,-0.000120558,-0.000134635,-0.000148035,-0.000160553,-0.000172027,-0.00018233,-0.000191372,-0.000199095,-0.000205461,-0.000210455,-0.00021407,-0.000216303,-0.000217153,-0.000216615,-0.00021468,-0.000211332,-0.000206557,-0.000200339,-0.000192672,-0.000183564,-0.000173045,-0.000161172,-0.000148036,-0.000133769,-0.000118546,-0.000102589,-8.61609e-05,-6.9568e-05,-5.31488e-05,-3.72657e-05,-2.22919e-05,-8.59511e-06,3.47923e-06,1.36268e-05,2.16025e-05,2.72365e-05,3.04476e-05,3.12517e-05,2.97653e-05,2.6202e-05,2.08632e-05,1.41234e-05,6.40991e-06,-1.82009e-06,-1.0104e-05,-1.79982e-05,-2.50995e-05,-3.10637e-05,-3.5618e-05,-3.85695e-05,-3.98065e-05,-3.92962e-05,-3.70772e-05,-3.32492e-05,-2.79619e-05,-2.14021e-05,-1.37829e-05,-5.33452e-06,3.70114e-06,1.30731e-05,2.25187e-05,3.17564e-05,4.04736e-05,4.83115e-05,5.48478e-05,5.91945e-05,6.02387e-05,5.7059e-05,4.91639e-05,3.66172e-05,1.99751e-05,0
0,1.27875e-05,2.33084e-05,3.00502e-05,3.27096e-05,3.14889e-05,2.7068e-05,2.04298e-05,1.26238e-05,4.54527e-06,-3.27994e-06,-1.05576e-05,-1.72645e-05,-2.34178e-05,-2.90472e-05,-3.41761e-05,-3.88082e-05,-4.29203e-05,-4.64594e-05,-4.93461e-05,-5.14813e-05,-5.27583e-05,-5.30774e-05,-5.23614e-05,-5.05719e-05,-4.7723e-05,-4.38916e-05,-3.92234e-05,-3.39322e-05,-2.82944e-05,-2.26368e-05,-1.73202e-05,-1.27193e-05,-9.20055e-06,-7.10043e-06,-6.70516e-06,-8.23392e-06,-1.18265e-05,-1.75363e-05,-2.5329e-05,-3.50862e-05,-4.66144e-05,-5.96573e-05,-7.39112e-05,-8.90413e-05,-0.000104699,-0.000120539,-0.000136231,-0.000151474,-0.000166005,-0.000179605,-0.000192101,-0.000203365,-0.000213314,-0.000221901,-0.000229111,-0.00023495,-0.000239438,-0.000242604,-0.00024447,-0.000245055,-0.000244363,-0.000242387,-0.000239105,-0.000234485,-0.000228488,-0.000221078,-0.000212225,-0.000201916,-0.000190163,-0.000177012,-0.000162551,-0.000146916,-0.000130293,-0.000112922,-9.50968e-05,-7.7155e-05,-5.94737e-05,-4.24551e-05,-2.65109e-05,-1.20432e-05,5.7615e-07,1.10266e-05,1.90593e-05,2.45146e-05,2.73348e-05,2.75719e-05,2.53876e-05,2.10474e-05,1.49063e-05,7.39024e-06,-1.02841e-06,-9.85689e-06,-1.86089e-05,-2.68296e-05,-3.4117e-05,-4.01381e-05,-4.46396e-05,-4.74518e-05,-4.84872e-05,-4.77339e-05,-4.52456e-05,-4.11291e-05,-3.55309e-05,-2.86252e-05,-2.06038e-05,-1.16689e-05,-2.0302e-06,8.09223e-06,1.84597e-05,2.8798e-05,3.87727e-05,4.76191e-05,5.41739e-05,5.71912e-05,5.56175e-05,4.88524e-05,3.69009e-05,2.03312e-05,0
0,1.23646e-05,2.23401e-05,2.82867e-05,2.99333e-05,2.75647e-05,2.19676e-05,1.42319e-05,5.49604e-06,-3.27994e-06,-1.14634e-05,-1.87599e-05,-2.51729e-05,-3.08127e-05,-3.57876e-05,-4.01844e-05,-4.40571e-05,-4.74208e-05,-5.025e-05,-5.24836e-05,-5.4034e-05,-5.48018e-05,-5.46927e-05,-5.36366e-05,-5.16044e-05,-4.86243e-05,-4.47913e-05,-4.0273e-05,-3.5307e-05,-3.01931e-05,-2.52781e-05,-2.09369e-05,-1.75491e-05,-1.54755e-05,-1.50352e-05,-1.64844e-05,-2.00014e-05,-2.56751e-05,-3.35014e-05,-4.33843e-05,-5.51434e-05,-6.85263e-05,-8.32237e-05,-9.88879e-05,-0.000115151,-0.000131645,-0.000148014,-0.000163935,-0.000179122,-0.000193341,-0.000206408,-0.000218192,-0.000228612,-0.000237635,-0.000245262,-0.000251527,-0.000256478,-0.000260178,-0.000262685,-0.00026405,-0.00026431,-0.000263478,-0.000261549,-0.000258494,-0.000254264,-0.000248798,-0.000242027,-0.000233882,-0.000224305,-0.000213262,-0.000200747,-0.000186795,-0.000171493,-0.000154982,-0.000137462,-0.000119197,-0.000100506,-8.17607e-05,-6.33727e-05,-4.57778e-05,-2.94169e-05,-1.47144e-05,-2.05483e-06,8.24091e-06,1.59361e-05,2.08957e-05,2.30977e-05,2.26377e-05,1.97263e-05,1.46774e-05,7.89134e-06,-1.6881e-07,-9.00416e-06,-1.81081e-05,-2.69937e-05,-3.52172e-05,-4.23976e-05,-4.82293e-05,-5.24886e-05,-5.50335e-05,-5.57987e-05,-5.47852e-05,-5.20482e-05,-4.76833e-05,-4.18136e-05,-3.45783e-05,-2.61252e-05,-1.6606e-05,-6.17762e-06,4.99092e-06,1.66977e-05,2.84185e-05,3.91848e-05,4.77225e-05,5.26525e-05,5.27775e-05,4.73667e-05,3.63368e-05,2.02382e-05,0
0,1.16877e-05,2.09066e-05,2.59198e-05,2.65067e-05,2.30465e-05,1.64348e-05,7.85931e-06,-1.47073e-06,-1.05576e-05,-1.87599e-05,-2.58061e-05,-3.16501e-05,-3.65437e-05,-4.06792e-05,-4.42058e-05,-4.72267e-05,-4.9794e-05,-5.19089e-05,-5.35277e-05,-5.45736e-05,-5.49538e-05,-5.4579e-05,-5.33847e-05,-5.13498e-05,-4.85132e-05,-4.49838e-05,-4.09442e-05,-3.66468e-05,-3.24032e-05,-2.85666e-05,-2.55102e-05,-2.36023e-05,-2.31814e-05,-2.45331e-05,-2.78703e-05,-3.33191e-05,-4.09111e-05,-5.05816e-05,-6.2175e-05,-7.54552e-05,-9.0121e-05,-0.000105824,-0.00012219,-0.000138835,-0.000155388,-0.000171506,-0.000186886,-0.000201276,-0.000214481,-0.000226364,-0.000236844,-0.000245893,-0.000253529,-0.000259805,-0.0002648,-0.000268608,-0.000271324,-0.000273041,-0.000273832,-0.000273749,-0.000272816,-0.000271027,-0.000268346,-0.000264711,-0.000260036,-0.000254222,-0.000247164,-0.000238762,-0.000228931,-0.000217615,-0.000204794,-0.000190501,-0.000174823,-0.000157912,-0.000139987,-0.000121336,-0.000102306,-8.32988e-05,-6.47543e-05,-4.71328e-05,-3.08928e-05,-1.64664e-05,-4.23459e-06,5.49707e-06,1.25188e-05,1.67323e-05,1.81591e-05,1.69417e-05,1.33363e-05,7.69743e-06,4.56701e-07,-7.90345e-06,-1.68782e-05,-2.59689e-05,-3.47081e-05,-4.26816e-05,-4.95431e-05,-5.50227e-05,-5.89288e-05,-6.11435e-05,-6.16143e-05,-6.03409e-05,-5.73624e-05,-5.27436e-05,-4.65635e-05,-3.89067e-05,-2.98575e-05,-1.9497e-05,-7.89995e-06,4.7003e-06,1.76713e-05,2.99716e-05,4.0236e-05,4.69623e-05,4.88089e-05,4.49021e-05,3.50486e-05,1.97548e-05,0
0,1.08054e-05,1.90987e-05,2.30785e-05,2.25885e-05,1.81094e-05,1.06426e-05,1.46042e-06,-8.17848e-06,-1.72645e-05,-2.51729e-05,-3.16501e-05,-3.67275e-05,-4.06777e-05,-4.38428e-05,-4.64191e-05,-4.85512e-05,-5.03234e-05,-5.17596e-05,-5.28307e-05,-5.34682e-05,-5.35841e-05,-5.30926e-05,-5.1933e-05,-5.009e-05,-4.76101e-05,-4.46112e-05,-4.12842e-05,-3.78877e-05,-3.47343e-05,-3.21708e-05,-3.05551e-05,-3.02297e-05,-3.1497e-05,-3.4597e-05,-3.96895e-05,-4.68422e-05,-5.60266e-05,-6.71197e-05,-7.99122e-05,-9.41227e-05,-0.000109415,-0.000125417,-0.000141744,-0.000158017,-0.00017388,-0.000189016,-0.00020316,-0.000216103,-0.0002277,-0.000237867,-0.000246577,-0.000253856,-0.000259773,-0.000264428,-0.000267945,-0.000270453,-0.000272084,-0.000272952,-0.000273152,-0.000272749,-0.000271774,-0.00027022,-0.000268045,-0.000265172,-0.000261495,-0.000256889,-0.000251215,-0.000244333,-0.000236114,-0.000226453,-0.000215277,-0.000202562,-0.00018834,-0.00017271,-0.000155839,-0.000137969,-0.000119411,-0.00010054,-8.17821e-05,-6.35965e-05,-4.64568e-05,-3.0825e-05,-1.71261e-05,-5.7222e-06,3.11029e-06,9.19976e-06,1.24919e-05,1.30544e-05,1.10741e-05,6.84477e-06,7.4886e-07,-6.76698e-06,-1.52195e-05,-2.41171e-05,-3.29867e-05,-4.13961e-05,-4.89712e-05,-5.54062e-05,-6.0467e-05,-6.39887e-05,-6.5867e-05,-6.60473e-05,-6.45111e-05,-6.12633e-05,-5.63205e-05,-4.97029e-05,-4.14286e-05,-3.15068e-05,-1.99469e-05,-6.93186e-06,6.85781e-06,2.03331e-05,3.20614e-05,4.04346e-05,4.39734e-05,4.16568e-05,3.31667e-05,1.89448e-05,0
0,9.76454e-06,1.70027e-05,1.98821e-05,1.83212e-05,1.29045e-05,4.7321e-06,-4.85484e-06,-1.45703e-05,-2.34178e-05,-3.08127e-05,-3.65437e-05,-4.06777e-05,-4.36066e-05,-4.57685e-05,-4.74019e-05,-4.86862e-05,-4.9732e-05,-5.05812e-05,-5.12149e-05,-5.15705e-05,-5.15623e-05,-5.11062e-05,-5.01439e-05,-4.86639e-05,-4.67177e-05,-4.44279e-05,-4.19881e-05,-3.96554e-05,-3.77337e-05,-3.65529e-05,-3.64434e-05,-3.77105e-05,-4.06097e-05,-4.53265e-05,-5.1961e-05,-6.05204e-05,-7.0917e-05,-8.29743e-05,-9.64386e-05,-0.000110995,-0.000126286,-0.000141935,-0.000157563,-0.00017281,-0.000187352,-0.000200913,-0.000213274,-0.000224281,-0.000233841,-0.000241928,-0.000248567,-0.000253836,-0.000257852,-0.000260756,-0.00026271,-0.000263875,-0.000264407,-0.000264442,-0.00026409,-0.000263424,-0.000262479,-0.000261248,-0.000259681,-0.000257689,-0.00025515,-0.000251915,-0.000247817,-0.000242682,-0.000236342,-0.000228646,-0.000219475,-0.000208752,-0.000196454,-0.000182623,-0.000167374,-0.000150894,-0.000133448,-0.000115371,-9.70596e-05,-7.89561e-05,-6.15301e-05,-4.52553e-05,-3.0584e-05,-1.79203e-05,-7.59616e-06,1.50774e-07,5.19274e-06,7.52082e-06,7.24576e-06,4.5905e-06,-1.25015e-07,-6.50526e-06,-1.41049e-05,-2.24562e-05,-3.10958e-05,-3.95883e-05,-4.75444e-05,-5.4633e-05,-6.05864e-05,-6.51988e-05,-6.83199e-05,-6.98439e-05,-6.96973e-05,-6.78265e-05,-6.4188e-05,-5.87411e-05,-5.14463e-05,-4.22687e-05,-3.10866e-05,-1.80274e-05,-3.77826e-06,1.05537e-05,2.34936e-05,3.33479e-05,3.8512e-05,3.78194e-05,3.08194e-05,1.78728e-05,0
0,8.60935e-06,1.4699e-05,1.64401e-05,1.38328e-05,7.564e-06,-1.17749e-06,-1.09993e-05,-2.06097e-05,-2.90472e-05,-3.57876e-05,-4.06792e-05,-4.38428e-05,-4.57685e-05,-4.69804e-05,-4.77539e-05,-4.82974e-05,-4.87417e-05,-4.91413e-05,-4.94837e-05,-4.97082e-05,-4.97295e-05,-4.94637e-05,-4.88535e-05,-4.78899e-05,-4.6627e-05,-4.51885e-05,-4.37661e-05,-4.26081e-05,-4.20019e-05,-4.22509e-05,-4.36486e-05,-4.64532e-05,-5.08653e-05,-5.70096e-05,-6.49238e-05,-7.45542e-05,-8.5758e-05,-9.83131e-05,-0.000111932,-0.000126279,-0.000140993,-0.000155706,-0.000170061,-0.000183734,-0.000196446,-0.000207971,-0.000218147,-0.000226875,-0.000234123,-0.000239914,-0.000244329,-0.00024749,-0.000249553,-0.000250696,-0.00025111,-0.000250979,-0.000250477,-0.000249755,-0.000248931,-0.000248084,-0.00024725,-0.000246419,-0.000245536,-0.000244502,-0.00024318,-0.000241403,-0.000238983,-0.000235717,-0.000231406,-0.000225863,-0.000218924,-0.000210468,-0.000200421,-0.00018877,-0.000175575,-0.000160967,-0.000145158,-0.000128432,-0.000111144,-9.37039e-05,-7.65604e-05,-6.01817e-05,-4.50298e-05,-3.15356e-05,-2.0073e-05,-1.09361e-05,-4.32004e-06,-3.0886e-07,1.12978e-06,1.41461e-07,-3.02588e-06,-8.03984e-06,-1.45065e-05,-2.1996e-05,-3.0069e-05,-3.82998e-05,-4.62961e-05,-5.37123e-05,-6.02563e-05,-6.56895e-05,-6.98217e-05,-7.25016e-05,-7.3605e-05,-7.30242e-05,-7.06583e-05,-6.64092e-05,-6.01819e-05,-5.18924e-05,-4.13144e-05,-2.84842e-05,-1.40617e-05,8.55382e-07,1.47753e-05,2.59409e-05,3.2638e-05,3.35618e-05,2.8126e-05,1.66002e-05,0
0,7.3803e-06,1.22614e-05,1.28527e-05,9.23973e-06,2.20741e-06,-6.97942e-06,-1.68953e-05,-2.62633e-05,-3.41761e-05,-4.01844e-05,-4.42058e-05,-4.64191e-05,-4.74019e-05,-4.77539e-05,-4.77811e-05,-4.77136e-05,-4.76961e-05,-4.77896e-05,-4.79831e-05,-4.82146e-05,-4.83965e-05,-4.84433e-05,-4.82978e-05,-4.7952e-05,-4.74603e-05,-4.69449e-05,-4.65904e-05,-4.6631e-05,-4.73303e-05,-4.89571e-05,-5.17601e-05,-5.59435e-05,-6.16471e-05,-6.89318e-05,-7.77726e-05,-8.8058e-05,-9.9597e-05,-0.000112131,-0.000125353,-0.00013892,-0.000152483,-0.000165698,-0.000178248,-0.000189857,-0.0002003,-0.000209412,-0.000217091,-0.000223299,-0.000228058,-0.000231445,-0.000233584,-0.000234635,-0.000234788,-0.000234246,-0.000233217,-0.000231903,-0.000230487,-0.000229125,-0.000227939,-0.000227009,-0.00022637,-0.000226008,-0.000225863,-0.000225828,-0.000225758,-0.000225473,-0.000224769,-0.000223424,-0.000221215,-0.000217926,-0.000213362,-0.00020736,-0.000199802,-0.000190627,-0.000179839,-0.000167515,-0.000153806,-0.000138941,-0.000123222,-0.000107012,-9.07235e-05,-7.48028e-05,-5.97045e-05,-4.58689e-05,-3.36973e-05,-2.35277e-05,-1.56138e-05,-1.01097e-05,-7.0604e-06,-6.4003e-06,-7.95961e-06,-1.14778e-05,-1.66229e-05,-2.30152e-05,-3.02511e-05,-3.79272e-05,-4.56596e-05,-5.3099e-05,-5.99386e-05,-6.59159e-05,-7.0809e-05,-7.4428e-05,-7.66047e-05,-7.71825e-05,-7.60083e-05,-7.293e-05,-6.77991e-05,-6.04815e-05,-5.06521e-05,-3.8244e-05,-2.38682e-05,-8.59095e-06,6.10224e-06,1.84127e-05,2.65342e-05,2.90343e-05,2.51933e-05,1.51826e-05,0
0,6.11418e-06,9.75746e-06,9.21203e-06,4.64991e-06,-3.0534e-06,-1.25715e-05,-2.24647e-05,-3.14894e-05,-3.88082e-05,-4.40571e-05,-4.72267e-05,-4.85512e-05,-4.86862e-05,-4.82974e-05,-4.77136e-05,-4.71793e-05,-4.68458e-05,-4.67743e-05,-4.69503e-05,-4.73068e-05,-4.77514e-05,-4.81957e-05,-4.85813e-05,-4.88998e-05,-4.92047e-05,-4.96134e-05,-5.02998e-05,-5.14788e-05,-5.33843e-05,-5.62445e-05,-6.02573e-05,-6.55681e-05,-7.22532e-05,-8.03093e-05,-8.96512e-05,-0.000100116,-0.000111473,-0.00012344,-0.000135701,-0.000147926,-0.000159791,-0.000170991,-0.000181263,-0.00019039,-0.000198212,-0.000204629,-0.000209602,-0.000213153,-0.000215357,-0.000216334,-0.000216246,-0.000215284,-0.000213657,-0.000211584,-0.000209281,-0.000206954,-0.000204788,-0.000202937,-0.000201521,-0.000200614,-0.000200249,-0.000200407,-0.000201025,-0.000201993,-0.000203159,-0.00020434,-0.000205321,-0.000205873,-0.000205757,-0.000204739,-0.000202599,-0.000199145,-0.000194222,-0.000187726,-0.000179611,-0.000169897,-0.000158678,-0.000146121,-0.000132464,-0.000118014,-0.000103135,-8.82345e-05,-7.3742e-05,-6.00914e-05,-4.76952e-05,-3.69213e-05,-2.80708e-05,-2.13597e-05,-1.6906e-05,-1.47233e-05,-1.47224e-05,-1.67199e-05,-2.04538e-05,-2.5603e-05,-3.18104e-05,-3.8705e-05,-4.59221e-05,-5.31187e-05,-5.99833e-05,-6.62388e-05,-7.16404e-05,-7.5968e-05,-7.90171e-05,-8.05896e-05,-8.04862e-05,-7.85054e-05,-7.44481e-05,-6.81303e-05,-5.91297e-05,-4.72718e-05,-3.31071e-05,-1.7653e-05,-2.36876e-06,1.09263e-05,2.03529e-05,2.43643e-05,2.21128e-05,1.36684e-05,0
0,4.8441e-06,7.24958e-06,5.60432e-06,1.6574e-07,-8.10982e-06,-1.78507e-05,-2.76213e-05,-3.62295e-05,-4.29203e-05,-4.74208e-05,-4.9794e-05,-5.03234e-05,-4.9732e-05,-4.87417e-05,-4.76961e-05,-4.68458e-05,-4.6341e-05,-4.62368e-05,-4.65103e-05,-4.70857e-05,-4.78638e-05,-4.87519e-05,-4.96892e-05,-5.06661e-05,-5.17334e-05,-5.30015e-05,-5.46304e-05,-5.68115e-05,-5.97444e-05,-6.36126e-05,-6.85592e-05,-7.46688e-05,-8.19538e-05,-9.03495e-05,-9.97158e-05,-0.000109846,-0.000120482,-0.00013133,-0.000142082,-0.000152433,-0.000162098,-0.00017083,-0.000178428,-0.000184744,-0.000189689,-0.000193233,-0.0001954,-0.000196267,-0.000195955,-0.000194623,-0.00019246,-0.000189672,-0.00018648,-0.000183105,-0.000179759,-0.000176642,-0.00017393,-0.000171767,-0.000170262,-0.000169484,-0.000169458,-0.000170162,-0.000171531,-0.000173456,-0.000175786,-0.000178339,-0.000180903,-0.000183247,-0.00018513,-0.000186308,-0.000186548,-0.00018564,-0.0001834,-0.000179689,-0.000174417,-0.000167551,-0.000159126,-0.000149243,-0.000138076,-0.000125864,-0.00011291,-9.95683e-05,-8.62298e-05,-7.33048e-05,-6.1201e-05,-5.03012e-05,-4.09411e-05,-3.33882e-05,-2.78261e-05,-2.43435e-05,-2.2931e-05,-2.34844e-05,-2.58157e-05,-2.96691e-05,-3.47413e-05,-4.07024e-05,-4.72159e-05,-5.39544e-05,-6.06108e-05,-6.69031e-05,-7.25726e-05,-7.73784e-05,-8.10886e-05,-8.34714e-05,-8.42891e-05,-8.32968e-05,-8.02487e-05,-7.49122e-05,-6.677e-05,-5.55404e-05,-4.17065e-05,-2.62245e-05,-1.05108e-05,3.61501e-06,1.42197e-05,1.96577e-05,1.89613e-05,1.20985e-05,0
0,3.59993e-06,4.79553e-06,2.11102e-06,-4.11383e-06,-1.28537e-05,-2.27093e-05,-3.22685e-05,-4.0406e-05,-4.64594e-05,-5.025e-05,-5.19089e-05,-5.17596e-05,-5.05812e-05,-4.91413e-05,-4.77896e-05,-4.67743e-05,-4.62368e-05,-4.62198e-05,-4.66871e-05,-4.75509e-05,-4.8703e-05,-5.00449e-05,-5.15129e-05,-5.3095e-05,-5.48381e-05,-5.68437e-05,-5.92551e-05,-6.22372e-05,-6.59525e-05,-7.05365e-05,-7.60769e-05,-8.25971e-05,-9.00485e-05,-9.83098e-05,-0.000107194,-0.000116461,-0.000125837,-0.000135031,-0.000143757,-0.00015175,-0.000158781,-0.000164669,-0.000169287,-0.000172562,-0.000174482,-0.000175084,-0.000174454,-0.00017272,-0.000170042,-0.000166606,-0.000162614,-0.000158279,-0.000153817,-0.000149438,-0.000145338,-0.000141699,-0.000138675,-0.000136394,-0.000134949,-0.000134396,-0.000134753,-0.000135994,-0.000138056,-0.000140836,-0.000144192,-0.000147951,-0.000151914,-0.000155861,-0.000159556,-0.000162762,-0.000165245,-0.000166782,-0.000167175,-0.000166256,-0.000163898,-0.000160021,-0.000154602,-0.000147676,-0.000139348,-0.000129783,-0.000119214,-0.00010793,-9.62696e-05,-8.46038e-05,-7.33202e-05,-6.28017e-05,-5.34041e-05,-4.54345e-05,-3.91325e-05,-3.46552e-05,-3.20686e-05,-3.13465e-05,-3.23763e-05,-3.49708e-05,-3.88857e-05,-4.38383e-05,-4.95276e-05,-5.56499e-05,-6.19113e-05,-6.80333e-05,-7.3753e-05,-7.88181e-05,-8.29786e-05,-8.59787e-05,-8.75504e-05,-8.74127e-05,-8.52787e-05,-8.08703e-05,-7.35786e-05,-6.30176e-05,-4.96009e-05,-3.42147e-05,-1.82175e-05,-3.41073e-06,8.23836e-06,1.50018e-05,1.58022e-05,1.05069e-05,0
0,2.40868e-06,2.44933e-06,-1.19008e-06,-8.09219e-06,-1.71766e-05,-2.70352e-05,-3.62983e-05,-4.39227e-05,-4.93461e-05,-5.24836e-05,-5.35277e-05,-5.28307e-05,-5.12149e-05,-4.94837e-05,-4.79831e-05,-4.69503e-05,-4.65103e-05,-4.66871e-05,-4.74266e-05,-4.86259e-05,-5.01657e-05,-5.19406e-05,-5.38832e-05,-5.59785e-05,-5.82678e-05,-6.08423e-05,-6.38267e-05,-6.73573e-05,-7.15578e-05,-7.65154e-05,-8.22622e-05,-8.87638e-05,-9.59153e-05,-0.000103546,-0.000111431,-0.000119311,-0.000126908,-0.000133948,-0.000140183,-0.000145401,-0.000149441,-0.000152198,-0.000153627,-0.000153738,-0.000152592,-0.000150296,-0.000146992,-0.000142852,-0.000138063,-0.000132826,-0.000127348,-0.00012183,-0.000116468,-0.000111448,-0.000106936,-0.00010308,-0.000100006,-9.78138e-05,-9.6573e-05,-9.63244e-05,-9.70761e-05,-9.88029e-05,-0.000101446,-0.000104914,-0.000109085,-0.000113805,-0.000118898,-0.000124166,-0.000129397,-0.000134368,-0.000138856,-0.000142641,-0.000145517,-0.000147299,-0.000147829,-0.000146984,-0.000144688,-0.000140913,-0.000135688,-0.000129103,-0.000121313,-0.000112532,-0.000103032,-9.31346e-05,-8.31909e-05,-7.3569e-05,-6.46308e-05,-5.67098e-05,-5.009e-05,-4.49877e-05,-4.15378e-05,-3.97879e-05,-3.9699e-05,-4.11531e-05,-4.39672e-05,-4.79103e-05,-5.27221e-05,-5.81293e-05,-6.38585e-05,-6.96433e-05,-7.52253e-05,-8.03504e-05,-8.47605e-05,-8.81854e-05,-9.03364e-05,-9.09051e-05,-8.957e-05,-8.60125e-05,-7.95373e-05,-6.96595e-05,-5.67232e-05,-4.15391e-05,-2.5395e-05,-1.00561e-05,2.49607e-06,1.04691e-05,1.26878e-05,8.92144e-06,0
0,1.29494e-06,2.61819e-07,-4.22445e-06,-1.16751e-05,-2.09704e-05,-3.07133e-05,-3.9596e-05,-4.66707e-05,-5.14813e-05,-5.4034e-05,-5.45736e-05,-5.34682e-05,-5.15705e-05,-4.97082e-05,-4.82146e-05,-4.73068e-05,-4.70857e-05,-4.75509e-05,-4.86259e-05,-5.01895e-05,-5.21098e-05,-5.42731e-05,-5.66073e-05,-5.90935e-05,-6.17667e-05,-6.47063e-05,-6.80171e-05,-7.18061e-05,-7.61575e-05,-8.11112e-05,-8.6647e-05,-9.2677e-05,-9.9047e-05,-0.000105547,-0.000111926,-0.000117915,-0.000123249,-0.000127687,-0.000131029,-0.00013313,-0.000133909,-0.000133345,-0.00013148,-0.000128408,-0.000124267,-0.000119228,-0.000113483,-0.000107235,-0.000100693,-9.40587e-05,-8.75235e-05,-8.12657e-05,-7.5446e-05,-7.02065e-05,-6.56699e-05,-6.19388e-05,-5.90957e-05,-5.7203e-05,-5.63023e-05,-5.64143e-05,-5.75376e-05,-5.96485e-05,-6.26998e-05,-6.66203e-05,-7.13149e-05,-7.66649e-05,-8.25295e-05,-8.87476e-05,-9.51409e-05,-0.000101518,-0.000107678,-0.000113417,-0.000118531,-0.000122826,-0.000126122,-0.000128261,-0.000129114,-0.000128592,-0.000126649,-0.000123298,-0.000118607,-0.00011271,-0.000105803,-9.81437e-05,-9.00351e-05,-8.18164e-05,-7.38409e-05,-6.64548e-05,-5.99741e-05,-5.46631e-05,-5.07168e-05,-4.82499e-05,-4.72928e-05,-4.77946e-05,-4.96338e-05,-5.2633e-05,-5.65763e-05,-6.12258e-05,-6.63351e-05,-7.16571e-05,-7.69467e-05,-8.1957e-05,-8.64319e-05,-9.00971e-05,-9.26532e-05,-9.37737e-05,-9.31112e-05,-9.03128e-05,-8.46036e-05,-7.54065e-05,-6.29996e-05,-4.81139e-05,-3.19553e-05,-1.62358e-05,-2.93067e-06,6.12199e-06,9.6623e-06,7.36543e-06,0
0,2.8121e-07,-1.71924e-06,-6.92116e-06,-1.47722e-05,-2.41301e-05,-3.36304e-05,-4.2046e-05,-4.85375e-05,-5.27583e-05,-5.48018e-05,-5.49538e-05,-5.35841e-05,-5.15623e-05,-4.97295e-05,-4.83965e-05,-4.77514e-05,-4.78638e-05,-4.8703e-05,-5.01657e-05,-5.21098e-05,-5.43883e-05,-5.68785e-05,-5.95025e-05,-6.22365e-05,-6.51083e-05,-6.81845e-05,-7.15496e-05,-7.5281e-05,-7.9425e-05,-8.39768e-05,-8.88684e-05,-9.39652e-05,-9.90728e-05,-0.000103952,-0.000108339,-0.000111971,-0.000114608,-0.000116053,-0.000116172,-0.000114898,-0.000112236,-0.000108258,-0.000103097,-9.69314e-05,-8.99724e-05,-8.24498e-05,-7.45982e-05,-6.66453e-05,-5.88028e-05,-5.12601e-05,-4.41805e-05,-3.76995e-05,-3.19255e-05,-2.69417e-05,-2.28092e-05,-1.95705e-05,-1.72529e-05,-1.58717e-05,-1.54326e-05,-1.59331e-05,-1.73629e-05,-1.97031e-05,-2.29249e-05,-2.69875e-05,-3.18358e-05,-3.73984e-05,-4.35855e-05,-5.02882e-05,-5.73785e-05,-6.47093e-05,-7.21171e-05,-7.94239e-05,-8.6441e-05,-9.29736e-05,-9.88267e-05,-0.000103811,-0.000107753,-0.000110501,-0.000111938,-0.000111994,-0.000110649,-0.000107951,-0.000104011,-9.9012e-05,-9.31985e-05,-8.68668e-05,-8.03484e-05,-7.39884e-05,-6.81211e-05,-6.30467e-05,-5.90098e-05,-5.61836e-05,-5.46613e-05,-5.44549e-05,-5.55023e-05,-5.76799e-05,-6.0818e-05,-6.47178e-05,-6.91648e-05,-7.39383e-05,-7.88139e-05,-8.35609e-05,-8.79349e-05,-9.16678e-05,-9.44602e-05,-9.5978e-05,-9.5857e-05,-9.37181e-05,-8.87146e-05,-8.01862e-05,-6.83493e-05,-5.38535e-05,-3.78128e-05,-2.18693e-05,-7.97163e-06,2.01651e-06,6.76484e-06,5.85928e-06,0
0,-6.11988e-07,-3.44938e-06,-9.214e-06,-1.7299e-05,-2.65583e-05,-3.56815e-05,-4.35414e-05,-4.94181e-05,-5.30774e-05,-5.46927e-05,-5.4579e-05,-5.30926e-05,-5.11062e-05,-4.94637e-05,-4.84433e-05,-4.81957e-05,-4.87519e-05,-5.00449e-05,-5.19406e-05,-5.42731e-05,-5.68785e-05,-5.96234e-05,-6.24231e-05,-6.5248e-05,-6.81179e-05,-7.10864e-05,-7.42174e-05,-7.75601e-05,-8.11253e-05,-8.4868e-05,-8.86783e-05,-9.23838e-05,-9.57602e-05,-9.85517e-05,-0.000100495,-0.000101347,-0.000100907,-9.90377e-05,-9.56803e-05,-9.08556e-05,-8.46638e-05,-7.72746e-05,-6.89128e-05,-5.98405e-05,-5.0339e-05,-4.06903e-05,-3.11617e-05,-2.19928e-05,-1.33866e-05,-5.50407e-06,1.53733e-06,7.6622e-06,1.28328e-05,1.7043e-05,2.03103e-05,2.26681e-05,2.41576e-05,2.48208e-05,2.46951e-05,2.38091e-05,2.21816e-05,1.98216e-05,1.67312e-05,1.29093e-05,8.35692e-06,3.0825e-06,-2.89226e-06,-9.5277e-06,-1.67621e-05,-2.4509e-05,-3.26557e-05,-4.1063e-05,-4.95672e-05,-5.79822e-05,-6.61047e-05,-7.37206e-05,-8.06129e-05,-8.65727e-05,-9.14112e-05,-9.49736e-05,-9.71524e-05,-9.79006e-05,-9.72414e-05,-9.5274e-05,-9.21728e-05,-8.81803e-05,-8.35931e-05,-7.87414e-05,-7.39646e-05,-6.9586e-05,-6.58876e-05,-6.3091e-05,-6.13439e-05,-6.07154e-05,-6.1199e-05,-6.27227e-05,-6.51638e-05,-6.83647e-05,-7.21472e-05,-7.63219e-05,-8.06927e-05,-8.50533e-05,-8.91803e-05,-9.28222e-05,-9.56906e-05,-9.74543e-05,-9.77429e-05,-9.61601e-05,-9.17969e-05,-8.39189e-05,-7.26877e-05,-5.86711e-05,-4.28827e-05,-2.68784e-05,-1.25595e-05,-1.79437e-06,4.03195e-06,4.42181e-06,0
0,-1.3661e-06,-4.88809e-06,-1.10433e-05,-1.91808e-05,-2.81704e-05,-3.67779e-05,-4.39941e-05,-4.92292e-05,-5.23614e-05,-5.36366e-05,-5.33847e-05,-5.1933e-05,-5.01439e-05,-4.88535e-05,-4.82978e-05,-4.85813e-05,-4.96892e-05,-5.15129e-05,-5.38832e-05,-5.66073e-05,-5.95025e-05,-6.24231e-05,-6.52765e-05,-6.80265e-05,-7.06844e-05,-7.32906e-05,-7.58896e-05,-7.85045e-05,-8.11145e-05,-8.36398e-05,-8.59371e-05,-8.78055e-05,-8.90029e-05,-8.92699e-05,-8.83578e-05,-8.60566e-05,-8.22199e-05,-7.67827e-05,-6.9771e-05,-6.13027e-05,-5.1579e-05,-4.08695e-05,-2.9492e-05,-1.77897e-05,-6.10807e-06,5.22614e-06,1.59232e-05,2.5744e-05,3.45087e-05,4.21008e-05,4.84661e-05,5.36078e-05,5.75776e-05,6.04651e-05,6.23846e-05,6.34613e-05,6.38191e-05,6.3568e-05,6.27954e-05,6.15591e-05,5.98848e-05,5.77661e-05,5.51687e-05,5.20366e-05,4.83008e-05,4.38894e-05,3.87375e-05,3.27973e-05,2.60461e-05,1.84939e-05,1.0188e-05,1.21625e-06,-8.29247e-06,-1.81692e-05,-2.8209e-05,-3.8177e-05,-4.78173e-05,-5.68649e-05,-6.50601e-05,-7.21644e-05,-7.79789e-05,-8.23607e-05,-8.5238e-05,-8.66203e-05,-8.66032e-05,-8.53647e-05,-8.31546e-05,-8.02752e-05,-7.70577e-05,-7.38349e-05,-7.09141e-05,-6.85538e-05,-6.69469e-05,-6.62117e-05,-6.6392e-05,-6.74645e-05,-6.93525e-05,-7.19404e-05,-7.50892e-05,-7.86458e-05,-8.24481e-05,-8.63223e-05,-9.00748e-05,-9.3481e-05,-9.62738e-05,-9.81364e-05,-9.87033e-05,-9.75711e-05,-9.37783e-05,-8.65276e-05,-7.59335e-05,-6.24833e-05,-4.7083e-05,-3.11872e-05,-1.66286e-05,-5.25861e-06,1.49949e-06,3.07142e-06,0
0,-1.96479e-06,-5.99997e-06,-1.23582e-05,-2.03565e-05,-2.89008e-05,-3.68555e-05,-4.33464e-05,-4.79221e-05,-5.05719e-05,-5.16044e-05,-5.13498e-05,-5.009e-05,-4.86639e-05,-4.78899e-05,-4.7952e-05,-4.88998e-05,-5.06661e-05,-5.3095e-05,-5.59785e-05,-5.90935e-05,-6.22365e-05,-6.5248e-05,-6.80265e-05,-7.05284e-05,-7.27566e-05,-7.47388e-05,-7.6502e-05,-7.80466e-05,-7.93249e-05,-8.02297e-05,-8.0593e-05,-8.01969e-05,-7.87939e-05,-7.61349e-05,-7.19996e-05,-6.6226e-05,-5.87341e-05,-4.9542e-05,-3.87715e-05,-2.66435e-05,-1.34645e-05,3.94693e-07,1.45247e-05,2.85054e-05,4.19335e-05,5.44465e-05,6.57432e-05,7.55977e-05,8.3868e-05,9.04982e-05,9.55149e-05,9.90181e-05,0.000101168,0.00010217,0.000102251,0.000101646,0.000100576,9.92295e-05,9.77508e-05,9.62298e-05,9.46974e-05,9.31253e-05,9.14319e-05,8.94922e-05,8.71503e-05,8.42347e-05,8.05745e-05,7.60146e-05,7.04298e-05,6.37368e-05,5.59031e-05,4.6953e-05,3.69709e-05,2.61012e-05,1.45449e-05,2.55331e-06,-9.58153e-06,-2.15405e-05,-3.29936e-05,-4.36194e-05,-5.31261e-05,-6.12727e-05,-6.78886e-05,-7.28885e-05,-7.62814e-05,-7.8172e-05,-7.87519e-05,-7.82838e-05,-7.70777e-05,-7.54626e-05,-7.37581e-05,-7.2248e-05,-7.11596e-05,-7.0652e-05,-7.08126e-05,-7.16627e-05,-7.31688e-05,-7.52579e-05,-7.78314e-05,-8.07765e-05,-8.39706e-05,-8.7279e-05,-9.05464e-05,-9.35846e-05,-9.61587e-05,-9.79775e-05,-9.86914e-05,-9.79013e-05,-9.46038e-05,-8.79503e-05,-7.80178e-05,-6.52161e-05,-5.03384e-05,-3.47232e-05,-2.01145e-05,-8.32443e-06,-7.96314e-07,1.82685e-06,0
0,-2.3944e-06,-6.75604e-06,-1.31195e-05,-2.07829e-05,-2.87095e-05,-3.58832e-05,-4.15806e-05,-4.5495e-05,-4.7723e-05,-4.86243e-05,-4.85132e-05,-4.76101e-05,-4.67177e-05,-4.6627e-05,-4.74603e-05,-4.92047e-05,-5.17334e-05,-5.48381e-05,-5.82678e-05,-6.17667e-05,-6.51083e-05,-6.81179e-05,-7.06844e-05,-7.27566e-05,-7.43291e-05,-7.54187e-05,-7.60377e-05,-7.61676e-05,-7.57406e-05,-7.463e-05,-7.26535e-05,-6.95878e-05,-6.51933e-05,-5.9245e-05,-5.15651e-05,-4.2053e-05,-3.07072e-05,-1.7639e-05,-3.07352e-06,1.266e-05,2.91477e-05,4.59179e-05,6.2473e-05,7.83216e-05,9.30103e-05,0.000106151,0.000117441,0.000126682,0.000133783,0.000138766,0.000141753,0.00014296,0.000142674,0.000141232,0.000138995,0.000136322,0.000133545,0.000130942,0.000128721,0.000127008,0.000125836,0.000125147,0.000124803,0.000124593,0.000124257,0.000123505,0.000122038,0.000119574,0.000115869,0.000110727,0.000104023,9.5707e-05,8.5809e-05,7.44427e-05,6.18002e-05,4.81461e-05,3.3806e-05,1.91517e-05,4.58201e-06,-9.49891e-06,-2.27064e-05,-3.47e-05,-4.52078e-05,-5.40453e-05,-6.11294e-05,-6.6483e-05,-7.02307e-05,-7.25838e-05,-7.38187e-05,-7.42482e-05,-7.4191e-05,-7.3944e-05,-7.37581e-05,-7.38235e-05,-7.42639e-05,-7.51395e-05,-7.64571e-05,-7.81847e-05,-8.02654e-05,-8.26288e-05,-8.51962e-05,-8.78782e-05,-9.05656e-05,-9.31152e-05,-9.53347e-05,-9.69694e-05,-9.76977e-05,-9.71359e-05,-9.42502e-05,-8.81531e-05,-7.88951e-05,-6.6814e-05,-5.25863e-05,-3.74221e-05,-2.29567e-05,-1.09409e-05,-2.81876e-06,7.07382e-07,0
0,-2.64449e-06,-7.13536e-06,-1.33024e-05,-2.04393e-05,-2.75875e-05,-3.38704e-05,-3.87287e-05,-4.20032e-05,-4.38916e-05,-4.47913e-05,-4.49838e-05,-4.46112e-05,-4.44279e-05,-4.51885e-05,-4.69449e-05,-4.96134e-05,-5.30015e-05,-5.68437e-05,-6.08423e-05,-6.47063e-05,-6.81845e-05,-7.10864e-05,-7.32906e-05,-7.47388e-05,-7.54187e-05,-7.53386e-05,-7.44993e-05,-7.28694e-05,-7.03678e-05,-6.68577e-05,-6.21531e-05,-5.60379e-05,-4.82936e-05,-3.87333e-05,-2.72354e-05,-1.37726e-05,1.56685e-06,1.857e-05,3.69027e-05,5.61242e-05,7.57131e-05,9.51e-05,0.000113704,0.000130969,0.000146402,0.000159598,0.000170267,0.000178247,0.000183516,0.000186182,0.000186483,0.000184765,0.000181456,0.000177045,0.000172041,0.000166943,0.000162207,0.000158212,0.000155238,0.000153446,0.000152871,0.000153419,0.000154881,0.000156949,0.000159237,0.000161318,0.000162746,0.000163094,0.000161975,0.000159072,0.000154151,0.000147078,0.000137821,0.000126458,0.000113169,9.82286e-05,8.19937e-05,6.4887e-05,4.7375e-05,2.99431e-05,1.30682e-05,-2.81016e-06,-1.73171e-05,-3.01664e-05,-4.11782e-05,-5.02875e-05,-5.75428e-05,-6.30946e-05,-6.71738e-05,-7.00646e-05,-7.20727e-05,-7.34954e-05,-7.45959e-05,-7.55859e-05,-7.66169e-05,-7.77818e-05,-7.91234e-05,-8.06482e-05,-8.23406e-05,-8.41743e-05,-8.61178e-05,-8.81317e-05,-9.01595e-05,-9.21114e-05,-9.38471e-05,-9.51594e-05,-9.57661e-05,-9.53107e-05,-9.27409e-05,-8.71432e-05,-7.85549e-05,-6.72487e-05,-5.37839e-05,-3.92322e-05,-2.51018e-05,-1.30597e-05,-4.53151e-06,-2.67292e-07,0
0,-2.70852e-06,-7.12662e-06,-1.28989e-05,-1.93307e-05,-2.55617e-05,-3.08725e-05,-3.48773e-05,-3.75646e-05,-3.92234e-05,-4.0273e-05,-4.09442e-05,-4.12842e-05,-4.19881e-05,-4.37661e-05,-4.65904e-05,-5.02998e-05,-5.46304e-05,-5.92551e-05,-6.38267e-05,-6.80171e-05,-7.15496e-05,-7.42174e-05,-7.58896e-05,-7.6502e-05,-7.60377e-05,-7.44993e-05,-7.18814e-05,-6.81456e-05,-6.32059e-05,-5.69248e-05,-4.91244e-05,-3.96082e-05,-2.81922e-05,-1.47409e-05,7.98778e-07,1.83689e-05,3.77827e-05,5.8719e-05,8.07306e-05,0.000103265,0.000125696,0.000147361,0.000167603,0.000185814,0.000201466,0.000214153,0.000223605,0.000229714,0.00023253,0.000232268,0.000229287,0.000224077,0.000217224,0.000209379,0.000201214,0.000193383,0.000186478,0.000180988,0.00017727,0.000175526,0.000175789,0.000177923,0.000181637,0.000186509,0.000192014,0.000197564,0.000202551,0.000206381,0.000208514,0.000208492,0.000205965,0.000200706,0.000192618,0.000181737,0.000168228,0.000152375,0.000134563,0.000115264,9.50093e-05,7.43636e-05,5.38934e-05,3.41361e-05,1.55687e-05,-1.41982e-06,-1.65497e-05,-2.96629e-05,-4.07251e-05,-4.98166e-05,-5.71129e-05,-6.28577e-05,-6.73314e-05,-7.082e-05,-7.35877e-05,-7.58571e-05,-7.77988e-05,-7.95312e-05,-8.11277e-05,-8.263e-05,-8.40623e-05,-8.54423e-05,-8.67875e-05,-8.81125e-05,-8.94186e-05,-9.06766e-05,-9.18069e-05,-9.26601e-05,-9.30045e-05,-9.2523e-05,-9.01566e-05,-8.49799e-05,-7.70311e-05,-6.65285e-05,-5.39164e-05,-4.01207e-05,-2.65073e-05,-1.46384e-05,-5.90014e-06,-1.07779e-06,0
0,-2.58456e-06,-6.72961e-06,-1.19204e-05,-1.74907e-05,-2.26976e-05,-2.6993e-05,-3.01705e-05,-3.23611e-05,-3.39322e-05,-3.5307e-05,-3.66468e-05,-3.78877e-05,-3.96554e-05,-4.26081e-05,-4.6631e-05,-5.14788e-05,-5.68115e-05,-6.22372e-05,-6.73573e-05,-7.18061e-05,-7.5281e-05,-7.75601e-05,-7.85045e-05,-7.80466e-05,-7.61676e-05,-7.28694e-05,-6.81456e-05,-6.19584e-05,-5.4225e-05,-4.48181e-05,-3.3579e-05,-2.03433e-05,-4.97471e-06,1.25986e-05,3.23493e-05,5.41249e-05,7.76327e-05,0.000102439,0.000127982,0.000153601,0.000178569,0.00020214,0.000223592,0.000242272,0.000257636,0.000269284,0.00027698,0.000280675,0.000280507,0.000276797,0.000270041,0.000260876,0.000250057,0.000238406,0.000226769,0.000215966,0.000206734,0.000199682,0.000195252,0.000193688,0.000195019,0.000199061,0.000205433,0.000213583,0.00022283,0.000232413,0.000241539,0.000249435,0.000255393,0.000258808,0.000259204,0.000256257,0.000249801,0.000239831,0.000226495,0.000210083,0.000191008,0.000169787,0.000147012,0.000123322,9.93693e-05,7.57852e-05,5.3146e-05,3.19429e-05,1.25564e-05,-4.75927e-06,-1.98813e-05,-3.28121e-05,-4.36622e-05,-5.26243e-05,-5.99423e-05,-6.5879e-05,-7.06883e-05,-7.45931e-05,-7.77739e-05,-8.03667e-05,-8.24692e-05,-8.41536e-05,-8.54804e-05,-8.65103e-05,-8.73102e-05,-8.79506e-05,-8.84944e-05,-8.89788e-05,-8.93924e-05,-8.9653e-05,-8.95901e-05,-8.8938e-05,-8.66428e-05,-8.17817e-05,-7.44104e-05,-6.47055e-05,-5.30029e-05,-4.008e-05,-2.71473e-05,-1.56433e-05,-6.89438e-06,-1.70604e-06,0
0,-2.27587e-06,-5.95634e-06,-1.03987e-05,-1.49829e-05,-1.91e-05,-2.2384e-05,-2.48076e-05,-2.66348e-05,-2.82944e-05,-3.01931e-05,-3.24032e-05,-3.47343e-05,-3.77337e-05,-4.20019e-05,-4.73303e-05,-5.33843e-05,-5.97444e-05,-6.59525e-05,-7.15578e-05,-7.61575e-05,-7.9425e-05,-8.11253e-05,-8.11145e-05,-7.93249e-05,-7.57406e-05,-7.03678e-05,-6.32059e-05,-5.4225e-05,-4.33553e-05,-3.04896e-05,-1.55002e-05,1.73302e-06,2.12869e-05,4.31579e-05,6.72283e-05,9.32431e-05,0.000120798,0.000149346,0.000178214,0.000206636,0.000233796,0.000258876,0.000281101,0.000299792,0.000314399,0.000324541,0.000330028,0.000330877,0.000327316,0.000319781,0.000308899,0.000295462,0.000280391,0.000264687,0.000249377,0.00023545,0.000223799,0.000215163,0.000210071,0.000208814,0.000211416,0.000217641,0.000227007,0.000238821,0.000252234,0.000266293,0.00028001,0.000292421,0.000302642,0.000309914,0.000313635,0.000313384,0.000308928,0.000300221,0.000287394,0.000270743,0.000250705,0.000227838,0.000202787,0.000176259,0.000148984,0.000121679,9.50165e-05,6.95846e-05,4.5864e-05,2.42065e-05,4.82726e-06,-1.21923e-05,-2.68896e-05,-3.93966e-05,-4.99097e-05,-5.86577e-05,-6.5873e-05,-7.17684e-05,-7.65245e-05,-8.02861e-05,-8.31677e-05,-8.52659e-05,-8.6673e-05,-8.74896e-05,-8.78302e-05,-8.78212e-05,-8.75895e-05,-8.72426e-05,-8.68433e-05,-8.63845e-05,-8.57672e-05,-8.47883e-05,-8.24109e-05,-7.77298e-05,-7.0836e-05,-6.18811e-05,-5.1103e-05,-3.91323e-05,-2.70165e-05,-1.60536e-05,-7.49058e-06,-2.13651e-06,0
0,-1.7914e-06,-4.83176e-06,-8.3868e-06,-1.19003e-05,-1.49116e-05,-1.72418e-05,-1.90371e-05,-2.06791e-05,-2.26368e-05,-2.52781e-05,-2.85666e-05,-3.21708e-05,-3.65529e-05,-4.22509e-05,-4.89571e-05,-5.62445e-05,-6.36126e-05,-7.05365e-05,-7.65154e-05,-8.11112e-05,-8.39768e-05,-8.4868e-05,-8.36398e-05,-8.02297e-05,-7.463e-05,-6.68577e-05,-5.69248e-05,-4.48181e-05,-3.04896e-05,-1.38629e-05,5.14787e-06,2.66071e-05,5.05211e-05,7.68006e-05,0.000105229,0.000135444,0.000166927,0.000199018,0.000230938,0.000261829,0.000290797,0.000316968,0.000339535,0.000357807,0.000371248,0.00037951,0.000382454,0.00038017,0.000372977,0.000361417,0.000346247,0.000328404,0.000308972,0.000289126,0.000270072,0.000252977,0.000238895,0.000228697,0.000223011,0.000222174,0.000226209,0.000234822,0.000247423,0.000263171,0.000281031,0.000299851,0.000318438,0.000335631,0.000350366,0.000361734,0.000369012,0.000371687,0.000369466,0.000362267,0.00035021,0.000333592,0.000312873,0.00028864,0.000261585,0.000232469,0.000202087,0.000171236,0.00014067,0.00011107,8.30128e-05,5.69464e-05,3.31801e-05,1.18839e-05,-6.89971e-06,-2.32335e-05,-3.72566e-05,-4.91536e-05,-5.91242e-05,-6.73609e-05,-7.40339e-05,-7.92875e-05,-8.32446e-05,-8.60185e-05,-8.77272e-05,-8.85054e-05,-8.85119e-05,-8.7927e-05,-8.69413e-05,-8.57341e-05,-8.44472e-05,-8.31547e-05,-8.18379e-05,-8.03674e-05,-7.77343e-05,-7.3066e-05,-6.65083e-05,-5.82077e-05,-4.83192e-05,-3.73344e-05,-2.61347e-05,-1.5865e-05,-7.67439e-06,-2.35761e-06,0
0,-1.14605e-06,-3.39389e-06,-5.95798e-06,-8.36342e-06,-1.03083e-05,-1.18001e-05,-1.31463e-05,-1.48251e-05,-1.73202e-05,-2.09369e-05,-2.55102e-05,-3.05551e-05,-3.64434e-05,-4.36486e-05,-5.17601e-05,-6.02573e-05,-6.85592e-05,-7.60769e-05,-8.22622e-05,-8.6647e-05,-8.88684e-05,-8.86783e-05,-8.59371e-05,-8.0593e-05,-7.26535e-05,-6.21531e-05,-4.91244e-05,-3.3579e-05,-1.55002e-05,5.14787e-06,2.83987e-05,5.42507e-05,8.26297e-05,0.000113352,0.000146097,0.000180389,0.000215598,0.000250955,0.000285587,0.000318554,0.000348907,0.000375736,0.000398225,0.000415695,0.00042764,0.000433761,0.00043398,0.000428457,0.000417594,0.000402032,0.000382636,0.000360476,0.00033678,0.000312887,0.000290177,0.000269992,0.000253551,0.000241865,0.000235664,0.000235341,0.000240916,0.000252037,0.000267999,0.000287801,0.000310219,0.000333892,0.000357414,0.000379428,0.0003987,0.000414176,0.000425026,0.000430665,0.000430749,0.000425174,0.000414049,0.000397679,0.000376533,0.000351222,0.000322466,0.000291066,0.000257866,0.000223723,0.000189462,0.000155847,0.000123541,9.30866e-05,6.48866e-05,3.9202e-05,1.61606e-05,-4.2241e-06,-2.20254e-05,-3.73734e-05,-5.04255e-05,-6.13429e-05,-7.02753e-05,-7.73564e-05,-8.27078e-05,-8.64504e-05,-8.87195e-05,-8.9677e-05,-8.95195e-05,-8.84768e-05,-8.68002e-05,-8.47408e-05,-8.25205e-05,-8.02997e-05,-7.81471e-05,-7.60167e-05,-7.29379e-05,-6.80853e-05,-6.16804e-05,-5.38869e-05,-4.47979e-05,-3.47792e-05,-2.45492e-05,-1.50924e-05,-7.4431e-06,-2.36301e-06,0
0,-3.60626e-07,-1.69319e-06,-3.20418e-06,-4.51649e-06,-5.49301e-06,-6.32044e-06,-7.44846e-06,-9.42476e-06,-1.27193e-05,-1.75491e-05,-2.36023e-05,-3.02297e-05,-3.77105e-05,-4.64532e-05,-5.59435e-05,-6.55681e-05,-7.46688e-05,-8.25971e-05,-8.87638e-05,-9.2677e-05,-9.39652e-05,-9.23838e-05,-8.78055e-05,-8.01969e-05,-6.95878e-05,-5.60379e-05,-3.96082e-05,-2.03433e-05,1.73302e-06,2.66071e-05,5.42507e-05,8.45871e-05,0.000117453,0.000152564,0.000189491,0.000227644,0.000266285,0.000304547,0.000341473,0.000376064,0.000407339,0.00043438,0.00045639,0.000472728,0.000482943,0.000486798,0.000484283,0.000475625,0.000461295,0.000442007,0.000418711,0.000392573,0.000364944,0.000337306,0.000311198,0.000288133,0.000269496,0.000256444,0.00024982,0.000250076,0.000257236,0.000270887,0.000290205,0.000314024,0.000340917,0.000369309,0.000397587,0.000424202,0.000447759,0.000467088,0.000481275,0.000489683,0.000491948,0.000487954,0.000477814,0.000461834,0.000440489,0.000414395,0.000384282,0.000350966,0.000315318,0.000278234,0.000240592,0.000203221,0.000166864,0.000132148,9.9567e-05,6.94746e-05,4.20869e-05,1.74996e-05,-4.28728e-06,-2.33406e-05,-3.97658e-05,-5.36826e-05,-6.52098e-05,-7.44597e-05,-8.1542e-05,-8.6575e-05,-8.97008e-05,-9.10992e-05,-9.09961e-05,-8.96633e-05,-8.74074e-05,-8.45476e-05,-8.13856e-05,-7.81701e-05,-7.50623e-05,-7.21076e-05,-6.83832e-05,-6.31241e-05,-5.66491e-05,-4.91647e-05,-4.07268e-05,-3.15956e-05,-2.23369e-05,-1.3772e-05,-6.8076e-06,-2.15284e-06,0
0,5.38456e-07,2.08609e-07,-2.33111e-07,-5.22064e-07,-6.87001e-07,-1.07989e-06,-2.2665e-06,-4.83189e-06,-9.20055e-06,-1.54755e-05,-2.31814e-05,-3.1497e-05,-4.06097e-05,-5.08653e-05,-6.16471e-05,-7.22532e-05,-8.19538e-05,-9.00485e-05,-9.59153e-05,-9.9047e-05,-9.90728e-05,-9.57602e-05,-8.90029e-05,-7.87939e-05,-6.51933e-05,-4.82936e-05,-2.81922e-05,-4.97471e-06,2.12869e-05,5.05211e-05,8.26297e-05,0.000117453,0.000154732,0.000194079,0.000234949,0.000276647,0.000318329,0.000359042,0.000397766,0.000433469,0.000465162,0.000491958,0.00051311,0.000528049,0.000536406,0.000538023,0.000532962,0.000521508,0.000504178,0.000481723,0.000455136,0.000425638,0.000394662,0.000363798,0.000334727,0.000309124,0.000288541,0.000274292,0.000267341,0.000268212,0.000276936,0.000293041,0.000315579,0.000343206,0.00037429,0.000407035,0.000439623,0.000470327,0.00049762,0.000520244,0.000537241,0.000547966,0.000552061,0.00054943,0.000540196,0.000524672,0.000503323,0.000476752,0.00044567,0.000410879,0.000373248,0.000333682,0.00029309,0.000252346,0.000212256,0.000173524,0.000136731,0.00010232,7.05961e-05,4.17428e-05,1.58391e-05,-7.11104e-06,-2.71522e-05,-4.43532e-05,-5.87915e-05,-7.05472e-05,-7.97065e-05,-8.63736e-05,-9.06857e-05,-9.28285e-05,-9.30462e-05,-9.16428e-05,-8.89715e-05,-8.54136e-05,-8.13464e-05,-7.71062e-05,-7.29496e-05,-6.90198e-05,-6.44485e-05,-5.85438e-05,-5.17425e-05,-4.43214e-05,-3.6329e-05,-2.79462e-05,-1.96032e-05,-1.19624e-05,-5.79361e-06,-1.73451e-06,0
0,1.51984e-06,2.24043e-06,2.83568e-06,3.44549e-06,3.87983e-06,3.6423e-06,2.08351e-06,-1.38225e-06,-7.10043e-06,-1.50352e-05,-2.45331e-05,-3.4597e-05,-4.53265e-05,-5.70096e-05,-6.89318e-05,-8.03093e-05,-9.03495e-05,-9.83098e-05,-0.000103546,-0.000105547,-0.000103952,-9.85517e-05,-8.92699e-05,-7.61349e-05,-5.9245e-05,-3.87333e-05,-1.47409e-05,1.25986e-05,4.31579e-05,7.68006e-05,0.000113352,0.000152564,0.000194079,0.000237397,0.000281868,0.000326687,0.000370919,0.000413541,0.00045349,0.00048973,0.000521304,0.000547389,0.000567333,0.000580677,0.000587162,0.000586731,0.000579521,0.000565861,0.00054628,0.000521521,0.000492558,0.000460608,0.000427129,0.00039378,0.000362355,0.00033468,0.000312479,0.000297235,0.000290051,0.000291539,0.000301745,0.000320137,0.000345635,0.000376708,0.000411503,0.000448002,0.000484182,0.000518163,0.00054832,0.000573353,0.00059232,0.000604616,0.000609946,0.00060826,0.000599715,0.000584624,0.000563432,0.000536698,0.000505081,0.000469333,0.00043028,0.000388806,0.000345818,0.000302213,0.000258841,0.000216471,0.000175761,0.00013724,0.000101304,6.82248e-05,3.81651e-05,1.12056e-05,-1.26296e-05,-3.33498e-05,-5.09813e-05,-6.55612e-05,-7.71406e-05,-8.57964e-05,-9.16482e-05,-9.48741e-05,-9.57233e-05,-9.4519e-05,-9.16498e-05,-8.75492e-05,-8.26637e-05,-7.74132e-05,-7.21496e-05,-6.71175e-05,-6.15079e-05,-5.47115e-05,-4.73038e-05,-3.96601e-05,-3.18548e-05,-2.40217e-05,-1.64798e-05,-9.74374e-06,-4.44209e-06,-1.12327e-06,0
0,2.5482e-06,4.32439e-06,5.87544e-06,7.2075e-06,7.97963e-06,7.5785e-06,5.30917e-06,6.25353e-07,-6.70516e-06,-1.64844e-05,-2.78703e-05,-3.96895e-05,-5.1961e-05,-6.49238e-05,-7.77726e-05,-8.96512e-05,-9.97158e-05,-0.000107194,-0.000111431,-0.000111926,-0.000108339,-0.000100495,-8.83578e-05,-7.19996e-05,-5.15651e-05,-2.72354e-05,7.98778e-07,3.23493e-05,6.72283e-05,0.000105229,0.000146097,0.000189491,0.000234949,0.000281868,0.000329487,0.000376902,0.0004231,0.000467005,0.00050754,0.000543694,0.000574584,0.000599495,0.000617916,0.000629541,0.00063426,0.000632137,0.00062339,0.000608374,0.000587587,0.000561698,0.000531587,0.000498388,0.000463509,0.000428625,0.000395611,0.000366432,0.000342997,0.000326978,0.000319645,0.000321717,0.000333271,0.000353711,0.000381815,0.000415844,0.000453704,0.000493141,0.000531938,0.000568082,0.000599896,0.00062611,0.000645866,0.000658683,0.000664383,0.000663016,0.000654789,0.000640017,0.000619101,0.000592522,0.000560846,0.000524727,0.000484908,0.000442207,0.000397497,0.00035167,0.000305599,0.000260101,0.000215901,0.000173609,0.000133708,9.65582e-05,6.24092e-05,3.14226e-05,3.69681e-06,-2.07104e-05,-4.17653e-05,-5.94518e-05,-7.37742e-05,-8.47695e-05,-9.25249e-05,-9.71965e-05,-9.90229e-05,-9.83316e-05,-9.55324e-05,-9.10985e-05,-8.55351e-05,-7.93391e-05,-7.29538e-05,-6.6726e-05,-5.99079e-05,-5.19799e-05,-4.36737e-05,-3.5492e-05,-2.75707e-05,-2.00338e-05,-1.31205e-05,-7.21612e-06,-2.8087e-06,-3.42164e-07,0
0,3.58545e-06,6.37869e-06,8.7574e-06,1.05888e-05,1.13973e-05,1.0486e-05,7.15709e-06,9.45643e-07,-8.23392e-06,-2.00014e-05,-3.33191e-05,-4.68422e-05,-6.05204e-05,-7.45542e-05,-8.8058e-05,-0.000100116,-0.000109846,-0.000116461,-0.000119311,-0.000117915,-0.000111971,-0.000101347,-8.60566e-05,-6.6226e-05,-4.2053e-05,-1.37726e-05,1.83689e-05,5.41249e-05,9.32431e-05,0.000135444,0.000180389,0.000227644,0.000276647,0.000326687,0.000376902,0.000426301,0.000473803,0.000518302,0.000558735,0.000594153,0.000623785,0.000647077,0.000663705,0.000673567,0.000676744,0.00067345,0.000663992,0.000648728,0.000628074,0.000602545,0.000572829,0.00053987,0.000504941,0.00046966,0.000435946,0.000405902,0.000381638,0.000365056,0.000357629,0.000360221,0.000372952,0.000395163,0.000425467,0.000461881,0.00050204,0.000543431,0.000583636,0.000620541,0.000652478,0.000678287,0.000697299,0.000709255,0.000714185,0.00071229,0.000703853,0.000689186,0.000668615,0.000642504,0.000611272,0.000575424,0.000535567,0.000492412,0.000446757,0.00039946,0.000351392,0.000303401,0.000256266,0.000210669,0.000167177,0.000126235,8.81803e-05,5.32569e-05,2.16413e-05,-6.53599e-06,-3.11743e-05,-5.21948e-05,-6.95442e-05,-8.32067e-05,-9.32232e-05,-9.97113e-05,-0.000102883,-0.000103052,-0.000100634,-9.61264e-05,-9.00791e-05,-8.30555e-05,-7.55839e-05,-6.81105e-05,-5.99469e-05,-5.06663e-05,-4.1172e-05,-3.21207e-05,-2.3747e-05,-1.62061e-05,-9.69548e-06,-4.49585e-06,-9.62192e-07,5.78432e-07,0
0,4.59223e-06,8.32099e-06,1.13563e-05,1.34255e-05,1.39403e-05,1.21589e-05,7.42586e-06,-5.99973e-07,-1.18265e-05,-2.56751e-05,-4.09111e-05,-5.60266e-05,-7.0917e-05,-8.5758e-05,-9.9597e-05,-0.000111473,-0.000120482,-0.000125837,-0.000126908,-0.000123249,-0.000114608,-0.000100907,-8.22199e-05,-5.87341e-05,-3.07072e-05,1.56685e-06,3.77827e-05,7.76327e-05,0.000120798,0.000166927,0.000215598,0.000266285,0.000318329,0.000370919,0.0004231,0.000473803,0.0005219,0.000566273,0.000605901,0.000639935,0.000667758,0.000689024,0.000703652,0.000711795,0.00071377,0.000709981,0.000700835,0.000686678,0.000667787,0.000644422,0.000616953,0.000586005,0.000552597,0.000518211,0.000484769,0.000454516,0.000429804,0.000412819,0.000405308,0.00040832,0.000422048,0.000445759,0.000477864,0.000516088,0.000557732,0.000599978,0.000640199,0.000676202,0.0007064,0.000729857,0.000746226,0.000755602,0.000758332,0.00075484,0.000745507,0.000730626,0.000710414,0.00068506,0.000654779,0.000619868,0.000580745,0.000537965,0.000492214,0.00044428,0.000395011,0.000345264,0.000295861,0.000247545,0.000200957,0.000156626,0.00011497,7.63169e-05,4.09222e-05,8.99158e-06,-1.93017e-05,-4.38094e-05,-6.44107e-05,-8.10252e-05,-9.36333e-05,-0.000102299,-0.000107188,-0.000108586,-0.000106893,-0.000102613,-9.6325e-05,-8.86455e-05,-8.01769e-05,-7.14585e-05,-6.18562e-05,-5.10348e-05,-4.00798e-05,-2.98264e-05,-2.06442e-05,-1.27639e-05,-6.38341e-06,-1.71104e-06,1.01799e-06,1.60179e-06,0
0,5.52947e-06,1.00718e-05,1.35555e-05,1.55723e-05,1.54479e-05,1.24377e-05,5.97576e-06,-4.1146e-06,-1.75363e-05,-3.35014e-05,-5.05816e-05,-6.71197e-05,-8.29743e-05,-9.83131e-05,-0.000112131,-0.00012344,-0.00013133,-0.000135031,-0.000133948,-0.000127687,-0.000116053,-9.90377e-05,-7.67827e-05,-4.9542e-05,-1.7639e-05,1.857e-05,5.8719e-05,0.000102439,0.000149346,0.000199018,0.000250955,0.000304547,0.000359042,0.000413541,0.000467005,0.000518302,0.000566273,0.000609812,0.000647966,0.000680017,0.000705545,0.000724457,0.000736968,0.000743536,0.000744764,0.000741287,0.000733649,0.000722181,0.000706957,0.000687869,0.000664807,0.00063791,0.000607795,0.000575707,0.000543534,0.000513681,0.000488808,0.000471482,0.000463812,0.000467111,0.000481671,0.000506676,0.000540279,0.000579823,0.000622183,0.000664162,0.000702881,0.000736093,0.000762376,0.000781162,0.000792602,0.000797324,0.000796134,0.000789757,0.000778689,0.000763172,0.000743259,0.000718902,0.000690048,0.000656725,0.000619104,0.000577537,0.00053256,0.000484861,0.00043524,0.000384547,0.000333627,0.000283274,0.000234194,0.000186989,0.000142157,0.000100101,6.11555e-05,2.56001e-05,-6.31708e-06,-3.43733e-05,-5.83729e-05,-7.81608e-05,-9.36438e-05,-0.000104816,-0.000111784,-0.000114781,-0.000114173,-0.000110453,-0.000104211,-9.60971e-05,-8.67754e-05,-7.68683e-05,-6.57865e-05,-5.32805e-05,-4.06241e-05,-2.8851e-05,-1.85005e-05,-9.92316e-06,-3.36373e-06,1.00402e-06,3.04506e-06,2.6863e-06,0
0,6.36004e-06,1.15577e-05,1.52525e-05,1.69087e-05,1.57975e-05,1.12163e-05,2.73474e-06,-9.62178e-06,-2.5329e-05,-4.33843e-05,-6.2175e-05,-7.99122e-05,-9.64386e-05,-0.000111932,-0.000125353,-0.000135701,-0.000142082,-0.000143757,-0.000140183,-0.000131029,-0.000116172,-9.56803e-05,-6.9771e-05,-3.87715e-05,-3.07352e-06,3.69027e-05,8.07306e-05,0.000127982,0.000178214,0.000230938,0.000285587,0.000341473,0.000397766,0.00045349,0.00050754,0.000558735,0.000605901,0.000647966,0.000684068,0.000713648,0.000736518,0.000752882,0.000763292,0.000768555,0.000769601,0.000767346,0.000762536,0.000755523,0.000746131,0.000733741,0.000717563,0.000697025,0.000672154,0.000643835,0.000613883,0.000584908,0.000559985,0.000542205,0.000534177,0.000537584,0.000552865,0.000579097,0.000614089,0.000654672,0.000697149,0.000737814,0.000773463,0.000801805,0.000821682,0.000833079,0.000836887,0.000834507,0.000827388,0.000816644,0.000802871,0.000786191,0.000766423,0.000743217,0.000716187,0.000685026,0.000649609,0.00061004,0.000566668,0.000520057,0.000470935,0.000420126,0.000368486,0.000316845,0.000265961,0.0002165,0.000169025,0.000124011,8.18605e-05,4.29265e-05,7.52968e-06,-2.40311e-05,-5.14807e-05,-7.45813e-05,-9.31556e-05,-0.000107115,-0.000116486,-0.000121436,-0.000122277,-0.000119467,-0.000113587,-0.000105304,-9.53254e-05,-8.43427e-05,-7.17986e-05,-5.75189e-05,-4.29655e-05,-2.93856e-05,-1.75189e-05,-7.87968e-06,-8.07824e-07,3.51517e-06,5.02881e-06,3.78728e-06,0
0,7.05041e-06,1.2715e-05,1.63628e-05,1.73443e-05,1.49105e-05,8.44603e-06,-2.29963e-06,-1.70662e-05,-3.50862e-05,-5.51434e-05,-7.54552e-05,-9.41227e-05,-0.000110995,-0.000126279,-0.00013892,-0.000147926,-0.000152433,-0.00015175,-0.000145401,-0.00013313,-0.000114898,-9.08556e-05,-6.13027e-05,-2.66435e-05,1.266e-05,5.61242e-05,0.000103265,0.000153601,0.000206636,0.000261829,0.000318554,0.000376064,0.000433469,0.00048973,0.000543694,0.000594153,0.000639935,0.000680017,0.000713648,0.000740452,0.000760501,0.00077433,0.000782863,0.000787279,0.000788835,0.000788753,0.000788129,0.000787456,0.000786297,0.000783353,0.000776881,0.000765303,0.000747803,0.000724749,0.000697849,0.000669996,0.000644849,0.00062623,0.000617457,0.000620732,0.000636712,0.000664333,0.000700931,0.000742632,0.000784943,0.000823452,0.000854503,0.000875735,0.000886379,0.000887215,0.000880207,0.000867866,0.000852531,0.000835788,0.000818249,0.00079977,0.00077986,0.000757818,0.000732863,0.000704299,0.00067165,0.000634736,0.00059369,0.000548931,0.000501098,0.000450975,0.000399413,0.00034726,0.000295314,0.000244286,0.000194794,0.00014737,0.000102475,6.05264e-05,2.19116e-05,-1.29961e-05,-4.38407e-05,-7.02971e-05,-9.20952e-05,-0.000109051,-0.000121101,-0.000128323,-0.000130958,-0.00012941,-0.000124228,-0.000116074,-0.00010568,-9.379e-05,-7.98613e-05,-6.37799e-05,-4.71898e-05,-3.15603e-05,-1.78574e-05,-6.79958e-06,1.12945e-06,5.69485e-06,6.8799e-06,4.8591e-06,0
0,7.57205e-06,1.34917e-05,1.68237e-05,1.68219e-05,1.2754e-05,4.13625e-06,-9.062e-06,-2.63188e-05,-4.66144e-05,-6.85263e-05,-9.0121e-05,-0.000109415,-0.000126286,-0.000140993,-0.000152483,-0.000159791,-0.000162098,-0.000158781,-0.000149441,-0.000133909,-0.000112236,-8.46638e-05,-5.1579e-05,-1.34645e-05,2.91477e-05,7.57131e-05,0.000125696,0.000178569,0.000233796,0.000290797,0.000348907,0.000407339,0.000465162,0.000521304,0.000574584,0.000623785,0.000667758,0.000705545,0.000736518,0.000760501,0.000777851,0.000789465,0.000796677,0.000801027,0.000803987,0.000806961,0.000811745,0.000819301,0.000828987,0.000838609,0.000845093,0.000845437,0.000837635,0.00082134,0.000798117,0.000771274,0.000745302,0.000725063,0.000714879,0.000717695,0.000734481,0.000763984,0.000802889,0.000846332,0.000888702,0.000924575,0.000949627,0.000961372,0.000959556,0.000946087,0.000924474,0.000898832,0.000872744,0.000848331,0.000825971,0.000804912,0.000784355,0.00076326,0.00074041,0.000714657,0.000685125,0.000651316,0.000613133,0.000570832,0.000524955,0.00047623,0.00042549,0.000373587,0.000321336,0.000269476,0.000218662,0.000169462,0.000122385,7.78941e-05,3.64378e-05,-1.54366e-06,-3.5616e-05,-6.53653e-05,-9.04238e-05,-0.000110504,-0.000125436,-0.000135199,-0.000139941,-0.000139992,-0.000135847,-0.000128142,-0.000117611,-0.000105031,-8.98545e-05,-7.20075e-05,-5.33045e-05,-3.54384e-05,-1.96209e-05,-6.81078e-06,2.31749e-06,7.42854e-06,8.51434e-06,5.85744e-06,0
0,7.90279e-06,1.38504e-05,1.65967e-05,1.53199e-05,9.34192e-06,-1.64758e-06,-1.74246e-05,-3.71859e-05,-5.96573e-05,-8.32237e-05,-0.000105824,-0.000125417,-0.000141935,-0.000155706,-0.000165698,-0.000170991,-0.00017083,-0.000164669,-0.000152198,-0.000133345,-0.000108258,-7.72746e-05,-4.08695e-05,3.94693e-07,4.59179e-05,9.51e-05,0.000147361,0.00020214,0.000258876,0.000316968,0.000375736,0.00043438,0.000491958,0.000547389,0.000599495,0.000647077,0.000689024,0.000724457,0.000752882,0.00077433,0.000789465,0.000799603,0.000806566,0.000812259,0.000818014,0.000824592,0.000835506,0.000852979,0.000876316,0.000902109,0.000925386,0.000941117,0.000945622,0.000937569,0.000918359,0.000891912,0.000863914,0.000840709,0.000828051,0.000829942,0.000847809,0.000880149,0.000922735,0.00096932,0.00101271,0.00104601,0.00106391,0.00106364,0.00104562,0.00101331,0.000972471,0.000929571,0.000889998,0.000856458,0.000828458,0.000803715,0.000781588,0.00076087,0.000739848,0.000716828,0.000690475,0.000659947,0.000624905,0.000585444,0.000542002,0.000495245,0.000445972,0.000395018,0.000343196,0.000291252,0.000239848,0.000189572,0.000140953,9.44903e-05,5.06741e-05,1.00023e-05,-2.70192e-05,-5.98898e-05,-8.81427e-05,-0.000111381,-0.000129321,-0.000141826,-0.000148939,-0.000150895,-0.000148115,-0.000141186,-0.000130822,-0.000117811,-0.000101577,-8.20646e-05,-6.12395e-05,-4.10136e-05,-2.28563e-05,-7.99668e-06,2.65657e-06,8.62049e-06,9.85769e-06,6.74152e-06,0
0,8.02773e-06,1.37696e-05,1.5669e-05,1.28524e-05,4.73271e-06,-8.78886e-06,-2.72055e-05,-4.94207e-05,-7.39112e-05,-9.88879e-05,-0.00012219,-0.000141744,-0.000157563,-0.000170061,-0.000178248,-0.000181263,-0.000178428,-0.000169287,-0.000153627,-0.00013148,-0.000103097,-6.89128e-05,-2.9492e-05,1.45247e-05,6.2473e-05,0.000113704,0.000167603,0.000223592,0.000281101,0.000339535,0.000398225,0.00045639,0.00051311,0.000567333,0.000617916,0.000663705,0.000703652,0.000736968,0.000763292,0.000782863,0.000796677,0.000806566,0.00081508,0.000824796,0.000836363,0.000845896,0.000862358,0.000890897,0.000930917,0.000977204,0.00102199,0.00105733,0.0010772,0.0010789,0.00106367,0.00103633,0.00100428,0.000975986,0.000959223,0.000959513,0.000978944,0.00101568,0.00106423,0.00111641,0.0011628,0.0011944,0.00120435,0.00118937,0.00115064,0.00109381,0.00102786,0.000962844,0.000906947,0.000863627,0.000830117,0.000799513,0.000774041,0.000752639,0.000732816,0.000712119,0.000688666,0.000661259,0.000629324,0.000592806,0.000552042,0.000507631,0.000460323,0.000410919,0.000360202,0.000308895,0.000257644,0.000207025,0.000157566,0.000109776,6.41699e-05,2.12891e-05,-1.82993e-05,-5.4015e-05,-8.52937e-05,-0.000111628,-0.000132611,-0.000147986,-0.000157673,-0.000161796,-0.000160684,-0.000154852,-0.00014497,-0.000131816,-0.000114762,-9.37419e-05,-7.08525e-05,-4.82117e-05,-2.75509e-05,-1.03923e-05,2.08275e-06,9.19862e-06,1.08489e-05,7.47618e-06,0
0,7.93992e-06,1.32442e-05,1.40532e-05,9.46734e-06,-9.74448e-07,-1.71268e-05,-3.81791e-05,-6.27374e-05,-8.90413e-05,-0.000115151,-0.000138835,-0.000158017,-0.00017281,-0.000183734,-0.000189857,-0.00019039,-0.000184744,-0.000172562,-0.000153738,-0.000128408,-9.69314e-05,-5.98405e-05,-1.77897e-05,2.85054e-05,7.83216e-05,0.000130969,0.000185814,0.000242272,0.000299792,0.000357807,0.000415695,0.000472728,0.000528049,0.000580677,0.000629541,0.000673567,0.000711795,0.000743536,0.000768555,0.000787279,0.000801027,0.000812259,0.000824796,0.000843484,0.000870093,0.000877274,0.000895723,0.000935551,0.000995719,0.00106799,0.00114039,0.00120076,0.00123974,0.00125285,0.00124113,0.00121075,0.00117155,0.00113497,0.00111168,0.00110937,0.00113109,0.00117454,0.00123252,0.00129415,0.00134689,0.00137873,0.00138049,0.00134788,0.00128288,0.00119406,0.00109511,0.00100163,0.000926461,0.000874787,0.00083952,0.000796585,0.000764466,0.000740897,0.000721386,0.000702292,0.000681106,0.00065629,0.000627077,0.000593292,0.00055518,0.000513271,0.000468252,0.000420866,0.000371837,0.000321836,0.000271458,0.000221236,0.000171668,0.000123245,7.64877e-05,3.19592e-05,-9.72559e-06,-4.79158e-05,-8.19556e-05,-0.000111227,-0.000135203,-0.000153493,-0.000165887,-0.000172385,-0.000173204,-0.00016877,-0.000159685,-0.000146693,-0.000129089,-0.000106771,-8.19382e-05,-5.68956e-05,-3.36337e-05,-1.39829e-05,5.70958e-07,9.11812e-06,1.14434e-05,8.03366e-06,0
0,7.64059e-06,1.2286e-05,1.1787e-05,5.2443e-06,-7.64509e-06,-2.6465e-05,-5.00881e-05,-7.68262e-05,-0.000104699,-0.000131645,-0.000155388,-0.00017388,-0.000187352,-0.000196446,-0.0002003,-0.000198212,-0.000189689,-0.000174482,-0.000152592,-0.000124267,-8.99724e-05,-5.0339e-05,-6.10807e-06,4.19335e-05,9.30103e-05,0.000146402,0.000201466,0.000257636,0.000314399,0.000371248,0.00042764,0.000482943,0.000536406,0.000587162,0.00063426,0.000676744,0.00071377,0.000744764,0.000769601,0.000788835,0.000803987,0.000818014,0.000836363,0.000870093,0.000947326,0.000926262,0.000938067,0.000988678,0.00107355,0.00117927,0.00128759,0.00138024,0.00144328,0.00146976,0.00146064,0.00142401,0.00137315,0.00132368,0.00129037,0.00128398,0.00130895,0.00136241,0.00143476,0.00151146,0.00157569,0.00161121,0.00160535,0.00155192,0.00145356,0.00132258,0.00117946,0.00104832,0.000950154,0.00089544,0.000877551,0.00079715,0.000754416,0.000727808,0.000707849,0.000689423,0.000669514,0.000646381,0.000619148,0.000587562,0.000551799,0.000512315,0.000469719,0.000424667,0.000377797,0.000329689,0.000280853,0.000231746,0.000182801,0.000134465,8.72332e-05,4.16742e-05,-1.56773e-06,-4.17844e-05,-7.82371e-05,-0.000110204,-0.000137033,-0.000158202,-0.000173365,-0.000182383,-0.00018535,-0.00018258,-0.000174592,-0.000162069,-0.000144209,-0.000120842,-9.42399e-05,-6.68732e-05,-4.09799e-05,-1.87054e-05,-1.86407e-06,8.36351e-06,1.16153e-05,8.39501e-06,0
0,7.13909e-06,1.09226e-05,8.93056e-06,2.89915e-07,-1.51162e-05,-3.65813e-05,-6.26555e-05,-9.1367e-05,-0.000120539,-0.000148014,-0.000171506,-0.000189016,-0.000200913,-0.000207971,-0.000209412,-0.000204629,-0.000193233,-0.000175084,-0.000150296,-0.000119228,-8.24498e-05,-4.06903e-05,5.22614e-06,5.44465e-05,0.000106151,0.000159598,0.000214153,0.000269284,0.000324541,0.00037951,0.000433761,0.000486798,0.000538023,0.000586731,0.000632137,0.00067345,0.000709981,0.000741287,0.000767346,0.000788753,0.000806961,0.000824592,0.000845896,0.000877274,0.000926262,0.000895349,0.000904069,0.000959531,0.00105692,0.00118117,0.00131144,0.00142676,0.00151092,0.00155543,0.0015604,0.00153372,0.00148891,0.00144221,0.00140919,0.00140141,0.00142394,0.00147415,0.00154228,0.00161325,0.00166932,0.00169313,0.00167092,0.00159592,0.00147127,0.00131151,0.00114104,0.000989071,0.000881747,0.000834234,0.00084697,0.00078262,0.000742298,0.000715373,0.000694706,0.000675781,0.000655783,0.000633044,0.000606704,0.000576484,0.000542508,0.000505153,0.000464925,0.00042237,0.000378003,0.000332277,0.00028558,0.000238254,0.000190637,0.000143098,9.60827e-05,5.01394e-05,5.9232e-06,-3.58158e-05,-7.42675e-05,-0.000108612,-0.000138082,-0.00016202,-0.000179937,-0.000191556,-0.000196829,-0.000195949,-0.00018933,-0.000177573,-0.000159756,-0.000135615,-0.000107464,-7.79086e-05,-4.94182e-05,-2.44519e-05,-5.16886e-06,6.94926e-06,1.13584e-05,8.5509e-06,0
0,6.45232e-06,9.19625e-06,5.56374e-06,-5.26697e-06,-2.3204e-05,-4.72373e-05,-7.55973e-05,-0.000106044,-0.000136231,-0.000163935,-0.000186886,-0.00020316,-0.000213274,-0.000218147,-0.000217091,-0.000209602,-0.0001954,-0.000174454,-0.000146992,-0.000113483,-7.45982e-05,-3.11617e-05,1.59232e-05,6.57432e-05,0.000117441,0.000170267,0.000223605,0.00027698,0.000330028,0.000382454,0.00043398,0.000484283,0.000532962,0.000579521,0.00062339,0.000663992,0.000700835,0.000733649,0.000762536,0.000788129,0.000811745,0.000835506,0.000862358,0.000895723,0.000938067,0.000904069,0.000909302,0.000962299,0.0010602,0.00118988,0.00133206,0.00146662,0.00157729,0.00165453,0.00169635,0.00170751,0.00169773,0.00167922,0.00166402,0.00166137,0.00167571,0.00170562,0.00174404,0.00177941,0.00179761,0.0017843,0.00172785,0.00162272,0.00147269,0.00129267,0.00110755,0.0009472,0.000838588,0.000797594,0.000824051,0.000772791,0.000735724,0.000707927,0.000685022,0.00066373,0.000641794,0.000617796,0.00059097,0.000561043,0.000528083,0.000492372,0.000454297,0.000414256,0.000372608,0.000329643,0.000285589,0.00024064,0.000195,0.000148932,0.000102806,5.71242e-05,1.25327e-05,-3.01932e-05,-7.01856e-05,-0.000106538,-0.000138371,-0.000164899,-0.000185491,-0.000199722,-0.000207402,-0.000208586,-0.000203568,-0.000192852,-0.000175371,-0.000150745,-0.000121295,-8.97337e-05,-5.87392e-05,-3.10754e-05,-9.2543e-06,4.91864e-06,1.06865e-05,8.50201e-06,0
0,5.604e-06,7.16155e-06,1.78257e-06,-1.1281e-05,-3.17111e-05,-5.81889e-05,-8.86334e-05,-0.000120558,-0.000151474,-0.000179122,-0.000201276,-0.000216103,-0.000224281,-0.000226875,-0.000223299,-0.000213153,-0.000196267,-0.00017272,-0.000142852,-0.000107235,-6.66453e-05,-2.19928e-05,2.5744e-05,7.55977e-05,0.000126682,0.000178247,0.000229714,0.000280675,0.000330877,0.00038017,0.000428457,0.000475625,0.000521508,0.000565861,0.000608374,0.000648728,0.000686678,0.000722181,0.000755523,0.000787456,0.000819301,0.000852979,0.000890897,0.000935551,0.000988678,0.000959531,0.000962299,0.00100717,0.00109522,0.00121863,0.00136347,0.00151392,0.00165599,0.00177986,0.00188048,0.00195696,0.00201123,0.00204678,0.00206749,0.00207677,0.00207703,0.00206917,0.00205202,0.00202202,0.00197334,0.00189881,0.00179196,0.00165002,0.00147712,0.00128645,0.0010996,0.000942475,0.000838443,0.0008011,0.000829648,0.00078126,0.000742106,0.00070976,0.000681585,0.000655293,0.000629148,0.000601977,0.000573103,0.000542243,0.000509394,0.000474721,0.000438457,0.000400825,0.000361994,0.000322056,0.000281046,0.000238973,0.00019588,0.000151895,0.000107282,6.24777e-05,1.80974e-05,-2.50756e-05,-6.61302e-05,-0.000104085,-0.000137959,-0.000166843,-0.000189969,-0.000206763,-0.000216888,-0.000220255,-0.000217025,-0.000207587,-0.000190715,-0.000165889,-0.000135408,-0.000102061,-6.8706e-05,-3.83975e-05,-1.40003e-05,2.34132e-06,9.63208e-06,8.25876e-06,0
0,4.62354e-06,4.88331e-06,-2.30495e-06,-1.75963e-05,-4.04348e-05,-6.91945e-05,-0.000101497,-0.000134635,-0.000166005,-0.000193341,-0.000214481,-0.0002277,-0.000233841,-0.000234123,-0.000228058,-0.000215357,-0.000195955,-0.000170042,-0.000138063,-0.000100693,-5.88028e-05,-1.33866e-05,3.45087e-05,8.3868e-05,0.000133783,0.000183516,0.00023253,0.000280507,0.000327316,0.000372977,0.000417594,0.000461295,0.000504178,0.00054628,0.000587587,0.000628074,0.000667787,0.000706957,0.000746131,0.000786297,0.000828987,0.000876316,0.000930917,0.000995719,0.00107355,0.00105692,0.0010602,0.00109522,0.00116832,0.00127924,0.00142229,0.00158869,0.00176887,0.00195379,0.00213504,0.00230414,0.00245184,0.0025682,0.00264387,0.00267236,0.00265234,0.00258835,0.00248896,0.00236352,0.00221925,0.00206,0.00188696,0.0017011,0.00150637,0.00131206,0.00113307,0.000987272,0.000890725,0.000852494,0.000871379,0.000814276,0.000765459,0.000723349,0.000686036,0.000651714,0.000618919,0.000586594,0.00055408,0.000521039,0.00048736,0.00045306,0.000418191,0.000382773,0.000346754,0.000309999,0.00027232,0.000233517,0.00019344,0.000152058,0.000109509,6.61384e-05,2.25153e-05,-2.05871e-05,-6.22297e-05,-0.000101369,-0.000136934,-0.0001679,-0.000193368,-0.000212621,-0.00022517,-0.00023078,-0.00022947,-0.000221504,-0.000205483,-0.000180727,-0.000149488,-0.000114596,-7.90648e-05,-4.62166e-05,-1.92616e-05,-6.90374e-07,8.24469e-06,7.84057e-06,0
0,3.5448e-06,2.43375e-06,-6.58306e-06,-2.4052e-05,-4.91741e-05,-8.00234e-05,-0.000113945,-0.000148035,-0.000179605,-0.000206408,-0.000226364,-0.000237867,-0.000241928,-0.000239914,-0.000231445,-0.000216334,-0.000194623,-0.000166606,-0.000132826,-9.40587e-05,-5.12601e-05,-5.50407e-06,4.21008e-05,9.04982e-05,0.000138766,0.000186182,0.000232268,0.000276797,0.000319781,0.000361417,0.000402032,0.000442007,0.000481723,0.000521521,0.000561698,0.000602545,0.000644422,0.000687869,0.000733741,0.000783353,0.000838609,0.000902109,0.000977204,0.00106799,0.00117927,0.00118117,0.00118988,0.00121863,0.00127924,0.00137995,0.00152473,0.00171363,0.00194328,0.00220688,0.00249324,0.00278549,0.00306037,0.0032895,0.00344378,0.00350078,0.00345275,0.00331011,0.0030968,0.00284152,0.0025698,0.00229987,0.00204217,0.00180164,0.00158105,0.00138389,0.00121576,0.00108366,0.000993826,0.000949334,0.000948603,0.000871868,0.000805871,0.000748739,0.000698469,0.000653228,0.000611523,0.000572245,0.000534652,0.000498292,0.000462906,0.000428334,0.000394424,0.000360967,0.00032767,0.000294151,0.000259976,0.000224713,0.000188004,0.000149635,0.000109599,6.8137e-05,2.57506e-05,-1.6811e-05,-5.85953e-05,-9.85112e-05,-0.000135408,-0.000168158,-0.000195739,-0.000217296,-0.000232195,-0.00024005,-0.000240738,-0.000234385,-0.000219413,-0.000194971,-0.000163235,-0.000127051,-8.95556e-05,-5.43167e-05,-2.48749e-05,-4.0661e-06,6.58805e-06,7.27473e-06,0
0,2.4047e-06,-1.10327e-07,-1.09325e-05,-3.0488e-05,-5.77353e-05,-9.04617e-05,-0.000125758,-0.000160553,-0.000192101,-0.000218192,-0.000236844,-0.000246577,-0.000248567,-0.000244329,-0.000233584,-0.000216246,-0.00019246,-0.000162614,-0.000127348,-8.75235e-05,-4.41805e-05,1.53733e-06,4.84661e-05,9.55149e-05,0.000141753,0.000186483,0.000229287,0.000270041,0.000308899,0.000346247,0.000382636,0.000418711,0.000455136,0.000492558,0.000531587,0.000572829,0.000616953,0.000664807,0.000717563,0.000776881,0.000845093,0.000925386,0.00102199,0.00114039,0.00128759,0.00131144,0.00133206,0.00136347,0.00142229,0.00152473,0.00168447,0.00191121,0.0022095,0.00257703,0.00300202,0.00346007,0.00391178,0.00430364,0.00457553,0.00467683,0.00458733,0.00432872,0.00395221,0.00351695,0.00307384,0.00265828,0.00229003,0.00197665,0.00171796,0.00150985,0.00134695,0.00122396,0.00113628,0.00108033,0.00105402,0.000949148,0.000860061,0.000783752,0.000717524,0.000659118,0.000606762,0.000559147,0.000515357,0.000474773,0.000436959,0.000401555,0.00036819,0.000336417,0.000305687,0.00027536,0.000244746,0.000213168,0.000180045,0.000144971,0.00010778,6.8593e-05,2.78341e-05,-1.37863e-05,-5.53158e-05,-9.56283e-05,-0.000133507,-0.000167735,-0.000197174,-0.000220843,-0.000237967,-0.000248016,-0.000250719,-0.000246066,-0.000232293,-0.000208368,-0.000176376,-0.000139149,-9.99215e-05,-6.24764e-05,-3.06657e-05,-7.66268e-06,4.73682e-06,6.59481e-06,0
0,1.24183e-06,-2.67028e-06,-1.52342e-05,-3.67493e-05,-6.59375e-05,-0.000100317,-0.00013675,-0.000172027,-0.000203365,-0.000228612,-0.000245893,-0.000253856,-0.000253836,-0.00024749,-0.000234635,-0.000215284,-0.000189672,-0.000158279,-0.00012183,-8.12657e-05,-3.76995e-05,7.6622e-06,5.36078e-05,9.90181e-05,0.00014296,0.000184765,0.000224077,0.000260876,0.000295462,0.000328404,0.000360476,0.000392573,0.000425638,0.000460608,0.000498388,0.00053987,0.000586005,0.00063791,0.000697025,0.000765303,0.000845437,0.000941117,0.00105733,0.00120076,0.00138024,0.00142676,0.00146662,0.00151392,0.00158869,0.00171363,0.00191121,0.00220128,0.00259862,0.00310968,0.00372749,0.00442451,0.00514461,0.00579835,0.00627038,0.00645034,0.00628785,0.00583288,0.00519495,0.00448785,0.00379895,0.00318219,0.00266318,0.00224754,0.00192829,0.0016913,0.00151912,0.00139396,0.00130057,0.00122887,0.00117596,0.00103807,0.000922528,0.000824698,0.000740831,0.000668004,0.000604014,0.000547255,0.000496588,0.000451197,0.000410452,0.00037379,0.000340617,0.000310246,0.000281878,0.000254611,0.000227498,0.000199616,0.000170158,0.000138519,0.00010437,6.7704e-05,2.88569e-05,-1.15096e-05,-5.24549e-05,-9.28306e-05,-0.000131368,-0.00016677,-0.000197801,-0.000223361,-0.000242545,-0.000254684,-0.000259366,-0.00025644,-0.000243961,-0.000220713,-0.000188673,-0.000150641,-0.000109917,-7.04764e-05,-3.64553e-05,-1.13495e-05,2.77304e-06,5.83896e-06,0
0,9.50811e-08,-5.1682e-06,-1.93734e-05,-4.26905e-05,-7.3616e-05,-0.000109421,-0.000146767,-0.00018233,-0.000213314,-0.000237635,-0.000253529,-0.000259773,-0.000257852,-0.000249553,-0.000234788,-0.000213657,-0.00018648,-0.000153817,-0.000116468,-7.5446e-05,-3.19255e-05,1.28328e-05,5.75776e-05,0.000101168,0.000142674,0.000181456,0.000217224,0.000250057,0.000280391,0.000308972,0.00033678,0.000364944,0.000394662,0.000427129,0.000463509,0.000504941,0.000552597,0.000607795,0.000672154,0.000747803,0.000837635,0.000945622,0.0010772,0.00123974,0.00144328,0.00151092,0.00157729,0.00165599,0.00176887,0.00194328,0.0022095,0.00259862,0.00314016,0.00385805,0.00476272,0.00583697,0.00701416,0.00815287,0.00902697,0.0093749,0.0090528,0.00820156,0.00707999,0.00591204,0.00483804,0.00392491,0.00319142,0.00262928,0.00221633,0.00192383,0.0017207,0.00157701,0.00146787,0.00137735,0.00130132,0.00112949,0.000986972,0.000867324,0.000765641,0.00067826,0.0006025,0.000536438,0.0004787,0.000428274,0.000384343,0.000346152,0.000312895,0.00028366,0.000257405,0.000232983,0.000209197,0.000184887,0.000159028,0.000130818,9.97638e-05,6.57306e-05,2.89612e-05,-9.9392e-06,-5.00515e-05,-9.02168e-05,-0.000129127,-0.00016542,-0.000197774,-0.000224985,-0.000246029,-0.00026011,-0.000266679,-0.00026545,-0.000254304,-0.00023184,-0.000199923,-0.0001613,-0.000119317,-7.81071e-05,-4.20673e-05,-1.49939e-05,7.82386e-07,5.04803e-06,0
0,-9.97606e-07,-7.5292e-06,-2.32417e-05,-4.81778e-05,-8.06248e-05,-0.000117632,-0.000155685,-0.000191372,-0.000221901,-0.000245262,-0.000259805,-0.000264428,-0.000260756,-0.000250696,-0.000234246,-0.000211584,-0.000183105,-0.000149438,-0.000111448,-7.02065e-05,-2.69417e-05,1.7043e-05,6.04651e-05,0.00010217,0.000141232,0.000177045,0.000209379,0.000238406,0.000264687,0.000289126,0.000312887,0.000337306,0.000363798,0.00039378,0.000428625,0.00046966,0.000518211,0.000575707,0.000643835,0.000724749,0.00082134,0.000937569,0.0010789,0.00125285,0.00146976,0.00155543,0.00165453,0.00177986,0.00195379,0.00220688,0.00257703,0.00310968,0.00385805,0.00488123,0.00623579,0.00795321,0.00999127,0.0121497,0.0139718,0.0147604,0.0140077,0.0122155,0.0100759,0.00804292,0.00631706,0.00494387,0.00389744,0.00312717,0.00257809,0.0021978,0.00193829,0.00175748,0.00162201,0.00151091,0.00141833,0.00121512,0.00104764,0.000907742,0.000789448,0.000688422,0.000601556,0.000526643,0.000462104,0.000406759,0.00035963,0.000319791,0.000286253,0.0002579,0.000233474,0.0002116,0.000190857,0.000169864,0.000147391,0.000122454,9.44024e-05,6.29767e-05,2.83266e-05,-9.00323e-06,-4.81225e-05,-8.7872e-05,-0.000126916,-0.000163844,-0.000197259,-0.000225871,-0.000248551,-0.000264385,-0.000272701,-0.000273086,-0.000263253,-0.00024163,-0.000209961,-0.000170933,-0.000127915,-8.51737e-05,-4.73333e-05,-1.8466e-05,-1.14932e-06,4.26371e-06,0
0,-2.00037e-06,-9.68339e-06,-2.67399e-05,-5.30921e-05,-8.68373e-05,-0.000124829,-0.000163408,-0.000199095,-0.000229111,-0.000251527,-0.0002648,-0.000267945,-0.00026271,-0.00025111,-0.000233217,-0.000209281,-0.000179759,-0.000145338,-0.000106936,-6.56699e-05,-2.28092e-05,2.03103e-05,6.23846e-05,0.000102251,0.000138995,0.000172041,0.000201214,0.000226769,0.000249377,0.000270072,0.000290177,0.000311198,0.000334727,0.000362355,0.000395611,0.000435946,0.000484769,0.000543534,0.000613883,0.000697849,0.000798117,0.000918359,0.00106367,0.00124113,0.00146064,0.0015604,0.00169635,0.00188048,0.00213504,0.00249324,0.00300202,0.00372749,0.00476272,0.00623579,0.00831237,0.0111767,0.0149518,0.0194806,0.0238854,0.0261136,0.0239316,0.0195635,0.0150549,0.0112802,0.00839837,0.00629302,0.00478967,0.00373237,0.00299938,0.00249832,0.00215796,0.00192283,0.00175189,0.0016198,0.00151847,0.00128894,0.00110033,0.000943114,0.00081046,0.000697512,0.000600838,0.000518022,0.000447337,0.000387477,0.000337342,0.000295869,0.000261918,0.000234202,0.00021128,0.000191583,0.000173491,0.000155432,0.000135994,0.000114029,8.8745e-05,5.97663e-05,2.71537e-05,-8.60935e-06,-4.66665e-05,-8.58671e-05,-0.000124861,-0.000162198,-0.00019643,-0.000226188,-0.000250259,-0.000267625,-0.000277505,-0.000279368,-0.000270777,-0.000249998,-0.000218659,-0.000179379,-0.000135535,-9.15008e-05,-5.20979e-05,-2.1643e-05,-2.93947e-06,3.52675e-06,0
0,-2.88038e-06,-1.15675e-05,-2.97799e-05,-5.73293e-05,-9.21466e-05,-0.000130919,-0.000169867,-0.000205461,-0.00023495,-0.000256478,-0.000268608,-0.000270453,-0.000263875,-0.000250979,-0.000231903,-0.000206954,-0.000176642,-0.000141699,-0.00010308,-6.19388e-05,-1.95705e-05,2.26681e-05,6.34613e-05,0.000101646,0.000136322,0.000166943,0.000193383,0.000215966,0.00023545,0.000252977,0.000269992,0.000288133,0.000309124,0.00033468,0.000366432,0.000405902,0.000454516,0.000513681,0.000584908,0.000669996,0.000771274,0.000891912,0.00103633,0.00121075,0.00142401,0.00153372,0.00170751,0.00195696,0.00230414,0.00278549,0.00346007,0.00442451,0.00583697,0.00795321,0.0111767,0.0161101,0.0235336,0.0340276,0.0464788,0.0545973,0.0465336,0.0341248,0.0236513,0.0162231,0.0112633,0.00800168,0.00584933,0.00441584,0.00345362,0.00280489,0.00236554,0.00206418,0.00185215,0.00170017,0.00159743,0.00134782,0.00114285,0.000971992,0.000827834,0.000705183,0.00060041,0.000510978,0.000435073,0.000371312,0.000318511,0.000275512,0.00024106,0.000213737,0.000191954,0.000173986,0.000158055,0.00014243,0.000125547,0.000106121,8.32385e-05,5.64204e-05,2.56473e-05,-8.65586e-06,-4.56698e-05,-8.42595e-05,-0.00012307,-0.000160631,-0.00019545,-0.000226105,-0.000251308,-0.00026996,-0.000281182,-0.000284343,-0.000276871,-0.00025689,-0.000225918,-0.000186505,-0.000142025,-9.69349e-05,-5.62216e-05,-2.44131e-05,-4.51158e-06,2.87534e-06,0
0,-3.60863e-06,-1.3126e-05,-3.22852e-05,-6.08012e-05,-9.64645e-05,-0.000135826,-0.000175009,-0.000210455,-0.000239438,-0.000260178,-0.000271324,-0.000272084,-0.000264407,-0.000250477,-0.000230487,-0.000204788,-0.00017393,-0.000138675,-0.000100006,-5.90957e-05,-1.72529e-05,2.41576e-05,6.38191e-05,0.000100576,0.000133545,0.000162207,0.000186478,0.000206734,0.000223799,0.000238895,0.000253551,0.000269496,0.000288541,0.000312479,0.000342997,0.000381638,0.000429804,0.000488808,0.000559985,0.000644849,0.000745302,0.000863914,0.00100428,0.00117155,0.00137315,0.00148891,0.00169773,0.00201123,0.00245184,0.00306037,0.00391178,0.00514461,0.00701416,0.00999127,0.0149518,0.0235336,0.0387099,0.0650979,0.105703,0.143398,0.105764,0.0652043,0.0388359,0.0236497,0.0150335,0.0100272,0.00700976,0.00512122,0.0039002,0.00309138,0.00254677,0.00217601,0.00192258,0.00175344,0.00165482,0.00139141,0.00117495,0.000994268,0.000841633,0.000711685,0.000600709,0.000506123,0.000426076,0.000359151,0.000304119,0.000259758,0.000224738,0.000197549,0.000176499,0.000159748,0.000145401,0.000131607,0.000116688,9.92517e-05,7.82877e-05,5.32332e-05,2.39992e-05,-9.04296e-06,-4.51119e-05,-8.30943e-05,-0.000121642,-0.000159272,-0.000194472,-0.000225777,-0.000251847,-0.000271516,-0.000283829,-0.00028807,-0.000281551,-0.000262277,-0.000231667,-0.000192207,-0.00014726,-0.000101346,-5.95844e-05,-2.66782e-05,-5.79773e-06,2.34371e-06,0
0,-4.16057e-06,-1.43124e-05,-3.41923e-05,-6.34355e-05,-9.97202e-05,-0.00013949,-0.0001788,-0.00021407,-0.000242604,-0.000262685,-0.000273041,-0.000272952,-0.000264442,-0.000249755,-0.000229125,-0.000202937,-0.000171767,-0.000136394,-9.78138e-05,-5.7203e-05,-1.58717e-05,2.48208e-05,6.3568e-05,9.92295e-05,0.000130942,0.000158212,0.000180988,0.000199682,0.000215163,0.000228697,0.000241865,0.000256444,0.000274292,0.000297235,0.000326978,0.000365056,0.000412819,0.000471482,0.000542205,0.00062623,0.000725063,0.000840709,0.000975986,0.00113497,0.00132368,0.00144221,0.00167922,0.00204678,0.0025682,0.0032895,0.00430364,0.00579835,0.00815287,0.0121497,0.0194806,0.0340276,0.0650979,0.134407,0.281113,0.493204,0.281176,0.134517,0.0652258,0.0341408,0.0195533,0.012171,0.00813143,0.0057604,0.00428573,0.00332775,0.00268784,0.00225554,0.00196662,0.00178469,0.00169313,0.00142141,0.0011978,0.00101081,0.000852571,0.000717678,0.000602404,0.000504165,0.000421109,0.00035181,0.000295018,0.000249483,0.000213831,0.0001865,0.000165736,0.000149632,0.000136219,0.000123571,0.000109937,9.38487e-05,7.42288e-05,5.04516e-05,2.23727e-05,-9.68307e-06,-4.49714e-05,-8.24053e-05,-0.000120651,-0.000158232,-0.000193623,-0.000225339,-0.000252006,-0.000272411,-0.000285538,-0.000290606,-0.00028484,-0.000266142,-0.000235856,-0.000196406,-0.000151142,-0.000104629,-6.2087e-05,-2.83564e-05,-6.74066e-06,1.96095e-06,0
0,-4.51665e-06,-1.50896e-05,-3.54511e-05,-6.51758e-05,-0.000101859,-0.000141869,-0.000181213,-0.000216303,-0.00024447,-0.00026405,-0.000273832,-0.000273152,-0.00026409,-0.000248931,-0.000227939,-0.000201521,-0.000170262,-0.000134949,-9.6573e-05,-5.63023e-05,-1.54326e-05,2.46951e-05,6.27954e-05,9.77508e-05,0.000128721,0.000155238,0.00017727,0.000195252,0.000210071,0.000223011,0.000235664,0.00024982,0.000267341,0.000290051,0.000319645,0.000357629,0.000405308,0.000463812,0.000534177,0.000617457,0.000714879,0.000828051,0.000959223,0.00111168,0.00129037,0.00140919,0.00166402,0.00206749,0.00264387,0.00344378,0.00457553,0.00627038,0.00902697,0.0139718,0.0238854,0.0464788,0.105703,0.281113,0.82319,2.18868,0.823254,0.281222,0.105828,0.0465853,0.0239476,0.0139798,0.00899141,0.00622055,0.00455132,0.00348442,0.00277696,0.00230202,0.00198948,0.00180044,0.00171612,0.00144041,0.00121321,0.0010229,0.000861617,0.000723948,0.000606184,0.000505752,0.000420808,0.000349926,0.000291853,0.000245331,0.000208974,0.000181205,0.00016025,0.000144182,0.000131004,0.000118762,0.000105668,9.02225e-05,7.13072e-05,4.82576e-05,2.08898e-05,-1.05094e-05,-4.52304e-05,-8.22166e-05,-0.000120158,-0.000157593,-0.000193003,-0.000224899,-0.00025189,-0.000272736,-0.000286385,-0.000292005,-0.000286761,-0.000268482,-0.000238449,-0.000199042,-0.000153596,-0.000106702,-6.36525e-05,-2.93836e-05,-7.29533e-06,1.74999e-06,0
0,-4.66266e-06,-1.54307e-05,-3.60251e-05,-6.59806e-05,-0.000102841,-0.00014293,-0.00018223,-0.000217153,-0.000245055,-0.00026431,-0.000273749,-0.000272749,-0.000263424,-0.000248084,-0.000227009,-0.000200614,-0.000169484,-0.000134396,-9.63244e-05,-5.64143e-05,-1.59331e-05,2.38091e-05,6.15591e-05,9.62298e-05,0.000127008,0.000153446,0.000175526,0.000193688,0.000208814,0.000222174,0.000235341,0.000250076,0.000268212,0.000291539,0.000321717,0.000360221,0.00040832,0.000467111,0.000537584,0.000620732,0.000717695,0.000829942,0.000959513,0.00110937,0.00128398,0.00140141,0.00166137,0.00207677,0.00267236,0.00350078,0.00467683,0.00645034,0.0093749,0.0147604,0.0261136,0.0545973,0.143398,0.493204,2.18868,11.8162,2.18874,0.493309,0.143516,0.0546962,0.0261674,0.0147599,0.00933156,0.00639405,0.0046481,0.00353944,0.00280666,0.00231636,0.00199623,0.00180645,0.00172724,0.0014508,0.00122281,0.0010317,0.000869594,0.000731115,0.000612548,0.000511315,0.000425566,0.000353873,0.000294985,0.000247654,0.000210508,0.000181992,0.000160354,0.00014369,0.000130022,0.000117415,0.00010409,8.85468e-05,6.96626e-05,4.67566e-05,1.96223e-05,-1.14818e-05,-4.58783e-05,-8.25432e-05,-0.000120198,-0.000157408,-0.000192676,-0.000224526,-0.000251569,-0.000272556,-0.00028642,-0.000292304,-0.000287331,-0.000269292,-0.000239423,-0.000200076,-0.00015457,-0.000107509,-6.42268e-05,-2.97148e-05,-7.43012e-06,1.72694e-06,0
0,-4.59011e-06,-1.53193e-05,-3.58918e-05,-6.58242e-05,-0.000102641,-0.000142652,-0.000181837,-0.000216615,-0.000244363,-0.000263478,-0.000272816,-0.000271774,-0.000262479,-0.00024725,-0.00022637,-0.000200249,-0.000169458,-0.000134753,-9.70761e-05,-5.75376e-05,-1.73629e-05,2.21816e-05,5.98848e-05,9.46974e-05,0.000125836,0.000152871,0.000175789,0.000195019,0.000211416,0.000226209,0.000240916,0.000257236,0.000276936,0.000301745,0.000333271,0.000372952,0.000422048,0.000481671,0.000552865,0.000636712,0.000734481,0.000847809,0.000978944,0.00113109,0.00130895,0.00142394,0.00167571,0.00207703,0.00265234,0.00345275,0.00458733,0.00628785,0.0090528,0.0140077,0.0239316,0.0465336,0.105764,0.281176,0.823254,2.18874,0.823312,0.281275,0.105875,0.0466264,0.0239816,0.0140062,0.00901034,0.00623254,0.00455745,0.00348616,0.0027761,0.00230074,0.00199031,0.00180595,0.00172834,0.00145381,0.00122742,0.00103772,0.000876845,0.000739401,0.00062164,0.000520945,0.00043544,0.000363685,0.000304436,0.000256466,0.000218447,0.000188875,0.000166062,0.000148171,0.000133294,0.000119554,0.000105226,8.88482e-05,6.93203e-05,4.59709e-05,1.85876e-05,-1.25899e-05,-4.69122e-05,-8.33909e-05,-0.000120786,-0.0001577,-0.000192671,-0.00022425,-0.000251072,-0.0002719,-0.000285669,-0.000291516,-0.000286557,-0.000268566,-0.000238764,-0.000199482,-0.000154033,-0.000107019,-6.378e-05,-2.93252e-05,-7.12777e-06,1.9005e-06,0
0,-4.29642e-06,-1.475e-05,-3.50431e-05,-6.46963e-05,-0.000101247,-0.000141023,-0.000180021,-0.00021468,-0.000242387,-0.000261549,-0.000271027,-0.00027022,-0.000261248,-0.000246419,-0.000226008,-0.000200407,-0.000170162,-0.000135994,-9.88029e-05,-5.96485e-05,-1.97031e-05,1.98216e-05,5.77661e-05,9.31253e-05,0.000125147,0.000153419,0.000177923,0.000199061,0.000217641,0.000234822,0.000252037,0.000270887,0.000293041,0.000320137,0.000353711,0.000395163,0.000445759,0.000506676,0.000579097,0.000664333,0.000763984,0.000880149,0.00101568,0.00117454,0.00136241,0.00147415,0.00170562,0.00206917,0.00258835,0.00331011,0.00432872,0.00583288,0.00820156,0.0122155,0.0195635,0.0341248,0.0652043,0.134517,0.281222,0.493309,0.281275,0.134608,0.0653084,0.0342137,0.0196151,0.012221,0.00816925,0.00578676,0.00430213,0.0033364,0.00269165,0.00225821,0.00197268,0.00179887,0.00171915,0.00144916,0.00122676,0.00104069,0.000883092,0.000748526,0.000633168,0.000534338,0.000450115,0.000379037,0.000319872,0.000271436,0.000232463,0.000201541,0.000177085,0.000157368,0.000140594,0.00012499,0.000108924,9.10066e-05,7.01922e-05,4.58402e-05,1.77486e-05,-1.3852e-05,-4.83372e-05,-8.47553e-05,-0.000121911,-0.000158455,-0.000192972,-0.00022406,-0.000250391,-0.000270759,-0.000284123,-0.000289636,-0.000284431,-0.000266298,-0.000236462,-0.000197253,-0.000151977,-0.000105222,-6.2306e-05,-2.82107e-05,-6.38589e-06,2.27165e-06,0
0,-3.78514e-06,-1.3729e-05,-3.34861e-05,-6.26031e-05,-9.86627e-05,-0.000138041,-0.000176776,-0.000211332,-0.000239105,-0.000258494,-0.000268346,-0.000268045,-0.000259681,-0.000245536,-0.000225863,-0.000201025,-0.000171531,-0.000138056,-0.000101446,-6.26998e-05,-2.29249e-05,1.67312e-05,5.51687e-05,9.14319e-05,0.000124803,0.000154881,0.000181637,0.000205433,0.000227007,0.000247423,0.000267999,0.000290205,0.000315579,0.000345635,0.000381815,0.000425467,0.000477864,0.000540279,0.000614089,0.000700931,0.000802889,0.000922735,0.00106423,0.00123252,0.00143476,0.00154228,0.00174404,0.00205202,0.00248896,0.0030968,0.00395221,0.00519495,0.00707999,0.0100759,0.0150549,0.0236513,0.0388359,0.0652258,0.105828,0.143516,0.105875,0.0653084,0.0389326,0.0237381,0.0151124,0.0100952,0.00706597,0.00516566,0.00393377,0.00311583,0.00256488,0.0021919,0.00194175,0.00178197,0.00169748,0.00143514,0.00121952,0.00103957,0.000887479,0.000757737,0.000646436,0.000550821,0.000468919,0.000399255,0.000340622,0.000291896,0.000251911,0.000219376,0.00019285,0.00017076,0.000151462,0.00013333,0.000114858,9.47646e-05,7.20841e-05,4.6228e-05,1.70191e-05,-1.53121e-05,-5.01629e-05,-8.662e-05,-0.000123538,-0.000159626,-0.000193528,-0.000223901,-0.000249471,-0.000269084,-0.000281742,-0.000286632,-0.000280933,-0.000262477,-0.000232516,-0.000193396,-0.000148417,-0.000102138,-5.98236e-05,-2.63883e-05,-5.21725e-06,2.83353e-06,0
0,-3.06599e-06,-1.22739e-05,-3.12432e-05,-5.95675e-05,-9.49064e-05,-0.000133717,-0.000172101,-0.000206557,-0.000234485,-0.000254264,-0.000264711,-0.000265172,-0.000257689,-0.000244502,-0.000225828,-0.000201993,-0.000173456,-0.000140836,-0.000104914,-6.66203e-05,-2.69875e-05,1.29093e-05,5.20366e-05,8.94922e-05,0.000124593,0.000156949,0.000186509,0.000213583,0.000238821,0.000263171,0.000287801,0.000314024,0.000343206,0.000376708,0.000415844,0.000461881,0.000516088,0.000579823,0.000654672,0.000742632,0.000846332,0.00096932,0.00111641,0.00129415,0.00151146,0.00161325,0.00177941,0.00202202,0.00236352,0.00284152,0.00351695,0.00448785,0.00591204,0.00804292,0.0112802,0.0162231,0.0236497,0.0341408,0.0465853,0.0546962,0.0466264,0.0342137,0.0237381,0.0163084,0.011346,0.00808037,0.00592223,0.00448165,0.00351158,0.00285499,0.00240904,0.00210422,0.00189393,0.0017499,0.00166001,0.00140928,0.00120381,0.00103289,0.000888803,0.000765984,0.00066047,0.000569444,0.000490905,0.000423384,0.000365725,0.000316897,0.000275864,0.000241496,0.000212534,0.000187598,0.000165237,0.000144004,0.000122556,9.97464e-05,7.47115e-05,4.69336e-05,1.6273e-05,-1.70327e-05,-5.23995e-05,-8.89542e-05,-0.000125607,-0.000161132,-0.000194246,-0.000223677,-0.000248223,-0.000266795,-0.000278458,-0.000282454,-0.00027603,-0.000257091,-0.000226935,-0.000187935,-0.000143389,-9.78102e-05,-5.63769e-05,-2.38961e-05,-3.64964e-06,3.57154e-06,0
0,-2.15489e-06,-1.04138e-05,-2.83526e-05,-5.56309e-05,-9.00155e-05,-0.000128076,-0.000166002,-0.000200339,-0.000228488,-0.000248798,-0.000260036,-0.000261495,-0.00025515,-0.00024318,-0.000225758,-0.000203159,-0.000175786,-0.000144192,-0.000109085,-7.13149e-05,-3.18358e-05,8.35692e-06,4.83008e-05,8.71503e-05,0.000124257,0.000159237,0.000192014,0.00022283,0.000252234,0.000281031,0.000310219,0.000340917,0.00037429,0.000411503,0.000453704,0.00050204,0.000557732,0.000622183,0.000697149,0.000784943,0.000888702,0.00101271,0.0011628,0.00134689,0.00157569,0.00166932,0.00179761,0.00197334,0.00221925,0.0025698,0.00307384,0.00379895,0.00483804,0.00631706,0.00839837,0.0112633,0.0150335,0.0195533,0.0239476,0.0261674,0.0239816,0.0196151,0.0151124,0.011346,0.00847268,0.00637439,0.00487574,0.0038203,0.00308616,0.00258131,0.00223575,0.00199632,0.0018246,0.00169677,0.00160351,0.00136915,0.00117783,0.00101925,0.000885874,0.000772182,0.000674208,0.00058913,0.00051496,0.000450278,0.000394014,0.000345269,0.000303176,0.000266804,0.000235113,0.000206951,0.000181093,0.000156305,0.000131431,0.000105484,7.77204e-05,4.77087e-05,1.53562e-05,-1.90863e-05,-5.50522e-05,-9.17099e-05,-0.00012803,-0.00016286,-0.000194998,-0.000223257,-0.000246519,-0.00026378,-0.00027418,-0.000277036,-0.000269687,-0.000250134,-0.00021974,-0.000180918,-0.000136957,-9.23093e-05,-5.20351e-05,-2.07932e-05,-1.72546e-06,4.46366e-06,0
0,-1.07379e-06,-8.18973e-06,-2.48689e-05,-5.08537e-05,-8.40468e-05,-0.000121161,-0.000158501,-0.000192672,-0.000221078,-0.000242027,-0.000254222,-0.000256889,-0.000251915,-0.000241403,-0.000225473,-0.00020434,-0.000178339,-0.000147951,-0.000113805,-7.66649e-05,-3.73984e-05,3.0825e-06,4.38894e-05,8.42347e-05,0.000123505,0.000161318,0.000197564,0.000232413,0.000266293,0.000299851,0.000333892,0.000369309,0.000407035,0.000448002,0.000493141,0.000543431,0.000599978,0.000664162,0.000737814,0.000823452,0.000924575,0.00104601,0.0011944,0.00137873,0.00161121,0.00169313,0.0017843,0.00189881,0.00206,0.00229987,0.00265828,0.00318219,0.00392491,0.00494387,0.00629302,0.00800168,0.0100272,0.012171,0.0139798,0.0147599,0.0140062,0.012221,0.0100952,0.00808037,0.00637439,0.00502049,0.00399091,0.00323354,0.00269233,0.00231453,0.00205307,0.00186822,0.00172952,0.00161779,0.0015261,0.00131345,0.00114059,0.000997825,0.000877905,0.000775494,0.000686722,0.000608841,0.000539942,0.000478707,0.000424205,0.000375709,0.000332559,0.000294059,0.000259423,0.000227759,0.000198092,0.000169427,0.000140816,0.000111446,8.07131e-05,4.82777e-05,1.41024e-05,-2.15454e-05,-5.81154e-05,-9.48197e-05,-0.000130694,-0.000164667,-0.000195625,-0.000222479,-0.000244209,-0.000259906,-0.000268804,-0.000270307,-0.000261869,-0.00024161,-0.000210972,-0.000172413,-0.000129211,-8.57341e-05,-4.68925e-05,-1.71586e-05,4.99246e-07,5.48106e-06,0
0,1.49663e-07,-5.65389e-06,-2.08631e-05,-4.53163e-05,-7.70792e-05,-0.000113039,-0.00014964,-0.000183564,-0.000212225,-0.000233882,-0.000247164,-0.000251215,-0.000247817,-0.000238983,-0.000224769,-0.000205321,-0.000180903,-0.000151914,-0.000118898,-8.25295e-05,-4.35855e-05,-2.89226e-06,3.87375e-05,8.05745e-05,0.000122038,0.000162746,0.000202551,0.000241539,0.00028001,0.000318438,0.000357414,0.000397587,0.000439623,0.000484182,0.000531938,0.000583636,0.000640199,0.000702881,0.000773463,0.000854503,0.000949627,0.00106391,0.00120435,0.00138049,0.00160535,0.00167092,0.00172785,0.00179196,0.00188696,0.00204217,0.00229003,0.00266318,0.00319142,0.00389744,0.00478967,0.00584933,0.00700976,0.00813143,0.00899141,0.00933156,0.00901034,0.00816925,0.00706597,0.00592223,0.00487574,0.00399091,0.00328411,0.00274475,0.00234864,0.00206586,0.00186564,0.00171998,0.00160659,0.00151114,0.00142845,0.00124281,0.00109259,0.000968844,0.000864843,0.000775575,0.000697393,0.000627717,0.000564792,0.000507466,0.000454992,0.00040686,0.000362655,0.000321947,0.00028423,0.000248893,0.000215236,0.000182515,0.000150005,0.000117079,8.32759e-05,4.83589e-05,1.23478e-05,-2.44718e-05,-6.15664e-05,-9.81946e-05,-0.000133462,-0.000166383,-0.000195944,-0.000221161,-0.000241122,-0.000255027,-0.000262218,-0.000262198,-0.000252552,-0.000231541,-0.000200696,-0.00016252,-0.000120271,-7.82112e-05,-4.10676e-05,-1.30899e-05,2.95621e-06,6.58897e-06,0
0,1.4826e-06,-2.86898e-06,-1.64216e-05,-3.91199e-05,-6.92154e-05,-0.0001038,-0.000139483,-0.000173045,-0.000201916,-0.000224305,-0.000238762,-0.000244333,-0.000242682,-0.000235717,-0.000223424,-0.000205873,-0.000183247,-0.000155861,-0.000124166,-8.87476e-05,-5.02882e-05,-9.5277e-06,3.27973e-05,7.60146e-05,0.000119574,0.000163094,0.000206381,0.000249435,0.000292421,0.000335631,0.000379428,0.000424202,0.000470327,0.000518163,0.000568082,0.000620541,0.000676202,0.000736093,0.000801805,0.000875735,0.000961372,0.00106364,0.00118937,0.00134788,0.00155192,0.00159592,0.00162272,0.00165002,0.0017011,0.00180164,0.00197665,0.00224754,0.00262928,0.00312717,0.00373237,0.00441584,0.00512122,0.0057604,0.00622055,0.00639405,0.00623254,0.00578676,0.00516566,0.00448165,0.0038203,0.00323354,0.00274475,0.00235698,0.00206072,0.00183992,0.00167656,0.00155377,0.00145788,0.00137961,0.00131468,0.00116046,0.00103615,0.000933852,0.000847548,0.000772708,0.000706022,0.000645171,0.000588623,0.000535443,0.000485117,0.000437387,0.000392111,0.000349147,0.000308289,0.000269219,0.000231522,0.000194713,0.000158295,0.000121832,8.50071e-05,4.76863e-05,9.94748e-06,-2.79064e-05,-6.53607e-05,-0.000101723,-0.000136174,-0.00016782,-0.000195755,-0.000219105,-0.000237081,-0.000249,-0.000254319,-0.000252654,-0.000241735,-0.000219977,-0.000189006,-0.000151368,-0.000110287,-6.98944e-05,-3.47009e-05,-8.70111e-06,5.5669e-06,7.74786e-06,0
0,2.88773e-06,9.29683e-08,-1.16459e-05,-3.23855e-05,-6.05828e-05,-9.35604e-05,-0.000128124,-0.000161172,-0.000190163,-0.000213262,-0.000228931,-0.000236114,-0.000236342,-0.000231406,-0.000221215,-0.000205757,-0.00018513,-0.000159556,-0.000129397,-9.51409e-05,-5.73785e-05,-1.67621e-05,2.60461e-05,7.04298e-05,0.000115869,0.000161975,0.000208514,0.000255393,0.000302642,0.000350366,0.0003987,0.000447759,0.00049762,0.00054832,0.000599896,0.000652478,0.0007064,0.000762376,0.000821682,0.000886379,0.000959556,0.00104562,0.00115064,0.00128288,0.00145356,0.00147127,0.00147269,0.00147712,0.00150637,0.00158105,0.00171796,0.00192829,0.00221633,0.00257809,0.00299938,0.00345362,0.0039002,0.00428573,0.00455132,0.0046481,0.00455745,0.00430213,0.00393377,0.00351158,0.00308616,0.00269233,0.00234864,0.00206072,0.001826,0.00163811,0.00149016,0.00137625,0.00129157,0.00123178,0.00119264,0.00107222,0.000975436,0.000895662,0.000827753,0.000767771,0.000712822,0.000660899,0.000610742,0.000561669,0.000513429,0.000466037,0.000419639,0.000374398,0.000330407,0.000287651,0.000245995,0.000205212,0.000165031,0.000125199,8.55441e-05,4.603e-05,6.78938e-06,-3.18607e-05,-6.9428e-05,-0.000105274,-0.000138656,-0.00016878,-0.000194851,-0.000216118,-0.000231916,-0.000241691,-0.000245023,-0.000241643,-0.000229442,-0.000206997,-0.00017603,-0.00013912,-9.94409e-05,-6.09634e-05,-2.79528e-05,-4.1193e-06,8.24509e-06,8.91485e-06,0
0,4.32429e-06,3.1522e-06,-6.65034e-06,-2.52531e-05,-5.13336e-05,-8.24699e-05,-0.00011569,-0.000148036,-0.000177012,-0.000200747,-0.000217615,-0.000226453,-0.000228646,-0.000225863,-0.000217926,-0.000204739,-0.000186308,-0.000162762,-0.000134368,-0.000101518,-6.47093e-05,-2.4509e-05,1.84939e-05,6.37368e-05,0.000110727,0.000159072,0.000208492,0.000258808,0.000309914,0.000361734,0.000414176,0.000467088,0.000520244,0.000573353,0.00062611,0.000678287,0.000729857,0.000781162,0.000833079,0.000887215,0.000946087,0.00101331,0.00109381,0.00119406,0.00132258,0.00131151,0.00129267,0.00128645,0.00131206,0.00138389,0.00150985,0.0016913,0.00192383,0.0021978,0.00249832,0.00280489,0.00309138,0.00332775,0.00348442,0.00353944,0.00348616,0.0033364,0.00311583,0.00285499,0.00258131,0.00231453,0.00206586,0.00183992,0.00163811,0.00146185,0.0013143,0.00119999,0.0011225,0.00108191,0.00107335,0.000985998,0.000915934,0.000857946,0.00080777,0.00076205,0.000718295,0.000674818,0.000630631,0.000585321,0.000538902,0.000491671,0.000444066,0.000396544,0.000349499,0.000303204,0.000257794,0.00021329,0.000169633,0.000126744,8.45872e-05,4.32141e-05,2.80627e-06,-3.63104e-05,-7.36707e-05,-0.000108694,-0.00014072,-0.000169059,-0.000193032,-0.000212016,-0.000225477,-0.000232993,-0.000234274,-0.000229171,-0.000215738,-0.000192723,-0.000161936,-0.000125975,-8.7942e-05,-5.16201e-05,-2.09989e-05,5.18975e-07,1.08999e-05,1.00455e-05,0
0,5.7493e-06,6.22344e-06,-1.55983e-06,-1.78798e-05,-4.16441e-05,-7.07068e-05,-0.000102345,-0.000133769,-0.000162551,-0.000186795,-0.000204794,-0.000215277,-0.000219475,-0.000218924,-0.000213362,-0.000202599,-0.000186548,-0.000165245,-0.000138856,-0.000107678,-7.21171e-05,-3.26557e-05,1.0188e-05,5.59031e-05,0.000104023,0.000154151,0.000205965,0.000259204,0.000313635,0.000369012,0.000425026,0.000481275,0.000537241,0.00059232,0.000645866,0.000697299,0.000746226,0.000792602,0.000836887,0.000880207,0.000924474,0.000972471,0.00102786,0.00109511,0.00117946,0.00114104,0.00110755,0.0010996,0.00113307,0.00121576,0.00134695,0.00151912,0.0017207,0.00193829,0.00215796,0.00236554,0.00254677,0.00268784,0.00277696,0.00280666,0.0027761,0.00269165,0.00256488,0.00240904,0.00223575,0.00205307,0.00186564,0.00167656,0.00149016,0.0013143,0.0011607,0.00104261,0.000970558,0.000948043,0.000969277,0.000910296,0.000863388,0.0008245,0.000789993,0.0007569,0.000723025,0.000686933,0.000647878,0.00060569,0.000560641,0.000513293,0.000464359,0.000414579,0.000364623,0.000315032,0.000266192,0.000218347,0.000171634,0.000126131,8.19192e-05,3.91304e-05,-2.0153e-06,-4.11909e-05,-7.79641e-05,-0.000111817,-0.000142177,-0.000168462,-0.000190113,-0.000206641,-0.000217645,-0.000222839,-0.000222064,-0.000215288,-0.000200736,-0.00017732,-0.00014693,-0.000112165,-7.6027e-05,-4.20847e-05,-1.40257e-05,5.07253e-06,1.34396e-05,1.10956e-05,0
0,7.11901e-06,9.21844e-06,3.4936e-06,-1.04358e-05,-3.17116e-05,-5.84793e-05,-8.82891e-05,-0.000118546,-0.000146916,-0.000171493,-0.000190501,-0.000202562,-0.000208752,-0.000210468,-0.00020736,-0.000199145,-0.00018564,-0.000166782,-0.000142641,-0.000113417,-7.94239e-05,-4.1063e-05,1.21625e-06,4.6953e-05,9.5707e-05,0.000147078,0.000200706,0.000256257,0.000313384,0.000371687,0.000430665,0.000489683,0.000547966,0.000604616,0.000658683,0.000709255,0.000755602,0.000797324,0.000834507,0.000867866,0.000898832,0.000929571,0.000962844,0.00100163,0.00104832,0.000989071,0.0009472,0.000942475,0.000987272,0.00108366,0.00122396,0.00139396,0.00157701,0.00175748,0.00192283,0.00206418,0.00217601,0.00225554,0.00230202,0.00231636,0.00230074,0.00225821,0.0021919,0.00210422,0.00199632,0.00186822,0.00171998,0.00155377,0.00137625,0.00119999,0.00104261,0.00092313,0.000856408,0.000847956,0.000891504,0.000852156,0.000822373,0.000798308,0.000776286,0.000753359,0.000727423,0.000697187,0.000662082,0.000622144,0.000577867,0.000530051,0.000479656,0.000427672,0.000375016,0.000322465,0.000270625,0.000219936,0.000170701,0.000123135,7.74195e-05,3.37487e-05,-7.62982e-06,-4.63968e-05,-8.21595e-05,-0.000114468,-0.000142843,-0.000166811,-0.00018594,-0.000199873,-0.000208347,-0.000211212,-0.000208435,-0.0002001,-0.000184597,-0.000161,-0.00013126,-9.79537e-05,-6.39539e-05,-3.25895e-05,-7.22393e-06,9.40081e-06,1.57749e-05,1.20233e-05,0
0,8.39048e-06,1.20491e-05,8.37468e-06,-3.10097e-06,-2.17511e-05,-4.60229e-05,-7.37597e-05,-0.000102589,-0.000130293,-0.000154982,-0.000174823,-0.00018834,-0.000196454,-0.000200421,-0.000199802,-0.000194222,-0.0001834,-0.000167175,-0.000145517,-0.000118531,-8.6441e-05,-4.95672e-05,-8.29247e-06,3.69709e-05,8.5809e-05,0.000137821,0.000192618,0.000249801,0.000308928,0.000369466,0.000430749,0.000491948,0.000552061,0.000609946,0.000664383,0.000714185,0.000758332,0.000796134,0.000827388,0.000852531,0.000872744,0.000889998,0.000906947,0.000926461,0.000950154,0.000881747,0.000838588,0.000838443,0.000890725,0.000993826,0.00113628,0.00130057,0.00146787,0.00162201,0.00175189,0.00185215,0.00192258,0.00196662,0.00198948,0.00199623,0.00199031,0.00197268,0.00194175,0.00189393,0.0018246,0.00172952,0.00160659,0.00145788,0.00129157,0.0011225,0.000970558,0.000856408,0.000795686,0.000794042,0.000846038,0.000814564,0.000794787,0.000780669,0.000767465,0.000751817,0.000731521,0.000705327,0.000672784,0.000634084,0.000589903,0.000541243,0.000489271,0.000435188,0.000380116,0.00032503,0.000270717,0.000217777,0.000166652,0.000117664,7.10736e-05,2.71213e-05,-1.39317e-05,-5.17836e-05,-8.60892e-05,-0.000116472,-0.000142548,-0.000163959,-0.000180399,-0.000191644,-0.000197569,-0.000198155,-0.000193492,-0.000183772,-0.000167541,-0.000144025,-0.000115211,-8.36295e-05,-5.19955e-05,-2.33715e-05,-7.81856e-07,1.33696e-05,1.78236e-05,1.27912e-05,0
0,9.52331e-06,1.46306e-05,1.29496e-05,3.94137e-06,-1.19896e-05,-3.35953e-05,-5.90279e-05,-8.61609e-05,-0.000112922,-0.000137462,-0.000157912,-0.00017271,-0.000182623,-0.00018877,-0.000190627,-0.000187726,-0.000179689,-0.000166256,-0.000147299,-0.000122826,-9.29736e-05,-5.79822e-05,-1.81692e-05,2.61012e-05,7.44427e-05,0.000126458,0.000181737,0.000239831,0.000300221,0.000362267,0.000425174,0.000487954,0.00054943,0.00060826,0.000663016,0.00071229,0.00075484,0.000789757,0.000816644,0.000835788,0.000848331,0.000856458,0.000863627,0.000874787,0.00089544,0.000834234,0.000797594,0.0008011,0.000852494,0.000949334,0.00108033,0.00122887,0.00137735,0.00151091,0.0016198,0.00170017,0.00175344,0.00178469,0.00180044,0.00180645,0.00180595,0.00179887,0.00178197,0.0017499,0.00169677,0.00161779,0.00151114,0.00137961,0.00123178,0.00108191,0.000948043,0.000847956,0.000794042,0.000789031,0.000827784,0.000793727,0.000778886,0.0007708,0.000763071,0.000751868,0.000734867,0.000710839,0.000679419,0.000640921,0.000596169,0.000546321,0.000492711,0.000436702,0.000379579,0.000322465,0.000266289,0.000211773,0.000159461,0.000109757,6.29746e-05,1.93825e-05,-2.07583e-05,-5.71742e-05,-8.95745e-05,-0.000117661,-0.000141151,-0.000159799,-0.000173429,-0.000181948,-0.000185363,-0.000183783,-0.00017741,-0.000166532,-0.000149841,-0.000126697,-9.91006e-05,-6.95012e-05,-4.0431e-05,-1.46644e-05,5.12196e-06,1.6857e-05,1.95143e-05,1.33682e-05,0
0,1.04814e-05,1.68851e-05,1.70907e-05,1.05101e-05,-2.65924e-06,-2.14699e-05,-4.43925e-05,-6.9568e-05,-9.50968e-05,-0.000119197,-0.000139987,-0.000155839,-0.000167374,-0.000175575,-0.000179839,-0.000179611,-0.000174417,-0.000163898,-0.000147829,-0.000126122,-9.88267e-05,-6.61047e-05,-2.8209e-05,1.45449e-05,6.18002e-05,0.000113169,0.000168228,0.000226495,0.000287394,0.00035021,0.000414049,0.000477814,0.000540196,0.000599715,0.000654789,0.000703853,0.000745507,0.000778689,0.000802871,0.000818249,0.000825971,0.000828458,0.000830117,0.00083952,0.000877551,0.00084697,0.000824051,0.000829648,0.000871379,0.000948603,0.00105402,0.00117596,0.00130132,0.00141833,0.00151847,0.00159743,0.00165482,0.00169313,0.00171612,0.00172724,0.00172834,0.00171915,0.00169748,0.00166001,0.00160351,0.0015261,0.00142845,0.00131468,0.00119264,0.00107335,0.000969277,0.000891504,0.000846038,0.000827784,0.000795983,0.000777961,0.000770185,0.000766394,0.00076162,0.000752404,0.000736562,0.000712959,0.000681328,0.000642092,0.000596191,0.000544904,0.000489682,0.00043201,0.000373282,0.000314728,0.000257368,0.00020201,0.000149265,9.95863e-05,5.33198e-05,1.07431e-05,-2.78973e-05,-6.23665e-05,-9.24353e-05,-0.000117889,-0.000138546,-0.000154278,-0.000165033,-0.000170848,-0.000171856,-0.000168282,-0.00016043,-0.000148668,-0.000131821,-0.000109359,-8.3268e-05,-5.58862e-05,-2.95365e-05,-6.68955e-06,1.03264e-05,1.97589e-05,2.07901e-05,1.37311e-05,0
0,1.12346e-05,1.87449e-05,2.06825e-05,1.64333e-05,6.01033e-06,-9.92783e-06,-3.01726e-05,-5.31488e-05,-7.7155e-05,-0.000100506,-0.000121336,-0.000137969,-0.000150894,-0.000160967,-0.000167515,-0.000169897,-0.000167551,-0.000160021,-0.000146984,-0.000128261,-0.000103811,-7.37206e-05,-3.8177e-05,2.55331e-06,4.81461e-05,9.82286e-05,0.000152375,0.000210083,0.000270743,0.000333592,0.000397679,0.000461834,0.000524672,0.000584624,0.000640017,0.000689186,0.000730626,0.000763172,0.000786191,0.00079977,0.000804912,0.000803715,0.000799513,0.000796585,0.00079715,0.00078262,0.000772791,0.00078126,0.000814276,0.000871868,0.000949148,0.00103807,0.00112949,0.00121512,0.00128894,0.00134782,0.00139141,0.00142141,0.00144041,0.0014508,0.00145381,0.00144916,0.00143514,0.00140928,0.00136915,0.00131345,0.00124281,0.00116046,0.00107222,0.000985998,0.000910296,0.000852156,0.000814564,0.000793727,0.000777961,0.000769689,0.000766739,0.000765153,0.000761168,0.000751888,0.000735408,0.000710765,0.000677816,0.000637093,0.000589628,0.000536788,0.000480105,0.000421133,0.000361332,0.00030199,0.000244179,0.00018875,0.000136346,8.74453e-05,4.24e-05,1.47924e-06,-3.50985e-05,-6.71459e-05,-9.45017e-05,-0.000117038,-0.000134676,-0.000147401,-0.000155284,-0.000158484,-0.00015725,-0.000151912,-0.000142862,-0.000130529,-0.00011385,-9.2382e-05,-6.80666e-05,-4.31004e-05,-1.95742e-05,3.53301e-07,1.4695e-05,2.19943e-05,2.16113e-05,1.38665e-05,0
0,1.17602e-05,2.0156e-05,2.36257e-05,2.15554e-05,1.38012e-05,7.52764e-07,-1.66966e-05,-3.72657e-05,-5.94737e-05,-8.17607e-05,-0.000102306,-0.000119411,-0.000133448,-0.000145158,-0.000153806,-0.000158678,-0.000159126,-0.000154602,-0.000144688,-0.000129114,-0.000107753,-8.06129e-05,-4.78173e-05,-9.58153e-06,3.3806e-05,8.19937e-05,0.000134563,0.000191008,0.000250705,0.000312873,0.000376533,0.000440489,0.000503323,0.000563432,0.000619101,0.000668615,0.000710414,0.000743259,0.000766423,0.00077986,0.000784355,0.000781588,0.000774041,0.000764466,0.000754416,0.000742298,0.000735724,0.000742106,0.000765459,0.000805871,0.000860061,0.000922528,0.000986972,0.00104764,0.00110033,0.00114285,0.00117495,0.0011978,0.00121321,0.00122281,0.00122742,0.00122676,0.00121952,0.00120381,0.00117783,0.00114059,0.00109259,0.00103615,0.000975436,0.000915934,0.000863388,0.000822373,0.000794787,0.000778886,0.000770185,0.000766739,0.000765911,0.000764513,0.000759532,0.000748582,0.000730088,0.000703304,0.00066824,0.000625536,0.000576306,0.000521975,0.000464117,0.000404316,0.000344053,0.00028463,0.000227132,0.000172414,0.000121123,7.37335e-05,3.05831e-05,-8.08382e-06,-4.20882e-05,-7.12986e-05,-9.56263e-05,-0.000115032,-0.000129538,-0.000139242,-0.000144328,-0.00014507,-0.000141822,-0.000135004,-0.000125074,-0.000112506,-9.63258e-05,-7.61525e-05,-5.38493e-05,-3.14451e-05,-1.07817e-05,6.29509e-06,1.81225e-05,2.35095e-05,2.19586e-05,1.37712e-05,0
0,1.20442e-05,2.10806e-05,2.58432e-05,2.57444e-05,2.05164e-05,1.03076e-05,-4.29008e-06,-2.22919e-05,-4.24551e-05,-6.33727e-05,-8.32988e-05,-0.00010054,-0.000115371,-0.000128432,-0.000138941,-0.000146121,-0.000149243,-0.000147676,-0.000140913,-0.000128592,-0.000110501,-8.65727e-05,-5.68649e-05,-2.15405e-05,1.91517e-05,6.4887e-05,0.000115264,0.000169787,0.000227838,0.00028864,0.000351222,0.000414395,0.000476752,0.000536698,0.000592522,0.000642504,0.00068506,0.000718902,0.000743217,0.000757818,0.00076326,0.00076087,0.000752639,0.000740897,0.000727808,0.000715373,0.000707927,0.00070976,0.000723349,0.000748739,0.000783752,0.000824698,0.000867324,0.000907742,0.000943114,0.000971992,0.000994268,0.00101081,0.0010229,0.0010317,0.00103772,0.00104069,0.00103957,0.00103289,0.00101925,0.000997825,0.000968844,0.000933852,0.000895662,0.000857946,0.0008245,0.000798308,0.000780669,0.0007708,0.000766394,0.000765153,0.000764513,0.000761784,0.000754513,0.000740778,0.000719351,0.000689734,0.000652106,0.000607221,0.000556261,0.000500686,0.000442081,0.000382022,0.000321973,0.000263212,0.000206798,0.000153562,0.000104124,5.89319e-05,1.82914e-05,-1.75918e-05,-4.8588e-05,-7.46274e-05,-9.56969e-05,-0.000111845,-0.000123192,-0.000129942,-0.000132385,-0.000130895,-0.000125918,-0.000117945,-0.000107482,-9.50245e-05,-7.96654e-05,-6.10565e-05,-4.09533e-05,-2.11937e-05,-3.3606e-06,1.10056e-05,2.05407e-05,2.42813e-05,2.18337e-05,1.3453e-05,0
0,1.20823e-05,2.14997e-05,2.72834e-05,2.88986e-05,2.59897e-05,1.84986e-05,6.73908e-06,-8.59511e-06,-2.65109e-05,-4.57778e-05,-6.47543e-05,-8.17821e-05,-9.70596e-05,-0.000111144,-0.000123222,-0.000132464,-0.000138076,-0.000139348,-0.000135688,-0.000126649,-0.000111938,-9.14112e-05,-6.50601e-05,-3.29936e-05,4.58201e-06,4.7375e-05,9.50093e-05,0.000147012,0.000202787,0.000261585,0.000322466,0.000384282,0.00044567,0.000505081,0.000560846,0.000611272,0.000654779,0.000690048,0.000716187,0.000732863,0.00074041,0.000739848,0.000732816,0.000721386,0.000707849,0.000694706,0.000685022,0.000681585,0.000686036,0.000698469,0.000717524,0.000740831,0.000765641,0.000789448,0.00081046,0.000827834,0.000841633,0.000852571,0.000861617,0.000869594,0.000876845,0.000883092,0.000887479,0.000888803,0.000885874,0.000877905,0.000864843,0.000847548,0.000827753,0.00080777,0.000789993,0.000776286,0.000767465,0.000763071,0.00076162,0.000761168,0.000759532,0.000754513,0.000744165,0.000727015,0.000702188,0.000669449,0.000629159,0.000582183,0.000529762,0.000473371,0.000414575,0.000354914,0.0002958,0.000238455,0.000183881,0.000132857,8.59547e-05,4.3574e-05,5.97573e-06,-2.66848e-05,-5.43341e-05,-7.69679e-05,-9.46484e-05,-0.000107509,-0.000115765,-0.000119714,-0.000119743,-0.000116312,-0.000109939,-0.000101167,-9.05321e-05,-7.85243e-05,-6.42824e-05,-4.7462e-05,-2.96846e-05,-1.25787e-05,2.53372e-06,1.44004e-05,2.19218e-05,2.43187e-05,2.12601e-05,1.29304e-05,0
0,1.18803e-05,2.1414e-05,2.79242e-05,3.09523e-05,3.00939e-05,2.51261e-05,1.61155e-05,3.47923e-06,-1.20432e-05,-2.94169e-05,-4.71328e-05,-6.35965e-05,-7.89561e-05,-9.37039e-05,-0.000107012,-0.000118014,-0.000125864,-0.000129783,-0.000129103,-0.000123298,-0.000111994,-9.49736e-05,-7.21644e-05,-4.36194e-05,-9.49891e-06,2.99431e-05,7.43636e-05,0.000123322,0.000176259,0.000232469,0.000291066,0.000350966,0.000410879,0.000469333,0.000524727,0.000575424,0.000619868,0.000656725,0.000685026,0.000704299,0.000714657,0.000716828,0.000712119,0.000702292,0.000689423,0.000675781,0.00066373,0.000655293,0.000651714,0.000653228,0.000659118,0.000668004,0.00067826,0.000688422,0.000697512,0.000705183,0.000711685,0.000717678,0.000723948,0.000731115,0.000739401,0.000748526,0.000757737,0.000765984,0.000772182,0.000775494,0.000775575,0.000772708,0.000767771,0.00076205,0.0007569,0.000753359,0.000751817,0.000751868,0.000752404,0.000751888,0.000748582,0.000740778,0.000727015,0.00070625,0.000677963,0.000642181,0.000599448,0.000550736,0.000497331,0.000440703,0.000382378,0.000323828,0.000266387,0.000211195,0.000159174,0.000111028,6.72611e-05,2.82123e-05,-5.91509e-06,-3.5023e-05,-5.90983e-05,-7.8203e-05,-9.24727e-05,-0.000102121,-0.000107447,-0.000108834,-0.000106749,-0.000101722,-9.43234e-05,-8.51287e-05,-7.46778e-05,-6.34379e-05,-5.05676e-05,-3.57006e-05,-2.03014e-05,-5.77843e-06,6.80066e-06,1.6446e-05,2.2281e-05,2.36628e-05,2.02824e-05,1.22321e-05,0
0,1.1454e-05,2.08455e-05,2.77747e-05,3.18803e-05,3.27497e-05,3.00405e-05,2.36116e-05,1.36268e-05,5.7615e-07,-1.47144e-05,-3.08928e-05,-4.64568e-05,-6.15301e-05,-7.65604e-05,-9.07235e-05,-0.000103135,-0.00011291,-0.000119214,-0.000121313,-0.000118607,-0.000110649,-9.71524e-05,-7.79789e-05,-5.31261e-05,-2.27064e-05,1.30682e-05,5.38934e-05,9.93693e-05,0.000148984,0.000202087,0.000257866,0.000315318,0.000373248,0.00043028,0.000484908,0.000535567,0.000580745,0.000619104,0.000649609,0.00067165,0.000685125,0.000690475,0.000688666,0.000681106,0.000669514,0.000655783,0.000641794,0.000629148,0.000618919,0.000611523,0.000606762,0.000604014,0.0006025,0.000601556,0.000600838,0.00060041,0.000600709,0.000602404,0.000606184,0.000612548,0.00062164,0.000633168,0.000646436,0.00066047,0.000674208,0.000686722,0.000697393,0.000706022,0.000712822,0.000718295,0.000723025,0.000727423,0.000731521,0.000734867,0.000736562,0.000735408,0.000730088,0.000719351,0.000702188,0.000677963,0.000646489,0.000608048,0.000563354,0.000513476,0.000459729,0.000403558,0.000346429,0.000289727,0.000234686,0.000182342,0.000133517,8.88257e-05,4.86918e-05,1.33822e-05,-1.69643e-05,-4.2311e-05,-6.27065e-05,-7.82769e-05,-8.9226e-05,-9.58398e-05,-9.84897e-05,-9.76312e-05,-9.37936e-05,-8.75586e-05,-7.95287e-05,-7.0288e-05,-6.03598e-05,-5.01675e-05,-3.88675e-05,-2.60481e-05,-1.29995e-05,-9.06926e-07,9.40119e-06,1.71629e-05,2.16768e-05,2.2386e-05,1.89641e-05,1.13951e-05,0
0,1.08289e-05,1.98359e-05,2.68757e-05,3.17013e-05,3.3931e-05,3.31522e-05,2.90619e-05,2.16025e-05,1.10266e-05,-2.05483e-06,-1.64664e-05,-3.0825e-05,-4.52553e-05,-6.01817e-05,-7.48028e-05,-8.82345e-05,-9.95683e-05,-0.00010793,-0.000112532,-0.00011271,-0.000107951,-9.79006e-05,-8.23607e-05,-6.12727e-05,-3.47e-05,-2.81016e-06,3.41361e-05,7.57852e-05,0.000121679,0.000171236,0.000223723,0.000278234,0.000333682,0.000388806,0.000442207,0.000492412,0.000537965,0.000577537,0.00061004,0.000634736,0.000651316,0.000659947,0.000661259,0.00065629,0.000646381,0.000633044,0.000617796,0.000601977,0.000586594,0.000572245,0.000559147,0.000547255,0.000536438,0.000526643,0.000518022,0.000510978,0.000506123,0.000504165,0.000505752,0.000511315,0.000520945,0.000534338,0.000550821,0.000569444,0.00058913,0.000608841,0.000627717,0.000645171,0.000660899,0.000674818,0.000686933,0.000697187,0.000705327,0.000710839,0.000712959,0.000710765,0.000703304,0.000689734,0.000669449,0.000642181,0.000608048,0.00056756,0.000521584,0.000471264,0.000417925,0.000362972,0.00030779,0.00025366,0.000201698,0.000152824,0.000107747,6.6979e-05,3.08562e-05,-4.32486e-07,-2.68165e-05,-4.83213e-05,-6.50552e-05,-7.72037e-05,-8.50313e-05,-8.8885e-05,-8.91959e-05,-8.64742e-05,-8.12937e-05,-7.4266e-05,-6.60042e-05,-5.70799e-05,-4.79787e-05,-3.90615e-05,-2.94635e-05,-1.87077e-05,-7.89944e-06,1.99493e-06,1.03619e-05,1.66258e-05,2.02083e-05,2.05879e-05,1.73847e-05,1.0464e-05,0
0,1.00391e-05,1.84462e-05,2.52995e-05,3.04784e-05,3.3669e-05,3.44393e-05,3.23752e-05,2.72365e-05,1.90593e-05,8.24091e-06,-4.23459e-06,-1.71261e-05,-3.0584e-05,-4.50298e-05,-5.97045e-05,-7.3742e-05,-8.62298e-05,-9.62696e-05,-0.000103032,-0.000105803,-0.000104011,-9.72414e-05,-8.5238e-05,-6.78886e-05,-4.52078e-05,-1.73171e-05,1.55687e-05,5.3146e-05,9.50165e-05,0.00014067,0.000189462,0.000240592,0.00029309,0.000345818,0.000397497,0.000446757,0.000492214,0.00053256,0.000566668,0.00059369,0.000613133,0.000624905,0.000629324,0.000627077,0.000619148,0.000606704,0.00059097,0.000573103,0.00055408,0.000534652,0.000515357,0.000496588,0.0004787,0.000462104,0.000447337,0.000435073,0.000426076,0.000421109,0.000420808,0.000425566,0.00043544,0.000450115,0.000468919,0.000490905,0.00051496,0.000539942,0.000564792,0.000588623,0.000610742,0.000630631,0.000647878,0.000662082,0.000672784,0.000679419,0.000681328,0.000677816,0.00066824,0.000652106,0.000629159,0.000599448,0.000563354,0.000521584,0.000475126,0.000425174,0.000373046,0.000320085,0.000267581,0.000216696,0.000168419,0.000123539,8.26483e-05,4.615e-05,1.42871e-05,-1.28311e-05,-3.52022e-05,-5.29116e-05,-6.61225e-05,-7.50724e-05,-8.00763e-05,-8.15291e-05,-7.99058e-05,-7.57527e-05,-6.96681e-05,-6.22722e-05,-5.41667e-05,-4.58898e-05,-3.78708e-05,-3.03927e-05,-2.25534e-05,-1.37957e-05,-5.03638e-06,2.96407e-06,9.77547e-06,1.49613e-05,1.80118e-05,1.83916e-05,1.56361e-05,9.4877e-06,0
0,9.12577e-06,1.67538e-05,2.31468e-05,2.83177e-05,3.20532e-05,3.3952e-05,3.35426e-05,3.04476e-05,2.45146e-05,1.59361e-05,5.49707e-06,-5.7222e-06,-1.79203e-05,-3.15356e-05,-4.58689e-05,-6.00914e-05,-7.33048e-05,-8.46038e-05,-9.31346e-05,-9.81437e-05,-9.9012e-05,-9.5274e-05,-8.66203e-05,-7.28885e-05,-5.40453e-05,-3.01664e-05,-1.41982e-06,3.19429e-05,6.95846e-05,0.00011107,0.000155847,0.000203221,0.000252346,0.000302213,0.00035167,0.00039946,0.00044428,0.000484861,0.000520057,0.000548931,0.000570832,0.000585444,0.000592806,0.000593292,0.000587562,0.000576484,0.000561043,0.000542243,0.000521039,0.000498292,0.000474773,0.000451197,0.000428274,0.000406759,0.000387477,0.000371312,0.000359151,0.00035181,0.000349926,0.000353873,0.000363685,0.000379037,0.000399255,0.000423384,0.000450278,0.000478707,0.000507466,0.000535443,0.000561669,0.000585321,0.00060569,0.000622144,0.000634084,0.000640921,0.000642092,0.000637093,0.000625536,0.000607221,0.000582183,0.000550736,0.000513476,0.000471264,0.000425174,0.000376426,0.000326305,0.000276077,0.000226922,0.000179872,0.000135781,9.53057e-05,5.8913e-05,2.68978e-05,-5.90616e-07,-2.3521e-05,-4.19562e-05,-5.60367e-05,-6.5973e-05,-7.20452e-05,-7.4606e-05,-7.40836e-05,-7.09792e-05,-6.58559e-05,-5.93156e-05,-5.19653e-05,-4.43748e-05,-3.70296e-05,-3.02866e-05,-2.43395e-05,-1.82366e-05,-1.13313e-05,-4.35535e-06,2.11618e-06,7.79853e-06,1.23431e-05,1.52544e-05,1.59375e-05,1.3818e-05,8.51772e-06,0
0,8.1357e-06,1.48492e-05,2.05434e-05,2.53648e-05,2.92293e-05,3.18135e-05,3.26427e-05,3.12517e-05,2.73348e-05,2.08957e-05,1.25188e-05,3.11029e-06,-7.59616e-06,-2.0073e-05,-3.36973e-05,-4.76952e-05,-6.1201e-05,-7.33202e-05,-8.31909e-05,-9.00351e-05,-9.31985e-05,-9.21728e-05,-8.66032e-05,-7.62814e-05,-6.11294e-05,-4.11782e-05,-1.65497e-05,1.25564e-05,4.5864e-05,8.30128e-05,0.000123541,0.000166864,0.000212256,0.000258841,0.000305599,0.000351392,0.000395011,0.00043524,0.000470935,0.000501098,0.000524955,0.000542002,0.000552042,0.00055518,0.000551799,0.000542508,0.000528083,0.000509394,0.00048736,0.000462906,0.000436959,0.000410452,0.000384343,0.00035963,0.000337342,0.000318511,0.000304119,0.000295018,0.000291853,0.000294985,0.000304436,0.000319872,0.000340622,0.000365725,0.000394014,0.000424205,0.000454992,0.000485117,0.000513429,0.000538902,0.000560641,0.000577867,0.000589903,0.000596169,0.000596191,0.000589628,0.000576306,0.000556261,0.000529762,0.000497331,0.000459729,0.000417925,0.000373046,0.000326305,0.000278933,0.000232102,0.000186871,0.000144137,0.000104612,6.88198e-05,3.71031e-05,9.64977e-06,-1.34814e-05,-3.23328e-05,-4.70267e-05,-5.77512e-05,-6.47551e-05,-6.8349e-05,-6.89098e-05,-6.68824e-05,-6.2776e-05,-5.71504e-05,-5.05904e-05,-4.36695e-05,-3.69061e-05,-3.07167e-05,-2.53733e-05,-2.0972e-05,-1.65048e-05,-1.12321e-05,-5.71076e-06,-3.57691e-07,4.64502e-06,8.98422e-06,1.21262e-05,1.33765e-05,1.20332e-05,7.60543e-06,0
0,7.1188e-06,1.28325e-05,1.76341e-05,2.17991e-05,2.53941e-05,2.82159e-05,2.98403e-05,2.97653e-05,2.75719e-05,2.30977e-05,1.67323e-05,9.19976e-06,1.50774e-07,-1.09361e-05,-2.35277e-05,-3.69213e-05,-5.03012e-05,-6.28017e-05,-7.3569e-05,-8.18164e-05,-8.68668e-05,-8.81803e-05,-8.53647e-05,-7.8172e-05,-6.6483e-05,-5.02875e-05,-2.96629e-05,-4.75927e-06,2.42065e-05,5.69464e-05,9.30866e-05,0.000132148,0.000173524,0.000216471,0.000260101,0.000303401,0.000345264,0.000384547,0.000420126,0.000450975,0.00047623,0.000495245,0.000507631,0.000513271,0.000512315,0.000505153,0.000492372,0.000474721,0.00045306,0.000428334,0.000401555,0.00037379,0.000346152,0.000319791,0.000295869,0.000275512,0.000259758,0.000249483,0.000245331,0.000247654,0.000256466,0.000271436,0.000291896,0.000316897,0.000345269,0.000375709,0.00040686,0.000437387,0.000466037,0.000491671,0.000513293,0.000530051,0.000541243,0.000546321,0.000544904,0.000536788,0.000521975,0.000500686,0.000473371,0.000440703,0.000403558,0.000362972,0.000320085,0.000276077,0.000232102,0.000189225,0.000148375,0.000110307,7.55944e-05,4.46269e-05,1.76287e-05,-5.31494e-06,-2.42297e-05,-3.9225e-05,-5.04744e-05,-5.82042e-05,-6.26905e-05,-6.42618e-05,-6.33038e-05,-6.02616e-05,-5.56338e-05,-4.99575e-05,-4.37806e-05,-3.76243e-05,-3.19393e-05,-2.70595e-05,-2.3163e-05,-2.02455e-05,-1.72396e-05,-1.33153e-05,-8.87144e-06,-4.19903e-06,5.77005e-07,5.12706e-06,8.83146e-06,1.08633e-05,1.03824e-05,6.79963e-06,0
0,6.12608e-06,1.08082e-05,1.45768e-05,1.78257e-05,2.07867e-05,2.34132e-05,2.53806e-05,2.6202e-05,2.53876e-05,2.26377e-05,1.81591e-05,1.24919e-05,5.19274e-06,-4.32004e-06,-1.56138e-05,-2.80708e-05,-4.09411e-05,-5.34041e-05,-6.46308e-05,-7.38409e-05,-8.03484e-05,-8.35931e-05,-8.31546e-05,-7.87519e-05,-7.02307e-05,-5.75428e-05,-4.07251e-05,-1.98813e-05,4.82726e-06,3.31801e-05,6.48866e-05,9.9567e-05,0.000136731,0.000175761,0.000215901,0.000256266,0.000295861,0.000333627,0.000368486,0.000399413,0.00042549,0.000445972,0.000460323,0.000468252,0.000469719,0.000464925,0.000454297,0.000438457,0.000418191,0.000394424,0.00036819,0.000340617,0.000312895,0.000286253,0.000261918,0.00024106,0.000224738,0.000213831,0.000208974,0.000210508,0.000218447,0.000232463,0.000251911,0.000275864,0.000303176,0.000332559,0.000362655,0.000392111,0.000419639,0.000444066,0.000464359,0.000479656,0.000489271,0.000492711,0.000489682,0.000480105,0.000464117,0.000442081,0.000414575,0.000382378,0.000346429,0.00030779,0.000267581,0.000226922,0.000186871,0.000148375,0.000112224,7.9035e-05,4.92419e-05,2.31061e-05,7.39334e-07,-1.78681e-05,-3.28178e-05,-4.42771e-05,-5.24614e-05,-5.76243e-05,-6.00571e-05,-6.00924e-05,-5.81101e-05,-5.45382e-05,-4.98473e-05,-4.45334e-05,-3.90899e-05,-3.39697e-05,-2.95418e-05,-2.60485e-05,-2.35692e-05,-2.19999e-05,-2.02162e-05,-1.73055e-05,-1.35309e-05,-9.09363e-06,-4.10752e-06,1.03249e-06,5.5793e-06,8.54885e-06,8.95997e-06,6.14436e-06,0
0,5.20729e-06,8.88116e-06,1.1535e-05,1.36661e-05,1.56781e-05,1.77093e-05,1.95786e-05,2.08632e-05,2.10474e-05,1.97263e-05,1.69417e-05,1.30544e-05,7.52082e-06,-3.0886e-07,-1.01097e-05,-2.13597e-05,-3.33882e-05,-4.54345e-05,-5.67098e-05,-6.64548e-05,-7.39884e-05,-7.87414e-05,-8.02752e-05,-7.82838e-05,-7.25838e-05,-6.30946e-05,-4.98166e-05,-3.28121e-05,-1.21923e-05,1.18839e-05,3.9202e-05,6.94746e-05,0.00010232,0.00013724,0.000173609,0.000210669,0.000247545,0.000283274,0.000316845,0.00034726,0.000373587,0.000395018,0.000410919,0.000420866,0.000424667,0.00042237,0.000414256,0.000400825,0.000382773,0.000360967,0.000336417,0.000310246,0.00028366,0.0002579,0.000234202,0.000213737,0.000197549,0.0001865,0.000181205,0.000181992,0.000188875,0.000201541,0.000219376,0.000241496,0.000266804,0.000294059,0.000321947,0.000349147,0.000374398,0.000396544,0.000414579,0.000427672,0.000435188,0.000436702,0.00043201,0.000421133,0.000404316,0.000382022,0.000354914,0.000323828,0.000289727,0.00025366,0.000216696,0.000179872,0.000144137,0.000110307,7.9035e-05,5.07977e-05,2.58957e-05,4.47013e-06,-1.3471e-05,-2.80224e-05,-3.93514e-05,-4.76725e-05,-5.32317e-05,-5.62983e-05,-5.71662e-05,-5.61586e-05,-5.36343e-05,-4.99891e-05,-4.56489e-05,-4.10529e-05,-3.66248e-05,-3.27363e-05,-2.96653e-05,-2.75564e-05,-2.63901e-05,-2.59677e-05,-2.51145e-05,-2.2848e-05,-1.93224e-05,-1.46867e-05,-9.08882e-06,-3.0326e-06,2.57389e-06,6.57364e-06,7.84962e-06,5.67703e-06,0
0,4.40882e-06,7.15135e-06,8.67078e-06,9.54797e-06,1.03577e-05,1.14432e-05,1.28031e-05,1.41234e-05,1.49063e-05,1.46774e-05,1.33363e-05,1.10741e-05,7.24576e-06,1.12978e-06,-7.0604e-06,-1.6906e-05,-2.78261e-05,-3.91325e-05,-5.009e-05,-5.99741e-05,-6.81211e-05,-7.39646e-05,-7.70577e-05,-7.70777e-05,-7.38187e-05,-6.71738e-05,-5.71129e-05,-4.36622e-05,-2.68896e-05,-6.89971e-06,1.61606e-05,4.20869e-05,7.05961e-05,0.000101304,0.000133708,0.000167177,0.000200957,0.000234194,0.000265961,0.000295314,0.000321336,0.000343196,0.000360202,0.000371837,0.000377797,0.000378003,0.000372608,0.000361994,0.000346754,0.00032767,0.000305687,0.000281878,0.000257405,0.000233474,0.00021128,0.000191954,0.000176499,0.000165736,0.00016025,0.000160354,0.000166062,0.000177085,0.00019285,0.000212534,0.000235113,0.000259423,0.00028423,0.000308289,0.000330407,0.000349499,0.000364623,0.000375016,0.000380116,0.000379579,0.000373282,0.000361332,0.000344053,0.000321973,0.0002958,0.000266387,0.000234686,0.000201698,0.000168419,0.000135781,0.000104612,7.55944e-05,4.92419e-05,2.58957e-05,5.73118e-06,-1.12209e-05,-2.50453e-05,-3.59099e-05,-4.40354e-05,-4.96721e-05,-5.30841e-05,-5.45445e-05,-5.43368e-05,-5.27619e-05,-5.01439e-05,-4.68321e-05,-4.31941e-05,-3.95988e-05,-3.63886e-05,-3.38448e-05,-3.21484e-05,-3.13451e-05,-3.132e-05,-3.17885e-05,-3.15359e-05,-2.95273e-05,-2.58371e-05,-2.06005e-05,-1.40406e-05,-6.80748e-06,5.532e-09,5.06204e-06,7.12119e-06,5.42704e-06,0
0,3.77174e-06,5.7099e-06,6.13674e-06,5.69411e-06,5.1198e-06,4.97241e-06,5.45779e-06,6.40991e-06,7.39024e-06,7.89134e-06,7.69743e-06,6.84477e-06,4.5905e-06,1.41461e-07,-6.4003e-06,-1.47233e-05,-2.43435e-05,-3.46552e-05,-4.49877e-05,-5.46631e-05,-6.30467e-05,-6.9586e-05,-7.38349e-05,-7.54626e-05,-7.42482e-05,-7.00646e-05,-6.28577e-05,-5.26243e-05,-3.93966e-05,-2.32335e-05,-4.2241e-06,1.74996e-05,4.17428e-05,6.82248e-05,9.65582e-05,0.000126235,0.000156626,0.000186989,0.0002165,0.000244286,0.000269476,0.000291252,0.000308895,0.000321836,0.000329689,0.000332277,0.000329643,0.000322056,0.000309999,0.000294151,0.00027536,0.000254611,0.000232983,0.0002116,0.000191583,0.000173986,0.000159748,0.000149632,0.000144182,0.00014369,0.000148171,0.000157368,0.00017076,0.000187598,0.000206951,0.000227759,0.000248893,0.000269219,0.000287651,0.000303204,0.000315032,0.000322465,0.00032503,0.000322465,0.000314728,0.00030199,0.00028463,0.000263212,0.000238455,0.000211195,0.000182342,0.000152824,0.000123539,9.53057e-05,6.88198e-05,4.46269e-05,2.31061e-05,4.47013e-06,-1.12209e-05,-2.40349e-05,-3.41361e-05,-4.17519e-05,-4.71438e-05,-5.0584e-05,-5.23428e-05,-5.26843e-05,-5.187e-05,-5.01659e-05,-4.78496e-05,-4.52123e-05,-4.25518e-05,-4.01571e-05,-3.82816e-05,-3.71106e-05,-3.6727e-05,-3.70802e-05,-3.79671e-05,-3.9029e-05,-3.90253e-05,-3.68889e-05,-3.26451e-05,-2.64523e-05,-1.86453e-05,-1.00491e-05,-1.95719e-06,4.11747e-06,6.8283e-06,5.41496e-06,0
0,3.33023e-06,4.63507e-06,4.06979e-06,2.31247e-06,2.49038e-07,-1.34549e-06,-2.03958e-06,-1.82009e-06,-1.02841e-06,-1.6881e-07,4.56701e-07,7.4886e-07,-1.25015e-07,-3.02588e-06,-7.95961e-06,-1.47224e-05,-2.2931e-05,-3.20686e-05,-4.15378e-05,-5.07168e-05,-5.90098e-05,-6.58876e-05,-7.09141e-05,-7.37581e-05,-7.4191e-05,-7.20727e-05,-6.73314e-05,-5.99423e-05,-4.99097e-05,-3.72566e-05,-2.20254e-05,-4.28728e-06,1.58391e-05,3.81651e-05,6.24092e-05,8.81803e-05,0.00011497,0.000142157,0.000169025,0.000194794,0.000218662,0.000239848,0.000257644,0.000271458,0.000280853,0.00028558,0.000285589,0.000281046,0.00027232,0.000259976,0.000244746,0.000227498,0.000209197,0.000190857,0.000173491,0.000158055,0.000145401,0.000136219,0.000131004,0.000130022,0.000133294,0.000140594,0.000151462,0.000165237,0.000181093,0.000198092,0.000215236,0.000231522,0.000245995,0.000257794,0.000266192,0.000270625,0.000270717,0.000266289,0.000257368,0.000244179,0.000227132,0.000206798,0.000183881,0.000159174,0.000133517,0.000107747,8.26483e-05,5.8913e-05,3.71031e-05,1.76287e-05,7.39334e-07,-1.3471e-05,-2.50453e-05,-3.41361e-05,-4.09723e-05,-4.58264e-05,-4.89859e-05,-5.07317e-05,-5.13272e-05,-5.10157e-05,-5.00252e-05,-4.85767e-05,-4.68912e-05,-4.51925e-05,-4.37012e-05,-4.262e-05,-4.21091e-05,-4.22573e-05,-4.30515e-05,-4.43514e-05,-4.58762e-05,-4.72076e-05,-4.70953e-05,-4.44626e-05,-3.93168e-05,-3.18731e-05,-2.26083e-05,-1.25424e-05,-3.1737e-06,3.81913e-06,7.00707e-06,5.65223e-06,0
0,3.11032e-06,3.98926e-06,2.58515e-06,-4.13458e-07,-3.99315e-06,-7.17029e-06,-9.27913e-06,-1.0104e-05,-9.85689e-06,-9.00416e-06,-7.90345e-06,-6.76698e-06,-6.50526e-06,-8.03984e-06,-1.14778e-05,-1.67199e-05,-2.34844e-05,-3.13465e-05,-3.97879e-05,-4.82499e-05,-5.61836e-05,-6.3091e-05,-6.85538e-05,-7.2248e-05,-7.3944e-05,-7.34954e-05,-7.082e-05,-6.5879e-05,-5.86577e-05,-4.91536e-05,-3.73734e-05,-2.33406e-05,-7.11104e-06,1.12056e-05,3.14226e-05,5.32569e-05,7.63169e-05,0.000100101,0.000124011,0.00014737,0.000169462,0.000189572,0.000207025,0.000221236,0.000231746,0.000238254,0.00024064,0.000238973,0.000233517,0.000224713,0.000213168,0.000199616,0.000184887,0.000169864,0.000155432,0.00014243,0.000131607,0.000123571,0.000118762,0.000117415,0.000119554,0.00012499,0.00013333,0.000144004,0.000156305,0.000169427,0.000182515,0.000194713,0.000205212,0.00021329,0.000218347,0.000219936,0.000217777,0.000211773,0.00020201,0.00018875,0.000172414,0.000153562,0.000132857,0.000111028,8.88257e-05,6.6979e-05,4.615e-05,2.68978e-05,9.64977e-06,-5.31494e-06,-1.78681e-05,-2.80224e-05,-3.59099e-05,-4.17519e-05,-4.58264e-05,-4.8435e-05,-4.98759e-05,-5.0425e-05,-5.03262e-05,-4.97907e-05,-4.90031e-05,-4.81303e-05,-4.73296e-05,-4.67515e-05,-4.65349e-05,-4.67935e-05,-4.75948e-05,-4.89339e-05,-5.07079e-05,-5.26967e-05,-5.45547e-05,-5.58207e-05,-5.52521e-05,-5.17865e-05,-4.54432e-05,-3.65237e-05,-2.56701e-05,-1.41078e-05,-3.53584e-06,4.22026e-06,7.67586e-06,6.14134e-06,0
0,3.12924e-06,3.81681e-06,1.77181e-06,-2.33239e-06,-7.3803e-06,-1.21956e-05,-1.58791e-05,-1.79982e-05,-1.86089e-05,-1.81081e-05,-1.68782e-05,-1.52195e-05,-1.41049e-05,-1.45065e-05,-1.66229e-05,-2.04538e-05,-2.58157e-05,-3.23763e-05,-3.9699e-05,-4.72928e-05,-5.46613e-05,-6.13439e-05,-6.69469e-05,-7.11596e-05,-7.37581e-05,-7.45959e-05,-7.35877e-05,-7.06883e-05,-6.5873e-05,-5.91242e-05,-5.04255e-05,-3.97658e-05,-2.71522e-05,-1.26296e-05,3.69681e-06,2.16413e-05,4.09222e-05,6.11555e-05,8.18605e-05,0.000102475,0.000122385,0.000140953,0.000157566,0.000171668,0.000182801,0.000190637,0.000195,0.00019588,0.00019344,0.000188004,0.000180045,0.000170158,0.000159028,0.000147391,0.000135994,0.000125547,0.000116688,0.000109937,0.000105668,0.00010409,0.000105226,0.000108924,0.000114858,0.000122556,0.000131431,0.000140816,0.000150005,0.000158295,0.000165031,0.000169633,0.000171634,0.000170701,0.000166652,0.000159461,0.000149265,0.000136346,0.000121123,0.000104124,8.59547e-05,6.72611e-05,4.86918e-05,3.08562e-05,1.42871e-05,-5.90616e-07,-1.34814e-05,-2.42297e-05,-3.28178e-05,-3.93514e-05,-4.40354e-05,-4.71438e-05,-4.89859e-05,-4.98759e-05,-5.01077e-05,-4.99382e-05,-4.95794e-05,-4.92005e-05,-4.8934e-05,-4.88864e-05,-4.91464e-05,-4.97881e-05,-5.08678e-05,-5.2412e-05,-5.43989e-05,-5.67366e-05,-5.92422e-05,-6.1628e-05,-6.34991e-05,-6.43682e-05,-6.30194e-05,-5.84284e-05,-5.06541e-05,-4.01091e-05,-2.76157e-05,-1.46072e-05,-2.97022e-06,5.34787e-06,8.83595e-06,6.87657e-06,0
0,3.395e-06,4.14277e-06,1.68955e-06,-3.3311e-06,-9.73047e-06,-1.61624e-05,-2.1504e-05,-2.50995e-05,-2.68296e-05,-2.69937e-05,-2.59689e-05,-2.41171e-05,-2.24562e-05,-2.1996e-05,-2.30152e-05,-2.5603e-05,-2.96691e-05,-3.49708e-05,-4.11531e-05,-4.77946e-05,-5.44549e-05,-6.07154e-05,-6.62117e-05,-7.0652e-05,-7.38235e-05,-7.55859e-05,-7.58571e-05,-7.45931e-05,-7.17684e-05,-6.73609e-05,-6.13429e-05,-5.36826e-05,-4.43532e-05,-3.33498e-05,-2.07104e-05,-6.53599e-06,8.99158e-06,2.56001e-05,4.29265e-05,6.05264e-05,7.78941e-05,9.44903e-05,0.000109776,0.000123245,0.000134465,0.000143098,0.000148932,0.000151895,0.000152058,0.000149635,0.000144971,0.000138519,0.000130818,0.000122454,0.000114029,0.000106121,9.92517e-05,9.38487e-05,9.02225e-05,8.85468e-05,8.88482e-05,9.10066e-05,9.47646e-05,9.97464e-05,0.000105484,0.000111446,0.000117079,0.000121832,0.000125199,0.000126744,0.000126131,0.000123135,0.000117664,0.000109757,9.95863e-05,8.74453e-05,7.37335e-05,5.89319e-05,4.3574e-05,2.82123e-05,1.33822e-05,-4.32486e-07,-1.28311e-05,-2.3521e-05,-3.23328e-05,-3.9225e-05,-4.42771e-05,-4.76725e-05,-4.96721e-05,-5.0584e-05,-5.07317e-05,-5.0425e-05,-4.99382e-05,-4.94954e-05,-4.9266e-05,-4.93678e-05,-4.9875e-05,-5.08292e-05,-5.22482e-05,-5.41302e-05,-5.64511e-05,-5.9155e-05,-6.21382e-05,-6.52316e-05,-6.81846e-05,-7.06564e-05,-7.22193e-05,-7.23772e-05,-6.99598e-05,-6.40039e-05,-5.46325e-05,-4.2388e-05,-2.82814e-05,-1.39471e-05,-1.4387e-06,7.20373e-06,1.0473e-05,7.84486e-06,0
0,3.9065e-06,4.97263e-06,2.36742e-06,-3.33811e-06,-1.09129e-05,-1.88694e-05,-2.58786e-05,-3.10637e-05,-3.4117e-05,-3.52172e-05,-3.47081e-05,-3.29867e-05,-3.10958e-05,-3.0069e-05,-3.02511e-05,-3.18104e-05,-3.47413e-05,-3.88857e-05,-4.39672e-05,-4.96338e-05,-5.55023e-05,-6.1199e-05,-6.6392e-05,-7.08126e-05,-7.42639e-05,-7.66169e-05,-7.77988e-05,-7.77739e-05,-7.65245e-05,-7.40339e-05,-7.02753e-05,-6.52098e-05,-5.87915e-05,-5.09813e-05,-4.17653e-05,-3.11743e-05,-1.93017e-05,-6.31708e-06,7.52968e-06,2.19116e-05,3.64378e-05,5.06741e-05,6.41699e-05,7.64877e-05,8.72332e-05,9.60827e-05,0.000102806,0.000107282,0.000109509,0.000109599,0.00010778,0.00010437,9.97638e-05,9.44024e-05,8.8745e-05,8.32385e-05,7.82877e-05,7.42288e-05,7.13072e-05,6.96626e-05,6.93203e-05,7.01922e-05,7.20841e-05,7.47115e-05,7.77204e-05,8.07131e-05,8.32759e-05,8.50071e-05,8.55441e-05,8.45872e-05,8.19192e-05,7.74195e-05,7.10736e-05,6.29746e-05,5.33198e-05,4.24e-05,3.05831e-05,1.82914e-05,5.97573e-06,-5.91509e-06,-1.69643e-05,-2.68165e-05,-3.52022e-05,-4.19562e-05,-4.70267e-05,-5.04744e-05,-5.24614e-05,-5.32317e-05,-5.30841e-05,-5.23428e-05,-5.13272e-05,-5.03262e-05,-4.95794e-05,-4.9266e-05,-4.95026e-05,-5.03481e-05,-5.18139e-05,-5.38746e-05,-5.64778e-05,-5.95487e-05,-6.29885e-05,-6.66665e-05,-7.04074e-05,-7.39773e-05,-7.70723e-05,-7.93146e-05,-8.02602e-05,-7.94216e-05,-7.56918e-05,-6.81902e-05,-5.71245e-05,-4.31803e-05,-2.75576e-05,-1.20784e-05,1.06289e-06,9.76642e-06,1.25588e-05,9.02701e-06,0
0,4.65398e-06,6.29281e-06,3.80373e-06,-2.32497e-06,-1.08516e-05,-2.01796e-05,-2.87979e-05,-3.5618e-05,-4.01381e-05,-4.23976e-05,-4.26816e-05,-4.13961e-05,-3.95883e-05,-3.82998e-05,-3.79272e-05,-3.8705e-05,-4.07024e-05,-4.38383e-05,-4.79103e-05,-5.2633e-05,-5.76799e-05,-6.27227e-05,-6.74645e-05,-7.16627e-05,-7.51395e-05,-7.77818e-05,-7.95312e-05,-8.03667e-05,-8.02861e-05,-7.92875e-05,-7.73564e-05,-7.44597e-05,-7.05472e-05,-6.55612e-05,-5.94518e-05,-5.21948e-05,-4.38094e-05,-3.43733e-05,-2.40311e-05,-1.29961e-05,-1.54366e-06,1.00023e-05,2.12891e-05,3.19592e-05,4.16742e-05,5.01394e-05,5.71242e-05,6.24777e-05,6.61384e-05,6.8137e-05,6.8593e-05,6.7704e-05,6.57306e-05,6.29767e-05,5.97663e-05,5.64204e-05,5.32332e-05,5.04516e-05,4.82576e-05,4.67566e-05,4.59709e-05,4.58402e-05,4.6228e-05,4.69336e-05,4.77087e-05,4.82777e-05,4.83589e-05,4.76863e-05,4.603e-05,4.32141e-05,3.91304e-05,3.37487e-05,2.71213e-05,1.93825e-05,1.07431e-05,1.47924e-06,-8.08382e-06,-1.75918e-05,-2.66848e-05,-3.5023e-05,-4.2311e-05,-4.83213e-05,-5.29116e-05,-5.60367e-05,-5.77512e-05,-5.82042e-05,-5.76243e-05,-5.62983e-05,-5.45445e-05,-5.26843e-05,-5.10157e-05,-4.97907e-05,-4.92005e-05,-4.93678e-05,-5.03481e-05,-5.21363e-05,-5.46782e-05,-5.78817e-05,-6.16274e-05,-6.57731e-05,-7.01532e-05,-7.45729e-05,-7.87977e-05,-8.25434e-05,-8.54684e-05,-8.71745e-05,-8.72181e-05,-8.5136e-05,-7.9901e-05,-7.07344e-05,-5.7945e-05,-4.2369e-05,-2.53893e-05,-8.99562e-06,4.50723e-06,1.29939e-05,1.50536e-05,1.03988e-05,0
0,5.61964e-06,8.07195e-06,5.96735e-06,-3.05611e-07,-9.52569e-06,-2.00226e-05,-3.0132e-05,-3.85695e-05,-4.46396e-05,-4.82293e-05,-4.95431e-05,-4.89712e-05,-4.75444e-05,-4.62961e-05,-4.56596e-05,-4.59221e-05,-4.72159e-05,-4.95276e-05,-5.27221e-05,-5.65763e-05,-6.0818e-05,-6.51638e-05,-6.93525e-05,-7.31688e-05,-7.64571e-05,-7.91234e-05,-8.11277e-05,-8.24692e-05,-8.31677e-05,-8.32446e-05,-8.27078e-05,-8.1542e-05,-7.97065e-05,-7.71406e-05,-7.37742e-05,-6.95442e-05,-6.44107e-05,-5.83729e-05,-5.14807e-05,-4.38407e-05,-3.5616e-05,-2.70192e-05,-1.82993e-05,-9.72559e-06,-1.56773e-06,5.9232e-06,1.25327e-05,1.80974e-05,2.25153e-05,2.57506e-05,2.78341e-05,2.88569e-05,2.89612e-05,2.83266e-05,2.71537e-05,2.56473e-05,2.39992e-05,2.23727e-05,2.08898e-05,1.96223e-05,1.85876e-05,1.77486e-05,1.70191e-05,1.6273e-05,1.53562e-05,1.41024e-05,1.23478e-05,9.94748e-06,6.78938e-06,2.80627e-06,-2.0153e-06,-7.62982e-06,-1.39317e-05,-2.07583e-05,-2.78973e-05,-3.50985e-05,-4.20882e-05,-4.8588e-05,-5.43341e-05,-5.90983e-05,-6.27065e-05,-6.50552e-05,-6.61225e-05,-6.5973e-05,-6.47551e-05,-6.26905e-05,-6.00571e-05,-5.71662e-05,-5.43368e-05,-5.187e-05,-5.00252e-05,-4.90031e-05,-4.8934e-05,-4.9875e-05,-5.18139e-05,-5.46782e-05,-5.83476e-05,-6.26664e-05,-6.74531e-05,-7.25061e-05,-7.76037e-05,-8.2499e-05,-8.69129e-05,-9.05261e-05,-9.29759e-05,-9.386e-05,-9.27512e-05,-8.92242e-05,-8.23466e-05,-7.14574e-05,-5.69788e-05,-3.98993e-05,-2.17732e-05,-4.73326e-06,8.8387e-06,1.68263e-05,1.79079e-05,1.19318e-05,0
0,6.77852e-06,1.02626e-05,8.80018e-06,2.66636e-06,-6.96756e-06,-1.83935e-05,-2.98261e-05,-3.98065e-05,-4.74518e-05,-5.24886e-05,-5.50227e-05,-5.54062e-05,-5.4633e-05,-5.37123e-05,-5.3099e-05,-5.31187e-05,-5.39544e-05,-5.56499e-05,-5.81293e-05,-6.12258e-05,-6.47178e-05,-6.83647e-05,-7.19404e-05,-7.52579e-05,-7.81847e-05,-8.06482e-05,-8.263e-05,-8.41536e-05,-8.52659e-05,-8.60185e-05,-8.64504e-05,-8.6575e-05,-8.63736e-05,-8.57964e-05,-8.47695e-05,-8.32067e-05,-8.10252e-05,-7.81608e-05,-7.45813e-05,-7.02971e-05,-6.53653e-05,-5.98898e-05,-5.4015e-05,-4.79158e-05,-4.17844e-05,-3.58158e-05,-3.01932e-05,-2.50756e-05,-2.05871e-05,-1.6811e-05,-1.37863e-05,-1.15096e-05,-9.9392e-06,-9.00323e-06,-8.60935e-06,-8.65586e-06,-9.04296e-06,-9.68307e-06,-1.05094e-05,-1.14818e-05,-1.25899e-05,-1.3852e-05,-1.53121e-05,-1.70327e-05,-1.90863e-05,-2.15454e-05,-2.44718e-05,-2.79064e-05,-3.18607e-05,-3.63104e-05,-4.11909e-05,-4.63968e-05,-5.17836e-05,-5.71742e-05,-6.23665e-05,-6.71459e-05,-7.12986e-05,-7.46274e-05,-7.69679e-05,-7.8203e-05,-7.82769e-05,-7.72037e-05,-7.50724e-05,-7.20452e-05,-6.8349e-05,-6.42618e-05,-6.00924e-05,-5.61586e-05,-5.27619e-05,-5.01659e-05,-4.85767e-05,-4.81303e-05,-4.88864e-05,-5.08292e-05,-5.38746e-05,-5.78817e-05,-6.26664e-05,-6.80136e-05,-7.36876e-05,-7.94372e-05,-8.49963e-05,-9.00803e-05,-9.43801e-05,-9.7558e-05,-9.9246e-05,-9.90537e-05,-9.65841e-05,-9.14621e-05,-8.28616e-05,-7.02525e-05,-5.41781e-05,-3.57755e-05,-1.67542e-05,6.3796e-07,1.39769e-05,2.11884e-05,2.10638e-05,1.35945e-05,0
0,8.09936e-06,1.28034e-05,1.22202e-05,6.50162e-06,-3.25797e-06,-1.53481e-05,-2.78968e-05,-3.92962e-05,-4.84872e-05,-5.50335e-05,-5.89288e-05,-6.0467e-05,-6.05864e-05,-6.02563e-05,-5.99386e-05,-5.99833e-05,-6.06108e-05,-6.19113e-05,-6.38585e-05,-6.63351e-05,-6.91648e-05,-7.21472e-05,-7.50892e-05,-7.78314e-05,-8.02654e-05,-8.23406e-05,-8.40623e-05,-8.54804e-05,-8.6673e-05,-8.77272e-05,-8.87195e-05,-8.97008e-05,-9.06857e-05,-9.16482e-05,-9.25249e-05,-9.32232e-05,-9.36333e-05,-9.36438e-05,-9.31556e-05,-9.20952e-05,-9.04238e-05,-8.81427e-05,-8.52937e-05,-8.19556e-05,-7.82371e-05,-7.42675e-05,-7.01856e-05,-6.61302e-05,-6.22297e-05,-5.85953e-05,-5.53158e-05,-5.24549e-05,-5.00515e-05,-4.81225e-05,-4.66665e-05,-4.56698e-05,-4.51119e-05,-4.49714e-05,-4.52304e-05,-4.58783e-05,-4.69122e-05,-4.83372e-05,-5.01629e-05,-5.23995e-05,-5.50522e-05,-5.81154e-05,-6.15664e-05,-6.53607e-05,-6.9428e-05,-7.36707e-05,-7.79641e-05,-8.21595e-05,-8.60892e-05,-8.95745e-05,-9.24353e-05,-9.45017e-05,-9.56263e-05,-9.56969e-05,-9.46484e-05,-9.24727e-05,-8.9226e-05,-8.50313e-05,-8.00763e-05,-7.4606e-05,-6.89098e-05,-6.33038e-05,-5.81101e-05,-5.36343e-05,-5.01439e-05,-4.78496e-05,-4.68912e-05,-4.73296e-05,-4.91464e-05,-5.22482e-05,-5.64778e-05,-6.16274e-05,-6.74531e-05,-7.36876e-05,-8.005e-05,-8.62511e-05,-9.19937e-05,-9.69697e-05,-0.000100856,-0.000103313,-0.000103981,-0.000102498,-9.8508e-05,-9.16954e-05,-8.13497e-05,-6.70812e-05,-4.9557e-05,-3.00553e-05,-1.04203e-05,7.01527e-06,1.98194e-05,2.59917e-05,2.44567e-05,1.53524e-05,0
0,9.54552e-06,1.56212e-05,1.61252e-05,1.10801e-05,1.47993e-06,-1.09962e-05,-2.44249e-05,-3.70772e-05,-4.77339e-05,-5.57987e-05,-6.11435e-05,-6.39887e-05,-6.51988e-05,-6.56895e-05,-6.59159e-05,-6.62388e-05,-6.69031e-05,-6.80333e-05,-6.96433e-05,-7.16571e-05,-7.39383e-05,-7.63219e-05,-7.86458e-05,-8.07765e-05,-8.26288e-05,-8.41743e-05,-8.54423e-05,-8.65103e-05,-8.74896e-05,-8.85054e-05,-8.9677e-05,-9.10992e-05,-9.28285e-05,-9.48741e-05,-9.71965e-05,-9.97113e-05,-0.000102299,-0.000104816,-0.000107115,-0.000109051,-0.000110504,-0.000111381,-0.000111628,-0.000111227,-0.000110204,-0.000108612,-0.000106538,-0.000104085,-0.000101369,-9.85112e-05,-9.56283e-05,-9.28306e-05,-9.02168e-05,-8.7872e-05,-8.58671e-05,-8.42595e-05,-8.30943e-05,-8.24053e-05,-8.22166e-05,-8.25432e-05,-8.33909e-05,-8.47553e-05,-8.662e-05,-8.89542e-05,-9.17099e-05,-9.48197e-05,-9.81946e-05,-0.000101723,-0.000105274,-0.000108694,-0.000111817,-0.000114468,-0.000116472,-0.000117661,-0.000117889,-0.000117038,-0.000115032,-0.000111845,-0.000107509,-0.000102121,-9.58398e-05,-8.8885e-05,-8.15291e-05,-7.40836e-05,-6.68824e-05,-6.02616e-05,-5.45382e-05,-4.99891e-05,-4.68321e-05,-4.52123e-05,-4.51925e-05,-4.67515e-05,-4.97881e-05,-5.41302e-05,-5.95487e-05,-6.57731e-05,-7.25061e-05,-7.94372e-05,-8.62511e-05,-9.2633e-05,-9.82685e-05,-0.000102841,-0.000106029,-0.000107505,-0.000106935,-0.000103992,-9.83758e-05,-8.98342e-05,-7.77787e-05,-6.19658e-05,-4.31852e-05,-2.28437e-05,-2.89733e-06,1.42674e-05,2.62444e-05,3.11354e-05,2.80148e-05,1.71678e-05,0
0,1.10758e-05,1.86329e-05,2.03962e-05,1.62564e-05,7.08766e-06,-5.49305e-06,-1.95454e-05,-3.32492e-05,-4.52456e-05,-5.47852e-05,-6.16143e-05,-6.5867e-05,-6.83199e-05,-6.98217e-05,-7.0809e-05,-7.16404e-05,-7.25726e-05,-7.3753e-05,-7.52253e-05,-7.69467e-05,-7.88139e-05,-8.06927e-05,-8.24481e-05,-8.39706e-05,-8.51962e-05,-8.61178e-05,-8.67875e-05,-8.73102e-05,-8.78302e-05,-8.85119e-05,-8.95195e-05,-9.09961e-05,-9.30462e-05,-9.57233e-05,-9.90229e-05,-0.000102883,-0.000107188,-0.000111784,-0.000116486,-0.000121101,-0.000125436,-0.000129321,-0.000132611,-0.000135203,-0.000137033,-0.000138082,-0.000138371,-0.000137959,-0.000136934,-0.000135408,-0.000133507,-0.000131368,-0.000129127,-0.000126916,-0.000124861,-0.00012307,-0.000121642,-0.000120651,-0.000120158,-0.000120198,-0.000120786,-0.000121911,-0.000123538,-0.000125607,-0.00012803,-0.000130694,-0.000133462,-0.000136174,-0.000138656,-0.00014072,-0.000142177,-0.000142843,-0.000142548,-0.000141151,-0.000138546,-0.000134676,-0.000129538,-0.000123192,-0.000115765,-0.000107447,-9.84897e-05,-8.91959e-05,-7.99058e-05,-7.09792e-05,-6.2776e-05,-5.56338e-05,-4.98473e-05,-4.56489e-05,-4.31941e-05,-4.25518e-05,-4.37012e-05,-4.65349e-05,-5.08678e-05,-5.64511e-05,-6.29885e-05,-7.01532e-05,-7.76037e-05,-8.49963e-05,-9.19937e-05,-9.82685e-05,-0.000103503,-0.000107388,-0.000109617,-0.000109887,-0.000107903,-0.000103387,-9.60952e-05,-8.58452e-05,-7.21727e-05,-5.49824e-05,-3.51806e-05,-1.42875e-05,5.65474e-06,2.22374e-05,3.31116e-05,3.65065e-05,3.16594e-05,1.90001e-05,0
0,1.26449e-05,2.17479e-05,2.49012e-05,2.1865e-05,1.33787e-05,9.69909e-07,-1.3437e-05,-2.79619e-05,-4.11291e-05,-5.20482e-05,-6.03409e-05,-6.60473e-05,-6.98439e-05,-7.25016e-05,-7.4428e-05,-7.5968e-05,-7.73784e-05,-7.88181e-05,-8.03504e-05,-8.1957e-05,-8.35609e-05,-8.50533e-05,-8.63223e-05,-8.7279e-05,-8.78782e-05,-8.81317e-05,-8.81125e-05,-8.79506e-05,-8.78212e-05,-8.7927e-05,-8.84768e-05,-8.96633e-05,-9.16428e-05,-9.4519e-05,-9.83316e-05,-0.000103052,-0.000108586,-0.000114781,-0.000121436,-0.000128323,-0.000135199,-0.000141826,-0.000147986,-0.000153493,-0.000158202,-0.00016202,-0.000164899,-0.000166843,-0.0001679,-0.000168158,-0.000167735,-0.00016677,-0.00016542,-0.000163844,-0.000162198,-0.000160631,-0.000159272,-0.000158232,-0.000157593,-0.000157408,-0.0001577,-0.000158455,-0.000159626,-0.000161132,-0.00016286,-0.000164667,-0.000166383,-0.00016782,-0.00016878,-0.000169059,-0.000168462,-0.000166811,-0.000163959,-0.000159799,-0.000154278,-0.000147401,-0.000139242,-0.000129942,-0.000119714,-0.000108834,-9.76312e-05,-8.64742e-05,-7.57527e-05,-6.58559e-05,-5.71504e-05,-4.99575e-05,-4.45334e-05,-4.10529e-05,-3.95988e-05,-4.01571e-05,-4.262e-05,-4.67935e-05,-5.2412e-05,-5.9155e-05,-6.66665e-05,-7.45729e-05,-8.2499e-05,-9.00803e-05,-9.69697e-05,-0.000102841,-0.000107388,-0.00011032,-0.00011136,-0.000110244,-0.000106724,-0.000100576,-9.16208e-05,-7.97434e-05,-6.46039e-05,-4.62528e-05,-2.57038e-05,-4.57067e-06,1.5045e-05,3.07434e-05,4.02623e-05,4.19793e-05,3.53037e-05,2.08045e-05,0
0,1.42045e-05,2.48692e-05,2.94979e-05,2.77252e-05,2.01455e-05,8.17384e-06,-6.31162e-06,-2.14021e-05,-3.55309e-05,-4.76833e-05,-5.73624e-05,-6.45111e-05,-6.96973e-05,-7.3605e-05,-7.66047e-05,-7.90171e-05,-8.10886e-05,-8.29786e-05,-8.47605e-05,-8.64319e-05,-8.79349e-05,-8.91803e-05,-9.00748e-05,-9.05464e-05,-9.05656e-05,-9.01595e-05,-8.94186e-05,-8.84944e-05,-8.75895e-05,-8.69413e-05,-8.68002e-05,-8.74074e-05,-8.89715e-05,-9.16498e-05,-9.55324e-05,-0.000100634,-0.000106893,-0.000114173,-0.000122277,-0.000130958,-0.000139941,-0.000148939,-0.000157673,-0.000165887,-0.000173365,-0.000179937,-0.000185491,-0.000189969,-0.000193368,-0.000195739,-0.000197174,-0.000197801,-0.000197774,-0.000197259,-0.00019643,-0.00019545,-0.000194472,-0.000193623,-0.000193003,-0.000192676,-0.000192671,-0.000192972,-0.000193528,-0.000194246,-0.000194998,-0.000195625,-0.000195944,-0.000195755,-0.000194851,-0.000193032,-0.000190113,-0.00018594,-0.000180399,-0.000173429,-0.000165033,-0.000155284,-0.000144328,-0.000132385,-0.000119743,-0.000106749,-9.37936e-05,-8.12937e-05,-6.96681e-05,-5.93156e-05,-5.05904e-05,-4.37806e-05,-3.90899e-05,-3.66248e-05,-3.63886e-05,-3.82816e-05,-4.21091e-05,-4.75948e-05,-5.43989e-05,-6.21382e-05,-7.04074e-05,-7.87977e-05,-8.69129e-05,-9.43801e-05,-0.000100856,-0.000106029,-0.000109617,-0.00011136,-0.000111023,-0.00010839,-0.000103267,-9.54912e-05,-8.49468e-05,-7.15849e-05,-5.51856e-05,-3.59395e-05,-1.4953e-05,6.08847e-06,2.50528e-05,3.95792e-05,4.75183e-05,4.74138e-05,3.88517e-05,2.25319e-05,0
0,1.57032e-05,2.78949e-05,3.40365e-05,3.36452e-05,2.7165e-05,1.58803e-05,1.59553e-06,-1.37829e-05,-2.86252e-05,-4.18136e-05,-5.27436e-05,-6.12633e-05,-6.78265e-05,-7.30242e-05,-7.71825e-05,-8.05896e-05,-8.34714e-05,-8.59787e-05,-8.81854e-05,-9.00971e-05,-9.16678e-05,-9.28222e-05,-9.3481e-05,-9.35846e-05,-9.31152e-05,-9.21114e-05,-9.06766e-05,-8.89788e-05,-8.72426e-05,-8.57341e-05,-8.47408e-05,-8.45476e-05,-8.54136e-05,-8.75492e-05,-9.10985e-05,-9.61264e-05,-0.000102613,-0.000110453,-0.000119467,-0.00012941,-0.000139992,-0.000150895,-0.000161796,-0.000172385,-0.000182383,-0.000191556,-0.000199722,-0.000206763,-0.000212621,-0.000217296,-0.000220843,-0.000223361,-0.000224985,-0.000225871,-0.000226188,-0.000226105,-0.000225777,-0.000225339,-0.000224899,-0.000224526,-0.00022425,-0.00022406,-0.000223901,-0.000223677,-0.000223257,-0.000222479,-0.000221161,-0.000219105,-0.000216118,-0.000212016,-0.000206641,-0.000199873,-0.000191644,-0.000181948,-0.000170848,-0.000158484,-0.00014507,-0.000130895,-0.000116312,-0.000101722,-8.75586e-05,-7.4266e-05,-6.22722e-05,-5.19653e-05,-4.36695e-05,-3.76243e-05,-3.39697e-05,-3.27363e-05,-3.38448e-05,-3.71106e-05,-4.22573e-05,-4.89339e-05,-5.67366e-05,-6.52316e-05,-7.39773e-05,-8.25434e-05,-9.05261e-05,-9.7558e-05,-0.000103313,-0.000107505,-0.000109887,-0.000110244,-0.00010839,-0.000104164,-9.74326e-05,-8.80963e-05,-7.61023e-05,-6.14615e-05,-4.4068e-05,-2.42415e-05,-3.16263e-06,1.74381e-05,3.54274e-05,4.85128e-05,5.4681e-05,5.26549e-05,4.21973e-05,2.41281e-05,0
0,1.70871e-05,3.07192e-05,3.83615e-05,3.9425e-05,3.42035e-05,2.38375e-05,1.00333e-05,-5.33452e-06,-2.06038e-05,-3.45783e-05,-4.65635e-05,-5.63205e-05,-6.4188e-05,-7.06583e-05,-7.60083e-05,-8.04862e-05,-8.42891e-05,-8.75504e-05,-9.03364e-05,-9.26532e-05,-9.44602e-05,-9.56906e-05,-9.62738e-05,-9.61587e-05,-9.53347e-05,-9.38471e-05,-9.18069e-05,-8.93924e-05,-8.68433e-05,-8.44472e-05,-8.25205e-05,-8.13856e-05,-8.13464e-05,-8.26637e-05,-8.55351e-05,-9.00791e-05,-9.6325e-05,-0.000104211,-0.000113587,-0.000124228,-0.000135847,-0.000148115,-0.000160684,-0.000173204,-0.00018535,-0.000196829,-0.000207402,-0.000216888,-0.00022517,-0.000232195,-0.000237967,-0.000242545,-0.000246029,-0.000248551,-0.000250259,-0.000251308,-0.000251847,-0.000252006,-0.00025189,-0.000251569,-0.000251072,-0.000250391,-0.000249471,-0.000248223,-0.000246519,-0.000244209,-0.000241122,-0.000237081,-0.000231916,-0.000225477,-0.000217645,-0.000208347,-0.000197569,-0.000185363,-0.000171856,-0.00015725,-0.000141822,-0.000125918,-0.000109939,-9.43234e-05,-7.95287e-05,-6.60042e-05,-5.41667e-05,-4.43748e-05,-3.69061e-05,-3.19393e-05,-2.95418e-05,-2.96653e-05,-3.21484e-05,-3.6727e-05,-4.30515e-05,-5.07079e-05,-5.92422e-05,-6.81846e-05,-7.70723e-05,-8.54684e-05,-9.29759e-05,-9.9246e-05,-0.000103981,-0.000106935,-0.000107903,-0.000106724,-0.000103267,-9.74326e-05,-8.9151e-05,-7.83868e-05,-6.51478e-05,-4.94979e-05,-3.14356e-05,-1.13942e-05,9.39699e-06,2.91916e-05,4.58865e-05,5.7285e-05,6.15298e-05,5.75308e-05,4.5224e-05,2.5534e-05,0
0,1.83005e-05,3.32338e-05,4.23129e-05,4.48588e-05,4.10196e-05,3.17839e-05,1.87398e-05,3.70114e-06,-1.16689e-05,-2.61252e-05,-3.89067e-05,-4.97029e-05,-5.87411e-05,-6.64092e-05,-7.293e-05,-7.85054e-05,-8.32968e-05,-8.74127e-05,-9.09051e-05,-9.37737e-05,-9.5978e-05,-9.74543e-05,-9.81364e-05,-9.79775e-05,-9.69694e-05,-9.51594e-05,-9.26601e-05,-8.9653e-05,-8.63845e-05,-8.31547e-05,-8.02997e-05,-7.81701e-05,-7.71062e-05,-7.74132e-05,-7.93391e-05,-8.30555e-05,-8.86455e-05,-9.60971e-05,-0.000105304,-0.000116074,-0.000128142,-0.000141186,-0.000154852,-0.00016877,-0.00018258,-0.000195949,-0.000208586,-0.000220255,-0.00023078,-0.00024005,-0.000248016,-0.000254684,-0.00026011,-0.000264385,-0.000267625,-0.00026996,-0.000271516,-0.000272411,-0.000272736,-0.000272556,-0.0002719,-0.000270759,-0.000269084,-0.000266795,-0.00026378,-0.000259906,-0.000255027,-0.000249,-0.000241691,-0.000232993,-0.000222839,-0.000211212,-0.000198155,-0.000183783,-0.000168282,-0.000151912,-0.000135004,-0.000117945,-0.000101167,-8.51287e-05,-7.0288e-05,-5.70799e-05,-4.58898e-05,-3.70296e-05,-3.07167e-05,-2.70595e-05,-2.60485e-05,-2.75564e-05,-3.13451e-05,-3.70802e-05,-4.43514e-05,-5.26967e-05,-6.1628e-05,-7.06564e-05,-7.93146e-05,-8.71745e-05,-9.386e-05,-9.90537e-05,-0.000102498,-0.000103992,-0.000103387,-0.000100576,-9.54912e-05,-8.80963e-05,-7.83868e-05,-6.63913e-05,-5.21758e-05,-3.58508e-05,-1.75087e-05,2.329e-06,2.24164e-05,4.10252e-05,5.61142e-05,6.56083e-05,6.78216e-05,6.18542e-05,4.78052e-05,2.66859e-05,0
0,1.92865e-05,3.53281e-05,4.57285e-05,4.97366e-05,4.73658e-05,3.94501e-05,2.74438e-05,1.30731e-05,-2.0302e-06,-1.6606e-05,-2.98575e-05,-4.14286e-05,-5.14463e-05,-6.01819e-05,-6.77991e-05,-7.44481e-05,-8.02487e-05,-8.52787e-05,-8.957e-05,-9.31112e-05,-9.5857e-05,-9.77429e-05,-9.87033e-05,-9.86914e-05,-9.76977e-05,-9.57661e-05,-9.30045e-05,-8.95901e-05,-8.57672e-05,-8.18379e-05,-7.81471e-05,-7.50623e-05,-7.29496e-05,-7.21496e-05,-7.29538e-05,-7.55839e-05,-8.01769e-05,-8.67754e-05,-9.53254e-05,-0.00010568,-0.000117611,-0.000130822,-0.00014497,-0.000159685,-0.000174592,-0.00018933,-0.000203568,-0.000217025,-0.00022947,-0.000240738,-0.000250719,-0.000259366,-0.000266679,-0.000272701,-0.000277505,-0.000281182,-0.000283829,-0.000285538,-0.000286385,-0.00028642,-0.000285669,-0.000284123,-0.000281742,-0.000278458,-0.00027418,-0.000268804,-0.000262218,-0.000254319,-0.000245023,-0.000234274,-0.000222064,-0.000208435,-0.000193492,-0.00017741,-0.00016043,-0.000142862,-0.000125074,-0.000107482,-9.05321e-05,-7.46778e-05,-6.03598e-05,-4.79787e-05,-3.78708e-05,-3.02866e-05,-2.53733e-05,-2.3163e-05,-2.35692e-05,-2.63901e-05,-3.132e-05,-3.79671e-05,-4.58762e-05,-5.45547e-05,-6.34991e-05,-7.22193e-05,-8.02602e-05,-8.72181e-05,-9.27512e-05,-9.65841e-05,-9.8508e-05,-9.83758e-05,-9.60952e-05,-9.16208e-05,-8.49468e-05,-7.61023e-05,-6.51478e-05,-5.21758e-05,-3.73111e-05,-2.07091e-05,-2.54587e-06,1.66112e-05,3.55424e-05,5.25745e-05,6.57597e-05,7.31672e-05,7.32929e-05,6.54237e-05,4.98066e-05,2.75166e-05,0
0,1.99882e-05,3.68919e-05,4.84445e-05,5.38455e-05,5.29892e-05,4.65586e-05,3.58633e-05,2.25187e-05,8.09223e-06,-6.17762e-06,-1.9497e-05,-3.15068e-05,-4.22687e-05,-5.18924e-05,-6.04815e-05,-6.81303e-05,-7.49122e-05,-8.08703e-05,-8.60125e-05,-9.03128e-05,-9.37181e-05,-9.61601e-05,-9.75711e-05,-9.79013e-05,-9.71359e-05,-9.53107e-05,-9.2523e-05,-8.8938e-05,-8.47883e-05,-8.03674e-05,-7.60167e-05,-7.21076e-05,-6.90198e-05,-6.71175e-05,-6.6726e-05,-6.81105e-05,-7.14585e-05,-7.68683e-05,-8.43427e-05,-9.379e-05,-0.000105031,-0.000117811,-0.000131816,-0.000146693,-0.000162069,-0.000177573,-0.000192852,-0.000207587,-0.000221504,-0.000234385,-0.000246066,-0.00025644,-0.00026545,-0.000273086,-0.000279368,-0.000284343,-0.00028807,-0.000290606,-0.000292005,-0.000292304,-0.000291516,-0.000289636,-0.000286632,-0.000282454,-0.000277036,-0.000270307,-0.000262198,-0.000252654,-0.000241643,-0.000229171,-0.000215288,-0.0002001,-0.000183772,-0.000166532,-0.000148668,-0.000130529,-0.000112506,-9.50245e-05,-7.85243e-05,-6.34379e-05,-5.01675e-05,-3.90615e-05,-3.03927e-05,-2.43395e-05,-2.0972e-05,-2.02455e-05,-2.19999e-05,-2.59677e-05,-3.17885e-05,-3.9029e-05,-4.72076e-05,-5.58207e-05,-6.43682e-05,-7.23772e-05,-7.94216e-05,-8.5136e-05,-8.92242e-05,-9.14621e-05,-9.16954e-05,-8.98342e-05,-8.58452e-05,-7.97434e-05,-7.15849e-05,-6.14615e-05,-4.94979e-05,-3.58508e-05,-2.07091e-05,-4.28838e-06,1.31479e-05,3.10831e-05,4.83712e-05,6.34311e-05,7.4437e-05,7.96205e-05,7.76636e-05,6.80291e-05,5.10901e-05,2.79585e-05,0
0,2.03503e-05,3.78169e-05,5.02987e-05,5.69714e-05,5.76315e-05,5.28214e-05,4.37012e-05,3.17564e-05,1.84597e-05,4.99092e-06,-7.89995e-06,-1.99469e-05,-3.10866e-05,-4.13144e-05,-5.06521e-05,-5.91297e-05,-6.677e-05,-7.35786e-05,-7.95373e-05,-8.46036e-05,-8.87146e-05,-9.17969e-05,-9.37783e-05,-9.46038e-05,-9.42502e-05,-9.27409e-05,-9.01566e-05,-8.66428e-05,-8.24109e-05,-7.77343e-05,-7.29379e-05,-6.83832e-05,-6.44485e-05,-6.15079e-05,-5.99079e-05,-5.99469e-05,-6.18562e-05,-6.57865e-05,-7.17986e-05,-7.98613e-05,-8.98545e-05,-0.000101577,-0.000114762,-0.000129089,-0.000144209,-0.000159756,-0.000175371,-0.000190715,-0.000205483,-0.000219413,-0.000232293,-0.000243961,-0.000254304,-0.000263253,-0.000270777,-0.000276871,-0.000281551,-0.00028484,-0.000286761,-0.000287331,-0.000286557,-0.000284431,-0.000280933,-0.00027603,-0.000269687,-0.000261869,-0.000252552,-0.000241735,-0.000229442,-0.000215738,-0.000200736,-0.000184597,-0.000167541,-0.000149841,-0.000131821,-0.00011385,-9.63258e-05,-7.96654e-05,-6.42824e-05,-5.05676e-05,-3.88675e-05,-2.94635e-05,-2.25534e-05,-1.82366e-05,-1.65048e-05,-1.72396e-05,-2.02162e-05,-2.51145e-05,-3.15359e-05,-3.90253e-05,-4.70953e-05,-5.52521e-05,-6.30194e-05,-6.99598e-05,-7.56918e-05,-7.9901e-05,-8.23466e-05,-8.28616e-05,-8.13497e-05,-7.77787e-05,-7.21727e-05,-6.46039e-05,-5.51856e-05,-4.4068e-05,-3.14356e-05,-1.75087e-05,-2.54587e-06,1.31479e-05,2.92031e-05,4.53101e-05,6.04418e-05,7.31412e-05,8.17284e-05,8.46084e-05,8.06451e-05,6.94591e-05,5.15204e-05,2.79465e-05,0
0,2.03209e-05,3.80008e-05,5.11341e-05,5.89019e-05,6.103e-05,5.79376e-05,5.06378e-05,4.04736e-05,2.8798e-05,1.66977e-05,4.7003e-06,-6.93186e-06,-1.80274e-05,-2.84842e-05,-3.8244e-05,-4.72718e-05,-5.55404e-05,-6.30176e-05,-6.96595e-05,-7.54065e-05,-8.01862e-05,-8.39189e-05,-8.65276e-05,-8.79503e-05,-8.81531e-05,-8.71432e-05,-8.49799e-05,-8.17817e-05,-7.77298e-05,-7.3066e-05,-6.80853e-05,-6.31241e-05,-5.85438e-05,-5.47115e-05,-5.19799e-05,-5.06663e-05,-5.10348e-05,-5.32805e-05,-5.75189e-05,-6.37799e-05,-7.20075e-05,-8.20646e-05,-9.37419e-05,-0.000106771,-0.000120842,-0.000135615,-0.000150745,-0.000165889,-0.000180727,-0.000194971,-0.000208368,-0.000220713,-0.00023184,-0.00024163,-0.000249998,-0.00025689,-0.000262277,-0.000266142,-0.000268482,-0.000269292,-0.000268566,-0.000266298,-0.000262477,-0.000257091,-0.000250134,-0.00024161,-0.000231541,-0.000219977,-0.000206997,-0.000192723,-0.00017732,-0.000161,-0.000144025,-0.000126697,-0.000109359,-9.2382e-05,-7.61525e-05,-6.10565e-05,-4.7462e-05,-3.57006e-05,-2.60481e-05,-1.87077e-05,-1.37957e-05,-1.13313e-05,-1.12321e-05,-1.33153e-05,-1.73055e-05,-2.2848e-05,-2.95273e-05,-3.68889e-05,-4.44626e-05,-5.17865e-05,-5.84284e-05,-6.40039e-05,-6.81902e-05,-7.07344e-05,-7.14574e-05,-7.02525e-05,-6.70812e-05,-6.19658e-05,-5.49824e-05,-4.62528e-05,-3.59395e-05,-2.42415e-05,-1.13942e-05,2.329e-06,1.66112e-05,3.10831e-05,4.53101e-05,5.87796e-05,7.12312e-05,8.12083e-05,8.7192e-05,8.77627e-05,8.19525e-05,6.95122e-05,5.09729e-05,2.7423e-05,0
0,1.98553e-05,3.73517e-05,5.08045e-05,5.94315e-05,6.29204e-05,6.15915e-05,5.63228e-05,4.83115e-05,3.87727e-05,2.84185e-05,1.76713e-05,6.85781e-06,-3.77826e-06,-1.40617e-05,-2.38682e-05,-3.31071e-05,-4.17065e-05,-4.96009e-05,-5.67232e-05,-6.29996e-05,-6.83493e-05,-7.26877e-05,-7.59335e-05,-7.80178e-05,-7.88951e-05,-7.85549e-05,-7.70311e-05,-7.44104e-05,-7.0836e-05,-6.65083e-05,-6.16804e-05,-5.66491e-05,-5.17425e-05,-4.73038e-05,-4.36737e-05,-4.1172e-05,-4.00798e-05,-4.06241e-05,-4.29655e-05,-4.71898e-05,-5.33045e-05,-6.12395e-05,-7.08525e-05,-8.19382e-05,-9.42399e-05,-0.000107464,-0.000121295,-0.000135408,-0.000149488,-0.000163235,-0.000176376,-0.000188673,-0.000199923,-0.000209961,-0.000218659,-0.000225918,-0.000231667,-0.000235856,-0.000238449,-0.000239423,-0.000238764,-0.000236462,-0.000232516,-0.000226935,-0.00021974,-0.000210972,-0.000200696,-0.000189006,-0.00017603,-0.000161936,-0.00014693,-0.00013126,-0.000115211,-9.91006e-05,-8.3268e-05,-6.80666e-05,-5.38493e-05,-4.09533e-05,-2.96846e-05,-2.03014e-05,-1.29995e-05,-7.89944e-06,-5.03638e-06,-4.35535e-06,-5.71076e-06,-8.87144e-06,-1.35309e-05,-1.93224e-05,-2.58371e-05,-3.26451e-05,-3.93168e-05,-4.54432e-05,-5.06541e-05,-5.46325e-05,-5.71245e-05,-5.7945e-05,-5.69788e-05,-5.41781e-05,-4.9557e-05,-4.31852e-05,-3.51806e-05,-2.57038e-05,-1.4953e-05,-3.16263e-06,9.39699e-06,2.24164e-05,3.55424e-05,4.83712e-05,6.04418e-05,7.12312e-05,8.01531e-05,8.70997e-05,9.03752e-05,8.8724e-05,8.13211e-05,6.80111e-05,4.93442e-05,2.63427e-05,0
0,1.89187e-05,3.57943e-05,4.91825e-05,5.83698e-05,6.30426e-05,6.34542e-05,6.03691e-05,5.48478e-05,4.76191e-05,3.91848e-05,2.99716e-05,2.03331e-05,1.05537e-05,8.55382e-07,-8.59095e-06,-1.7653e-05,-2.62245e-05,-3.42147e-05,-4.15391e-05,-4.81139e-05,-5.38535e-05,-5.86711e-05,-6.24833e-05,-6.52161e-05,-6.6814e-05,-6.72487e-05,-6.65285e-05,-6.47055e-05,-6.18811e-05,-5.82077e-05,-5.38869e-05,-4.91647e-05,-4.43214e-05,-3.96601e-05,-3.5492e-05,-3.21207e-05,-2.98264e-05,-2.8851e-05,-2.93856e-05,-3.15603e-05,-3.54384e-05,-4.10136e-05,-4.82117e-05,-5.68956e-05,-6.68732e-05,-7.79086e-05,-8.97337e-05,-0.000102061,-0.000114596,-0.000127051,-0.000139149,-0.000150641,-0.0001613,-0.000170933,-0.000179379,-0.000186505,-0.000192207,-0.000196406,-0.000199042,-0.000200076,-0.000199482,-0.000197253,-0.000193396,-0.000187935,-0.000180918,-0.000172413,-0.00016252,-0.000151368,-0.00013912,-0.000125975,-0.000112165,-9.79537e-05,-8.36295e-05,-6.95012e-05,-5.58862e-05,-4.31004e-05,-3.14451e-05,-2.11937e-05,-1.25787e-05,-5.77843e-06,-9.06926e-07,1.99493e-06,2.96407e-06,2.11618e-06,-3.57691e-07,-4.19903e-06,-9.09363e-06,-1.46867e-05,-2.06005e-05,-2.64523e-05,-3.18731e-05,-3.65237e-05,-4.01091e-05,-4.2388e-05,-4.31803e-05,-4.2369e-05,-3.98993e-05,-3.57755e-05,-3.00553e-05,-2.28437e-05,-1.42875e-05,-4.57067e-06,6.08847e-06,1.74381e-05,2.91916e-05,4.10252e-05,5.25745e-05,6.34311e-05,7.31412e-05,8.12083e-05,8.70997e-05,9.02585e-05,9.08342e-05,8.71633e-05,7.85273e-05,6.48194e-05,4.65634e-05,2.46786e-05,0
0,1.74906e-05,3.32782e-05,4.61705e-05,5.5554e-05,6.11527e-05,6.31906e-05,6.23507e-05,5.91945e-05,5.41739e-05,4.77225e-05,4.0236e-05,3.20614e-05,2.34936e-05,1.47753e-05,6.10224e-06,-2.36876e-06,-1.05108e-05,-1.82175e-05,-2.5395e-05,-3.19553e-05,-3.78128e-05,-4.28827e-05,-4.7083e-05,-5.03384e-05,-5.25863e-05,-5.37839e-05,-5.39164e-05,-5.30029e-05,-5.1103e-05,-4.83192e-05,-4.47979e-05,-4.07268e-05,-3.6329e-05,-3.18548e-05,-2.75707e-05,-2.3747e-05,-2.06442e-05,-1.85005e-05,-1.75189e-05,-1.78574e-05,-1.96209e-05,-2.28563e-05,-2.75509e-05,-3.36337e-05,-4.09799e-05,-4.94182e-05,-5.87392e-05,-6.8706e-05,-7.90648e-05,-8.95556e-05,-9.99215e-05,-0.000109917,-0.000119317,-0.000127915,-0.000135535,-0.000142025,-0.00014726,-0.000151142,-0.000153596,-0.00015457,-0.000154033,-0.000151977,-0.000148417,-0.000143389,-0.000136957,-0.000129211,-0.000120271,-0.000110287,-9.94409e-05,-8.7942e-05,-7.6027e-05,-6.39539e-05,-5.19955e-05,-4.0431e-05,-2.95365e-05,-1.95742e-05,-1.07817e-05,-3.3606e-06,2.53372e-06,6.80066e-06,9.40119e-06,1.03619e-05,9.77547e-06,7.79853e-06,4.64502e-06,5.77005e-07,-4.10752e-06,-9.08882e-06,-1.40406e-05,-1.86453e-05,-2.26083e-05,-2.56701e-05,-2.76157e-05,-2.82814e-05,-2.75576e-05,-2.53893e-05,-2.17732e-05,-1.67542e-05,-1.04203e-05,-2.89733e-06,5.65474e-06,1.5045e-05,2.50528e-05,3.54274e-05,4.58865e-05,5.61142e-05,6.57597e-05,7.4437e-05,8.17284e-05,8.7192e-05,9.03752e-05,9.08342e-05,8.81619e-05,8.28109e-05,7.34126e-05,5.986e-05,4.26041e-05,2.24278e-05,0
0,1.5569e-05,2.97857e-05,4.17136e-05,5.08661e-05,5.70416e-05,6.04756e-05,6.14453e-05,6.02387e-05,5.71912e-05,5.26525e-05,4.69623e-05,4.04346e-05,3.33479e-05,2.59409e-05,1.84127e-05,1.09263e-05,3.61501e-06,-3.41073e-06,-1.00561e-05,-1.62358e-05,-2.18693e-05,-2.68784e-05,-3.11872e-05,-3.47232e-05,-3.74221e-05,-3.92322e-05,-4.01207e-05,-4.008e-05,-3.91323e-05,-3.73344e-05,-3.47792e-05,-3.15956e-05,-2.79462e-05,-2.40217e-05,-2.00338e-05,-1.62061e-05,-1.27639e-05,-9.92316e-06,-7.87968e-06,-6.79958e-06,-6.81078e-06,-7.99668e-06,-1.03923e-05,-1.39829e-05,-1.87054e-05,-2.44519e-05,-3.10754e-05,-3.83975e-05,-4.62166e-05,-5.43167e-05,-6.24764e-05,-7.04764e-05,-7.81071e-05,-8.51737e-05,-9.15008e-05,-9.69349e-05,-0.000101346,-0.000104629,-0.000106702,-0.000107509,-0.000107019,-0.000105222,-0.000102138,-9.78102e-05,-9.23093e-05,-8.57341e-05,-7.82112e-05,-6.98944e-05,-6.09634e-05,-5.16201e-05,-4.20847e-05,-3.25895e-05,-2.33715e-05,-1.46644e-05,-6.68955e-06,3.53301e-07,6.29509e-06,1.10056e-05,1.44004e-05,1.6446e-05,1.71629e-05,1.66258e-05,1.49613e-05,1.23431e-05,8.98422e-06,5.12706e-06,1.03249e-06,-3.0326e-06,-6.80748e-06,-1.00491e-05,-1.25424e-05,-1.41078e-05,-1.46072e-05,-1.39471e-05,-1.20784e-05,-8.99562e-06,-4.73326e-06,6.3796e-07,7.01527e-06,1.42674e-05,2.22374e-05,3.07434e-05,3.95792e-05,4.85128e-05,5.7285e-05,6.56083e-05,7.31672e-05,7.96205e-05,8.46084e-05,8.77627e-05,8.8724e-05,8.71633e-05,8.28109e-05,7.54921e-05,6.59121e-05,5.31338e-05,3.74944e-05,1.96151e-05,0
0,1.31736e-05,2.53406e-05,3.58148e-05,4.4255e-05,5.05636e-05,5.47324e-05,5.68407e-05,5.7059e-05,5.56175e-05,5.27775e-05,4.88089e-05,4.39734e-05,3.8512e-05,3.2638e-05,2.65342e-05,2.03529e-05,1.42197e-05,8.23836e-06,2.49607e-06,-2.93067e-06,-7.97163e-06,-1.25595e-05,-1.66286e-05,-2.01145e-05,-2.29567e-05,-2.51018e-05,-2.65073e-05,-2.71473e-05,-2.70165e-05,-2.61347e-05,-2.45492e-05,-2.23369e-05,-1.96032e-05,-1.64798e-05,-1.31205e-05,-9.69548e-06,-6.38341e-06,-3.36373e-06,-8.07824e-07,1.12945e-06,2.31749e-06,2.65657e-06,2.08275e-06,5.70958e-07,-1.86407e-06,-5.16886e-06,-9.2543e-06,-1.40003e-05,-1.92616e-05,-2.48749e-05,-3.06657e-05,-3.64553e-05,-4.20673e-05,-4.73333e-05,-5.20979e-05,-5.62216e-05,-5.95844e-05,-6.2087e-05,-6.36525e-05,-6.42268e-05,-6.378e-05,-6.2306e-05,-5.98236e-05,-5.63769e-05,-5.20351e-05,-4.68925e-05,-4.10676e-05,-3.47009e-05,-2.79528e-05,-2.09989e-05,-1.40257e-05,-7.22393e-06,-7.81856e-07,5.12196e-06,1.03264e-05,1.4695e-05,1.81225e-05,2.05407e-05,2.19218e-05,2.2281e-05,2.16768e-05,2.02083e-05,1.80118e-05,1.52544e-05,1.21262e-05,8.83146e-06,5.5793e-06,2.57389e-06,5.532e-09,-1.95719e-06,-3.1737e-06,-3.53584e-06,-2.97022e-06,-1.4387e-06,1.06289e-06,4.50723e-06,8.8387e-06,1.39769e-05,1.98194e-05,2.62444e-05,3.31116e-05,4.02623e-05,4.75183e-05,5.4681e-05,6.15298e-05,6.78216e-05,7.32929e-05,7.76636e-05,8.06451e-05,8.19525e-05,8.13211e-05,7.85273e-05,7.34126e-05,6.59121e-05,5.60813e-05,4.47352e-05,3.13249e-05,1.62964e-05,0
0,1.03479e-05,2.00145e-05,2.85498e-05,3.57622e-05,4.14698e-05,4.55869e-05,4.81228e-05,4.91639e-05,4.88524e-05,4.73667e-05,4.49021e-05,4.16568e-05,3.78194e-05,3.35618e-05,2.90343e-05,2.43643e-05,1.96577e-05,1.50018e-05,1.04691e-05,6.12199e-06,2.01651e-06,-1.79437e-06,-5.25861e-06,-8.32443e-06,-1.09409e-05,-1.30597e-05,-1.46384e-05,-1.56433e-05,-1.60536e-05,-1.5865e-05,-1.50924e-05,-1.3772e-05,-1.19624e-05,-9.74374e-06,-7.21612e-06,-4.49585e-06,-1.71104e-06,1.00402e-06,3.51517e-06,5.69485e-06,7.42854e-06,8.62049e-06,9.19862e-06,9.11812e-06,8.36351e-06,6.94926e-06,4.91864e-06,2.34132e-06,-6.90374e-07,-4.0661e-06,-7.66268e-06,-1.13495e-05,-1.49939e-05,-1.8466e-05,-2.1643e-05,-2.44131e-05,-2.66782e-05,-2.83564e-05,-2.93836e-05,-2.97148e-05,-2.93252e-05,-2.82107e-05,-2.63883e-05,-2.38961e-05,-2.07932e-05,-1.71586e-05,-1.30899e-05,-8.70111e-06,-4.1193e-06,5.18975e-07,5.07253e-06,9.40081e-06,1.33696e-05,1.6857e-05,1.97589e-05,2.19943e-05,2.35095e-05,2.42813e-05,2.43187e-05,2.36628e-05,2.2386e-05,2.05879e-05,1.83916e-05,1.59375e-05,1.33765e-05,1.08633e-05,8.54885e-06,6.57364e-06,5.06204e-06,4.11747e-06,3.81913e-06,4.22026e-06,5.34787e-06,7.20373e-06,9.76642e-06,1.29939e-05,1.68263e-05,2.11884e-05,2.59917e-05,3.11354e-05,3.65065e-05,4.19793e-05,4.74138e-05,5.26549e-05,5.75308e-05,6.18542e-05,6.54237e-05,6.80291e-05,6.94591e-05,6.95122e-05,6.80111e-05,6.48194e-05,5.986e-05,5.31338e-05,4.47352e-05,3.48625e-05,2.42497e-05,1.25563e-05,0
0,7.15712e-06,1.39288e-05,2.00777e-05,2.54101e-05,2.97825e-05,3.31127e-05,3.53798e-05,3.66172e-05,3.69009e-05,3.63368e-05,3.50486e-05,3.31667e-05,3.08194e-05,2.8126e-05,2.51933e-05,2.21128e-05,1.89613e-05,1.58022e-05,1.26878e-05,9.6623e-06,6.76484e-06,4.03195e-06,1.49949e-06,-7.96314e-07,-2.81876e-06,-4.53151e-06,-5.90014e-06,-6.89438e-06,-7.49058e-06,-7.67439e-06,-7.4431e-06,-6.8076e-06,-5.79361e-06,-4.44209e-06,-2.8087e-06,-9.62192e-07,1.01799e-06,3.04506e-06,5.02881e-06,6.8799e-06,8.51434e-06,9.85769e-06,1.08489e-05,1.14434e-05,1.16153e-05,1.13584e-05,1.06865e-05,9.63208e-06,8.24469e-06,6.58805e-06,4.73682e-06,2.77304e-06,7.82386e-07,-1.14932e-06,-2.93947e-06,-4.51158e-06,-5.79773e-06,-6.74066e-06,-7.29533e-06,-7.43012e-06,-7.12777e-06,-6.38589e-06,-5.21725e-06,-3.64964e-06,-1.72546e-06,4.99246e-07,2.95621e-06,5.5669e-06,8.24509e-06,1.08999e-05,1.34396e-05,1.57749e-05,1.78236e-05,1.95143e-05,2.07901e-05,2.16113e-05,2.19586e-05,2.18337e-05,2.12601e-05,2.02824e-05,1.89641e-05,1.73847e-05,1.56361e-05,1.3818e-05,1.20332e-05,1.03824e-05,8.95997e-06,7.84962e-06,7.12119e-06,6.8283e-06,7.00707e-06,7.67586e-06,8.83595e-06,1.0473e-05,1.25588e-05,1.50536e-05,1.79079e-05,2.10638e-05,2.44567e-05,2.80148e-05,3.16594e-05,3.53037e-05,3.88517e-05,4.21973e-05,4.5224e-05,4.78052e-05,4.98066e-05,5.10901e-05,5.15204e-05,5.09729e-05,4.93442e-05,4.65634e-05,4.26041e-05,3.74944e-05,3.13249e-05,2.42497e-05,1.64783e-05,8.50264e-06,0
0,3.68153e-06,7.24758e-06,1.05204e-05,1.34074e-05,1.5832e-05,1.7744e-05,1.91228e-05,1.99751e-05,2.03312e-05,2.02382e-05,1.97548e-05,1.89448e-05,1.78728e-05,1.66002e-05,1.51826e-05,1.36684e-05,1.20985e-05,1.05069e-05,8.92144e-06,7.36543e-06,5.85928e-06,4.42181e-06,3.07142e-06,1.82685e-06,7.07382e-07,-2.67292e-07,-1.07779e-06,-1.70604e-06,-2.13651e-06,-2.35761e-06,-2.36301e-06,-2.15284e-06,-1.73451e-06,-1.12327e-06,-3.42164e-07,5.78432e-07,1.60179e-06,2.6863e-06,3.78728e-06,4.8591e-06,5.85744e-06,6.74152e-06,7.47618e-06,8.03366e-06,8.39501e-06,8.5509e-06,8.50201e-06,8.25876e-06,7.84057e-06,7.27473e-06,6.59481e-06,5.83896e-06,5.04803e-06,4.26371e-06,3.52675e-06,2.87534e-06,2.34371e-06,1.96095e-06,1.74999e-06,1.72694e-06,1.9005e-06,2.27165e-06,2.83353e-06,3.57154e-06,4.46366e-06,5.48106e-06,6.58897e-06,7.74786e-06,8.91485e-06,1.00455e-05,1.10956e-05,1.20233e-05,1.27912e-05,1.33682e-05,1.37311e-05,1.38665e-05,1.37712e-05,1.3453e-05,1.29304e-05,1.22321e-05,1.13951e-05,1.0464e-05,9.4877e-06,8.51772e-06,7.60543e-06,6.79963e-06,6.14436e-06,5.67703e-06,5.42704e-06,5.41496e-06,5.65223e-06,6.14134e-06,6.87657e-06,7.84486e-06,9.02701e-06,1.03988e-05,1.19318e-05,1.35945e-05,1.53524e-05,1.71678e-05,1.90001e-05,2.08045e-05,2.25319e-05,2.41281e-05,2.5534e-05,2.66859e-05,2.75166e-05,2.79585e-05,2.79465e-05,2.7423e-05,2.63427e-05,2.46786e-05,2.24278e-05,1.96151e-05,1.62964e-05,1.25563e-05,8.50264e-06,4.25322e-06,0
0,0,0,0,0,0,0,0,0,0,0,0,0,0,0,0,0,0,0,0,0,0,0,0,0,0,0,0,0,0,0,0,0,0,0,0,0,0,0,0,0,0,0,0,0,0,0,0,0,0,0,0,0,0,0,0,0,0,0,0,0,0,0,0,0,0,0,0,0,0,0,0,0,0,0,0,0,0,0,0,0,0,0,0,0,0,0,0,0,0,0,0,0,0,0,0,0,0,0,0,0,0,0,0,0,0,0,0,0,0,0,0,0,0,0,0,0,0,0,0
