0,0,0,0,0,0,0,0,0,0,0,0,0,0,0,0,0,0,0,0,0,0,0,0,0,0,0,0,0,0,0,0,0,0,0,0,0,0,0,0,0,0,0,0,0,0,0,0,0,0,0,0,0,0,0,0,0,0,0,0,0,0,0,0,0,0,0,0,0,0,0,0,0,0,0,0,0,0,0,0,0,0,0,0,0,0,0,0,0,0,0,0,0,0,0,0,0,0,0,0,0,0,0,0,0,0,0,0,0,0,0,0,0,0,0,0,0,0,0,0
0,-9.05241e-07,-1.69058e-06,-2.3823e-06,-2.95949e-06,-3.39551e-06,-3.66201e-06,-3.73148e-06,-3.57912e-06,-3.18451e-06,-2.53306e-06,-1.61744e-06,-4.38741e-07,9.92765e-07,2.65724e-06,4.52548e-06,6.55972e-06,8.71488e-06,1.09404e-05,1.31824e-05,1.53858e-05,1.74973e-05,1.94671e-05,2.12515e-05,2.2815e-05,2.41312e-05,2.51843e-05,2.59696e-05,2.64932e-05,2.6772e-05,2.6832e-05,2.67074e-05,2.64386e-05,2.60705e-05,2.56497e-05,2.52235e-05,2.48368e-05,2.4531e-05,2.43423e-05,2.43005e-05,2.44277e-05,2.47383e-05,2.52384e-05,2.59257e-05,2.67903e-05,2.7815e-05,2.89765e-05,3.0246e-05,3.15913e-05,3.29773e-05,3.43683e-05,3.57288e-05,3.70252e-05,3.82269e-05,3.93069e-05,4.02429e-05,4.10173e-05,4.1617e-05,4.2034e-05,4.22641e-05,4.23075e-05,4.21674e-05,4.18504e-05,4.13662e-05,4.0727e-05,3.99479e-05,3.90466e-05,3.80436e-05,3.69618e-05,3.58263e-05,3.46641e-05,3.35032e-05,3.23716e-05,3.12968e-05,3.03043e-05,2.9417e-05,2.86536e-05,2.80282e-05,2.75494e-05,2.722e-05,2.70363e-05,2.69885e-05,2.70604e-05,2.72304e-05,2.74713e-05,2.77519e-05,2.80376e-05,2.82913e-05,2.84756e-05,2.85532e-05,2.84893e-05,2.82524e-05,2.78159e-05,2.71596e-05,2.62703e-05,2.51429e-05,2.37807e-05,2.21958e-05,2.04085e-05,1.84472e-05,1.63474e-05,1.41505e-05,1.19027e-05,9.65318e-06,7.45231e-06,5.34991e-06,3.39328e-06,1.6254e-06,8.3221e-08,-1.20378e-06,-2.21468e-06,-2.93795e-06,-3.37179e-06,-3.52417e-06,-3.41247e-06,-3.06258e-06,-2.50757e-06,-1.78564e-06,-9.37041e-07,0
0,-1.69058e-06,-3.26554e-06,-4.55704e-06,-5.60325e-06,-6.34721e-06,-6.73228e-06,-6.70602e-06,-6.22322e-06,-5.24875e-06,-3.76021e-06,-1.75039e-06,7.70791e-07,3.77495e-06,7.21492e-06,1.10255e-05,1.51253e-05,1.94197e-05,2.38045e-05,2.81703e-05,3.24076e-05,3.64114e-05,4.00859e-05,4.33488e-05,4.6135e-05,4.83996e-05,5.01191e-05,5.12929e-05,5.19428e-05,5.21112e-05,5.18595e-05,5.12643e-05,5.04139e-05,4.94039e-05,4.83328e-05,4.72979e-05,4.63905e-05,4.56929e-05,4.5275e-05,4.51922e-05,4.54833e-05,4.617e-05,4.72569e-05,4.87315e-05,5.05658e-05,5.2718e-05,5.51343e-05,5.7752e-05,6.05022e-05,6.33126e-05,6.61105e-05,6.88259e-05,7.13936e-05,7.37557e-05,7.58623e-05,7.76733e-05,7.9158e-05,8.02949e-05,8.10715e-05,8.14828e-05,8.15307e-05,8.1223e-05,8.05725e-05,7.95971e-05,7.83191e-05,7.67657e-05,7.4969e-05,7.29666e-05,7.0801e-05,6.85198e-05,6.61749e-05,6.38213e-05,6.1516e-05,5.93154e-05,5.72739e-05,5.54413e-05,5.38608e-05,5.25667e-05,5.15831e-05,5.09219e-05,5.0582e-05,5.05492e-05,5.07954e-05,5.12797e-05,5.19489e-05,5.27395e-05,5.35796e-05,5.43913e-05,5.50935e-05,5.56055e-05,5.58497e-05,5.57555e-05,5.52618e-05,5.43204e-05,5.28978e-05,5.09772e-05,4.85596e-05,4.56641e-05,4.23274e-05,3.86031e-05,3.456e-05,3.02797e-05,2.58539e-05,2.13815e-05,1.69645e-05,1.27051e-05,8.70116e-06,5.04304e-06,1.80992e-06,-9.33092e-07,-3.13738e-06,-4.77266e-06,-5.82814e-06,-6.31296e-06,-6.25612e-06,-5.70552e-06,-4.72618e-06,-3.39725e-06,-1.80742e-06,0
0,-2.3823e-06,-4.55704e-06,-6.44511e-06,-7.77917e-06,-8.61691e-06,-8.87614e-06,-8.48633e-06,-7.39164e-06,-5.55392e-06,-2.95573e-06,3.96922e-07,4.47227e-06,9.21164e-06,1.45295e-05,2.03154e-05,2.6437e-05,3.27451e-05,3.90799e-05,4.5277e-05,5.11757e-05,5.66253e-05,6.14925e-05,6.56672e-05,6.90675e-05,7.16437e-05,7.33798e-05,7.42949e-05,7.44412e-05,7.3902e-05,7.2787e-05,7.12273e-05,6.93687e-05,6.73651e-05,6.53711e-05,6.35356e-05,6.1995e-05,6.08683e-05,6.0252e-05,6.02178e-05,6.081e-05,6.20452e-05,6.3913e-05,6.63774e-05,6.93796e-05,7.28417e-05,7.66701e-05,8.07607e-05,8.50031e-05,8.92852e-05,9.34983e-05,9.75402e-05,0.000101319,0.000104756,0.000107785,0.000110356,0.000112434,0.000113995,0.000115028,0.000115533,0.000115515,0.000114989,0.000113973,0.000112491,0.000110571,0.000108248,0.000105564,0.000102566,9.93118e-05,9.58656e-05,9.23003e-05,8.86955e-05,8.51357e-05,8.17079e-05,7.84985e-05,7.55901e-05,7.30576e-05,7.09648e-05,6.93613e-05,6.82794e-05,6.77318e-05,6.77099e-05,6.8183e-05,6.90985e-05,7.03823e-05,7.19417e-05,7.36672e-05,7.54374e-05,7.71227e-05,7.85913e-05,7.97137e-05,8.03692e-05,8.04505e-05,7.98686e-05,7.8557e-05,7.64749e-05,7.36084e-05,6.99724e-05,6.56097e-05,6.05896e-05,5.50063e-05,4.89749e-05,4.26278e-05,3.61104e-05,2.95755e-05,2.31781e-05,1.70702e-05,1.13947e-05,6.28089e-06,1.83941e-06,-1.84153e-06,-4.6994e-06,-6.6998e-06,-7.83821e-06,-8.14117e-06,-7.66664e-06,-6.50345e-06,-4.76927e-06,-2.5689e-06,0
0,-2.95949e-06,-5.60325e-06,-7.77917e-06,-9.36184e-06,-1.00084e-05,-9.82231e-06,-8.72845e-06,-6.67637e-06,-3.64215e-06,3.69303e-07,5.3219e-06,1.11466e-05,1.77407e-05,2.49691e-05,3.26674e-05,4.06471e-05,4.87024e-05,5.6619e-05,6.4183e-05,7.11905e-05,7.74567e-05,8.28248e-05,8.71729e-05,9.04201e-05,9.25302e-05,9.35137e-05,9.34271e-05,9.23707e-05,9.04836e-05,8.79374e-05,8.49276e-05,8.16651e-05,7.83659e-05,7.52414e-05,7.24893e-05,7.02851e-05,6.87751e-05,6.80711e-05,6.82469e-05,6.93372e-05,7.13373e-05,7.42057e-05,7.78677e-05,8.222e-05,8.71366e-05,9.24755e-05,9.80852e-05,0.000103812,0.000109504,0.000115022,0.000120237,0.00012504,0.000129342,0.000133074,0.000136185,0.000138647,0.000140445,0.000141577,0.000142051,0.000141883,0.000141093,0.000139704,0.000137742,0.000135237,0.000132223,0.000128743,0.000124845,0.000120592,0.000116055,0.000111322,0.000106489,0.000101665,9.69648e-05,9.2509e-05,8.84168e-05,8.48017e-05,8.17667e-05,7.93988e-05,7.77635e-05,7.69011e-05,7.68229e-05,7.75084e-05,7.89047e-05,8.09265e-05,8.3458e-05,8.63566e-05,8.94577e-05,9.25812e-05,9.55386e-05,9.8141e-05,0.000100207,0.000101572,0.000102092,0.000101654,0.000100178,9.76208e-05,9.3978e-05,8.92842e-05,8.36119e-05,7.70681e-05,6.97909e-05,6.19447e-05,5.37141e-05,4.52978e-05,3.69018e-05,2.87321e-05,2.0988e-05,1.3855e-05,7.49859e-06,2.05917e-06,-2.35329e-06,-5.66312e-06,-7.83278e-06,-8.8664e-06,-8.81305e-06,-7.76954e-06,-5.83148e-06,-3.18407e-06,0
0,-3.39551e-06,-6.34721e-06,-8.61691e-06,-1.00084e-05,-1.03536e-05,-9.34374e-06,-7.1606e-06,-3.78173e-06,7.80631e-07,6.47897e-06,1.32293e-05,2.09101e-05,2.93628e-05,3.83943e-05,4.77813e-05,5.72783e-05,6.66267e-05,7.55651e-05,8.38413e-05,9.12231e-05,9.75094e-05,0.000102539,0.000106201,0.000108436,0.000109243,0.000108679,0.000106856,0.00010394,0.000100137,9.56889e-05,9.08623e-05,8.59337e-05,8.11788e-05,7.68596e-05,7.32131e-05,7.04411e-05,6.87024e-05,6.81071e-05,6.87139e-05,7.05291e-05,7.35091e-05,7.75648e-05,8.25678e-05,8.83581e-05,9.47532e-05,0.000101557,0.00010857,0.000115596,0.000122452,0.000128975,0.000135024,0.000140487,0.000145279,0.000149342,0.000152643,0.000155173,0.000156937,0.000157952,0.000158243,0.000157838,0.000156764,0.000155046,0.000152708,0.000149773,0.000146265,0.000142215,0.000137661,0.000132656,0.000127266,0.000121579,0.000115697,0.000109745,0.00010386,9.81926e-05,9.2899e-05,8.81363e-05,8.40538e-05,8.07865e-05,7.84468e-05,7.71173e-05,7.68451e-05,7.76362e-05,7.94529e-05,8.22124e-05,8.57883e-05,9.0014e-05,9.46883e-05,9.95838e-05,0.000104456,0.000109052,0.000113127,0.000116446,0.000118803,0.000120023,0.000119973,0.000118564,0.000115757,0.000111561,0.000106033,9.92795e-05,9.14446e-05,8.27109e-05,7.32903e-05,6.34175e-05,5.33421e-05,4.33198e-05,3.36048e-05,2.44412e-05,1.60555e-05,8.64974e-06,2.39532e-06,-2.57291e-06,-6.16263e-06,-8.33071e-06,-9.09075e-06,-8.42696e-06,-6.51224e-06,-3.61624e-06,0
0,-3.66201e-06,-6.73228e-06,-8.87614e-06,-9.82231e-06,-9.34374e-06,-7.33863e-06,-3.66892e-06,1.38812e-06,7.76011e-06,1.53372e-05,2.39719e-05,3.34791e-05,4.36372e-05,5.41917e-05,6.48622e-05,7.53516e-05,8.53582e-05,9.45881e-05,0.000102769,0.00010966,0.000115068,0.000118853,0.000120936,0.000121306,0.000120019,0.000117196,0.000113024,0.00010774,0.000101627,9.50013e-05,8.81954e-05,8.15456e-05,7.53764e-05,6.99862e-05,6.56343e-05,6.25301e-05,6.08248e-05,6.06063e-05,6.18976e-05,6.4658e-05,6.87876e-05,7.41352e-05,8.0507e-05,8.76787e-05,9.54072e-05,0.000103443,0.000111541,0.000119474,0.000127039,0.000134064,0.000140414,0.00014599,0.000150733,0.000154615,0.000157639,0.000159827,0.000161219,0.000161863,0.000161805,0.000161089,0.00015975,0.000157812,0.00015529,0.00015219,0.000148516,0.000144273,0.000139471,0.000134138,0.000128317,0.000122079,0.000115517,0.000108757,0.000101946,9.52564e-05,8.88787e-05,8.30118e-05,7.78555e-05,7.36e-05,7.04155e-05,6.84412e-05,6.77758e-05,6.84696e-05,7.05183e-05,7.38597e-05,7.83736e-05,8.38849e-05,9.01692e-05,9.69622e-05,0.00010397,0.000110883,0.000117389,0.000123184,0.000127991,0.000131565,0.000133707,0.000134269,0.000133157,0.00013034,0.000125841,0.000119741,0.000112176,0.000103326,9.34131e-05,8.26935e-05,7.1447e-05,5.9969e-05,4.85616e-05,3.75238e-05,2.71429e-05,1.76872e-05,9.39856e-06,2.48582e-06,-2.88297e-06,-6.59009e-06,-8.418e-06,-8.39576e-06,-6.75045e-06,-3.83237e-06,0
0,-3.73148e-06,-6.70602e-06,-8.48633e-06,-8.72845e-06,-7.1606e-06,-3.66892e-06,1.66405e-06,8.69493e-06,1.70682e-05,2.65967e-05,3.70604e-05,4.82065e-05,5.97506e-05,7.1381e-05,8.27677e-05,9.35748e-05,0.000103474,0.000112158,0.000119357,0.000124851,0.000128477,0.000130143,0.00012983,0.000127596,0.000123573,0.000117965,0.000111038,0.000103112,9.45432e-05,8.57148e-05,7.70161e-05,6.88277e-05,6.15041e-05,5.53587e-05,5.06502e-05,4.75718e-05,4.62441e-05,4.67106e-05,4.89387e-05,5.28232e-05,5.8194e-05,6.48268e-05,7.24567e-05,8.07927e-05,8.95333e-05,9.83817e-05,0.00010706,0.000115322,0.000122961,0.000129818,0.000135782,0.000140791,0.000144832,0.000147926,0.000150128,0.000151512,0.000152164,0.000152168,0.000151601,0.000150526,0.000148984,0.000146996,0.000144559,0.000141655,0.000138253,0.000134317,0.000129815,0.00012473,0.000119063,0.000112846,0.000106148,9.9072e-05,9.17639e-05,8.44044e-05,7.72063e-05,7.04056e-05,6.42509e-05,5.89907e-05,5.48596e-05,5.2064e-05,5.07685e-05,5.10844e-05,5.30595e-05,5.66724e-05,6.183e-05,6.8369e-05,7.60611e-05,8.46226e-05,9.37262e-05,0.000103015,0.000112121,0.000120674,0.000128327,0.000134761,0.000139704,0.000142935,0.000144295,0.00014369,0.000141092,0.000136537,0.000130127,0.000122022,0.000112432,0.000101613,8.98594e-05,7.74903e-05,6.48425e-05,5.22599e-05,4.00837e-05,2.86445e-05,1.82562e-05,9.20915e-06,1.76323e-06,-3.62911e-06,-6.74937e-06,-7.61926e-06,-6.4978e-06,-3.80483e-06,0
0,-3.57912e-06,-6.22322e-06,-7.39164e-06,-6.67637e-06,-3.78173e-06,1.38812e-06,8.69493e-06,1.77995e-05,2.82493e-05,3.96626e-05,5.17483e-05,6.41924e-05,7.66562e-05,8.87825e-05,0.000100206,0.00011057,0.000119538,0.000126818,0.000132166,0.000135407,0.00013644,0.000135246,0.000131887,0.000126512,0.000119342,0.000110672,0.000100854,9.02834e-05,7.93845e-05,6.85924e-05,5.83348e-05,4.90139e-05,4.09896e-05,3.45641e-05,2.99692e-05,2.73564e-05,2.67918e-05,2.8254e-05,3.16372e-05,3.67582e-05,4.33673e-05,5.11631e-05,5.98087e-05,6.89508e-05,7.8238e-05,8.73387e-05,9.59571e-05,0.000103846,0.000110816,0.000116741,0.000121558,0.000125263,0.000127907,0.000129582,0.000130409,0.000130528,0.00013008,0.000129196,0.000127988,0.000126538,0.000124893,0.000123066,0.000121032,0.000118739,0.000116109,0.000113053,0.00010948,0.000105308,0.000100479,9.49689e-05,8.87948e-05,8.20247e-05,7.47791e-05,6.72315e-05,5.96038e-05,5.21579e-05,4.51841e-05,3.89865e-05,3.38656e-05,3.01008e-05,2.79326e-05,2.75467e-05,2.90605e-05,3.25132e-05,3.78607e-05,4.49744e-05,5.36459e-05,6.3595e-05,7.44823e-05,8.59239e-05,9.7509e-05,0.000108817,0.000119436,0.000128977,0.000137092,0.000143482,0.000147912,0.000150209,0.000150276,0.000148087,0.000143685,0.000137186,0.000128767,0.000118663,0.00010716,9.45822e-05,8.12834e-05,6.76362e-05,5.40211e-05,4.08185e-05,2.84043e-05,1.71477e-05,7.69046e-06,5.19102e-07,-4.07188e-06,-6.06374e-06,-5.71986e-06,-3.51235e-06,0
0,-3.18451e-06,-5.24875e-06,-5.55392e-06,-3.64215e-06,7.80631e-07,7.76011e-06,1.70682e-05,2.82493e-05,4.07253e-05,5.38132e-05,6.71705e-05,8.04412e-05,9.32507e-05,0.000105213,0.000115945,0.00012509,0.00013233,0.000137406,0.000140134,0.000140407,0.000138211,0.00013362,0.000126799,0.000117998,0.000107539,9.58069e-05,8.32355e-05,7.02874e-05,5.74373e-05,4.51527e-05,3.38749e-05,2.40012e-05,1.58689e-05,9.741e-06,5.79538e-06,4.11781e-06,4.69865e-06,7.43429e-06,1.2133e-05,1.85256e-05,2.62795e-05,3.50172e-05,4.43361e-05,5.38302e-05,6.31117e-05,7.18304e-05,7.96909e-05,8.64659e-05,9.20038e-05,9.62324e-05,9.91561e-05,0.000100849,0.000101444,0.000101116,0.000100069,9.85156e-05,9.66614e-05,9.46897e-05,9.27481e-05,9.09399e-05,8.93173e-05,8.78802e-05,8.65779e-05,8.53149e-05,8.39602e-05,8.23593e-05,8.0348e-05,7.77683e-05,7.44835e-05,7.03938e-05,6.54491e-05,5.96598e-05,5.31033e-05,4.59269e-05,3.83444e-05,3.06294e-05,2.31023e-05,1.61144e-05,1.0028e-05,5.1957e-06,1.93842e-06,5.25412e-07,1.15666e-06,3.94916e-06,8.9281e-06,1.60232e-05,2.50706e-05,3.58195e-05,4.79437e-05,6.10564e-05,7.47272e-05,8.8501e-05,0.000101917,0.000114526,0.000125909,0.000135688,0.000143544,0.000149221,0.000152533,0.000153375,0.000151714,0.0001476,0.000141152,0.000132565,0.000122092,0.000110041,9.67648e-05,8.26437e-05,6.80768e-05,5.34717e-05,3.92435e-05,2.61144e-05,1.47594e-05,5.78694e-06,-4.02829e-07,-3.71832e-06,-4.39692e-06,-2.94074e-06,0
0,-2.53306e-06,-3.76021e-06,-2.95573e-06,3.69303e-07,6.47897e-06,1.53372e-05,2.65967e-05,3.96626e-05,5.38132e-05,6.83373e-05,8.24885e-05,9.60184e-05,0.00010854,0.000119656,0.000128985,0.00013619,0.000140994,0.0001432,0.0001427,0.000139484,0.000133643,0.000125364,0.000114924,0.00010268,8.90554e-05,7.4523e-05,5.95849e-05,4.47544e-05,3.05354e-05,1.7403e-05,5.78493e-06,-3.95446e-06,-1.15289e-05,-1.67414e-05,-1.94917e-05,-1.9781e-05,-1.77109e-05,-1.34793e-05,-7.37088e-06,2.56871e-07,8.9913e-06,1.83857e-05,2.79824e-05,3.73372e-05,4.6042e-05,5.37466e-05,6.01757e-05,6.51413e-05,6.85492e-05,7.03995e-05,7.07811e-05,6.98599e-05,6.78635e-05,6.50621e-05,6.17474e-05,5.82123e-05,5.47299e-05,5.15369e-05,4.88183e-05,4.66976e-05,4.523e-05,4.44011e-05,4.41294e-05,4.42734e-05,4.46417e-05,4.5008e-05,4.51266e-05,4.47517e-05,4.36564e-05,4.16517e-05,3.86037e-05,3.44484e-05,2.92024e-05,2.29684e-05,1.59346e-05,8.36938e-06,6.08358e-07,-6.96233e-06,-1.39276e-05,-1.98673e-05,-2.43814e-05,-2.71137e-05,-2.77735e-05,-2.61536e-05,-2.21426e-05,-1.5732e-05,-7.01746e-06,3.80542e-06,1.64505e-05,3.05543e-05,4.56926e-05,6.13988e-05,7.71827e-05,9.25504e-05,0.000107022,0.000120147,0.000131523,0.000140803,0.00014771,0.000152041,0.000153675,0.000152573,0.000148781,0.000142428,0.000133717,0.000122921,0.000110367,9.64259e-05,8.14914e-05,6.59671e-05,5.05199e-05,3.58636e-05,2.2801e-05,1.20742e-05,4.21069e-06,-5.9564e-07,-2.52496e-06,-2.08358e-06,0
0,-1.61744e-06,-1.75039e-06,3.96922e-07,5.3219e-06,1.32293e-05,2.39719e-05,3.70604e-05,5.17483e-05,6.71705e-05,8.24885e-05,9.70155e-05,0.000110186,0.000121787,0.000131414,0.000138705,0.00014336,0.000145167,0.000144008,0.000139879,0.00013288,0.000123223,0.000111216,9.72555e-05,8.18067e-05,6.53867e-05,4.85426e-05,3.18297e-05,1.57903e-05,9.33113e-07,-1.2286e-05,-2.348e-05,-3.23454e-05,-3.86722e-05,-4.23525e-05,-4.33837e-05,-4.18689e-05,-3.8013e-05,-3.21143e-05,-2.45514e-05,-1.57669e-05,-6.24592e-06,3.50683e-06,1.2993e-05,2.17462e-05,2.93567e-05,3.54926e-05,3.9917e-05,4.24992e-05,4.32184e-05,4.21617e-05,3.95138e-05,3.55422e-05,3.05766e-05,2.49858e-05,1.91531e-05,1.34515e-05,8.22184e-06,3.75243e-06,2.63961e-07,-2.10183e-06,-3.28843e-06,-3.32607e-06,-2.32841e-06,-4.84792e-07,1.95168e-06,4.67983e-06,7.36919e-06,9.68115e-06,1.12915e-05,1.1913e-05,1.13172e-05,9.35296e-06,5.96104e-06,1.18351e-06,-4.83362e-06,-1.18446e-05,-1.95149e-05,-2.74388e-05,-3.51614e-05,-4.22052e-05,-4.80974e-05,-5.2397e-05,-5.47207e-05,-5.47637e-05,-5.23165e-05,-4.72758e-05,-3.96488e-05,-2.95528e-05,-1.72086e-05,-2.92942e-06,1.28929e-05,2.98054e-05,4.73119e-05,6.48927e-05,8.20231e-05,9.81922e-05,0.000112919,0.00012577,0.000136369,0.000144411,0.000149673,0.000152018,0.000151398,0.000147859,0.000141536,0.000132648,0.000121483,0.000108386,9.37258e-05,7.80404e-05,6.19091e-05,4.61293e-05,3.1617e-05,1.9248e-05,9.69098e-06,3.26691e-06,-1.16964e-07,-9.42987e-07,0
0,-4.38741e-07,7.70791e-07,4.47227e-06,1.11466e-05,2.09101e-05,3.34791e-05,4.82065e-05,6.41924e-05,8.04412e-05,9.60184e-05,0.000110186,0.000122482,0.000132588,0.000140174,0.000144907,0.000146547,0.000144962,0.000140138,0.000132186,0.000121332,0.000107918,9.23781e-05,7.52248e-05,5.70257e-05,3.83794e-05,1.98909e-05,2.14749e-06,-1.43033e-05,-2.8974e-05,-4.14543e-05,-5.14241e-05,-5.86647e-05,-6.30644e-05,-6.46226e-05,-6.34484e-05,-5.97569e-05,-5.38614e-05,-4.61608e-05,-3.71243e-05,-2.72714e-05,-1.71489e-05,-7.30509e-06,1.73688e-06,9.5061e-06,1.56086e-05,1.97485e-05,2.17438e-05,2.15353e-05,1.91882e-05,1.48857e-05,8.91575e-06,1.65098e-06,-6.47534e-06,-1.49967e-05,-2.34412e-05,-3.13592e-05,-3.83472e-05,-4.40693e-05,-4.82733e-05,-5.08022e-05,-5.16e-05,-5.07135e-05,-4.82878e-05,-4.45585e-05,-3.98387e-05,-3.4502e-05,-2.89625e-05,-2.36512e-05,-1.89907e-05,-1.53697e-05,-1.3117e-05,-1.24792e-05,-1.36017e-05,-1.65159e-05,-2.11331e-05,-2.7246e-05,-3.45379e-05,-4.25998e-05,-5.09529e-05,-5.90753e-05,-6.64321e-05,-7.2505e-05,-7.68206e-05,-7.89752e-05,-7.8655e-05,-7.56505e-05,-6.98654e-05,-6.13193e-05,-5.01452e-05,-3.65819e-05,-2.09632e-05,-3.70281e-06,1.47216e-05,3.37868e-05,5.29433e-05,7.16338e-05,8.93122e-05,0.000105462,0.000119613,0.000131357,0.00014036,0.000146376,0.000149254,0.000148942,0.000145491,0.000139051,0.00012986,0.000118228,0.000104583,8.93468e-05,7.30824e-05,5.66258e-05,4.09794e-05,2.71421e-05,1.59287e-05,7.80579e-06,2.79587e-06,4.69627e-07,0
0,9.92765e-07,3.77495e-06,9.21164e-06,1.77407e-05,2.93628e-05,4.36372e-05,5.97506e-05,7.66562e-05,9.32507e-05,0.00010854,0.000121787,0.000132588,0.000140675,0.000145723,0.000147454,0.000145704,0.000140443,0.000131774,0.000119937,0.000105295,8.83214e-05,6.95756e-05,4.96804e-05,2.9293e-05,9.07714e-06,-1.03249e-05,-2.8317e-05,-4.43718e-05,-5.80486e-05,-6.90076e-05,-7.70192e-05,-8.19699e-05,-8.38637e-05,-8.28201e-05,-7.90691e-05,-7.2942e-05,-6.48603e-05,-5.53197e-05,-4.48717e-05,-3.41017e-05,-2.36039e-05,-1.39546e-05,-5.68435e-06,7.48917e-07,4.98429e-06,6.77789e-06,6.01669e-06,2.7249e-06,-2.93777e-06,-1.06861e-05,-2.0127e-05,-3.07832e-05,-4.21213e-05,-5.35828e-05,-6.46145e-05,-7.46978e-05,-8.33747e-05,-9.02689e-05,-9.51026e-05,-9.77073e-05,-9.80299e-05,-9.6133e-05,-9.21912e-05,-8.64821e-05,-7.93733e-05,-7.13049e-05,-6.27685e-05,-5.42823e-05,-4.63637e-05,-3.95007e-05,-3.41235e-05,-3.05778e-05,-2.91023e-05,-2.98114e-05,-3.26862e-05,-3.75724e-05,-4.4188e-05,-5.21375e-05,-6.09349e-05,-7.00302e-05,-7.88405e-05,-8.67812e-05,-9.32964e-05,-9.78871e-05,-0.000100134,-9.97159e-05,-9.64227e-05,-9.01618e-05,-8.09601e-05,-6.89607e-05,-5.44158e-05,-3.76757e-05,-1.91748e-05,5.84019e-07,2.10474e-05,4.16309e-05,6.17383e-05,8.07825e-05,9.8205e-05,0.000113496,0.000126211,0.000135991,0.000142568,0.000145785,0.000145596,0.000142067,0.000135376,0.000125807,0.00011374,9.95407e-05,8.37002e-05,6.70455e-05,5.06304e-05,3.55569e-05,2.2782e-05,1.29303e-05,6.16307e-06,2.13291e-06,0
0,2.65724e-06,7.21492e-06,1.45295e-05,2.49691e-05,3.83943e-05,5.41917e-05,7.1381e-05,8.87825e-05,0.000105213,0.000119656,0.000131414,0.000140174,0.000145723,0.000147765,0.000146093,0.000140643,0.000131499,0.000118898,0.000103217,8.49573e-05,6.47253e-05,4.31991e-05,2.10993e-05,-8.4388e-07,-2.19226e-05,-4.14808e-05,-5.89394e-05,-7.3817e-05,-8.5745e-05,-9.44776e-05,-9.9896e-05,-0.000102009,-0.000100948,-9.69626e-05,-9.04059e-05,-8.17252e-05,-7.14454e-05,-6.01503e-05,-4.84621e-05,-3.70174e-05,-2.64415e-05,-1.73208e-05,-1.01751e-05,-5.43152e-06,-3.40097e-06,-4.2604e-06,-8.04145e-06,-1.46272e-05,-2.37578e-05,-3.50439e-05,-4.7989e-05,-6.2016e-05,-7.64998e-05,-9.07997e-05,-0.000104293,-0.000116403,-0.00012663,-0.000134566,-0.000139917,-0.000142506,-0.000142286,-0.000139335,-0.000133853,-0.000126152,-0.000116645,-0.000105831,-9.42665e-05,-8.25479e-05,-7.12787e-05,-6.10399e-05,-5.23593e-05,-4.56814e-05,-4.1341e-05,-3.9543e-05,-4.03483e-05,-4.36695e-05,-4.92744e-05,-5.67993e-05,-6.57692e-05,-7.56242e-05,-8.57505e-05,-9.55121e-05,-0.000104283,-0.000111477,-0.000116574,-0.00011914,-0.000118847,-0.000115479,-0.000108945,-9.92725e-05,-8.66127e-05,-7.12287e-05,-5.3488e-05,-3.38486e-05,-1.28438e-05,8.93613e-06,3.08641e-05,5.22979e-05,7.26028e-05,9.11747e-05,0.000107463,0.00012099,0.000131372,0.000138336,0.000141725,0.000141512,0.000137796,0.000130798,0.00012086,0.00010827,9.34117e-05,7.70608e-05,6.02846e-05,4.4261e-05,3.00781e-05,1.85229e-05,9.91475e-06,4.01532e-06,0
0,4.52548e-06,1.10255e-05,2.03154e-05,3.26674e-05,4.77813e-05,6.48622e-05,8.27677e-05,0.000100206,0.000115945,0.000128985,0.000138705,0.000144907,0.000147454,0.000146093,0.000140713,0.000131363,0.00011826,0.000101779,8.24414e-05,6.08883e-05,3.785e-05,1.41107e-05,-9.5282e-06,-3.22856e-05,-5.34344e-05,-7.23317e-05,-8.84428e-05,-0.000101359,-0.000110807,-0.000116656,-0.000118916,-0.00011773,-0.000113365,-0.000106202,-9.67172e-05,-8.54673e-05,-7.30711e-05,-6.01879e-05,-4.74949e-05,-3.56628e-05,-2.53294e-05,-1.7072e-05,-1.13809e-05,-8.63419e-06,-9.07686e-06,-1.28054e-05,-1.97598e-05,-2.9724e-05,-4.23355e-05,-5.71032e-05,-7.34326e-05,-9.06571e-05,-0.000108072,-0.00012497,-0.000140674,-0.000154567,-0.000166119,-0.000174907,-0.000180627,-0.000183104,-0.000182297,-0.000178297,-0.000171323,-0.000161715,-0.00014992,-0.000136477,-0.000121998,-0.00010714,-9.25799e-05,-7.89797e-05,-6.69565e-05,-5.70488e-05,-4.9687e-05,-4.51695e-05,-4.36451e-05,-4.51044e-05,-4.93805e-05,-5.61585e-05,-6.49938e-05,-7.53367e-05,-8.65619e-05,-9.80005e-05,-0.000108973,-0.000118818,-0.000126925,-0.000132752,-0.000135854,-0.000135888,-0.000132632,-0.000125991,-0.000115993,-0.000102796,-8.66749e-05,-6.80204e-05,-4.73201e-05,-2.51457e-05,-2.13251e-06,2.10423e-05,4.36846e-05,6.51092e-05,8.46662e-05,0.000101767,0.000115911,0.0001267,0.000133863,0.000137265,0.000136907,0.000132934,0.000125632,0.000115194,0.000101867,8.63336e-05,6.9636e-05,5.29967e-05,3.7616e-05,2.44411e-05,1.39625e-05,6.07542e-06,0
0,6.55972e-06,1.51253e-05,2.6437e-05,4.06471e-05,5.72783e-05,7.53516e-05,9.35748e-05,0.00011057,0.00012509,0.00013619,0.00014336,0.000146547,0.000145704,0.000140643,0.000131363,0.000118045,0.000101045,8.08864e-05,5.8233e-05,3.38573e-05,8.60219e-06,-1.66602e-05,-4.10712e-05,-6.38245e-05,-8.42023e-05,-0.000101603,-0.000115564,-0.000125774,-0.000132078,-0.000134476,-0.000133119,-0.00012829,-0.000120395,-0.000109944,-9.75277e-05,-8.3803e-05,-6.94683e-05,-5.52417e-05,-4.18377e-05,-2.99419e-05,-2.01844e-05,-1.31142e-05,-9.17296e-06,-8.67307e-06,-1.17788e-05,-1.84948e-05,-2.86615e-05,-4.19606e-05,-5.79278e-05,-7.5976e-05,-9.54232e-05,-0.000115527,-0.00013552,-0.000154648,-0.000172198,-0.000187533,-0.000200113,-0.00020951,-0.000215425,-0.000217691,-0.000216275,-0.00021128,-0.000202936,-0.0001916,-0.000177736,-0.000161912,-0.000144769,-0.000127012,-0.000109369,-9.25697e-05,-7.73069e-05,-6.42037e-05,-5.37815e-05,-4.64322e-05,-4.23971e-05,-4.17541e-05,-4.44143e-05,-5.01284e-05,-5.85009e-05,-6.90126e-05,-8.10481e-05,-9.39263e-05,-0.000106933,-0.00011935,-0.000130488,-0.000139712,-0.00014646,-0.000150268,-0.000150781,-0.000147768,-0.000141126,-0.000130889,-0.000117221,-0.000100421,-8.09058e-05,-5.92036e-05,-3.59328e-05,-1.17815e-05,1.25179e-05,3.62172e-05,5.85822e-05,7.89226e-05,9.66222e-05,0.000111165,0.000122156,0.000129343,0.00013262,0.000132035,0.000127808,0.000120014,0.000108737,9.453e-05,7.83702e-05,6.14889e-05,4.51735e-05,3.05216e-05,1.82015e-05,8.26287e-06,0
0,8.71488e-06,1.94197e-05,3.27451e-05,4.87024e-05,6.66267e-05,8.53582e-05,0.000103474,0.000119538,0.00013233,0.000140994,0.000145167,0.000144962,0.000140443,0.000131499,0.00011826,0.000101045,8.03604e-05,5.68756e-05,3.13907e-05,4.797e-06,-2.19685e-05,-4.79699e-05,-7.23179e-05,-9.42111e-05,-0.00011297,-0.000128065,-0.000139129,-0.000145971,-0.000148571,-0.000147073,-0.000141774,-0.0001331,-0.00012159,-0.000107875,-9.26487e-05,-7.66527e-05,-6.06478e-05,-4.53925e-05,-3.16187e-05,-2.00065e-05,-1.11589e-05,-5.57717e-06,-3.63712e-06,-5.56967e-06,-1.14459e-05,-2.11695e-05,-3.44766e-05,-5.09459e-05,-7.00165e-05,-9.1014e-05,-0.000113183,-0.000135723,-0.000157824,-0.000178706,-0.000197645,-0.000214005,-0.000227254,-0.00023698,-0.000242898,-0.000244856,-0.000242833,-0.000236941,-0.000227414,-0.000214609,-0.000198996,-0.000181146,-0.000161715,-0.000141427,-0.000121045,-0.000101344,-8.30766e-05,-6.69383e-05,-5.35328e-05,-4.3342e-05,-3.67011e-05,-3.37816e-05,-3.45834e-05,-3.89369e-05,-4.65136e-05,-5.68447e-05,-6.93456e-05,-8.33445e-05,-9.81134e-05,-0.000112899,-0.00012695,-0.00013955,-0.000150038,-0.000157832,-0.000162448,-0.000163518,-0.000160801,-0.000154193,-0.000143735,-0.000129612,-0.000112148,-9.18033e-05,-6.91522e-05,-4.48681e-05,-1.96965e-05,5.57385e-06,3.01433e-05,5.32353e-05,7.41299e-05,9.21957e-05,0.000106918,0.000117919,0.000124978,0.000128032,0.00012722,0.000122489,0.000113732,0.000101338,8.61787e-05,6.9457e-05,5.2516e-05,3.65868e-05,2.25148e-05,1.05201e-05,0
0,1.09404e-05,2.38045e-05,3.90799e-05,5.6619e-05,7.55651e-05,9.45881e-05,0.000112158,0.000126818,0.000137406,0.0001432,0.000144008,0.000140138,0.000131774,0.000118898,0.000101779,8.08864e-05,5.68756e-05,3.05565e-05,2.85334e-06,-2.52427e-05,-5.27246e-05,-7.86209e-05,-0.000102042,-0.000122223,-0.000138553,-0.000150598,-0.000158114,-0.000161046,-0.00015952,-0.000153831,-0.000144419,-0.000131851,-0.000116788,-9.99666e-05,-8.21707e-05,-6.42058e-05,-4.68766e-05,-3.09619e-05,-1.71907e-05,-6.21818e-06,1.39872e-06,5.22408e-06,4.96354e-06,4.8072e-07,-8.1922e-06,-2.08514e-05,-3.7127e-05,-5.64973e-05,-7.8312e-05,-0.000101822,-0.000126214,-0.000150651,-0.000174302,-0.000196386,-0.000216193,-0.000233109,-0.000246632,-0.000256382,-0.000262103,-0.000263664,-0.00026106,-0.000254404,-0.000243929,-0.000229979,-0.00021301,-0.000193577,-0.000172326,-0.000149978,-0.000127308,-0.000105115,-8.41903e-05,-6.52872e-05,-4.90805e-05,-3.61355e-05,-2.68796e-05,-2.15812e-05,-2.03368e-05,-2.30684e-05,-2.95297e-05,-3.93199e-05,-5.19055e-05,-6.66454e-05,-8.28194e-05,-9.96583e-05,-0.000116373,-0.000132182,-0.00014634,-0.000158161,-0.00016704,-0.000172478,-0.000174094,-0.000171644,-0.000165031,-0.000154314,-0.000139705,-0.000121572,-0.000100421,-7.68834e-05,-5.16908e-05,-2.56467e-05,4.07801e-07,2.56297e-05,4.92118e-05,7.04184e-05,8.86187e-05,0.000103314,0.000114159,0.000120973,0.000123805,0.000122461,0.000116623,0.000106484,9.27758e-05,7.66286e-05,5.94074e-05,4.2452e-05,2.67777e-05,1.27845e-05,0
0,1.31824e-05,2.81703e-05,4.5277e-05,6.4183e-05,8.38413e-05,0.000102769,0.000119357,0.000132166,0.000140134,0.0001427,0.000139879,0.000132186,0.000119937,0.000103217,8.24414e-05,5.8233e-05,3.13907e-05,2.85334e-06,-2.63493e-05,-5.51505e-05,-8.25022e-05,-0.000107428,-0.000129072,-0.000146735,-0.000159902,-0.000168262,-0.000171709,-0.000170335,-0.00016442,-0.000154406,-0.000140874,-0.000124515,-0.0001061,-8.64547e-05,-6.64307e-05,-4.68796e-05,-2.86287e-05,-1.24575e-05,9.26992e-07,1.09128e-05,1.70058e-05,1.88504e-05,1.62468e-05,9.16355e-06,-2.25676e-06,-1.76995e-05,-3.66892e-05,-5.86093e-05,-8.27298e-05,-0.000108241,-0.000134292,-0.000160026,-0.000184621,-0.000207315,-0.000227436,-0.000244419,-0.000257809,-0.000267276,-0.000272603,-0.00027369,-0.000270546,-0.000263286,-0.000252129,-0.000237395,-0.000219508,-0.000198986,-0.000176443,-0.000152575,-0.00012814,-0.000103941,-8.07893e-05,-5.9477e-05,-4.07369e-05,-2.52091e-05,-1.34089e-05,-5.70147e-06,-2.28473e-06,-3.18097e-06,-8.23799e-06,-1.71387e-05,-2.94177e-05,-4.44838e-05,-6.16455e-05,-8.01389e-05,-9.91563e-05,-0.000117874,-0.00013548,-0.000151202,-0.000164329,-0.000174238,-0.000180417,-0.000182482,-0.000180196,-0.00017348,-0.000162423,-0.000147279,-0.000128464,-0.000106542,-8.22024e-05,-5.62358e-05,-2.94981e-05,-2.87391e-06,2.27629e-05,4.65891e-05,6.78694e-05,8.59887e-05,0.000100478,0.000111033,0.000117609,0.000119865,0.000117256,0.000109755,9.79144e-05,8.27546e-05,6.56219e-05,4.79351e-05,3.08637e-05,1.49918e-05,0
0,1.53858e-05,3.24076e-05,5.11757e-05,7.11905e-05,9.12231e-05,0.00010966,0.000124851,0.000135407,0.000140407,0.000139484,0.00013288,0.000121332,0.000105295,8.49573e-05,6.08883e-05,3.38573e-05,4.797e-06,-2.52427e-05,-5.51505e-05,-8.3813e-05,-0.000110173,-0.000133283,-0.000152351,-0.000166774,-0.00017616,-0.000180336,-0.000179346,-0.000173436,-0.000163037,-0.000148731,-0.000131226,-0.000111321,-8.98783e-05,-6.77915e-05,-4.5959e-05,-2.52576e-05,-6.51841e-06,9.4976e-06,2.21221e-05,3.08018e-05,3.51193e-05,3.48112e-05,2.9782e-05,2.01123e-05,6.05952e-06,-1.19505e-05,-3.33398e-05,-5.74044e-05,-8.33463e-05,-0.000110311,-0.000137427,-0.000163844,-0.000188765,-0.000211478,-0.000231368,-0.000247938,-0.000260804,-0.000269696,-0.000274449,-0.000274998,-0.00027137,-0.000263676,-0.000252114,-0.000236968,-0.000218611,-0.00019751,-0.000174222,-0.000149395,-0.000123751,-9.8072e-05,-7.31705e-05,-4.98592e-05,-2.89148e-05,-1.10414e-05,3.16459e-06,1.32432e-05,1.88938e-05,1.99886e-05,1.6577e-05,8.88126e-06,-2.7158e-06,-1.76888e-05,-3.53928e-05,-5.50887e-05,-7.59704e-05,-9.71923e-05,-0.000117898,-0.000137245,-0.000154436,-0.000168742,-0.00017953,-0.000186284,-0.00018863,-0.00018635,-0.000179398,-0.000167904,-0.000152173,-0.000132679,-0.000110045,-8.50181e-05,-5.84416e-05,-3.12143e-05,-4.25137e-06,2.15576e-05,4.53892e-05,6.65232e-05,8.43731e-05,9.8509e-05,0.000108793,0.00011474,0.000115567,0.000111007,0.000101402,8.76228e-05,7.09569e-05,5.28658e-05,3.46514e-05,1.70785e-05,0
0,1.74973e-05,3.64114e-05,5.66253e-05,7.74567e-05,9.75094e-05,0.000115068,0.000128477,0.00013644,0.000138211,0.000133643,0.000123223,0.000107918,8.83214e-05,6.47253e-05,3.785e-05,8.60219e-06,-2.19685e-05,-5.27246e-05,-8.25022e-05,-0.000110173,-0.000134705,-0.000155211,-0.000170995,-0.000181576,-0.000186701,-0.000186351,-0.000180724,-0.000170219,-0.000155407,-0.000136996,-0.000115803,-9.27154e-05,-6.86636e-05,-4.45876e-05,-2.14119e-05,-1.88652e-08,1.87749e-05,3.42422e-05,4.57672e-05,5.28675e-05,5.52124e-05,5.26389e-05,4.51621e-05,3.29785e-05,1.64612e-05,-3.85434e-06,-2.72936e-05,-5.30739e-05,-8.0342e-05,-0.000108214,-0.000135818,-0.000162326,-0.000186993,-0.000209171,-0.000228329,-0.000244053,-0.000256043,-0.000264103,-0.000268129,-0.000268095,-0.000264044,-0.000256083,-0.000244381,-0.000229174,-0.000210774,-0.000189577,-0.000166068,-0.000140826,-0.000114517,-8.78835e-05,-6.17185e-05,-3.68397e-05,-1.40529e-05,5.88561e-06,2.23058e-05,3.4658e-05,4.25403e-05,4.57176e-05,4.41318e-05,3.79028e-05,2.73212e-05,1.28345e-05,-4.97312e-06,-2.54034e-05,-4.76699e-05,-7.09245e-05,-9.42854e-05,-0.000116865,-0.000137796,-0.000156265,-0.000171533,-0.000182968,-0.000190066,-0.000192477,-0.000190017,-0.000182685,-0.000170663,-0.000154315,-0.000134172,-0.000110916,-8.53456e-05,-5.83462e-05,-3.08463e-05,-3.77707e-06,2.19715e-05,4.55899e-05,6.63847e-05,8.38061e-05,9.76298e-05,0.00010723,0.000111586,0.000110177,0.000103111,9.1071e-05,7.52438e-05,5.7095e-05,3.80303e-05,1.89856e-05,0
0,1.94671e-05,4.00859e-05,6.14925e-05,8.28248e-05,0.000102539,0.000118853,0.000130143,0.000135246,0.00013362,0.000125364,0.000111216,9.23781e-05,6.95756e-05,4.31991e-05,1.41107e-05,-1.66602e-05,-4.79699e-05,-7.86209e-05,-0.000107428,-0.000133283,-0.000155211,-0.000172419,-0.000184332,-0.000190609,-0.000191154,-0.000186103,-0.000175808,-0.00016081,-0.000141805,-0.000119609,-9.51245e-05,-6.93044e-05,-4.31229e-05,-1.75453e-05,6.49789e-06,2.81356e-05,4.65802e-05,6.11502e-05,7.12925e-05,7.66029e-05,7.68434e-05,7.19558e-05,6.20684e-05,4.74938e-05,2.87192e-05,6.38487e-06,-1.87449e-05,-4.5819e-05,-7.39415e-05,-0.000102215,-0.00012978,-0.000155856,-0.000179759,-0.00020093,-0.000218931,-0.000233448,-0.000244275,-0.000251298,-0.000254479,-0.000253834,-0.000249424,-0.000241345,-0.000229734,-0.000214773,-0.000196701,-0.000175831,-0.000152562,-0.000127392,-0.000100912,-7.38085e-05,-4.68399e-05,-2.08133e-05,3.44995e-06,2.51523e-05,4.35597e-05,5.80393e-05,6.80917e-05,7.3376e-05,7.37257e-05,6.91554e-05,5.98584e-05,4.61965e-05,2.86838e-05,7.96561e-06,-1.52053e-05,-3.99951e-05,-6.55157e-05,-9.08527e-05,-0.000115094,-0.00013736,-0.000156828,-0.000172768,-0.000184563,-0.000191738,-0.00019398,-0.000191155,-0.000183314,-0.000170699,-0.000153733,-0.000133004,-0.000109245,-8.32951e-05,-5.60696e-05,-2.85128e-05,-1.55702e-06,2.39199e-05,4.71331e-05,6.74229e-05,8.44897e-05,9.75811e-05,0.000105443,0.000107295,0.000102991,9.29973e-05,7.83585e-05,6.05029e-05,4.0907e-05,2.06617e-05,0
0,2.12515e-05,4.33488e-05,6.56672e-05,8.71729e-05,0.000106201,0.000120936,0.00012983,0.000131887,0.000126799,0.000114924,9.72555e-05,7.52248e-05,4.96804e-05,2.10993e-05,-9.5282e-06,-4.10712e-05,-7.23179e-05,-0.000102042,-0.000129072,-0.000152351,-0.000170995,-0.000184332,-0.000191928,-0.000193599,-0.000189408,-0.000179647,-0.000164812,-0.000145568,-0.000122716,-9.71571e-05,-6.98532e-05,-4.17986e-05,-1.39887e-05,1.26063e-05,3.70665e-05,5.85461e-05,7.62969e-05,8.96907e-05,9.82421e-05,0.000101629,9.97065e-05,9.25228e-05,8.03172e-05,6.35162e-05,4.2716e-05,1.86558e-05,-7.81922e-06,-3.57998e-05,-6.43592e-05,-9.25992e-05,-0.00011969,-0.000144907,-0.000167647,-0.000187445,-0.00020397,-0.000217015,-0.000226475,-0.000232321,-0.000234582,-0.000233318,-0.000228604,-0.000220528,-0.00020919,-0.000194711,-0.000177255,-0.000157045,-0.000134387,-0.000109682,-8.34402e-05,-5.62786e-05,-2.89082e-05,-2.11314e-06,2.32816e-05,4.64481e-05,6.65977e-05,8.30219e-05,9.51301e-05,0.00010248,0.000104799,0.000101999,9.41729e-05,8.15961e-05,6.47073e-05,4.40922e-05,2.04597e-05,-5.38288e-06,-3.2557e-05,-6.01403e-05,-8.71955e-05,-0.000112799,-0.000136069,-0.000156196,-0.000172473,-0.000184316,-0.000191294,-0.000193145,-0.000189791,-0.000181345,-0.000168107,-0.000150557,-0.000129333,-0.000105206,-7.90488e-05,-5.17897e-05,-2.43768e-05,2.26763e-06,2.72871e-05,4.99271e-05,6.98288e-05,8.61315e-05,9.73596e-05,0.000102477,0.000101071,9.33667e-05,8.02286e-05,6.30063e-05,4.32106e-05,2.20657e-05,0
0,2.2815e-05,4.6135e-05,6.90675e-05,9.04201e-05,0.000108436,0.000121306,0.000127596,0.000126512,0.000117998,0.00010268,8.18067e-05,5.70257e-05,2.9293e-05,-8.4388e-07,-3.22856e-05,-6.38245e-05,-9.42111e-05,-0.000122223,-0.000146735,-0.000166774,-0.000181576,-0.000190609,-0.000193599,-0.000190524,-0.000181605,-0.000167279,-0.000148168,-0.000125043,-9.87846e-05,-7.03499e-05,-4.07368e-05,-1.09557e-05,1.79972e-05,4.51643e-05,6.96497e-05,9.0642e-05,0.000107438,0.000119466,0.000126309,0.000127724,0.000123659,0.000114264,9.98835e-05,8.10528e-05,5.84705e-05,3.2966e-05,5.45675e-06,-2.31002e-05,-5.17585e-05,-7.96295e-05,-0.000105924,-0.000129981,-0.000151287,-0.000169479,-0.000184335,-0.000195756,-0.000203738,-0.000208338,-0.00020965,-0.000207775,-0.000202804,-0.000194813,-0.000183865,-0.000170022,-0.00015337,-0.000134042,-0.000112245,-8.82862e-05,-6.2584e-05,-3.56797e-05,-8.22824e-06,1.90184e-05,4.52412e-05,6.95917e-05,9.12357e-05,0.000109398,0.000123403,0.000132715,0.000136962,0.000135955,0.000129694,0.000118367,0.00010234,8.21354e-05,5.84143e-05,3.19492e-05,3.59777e-06,-2.57249e-05,-5.50741e-05,-8.35043e-05,-0.000110097,-0.000133989,-0.000154402,-0.000170666,-0.00018225,-0.000188777,-0.000190045,-0.000186039,-0.000176929,-0.000163072,-0.000144998,-0.000123384,-9.90329e-05,-7.28314e-05,-4.57153e-05,-1.86254e-05,7.5331e-06,3.19294e-05,5.41664e-05,7.32979e-05,8.76459e-05,9.59279e-05,9.74631e-05,9.2215e-05,8.08381e-05,6.45629e-05,4.48961e-05,2.31687e-05,0
0,2.41312e-05,4.83996e-05,7.16437e-05,9.25302e-05,0.000109243,0.000120019,0.000123573,0.000119342,0.000107539,8.90554e-05,6.53867e-05,3.83794e-05,9.07714e-06,-2.19226e-05,-5.34344e-05,-8.42023e-05,-0.00011297,-0.000138553,-0.000159902,-0.00017616,-0.000186701,-0.000191154,-0.000189408,-0.000181605,-0.000168113,-0.000149499,-0.00012649,-9.99352e-05,-7.0768e-05,-3.99743e-05,-8.56205e-06,2.24641e-05,5.21253e-05,7.94897e-05,0.000103694,0.000123966,0.000139649,0.000150225,0.000155341,0.000154829,0.000148723,0.000137264,0.000120898,0.000100259,7.61378e-05,4.94464e-05,2.11642e-05,-7.71292e-06,-3.62276e-05,-6.35092e-05,-8.88141e-05,-0.000111552,-0.000131298,-0.000147792,-0.000160919,-0.000170683,-0.000177175,-0.000180535,-0.000180914,-0.000178452,-0.000173255,-0.000165386,-0.000154875,-0.000141729,-0.00012596,-0.000107614,-8.68069e-05,-6.37474e-05,-3.87661e-05,-1.23254e-05,1.498e-05,4.24365e-05,6.92383e-05,9.45246e-05,0.000117424,0.000137103,0.000152812,0.000163928,0.000169988,0.000170711,0.000166011,0.000155997,0.000140962,0.000121373,9.78422e-05,7.11037e-05,4.19877e-05,1.13912e-05,-1.97491e-05,-5.04844e-05,-7.98805e-05,-0.000107045,-0.000131152,-0.000151472,-0.000167391,-0.000178437,-0.000184298,-0.000184834,-0.000180089,-0.000170291,-0.000155845,-0.000137319,-0.000115424,-9.09794e-05,-6.48818e-05,-3.80647e-05,-1.1457e-05,1.40559e-05,3.80619e-05,5.95562e-05,7.66826e-05,8.79295e-05,9.23538e-05,8.96477e-05,8.02293e-05,6.51742e-05,4.5947e-05,2.39558e-05,0
0,2.51843e-05,5.01191e-05,7.33798e-05,9.35137e-05,0.000108679,0.000117196,0.000117965,0.000110672,9.58069e-05,7.4523e-05,4.85426e-05,1.98909e-05,-1.03249e-05,-4.14808e-05,-7.23317e-05,-0.000101603,-0.000128065,-0.000150598,-0.000168262,-0.000180336,-0.000186351,-0.000186103,-0.000179647,-0.000167279,-0.000149499,-0.000126982,-0.000100534,-7.10524e-05,-3.94961e-05,-6.85311e-06,2.58823e-05,5.77302e-05,8.77432e-05,0.000115024,0.000138747,0.000158178,0.000172702,0.00018185,0.000185325,0.000183024,0.000175055,0.000161742,0.00014362,0.000121409,9.5986e-05,6.83319e-05,3.94803e-05,1.04573e-05,-1.77749e-05,-4.43681e-05,-6.86259e-05,-9.00275e-05,-0.000108234,-0.000123079,-0.000134547,-0.000142737,-0.000147824,-0.000150016,-0.00014952,-0.000146508,-0.000141096,-0.000133342,-0.000123245,-0.000110765,-9.58502e-05,-7.84706e-05,-5.86552e-05,-3.65264e-05,-1.23293e-05,1.35495e-05,4.05762e-05,6.80786e-05,9.5269e-05,0.000121281,0.000145213,0.000166183,0.000183375,0.00019609,0.000203783,0.000206092,0.000202854,0.000194108,0.000180089,0.00016121,0.000138039,0.000111276,8.17205e-05,5.0245e-05,1.77675e-05,-1.47754e-05,-4.64532e-05,-7.63656e-05,-0.000103667,-0.000127588,-0.00014746,-0.000162735,-0.000173008,-0.000178031,-0.000177725,-0.000172189,-0.0001617,-0.000146703,-0.000127799,-0.000105719,-8.12965e-05,-5.54327e-05,-2.90553e-05,-3.0806e-06,2.20895e-05,4.54204e-05,6.49061e-05,7.88299e-05,8.59999e-05,8.58352e-05,7.85004e-05,6.48854e-05,4.63763e-05,2.44268e-05,0
0,2.59696e-05,5.12929e-05,7.42949e-05,9.34271e-05,0.000106856,0.000113024,0.000111038,0.000100854,8.32355e-05,5.95849e-05,3.18297e-05,2.14749e-06,-2.8317e-05,-5.89394e-05,-8.84428e-05,-0.000115564,-0.000139129,-0.000158114,-0.000171709,-0.000179346,-0.000180724,-0.000175808,-0.000164812,-0.000148168,-0.00012649,-0.000100534,-7.11536e-05,-3.92689e-05,-5.83408e-06,2.8185e-05,6.18282e-05,9.41557e-05,0.000124261,0.000151286,0.000174442,0.000193028,0.000206466,0.000214323,0.000216345,0.000212482,0.000202903,0.000188002,0.000168387,0.000144855,0.000118354,8.99255e-05,6.06478e-05,3.15714e-05,3.65931e-06,-2.2263e-05,-4.5544e-05,-6.57261e-05,-8.25465e-05,-9.59222e-05,-0.000105921,-0.000112721,-0.000116566,-0.000117725,-0.000116445,-0.000112925,-0.000107295,-9.9606e-05,-8.98361e-05,-7.79098e-05,-6.37252e-05,-4.719e-05,-2.82619e-05,-6.98689e-06,1.64658e-05,4.17797e-05,6.84792e-05,9.59334e-05,0.000123376,0.000149939,0.000174699,0.000196732,0.000215167,0.000229236,0.000238326,0.000242006,0.000240046,0.00023243,0.000219343,0.000201157,0.000178406,0.000151758,0.000121988,8.9939e-05,5.65054e-05,2.26e-05,-1.08662e-05,-4.30053e-05,-7.29728e-05,-9.99868e-05,-0.000123348,-0.000142457,-0.000156836,-0.000166146,-0.000170198,-0.00016897,-0.000162609,-0.000151431,-0.000135918,-0.000116694,-9.45112e-05,-7.02134e-05,-4.47041e-05,-1.89068e-05,6.81242e-06,3.1419e-05,5.27879e-05,6.90262e-05,7.87141e-05,8.10052e-05,7.58012e-05,6.37827e-05,4.62249e-05,2.45956e-05,0
0,2.64932e-05,5.19428e-05,7.44412e-05,9.23707e-05,0.00010394,0.00010774,0.000103112,9.02834e-05,7.02874e-05,4.47544e-05,1.57903e-05,-1.43033e-05,-4.43718e-05,-7.3817e-05,-0.000101359,-0.000125774,-0.000145971,-0.000161046,-0.000170335,-0.000173436,-0.000170219,-0.00016081,-0.000145568,-0.000125043,-9.99352e-05,-7.10524e-05,-3.92689e-05,-5.49609e-06,2.93417e-05,6.43226e-05,9.85371e-05,0.000131096,0.00016114,0.000187851,0.000210471,0.000228326,0.000240861,0.000247668,0.000248522,0.000243409,0.000232542,0.000216368,0.000195556,0.000170963,0.000143597,0.000114548,8.49335e-05,5.58228e-05,2.81793e-05,2.80873e-06,-1.96754e-05,-3.88677e-05,-5.45673e-05,-6.67574e-05,-7.55707e-05,-8.12458e-05,-8.40796e-05,-8.43812e-05,-8.24313e-05,-7.84505e-05,-7.25788e-05,-6.48682e-05,-5.52871e-05,-4.37385e-05,-3.00872e-05,-1.41965e-05,4.03032e-06,2.46086e-05,4.74335e-05,7.225e-05,9.86359e-05,0.000126,0.000153599,0.000180568,0.000205966,0.000228835,0.000248256,0.000263406,0.000273613,0.000278387,0.000277451,0.000270741,0.000258409,0.000240799,0.000218422,0.000191926,0.000162061,0.000129649,9.55555e-05,6.06623e-05,2.58497e-05,-8.02342e-06,-4.01339e-05,-6.97099e-05,-9.60451e-05,-0.000118515,-0.000136593,-0.000149867,-0.000158058,-0.000161033,-0.000158815,-0.000151595,-0.000139726,-0.000123718,-0.000104223,-8.20107e-05,-5.79378e-05,-3.29127e-05,-7.24111e-06,1.80713e-05,4.08126e-05,5.89458e-05,7.08505e-05,7.54304e-05,7.23244e-05,6.19886e-05,4.55601e-05,2.44897e-05,0
0,2.6772e-05,5.21112e-05,7.3902e-05,9.04836e-05,0.000100137,0.000101627,9.45432e-05,7.93845e-05,5.74373e-05,3.05354e-05,9.33113e-07,-2.8974e-05,-5.80486e-05,-8.5745e-05,-0.000110807,-0.000132078,-0.000148571,-0.00015952,-0.00016442,-0.000163037,-0.000155407,-0.000141805,-0.000122716,-9.87846e-05,-7.0768e-05,-3.94961e-05,-5.83408e-06,2.93417e-05,6.51597e-05,0.00010076,0.000135296,0.000167937,0.000197872,0.000224317,0.000246541,0.000263886,0.000275804,0.000281897,0.000281953,0.000275974,0.000264202,0.000247119,0.000225434,0.000200052,0.000172025,0.000142486,0.000112581,8.33983e-05,5.59031e-05,3.08879e-05,8.93919e-06,-9.57526e-06,-2.44986e-05,-3.586e-05,-4.38358e-05,-4.87035e-05,-5.07928e-05,-5.04392e-05,-4.7944e-05,-4.35442e-05,-3.73921e-05,-2.95477e-05,-1.99825e-05,-8.59482e-06,4.76405e-06,2.02554e-05,3.80117e-05,5.80935e-05,8.04471e-05,0.00010487,0.000130988,0.000158248,0.000185929,0.000213171,0.000239023,0.000262498,0.000282637,0.000298571,0.000309581,0.000315131,0.000314906,0.000308815,0.000296987,0.000279754,0.000257616,0.000231212,0.000201279,0.00016862,0.000134075,9.84904e-05,6.27085e-05,2.75469e-05,-6.20956e-06,-3.7819e-05,-6.65916e-05,-9.19002e-05,-0.000113194,-0.000130013,-0.000142004,-0.000148942,-0.000150739,-0.000147464,-0.000139344,-0.000126768,-0.00011028,-9.05596e-05,-6.83995e-05,-4.46723e-05,-1.96008e-05,5.86434e-06,2.94553e-05,4.90258e-05,6.27867e-05,6.94149e-05,6.82963e-05,5.96553e-05,4.44707e-05,2.41482e-05,0
0,2.6832e-05,5.18595e-05,7.2787e-05,8.79374e-05,9.56889e-05,9.50013e-05,8.57148e-05,6.85924e-05,4.51527e-05,1.7403e-05,-1.2286e-05,-4.14543e-05,-6.90076e-05,-9.44776e-05,-0.000116656,-0.000134476,-0.000147073,-0.000153831,-0.000154406,-0.000148731,-0.000136996,-0.000119609,-9.71571e-05,-7.03499e-05,-3.99743e-05,-6.85311e-06,2.8185e-05,6.43226e-05,0.00010076,0.000136713,0.000171407,0.000204072,0.000233944,0.000260269,0.000282331,0.000299474,0.000311148,0.000316944,0.000316644,0.00031025,0.000298009,0.00028042,0.000258216,0.000232332,0.000203852,0.00017394,0.000143767,0.000114441,8.69327e-05,6.20316e-05,4.03108e-05,2.2118e-05,7.58628e-06,-3.33714e-06,-1.08497e-05,-1.52459e-05,-1.68686e-05,-1.60639e-05,-1.31439e-05,-8.3578e-06,-1.87326e-06,6.23218e-06,1.59693e-05,2.74255e-05,4.07426e-05,5.60857e-05,7.36044e-05,9.33886e-05,0.000115424,0.000139553,0.000165443,0.000192579,0.000220263,0.000247643,0.000273759,0.000297602,0.000318179,0.000334585,0.000346061,0.000352038,0.000352177,0.000346371,0.000334743,0.000317625,0.000295523,0.000269077,0.000239023,0.000206153,0.000171283,0.000135227,9.87848e-05,6.27231e-05,2.77761e-05,-5.36084e-06,-3.6034e-05,-6.36361e-05,-8.76149e-05,-0.000107485,-0.000122845,-0.000133391,-0.000138944,-0.000139461,-0.000135049,-0.000125978,-0.000112679,-9.57322e-05,-7.5852e-05,-5.38588e-05,-2.98734e-05,-4.76886e-06,1.91601e-05,3.96923e-05,5.49053e-05,6.32791e-05,6.39642e-05,5.69563e-05,4.30626e-05,2.36197e-05,0
0,2.67074e-05,5.12643e-05,7.12273e-05,8.49276e-05,9.08623e-05,8.81954e-05,7.70161e-05,5.83348e-05,3.38749e-05,5.78493e-06,-2.348e-05,-5.14241e-05,-7.70192e-05,-9.9896e-05,-0.000118916,-0.000133119,-0.000141774,-0.000144419,-0.000140874,-0.000131226,-0.000115803,-9.51245e-05,-6.98532e-05,-4.07368e-05,-8.56205e-06,2.58823e-05,6.18282e-05,9.85371e-05,0.000135296,0.000171407,0.000206172,0.000238882,0.000268814,0.000295241,0.000317447,0.00033477,0.000346636,0.000352614,0.000352458,0.000346151,0.000333926,0.000316276,0.000293939,0.000267863,0.00023915,0.000208987,0.00017857,0.000149022,0.000121331,9.62951e-05,7.44894e-05,5.62606e-05,4.17396e-05,3.0872e-05,2.34618e-05,1.92183e-05,1.78041e-05,1.88758e-05,2.21193e-05,2.72748e-05,3.41543e-05,4.26513e-05,5.27422e-05,6.44804e-05,7.79798e-05,9.33899e-05,0.00011086,0.000130497,0.000152316,0.0001762,0.000201858,0.000228811,0.000256386,0.000283742,0.000309913,0.000333871,0.000354595,0.000371149,0.000382741,0.000388782,0.000388918,0.000383038,0.000371276,0.000353975,0.000331661,0.000304988,0.000274702,0.000241591,0.000206456,0.000170082,0.000133221,9.65887e-05,6.08572e-05,2.66632e-05,-5.39219e-06,-3.47406e-05,-6.08497e-05,-8.32313e-05,-0.000101455,-0.000115165,-0.000124105,-0.000128136,-0.000127258,-0.000121627,-0.00011156,-9.75369e-05,-8.01841e-05,-6.02566e-05,-3.77585e-05,-1.34678e-05,1.03194e-05,3.134e-05,4.75753e-05,5.7343e-05,5.95842e-05,5.40772e-05,4.14533e-05,2.29597e-05,0
0,2.64386e-05,5.04139e-05,6.93687e-05,8.16651e-05,8.59337e-05,8.15456e-05,6.88277e-05,4.90139e-05,2.40012e-05,-3.95446e-06,-3.23454e-05,-5.86647e-05,-8.19699e-05,-0.000102009,-0.00011773,-0.00012829,-0.0001331,-0.000131851,-0.000124515,-0.000111321,-9.27154e-05,-6.93044e-05,-4.17986e-05,-1.09557e-05,2.24641e-05,5.77302e-05,9.41557e-05,0.000131096,0.000167937,0.000204072,0.000238882,0.000271717,0.000301891,0.000328692,0.000351399,0.000369327,0.000381868,0.000388549,0.000389082,0.000383406,0.00037172,0.000354492,0.000332445,0.00030652,0.000277825,0.000247563,0.000216947,0.000187126,0.000159111,0.000133723,0.000111557,9.2978e-05,7.81348e-05,6.69927e-05,5.93771e-05,5.502e-05,5.36045e-05,5.48019e-05,5.83015e-05,6.3832e-05,7.11776e-05,8.01891e-05,9.07906e-05,0.000102981,0.000116825,0.00013244,0.00014996,0.000169502,0.000191108,0.000214701,0.000240036,0.000266671,0.000293965,0.000321087,0.00034707,0.000370866,0.000391432,0.0004078,0.000419156,0.000424895,0.000424658,0.000418344,0.000406102,0.000388307,0.000365512,0.000338399,0.000307733,0.000274311,0.000238923,0.000202327,0.000165235,0.000128304,9.21432e-05,5.73192e-05,2.43691e-05,-6.19359e-06,-3.38747e-05,-5.82034e-05,-7.87418e-05,-9.5103e-05,-0.000106973,-0.000114136,-0.000116499,-0.000114114,-0.000107193,-9.61131e-05,-8.14109e-05,-6.37674e-05,-4.30603e-05,-1.99597e-05,3.25655e-06,2.43138e-05,4.1134e-05,5.19107e-05,5.5408e-05,5.12068e-05,3.97652e-05,2.22276e-05,0
0,2.60705e-05,4.94039e-05,6.73651e-05,7.83659e-05,8.11788e-05,7.53764e-05,6.15041e-05,4.09896e-05,1.58689e-05,-1.15289e-05,-3.86722e-05,-6.30644e-05,-8.38637e-05,-0.000100948,-0.000113365,-0.000120395,-0.00012159,-0.000116788,-0.0001061,-8.98783e-05,-6.86636e-05,-4.31229e-05,-1.39887e-05,1.79972e-05,5.21253e-05,8.77432e-05,0.000124261,0.00016114,0.000197872,0.000233944,0.000268814,0.000301891,0.00033252,0.000359995,0.000383584,0.000402565,0.000416286,0.000424216,0.000426007,0.000421538,0.000410953,0.000394672,0.00037338,0.000347997,0.000319621,0.000289459,0.000258745,0.000228657,0.000200241,0.000174354,0.000151632,0.000132474,0.000117067,0.000105412,9.7373e-05,9.27201e-05,9.11689e-05,9.24135e-05,9.61493e-05,0.00010209,0.000109981,0.000119615,0.000130843,0.000143587,0.000157847,0.000173688,0.000191226,0.000210582,0.000231832,0.000254948,0.000279739,0.000305815,0.000332565,0.000359178,0.00038468,0.000408009,0.000428092,0.000443936,0.000454705,0.000459784,0.000458816,0.000451716,0.000438664,0.00042007,0.000396527,0.000368757,0.000337552,0.000303724,0.000268062,0.000231305,0.000194122,0.000157118,0.000120832,8.57592e-05,5.23622e-05,2.10887e-05,-7.62044e-06,-3.33285e-05,-5.561e-05,-7.40659e-05,-8.8346e-05,-9.81765e-05,-0.000103389,-0.000103945,-9.99627e-05,-9.17219e-05,-7.96706e-05,-6.44124e-05,-4.56936e-05,-2.40707e-05,-1.78803e-06,1.88936e-05,3.5872e-05,4.72565e-05,5.16714e-05,4.85274e-05,3.81203e-05,2.14839e-05,0
0,2.56497e-05,4.83328e-05,6.53711e-05,7.52414e-05,7.68596e-05,6.99862e-05,5.53587e-05,3.45641e-05,9.741e-06,-1.67414e-05,-4.23525e-05,-6.46226e-05,-8.28201e-05,-9.69626e-05,-0.000106202,-0.000109944,-0.000107875,-9.99666e-05,-8.64547e-05,-6.77915e-05,-4.45876e-05,-1.75453e-05,1.26063e-05,4.51643e-05,7.94897e-05,0.000115024,0.000151286,0.000187851,0.000224317,0.000260269,0.000295241,0.000328692,0.000359995,0.000388448,0.000413296,0.000433777,0.000449182,0.000458913,0.000462545,0.000459883,0.000450995,0.00043623,0.000416216,0.000391828,0.00036414,0.000334355,0.000303724,0.000273462,0.000244664,0.000218241,0.000194882,0.000175042,0.000158956,0.000146677,0.000138119,0.000133099,0.000131375,0.000132668,0.00013668,0.000143103,0.00015163,0.000161975,0.000173894,0.000187211,0.000201837,0.000217781,0.000235131,0.000254027,0.00027459,0.000296863,0.000320729,0.000345862,0.000371696,0.000397438,0.000422109,0.000444624,0.000463881,0.000478857,0.000488694,0.000492769,0.000490732,0.000482522,0.000468353,0.00044868,0.000424144,0.000395513,0.000363615,0.000329285,0.000293316,0.000256432,0.000219268,0.000182374,0.000146223,0.000111235,7.77945e-05,4.62747e-05,1.7053e-05,-9.48217e-06,-3.29336e-05,-5.29084e-05,-6.90396e-05,-8.10147e-05,-8.86074e-05,-9.17083e-05,-9.03516e-05,-8.4733e-05,-7.52165e-05,-6.23291e-05,-4.56868e-05,-2.57317e-05,-4.66657e-06,1.52822e-05,3.20204e-05,4.36125e-05,4.85835e-05,4.62068e-05,3.66344e-05,2.07871e-05,0
0,2.52235e-05,4.72979e-05,6.35356e-05,7.24893e-05,7.32131e-05,6.56343e-05,5.06502e-05,2.99692e-05,5.79538e-06,-1.94917e-05,-4.33837e-05,-6.34484e-05,-7.90691e-05,-9.04059e-05,-9.67172e-05,-9.75277e-05,-9.26487e-05,-8.21707e-05,-6.64307e-05,-4.5959e-05,-2.14119e-05,6.49789e-06,3.70665e-05,6.96497e-05,0.000103694,0.000138747,0.000174442,0.000210471,0.000246541,0.000282331,0.000317447,0.000351399,0.000383584,0.000413296,0.000439756,0.000462159,0.000479733,0.000491803,0.000497863,0.000497624,0.000491061,0.000478436,0.000460292,0.000437437,0.000410899,0.000381866,0.000351606,0.000321379,0.000292344,0.000265483,0.000241556,0.000221084,0.000204363,0.000191503,0.000182474,0.000177147,0.000175326,0.000176763,0.000181161,0.000188183,0.000197453,0.000208582,0.000221205,0.000235019,0.00024983,0.000265578,0.000282335,0.000300274,0.000319595,0.000340443,0.000362808,0.000386453,0.00041087,0.000435284,0.000458706,0.000480018,0.00049808,0.000511834,0.000520399,0.000523143,0.000519726,0.000510112,0.000494555,0.000473561,0.000447822,0.000418155,0.000385433,0.000350515,0.000314207,0.00027722,0.00024016,0.000203526,0.000167729,0.000133113,9.99829e-05,6.86345e-05,3.93744e-05,1.25331e-05,-1.15333e-05,-3.24534e-05,-4.98605e-05,-6.34222e-05,-7.28732e-05,-7.80498e-05,-7.89207e-05,-7.56091e-05,-6.8405e-05,-5.77647e-05,-4.31786e-05,-2.49803e-05,-5.32884e-06,1.35982e-05,2.97416e-05,4.1159e-05,4.63179e-05,4.43915e-05,3.54121e-05,2.01919e-05,0
0,2.48368e-05,4.63905e-05,6.1995e-05,7.02851e-05,7.04411e-05,6.25301e-05,4.75718e-05,2.73564e-05,4.11781e-06,-1.9781e-05,-4.18689e-05,-5.97569e-05,-7.2942e-05,-8.17252e-05,-8.54673e-05,-8.3803e-05,-7.66527e-05,-6.42058e-05,-4.68796e-05,-2.52576e-05,-1.88652e-08,2.81356e-05,5.85461e-05,9.0642e-05,0.000123966,0.000158178,0.000193028,0.000228326,0.000263886,0.000299474,0.00033477,0.000369327,0.000402565,0.000433777,0.000462159,0.000486862,0.000507049,0.000521972,0.000531032,0.000533844,0.000530277,0.00052048,0.000504889,0.000484213,0.000459408,0.000431629,0.000402157,0.000372307,0.000343322,0.000316277,0.00029202,0.000271144,0.00025401,0.000240785,0.000231493,0.000226061,0.000224341,0.000226117,0.000231092,0.000238884,0.000249031,0.000261012,0.000274303,0.000288447,0.00030312,0.000318188,0.000333719,0.000349953,0.000367217,0.000385812,0.000405884,0.000427319,0.00044968,0.000472209,0.000493893,0.000513565,0.000530032,0.000542195,0.000549146,0.000550245,0.00054516,0.000533883,0.00051671,0.000494193,0.000467082,0.000436245,0.000402597,0.000367028,0.000330357,0.000293289,0.000256402,0.000220152,0.000184889,0.000150885,0.000118367,8.7554e-05,5.86778e-05,3.20056e-05,7.84336e-06,-1.34706e-05,-3.15847e-05,-4.61631e-05,-5.69196e-05,-6.36546e-05,-6.62883e-05,-6.48876e-05,-5.96814e-05,-5.10641e-05,-3.84105e-05,-2.19567e-05,-3.82196e-06,1.38725e-05,2.91247e-05,4.00191e-05,4.50067e-05,4.32009e-05,3.45429e-05,1.97462e-05,0
0,2.4531e-05,4.56929e-05,6.08683e-05,6.87751e-05,6.87024e-05,6.08248e-05,4.62441e-05,2.67918e-05,4.69865e-06,-1.77109e-05,-3.8013e-05,-5.38614e-05,-6.48603e-05,-7.14454e-05,-7.30711e-05,-6.94683e-05,-6.06478e-05,-4.68766e-05,-2.86287e-05,-6.51841e-06,1.87749e-05,4.65802e-05,7.62969e-05,0.000107438,0.000139649,0.000172702,0.000206466,0.000240861,0.000275804,0.000311148,0.000346636,0.000381868,0.000416286,0.000449182,0.000479733,0.000507049,0.00053024,0.000548485,0.000561101,0.000567604,0.000567748,0.000561554,0.00054932,0.000531616,0.000509282,0.000483407,0.00045528,0.00042629,0.000397791,0.00037098,0.000346807,0.000325945,0.000308811,0.000295617,0.000286437,0.000281248,0.000279952,0.000282366,0.000288193,0.000296998,0.0003082,0.000321113,0.000335011,0.000349237,0.000363311,0.000377015,0.000390439,0.00040394,0.000418043,0.000433286,0.000450039,0.000468357,0.000487889,0.000507885,0.000527273,0.000544814,0.000559244,0.000569416,0.000574395,0.000573534,0.000566511,0.000553342,0.00053436,0.000510166,0.00048156,0.000449459,0.000414819,0.000378563,0.00034152,0.000304393,0.000267738,0.000231969,0.000197382,0.000164181,0.000132522,0.000102547,7.44153e-05,4.83289e-05,2.45388e-05,3.34182e-06,-1.4937e-05,-2.99723e-05,-4.14733e-05,-4.92221e-05,-5.31087e-05,-5.31605e-05,-4.95608e-05,-4.26547e-05,-3.17149e-05,-1.68952e-05,-2.85521e-07,1.60508e-05,3.01841e-05,4.0255e-05,4.4737e-05,4.27238e-05,3.40982e-05,1.94903e-05,0
0,2.43423e-05,4.5275e-05,6.0252e-05,6.80711e-05,6.81071e-05,6.06063e-05,4.67106e-05,2.8254e-05,7.43429e-06,-1.34793e-05,-3.21143e-05,-4.61608e-05,-5.53197e-05,-6.01503e-05,-6.01879e-05,-5.52417e-05,-4.53925e-05,-3.09619e-05,-1.24575e-05,9.4976e-06,3.42422e-05,6.11502e-05,8.96907e-05,0.000119466,0.000150225,0.00018185,0.000214323,0.000247668,0.000281897,0.000316944,0.000352614,0.000388549,0.000424216,0.000458913,0.000491803,0.000521972,0.000548485,0.000570467,0.000587165,0.000598007,0.000602638,0.00060094,0.000593034,0.000579293,0.000560367,0.000537223,0.000511145,0.000483626,0.000456186,0.00043018,0.000406683,0.000386444,0.000369915,0.000357335,0.000348804,0.000344346,0.000343917,0.000347374,0.000354422,0.000364561,0.000377067,0.000391036,0.000405483,0.000419489,0.000432375,0.000443832,0.000453999,0.000463426,0.000472941,0.000483432,0.000495595,0.000509712,0.000525532,0.000542271,0.000558751,0.000573607,0.000585493,0.000593216,0.000595825,0.000592669,0.000583436,0.000568163,0.000547212,0.000521224,0.000491041,0.000457623,0.000421963,0.000385008,0.000347602,0.000310442,0.000274065,0.000238849,0.00020504,0.000172784,0.000142168,0.000113266,8.6169e-05,6.10153e-05,3.79999e-05,1.73737e-05,-5.72227e-07,-1.55344e-05,-2.72318e-05,-3.5444e-05,-4.00487e-05,-4.10518e-05,-3.86078e-05,-3.30277e-05,-2.34987e-05,-1.01116e-05,5.05803e-06,1.99991e-05,3.28628e-05,4.18693e-05,4.55492e-05,4.30164e-05,3.41295e-05,1.94549e-05,0
0,2.43005e-05,4.51922e-05,6.02178e-05,6.82469e-05,6.87139e-05,6.18976e-05,4.89387e-05,3.16372e-05,1.2133e-05,-7.37088e-06,-2.45514e-05,-3.71243e-05,-4.48717e-05,-4.84621e-05,-4.74949e-05,-4.18377e-05,-3.16187e-05,-1.71907e-05,9.26992e-07,2.21221e-05,4.57672e-05,7.12925e-05,9.82421e-05,0.000126309,0.000155341,0.000185325,0.000216345,0.000248522,0.000281953,0.000316644,0.000352458,0.000389082,0.000426007,0.000462545,0.000497863,0.000531032,0.000561101,0.000587165,0.000608431,0.00062427,0.00063424,0.000638085,0.000635718,0.00062722,0.000612917,0.000593533,0.000570336,0.000544993,0.000519276,0.000494773,0.000472708,0.000453888,0.000438768,0.000427565,0.000420381,0.000417274,0.000418262,0.000423266,0.000432003,0.000443903,0.000458065,0.000473303,0.000488287,0.000501754,0.000512756,0.000520876,0.000526339,0.000529993,0.000533119,0.000537124,0.000543169,0.00055185,0.000563007,0.000575747,0.00058867,0.000600209,0.000608933,0.000613641,0.000613396,0.000607557,0.000595819,0.00057823,0.000555168,0.0005273,0.000495494,0.000460744,0.000424066,0.000386428,0.00034868,0.000311513,0.000275446,0.000240827,0.000207857,0.00017663,0.000147177,0.00011951,9.36601e-05,6.97062e-05,4.77907e-05,2.81185e-05,1.09421e-05,-3.46477e-06,-1.48418e-05,-2.29811e-05,-2.77643e-05,-2.91937e-05,-2.74131e-05,-2.27163e-05,-1.42237e-05,-1.98567e-06,1.19169e-05,2.5514e-05,3.70391e-05,4.4808e-05,4.74387e-05,4.41019e-05,3.46676e-05,1.96613e-05,0
0,2.44277e-05,4.54833e-05,6.081e-05,6.93372e-05,7.05291e-05,6.4658e-05,5.28232e-05,3.67582e-05,1.85256e-05,2.56871e-07,-1.57669e-05,-2.72714e-05,-3.41017e-05,-3.70174e-05,-3.56628e-05,-2.99419e-05,-2.00065e-05,-6.21818e-06,1.09128e-05,3.08018e-05,5.28675e-05,7.66029e-05,0.000101629,0.000127724,0.000154829,0.000183024,0.000212482,0.000243409,0.000275974,0.00031025,0.000346151,0.000383406,0.000421538,0.000459883,0.000497624,0.000533844,0.000567604,0.000598007,0.00062427,0.000645763,0.000662011,0.000672659,0.000677387,0.000675856,0.000667804,0.000653448,0.000634035,0.000611572,0.000588262,0.000566039,0.000546305,0.000529894,0.000517188,0.000508316,0.000503328,0.000502309,0.000505364,0.000512508,0.000523509,0.000537728,0.000554047,0.000570914,0.000586535,0.000599174,0.000607516,0.000610989,0.000609956,0.000605705,0.000600189,0.000595577,0.000593711,0.000595611,0.000601184,0.00060926,0.000617982,0.000625443,0.000630189,0.000631123,0.000627391,0.000618383,0.000603793,0.000583658,0.000558349,0.000528533,0.000495089,0.000459019,0.000421354,0.000383066,0.000345006,0.000307857,0.000272117,0.000238106,0.000205991,0.000175822,0.000147582,0.000121233,9.6756e-05,7.41814e-05,5.36044e-05,3.51868e-05,1.91422e-05,5.71021e-06,-4.87845e-06,-1.24402e-05,-1.68759e-05,-1.82015e-05,-1.65685e-05,-1.22714e-05,-4.38453e-06,7.05797e-06,1.99467e-05,3.23358e-05,4.25355e-05,4.8967e-05,5.03589e-05,4.5972e-05,3.57223e-05,2.01203e-05,0
0,2.47383e-05,4.617e-05,6.20452e-05,7.13373e-05,7.35091e-05,6.87876e-05,5.8194e-05,4.33673e-05,2.62795e-05,8.9913e-06,-6.24592e-06,-1.71489e-05,-2.36039e-05,-2.64415e-05,-2.53294e-05,-2.01844e-05,-1.11589e-05,1.39872e-06,1.70058e-05,3.51193e-05,5.52124e-05,7.68434e-05,9.97065e-05,0.000123659,0.000148723,0.000175055,0.000202903,0.000232542,0.000264202,0.000298009,0.000333926,0.00037172,0.000410953,0.000450995,0.000491061,0.000530277,0.000567748,0.000602638,0.00063424,0.000662011,0.000685556,0.000704526,0.000718416,0.000726309,0.000726846,0.000719044,0.00070424,0.000685182,0.000664849,0.000645696,0.000629331,0.000616532,0.000607483,0.000602102,0.000600322,0.00060224,0.000608088,0.000618052,0.000632008,0.000649269,0.000668456,0.000687538,0.000704088,0.000715708,0.000720553,0.000717824,0.000708074,0.000693223,0.000676213,0.00066035,0.00064848,0.000642225,0.000641496,0.000644521,0.000648498,0.000650854,0.000650417,0.000646485,0.000638402,0.000625598,0.000607732,0.000584786,0.000557086,0.000525266,0.000490184,0.000452831,0.000414229,0.000375341,0.000337007,0.000299893,0.000264478,0.000231056,0.000199763,0.000170618,0.000143569,0.00011854,9.54743e-05,7.43654e-05,5.52718e-05,3.83185e-05,2.36834e-05,1.15706e-05,2.17593e-06,-4.35111e-06,-7.94383e-06,-8.64798e-06,-6.64079e-06,-2.23645e-06,5.51571e-06,1.65722e-05,2.87691e-05,4.01636e-05,4.9131e-05,5.41998e-05,5.42258e-05,4.8589e-05,3.72838e-05,2.08329e-05,0
0,2.52384e-05,4.72569e-05,6.3913e-05,7.42057e-05,7.75648e-05,7.41352e-05,6.48268e-05,5.11631e-05,3.50172e-05,1.83857e-05,3.50683e-06,-7.30509e-06,-1.39546e-05,-1.73208e-05,-1.7072e-05,-1.31142e-05,-5.57717e-06,5.22408e-06,1.88504e-05,3.48112e-05,5.26389e-05,7.19558e-05,9.25228e-05,0.000114264,0.000137264,0.000161742,0.000188002,0.000216368,0.000247119,0.00028042,0.000316276,0.000354492,0.000394672,0.00043623,0.000478436,0.00052048,0.000561554,0.00060094,0.000638085,0.000672659,0.000704526,0.000733594,0.000759419,0.000780482,0.000793394,0.000793847,0.000784009,0.000768362,0.000751265,0.000735925,0.000724131,0.000716436,0.000712605,0.000712151,0.000714778,0.000720593,0.000730033,0.000743575,0.000761307,0.000782544,0.000805597,0.000827805,0.000845871,0.000856456,0.000856937,0.000846147,0.000824875,0.000795944,0.000763744,0.000733282,0.000708933,0.000693227,0.000686008,0.000684315,0.000683331,0.000678884,0.000671284,0.000660854,0.000647246,0.000629854,0.000608202,0.00058214,0.000551892,0.000518013,0.000481309,0.000442726,0.000403253,0.000363826,0.000325257,0.000288189,0.000253076,0.000220189,0.000189642,0.000161429,0.000135477,0.000111687,8.99814e-05,7.033e-05,5.27674e-05,3.73921e-05,2.43525e-05,1.38191e-05,5.95039e-06,8.5473e-07,-1.44483e-06,-1.03859e-06,1.85324e-06,6.87795e-06,1.49896e-05,2.61096e-05,3.79924e-05,4.86728e-05,5.65739e-05,6.03267e-05,5.89247e-05,5.18893e-05,3.93236e-05,2.17906e-05,0
0,2.59257e-05,4.87315e-05,6.63774e-05,7.78677e-05,8.25678e-05,8.0507e-05,7.24567e-05,5.98087e-05,4.43361e-05,2.79824e-05,1.2993e-05,1.73688e-06,-5.68435e-06,-1.01751e-05,-1.13809e-05,-9.17296e-06,-3.63712e-06,4.96354e-06,1.62468e-05,2.9782e-05,4.51621e-05,6.20684e-05,8.03172e-05,9.98835e-05,0.000120898,0.00014362,0.000168387,0.000195556,0.000225434,0.000258216,0.000293939,0.000332445,0.00037338,0.000416216,0.000460292,0.000504889,0.00054932,0.000593034,0.000635718,0.000677387,0.000718416,0.000759419,0.000800748,0.000841023,0.000873725,0.000883616,0.000877661,0.000864322,0.000850165,0.000839319,0.000833587,0.000832954,0.00083639,0.0008427,0.000851202,0.000862013,0.000875914,0.000893866,0.000916349,0.000942765,0.000971067,0.000997765,0.00101836,0.00102817,0.0010234,0.00100228,0.000965861,0.00091821,0.000865845,0.000816339,0.000776445,0.000750183,0.000737369,0.000733002,0.000727976,0.000713006,0.000694713,0.000675404,0.000654786,0.000631886,0.000605883,0.000576376,0.000543413,0.000507424,0.000469119,0.000429371,0.000389107,0.000349209,0.000310448,0.00027343,0.00023858,0.000206146,0.000176223,0.000148795,0.000123778,0.00010107,8.05861e-05,6.22912e-05,4.62111e-05,3.24306e-05,2.10775e-05,1.22941e-05,6.20173e-06,2.86327e-06,2.24914e-06,4.21152e-06,8.47104e-06,1.46181e-05,2.35892e-05,3.5245e-05,4.72308e-05,5.75313e-05,6.45956e-05,6.71459e-05,6.43166e-05,5.57878e-05,4.17974e-05,2.29761e-05,0
0,2.67903e-05,5.05658e-05,6.93796e-05,8.222e-05,8.83581e-05,8.76787e-05,8.07927e-05,6.89508e-05,5.38302e-05,3.73372e-05,2.17462e-05,9.5061e-06,7.48917e-07,-5.43152e-06,-8.63419e-06,-8.67307e-06,-5.56967e-06,4.8072e-07,9.16355e-06,2.01123e-05,3.29785e-05,4.74938e-05,6.35162e-05,8.10528e-05,0.000100259,0.000121409,0.000144855,0.000170963,0.000200052,0.000232332,0.000267863,0.00030652,0.000347997,0.000391828,0.000437437,0.000484213,0.000531616,0.000579293,0.00062722,0.000675856,0.000726309,0.000780482,0.000841023,0.000910056,0.000981345,0.000997402,0.000990603,0.000976552,0.00096433,0.00095875,0.000961155,0.000970359,0.000983924,0.000999483,0.00101574,0.00103285,0.00105217,0.00107546,0.00110386,0.001137,0.00117244,0.00120559,0.00123031,0.00124,0.0012291,0.00119481,0.00113839,0.00106563,0.000986118,0.000911322,0.000851748,0.000813995,0.000798353,0.000797201,0.000793523,0.000757202,0.000722001,0.00069083,0.000661668,0.000632376,0.000601481,0.000568209,0.000532369,0.000494224,0.00045435,0.000413513,0.000372546,0.000332257,0.00029335,0.000256382,0.000221742,0.000189653,0.000160198,0.00013336,0.000109059,8.72049e-05,6.77266e-05,5.06015e-05,3.58643e-05,2.36014e-05,1.39322e-05,6.9781e-06,2.82652e-06,1.49299e-06,2.88863e-06,6.79707e-06,1.28651e-05,2.0609e-05,3.09271e-05,4.35959e-05,5.61236e-05,6.64165e-05,7.29237e-05,7.44429e-05,7.02457e-05,6.01823e-05,4.4647e-05,2.43646e-05,0
0,2.7815e-05,5.2718e-05,7.28417e-05,8.71366e-05,9.47532e-05,9.54072e-05,8.95333e-05,7.8238e-05,6.31117e-05,4.6042e-05,2.93567e-05,1.56086e-05,4.98429e-06,-3.40097e-06,-9.07686e-06,-1.17788e-05,-1.14459e-05,-8.1922e-06,-2.25676e-06,6.05952e-06,1.64612e-05,2.87192e-05,4.2716e-05,5.84705e-05,7.61378e-05,9.5986e-05,0.000118354,0.000143597,0.000172025,0.000203852,0.00023915,0.000277825,0.000319621,0.00036414,0.000410899,0.000459408,0.000509282,0.000560367,0.000612917,0.000667804,0.000726846,0.000793394,0.000873725,0.000981345,0.00115304,0.00114689,0.00112773,0.00110781,0.0010961,0.00109712,0.00111093,0.00113418,0.00116211,0.00119046,0.00121703,0.00124209,0.00126794,0.00129762,0.00133336,0.00137522,0.00142031,0.00146266,0.00149388,0.00150462,0.00148671,0.00143561,0.00135256,0.00124559,0.00112878,0.00101943,0.000933976,0.000883454,0.000870075,0.000885306,0.000908321,0.000811429,0.000751575,0.000706635,0.000668107,0.000631863,0.000595666,0.000558356,0.000519497,0.000479158,0.000437758,0.000395918,0.00035435,0.000313756,0.000274756,0.00023784,0.00020335,0.000171485,0.000142319,0.000115839,9.19898e-05,7.07059e-05,5.19508e-05,3.57345e-05,2.21196e-05,1.12114e-05,3.13474e-06,-1.99945e-06,-4.13241e-06,-3.29534e-06,3.59225e-07,6.53747e-06,1.47995e-05,2.45713e-05,3.66948e-05,5.08399e-05,6.4352e-05,7.50299e-05,8.12954e-05,8.20008e-05,7.65468e-05,6.49582e-05,4.78032e-05,2.59247e-05,0
0,2.89765e-05,5.51343e-05,7.66701e-05,9.24755e-05,0.000101557,0.000103443,9.83817e-05,8.73387e-05,7.18304e-05,5.37466e-05,3.54926e-05,1.97485e-05,6.77789e-06,-4.2604e-06,-1.28054e-05,-1.84948e-05,-2.11695e-05,-2.08514e-05,-1.76995e-05,-1.19505e-05,-3.85434e-06,6.38487e-06,1.86558e-05,3.2966e-05,4.94464e-05,6.83319e-05,8.99255e-05,0.000114548,0.000142486,0.00017394,0.000208987,0.000247563,0.000289459,0.000334355,0.000381866,0.000431629,0.000483407,0.000537223,0.000593533,0.000653448,0.000719044,0.000793847,0.000883616,0.000997402,0.00114689,0.00113709,0.00111808,0.00110289,0.00110035,0.00111383,0.00114147,0.00117797,0.00121701,0.00125366,0.00128585,0.00131469,0.00134347,0.00137602,0.00141487,0.00145992,0.00150769,0.00155142,0.00158184,0.00158866,0.00156282,0.00149928,0.00139952,0.00127287,0.00113576,0.00100858,0.000910855,0.000855981,0.000847491,0.000878293,0.000934686,0.00084439,0.000776047,0.000721273,0.000674123,0.000630827,0.000589063,0.000547496,0.000505497,0.000462944,0.00042007,0.000377327,0.000335273,0.000294475,0.000255444,0.000218588,0.000184192,0.000152425,0.000123354,9.69846e-05,7.32906e-05,5.22543e-05,3.3891e-05,1.82641e-05,5.48429e-06,-4.30581e-06,-1.09601e-05,-1.43661e-05,-1.44862e-05,-1.13955e-05,-5.31227e-06,3.38556e-06,1.41606e-05,2.63346e-05,4.0676e-05,5.67287e-05,7.16523e-05,8.31098e-05,8.94678e-05,8.96099e-05,8.30522e-05,6.99939e-05,5.11892e-05,2.762e-05,0
0,3.0246e-05,5.7752e-05,8.07607e-05,9.80852e-05,0.00010857,0.000111541,0.00010706,9.59571e-05,7.96909e-05,6.01757e-05,3.9917e-05,2.17438e-05,6.01669e-06,-8.04145e-06,-1.97598e-05,-2.86615e-05,-3.44766e-05,-3.7127e-05,-3.66892e-05,-3.33398e-05,-2.72936e-05,-1.87449e-05,-7.81922e-06,5.45675e-06,2.11642e-05,3.94803e-05,6.06478e-05,8.49335e-05,0.000112581,0.000143767,0.00017857,0.000216947,0.000258745,0.000303724,0.000351606,0.000402157,0.00045528,0.000511145,0.000570336,0.000634035,0.00070424,0.000784009,0.000877661,0.000990603,0.00112773,0.00111808,0.00110768,0.00110784,0.00112494,0.00115959,0.00120761,0.00126219,0.00131658,0.00136628,0.00141013,0.00145004,0.00148952,0.00153173,0.00157781,0.00162602,0.00167168,0.00170769,0.00172539,0.00171583,0.00167155,0.001589,0.00147086,0.00132734,0.00117556,0.00103657,0.000930445,0.000871179,0.000862799,0.000898513,0.000963358,0.000874701,0.000799787,0.000736167,0.00068049,0.000629894,0.000582273,0.000536236,0.000490992,0.00044622,0.000401944,0.000358413,0.000316001,0.000275114,0.00023613,0.000199355,0.000165008,0.000133221,0.000104057,7.75421e-05,5.36974e-05,3.25657e-05,1.42335e-05,-1.16238e-06,-1.34428e-05,-2.24088e-05,-2.78762e-05,-2.97178e-05,-2.79076e-05,-2.256e-05,-1.39588e-05,-2.57058e-06,1.09615e-05,2.58431e-05,4.27546e-05,6.10976e-05,7.78258e-05,9.04414e-05,9.72279e-05,9.70753e-05,8.95983e-05,7.51651e-05,5.47231e-05,2.94104e-05,0
0,3.15913e-05,6.05022e-05,8.50031e-05,0.000103812,0.000115596,0.000119474,0.000115322,0.000103846,8.64659e-05,6.51413e-05,4.24992e-05,2.15353e-05,2.7249e-06,-1.46272e-05,-2.9724e-05,-4.19606e-05,-5.09459e-05,-5.64973e-05,-5.86093e-05,-5.74044e-05,-5.30739e-05,-4.5819e-05,-3.57998e-05,-2.31002e-05,-7.71292e-06,1.04573e-05,3.15714e-05,5.58228e-05,8.33983e-05,0.000114441,0.000149022,0.000187126,0.000228657,0.000273462,0.000321379,0.000372307,0.00042629,0.000483626,0.000544993,0.000611572,0.000685182,0.000768362,0.000864322,0.000976552,0.00110781,0.00110289,0.00110784,0.00113106,0.00117539,0.0012382,0.00131304,0.00139217,0.00146911,0.00154038,0.0016059,0.00166794,0.0017291,0.00179023,0.00184924,0.00190126,0.00193976,0.00195793,0.00194949,0.00190923,0.00183384,0.00172328,0.00158247,0.00142231,0.00125921,0.00111255,0.00100058,0.00093586,0.000921831,0.000951887,0.00101132,0.000913092,0.000827485,0.000753284,0.00068814,0.000629645,0.000575783,0.00052506,0.000476491,0.000429522,0.000383938,0.000339754,0.00029713,0.000256284,0.000217439,0.000180785,0.000146459,0.00011455,8.5119e-05,5.82188e-05,3.39248e-05,1.23556e-05,-6.3139e-06,-2.18545e-05,-3.39989e-05,-4.2473e-05,-4.70376e-05,-4.75369e-05,-4.39458e-05,-3.64117e-05,-2.52817e-05,-1.1113e-05,5.33938e-06,2.31559e-05,4.2917e-05,6.38695e-05,8.2745e-05,9.68633e-05,0.000104399,0.000104224,9.60314e-05,8.03499e-05,5.83216e-05,3.12538e-05,0
0,3.29773e-05,6.33126e-05,8.92852e-05,0.000109504,0.000122452,0.000127039,0.000122961,0.000110816,9.20038e-05,6.85492e-05,4.32184e-05,1.91882e-05,-2.93777e-06,-2.37578e-05,-4.23355e-05,-5.79278e-05,-7.00165e-05,-7.8312e-05,-8.27298e-05,-8.33463e-05,-8.0342e-05,-7.39415e-05,-6.43592e-05,-5.17585e-05,-3.62276e-05,-1.77749e-05,3.65931e-06,2.81793e-05,5.59031e-05,8.69327e-05,0.000121331,0.000159111,0.000200241,0.000244664,0.000292344,0.000343322,0.000397791,0.000456186,0.000519276,0.000588262,0.000664849,0.000751265,0.000850165,0.00096433,0.0010961,0.00110035,0.00112494,0.00117539,0.00125147,0.00134804,0.00145719,0.00157092,0.00168333,0.00179186,0.00189697,0.00200019,0.00210149,0.00219704,0.00227888,0.00233679,0.00236167,0.00234815,0.00229502,0.00220406,0.00207902,0.00192552,0.00175179,0.00156941,0.00139299,0.00123847,0.00112015,0.00104734,0.0010218,0.00103705,0.00107998,0.000962369,0.000860882,0.000773455,0.000697467,0.000630339,0.000569857,0.000514283,0.000462364,0.000413268,0.000366502,0.000321822,0.000279146,0.000238485,0.000199888,0.00016341,0.000129098,9.69934e-05,6.71491e-05,3.96497e-05,1.46331e-05,-7.69457e-06,-2.70555e-05,-4.31111e-05,-5.54882e-05,-6.38199e-05,-6.77957e-05,-6.72168e-05,-6.20483e-05,-5.24625e-05,-3.88661e-05,-2.19065e-05,-2.45381e-06,1.84407e-05,4.12492e-05,6.50542e-05,8.63548e-05,0.000102271,0.000110845,0.000110908,0.000102213,8.54324e-05,6.19024e-05,3.31076e-05,0
0,3.43683e-05,6.61105e-05,9.34983e-05,0.000115022,0.000128975,0.000134064,0.000129818,0.000116741,9.62324e-05,7.03995e-05,4.21617e-05,1.48857e-05,-1.06861e-05,-3.50439e-05,-5.71032e-05,-7.5976e-05,-9.1014e-05,-0.000101822,-0.000108241,-0.000110311,-0.000108214,-0.000102215,-9.25992e-05,-7.96295e-05,-6.35092e-05,-4.43681e-05,-2.2263e-05,2.80873e-06,3.08879e-05,6.20316e-05,9.62951e-05,0.000133723,0.000174354,0.000218241,0.000265483,0.000316277,0.00037098,0.00043018,0.000494773,0.000566039,0.000645696,0.000735925,0.000839319,0.00095875,0.00109712,0.00111383,0.00115959,0.0012382,0.00134804,0.00148332,0.0016363,0.00179965,0.0019684,0.00214061,0.00231632,0.00249462,0.00266997,0.00282958,0.00295425,0.00302374,0.00302464,0.00295567,0.00282621,0.00265089,0.00244498,0.00222236,0.00199559,0.00177665,0.00157737,0.00140875,0.00127946,0.00119403,0.00115147,0.00114513,0.001164,0.00102017,0.000898812,0.000796006,0.000708078,0.000631802,0.000564499,0.00050405,0.000448857,0.000397768,0.000349987,0.000304989,0.000262435,0.00022211,0.000183878,0.000147647,0.000113364,8.10159e-05,5.06469e-05,2.23737e-05,-3.59812e-06,-2.69664e-05,-4.73384e-05,-6.42523e-05,-7.72142e-05,-8.57487e-05,-8.94594e-05,-8.8091e-05,-8.15875e-05,-7.01378e-05,-5.42027e-05,-3.45172e-05,-1.20671e-05,1.19617e-05,3.79269e-05,6.47428e-05,8.867e-05,0.000106616,0.000116475,0.000117013,0.000108022,9.03065e-05,6.53873e-05,3.49302e-05,0
0,3.57288e-05,6.88259e-05,9.75402e-05,0.000120237,0.000135024,0.000140414,0.000135782,0.000121558,9.91561e-05,7.07811e-05,3.95138e-05,8.91575e-06,-2.0127e-05,-4.7989e-05,-7.34326e-05,-9.54232e-05,-0.000113183,-0.000126214,-0.000134292,-0.000137427,-0.000135818,-0.00012978,-0.00011969,-0.000105924,-8.88141e-05,-6.86259e-05,-4.5544e-05,-1.96754e-05,8.93919e-06,4.03108e-05,7.44894e-05,0.000111557,0.000151632,0.000194882,0.000241556,0.00029202,0.000346807,0.000406683,0.000472708,0.000546305,0.000629331,0.000724131,0.000833587,0.000961155,0.00111093,0.00114147,0.00120761,0.00131304,0.00145719,0.0016363,0.0018451,0.00207874,0.00233433,0.0026111,0.00290839,0.00322111,0.00353381,0.00381646,0.00402669,0.00412207,0.00407963,0.00390888,0.00364295,0.00332175,0.00298006,0.00264341,0.00232898,0.00204794,0.00180752,0.00161198,0.00146276,0.00135829,0.00129393,0.00126229,0.00125435,0.0010812,0.000938205,0.000819158,0.000718975,0.000633531,0.000559531,0.000494394,0.000436137,0.000383267,0.000334677,0.000289552,0.000247293,0.000207454,0.000169702,0.000133795,9.95719e-05,6.69611e-05,3.59935e-05,6.81761e-06,-2.02905e-05,-4.49277e-05,-6.65786e-05,-8.46482e-05,-9.85099e-05,-0.000107568,-0.000111327,-0.000109464,-0.000101891,-8.88052e-05,-7.07142e-05,-4.84364e-05,-2.30709e-05,4.06174e-06,3.32028e-05,6.30978e-05,8.97687e-05,0.000109905,0.000121237,0.000122452,0.00011336,9.48788e-05,6.87044e-05,3.66822e-05,0
0,3.70252e-05,7.13936e-05,0.000101319,0.00012504,0.000140487,0.00014599,0.000140791,0.000125263,0.000100849,6.98599e-05,3.55422e-05,1.65098e-06,-3.07832e-05,-6.2016e-05,-9.06571e-05,-0.000115527,-0.000135723,-0.000150651,-0.000160026,-0.000163844,-0.000162326,-0.000155856,-0.000144907,-0.000129981,-0.000111552,-9.00275e-05,-6.57261e-05,-3.88677e-05,-9.57526e-06,2.2118e-05,5.62606e-05,9.2978e-05,0.000132474,0.000175042,0.000221084,0.000271144,0.000325945,0.000386444,0.000453888,0.000529894,0.000616532,0.000716436,0.000832954,0.000970359,0.00113418,0.00117797,0.00126219,0.00139217,0.00157092,0.00179965,0.00207874,0.00240904,0.00279293,0.00323398,0.00373342,0.0042824,0.00485057,0.00537588,0.0057656,0.00592224,0.00579605,0.00542629,0.00490395,0.00432164,0.00374769,0.00322274,0.00276622,0.00238427,0.00207541,0.00183399,0.00165211,0.00152078,0.00143082,0.00137346,0.00134102,0.00113928,0.000975353,0.000840754,0.000728965,0.000634937,0.000554743,0.000485337,0.00042436,0.00036999,0.000320821,0.000275761,0.000233955,0.000194731,0.000157562,0.00012205,8.7926e-05,5.5054e-05,2.34495e-05,-6.70962e-06,-3.50776e-05,-6.11487e-05,-8.42815e-05,-0.000103742,-0.000118764,-0.000128623,-0.000132716,-0.000130642,-0.000122273,-0.000107805,-8.77842e-05,-6.31072e-05,-3.4981e-05,-4.85771e-06,2.73889e-05,6.03395e-05,8.97831e-05,0.00011219,0.000125122,0.000127171,0.000118149,9.90706e-05,7.17901e-05,3.83278e-05,0
0,3.82269e-05,7.37557e-05,0.000104756,0.000129342,0.000145279,0.000150733,0.000144832,0.000127907,0.000101444,6.78635e-05,3.05766e-05,-6.47534e-06,-4.21213e-05,-7.64998e-05,-0.000108072,-0.00013552,-0.000157824,-0.000174302,-0.000184621,-0.000188765,-0.000186993,-0.000179759,-0.000167647,-0.000151287,-0.000131298,-0.000108234,-8.25465e-05,-5.45673e-05,-2.44986e-05,7.58628e-06,4.17396e-05,7.81348e-05,0.000117067,0.000158956,0.000204363,0.00025401,0.000308811,0.000369915,0.000438768,0.000517188,0.000607483,0.000712605,0.00083639,0.000983924,0.00116211,0.00121701,0.00131658,0.00146911,0.00168333,0.0019684,0.00233433,0.00279293,0.00335871,0.00404822,0.00487464,0.00583414,0.00688185,0.00790165,0.00869022,0.00900091,0.0086939,0.00790332,0.00687322,0.00580927,0.00483426,0.00400163,0.00332226,0.00278565,0.00237257,0.00206148,0.00183167,0.00166497,0.00154671,0.001466,0.00141559,0.0011892,0.00100714,0.000859026,0.000737137,0.000635641,0.000550077,0.000477007,0.000413749,0.000358197,0.000308679,0.00026385,0.00022262,0.000184102,0.000147586,0.000112522,7.85305e-05,4.54118e-05,1.31622e-05,-1.80148e-05,-4.7707e-05,-7.53085e-05,-0.000100053,-0.000121067,-0.000137443,-0.000148323,-0.000152992,-0.000150965,-0.000142064,-0.000126479,-0.000104787,-7.79524e-05,-4.72846e-05,-1.436e-05,2.08369e-05,5.67302e-05,8.8887e-05,0.000113565,0.000128155,0.000131146,0.000122337,0.000102819,7.45902e-05,3.98356e-05,0
0,3.93069e-05,7.58623e-05,0.000107785,0.000133074,0.000149342,0.000154615,0.000147926,0.000129582,0.000101116,6.50621e-05,2.49858e-05,-1.49967e-05,-5.35828e-05,-9.07997e-05,-0.00012497,-0.000154648,-0.000178706,-0.000196386,-0.000207315,-0.000211478,-0.000209171,-0.00020093,-0.000187445,-0.000169479,-0.000147792,-0.000123079,-9.59222e-05,-6.67574e-05,-3.586e-05,-3.33714e-06,3.0872e-05,6.69927e-05,0.000105412,0.000146677,0.000191503,0.000240785,0.000295617,0.000357335,0.000427565,0.000508316,0.000602102,0.000712151,0.0008427,0.000999483,0.00119046,0.00125366,0.00136628,0.00154038,0.00179186,0.00214061,0.0026111,0.00323398,0.00404822,0.00510206,0.00644747,0.00811952,0.0100875,0.0121678,0.0139209,0.0146636,0.0138952,0.012117,0.0100146,0.00803193,0.00635851,0.00502995,0.00401279,0.003252,0.00269212,0.00228488,0.00199109,0.00178078,0.0016326,0.0015327,0.00147321,0.00122806,0.00103196,0.000873201,0.000743232,0.000635691,0.000545759,0.000469717,0.000404646,0.000348217,0.00029854,0.000254055,0.000213466,0.000175692,0.000139851,0.000105252,7.14097e-05,3.80607e-05,5.17933e-06,-2.70098e-05,-5.80342e-05,-8.71939e-05,-0.000113603,-0.000136255,-0.000154102,-0.000166156,-0.000171587,-0.000169824,-0.000160638,-0.0001442,-0.000121113,-9.24018e-05,-5.94657e-05,-2.39966e-05,1.39176e-05,5.25567e-05,8.72826e-05,0.000114152,0.000130389,0.000134377,0.000125889,0.000106075,7.70611e-05,4.11791e-05,0
0,4.02429e-05,7.76733e-05,0.000110356,0.000136185,0.000152643,0.000157639,0.000150128,0.000130409,0.000100069,6.17474e-05,1.91531e-05,-2.34412e-05,-6.46145e-05,-0.000104293,-0.000140674,-0.000172198,-0.000197645,-0.000216193,-0.000227436,-0.000231368,-0.000228329,-0.000218931,-0.00020397,-0.000184335,-0.000160919,-0.000134547,-0.000105921,-7.55707e-05,-4.38358e-05,-1.08497e-05,2.34618e-05,5.93771e-05,9.7373e-05,0.000138119,0.000182474,0.000231493,0.000286437,0.000348804,0.000420381,0.000503328,0.000600322,0.000714778,0.000851202,0.00101574,0.00121703,0.00128585,0.00141013,0.0016059,0.00189697,0.00231632,0.00290839,0.00373342,0.00487464,0.00644747,0.00860476,0.0115212,0.0153156,0.0198335,0.0242038,0.0263834,0.0241484,0.0197307,0.0151811,0.0113768,0.00847644,0.00636056,0.00484938,0.00378081,0.00302844,0.00249927,0.00212708,0.00186642,0.00168775,0.00157335,0.00151366,0.00125602,0.0010502,0.000883782,0.00074781,0.000635666,0.000542348,0.000463986,0.000397515,0.000340448,0.000290728,0.000246624,0.000206663,0.000169598,0.000134393,0.000100231,6.65266e-05,3.29552e-05,-5.32351e-07,-3.36956e-05,-6.60098e-05,-9.66905e-05,-0.000124743,-0.000149036,-0.000168393,-0.0001817,-0.000188018,-0.000186689,-0.000177431,-0.000160395,-0.000136198,-0.000105917,-7.1029e-05,-3.33298e-05,7.0007e-06,4.81132e-05,8.51855e-05,0.000114091,0.000131899,0.000136886,0.000128791,0.000108809,7.91693e-05,4.23371e-05,0
0,4.10173e-05,7.9158e-05,0.000112434,0.000138647,0.000155173,0.000159827,0.000151512,0.000130528,9.85156e-05,5.82123e-05,1.34515e-05,-3.13592e-05,-7.46978e-05,-0.000116403,-0.000154567,-0.000187533,-0.000214005,-0.000233109,-0.000244419,-0.000247938,-0.000244053,-0.000233448,-0.000217015,-0.000195756,-0.000170683,-0.000142737,-0.000112721,-8.12458e-05,-4.87035e-05,-1.52459e-05,1.92183e-05,5.502e-05,9.27201e-05,0.000133099,0.000177147,0.000226061,0.000281248,0.000344346,0.000417274,0.000502309,0.00060224,0.000720593,0.000862013,0.00103285,0.00124209,0.00131469,0.00145004,0.00166794,0.00200019,0.00249462,0.00322111,0.0042824,0.00583414,0.00811952,0.0115212,0.0166173,0.0241657,0.0347311,0.0471934,0.0552661,0.0471107,0.0345811,0.0239771,0.0164263,0.0113647,0.00802824,0.00582593,0.00436002,0.00337368,0.00270268,0.00224253,0.00192786,0.00171931,0.00159446,0.00154114,0.0012761,0.00106407,0.000892442,0.000752165,0.000636587,0.000540669,0.000460489,0.000392903,0.000335326,0.000285581,0.0002418,0.000202368,0.000165897,0.000131223,9.74139e-05,6.38e-05,2.99975e-05,-4.06662e-06,-3.81419e-05,-7.16608e-05,-0.000103767,-0.000133373,-0.000159235,-0.000180062,-0.000194627,-0.00020189,-0.000201115,-0.000191962,-0.000174562,-0.00014954,-0.000118012,-8.15218e-05,-4.19526e-05,4.35636e-07,4.36838e-05,8.28111e-05,0.00011353,0.00013277,0.000138708,0.000131043,0.000111,8.08912e-05,4.32936e-05,0
0,4.1617e-05,8.02949e-05,0.000113995,0.000140445,0.000156937,0.000161219,0.000152164,0.00013008,9.66614e-05,5.47299e-05,8.22184e-06,-3.83472e-05,-8.33747e-05,-0.00012663,-0.000166119,-0.000200113,-0.000227254,-0.000246632,-0.000257809,-0.000260804,-0.000256043,-0.000244275,-0.000226475,-0.000203738,-0.000177175,-0.000147824,-0.000116566,-8.40796e-05,-5.07928e-05,-1.68686e-05,1.78041e-05,5.36045e-05,9.11689e-05,0.000131375,0.000175326,0.000224341,0.000279952,0.000343917,0.000418262,0.000505364,0.000608088,0.000730033,0.000875914,0.00105217,0.00126794,0.00134347,0.00148952,0.0017291,0.00210149,0.00266997,0.00353381,0.00485057,0.00688185,0.0100875,0.0153156,0.0241657,0.03957,0.0661119,0.106776,0.144431,0.106671,0.0659232,0.0393385,0.0239402,0.0151426,0.0100003,0.00689456,0.00495678,0.00371197,0.00289227,0.00234332,0.00197596,0.0017398,0.00160718,0.00156288,0.00129323,0.00107698,0.000901554,0.000757991,0.000639692,0.000541646,0.000459925,0.000391348,0.000333262,0.000283399,0.000239788,0.0002007,0.000164635,0.000130319,9.67288e-05,6.31194e-05,2.90563e-05,-5.55693e-06,-4.04656e-05,-7.50701e-05,-0.000108458,-0.000139464,-0.000166754,-0.000188941,-0.0002047,-0.000212904,-0.000212747,-0.000203839,-0.000186285,-0.000160715,-0.000128271,-9.05507e-05,-4.95073e-05,-5.46508e-06,3.95277e-05,8.03607e-05,0.000112613,0.000133093,0.000139888,0.000132659,0.000112642,8.22121e-05,4.40376e-05,0
0,4.2034e-05,8.10715e-05,0.000115028,0.000141577,0.000157952,0.000161863,0.000152168,0.000129196,9.46897e-05,5.15369e-05,3.75243e-06,-4.40693e-05,-9.02689e-05,-0.000134566,-0.000174907,-0.00020951,-0.00023698,-0.000256382,-0.000267276,-0.000269696,-0.000264103,-0.000251298,-0.000232321,-0.000208338,-0.000180535,-0.000150016,-0.000117725,-8.43812e-05,-5.04392e-05,-1.60639e-05,1.88758e-05,5.48019e-05,9.24135e-05,0.000132668,0.000176763,0.000226117,0.000282366,0.000347374,0.000423266,0.000512508,0.000618052,0.000743575,0.000893866,0.00107546,0.00129762,0.00137602,0.00153173,0.00179023,0.00219704,0.00282958,0.00381646,0.00537588,0.00790165,0.0121678,0.0198335,0.0347311,0.0661119,0.135642,0.282447,0.494505,0.282324,0.135425,0.0658506,0.0344838,0.0196535,0.0120899,0.00793553,0.00550698,0.00401442,0.00306033,0.0024342,0.00202216,0.00176294,0.00162386,0.00158676,0.00131265,0.00109241,0.00091347,0.000766886,0.000646085,0.000546058,0.000462858,0.00039326,0.000334551,0.00028439,0.000240719,0.000201723,0.000165812,0.00013163,9.80787e-05,6.43549e-05,2.99824e-05,-5.1572e-06,-4.08095e-05,-7.63543e-05,-0.000110839,-0.000143042,-0.000171562,-0.000194936,-0.000211763,-0.000220849,-0.000221326,-0.000212763,-0.000195241,-0.000169387,-0.00013636,-9.77956e-05,-5.5698e-05,-1.04396e-05,3.58657e-05,7.80101e-05,0.000111469,0.000132953,0.000140477,0.000133657,0.000113734,8.31249e-05,4.45624e-05,0
0,4.22641e-05,8.14828e-05,0.000115533,0.000142051,0.000158243,0.000161805,0.000151601,0.000127988,9.27481e-05,4.88183e-05,2.63961e-07,-4.82733e-05,-9.51026e-05,-0.000139917,-0.000180627,-0.000215425,-0.000242898,-0.000262103,-0.000272603,-0.000274449,-0.000268129,-0.000254479,-0.000234582,-0.00020965,-0.000180914,-0.00014952,-0.000116445,-8.24313e-05,-4.7944e-05,-1.31439e-05,2.21193e-05,5.83015e-05,9.61493e-05,0.00013668,0.000181161,0.000231092,0.000288193,0.000354422,0.000432003,0.000523509,0.000632008,0.000761307,0.000916349,0.00110386,0.00133336,0.00141487,0.00157781,0.00184924,0.00227888,0.00295425,0.00402669,0.0057656,0.00869022,0.0139209,0.0242038,0.0471934,0.106776,0.282447,0.824648,2.19011,0.824516,0.282214,0.106499,0.0469362,0.0240238,0.0138534,0.00874163,0.00591597,0.00424002,0.00319271,0.00251529,0.00207397,0.00179907,0.0016541,0.00161869,0.00133817,0.00111281,0.000929727,0.000779819,0.000656378,0.000554297,0.000469538,0.0003988,0.000339295,0.000288607,0.000244608,0.000205415,0.000169372,0.000135065,0.000101345,6.73656e-05,3.26211e-05,-3.02516e-06,-3.93232e-05,-7.56436e-05,-0.000111011,-0.00014417,-0.000173675,-0.000198014,-0.000215736,-0.000225596,-0.000226683,-0.000218532,-0.000201203,-0.000175315,-0.000142036,-0.000103019,-6.03023e-05,-1.42874e-05,3.28704e-05,7.58997e-05,0.000110204,0.000132426,0.000140518,0.000134061,0.000114286,8.3629e-05,4.48654e-05,0
0,4.23075e-05,8.15307e-05,0.000115515,0.000141883,0.000157838,0.000161089,0.000150526,0.000126538,9.09399e-05,4.66976e-05,-2.10183e-06,-5.08022e-05,-9.77073e-05,-0.000142506,-0.000183104,-0.000217691,-0.000244856,-0.000263664,-0.00027369,-0.000274998,-0.000268095,-0.000253834,-0.000233318,-0.000207775,-0.000178452,-0.000146508,-0.000112925,-7.84505e-05,-4.35442e-05,-8.3578e-06,2.72748e-05,6.3832e-05,0.00010209,0.000143103,0.000188183,0.000238884,0.000296998,0.000364561,0.000443903,0.000537728,0.000649269,0.000782544,0.000942765,0.001137,0.00137522,0.00145992,0.00162602,0.00190126,0.00233679,0.00302374,0.00412207,0.00592224,0.00900091,0.0146636,0.0263834,0.0552661,0.144431,0.494505,2.19011,11.8176,2.18997,0.494269,0.144151,0.0550091,0.0262075,0.0146039,0.00906281,0.00608415,0.00434649,0.00327185,0.00258102,0.00213201,0.00185155,0.00170146,0.00166041,0.0013707,0.00113854,0.000950404,0.000796703,0.000670406,0.000566166,0.000479773,0.000407792,0.000347334,0.000295907,0.000251322,0.000211646,0.000175184,0.000140489,0.000106386,7.20048e-05,3.68227e-05,6.90926e-07,-3.61477e-05,-7.30646e-05,-0.00010908,-0.000142926,-0.000173141,-0.000198189,-0.000216597,-0.000227089,-0.000228731,-0.000221035,-0.000204041,-0.000178357,-0.000145148,-0.000106072,-6.3177e-05,-1.68765e-05,3.06584e-05,7.41276e-05,0.000108898,0.000131568,0.000140052,0.000133894,0.000114308,8.37283e-05,4.49472e-05,0
0,4.21674e-05,8.1223e-05,0.000114989,0.000141093,0.000156764,0.00015975,0.000148984,0.000124893,8.93173e-05,4.523e-05,-3.28843e-06,-5.16e-05,-9.80299e-05,-0.000142286,-0.000182297,-0.000216275,-0.000242833,-0.00026106,-0.000270546,-0.00027137,-0.000264044,-0.000249424,-0.000228604,-0.000202804,-0.000173255,-0.000141096,-0.000107295,-7.25788e-05,-3.73921e-05,-1.87326e-06,3.41543e-05,7.11776e-05,0.000109981,0.00015163,0.000197453,0.000249031,0.0003082,0.000377067,0.000458065,0.000554047,0.000668456,0.000805597,0.000971067,0.00117244,0.00142031,0.00150769,0.00167168,0.00193976,0.00236167,0.00302464,0.00407963,0.00579605,0.0086939,0.0138952,0.0241484,0.0471107,0.106671,0.282324,0.824516,2.18997,0.824387,0.282098,0.106402,0.0468633,0.0239791,0.0138386,0.00875685,0.00595958,0.00430913,0.00328314,0.00262156,0.00218925,0.00191519,0.00176184,0.00170839,0.0014075,0.00116748,0.000973802,0.000816184,0.000687087,0.000580805,0.000492873,0.000419682,0.000358225,0.000305932,0.000260568,0.000220174,0.000183044,0.000147725,0.000113042,7.81253e-05,4.24498e-05,5.86193e-06,-3.14034e-05,-6.87281e-05,-0.000105144,-0.000139394,-0.000170027,-0.000195512,-0.000214376,-0.000225343,-0.000227467,-0.00022025,-0.000203719,-0.000178468,-0.000145644,-0.000106896,-6.4262e-05,-1.81475e-05,2.92862e-05,7.27453e-05,0.000107594,0.000130418,0.000139106,0.000133178,0.000113814,8.3431e-05,4.48113e-05,0
0,4.18504e-05,8.05725e-05,0.000113973,0.000139704,0.000155046,0.000157812,0.000146996,0.000123066,8.78802e-05,4.44011e-05,-3.32607e-06,-5.07135e-05,-9.6133e-05,-0.000139335,-0.000178297,-0.00021128,-0.000236941,-0.000254404,-0.000263286,-0.000263676,-0.000256083,-0.000241345,-0.000220528,-0.000194813,-0.000165386,-0.000133342,-9.9606e-05,-6.48682e-05,-2.95477e-05,6.23218e-06,4.26513e-05,8.01891e-05,0.000119615,0.000161975,0.000208582,0.000261012,0.000321113,0.000391036,0.000473303,0.000570914,0.000687538,0.000827805,0.000997765,0.00120559,0.00146266,0.00155142,0.00170769,0.00195793,0.00234815,0.00295567,0.00390888,0.00542629,0.00790332,0.012117,0.0197307,0.0345811,0.0659232,0.135425,0.282214,0.494269,0.282098,0.13522,0.0656776,0.0343524,0.0195702,0.0120585,0.00795693,0.00557948,0.00413397,0.00322039,0.00262552,0.00223246,0.00197693,0.00182387,0.0017541,0.00144239,0.00119507,0.000996554,0.000835738,0.000704505,0.00059674,0.000507697,0.00043358,0.000371268,0.000318131,0.000271913,0.000230658,0.00019268,0.000156556,0.000121139,8.55847e-05,4.93826e-05,1.23837e-05,-2.51844e-05,-6.2722e-05,-9.92878e-05,-0.000133658,-0.000164416,-0.000190063,-0.000209154,-0.000220431,-0.000222961,-0.000216244,-0.000200297,-0.000175696,-0.000143566,-0.000105524,-6.35811e-05,-1.81146e-05,2.87486e-05,7.17559e-05,0.000106303,0.000128989,0.0001377,0.000131928,0.00011282,8.27483e-05,4.44638e-05,0
0,4.13662e-05,7.95971e-05,0.000112491,0.000137742,0.000152708,0.00015529,0.000144559,0.000121032,8.65779e-05,4.41294e-05,-2.32841e-06,-4.82878e-05,-9.21912e-05,-0.000133853,-0.000171323,-0.000202936,-0.000227414,-0.000243929,-0.000252129,-0.000252114,-0.000244381,-0.000229734,-0.00020919,-0.000183865,-0.000154875,-0.000123245,-8.98361e-05,-5.52871e-05,-1.99825e-05,1.59693e-05,5.27422e-05,9.07906e-05,0.000130843,0.000173894,0.000221205,0.000274303,0.000335011,0.000405483,0.000488287,0.000586535,0.000704088,0.000845871,0.00101836,0.00123031,0.00149388,0.00158184,0.00172539,0.00194949,0.00229502,0.00282621,0.00364295,0.00490395,0.00687322,0.0100146,0.0151811,0.0239771,0.0393385,0.0658506,0.106499,0.144151,0.106402,0.0656776,0.0391283,0.023776,0.0150326,0.00995044,0.00690782,0.00503366,0.00385013,0.00308592,0.00258232,0.00224507,0.00201861,0.00187113,0.00178559,0.00146682,0.00121518,0.00101418,0.000852052,0.00072018,0.00061209,0.000522798,0.000448361,0.000385585,0.000331817,0.000284819,0.000242679,0.000203773,0.000166741,0.000130499,9.42509e-05,5.75224e-05,2.0179e-05,-1.75571e-05,-5.51108e-05,-9.15816e-05,-0.000125798,-0.0001564,-0.000181949,-0.000201051,-0.000212489,-0.000215356,-0.000209163,-0.000193923,-0.000170188,-0.000139048,-0.000102079,-6.12393e-05,-1.68637e-05,2.89805e-05,7.11155e-05,0.000105,0.000127276,0.000135838,0.000130161,0.000111342,8.16943e-05,4.39128e-05,0
0,4.0727e-05,7.83191e-05,0.000110571,0.000135237,0.000149773,0.00015219,0.000141655,0.000118739,8.53149e-05,4.42734e-05,-4.84792e-07,-4.45585e-05,-8.64821e-05,-0.000126152,-0.000161715,-0.0001916,-0.000214609,-0.000229979,-0.000237395,-0.000236968,-0.000229174,-0.000214773,-0.000194711,-0.000170022,-0.000141729,-0.000110765,-7.79098e-05,-4.37385e-05,-8.59482e-06,2.74255e-05,6.44804e-05,0.000102981,0.000143587,0.000187211,0.000235019,0.000288447,0.000349237,0.000419489,0.000501754,0.000599174,0.000715708,0.000856456,0.00102817,0.00124,0.00150462,0.00158866,0.00171583,0.00190923,0.00220406,0.00265089,0.00332175,0.00432164,0.00580927,0.00803193,0.0113768,0.0164263,0.0239402,0.0344838,0.0469362,0.0550091,0.0468633,0.0343524,0.023776,0.0162617,0.0112452,0.00796112,0.00581758,0.0044152,0.00349469,0.0028878,0.00248411,0.00221087,0.00202098,0.00188573,0.00179008,0.00147169,0.00122125,0.00102194,0.000861643,0.000731506,0.000624872,0.000536643,0.000462829,0.000400233,0.000346246,0.000298705,0.000255792,0.000215986,0.000178035,0.000140948,0.000104008,6.67929e-05,2.91956e-05,-8.56422e-06,-4.59407e-05,-8.20854e-05,-0.000115896,-0.000146091,-0.000171312,-0.000190237,-0.000201712,-0.000204869,-0.00019924,-0.000184833,-0.000162176,-0.000132316,-9.67661e-05,-5.74192e-05,-1.4548e-05,2.98614e-05,7.07374e-05,0.000103632,0.000125251,0.000133517,0.000127886,0.000109398,8.02865e-05,4.31692e-05,0
0,3.99479e-05,7.67657e-05,0.000108248,0.000132223,0.000146265,0.000148516,0.000138253,0.000116109,8.39602e-05,4.46417e-05,1.95168e-06,-3.98387e-05,-7.93733e-05,-0.000116645,-0.00014992,-0.000177736,-0.000198996,-0.00021301,-0.000219508,-0.000218611,-0.000210774,-0.000196701,-0.000177255,-0.00015337,-0.00012596,-9.58502e-05,-6.37252e-05,-3.00872e-05,4.76405e-06,4.07426e-05,7.79798e-05,0.000116825,0.000157847,0.000201837,0.00024983,0.00030312,0.000363311,0.000432375,0.000512756,0.000607516,0.000720553,0.000856937,0.0010234,0.0012291,0.00148671,0.00156282,0.00167155,0.00183384,0.00207902,0.00244498,0.00298006,0.00374769,0.00483426,0.00635851,0.00847644,0.0113647,0.0151426,0.0196535,0.0240238,0.0262075,0.0239791,0.0195702,0.0150326,0.0112452,0.00836806,0.00628354,0.00481316,0.00379537,0.00310254,0.00263776,0.00232785,0.0021179,0.00196814,0.00185235,0.00175685,0.00144941,0.00120787,0.00101587,0.000861573,0.000736256,0.00063336,0.000547874,0.000475895,0.000414338,0.000360719,0.000313016,0.000269565,0.000228998,0.000190208,0.000152332,0.000114759,7.71382e-05,3.94002e-05,1.76641e-06,-3.52497e-05,-7.0861e-05,-0.000104048,-0.000133625,-0.000158331,-0.000176936,-0.000188361,-0.000191792,-0.000186787,-0.000173351,-0.000151983,-0.000123676,-8.98703e-05,-5.23729e-05,-1.13809e-05,3.12218e-05,7.04977e-05,0.000102118,0.000122875,0.000130727,0.000125115,0.000107009,7.85462e-05,4.22463e-05,0
0,3.90466e-05,7.4969e-05,0.000105564,0.000128743,0.000142215,0.000144273,0.000134317,0.000113053,8.23593e-05,4.5008e-05,4.67983e-06,-3.4502e-05,-7.13049e-05,-0.000105831,-0.000136477,-0.000161912,-0.000181146,-0.000193577,-0.000198986,-0.00019751,-0.000189577,-0.000175831,-0.000157045,-0.000134042,-0.000107614,-7.84706e-05,-4.719e-05,-1.41965e-05,2.02554e-05,5.60857e-05,9.33899e-05,0.00013244,0.000173688,0.000217781,0.000265578,0.000318188,0.000377015,0.000443832,0.000520876,0.000610989,0.000717824,0.000846147,0.00100228,0.00119481,0.00143561,0.00149928,0.001589,0.00172328,0.00192552,0.00222236,0.00264341,0.00322274,0.00400163,0.00502995,0.00636056,0.00802824,0.0100003,0.0120899,0.0138534,0.0146039,0.0138386,0.0120585,0.00995044,0.00796112,0.00628354,0.0049575,0.00395374,0.00322046,0.00270317,0.00235083,0.0021173,0.00196205,0.00185173,0.00176215,0.00168004,0.00139582,0.00117201,0.000993733,0.000850113,0.00073305,0.000636423,0.000555541,0.00048676,0.000427224,0.000374671,0.000327292,0.000283636,0.000242534,0.000203065,0.000164524,0.000126429,8.85176e-05,5.07688e-05,1.3409e-05,-2.30824e-05,-5.79863e-05,-9.03766e-05,-0.000119176,-0.000143236,-0.00016143,-0.000172766,-0.000176492,-0.000172195,-0.00015988,-0.00014001,-0.000113512,-8.17449e-05,-4.64133e-05,-7.62586e-06,3.28529e-05,7.02447e-05,0.000100362,0.000120098,0.000127458,0.000121862,0.000104202,7.64992e-05,4.11602e-05,0
0,3.80436e-05,7.29666e-05,0.000102566,0.000124845,0.000137661,0.000139471,0.000129815,0.00010948,8.0348e-05,4.51266e-05,7.36919e-06,-2.89625e-05,-6.27685e-05,-9.42665e-05,-0.000121998,-0.000144769,-0.000161715,-0.000172326,-0.000176443,-0.000174222,-0.000166068,-0.000152562,-0.000134387,-0.000112245,-8.68069e-05,-5.86552e-05,-2.82619e-05,4.03032e-06,3.80117e-05,7.36044e-05,0.00011086,0.00014996,0.000191226,0.000235131,0.000282335,0.000333719,0.000390439,0.000453999,0.000526339,0.000609956,0.000708074,0.000824875,0.000965861,0.00113839,0.00135256,0.00139952,0.00147086,0.00158247,0.00175179,0.00199559,0.00232898,0.00276622,0.00332226,0.00401279,0.00484938,0.00582593,0.00689456,0.00793553,0.00874163,0.00906281,0.00875685,0.00795693,0.00690782,0.00581758,0.00481316,0.00395374,0.00325673,0.00271775,0.00232135,0.00204562,0.00186442,0.00174958,0.00167405,0.0016157,0.00156069,0.00131164,0.00111409,0.000955679,0.000827202,0.000721679,0.000633752,0.000559275,0.000495028,0.0004385,0.000387738,0.000341214,0.000297739,0.000256388,0.000216456,0.000177426,0.000138958,0.000100896,6.3273e-05,2.6324e-05,-9.50678e-06,-4.35725e-05,-7.50474e-05,-0.000102971,-0.000126315,-0.000144067,-0.000155328,-0.00015941,-0.000155935,-0.000144899,-0.000126726,-0.000102274,-7.2801e-05,-3.99015e-05,-3.5849e-06,3.45182e-05,6.98085e-05,9.82576e-05,0.00011687,0.000123702,0.000118147,0.000101009,7.41771e-05,3.99304e-05,0
0,3.69618e-05,7.0801e-05,9.93118e-05,0.000120592,0.000132656,0.000134138,0.00012473,0.000105308,7.77683e-05,4.47517e-05,9.68115e-06,-2.36512e-05,-5.42823e-05,-8.25479e-05,-0.00010714,-0.000127012,-0.000141427,-0.000149978,-0.000152575,-0.000149395,-0.000140826,-0.000127392,-0.000109682,-8.82862e-05,-6.37474e-05,-3.65264e-05,-6.98689e-06,2.46086e-05,5.80935e-05,9.33886e-05,0.000130497,0.000169502,0.000210582,0.000254027,0.000300274,0.000349953,0.00040394,0.000463426,0.000529993,0.000605705,0.000693223,0.000795944,0.00091821,0.00106563,0.00124559,0.00127287,0.00132734,0.00142231,0.00156941,0.00177665,0.00204794,0.00238427,0.00278565,0.003252,0.00378081,0.00436002,0.00495678,0.00550698,0.00591597,0.00608415,0.00595958,0.00557948,0.00503366,0.0044152,0.00379537,0.00322046,0.00271775,0.00230183,0.00197812,0.00174404,0.00158945,0.00149791,0.0014494,0.00142431,0.00140753,0.00120294,0.00103822,0.000904427,0.000794588,0.000703207,0.000625937,0.00055935,0.000500764,0.000448104,0.000399789,0.000354625,0.000311723,0.000270431,0.000230283,0.000190964,0.000152296,0.000114232,7.68644e-05,4.04404e-05,5.36821e-06,-2.77801e-05,-5.82824e-05,-8.52991e-05,-0.000107927,-0.000125268,-0.00013652,-0.000141062,-0.000138542,-0.00012895,-0.000112664,-9.04594e-05,-6.34916e-05,-3.32315e-05,4.16583e-07,3.59665e-05,6.90133e-05,9.56987e-05,0.000113146,0.000119458,0.000113999,9.74702e-05,7.16175e-05,3.85797e-05,0
0,3.58263e-05,6.85198e-05,9.58656e-05,0.000116055,0.000127266,0.000128317,0.000119063,0.000100479,7.44835e-05,4.36564e-05,1.12915e-05,-1.89907e-05,-4.63637e-05,-7.12787e-05,-9.25799e-05,-0.000109369,-0.000121045,-0.000127308,-0.00012814,-0.000123751,-0.000114517,-0.000100912,-8.34402e-05,-6.2584e-05,-3.87661e-05,-1.23293e-05,1.64658e-05,4.74335e-05,8.04471e-05,0.000115424,0.000152316,0.000191108,0.000231832,0.00027459,0.000319595,0.000367217,0.000418043,0.000472941,0.000533119,0.000600189,0.000676213,0.000763744,0.000865845,0.000986118,0.00112878,0.00113576,0.00117556,0.00125921,0.00139299,0.00157737,0.00180752,0.00207541,0.00237257,0.00269212,0.00302844,0.00337368,0.00371197,0.00401442,0.00424002,0.00434649,0.00430913,0.00413397,0.00385013,0.00349469,0.00310254,0.00270317,0.00232135,0.00197812,0.0016904,0.00146941,0.00131881,0.00123395,0.00120284,0.00120914,0.0012362,0.00108044,0.000951718,0.000844919,0.000755569,0.0006798,0.000614364,0.000556612,0.000504449,0.000456277,0.000410915,0.000367527,0.000325544,0.0002846,0.000244481,0.000205081,0.000166384,0.000128458,9.1457e-05,5.56389e-05,2.13763e-05,-1.08335e-05,-4.03721e-05,-6.65201e-05,-8.84978e-05,-0.000105523,-0.000116883,-0.000122022,-0.000120611,-0.000112627,-9.83933e-05,-7.86015e-05,-5.42937e-05,-2.68126e-05,4.04626e-06,3.69475e-05,6.76898e-05,9.2591e-05,0.000108892,0.000114741,0.000109461,9.36382e-05,6.88652e-05,3.7134e-05,0
0,3.46641e-05,6.61749e-05,9.23003e-05,0.000111322,0.000121579,0.000122079,0.000112846,9.49689e-05,7.03938e-05,4.16517e-05,1.1913e-05,-1.53697e-05,-3.95007e-05,-6.10399e-05,-7.89797e-05,-9.25697e-05,-0.000101344,-0.000105115,-0.000103941,-9.8072e-05,-8.78835e-05,-7.38085e-05,-5.62786e-05,-3.56797e-05,-1.23254e-05,1.35495e-05,4.17797e-05,7.225e-05,0.00010487,0.000139553,0.0001762,0.000214701,0.000254948,0.000296863,0.000340443,0.000385812,0.000433286,0.000483432,0.000537124,0.000595577,0.00066035,0.000733282,0.000816339,0.000911322,0.00101943,0.00100858,0.00103657,0.00111255,0.00123847,0.00140875,0.00161198,0.00183399,0.00206148,0.00228488,0.00249927,0.00270268,0.00289227,0.00306033,0.00319271,0.00327185,0.00328314,0.00322039,0.00308592,0.0028878,0.00263776,0.00235083,0.00204562,0.00174404,0.00146941,0.00124318,0.00108108,0.000989894,0.000966256,0.000997832,0.00106674,0.000957763,0.000863797,0.000783407,0.000714386,0.000654318,0.000600936,0.000552299,0.000506862,0.00046348,0.000421365,0.000380033,0.000339231,0.000298878,0.000259003,0.000219709,0.000181137,0.000143466,0.00010691,7.17361e-05,3.82809e-05,6.96902e-06,-2.16815e-05,-4.70673e-05,-6.85263e-05,-8.53839e-05,-9.70145e-05,-0.000102914,-0.000102775,-9.65504e-05,-8.45065e-05,-6.72432e-05,-4.56868e-05,-2.1049e-05,6.9833e-06,3.7227e-05,6.56885e-05,8.8861e-05,0.000104099,0.000109584,0.000104588,8.95744e-05,6.59715e-05,3.56229e-05,0
0,3.35032e-05,6.38213e-05,8.86955e-05,0.000106489,0.000115697,0.000115517,0.000106148,8.87948e-05,6.54491e-05,3.86037e-05,1.13172e-05,-1.3117e-05,-3.41235e-05,-5.23593e-05,-6.69565e-05,-7.73069e-05,-8.30766e-05,-8.41903e-05,-8.07893e-05,-7.31705e-05,-6.17185e-05,-4.68399e-05,-2.89082e-05,-8.22824e-06,1.498e-05,4.05762e-05,6.84792e-05,9.86359e-05,0.000130988,0.000165443,0.000201858,0.000240036,0.000279739,0.000320729,0.000362808,0.000405884,0.000450039,0.000495595,0.000543169,0.000593711,0.00064848,0.000708933,0.000776445,0.000851748,0.000933976,0.000910855,0.000930445,0.00100058,0.00112015,0.00127946,0.00146276,0.00165211,0.00183167,0.00199109,0.00212708,0.00224253,0.00234332,0.0024342,0.00251529,0.00258102,0.00262156,0.00262552,0.00258232,0.00248411,0.00232785,0.0021173,0.00186442,0.00158945,0.00131881,0.00108108,0.000901539,0.000796981,0.00077212,0.000819048,0.000919687,0.00084856,0.000783648,0.000726161,0.000675358,0.000629741,0.000587692,0.000547781,0.000508896,0.00047027,0.000431463,0.000392307,0.000352843,0.000313249,0.000273787,0.000234748,0.000196423,0.000159089,0.000123015,8.84736e-05,5.57677e-05,2.5252e-05,-2.64981e-06,-2.74416e-05,-4.85695e-05,-6.54558e-05,-7.75496e-05,-8.43916e-05,-8.56826e-05,-8.13484e-05,-7.15904e-05,-5.69143e-05,-3.81297e-05,-1.63181e-05,8.93764e-06,3.66038e-05,6.28924e-05,8.44656e-05,9.87801e-05,0.00010404,9.94545e-05,8.53516e-05,6.29942e-05,3.40785e-05,0
0,3.23716e-05,6.1516e-05,8.51357e-05,0.000101665,0.000109745,0.000108757,9.9072e-05,8.20247e-05,5.96598e-05,3.44484e-05,9.35296e-06,-1.24792e-05,-3.05778e-05,-4.56814e-05,-5.70488e-05,-6.42037e-05,-6.69383e-05,-6.52872e-05,-5.9477e-05,-4.98592e-05,-3.68397e-05,-2.08133e-05,-2.11314e-06,1.90184e-05,4.24365e-05,6.80786e-05,9.59334e-05,0.000126,0.000158248,0.000192579,0.000228811,0.000266671,0.000305815,0.000345862,0.000386453,0.000427319,0.000468357,0.000509712,0.00055185,0.000595611,0.000642225,0.000693227,0.000750183,0.000813995,0.000883454,0.000855981,0.000871179,0.00093586,0.00104734,0.00119403,0.00135829,0.00152078,0.00166497,0.00178078,0.00186642,0.00192786,0.00197596,0.00202216,0.00207397,0.00213201,0.00218925,0.00223246,0.00224507,0.00221087,0.0021179,0.00196205,0.00174958,0.00149791,0.00123395,0.000989894,0.000796981,0.000678863,0.000646457,0.000696089,0.000811418,0.000763245,0.000718241,0.000678061,0.000641978,0.000608572,0.000576404,0.000544285,0.000511369,0.000477165,0.000441508,0.000404492,0.000366409,0.000327667,0.000288725,0.000250044,0.000212041,0.000175083,0.000139482,0.000105512,7.34432e-05,4.35654e-05,1.62173e-05,-8.20058e-06,-2.9229e-05,-4.63725e-05,-5.91416e-05,-6.71088e-05,-6.99737e-05,-6.76262e-05,-6.01996e-05,-4.81042e-05,-3.20349e-05,-1.29483e-05,9.66912e-06,3.49249e-05,5.92289e-05,7.94001e-05,9.29825e-05,9.81876e-05,9.41484e-05,8.10525e-05,5.99963e-05,3.25349e-05,0
0,3.12968e-05,5.93154e-05,8.17079e-05,9.69648e-05,0.00010386,0.000101946,9.17639e-05,7.47791e-05,5.31033e-05,2.92024e-05,5.96104e-06,-1.36017e-05,-2.91023e-05,-4.1341e-05,-4.9687e-05,-5.37815e-05,-5.35328e-05,-4.90805e-05,-4.07369e-05,-2.89148e-05,-1.40529e-05,3.44995e-06,2.32816e-05,4.52412e-05,6.92383e-05,9.5269e-05,0.000123376,0.000153599,0.000185929,0.000220263,0.000256386,0.000293965,0.000332565,0.000371696,0.00041087,0.00044968,0.000487889,0.000525532,0.000563007,0.000601184,0.000641496,0.000686008,0.000737369,0.000798353,0.000870075,0.000847491,0.000862799,0.000921831,0.0010218,0.00115147,0.00129393,0.00143082,0.00154671,0.0016326,0.00168775,0.00171931,0.0017398,0.00176294,0.00179907,0.00185155,0.00191519,0.00197693,0.00201861,0.00202098,0.00196814,0.00185173,0.00167405,0.0014494,0.00120284,0.000966256,0.00077212,0.000646457,0.000603057,0.00064127,0.000749262,0.000705542,0.00067035,0.000641471,0.000616222,0.000592383,0.00056826,0.000542661,0.000514853,0.000484516,0.000451677,0.000416636,0.000379881,0.000342005,0.000303633,0.000265361,0.000227713,0.000191124,0.000155939,0.000122433,9.08405e-05,6.13953e-05,3.4362e-05,1.00604e-05,-1.11284e-05,-2.87744e-05,-4.24329e-05,-5.16946e-05,-5.6247e-05,-5.59372e-05,-5.08277e-05,-4.1235e-05,-2.77447e-05,-1.11972e-05,9.00528e-06,3.20995e-05,5.46797e-05,7.37047e-05,8.6787e-05,9.21283e-05,8.87744e-05,7.67685e-05,5.70444e-05,3.10273e-05,0
0,3.03043e-05,5.72739e-05,7.84985e-05,9.2509e-05,9.81926e-05,9.52564e-05,8.44044e-05,6.72315e-05,4.59269e-05,2.29684e-05,1.18351e-06,-1.65159e-05,-2.98114e-05,-3.9543e-05,-4.51695e-05,-4.64322e-05,-4.3342e-05,-3.61355e-05,-2.52091e-05,-1.10414e-05,5.88561e-06,2.51523e-05,4.64481e-05,6.95917e-05,9.45246e-05,0.000121281,0.000149939,0.000180568,0.000213171,0.000247643,0.000283742,0.000321087,0.000359178,0.000397438,0.000435284,0.000472209,0.000507885,0.000542271,0.000575747,0.00060926,0.000644521,0.000684315,0.000733002,0.000797201,0.000885306,0.000878293,0.000898513,0.000951887,0.00103705,0.00114513,0.00126229,0.00137346,0.001466,0.0015327,0.00157335,0.00159446,0.00160718,0.00162386,0.0016541,0.00170146,0.00176184,0.00182387,0.00187113,0.00188573,0.00185235,0.00176215,0.0016157,0.00142431,0.00120914,0.000997832,0.000819048,0.000696089,0.00064127,0.000653269,0.000723774,0.000669163,0.000637556,0.000615891,0.000598347,0.000581643,0.000563711,0.000543254,0.000519566,0.000492417,0.000461962,0.000428641,0.000393088,0.000356034,0.000318229,0.000280373,0.000243069,0.000206802,0.000171938,0.000138746,0.000107433,7.81805e-05,5.1195e-05,2.67315e-05,5.11233e-06,-1.32792e-05,-2.80257e-05,-3.87215e-05,-4.50312e-05,-4.67535e-05,-4.38796e-05,-3.66364e-05,-2.55089e-05,-1.12334e-05,6.85654e-06,2.81103e-05,4.92886e-05,6.74687e-05,8.03102e-05,8.59878e-05,8.34505e-05,7.25968e-05,5.42068e-05,2.95909e-05,0
0,2.9417e-05,5.54413e-05,7.55901e-05,8.84168e-05,9.2899e-05,8.88787e-05,7.72063e-05,5.96038e-05,3.83444e-05,1.59346e-05,-4.83362e-06,-2.11331e-05,-3.26862e-05,-4.03483e-05,-4.36451e-05,-4.23971e-05,-3.67011e-05,-2.68796e-05,-1.34089e-05,3.16459e-06,2.23058e-05,4.35597e-05,6.65977e-05,9.12357e-05,0.000117424,0.000145213,0.000174699,0.000205966,0.000239023,0.000273759,0.000309913,0.00034707,0.00038468,0.000422109,0.000458706,0.000493893,0.000527273,0.000558751,0.00058867,0.000617982,0.000648498,0.000683331,0.000727976,0.000793523,0.000908321,0.000934686,0.000963358,0.00101132,0.00107998,0.001164,0.00125435,0.00134102,0.00141559,0.00147321,0.00151366,0.00154114,0.00156288,0.00158676,0.00161869,0.00166041,0.00170839,0.0017541,0.00178559,0.00179008,0.00175685,0.00168004,0.00156069,0.00140753,0.0012362,0.00106674,0.000919687,0.000811418,0.000749262,0.000723774,0.000672894,0.000636782,0.000614001,0.000599004,0.00058734,0.000575877,0.000562502,0.000545888,0.000525339,0.000500679,0.000472134,0.000440239,0.000405721,0.000369407,0.000332131,0.000294662,0.000257656,0.000221631,0.000186962,0.000153909,0.000122652,9.33355e-05,6.61199e-05,4.12155e-05,1.89055e-05,-4.53216e-07,-1.64526e-05,-2.86762e-05,-3.67564e-05,-4.04397e-05,-3.96472e-05,-3.4524e-05,-2.5466e-05,-1.31211e-05,3.22733e-06,2.30208e-05,4.31648e-05,6.0831e-05,7.37033e-05,7.99127e-05,7.8305e-05,6.86378e-05,5.15512e-05,2.82593e-05,0
0,2.86536e-05,5.38608e-05,7.30576e-05,8.48017e-05,8.81363e-05,8.30118e-05,7.04056e-05,5.21579e-05,3.06294e-05,8.36938e-06,-1.18446e-05,-2.7246e-05,-3.75724e-05,-4.36695e-05,-4.51044e-05,-4.17541e-05,-3.37816e-05,-2.15812e-05,-5.70147e-06,1.32432e-05,3.4658e-05,5.80393e-05,8.30219e-05,0.000109398,0.000137103,0.000166183,0.000196732,0.000228835,0.000262498,0.000297602,0.000333871,0.000370866,0.000408009,0.000444624,0.000480018,0.000513565,0.000544814,0.000573607,0.000600209,0.000625443,0.000650854,0.000678884,0.000713006,0.000757202,0.000811429,0.00084439,0.000874701,0.000913092,0.000962369,0.00102017,0.0010812,0.00113928,0.0011892,0.00122806,0.00125602,0.0012761,0.00129323,0.00131265,0.00133817,0.0013707,0.0014075,0.00144239,0.00146682,0.00147169,0.00144941,0.00139582,0.00131164,0.00120294,0.00108044,0.000957763,0.00084856,0.000763245,0.000705542,0.000669163,0.000636782,0.000613371,0.000598453,0.000588994,0.000581743,0.000574013,0.000563838,0.00054994,0.000531654,0.000508834,0.000481753,0.000450993,0.000417337,0.000381665,0.000344859,0.000307727,0.000270953,0.000235067,0.000200448,0.000167344,0.000135914,0.000106276,7.85616e-05,5.29558e-05,2.97243e-05,9.21728e-06,-8.14898e-06,-2.1934e-05,-3.17304e-05,-3.72305e-05,-3.82905e-05,-3.49832e-05,-2.76308e-05,-1.6811e-05,-1.77793e-06,1.69786e-05,3.64842e-05,5.39788e-05,6.71484e-05,7.40665e-05,7.3472e-05,6.49913e-05,4.91421e-05,2.70638e-05,0
0,2.80282e-05,5.25667e-05,7.09648e-05,8.17667e-05,8.40538e-05,7.78555e-05,6.42509e-05,4.51841e-05,2.31023e-05,6.08358e-07,-1.95149e-05,-3.45379e-05,-4.4188e-05,-4.92744e-05,-4.93805e-05,-4.44143e-05,-3.45834e-05,-2.03368e-05,-2.28473e-06,1.88938e-05,4.25403e-05,6.80917e-05,9.51301e-05,0.000123403,0.000152812,0.000183375,0.000215167,0.000248256,0.000282637,0.000318179,0.000354595,0.000391432,0.000428092,0.000463881,0.00049808,0.000530032,0.000559244,0.000585493,0.000608933,0.000630189,0.000650417,0.000671284,0.000694713,0.000722001,0.000751575,0.000776047,0.000799787,0.000827485,0.000860882,0.000898812,0.000938205,0.000975353,0.00100714,0.00103196,0.0010502,0.00106407,0.00107698,0.00109241,0.00111281,0.00113854,0.00116748,0.00119507,0.00121518,0.00122125,0.00120787,0.00117201,0.00111409,0.00103822,0.000951718,0.000863797,0.000783648,0.000718241,0.00067035,0.000637556,0.000614001,0.000598453,0.000589249,0.000583907,0.000579793,0.000574599,0.000566551,0.000554464,0.000537721,0.000516202,0.000490204,0.000460329,0.000427382,0.00039226,0.000355862,0.000319008,0.000282389,0.000246533,0.000211815,0.000178471,0.000146646,0.000116447,8.79927e-05,6.14637e-05,3.71284e-05,1.53504e-05,-3.43023e-06,-1.87378e-05,-3.012e-05,-3.72162e-05,-3.9825e-05,-3.79606e-05,-3.18888e-05,-2.21374e-05,-7.9548e-06,1.02126e-05,2.94839e-05,4.71417e-05,6.08532e-05,6.86235e-05,6.9087e-05,6.17525e-05,4.70379e-05,2.60312e-05,0
0,2.75494e-05,5.15831e-05,6.93613e-05,7.93988e-05,8.07865e-05,7.36e-05,5.89907e-05,3.89865e-05,1.61144e-05,-6.96233e-06,-2.74388e-05,-4.25998e-05,-5.21375e-05,-5.67993e-05,-5.61585e-05,-5.01284e-05,-3.89369e-05,-2.30684e-05,-3.18097e-06,1.99886e-05,4.57176e-05,7.3376e-05,0.00010248,0.000132715,0.000163928,0.00019609,0.000229236,0.000263406,0.000298571,0.000334585,0.000371149,0.0004078,0.000443936,0.000478857,0.000511834,0.000542195,0.000569416,0.000593216,0.000613641,0.000631123,0.000646485,0.000660854,0.000675404,0.00069083,0.000706635,0.000721273,0.000736167,0.000753284,0.000773455,0.000796006,0.000819158,0.000840754,0.000859026,0.000873201,0.000883782,0.000892442,0.000901554,0.00091347,0.000929727,0.000950404,0.000973802,0.000996554,0.00101418,0.00102194,0.00101587,0.000993733,0.000955679,0.000904427,0.000844919,0.000783407,0.000726161,0.000678061,0.000641471,0.000615891,0.000599004,0.000588994,0.000583907,0.000581509,0.000579538,0.000575985,0.000569273,0.000558327,0.000542589,0.000521968,0.000496767,0.00046759,0.000435235,0.000400592,0.000364551,0.00032792,0.00029138,0.000255449,0.00022049,0.000186732,0.000154316,0.00012335,9.39603e-05,6.63422e-05,4.07868e-05,1.76884e-05,-2.47513e-06,-1.91846e-05,-3.19407e-05,-4.03348e-05,-4.41183e-05,-4.32628e-05,-3.79976e-05,-2.88228e-05,-1.50053e-05,3.02535e-06,2.24546e-05,4.05832e-05,5.5042e-05,6.37619e-05,6.52805e-05,5.90082e-05,4.52886e-05,2.51834e-05,0
0,2.722e-05,5.09219e-05,6.82794e-05,7.77635e-05,7.84468e-05,7.04155e-05,5.48596e-05,3.38656e-05,1.0028e-05,-1.39276e-05,-3.51614e-05,-5.09529e-05,-6.09349e-05,-6.57692e-05,-6.49938e-05,-5.85009e-05,-4.65136e-05,-2.95297e-05,-8.23799e-06,1.6577e-05,4.41318e-05,7.37257e-05,0.000104799,0.000136962,0.000169988,0.000203783,0.000238326,0.000273613,0.000309581,0.000346061,0.000382741,0.000419156,0.000454705,0.000488694,0.000520399,0.000549146,0.000574395,0.000595825,0.000613396,0.000627391,0.000638402,0.000647246,0.000654786,0.000661668,0.000668107,0.000674123,0.00068049,0.00068814,0.000697467,0.000708078,0.000718975,0.000728965,0.000737137,0.000743232,0.00074781,0.000752165,0.000757991,0.000766886,0.000779819,0.000796703,0.000816184,0.000835738,0.000852052,0.000861643,0.000861573,0.000850113,0.000827202,0.000794588,0.000755569,0.000714386,0.000675358,0.000641978,0.000616222,0.000598347,0.00058734,0.000581743,0.000579793,0.000579538,0.000579025,0.00057651,0.000570604,0.000560355,0.000545268,0.000525279,0.000500692,0.000472096,0.000440264,0.000406059,0.00037034,0.00033389,0.000297363,0.000261263,0.00022594,0.000191622,0.000158457,0.000126568,9.61084e-05,6.73061e-05,4.04936e-05,1.61109e-05,-5.31575e-06,-2.32191e-05,-3.70546e-05,-4.63733e-05,-5.0894e-05,-5.05637e-05,-4.55972e-05,-3.64895e-05,-2.25507e-05,-4.22055e-06,1.57268e-05,3.45883e-05,4.99458e-05,5.96557e-05,6.21723e-05,5.68321e-05,4.39333e-05,2.45358e-05,0
0,2.70363e-05,5.0582e-05,6.77318e-05,7.69011e-05,7.71173e-05,6.84412e-05,5.2064e-05,3.01008e-05,5.1957e-06,-1.98673e-05,-4.22052e-05,-5.90753e-05,-7.00302e-05,-7.56242e-05,-7.53367e-05,-6.90126e-05,-5.68447e-05,-3.93199e-05,-1.71387e-05,8.88126e-06,3.79028e-05,6.91554e-05,0.000101999,0.000135955,0.000170711,0.000206092,0.000242006,0.000278387,0.000315131,0.000352038,0.000388782,0.000424895,0.000459784,0.000492769,0.000523143,0.000550245,0.000573534,0.000592669,0.000607557,0.000618383,0.000625598,0.000629854,0.000631886,0.000632376,0.000631863,0.000630827,0.000629894,0.000629645,0.000630339,0.000631802,0.000633531,0.000634937,0.000635641,0.000635691,0.000635666,0.000636587,0.000639692,0.000646085,0.000656378,0.000670406,0.000687087,0.000704505,0.00072018,0.000731506,0.000736256,0.00073305,0.000721679,0.000703207,0.0006798,0.000654318,0.000629741,0.000608572,0.000592383,0.000581643,0.000575877,0.000574013,0.000574599,0.000575985,0.00057651,0.000574672,0.000569268,0.000559464,0.000544835,0.00052534,0.00050128,0.000473215,0.000441884,0.000408104,0.000372692,0.000336393,0.000299831,0.000263487,0.000227705,0.000192718,0.000158695,0.000125788,9.41958e-05,6.41966e-05,3.61796e-05,1.06421e-05,-1.18348e-05,-3.06352e-05,-4.5175e-05,-5.4977e-05,-5.97441e-05,-5.94198e-05,-5.42267e-05,-4.46777e-05,-3.01501e-05,-1.11202e-05,9.65463e-06,2.94496e-05,4.57902e-05,5.6465e-05,5.98649e-05,5.52813e-05,4.29978e-05,2.40965e-05,0
0,2.69885e-05,5.05492e-05,6.77099e-05,7.68229e-05,7.68451e-05,6.77758e-05,5.07685e-05,2.79326e-05,1.93842e-06,-2.43814e-05,-4.80974e-05,-6.64321e-05,-7.88405e-05,-8.57505e-05,-8.65619e-05,-8.10481e-05,-6.93456e-05,-5.19055e-05,-2.94177e-05,-2.7158e-06,2.73212e-05,5.98584e-05,9.41729e-05,0.000129694,0.000166011,0.000202854,0.000240046,0.000277451,0.000314906,0.000352177,0.000388918,0.000424658,0.000458816,0.000490732,0.000519726,0.00054516,0.000566511,0.000583436,0.000595819,0.000603793,0.000607732,0.000608202,0.000605883,0.000601481,0.000595666,0.000589063,0.000582273,0.000575783,0.000569857,0.000564499,0.000559531,0.000554743,0.000550077,0.000545759,0.000542348,0.000540669,0.000541646,0.000546058,0.000554297,0.000566166,0.000580805,0.00059674,0.00061209,0.000624872,0.00063336,0.000636423,0.000633752,0.000625937,0.000614364,0.000600936,0.000587692,0.000576404,0.00056826,0.000563711,0.000562502,0.000563838,0.000566551,0.000569273,0.000570604,0.000569268,0.000564229,0.000554772,0.000540534,0.000521497,0.00049795,0.000470422,0.000439604,0.000406261,0.000371158,0.000334995,0.000298362,0.000261723,0.000225419,0.0001897,0.000154764,0.000120816,8.81091e-05,5.69906e-05,2.79171e-05,1.45115e-06,-2.17694e-05,-4.1084e-05,-5.58793e-05,-6.56654e-05,-7.01488e-05,-6.92916e-05,-6.33476e-05,-5.28693e-05,-3.73239e-05,-1.72483e-05,4.59597e-06,2.54499e-05,4.2782e-05,5.43267e-05,5.84367e-05,5.4392e-05,4.24929e-05,2.38658e-05,0
0,2.70604e-05,5.07954e-05,6.8183e-05,7.75084e-05,7.76362e-05,6.84696e-05,5.10844e-05,2.75467e-05,5.25412e-07,-2.71137e-05,-5.2397e-05,-7.2505e-05,-8.67812e-05,-9.55121e-05,-9.80005e-05,-9.39263e-05,-8.33445e-05,-6.66454e-05,-4.44838e-05,-1.76888e-05,1.28345e-05,4.61965e-05,8.15961e-05,0.000118367,0.000155997,0.000194108,0.00023243,0.000270741,0.000308815,0.000346371,0.000383038,0.000418344,0.000451716,0.000482522,0.000510112,0.000533883,0.000553342,0.000568163,0.00057823,0.000583658,0.000584786,0.00058214,0.000576376,0.000568209,0.000558356,0.000547496,0.000536236,0.00052506,0.000514283,0.00050405,0.000494394,0.000485337,0.000477007,0.000469717,0.000463986,0.000460489,0.000459925,0.000462858,0.000469538,0.000479773,0.000492873,0.000507697,0.000522798,0.000536643,0.000547874,0.000555541,0.000559275,0.00055935,0.000556612,0.000552299,0.000547781,0.000544285,0.000542661,0.000543254,0.000545888,0.00054994,0.000554464,0.000558327,0.000560355,0.000559464,0.000554772,0.000545665,0.000531838,0.000513291,0.000490296,0.000463344,0.000433073,0.00040019,0.000365407,0.000329374,0.000292652,0.000255689,0.000218835,0.000182366,0.000146529,0.000111588,7.78717e-05,4.58048e-05,1.59199e-05,-1.11525e-05,-3.47206e-05,-5.40885e-05,-6.86276e-05,-7.78543e-05,-8.15007e-05,-7.95707e-05,-7.23716e-05,-6.05155e-05,-4.35801e-05,-2.21838e-05,8.91268e-07,2.28453e-05,4.10964e-05,5.33447e-05,5.79368e-05,5.41763e-05,4.24127e-05,2.38355e-05,0
0,2.72304e-05,5.12797e-05,6.90985e-05,7.89047e-05,7.94529e-05,7.05183e-05,5.30595e-05,2.90605e-05,1.15666e-06,-2.77735e-05,-5.47207e-05,-7.68206e-05,-9.32964e-05,-0.000104283,-0.000108973,-0.000106933,-9.81134e-05,-8.28194e-05,-6.16455e-05,-3.53928e-05,-4.97312e-06,2.86838e-05,6.47073e-05,0.00010234,0.000140962,0.000180089,0.000219343,0.000258409,0.000296987,0.000334743,0.000371276,0.000406102,0.000438664,0.000468353,0.000494555,0.00051671,0.00053436,0.000547212,0.000555168,0.000558349,0.000557086,0.000551892,0.000543413,0.000532369,0.000519497,0.000505497,0.000490992,0.000476491,0.000462364,0.000448857,0.000436137,0.00042436,0.000413749,0.000404646,0.000397515,0.000392903,0.000391348,0.00039326,0.0003988,0.000407792,0.000419682,0.00043358,0.000448361,0.000462829,0.000475895,0.00048676,0.000495028,0.000500764,0.000504449,0.000506862,0.000508896,0.000511369,0.000514853,0.000519566,0.000525339,0.000531654,0.000537721,0.000542589,0.000545268,0.000544835,0.000540534,0.000531838,0.00051849,0.000500498,0.000478114,0.000451788,0.000422101,0.000389702,0.000355246,0.000319342,0.000282522,0.000245231,0.000207835,0.000170651,0.000133985,9.81796e-05,6.36462e-05,3.08951e-05,5.38252e-07,-2.67285e-05,-5.01678e-05,-6.90616e-05,-8.2785e-05,-9.08822e-05,-9.31342e-05,-8.961e-05,-8.06911e-05,-6.70671e-05,-4.84424e-05,-2.55349e-05,-1.1579e-06,2.18478e-05,4.08635e-05,5.35818e-05,5.83789e-05,5.46198e-05,4.27337e-05,2.39888e-05,0
0,2.74713e-05,5.19489e-05,7.03823e-05,8.09265e-05,8.22124e-05,7.38597e-05,5.66724e-05,3.25132e-05,3.94916e-06,-2.61536e-05,-5.47637e-05,-7.89752e-05,-9.78871e-05,-0.000111477,-0.000118818,-0.00011935,-0.000112899,-9.96583e-05,-8.01389e-05,-5.50887e-05,-2.54034e-05,7.96561e-06,4.40922e-05,8.21354e-05,0.000121373,0.00016121,0.000201157,0.000240799,0.000279754,0.000317625,0.000353975,0.000388307,0.00042007,0.00044868,0.000473561,0.000494193,0.000510166,0.000521224,0.0005273,0.000528533,0.000525266,0.000518013,0.000507424,0.000494224,0.000479158,0.000462944,0.00044622,0.000429522,0.000413268,0.000397768,0.000383267,0.00036999,0.000358197,0.000348217,0.000340448,0.000335326,0.000333262,0.000334551,0.000339295,0.000347334,0.000358225,0.000371268,0.000385585,0.000400233,0.000414338,0.000427224,0.0004385,0.000448104,0.000456277,0.00046348,0.00047027,0.000477165,0.000484516,0.000492417,0.000500679,0.000508834,0.000516202,0.000521968,0.000525279,0.00052534,0.000521497,0.000513291,0.000500498,0.000483129,0.000461411,0.000435749,0.000406669,0.000374763,0.000340634,0.000304853,0.000267936,0.000230332,0.000192439,0.000154626,0.000117273,8.08083e-05,4.57352e-05,1.2653e-05,-1.77494e-05,-4.47188e-05,-6.74856e-05,-8.53284e-05,-9.76475e-05,-0.000104039,-0.000104356,-9.87554e-05,-8.77112e-05,-7.20039e-05,-5.14781e-05,-2.69634e-05,-1.30919e-06,2.26094e-05,4.21571e-05,5.50517e-05,5.97377e-05,5.56798e-05,4.34148e-05,2.43003e-05,0
0,2.77519e-05,5.27395e-05,7.19417e-05,8.3458e-05,8.57883e-05,7.83736e-05,6.183e-05,3.78607e-05,8.9281e-06,-2.21426e-05,-5.23165e-05,-7.8655e-05,-0.000100134,-0.000116574,-0.000126925,-0.000130488,-0.00012695,-0.000116373,-9.91563e-05,-7.59704e-05,-4.76699e-05,-1.52053e-05,2.04597e-05,5.84143e-05,9.78422e-05,0.000138039,0.000178406,0.000218422,0.000257616,0.000295523,0.000331661,0.000365512,0.000396527,0.000424144,0.000447822,0.000467082,0.00048156,0.000491041,0.000495494,0.000495089,0.000490184,0.000481309,0.000469119,0.00045435,0.000437758,0.00042007,0.000401944,0.000383938,0.000366502,0.000349987,0.000334677,0.000320821,0.000308679,0.00029854,0.000290728,0.000285581,0.000283399,0.00028439,0.000288607,0.000295907,0.000305932,0.000318131,0.000331817,0.000346246,0.000360719,0.000374671,0.000387738,0.000399789,0.000410915,0.000421365,0.000431463,0.000441508,0.000451677,0.000461962,0.000472134,0.000481753,0.000490204,0.000496767,0.000500692,0.00050128,0.00049795,0.000490296,0.000478114,0.000461411,0.000440386,0.000415397,0.000386918,0.000355489,0.000321668,0.000286001,0.000248995,0.000211117,0.000172809,0.000134507,9.66737e-05,5.98304e-05,2.45768e-05,-8.40186e-06,-3.83474e-05,-6.44627e-05,-8.59645e-05,-0.00010215,-0.000112469,-0.000116595,-0.000114476,-0.000106377,-9.28791e-05,-7.48639e-05,-5.23235e-05,-2.62063e-05,6.02892e-07,2.52087e-05,4.4986e-05,5.7714e-05,6.19465e-05,5.72846e-05,4.43972e-05,2.47368e-05,0
0,2.80376e-05,5.35796e-05,7.36672e-05,8.63566e-05,9.0014e-05,8.38849e-05,6.8369e-05,4.49744e-05,1.60232e-05,-1.5732e-05,-4.72758e-05,-7.56505e-05,-9.97159e-05,-0.00011914,-0.000132752,-0.000139712,-0.00013955,-0.000132182,-0.000117874,-9.71923e-05,-7.09245e-05,-3.99951e-05,-5.38288e-06,3.19492e-05,7.11037e-05,0.000111276,0.000151758,0.000191926,0.000231212,0.000269077,0.000304988,0.000338399,0.000368757,0.000395513,0.000418155,0.000436245,0.000449459,0.000457623,0.000460744,0.000459019,0.000452831,0.000442726,0.000429371,0.000413513,0.000395918,0.000377327,0.000358413,0.000339754,0.000321822,0.000304989,0.000289552,0.000275761,0.00026385,0.000254055,0.000246624,0.0002418,0.000239788,0.000240719,0.000244608,0.000251322,0.000260568,0.000271913,0.000284819,0.000298705,0.000313016,0.000327292,0.000341214,0.000354625,0.000367527,0.000380033,0.000392307,0.000404492,0.000416636,0.000428641,0.000440239,0.000450993,0.000460329,0.00046759,0.000472096,0.000473215,0.000470422,0.000463344,0.000451788,0.000435749,0.000415397,0.000391047,0.000363126,0.000332129,0.00029858,0.00026301,0.000225931,0.000187845,0.000149246,0.000110648,7.26066e-05,3.57388e-05,7.37811e-07,-3.16323e-05,-6.05576e-05,-8.52157e-05,-0.000104832,-0.000118749,-0.00012649,-0.000127831,-0.000122838,-0.000111898,-9.5713e-05,-7.52679e-05,-5.07055e-05,-2.30946e-05,4.65324e-06,2.96419e-05,4.92879e-05,6.14716e-05,6.48969e-05,5.93347e-05,4.56056e-05,2.52579e-05,0
0,2.82913e-05,5.43913e-05,7.54374e-05,8.94577e-05,9.46883e-05,9.01692e-05,7.60611e-05,5.36459e-05,2.50706e-05,-7.01746e-06,-3.96488e-05,-6.98654e-05,-9.64227e-05,-0.000118847,-0.000135854,-0.00014646,-0.000150038,-0.00014634,-0.00013548,-0.000117898,-9.42854e-05,-6.55157e-05,-3.2557e-05,3.59777e-06,4.19877e-05,8.17205e-05,0.000121988,0.000162061,0.000201279,0.000239023,0.000274702,0.000307733,0.000337552,0.000363615,0.000385433,0.000402597,0.000414819,0.000421963,0.000424066,0.000421354,0.000414229,0.000403253,0.000389107,0.000372546,0.00035435,0.000335273,0.000316001,0.00029713,0.000279146,0.000262435,0.000247293,0.000233955,0.00022262,0.000213466,0.000206663,0.000202368,0.0002007,0.000201723,0.000205415,0.000211646,0.000220174,0.000230658,0.000242679,0.000255792,0.000269565,0.000283636,0.000297739,0.000311723,0.000325544,0.000339231,0.000352843,0.000366409,0.000379881,0.000393088,0.000405721,0.000417337,0.000427382,0.000435235,0.000440264,0.000441884,0.000439604,0.000433073,0.000422101,0.000406669,0.000386918,0.000363126,0.00033568,0.00030504,0.000271712,0.000236221,0.000199103,0.000160902,0.000122181,8.3539e-05,4.56258e-05,9.1546e-06,-2.50961e-05,-5.62964e-05,-8.35956e-05,-0.000106169,-0.000123278,-0.000134334,-0.000138964,-0.000137067,-0.000128846,-0.000114823,-9.5825e-05,-7.29404e-05,-4.64592e-05,-1.75649e-05,1.08175e-05,3.5817e-05,5.49276e-05,6.61712e-05,6.84402e-05,6.17046e-05,4.69506e-05,2.58169e-05,0
0,2.84756e-05,5.50935e-05,7.71227e-05,9.25812e-05,9.95838e-05,9.69622e-05,8.46226e-05,6.3595e-05,3.58195e-05,3.80542e-06,-2.95528e-05,-6.13193e-05,-9.01618e-05,-0.000115479,-0.000135888,-0.000150268,-0.000157832,-0.000158161,-0.000151202,-0.000137245,-0.000116865,-9.08527e-05,-6.01403e-05,-2.57249e-05,1.13912e-05,5.0245e-05,8.9939e-05,0.000129649,0.00016862,0.000206153,0.000241591,0.000274311,0.000303724,0.000329285,0.000350515,0.000367028,0.000378563,0.000385008,0.000386428,0.000383066,0.000375341,0.000363826,0.000349209,0.000332257,0.000313756,0.000294475,0.000275114,0.000256284,0.000238485,0.00022211,0.000207454,0.000194731,0.000184102,0.000175692,0.000169598,0.000165897,0.000164635,0.000165812,0.000169372,0.000175184,0.000183044,0.00019268,0.000203773,0.000215986,0.000228998,0.000242534,0.000256388,0.000270431,0.0002846,0.000298878,0.000313249,0.000327667,0.000342005,0.000356034,0.000369407,0.000381665,0.00039226,0.000400592,0.000406059,0.000408104,0.000406261,0.00040019,0.000389702,0.000374763,0.000355489,0.000332129,0.00030504,0.000274664,0.000241497,0.000206078,0.000168977,0.000130795,9.21723e-05,5.37961e-05,1.64101e-05,-1.91836e-05,-5.21341e-05,-8.15647e-05,-0.000106611,-0.000126474,-0.000140476,-0.000148129,-0.000149185,-0.000143688,-0.00013199,-0.000114757,-9.29404e-05,-6.77246e-05,-3.95378e-05,-9.66734e-06,1.89688e-05,4.35549e-05,6.16999e-05,7.1607e-05,7.2392e-05,6.42474e-05,4.83315e-05,2.6363e-05,0
0,2.85532e-05,5.56055e-05,7.85913e-05,9.55386e-05,0.000104456,0.00010397,9.37262e-05,7.44823e-05,4.79437e-05,1.64505e-05,-1.72086e-05,-5.01452e-05,-8.09601e-05,-0.000108945,-0.000132632,-0.000150781,-0.000162448,-0.00016704,-0.000164329,-0.000154436,-0.000137796,-0.000115094,-8.71955e-05,-5.50741e-05,-1.97491e-05,1.77675e-05,5.65054e-05,9.55555e-05,0.000134075,0.000171283,0.000206456,0.000238923,0.000268062,0.000293316,0.000314207,0.000330357,0.00034152,0.000347602,0.00034868,0.000345006,0.000337007,0.000325257,0.000310448,0.00029335,0.000274756,0.000255444,0.00023613,0.000217439,0.000199888,0.000183878,0.000169702,0.000157562,0.000147586,0.000139851,0.000134393,0.000131223,0.000130319,0.00013163,0.000135065,0.000140489,0.000147725,0.000156556,0.000166741,0.000178035,0.000190208,0.000203065,0.000216456,0.000230283,0.000244481,0.000259003,0.000273787,0.000288725,0.000303633,0.000318229,0.000332131,0.000344859,0.000355862,0.000364551,0.00037034,0.000372692,0.000371158,0.000365407,0.000355246,0.000340634,0.000321668,0.00029858,0.000271712,0.000241497,0.000208441,0.00017311,0.000136121,9.81416e-05,5.98937e-05,2.2153e-05,-1.42489e-05,-4.84343e-05,-7.94983e-05,-0.000106541,-0.000128712,-0.000145265,-0.000155616,-0.000159399,-0.000156515,-0.000147168,-0.000131869,-0.000111427,-8.69115e-05,-5.95914e-05,-3.00182e-05,4.34503e-07,2.88807e-05,5.25936e-05,6.93353e-05,7.75276e-05,7.65388e-05,6.67994e-05,4.96397e-05,2.68427e-05,0
0,2.84893e-05,5.58497e-05,7.97137e-05,9.8141e-05,0.000109052,0.000110883,0.000103015,8.59239e-05,6.10564e-05,3.05543e-05,-2.92942e-06,-3.65819e-05,-6.89607e-05,-9.92725e-05,-0.000125991,-0.000147768,-0.000163518,-0.000172478,-0.000174238,-0.000168742,-0.000156265,-0.00013736,-0.000112799,-8.35043e-05,-5.04844e-05,-1.47754e-05,2.26e-05,6.06623e-05,9.84904e-05,0.000135227,0.000170082,0.000202327,0.000231305,0.000256432,0.00027722,0.000293289,0.000304393,0.000310442,0.000311513,0.000307857,0.000299893,0.000288189,0.00027343,0.000256382,0.00023784,0.000218588,0.000199355,0.000180785,0.00016341,0.000147647,0.000133795,0.00012205,0.000112522,0.000105252,0.000100231,9.74139e-05,9.67288e-05,9.80787e-05,0.000101345,0.000106386,0.000113042,0.000121139,0.000130499,0.000140948,0.000152332,0.000164524,0.000177426,0.000190964,0.000205081,0.000219709,0.000234748,0.000250044,0.000265361,0.000280373,0.000294662,0.000307727,0.000319008,0.00032792,0.00033389,0.000336393,0.000334995,0.000329374,0.000319342,0.000304853,0.000286001,0.00026301,0.000236221,0.000206078,0.00017311,0.000137923,0.000101192,6.36579e-05,2.6123e-05,-1.05531e-05,-4.54635e-05,-7.7673e-05,-0.000106246,-0.000130288,-0.000148992,-0.000161694,-0.000167928,-0.000167478,-0.000160409,-0.000147094,-0.000128205,-0.00010469,-7.77247e-05,-4.86424e-05,-1.80987e-05,1.24689e-05,4.02357e-05,6.25992e-05,7.7512e-05,8.36467e-05,8.06463e-05,6.91872e-05,5.07636e-05,2.72024e-05,0
0,2.82524e-05,5.57555e-05,8.03692e-05,0.000100207,0.000113127,0.000117389,0.000112121,9.7509e-05,7.47272e-05,4.56926e-05,1.28929e-05,-2.09632e-05,-5.44158e-05,-8.66127e-05,-0.000115993,-0.000141126,-0.000160801,-0.000174094,-0.000180417,-0.00017953,-0.000171533,-0.000156828,-0.000136069,-0.000110097,-7.98805e-05,-4.64532e-05,-1.08662e-05,2.58497e-05,6.27085e-05,9.87848e-05,0.000133221,0.000165235,0.000194122,0.000219268,0.00024016,0.000256402,0.000267738,0.000274065,0.000275446,0.000272117,0.000264478,0.000253076,0.00023858,0.000221742,0.00020335,0.000184192,0.000165008,0.000146459,0.000129098,0.000113364,9.95719e-05,8.7926e-05,7.85305e-05,7.14097e-05,6.65266e-05,6.38e-05,6.31194e-05,6.43549e-05,6.73656e-05,7.20048e-05,7.81253e-05,8.55847e-05,9.42509e-05,0.000104008,0.000114759,0.000126429,0.000138958,0.000152296,0.000166384,0.000181137,0.000196423,0.000212041,0.000227713,0.000243069,0.000257656,0.000270953,0.000282389,0.00029138,0.000297363,0.000299831,0.000298362,0.000292652,0.000282522,0.000267936,0.000248995,0.000225931,0.000199103,0.000168977,0.000136121,0.000101192,6.49303e-05,2.81499e-05,-8.27031e-06,-4.33987e-05,-7.62709e-05,-0.000105918,-0.000131401,-0.00015186,-0.000166562,-0.000174955,-0.000176717,-0.000171797,-0.000160437,-0.000143182,-0.000120861,-9.45466e-05,-6.5503e-05,-3.51062e-05,-4.09122e-06,2.60676e-05,5.26389e-05,7.31802e-05,8.58688e-05,8.96551e-05,8.44704e-05,7.12355e-05,5.15935e-05,2.73903e-05,0
0,2.78159e-05,5.52618e-05,8.04505e-05,0.000101572,0.000116446,0.000123184,0.000120674,0.000108817,8.8501e-05,6.13988e-05,2.98054e-05,-3.70281e-06,-3.76757e-05,-7.12287e-05,-0.000102796,-0.000130889,-0.000154193,-0.000171644,-0.000182482,-0.000186284,-0.000182968,-0.000172768,-0.000156196,-0.000133989,-0.000107045,-7.63656e-05,-4.30053e-05,-8.02342e-06,2.75469e-05,6.27231e-05,9.65887e-05,0.000128304,0.000157118,0.000182374,0.000203526,0.000220152,0.000231969,0.000238849,0.000240827,0.000238106,0.000231056,0.000220189,0.000206146,0.000189653,0.000171485,0.000152425,0.000133221,0.00011455,9.69934e-05,8.10159e-05,6.69611e-05,5.5054e-05,4.54118e-05,3.80607e-05,3.29552e-05,2.99975e-05,2.90563e-05,2.99824e-05,3.26211e-05,3.68227e-05,4.24498e-05,4.93826e-05,5.75224e-05,6.67929e-05,7.71382e-05,8.85176e-05,0.000100896,0.000114232,0.000128458,0.000143466,0.000159089,0.000175083,0.000191124,0.000206802,0.000221631,0.000235067,0.000246533,0.000255449,0.000261263,0.000263487,0.000261723,0.000255689,0.000245231,0.000230332,0.000211117,0.000187845,0.000160902,0.000130795,9.81416e-05,6.36579e-05,2.81499e-05,-7.4989e-06,-4.23431e-05,-7.53966e-05,-0.000105661,-0.000132159,-0.000153982,-0.000170335,-0.000180589,-0.000184328,-0.000181394,-0.000171913,-0.00015631,-0.000135296,-0.000109845,-8.11382e-05,-5.05022e-05,-1.933e-05,1.15917e-05,4.07818e-05,6.56357e-05,8.39055e-05,9.40232e-05,9.52359e-05,8.77683e-05,7.27752e-05,5.20265e-05,2.73593e-05,0
0,2.71596e-05,5.43204e-05,7.98686e-05,0.000102092,0.000118803,0.000127991,0.000128327,0.000119436,0.000101917,7.71827e-05,4.73119e-05,1.47216e-05,-1.91748e-05,-5.3488e-05,-8.66749e-05,-0.000117221,-0.000143735,-0.000165031,-0.000180196,-0.00018863,-0.000190066,-0.000184563,-0.000172473,-0.000154402,-0.000131152,-0.000103667,-7.29728e-05,-4.01339e-05,-6.20956e-06,2.77761e-05,6.08572e-05,9.21432e-05,0.000120832,0.000146223,0.000167729,0.000184889,0.000197382,0.00020504,0.000207857,0.000205991,0.000199763,0.000189642,0.000176223,0.000160198,0.000142319,0.000123354,0.000104057,8.5119e-05,6.71491e-05,5.06469e-05,3.59935e-05,2.34495e-05,1.31622e-05,5.17933e-06,-5.32351e-07,-4.06662e-06,-5.55693e-06,-5.1572e-06,-3.02516e-06,6.90926e-07,5.86193e-06,1.23837e-05,2.0179e-05,2.91956e-05,3.94002e-05,5.07688e-05,6.3273e-05,7.68644e-05,9.1457e-05,0.00010691,0.000123015,0.000139482,0.000155939,0.000171938,0.000186962,0.000200448,0.000211815,0.00022049,0.00022594,0.000227705,0.000225419,0.000218835,0.000207835,0.000192439,0.000172809,0.000149246,0.000122181,9.21723e-05,5.98937e-05,2.6123e-05,-8.27031e-06,-4.23431e-05,-7.51004e-05,-0.000105524,-0.000132608,-0.000155401,-0.000173052,-0.000184862,-0.000190333,-0.000189207,-0.000181504,-0.000167533,-0.000147894,-0.000123457,-9.53195e-05,-6.4747e-05,-3.31021e-05,-1.7652e-06,2.84551e-05,5.61027e-05,7.87332e-05,9.43251e-05,0.000101589,0.000100079,9.03106e-05,7.36522e-05,5.19722e-05,2.70696e-05,0
0,2.62703e-05,5.28978e-05,7.8557e-05,0.000101654,0.000120023,0.000131565,0.000134761,0.000128977,0.000114526,9.25504e-05,6.48927e-05,3.37868e-05,5.84019e-07,-3.38486e-05,-6.80204e-05,-0.000100421,-0.000129612,-0.000154314,-0.00017348,-0.00018635,-0.000192477,-0.000191738,-0.000184316,-0.000170666,-0.000151472,-0.000127588,-9.99868e-05,-6.97099e-05,-3.7819e-05,-5.36084e-06,2.66632e-05,5.73192e-05,8.57592e-05,0.000111235,0.000133113,0.000150885,0.000164181,0.000172784,0.00017663,0.000175822,0.000170618,0.000161429,0.000148795,0.00013336,0.000115839,9.69846e-05,7.75421e-05,5.82188e-05,3.96497e-05,2.23737e-05,6.81761e-06,-6.70962e-06,-1.80148e-05,-2.70098e-05,-3.36956e-05,-3.81419e-05,-4.04656e-05,-4.08095e-05,-3.93232e-05,-3.61477e-05,-3.14034e-05,-2.51844e-05,-1.75571e-05,-8.56422e-06,1.76641e-06,1.3409e-05,2.6324e-05,4.04404e-05,5.56389e-05,7.17361e-05,8.84736e-05,0.000105512,0.000122433,0.000138746,0.000153909,0.000167344,0.000178471,0.000186732,0.000191622,0.000192718,0.0001897,0.000182366,0.000170651,0.000154626,0.000134507,0.000110648,8.3539e-05,5.37961e-05,2.2153e-05,-1.05531e-05,-4.33987e-05,-7.53966e-05,-0.000105524,-0.000132758,-0.000156115,-0.0001747,-0.000187752,-0.000194698,-0.000195189,-0.000189143,-0.000176761,-0.000158534,-0.000135227,-0.000107849,-7.75955e-05,-4.57874e-05,-1.37927e-05,1.70507e-05,4.59425e-05,7.14841e-05,9.1423e-05,0.000103991,0.000108195,0.000103899,9.18932e-05,7.3735e-05,5.13574e-05,2.64903e-05,0
0,2.51429e-05,5.09772e-05,7.64749e-05,0.000100178,0.000119973,0.000133707,0.000139704,0.000137092,0.000125909,0.000107022,8.20231e-05,5.29433e-05,2.10474e-05,-1.28438e-05,-4.73201e-05,-8.09058e-05,-0.000112148,-0.000139705,-0.000162423,-0.000179398,-0.000190017,-0.00019398,-0.000191294,-0.00018225,-0.000167391,-0.00014746,-0.000123348,-9.60451e-05,-6.65916e-05,-3.6034e-05,-5.39219e-06,2.43691e-05,5.23622e-05,7.77945e-05,9.99829e-05,0.000118367,0.000132522,0.000142168,0.000147177,0.000147582,0.000143569,0.000135477,0.000123778,0.000109059,9.19898e-05,7.32906e-05,5.36974e-05,3.39248e-05,1.46331e-05,-3.59812e-06,-2.02905e-05,-3.50776e-05,-4.7707e-05,-5.80342e-05,-6.60098e-05,-7.16608e-05,-7.50701e-05,-7.63543e-05,-7.56436e-05,-7.30646e-05,-6.87281e-05,-6.2722e-05,-5.51108e-05,-4.59407e-05,-3.52497e-05,-2.30824e-05,-9.50678e-06,5.36821e-06,2.13763e-05,3.82809e-05,5.57677e-05,7.34432e-05,9.08405e-05,0.000107433,0.000122652,0.000135914,0.000146646,0.000154316,0.000158457,0.000158695,0.000154764,0.000146529,0.000133985,0.000117273,9.66737e-05,7.26066e-05,4.56258e-05,1.64101e-05,-1.42489e-05,-4.54635e-05,-7.62709e-05,-0.000105661,-0.000132608,-0.000156115,-0.000175253,-0.000189214,-0.000197357,-0.000199253,-0.000194725,-0.000183869,-0.000167068,-0.000144984,-0.000118528,-8.88204e-05,-5.71276e-05,-2.4792e-05,6.84455e-06,3.65162e-05,6.34604e-05,8.63674e-05,0.000103205,0.00011248,0.000113504,0.000106446,9.2348e-05,7.29226e-05,5.01304e-05,2.56018e-05,0
0,2.37807e-05,4.85596e-05,7.36084e-05,9.76208e-05,0.000118564,0.000134269,0.000142935,0.000143482,0.000135688,0.000120147,9.81922e-05,7.16338e-05,4.16309e-05,8.93613e-06,-2.51457e-05,-5.92036e-05,-9.18033e-05,-0.000121572,-0.000147279,-0.000167904,-0.000182685,-0.000191155,-0.000193145,-0.000188777,-0.000178437,-0.000162735,-0.000142457,-0.000118515,-9.19002e-05,-6.36361e-05,-3.47406e-05,-6.19359e-06,2.10887e-05,4.62747e-05,6.86345e-05,8.7554e-05,0.000102547,0.000113266,0.00011951,0.000121233,0.00011854,0.000111687,0.00010107,8.72049e-05,7.07059e-05,5.22543e-05,3.25657e-05,1.23556e-05,-7.69457e-06,-2.69664e-05,-4.49277e-05,-6.11487e-05,-7.53085e-05,-8.71939e-05,-9.66905e-05,-0.000103767,-0.000108458,-0.000110839,-0.000111011,-0.00010908,-0.000105144,-9.92878e-05,-9.15816e-05,-8.20854e-05,-7.0861e-05,-5.79863e-05,-4.35725e-05,-2.77801e-05,-1.08335e-05,6.96902e-06,2.5252e-05,4.35654e-05,6.13953e-05,7.81805e-05,9.33355e-05,0.000106276,0.000116447,0.00012335,0.000126568,0.000125788,0.000120816,0.000111588,9.81796e-05,8.08083e-05,5.98304e-05,3.57388e-05,9.1546e-06,-1.91836e-05,-4.84343e-05,-7.7673e-05,-0.000105918,-0.000132159,-0.000155401,-0.0001747,-0.000189214,-0.000198251,-0.000201312,-0.000198134,-0.000188714,-0.000173331,-0.000152538,-0.000127147,-9.81935e-05,-6.68767e-05,-3.44996e-05,-2.39321e-06,2.81587e-05,5.599e-05,8.04032e-05,0.000100206,0.000113609,0.000119411,0.000117228,0.00010752,9.15517e-05,7.11498e-05,4.82642e-05,2.43972e-05,0
0,2.21958e-05,4.56641e-05,6.99724e-05,9.3978e-05,0.000115757,0.000133157,0.000144295,0.000147912,0.000143544,0.000131523,0.000112919,8.93122e-05,6.17383e-05,3.08641e-05,-2.13251e-06,-3.59328e-05,-6.91522e-05,-0.000100421,-0.000128464,-0.000152173,-0.000170663,-0.000183314,-0.000189791,-0.000190045,-0.000184298,-0.000173008,-0.000156836,-0.000136593,-0.000113194,-8.76149e-05,-6.08497e-05,-3.38747e-05,-7.62044e-06,1.7053e-05,3.93744e-05,5.86778e-05,7.44153e-05,8.6169e-05,9.36601e-05,9.6756e-05,9.54743e-05,8.99814e-05,8.05861e-05,6.77266e-05,5.19508e-05,3.3891e-05,1.42335e-05,-6.3139e-06,-2.70555e-05,-4.73384e-05,-6.65786e-05,-8.42815e-05,-0.000100053,-0.000113603,-0.000124743,-0.000133373,-0.000139464,-0.000143042,-0.00014417,-0.000142926,-0.000139394,-0.000133658,-0.000125798,-0.000115896,-0.000104048,-9.03766e-05,-7.50474e-05,-5.82824e-05,-4.03721e-05,-2.16815e-05,-2.64981e-06,1.62173e-05,3.4362e-05,5.1195e-05,6.61199e-05,7.85616e-05,8.79927e-05,9.39603e-05,9.61084e-05,9.41958e-05,8.81091e-05,7.78717e-05,6.36462e-05,4.57352e-05,2.45768e-05,7.37811e-07,-2.50961e-05,-5.21341e-05,-7.94983e-05,-0.000106246,-0.000131401,-0.000153982,-0.000173052,-0.000187752,-0.000197357,-0.000201312,-0.000199281,-0.000191173,-0.000177164,-0.000157703,-0.000133497,-0.000105486,-7.47927e-05,-4.26645e-05,-1.04049e-05,2.07004e-05,4.94555e-05,7.48178e-05,9.61789e-05,0.000112487,0.000122217,0.000124464,0.000119145,0.000106984,8.9433e-05,6.83917e-05,4.57591e-05,2.28831e-05,0
0,2.04085e-05,4.23274e-05,6.56097e-05,8.92842e-05,0.000111561,0.00013034,0.00014369,0.000150209,0.000149221,0.000140803,0.00012577,0.000105462,8.07825e-05,5.22979e-05,2.10423e-05,-1.17815e-05,-4.48681e-05,-7.68834e-05,-0.000106542,-0.000132679,-0.000154315,-0.000170699,-0.000181345,-0.000186039,-0.000184834,-0.000178031,-0.000166146,-0.000149867,-0.000130013,-0.000107485,-8.32313e-05,-5.82034e-05,-3.33285e-05,-9.48217e-06,1.25331e-05,3.20056e-05,4.83289e-05,6.10153e-05,6.97062e-05,7.41814e-05,7.43654e-05,7.033e-05,6.22912e-05,5.06015e-05,3.57345e-05,1.82641e-05,-1.16238e-06,-2.18545e-05,-4.31111e-05,-6.42523e-05,-8.46482e-05,-0.000103742,-0.000121067,-0.000136255,-0.000149036,-0.000159235,-0.000166754,-0.000171562,-0.000173675,-0.000173141,-0.000170027,-0.000164416,-0.0001564,-0.000146091,-0.000133625,-0.000119176,-0.000102971,-8.52991e-05,-6.65201e-05,-4.70673e-05,-2.74416e-05,-8.20058e-06,1.00604e-05,2.67315e-05,4.12155e-05,5.29558e-05,6.14637e-05,6.63422e-05,6.73061e-05,6.41966e-05,5.69906e-05,4.58048e-05,3.08951e-05,1.2653e-05,-8.40186e-06,-3.16323e-05,-5.62964e-05,-8.15647e-05,-0.000106541,-0.000130288,-0.00015186,-0.000170335,-0.000184862,-0.000194698,-0.000199253,-0.000198134,-0.000191173,-0.000178456,-0.000160328,-0.000137393,-0.000110488,-8.0647e-05,-4.90481e-05,-1.69494e-05,1.43803e-05,4.37326e-05,7.00254e-05,9.23595e-05,0.000110234,0.00012276,0.000128683,0.000127397,0.000119104,0.000104765,8.59765e-05,6.46658e-05,4.26428e-05,2.10795e-05,0
0,1.84472e-05,3.86031e-05,6.05896e-05,8.36119e-05,0.000106033,0.000125841,0.000141092,0.000150276,0.000152533,0.00014771,0.000136369,0.000119613,9.8205e-05,7.26028e-05,4.36846e-05,1.25179e-05,-1.96965e-05,-5.16908e-05,-8.22024e-05,-0.000110045,-0.000134172,-0.000153733,-0.000168107,-0.000176929,-0.000180089,-0.000177725,-0.000170198,-0.000158058,-0.000142004,-0.000122845,-0.000101455,-7.87418e-05,-5.561e-05,-3.29336e-05,-1.15333e-05,7.84336e-06,2.45388e-05,3.79999e-05,4.77907e-05,5.36044e-05,5.52718e-05,5.27674e-05,4.62111e-05,3.58643e-05,2.21196e-05,5.48429e-06,-1.34428e-05,-3.39989e-05,-5.54882e-05,-7.72142e-05,-9.85099e-05,-0.000118764,-0.000137443,-0.000154102,-0.000168393,-0.000180062,-0.000188941,-0.000194936,-0.000198014,-0.000198189,-0.000195512,-0.000190063,-0.000181949,-0.000171312,-0.000158331,-0.000143236,-0.000126315,-0.000107927,-8.84978e-05,-6.85263e-05,-4.85695e-05,-2.9229e-05,-1.11284e-05,5.11233e-06,1.89055e-05,2.97243e-05,3.71284e-05,4.07868e-05,4.04936e-05,3.61796e-05,2.79171e-05,1.59199e-05,5.38252e-07,-1.77494e-05,-3.83474e-05,-6.05576e-05,-8.35956e-05,-0.000106611,-0.000128712,-0.000148992,-0.000166562,-0.000180589,-0.000190333,-0.000195189,-0.000194725,-0.000188714,-0.000177164,-0.000160328,-0.000138707,-0.000113034,-8.42468e-05,-5.34396e-05,-2.18082e-05,9.41486e-06,3.90287e-05,6.59303e-05,8.91734e-05,0.000108016,0.000122078,0.000130645,0.000132742,0.000128052,0.000117038,0.000100864,8.12244e-05,6.00319e-05,3.89708e-05,1.902e-05,0
0,1.63474e-05,3.456e-05,5.50063e-05,7.70681e-05,9.92795e-05,0.000119741,0.000136537,0.000148087,0.000153375,0.000152041,0.000144411,0.000131357,0.000113496,9.11747e-05,6.51092e-05,3.62172e-05,5.57385e-06,-2.56467e-05,-5.62358e-05,-8.50181e-05,-0.000110916,-0.000133004,-0.000150557,-0.000163072,-0.000170291,-0.000172189,-0.00016897,-0.000161033,-0.000148942,-0.000133391,-0.000115165,-9.5103e-05,-7.40659e-05,-5.29084e-05,-3.24534e-05,-1.34706e-05,3.34182e-06,1.73737e-05,2.81185e-05,3.51868e-05,3.83185e-05,3.73921e-05,3.24306e-05,2.36014e-05,1.12114e-05,-4.30581e-06,-2.24088e-05,-4.2473e-05,-6.38199e-05,-8.57487e-05,-0.000107568,-0.000128623,-0.000148323,-0.000166156,-0.0001817,-0.000194627,-0.0002047,-0.000211763,-0.000215736,-0.000216597,-0.000214376,-0.000209154,-0.000201051,-0.000190237,-0.000176936,-0.00016143,-0.000144067,-0.000125268,-0.000105523,-8.53839e-05,-6.54558e-05,-4.63725e-05,-2.87744e-05,-1.32792e-05,-4.53216e-07,9.21728e-06,1.53504e-05,1.76884e-05,1.61109e-05,1.06421e-05,1.45115e-06,-1.11525e-05,-2.67285e-05,-4.47188e-05,-6.44627e-05,-8.52157e-05,-0.000106169,-0.000126474,-0.000145265,-0.000161694,-0.000174955,-0.000184328,-0.000189207,-0.000189143,-0.000183869,-0.000173331,-0.000157703,-0.000137393,-0.000113034,-8.54621e-05,-5.56788e-05,-2.48028e-05,5.98875e-06,3.55234e-05,6.26979e-05,8.6538e-05,0.000106249,0.000121253,0.000131302,0.00013586,0.000134227,0.000126362,0.000112963,9.53495e-05,7.52749e-05,5.45902e-05,3.48236e-05,1.67498e-05,0
0,1.41505e-05,3.02797e-05,4.89749e-05,6.97909e-05,9.14446e-05,0.000112176,0.000130127,0.000143685,0.000151714,0.000153675,0.000149673,0.00014036,0.000126211,0.000107463,8.46662e-05,5.85822e-05,3.01433e-05,4.07801e-07,-2.94981e-05,-5.84416e-05,-8.53456e-05,-0.000109245,-0.000129333,-0.000144998,-0.000155845,-0.0001617,-0.000162609,-0.000158815,-0.000150739,-0.000138944,-0.000124105,-0.000106973,-8.8346e-05,-6.90396e-05,-4.98605e-05,-3.15847e-05,-1.4937e-05,-5.72227e-07,1.09421e-05,1.91422e-05,2.36834e-05,2.43525e-05,2.10775e-05,1.39322e-05,3.13474e-06,-1.09601e-05,-2.78762e-05,-4.70376e-05,-6.77957e-05,-8.94594e-05,-0.000111327,-0.000132716,-0.000152992,-0.000171587,-0.000188018,-0.00020189,-0.000212904,-0.000220849,-0.000225596,-0.000227089,-0.000225343,-0.000220431,-0.000212489,-0.000201712,-0.000188361,-0.000172766,-0.000155328,-0.00013652,-0.000116883,-9.70145e-05,-7.75496e-05,-5.91416e-05,-4.24329e-05,-2.80257e-05,-1.64526e-05,-8.14898e-06,-3.43023e-06,-2.47513e-06,-5.31575e-06,-1.18348e-05,-2.17694e-05,-3.47206e-05,-5.01678e-05,-6.74856e-05,-8.59645e-05,-0.000104832,-0.000123278,-0.000140476,-0.000155616,-0.000167928,-0.000176717,-0.000181394,-0.000181504,-0.000176761,-0.000167068,-0.000152538,-0.000133497,-0.000110488,-8.42468e-05,-5.56788e-05,-2.58148e-05,4.23899e-06,3.33585e-05,6.04621e-05,8.45689e-05,0.000104851,0.000120674,0.000131629,0.000137596,0.000138223,0.000133073,0.000122359,0.000106975,8.83613e-05,6.82781e-05,4.84768e-05,3.0304e-05,1.43246e-05,0
0,1.19027e-05,2.58539e-05,4.26278e-05,6.19447e-05,8.27109e-05,0.000103326,0.000122022,0.000137186,0.0001476,0.000152573,0.000152018,0.000146376,0.000135991,0.00012099,0.000101767,7.89226e-05,5.32353e-05,2.56297e-05,-2.87391e-06,-3.12143e-05,-5.83462e-05,-8.32951e-05,-0.000105206,-0.000123384,-0.000137319,-0.000146703,-0.000151431,-0.000151595,-0.000147464,-0.000139461,-0.000128136,-0.000114136,-9.81765e-05,-8.10147e-05,-6.34222e-05,-4.61631e-05,-2.99723e-05,-1.55344e-05,-3.46477e-06,5.71021e-06,1.15706e-05,1.38191e-05,1.22941e-05,6.9781e-06,-1.99945e-06,-1.43661e-05,-2.97178e-05,-4.75369e-05,-6.72168e-05,-8.8091e-05,-0.000109464,-0.000130642,-0.000150965,-0.000169824,-0.000186689,-0.000201115,-0.000212747,-0.000221326,-0.000226683,-0.000228731,-0.000227467,-0.000222961,-0.000215356,-0.000204869,-0.000191792,-0.000176492,-0.00015941,-0.000141062,-0.000122022,-0.000102914,-8.43916e-05,-6.71088e-05,-5.16946e-05,-3.87215e-05,-2.86762e-05,-2.1934e-05,-1.87378e-05,-1.91846e-05,-2.32191e-05,-3.06352e-05,-4.1084e-05,-5.40885e-05,-6.90616e-05,-8.53284e-05,-0.00010215,-0.000118749,-0.000134334,-0.000148129,-0.000159399,-0.000167478,-0.000171797,-0.000171913,-0.000167533,-0.000158534,-0.000144984,-0.000127147,-0.000105486,-8.0647e-05,-5.34396e-05,-2.48028e-05,4.23899e-06,3.26262e-05,5.93189e-05,8.33518e-05,0.000103885,0.000120248,0.000131972,0.000138808,0.000140764,0.000137663,0.000129318,0.000116162,9.92521e-05,8.00988e-05,6.0429e-05,4.18584e-05,2.55324e-05,1.18077e-05,0
0,9.65318e-06,2.13815e-05,3.61104e-05,5.37141e-05,7.32903e-05,9.34131e-05,0.000112432,0.000128767,0.000141152,0.000148781,0.000151398,0.000149254,0.000142568,0.000131372,0.000115911,9.66222e-05,7.41299e-05,4.92118e-05,2.27629e-05,-4.25137e-06,-3.08463e-05,-5.60696e-05,-7.90488e-05,-9.90329e-05,-0.000115424,-0.000127799,-0.000135918,-0.000139726,-0.000139344,-0.000135049,-0.000127258,-0.000116499,-0.000103389,-8.86074e-05,-7.28732e-05,-5.69196e-05,-4.14733e-05,-2.72318e-05,-1.48418e-05,-4.87845e-06,2.17593e-06,5.95039e-06,6.20173e-06,2.82652e-06,-4.13241e-06,-1.44862e-05,-2.79076e-05,-4.39458e-05,-6.20483e-05,-8.15875e-05,-0.000101891,-0.000122273,-0.000142064,-0.000160638,-0.000177431,-0.000191962,-0.000203839,-0.000212763,-0.000218532,-0.000221035,-0.00022025,-0.000216244,-0.000209163,-0.00019924,-0.000186787,-0.000172195,-0.000155935,-0.000138542,-0.000120611,-0.000102775,-8.56826e-05,-6.99737e-05,-5.6247e-05,-4.50312e-05,-3.67564e-05,-3.17304e-05,-3.012e-05,-3.19407e-05,-3.70546e-05,-4.5175e-05,-5.58793e-05,-6.86276e-05,-8.2785e-05,-9.76475e-05,-0.000112469,-0.00012649,-0.000138964,-0.000149185,-0.000156515,-0.000160409,-0.000160437,-0.00015631,-0.000147894,-0.000135227,-0.000118528,-9.81935e-05,-7.47927e-05,-4.90481e-05,-2.18082e-05,5.98875e-06,3.33585e-05,5.93189e-05,8.294e-05,0.000103392,0.000119989,0.000132223,0.000139785,0.000142579,0.00014073,0.000134224,0.000123099,0.000107979,9.0038e-05,7.08142e-05,5.19592e-05,3.49242e-05,2.06416e-05,9.26747e-06,0
0,7.45231e-06,1.69645e-05,2.95755e-05,4.52978e-05,6.34175e-05,8.26935e-05,0.000101613,0.000118663,0.000132565,0.000142428,0.000147859,0.000148942,0.000145785,0.000138336,0.0001267,0.000111165,9.21957e-05,7.04184e-05,4.65891e-05,2.15576e-05,-3.77707e-06,-2.85128e-05,-5.17897e-05,-7.28314e-05,-9.09794e-05,-0.000105719,-0.000116694,-0.000123718,-0.000126768,-0.000125978,-0.000121627,-0.000114114,-0.000103945,-9.17083e-05,-7.80498e-05,-6.36546e-05,-4.92221e-05,-3.5444e-05,-2.29811e-05,-1.24402e-05,-4.35111e-06,8.5473e-07,2.86327e-06,1.49299e-06,-3.29534e-06,-1.13955e-05,-2.256e-05,-3.64117e-05,-5.24625e-05,-7.01378e-05,-8.88052e-05,-0.000107805,-0.000126479,-0.0001442,-0.000160395,-0.000174562,-0.000186285,-0.000195241,-0.000201203,-0.000204041,-0.000203719,-0.000200297,-0.000193923,-0.000184833,-0.000173351,-0.00015988,-0.000144899,-0.00012895,-0.000112627,-9.65504e-05,-8.13484e-05,-6.76262e-05,-5.59372e-05,-4.67535e-05,-4.04397e-05,-3.72305e-05,-3.72162e-05,-4.03348e-05,-4.63733e-05,-5.4977e-05,-6.56654e-05,-7.78543e-05,-9.08822e-05,-0.000104039,-0.000116595,-0.000127831,-0.000137067,-0.000143688,-0.000147168,-0.000147094,-0.000143182,-0.000135296,-0.000123457,-0.000107849,-8.88204e-05,-6.68767e-05,-4.26645e-05,-1.69494e-05,9.41486e-06,3.55234e-05,6.04621e-05,8.33518e-05,0.000103392,0.000119903,0.000132356,0.000140404,0.000143892,0.000142861,0.000137538,0.000128057,0.000114649,9.80924e-05,7.96358e-05,6.08002e-05,4.31261e-05,2.78781e-05,1.57709e-05,6.77446e-06,0
0,5.34991e-06,1.27051e-05,2.31781e-05,3.69018e-05,5.33421e-05,7.1447e-05,8.98594e-05,0.00010716,0.000122092,0.000133717,0.000141536,0.000145491,0.000145596,0.000141725,0.000133863,0.000122156,0.000106918,8.86187e-05,6.78694e-05,4.53892e-05,2.19715e-05,-1.55702e-06,-2.43768e-05,-4.57153e-05,-6.48818e-05,-8.12965e-05,-9.45112e-05,-0.000104223,-0.00011028,-0.000112679,-0.00011156,-0.000107193,-9.99627e-05,-9.03516e-05,-7.89207e-05,-6.62883e-05,-5.31087e-05,-4.00487e-05,-2.77643e-05,-1.68759e-05,-7.94383e-06,-1.44483e-06,2.24914e-06,2.88863e-06,3.59225e-07,-5.31227e-06,-1.39588e-05,-2.52817e-05,-3.88661e-05,-5.42027e-05,-7.07142e-05,-8.77842e-05,-0.000104787,-0.000121113,-0.000136198,-0.00014954,-0.000160715,-0.000169387,-0.000175315,-0.000178357,-0.000178468,-0.000175696,-0.000170188,-0.000162176,-0.000151983,-0.00014001,-0.000126726,-0.000112664,-9.83933e-05,-8.45065e-05,-7.15904e-05,-6.01996e-05,-5.08277e-05,-4.38796e-05,-3.96472e-05,-3.82905e-05,-3.9825e-05,-4.41183e-05,-5.0894e-05,-5.97441e-05,-7.01488e-05,-8.15007e-05,-9.31342e-05,-0.000104356,-0.000114476,-0.000122838,-0.000128846,-0.00013199,-0.000131869,-0.000128205,-0.000120861,-0.000109845,-9.53195e-05,-7.75955e-05,-5.71276e-05,-3.44996e-05,-1.04049e-05,1.43803e-05,3.90287e-05,6.26979e-05,8.45689e-05,0.000103885,0.000119989,0.000132356,0.000140617,0.000144576,0.00014422,0.000139708,0.000131353,0.000119412,0.000104282,8.68486e-05,6.83927e-05,5.03775e-05,3.42018e-05,2.09289e-05,1.10597e-05,4.39786e-06,0
0,3.39328e-06,8.70116e-06,1.70702e-05,2.87321e-05,4.33198e-05,5.9969e-05,7.74903e-05,9.45822e-05,0.000110041,0.000122921,0.000132648,0.000139051,0.000142067,0.000141512,0.000137265,0.000129343,0.000117919,0.000103314,8.59887e-05,6.65232e-05,4.55899e-05,2.39199e-05,2.26763e-06,-1.86254e-05,-3.80647e-05,-5.54327e-05,-7.02134e-05,-8.20107e-05,-9.05596e-05,-9.57322e-05,-9.75369e-05,-9.61131e-05,-9.17219e-05,-8.4733e-05,-7.56091e-05,-6.48876e-05,-5.31605e-05,-4.10518e-05,-2.91937e-05,-1.82015e-05,-8.64798e-06,-1.03859e-06,4.21152e-06,6.79707e-06,6.53747e-06,3.38556e-06,-2.57058e-06,-1.1113e-05,-2.19065e-05,-3.45172e-05,-4.84364e-05,-6.31072e-05,-7.79524e-05,-9.24018e-05,-0.000105917,-0.000118012,-0.000128271,-0.00013636,-0.000142036,-0.000145148,-0.000145644,-0.000143566,-0.000139048,-0.000132316,-0.000123676,-0.000113512,-0.000102274,-9.04594e-05,-7.86015e-05,-6.72432e-05,-5.69143e-05,-4.81042e-05,-4.1235e-05,-3.66364e-05,-3.4524e-05,-3.49832e-05,-3.79606e-05,-4.32628e-05,-5.05637e-05,-5.94198e-05,-6.92916e-05,-7.95707e-05,-8.961e-05,-9.87554e-05,-0.000106377,-0.000111898,-0.000114823,-0.000114757,-0.000111427,-0.00010469,-9.45466e-05,-8.11382e-05,-6.4747e-05,-4.57874e-05,-2.4792e-05,-2.39321e-06,2.07004e-05,4.37326e-05,6.59303e-05,8.6538e-05,0.000104851,0.000120248,0.000132223,0.000140404,0.000144576,0.000144686,0.00014084,0.000133301,0.000122445,0.000108629,9.23772e-05,7.46401e-05,5.66847e-05,3.98804e-05,2.54608e-05,1.42819e-05,6.6415e-06,2.20259e-06,0
0,1.6254e-06,5.04304e-06,1.13947e-05,2.0988e-05,3.36048e-05,4.85616e-05,6.48425e-05,8.12834e-05,9.67648e-05,0.000110367,0.000121483,0.00012986,0.000135376,0.000137796,0.000136907,0.00013262,0.000124978,0.000114159,0.000100478,8.43731e-05,6.63847e-05,4.71331e-05,2.72871e-05,7.5331e-06,-1.1457e-05,-2.90553e-05,-4.47041e-05,-5.79378e-05,-6.83995e-05,-7.5852e-05,-8.01841e-05,-8.14109e-05,-7.96706e-05,-7.52165e-05,-6.8405e-05,-5.96814e-05,-4.95608e-05,-3.86078e-05,-2.74131e-05,-1.65685e-05,-6.64079e-06,1.85324e-06,8.47104e-06,1.28651e-05,1.47995e-05,1.41606e-05,1.09615e-05,5.33938e-06,-2.45381e-06,-1.20671e-05,-2.30709e-05,-3.4981e-05,-4.72846e-05,-5.94657e-05,-7.1029e-05,-8.15218e-05,-9.05507e-05,-9.77956e-05,-0.000103019,-0.000106072,-0.000106896,-0.000105524,-0.000102079,-9.67661e-05,-8.98703e-05,-8.17449e-05,-7.2801e-05,-6.34916e-05,-5.42937e-05,-4.56868e-05,-3.81297e-05,-3.20349e-05,-2.77447e-05,-2.55089e-05,-2.5466e-05,-2.76308e-05,-3.18888e-05,-3.79976e-05,-4.55972e-05,-5.42267e-05,-6.33476e-05,-7.23716e-05,-8.06911e-05,-8.77112e-05,-9.28791e-05,-9.5713e-05,-9.5825e-05,-9.29404e-05,-8.69115e-05,-7.77247e-05,-6.5503e-05,-5.05022e-05,-3.31021e-05,-1.37927e-05,6.84455e-06,2.81587e-05,4.94555e-05,7.00254e-05,8.91734e-05,0.000106249,0.000120674,0.000131972,0.000139785,0.000143892,0.00014422,0.00014084,0.000133964,0.000123932,0.000111175,9.61162e-05,7.93645e-05,6.18896e-05,4.49012e-05,2.96433e-05,1.7169e-05,8.12927e-06,2.63796e-06,2.46396e-07,0
0,8.3221e-08,1.80992e-06,6.28089e-06,1.3855e-05,2.44412e-05,3.75238e-05,5.22599e-05,6.76362e-05,8.26437e-05,9.64259e-05,0.000108386,0.000118228,0.000125807,0.000130798,0.000132934,0.000132035,0.000128032,0.000120973,0.000111033,9.8509e-05,8.38061e-05,6.74229e-05,4.99271e-05,3.19294e-05,1.40559e-05,-3.0806e-06,-1.89068e-05,-3.29127e-05,-4.46723e-05,-5.38588e-05,-6.02566e-05,-6.37674e-05,-6.44124e-05,-6.23291e-05,-5.77647e-05,-5.10641e-05,-4.26547e-05,-3.30277e-05,-2.27163e-05,-1.22714e-05,-2.23645e-06,6.87795e-06,1.46181e-05,2.0609e-05,2.45713e-05,2.63346e-05,2.58431e-05,2.31559e-05,1.84407e-05,1.19617e-05,4.06174e-06,-4.85771e-06,-1.436e-05,-2.39966e-05,-3.33298e-05,-4.19526e-05,-4.95073e-05,-5.5698e-05,-6.03023e-05,-6.3177e-05,-6.4262e-05,-6.35811e-05,-6.12393e-05,-5.74192e-05,-5.23729e-05,-4.64133e-05,-3.99015e-05,-3.32315e-05,-2.68126e-05,-2.1049e-05,-1.63181e-05,-1.29483e-05,-1.11972e-05,-1.12334e-05,-1.31211e-05,-1.6811e-05,-2.21374e-05,-2.88228e-05,-3.64895e-05,-4.46777e-05,-5.28693e-05,-6.05155e-05,-6.70671e-05,-7.20039e-05,-7.48639e-05,-7.52679e-05,-7.29404e-05,-6.77246e-05,-5.95914e-05,-4.86424e-05,-3.51062e-05,-1.933e-05,-1.7652e-06,1.70507e-05,3.65162e-05,5.599e-05,7.48178e-05,9.23595e-05,0.000108016,0.000121253,0.000131629,0.000138808,0.000142579,0.000142861,0.000139708,0.000133301,0.000123932,0.000111982,9.79646e-05,8.23266e-05,6.57036e-05,4.90333e-05,3.34298e-05,1.99875e-05,9.57264e-06,2.64283e-06,-8.46343e-07,-1.42268e-06,0
0,-1.20378e-06,-9.33092e-07,1.83941e-06,7.49859e-06,1.60555e-05,2.71429e-05,4.00837e-05,5.40211e-05,6.80768e-05,8.14914e-05,9.37258e-05,0.000104583,0.00011374,0.00012086,0.000125632,0.000127808,0.00012722,0.000123805,0.000117609,0.000108793,9.76298e-05,8.44897e-05,6.98288e-05,5.41664e-05,3.80619e-05,2.20895e-05,6.81242e-06,-7.24111e-06,-1.96008e-05,-2.98734e-05,-3.77585e-05,-4.30603e-05,-4.56936e-05,-4.56868e-05,-4.31786e-05,-3.84105e-05,-3.17149e-05,-2.34987e-05,-1.42237e-05,-4.38453e-06,5.51571e-06,1.49896e-05,2.35892e-05,3.09271e-05,3.66948e-05,4.0676e-05,4.27546e-05,4.2917e-05,4.12492e-05,3.79269e-05,3.32028e-05,2.73889e-05,2.08369e-05,1.39176e-05,7.0007e-06,4.35636e-07,-5.46508e-06,-1.04396e-05,-1.42874e-05,-1.68765e-05,-1.81475e-05,-1.81146e-05,-1.68637e-05,-1.4548e-05,-1.13809e-05,-7.62586e-06,-3.5849e-06,4.16583e-07,4.04626e-06,6.9833e-06,8.93764e-06,9.66912e-06,9.00528e-06,6.85654e-06,3.22733e-06,-1.77793e-06,-7.9548e-06,-1.50053e-05,-2.25507e-05,-3.01501e-05,-3.73239e-05,-4.35801e-05,-4.84424e-05,-5.14781e-05,-5.23235e-05,-5.07055e-05,-4.64592e-05,-3.95378e-05,-3.00182e-05,-1.80987e-05,-4.09122e-06,1.15917e-05,2.84551e-05,4.59425e-05,6.34604e-05,8.04032e-05,9.61789e-05,0.000110234,0.000122078,0.000131302,0.000137596,0.000140764,0.00014073,0.000137538,0.000131353,0.000122445,0.000111175,9.79646e-05,8.32675e-05,6.77413e-05,5.18683e-05,3.65064e-05,2.2643e-05,1.12092e-05,2.88873e-06,-2.03337e-06,-3.72813e-06,-2.76827e-06,0
0,-2.21468e-06,-3.13738e-06,-1.84153e-06,2.05917e-06,8.64974e-06,1.76872e-05,2.86445e-05,4.08185e-05,5.34717e-05,6.59671e-05,7.80404e-05,8.93468e-05,9.95407e-05,0.00010827,0.000115194,0.000120014,0.000122489,0.000122461,0.000119865,0.00011474,0.00010723,9.75811e-05,8.61315e-05,7.32979e-05,5.95562e-05,4.54204e-05,3.1419e-05,1.80713e-05,5.86434e-06,-4.76886e-06,-1.34678e-05,-1.99597e-05,-2.40707e-05,-2.57317e-05,-2.49803e-05,-2.19567e-05,-1.68952e-05,-1.01116e-05,-1.98567e-06,7.05797e-06,1.65722e-05,2.61096e-05,3.5245e-05,4.35959e-05,5.08399e-05,5.67287e-05,6.10976e-05,6.38695e-05,6.50542e-05,6.47428e-05,6.30978e-05,6.03395e-05,5.67302e-05,5.25567e-05,4.81132e-05,4.36838e-05,3.95277e-05,3.58657e-05,3.28704e-05,3.06584e-05,2.92862e-05,2.87486e-05,2.89805e-05,2.98614e-05,3.12218e-05,3.28529e-05,3.45182e-05,3.59665e-05,3.69475e-05,3.7227e-05,3.66038e-05,3.49249e-05,3.20995e-05,2.81103e-05,2.30208e-05,1.69786e-05,1.02126e-05,3.02535e-06,-4.22055e-06,-1.11202e-05,-1.72483e-05,-2.21838e-05,-2.55349e-05,-2.69634e-05,-2.62063e-05,-2.30946e-05,-1.75649e-05,-9.66734e-06,4.34503e-07,1.24689e-05,2.60676e-05,4.07818e-05,5.61027e-05,7.14841e-05,8.63674e-05,0.000100206,0.000112487,0.00012276,0.000130645,0.00013586,0.000138223,0.000137663,0.000134224,0.000128057,0.000119412,0.000108629,9.61162e-05,8.23266e-05,6.77413e-05,5.28632e-05,3.83383e-05,2.47319e-05,1.28866e-05,3.56952e-06,-2.70268e-06,-5.78843e-06,-5.94886e-06,-3.76722e-06,0
0,-2.93795e-06,-4.77266e-06,-4.6994e-06,-2.35329e-06,2.39532e-06,9.39856e-06,1.82562e-05,2.84043e-05,3.92435e-05,5.05199e-05,6.19091e-05,7.30824e-05,8.37002e-05,9.34117e-05,0.000101867,0.000108737,0.000113732,0.000116623,0.000117256,0.000115567,0.000111586,0.000105443,9.73596e-05,8.76459e-05,7.66826e-05,6.49061e-05,5.27879e-05,4.08126e-05,2.94553e-05,1.91601e-05,1.03194e-05,3.25655e-06,-1.78803e-06,-4.66657e-06,-5.32884e-06,-3.82196e-06,-2.85521e-07,5.05803e-06,1.19169e-05,1.99467e-05,2.87691e-05,3.79924e-05,4.72308e-05,5.61236e-05,6.4352e-05,7.16523e-05,7.78258e-05,8.2745e-05,8.63548e-05,8.867e-05,8.97687e-05,8.97831e-05,8.8887e-05,8.72826e-05,8.51855e-05,8.28111e-05,8.03607e-05,7.80101e-05,7.58997e-05,7.41276e-05,7.27453e-05,7.17559e-05,7.11155e-05,7.07374e-05,7.04977e-05,7.02447e-05,6.98085e-05,6.90133e-05,6.76898e-05,6.56885e-05,6.28924e-05,5.92289e-05,5.46797e-05,4.92886e-05,4.31648e-05,3.64842e-05,2.94839e-05,2.24546e-05,1.57268e-05,9.65463e-06,4.59597e-06,8.91268e-07,-1.1579e-06,-1.30919e-06,6.02892e-07,4.65324e-06,1.08175e-05,1.89688e-05,2.88807e-05,4.02357e-05,5.26389e-05,6.56357e-05,7.87332e-05,9.1423e-05,0.000103205,0.000113609,0.000122217,0.000128683,0.000132742,0.000134227,0.000133073,0.000129318,0.000123099,0.000114649,0.000104282,9.23772e-05,7.93645e-05,6.57036e-05,5.18683e-05,3.83383e-05,2.5594e-05,1.41116e-05,4.47031e-06,-2.71419e-06,-7.06552e-06,-8.54912e-06,-7.47703e-06,-4.41049e-06,0
0,-3.37179e-06,-5.82814e-06,-6.6998e-06,-5.66312e-06,-2.57291e-06,2.48582e-06,9.20915e-06,1.71477e-05,2.61144e-05,3.58636e-05,4.61293e-05,5.66258e-05,6.70455e-05,7.70608e-05,8.63336e-05,9.453e-05,0.000101338,0.000106484,0.000109755,0.000111007,0.000110177,0.000107295,0.000102477,9.59279e-05,8.79295e-05,7.88299e-05,6.90262e-05,5.89458e-05,4.90258e-05,3.96923e-05,3.134e-05,2.43138e-05,1.88936e-05,1.52822e-05,1.35982e-05,1.38725e-05,1.60508e-05,1.99991e-05,2.5514e-05,3.23358e-05,4.01636e-05,4.86728e-05,5.75313e-05,6.64165e-05,7.50299e-05,8.31098e-05,9.04414e-05,9.68633e-05,0.000102271,0.000106616,0.000109905,0.00011219,0.000113565,0.000114152,0.000114091,0.00011353,0.000112613,0.000111469,0.000110204,0.000108898,0.000107594,0.000106303,0.000105,0.000103632,0.000102118,0.000100362,9.82576e-05,9.56987e-05,9.2591e-05,8.8861e-05,8.44656e-05,7.94001e-05,7.37047e-05,6.74687e-05,6.0831e-05,5.39788e-05,4.71417e-05,4.05832e-05,3.45883e-05,2.94496e-05,2.54499e-05,2.28453e-05,2.18478e-05,2.26094e-05,2.52087e-05,2.96419e-05,3.5817e-05,4.35549e-05,5.25936e-05,6.25992e-05,7.31802e-05,8.39055e-05,9.43251e-05,0.000103991,0.00011248,0.000119411,0.000124464,0.000127397,0.000128052,0.000126362,0.000122359,0.000116162,0.000107979,9.80924e-05,8.68486e-05,7.46401e-05,6.18896e-05,4.90333e-05,3.65064e-05,2.47319e-05,1.41116e-05,5.01518e-06,-2.34379e-06,-7.47756e-06,-1.01137e-05,-1.02832e-05,-8.30971e-06,-4.70354e-06,0
0,-3.52417e-06,-6.31296e-06,-7.83821e-06,-7.83278e-06,-6.16263e-06,-2.88297e-06,1.76323e-06,7.69046e-06,1.47594e-05,2.2801e-05,3.1617e-05,4.09794e-05,5.06304e-05,6.02846e-05,6.9636e-05,7.83702e-05,8.61787e-05,9.27758e-05,9.79144e-05,0.000101402,0.000103111,0.000102991,0.000101071,9.74631e-05,9.23538e-05,8.59999e-05,7.87141e-05,7.08505e-05,6.27867e-05,5.49053e-05,4.75753e-05,4.1134e-05,3.5872e-05,3.20204e-05,2.97416e-05,2.91247e-05,3.01841e-05,3.28628e-05,3.70391e-05,4.25355e-05,4.9131e-05,5.65739e-05,6.45956e-05,7.29237e-05,8.12954e-05,8.94678e-05,9.72279e-05,0.000104399,0.000110845,0.000116475,0.000121237,0.000125122,0.000128155,0.000130389,0.000131899,0.00013277,0.000133093,0.000132953,0.000132426,0.000131568,0.000130418,0.000128989,0.000127276,0.000125251,0.000122875,0.000120098,0.00011687,0.000113146,0.000108892,0.000104099,9.87801e-05,9.29825e-05,8.6787e-05,8.03102e-05,7.37033e-05,6.71484e-05,6.08532e-05,5.5042e-05,4.99458e-05,4.57902e-05,4.2782e-05,4.10964e-05,4.08635e-05,4.21571e-05,4.4986e-05,4.92879e-05,5.49276e-05,6.16999e-05,6.93353e-05,7.7512e-05,8.58688e-05,9.40232e-05,0.000101589,0.000108195,0.000113504,0.000117228,0.000119145,0.000119104,0.000117038,0.000112963,0.000106975,9.92521e-05,9.0038e-05,7.96358e-05,6.83927e-05,5.66847e-05,4.49012e-05,3.34298e-05,2.2643e-05,1.28866e-05,4.47031e-06,-2.34379e-06,-7.353e-06,-1.06181e-05,-1.18166e-05,-1.1002e-05,-8.47293e-06,-4.6661e-06,0
0,-3.41247e-06,-6.25612e-06,-8.14117e-06,-8.8664e-06,-8.33071e-06,-6.59009e-06,-3.62911e-06,5.19102e-07,5.78694e-06,1.20742e-05,1.9248e-05,2.71421e-05,3.55569e-05,4.4261e-05,5.29967e-05,6.14889e-05,6.9457e-05,7.66286e-05,8.27546e-05,8.76228e-05,9.1071e-05,9.29973e-05,9.33667e-05,9.2215e-05,8.96477e-05,8.58352e-05,8.10052e-05,7.54304e-05,6.94149e-05,6.32791e-05,5.7343e-05,5.19107e-05,4.72565e-05,4.36125e-05,4.1159e-05,4.00191e-05,4.0255e-05,4.18693e-05,4.4808e-05,4.8967e-05,5.41998e-05,6.03267e-05,6.71459e-05,7.44429e-05,8.20008e-05,8.96099e-05,9.70753e-05,0.000104224,0.000110908,0.000117013,0.000122452,0.000127171,0.000131146,0.000134377,0.000136886,0.000138708,0.000139888,0.000140477,0.000140518,0.000140052,0.000139106,0.0001377,0.000135838,0.000133517,0.000130727,0.000127458,0.000123702,0.000119458,0.000114741,0.000109584,0.00010404,9.81876e-05,9.21283e-05,8.59878e-05,7.99127e-05,7.40665e-05,6.86235e-05,6.37619e-05,5.96557e-05,5.6465e-05,5.43267e-05,5.33447e-05,5.35818e-05,5.50517e-05,5.7714e-05,6.14716e-05,6.61712e-05,7.1607e-05,7.75276e-05,8.36467e-05,8.96551e-05,9.52359e-05,0.000100079,0.000103899,0.000106446,0.00010752,0.000106984,0.000104765,0.000100864,9.53495e-05,8.83613e-05,8.00988e-05,7.08142e-05,6.08002e-05,5.03775e-05,3.98804e-05,2.96433e-05,1.99875e-05,1.12092e-05,3.56952e-06,-2.71419e-06,-7.47756e-06,-1.06181e-05,-1.2105e-05,-1.22037e-05,-1.07612e-05,-8.02101e-06,-4.3313e-06,0
0,-3.06258e-06,-5.70552e-06,-7.66664e-06,-8.81305e-06,-9.09075e-06,-8.418e-06,-6.74937e-06,-4.07188e-06,-4.02829e-07,4.21069e-06,9.69098e-06,1.59287e-05,2.2782e-05,3.00781e-05,3.7616e-05,4.51735e-05,5.2516e-05,5.94074e-05,6.56219e-05,7.09569e-05,7.52438e-05,7.83585e-05,8.02286e-05,8.08381e-05,8.02293e-05,7.85004e-05,7.58012e-05,7.23244e-05,6.82963e-05,6.39642e-05,5.95842e-05,5.5408e-05,5.16714e-05,4.85835e-05,4.63179e-05,4.50067e-05,4.4737e-05,4.55492e-05,4.74387e-05,5.03589e-05,5.42258e-05,5.89247e-05,6.43166e-05,7.02457e-05,7.65468e-05,8.30522e-05,8.95983e-05,9.60314e-05,0.000102213,0.000108022,0.00011336,0.000118149,0.000122337,0.000125889,0.000128791,0.000131043,0.000132659,0.000133657,0.000134061,0.000133894,0.000133178,0.000131928,0.000130161,0.000127886,0.000125115,0.000121862,0.000118147,0.000113999,0.000109461,0.000104588,9.94545e-05,9.41484e-05,8.87744e-05,8.34505e-05,7.8305e-05,7.3472e-05,6.9087e-05,6.52805e-05,6.21723e-05,5.98649e-05,5.84367e-05,5.79368e-05,5.83789e-05,5.97377e-05,6.19465e-05,6.48969e-05,6.84402e-05,7.2392e-05,7.65388e-05,8.06463e-05,8.44704e-05,8.77683e-05,9.03106e-05,9.18932e-05,9.2348e-05,9.15517e-05,8.9433e-05,8.59765e-05,8.12244e-05,7.52749e-05,6.82781e-05,6.0429e-05,5.19592e-05,4.31261e-05,3.42018e-05,2.54608e-05,1.7169e-05,9.57264e-06,2.88873e-06,-2.70268e-06,-7.06552e-06,-1.01137e-05,-1.18166e-05,-1.22037e-05,-1.13686e-05,-9.66063e-06,-7.03437e-06,-3.74393e-06,0
0,-2.50757e-06,-4.72618e-06,-6.50345e-06,-7.76954e-06,-8.42696e-06,-8.39576e-06,-7.61926e-06,-6.06374e-06,-3.71832e-06,-5.9564e-07,3.26691e-06,7.80579e-06,1.29303e-05,1.85229e-05,2.44411e-05,3.05216e-05,3.65868e-05,4.2452e-05,4.79351e-05,5.28658e-05,5.7095e-05,6.05029e-05,6.30063e-05,6.45629e-05,6.51742e-05,6.48854e-05,6.37827e-05,6.19886e-05,5.96553e-05,5.69563e-05,5.40772e-05,5.12068e-05,4.85274e-05,4.62068e-05,4.43915e-05,4.32009e-05,4.27238e-05,4.30164e-05,4.41019e-05,4.5972e-05,4.8589e-05,5.18893e-05,5.57878e-05,6.01823e-05,6.49582e-05,6.99939e-05,7.51651e-05,8.03499e-05,8.54324e-05,9.03065e-05,9.48788e-05,9.90706e-05,0.000102819,0.000106075,0.000108809,0.000111,0.000112642,0.000113734,0.000114286,0.000114308,0.000113814,0.00011282,0.000111342,0.000109398,0.000107009,0.000104202,0.000101009,9.74702e-05,9.36382e-05,8.95744e-05,8.53516e-05,8.10525e-05,7.67685e-05,7.25968e-05,6.86378e-05,6.49913e-05,6.17525e-05,5.90082e-05,5.68321e-05,5.52813e-05,5.4392e-05,5.41763e-05,5.46198e-05,5.56798e-05,5.72846e-05,5.93347e-05,6.17046e-05,6.42474e-05,6.67994e-05,6.91872e-05,7.12355e-05,7.27752e-05,7.36522e-05,7.3735e-05,7.29226e-05,7.11498e-05,6.83917e-05,6.46658e-05,6.00319e-05,5.45902e-05,4.84768e-05,4.18584e-05,3.49242e-05,2.78781e-05,2.09289e-05,1.42819e-05,8.12927e-06,2.64283e-06,-2.03337e-06,-5.78843e-06,-8.54912e-06,-1.02832e-05,-1.1002e-05,-1.07612e-05,-9.66063e-06,-7.84137e-06,-5.61533e-06,-2.95757e-06,0
0,-1.78564e-06,-3.39725e-06,-4.76927e-06,-5.83148e-06,-6.51224e-06,-6.75045e-06,-6.4978e-06,-5.71986e-06,-4.39692e-06,-2.52496e-06,-1.16964e-07,2.79587e-06,6.16307e-06,9.91475e-06,1.39625e-05,1.82015e-05,2.25148e-05,2.67777e-05,3.08637e-05,3.46514e-05,3.80303e-05,4.0907e-05,4.32106e-05,4.48961e-05,4.5947e-05,4.63763e-05,4.62249e-05,4.55601e-05,4.44707e-05,4.30626e-05,4.14533e-05,3.97652e-05,3.81203e-05,3.66344e-05,3.54121e-05,3.45429e-05,3.40982e-05,3.41295e-05,3.46676e-05,3.57223e-05,3.72838e-05,3.93236e-05,4.17974e-05,4.4647e-05,4.78032e-05,5.11892e-05,5.47231e-05,5.83216e-05,6.19024e-05,6.53873e-05,6.87044e-05,7.17901e-05,7.45902e-05,7.70611e-05,7.91693e-05,8.08912e-05,8.22121e-05,8.31249e-05,8.3629e-05,8.37283e-05,8.3431e-05,8.27483e-05,8.16943e-05,8.02865e-05,7.85462e-05,7.64992e-05,7.41771e-05,7.16175e-05,6.88652e-05,6.59715e-05,6.29942e-05,5.99963e-05,5.70444e-05,5.42068e-05,5.15512e-05,4.91421e-05,4.70379e-05,4.52886e-05,4.39333e-05,4.29978e-05,4.24929e-05,4.24127e-05,4.27337e-05,4.34148e-05,4.43972e-05,4.56056e-05,4.69506e-05,4.83315e-05,4.96397e-05,5.07636e-05,5.15935e-05,5.20265e-05,5.19722e-05,5.13574e-05,5.01304e-05,4.82642e-05,4.57591e-05,4.26428e-05,3.89708e-05,3.48236e-05,3.0304e-05,2.55324e-05,2.06416e-05,1.57709e-05,1.10597e-05,6.6415e-06,2.63796e-06,-8.46343e-07,-3.72813e-06,-5.94886e-06,-7.47703e-06,-8.30971e-06,-8.47293e-06,-8.02101e-06,-7.03437e-06,-5.61533e-06,-3.88121e-06,-2.0305e-06,0
0,-9.37041e-07,-1.80742e-06,-2.5689e-06,-3.18407e-06,-3.61624e-06,-3.83237e-06,-3.80483e-06,-3.51235e-06,-2.94074e-06,-2.08358e-06,-9.42987e-07,4.69627e-07,2.13291e-06,4.01532e-06,6.07542e-06,8.26287e-06,1.05201e-05,1.27845e-05,1.49918e-05,1.70785e-05,1.89856e-05,2.06617e-05,2.20657e-05,2.31687e-05,2.39558e-05,2.44268e-05,2.45956e-05,2.44897e-05,2.41482e-05,2.36197e-05,2.29597e-05,2.22276e-05,2.14839e-05,2.07871e-05,2.01919e-05,1.97462e-05,1.94903e-05,1.94549e-05,1.96613e-05,2.01203e-05,2.08329e-05,2.17906e-05,2.29761e-05,2.43646e-05,2.59247e-05,2.762e-05,2.94104e-05,3.12538e-05,3.31076e-05,3.49302e-05,3.66822e-05,3.83278e-05,3.98356e-05,4.11791e-05,4.23371e-05,4.32936e-05,4.40376e-05,4.45624e-05,4.48654e-05,4.49472e-05,4.48113e-05,4.44638e-05,4.39128e-05,4.31692e-05,4.22463e-05,4.11602e-05,3.99304e-05,3.85797e-05,3.7134e-05,3.56229e-05,3.40785e-05,3.25349e-05,3.10273e-05,2.95909e-05,2.82593e-05,2.70638e-05,2.60312e-05,2.51834e-05,2.45358e-05,2.40965e-05,2.38658e-05,2.38355e-05,2.39888e-05,2.43003e-05,2.47368e-05,2.52579e-05,2.58169e-05,2.6363e-05,2.68427e-05,2.72024e-05,2.73903e-05,2.73593e-05,2.70696e-05,2.64903e-05,2.56018e-05,2.43972e-05,2.28831e-05,2.10795e-05,1.902e-05,1.67498e-05,1.43246e-05,1.18077e-05,9.26747e-06,6.77446e-06,4.39786e-06,2.20259e-06,2.46396e-07,-1.42268e-06,-2.76827e-06,-3.76722e-06,-4.41049e-06,-4.70354e-06,-4.6661e-06,-4.3313e-06,-3.74393e-06,-2.95757e-06,-2.0305e-06,-1.02015e-06,0
0,0,0,0,0,0,0,0,0,0,0,0,0,0,0,0,0,0,0,0,0,0,0,0,0,0,0,0,0,0,0,0,0,0,0,0,0,0,0,0,0,0,0,0,0,0,0,0,0,0,0,0,0,0,0,0,0,0,0,0,0,0,0,0,0,0,0,0,0,0,0,0,0,0,0,0,0,0,0,0,0,0,0,0,0,0,0,0,0,0,0,0,0,0,0,0,0,0,0,0,0,0,0,0,0,0,0,0,0,0,0,0,0,0,0,0,0,0,0,0
