0,0,0,0,0,0,0,0,0,0,0,0,0,0,0,0,0,0,0,0,0,0,0,0,0,0,0,0,0,0,0,0,0,0,0,0,0,0,0,0,0,0,0,0,0,0,0,0,0,0,0,0,0,0,0,0,0,0,0,0,0,0,0,0,0,0,0,0,0,0,0,0,0,0,0,0,0,0,0,0,0,0,0,0,0,0,0,0,0,0,0,0,0,0,0,0,0,0,0,0,0,0,0,0,0,0,0,0,0,0,0,0,0,0,0,0,0,0,0,0
0,2.05391e-06,4.08782e-06,6.13481e-06,8.1542e-06,1.00819e-05,1.18445e-05,1.33685e-05,1.45865e-05,1.5441e-05,1.58879e-05,1.58975e-05,1.54561e-05,1.45665e-05,1.32476e-05,1.15345e-05,9.4765e-06,7.1354e-06,4.58325e-06,1.89909e-06,-8.3434e-07,-3.53416e-06,-6.12097e-06,-8.52222e-06,-1.06753e-05,-1.253e-05,-1.40506e-05,-1.52168e-05,-1.60245e-05,-1.64852e-05,-1.66254e-05,-1.64844e-05,-1.61127e-05,-1.5569e-05,-1.49174e-05,-1.42242e-05,-1.3555e-05,-1.29713e-05,-1.25285e-05,-1.22728e-05,-1.22402e-05,-1.24547e-05,-1.29284e-05,-1.36613e-05,-1.46421e-05,-1.58493e-05,-1.72531e-05,-1.8817e-05,-2.04998e-05,-2.22576e-05,-2.40452e-05,-2.58182e-05,-2.75338e-05,-2.91524e-05,-3.06376e-05,-3.19579e-05,-3.30862e-05,-3.40008e-05,-3.46851e-05,-3.51283e-05,-3.53253e-05,-3.52766e-05,-3.49883e-05,-3.44719e-05,-3.3744e-05,-3.2826e-05,-3.17434e-05,-3.05256e-05,-2.92048e-05,-2.78161e-05,-2.63959e-05,-2.49818e-05,-2.36111e-05,-2.23202e-05,-2.11433e-05,-2.01109e-05,-1.92484e-05,-1.85749e-05,-1.81016e-05,-1.7831e-05,-1.77555e-05,-1.78574e-05,-1.81086e-05,-1.84717e-05,-1.89006e-05,-1.9343e-05,-1.97421e-05,-2.00395e-05,-2.01778e-05,-2.01041e-05,-1.97722e-05,-1.91456e-05,-1.81995e-05,-1.69222e-05,-1.53163e-05,-1.3399e-05,-1.12014e-05,-8.76756e-06,-6.1526e-06,-3.42073e-06,-6.42439e-07,2.10825e-06,4.75669e-06,7.23048e-06,9.46206e-06,1.13911e-05,1.29663e-05,1.41475e-05,1.4906e-05,1.52266e-05,1.5107e-05,1.45589e-05,1.3608e-05,1.22929e-05,1.06646e-05,8.78427e-06,6.71859e-06,4.53375e-06,2.28474e-06,0
0,4.08782e-06,8.30779e-06,1.24376e-05,1.6451e-05,2.02055e-05,2.35506e-05,2.63433e-05,2.84586e-05,2.97957e-05,3.02823e-05,2.9877e-05,2.85703e-05,2.63855e-05,2.33773e-05,1.96302e-05,1.52553e-05,1.0386e-05,5.17283e-06,-2.22951e-07,-5.63603e-06,-1.09041e-05,-1.58749e-05,-2.04125e-05,-2.44031e-05,-2.77592e-05,-3.04237e-05,-3.23707e-05,-3.36066e-05,-3.41688e-05,-3.4123e-05,-3.35598e-05,-3.25898e-05,-3.13381e-05,-2.99382e-05,-2.85256e-05,-2.72316e-05,-2.61774e-05,-2.54687e-05,-2.51914e-05,-2.54087e-05,-2.61587e-05,-2.74543e-05,-2.92839e-05,-3.16134e-05,-3.43889e-05,-3.75409e-05,-4.09879e-05,-4.4641e-05,-4.84074e-05,-5.21945e-05,-5.59124e-05,-5.9477e-05,-6.2811e-05,-6.5846e-05,-6.85227e-05,-7.07918e-05,-7.2614e-05,-7.39606e-05,-7.48131e-05,-7.51633e-05,-7.50134e-05,-7.43756e-05,-7.32716e-05,-7.17325e-05,-6.97981e-05,-6.75161e-05,-6.49416e-05,-6.2136e-05,-5.91665e-05,-5.61046e-05,-5.30252e-05,-5.00047e-05,-4.71192e-05,-4.44422e-05,-4.20419e-05,-3.99779e-05,-3.82985e-05,-3.70371e-05,-3.62094e-05,-3.58113e-05,-3.58175e-05,-3.61807e-05,-3.68328e-05,-3.76866e-05,-3.86393e-05,-3.95769e-05,-4.03793e-05,-4.0926e-05,-4.11026e-05,-4.08063e-05,-3.99517e-05,-3.84753e-05,-3.63394e-05,-3.35346e-05,-3.00807e-05,-2.60263e-05,-2.14474e-05,-1.64442e-05,-1.1137e-05,-5.66133e-06,-1.62693e-07,5.20947e-06,1.03073e-05,1.49899e-05,1.91284e-05,2.26101e-05,2.5342e-05,2.72536e-05,2.82994e-05,2.846e-05,2.7744e-05,2.6188e-05,2.38572e-05,2.08442e-05,1.72665e-05,1.326e-05,8.96907e-06,4.52946e-06,0
0,6.13481e-06,1.24376e-05,1.87941e-05,2.46885e-05,3.00491e-05,3.4645e-05,3.82731e-05,4.07684e-05,4.20105e-05,4.19257e-05,4.0489e-05,3.77234e-05,3.36991e-05,2.85304e-05,2.2372e-05,1.54129e-05,7.86944e-06,-2.33523e-08,-8.02142e-06,-1.58817e-05,-2.33723e-05,-3.02823e-05,-3.64304e-05,-4.16722e-05,-4.59059e-05,-4.90759e-05,-5.11744e-05,-5.22404e-05,-5.23574e-05,-5.16483e-05,-5.02694e-05,-4.84027e-05,-4.62469e-05,-4.40081e-05,-4.18902e-05,-4.00858e-05,-3.87672e-05,-3.80795e-05,-3.81341e-05,-3.90053e-05,-4.07282e-05,-4.32988e-05,-4.66766e-05,-5.07883e-05,-5.55334e-05,-6.07907e-05,-6.64247e-05,-7.22929e-05,-7.82514e-05,-8.41604e-05,-8.98887e-05,-9.53161e-05,-0.000100336,-0.000104858,-0.000108803,-0.00011211,-0.000114732,-0.000116635,-0.000117799,-0.000118216,-0.000117894,-0.000116849,-0.000115111,-0.00011272,-0.00010973,-0.000106201,-0.000102207,-9.78308e-05,-9.31631e-05,-8.83046e-05,-8.3363e-05,-7.84516e-05,-7.3687e-05,-6.9186e-05,-6.5061e-05,-6.14158e-05,-5.834e-05,-5.59035e-05,-5.41513e-05,-5.30994e-05,-5.27308e-05,-5.29945e-05,-5.38052e-05,-5.50454e-05,-5.657e-05,-5.82119e-05,-5.97896e-05,-6.11158e-05,-6.20069e-05,-6.22917e-05,-6.1821e-05,-6.04747e-05,-5.81688e-05,-5.48598e-05,-5.05476e-05,-4.5276e-05,-3.91315e-05,-3.22395e-05,-2.47598e-05,-1.68796e-05,-8.80609e-06,-7.58444e-07,7.04066e-06,1.43731e-05,2.1033e-05,2.68335e-05,3.16125e-05,3.52381e-05,3.76121e-05,3.86739e-05,3.84032e-05,3.68225e-05,3.39994e-05,3.00476e-05,2.51264e-05,1.94367e-05,1.32107e-05,6.70873e-06,0
0,8.1542e-06,1.6451e-05,2.46885e-05,3.25273e-05,3.91352e-05,4.44954e-05,4.83661e-05,5.05728e-05,5.10097e-05,4.96384e-05,4.64857e-05,4.16403e-05,3.52491e-05,2.75109e-05,1.86702e-05,9.00736e-06,-1.17185e-06,-1.15481e-05,-2.18014e-05,-3.16241e-05,-4.07335e-05,-4.88831e-05,-5.58726e-05,-6.15557e-05,-6.58453e-05,-6.87163e-05,-7.02055e-05,-7.04091e-05,-6.94773e-05,-6.76071e-05,-6.50324e-05,-6.20136e-05,-5.88254e-05,-5.5744e-05,-5.30346e-05,-5.09399e-05,-4.96687e-05,-4.93875e-05,-5.02138e-05,-5.22121e-05,-5.5393e-05,-5.97153e-05,-6.50902e-05,-7.13885e-05,-7.84494e-05,-8.60896e-05,-9.41135e-05,-0.000102322,-0.000110522,-0.000118532,-0.000126186,-0.000133341,-0.000139872,-0.000145679,-0.00015068,-0.000154814,-0.000158038,-0.000160323,-0.000161656,-0.000162036,-0.000161474,-0.000159993,-0.000157625,-0.000154416,-0.000150419,-0.0001457,-0.000140339,-0.000134425,-0.000128064,-0.000121373,-0.000114484,-0.000107542,-0.0001007,-9.41184e-05,-8.79589e-05,-8.2377e-05,-7.75153e-05,-7.34948e-05,-7.0407e-05,-6.83066e-05,-6.72052e-05,-6.70675e-05,-6.78099e-05,-6.93018e-05,-7.13699e-05,-7.38046e-05,-7.63698e-05,-7.88136e-05,-8.08802e-05,-8.23227e-05,-8.29154e-05,-8.24648e-05,-8.08198e-05,-7.78788e-05,-7.35954e-05,-6.7981e-05,-6.11046e-05,-5.30901e-05,-4.41116e-05,-3.43861e-05,-2.41648e-05,-1.37236e-05,-3.35198e-06,6.65662e-06,1.60157e-05,2.4455e-05,3.17291e-05,3.76248e-05,4.19678e-05,4.46285e-05,4.5527e-05,4.4639e-05,4.2001e-05,3.77159e-05,3.19584e-05,2.4977e-05,1.71342e-05,8.75974e-06,0
0,1.00819e-05,2.02055e-05,3.00491e-05,3.91352e-05,4.68831e-05,5.23604e-05,5.57407e-05,5.68849e-05,5.57472e-05,5.23671e-05,4.68615e-05,3.94178e-05,3.0286e-05,1.97695e-05,8.21461e-06,-4.00219e-06,-1.64887e-05,-2.8852e-05,-4.07138e-05,-5.17255e-05,-6.15819e-05,-7.00329e-05,-7.68926e-05,-8.20467e-05,-8.54551e-05,-8.71531e-05,-8.72486e-05,-8.59162e-05,-8.33894e-05,-7.99494e-05,-7.59131e-05,-7.16185e-05,-6.741e-05,-6.36228e-05,-6.05682e-05,-5.852e-05,-5.77018e-05,-5.82785e-05,-6.03493e-05,-6.39454e-05,-6.90304e-05,-7.55055e-05,-8.32164e-05,-9.19647e-05,-0.000101519,-0.00011163,-0.00012204,-0.000132497,-0.000142767,-0.000152635,-0.000161918,-0.000170461,-0.000178142,-0.000184865,-0.000190565,-0.000195195,-0.000198729,-0.000201158,-0.000202482,-0.000202712,-0.000201866,-0.00019997,-0.000197055,-0.00019316,-0.000188331,-0.000182626,-0.000176111,-0.000168872,-0.00016101,-0.000152644,-0.000143918,-0.000134995,-0.000126059,-0.000117308,-0.000108952,-0.000101203,-9.42624e-05,-8.83143e-05,-8.35116e-05,-7.99656e-05,-7.77368e-05,-7.68278e-05,-7.71793e-05,-7.86696e-05,-8.11178e-05,-8.42906e-05,-8.7912e-05,-9.16762e-05,-9.52613e-05,-9.83451e-05,-0.00010062,-0.00010181,-0.000101678,-0.000100045,-9.6792e-05,-9.18692e-05,-8.52971e-05,-7.71661e-05,-6.76329e-05,-5.69142e-05,-4.52786e-05,-3.30356e-05,-2.05242e-05,-8.10115e-06,3.87224e-06,1.50415e-05,2.50707e-05,3.36521e-05,4.05158e-05,4.54377e-05,4.82477e-05,4.88378e-05,4.71726e-05,4.33008e-05,3.7369e-05,2.96541e-05,2.05743e-05,1.0604e-05,0
0,1.18445e-05,2.35506e-05,3.4645e-05,4.44954e-05,5.23604e-05,5.76831e-05,5.97481e-05,5.90206e-05,5.55669e-05,4.95479e-05,4.12052e-05,3.08505e-05,1.88543e-05,5.63341e-06,-8.36327e-06,-2.2671e-05,-3.68264e-05,-5.03853e-05,-6.29396e-05,-7.41328e-05,-8.36729e-05,-9.13434e-05,-9.70098e-05,-0.000100624,-0.000102225,-0.000101933,-9.99497e-05,-9.65417e-05,-9.20338e-05,-8.67935e-05,-8.12158e-05,-7.57059e-05,-7.06626e-05,-6.64605e-05,-6.34339e-05,-6.18622e-05,-6.19577e-05,-6.38568e-05,-6.76153e-05,-7.32073e-05,-8.05293e-05,-8.9408e-05,-9.96116e-05,-0.000110864,-0.000122863,-0.000135291,-0.000147837,-0.000160207,-0.000172137,-0.000183399,-0.000193806,-0.000203213,-0.000211517,-0.00021865,-0.000224575,-0.000229281,-0.000232772,-0.000235066,-0.000236188,-0.000236163,-0.000235021,-0.000232785,-0.00022948,-0.000225131,-0.000219764,-0.000213411,-0.000206116,-0.000197938,-0.000188955,-0.000179276,-0.000169034,-0.0001584,-0.000147571,-0.000136776,-0.000126266,-0.000116303,-0.000107153,-9.90659e-05,-9.22665e-05,-8.69368e-05,-8.32038e-05,-8.11289e-05,-8.07002e-05,-8.18299e-05,-8.43548e-05,-8.80423e-05,-9.25993e-05,-9.76856e-05,-0.000102929,-0.000107942,-0.000112341,-0.000115763,-0.000117882,-0.000118424,-0.000117179,-0.000114009,-0.000108857,-0.000101747,-9.27836e-05,-8.21489e-05,-7.00943e-05,-5.6932e-05,-4.30233e-05,-2.87654e-05,-1.45778e-05,-8.88362e-07,1.18803e-05,2.33236e-05,3.30662e-05,4.07727e-05,4.61572e-05,4.89942e-05,4.91326e-05,4.65138e-05,4.11335e-05,3.32372e-05,2.33711e-05,1.21601e-05,0
0,1.33685e-05,2.63433e-05,3.82731e-05,4.83661e-05,5.57407e-05,5.97481e-05,6.01716e-05,5.68013e-05,5.03995e-05,4.12847e-05,2.98468e-05,1.65341e-05,1.84017e-06,-1.37106e-05,-2.95803e-05,-4.52363e-05,-6.01712e-05,-7.39218e-05,-8.60863e-05,-9.63387e-05,-0.000104439,-0.000110243,-0.000113702,-0.000114864,-0.000113871,-0.000110951,-0.000106406,-0.000100603,-9.3955e-05,-8.69081e-05,-7.99208e-05,-7.34469e-05,-6.79164e-05,-6.37171e-05,-6.11785e-05,-6.05573e-05,-6.20262e-05,-6.56671e-05,-7.14685e-05,-7.93278e-05,-8.90589e-05,-0.000100403,-0.000113047,-0.000126636,-0.0001408,-0.000155165,-0.000169379,-0.000183122,-0.000196118,-0.000208143,-0.000219028,-0.000228658,-0.000236968,-0.000243933,-0.000249564,-0.000253895,-0.000256974,-0.000258856,-0.000259594,-0.000259235,-0.000257815,-0.000255356,-0.000251872,-0.000247363,-0.000241825,-0.000235255,-0.000227655,-0.000219042,-0.00020946,-0.000198981,-0.000187717,-0.000175824,-0.000163501,-0.000150989,-0.000138569,-0.000126547,-0.000115242,-0.000104972,-9.60351e-05,-8.86922e-05,-8.31487e-05,-7.95414e-05,-7.79269e-05,-7.82749e-05,-8.04666e-05,-8.42971e-05,-8.9484e-05,-9.56786e-05,-0.000102482,-0.000109462,-0.000116172,-0.000122173,-0.00012705,-0.00013043,-0.000132002,-0.000131523,-0.000128834,-0.000123863,-0.000116631,-0.000107249,-9.5915e-05,-8.2909e-05,-6.85795e-05,-5.33335e-05,-3.76217e-05,-2.19232e-05,-6.73044e-06,7.46562e-06,2.01886e-05,3.0988e-05,3.94494e-05,4.52055e-05,4.79505e-05,4.7288e-05,4.30576e-05,3.55428e-05,2.5386e-05,1.33533e-05,0
0,1.45865e-05,2.84586e-05,4.07684e-05,5.05728e-05,5.68849e-05,5.90206e-05,5.68013e-05,5.05739e-05,4.07604e-05,2.83161e-05,1.37835e-05,-2.25905e-06,-1.92098e-05,-3.6458e-05,-5.34033e-05,-6.94768e-05,-8.41622e-05,-9.70154e-05,-0.00010768,-0.0001159,-0.000121524,-0.000124511,-0.000124927,-0.000122939,-0.000118809,-0.000112877,-0.000105552,-9.72915e-05,-8.85882e-05,-7.99485e-05,-7.18738e-05,-6.48413e-05,-5.92849e-05,-5.5577e-05,-5.40134e-05,-5.48e-05,-5.80443e-05,-6.37509e-05,-7.18226e-05,-8.20662e-05,-9.42044e-05,-0.000107891,-0.00012273,-0.0001383,-0.000154171,-0.000169931,-0.000185202,-0.000199657,-0.00021303,-0.00022512,-0.000235796,-0.00024499,-0.000252689,-0.000258928,-0.000263774,-0.000267317,-0.000269657,-0.000270889,-0.0002711,-0.000270357,-0.000268704,-0.000266161,-0.000262721,-0.000258359,-0.000253032,-0.000246691,-0.000239285,-0.000230782,-0.000221171,-0.000210477,-0.000198773,-0.000186183,-0.000172891,-0.000159136,-0.000145209,-0.000131447,-0.000118212,-0.000105881,-9.48208e-05,-8.53704e-05,-7.78195e-05,-7.23907e-05,-6.9224e-05,-6.83668e-05,-6.97678e-05,-7.3277e-05,-7.86506e-05,-8.55605e-05,-9.36085e-05,-0.000102343,-0.000111279,-0.000119917,-0.000127767,-0.000134363,-0.000139291,-0.000142195,-0.0001428,-0.000140918,-0.00013646,-0.000129437,-0.000119959,-0.000108237,-9.45715e-05,-7.93437e-05,-6.30016e-05,-4.60449e-05,-2.90081e-05,-1.24445e-05,3.08774e-06,1.7037e-05,2.88657e-05,3.80576e-05,4.3852e-05,4.55924e-05,4.30358e-05,3.64441e-05,2.65107e-05,1.41211e-05,0
0,1.5441e-05,2.97957e-05,4.20105e-05,5.10097e-05,5.57472e-05,5.55669e-05,5.03995e-05,4.07604e-05,2.75806e-05,1.18129e-05,-5.56184e-06,-2.38627e-05,-4.24126e-05,-6.05494e-05,-7.76465e-05,-9.31361e-05,-0.000106532,-0.000117448,-0.000125609,-0.000130862,-0.000133176,-0.000132638,-0.000129445,-0.000123895,-0.000116372,-0.000107328,-9.7269e-05,-8.67319e-05,-7.62684e-05,-6.64234e-05,-5.77161e-05,-5.06201e-05,-4.55453e-05,-4.28213e-05,-4.26839e-05,-4.52646e-05,-5.05848e-05,-5.85555e-05,-6.89819e-05,-8.15739e-05,-9.59615e-05,-0.000111715,-0.000128367,-0.000145437,-0.000162458,-0.000178994,-0.000194665,-0.000209154,-0.000222226,-0.00023372,-0.000243559,-0.000251733,-0.000258294,-0.000263343,-0.000267011,-0.000269448,-0.000270804,-0.000271219,-0.000270813,-0.00026967,-0.000267845,-0.000265348,-0.000262156,-0.000258211,-0.000253428,-0.000247707,-0.000240944,-0.000233043,-0.000223935,-0.000213587,-0.00020202,-0.000189314,-0.00017562,-0.000161157,-0.000146215,-0.00013114,-0.000116324,-0.000102186,-8.91534e-05,-7.7637e-05,-6.80081e-05,-6.05779e-05,-5.55783e-05,-5.31475e-05,-5.33199e-05,-5.60224e-05,-6.1075e-05,-6.81976e-05,-7.70212e-05,-8.7103e-05,-9.79442e-05,-0.000109011,-0.000119754,-0.000129634,-0.000138138,-0.000144804,-0.000149236,-0.000151122,-0.000150243,-0.000146489,-0.000139858,-0.00013046,-0.000118515,-0.000104342,-8.83525e-05,-7.10306e-05,-5.29187e-05,-3.45985e-05,-1.66756e-05,2.29254e-07,1.54823e-05,2.81105e-05,3.70622e-05,4.1504e-05,4.10489e-05,3.58748e-05,2.66734e-05,1.44177e-05,0
0,1.58879e-05,3.02823e-05,4.19257e-05,4.96384e-05,5.23671e-05,4.95479e-05,4.12847e-05,2.83161e-05,1.18129e-05,-6.90963e-06,-2.66525e-05,-4.65498e-05,-6.58997e-05,-8.40326e-05,-0.000100335,-0.000114279,-0.000125444,-0.000133534,-0.00013839,-0.000139985,-0.000138426,-0.000133942,-0.000126869,-0.000117635,-0.00010674,-9.47385e-05,-8.22148e-05,-6.97663e-05,-5.79814e-05,-4.74194e-05,-3.85916e-05,-3.19424e-05,-2.78332e-05,-2.65274e-05,-2.81801e-05,-3.28307e-05,-4.04011e-05,-5.06992e-05,-6.34284e-05,-7.8202e-05,-9.45631e-05,-0.000112008,-0.000130012,-0.000148055,-0.000165647,-0.000182352,-0.000197805,-0.00021172,-0.000223906,-0.00023426,-0.000242765,-0.000249479,-0.000254524,-0.000258067,-0.000260302,-0.000261437,-0.000261672,-0.000261187,-0.000260129,-0.000258603,-0.000256665,-0.000254321,-0.000251527,-0.000248194,-0.000244197,-0.000239386,-0.0002336,-0.000226683,-0.000218503,-0.000208964,-0.000198028,-0.000185723,-0.000172155,-0.000157511,-0.000142058,-0.000126137,-0.000110152,-9.45495e-05,-7.98012e-05,-6.63772e-05,-5.47227e-05,-4.5234e-05,-3.82355e-05,-3.39624e-05,-3.25458e-05,-3.40047e-05,-3.82424e-05,-4.50495e-05,-5.41111e-05,-6.5019e-05,-7.72877e-05,-9.03729e-05,-0.000103693,-0.000116651,-0.000128657,-0.000139151,-0.000147624,-0.000153638,-0.000156845,-0.000156999,-0.000153969,-0.000147743,-0.000138433,-0.00012627,-0.000111593,-9.48392e-05,-7.65221e-05,-5.72126e-05,-3.75191e-05,-1.80817e-05,1.11293e-07,1.58575e-05,2.79006e-05,3.51947e-05,3.71587e-05,3.38295e-05,2.5842e-05,1.42161e-05,0
0,1.58975e-05,2.9877e-05,4.0489e-05,4.64857e-05,4.68615e-05,4.12052e-05,2.98468e-05,1.37835e-05,-5.56184e-06,-2.66525e-05,-4.81125e-05,-6.87975e-05,-8.80679e-05,-0.000105292,-0.000119905,-0.000131448,-0.000139599,-0.000144179,-0.00014516,-0.000142662,-0.000136935,-0.000128354,-0.000117388,-0.000104586,-9.05514e-05,-7.59203e-05,-6.1338e-05,-4.74388e-05,-3.48244e-05,-2.40453e-05,-1.5582e-05,-9.82839e-06,-7.07754e-06,-7.50982e-06,-1.11854e-05,-1.80411e-05,-2.78927e-05,-4.0443e-05,-5.52954e-05,-7.19736e-05,-8.99442e-05,-0.000108644,-0.000127507,-0.000145992,-0.000163608,-0.000179935,-0.00019464,-0.000207487,-0.000218338,-0.000227156,-0.000233991,-0.00023897,-0.000242282,-0.000244156,-0.000244846,-0.000244608,-0.000243687,-0.000242294,-0.000240601,-0.000238726,-0.000236728,-0.000234606,-0.000232298,-0.000229687,-0.000226611,-0.000222877,-0.000218272,-0.000212584,-0.00020562,-0.000197225,-0.000187298,-0.000175811,-0.000162816,-0.000148457,-0.000132966,-0.000116665,-9.99502e-05,-8.32787e-05,-6.71491e-05,-5.20766e-05,-3.85675e-05,-2.70935e-05,-1.80669e-05,-1.18186e-05,-8.58029e-06,-8.47113e-06,-1.14903e-05,-1.75148e-05,-2.63032e-05,-3.75036e-05,-5.06668e-05,-6.5263e-05,-8.0701e-05,-9.63502e-05,-0.000111564,-0.000125702,-0.000138159,-0.00014838,-0.000155891,-0.000160312,-0.000161375,-0.000158938,-0.000152985,-0.000143638,-0.00013114,-0.000115853,-9.82323e-05,-7.88017e-05,-5.81207e-05,-3.7008e-05,-1.65626e-05,1.84548e-06,1.67628e-05,2.69179e-05,3.15022e-05,3.03627e-05,2.40245e-05,1.35097e-05,0
0,1.54561e-05,2.85703e-05,3.77234e-05,4.16403e-05,3.94178e-05,3.08505e-05,1.65341e-05,-2.25905e-06,-2.38627e-05,-4.65498e-05,-6.87975e-05,-8.94235e-05,-0.000107692,-0.000123136,-0.000135251,-0.000143675,-0.000148198,-0.000148777,-0.000145529,-0.00013872,-0.000128747,-0.000116118,-0.000101427,-8.53261e-05,-6.85024e-05,-5.16529e-05,-3.54613e-05,-2.05764e-05,-7.59239e-06,2.96961e-06,1.06782e-05,1.52062e-05,1.63428e-05,1.40014e-05,8.22429e-06,-8.18605e-07,-1.28366e-05,-2.74308e-05,-4.41123e-05,-6.23256e-05,-8.14751e-05,-0.000100954,-0.000120174,-0.000138592,-0.000155733,-0.00017121,-0.000184737,-0.000196136,-0.000205335,-0.000212362,-0.000217337,-0.000220451,-0.000221953,-0.000222128,-0.000221277,-0.000219696,-0.000217663,-0.000215413,-0.000213136,-0.000210958,-0.000208939,-0.000207071,-0.000205276,-0.000203418,-0.000201304,-0.000198705,-0.000195365,-0.000191025,-0.000185441,-0.000178399,-0.000169743,-0.000159386,-0.000147324,-0.000133649,-0.000118551,-0.000102314,-8.53148e-05,-6.80034e-05,-5.08885e-05,-3.45133e-05,-1.943e-05,-6.17319e-06,4.76704e-06,1.297e-05,1.81062e-05,1.99544e-05,1.84143e-05,1.35129e-05,5.40561e-06,-5.62791e-06,-1.91934e-05,-3.47957e-05,-5.1856e-05,-6.97327e-05,-8.77442e-05,-0.000105194,-0.000121394,-0.000135695,-0.000147506,-0.000156323,-0.000161744,-0.000163493,-0.000161424,-0.000155534,-0.000145957,-0.00013296,-0.000116925,-9.83112e-05,-7.76887e-05,-5.57958e-05,-3.38481e-05,-1.33409e-05,4.10383e-06,1.6996e-05,2.42831e-05,2.55853e-05,2.12691e-05,1.23123e-05,0
0,1.45665e-05,2.63855e-05,3.36991e-05,3.52491e-05,3.0286e-05,1.88543e-05,1.84017e-06,-1.92098e-05,-4.24126e-05,-6.58997e-05,-8.80679e-05,-0.000107692,-0.000124135,-0.000137049,-0.000146014,-0.000150775,-0.000151256,-0.000147555,-0.000139934,-0.000128806,-0.000114702,-9.82539e-05,-8.01578e-05,-6.11509e-05,-4.19823e-05,-2.33883e-05,-6.06903e-06,9.33183e-06,2.22462e-05,3.21986e-05,3.88205e-05,4.18629e-05,4.12056e-05,3.6862e-05,2.89793e-05,1.78335e-05,3.8181e-06,-1.25736e-05,-3.07708e-05,-5.01521e-05,-7.00753e-05,-8.99078e-05,-0.000109056,-0.000126991,-0.000143272,-0.000157558,-0.000169624,-0.000179354,-0.000186744,-0.00019189,-0.000194974,-0.000196246,-0.000196006,-0.000194579,-0.000192304,-0.000189503,-0.000186474,-0.00018347,-0.000180686,-0.000178255,-0.000176235,-0.000174613,-0.000173301,-0.000172146,-0.000170936,-0.000169417,-0.000167302,-0.000164295,-0.00016011,-0.000154488,-0.00014722,-0.000138165,-0.000127263,-0.000114551,-0.000100166,-8.43489e-05,-6.74407e-05,-4.987e-05,-3.21392e-05,-1.48029e-05,1.55645e-06,1.6356e-05,2.90402e-05,3.91081e-05,4.61386e-05,4.98117e-05,4.99256e-05,4.64073e-05,3.9319e-05,2.88576e-05,1.53491e-05,-7.62192e-07,-1.89282e-05,-3.85163e-05,-5.88316e-05,-7.91408e-05,-9.86991e-05,-0.000116777,-0.00013269,-0.000145819,-0.000155643,-0.000161754,-0.000163879,-0.000161886,-0.000155793,-0.000145763,-0.000132098,-0.000115223,-9.55356e-05,-7.37313e-05,-5.10645e-05,-2.90982e-05,-9.5794e-06,5.80671e-06,1.57628e-05,1.96586e-05,1.76609e-05,1.06575e-05,0
0,1.32476e-05,2.33773e-05,2.85304e-05,2.75109e-05,1.97695e-05,5.63341e-06,-1.37106e-05,-3.6458e-05,-6.05494e-05,-8.40326e-05,-0.000105292,-0.000123136,-0.000137049,-0.000146822,-0.000152137,-0.000152866,-0.000149072,-0.000140998,-0.00012905,-0.000113771,-9.5818e-05,-7.59225e-05,-5.4866e-05,-3.34468e-05,-1.24539e-05,7.35858e-06,2.52935e-05,4.073e-05,5.31416e-05,6.21107e-05,6.73422e-05,6.86729e-05,6.60778e-05,5.96725e-05,4.97086e-05,3.65646e-05,2.07297e-05,2.78229e-06,-1.66374e-05,-3.68569e-05,-5.72039e-05,-7.70369e-05,-9.57747e-05,-0.00011292,-0.000128078,-0.000140969,-0.000151431,-0.000159418,-0.000164994,-0.000168317,-0.000169625,-0.000169214,-0.000167421,-0.000164602,-0.000161113,-0.000157292,-0.000153445,-0.000149829,-0.000146641,-0.000144012,-0.000141998,-0.000140582,-0.000139672,-0.000139107,-0.000138665,-0.000138077,-0.000137041,-0.000135236,-0.000132348,-0.000128082,-0.000122187,-0.000114474,-0.000104829,-9.32338e-05,-7.97692e-05,-6.46239e-05,-4.8092e-05,-3.05676e-05,-1.25315e-05,5.4659e-06,2.28283e-05,3.89394e-05,5.31916e-05,6.50154e-05,7.3907e-05,7.94538e-05,8.1355e-05,7.94383e-05,7.3669e-05,6.41552e-05,5.11452e-05,3.50207e-05,1.62841e-05,-4.4586e-06,-2.65179e-05,-4.91454e-05,-7.15595e-05,-9.29741e-05,-0.000112627,-0.000129808,-0.000143889,-0.000154345,-0.000160777,-0.000162931,-0.000160702,-0.000154145,-0.000143466,-0.000129018,-0.000111056,-9.01643e-05,-6.75647e-05,-4.48262e-05,-2.3768e-05,-6.23368e-06,6.24886e-06,1.27877e-05,1.3319e-05,8.59725e-06,0
0,1.15345e-05,1.96302e-05,2.2372e-05,1.86702e-05,8.21461e-06,-8.36327e-06,-2.95803e-05,-5.34033e-05,-7.76465e-05,-0.000100335,-0.000119905,-0.000135251,-0.000146014,-0.000152137,-0.000153425,-0.000149887,-0.000141727,-0.000129328,-0.000113228,-9.40923e-05,-7.26756e-05,-4.97926e-05,-2.62841e-05,-2.9872e-06,1.92916e-05,3.98003e-05,5.78624e-05,7.28951e-05,8.44252e-05,9.21029e-05,9.5713e-05,9.51823e-05,9.05833e-05,8.21325e-05,7.01825e-05,5.52079e-05,3.77848e-05,1.85644e-05,-1.75737e-06,-2.24733e-05,-4.2898e-05,-6.23988e-05,-8.04237e-05,-9.65218e-05,-0.000110358,-0.00012172,-0.000130517,-0.000136774,-0.000140617,-0.000142262,-0.00014199,-0.000140131,-0.000137045,-0.000133101,-0.00012866,-0.000124061,-0.000119605,-0.000115541,-0.000112062,-0.000109294,-0.000107289,-0.000106028,-0.000105418,-0.0001053,-0.000105453,-0.000105605,-0.000105451,-0.000104662,-0.000102906,-9.98666e-05,-9.52617e-05,-8.8861e-05,-8.05044e-05,-7.01177e-05,-5.77243e-05,-4.3454e-05,-2.75464e-05,-1.03481e-05,7.69474e-06,2.60518e-05,4.41282e-05,6.12898e-05,7.68915e-05,9.03077e-05,0.000100963,0.000108359,0.000112104,0.000111928,0.0001077,9.94363e-05,8.73023e-05,7.16083e-05,5.27998e-05,3.14424e-05,8.20312e-06,-1.61733e-05,-4.08896e-05,-6.51242e-05,-8.8061e-05,-0.000108918,-0.00012698,-0.000141619,-0.000152327,-0.00015873,-0.000160608,-0.000157898,-0.000150704,-0.000139286,-0.000123751,-0.00010453,-8.27587e-05,-5.99513e-05,-3.79422e-05,-1.86876e-05,-3.91917e-06,5.2121e-06,8.39029e-06,6.19957e-06,0
0,9.4765e-06,1.52553e-05,1.54129e-05,9.00736e-06,-4.00219e-06,-2.2671e-05,-4.52363e-05,-6.94768e-05,-9.31361e-05,-0.000114279,-0.000131448,-0.000143675,-0.000150775,-0.000152866,-0.000149887,-0.000141986,-0.000129505,-0.000112961,-9.30065e-05,-7.04056e-05,-4.59923e-05,-2.06379e-05,4.78074e-06,2.94107e-05,5.24484e-05,7.31618e-05,9.09096e-05,0.000105158,0.000115497,0.00012165,0.000123486,0.000121022,0.000114428,0.000104017,9.02369e-05,7.36508e-05,5.49104e-05,3.47269e-05,1.38362e-05,-7.03595e-06,-2.72081e-05,-4.60735e-05,-6.31245e-05,-7.79702e-05,-9.03451e-05,-0.000100111,-0.000107251,-0.000111857,-0.000114115,-0.000114286,-0.000112683,-0.000109657,-0.000105576,-0.000100806,-9.56989e-05,-9.05791e-05,-8.57316e-05,-8.13924e-05,-7.77408e-05,-7.48932e-05,-7.2899e-05,-7.17387e-05,-7.13247e-05,-7.15049e-05,-7.20687e-05,-7.27559e-05,-7.32678e-05,-7.32808e-05,-7.24615e-05,-7.0483e-05,-6.70426e-05,-6.18792e-05,-5.47916e-05,-4.56543e-05,-3.44327e-05,-2.11946e-05,-6.11787e-06,1.05075e-05,2.82827e-05,4.67108e-05,6.52131e-05,8.31522e-05,9.98597e-05,0.000114667,0.000126939,0.000136102,0.000141679,0.000143308,0.000140765,0.000133975,0.000123019,0.000108131,8.96913e-05,6.82155e-05,4.43341e-05,1.87724e-05,-7.67546e-06,-3.41734e-05,-5.98731e-05,-8.39437e-05,-0.000105602,-0.000124141,-0.000138956,-0.000149569,-0.000155648,-0.000157018,-0.000153672,-0.000145767,-0.00013325,-0.000116371,-9.61351e-05,-7.39481e-05,-5.16025e-05,-3.11148e-05,-1.4384e-05,-2.80532e-06,3.04341e-06,3.54524e-06,0
0,7.1354e-06,1.0386e-05,7.86944e-06,-1.17185e-06,-1.64887e-05,-3.68264e-05,-6.01712e-05,-8.41622e-05,-0.000106532,-0.000125444,-0.000139599,-0.000148198,-0.000151256,-0.000149072,-0.000141727,-0.000129505,-0.000112882,-9.24866e-05,-6.9071e-05,-4.34734e-05,-1.65817e-05,1.07002e-05,3.74827e-05,6.29182e-05,8.62234e-05,0.000106701,0.000123755,0.000136911,0.000145825,0.000150297,0.000150281,0.000145884,0.000137367,0.000125138,0.000109732,9.17897e-05,7.20267e-05,5.12004e-05,3.00718e-05,9.36899e-06,-1.02469e-05,-2.821e-05,-4.4071e-05,-5.7509e-05,-6.8336e-05,-7.64913e-05,-8.20311e-05,-8.51111e-05,-8.59676e-05,-8.48964e-05,-8.22327e-05,-7.83324e-05,-7.3556e-05,-6.82545e-05,-6.27577e-05,-5.73648e-05,-5.23359e-05,-4.78848e-05,-4.41736e-05,-4.13075e-05,-3.93314e-05,-3.82283e-05,-3.79195e-05,-3.8267e-05,-3.90781e-05,-4.01123e-05,-4.10899e-05,-4.17032e-05,-4.16286e-05,-4.05405e-05,-3.81267e-05,-3.41047e-05,-2.82388e-05,-2.03574e-05,-1.03695e-05,1.7203e-06,1.58003e-05,3.16443e-05,4.89105e-05,6.71468e-05,8.58034e-05,0.000104253,0.000121818,0.000137798,0.000151509,0.000162314,0.000169658,0.000173094,0.000172311,0.000167144,0.000157591,0.000143807,0.000126107,0.000104947,8.09119e-05,5.46956e-05,2.70733e-05,-1.12268e-06,-2.90324e-05,-5.57974e-05,-8.05904e-05,-0.000102645,-0.00012128,-0.000135932,-0.000146165,-0.0001517,-0.000152418,-0.000148371,-0.000139332,-0.000125356,-0.000107281,-8.63606e-05,-6.42898e-05,-4.30911e-05,-2.47864e-05,-1.09897e-05,-2.53931e-06,7.2425e-07,0
0,4.58325e-06,5.17283e-06,-2.33523e-08,-1.15481e-05,-2.8852e-05,-5.03853e-05,-7.39218e-05,-9.70154e-05,-0.000117448,-0.000133534,-0.000144179,-0.000148777,-0.000147555,-0.000140998,-0.000129328,-0.000112961,-9.24866e-05,-6.86314e-05,-4.2221e-05,-1.41439e-05,1.46831e-05,4.33473e-05,7.09677e-05,9.67192e-05,0.000119854,0.000139718,0.000155771,0.000167599,0.000174928,0.000177636,0.000175756,0.000169485,0.000159171,0.000145307,0.000128508,0.000109482,8.89963e-05,6.78416e-05,4.6789e-05,2.6554e-05,7.76296e-06,-9.07208e-06,-2.35705e-05,-3.54897e-05,-4.47229e-05,-5.12882e-05,-5.53115e-05,-5.70061e-05,-5.66499e-05,-5.45635e-05,-5.10905e-05,-4.65806e-05,-4.13757e-05,-3.58001e-05,-3.01519e-05,-2.46974e-05,-1.96656e-05,-1.5244e-05,-1.15746e-05,-8.75013e-06,-6.81143e-06,-5.74557e-06,-5.48553e-06,-5.91147e-06,-6.85379e-06,-8.09793e-06,-9.39073e-06,-1.04485e-05,-1.09662e-05,-1.06289e-05,-9.12381e-06,-6.15529e-06,-1.46045e-06,5.17322e-06,1.38898e-05,2.47472e-05,3.77017e-05,5.25955e-05,6.91506e-05,8.69685e-05,0.000105539,0.000124255,0.000142441,0.000159378,0.000174343,0.000186644,0.000195657,0.000200858,0.000201852,0.000198394,0.000190397,0.000177944,0.000161278,0.000140796,0.000117033,9.06408e-05,6.23641e-05,3.30168e-05,3.45277e-06,-2.54619e-05,-5.28775e-05,-7.79892e-05,-0.000100064,-0.000118464,-0.000132674,-0.000142317,-0.000147169,-0.000147174,-0.000141931,-0.000131289,-0.000115898,-9.68196e-05,-7.56044e-05,-5.42265e-05,-3.47812e-05,-1.90667e-05,-8.17007e-06,-2.16847e-06,0
0,1.89909e-06,-2.22951e-07,-8.02142e-06,-2.18014e-05,-4.07138e-05,-6.29396e-05,-8.60863e-05,-0.00010768,-0.000125609,-0.00013839,-0.00014516,-0.000145529,-0.000139934,-0.00012905,-0.000113228,-9.30065e-05,-6.9071e-05,-4.2221e-05,-1.33312e-05,1.66838e-05,4.69027e-05,7.64249e-05,0.000104396,0.000130027,0.000152615,0.000171558,0.000186373,0.000196709,0.00020236,0.000203279,0.000199578,0.000191535,0.000179581,0.000164287,0.000146338,0.0001265,0.00010558,8.43894e-05,6.36957e-05,4.41893e-05,2.64503e-05,1.09266e-05,-2.07711e-06,-1.2401e-05,-2.00208e-05,-2.50309e-05,-2.76225e-05,-2.80588e-05,-2.66505e-05,-2.37331e-05,-1.96488e-05,-1.47313e-05,-9.29624e-06,-3.63401e-06,1.994e-06,7.35824e-06,1.22629e-05,1.65483e-05,2.00927e-05,2.28155e-05,2.46795e-05,2.56926e-05,2.59091e-05,2.54293e-05,2.43977e-05,2.30006e-05,2.14614e-05,2.00357e-05,1.90049e-05,1.86679e-05,1.93313e-05,2.12978e-05,2.48511e-05,3.02391e-05,3.76548e-05,4.72163e-05,5.89473e-05,7.27603e-05,8.84447e-05,0.000105662,0.000123947,0.000142725,0.000161327,0.000179027,0.000195072,0.000208722,0.000219293,0.000226191,0.000228945,0.000227231,0.000220889,0.000209925,0.000194519,0.000175007,0.000151871,0.000125716,9.72516e-05,6.72605e-05,3.65768e-05,6.05709e-06,-2.3446e-05,-5.11103e-05,-7.61694e-05,-9.79375e-05,-0.000115832,-0.000129395,-0.000138308,-0.00014241,-0.000141132,-0.000134113,-0.000121807,-0.000105055,-8.5221e-05,-6.41811e-05,-4.40518e-05,-2.6775e-05,-1.36643e-05,-5.03744e-06,0
0,-8.3434e-07,-5.63603e-06,-1.58817e-05,-3.16241e-05,-5.17255e-05,-7.41328e-05,-9.63387e-05,-0.0001159,-0.000130862,-0.000139985,-0.000142662,-0.00013872,-0.000128806,-0.000113771,-9.40923e-05,-7.04056e-05,-4.34734e-05,-1.41439e-05,1.66838e-05,4.80936e-05,7.91802e-05,0.000109073,0.000136958,0.000162092,0.000183824,0.000201606,0.000215012,0.000223752,0.000227687,0.000226838,0.000221393,0.000211706,0.000198283,0.000181766,0.000162901,0.000142503,0.000121408,0.000100435,8.03405e-05,6.17778e-05,4.52722e-05,3.12017e-05,1.97906e-05,1.11153e-05,5.1195e-06,1.63674e-06,4.1709e-07,1.15499e-06,3.51516e-06,7.15471e-06,1.174e-05,1.69583e-05,2.25241e-05,2.81826e-05,3.37093e-05,3.89103e-05,4.36212e-05,4.77076e-05,5.10663e-05,5.36271e-05,5.53556e-05,5.6255e-05,5.63678e-05,5.57761e-05,5.46019e-05,5.30047e-05,5.11802e-05,4.93566e-05,4.77912e-05,4.67651e-05,4.65766e-05,4.75309e-05,4.99282e-05,5.40469e-05,6.01245e-05,6.83352e-05,7.87676e-05,9.14035e-05,0.000106101,0.000122582,0.000140434,0.000159115,0.000177975,0.000196282,0.000213261,0.000228133,0.00024016,0.000248683,0.000253162,0.0002532,0.000248565,0.000239199,0.000225218,0.0002069,0.000184677,0.000159108,0.00013086,0.00010068,6.93722e-05,3.77704e-05,6.71406e-06,-2.29758e-05,-5.05201e-05,-7.52038e-05,-9.6398e-05,-0.00011358,-0.000126351,-0.000134455,-0.00013716,-0.000133909,-0.000124954,-0.000110903,-9.29006e-05,-7.26782e-05,-5.23242e-05,-3.38774e-05,-1.88488e-05,-7.79101e-06,0
0,-3.53416e-06,-1.09041e-05,-2.33723e-05,-4.07335e-05,-6.15819e-05,-8.36729e-05,-0.000104439,-0.000121524,-0.000133176,-0.000138426,-0.000136935,-0.000128747,-0.000114702,-9.5818e-05,-7.26756e-05,-4.59923e-05,-1.65817e-05,1.46831e-05,4.69027e-05,7.91802e-05,0.000110644,0.000140469,0.000167888,0.000192211,0.00021284,0.000229281,0.000241162,0.000248251,0.000250469,0.000247903,0.000240809,0.000229611,0.000214885,0.000197335,0.000177762,0.000157018,0.000135962,0.000115413,9.6105e-05,7.86495e-05,6.3512e-05,5.09978e-05,4.1251e-05,3.42672e-05,2.99141e-05,2.79592e-05,2.81012e-05,2.9999e-05,3.32991e-05,3.76561e-05,4.27473e-05,4.82814e-05,5.40013e-05,5.96837e-05,6.5136e-05,7.01935e-05,7.47172e-05,7.85924e-05,8.17297e-05,8.40669e-05,8.55717e-05,8.62437e-05,8.6117e-05,8.52611e-05,8.37808e-05,8.18164e-05,7.95418e-05,7.71643e-05,7.49219e-05,7.3081e-05,7.19323e-05,7.17834e-05,7.29482e-05,7.5732e-05,8.04119e-05,8.72137e-05,9.62865e-05,0.000107678,0.000121311,0.000136971,0.000154295,0.000172779,0.000191791,0.0002106,0.000228412,0.000244414,0.000257819,0.000267908,0.000274076,0.000275861,0.000272965,0.000265268,0.000252829,0.000235875,0.000214789,0.000190088,0.000162397,0.000132424,0.000100937,6.87387e-05,3.66431e-05,5.45447e-06,-2.40528e-05,-5.11537e-05,-7.51921e-05,-9.55994e-05,-0.000111913,-0.000123793,-0.000130362,-0.00013088,-0.000125406,-0.000114311,-9.84972e-05,-7.95154e-05,-5.93774e-05,-4.01717e-05,-2.35699e-05,-1.03456e-05,0
0,-6.12097e-06,-1.58749e-05,-3.02823e-05,-4.88831e-05,-7.00329e-05,-9.13434e-05,-0.000110243,-0.000124511,-0.000132638,-0.000133942,-0.000128354,-0.000116118,-9.82539e-05,-7.59225e-05,-4.97926e-05,-2.06379e-05,1.07002e-05,4.33473e-05,7.64249e-05,0.000109073,0.000140469,0.000169838,0.000196469,0.000219727,0.000239063,0.000254033,0.000264317,0.000269732,0.000270257,0.000266037,0.000257389,0.000244803,0.000228916,0.000210491,0.000190374,0.000169449,0.000148591,0.000128612,0.000110219,9.39796e-05,8.02989e-05,6.94104e-05,6.13826e-05,5.61354e-05,5.34675e-05,5.30884e-05,5.46517e-05,5.7787e-05,6.21257e-05,6.73206e-05,7.30581e-05,7.90631e-05,8.5099e-05,9.09643e-05,9.64874e-05,0.000101522,0.000105943,0.000109648,0.000112554,0.000114604,0.000115767,0.000116042,0.00011546,0.000114087,0.000112021,0.000109394,0.000106371,0.000103149,9.99557e-05,9.70518e-05,9.47255e-05,9.32891e-05,9.30706e-05,9.43996e-05,9.75889e-05,0.000102911,0.000110569,0.00012067,0.0001332,0.000148,0.000164756,0.000182998,0.000202115,0.000221378,0.000239975,0.000257061,0.000271802,0.000283425,0.000291264,0.000294795,0.000293659,0.000287681,0.000276869,0.000261405,0.00024163,0.00021802,0.000191164,0.000161732,0.000130455,9.80986e-05,6.54429e-05,3.32642e-05,2.3176e-06,-2.66786e-05,-5.30593e-05,-7.62286e-05,-9.56769e-05,-0.000110998,-0.000121185,-0.000125338,-0.000123341,-0.000115331,-0.000101961,-8.45699e-05,-6.50521e-05,-4.54981e-05,-2.76997e-05,-1.26292e-05,0
0,-8.52222e-06,-2.04125e-05,-3.64304e-05,-5.58726e-05,-7.68926e-05,-9.70098e-05,-0.000113702,-0.000124927,-0.000129445,-0.000126869,-0.000117388,-0.000101427,-8.01578e-05,-5.4866e-05,-2.62841e-05,4.78074e-06,3.74827e-05,7.09677e-05,0.000104396,0.000136958,0.000167888,0.000196469,0.000222048,0.000244037,0.000261937,0.000275348,0.000283992,0.000287733,0.000286597,0.000280781,0.000270663,0.000256786,0.000239846,0.000220656,0.000200105,0.000179104,0.000158537,0.000139208,0.000121798,0.000106829,9.46506e-05,8.54302e-05,7.91674e-05,7.57156e-05,7.48132e-05,7.61193e-05,7.92491e-05,8.38061e-05,8.94069e-05,9.56988e-05,0.00010237,0.000109149,0.000115809,0.000122152,0.000128012,0.000133245,0.000137728,0.000141356,0.000144046,0.000145742,0.000146415,0.000146067,0.000144736,0.000142495,0.000139449,0.000135739,0.000131537,0.000127045,0.000122497,0.000118159,0.000114326,0.000111321,0.000109489,0.000109183,0.000110748,0.000114498,0.000120684,0.000129465,0.000140881,0.000154823,0.000171021,0.000189035,0.000208271,0.000227998,0.000247388,0.000265563,0.000281643,0.000294804,0.00030432,0.00030961,0.000310259,0.000306041,0.000296921,0.00028304,0.000264706,0.000242362,0.000216564,0.000187949,0.000157213,0.000125083,9.23013e-05,5.96088e-05,2.77305e-05,-2.63612e-06,-3.0833e-05,-5.62544e-05,-7.8362e-05,-9.67002e-05,-0.000110153,-0.000117685,-0.000119033,-0.000114117,-0.000103335,-8.78017e-05,-6.92557e-05,-4.97457e-05,-3.1141e-05,-1.45845e-05,0
0,-1.06753e-05,-2.44031e-05,-4.16722e-05,-6.15557e-05,-8.20467e-05,-0.000100624,-0.000114864,-0.000122939,-0.000123895,-0.000117635,-0.000104586,-8.53261e-05,-6.11509e-05,-3.34468e-05,-2.9872e-06,2.94107e-05,6.29182e-05,9.67192e-05,0.000130027,0.000162092,0.000192211,0.000219727,0.000244037,0.000264603,0.000280963,0.000292755,0.000299737,0.000301812,0.000299045,0.000291682,0.000280149,0.000265044,0.000247113,0.000227217,0.00020628,0.00018524,0.00016499,0.000146325,0.000129902,0.000116206,0.000105537,9.80054e-05,9.35537e-05,9.19789e-05,9.29691e-05,9.6141e-05,0.000101076,0.000107353,0.000114569,0.000122358,0.000130396,0.000138403,0.000146135,0.000153384,0.000159964,0.000165715,0.000170497,0.000174191,0.000176705,0.000177977,0.000177983,0.000176736,0.00017429,0.000170738,0.000166215,0.000160887,0.000154955,0.000148647,0.000142221,0.000135964,0.000130191,0.000125245,0.000121493,0.000119312,0.000119077,0.000121138,0.000125785,0.000133225,0.000143538,0.000156659,0.000172352,0.000190201,0.000209621,0.000229878,0.000250123,0.000269442,0.000286911,0.000301651,0.000312882,0.000319964,0.000322434,0.000320018,0.000312642,0.000300417,0.000283622,0.000262675,0.000238109,0.000210533,0.00018061,0.000149035,0.000116511,8.37382e-05,5.14053e-05,2.01784e-05,-9.30475e-06,-3.64447e-05,-6.06909e-05,-8.1556e-05,-9.7836e-05,-0.000108392,-0.000112841,-0.000110909,-0.000102754,-8.92521e-05,-7.19641e-05,-5.2856e-05,-3.38312e-05,-1.61712e-05,0
0,-1.253e-05,-2.77592e-05,-4.59059e-05,-6.58453e-05,-8.54551e-05,-0.000102225,-0.000113871,-0.000118809,-0.000116372,-0.00010674,-9.05514e-05,-6.85024e-05,-4.19823e-05,-1.24539e-05,1.92916e-05,5.24484e-05,8.62234e-05,0.000119854,0.000152615,0.000183824,0.00021284,0.000239063,0.000261937,0.000280963,0.000295711,0.000305849,0.00031116,0.000311578,0.000307203,0.000298321,0.0002854,0.000269089,0.000250179,0.000229576,0.000208238,0.000187129,0.000167151,0.000149099,0.00013361,0.000121143,0.000111957,0.000106121,0.000103532,0.000103944,0.000107006,0.000112297,0.00011937,0.000127776,0.000137085,0.000146905,0.000156884,0.000166707,0.000176093,0.000184794,0.000192583,0.000199258,0.000204643,0.00020859,0.000210987,0.000211765,0.000210905,0.000208438,0.000204448,0.000199071,0.000192486,0.000184912,0.0001766,0.000167829,0.000158903,0.000150149,0.000141917,0.000134581,0.000128536,0.000124186,0.000121935,0.000122163,0.000125195,0.000131269,0.000140505,0.000152865,0.000168138,0.000185925,0.000205641,0.00022654,0.000247747,0.000268311,0.000287259,0.000303657,0.000316668,0.000325599,0.000329937,0.000329368,0.000323784,0.000313269,0.000298085,0.000278632,0.000255427,0.00022906,0.000200171,0.000169422,0.000137483,0.000105014,7.26613e-05,4.10546e-05,1.08001e-05,-1.75219e-05,-4.33642e-05,-6.62244e-05,-8.4832e-05,-9.79735e-05,-0.000105183,-0.000106023,-0.000100427,-8.90388e-05,-7.32206e-05,-5.48232e-05,-3.5744e-05,-1.73669e-05,0
0,-1.40506e-05,-3.04237e-05,-4.90759e-05,-6.87163e-05,-8.71531e-05,-0.000101933,-0.000110951,-0.000112877,-0.000107328,-9.47385e-05,-7.59203e-05,-5.16529e-05,-2.33883e-05,7.35858e-06,3.98003e-05,7.31618e-05,0.000106701,0.000139718,0.000171558,0.000201606,0.000229281,0.000254033,0.000275348,0.000292755,0.000305849,0.000314314,0.000317954,0.000316725,0.000310753,0.000300356,0.000286046,0.000268509,0.000248584,0.000227216,0.000205401,0.000184127,0.000164316,0.000146764,0.000132106,0.00012078,0.000113026,0.000108884,0.000108221,0.00011076,0.000116121,0.000123855,0.000133484,0.000144525,0.000156516,0.000169018,0.000181628,0.000193973,0.000205706,0.000216508,0.000226082,0.000234161,0.000240508,0.000244931,0.000247289,0.000247502,0.000245558,0.000241519,0.000235515,0.00022774,0.000218446,0.00020793,0.000196519,0.00018457,0.000172454,0.000160559,0.000149289,0.000139058,0.000130298,0.000123444,0.000118928,0.000117156,0.000118478,0.000123162,0.000131347,0.000143019,0.000157978,0.00017583,0.000195982,0.000217668,0.000239981,0.000261924,0.000282472,0.000300634,0.000315516,0.000326369,0.000332635,0.00033396,0.000330208,0.000321446,0.000307921,0.000290028,0.000268273,0.000243239,0.000215549,0.000185843,0.000154758,0.00012292,9.09331e-05,5.93844e-05,2.88428e-05,-1.40956e-07,-2.70365e-05,-5.13415e-05,-7.17392e-05,-8.69716e-05,-9.65257e-05,-9.98338e-05,-9.66349e-05,-8.73481e-05,-7.31312e-05,-5.56932e-05,-3.68886e-05,-1.81677e-05,0
0,-1.52168e-05,-3.23707e-05,-5.11744e-05,-7.02055e-05,-8.72486e-05,-9.99497e-05,-0.000106406,-0.000105552,-9.7269e-05,-8.22148e-05,-6.1338e-05,-3.54613e-05,-6.06903e-06,2.52935e-05,5.78624e-05,9.09096e-05,0.000123755,0.000155771,0.000186373,0.000215012,0.000241162,0.000264317,0.000283992,0.000299737,0.00031116,0.000317954,0.000319934,0.000317066,0.000309499,0.000297577,0.000281844,0.000263027,0.000242005,0.000219765,0.000197341,0.000175753,0.000155947,0.000138735,0.000124759,0.00011446,0.000108067,0.000105613,0.000106949,0.000111783,0.000119713,0.000130268,0.000142939,0.000157204,0.000172548,0.000188472,0.000204496,0.000220158,0.000235014,0.000248644,0.000260648,0.000270665,0.000278377,0.000283528,0.000285939,0.000285517,0.000282264,0.000276281,0.000267763,0.000256988,0.000244305,0.000230114,0.000214851,0.000198973,0.000182946,0.000167238,0.000152321,0.000138665,0.000126744,0.000117028,0.000109976,0.000106016,0.000105522,0.000108774,0.00011593,0.000126983,0.000141738,0.000159792,0.000180535,0.00020317,0.000226749,0.000250225,0.000272513,0.000292563,0.000309418,0.000322277,0.000330534,0.0003338,0.000331914,0.000324931,0.000313091,0.000296791,0.000276539,0.000252916,0.000226539,0.000198034,0.000168015,0.000137075,0.00010578,7.46751e-05,4.42861e-05,1.51276e-05,-1.22975e-05,-3.75005e-05,-5.9136e-05,-7.59295e-05,-8.73569e-05,-9.27587e-05,-9.17096e-05,-8.44247e-05,-7.18577e-05,-5.55591e-05,-3.73086e-05,-1.85875e-05,0
0,-1.60245e-05,-3.36066e-05,-5.22404e-05,-7.04091e-05,-8.59162e-05,-9.65417e-05,-0.000100603,-9.72915e-05,-8.67319e-05,-6.97663e-05,-4.74388e-05,-2.05764e-05,9.33183e-06,4.073e-05,7.28951e-05,0.000105158,0.000136911,0.000167599,0.000196709,0.000223752,0.000248251,0.000269732,0.000287733,0.000301812,0.000311578,0.000316725,0.000317066,0.000312575,0.000303411,0.000289939,0.000272731,0.00025255,0.000230316,0.000207057,0.00018385,0.000161755,0.000141751,0.000124683,0.000111214,0.000101802,9.66904e-05,9.59173e-05,9.9337e-05,0.000106653,0.000117452,0.000131244,0.000147485,0.000165608,0.000185031,0.000205172,0.000225448,0.000245278,0.000264088,0.000281321,0.000296444,0.000308971,0.000318479,0.000324632,0.000327202,0.00032608,0.000321291,0.000312988,0.00030145,0.000287065,0.000270306,0.000251708,0.000231841,0.00021129,0.000190638,0.000170454,0.000151291,0.000133686,0.00011816,0.000105222,9.5356e-05,8.90114e-05,8.65755e-05,8.83415e-05,9.44719e-05,0.000104961,0.000119607,0.000137988,0.000159469,0.000183212,0.000208219,0.000233382,0.000257554,0.000279616,0.000298551,0.000313497,0.000323804,0.000329049,0.00032905,0.000323852,0.000313699,0.000298995,0.000280258,0.000258078,0.000233077,0.000205876,0.000177073,0.000147235,0.000116896,8.65577e-05,5.67054e-05,2.78114e-05,3.434e-07,-2.52343e-05,-4.75625e-05,-6.53751e-05,-7.81714e-05,-8.52386e-05,-8.60219e-05,-8.05588e-05,-6.96091e-05,-5.45555e-05,-3.70783e-05,-1.8657e-05,0
0,-1.64852e-05,-3.41688e-05,-5.23574e-05,-6.94773e-05,-8.33894e-05,-9.20338e-05,-9.3955e-05,-8.85882e-05,-7.62684e-05,-5.79814e-05,-3.48244e-05,-7.59239e-06,2.22462e-05,5.31416e-05,8.44252e-05,0.000115497,0.000145825,0.000174928,0.00020236,0.000227687,0.000250469,0.000270257,0.000286597,0.000299045,0.000307203,0.000310753,0.000309499,0.000303411,0.000292653,0.000277604,0.000258859,0.000237215,0.000213632,0.000189182,0.000164992,0.00014217,0.000121744,0.000104602,9.14482e-05,8.2777e-05,7.88619e-05,7.97648e-05,8.53573e-05,9.53505e-05,0.000109329,0.000126784,0.000147137,0.000169765,0.000194008,0.000219177,0.000244559,0.000269427,0.000293042,0.000314675,0.000333626,0.000349255,0.000361008,0.00036845,0.000371295,0.000369418,0.000362871,0.000351879,0.000336828,0.000318239,0.000296741,0.000273032,0.000247847,0.000221925,0.000195984,0.000170711,0.000146752,0.000124715,0.000105175,8.86762e-05,7.57287e-05,6.67989e-05,6.22852e-05,6.24874e-05,6.75688e-05,7.75182e-05,9.21179e-05,0.000110923,0.000133261,0.000158246,0.00018482,0.000211809,0.000237992,0.00026218,0.000283284,0.000300388,0.000312789,0.000320034,0.000321921,0.000318493,0.000309999,0.000296858,0.00027961,0.000258862,0.000235248,0.000209394,0.000181894,0.000153296,0.000124107,9.47929e-05,6.57959e-05,3.75454e-05,1.04695e-05,-1.50006e-05,-3.75036e-05,-5.58025e-05,-6.94514e-05,-7.77208e-05,-7.99647e-05,-7.60732e-05,-6.66302e-05,-5.28508e-05,-3.62983e-05,-1.84208e-05,0
0,-1.66254e-05,-3.4123e-05,-5.16483e-05,-6.76071e-05,-7.99494e-05,-8.67935e-05,-8.69081e-05,-7.99485e-05,-6.64234e-05,-4.74194e-05,-2.40453e-05,2.96961e-06,3.21986e-05,6.21107e-05,9.21029e-05,0.00012165,0.000150297,0.000177636,0.000203279,0.000226838,0.000247903,0.000266037,0.000280781,0.000291682,0.000298321,0.000300356,0.000297577,0.000289939,0.000277604,0.000260958,0.000240618,0.00021741,0.000192334,0.000166516,0.000141135,0.000117361,9.62833e-05,7.88494e-05,6.58219e-05,5.77476e-05,5.49477e-05,5.75235e-05,6.53767e-05,7.82367e-05,9.56922e-05,0.000117219,0.000142204,0.000169958,0.000199731,0.000230711,0.000262034,0.000292792,0.000322051,0.000348876,0.000372366,0.000391692,0.000406144,0.000415172,0.000418417,0.00041574,0.000407229,0.000393198,0.000374163,0.000350811,0.000323957,0.000294495,0.00026335,0.000231439,0.000199634,0.000168749,0.000139529,0.000112655,8.87532e-05,6.84009e-05,5.21311e-05,4.04238e-05,3.36863e-05,3.22225e-05,3.61947e-05,4.55833e-05,6.01522e-05,7.94274e-05,0.000102693,0.000129007,0.000157246,0.00018616,0.000214449,0.000240844,0.000264185,0.000283488,0.000298004,0.000307245,0.000310992,0.000309287,0.000302392,0.000290748,0.00027492,0.000255543,0.000233275,0.000208755,0.000182582,0.000155295,0.00012738,9.92724e-05,7.13765e-05,4.40791e-05,1.77654e-05,-7.17115e-06,-2.93755e-05,-4.76562e-05,-6.16489e-05,-7.06422e-05,-7.39359e-05,-7.13081e-05,-6.31904e-05,-5.06386e-05,-3.50895e-05,-1.79357e-05,0
0,-1.64844e-05,-3.35598e-05,-5.02694e-05,-6.50324e-05,-7.59131e-05,-8.12158e-05,-7.99208e-05,-7.18738e-05,-5.77161e-05,-3.85916e-05,-1.5582e-05,1.06782e-05,3.88205e-05,6.73422e-05,9.5713e-05,0.000123486,0.000150281,0.000175756,0.000199578,0.000221393,0.000240809,0.000257389,0.000270663,0.000280149,0.0002854,0.000286046,0.000281844,0.000272731,0.000258859,0.000240618,0.000218639,0.000193779,0.000167083,0.000139731,0.000112968,8.80333e-05,6.60915e-05,4.81664e-05,3.5093e-05,2.74869e-05,2.57301e-05,2.99762e-05,4.01674e-05,5.60603e-05,7.72533e-05,0.000103212,0.000133285,0.000166721,0.000202667,0.000240176,0.000278212,0.000315663,0.000351368,0.000384151,0.000412873,0.000436487,0.000454096,0.000465011,0.000468792,0.000465282,0.000454619,0.000437222,0.000413768,0.000385141,0.000352376,0.000316596,0.000278945,0.000240536,0.00020241,0.000165513,0.000130687,9.86798e-05,7.01601e-05,4.57316e-05,2.59426e-05,1.12838e-05,2.17041e-06,-1.08835e-06,1.67052e-06,1.04208e-05,2.49095e-05,4.46319e-05,6.88262e-05,9.64921e-05,0.000126432,0.000157314,0.000187753,0.000216392,0.000241991,0.000263501,0.000280117,0.000291317,0.000296866,0.000296805,0.000291414,0.000281161,0.000266644,0.000248533,0.000227518,0.000204262,0.000179376,0.000153402,0.000126812,0.000100018,7.33914e-05,4.7279e-05,2.20238e-05,-2.02208e-06,-2.3514e-05,-4.13171e-05,-5.51707e-05,-6.44121e-05,-6.83233e-05,-6.66064e-05,-5.95707e-05,-4.81283e-05,-3.35875e-05,-1.72669e-05,0
0,-1.61127e-05,-3.25898e-05,-4.84027e-05,-6.20136e-05,-7.16185e-05,-7.57059e-05,-7.34469e-05,-6.48413e-05,-5.06201e-05,-3.19424e-05,-9.82839e-06,1.52062e-05,4.18629e-05,6.86729e-05,9.51823e-05,0.000121022,0.000145884,0.000169485,0.000191535,0.000211706,0.000229611,0.000244803,0.000256786,0.000265044,0.000269089,0.000268509,0.000263027,0.00025255,0.000237215,0.00021741,0.000193779,0.000167211,0.000138799,0.000109783,8.14808e-05,5.52158e-05,3.22383e-05,1.36605e-05,4.03224e-07,-6.83833e-06,-7.61052e-06,-1.6991e-06,1.08864e-05,2.99362e-05,5.50648e-05,8.57324e-05,0.000121258,0.000160825,0.00020348,0.000248134,0.000293567,0.00033844,0.000381337,0.000420808,0.000455437,0.000483922,0.000505146,0.000518256,0.000522719,0.000518358,0.00050537,0.000484303,0.000456026,0.000421659,0.000382495,0.000339919,0.000295325,0.000250039,0.000205279,0.000162118,0.000121487,8.41846e-05,5.0906e-05,2.22665e-05,-1.17965e-06,-1.89359e-05,-3.05786e-05,-3.57891e-05,-3.43968e-05,-2.64274e-05,-1.21449e-05,7.91947e-06,3.29605e-05,6.19165e-05,9.3514e-05,0.000126334,0.000158898,0.000189758,0.000217587,0.000241261,0.000259921,0.000273004,0.000280259,0.00028173,0.000277713,0.000268708,0.000255352,0.000238359,0.000218456,0.000196339,0.000172641,0.000147914,0.000122627,9.71773e-05,7.19077e-05,4.71304e-05,2.31484e-05,2.72371e-07,-2.01645e-05,-3.70901e-05,-5.03639e-05,-5.93973e-05,-6.34883e-05,-6.22996e-05,-5.60516e-05,-4.55349e-05,-3.19353e-05,-1.6485e-05,0
0,-1.5569e-05,-3.13381e-05,-4.62469e-05,-5.88254e-05,-6.741e-05,-7.06626e-05,-6.79164e-05,-5.92849e-05,-4.55453e-05,-2.78332e-05,-7.07754e-06,1.63428e-05,4.12056e-05,6.60778e-05,9.05833e-05,0.000114428,0.000137367,0.000159171,0.000179581,0.000198283,0.000214885,0.000228916,0.000239846,0.000247113,0.000250179,0.000248584,0.000242005,0.000230316,0.000213632,0.000192334,0.000167083,0.000138799,0.000108625,7.78688e-05,4.79309e-05,2.02253e-05,-3.9006e-06,-2.32372e-05,-3.67697e-05,-4.37164e-05,-4.35472e-05,-3.59827e-05,-2.098e-05,1.28981e-06,3.04646e-05,6.60087e-05,0.000107221,0.000153232,0.000202997,0.000255288,0.000308692,0.000361632,0.000412408,0.000459261,0.000500459,0.000534399,0.000559707,0.000575337,0.000580641,0.000575422,0.000559945,0.000534918,0.000501435,0.000460895,0.000414898,0.00036513,0.000313262,0.000260853,0.000209297,0.000159785,0.000113314,7.0708e-05,3.26618e-05,-2.19508e-07,-2.73901e-05,-4.83536e-05,-6.26761e-05,-7.00212e-05,-7.01996e-05,-6.32235e-05,-4.93565e-05,-2.91465e-05,-3.43664e-06,2.66533e-05,5.97734e-05,9.44149e-05,0.000129001,0.000161985,0.00019195,0.000217692,0.000238288,0.000253136,0.000261965,0.000264818,0.000262012,0.000254079,0.000241702,0.000225638,0.000206661,0.00018551,0.000162845,0.000139239,0.000115166,9.10149e-05,6.71099e-05,4.37343e-05,2.11551e-05,-3.56265e-07,-1.94756e-05,-3.51948e-05,-4.75037e-05,-5.59083e-05,-5.97517e-05,-5.86935e-05,-5.29004e-05,-4.30695e-05,-3.0277e-05,-1.56625e-05,0
0,-1.49174e-05,-2.99382e-05,-4.40081e-05,-5.5744e-05,-6.36228e-05,-6.64605e-05,-6.37171e-05,-5.5577e-05,-4.28213e-05,-2.65274e-05,-7.50982e-06,1.40014e-05,3.6862e-05,5.96725e-05,8.21325e-05,0.000104017,0.000125138,0.000145307,0.000164287,0.000181766,0.000197335,0.000210491,0.000220656,0.000227217,0.000229576,0.000227216,0.000219765,0.000207057,0.000189182,0.000166516,0.000139731,0.000109783,7.78688e-05,4.53704e-05,1.37764e-05,-1.54014e-05,-4.07127e-05,-6.08455e-05,-7.46884e-05,-8.13723e-05,-8.02908e-05,-7.11e-05,-5.37038e-05,-2.82301e-05,4.99115e-06,4.5443e-05,9.24231e-05,0.000145032,0.000202153,0.000262433,0.000324273,0.000385846,0.000445145,0.000500061,0.0005485,0.000588507,0.000618401,0.000636904,0.000643229,0.000637151,0.000619018,0.000589726,0.000550645,0.000503505,0.000450264,0.000392961,0.000333575,0.000273918,0.000215553,0.00015977,0.000107595,5.98405e-05,1.71608e-05,-1.98798e-05,-5.07637e-05,-7.50019e-05,-9.21469e-05,-0.000101833,-0.000103834,-9.81328e-05,-8.49737e-05,-6.49081e-05,-3.8806e-05,-7.83884e-06,2.65697e-05,6.28207e-05,9.92371e-05,0.00013417,0.000166106,0.000193756,0.00021613,0.000232579,0.00024281,0.000246864,0.000245075,0.000238012,0.000226399,0.000211046,0.000192778,0.000172377,0.000150545,0.000127879,0.000104867,8.19e-05,5.92911e-05,3.73018e-05,1.61695e-05,-3.86973e-06,-2.14949e-05,-3.5758e-05,-4.6784e-05,-5.41874e-05,-5.73815e-05,-5.60559e-05,-5.03604e-05,-4.09302e-05,-2.87512e-05,-1.48709e-05,0
0,-1.42242e-05,-2.85256e-05,-4.18902e-05,-5.30346e-05,-6.05682e-05,-6.34339e-05,-6.11785e-05,-5.40134e-05,-4.26839e-05,-2.81801e-05,-1.11854e-05,8.22429e-06,2.89793e-05,4.97086e-05,7.01825e-05,9.02369e-05,0.000109732,0.000128508,0.000146338,0.000162901,0.000177762,0.000190374,0.000200105,0.00020628,0.000208238,0.000205401,0.000197341,0.00018385,0.000164992,0.000141135,0.000112968,8.14808e-05,4.79309e-05,1.37764e-05,-1.94023e-05,-4.99922e-05,-7.64386e-05,-9.73286e-05,-0.000111457,-0.000117873,-0.000115899,-0.000105134,-8.54286e-05,-5.68645e-05,-1.97269e-05,2.55075e-05,7.81652e-05,0.000137352,0.000201914,0.000270403,0.000341049,0.000411771,0.000480229,0.000543922,0.000600333,0.000647088,0.000682139,0.00070392,0.000711474,0.000704537,0.000683554,0.000649648,0.000604519,0.000550299,0.000489375,0.000424197,0.000357099,0.000290158,0.000225101,0.000163282,0.00010571,5.31253e-05,6.09162e-06,-3.49093e-05,-6.9414e-05,-9.69492e-05,-0.000117048,-0.000129298,-0.000133417,-0.000129332,-0.00011725,-9.77057e-05,-7.15823e-05,-4.00931e-05,-4.72914e-06,3.28232e-05,7.07867e-05,0.000107409,0.000141074,0.000170405,0.000194341,0.000212183,0.000223606,0.00022865,0.000227663,0.000221245,0.000210165,0.000195286,0.000177483,0.000157591,0.000136355,0.000114403,9.22489e-05,7.02908e-05,4.884e-05,2.81448e-05,8.42069e-06,-1.01255e-05,-2.61676e-05,-3.88095e-05,-4.83099e-05,-5.43998e-05,-5.65818e-05,-5.46058e-05,-4.86405e-05,-3.92938e-05,-2.74853e-05,-1.41768e-05,0
0,-1.3555e-05,-2.72316e-05,-4.00858e-05,-5.09399e-05,-5.852e-05,-6.18622e-05,-6.05573e-05,-5.48e-05,-4.52646e-05,-3.28307e-05,-1.80411e-05,-8.18605e-07,1.78335e-05,3.65646e-05,5.52079e-05,7.36508e-05,9.17897e-05,0.000109482,0.0001265,0.000142503,0.000157018,0.000169449,0.000179104,0.00018524,0.000187129,0.000184127,0.000175753,0.000161755,0.00014217,0.000117361,8.80333e-05,5.52158e-05,2.02253e-05,-1.54014e-05,-4.99922e-05,-8.18347e-05,-0.000109275,-0.000130805,-0.000145137,-0.000151248,-0.000148405,-0.000136154,-0.000114301,-8.28745e-05,-4.20987e-05,7.62111e-06,6.56838e-05,0.000131252,0.000203189,0.000279997,0.000359761,0.00044015,0.000518463,0.000591752,0.000656997,0.000711323,0.000752225,0.000777781,0.000786816,0.000779009,0.000754921,0.000715948,0.000664194,0.000602284,0.000533126,0.000459664,0.000384642,0.000310424,0.000238888,0.000171405,0.000108898,5.19599e-05,9.93095e-07,-4.36566e-05,-8.16103e-05,-0.00011242,-0.000135587,-0.000150636,-0.000157198,-0.00015512,-0.000144545,-0.000125971,-0.000100278,-6.87096e-05,-3.28146e-05,5.63846e-06,4.47755e-05,8.27403e-05,0.000117817,0.000148536,0.000173762,0.000192739,0.000205112,0.000210909,0.00021049,0.000204482,0.000193697,0.000179045,0.000161456,0.000141817,0.000120917,9.94277e-05,7.78874e-05,5.67138e-05,3.62242e-05,1.66629e-05,-1.76793e-06,-1.88826e-05,-3.33393e-05,-4.42814e-05,-5.20942e-05,-5.66272e-05,-5.74859e-05,-5.45054e-05,-4.79075e-05,-3.83085e-05,-2.65901e-05,-1.364e-05,0
0,-1.29713e-05,-2.61774e-05,-3.87672e-05,-4.96687e-05,-5.77018e-05,-6.19577e-05,-6.20262e-05,-5.80443e-05,-5.05848e-05,-4.04011e-05,-2.78927e-05,-1.28366e-05,3.8181e-06,2.07297e-05,3.77848e-05,5.49104e-05,7.20267e-05,8.89963e-05,0.00010558,0.000121408,0.000135962,0.000148591,0.000158537,0.00016499,0.000167151,0.000164316,0.000155947,0.000141751,0.000121744,9.62833e-05,6.60915e-05,3.22383e-05,-3.9006e-06,-4.07127e-05,-7.64386e-05,-0.000109275,-0.000137477,-0.000159459,-0.000173863,-0.000179615,-0.000175939,-0.000162348,-0.000138604,-0.000104677,-6.07059e-05,-6.98157e-06,5.60269e-05,0.000127611,0.000206728,0.000291893,0.000381094,0.000471753,0.000560775,0.000644689,0.000719872,0.000782827,0.000830478,0.000860451,0.000871285,0.000862577,0.00083502,0.000790348,0.000731167,0.000660716,0.000582551,0.00050022,0.000416957,0.000335444,0.000257691,0.000185021,0.00011818,5.75098e-05,3.1621e-06,-4.47211e-05,-8.58816e-05,-0.000119902,-0.000146239,-0.000164322,-0.000173669,-0.000174015,-0.000165414,-0.000148309,-0.000123559,-9.24223e-05,-5.64975e-05,-1.76259e-05,2.22279e-05,6.11088e-05,9.72019e-05,0.000128948,0.000155134,0.000174947,0.000187995,0.000194288,0.000194193,0.000188358,0.00017763,0.000162965,0.000145343,0.0001257,0.000104876,8.35808e-05,6.23886e-05,4.17412e-05,2.19706e-05,3.3267e-06,-1.39923e-05,-2.98124e-05,-4.27628e-05,-5.20113e-05,-5.80581e-05,-6.08662e-05,-6.01513e-05,-5.58539e-05,-4.82797e-05,-3.8089e-05,-2.61558e-05,-1.33109e-05,0
0,-1.25285e-05,-2.54687e-05,-3.80795e-05,-4.93875e-05,-5.82785e-05,-6.38568e-05,-6.56671e-05,-6.37509e-05,-5.85555e-05,-5.06992e-05,-4.0443e-05,-2.74308e-05,-1.25736e-05,2.78229e-06,1.85644e-05,3.47269e-05,5.12004e-05,6.78416e-05,8.43894e-05,0.000100435,0.000115413,0.000128612,0.000139208,0.000146325,0.000149099,0.000146764,0.000138735,0.000124683,0.000104602,7.88494e-05,4.81664e-05,1.36605e-05,-2.32372e-05,-6.08455e-05,-9.73286e-05,-0.000130805,-0.000159459,-0.000181642,-0.000195953,-0.000201288,-0.000196854,-0.000182142,-0.000156882,-0.000120972,-7.4432e-05,-1.73803e-05,4.99269e-05,0.000127006,0.00021301,0.000306562,0.000405607,0.000507335,0.000608212,0.000704143,0.000790758,0.000863775,0.00091939,0.000954639,0.000967687,0.000958009,0.000926454,0.000875171,0.000807402,0.000727165,0.000638842,0.000546744,0.000454701,0.000365766,0.000282049,0.000204744,0.000134289,7.06435e-05,1.3586e-05,-3.70264e-05,-8.10948e-05,-0.000118233,-0.000147828,-0.000169176,-0.000181647,-0.000184836,-0.000178685,-0.000163565,-0.000140299,-0.000110151,-7.47537e-05,-3.60115e-05,4.03062e-06,4.33273e-05,7.99721e-05,0.00011232,0.000139082,0.000159387,0.000172804,0.00017932,0.0001793,0.000173405,0.000162511,0.00014761,0.000129727,0.000109843,8.88422e-05,6.74789e-05,4.63628e-05,2.59659e-05,6.64273e-06,-1.13424e-05,-2.77847e-05,-4.25115e-05,-5.41088e-05,-6.17505e-05,-6.6035e-05,-6.70292e-05,-6.45592e-05,-5.86855e-05,-4.98241e-05,-3.87124e-05,-2.62493e-05,-1.32287e-05,0
0,-1.22728e-05,-2.51914e-05,-3.81341e-05,-5.02138e-05,-6.03493e-05,-6.76153e-05,-7.14685e-05,-7.18226e-05,-6.89819e-05,-6.34284e-05,-5.52954e-05,-4.41123e-05,-3.07708e-05,-1.66374e-05,-1.75737e-06,1.38362e-05,3.00718e-05,4.6789e-05,6.36957e-05,8.03405e-05,9.6105e-05,0.000110219,0.000121798,0.000129902,0.00013361,0.000132106,0.000124759,0.000111214,9.14482e-05,6.58219e-05,3.5093e-05,4.03224e-07,-3.67697e-05,-7.46884e-05,-0.000111457,-0.000145137,-0.000173863,-0.000195953,-0.00020999,-0.000214869,-0.000209805,-0.000194295,-0.000168037,-0.000130847,-8.25756e-05,-2.30875e-05,4.76803e-05,0.000129595,0.000222137,0.000324161,0.000433656,0.000547597,0.000661947,0.000771846,0.000871977,0.000957049,0.00102231,0.00106402,0.00107984,0.00106907,0.00103274,0.000973517,0.000895463,0.000803602,0.000703392,0.00060013,0.000498408,0.000401709,0.000312218,0.000230873,0.000157636,9.18976e-05,3.29091e-05,-1.98568e-05,-6.64997e-05,-0.000106652,-0.000139586,-0.000164418,-0.00018033,-0.000186752,-0.000183502,-0.000170866,-0.000149625,-0.000121035,-8.67535e-05,-4.87345e-05,-9.08933e-06,3.00602e-05,6.67275e-05,9.91908e-05,0.000126093,0.000146507,0.000159958,0.00016641,0.000166215,0.000160042,0.000148779,0.000133448,0.000115105,9.47721e-05,7.33722e-05,5.16986e-05,3.03981e-05,9.97637e-06,-9.18352e-06,-2.67942e-05,-4.26341e-05,-5.65205e-05,-6.69811e-05,-7.31752e-05,-7.57798e-05,-7.49502e-05,-7.06177e-05,-6.29701e-05,-5.25548e-05,-4.0217e-05,-2.69121e-05,-1.34206e-05,0
0,-1.22402e-05,-2.54087e-05,-3.90053e-05,-5.22121e-05,-6.39454e-05,-7.32073e-05,-7.93278e-05,-8.20662e-05,-8.15739e-05,-7.8202e-05,-7.19736e-05,-6.23256e-05,-5.01521e-05,-3.68569e-05,-2.24733e-05,-7.03595e-06,9.36899e-06,2.6554e-05,4.41893e-05,6.17778e-05,7.86495e-05,9.39796e-05,0.000106829,0.000116206,0.000121143,0.00012078,0.00011446,0.000101802,8.2777e-05,5.77476e-05,2.74869e-05,-6.83833e-06,-4.37164e-05,-8.13723e-05,-0.000117873,-0.000151248,-0.000179615,-0.000201288,-0.000214869,-0.000219287,-0.000213802,-0.000197938,-0.000171383,-0.000133844,-8.4936e-05,-2.41496e-05,4.9038e-05,0.000134999,0.000233715,0.000344435,0.000465313,0.000593138,0.000723282,0.00084992,0.000966509,0.00106643,0.00114369,0.0011935,0.00121287,0.00120082,0.00115859,0.00108951,0.000998698,0.000892514,0.000777842,0.00066129,0.000548442,0.000443315,0.000348117,0.000263364,0.000188295,0.000121479,6.14414e-05,7.14927e-06,-4.1729e-05,-8.48116e-05,-0.000121177,-0.000149695,-0.000169319,-0.000179305,-0.000179343,-0.000169636,-0.000150922,-0.000124444,-9.18734e-05,-5.51965e-05,-1.65737e-05,2.18152e-05,5.79214e-05,8.99609e-05,0.000116519,0.000136619,0.000149745,0.000155833,0.000155217,0.000148558,0.000136752,0.00012083,0.000101873,8.09258e-05,5.89441e-05,3.67538e-05,1.50363e-05,-5.66841e-06,-2.49445e-05,-4.24739e-05,-5.80086e-05,-7.13444e-05,-8.09345e-05,-8.5903e-05,-8.6982e-05,-8.43955e-05,-7.81685e-05,-6.86172e-05,-5.64355e-05,-4.26024e-05,-2.81604e-05,-1.3901e-05,0
0,-1.24547e-05,-2.61587e-05,-4.07282e-05,-5.5393e-05,-6.90304e-05,-8.05293e-05,-8.90589e-05,-9.42044e-05,-9.59615e-05,-9.45631e-05,-8.99442e-05,-8.14751e-05,-7.00753e-05,-5.72039e-05,-4.2898e-05,-2.72081e-05,-1.02469e-05,7.76296e-06,2.64503e-05,4.52722e-05,6.3512e-05,8.02989e-05,9.46506e-05,0.000105537,0.000111957,0.000113026,0.000108067,9.66904e-05,7.88619e-05,5.49477e-05,2.57301e-05,-7.61052e-06,-4.35472e-05,-8.02908e-05,-0.000115899,-0.000148405,-0.000175939,-0.000196854,-0.000209805,-0.000213802,-0.000208188,-0.000192564,-0.00016663,-0.000129974,-8.18707e-05,-2.12323e-05,5.31071e-05,0.000142202,0.000246741,0.000366598,0.000500264,0.000644393,0.000793646,0.000940956,0.00107816,0.00119687,0.00128941,0.00134964,0.00137363,0.00136003,0.0013103,0.00122861,0.00112148,0.000997054,0.00086414,0.000731131,0.000604946,0.000490276,0.000389284,0.00030181,0.00022602,0.000159312,9.92157e-05,4.40583e-05,-6.74765e-06,-5.27497e-05,-9.26823e-05,-0.000125068,-0.000148608,-0.000162391,-0.000166002,-0.00015958,-0.000143829,-0.000119975,-8.96914e-05,-5.49812e-05,-1.80302e-05,1.89476e-05,5.38643e-05,8.48943e-05,0.000110582,0.000129909,0.000142327,0.000147739,0.000146458,0.000139125,0.000126628,0.000109997,9.03142e-05,6.86389e-05,4.59437e-05,2.30784e-05,7.52689e-07,-2.04611e-05,-4.0112e-05,-5.78461e-05,-7.33795e-05,-8.64752e-05,-9.5497e-05,-9.95116e-05,-9.92817e-05,-9.50762e-05,-8.69971e-05,-7.54835e-05,-6.13841e-05,-4.58324e-05,-2.99856e-05,-1.46723e-05,0
0,-1.29284e-05,-2.74543e-05,-4.32988e-05,-5.97153e-05,-7.55055e-05,-8.9408e-05,-0.000100403,-0.000107891,-0.000111715,-0.000112008,-0.000108644,-0.000100954,-8.99078e-05,-7.70369e-05,-6.23988e-05,-4.60735e-05,-2.821e-05,-9.07208e-06,1.09266e-05,3.12017e-05,5.09978e-05,6.94104e-05,8.54302e-05,9.80054e-05,0.000106121,0.000108884,0.000105613,9.59173e-05,7.97648e-05,5.75235e-05,2.99762e-05,-1.6991e-06,-3.59827e-05,-7.11e-05,-0.000105134,-0.000136154,-0.000162348,-0.000182142,-0.000194295,-0.000197938,-0.000192564,-0.000177916,-0.000153784,-0.00011966,-7.43317e-05,-1.5706e-05,5.8257e-05,0.000149444,0.000259488,0.000389199,0.00053768,0.000701547,0.000874599,0.00104813,0.00121178,0.00135478,0.00146722,0.0015411,0.00157124,0.00155573,0.00149627,0.0013981,0.00126957,0.00112124,0.000964612,0.000810531,0.00066775,0.000541844,0.000434812,0.00034544,0.000270303,0.000205125,0.000146094,9.07571e-05,3.82684e-05,-1.08214e-05,-5.4555e-05,-9.09698e-05,-0.000118526,-0.000136204,-0.000143539,-0.000140644,-0.0001282,-0.000107421,-7.99694e-05,-4.78412e-05,-1.32218e-05,2.16698e-05,5.4735e-05,8.41326e-05,0.000108386,0.000126453,0.000137757,0.000142173,0.000139983,0.000131805,0.000118498,0.000101075,8.06055e-05,5.81412e-05,3.46572e-05,1.10139e-05,-1.20599e-05,-3.39646e-05,-5.4215e-05,-7.24172e-05,-8.82443e-05,-0.000101416,-0.000110192,-0.000113561,-0.000112289,-0.000106665,-9.68464e-05,-8.33828e-05,-6.72791e-05,-4.98384e-05,-3.23566e-05,-1.5725e-05,0
0,-1.36613e-05,-2.92839e-05,-4.66766e-05,-6.50902e-05,-8.32164e-05,-9.96116e-05,-0.000113047,-0.00012273,-0.000128367,-0.000130012,-0.000127507,-0.000120174,-0.000109056,-9.57747e-05,-8.04237e-05,-6.31245e-05,-4.4071e-05,-2.35705e-05,-2.07711e-06,1.97906e-05,4.1251e-05,6.13826e-05,7.91674e-05,9.35537e-05,0.000103532,0.000108221,0.000106949,9.9337e-05,8.53573e-05,6.53767e-05,4.01674e-05,1.08864e-05,-2.098e-05,-5.37038e-05,-8.54286e-05,-0.000114301,-0.000138604,-0.000156882,-0.000168037,-0.000171383,-0.00016663,-0.000153784,-0.000132894,-0.000103545,-6.39336e-05,-9.78142e-06,6.20197e-05,0.000154138,0.00026938,0.000409957,0.000576043,0.000764413,0.000967811,0.00117531,0.00137357,0.00154856,0.00168732,0.0017794,0.00181787,0.00180002,0.00172777,0.00160768,0.00145054,0.00127025,0.00108204,0.000900257,0.000736216,0.000596669,0.00048326,0.000393125,0.000320463,0.000258595,0.000201919,0.000147122,9.31874e-05,4.03887e-05,-7.57541e-06,-4.81339e-05,-7.96529e-05,-0.00010115,-0.000112203,-0.000112947,-0.000104061,-8.67434e-05,-6.26284e-05,-3.36804e-05,-2.05309e-06,3.00635e-05,6.05931e-05,8.77084e-05,0.000109937,0.000126231,0.000135998,0.000139088,0.00013575,0.000126566,0.000112356,9.40965e-05,7.28228e-05,4.95612e-05,2.52701e-05,8.04166e-07,-2.3101e-05,-4.58266e-05,-6.68566e-05,-8.5756e-05,-0.000102149,-0.000115704,-0.000124562,-0.000127614,-0.000125606,-0.000118816,-0.000107432,-9.20972e-05,-7.39681e-05,-5.45253e-05,-3.5223e-05,-1.70394e-05,0
0,-1.46421e-05,-3.16134e-05,-5.07883e-05,-7.13885e-05,-9.19647e-05,-0.000110864,-0.000126636,-0.0001383,-0.000145437,-0.000148055,-0.000145992,-0.000138592,-0.000126991,-0.00011292,-9.65218e-05,-7.79702e-05,-5.7509e-05,-3.54897e-05,-1.2401e-05,1.11153e-05,3.42672e-05,5.61354e-05,7.57156e-05,9.19789e-05,0.000103944,0.00011076,0.000111783,0.000106653,9.53505e-05,7.82367e-05,5.60603e-05,2.99362e-05,1.28981e-06,-2.82301e-05,-5.68645e-05,-8.28745e-05,-0.000104677,-0.000120972,-0.000130847,-0.000133844,-0.000129974,-0.00011966,-0.000103545,-8.19691e-05,-5.32461e-05,-6.81525e-06,6.09867e-05,0.000152827,0.000272881,0.000425545,0.000612877,0.000832213,0.00107501,0.00132729,0.00157153,0.00178921,0.00196325,0.00207988,0.00212986,0.00210927,0.00202008,0.0018705,0.00167457,0.0014508,0.00121976,0.00100082,0.000808966,0.000652546,0.000532501,0.000443385,0.000375796,0.000319549,0.00026666,0.000213172,0.000158588,0.000100062,4.71426e-05,2.49177e-06,-3.26903e-05,-5.77179e-05,-7.23248e-05,-7.67068e-05,-7.15527e-05,-5.803e-05,-3.77246e-05,-1.25387e-05,1.54411e-05,4.40896e-05,7.13887e-05,9.55575e-05,0.000115155,0.00012915,0.000136945,0.000138372,0.000133649,0.000123309,0.000108124,8.90118e-05,6.69563e-05,4.29361e-05,1.78723e-05,-7.40446e-06,-3.21668e-05,-5.57881e-05,-7.77272e-05,-9.75098e-05,-0.000114708,-0.00012893,-0.000138189,-0.00014126,-0.000138843,-0.000131179,-0.000118456,-0.000101391,-8.12774e-05,-5.97776e-05,-3.85184e-05,-1.85869e-05,0
0,-1.58493e-05,-3.43889e-05,-5.55334e-05,-7.84494e-05,-0.000101519,-0.000122863,-0.0001408,-0.000154171,-0.000162458,-0.000165647,-0.000163608,-0.000155733,-0.000143272,-0.000128078,-0.000110358,-9.03451e-05,-6.8336e-05,-4.47229e-05,-2.00208e-05,5.1195e-06,2.99141e-05,5.34675e-05,7.48132e-05,9.29691e-05,0.000107006,0.000116121,0.000119713,0.000117452,0.000109329,9.56922e-05,7.72533e-05,5.50648e-05,3.04646e-05,4.99115e-06,-1.97269e-05,-4.20987e-05,-6.07059e-05,-7.4432e-05,-8.25756e-05,-8.4936e-05,-8.18707e-05,-7.43317e-05,-6.39336e-05,-5.32461e-05,-4.71165e-05,-1.20389e-05,5.08108e-05,0.000141305,0.00026543,0.000431286,0.000644322,0.000903218,0.00119784,0.00150993,0.00181601,0.00209126,0.00231305,0.00246321,0.00252937,0.00250578,0.00239419,0.00220464,0.00195547,0.00167174,0.00138173,0.00111217,0.000883413,0.000705967,0.000579483,0.000494418,0.000435838,0.000388292,0.000340486,0.000288662,0.000238103,0.000166416,0.000107989,5.98887e-05,2.17335e-05,-6.32074e-06,-2.42017e-05,-3.21626e-05,-3.08801e-05,-2.14684e-05,-5.43385e-06,1.54171e-05,3.91003e-05,6.35923e-05,8.69683e-05,0.000107526,0.000123886,0.000135051,0.000140438,0.000139868,0.000133523,0.000121888,0.000105669,8.5712e-05,6.29275e-05,3.82254e-05,1.24681e-05,-1.35575e-05,-3.91497e-05,-6.3687e-05,-8.66125e-05,-0.000107416,-0.000125617,-0.000140758,-0.000150715,-0.000154134,-0.000151645,-0.000143422,-0.000129627,-0.000111021,-8.9022e-05,-6.54665e-05,-4.21648e-05,-2.03322e-05,0
0,-1.72531e-05,-3.75409e-05,-6.07907e-05,-8.60896e-05,-0.00011163,-0.000135291,-0.000155165,-0.000169931,-0.000178994,-0.000182352,-0.000179935,-0.00017121,-0.000157558,-0.000140969,-0.00012172,-0.000100111,-7.64913e-05,-5.12882e-05,-2.50309e-05,1.63674e-06,2.79592e-05,5.30884e-05,7.61193e-05,9.6141e-05,0.000112297,0.000123855,0.000130268,0.000131244,0.000126784,0.000117219,0.000103212,8.57324e-05,6.60087e-05,4.5443e-05,2.55075e-05,7.62111e-06,-6.98157e-06,-1.73803e-05,-2.30875e-05,-2.41496e-05,-2.12323e-05,-1.5706e-05,-9.78142e-06,-6.81525e-06,-1.20389e-05,1.24047e-05,6.74807e-05,0.000152114,0.000272569,0.00043841,0.000657065,0.000928835,0.0012441,0.00158367,0.00192173,0.00223023,0.0024828,0.00265762,0.00273915,0.00271952,0.00259985,0.00239143,0.00211568,0.0018019,0.00148289,0.00118906,0.000942855,0.000755047,0.000624088,0.000538463,0.000481272,0.000435726,0.000390257,0.000342297,0.000300526,0.000231623,0.000172774,0.000123385,8.33741e-05,5.28925e-05,3.20035e-05,2.04803e-05,1.77077e-05,2.26615e-05,3.39477e-05,4.98877e-05,6.86326e-05,8.82935e-05,0.000107071,0.000123373,0.000135903,0.000143723,0.000146277,0.000143381,0.000135189,0.000122127,0.000104827,8.40471e-05,6.06071e-05,3.5327e-05,8.98954e-06,-1.76828e-05,-4.40321e-05,-6.94568e-05,-9.33955e-05,-0.000115308,-0.000134664,-0.000150934,-0.000161855,-0.000165932,-0.000163701,-0.000155246,-0.000140671,-0.000120754,-9.70144e-05,-7.14564e-05,-4.60766e-05,-2.22349e-05,0
0,-1.8817e-05,-4.09879e-05,-6.64247e-05,-9.41135e-05,-0.00012204,-0.000147837,-0.000169379,-0.000185202,-0.000194665,-0.000197805,-0.00019464,-0.000184737,-0.000169624,-0.000151431,-0.000130517,-0.000107251,-8.20311e-05,-5.53115e-05,-2.76225e-05,4.1709e-07,2.81012e-05,5.46517e-05,7.92491e-05,0.000101076,0.00011937,0.000133484,0.000142939,0.000147485,0.000147137,0.000142204,0.000133285,0.000121258,0.000107221,9.24231e-05,7.81652e-05,6.56838e-05,5.60269e-05,4.99269e-05,4.76803e-05,4.9038e-05,5.31071e-05,5.8257e-05,6.20197e-05,6.09867e-05,5.08108e-05,6.74807e-05,0.000118965,0.000203717,0.000326883,0.000497302,0.000722552,0.00100387,0.00133284,0.00169102,0.00205236,0.00238722,0.00266648,0.00286487,0.00296355,0.00295229,0.00283157,0.00261386,0.00232307,0.00199147,0.0016542,0.00134284,0.00107978,0.000875117,0.000726821,0.000623788,0.000550688,0.000493136,0.000442042,0.000396396,0.000364174,0.000299998,0.000243111,0.000193889,0.000152774,0.000120175,9.63051e-05,8.10495e-05,7.39038e-05,7.39663e-05,7.9981e-05,9.04211e-05,0.000103597,0.000117781,0.000131322,0.000142761,0.000150908,0.000154901,0.000154224,0.000148698,0.000138445,0.000123835,0.000105414,8.38431e-05,5.9832e-05,3.40936e-05,7.31059e-06,-1.98782e-05,-4.68771e-05,-7.31205e-05,-9.80544e-05,-0.000121118,-0.000141731,-0.000159298,-0.000171409,-0.00017642,-0.00017476,-0.000166395,-0.000151343,-0.00013037,-0.000105074,-7.76109e-05,-5.01645e-05,-2.42515e-05,0
0,-2.04998e-05,-4.4641e-05,-7.22929e-05,-0.000102322,-0.000132497,-0.000160207,-0.000183122,-0.000199657,-0.000209154,-0.00021172,-0.000207487,-0.000196136,-0.000179354,-0.000159418,-0.000136774,-0.000111857,-8.51111e-05,-5.70061e-05,-2.80588e-05,1.15499e-06,2.9999e-05,5.7787e-05,8.38061e-05,0.000107353,0.000127776,0.000144525,0.000157204,0.000165608,0.000169765,0.000169958,0.000166721,0.000160825,0.000153232,0.000145032,0.000137352,0.000131252,0.000127611,0.000127006,0.000129595,0.000134999,0.000142202,0.000149444,0.000154138,0.000152827,0.000141305,0.000152114,0.000203717,0.000294148,0.000426451,0.000607105,0.000842295,0.00113341,0.00147354,0.00184621,0.00222674,0.00258531,0.00289078,0.00311441,0.0032335,0.00323494,0.0031183,0.00289721,0.00259789,0.00225468,0.00190355,0.00157542,0.00129131,0.00106032,0.00088099,0.000744884,0.000641097,0.000560342,0.000497759,0.000454188,0.000435938,0.000377019,0.000322501,0.000273539,0.000231147,0.000196093,0.000168807,0.000149325,0.000137275,0.000131883,0.000132041,0.000136379,0.00014338,0.000151486,0.000159213,0.000165249,0.000168525,0.000168267,0.000164007,0.00015558,0.00014308,0.000126815,0.000107243,8.49148e-05,6.04198e-05,3.43467e-05,7.26171e-06,-2.02984e-05,-4.78171e-05,-7.47806e-05,-0.000100655,-0.000124868,-0.000146798,-0.00016578,-0.000179262,-0.000185445,-0.000184637,-0.000176666,-0.000161436,-0.000139676,-0.000113032,-8.37985e-05,-5.43394e-05,-2.63374e-05,0
0,-2.22576e-05,-4.84074e-05,-7.82514e-05,-0.000110522,-0.000142767,-0.000172137,-0.000196118,-0.00021303,-0.000222226,-0.000223906,-0.000218338,-0.000205335,-0.000186744,-0.000164994,-0.000140617,-0.000114115,-8.59676e-05,-5.66499e-05,-2.66505e-05,3.51516e-06,3.32991e-05,6.21257e-05,8.94069e-05,0.000114569,0.000137085,0.000156516,0.000172548,0.000185031,0.000194008,0.000199731,0.000202667,0.00020348,0.000202997,0.000202153,0.000201914,0.000203189,0.000206728,0.00021301,0.000222137,0.000233715,0.000246741,0.000259488,0.00026938,0.000272881,0.00026543,0.000272569,0.000326883,0.000426451,0.000572232,0.000767832,0.00101729,0.00132163,0.0016755,0.00206514,0.0024683,0.00285588,0.0031948,0.00345194,0.00359905,0.00361845,0.0035079,0.00328244,0.00297146,0.00261203,0.00224092,0.00188806,0.00157282,0.00130376,0.00108107,0.000900436,0.000756766,0.00064671,0.000569743,0.000528005,0.000525378,0.000469594,0.000415467,0.000365062,0.000319952,0.000281221,0.000249481,0.000224883,0.000207144,0.000195597,0.000189255,0.000186896,0.000187162,0.000188667,0.000190094,0.000190282,0.00018829,0.000183437,0.000175314,0.000163768,0.000148871,0.000130867,0.000110123,8.70744e-05,6.21785e-05,3.58896e-05,8.64306e-06,-1.91408e-05,-4.70401e-05,-7.46067e-05,-0.00010134,-0.000126667,-0.00014993,-0.0001704,-0.000185385,-0.000192933,-0.000193217,-0.000185912,-0.000170789,-0.000148507,-0.00012074,-8.98963e-05,-5.85148e-05,-2.84479e-05,0
0,-2.40452e-05,-5.21945e-05,-8.41604e-05,-0.000118532,-0.000152635,-0.000183399,-0.000208143,-0.00022512,-0.00023372,-0.00023426,-0.000227156,-0.000212362,-0.00019189,-0.000168317,-0.000142262,-0.000114286,-8.48964e-05,-5.45635e-05,-2.37331e-05,7.15471e-06,3.76561e-05,6.73206e-05,9.56988e-05,0.000122358,0.000146905,0.000169018,0.000188472,0.000205172,0.000219177,0.000230711,0.000240176,0.000248134,0.000255288,0.000262433,0.000270403,0.000279997,0.000291893,0.000306562,0.000324161,0.000344435,0.000366598,0.000389199,0.000409957,0.000425545,0.000431286,0.00043841,0.000497302,0.000607105,0.000767832,0.000981037,0.00124901,0.00157257,0.00194829,0.00236582,0.0028062,0.00324141,0.00363551,0.00394808,0.00414074,0.00418643,0.00407873,0.0038355,0.00349314,0.00309537,0.00268262,0.00228531,0.00192205,0.0016014,0.00132563,0.0010946,0.000908361,0.00076821,0.000676287,0.000634578,0.000643887,0.000584993,0.000526411,0.000470872,0.000420241,0.000375701,0.00033787,0.000306882,0.000282454,0.000263949,0.000250449,0.000240838,0.000233897,0.00022839,0.000223155,0.000217179,0.000209644,0.000199965,0.000187788,0.000172978,0.000155584,0.000135789,0.000113868,9.01352e-05,6.49141e-05,3.85157e-05,1.12356e-05,-1.66334e-05,-4.47761e-05,-7.28223e-05,-0.000100316,-0.000126693,-0.000151269,-0.000173257,-0.000189828,-0.000198881,-0.000200451,-0.000194046,-0.000179284,-0.000156732,-0.000128067,-9.57932e-05,-6.26095e-05,-3.05401e-05,0
0,-2.58182e-05,-5.59124e-05,-8.98887e-05,-0.000126186,-0.000161918,-0.000193806,-0.000219028,-0.000235796,-0.000243559,-0.000242765,-0.000233991,-0.000217337,-0.000194974,-0.000169625,-0.00014199,-0.000112683,-8.22327e-05,-5.10905e-05,-1.96488e-05,1.174e-05,4.27473e-05,7.30581e-05,0.00010237,0.000130396,0.000156884,0.000181628,0.000204496,0.000225448,0.000244559,0.000262034,0.000278212,0.000293567,0.000308692,0.000324273,0.000341049,0.000359761,0.000381094,0.000405607,0.000433656,0.000465313,0.000500264,0.00053768,0.000576043,0.000612877,0.000644322,0.000657065,0.000722552,0.000842295,0.00101729,0.00124901,0.00153961,0.00189115,0.00230346,0.00277123,0.00328036,0.00380443,0.0043024,0.0047199,0.00499711,0.00508524,0.00496733,0.00466914,0.0042456,0.00375823,0.00325832,0.00278034,0.00234306,0.00195466,0.0016182,0.00133558,0.00110922,0.000941805,0.000835153,0.000789087,0.000800938,0.000728595,0.000658091,0.000592019,0.000531953,0.000478758,0.000432761,0.000393868,0.000361639,0.000335358,0.000314096,0.000296787,0.000282302,0.000269528,0.000257435,0.000245139,0.000231938,0.000217332,0.000201023,0.000182893,0.000162968,0.000141373,0.000118288,9.39129e-05,6.84333e-05,4.20153e-05,1.48101e-05,-1.30233e-05,-4.12842e-05,-6.96898e-05,-9.78386e-05,-0.000125183,-0.000151023,-0.000174515,-0.000192709,-0.000203355,-0.000206351,-0.000201031,-0.000186845,-0.000164253,-0.000134908,-0.000101391,-6.65487e-05,-3.25732e-05,0
0,-2.75338e-05,-5.9477e-05,-9.53161e-05,-0.000133341,-0.000170461,-0.000203213,-0.000228658,-0.00024499,-0.000251733,-0.000249479,-0.00023897,-0.000220451,-0.000196246,-0.000169214,-0.000140131,-0.000109657,-7.83324e-05,-4.65806e-05,-1.47313e-05,1.69583e-05,4.82814e-05,7.90631e-05,0.000109149,0.000138403,0.000166707,0.000193973,0.000220158,0.000245278,0.000269427,0.000292792,0.000315663,0.00033844,0.000361632,0.000385846,0.000411771,0.00044015,0.000471753,0.000507335,0.000547597,0.000593138,0.000644393,0.000701547,0.000764413,0.000832213,0.000903218,0.000928835,0.00100387,0.00113341,0.00132163,0.00157257,0.00189115,0.00228359,0.00275651,0.0033137,0.00395021,0.00464396,0.00534632,0.00597614,0.00642608,0.00659256,0.00642964,0.00598817,0.005374,0.00469277,0.00402059,0.00340001,0.00284867,0.00237066,0.0019653,0.00163168,0.00136964,0.00117871,0.00105673,0.000999294,0.00100019,0.000901528,0.000810129,0.000727226,0.000653291,0.000588315,0.000531956,0.000483626,0.000442547,0.000407788,0.000378315,0.00035304,0.000330872,0.000310777,0.000291829,0.000273249,0.000254432,0.000234956,0.000214569,0.000193167,0.000170754,0.000147398,0.000123194,9.82243e-05,7.2545e-05,4.6179e-05,1.91338e-05,-8.56701e-06,-3.68405e-05,-6.54967e-05,-9.41953e-05,-0.000122415,-0.000149443,-0.000174392,-0.000194199,-0.000206474,-0.00021098,-0.000206875,-0.000193436,-0.000170998,-0.000141176,-0.000106605,-7.02653e-05,-3.45094e-05,0
0,-2.91524e-05,-6.2811e-05,-0.000100336,-0.000139872,-0.000178142,-0.000211517,-0.000236968,-0.000252689,-0.000258294,-0.000254524,-0.000242282,-0.000221953,-0.000196006,-0.000167421,-0.000137045,-0.000105576,-7.3556e-05,-4.13757e-05,-9.29624e-06,2.25241e-05,5.40013e-05,8.5099e-05,0.000115809,0.000146135,0.000176093,0.000205706,0.000235014,0.000264088,0.000293042,0.000322051,0.000351368,0.000381337,0.000412408,0.000445145,0.000480229,0.000518463,0.000560775,0.000608212,0.000661947,0.000723282,0.000793646,0.000874599,0.000967811,0.00107501,0.00119784,0.0012441,0.00133284,0.00147354,0.0016755,0.00194829,0.00230346,0.00275651,0.0033276,0.00403876,0.00490557,0.00592127,0.00703259,0.0081121,0.00894619,0.00928266,0.00898227,0.00818431,0.007139,0.00605546,0.00505549,0.00418819,0.00346002,0.00285961,0.00237237,0.0019861,0.00169121,0.00147875,0.00133899,0.00126158,0.00123692,0.00109913,0.000978089,0.000872343,0.000780403,0.000700815,0.000632182,0.000573162,0.000522451,0.000478778,0.000440908,0.000407657,0.000377918,0.000350694,0.000325125,0.000300511,0.000276324,0.000252203,0.000227934,0.000203422,0.000178651,0.000153635,0.000128387,0.000102885,7.70604e-05,5.08005e-05,2.39755e-05,-3.52247e-06,-3.17271e-05,-6.05425e-05,-8.96931e-05,-0.000118689,-0.000146814,-0.000173142,-0.000194507,-0.000208397,-0.00021444,-0.000211624,-0.000199052,-0.000176926,-0.000146806,-0.000111365,-7.36999e-05,-3.63147e-05,0
0,-3.06376e-05,-6.5846e-05,-0.000104858,-0.000145679,-0.000184865,-0.00021865,-0.000243933,-0.000258928,-0.000263343,-0.000258067,-0.000244156,-0.000222128,-0.000194579,-0.000164602,-0.000133101,-0.000100806,-6.82545e-05,-3.58001e-05,-3.63401e-06,2.81826e-05,5.96837e-05,9.09643e-05,0.000122152,0.000153384,0.000184794,0.000216508,0.000248644,0.000281321,0.000314675,0.000348876,0.000384151,0.000420808,0.000459261,0.000500061,0.000543922,0.000591752,0.000644689,0.000704143,0.000771846,0.00084992,0.000940956,0.00104813,0.00117531,0.00132729,0.00150993,0.00158367,0.00169102,0.00184621,0.00206514,0.00236582,0.00277123,0.0033137,0.00403876,0.00500522,0.00627669,0.00789723,0.00984011,0.0119207,0.0136957,0.0144773,0.0137617,0.0120474,0.010016,0.00810427,0.0064919,0.00520442,0.0042019,0.00342937,0.00283847,0.00239234,0.00206309,0.00182777,0.00166598,0.00156018,0.00149764,0.0013108,0.00115345,0.00102039,0.000907469,0.000811327,0.000729209,0.000658811,0.000598163,0.000545549,0.000499455,0.000458545,0.000421647,0.000387758,0.000356053,0.000325883,0.000296773,0.000268408,0.000240601,0.000213262,0.000186353,0.000159842,0.000133666,0.00010771,8.17926e-05,5.5678e-05,2.91098e-05,1.85763e-06,-2.62228e-05,-5.51264e-05,-8.46424e-05,-0.000114316,-0.000143431,-0.000171033,-0.000193866,-0.000209306,-0.00021686,-0.000215351,-0.000203714,-0.000182014,-0.000151748,-0.000115612,-7.68012e-05,-3.79587e-05,0
0,-3.19579e-05,-6.85227e-05,-0.000108803,-0.00015068,-0.000190565,-0.000224575,-0.000249564,-0.000263774,-0.000267011,-0.000260302,-0.000244846,-0.000221277,-0.000192304,-0.000161113,-0.00012866,-9.56989e-05,-6.27577e-05,-3.01519e-05,1.994e-06,3.37093e-05,6.5136e-05,9.64874e-05,0.000128012,0.000159964,0.000192583,0.000226082,0.000260648,0.000296444,0.000333626,0.000372366,0.000412873,0.000455437,0.000500459,0.0005485,0.000600333,0.000656997,0.000719872,0.000790758,0.000871977,0.000966509,0.00107816,0.00121178,0.00137357,0.00157153,0.00181601,0.00192173,0.00205236,0.00222674,0.0024683,0.0028062,0.00328036,0.00395021,0.00490557,0.00627669,0.00823701,0.0109829,0.0146513,0.019099,0.0234594,0.0256872,0.0235513,0.0192722,0.014885,0.0112489,0.0085035,0.00651415,0.00509274,0.00407783,0.00335126,0.0028315,0.00246155,0.00219889,0.00201004,0.00186961,0.00176195,0.00152123,0.0013245,0.00116222,0.00102721,0.000913946,0.000818168,0.000736504,0.000666244,0.000605175,0.000551463,0.00050358,0.000460256,0.000420454,0.000383353,0.000348329,0.000314942,0.000282905,0.000252049,0.000222283,0.000193549,0.000165771,0.000138825,0.000112514,8.65582e-05,6.06167e-05,3.43211e-05,7.33203e-06,-2.05944e-05,-4.95365e-05,-7.93453e-05,-0.0001096,-0.000139592,-0.00016834,-0.000192516,-0.000209398,-0.000218382,-0.000218145,-0.000207457,-0.000186257,-0.000155969,-0.0001193,-7.95256e-05,-3.94148e-05,0
0,-3.30862e-05,-7.07918e-05,-0.00011211,-0.000154814,-0.000195195,-0.000229281,-0.000253895,-0.000267317,-0.000269448,-0.000261437,-0.000244608,-0.000219696,-0.000189503,-0.000157292,-0.000124061,-9.05791e-05,-5.73648e-05,-2.46974e-05,7.35824e-06,3.89103e-05,7.01935e-05,0.000101522,0.000133245,0.000165715,0.000199258,0.000234161,0.000270665,0.000308971,0.000349255,0.000391692,0.000436487,0.000483922,0.000534399,0.000588507,0.000647088,0.000711323,0.000782827,0.000863775,0.000957049,0.00106643,0.00119687,0.00135478,0.00154856,0.00178921,0.00209126,0.00223023,0.00238722,0.00258531,0.00285588,0.00324141,0.00380443,0.00464396,0.00592127,0.00789723,0.0109829,0.0157903,0.0231097,0.0335309,0.0459473,0.0540735,0.0460602,0.0337411,0.0233888,0.0161014,0.0112878,0.00816338,0.0061276,0.00478363,0.0038832,0.00327236,0.00285263,0.00255686,0.00233691,0.00215938,0.00200584,0.00171268,0.00147793,0.00128768,0.00113171,0.00100241,0.000894024,0.000802125,0.000723289,0.000654813,0.000594542,0.000540749,0.000492052,0.000447364,0.000405845,0.00036688,0.000330044,0.000295064,0.000261779,0.000230094,0.00019993,0.000171177,0.00014366,0.000117113,9.11804e-05,6.54319e-05,3.94075e-05,1.26766e-05,-1.50894e-05,-4.40409e-05,-7.40834e-05,-0.000104829,-0.000135575,-0.000165326,-0.00019069,-0.000208866,-0.000219154,-0.0002201,-0.00021033,-0.00018966,-0.000159445,-0.00012239,-8.18373e-05,-4.06608e-05,0
0,-3.40008e-05,-7.2614e-05,-0.000114732,-0.000158038,-0.000198729,-0.000232772,-0.000256974,-0.000269657,-0.000270804,-0.000261672,-0.000243687,-0.000217663,-0.000186474,-0.000153445,-0.000119605,-8.57316e-05,-5.23359e-05,-1.96656e-05,1.22629e-05,4.36212e-05,7.47172e-05,0.000105943,0.000137728,0.000170497,0.000204643,0.000240508,0.000278377,0.000318479,0.000361008,0.000406144,0.000454096,0.000505146,0.000559707,0.000618401,0.000682139,0.000752225,0.000830478,0.00091939,0.00102231,0.00114369,0.00128941,0.00146722,0.00168732,0.00196325,0.00231305,0.0024828,0.00266648,0.00289078,0.0031948,0.00363551,0.0043024,0.00534632,0.00703259,0.00984011,0.0146513,0.0231097,0.0381933,0.0645232,0.105107,0.142817,0.105236,0.0647612,0.0385056,0.0234533,0.0149835,0.0101269,0.00725377,0.00549696,0.00439001,0.00367388,0.00319693,0.00286393,0.00261166,0.00239919,0.00220557,0.0018677,0.00160072,0.00138692,0.00121345,0.00107086,0.000952126,0.000851937,0.000766253,0.000691951,0.000626603,0.000568306,0.000515575,0.000467265,0.000422512,0.000380696,0.000341391,0.000304328,0.000269345,0.000236339,0.000205214,0.000175831,0.000147977,0.000121336,9.54935e-05,6.99534e-05,4.41857e-05,1.76898e-05,-9.929e-06,-3.88787e-05,-6.9109e-05,-0.000100259,-0.000131636,-0.00016223,-0.000188602,-0.00020789,-0.000219315,-0.000221312,-0.000212385,-0.000192239,-0.000162164,-0.000124857,-8.37079e-05,-4.16784e-05,0
0,-3.46851e-05,-7.39606e-05,-0.000116635,-0.000160323,-0.000201158,-0.000235066,-0.000258856,-0.000270889,-0.000271219,-0.000261187,-0.000242294,-0.000215413,-0.00018347,-0.000149829,-0.000115541,-8.13924e-05,-4.78848e-05,-1.5244e-05,1.65483e-05,4.77076e-05,7.85924e-05,0.000109648,0.000141356,0.000174191,0.00020859,0.000244931,0.000283528,0.000324632,0.00036845,0.000415172,0.000465011,0.000518256,0.000575337,0.000636904,0.00070392,0.000777781,0.000860451,0.000954639,0.00106402,0.0011935,0.00134964,0.0015411,0.0017794,0.00207988,0.00246321,0.00265762,0.00286487,0.00311441,0.00345194,0.00394808,0.0047199,0.00597614,0.0081121,0.0119207,0.019099,0.0335309,0.0645232,0.13379,0.280488,0.492603,0.280628,0.134047,0.064858,0.033896,0.0194492,0.0122212,0.00834339,0.00613443,0.00481339,0.00399046,0.00345553,0.00308561,0.00280398,0.00256348,0.00234108,0.00197159,0.00168201,0.00145181,0.00126624,0.00111453,0.000988757,0.000882987,0.000792754,0.000714646,0.000646043,0.000584917,0.000529706,0.00047922,0.00043257,0.000389121,0.000348439,0.000310248,0.00027438,0.00024072,0.000209157,0.000179532,0.000151605,0.000125029,9.93502e-05,7.40314e-05,4.84967e-05,2.21987e-05,-5.3019e-06,-3.42531e-05,-6.46361e-05,-9.61105e-05,-0.00012799,-0.000159256,-0.00018644,-0.00020663,-0.00021899,-0.000221869,-0.000213671,-0.000194011,-0.00016412,-0.000126681,-8.51162e-05,-4.24537e-05,0
0,-3.51283e-05,-7.48131e-05,-0.000117799,-0.000161656,-0.000202482,-0.000236188,-0.000259594,-0.0002711,-0.000270813,-0.000260129,-0.000240601,-0.000213136,-0.000180686,-0.000146641,-0.000112062,-7.77408e-05,-4.41736e-05,-1.15746e-05,2.00927e-05,5.10663e-05,8.17297e-05,0.000112554,0.000144046,0.000176705,0.000210987,0.000247289,0.000285939,0.000327202,0.000371295,0.000418417,0.000468792,0.000522719,0.000580641,0.000643229,0.000711474,0.000786816,0.000871285,0.000967687,0.00107984,0.00121287,0.00137363,0.00157124,0.00181787,0.00212986,0.00252937,0.00273915,0.00296355,0.0032335,0.00359905,0.00414074,0.00499711,0.00642608,0.00894619,0.0136957,0.0234594,0.0459473,0.105107,0.280488,0.822569,2.18809,0.822715,0.280757,0.105456,0.0463252,0.0238199,0.0140035,0.00918207,0.00658649,0.00509018,0.00417986,0.00359639,0.00319581,0.00289219,0.00263457,0.00239862,0.00201441,0.00171454,0.001477,0.00128608,0.00113039,0.00100158,0.000893445,0.000801335,0.000721718,0.000651889,0.000589771,0.000533763,0.00048265,0.000435525,0.000391733,0.000350828,0.00031252,0.000276627,0.00024302,0.000211575,0.000182122,0.000154405,0.000128064,0.000102628,7.75427e-05,5.2211e-05,2.60643e-05,-1.35823e-06,-3.03249e-05,-6.08339e-05,-9.25562e-05,-0.00012481,-0.000156571,-0.000184352,-0.000205214,-0.000218284,-0.000221847,-0.000214235,-0.000194997,-0.000165315,-0.000127851,-8.60486e-05,-4.29774e-05,0
0,-3.53253e-05,-7.51633e-05,-0.000118216,-0.000162036,-0.000202712,-0.000236163,-0.000259235,-0.000270357,-0.00026967,-0.000258603,-0.000238726,-0.000210958,-0.000178255,-0.000144012,-0.000109294,-7.48932e-05,-4.13075e-05,-8.75013e-06,2.28155e-05,5.36271e-05,8.40669e-05,0.000114604,0.000145742,0.000177977,0.000211765,0.000247502,0.000285517,0.00032608,0.000369418,0.00041574,0.000465282,0.000518358,0.000575422,0.000637151,0.000704537,0.000779009,0.000862577,0.000958009,0.00106907,0.00120082,0.00136003,0.00155573,0.00180002,0.00210927,0.00250578,0.00271952,0.00295229,0.00323494,0.00361845,0.00418643,0.00508524,0.00659256,0.00928266,0.0144773,0.0256872,0.0540735,0.142817,0.492603,2.18809,11.8156,2.18824,0.492876,0.143171,0.0544566,0.0260515,0.0147866,0.00951722,0.00674834,0.00516999,0.00421354,0.00360079,0.003181,0.00286611,0.00260474,0.00237249,0.0019923,0.00169567,0.00146066,0.00127169,0.00111752,0.000989928,0.00088282,0.000791624,0.00071287,0.000643898,0.000582656,0.000527556,0.000477379,0.000431209,0.000388375,0.000348411,0.000311004,0.000275954,0.000243118,0.000212358,0.000183498,0.000156283,0.000130351,0.000105239,8.03973e-05,5.52346e-05,2.91868e-05,1.79537e-06,-2.72076e-05,-5.78214e-05,-8.97183e-05,-0.000122216,-0.000154291,-0.000182448,-0.00020374,-0.000217273,-0.000221302,-0.000214117,-0.000195219,-0.000165754,-0.000128366,-8.64989e-05,-4.32445e-05,0
0,-3.52766e-05,-7.50134e-05,-0.000117894,-0.000161474,-0.000201866,-0.000235021,-0.000257815,-0.000268704,-0.000267845,-0.000256665,-0.000236728,-0.000208939,-0.000176235,-0.000141998,-0.000107289,-7.2899e-05,-3.93314e-05,-6.81143e-06,2.46795e-05,5.53556e-05,8.55717e-05,0.000115767,0.000146415,0.000177983,0.000210905,0.000245558,0.000282264,0.000321291,0.000362871,0.000407229,0.000454619,0.00050537,0.000559945,0.000619018,0.000683554,0.000754921,0.00083502,0.000926454,0.00103274,0.00115859,0.0013103,0.00149627,0.00172777,0.00202008,0.00239419,0.00259985,0.00283157,0.0031183,0.0035079,0.00407873,0.00496733,0.00642964,0.00898227,0.0137617,0.0235513,0.0460602,0.105236,0.280628,0.822715,2.18824,0.822863,0.2809,0.105588,0.0464416,0.0239133,0.0140671,0.00921002,0.00657457,0.00503669,0.00408639,0.00346846,0.00304325,0.00272893,0.00247756,0.00226597,0.0019081,0.00162777,0.00140474,0.00122469,0.00107726,0.000954918,0.000852032,0.000764377,0.000688724,0.000622575,0.000563978,0.0005114,0.000463647,0.000419799,0.000379168,0.000341261,0.000305738,0.000272373,0.000241002,0.000211479,0.000183625,0.000157194,0.000131843,0.000107133,8.25434e-05,5.75139e-05,3.15101e-05,4.09985e-06,-2.49633e-05,-5.56633e-05,-8.76634e-05,-0.000120278,-0.000152482,-0.00018079,-0.000202263,-0.000216009,-0.000220278,-0.000213346,-0.000194696,-0.00016545,-0.000128231,-8.64682e-05,-4.32546e-05,0
0,-3.49883e-05,-7.43756e-05,-0.000116849,-0.000159993,-0.00019997,-0.000232785,-0.000255356,-0.000266161,-0.000265348,-0.000254321,-0.000234606,-0.000207071,-0.000174613,-0.000140582,-0.000106028,-7.17387e-05,-3.82283e-05,-5.74557e-06,2.56926e-05,5.6255e-05,8.62437e-05,0.000116042,0.000146067,0.000176736,0.000208438,0.000241519,0.000276281,0.000312988,0.000351879,0.000393198,0.000437222,0.000484303,0.000534918,0.000589726,0.000649648,0.000715948,0.000790348,0.000875171,0.000973517,0.00108951,0.00122861,0.0013981,0.00160768,0.0018705,0.00220464,0.00239143,0.00261386,0.00289721,0.00328244,0.0038355,0.00466914,0.00598817,0.00818431,0.0120474,0.0192722,0.0337411,0.0647612,0.134047,0.280757,0.492876,0.2809,0.13431,0.0651032,0.0341128,0.0196253,0.0123439,0.00840114,0.00611848,0.00471946,0.0038205,0.00321921,0.00280117,0.00249784,0.00226818,0.00209134,0.00177123,0.0015181,0.00131487,0.00114946,0.00101309,0.000899314,0.000803311,0.000721409,0.000650762,0.00058913,0.000534722,0.000486096,0.000442094,0.000401799,0.000364501,0.000329673,0.000296938,0.000266034,0.000236774,0.000209,0.000182536,0.000157153,0.000132541,0.000108304,8.39715e-05,5.90384e-05,3.30242e-05,5.54635e-06,-2.36e-05,-5.43677e-05,-8.64004e-05,-0.000119005,-0.000151158,-0.000179395,-0.000200803,-0.000214512,-0.000218793,-0.000211942,-0.000193446,-0.000164418,-0.000127456,-8.59649e-05,-4.30121e-05,0
0,-3.44719e-05,-7.32716e-05,-0.000115111,-0.000157625,-0.000197055,-0.00022948,-0.000251872,-0.000262721,-0.000262156,-0.000251527,-0.000232298,-0.000205276,-0.000173301,-0.000139672,-0.000105418,-7.13247e-05,-3.79195e-05,-5.48553e-06,2.59091e-05,5.63678e-05,8.6117e-05,0.00011546,0.000144736,0.00017429,0.000204448,0.000235515,0.000267763,0.00030145,0.000336828,0.000374163,0.000413768,0.000456026,0.000501435,0.000550645,0.000604519,0.000664194,0.000731167,0.000807402,0.000895463,0.000998698,0.00112148,0.00126957,0.00145054,0.00167457,0.00195547,0.00211568,0.00232307,0.00259789,0.00297146,0.00349314,0.0042456,0.005374,0.007139,0.010016,0.014885,0.0233888,0.0385056,0.064858,0.105456,0.143171,0.105588,0.0651032,0.038827,0.0237407,0.0152214,0.0102985,0.00734271,0.00548976,0.00427868,0.00345875,0.00288927,0.00248754,0.00220243,0.00200204,0.00186868,0.0015966,0.00137784,0.00119958,0.0010526,0.000930154,0.000827217,0.000739957,0.000665399,0.000601177,0.000545366,0.00049637,0.000452856,0.000413708,0.000378006,0.000345009,0.000314143,0.000284982,0.000257221,0.000230641,0.000205068,0.000180332,0.00015623,0.000132496,0.000108791,8.47157e-05,5.98425e-05,3.37669e-05,6.17707e-06,-2.30715e-05,-5.38857e-05,-8.58802e-05,-0.00011835,-0.000150277,-0.000178229,-0.000199337,-0.000212769,-0.000216849,-0.000209917,-0.000191488,-0.000162678,-0.000126064,-8.50045e-05,-4.25256e-05,0
0,-3.3744e-05,-7.17325e-05,-0.00011272,-0.000154416,-0.00019316,-0.000225131,-0.000247363,-0.000258359,-0.000258211,-0.000248194,-0.000229687,-0.000203418,-0.000172146,-0.000139107,-0.0001053,-7.15049e-05,-3.8267e-05,-5.91147e-06,2.54293e-05,5.57761e-05,8.52611e-05,0.000114087,0.000142495,0.000170738,0.000199071,0.00022774,0.000256988,0.000287065,0.000318239,0.000350811,0.000385141,0.000421659,0.000460895,0.000503505,0.000550299,0.000602284,0.000660716,0.000727165,0.000803602,0.000892514,0.000997054,0.00112124,0.00127025,0.0014508,0.00167174,0.0018019,0.00199147,0.00225468,0.00261203,0.00309537,0.00375823,0.00469277,0.00605546,0.00810427,0.0112489,0.0161014,0.0234533,0.033896,0.0463252,0.0544566,0.0464416,0.0341128,0.0237407,0.0164207,0.0115584,0.00836711,0.00624533,0.00479798,0.00378186,0.00305214,0.00252327,0.00214361,0.00188029,0.00171148,0.00162313,0.00140258,0.00122067,0.00106918,0.000942048,0.000834683,0.000743576,0.000665964,0.000599611,0.000542656,0.000493507,0.000450768,0.00041321,0.000379749,0.000349448,0.000321521,0.000295332,0.00027039,0.000246333,0.000222903,0.000199907,0.00017718,0.00015455,0.000131802,0.000108674,8.4852e-05,6.00042e-05,3.38222e-05,6.08399e-06,-2.32783e-05,-5.41129e-05,-8.59973e-05,-0.000118212,-0.000149747,-0.000177215,-0.000197803,-0.000210742,-0.000214426,-0.000207268,-0.000188835,-0.000160255,-0.000124078,-8.36094e-05,-4.18081e-05,0
0,-3.2826e-05,-6.97981e-05,-0.00010973,-0.000150419,-0.000188331,-0.000219764,-0.000241825,-0.000253032,-0.000253428,-0.000244197,-0.000226611,-0.000201304,-0.000170936,-0.000138665,-0.000105453,-7.20687e-05,-3.90781e-05,-6.85379e-06,2.43977e-05,5.46019e-05,8.37808e-05,0.000112021,0.000139449,0.000166215,0.000192486,0.000218446,0.000244305,0.000270306,0.000296741,0.000323957,0.000352376,0.000382495,0.000414898,0.000450264,0.000489375,0.000533126,0.000582551,0.000638842,0.000703392,0.000777842,0.00086414,0.000964612,0.00108204,0.00121976,0.00138173,0.00148289,0.0016542,0.00190355,0.00224092,0.00268262,0.00325832,0.00402059,0.00505549,0.0064919,0.0085035,0.0112878,0.0149835,0.0194492,0.0238199,0.0260515,0.0239133,0.0196253,0.0152214,0.0115584,0.00877302,0.00672728,0.00523073,0.00412155,0.00328481,0.00264703,0.00216432,0.00181082,0.00157014,0.00143019,0.00138088,0.00120817,0.00106067,0.000934365,0.000826059,0.000733177,0.00065361,0.000585583,0.000527552,0.000478123,0.000436003,0.000399973,0.00036888,0.000341653,0.000317314,0.000295011,0.000274025,0.000253784,0.000233858,0.000213936,0.000193803,0.000173297,0.000152279,0.000130598,0.000108073,8.44949e-05,5.96415e-05,3.33173e-05,5.40551e-06,-2.40716e-05,-5.48933e-05,-8.65941e-05,-0.000118439,-0.000149427,-0.000176229,-0.000196106,-0.000208361,-0.000211486,-0.000203989,-0.000185502,-0.000157176,-0.000121533,-8.18081e-05,-4.08765e-05,0
0,-3.17434e-05,-6.75161e-05,-0.000106201,-0.0001457,-0.000182626,-0.000213411,-0.000235255,-0.000246691,-0.000247707,-0.000239386,-0.000222877,-0.000198705,-0.000169417,-0.000138077,-0.000105605,-7.27559e-05,-4.01123e-05,-8.09793e-06,2.30006e-05,5.30047e-05,8.18164e-05,0.000109394,0.000135739,0.000160887,0.000184912,0.00020793,0.000230114,0.000251708,0.000273032,0.000294495,0.000316596,0.000339919,0.00036513,0.000392961,0.000424197,0.000459664,0.00050022,0.000546744,0.00060013,0.00066129,0.000731131,0.000810531,0.000900257,0.00100082,0.00111217,0.00118906,0.00134284,0.00157542,0.00188806,0.00228531,0.00278034,0.00340001,0.00418819,0.00520442,0.00651415,0.00816338,0.0101269,0.0122212,0.0140035,0.0147866,0.0140671,0.0123439,0.0102985,0.00836711,0.00672728,0.00540138,0.00434563,0.00350222,0.002823,0.00227634,0.00184531,0.00152244,0.00130419,0.00118687,0.00116452,0.0010299,0.000910224,0.000804621,0.00071209,0.000631616,0.000562205,0.000502876,0.000452639,0.000410476,0.000375326,0.000346091,0.00032166,0.000300934,0.000282873,0.000266527,0.000251078,0.000235854,0.00022034,0.000204166,0.000187084,0.000168937,0.00014962,0.00012905,0.000107139,8.37908e-05,5.89069e-05,3.24169e-05,4.32087e-06,-2.52588e-05,-5.60256e-05,-8.7467e-05,-0.000118832,-0.000149135,-0.000175115,-0.000194118,-0.000205538,-0.000207979,-0.000200061,-0.0001815,-0.000153473,-0.000118468,-7.96354e-05,-3.97513e-05,0
0,-3.05256e-05,-6.49416e-05,-0.000102207,-0.000140339,-0.000176111,-0.000206116,-0.000227655,-0.000239285,-0.000240944,-0.0002336,-0.000218272,-0.000195365,-0.000167302,-0.000137041,-0.000105451,-7.32678e-05,-4.10899e-05,-9.39073e-06,2.14614e-05,5.11802e-05,7.95418e-05,0.000106371,0.000131537,0.000154955,0.0001766,0.000196519,0.000214851,0.000231841,0.000247847,0.00026335,0.000278945,0.000295325,0.000313262,0.000333575,0.000357099,0.000384642,0.000416957,0.000454701,0.000498408,0.000548442,0.000604946,0.00066775,0.000736216,0.000808966,0.000883413,0.000942855,0.00107978,0.00129131,0.00157282,0.00192205,0.00234306,0.00284867,0.00346002,0.0042019,0.00509274,0.0061276,0.00725377,0.00834339,0.00918207,0.00951722,0.00921002,0.00840114,0.00734271,0.00624533,0.00523073,0.00434563,0.003592,0.00295336,0.00241181,0.00195623,0.00158379,0.00129747,0.00110192,0.000999754,0.000989092,0.000879163,0.000778183,0.000686995,0.00060588,0.000534778,0.000473412,0.000421323,0.000377893,0.000342351,0.000313776,0.00029113,0.000273288,0.00025909,0.000247394,0.000237136,0.000227371,0.000217313,0.000206349,0.000194039,0.000180099,0.000164373,0.000146793,0.000127346,0.000106044,8.29107e-05,5.79805e-05,3.13163e-05,3.04264e-06,-2.6612e-05,-5.72716e-05,-8.83757e-05,-0.000119159,-0.000148657,-0.000173685,-0.000191691,-0.000202165,-0.000203841,-0.000195466,-0.000176845,-0.000149183,-0.000114927,-7.71312e-05,-3.84565e-05,0
0,-2.92048e-05,-6.2136e-05,-9.78308e-05,-0.000134425,-0.000168872,-0.000197938,-0.000219042,-0.000230782,-0.000233043,-0.000226683,-0.000212584,-0.000191025,-0.000164295,-0.000135236,-0.000104662,-7.32808e-05,-4.17032e-05,-1.04485e-05,2.00357e-05,4.93566e-05,7.71643e-05,0.000103149,0.000127045,0.000148647,0.000167829,0.00018457,0.000198973,0.00021129,0.000221925,0.000231439,0.000240536,0.000250039,0.000260853,0.000273918,0.000290158,0.000310424,0.000335444,0.000365766,0.000401709,0.000443315,0.000490276,0.000541844,0.000596669,0.000652546,0.000705967,0.000755047,0.000875117,0.00106032,0.00130376,0.0016014,0.00195466,0.00237066,0.00285961,0.00342937,0.00407783,0.00478363,0.00549696,0.00613443,0.00658649,0.00674834,0.00657457,0.00611848,0.00548976,0.00479798,0.00412155,0.00350222,0.00295336,0.00247241,0.00205216,0.00168814,0.00138161,0.00113867,0.00096726,0.000873668,0.000859878,0.000760689,0.000668777,0.000585295,0.000510877,0.000445807,0.000390106,0.000343559,0.000305726,0.000275947,0.000253348,0.00023688,0.000225354,0.000217511,0.000212081,0.000207857,0.000203755,0.000198858,0.000192445,0.000184001,0.000173201,0.000159886,0.000144027,0.000125684,0.000104973,8.20421e-05,5.70618e-05,3.02329e-05,1.80775e-06,-2.78775e-05,-5.83672e-05,-8.90546e-05,-0.000119165,-0.000147757,-0.000171736,-0.000188661,-0.000198129,-0.000199008,-0.000190184,-0.000171555,-0.000144349,-0.000110962,-7.4341e-05,-3.70188e-05,0
0,-2.78161e-05,-5.91665e-05,-9.31631e-05,-0.000128064,-0.00016101,-0.000188955,-0.00020946,-0.000221171,-0.000223935,-0.000218503,-0.00020562,-0.000185441,-0.00016011,-0.000132348,-0.000102906,-7.24615e-05,-4.16286e-05,-1.09662e-05,1.90049e-05,4.77912e-05,7.49219e-05,9.99557e-05,0.000122497,0.000142221,0.000158903,0.000172454,0.000182946,0.000190638,0.000195984,0.000199634,0.00020241,0.000205279,0.000209297,0.000215553,0.000225101,0.000238888,0.000257691,0.000282049,0.000312218,0.000348117,0.000389284,0.000434812,0.00048326,0.000532501,0.000579483,0.000624088,0.000726821,0.00088099,0.00108107,0.00132563,0.0016182,0.0019653,0.00237237,0.00283847,0.00335126,0.0038832,0.00439001,0.00481339,0.00509018,0.00516999,0.00503669,0.00471946,0.00427868,0.00378186,0.00328481,0.002823,0.00241181,0.00205216,0.00173822,0.00146426,0.00122871,0.001035,0.000889874,0.00080062,0.00077251,0.000672518,0.000581534,0.000499974,0.000428112,0.000366083,0.000313869,0.000271262,0.000237839,0.000212933,0.000195639,0.000184834,0.000179228,0.000177428,0.000178014,0.000179623,0.000181016,0.000181138,0.000179156,0.000174473,0.000166723,0.000155745,0.000141547,0.000124265,0.000104118,8.1381e-05,5.63614e-05,2.93973e-05,8.67283e-07,-2.87872e-05,-5.90343e-05,-8.92259e-05,-0.000118582,-0.000146192,-0.000169061,-0.000184866,-0.000193315,-0.000193421,-0.000184205,-0.000165656,-0.000139021,-0.000106632,-7.13148e-05,-3.54677e-05,0
0,-2.63959e-05,-5.61046e-05,-8.83046e-05,-0.000121373,-0.000152644,-0.000179276,-0.000198981,-0.000210477,-0.000213587,-0.000208964,-0.000197225,-0.000178399,-0.000154488,-0.000128082,-9.98666e-05,-7.0483e-05,-4.05405e-05,-1.06289e-05,1.86679e-05,4.67651e-05,7.3081e-05,9.70518e-05,0.000118159,0.000135964,0.000150149,0.000160559,0.000167238,0.000170454,0.000170711,0.000168749,0.000165513,0.000162118,0.000159785,0.00015977,0.000163282,0.000171405,0.000185021,0.000204744,0.000230873,0.000263364,0.00030181,0.00034544,0.000393125,0.000443385,0.000494418,0.000538463,0.000623788,0.000744884,0.000900436,0.0010946,0.00133558,0.00163168,0.0019861,0.00239234,0.0028315,0.00327236,0.00367388,0.00399046,0.00417986,0.00421354,0.00408639,0.0038205,0.00345875,0.00305214,0.00264703,0.00227634,0.00195623,0.00168814,0.00146426,0.00127401,0.0011093,0.00096716,0.000849845,0.00076333,0.000715332,0.000607444,0.000512161,0.000428678,0.000356531,0.000295426,0.0002451,0.000205209,0.000175238,0.000154442,0.000141827,0.000136162,0.000136024,0.000139871,0.000146122,0.000153246,0.000159847,0.000164732,0.000166953,0.000165835,0.00016097,0.000152198,0.000139564,0.00012328,0.000103667,8.11247e-05,5.60934e-05,2.9044e-05,4.75657e-07,-2.90713e-05,-5.89957e-05,-8.86149e-05,-0.000117151,-0.000143729,-0.000165463,-0.000180155,-0.000187628,-0.000187034,-0.00017753,-0.000159189,-0.00013326,-0.000102002,-6.81079e-05,-3.38347e-05,0
0,-2.49818e-05,-5.30252e-05,-8.3363e-05,-0.000114484,-0.000143918,-0.000169034,-0.000187717,-0.000198773,-0.00020202,-0.000198028,-0.000187298,-0.000169743,-0.00014722,-0.000122187,-9.52617e-05,-6.70426e-05,-3.81267e-05,-9.12381e-06,1.93313e-05,4.65766e-05,7.19323e-05,9.47255e-05,0.000114326,0.000130191,0.000141917,0.000149289,0.000152321,0.000151291,0.000146752,0.000139529,0.000130687,0.000121487,0.000113314,0.000107595,0.00010571,0.000108898,0.00011818,0.000134289,0.000157636,0.000188295,0.00022602,0.000270303,0.000320463,0.000375796,0.000435838,0.000481272,0.000550688,0.000641097,0.000756766,0.000908361,0.00110922,0.00136964,0.00169121,0.00206309,0.00246155,0.00285263,0.00319693,0.00345553,0.00359639,0.00360079,0.00346846,0.00321921,0.00288927,0.00252327,0.00216432,0.00184531,0.00158379,0.00138161,0.00122871,0.0011093,0.00100798,0.000914125,0.000823924,0.000740556,0.000673193,0.000555426,0.000454114,0.000367282,0.000293686,0.000232547,0.000183313,0.00014546,0.000118351,0.000101134,9.27069e-05,9.17163e-05,9.66007e-05,0.000105662,0.000117158,0.000129397,0.00014083,0.000150129,0.000156241,0.000158416,0.000156212,0.000149469,0.000138274,0.000122911,0.000103803,8.14661e-05,5.64675e-05,2.94019e-05,8.79508e-07,-2.84708e-05,-5.79885e-05,-8.69654e-05,-0.000114633,-0.000140159,-0.000160773,-0.000174407,-0.000180994,-0.000179826,-0.000170183,-0.000152208,-0.00012714,-9.71467e-05,-6.47799e-05,-3.21537e-05,0
0,-2.36111e-05,-5.00047e-05,-7.84516e-05,-0.000107542,-0.000134995,-0.0001584,-0.000175824,-0.000186183,-0.000189314,-0.000185723,-0.000175811,-0.000159386,-0.000138165,-0.000114474,-8.8861e-05,-6.18792e-05,-3.41047e-05,-6.15529e-06,2.12978e-05,4.75309e-05,7.17834e-05,9.32891e-05,0.000111321,0.000125245,0.000134581,0.000139058,0.000138665,0.000133686,0.000124715,0.000112655,9.86798e-05,8.41846e-05,7.0708e-05,5.98405e-05,5.31253e-05,5.19599e-05,5.75098e-05,7.06435e-05,9.18976e-05,0.000121479,0.000159312,0.000205125,0.000258595,0.000319549,0.000388292,0.000435726,0.000493136,0.000560342,0.00064671,0.00076821,0.000941805,0.00117871,0.00147875,0.00182777,0.00219889,0.00255686,0.00286393,0.00308561,0.00319581,0.003181,0.00304325,0.00280117,0.00248754,0.00214361,0.00181082,0.00152244,0.00129747,0.00113867,0.001035,0.00096716,0.000914125,0.000858768,0.000791602,0.000712616,0.000631536,0.000506274,0.000400416,0.000311137,0.00023659,0.000175642,0.00012754,9.16388e-05,6.72105e-05,5.33196e-05,4.87666e-05,5.20855e-05,6.15854e-05,7.54261e-05,9.17152e-05,0.000108613,0.000124434,0.000137729,0.000147353,0.000152492,0.000152676,0.000147753,0.000137853,0.000123328,0.000104698,8.25885e-05,5.76825e-05,3.0686e-05,2.30658e-06,-2.67511e-05,-5.57797e-05,-8.40558e-05,-0.000110829,-0.000135314,-0.000154863,-0.000167539,-0.000173382,-0.00017181,-0.000162215,-0.00014479,-0.000120747,-9.21483e-05,-6.13951e-05,-3.04598e-05,0
0,-2.23202e-05,-4.71192e-05,-7.3687e-05,-0.0001007,-0.000126059,-0.000147571,-0.000163501,-0.000172891,-0.00017562,-0.000172155,-0.000162816,-0.000147324,-0.000127263,-0.000104829,-8.05044e-05,-5.47916e-05,-2.82388e-05,-1.46045e-06,2.48511e-05,4.99282e-05,7.29482e-05,9.30706e-05,0.000109489,0.000121493,0.000128536,0.000130298,0.000126744,0.00011816,0.000105175,8.87532e-05,7.01601e-05,5.0906e-05,3.26618e-05,1.71608e-05,6.09162e-06,9.93095e-07,3.1621e-06,1.3586e-05,3.29091e-05,6.14414e-05,9.92157e-05,0.000146094,0.000201919,0.00026666,0.000340486,0.000390257,0.000442042,0.000497759,0.000569743,0.000676287,0.000835153,0.00105673,0.00133899,0.00166598,0.00201004,0.00233691,0.00261166,0.00280398,0.00289219,0.00286611,0.00272893,0.00249784,0.00220243,0.00188029,0.00157014,0.00130419,0.00110192,0.00096726,0.000889874,0.000849845,0.000823924,0.000791602,0.000739802,0.000665901,0.000579582,0.000451768,0.000345241,0.000256245,0.000182571,0.000122993,7.67571e-05,4.32276e-05,2.1667e-05,1.11064e-05,1.02863e-05,1.76557e-05,3.1419e-05,4.96172e-05,7.02323e-05,9.13004e-05,0.00011102,0.000127846,0.000140554,0.000148287,0.000150554,0.00014722,0.000138457,0.000124685,0.000106512,8.46619e-05,5.99199e-05,3.30879e-05,4.95487e-06,-2.37146e-05,-5.21799e-05,-7.97142e-05,-0.000105593,-0.000129083,-0.000147663,-0.000159526,-0.000164809,-0.000163043,-0.000153711,-0.000137039,-0.000114187,-8.70993e-05,-5.80218e-05,-2.87896e-05,0
0,-2.11433e-05,-4.44422e-05,-6.9186e-05,-9.41184e-05,-0.000117308,-0.000136776,-0.000150989,-0.000159136,-0.000161157,-0.000157511,-0.000148457,-0.000133649,-0.000114551,-9.32338e-05,-7.01177e-05,-4.56543e-05,-2.03574e-05,5.17322e-06,3.02391e-05,5.40469e-05,7.5732e-05,9.43996e-05,0.000109183,0.000119312,0.000124186,0.000123444,0.000117028,0.000105222,8.86762e-05,6.84009e-05,4.57316e-05,2.22665e-05,-2.19508e-07,-1.98798e-05,-3.49093e-05,-4.36566e-05,-4.47211e-05,-3.70264e-05,-1.98568e-05,7.14927e-06,4.40583e-05,9.07571e-05,0.000147122,0.000213172,0.000288662,0.000342297,0.000396396,0.000454188,0.000528005,0.000634578,0.000789087,0.000999294,0.00126158,0.00156018,0.00186961,0.00215938,0.00239919,0.00256348,0.00263457,0.00260474,0.00247756,0.00226818,0.00200204,0.00171148,0.00143019,0.00118687,0.000999754,0.000873668,0.00080062,0.00076333,0.000740556,0.000712616,0.000665901,0.000595877,0.000510451,0.000386523,0.000284997,0.000200154,0.000129925,7.34451e-05,3.02335e-05,-1.75435e-07,-1.84294e-05,-2.54674e-05,-2.25638e-05,-1.13172e-05,6.40484e-06,2.85565e-05,5.30257e-05,7.77548e-05,0.000100857,0.000120713,0.00013605,0.000145978,0.000150006,0.000148016,0.000140227,0.000127123,0.00010939,8.78377e-05,6.3337e-05,3.67676e-05,8.98218e-06,-1.92121e-05,-4.70563e-05,-7.38317e-05,-9.88466e-05,-0.000121425,-0.00013917,-0.000150404,-0.000155348,-0.000153627,-0.000144795,-0.000129082,-0.00010758,-8.20999e-05,-5.47312e-05,-2.71799e-05,0
0,-2.01109e-05,-4.20419e-05,-6.5061e-05,-8.79589e-05,-0.000108952,-0.000126266,-0.000138569,-0.000145209,-0.000146215,-0.000142058,-0.000132966,-0.000118551,-0.000100166,-7.97692e-05,-5.77243e-05,-3.44327e-05,-1.03695e-05,1.38898e-05,3.76548e-05,6.01245e-05,8.04119e-05,9.75889e-05,0.000110748,0.000119077,0.000121935,0.000118928,0.000109976,9.5356e-05,7.57287e-05,5.21311e-05,2.59426e-05,-1.17965e-06,-2.73901e-05,-5.07637e-05,-6.9414e-05,-8.16103e-05,-8.58816e-05,-8.10948e-05,-6.64997e-05,-4.1729e-05,-6.74765e-06,3.82684e-05,9.31874e-05,0.000158588,0.000238103,0.000300526,0.000364174,0.000435938,0.000525378,0.000643887,0.000800938,0.00100019,0.00123692,0.00149764,0.00176195,0.00200584,0.00220557,0.00234108,0.00239862,0.00237249,0.00226597,0.00209134,0.00186868,0.00162313,0.00138088,0.00116452,0.000989092,0.000859878,0.00077251,0.000715332,0.000673193,0.000631536,0.000579582,0.000510451,0.000407286,0.00030788,0.000219189,0.000142539,7.83046e-05,2.66842e-05,-1.22592e-05,-3.86912e-05,-5.30951e-05,-5.63297e-05,-4.96436e-05,-3.46476e-05,-1.32457e-05,1.24644e-05,4.03121e-05,6.81809e-05,9.41308e-05,0.000116502,0.000133994,0.000145707,0.00015116,0.000150266,0.000143287,0.000130768,0.00011346,9.22441e-05,6.80598e-05,4.1845e-05,1.44962e-05,-1.31542e-05,-4.03439e-05,-6.6373e-05,-9.05899e-05,-0.000112375,-0.000129459,-0.000140283,-0.000145137,-0.000143719,-0.000135627,-0.000121074,-0.000101061,-7.72576e-05,-5.15964e-05,-2.56674e-05,0
0,-1.92484e-05,-3.99779e-05,-6.14158e-05,-8.2377e-05,-0.000101203,-0.000116303,-0.000126547,-0.000131447,-0.00013114,-0.000126137,-0.000116665,-0.000102314,-8.43489e-05,-6.46239e-05,-4.3454e-05,-2.11946e-05,1.7203e-06,2.47472e-05,4.72163e-05,6.83352e-05,8.72137e-05,0.000102911,0.000114498,0.000121138,0.000122163,0.000117156,0.000106016,8.90114e-05,6.67989e-05,4.04238e-05,1.12838e-05,-1.89359e-05,-4.83536e-05,-7.50019e-05,-9.69492e-05,-0.00011242,-0.000119902,-0.000118233,-0.000106652,-8.48116e-05,-5.27497e-05,-1.08214e-05,4.03887e-05,0.000100062,0.000166416,0.000231623,0.000299998,0.000377019,0.000469594,0.000584993,0.000728595,0.000901528,0.00109913,0.0013108,0.00152123,0.00171268,0.0018677,0.00197159,0.00201441,0.0019923,0.0019081,0.00177123,0.0015966,0.00140258,0.00120817,0.0010299,0.000879163,0.000760689,0.000672518,0.000607444,0.000555426,0.000506274,0.000451768,0.000386523,0.00030788,0.000227564,0.000152289,8.53988e-05,2.86954e-05,-1.67645e-05,-5.0411e-05,-7.2107e-05,-8.21574e-05,-8.13207e-05,-7.07967e-05,-5.218e-05,-2.73801e-05,1.48801e-06,3.22308e-05,6.27092e-05,9.09646e-05,0.000115327,0.000134494,0.000147579,0.000154124,0.000154077,0.000147745,0.000135725,0.000118825,9.79791e-05,7.41755e-05,4.83906e-05,2.15456e-05,-5.51965e-06,-3.20535e-05,-5.73847e-05,-8.0906e-05,-0.000102055,-0.000118684,-0.000129344,-0.000134375,-0.000133524,-0.000126407,-0.000113194,-9.47796e-05,-7.26838e-05,-4.86901e-05,-2.42872e-05,0
0,-1.85749e-05,-3.82985e-05,-5.834e-05,-7.75153e-05,-9.42624e-05,-0.000107153,-0.000115242,-0.000118212,-0.000116324,-0.000110152,-9.99502e-05,-8.53148e-05,-6.74407e-05,-4.8092e-05,-2.75464e-05,-6.11787e-06,1.58003e-05,3.77017e-05,5.89473e-05,7.87676e-05,9.62865e-05,0.000110569,0.000120684,0.000125785,0.000125195,0.000118478,0.000105522,8.65755e-05,6.22852e-05,3.36863e-05,2.17041e-06,-3.05786e-05,-6.26761e-05,-9.21469e-05,-0.000117048,-0.000135587,-0.000146239,-0.000147828,-0.000139586,-0.000121177,-9.26823e-05,-5.4555e-05,-7.57541e-06,4.71426e-05,0.000107989,0.000172774,0.000243111,0.000322501,0.000415467,0.000526411,0.000658091,0.000810129,0.000978089,0.00115345,0.0013245,0.00147793,0.00160072,0.00168201,0.00171454,0.00169567,0.00162777,0.0015181,0.00137784,0.00122067,0.00106067,0.000910224,0.000778183,0.000668777,0.000581534,0.000512161,0.000454114,0.000400416,0.000345241,0.000284997,0.000219189,0.000152289,8.86447e-05,3.14192e-05,-1.72159e-05,-5.58123e-05,-8.34987e-05,-9.99287e-05,-0.000105269,-0.00010019,-8.58378e-05,-6.37743e-05,-3.58893e-05,-4.28484e-06,2.88562e-05,6.14064e-05,9.14222e-05,0.000117253,0.00013762,0.00015167,0.000158977,0.000159533,0.000153686,0.000142078,0.000125559,0.000105102,8.17227e-05,5.64171e-05,3.01116e-05,3.63715e-06,-2.22777e-05,-4.69983e-05,-6.99643e-05,-9.06671e-05,-0.000107075,-0.000117837,-0.000123319,-0.000123291,-0.000117364,-0.000105638,-8.88904e-05,-6.84902e-05,-4.6082e-05,-2.30719e-05,0
0,-1.81016e-05,-3.70371e-05,-5.59035e-05,-7.34948e-05,-8.83143e-05,-9.90659e-05,-0.000104972,-0.000105881,-0.000102186,-9.45495e-05,-8.32787e-05,-6.80034e-05,-4.987e-05,-3.05676e-05,-1.03481e-05,1.05075e-05,3.16443e-05,5.25955e-05,7.27603e-05,9.14035e-05,0.000107678,0.00012067,0.000129465,0.000133225,0.000131269,0.000123162,0.000108774,8.83415e-05,6.24874e-05,3.22225e-05,-1.08835e-06,-3.57891e-05,-7.00212e-05,-0.000101833,-0.000129298,-0.000150636,-0.000164322,-0.000169176,-0.000164418,-0.000149695,-0.000125068,-9.09698e-05,-4.81339e-05,2.49177e-06,5.98887e-05,0.000123385,0.000193889,0.000273539,0.000365062,0.000470872,0.000592019,0.000727226,0.000872343,0.00102039,0.00116222,0.00128768,0.00138692,0.00145181,0.001477,0.00146066,0.00140474,0.00131487,0.00119958,0.00106918,0.000934365,0.000804621,0.000686995,0.000585295,0.000499974,0.000428678,0.000367282,0.000311137,0.000256245,0.000200154,0.000142539,8.53988e-05,3.14192e-05,-1.69142e-05,-5.7594e-05,-8.91367e-05,-0.000110582,-0.000121498,-0.000121977,-0.000112636,-9.45738e-05,-6.93145e-05,-3.87101e-05,-4.82444e-06,3.01998e-05,6.4278e-05,9.55111e-05,0.000122295,0.000143399,0.000158015,0.000165766,0.000166684,0.00016116,0.000149871,0.000133693,0.000113622,9.06829e-05,6.58714e-05,4.01019e-05,1.41821e-05,-1.1193e-05,-3.54307e-05,-5.80178e-05,-7.84948e-05,-9.49371e-05,-0.000106073,-0.000112274,-0.000113307,-0.000108747,-9.86118e-05,-8.35492e-05,-6.47833e-05,-4.38352e-05,-2.20493e-05,0
0,-1.7831e-05,-3.62094e-05,-5.41513e-05,-7.0407e-05,-8.35116e-05,-9.22665e-05,-9.60351e-05,-9.48208e-05,-8.91534e-05,-7.98012e-05,-6.71491e-05,-5.08885e-05,-3.21392e-05,-1.25315e-05,7.69474e-06,2.82827e-05,4.89105e-05,6.91506e-05,8.84447e-05,0.000106101,0.000121311,0.0001332,0.000140881,0.000143538,0.000140505,0.000131347,0.00011593,9.44719e-05,6.75688e-05,3.61947e-05,1.67052e-06,-3.43968e-05,-7.01996e-05,-0.000103834,-0.000133417,-0.000157198,-0.000173669,-0.000181647,-0.00018033,-0.000169319,-0.000148608,-0.000118526,-7.96529e-05,-3.26903e-05,2.17335e-05,8.33741e-05,0.000152774,0.000231147,0.000319952,0.000420241,0.000531953,0.000653291,0.000780403,0.000907469,0.00102721,0.00113171,0.00121345,0.00126624,0.00128608,0.00127169,0.00122469,0.00114946,0.0010526,0.000942048,0.000826059,0.00071209,0.00060588,0.000510877,0.000428112,0.000356531,0.000293686,0.00023659,0.000182571,0.000129925,7.83046e-05,2.86954e-05,-1.72159e-05,-5.7594e-05,-9.07777e-05,-0.000115445,-0.0001307,-0.000136128,-0.000131819,-0.000118368,-9.6847e-05,-6.8738e-05,-3.58443e-05,-1.71623e-07,3.6202e-05,7.12605e-05,0.000103176,0.000130412,0.000151805,0.000166607,0.000174493,0.000175541,0.000170176,0.0001591,0.000143205,0.000123489,0.00010097,7.66269e-05,5.13459e-05,2.58997e-05,9.41932e-07,-2.29792e-05,-4.53956e-05,-6.58896e-05,-8.26314e-05,-9.44112e-05,-0.00010158,-0.000103875,-0.000100816,-9.23193e-05,-7.89039e-05,-6.16591e-05,-4.2003e-05,-2.12415e-05,0
0,-1.77555e-05,-3.58113e-05,-5.30994e-05,-6.83066e-05,-7.99656e-05,-8.69368e-05,-8.86922e-05,-8.53704e-05,-7.7637e-05,-6.63772e-05,-5.20766e-05,-3.45133e-05,-1.48029e-05,5.4659e-06,2.60518e-05,4.67108e-05,6.71468e-05,8.69685e-05,0.000105662,0.000122582,0.000136971,0.000148,0.000154823,0.000156659,0.000152865,0.000143019,0.000126983,0.000104961,7.75182e-05,4.55833e-05,1.04208e-05,-2.64274e-05,-6.32235e-05,-9.81328e-05,-0.000129332,-0.00015512,-0.000174015,-0.000184836,-0.000186752,-0.000179305,-0.000162391,-0.000136204,-0.00010115,-5.77179e-05,-6.32074e-06,5.28925e-05,0.000120175,0.000196093,0.000281221,0.000375701,0.000478758,0.000588315,0.000700815,0.000811327,0.000913946,0.00100241,0.00107086,0.00111453,0.00113039,0.00111752,0.00107726,0.00101309,0.000930154,0.000834683,0.000733177,0.000631616,0.000534778,0.000445807,0.000366083,0.000295426,0.000232547,0.000175642,0.000122993,7.34451e-05,2.66842e-05,-1.67645e-05,-5.58123e-05,-8.91367e-05,-0.000115445,-0.000133656,-0.00014303,-0.00014324,-0.000134424,-0.000117189,-9.25912e-05,-6.20758e-05,-2.73876e-05,9.5406e-06,4.67147e-05,8.22084e-05,0.000114284,0.000141492,0.000162749,0.000177375,0.000185103,0.000186053,0.00018068,0.000169699,0.000154005,0.000134581,0.000112424,8.84791e-05,6.35933e-05,3.8495e-05,1.37916e-05,-1.00132e-05,-3.24914e-05,-5.3258e-05,-7.05643e-05,-8.32414e-05,-9.15951e-05,-9.5308e-05,-9.38234e-05,-8.69517e-05,-7.50849e-05,-5.9196e-05,-4.06247e-05,-2.06626e-05,0
0,-1.78574e-05,-3.58175e-05,-5.27308e-05,-6.72052e-05,-7.77368e-05,-8.32038e-05,-8.31487e-05,-7.78195e-05,-6.80081e-05,-5.47227e-05,-3.85675e-05,-1.943e-05,1.55645e-06,2.28283e-05,4.41282e-05,6.52131e-05,8.58034e-05,0.000105539,0.000123947,0.000140434,0.000154295,0.000164756,0.000171021,0.000172352,0.000168138,0.000157978,0.000141738,0.000119607,9.21179e-05,6.01522e-05,2.49095e-05,-1.21449e-05,-4.93565e-05,-8.49737e-05,-0.00011725,-0.000144545,-0.000165414,-0.000178685,-0.000183502,-0.000179343,-0.000166002,-0.000143539,-0.000112203,-7.23248e-05,-2.42017e-05,3.20035e-05,9.63051e-05,0.000168807,0.000249481,0.00033787,0.000432761,0.000531956,0.000632182,0.000729209,0.000818168,0.000894024,0.000952126,0.000988757,0.00100158,0.000989928,0.000954918,0.000899314,0.000827217,0.000743576,0.00065361,0.000562205,0.000473412,0.000390106,0.000313869,0.0002451,0.000183313,0.00012754,7.67571e-05,3.02335e-05,-1.22592e-05,-5.0411e-05,-8.34987e-05,-0.000110582,-0.0001307,-0.00014303,-0.000147021,-0.000142476,-0.00012961,-0.000109064,-8.18909e-05,-4.94972e-05,-1.3564e-05,2.40607e-05,6.14807e-05,9.68748e-05,0.00012861,0.000155337,0.000176059,0.000190171,0.000197464,0.000198096,0.000192543,0.000181525,0.000165923,0.000146695,0.000124802,0.000101143,7.65159e-05,5.1599e-05,2.69525e-05,3.0383e-06,-1.97483e-05,-4.10443e-05,-5.91662e-05,-7.29645e-05,-8.26747e-05,-8.79029e-05,-8.80023e-05,-8.26739e-05,-7.2196e-05,-5.74488e-05,-3.97223e-05,-2.03176e-05,0
0,-1.81086e-05,-3.61807e-05,-5.29945e-05,-6.70675e-05,-7.68278e-05,-8.11289e-05,-7.95414e-05,-7.23907e-05,-6.05779e-05,-4.5234e-05,-2.70935e-05,-6.17319e-06,1.6356e-05,3.89394e-05,6.12898e-05,8.31522e-05,0.000104253,0.000124255,0.000142725,0.000159115,0.000172779,0.000182998,0.000189035,0.000190201,0.000185925,0.00017583,0.000159792,0.000137988,0.000110923,7.94274e-05,4.46319e-05,7.91947e-06,-2.91465e-05,-6.49081e-05,-9.77057e-05,-0.000125971,-0.000148309,-0.000163565,-0.000170866,-0.000169636,-0.00015958,-0.000140644,-0.000112947,-7.67068e-05,-3.21626e-05,2.04803e-05,8.10495e-05,0.000149325,0.000224883,0.000306882,0.000393868,0.000483626,0.000573162,0.000658811,0.000736504,0.000802125,0.000851937,0.000882987,0.000893445,0.00088282,0.000852032,0.000803311,0.000739957,0.000665964,0.000585583,0.000502876,0.000421323,0.000343559,0.000271262,0.000205209,0.00014546,9.16388e-05,4.32276e-05,-1.75435e-07,-3.86912e-05,-7.2107e-05,-9.99287e-05,-0.000121498,-0.000136128,-0.00014324,-0.000142476,-0.000133779,-0.000117456,-9.41897e-05,-6.50315e-05,-3.13501e-05,5.24323e-06,4.29934e-05,8.01125e-05,0.000114894,0.000145819,0.000171644,0.000191466,0.000204753,0.000211351,0.000211453,0.000205547,0.000194344,0.000178704,0.000159545,0.00013778,0.000114255,8.97126e-05,6.47781e-05,3.9966e-05,1.57025e-05,-7.64061e-06,-2.97102e-05,-4.88712e-05,-6.39712e-05,-7.51527e-05,-8.19264e-05,-8.35475e-05,-7.96123e-05,-7.03053e-05,-5.64429e-05,-3.92968e-05,-2.02004e-05,0
0,-1.84717e-05,-3.68328e-05,-5.38052e-05,-6.78099e-05,-7.71793e-05,-8.07002e-05,-7.79269e-05,-6.9224e-05,-5.55783e-05,-3.82355e-05,-1.80669e-05,4.76704e-06,2.90402e-05,5.31916e-05,7.68915e-05,9.98597e-05,0.000121818,0.000142441,0.000161327,0.000177975,0.000191791,0.000202115,0.000208271,0.000209621,0.000205641,0.000195982,0.000180535,0.000159469,0.000133261,0.000102693,6.88262e-05,3.29605e-05,-3.43664e-06,-3.8806e-05,-7.15823e-05,-0.000100278,-0.000123559,-0.000140299,-0.000149625,-0.000150922,-0.000143829,-0.0001282,-0.000104061,-7.15527e-05,-3.08801e-05,1.77077e-05,7.39038e-05,0.000137275,0.000207144,0.000282454,0.000361639,0.000442547,0.000522451,0.000598163,0.000666244,0.000723289,0.000766253,0.000792754,0.000801335,0.000791624,0.000764377,0.000721409,0.000665399,0.000599611,0.000527552,0.000452639,0.000377893,0.000305726,0.000237839,0.000175238,0.000118351,6.72105e-05,2.1667e-05,-1.84294e-05,-5.30951e-05,-8.21574e-05,-0.000105269,-0.000121977,-0.000131819,-0.000134424,-0.00012961,-0.000117456,-9.83548e-05,-7.30321e-05,-4.25348e-05,-8.18923e-06,2.84683e-05,6.57817e-05,0.000102077,0.000135768,0.000165454,0.000189999,0.000208591,0.000220774,0.000226441,0.000225811,0.000219376,0.000207832,0.000192001,0.000172757,0.000150954,0.000127381,0.00010272,7.75469e-05,5.23344e-05,2.74811e-05,3.34622e-06,-1.97138e-05,-4.00951e-05,-5.66212e-05,-6.9321e-05,-7.75966e-05,-8.06029e-05,-7.78444e-05,-6.94379e-05,-5.61698e-05,-3.93262e-05,-2.02939e-05,0
0,-1.89006e-05,-3.76866e-05,-5.50454e-05,-6.93018e-05,-7.86696e-05,-8.18299e-05,-7.82749e-05,-6.83668e-05,-5.31475e-05,-3.39624e-05,-1.18186e-05,1.297e-05,3.91081e-05,6.50154e-05,9.03077e-05,0.000114667,0.000137798,0.000159378,0.000179027,0.000196282,0.0002106,0.000221378,0.000227998,0.000229878,0.00022654,0.000217668,0.00020317,0.000183212,0.000158246,0.000129007,9.64921e-05,6.19165e-05,2.66533e-05,-7.83884e-06,-4.00931e-05,-6.87096e-05,-9.24223e-05,-0.000110151,-0.000121035,-0.000124444,-0.000119975,-0.000107421,-8.67434e-05,-5.803e-05,-2.14684e-05,2.26615e-05,7.39663e-05,0.000131883,0.000195597,0.000263949,0.000335358,0.000407788,0.000478778,0.000545549,0.000605175,0.000654813,0.000691951,0.000714646,0.000721718,0.00071287,0.000688724,0.000650762,0.000601177,0.000542656,0.000478123,0.000410476,0.000342351,0.000275947,0.000212933,0.000154442,0.000101134,5.33196e-05,1.11064e-05,-2.54674e-05,-5.63297e-05,-8.13207e-05,-0.00010019,-0.000112636,-0.000118368,-0.000117189,-0.000109064,-9.41897e-05,-7.30321e-05,-4.63482e-05,-1.51741e-05,1.92125e-05,5.53552e-05,9.17004e-05,0.000126691,0.000158862,0.00018693,0.000209865,0.000226945,0.000237777,0.000242301,0.000240752,0.000233617,0.000221567,0.000205381,0.000185877,0.00016385,0.000140024,0.000115026,8.93851e-05,6.35394e-05,3.78702e-05,1.27368e-05,-1.14881e-05,-3.32149e-05,-5.12232e-05,-6.54123e-05,-7.50677e-05,-7.92492e-05,-7.73897e-05,-6.95699e-05,-5.65839e-05,-3.97643e-05,-2.05688e-05,0
0,-1.9343e-05,-3.86393e-05,-5.657e-05,-7.13699e-05,-8.11178e-05,-8.43548e-05,-8.04666e-05,-6.97678e-05,-5.33199e-05,-3.25458e-05,-8.58029e-06,1.81062e-05,4.61386e-05,7.3907e-05,0.000100963,0.000126939,0.000151509,0.000174343,0.000195072,0.000213261,0.000228412,0.000239975,0.000247388,0.000250123,0.000247747,0.000239981,0.000226749,0.000208219,0.00018482,0.000157246,0.000126432,9.3514e-05,5.97734e-05,2.65697e-05,-4.72914e-06,-3.28146e-05,-5.64975e-05,-7.47537e-05,-8.67535e-05,-9.18734e-05,-8.96914e-05,-7.99694e-05,-6.26284e-05,-3.77246e-05,-5.43385e-06,3.39477e-05,7.9981e-05,0.000132041,0.000189255,0.000250449,0.000314096,0.000378315,0.000440908,0.000499455,0.000551463,0.000594542,0.000626603,0.000646043,0.000651889,0.000643898,0.000622575,0.00058913,0.000545366,0.000493507,0.000436003,0.000375326,0.000313776,0.000253348,0.000195639,0.000141827,9.27069e-05,4.87666e-05,1.02863e-05,-2.25638e-05,-4.96436e-05,-7.07967e-05,-8.58378e-05,-9.45738e-05,-9.6847e-05,-9.25912e-05,-8.18909e-05,-6.50315e-05,-4.25348e-05,-1.51741e-05,1.6036e-05,4.98736e-05,8.49663e-05,0.000119865,0.000153129,0.000183412,0.000209544,0.000230596,0.000245927,0.000255205,0.000258402,0.000255766,0.00024777,0.000235049,0.000218335,0.000198387,0.000175936,0.000151645,0.00012609,9.97571e-05,7.30625e-05,4.6382e-05,2.00872e-05,-5.41993e-06,-2.85485e-05,-4.80172e-05,-6.35845e-05,-7.44181e-05,-7.94955e-05,-7.82043e-05,-7.06263e-05,-5.76017e-05,-4.05406e-05,-2.09844e-05,0
0,-1.97421e-05,-3.95769e-05,-5.82119e-05,-7.38046e-05,-8.42906e-05,-8.80423e-05,-8.42971e-05,-7.3277e-05,-5.60224e-05,-3.40047e-05,-8.47113e-06,1.99544e-05,4.98117e-05,7.94538e-05,0.000108359,0.000136102,0.000162314,0.000186644,0.000208722,0.000228133,0.000244414,0.000257061,0.000265563,0.000269442,0.000268311,0.000261924,0.000250225,0.000233382,0.000211809,0.00018616,0.000157314,0.000126334,9.44149e-05,6.28207e-05,3.28232e-05,5.63846e-06,-1.76259e-05,-3.60115e-05,-4.87345e-05,-5.51965e-05,-5.49812e-05,-4.78412e-05,-3.36804e-05,-1.25387e-05,1.54171e-05,4.98877e-05,9.04211e-05,0.000136379,0.000186896,0.000240838,0.000296787,0.00035304,0.000407657,0.000458545,0.00050358,0.000540749,0.000568306,0.000584917,0.000589771,0.000582656,0.000563978,0.000534722,0.00049637,0.000450768,0.000399973,0.000346091,0.00029113,0.00023688,0.000184834,0.000136162,9.17163e-05,5.20855e-05,1.76557e-05,-1.13172e-05,-3.46476e-05,-5.218e-05,-6.37743e-05,-6.93145e-05,-6.8738e-05,-6.20758e-05,-4.94972e-05,-3.13501e-05,-8.18923e-06,1.92125e-05,4.98736e-05,8.26351e-05,0.000116212,0.000149258,0.000180448,0.000208547,0.000232493,0.00025145,0.00026485,0.000272413,0.000274135,0.000270266,0.000261259,0.00024771,0.000230297,0.000209719,0.000186645,0.000161683,0.00013536,0.000108133,8.04078e-05,5.25658e-05,2.50051e-05,-1.83158e-06,-2.63385e-05,-4.71605e-05,-6.39099e-05,-7.56429e-05,-8.1274e-05,-8.01789e-05,-7.24803e-05,-5.91033e-05,-4.15622e-05,-2.14896e-05,0
0,-2.00395e-05,-4.03793e-05,-5.97896e-05,-7.63698e-05,-8.7912e-05,-9.25993e-05,-8.9484e-05,-7.86506e-05,-6.1075e-05,-3.82424e-05,-1.14903e-05,1.84143e-05,4.99256e-05,8.1355e-05,0.000112104,0.000141679,0.000169658,0.000195657,0.000219293,0.00024016,0.000257819,0.000271802,0.000281643,0.000286911,0.000287259,0.000282472,0.000272513,0.000257554,0.000237992,0.000214449,0.000187753,0.000158898,0.000129001,9.92371e-05,7.07867e-05,4.47755e-05,2.22279e-05,4.03062e-06,-9.08933e-06,-1.65737e-05,-1.80302e-05,-1.32218e-05,-2.05309e-06,1.54411e-05,3.91003e-05,6.86326e-05,0.000103597,0.00014338,0.000187162,0.000233897,0.000282302,0.000330872,0.000377918,0.000421647,0.000460256,0.000492052,0.000515575,0.000529706,0.000533763,0.000527556,0.0005114,0.000486096,0.000452856,0.00041321,0.00036888,0.00032166,0.000273288,0.000225354,0.000179228,0.000136024,9.66007e-05,6.15854e-05,3.1419e-05,6.40484e-06,-1.32457e-05,-2.73801e-05,-3.58893e-05,-3.87101e-05,-3.58443e-05,-2.73876e-05,-1.3564e-05,5.24323e-06,2.84683e-05,5.53552e-05,8.49663e-05,0.000116212,0.000147894,0.000178772,0.000207624,0.000233325,0.000254909,0.000271625,0.000282967,0.000288698,0.000288831,0.000283611,0.000273463,0.000258941,0.000240669,0.000219285,0.000195402,0.000169576,0.000142301,0.000114015,8.51232e-05,5.60293e-05,2.71692e-05,-9.63632e-07,-2.67381e-05,-4.87171e-05,-6.63682e-05,-7.86496e-05,-8.44401e-05,-8.31408e-05,-7.49571e-05,-6.09356e-05,-4.27166e-05,-2.20246e-05,0
0,-2.01778e-05,-4.0926e-05,-6.11158e-05,-7.88136e-05,-9.16762e-05,-9.76856e-05,-9.56786e-05,-8.55605e-05,-6.81976e-05,-4.50495e-05,-1.75148e-05,1.35129e-05,4.64073e-05,7.94383e-05,0.000111928,0.000143308,0.000173094,0.000200858,0.000226191,0.000248683,0.000267908,0.000283425,0.000294804,0.000301651,0.000303657,0.000300634,0.000292563,0.000279616,0.00026218,0.000240844,0.000216392,0.000189758,0.000161985,0.00013417,0.000107409,8.27403e-05,6.11088e-05,4.33273e-05,3.00602e-05,2.18152e-05,1.89476e-05,2.16698e-05,3.00635e-05,4.40896e-05,6.35923e-05,8.82935e-05,0.000117781,0.000151486,0.000188667,0.00022839,0.000269528,0.000310777,0.000350694,0.000387758,0.000420454,0.000447364,0.000467265,0.00047922,0.00048265,0.000477379,0.000463647,0.000442094,0.000413708,0.000379749,0.000341653,0.000300934,0.00025909,0.000217511,0.000177428,0.000139871,0.000105662,7.54261e-05,4.96172e-05,2.85565e-05,1.24644e-05,1.48801e-06,-4.28484e-06,-4.82444e-06,-1.71623e-07,9.5406e-06,2.40607e-05,4.29934e-05,6.57817e-05,9.17004e-05,0.000119865,0.000149258,0.000178772,0.00020726,0.000233604,0.000256775,0.000275898,0.000290291,0.000299506,0.000303335,0.000301803,0.000295141,0.000283745,0.000268124,0.000248848,0.000226501,0.000201644,0.000174794,0.00014642,0.000116957,8.68234e-05,5.64583e-05,2.6346e-05,-2.96144e-06,-2.98009e-05,-5.2651e-05,-7.08434e-05,-8.32594e-05,-8.87754e-05,-8.68589e-05,-7.78398e-05,-6.29182e-05,-4.3876e-05,-2.25236e-05,0
0,-2.01041e-05,-4.11026e-05,-6.20069e-05,-8.08802e-05,-9.52613e-05,-0.000102929,-0.000102482,-9.36085e-05,-7.70212e-05,-5.41111e-05,-2.63032e-05,5.40561e-06,3.9319e-05,7.3669e-05,0.0001077,0.000140765,0.000172311,0.000201852,0.000228945,0.000253162,0.000274076,0.000291264,0.00030432,0.000312882,0.000316668,0.000315516,0.000309418,0.000298551,0.000283284,0.000264185,0.000241991,0.000217587,0.00019195,0.000166106,0.000141074,0.000117817,9.72019e-05,7.99721e-05,6.67275e-05,5.79214e-05,5.38643e-05,5.4735e-05,6.05931e-05,7.13887e-05,8.69683e-05,0.000107071,0.000131322,0.000159213,0.000190094,0.000223155,0.000257435,0.000291829,0.000325125,0.000356053,0.000383353,0.000405845,0.000422512,0.00043257,0.000435525,0.000431209,0.000419799,0.000401799,0.000378006,0.000349448,0.000317314,0.000282873,0.000247394,0.000212081,0.000178014,0.000146122,0.000117158,9.17152e-05,7.02323e-05,5.30257e-05,4.03121e-05,3.22308e-05,2.88562e-05,3.01998e-05,3.6202e-05,4.67147e-05,6.14807e-05,8.01125e-05,0.000102077,0.000126691,0.000153129,0.000180448,0.000207624,0.000233604,0.000257361,0.000277956,0.00029459,0.000306644,0.000313714,0.000315616,0.000312377,0.000304214,0.000291488,0.000274664,0.000254262,0.000230819,0.000204854,0.000176857,0.000147288,0.000116589,8.52095e-05,5.36339e-05,2.24042e-05,-7.86458e-06,-3.54746e-05,-5.88243e-05,-7.71259e-05,-8.92121e-05,-9.39953e-05,-9.10529e-05,-8.0878e-05,-6.48513e-05,-4.49034e-05,-2.29174e-05,0
0,-1.97722e-05,-4.08063e-05,-6.22917e-05,-8.23227e-05,-9.83451e-05,-0.000107942,-0.000109462,-0.000102343,-8.7103e-05,-6.5019e-05,-3.75036e-05,-5.62791e-06,2.88576e-05,6.41552e-05,9.94363e-05,0.000133975,0.000167144,0.000198394,0.000227231,0.0002532,0.000275861,0.000294795,0.00030961,0.000319964,0.000325599,0.000326369,0.000322277,0.000313497,0.000300388,0.000283488,0.000263501,0.000241261,0.000217692,0.000193756,0.000170405,0.000148536,0.000128948,0.00011232,9.91908e-05,8.99609e-05,8.48943e-05,8.41326e-05,8.77084e-05,9.55575e-05,0.000107526,0.000123373,0.000142761,0.000165249,0.000190282,0.000217179,0.000245139,0.000273249,0.000300511,0.000325883,0.000348329,0.00036688,0.000380696,0.000389121,0.000391733,0.000388375,0.000379168,0.000364501,0.000345009,0.000321521,0.000295011,0.000266527,0.000237136,0.000207857,0.000179623,0.000153246,0.000129397,0.000108613,9.13004e-05,7.77548e-05,6.81809e-05,6.27092e-05,6.14064e-05,6.4278e-05,7.12605e-05,8.22084e-05,9.68748e-05,0.000114894,0.000135768,0.000158862,0.000183412,0.000208547,0.000233325,0.000256775,0.000277956,0.000296005,0.000310189,0.000319944,0.0003249,0.000324889,0.000319937,0.000310239,0.000296125,0.000278018,0.000256397,0.000231757,0.000204589,0.000175371,0.000144566,0.000112641,8.00882e-05,4.74478e-05,1.53255e-05,-1.56e-05,-4.35985e-05,-6.69992e-05,-8.49185e-05,-9.61753e-05,-9.97607e-05,-9.54048e-05,-8.37997e-05,-6.65249e-05,-4.56589e-05,-2.31371e-05,0
0,-1.91456e-05,-3.99517e-05,-6.1821e-05,-8.29154e-05,-0.00010062,-0.000112341,-0.000116172,-0.000111279,-9.79442e-05,-7.72877e-05,-5.06668e-05,-1.91934e-05,1.53491e-05,5.11452e-05,8.73023e-05,0.000123019,0.000157591,0.000190397,0.000220889,0.000248565,0.000272965,0.000293659,0.000310259,0.000322434,0.000329937,0.000332635,0.000330534,0.000323804,0.000312789,0.000298004,0.000280117,0.000259921,0.000238288,0.00021613,0.000194341,0.000173762,0.000155134,0.000139082,0.000126093,0.000116519,0.000110582,0.000108386,0.000109937,0.000115155,0.000123886,0.000135903,0.000150908,0.000168525,0.00018829,0.000209644,0.000231938,0.000254432,0.000276324,0.000296773,0.000314942,0.000330044,0.000341391,0.000348439,0.000350828,0.000348411,0.000341261,0.000329673,0.000314143,0.000295332,0.000274025,0.000251078,0.000227371,0.000203755,0.000181016,0.000159847,0.00014083,0.000124434,0.00011102,0.000100857,9.41308e-05,9.09646e-05,9.14222e-05,9.55111e-05,0.000103176,0.000114284,0.00012861,0.000145819,0.000165454,0.00018693,0.000209544,0.000232493,0.000254909,0.000275898,0.00029459,0.000310189,0.000322021,0.000329565,0.000332476,0.000330599,0.000323952,0.000312711,0.000297175,0.000277732,0.000254825,0.000228923,0.000200502,0.000170042,0.000138025,0.000104958,7.13864e-05,3.79139e-05,5.21232e-06,-2.59788e-05,-5.3905e-05,-7.68435e-05,-9.38455e-05,-0.000103757,-0.000105691,-9.95735e-05,-8.63229e-05,-6.77288e-05,-4.60067e-05,-2.31173e-05,0
0,-1.81995e-05,-3.84753e-05,-6.04747e-05,-8.24648e-05,-0.00010181,-0.000115763,-0.000122173,-0.000119917,-0.000109011,-9.03729e-05,-6.5263e-05,-3.47957e-05,-7.62192e-07,3.50207e-05,7.16083e-05,0.000108131,0.000143807,0.000177944,0.000209925,0.000239199,0.000265268,0.000287681,0.000306041,0.000320018,0.000329368,0.00033396,0.0003338,0.000329049,0.000320034,0.000307245,0.000291317,0.000273004,0.000253136,0.000232579,0.000212183,0.000192739,0.000174947,0.000159387,0.000146507,0.000136619,0.000129909,0.000126453,0.000126231,0.00012915,0.000135051,0.000143723,0.000154901,0.000168267,0.000183437,0.000199965,0.000217332,0.000234956,0.000252203,0.000268408,0.000282905,0.000295064,0.000304328,0.000310248,0.00031252,0.000311004,0.000305738,0.000296938,0.000284982,0.00027039,0.000253784,0.000235854,0.000217313,0.000198858,0.000181138,0.000164732,0.000150129,0.000137729,0.000127846,0.000120713,0.000116502,0.000115327,0.000117253,0.000122295,0.000130412,0.000141492,0.000155337,0.000171644,0.000189999,0.000209865,0.000230596,0.00025145,0.000271625,0.000290291,0.000306644,0.000319944,0.000329565,0.000335019,0.000335985,0.000332311,0.000324009,0.000311236,0.000294265,0.000273456,0.00024923,0.00022204,0.000192366,0.000160701,0.000127565,9.35169e-05,5.91633e-05,2.5176e-05,-7.7084e-06,-3.86973e-05,-6.60249e-05,-8.79406e-05,-0.000103467,-0.00011152,-0.000111383,-0.00010321,-8.81704e-05,-6.82636e-05,-4.58226e-05,-2.28002e-05,0
0,-1.69222e-05,-3.63394e-05,-5.81688e-05,-8.08198e-05,-0.000101678,-0.000117882,-0.00012705,-0.000127767,-0.000119754,-0.000103693,-8.0701e-05,-5.1856e-05,-1.89282e-05,1.62841e-05,5.27998e-05,8.96913e-05,0.000126107,0.000161278,0.000194519,0.000225218,0.000252829,0.000276869,0.000296921,0.000312642,0.000323784,0.000330208,0.000331914,0.00032905,0.000321921,0.000310992,0.000296866,0.000280259,0.000261965,0.00024281,0.000223606,0.000205112,0.000187995,0.000172804,0.000159958,0.000149745,0.000142327,0.000137757,0.000135998,0.000136945,0.000140438,0.000146277,0.000154224,0.000164007,0.000175314,0.000187788,0.000201023,0.000214569,0.000227934,0.000240601,0.000252049,0.000261779,0.000269345,0.00027438,0.000276627,0.000275954,0.000272373,0.000266034,0.000257221,0.000246333,0.000233858,0.00022034,0.000206349,0.000192445,0.000179156,0.000166953,0.000156241,0.000147353,0.000140554,0.00013605,0.000133994,0.000134494,0.00013762,0.000143399,0.000151805,0.000162749,0.000176059,0.000191466,0.000208591,0.000226945,0.000245927,0.00026485,0.000282967,0.000299506,0.000313714,0.0003249,0.000332476,0.000335985,0.000335119,0.000329732,0.000319828,0.000305548,0.000287147,0.000264969,0.000239423,0.000210964,0.000180086,0.000147318,0.000113229,7.84363e-05,4.36175e-05,9.51153e-06,-2.30863e-05,-5.33424e-05,-7.94975e-05,-9.98028e-05,-0.000113294,-0.000119003,-0.000116424,-0.000105974,-8.90831e-05,-6.79514e-05,-4.50006e-05,-2.21388e-05,0
0,-1.53163e-05,-3.35346e-05,-5.48598e-05,-7.78788e-05,-0.000100045,-0.000118424,-0.00013043,-0.000134363,-0.000129634,-0.000116651,-9.63502e-05,-6.97327e-05,-3.85163e-05,-4.4586e-06,3.14424e-05,6.82155e-05,0.000104947,0.000140796,0.000175007,0.0002069,0.000235875,0.000261405,0.00028304,0.000300417,0.000313269,0.000321446,0.000324931,0.000323852,0.000318493,0.000309287,0.000296805,0.00028173,0.000264818,0.000246864,0.00022865,0.000210909,0.000194288,0.00017932,0.00016641,0.000155833,0.000147739,0.000142173,0.000139088,0.000138372,0.000139868,0.000143381,0.000148698,0.00015558,0.000163768,0.000172978,0.000182893,0.000193167,0.000203422,0.000213262,0.000222283,0.000230094,0.000236339,0.00024072,0.00024302,0.000243118,0.000241002,0.000236774,0.000230641,0.000222903,0.000213936,0.000204166,0.000194039,0.000184001,0.000174473,0.000165835,0.000158416,0.000152492,0.000148287,0.000145978,0.000145707,0.000147579,0.00015167,0.000158015,0.000166607,0.000177375,0.000190171,0.000204753,0.000220774,0.000237777,0.000255205,0.000272413,0.000288698,0.000303335,0.000315616,0.000324889,0.000330599,0.000332311,0.000329732,0.000322718,0.00031127,0.000295519,0.000275712,0.000252186,0.000225354,0.00019569,0.000163717,0.000130013,9.52055e-05,5.9982e-05,2.50894e-05,-8.67021e-06,-4.04531e-05,-6.94008e-05,-9.37833e-05,-0.000111888,-0.000122807,-0.000125735,-0.000120414,-0.00010755,-8.88337e-05,-6.66453e-05,-4.34595e-05,-2.10997e-05,0
0,-1.3399e-05,-3.00807e-05,-5.05476e-05,-7.35954e-05,-9.6792e-05,-0.000117179,-0.000132002,-0.000139291,-0.000138138,-0.000128657,-0.000111564,-8.77442e-05,-5.88316e-05,-2.65179e-05,8.20312e-06,4.43341e-05,8.09119e-05,0.000117033,0.000151871,0.000184677,0.000214789,0.00024163,0.000264706,0.000283622,0.000298085,0.000307921,0.000313091,0.000313699,0.000309999,0.000302392,0.000291414,0.000277713,0.000262012,0.000245075,0.000227663,0.00021049,0.000194193,0.0001793,0.000166215,0.000155217,0.000146458,0.000139983,0.00013575,0.000133649,0.000133523,0.000135189,0.000138445,0.00014308,0.000148871,0.000155584,0.000162968,0.000170754,0.000178651,0.000186353,0.000193549,0.00019993,0.000205214,0.000209157,0.000211575,0.000212358,0.000211479,0.000209,0.000205068,0.000199907,0.000193803,0.000187084,0.000180099,0.000173201,0.000166723,0.00016097,0.000156212,0.000152676,0.000150554,0.000150006,0.00015116,0.000154124,0.000158977,0.000165766,0.000174493,0.000185103,0.000197464,0.000211351,0.000226441,0.000242301,0.000258402,0.000274135,0.000288831,0.000301803,0.000312377,0.000319937,0.000323952,0.000324009,0.000319828,0.00031127,0.000298337,0.00028116,0.000259986,0.000235162,0.00020712,0.000176363,0.000143464,0.000109057,7.38387e-05,3.85676e-05,4.05755e-06,-2.8835e-05,-5.92333e-05,-8.62738e-05,-0.000108282,-0.000123619,-0.000131478,-0.000131259,-0.000122987,-0.000107665,-8.7239e-05,-6.42385e-05,-4.11484e-05,-1.96657e-05,0
0,-1.12014e-05,-2.60263e-05,-4.5276e-05,-6.7981e-05,-9.18692e-05,-0.000114009,-0.000131523,-0.000142195,-0.000144804,-0.000139151,-0.000125702,-0.000105194,-7.91408e-05,-4.91454e-05,-1.61733e-05,1.87724e-05,5.46956e-05,9.06408e-05,0.000125716,0.000159108,0.000190088,0.00021802,0.000242362,0.000262675,0.000278632,0.000290028,0.000296791,0.000298995,0.000296858,0.000290748,0.000281161,0.000268708,0.000254079,0.000238012,0.000221245,0.000204482,0.000188358,0.000173405,0.000160042,0.000148558,0.000139125,0.000131805,0.000126566,0.000123309,0.000121888,0.000122127,0.000123835,0.000126815,0.000130867,0.000135789,0.000141373,0.000147398,0.000153635,0.000159842,0.000165771,0.000171177,0.000175831,0.000179532,0.000182122,0.000183498,0.000183625,0.000182536,0.000180332,0.00017718,0.000173297,0.000168937,0.000164373,0.000159886,0.000155745,0.000152198,0.000149469,0.000147753,0.00014722,0.000148016,0.000150266,0.000154077,0.000159533,0.000166684,0.000175541,0.000186053,0.000198096,0.000211453,0.000225811,0.000240752,0.000255766,0.000270266,0.000283611,0.000295141,0.000304214,0.000310239,0.000312711,0.000311236,0.000305548,0.000295519,0.00028116,0.00026261,0.000240131,0.000214092,0.000184958,0.000153279,0.000119684,8.48748e-05,4.96202e-05,1.47477e-05,-1.887e-05,-5.03362e-05,-7.87602e-05,-0.000103296,-0.000122354,-0.000134407,-0.000138793,-0.000135154,-0.000123821,-0.0001061,-8.41708e-05,-6.06713e-05,-3.805e-05,-1.78373e-05,0
0,-8.76756e-06,-2.14474e-05,-3.91315e-05,-6.11046e-05,-8.52971e-05,-0.000108857,-0.000128834,-0.0001428,-0.000149236,-0.000147624,-0.000138159,-0.000121394,-9.86991e-05,-7.15595e-05,-4.08896e-05,-7.67546e-06,2.70733e-05,6.23641e-05,9.72516e-05,0.00013086,0.000162397,0.000191164,0.000216564,0.000238109,0.000255427,0.000268273,0.000276539,0.000280258,0.00027961,0.00027492,0.000266644,0.000255352,0.000241702,0.000226399,0.000210165,0.000193697,0.00017763,0.000162511,0.000148779,0.000136752,0.000126628,0.000118498,0.000112356,0.000108124,0.000105669,0.000104827,0.000105414,0.000107243,0.000110123,0.000113868,0.000118288,0.000123194,0.000128387,0.000133666,0.000138825,0.00014366,0.000147977,0.000151605,0.000154405,0.000156283,0.000157194,0.000157153,0.00015623,0.00015455,0.000152279,0.00014962,0.000146793,0.000144027,0.000141547,0.000139564,0.000138274,0.000137853,0.000138457,0.000140227,0.000143287,0.000147745,0.000153686,0.00016116,0.000170176,0.00018068,0.000192543,0.000205547,0.000219376,0.000233617,0.00024777,0.000261259,0.000273463,0.000283745,0.000291488,0.000296125,0.000297175,0.000294265,0.000287147,0.000275712,0.000259986,0.000240131,0.000216436,0.000189304,0.000159248,0.000126876,9.28805e-05,5.80364e-05,2.31818e-05,-1.07938e-05,-4.29719e-05,-7.24341e-05,-9.82978e-05,-0.00011976,-0.000135344,-0.000143673,-0.00014427,-0.00013705,-0.000122662,-0.000102706,-7.95636e-05,-5.59355e-05,-3.41834e-05,-1.56339e-05,0
0,-6.1526e-06,-1.64442e-05,-3.22395e-05,-5.30901e-05,-7.71661e-05,-0.000101747,-0.000123863,-0.000140918,-0.000151122,-0.000153638,-0.00014838,-0.000135695,-0.000116777,-9.29741e-05,-6.51242e-05,-3.41734e-05,-1.12268e-06,3.30168e-05,6.72605e-05,0.00010068,0.000132424,0.000161732,0.000187949,0.000210533,0.00022906,0.000243239,0.000252916,0.000258078,0.000258862,0.000255543,0.000248533,0.000238359,0.000225638,0.000211046,0.000195286,0.000179045,0.000162965,0.00014761,0.000133448,0.00012083,0.000109997,0.000101075,9.40965e-05,8.90118e-05,8.5712e-05,8.40471e-05,8.38431e-05,8.49148e-05,8.70744e-05,9.01352e-05,9.39129e-05,9.82243e-05,0.000102885,0.00010771,0.000112514,0.000117113,0.000121336,0.000125029,0.000128064,0.000130351,0.000131843,0.000132541,0.000132496,0.000131802,0.000130598,0.00012905,0.000127346,0.000125684,0.000124265,0.00012328,0.000122911,0.000123328,0.000124685,0.000127123,0.000130768,0.000135725,0.000142078,0.000149871,0.0001591,0.000169699,0.000181525,0.000194344,0.000207832,0.000221567,0.000235049,0.00024771,0.000258941,0.000268124,0.000274664,0.000278018,0.000277732,0.000273456,0.000264969,0.000252186,0.000235162,0.000214092,0.000189304,0.000161252,0.000130502,9.7728e-05,6.36948e-05,2.92446e-05,-4.72079e-06,-3.72628e-05,-6.74352e-05,-9.43198e-05,-0.000117067,-0.000134941,-0.000146608,-0.000150877,-0.000147489,-0.000136651,-0.000119334,-9.74101e-05,-7.34204e-05,-5.0077e-05,-2.96044e-05,-1.30929e-05,0
0,-3.42073e-06,-1.1137e-05,-2.47598e-05,-4.41116e-05,-6.76329e-05,-9.27836e-05,-0.000116631,-0.00013646,-0.000150243,-0.000156845,-0.000155891,-0.000147506,-0.00013269,-0.000112627,-8.8061e-05,-5.98731e-05,-2.90324e-05,3.45277e-06,3.65768e-05,6.93722e-05,0.000100937,0.000130455,0.000157213,0.00018061,0.000200171,0.000215549,0.000226539,0.000233077,0.000235248,0.000233275,0.000227518,0.000218456,0.000206661,0.000192778,0.000177483,0.000161456,0.000145343,0.000129727,0.000115105,0.000101873,9.03142e-05,8.06055e-05,7.28228e-05,6.69563e-05,6.29275e-05,6.06071e-05,5.9832e-05,6.04198e-05,6.21785e-05,6.49141e-05,6.84333e-05,7.2545e-05,7.70604e-05,8.17926e-05,8.65582e-05,9.11804e-05,9.54935e-05,9.93502e-05,0.000102628,0.000105239,0.000107133,0.000108304,0.000108791,0.000108674,0.000108073,0.000107139,0.000106044,0.000104973,0.000104118,0.000103667,0.000103803,0.000104698,0.000106512,0.00010939,0.00011346,0.000118825,0.000125559,0.000133693,0.000143205,0.000154005,0.000165923,0.000178704,0.000192001,0.000205381,0.000218335,0.000230297,0.000240669,0.000248848,0.000254262,0.000256397,0.000254825,0.00024923,0.000239423,0.000225354,0.00020712,0.000184958,0.000159248,0.000130502,9.93506e-05,6.65355e-05,3.28894e-05,-6.82971e-07,-3.32295e-05,-6.37804e-05,-9.13838e-05,-0.000115146,-0.000134277,-0.000148131,-0.000155545,-0.000155543,-0.000148107,-0.000133751,-0.000113752,-9.02228e-05,-6.58152e-05,-4.31958e-05,-2.44042e-05,-1.02693e-05,0
0,-6.42439e-07,-5.66133e-06,-1.68796e-05,-3.43861e-05,-5.69142e-05,-8.21489e-05,-0.000107249,-0.000129437,-0.000146489,-0.000156999,-0.000160312,-0.000156323,-0.000145819,-0.000129808,-0.000108918,-8.39437e-05,-5.57974e-05,-2.54619e-05,6.05709e-06,3.77704e-05,6.87387e-05,9.80986e-05,0.000125083,0.000149035,0.000169422,0.000185843,0.000198034,0.000205876,0.000209394,0.000208755,0.000204262,0.000196339,0.00018551,0.000172377,0.000157591,0.000141817,0.0001257,0.000109843,9.47721e-05,8.09258e-05,6.86389e-05,5.81412e-05,4.95612e-05,4.29361e-05,3.82254e-05,3.5327e-05,3.40936e-05,3.43467e-05,3.58896e-05,3.85157e-05,4.20153e-05,4.6179e-05,5.08005e-05,5.5678e-05,6.06167e-05,6.54319e-05,6.99534e-05,7.40314e-05,7.75427e-05,8.03973e-05,8.25434e-05,8.39715e-05,8.47157e-05,8.4852e-05,8.44949e-05,8.37908e-05,8.29107e-05,8.20421e-05,8.1381e-05,8.11247e-05,8.14661e-05,8.25885e-05,8.46619e-05,8.78377e-05,9.22441e-05,9.79791e-05,0.000105102,0.000113622,0.000123489,0.000134581,0.000146695,0.000159545,0.000172757,0.000185877,0.000198387,0.000209719,0.000219285,0.000226501,0.000230819,0.000231757,0.000228923,0.00022204,0.000210964,0.00019569,0.000176363,0.000153279,0.000126876,9.7728e-05,6.65355e-05,3.41047e-05,1.32867e-06,-3.08385e-05,-6.14124e-05,-8.94144e-05,-0.000113912,-0.000134063,-0.000149159,-0.00015867,-0.000161622,-0.000157281,-0.000145884,-0.000128245,-0.000105928,-8.12414e-05,-5.68916e-05,-3.54427e-05,-1.87068e-05,-7.23338e-06,0
0,2.10825e-06,-1.62693e-07,-8.80609e-06,-2.41648e-05,-4.52786e-05,-7.00943e-05,-9.5915e-05,-0.000119959,-0.000139858,-0.000153969,-0.000161375,-0.000161744,-0.000155643,-0.000143889,-0.00012698,-0.000105602,-8.05904e-05,-5.28775e-05,-2.3446e-05,6.71406e-06,3.66431e-05,6.54429e-05,9.23013e-05,0.000116511,0.000137483,0.000154758,0.000168015,0.000177073,0.000181894,0.000182582,0.000179376,0.000172641,0.000162845,0.000150545,0.000136355,0.000120917,0.000104876,8.88422e-05,7.33722e-05,5.89441e-05,4.59437e-05,3.46572e-05,2.52701e-05,1.78723e-05,1.24681e-05,8.98954e-06,7.31059e-06,7.26171e-06,8.64306e-06,1.12356e-05,1.48101e-05,1.91338e-05,2.39755e-05,2.91098e-05,3.43211e-05,3.94075e-05,4.41857e-05,4.84967e-05,5.2211e-05,5.52346e-05,5.75139e-05,5.90384e-05,5.98425e-05,6.00042e-05,5.96415e-05,5.89069e-05,5.79805e-05,5.70618e-05,5.63614e-05,5.60934e-05,5.64675e-05,5.76825e-05,5.99199e-05,6.3337e-05,6.80598e-05,7.41755e-05,8.17227e-05,9.06829e-05,0.00010097,0.000112424,0.000124802,0.00013778,0.000150954,0.00016385,0.000175936,0.000186645,0.000195402,0.000201644,0.000204854,0.000204589,0.000200502,0.000192366,0.000180086,0.000163717,0.000143464,0.000119684,9.28805e-05,6.36948e-05,3.28894e-05,1.32867e-06,-3.00475e-05,-6.02541e-05,-8.82975e-05,-0.000113216,-0.000134123,-0.000150254,-0.000161006,-0.000165979,-0.000164408,-0.000155813,-0.00014069,-0.00012014,-9.59762e-05,-7.06485e-05,-4.6859e-05,-2.70146e-05,-1.26633e-05,-4.06799e-06,0
0,4.75669e-06,5.20947e-06,-7.58444e-07,-1.37236e-05,-3.30356e-05,-5.6932e-05,-8.2909e-05,-0.000108237,-0.00013046,-0.000147743,-0.000158938,-0.000163493,-0.000161754,-0.000154345,-0.000141619,-0.000124141,-0.000102645,-7.79892e-05,-5.11103e-05,-2.29758e-05,5.45447e-06,3.32642e-05,5.96088e-05,8.37382e-05,0.000105014,0.00012292,0.000137075,0.000147235,0.000153296,0.000155295,0.000153402,0.000147914,0.000139239,0.000127879,0.000114403,9.94277e-05,8.35808e-05,6.74789e-05,5.16986e-05,3.67538e-05,2.30784e-05,1.10139e-05,8.04166e-07,-7.40446e-06,-1.35575e-05,-1.76828e-05,-1.98782e-05,-2.02984e-05,-1.91408e-05,-1.66334e-05,-1.30233e-05,-8.56701e-06,-3.52247e-06,1.85763e-06,7.33203e-06,1.26766e-05,1.76898e-05,2.21987e-05,2.60643e-05,2.91868e-05,3.15101e-05,3.30242e-05,3.37669e-05,3.38222e-05,3.33173e-05,3.24169e-05,3.13163e-05,3.02329e-05,2.93973e-05,2.9044e-05,2.94019e-05,3.0686e-05,3.30879e-05,3.67676e-05,4.1845e-05,4.83906e-05,5.64171e-05,6.58714e-05,7.66269e-05,8.84791e-05,0.000101143,0.000114255,0.000127381,0.000140024,0.000151645,0.000161683,0.000169576,0.000174794,0.000176857,0.000175371,0.000170042,0.000160701,0.000147318,0.000130013,0.000109057,8.48748e-05,5.80364e-05,2.92446e-05,-6.82971e-07,-3.08385e-05,-6.02541e-05,-8.79375e-05,-0.000112912,-0.000134261,-0.000151171,-0.000162977,-0.000169203,-0.000169591,-0.000163593,-0.00015099,-0.000132527,-0.000109561,-8.41099e-05,-5.87061e-05,-3.5985e-05,-1.81464e-05,-6.44677e-06,-8.65078e-07,0
0,7.23048e-06,1.03073e-05,7.04066e-06,-3.35198e-06,-2.05242e-05,-4.30233e-05,-6.85795e-05,-9.45715e-05,-0.000118515,-0.000138433,-0.000152985,-0.000161424,-0.000163879,-0.000160777,-0.000152327,-0.000138956,-0.00012128,-0.000100064,-7.61694e-05,-5.05201e-05,-2.40528e-05,2.3176e-06,2.77305e-05,5.14053e-05,7.26613e-05,9.09331e-05,0.00010578,0.000116896,0.000124107,0.00012738,0.000126812,0.000122627,0.000115166,0.000104867,9.22489e-05,7.78874e-05,6.23886e-05,4.63628e-05,3.03981e-05,1.50363e-05,7.52689e-07,-1.20599e-05,-2.3101e-05,-3.21668e-05,-3.91497e-05,-4.40321e-05,-4.68771e-05,-4.78171e-05,-4.70401e-05,-4.47761e-05,-4.12842e-05,-3.68405e-05,-3.17271e-05,-2.62228e-05,-2.05944e-05,-1.50894e-05,-9.929e-06,-5.3019e-06,-1.35823e-06,1.79537e-06,4.09985e-06,5.54635e-06,6.17707e-06,6.08399e-06,5.40551e-06,4.32087e-06,3.04264e-06,1.80775e-06,8.67283e-07,4.75657e-07,8.79508e-07,2.30658e-06,4.95487e-06,8.98218e-06,1.44962e-05,2.15456e-05,3.01116e-05,4.01019e-05,5.13459e-05,6.35933e-05,7.65159e-05,8.97126e-05,0.00010272,0.000115026,0.00012609,0.00013536,0.000142301,0.00014642,0.000147288,0.000144566,0.000138025,0.000127565,0.000113229,9.52055e-05,7.38387e-05,4.96202e-05,2.31818e-05,-4.72079e-06,-3.32295e-05,-6.14124e-05,-8.82975e-05,-0.000112912,-0.000134326,-0.000151693,-0.000164301,-0.000171604,-0.000173266,-0.00016918,-0.000159014,-0.000142805,-0.000121525,-9.67485e-05,-7.06384e-05,-4.57477e-05,-2.45855e-05,-9.10166e-06,-2.44509e-07,2.27817e-06,0
0,9.46206e-06,1.49899e-05,1.43731e-05,6.65662e-06,-8.10115e-06,-2.87654e-05,-5.33335e-05,-7.93437e-05,-0.000104342,-0.00012627,-0.000143638,-0.000155534,-0.000161886,-0.000162931,-0.00015873,-0.000149569,-0.000135932,-0.000118464,-9.79375e-05,-7.52038e-05,-5.11537e-05,-2.66786e-05,-2.63612e-06,2.01784e-05,4.10546e-05,5.93844e-05,7.46751e-05,8.65577e-05,9.47929e-05,9.92724e-05,0.000100018,9.71773e-05,9.10149e-05,8.19e-05,7.02908e-05,5.67138e-05,4.17412e-05,2.59659e-05,9.97637e-06,-5.66841e-06,-2.04611e-05,-3.39646e-05,-4.58266e-05,-5.57881e-05,-6.3687e-05,-6.94568e-05,-7.31205e-05,-7.47806e-05,-7.46067e-05,-7.28223e-05,-6.96898e-05,-6.54967e-05,-6.05425e-05,-5.51264e-05,-4.95365e-05,-4.40409e-05,-3.88787e-05,-3.42531e-05,-3.03249e-05,-2.72076e-05,-2.49633e-05,-2.36e-05,-2.30715e-05,-2.32783e-05,-2.40716e-05,-2.52588e-05,-2.6612e-05,-2.78775e-05,-2.87872e-05,-2.90713e-05,-2.84708e-05,-2.67511e-05,-2.37146e-05,-1.92121e-05,-1.31542e-05,-5.51965e-06,3.63715e-06,1.41821e-05,2.58997e-05,3.8495e-05,5.1599e-05,6.47781e-05,7.75469e-05,8.93851e-05,9.97571e-05,0.000108133,0.000114015,0.000116957,0.000116589,0.000112641,0.000104958,9.35169e-05,7.84363e-05,5.9982e-05,3.85676e-05,1.47477e-05,-1.07938e-05,-3.72628e-05,-6.37804e-05,-8.94144e-05,-0.000113216,-0.000134261,-0.000151693,-0.000164767,-0.00017289,-0.000175655,-0.000172872,-0.000164581,-0.000150667,-0.0001314,-0.000107949,-8.20523e-05,-5.59549e-05,-3.21655e-05,-1.30122e-05,-1.62062e-07,5.74972e-06,5.26352e-06,0
0,1.13911e-05,1.91284e-05,2.1033e-05,1.60157e-05,3.87224e-06,-1.45778e-05,-3.76217e-05,-6.30016e-05,-8.83525e-05,-0.000111593,-0.00013114,-0.000145957,-0.000155793,-0.000160702,-0.000160608,-0.000155648,-0.000146165,-0.000132674,-0.000115832,-9.6398e-05,-7.51921e-05,-5.30593e-05,-3.0833e-05,-9.30475e-06,1.08001e-05,2.88428e-05,4.42861e-05,5.67054e-05,6.57959e-05,7.13765e-05,7.33914e-05,7.19077e-05,6.71099e-05,5.92911e-05,4.884e-05,3.62242e-05,2.19706e-05,6.64273e-06,-9.18352e-06,-2.49445e-05,-4.0112e-05,-5.4215e-05,-6.68566e-05,-7.77272e-05,-8.66125e-05,-9.33955e-05,-9.80544e-05,-0.000100655,-0.00010134,-0.000100316,-9.78386e-05,-9.41953e-05,-8.96931e-05,-8.46424e-05,-7.93453e-05,-7.40834e-05,-6.9109e-05,-6.46361e-05,-6.08339e-05,-5.78214e-05,-5.56633e-05,-5.43677e-05,-5.38857e-05,-5.41129e-05,-5.48933e-05,-5.60256e-05,-5.72716e-05,-5.83672e-05,-5.90343e-05,-5.89957e-05,-5.79885e-05,-5.57797e-05,-5.21799e-05,-4.70563e-05,-4.03439e-05,-3.20535e-05,-2.22777e-05,-1.1193e-05,9.41932e-07,1.37916e-05,2.69525e-05,3.9966e-05,5.23344e-05,6.35394e-05,7.30625e-05,8.04078e-05,8.51232e-05,8.68234e-05,8.52095e-05,8.00882e-05,7.13864e-05,5.91633e-05,4.36175e-05,2.50894e-05,4.05755e-06,-1.887e-05,-4.29719e-05,-6.74352e-05,-9.13838e-05,-0.000113912,-0.000134123,-0.000151171,-0.000164301,-0.00017289,-0.000176484,-0.000174825,-0.000167872,-0.000155806,-0.00013871,-0.000117068,-9.21907e-05,-6.59221e-05,-4.05235e-05,-1.83954e-05,-1.63847e-06,8.38448e-06,1.13439e-05,7.99589e-06,0
0,1.29663e-05,2.26101e-05,2.68335e-05,2.4455e-05,1.50415e-05,-8.88362e-07,-2.19232e-05,-4.60449e-05,-7.10306e-05,-9.48392e-05,-0.000115853,-0.00013296,-0.000145763,-0.000154145,-0.000157898,-0.000157018,-0.0001517,-0.000142317,-0.000129395,-0.00011358,-9.55994e-05,-7.62286e-05,-5.62544e-05,-3.64447e-05,-1.75219e-05,-1.40956e-07,1.51276e-05,2.78114e-05,3.75454e-05,4.40791e-05,4.7279e-05,4.71304e-05,4.37343e-05,3.73018e-05,2.81448e-05,1.66629e-05,3.3267e-06,-1.13424e-05,-2.67942e-05,-4.24739e-05,-5.78461e-05,-7.24172e-05,-8.5756e-05,-9.75098e-05,-0.000107416,-0.000115308,-0.000121118,-0.000124868,-0.000126667,-0.000126693,-0.000125183,-0.000122415,-0.000118689,-0.000114316,-0.0001096,-0.000104829,-0.000100259,-9.61105e-05,-9.25562e-05,-8.97183e-05,-8.76634e-05,-8.64004e-05,-8.58802e-05,-8.59973e-05,-8.65941e-05,-8.7467e-05,-8.83757e-05,-8.90546e-05,-8.92259e-05,-8.86149e-05,-8.69654e-05,-8.40558e-05,-7.97142e-05,-7.38317e-05,-6.6373e-05,-5.73847e-05,-4.69983e-05,-3.54307e-05,-2.29792e-05,-1.00132e-05,3.0383e-06,1.57025e-05,2.74811e-05,3.78702e-05,4.6382e-05,5.25658e-05,5.60293e-05,5.64583e-05,5.36339e-05,4.74478e-05,3.79139e-05,2.5176e-05,9.51153e-06,-8.67021e-06,-2.8835e-05,-5.03362e-05,-7.24341e-05,-9.43198e-05,-0.000115146,-0.000134063,-0.000150254,-0.000162977,-0.000171604,-0.000175655,-0.000174825,-0.00016901,-0.000158312,-0.000143041,-0.000123466,-0.000100237,-7.47522e-05,-4.88906e-05,-2.48613e-05,-4.90004e-06,9.15587e-06,1.62558e-05,1.63558e-05,1.03875e-05,0
0,1.41475e-05,2.5342e-05,3.16125e-05,3.17291e-05,2.50707e-05,1.18803e-05,-6.73044e-06,-2.90081e-05,-5.29187e-05,-7.65221e-05,-9.82323e-05,-0.000116925,-0.000132098,-0.000143466,-0.000150704,-0.000153672,-0.000152418,-0.000147169,-0.000138308,-0.000126351,-0.000111913,-9.56769e-05,-7.8362e-05,-6.06909e-05,-4.33642e-05,-2.70365e-05,-1.22975e-05,3.434e-07,1.04695e-05,1.77654e-05,2.20238e-05,2.31484e-05,2.11551e-05,1.61695e-05,8.42069e-06,-1.76793e-06,-1.39923e-05,-2.77847e-05,-4.26341e-05,-5.80086e-05,-7.33795e-05,-8.82443e-05,-0.000102149,-0.000114708,-0.000125617,-0.000134664,-0.000141731,-0.000146798,-0.00014993,-0.000151269,-0.000151023,-0.000149443,-0.000146814,-0.000143431,-0.000139592,-0.000135575,-0.000131636,-0.00012799,-0.00012481,-0.000122216,-0.000120278,-0.000119005,-0.00011835,-0.000118212,-0.000118439,-0.000118832,-0.000119159,-0.000119165,-0.000118582,-0.000117151,-0.000114633,-0.000110829,-0.000105593,-9.88466e-05,-9.05899e-05,-8.0906e-05,-6.99643e-05,-5.80178e-05,-4.53956e-05,-3.24914e-05,-1.97483e-05,-7.64061e-06,3.34622e-06,1.27368e-05,2.00872e-05,2.50051e-05,2.71692e-05,2.6346e-05,2.24042e-05,1.53255e-05,5.21232e-06,-7.7084e-06,-2.30863e-05,-4.04531e-05,-5.92333e-05,-7.87602e-05,-9.82978e-05,-0.000117067,-0.000134277,-0.000149159,-0.000161006,-0.000169203,-0.000173266,-0.000172872,-0.000167872,-0.000158312,-0.000144429,-0.000126642,-0.000105402,-8.14618e-05,-5.62321e-05,-3.15538e-05,-9.51908e-06,7.84939e-06,1.89999e-05,2.31872e-05,2.0621e-05,1.23614e-05,0
0,1.4906e-05,2.72536e-05,3.52381e-05,3.76248e-05,3.36521e-05,2.33236e-05,7.46562e-06,-1.24445e-05,-3.45985e-05,-5.72126e-05,-7.88017e-05,-9.83112e-05,-0.000115223,-0.000129018,-0.000139286,-0.000145767,-0.000148371,-0.000147174,-0.00014241,-0.000134455,-0.000123793,-0.000110998,-9.67002e-05,-8.1556e-05,-6.62244e-05,-5.13415e-05,-3.75005e-05,-2.52343e-05,-1.50006e-05,-7.17115e-06,-2.02208e-06,2.72371e-07,-3.56265e-07,-3.86973e-06,-1.01255e-05,-1.88826e-05,-2.98124e-05,-4.25115e-05,-5.65205e-05,-7.13444e-05,-8.64752e-05,-0.000101416,-0.000115704,-0.00012893,-0.000140758,-0.000150934,-0.000159298,-0.00016578,-0.0001704,-0.000173257,-0.000174515,-0.000174392,-0.000173142,-0.000171033,-0.00016834,-0.000165326,-0.00016223,-0.000159256,-0.000156571,-0.000154291,-0.000152482,-0.000151158,-0.000150277,-0.000149747,-0.000149427,-0.000149135,-0.000148657,-0.000147757,-0.000146192,-0.000143729,-0.000140159,-0.000135314,-0.000129083,-0.000121425,-0.000112375,-0.000102055,-9.06671e-05,-7.84948e-05,-6.58896e-05,-5.3258e-05,-4.10443e-05,-2.97102e-05,-1.97138e-05,-1.14881e-05,-5.41993e-06,-1.83158e-06,-9.63632e-07,-2.96144e-06,-7.86458e-06,-1.56e-05,-2.59788e-05,-3.86973e-05,-5.33424e-05,-6.94008e-05,-8.62738e-05,-0.000103296,-0.00011976,-0.000134941,-0.000148131,-0.00015867,-0.000165979,-0.000169591,-0.00016918,-0.000164581,-0.000155806,-0.000143041,-0.000126642,-0.000107096,-8.51107e-05,-6.14001e-05,-3.73025e-05,-1.45498e-05,4.94012e-06,1.93922e-05,2.75469e-05,2.89426e-05,2.39998e-05,1.38554e-05,0
0,1.52266e-05,2.82994e-05,3.76121e-05,4.19678e-05,4.05158e-05,3.30662e-05,2.01886e-05,3.08774e-06,-1.66756e-05,-3.75191e-05,-5.81207e-05,-7.76887e-05,-9.55356e-05,-0.000111056,-0.000123751,-0.00013325,-0.000139332,-0.000141931,-0.000141132,-0.00013716,-0.000130362,-0.000121185,-0.000110153,-9.7836e-05,-8.4832e-05,-7.17392e-05,-5.9136e-05,-4.75625e-05,-3.75036e-05,-2.93755e-05,-2.3514e-05,-2.01645e-05,-1.94756e-05,-2.14949e-05,-2.61676e-05,-3.33393e-05,-4.27628e-05,-5.41088e-05,-6.69811e-05,-8.09345e-05,-9.5497e-05,-0.000110192,-0.000124562,-0.000138189,-0.000150715,-0.000161855,-0.000171409,-0.000179262,-0.000185385,-0.000189828,-0.000192709,-0.000194199,-0.000194507,-0.000193866,-0.000192516,-0.00019069,-0.000188602,-0.00018644,-0.000184352,-0.000182448,-0.00018079,-0.000179395,-0.000178229,-0.000177215,-0.000176229,-0.000175115,-0.000173685,-0.000171736,-0.000169061,-0.000165463,-0.000160773,-0.000154863,-0.000147663,-0.00013917,-0.000129459,-0.000118684,-0.000107075,-9.49371e-05,-8.26314e-05,-7.05643e-05,-5.91662e-05,-4.88712e-05,-4.00951e-05,-3.32149e-05,-2.85485e-05,-2.63385e-05,-2.67381e-05,-2.98009e-05,-3.54746e-05,-4.35985e-05,-5.3905e-05,-6.60249e-05,-7.94975e-05,-9.37833e-05,-0.000108282,-0.000122354,-0.000135344,-0.000146608,-0.000155545,-0.000161622,-0.000164408,-0.000163593,-0.000159014,-0.000150667,-0.00013871,-0.000123466,-0.000105402,-8.51107e-05,-6.32846e-05,-4.079e-05,-1.8686e-05,1.46486e-06,1.79625e-05,2.92968e-05,3.44892e-05,3.33252e-05,2.63833e-05,1.48243e-05,0
0,1.5107e-05,2.846e-05,3.86739e-05,4.46285e-05,4.54377e-05,4.07727e-05,3.0988e-05,1.7037e-05,2.29254e-07,-1.80817e-05,-3.7008e-05,-5.57958e-05,-7.37313e-05,-9.01643e-05,-0.00010453,-0.000116371,-0.000125356,-0.000131289,-0.000134113,-0.000133909,-0.00013088,-0.000125338,-0.000117685,-0.000108392,-9.79735e-05,-8.69716e-05,-7.59295e-05,-6.53751e-05,-5.58025e-05,-4.76562e-05,-4.13171e-05,-3.70901e-05,-3.51948e-05,-3.5758e-05,-3.88095e-05,-4.42814e-05,-5.20113e-05,-6.17505e-05,-7.31752e-05,-8.5903e-05,-9.95116e-05,-0.000113561,-0.000127614,-0.00014126,-0.000154134,-0.000165932,-0.00017642,-0.000185445,-0.000192933,-0.000198881,-0.000203355,-0.000206474,-0.000208397,-0.000209306,-0.000209398,-0.000208866,-0.00020789,-0.00020663,-0.000205214,-0.00020374,-0.000202263,-0.000200803,-0.000199337,-0.000197803,-0.000196106,-0.000194118,-0.000191691,-0.000188661,-0.000184866,-0.000180155,-0.000174407,-0.000167539,-0.000159526,-0.000150404,-0.000140283,-0.000129344,-0.000117837,-0.000106073,-9.44112e-05,-8.32414e-05,-7.29645e-05,-6.39712e-05,-5.66212e-05,-5.12232e-05,-4.80172e-05,-4.71605e-05,-4.87171e-05,-5.2651e-05,-5.88243e-05,-6.69992e-05,-7.68435e-05,-8.79406e-05,-9.98028e-05,-0.000111888,-0.000123619,-0.000134407,-0.000143673,-0.000150877,-0.000155543,-0.000157281,-0.000155813,-0.00015099,-0.000142805,-0.0001314,-0.000117068,-0.000100237,-8.14618e-05,-6.14001e-05,-4.079e-05,-2.04289e-05,-1.1334e-06,1.58381e-05,2.9025e-05,3.71787e-05,3.95717e-05,3.61861e-05,2.76989e-05,1.52423e-05,0
0,1.45589e-05,2.7744e-05,3.84032e-05,4.5527e-05,4.82477e-05,4.61572e-05,3.94494e-05,2.88657e-05,1.54823e-05,1.11293e-07,-1.65626e-05,-3.38481e-05,-5.10645e-05,-6.75647e-05,-8.27587e-05,-9.61351e-05,-0.000107281,-0.000115898,-0.000121807,-0.000124954,-0.000125406,-0.000123341,-0.000119033,-0.000112841,-0.000105183,-9.65257e-05,-8.73569e-05,-7.81714e-05,-6.94514e-05,-6.16489e-05,-5.51707e-05,-5.03639e-05,-4.75037e-05,-4.6784e-05,-4.83099e-05,-5.20942e-05,-5.80581e-05,-6.6035e-05,-7.57798e-05,-8.6982e-05,-9.92817e-05,-0.000112289,-0.000125606,-0.000138843,-0.000151645,-0.000163701,-0.00017476,-0.000184637,-0.000193217,-0.000200451,-0.000206351,-0.00021098,-0.00021444,-0.00021686,-0.000218382,-0.000219154,-0.000219315,-0.00021899,-0.000218284,-0.000217273,-0.000216009,-0.000214512,-0.000212769,-0.000210742,-0.000208361,-0.000205538,-0.000202165,-0.000198129,-0.000193315,-0.000187628,-0.000180994,-0.000173382,-0.000164809,-0.000155348,-0.000145137,-0.000134375,-0.000123319,-0.000112274,-0.00010158,-9.15951e-05,-8.26747e-05,-7.51527e-05,-6.9321e-05,-6.54123e-05,-6.35845e-05,-6.39099e-05,-6.63682e-05,-7.08434e-05,-7.71259e-05,-8.49185e-05,-9.38455e-05,-0.000103467,-0.000113294,-0.000122807,-0.000131478,-0.000138793,-0.00014427,-0.000147489,-0.000148107,-0.000145884,-0.00014069,-0.000132527,-0.000121525,-0.000107949,-9.21907e-05,-7.47522e-05,-5.62321e-05,-3.73025e-05,-1.8686e-05,-1.1334e-06,1.45958e-05,2.79435e-05,3.7656e-05,4.2718e-05,4.26047e-05,3.74327e-05,2.79147e-05,1.51049e-05,0
0,1.3608e-05,2.6188e-05,3.68225e-05,4.4639e-05,4.88378e-05,4.89942e-05,4.52055e-05,3.80576e-05,2.81105e-05,1.58575e-05,1.84548e-06,-1.33409e-05,-2.90982e-05,-4.48262e-05,-5.99513e-05,-7.39481e-05,-8.63606e-05,-9.68196e-05,-0.000105055,-0.000110903,-0.000114311,-0.000115331,-0.000114117,-0.000110909,-0.000106023,-9.98338e-05,-9.27587e-05,-8.52386e-05,-7.77208e-05,-7.06422e-05,-6.44121e-05,-5.93973e-05,-5.59083e-05,-5.41874e-05,-5.43998e-05,-5.66272e-05,-6.08662e-05,-6.70292e-05,-7.49502e-05,-8.43955e-05,-9.50762e-05,-0.000106665,-0.000118816,-0.000131179,-0.000143422,-0.000155246,-0.000166395,-0.000176666,-0.000185912,-0.000194046,-0.000201031,-0.000206875,-0.000211624,-0.000215351,-0.000218145,-0.0002201,-0.000221312,-0.000221869,-0.000221847,-0.000221302,-0.000220278,-0.000218793,-0.000216849,-0.000214426,-0.000211486,-0.000207979,-0.000203841,-0.000199008,-0.000193421,-0.000187034,-0.000179826,-0.00017181,-0.000163043,-0.000153627,-0.000143719,-0.000133524,-0.000123291,-0.000113307,-0.000103875,-9.5308e-05,-8.79029e-05,-8.19264e-05,-7.75966e-05,-7.50677e-05,-7.44181e-05,-7.56429e-05,-7.86496e-05,-8.32594e-05,-8.92121e-05,-9.61753e-05,-0.000103757,-0.00011152,-0.000119003,-0.000125735,-0.000131259,-0.000135154,-0.00013705,-0.000136651,-0.000133751,-0.000128245,-0.00012014,-0.000109561,-9.67485e-05,-8.20523e-05,-6.59221e-05,-4.88906e-05,-3.15538e-05,-1.45498e-05,1.46486e-06,1.58381e-05,2.79435e-05,3.72005e-05,4.34558e-05,4.56762e-05,4.34754e-05,3.70353e-05,2.70418e-05,1.44294e-05,0
0,1.22929e-05,2.38572e-05,3.39994e-05,4.2001e-05,4.71726e-05,4.91326e-05,4.79505e-05,4.3852e-05,3.70622e-05,2.79006e-05,1.67628e-05,4.10383e-06,-9.5794e-06,-2.3768e-05,-3.79422e-05,-5.16025e-05,-6.42898e-05,-7.56044e-05,-8.5221e-05,-9.29006e-05,-9.84972e-05,-0.000101961,-0.000103335,-0.000102754,-0.000100427,-9.66349e-05,-9.17096e-05,-8.60219e-05,-7.99647e-05,-7.39359e-05,-6.83233e-05,-6.34883e-05,-5.97517e-05,-5.73815e-05,-5.65818e-05,-5.74859e-05,-6.01513e-05,-6.45592e-05,-7.06177e-05,-7.81685e-05,-8.69971e-05,-9.68464e-05,-0.000107432,-0.000118456,-0.000129627,-0.000140671,-0.000151343,-0.000161436,-0.000170789,-0.000179284,-0.000186845,-0.000193436,-0.000199052,-0.000203714,-0.000207457,-0.00021033,-0.000212385,-0.000213671,-0.000214235,-0.000214117,-0.000213346,-0.000211942,-0.000209917,-0.000207268,-0.000203989,-0.000200061,-0.000195466,-0.000190184,-0.000184205,-0.00017753,-0.000170183,-0.000162215,-0.000153711,-0.000144795,-0.000135627,-0.000126407,-0.000117364,-0.000108747,-0.000100816,-9.38234e-05,-8.80023e-05,-8.35475e-05,-8.06029e-05,-7.92492e-05,-7.94955e-05,-8.1274e-05,-8.44401e-05,-8.87754e-05,-9.39953e-05,-9.97607e-05,-0.000105691,-0.000111383,-0.000116424,-0.000120414,-0.000122987,-0.000123821,-0.000122662,-0.000119334,-0.000113752,-0.000105928,-9.59762e-05,-8.41099e-05,-7.06384e-05,-5.59549e-05,-4.05235e-05,-2.48613e-05,-9.51908e-06,4.94012e-06,1.79625e-05,2.9025e-05,3.7656e-05,4.34558e-05,4.61202e-05,4.59142e-05,4.21589e-05,3.50321e-05,2.51363e-05,1.32552e-05,0
0,1.06646e-05,2.08442e-05,3.00476e-05,3.77159e-05,4.33008e-05,4.65138e-05,4.7288e-05,4.55924e-05,4.1504e-05,3.51947e-05,2.69179e-05,1.6996e-05,5.80671e-06,-6.23368e-06,-1.86876e-05,-3.11148e-05,-4.30911e-05,-5.42265e-05,-6.41811e-05,-7.26782e-05,-7.95154e-05,-8.45699e-05,-8.78017e-05,-8.92521e-05,-8.90388e-05,-8.73481e-05,-8.44247e-05,-8.05588e-05,-7.60732e-05,-7.13081e-05,-6.66064e-05,-6.22996e-05,-5.86935e-05,-5.60559e-05,-5.46058e-05,-5.45054e-05,-5.58539e-05,-5.86855e-05,-6.29701e-05,-6.86172e-05,-7.54835e-05,-8.33828e-05,-9.20972e-05,-0.000101391,-0.000111021,-0.000120754,-0.00013037,-0.000139676,-0.000148507,-0.000156732,-0.000164253,-0.000170998,-0.000176926,-0.000182014,-0.000186257,-0.00018966,-0.000192239,-0.000194011,-0.000194997,-0.000195219,-0.000194696,-0.000193446,-0.000191488,-0.000188835,-0.000185502,-0.0001815,-0.000176845,-0.000171555,-0.000165656,-0.000159189,-0.000152208,-0.00014479,-0.000137039,-0.000129082,-0.000121074,-0.000113194,-0.000105638,-9.86118e-05,-9.23193e-05,-8.69517e-05,-8.26739e-05,-7.96123e-05,-7.78444e-05,-7.73897e-05,-7.82043e-05,-8.01789e-05,-8.31408e-05,-8.68589e-05,-9.10529e-05,-9.54048e-05,-9.95735e-05,-0.00010321,-0.000105974,-0.00010755,-0.000107665,-0.0001061,-0.000102706,-9.74101e-05,-9.02228e-05,-8.12414e-05,-7.06485e-05,-5.87061e-05,-4.57477e-05,-3.21655e-05,-1.83954e-05,-4.90004e-06,7.84939e-06,1.93922e-05,2.92968e-05,3.71787e-05,4.2718e-05,4.56762e-05,4.59142e-05,4.34114e-05,3.87285e-05,3.15325e-05,2.22988e-05,1.16423e-05,0
0,8.78427e-06,1.72665e-05,2.51264e-05,3.19584e-05,3.7369e-05,4.11335e-05,4.30576e-05,4.30358e-05,4.10489e-05,3.71587e-05,3.15022e-05,2.42831e-05,1.57628e-05,6.24886e-06,-3.91917e-06,-1.4384e-05,-2.47864e-05,-3.47812e-05,-4.40518e-05,-5.23242e-05,-5.93774e-05,-6.50521e-05,-6.92557e-05,-7.19641e-05,-7.32206e-05,-7.31312e-05,-7.18577e-05,-6.96091e-05,-6.66302e-05,-6.31904e-05,-5.95707e-05,-5.60516e-05,-5.29004e-05,-5.03604e-05,-4.86405e-05,-4.79075e-05,-4.82797e-05,-4.98241e-05,-5.25548e-05,-5.64355e-05,-6.13841e-05,-6.72791e-05,-7.39681e-05,-8.12774e-05,-8.9022e-05,-9.70144e-05,-0.000105074,-0.000113032,-0.00012074,-0.000128067,-0.000134908,-0.000141176,-0.000146806,-0.000151748,-0.000155969,-0.000159445,-0.000162164,-0.00016412,-0.000165315,-0.000165754,-0.00016545,-0.000164418,-0.000162678,-0.000160255,-0.000157176,-0.000153473,-0.000149183,-0.000144349,-0.000139021,-0.00013326,-0.00012714,-0.000120747,-0.000114187,-0.00010758,-0.000101061,-9.47796e-05,-8.88904e-05,-8.35492e-05,-7.89039e-05,-7.50849e-05,-7.2196e-05,-7.03053e-05,-6.94379e-05,-6.95699e-05,-7.06263e-05,-7.24803e-05,-7.49571e-05,-7.78398e-05,-8.0878e-05,-8.37997e-05,-8.63229e-05,-8.81704e-05,-8.90831e-05,-8.88337e-05,-8.7239e-05,-8.41708e-05,-7.95636e-05,-7.34204e-05,-6.58152e-05,-5.68916e-05,-4.6859e-05,-3.5985e-05,-2.45855e-05,-1.30122e-05,-1.63847e-06,9.15587e-06,1.89999e-05,2.75469e-05,3.44892e-05,3.95717e-05,4.26047e-05,4.34754e-05,4.21589e-05,3.87285e-05,3.33633e-05,2.67169e-05,1.86706e-05,9.66822e-06,0
0,6.71859e-06,1.326e-05,1.94367e-05,2.4977e-05,2.96541e-05,3.32372e-05,3.55428e-05,3.64441e-05,3.58748e-05,3.38295e-05,3.03627e-05,2.55853e-05,1.96586e-05,1.27877e-05,5.2121e-06,-2.80532e-06,-1.09897e-05,-1.90667e-05,-2.6775e-05,-3.38774e-05,-4.01717e-05,-4.54981e-05,-4.97457e-05,-5.2856e-05,-5.48232e-05,-5.56932e-05,-5.55591e-05,-5.45555e-05,-5.28508e-05,-5.06386e-05,-4.81283e-05,-4.55349e-05,-4.30695e-05,-4.09302e-05,-3.92938e-05,-3.83085e-05,-3.8089e-05,-3.87124e-05,-4.0217e-05,-4.26024e-05,-4.58324e-05,-4.98384e-05,-5.45253e-05,-5.97776e-05,-6.54665e-05,-7.14564e-05,-7.76109e-05,-8.37985e-05,-8.98963e-05,-9.57932e-05,-0.000101391,-0.000106605,-0.000111365,-0.000115612,-0.0001193,-0.00012239,-0.000124857,-0.000126681,-0.000127851,-0.000128366,-0.000128231,-0.000127456,-0.000126064,-0.000124078,-0.000121533,-0.000118468,-0.000114927,-0.000110962,-0.000106632,-0.000102002,-9.71467e-05,-9.21483e-05,-8.70993e-05,-8.20999e-05,-7.72576e-05,-7.26838e-05,-6.84902e-05,-6.47833e-05,-6.16591e-05,-5.9196e-05,-5.74488e-05,-5.64429e-05,-5.61698e-05,-5.65839e-05,-5.76017e-05,-5.91033e-05,-6.09356e-05,-6.29182e-05,-6.48513e-05,-6.65249e-05,-6.77288e-05,-6.82636e-05,-6.79514e-05,-6.66453e-05,-6.42385e-05,-6.06713e-05,-5.59355e-05,-5.0077e-05,-4.31958e-05,-3.54427e-05,-2.70146e-05,-1.81464e-05,-9.10166e-06,-1.62062e-07,8.38448e-06,1.62558e-05,2.31872e-05,2.89426e-05,3.33252e-05,3.61861e-05,3.74327e-05,3.70353e-05,3.50321e-05,3.15325e-05,2.67169e-05,2.08315e-05,1.44262e-05,7.42335e-06,0
0,4.53375e-06,8.96907e-06,1.32107e-05,1.71342e-05,2.05743e-05,2.33711e-05,2.5386e-05,2.65107e-05,2.66734e-05,2.5842e-05,2.40245e-05,2.12691e-05,1.76609e-05,1.3319e-05,8.39029e-06,3.04341e-06,-2.53931e-06,-8.17007e-06,-1.36643e-05,-1.88488e-05,-2.35699e-05,-2.76997e-05,-3.1141e-05,-3.38312e-05,-3.5744e-05,-3.68886e-05,-3.73086e-05,-3.70783e-05,-3.62983e-05,-3.50895e-05,-3.35875e-05,-3.19353e-05,-3.0277e-05,-2.87512e-05,-2.74853e-05,-2.65901e-05,-2.61558e-05,-2.62493e-05,-2.69121e-05,-2.81604e-05,-2.99856e-05,-3.23566e-05,-3.5223e-05,-3.85184e-05,-4.21648e-05,-4.60766e-05,-5.01645e-05,-5.43394e-05,-5.85148e-05,-6.26095e-05,-6.65487e-05,-7.02653e-05,-7.36999e-05,-7.68012e-05,-7.95256e-05,-8.18373e-05,-8.37079e-05,-8.51162e-05,-8.60486e-05,-8.64989e-05,-8.64682e-05,-8.59649e-05,-8.50045e-05,-8.36094e-05,-8.18081e-05,-7.96354e-05,-7.71312e-05,-7.4341e-05,-7.13148e-05,-6.81079e-05,-6.47799e-05,-6.13951e-05,-5.80218e-05,-5.47312e-05,-5.15964e-05,-4.86901e-05,-4.6082e-05,-4.38352e-05,-4.2003e-05,-4.06247e-05,-3.97223e-05,-3.92968e-05,-3.93262e-05,-3.97643e-05,-4.05406e-05,-4.15622e-05,-4.27166e-05,-4.3876e-05,-4.49034e-05,-4.56589e-05,-4.60067e-05,-4.58226e-05,-4.50006e-05,-4.34595e-05,-4.11484e-05,-3.805e-05,-3.41834e-05,-2.96044e-05,-2.44042e-05,-1.87068e-05,-1.26633e-05,-6.44677e-06,-2.44509e-07,5.74972e-06,1.13439e-05,1.63558e-05,2.0621e-05,2.39998e-05,2.63833e-05,2.76989e-05,2.79147e-05,2.70418e-05,2.51363e-05,2.22988e-05,1.86706e-05,1.44262e-05,9.75991e-06,5.00207e-06,0
0,2.28474e-06,4.52946e-06,6.70873e-06,8.75974e-06,1.0604e-05,1.21601e-05,1.33533e-05,1.41211e-05,1.44177e-05,1.42161e-05,1.35097e-05,1.23123e-05,1.06575e-05,8.59725e-06,6.19957e-06,3.54524e-06,7.2425e-07,-2.16847e-06,-5.03744e-06,-7.79101e-06,-1.03456e-05,-1.26292e-05,-1.45845e-05,-1.61712e-05,-1.73669e-05,-1.81677e-05,-1.85875e-05,-1.8657e-05,-1.84208e-05,-1.79357e-05,-1.72669e-05,-1.6485e-05,-1.56625e-05,-1.48709e-05,-1.41768e-05,-1.364e-05,-1.33109e-05,-1.32287e-05,-1.34206e-05,-1.3901e-05,-1.46723e-05,-1.5725e-05,-1.70394e-05,-1.85869e-05,-2.03322e-05,-2.22349e-05,-2.42515e-05,-2.63374e-05,-2.84479e-05,-3.05401e-05,-3.25732e-05,-3.45094e-05,-3.63147e-05,-3.79587e-05,-3.94148e-05,-4.06608e-05,-4.16784e-05,-4.24537e-05,-4.29774e-05,-4.32445e-05,-4.32546e-05,-4.30121e-05,-4.25256e-05,-4.18081e-05,-4.08765e-05,-3.97513e-05,-3.84565e-05,-3.70188e-05,-3.54677e-05,-3.38347e-05,-3.21537e-05,-3.04598e-05,-2.87896e-05,-2.71799e-05,-2.56674e-05,-2.42872e-05,-2.30719e-05,-2.20493e-05,-2.12415e-05,-2.06626e-05,-2.03176e-05,-2.02004e-05,-2.02939e-05,-2.05688e-05,-2.09844e-05,-2.14896e-05,-2.20246e-05,-2.25236e-05,-2.29174e-05,-2.31371e-05,-2.31173e-05,-2.28002e-05,-2.21388e-05,-2.10997e-05,-1.96657e-05,-1.78373e-05,-1.56339e-05,-1.30929e-05,-1.02693e-05,-7.23338e-06,-4.06799e-06,-8.65078e-07,2.27817e-06,5.26352e-06,7.99589e-06,1.03875e-05,1.23614e-05,1.38554e-05,1.48243e-05,1.52423e-05,1.51049e-05,1.44294e-05,1.32552e-05,1.16423e-05,9.66822e-06,7.42335e-06,5.00207e-06,2.4914e-06,0
0,0,0,0,0,0,0,0,0,0,0,0,0,0,0,0,0,0,0,0,0,0,0,0,0,0,0,0,0,0,0,0,0,0,0,0,0,0,0,0,0,0,0,0,0,0,0,0,0,0,0,0,0,0,0,0,0,0,0,0,0,0,0,0,0,0,0,0,0,0,0,0,0,0,0,0,0,0,0,0,0,0,0,0,0,0,0,0,0,0,0,0,0,0,0,0,0,0,0,0,0,0,0,0,0,0,0,0,0,0,0,0,0,0,0,0,0,0,0,0
