0,0,0,0,0,0,0,0,0,0,0,0,0,0,0,0,0,0,0,0,0,0,0,0,0,0,0,0,0,0,0,0,0,0,0,0,0,0,0,0,0,0,0,0,0,0,0,0,0,0,0,0,0,0,0,0,0,0,0,0,0,0,0,0,0,0,0,0,0,0,0,0,0,0,0,0,0,0,0,0,0,0,0,0,0,0,0,0,0,0,0,0,0,0,0,0,0,0,0,0,0,0,0,0,0,0,0,0,0,0,0,0,0,0,0,0,0,0,0,0
0,1.31617e-06,2.92744e-06,4.80456e-06,6.90146e-06,9.1401e-06,1.14284e-05,1.36726e-05,1.5786e-05,1.76933e-05,1.93336e-05,2.06609e-05,2.16445e-05,2.22681e-05,2.25298e-05,2.24407e-05,2.20242e-05,2.13151e-05,2.0358e-05,1.92053e-05,1.79153e-05,1.65495e-05,1.51698e-05,1.38352e-05,1.25995e-05,1.15083e-05,1.05975e-05,9.89124e-06,9.40221e-06,9.13129e-06,9.06877e-06,9.19598e-06,9.48732e-06,9.91265e-06,1.04397e-05,1.10362e-05,1.1672e-05,1.23209e-05,1.29611e-05,1.35766e-05,1.41569e-05,1.46968e-05,1.5196e-05,1.56581e-05,1.60896e-05,1.64983e-05,1.68928e-05,1.72805e-05,1.76673e-05,1.80561e-05,1.84465e-05,1.88347e-05,1.92131e-05,1.95712e-05,1.98957e-05,2.01723e-05,2.03861e-05,2.05234e-05,2.05725e-05,2.05251e-05,2.03773e-05,2.01296e-05,1.97874e-05,1.93609e-05,1.88639e-05,1.83136e-05,1.77288e-05,1.71287e-05,1.65319e-05,1.59549e-05,1.54112e-05,1.49107e-05,1.4459e-05,1.40578e-05,1.37048e-05,1.3395e-05,1.31209e-05,1.2874e-05,1.26457e-05,1.24288e-05,1.22178e-05,1.20109e-05,1.18097e-05,1.16201e-05,1.14522e-05,1.132e-05,1.12412e-05,1.12355e-05,1.13238e-05,1.15267e-05,1.18622e-05,1.23444e-05,1.29817e-05,1.3775e-05,1.47168e-05,1.57903e-05,1.69694e-05,1.82194e-05,1.94976e-05,2.07557e-05,2.1941e-05,2.29994e-05,2.38777e-05,2.45261e-05,2.49004e-05,2.49639e-05,2.46896e-05,2.40616e-05,2.30758e-05,2.17415e-05,2.00818e-05,1.8134e-05,1.59496e-05,1.35932e-05,1.11404e-05,8.67337e-06,6.27341e-06,4.00981e-06,1.92287e-06,0
0,2.92744e-06,6.47614e-06,1.0596e-05,1.50797e-05,1.97534e-05,2.44242e-05,2.89043e-05,3.30258e-05,3.66486e-05,3.96639e-05,4.19948e-05,4.35958e-05,4.44509e-05,4.45719e-05,4.39969e-05,4.27874e-05,4.1026e-05,3.88132e-05,3.6263e-05,3.34984e-05,3.06458e-05,2.78289e-05,2.51635e-05,2.27516e-05,2.0677e-05,1.90017e-05,1.77644e-05,1.69796e-05,1.66393e-05,1.67153e-05,1.71631e-05,1.79261e-05,1.89406e-05,2.01404e-05,2.14613e-05,2.28444e-05,2.42391e-05,2.56051e-05,2.6913e-05,2.81447e-05,2.92922e-05,3.03567e-05,3.13468e-05,3.22758e-05,3.31596e-05,3.40146e-05,3.4855e-05,3.56908e-05,3.65266e-05,3.73602e-05,3.8182e-05,3.89757e-05,3.97186e-05,4.03838e-05,4.09415e-05,4.13618e-05,4.16171e-05,4.16845e-05,4.1548e-05,4.12001e-05,4.06427e-05,3.98876e-05,3.89557e-05,3.78759e-05,3.66833e-05,3.54162e-05,3.41146e-05,3.28166e-05,3.15564e-05,3.03624e-05,2.92554e-05,2.82481e-05,2.73452e-05,2.65434e-05,2.58332e-05,2.52001e-05,2.46272e-05,2.40968e-05,2.35933e-05,2.31045e-05,2.26244e-05,2.21537e-05,2.17016e-05,2.12855e-05,2.09315e-05,2.06727e-05,2.0548e-05,2.05998e-05,2.08708e-05,2.1401e-05,2.22236e-05,2.33619e-05,2.48255e-05,2.66078e-05,2.8684e-05,3.10102e-05,3.35241e-05,3.61461e-05,3.87827e-05,4.133e-05,4.3678e-05,4.5716e-05,4.73373e-05,4.84441e-05,4.89521e-05,4.87941e-05,4.79238e-05,4.63185e-05,4.39814e-05,4.09436e-05,3.72656e-05,3.30378e-05,2.83797e-05,2.34368e-05,1.83736e-05,1.33612e-05,8.55704e-06,4.07424e-06,0
0,4.80456e-06,1.0596e-05,1.72579e-05,2.44208e-05,3.17063e-05,3.88074e-05,4.54432e-05,5.13752e-05,5.64151e-05,6.04264e-05,6.33232e-05,6.50668e-05,6.56629e-05,6.51577e-05,6.36346e-05,6.12098e-05,5.80279e-05,5.42562e-05,5.00776e-05,4.56832e-05,4.12634e-05,3.69996e-05,3.30556e-05,2.95704e-05,2.66523e-05,2.43752e-05,2.27776e-05,2.18629e-05,2.16031e-05,2.19432e-05,2.28079e-05,2.41084e-05,2.57493e-05,2.7635e-05,2.96758e-05,3.17922e-05,3.39181e-05,3.60026e-05,3.80105e-05,3.9922e-05,4.17309e-05,4.34423e-05,4.50701e-05,4.66333e-05,4.81532e-05,4.96499e-05,5.1139e-05,5.26294e-05,5.41209e-05,5.56031e-05,5.70552e-05,5.8446e-05,5.97364e-05,6.08807e-05,6.18308e-05,6.2539e-05,6.29621e-05,6.30646e-05,6.28225e-05,6.22247e-05,6.12755e-05,5.99937e-05,5.84128e-05,5.65783e-05,5.45454e-05,5.23754e-05,5.01315e-05,4.78755e-05,4.56638e-05,4.35444e-05,4.15546e-05,3.972e-05,3.80538e-05,3.65573e-05,3.52219e-05,3.4031e-05,3.29627e-05,3.19926e-05,3.10976e-05,3.02582e-05,2.94616e-05,2.8704e-05,2.79922e-05,2.73448e-05,2.67923e-05,2.63766e-05,2.61492e-05,2.61684e-05,2.6496e-05,2.71923e-05,2.83113e-05,2.98951e-05,3.19686e-05,3.45345e-05,3.75702e-05,4.10245e-05,4.48181e-05,4.8844e-05,5.29713e-05,5.70497e-05,6.0916e-05,6.44008e-05,6.73363e-05,6.9564e-05,7.09413e-05,7.13484e-05,7.06938e-05,6.8919e-05,6.60031e-05,6.19665e-05,5.68735e-05,5.08354e-05,4.40111e-05,3.66051e-05,2.88617e-05,2.1051e-05,1.34447e-05,6.41153e-06,0
0,6.90146e-06,1.50797e-05,2.44208e-05,3.45099e-05,4.44968e-05,5.397e-05,6.25634e-05,6.99871e-05,7.60284e-05,8.05495e-05,8.34811e-05,8.4817e-05,8.46076e-05,8.29548e-05,8.0006e-05,7.59481e-05,7.10003e-05,6.54051e-05,5.94187e-05,5.33001e-05,4.7299e-05,4.1645e-05,3.65373e-05,3.21362e-05,2.85577e-05,2.58706e-05,2.40971e-05,2.32162e-05,2.31696e-05,2.38697e-05,2.52087e-05,2.70676e-05,2.93247e-05,3.1864e-05,3.45804e-05,3.73845e-05,4.02055e-05,4.29914e-05,4.57091e-05,4.83427e-05,5.08905e-05,5.33623e-05,5.57755e-05,5.81515e-05,6.05112e-05,6.28722e-05,6.52444e-05,6.76279e-05,7.00107e-05,7.23675e-05,7.466e-05,7.68375e-05,7.88399e-05,8.06008e-05,8.20512e-05,8.31249e-05,8.37628e-05,8.39175e-05,8.35569e-05,8.26678e-05,8.12567e-05,7.93505e-05,7.69954e-05,7.42541e-05,7.12027e-05,6.79258e-05,6.4512e-05,6.10484e-05,5.76168e-05,5.42888e-05,5.11235e-05,4.81647e-05,4.5441e-05,4.29653e-05,4.07369e-05,3.87436e-05,3.69642e-05,3.53729e-05,3.39417e-05,3.26452e-05,3.1463e-05,3.03836e-05,2.94066e-05,2.85446e-05,2.78251e-05,2.72895e-05,2.69933e-05,2.7003e-05,2.7393e-05,2.82402e-05,2.9618e-05,3.15895e-05,3.41999e-05,3.74697e-05,4.13883e-05,4.59099e-05,5.09505e-05,5.63882e-05,6.20654e-05,6.77944e-05,7.33641e-05,7.85491e-05,8.31194e-05,8.68507e-05,8.95343e-05,9.0986e-05,9.10548e-05,8.96298e-05,8.66467e-05,8.20937e-05,7.60168e-05,6.85252e-05,5.97951e-05,5.00725e-05,3.96709e-05,2.89627e-05,1.85495e-05,8.88904e-06,0
0,9.1401e-06,1.97534e-05,3.17063e-05,4.44968e-05,5.73003e-05,6.89214e-05,7.91133e-05,8.75644e-05,9.40704e-05,9.85229e-05,0.000100898,0.000101247,9.96875e-05,9.63948e-05,9.1596e-05,8.55604e-05,7.85891e-05,7.10038e-05,6.31328e-05,5.5297e-05,4.77952e-05,4.08913e-05,3.48031e-05,2.96939e-05,2.5669e-05,2.27747e-05,2.10024e-05,2.02958e-05,2.05599e-05,2.16725e-05,2.34957e-05,2.58868e-05,2.87078e-05,3.1833e-05,3.51546e-05,3.85855e-05,4.20603e-05,4.55349e-05,4.8984e-05,5.23987e-05,5.57822e-05,5.91466e-05,6.25086e-05,6.58851e-05,6.92898e-05,7.27296e-05,7.62009e-05,7.96877e-05,8.31596e-05,8.65712e-05,8.98627e-05,9.29619e-05,9.57869e-05,9.82505e-05,0.000100265,0.000101748,0.000102626,0.000102844,0.000102362,0.000101167,9.92674e-05,9.66982e-05,9.35164e-05,8.97998e-05,8.56425e-05,8.115e-05,7.64337e-05,7.1605e-05,6.67705e-05,6.20267e-05,5.74569e-05,5.31277e-05,4.90883e-05,4.53704e-05,4.19884e-05,3.89423e-05,3.62197e-05,3.37995e-05,3.16551e-05,2.97585e-05,2.80838e-05,2.66111e-05,2.533e-05,2.42421e-05,2.33644e-05,2.27297e-05,2.23882e-05,2.24054e-05,2.286e-05,2.38392e-05,2.54318e-05,2.77211e-05,3.07752e-05,3.46382e-05,3.9321e-05,4.47941e-05,5.09824e-05,5.77626e-05,6.49643e-05,7.2374e-05,7.97428e-05,8.67959e-05,9.32444e-05,9.8798e-05,0.000103178,0.000106128,0.000107428,0.000106899,0.000104416,9.99161e-05,9.34018e-05,8.49535e-05,7.47368e-05,6.3011e-05,5.01366e-05,3.67778e-05,2.3689e-05,1.14259e-05,0
0,1.14284e-05,2.44242e-05,3.88074e-05,5.397e-05,6.89214e-05,8.26607e-05,9.39277e-05,0.000102808,0.000109145,0.000112895,0.000114108,0.000112913,0.000109512,0.000104169,9.7198e-05,8.8956e-05,7.98274e-05,7.02096e-05,6.04956e-05,5.10568e-05,4.22265e-05,3.42853e-05,2.74507e-05,2.18705e-05,1.76217e-05,1.47137e-05,1.30963e-05,1.26714e-05,1.33056e-05,1.48452e-05,1.71288e-05,1.99999e-05,2.33158e-05,2.69536e-05,3.08146e-05,3.48241e-05,3.89306e-05,4.31027e-05,4.73258e-05,5.1597e-05,5.59215e-05,6.03083e-05,6.4766e-05,6.92998e-05,7.39078e-05,7.85784e-05,8.32878e-05,8.79982e-05,9.26572e-05,9.71974e-05,0.000101538,0.000105586,0.000109243,0.000112406,0.000114973,0.000116852,0.000117962,0.000118241,0.000117651,0.000116175,0.000113827,0.000110646,0.000106696,0.000102064,9.68558e-05,9.11911e-05,8.5197e-05,7.90031e-05,7.27361e-05,6.65143e-05,6.0444e-05,5.46159e-05,4.91031e-05,4.39607e-05,3.92253e-05,3.49164e-05,3.10386e-05,2.75838e-05,2.45341e-05,2.18654e-05,1.95511e-05,1.75657e-05,1.58888e-05,1.45096e-05,1.343e-05,1.26686e-05,1.22623e-05,1.22673e-05,1.27582e-05,1.38247e-05,1.55653e-05,1.80797e-05,2.14584e-05,2.57719e-05,3.10588e-05,3.73155e-05,4.44872e-05,5.24632e-05,6.10743e-05,7.00955e-05,7.92527e-05,8.82323e-05,9.66947e-05,0.000104288,0.000110666,0.000115498,0.000118488,0.000119382,0.000117982,0.000114153,0.000107833,9.90462e-05,8.79124e-05,7.46664e-05,5.9825e-05,4.41898e-05,2.86682e-05,1.39284e-05,0
0,1.36726e-05,2.89043e-05,4.54432e-05,6.25634e-05,7.91133e-05,9.39277e-05,0.000106147,0.000114756,0.000120236,0.000122639,0.000122113,0.000118884,0.000113247,0.000105557,9.62186e-05,8.56736e-05,7.43833e-05,6.28112e-05,5.14023e-05,4.05628e-05,3.06427e-05,2.19211e-05,1.45969e-05,8.78585e-06,4.52308e-06,1.77119e-06,4.33054e-07,3.67549e-07,1.40645e-06,3.37094e-06,6.08613e-06,9.39252e-06,1.31538e-05,1.72609e-05,2.16326e-05,2.62131e-05,3.09683e-05,3.58804e-05,4.09428e-05,4.61546e-05,5.15162e-05,5.7026e-05,6.26767e-05,6.84536e-05,7.4332e-05,8.02762e-05,8.6238e-05,9.21561e-05,9.79564e-05,0.000103552,0.000108846,0.000113734,0.000118106,0.000121853,0.000124871,0.000127065,0.000128357,0.000128686,0.000128015,0.000126331,0.000123649,0.000120007,0.000115472,0.000110132,0.000104092,9.74752e-05,9.04135e-05,8.30439e-05,7.55037e-05,6.79259e-05,6.04343e-05,5.31408e-05,4.61426e-05,3.95199e-05,3.33359e-05,2.76359e-05,2.24486e-05,1.77869e-05,1.36502e-05,1.00263e-05,6.89467e-06,4.23019e-06,2.00703e-06,2.03504e-07,-1.19293e-06,-2.18079e-06,-2.74024e-06,-2.83004e-06,-2.3864e-06,-1.3244e-06,4.57635e-07,3.07066e-06,6.6246e-06,1.12157e-05,1.69131e-05,2.37447e-05,3.16855e-05,4.06483e-05,5.04785e-05,6.09539e-05,7.17892e-05,8.26455e-05,9.31438e-05,0.000102881,0.000111447,0.000118444,0.0001235,0.000126283,0.000126515,0.000123978,0.000118527,0.000110101,9.87364e-05,8.46448e-05,6.83964e-05,5.09319e-05,3.33058e-05,1.63047e-05,0
0,1.5786e-05,3.30258e-05,5.13752e-05,6.99871e-05,8.75644e-05,0.000102808,0.000114756,0.000122961,0.000126882,0.000127327,0.000124557,0.000118901,0.00011075,0.000100546,8.8776e-05,7.59559e-05,6.26124e-05,4.92607e-05,3.63812e-05,2.43976e-05,1.36587e-05,4.42499e-06,-3.13793e-06,-8.95841e-06,-1.30514e-05,-1.55053e-05,-1.6464e-05,-1.61076e-05,-1.46323e-05,-1.22327e-05,-9.08769e-06,-5.34973e-06,-1.1402e-06,3.45175e-06,8.36628e-06,1.35675e-05,1.90368e-05,2.47654e-05,3.07484e-05,3.6979e-05,4.34446e-05,5.01245e-05,5.69879e-05,6.39938e-05,7.10902e-05,7.82148e-05,8.52951e-05,9.22489e-05,9.89854e-05,0.000105406,0.000111408,0.000116883,0.000121727,0.000125836,0.000129117,0.000131485,0.000132872,0.000133227,0.00013252,0.000130742,0.000127906,0.000124049,0.000119226,0.000113517,0.000107015,9.98309e-05,9.20869e-05,8.39135e-05,7.54456e-05,6.68191e-05,5.81668e-05,4.96152e-05,4.12812e-05,3.32694e-05,2.56706e-05,1.85592e-05,1.19934e-05,6.01394e-06,6.44887e-07,-4.10557e-06,-8.24322e-06,-1.1785e-05,-1.4755e-05,-1.71798e-05,-1.90821e-05,-2.04751e-05,-2.13556e-05,-2.16993e-05,-2.14564e-05,-2.05515e-05,-1.88854e-05,-1.63411e-05,-1.2794e-05,-8.12485e-06,-2.23489e-06,4.93779e-06,1.34029e-05,2.31048e-05,3.39142e-05,4.56237e-05,5.79506e-05,7.05442e-05,8.29997e-05,9.48744e-05,0.000105708,0.00011504,0.000122432,0.000127478,0.000129822,0.000129157,0.000125243,0.000117911,0.000107013,9.26935e-05,7.56029e-05,5.67937e-05,3.74497e-05,1.84739e-05,0
0,1.76933e-05,3.66486e-05,5.64151e-05,7.60284e-05,9.40704e-05,0.000109145,0.000120236,0.000126882,0.000129174,0.000127116,0.000121694,0.000113339,0.000102522,8.97613e-05,7.56102e-05,6.06442e-05,4.54387e-05,3.05434e-05,1.64571e-05,3.60397e-06,-7.68389e-06,-1.71778e-05,-2.47554e-05,-3.03954e-05,-3.41653e-05,-3.62026e-05,-3.66933e-05,-3.58491e-05,-3.38853e-05,-3.10037e-05,-2.73783e-05,-2.31486e-05,-1.84171e-05,-1.32522e-05,-7.69424e-06,-1.76405e-06,4.52807e-06,1.1174e-05,1.8161e-05,2.54669e-05,3.30572e-05,4.08846e-05,4.8889e-05,5.69996e-05,6.51363e-05,7.32118e-05,8.11336e-05,8.88054e-05,9.61293e-05,0.000103007,0.000109341,0.000115038,0.000120009,0.000124175,0.000127465,0.000129817,0.000131185,0.000131536,0.00013085,0.000129122,0.000126363,0.000122598,0.000117867,0.000112224,0.000105739,9.84946e-05,9.05863e-05,8.21221e-05,7.32196e-05,6.40038e-05,5.46048e-05,4.5154e-05,3.57813e-05,2.66111e-05,1.77595e-05,9.33062e-06,1.41438e-06,-5.91616e-06,-1.26062e-05,-1.86199e-05,-2.39401e-05,-2.85666e-05,-3.25128e-05,-3.58013e-05,-3.84575e-05,-4.05023e-05,-4.19449e-05,-4.27746e-05,-4.29554e-05,-4.24225e-05,-4.10821e-05,-3.88156e-05,-3.54883e-05,-3.0962e-05,-2.51113e-05,-1.78415e-05,-9.107e-06,1.07245e-06,1.25991e-05,2.52899e-05,3.88756e-05,5.30066e-05,6.72648e-05,8.11816e-05,9.42577e-05,0.000105986,0.000115871,0.000123445,0.000128282,0.000129994,0.000128242,0.000122577,0.000112673,9.86803e-05,8.12877e-05,6.16259e-05,4.09836e-05,2.03715e-05,0
0,1.93336e-05,3.96639e-05,6.04264e-05,8.05495e-05,9.85229e-05,0.000112895,0.000122639,0.000127327,0.000127116,0.000122592,0.000114224,0.000103018,8.9508e-05,7.42591e-05,5.78713e-05,4.0961e-05,2.41344e-05,7.95924e-06,-7.06339e-06,-2.05225e-05,-3.21142e-05,-4.16495e-05,-4.90537e-05,-5.43566e-05,-5.76748e-05,-5.91892e-05,-5.91199e-05,-5.77011e-05,-5.5159e-05,-5.1695e-05,-4.74741e-05,-4.26206e-05,-3.72199e-05,-3.13239e-05,-2.4961e-05,-1.81464e-05,-1.08928e-05,-3.21909e-06,4.84358e-06,1.32479e-05,2.19299e-05,3.08101e-05,3.97965e-05,4.87883e-05,5.76802e-05,6.63654e-05,7.47397e-05,8.27032e-05,9.01631e-05,9.70347e-05,0.000103243,0.000108723,0.00011342,0.00011729,0.0001203,0.000122425,0.000123649,0.000123961,0.000123358,0.000121839,0.000119409,0.000116075,0.000111851,0.000106756,0.00010082,9.40824e-05,8.65975e-05,7.84341e-05,6.96766e-05,6.04252e-05,5.07937e-05,4.09077e-05,3.09006e-05,2.09098e-05,1.10719e-05,1.51812e-06,-7.6304e-06,-1.62667e-05,-2.43017e-05,-3.16667e-05,-3.83144e-05,-4.42191e-05,-4.93745e-05,-5.37891e-05,-5.7481e-05,-6.04698e-05,-6.27682e-05,-6.43729e-05,-6.52569e-05,-6.53636e-05,-6.46046e-05,-6.28615e-05,-5.99926e-05,-5.58452e-05,-5.02715e-05,-4.31475e-05,-3.43934e-05,-2.39929e-05,-1.20093e-05,1.40375e-06,1.59982e-05,3.14347e-05,4.72936e-05,6.30918e-05,7.83046e-05,9.23903e-05,0.000104813,0.000115062,0.00012266,0.000127156,0.00012792,0.000124251,0.000115765,0.000102576,8.53775e-05,6.53403e-05,4.38297e-05,2.19508e-05,0
0,2.06609e-05,4.19948e-05,6.33232e-05,8.34811e-05,0.000100898,0.000114108,0.000122113,0.000124557,0.000121694,0.000114224,0.000103053,8.89836e-05,7.28786e-05,5.53134e-05,3.69113e-05,1.83114e-05,1.35285e-07,-1.70456e-05,-3.27399e-05,-4.65597e-05,-5.82354e-05,-6.76206e-05,-7.46875e-05,-7.95122e-05,-8.22536e-05,-8.31273e-05,-8.23781e-05,-8.02544e-05,-7.69866e-05,-7.27716e-05,-6.77647e-05,-6.20784e-05,-5.57868e-05,-4.89348e-05,-4.155e-05,-3.36548e-05,-2.52768e-05,-1.64576e-05,-7.25746e-06,2.24318e-06,1.19451e-05,2.1734e-05,3.14865e-05,4.10753e-05,5.03756e-05,5.92701e-05,6.76533e-05,7.54345e-05,8.25399e-05,8.89133e-05,9.45166e-05,9.93284e-05,0.000103343,0.000106565,0.000109012,0.000110704,0.000111664,0.000111909,0.000111454,0.000110302,0.000108447,0.000105875,0.000102562,9.84854e-05,9.36201e-05,8.7951e-05,8.14752e-05,7.42084e-05,6.61878e-05,5.74746e-05,4.8154e-05,3.8334e-05,2.81418e-05,1.77191e-05,7.21663e-06,-3.21239e-06,-1.34183e-05,-2.32615e-05,-3.26174e-05,-4.13813e-05,-4.94714e-05,-5.68295e-05,-6.34209e-05,-6.92309e-05,-7.42595e-05,-7.85142e-05,-8.2001e-05,-8.47146e-05,-8.66291e-05,-8.76906e-05,-8.78127e-05,-8.68762e-05,-8.47343e-05,-8.12227e-05,-7.61751e-05,-6.94427e-05,-6.09156e-05,-5.05441e-05,-3.83579e-05,-2.44796e-05,-9.13262e-06,7.36011e-06,2.45847e-05,4.20532e-05,5.92262e-05,7.55393e-05,9.04319e-05,0.000103371,0.000113869,0.000121262,0.000124631,0.000123175,0.000116428,0.00010444,8.78727e-05,6.79044e-05,4.5947e-05,2.31833e-05,0
0,2.16445e-05,4.35958e-05,6.50668e-05,8.4817e-05,0.000101247,0.000112913,0.000118884,0.000118901,0.000113339,0.000103018,8.89836e-05,7.23103e-05,5.38572e-05,3.4251e-05,1.41283e-05,-5.85945e-06,-2.50861e-05,-4.29865e-05,-5.90868e-05,-7.3027e-05,-8.45733e-05,-9.36202e-05,-0.000100181,-0.000104371,-0.000106383,-0.000106455,-0.000104851,-0.000101824,-9.7606e-05,-9.2389e-05,-8.6322e-05,-7.95122e-05,-7.20327e-05,-6.39337e-05,-5.52555e-05,-4.60412e-05,-3.63466e-05,-2.6247e-05,-1.58406e-05,-5.24713e-06,5.396e-06,1.59403e-05,2.62336e-05,3.61286e-05,4.54893e-05,5.41982e-05,6.21607e-05,6.93079e-05,7.55987e-05,8.10195e-05,8.55825e-05,8.93229e-05,9.22948e-05,9.45651e-05,9.62078e-05,9.72963e-05,9.78964e-05,9.80594e-05,9.78164e-05,9.71745e-05,9.61151e-05,9.4595e-05,9.25502e-05,8.99021e-05,8.65657e-05,8.24584e-05,7.751e-05,7.1671e-05,6.49193e-05,5.72657e-05,4.87555e-05,3.94686e-05,2.95159e-05,1.90351e-05,8.18344e-06,-2.86984e-06,-1.39513e-05,-2.48912e-05,-3.55311e-05,-4.57297e-05,-5.53673e-05,-6.4349e-05,-7.26052e-05,-8.00892e-05,-8.67736e-05,-9.2643e-05,-9.76856e-05,-0.000101884,-0.000105202,-0.000107583,-0.000108935,-0.000109136,-0.000108031,-0.000105448,-0.000101204,-9.51296e-05,-8.70903e-05,-7.70072e-05,-6.48796e-05,-5.08009e-05,-3.49695e-05,-1.769e-05,6.33867e-07,1.95144e-05,3.84038e-05,5.67232e-05,7.3896e-05,8.9386e-05,0.000102651,0.000112805,0.000118778,0.000119657,0.000114875,0.000104402,8.88365e-05,6.93353e-05,4.73283e-05,2.40574e-05,0
0,2.22681e-05,4.44509e-05,6.56629e-05,8.46076e-05,9.96875e-05,0.000109512,0.000113247,0.00011075,0.000102522,8.9508e-05,7.28786e-05,5.38572e-05,3.33708e-05,1.20265e-05,-9.52035e-06,-3.06098e-05,-5.06172e-05,-6.89892e-05,-8.52734e-05,-9.91388e-05,-0.000110386,-0.000118944,-0.000124861,-0.000128281,-0.000129421,-0.000128536,-0.000125895,-0.000121759,-0.000116355,-0.000109876,-0.00010247,-9.42484e-05,-8.52958e-05,-7.56811e-05,-6.54711e-05,-5.47426e-05,-4.3591e-05,-3.21348e-05,-2.05161e-05,-8.89713e-06,2.54684e-06,1.36359e-05,2.41954e-05,3.40656e-05,4.31099e-05,5.12216e-05,5.8329e-05,6.43981e-05,6.94329e-05,7.34743e-05,7.65962e-05,7.89007e-05,8.05107e-05,8.15616e-05,8.21914e-05,8.25305e-05,8.26911e-05,8.27579e-05,8.27805e-05,8.27674e-05,8.26847e-05,8.24576e-05,8.19753e-05,8.11002e-05,7.96788e-05,7.75547e-05,7.45816e-05,7.06362e-05,6.56282e-05,5.95084e-05,5.22726e-05,4.39631e-05,3.46662e-05,2.45064e-05,1.36399e-05,2.24529e-06,-9.486e-06,-2.13589e-05,-3.31839e-05,-4.47842e-05,-5.60025e-05,-6.67046e-05,-7.67814e-05,-8.61487e-05,-9.47433e-05,-0.000102518,-0.000109433,-0.000115447,-0.000120508,-0.000124542,-0.000127448,-0.000129093,-0.000129314,-0.000127927,-0.000124738,-0.000119559,-0.000112234,-0.000102661,-9.08137e-05,-7.67591e-05,-6.06729e-05,-4.28418e-05,-2.36589e-05,-3.60927e-06,1.67532e-05,3.68359e-05,5.60429e-05,7.38153e-05,8.95646e-05,0.000102298,0.000110803,0.000114054,0.000111379,0.000102649,8.83846e-05,6.96926e-05,4.79958e-05,2.45769e-05,0
0,2.25298e-05,4.45719e-05,6.51577e-05,8.29548e-05,9.63948e-05,0.000104169,0.000105557,0.000100546,8.97613e-05,7.42591e-05,5.53134e-05,3.4251e-05,1.20265e-05,-1.07732e-05,-3.34761e-05,-5.54176e-05,-7.59791e-05,-9.46222e-05,-0.000110917,-0.00012456,-0.000135381,-0.000143338,-0.000148506,-0.000151049,-0.000151196,-0.000149214,-0.000145375,-0.000139941,-0.000133141,-0.00012517,-0.000116187,-0.000106319,-9.56747e-05,-8.43543e-05,-7.24646e-05,-6.01273e-05,-4.74862e-05,-3.4709e-05,-2.19848e-05,-9.51765e-06,2.48227e-06,1.38099e-05,2.42765e-05,3.37201e-05,4.20143e-05,4.90758e-05,5.48678e-05,5.94028e-05,6.27412e-05,6.4988e-05,6.62879e-05,6.68168e-05,6.67724e-05,6.63622e-05,6.57913e-05,6.52482e-05,6.48924e-05,6.48415e-05,6.51623e-05,6.58639e-05,6.68951e-05,6.81474e-05,6.94611e-05,7.06366e-05,7.14486e-05,7.16625e-05,7.10514e-05,6.94125e-05,6.65807e-05,6.24395e-05,5.69278e-05,5.00421e-05,4.1835e-05,3.24103e-05,2.19147e-05,1.05283e-05,-1.54627e-06,-1.40947e-05,-2.69013e-05,-3.97579e-05,-5.24711e-05,-6.48679e-05,-7.67989e-05,-8.81381e-05,-9.87819e-05,-0.000108644,-0.000117648,-0.000125721,-0.000132783,-0.000138735,-0.000143457,-0.000146802,-0.000148591,-0.000148629,-0.000146705,-0.000142619,-0.000136196,-0.000127314,-0.000115924,-0.000102072,-8.59156e-05,-6.7724e-05,-4.78808e-05,-2.68685e-05,-5.24693e-06,1.63764e-05,3.73816e-05,5.71727e-05,7.51478e-05,9.02564e-05,0.000101171,0.00010676,0.000106252,9.9414e-05,8.66743e-05,6.90708e-05,4.79972e-05,2.47587e-05,0
0,2.24407e-05,4.39969e-05,6.36346e-05,8.0006e-05,9.1596e-05,9.7198e-05,9.62186e-05,8.8776e-05,7.56102e-05,5.78713e-05,3.69113e-05,1.41283e-05,-9.52035e-06,-3.34761e-05,-5.70554e-05,-7.95931e-05,-0.000100479,-0.000119191,-0.00013532,-0.000148586,-0.000158843,-0.000166071,-0.000170361,-0.000171889,-0.000170894,-0.000167644,-0.000162414,-0.00015547,-0.000147047,-0.000137352,-0.000126563,-0.000114837,-0.000102318,-8.91522e-05,-7.54953e-05,-6.15231e-05,-4.74337e-05,-3.34461e-05,-1.97955e-05,-6.72424e-06,5.52965e-06,1.67448e-05,2.67287e-05,3.53289e-05,4.24415e-05,4.8018e-05,5.20682e-05,5.4661e-05,5.59217e-05,5.6027e-05,5.5197e-05,5.36848e-05,5.17642e-05,4.97151e-05,4.78083e-05,4.62889e-05,4.53607e-05,4.51725e-05,4.58063e-05,4.72702e-05,4.94957e-05,5.23403e-05,5.5596e-05,5.90019e-05,6.22614e-05,6.5062e-05,6.70954e-05,6.80772e-05,6.77647e-05,6.59699e-05,6.25688e-05,5.75057e-05,5.07925e-05,4.25038e-05,3.27689e-05,2.1761e-05,9.68588e-06,-3.23037e-06,-1.67527e-05,-3.06472e-05,-4.46893e-05,-5.86705e-05,-7.24019e-05,-8.57161e-05,-9.84661e-05,-0.000110523,-0.000121767,-0.000132087,-0.000141364,-0.00014947,-0.000156255,-0.000161547,-0.00016515,-0.000166848,-0.000166417,-0.000163639,-0.000158323,-0.000150329,-0.00013959,-0.000126135,-0.000110103,-9.17514e-05,-7.14558e-05,-4.96976e-05,-2.70435e-05,-4.11671e-06,1.84374e-05,3.99865e-05,5.99316e-05,7.71928e-05,9.03503e-05,9.81848e-05,9.98326e-05,9.49602e-05,8.38949e-05,6.75926e-05,4.7401e-05,2.46314e-05,0
0,2.20242e-05,4.27874e-05,6.12098e-05,7.59481e-05,8.55604e-05,8.8956e-05,8.56736e-05,7.59559e-05,6.06442e-05,4.0961e-05,1.83114e-05,-5.85945e-06,-3.06098e-05,-5.54176e-05,-7.95931e-05,-0.000102473,-0.000123457,-0.000142037,-0.000157824,-0.000170554,-0.0001801,-0.000186454,-0.000189716,-0.000190072,-0.000187759,-0.000183051,-0.000176226,-0.000167555,-0.000157289,-0.000145659,-0.000132872,-0.000119126,-0.000104613,-8.95337e-05,-7.41032e-05,-5.8555e-05,-4.31428e-05,-2.81356e-05,-1.38098e-05,-4.38359e-07,1.17225e-05,2.24463e-05,3.1549e-05,3.89001e-05,4.44302e-05,4.81366e-05,5.00852e-05,5.0409e-05,4.93039e-05,4.70212e-05,4.38572e-05,4.01409e-05,3.62191e-05,3.24392e-05,2.91322e-05,2.65939e-05,2.50674e-05,2.4728e-05,2.56703e-05,2.79005e-05,3.13331e-05,3.57946e-05,4.10322e-05,4.67287e-05,5.25213e-05,5.80243e-05,6.28518e-05,6.66409e-05,6.90717e-05,6.9884e-05,6.88882e-05,6.59719e-05,6.11001e-05,5.43113e-05,4.57091e-05,3.54516e-05,2.37389e-05,1.08001e-05,-3.11871e-06,-1.77655e-05,-3.28915e-05,-4.82582e-05,-6.36419e-05,-7.88364e-05,-9.36527e-05,-0.000107917,-0.000121466,-0.000134142,-0.000145784,-0.000156223,-0.000165275,-0.000172736,-0.000178381,-0.000181972,-0.000183262,-0.000182015,-0.000178022,-0.000171127,-0.000161245,-0.00014839,-0.000132687,-0.000114384,-9.38496e-05,-7.15674e-05,-4.81122e-05,-2.41241e-05,-2.73915e-07,2.27725e-05,4.44286e-05,6.36038e-05,7.8806e-05,8.87445e-05,9.24756e-05,8.95709e-05,8.02575e-05,6.54018e-05,4.62922e-05,2.42325e-05,0
0,2.13151e-05,4.1026e-05,5.80279e-05,7.10003e-05,7.85891e-05,7.98274e-05,7.43833e-05,6.26124e-05,4.54387e-05,2.41344e-05,1.35285e-07,-2.50861e-05,-5.06172e-05,-7.59791e-05,-0.000100479,-0.000123457,-0.000144321,-0.000162576,-0.000177844,-0.000189876,-0.000198553,-0.000203875,-0.000205947,-0.000204955,-0.00020114,-0.000194778,-0.000186157,-0.000175561,-0.000163267,-0.000149536,-0.000134619,-0.000118766,-0.000102225,-8.52599e-05,-6.81456e-05,-5.11753e-05,-3.46555e-05,-1.88989e-05,-4.21466e-06,9.10454e-06,2.07964e-05,3.06424e-05,3.84803e-05,4.42135e-05,4.78186e-05,4.93481e-05,4.89311e-05,4.67694e-05,4.31311e-05,3.83407e-05,3.27672e-05,2.68089e-05,2.08769e-05,1.53771e-05,1.06901e-05,7.15273e-06,5.03924e-06,4.54493e-06,5.77327e-06,8.72748e-06,1.33076e-05,1.9314e-05,2.64566e-05,3.43709e-05,4.26378e-05,5.08083e-05,5.84277e-05,6.5062e-05,7.03195e-05,7.38704e-05,7.546e-05,7.49169e-05,7.21551e-05,6.71709e-05,6.00347e-05,5.08812e-05,3.98955e-05,2.73008e-05,1.33447e-05,-1.71195e-06,-1.76047e-05,-3.40732e-05,-5.08661e-05,-6.7744e-05,-8.44802e-05,-0.000100859,-0.000116673,-0.000131717,-0.000145785,-0.000158663,-0.000170124,-0.000179924,-0.000187805,-0.000193496,-0.000196724,-0.000197228,-0.000194779,-0.0001892,-0.000180391,-0.000168349,-0.000153187,-0.000135145,-0.00011459,-9.20076e-05,-6.7983e-05,-4.31744e-05,-1.82785e-05,6.00666e-06,2.91139e-05,4.99546e-05,6.69797e-05,7.88423e-05,8.45321e-05,8.35362e-05,7.59858e-05,6.26558e-05,4.4768e-05,2.36069e-05,0
0,2.0358e-05,3.88132e-05,5.42562e-05,6.54051e-05,7.10038e-05,7.02096e-05,6.28112e-05,4.92607e-05,3.05434e-05,7.95924e-06,-1.70456e-05,-4.29865e-05,-6.89892e-05,-9.46222e-05,-0.000119191,-0.000142037,-0.000162576,-0.000180318,-0.000194895,-0.000206062,-0.000213706,-0.00021783,-0.000218539,-0.00021602,-0.00021052,-0.000202322,-0.000191728,-0.00017905,-0.000164595,-0.00014867,-0.000131578,-0.000113626,-9.51279e-05,-7.64082e-05,-5.78043e-05,-3.96638e-05,-2.23382e-05,-6.17434e-06,8.4982e-06,2.13804e-05,3.2218e-05,4.08143e-05,4.70417e-05,5.08498e-05,5.22703e-05,5.14183e-05,4.84903e-05,4.37579e-05,3.75588e-05,3.02855e-05,2.23705e-05,1.42702e-05,6.44687e-06,-6.50225e-07,-6.60464e-06,-1.10521e-05,-1.36989e-05,-1.43378e-05,-1.28613e-05,-9.26944e-06,-3.67312e-06,3.70934e-06,1.25616e-05,2.2485e-05,3.30187e-05,4.36649e-05,5.39144e-05,6.32738e-05,7.12893e-05,7.7568e-05,8.17936e-05,8.37363e-05,8.32567e-05,8.0304e-05,7.49094e-05,6.71756e-05,5.72644e-05,4.53831e-05,3.17711e-05,1.66881e-05,4.04238e-07,-1.6808e-05,-3.46789e-05,-5.29443e-05,-7.13471e-05,-8.96356e-05,-0.000107562,-0.000124878,-0.00014133,-0.000156658,-0.000170587,-0.00018283,-0.000193085,-0.000201044,-0.0002064,-0.000208861,-0.00020817,-0.000204126,-0.00019661,-0.0001856,-0.0001712,-0.000153639,-0.000133284,-0.000110625,-8.62602e-05,-6.08675e-05,-3.51699e-05,-9.89762e-06,1.44051e-05,3.66604e-05,5.52732e-05,6.88535e-05,7.6338e-05,7.71407e-05,7.13055e-05,5.95189e-05,4.2933e-05,2.28044e-05,0
0,1.92053e-05,3.6263e-05,5.00776e-05,5.94187e-05,6.31328e-05,6.04956e-05,5.14023e-05,3.63812e-05,1.64571e-05,-7.06339e-06,-3.27399e-05,-5.90868e-05,-8.52734e-05,-0.000110917,-0.00013532,-0.000157824,-0.000177844,-0.000194895,-0.000208608,-0.000218743,-0.000225186,-0.000227939,-0.000227111,-0.000222893,-0.00021554,-0.000205352,-0.000192657,-0.000177798,-0.000161128,-0.000143006,-0.000123795,-0.000103863,-8.35885e-05,-6.33576e-05,-4.35621e-05,-2.45951e-05,-6.84211e-06,9.32991e-06,2.35855e-05,3.56343e-05,4.5245e-05,5.22566e-05,5.65886e-05,5.82465e-05,5.73249e-05,5.40058e-05,4.8554e-05,4.13082e-05,3.26697e-05,2.30885e-05,1.30477e-05,3.04551e-06,-6.42219e-06,-1.48813e-05,-2.1898e-05,-2.70972e-05,-3.01794e-05,-3.09358e-05,-2.92598e-05,-2.51552e-05,-1.87389e-05,-1.02379e-05,1.87135e-08,1.1615e-05,2.40671e-05,3.68474e-05,4.94105e-05,6.12198e-05,7.17729e-05,8.06242e-05,8.7402e-05,9.18211e-05,9.36885e-05,9.29033e-05,8.94518e-05,8.3398e-05,7.48719e-05,6.40558e-05,5.1171e-05,3.64659e-05,2.02057e-05,2.6645e-06,-1.58802e-05,-3.51501e-05,-5.48675e-05,-7.47541e-05,-9.4529e-05,-0.000113906,-0.000132589,-0.000150272,-0.000166634,-0.000181338,-0.000194038,-0.000204378,-0.000212011,-0.000216606,-0.000217871,-0.000215576,-0.000209572,-0.000199821,-0.000186407,-0.000169554,-0.000149624,-0.000127114,-0.000102636,-7.68891e-05,-5.0625e-05,-2.4607e-05,6.45409e-07,2.40699e-05,4.40329e-05,5.91108e-05,6.81991e-05,7.06515e-05,6.64351e-05,5.61549e-05,4.08942e-05,2.18773e-05,0
0,1.79153e-05,3.34984e-05,4.56832e-05,5.33001e-05,5.5297e-05,5.10568e-05,4.05628e-05,2.43976e-05,3.60397e-06,-2.05225e-05,-4.65597e-05,-7.3027e-05,-9.91388e-05,-0.00012456,-0.000148586,-0.000170554,-0.000189876,-0.000206062,-0.000218743,-0.000227676,-0.000232747,-0.00023396,-0.000231429,-0.000225356,-0.000216014,-0.000203729,-0.000188863,-0.000171805,-0.000152959,-0.000132741,-0.000111576,-8.98974e-05,-6.81411e-05,-4.67469e-05,-2.61508e-05,-6.77823e-06,1.09665e-05,2.67122e-05,4.01337e-05,5.09651e-05,5.90125e-05,6.41635e-05,6.63949e-05,6.57762e-05,6.24696e-05,5.67253e-05,4.88739e-05,3.93151e-05,2.85036e-05,1.69334e-05,5.12103e-06,-6.4127e-06,-1.71599e-05,-2.66432e-05,-3.44327e-05,-4.01614e-05,-4.35398e-05,-4.43683e-05,-4.25475e-05,-3.80846e-05,-3.10965e-05,-2.18078e-05,-1.0544e-05,2.28106e-06,1.61823e-05,3.06249e-05,4.50485e-05,5.88932e-05,7.16248e-05,8.27577e-05,9.18744e-05,9.86395e-05,0.000102808,0.000104227,0.000102835,9.86508e-05,9.17654e-05,8.23276e-05,7.0532e-05,5.66057e-05,4.0799e-05,2.33766e-05,4.61271e-06,-1.52119e-05,-3.58106e-05,-5.68896e-05,-7.81459e-05,-9.92646e-05,-0.000119916,-0.000139752,-0.000158407,-0.000175499,-0.00019063,-0.000203397,-0.000213402,-0.00022027,-0.000223664,-0.000223314,-0.00021904,-0.000210773,-0.000198578,-0.000182664,-0.000163391,-0.000141258,-0.000116893,-9.10177e-05,-6.4413e-05,-3.78777e-05,-1.1907e-05,1.24544e-05,3.35373e-05,4.98912e-05,6.03797e-05,6.43073e-05,6.15762e-05,5.27195e-05,3.87569e-05,2.08783e-05,0
0,1.65495e-05,3.06458e-05,4.12634e-05,4.7299e-05,4.77952e-05,4.22265e-05,3.06427e-05,1.36587e-05,-7.68389e-06,-3.21142e-05,-5.82354e-05,-8.45733e-05,-0.000110386,-0.000135381,-0.000158843,-0.0001801,-0.000198553,-0.000213706,-0.000225186,-0.000232747,-0.000236276,-0.000235787,-0.000231404,-0.000223351,-0.000211929,-0.000197499,-0.000180471,-0.000161284,-0.0001404,-0.000118296,-9.54571e-05,-7.23727e-05,-4.95302e-05,-2.74098e-05,-6.47705e-06,1.28271e-05,3.00969e-05,4.49739e-05,5.71599e-05,6.64285e-05,7.26361e-05,7.57295e-05,7.57508e-05,7.28384e-05,6.72234e-05,5.92224e-05,4.92265e-05,3.76867e-05,2.50985e-05,1.19832e-05,-1.12881e-06,-1.37159e-05,-2.52815e-05,-3.53687e-05,-4.35739e-05,-4.95584e-05,-5.30592e-05,-5.38977e-05,-5.19874e-05,-4.73387e-05,-4.00622e-05,-3.03676e-05,-1.85594e-05,-5.02834e-06,9.76279e-06,2.52962e-05,4.10206e-05,5.63745e-05,7.08107e-05,8.38188e-05,9.49466e-05,0.000103815,0.000110132,0.000113693,0.000114384,0.000112176,0.000107115,9.93106e-05,8.89214e-05,7.61456e-05,6.12093e-05,4.43579e-05,2.58515e-05,5.96154e-06,-1.50287e-05,-3.68231e-05,-5.91094e-05,-8.15564e-05,-0.00010381,-0.000125493,-0.000146202,-0.00016551,-0.000182971,-0.000198133,-0.000210542,-0.000219771,-0.00022543,-0.000227203,-0.000224863,-0.000218304,-0.000207563,-0.000192828,-0.000174449,-0.000152928,-0.000128904,-0.000103122,-7.63941e-05,-4.95569e-05,-2.30822e-05,2.00197e-06,2.39905e-05,4.14082e-05,5.30929e-05,5.83091e-05,5.69055e-05,4.93542e-05,3.66192e-05,1.98578e-05,0
0,1.51698e-05,2.78289e-05,3.69996e-05,4.1645e-05,4.08913e-05,3.42853e-05,2.19211e-05,4.42499e-06,-1.71778e-05,-4.16495e-05,-6.76206e-05,-9.36202e-05,-0.000118944,-0.000143338,-0.000166071,-0.000186454,-0.000203875,-0.00021783,-0.000227939,-0.00023396,-0.000235787,-0.000233448,-0.000227092,-0.000216975,-0.000203436,-0.000186886,-0.000167787,-0.000146637,-0.000123956,-0.00010028,-7.61468e-05,-5.20923e-05,-2.864e-05,-6.29488e-06,1.44667e-05,3.32066e-05,4.95357e-05,6.31259e-05,7.37207e-05,8.11464e-05,8.532e-05,8.62548e-05,8.4063e-05,7.89529e-05,7.1223e-05,6.12512e-05,4.94805e-05,3.64021e-05,2.25364e-05,8.41472e-06,-5.43948e-06,-1.85266e-05,-3.03848e-05,-4.06014e-05,-4.88217e-05,-5.47553e-05,-5.81818e-05,-5.89552e-05,-5.70073e-05,-5.23515e-05,-4.50852e-05,-3.53908e-05,-2.35347e-05,-9.86268e-06,5.20805e-06,2.12016e-05,3.75998e-05,5.38621e-05,6.94476e-05,8.38378e-05,9.65577e-05,0.000107194,0.00011541,0.000120953,0.000123658,0.000123443,0.000120307,0.000114312,0.000105579,9.42702e-05,8.0579e-05,6.47241e-05,4.69416e-05,2.74831e-05,6.61594e-06,-1.53746e-05,-3.81814e-05,-6.14714e-05,-8.48812e-05,-0.000108015,-0.000130442,-0.0001517,-0.000171303,-0.000188745,-0.000203519,-0.000215139,-0.000223157,-0.000227195,-0.000226975,-0.000222341,-0.000213288,-0.000199976,-0.000182737,-0.000162069,-0.000138618,-0.000113151,-8.6512e-05,-5.95764e-05,-3.27946e-05,-7.18081e-06,1.55204e-05,3.38079e-05,4.64955e-05,5.28138e-05,5.25679e-05,4.61803e-05,3.45685e-05,1.88616e-05,0
0,1.38352e-05,2.51635e-05,3.30556e-05,3.65373e-05,3.48031e-05,2.74507e-05,1.45969e-05,-3.13793e-06,-2.47554e-05,-4.90537e-05,-7.46875e-05,-0.000100181,-0.000124861,-0.000148506,-0.000170361,-0.000189716,-0.000205947,-0.000218539,-0.000227111,-0.000231429,-0.000231404,-0.000227092,-0.000218679,-0.000206462,-0.000190835,-0.000172266,-0.000151276,-0.000128421,-0.000104279,-7.94356e-05,-5.44705e-05,-2.99499e-05,-6.41592e-06,1.56219e-05,3.56958e-05,5.339e-05,6.83498e-05,8.02924e-05,8.90163e-05,9.44098e-05,9.64569e-05,9.52412e-05,9.0945e-05,8.38445e-05,7.43001e-05,6.27432e-05,4.96581e-05,3.55626e-05,2.09869e-05,6.45357e-06,-7.5407e-06,-2.05398e-05,-3.21391e-05,-4.1992e-05,-4.98133e-05,-5.53795e-05,-5.85276e-05,-5.9154e-05,-5.72144e-05,-5.27242e-05,-4.57614e-05,-3.64694e-05,-2.506e-05,-1.18143e-05,2.91837e-06,1.87273e-05,3.51503e-05,5.16889e-05,6.78279e-05,8.3056e-05,9.6888e-05,0.000108886,0.000118674,0.000125955,0.000130512,0.000132214,0.000131007,0.000126908,0.000119994,0.000110386,9.82442e-05,8.37527e-05,6.71167e-05,4.85589e-05,2.83196e-05,6.66041e-06,-1.61311e-05,-3.97356e-05,-6.37962e-05,-8.79139e-05,-0.000111646,-0.000134508,-0.000155978,-0.000175506,-0.000192532,-0.000206509,-0.000216925,-0.000223333,-0.000225391,-0.000222881,-0.000215745,-0.000204102,-0.000188254,-0.000168687,-0.000146048,-0.000121121,-9.47791e-05,-6.79395e-05,-4.1032e-05,-1.50609e-05,8.18393e-06,2.71704e-05,4.06864e-05,4.79311e-05,4.86726e-05,4.32941e-05,3.26772e-05,1.79292e-05,0
0,1.25995e-05,2.27516e-05,2.95704e-05,3.21362e-05,2.96939e-05,2.18705e-05,8.78585e-06,-8.95841e-06,-3.03954e-05,-5.43566e-05,-7.95122e-05,-0.000104371,-0.000128281,-0.000151049,-0.000171889,-0.000190072,-0.000204955,-0.00021602,-0.000222893,-0.000225356,-0.000223351,-0.000216975,-0.000206462,-0.00019217,-0.000174554,-0.000154144,-0.000131524,-0.000107307,-8.2119e-05,-5.65824e-05,-3.13027e-05,-6.85709e-06,1.6215e-05,3.74204e-05,5.63209e-05,7.2541e-05,8.57762e-05,9.58015e-05,0.000102479,0.000105764,0.000105709,0.000102468,9.62878e-05,8.75069e-05,7.65393e-05,6.3859e-05,4.99796e-05,3.54319e-05,2.07402e-05,6.40181e-06,-7.13121e-06,-1.9465e-05,-3.02708e-05,-3.92871e-05,-4.63153e-05,-5.12137e-05,-5.38891e-05,-5.42891e-05,-5.23966e-05,-4.82287e-05,-4.18381e-05,-3.33191e-05,-2.28146e-05,-1.05242e-05,3.29015e-06,1.83026e-05,3.41268e-05,5.03252e-05,6.64243e-05,8.19344e-05,9.63718e-05,0.000109282,0.000120258,0.000128961,0.000135128,0.000138577,0.000139205,0.000136984,0.000131945,0.000124173,0.000113788,0.000100938,8.57954e-05,6.85454e-05,4.93932e-05,2.85653e-05,6.31608e-06,-1.70644e-05,-4.12426e-05,-6.58346e-05,-9.04022e-05,-0.000114452,-0.000137442,-0.000158787,-0.00017788,-0.000194113,-0.000206907,-0.000215743,-0.000220199,-0.000219988,-0.000214984,-0.00020525,-0.000191046,-0.000172832,-0.00015125,-0.000127091,-0.000101257,-7.47032e-05,-4.78398e-05,-2.16653e-05,1.97701e-06,2.15167e-05,3.57102e-05,4.37234e-05,4.52911e-05,4.07648e-05,3.10005e-05,1.70918e-05,0
0,1.15083e-05,2.0677e-05,2.66523e-05,2.85577e-05,2.5669e-05,1.76217e-05,4.52308e-06,-1.30514e-05,-3.41653e-05,-5.76748e-05,-8.22536e-05,-0.000106383,-0.000129421,-0.000151196,-0.000170894,-0.000187759,-0.00020114,-0.00021052,-0.00021554,-0.000216014,-0.000211929,-0.000203436,-0.000190835,-0.000174554,-0.000155116,-0.000133119,-0.000109204,-8.40354e-05,-5.82729e-05,-3.25595e-05,-7.50511e-06,1.63241e-05,3.84139e-05,5.83095e-05,7.56209e-05,9.00292e-05,0.000101292,0.000109251,0.000113834,0.000115064,0.00011306,0.000108036,0.0001003,9.02381e-05,7.83081e-05,6.50142e-05,5.08865e-05,3.64549e-05,2.22249e-05,8.6543e-06,-3.86348e-06,-1.50108e-05,-2.45492e-05,-3.23148e-05,-3.82087e-05,-4.21818e-05,-4.42192e-05,-4.43254e-05,-4.25134e-05,-3.88006e-05,-3.321e-05,-2.57786e-05,-1.65697e-05,-5.68802e-06,6.70645e-06,2.0388e-05,3.5061e-05,5.03627e-05,6.58744e-05,8.1139e-05,9.56836e-05,0.000109044,0.000120792,0.000130549,0.000138011,0.00014295,0.000145219,0.000144747,0.000141526,0.000135603,0.000127064,0.000116023,0.000102614,8.69861e-05,6.93014e-05,4.97427e-05,2.85194e-05,5.87754e-06,-1.78893e-05,-4.24307e-05,-6.73313e-05,-9.21085e-05,-0.000116214,-0.000139043,-0.000159949,-0.000178271,-0.000193362,-0.000204626,-0.000211559,-0.000213787,-0.000211105,-0.000203506,-0.000191193,-0.000174586,-0.000154309,-0.000131153,-0.000106039,-7.99582e-05,-5.33014e-05,-2.70644e-05,-3.15139e-06,1.68192e-05,3.15638e-05,4.02099e-05,4.24579e-05,3.86334e-05,2.9575e-05,1.63717e-05,0
0,1.05975e-05,1.90017e-05,2.43752e-05,2.58706e-05,2.27747e-05,1.47137e-05,1.77119e-06,-1.55053e-05,-3.62026e-05,-5.91892e-05,-8.31273e-05,-0.000106455,-0.000128536,-0.000149214,-0.000167644,-0.000183051,-0.000194778,-0.000202322,-0.000205352,-0.000203729,-0.000197499,-0.000186886,-0.000172266,-0.000154144,-0.000133119,-0.000109852,-8.50372e-05,-5.93732e-05,-3.35384e-05,-8.17441e-06,1.61277e-05,3.88365e-05,5.94863e-05,7.76802e-05,9.30938e-05,0.000105477,0.000114657,0.000120542,0.000123128,0.000122499,0.000118828,0.000112382,0.000103512,9.26415e-05,8.02562e-05,6.68771e-05,5.30377e-05,3.92558e-05,2.60067e-05,1.36997e-05,2.66047e-06,-6.87775e-06,-1.47739e-05,-2.09696e-05,-2.54715e-05,-2.83287e-05,-2.96091e-05,-2.93768e-05,-2.7676e-05,-2.45229e-05,-1.99075e-05,-1.38038e-05,-6.18855e-06,2.93699e-06,1.35237e-05,2.54552e-05,3.85355e-05,5.2485e-05,6.69471e-05,8.15041e-05,9.57002e-05,0.000109069,0.000121161,0.00013157,0.000139955,0.00014605,0.000149669,0.000150705,0.00014912,0.000144931,0.000138196,0.000128998,0.000117438,0.000103626,8.76817e-05,6.97376e-05,4.99486e-05,2.85042e-05,5.64184e-06,-1.8339e-05,-4.30659e-05,-6.8086e-05,-9.2865e-05,-0.000116793,-0.000139201,-0.000159382,-0.000176626,-0.000190261,-0.000199692,-0.000204455,-0.000204252,-0.000198989,-0.000188799,-0.000174047,-0.000155322,-0.000133405,-0.000109226,-8.38089e-05,-5.75192e-05,-3.13529e-05,-7.28286e-06,1.3015e-05,2.82066e-05,3.73721e-05,4.01743e-05,3.69137e-05,2.84185e-05,1.57816e-05,0
0,9.89124e-06,1.77644e-05,2.27776e-05,2.40971e-05,2.10024e-05,1.30963e-05,4.33054e-07,-1.6464e-05,-3.66933e-05,-5.91199e-05,-8.23781e-05,-0.000104851,-0.000125895,-0.000145375,-0.000162414,-0.000176226,-0.000186157,-0.000191728,-0.000192657,-0.000188863,-0.000180471,-0.000167787,-0.000151276,-0.000131524,-0.000109204,-8.50372e-05,-5.97557e-05,-3.40757e-05,-8.67197e-06,1.58389e-05,3.89097e-05,6.00679e-05,7.89172e-05,9.51371e-05,0.000108481,0.000118775,0.000125918,0.000129885,0.000130727,0.000128577,0.000123651,0.00011625,0.000106749,9.55949e-05,8.32824e-05,7.03358e-05,5.72798e-05,4.46108e-05,3.27674e-05,2.21055e-05,1.28811e-05,5.24174e-06,-7.69205e-07,-5.19837e-06,-8.15797e-06,-9.7954e-06,-1.02608e-05,-9.67761e-06,-8.12007e-06,-5.60202e-06,-2.07784e-06,2.54394e-06,8.37681e-06,1.55259e-05,2.4056e-05,3.39626e-05,4.5151e-05,5.7426e-05,7.04946e-05,8.39795e-05,9.74437e-05,0.000110421,0.000122447,0.000133093,0.000141988,0.000148835,0.000153423,0.000155619,0.000155366,0.000152662,0.000147546,0.000140081,0.000130341,0.000118404,0.000104344,8.82434e-05,7.01958e-05,5.03238e-05,2.87954e-05,5.84187e-06,-1.82261e-05,-4.30063e-05,-6.79988e-05,-9.26089e-05,-0.000116159,-0.000137912,-0.000157104,-0.000172989,-0.000184883,-0.000192223,-0.000194609,-0.000191849,-0.000183988,-0.000171321,-0.000154388,-0.000133944,-0.000110919,-8.63569e-05,-6.05965e-05,-3.46328e-05,-1.0513e-05,1.00203e-05,2.55716e-05,3.51635e-05,3.84134e-05,3.55955e-05,2.75315e-05,1.53247e-05,0
0,9.40221e-06,1.69796e-05,2.18629e-05,2.32162e-05,2.02958e-05,1.26714e-05,3.67549e-07,-1.61076e-05,-3.58491e-05,-5.77011e-05,-8.02544e-05,-0.000101824,-0.000121759,-0.000139941,-0.00015547,-0.000167555,-0.000175561,-0.00017905,-0.000177798,-0.000171805,-0.000161284,-0.000146637,-0.000128421,-0.000107307,-8.40354e-05,-5.93732e-05,-3.40757e-05,-8.85522e-06,1.56418e-05,3.88496e-05,6.02898e-05,7.95713e-05,9.63864e-05,0.000110505,0.000121765,0.000130073,0.000135396,0.000137762,0.000137268,0.000134077,0.000128428,0.000120631,0.00011107,0.000100188,8.84743e-05,7.64412e-05,6.45946e-05,5.34029e-05,4.32661e-05,3.44889e-05,2.72619e-05,2.16541e-05,1.76185e-05,1.50111e-05,1.36208e-05,1.32081e-05,1.35449e-05,1.44521e-05,1.58278e-05,1.76628e-05,2.00392e-05,2.31148e-05,2.70927e-05,3.21828e-05,3.85606e-05,4.63289e-05,5.54889e-05,6.59235e-05,7.73967e-05,8.95668e-05,0.000102012,0.000114266,0.000125853,0.000136323,0.000145287,0.000152429,0.000157524,0.000160431,0.000161086,0.000159484,0.000155662,0.000149673,0.000141577,0.000131424,0.000119253,0.000105092,8.89722e-05,7.0943e-05,5.1091e-05,2.95647e-05,6.59501e-06,-1.74864e-05,-4.22355e-05,-6.7093e-05,-9.13933e-05,-0.000114385,-0.000135263,-0.000153215,-0.000167474,-0.000177373,-0.000182403,-0.000182264,-0.000176901,-0.000166522,-0.000151602,-0.000132856,-0.0001112,-8.76883e-05,-6.26235e-05,-3.69979e-05,-1.29364e-05,7.74467e-06,2.35782e-05,3.35182e-05,3.71276e-05,3.46493e-05,2.6899e-05,1.49965e-05,0
0,9.13129e-06,1.66393e-05,2.16031e-05,2.31696e-05,2.05599e-05,1.33056e-05,1.40645e-06,-1.46323e-05,-3.38853e-05,-5.5159e-05,-7.69866e-05,-9.7606e-05,-0.000116355,-0.000133141,-0.000147047,-0.000157289,-0.000163267,-0.000164595,-0.000161128,-0.000152959,-0.0001404,-0.000123956,-0.000104279,-8.2119e-05,-5.82729e-05,-3.35384e-05,-8.67197e-06,1.56418e-05,3.8811e-05,6.03463e-05,7.98619e-05,9.70682e-05,0.000111762,0.00012381,0.000133144,0.000139741,0.000143628,0.000144875,0.000143601,0.000139979,0.000134243,0.000126689,0.000117681,0.000107639,9.70277e-05,8.63318e-05,7.60301e-05,6.6561e-05,5.82895e-05,5.14775e-05,4.62627e-05,4.265e-05,4.05178e-05,3.96391e-05,3.97175e-05,4.04315e-05,4.14836e-05,4.26448e-05,4.37899e-05,4.4916e-05,4.6143e-05,4.76933e-05,4.98564e-05,5.29414e-05,5.72262e-05,6.29099e-05,7.00762e-05,7.86721e-05,8.85047e-05,9.92553e-05,0.000110509,0.000121791,0.000132615,0.000142518,0.000151098,0.000158036,0.000163108,0.000166183,0.000167212,0.000166205,0.000163214,0.000158301,0.000151524,0.000142919,0.000132493,0.000120229,0.000106094,9.00601e-05,7.21242e-05,5.234e-05,3.08427e-05,7.87476e-06,-1.61961e-05,-4.0868e-05,-6.55079e-05,-8.9369e-05,-0.000111622,-0.000131402,-0.00014786,-0.000160233,-0.000167899,-0.000170443,-0.000167697,-0.000159771,-0.000147057,-0.000130216,-0.000110135,-8.78676e-05,-6.36687e-05,-3.85236e-05,-1.4635e-05,6.1027e-06,2.21432e-05,3.23615e-05,3.62558e-05,3.40309e-05,2.64946e-05,1.47852e-05,0
0,9.06877e-06,1.67153e-05,2.19432e-05,2.38697e-05,2.16725e-05,1.48452e-05,3.37094e-06,-1.22327e-05,-3.10037e-05,-5.1695e-05,-7.27716e-05,-9.2389e-05,-0.000109876,-0.00012517,-0.000137352,-0.000145659,-0.000149536,-0.00014867,-0.000143006,-0.000132741,-0.000118296,-0.00010028,-7.94356e-05,-5.65824e-05,-3.25595e-05,-8.17441e-06,1.58389e-05,3.88496e-05,6.03463e-05,7.99407e-05,9.73605e-05,0.000112435,0.000125074,0.00013525,0.00014298,0.000148308,0.000151306,0.000152063,0.000150698,0.000147366,0.000142266,0.000135652,0.000127841,0.000119203,0.000110157,0.000101149,9.2625e-05,8.49942e-05,7.85961e-05,7.36656e-05,7.0308e-05,6.84867e-05,6.80279e-05,6.86431e-05,6.99681e-05,7.16143e-05,7.32247e-05,7.45281e-05,7.53803e-05,7.57878e-05,7.5908e-05,7.60267e-05,7.65151e-05,7.77733e-05,8.01689e-05,8.39812e-05,8.93564e-05,9.62837e-05,0.000104591,0.000113962,0.000123972,0.00013413,0.000143933,0.000152907,0.000160649,0.000166851,0.000171312,0.000173933,0.000174702,0.00017367,0.000170923,0.000166553,0.000160632,0.000153196,0.000144234,0.000133686,0.000121461,0.000107451,9.15596e-05,7.37356e-05,5.40057e-05,3.25063e-05,9.50945e-06,-1.45612e-05,-3.91268e-05,-6.3466e-05,-8.67435e-05,-0.000108055,-0.000126487,-0.00014118,-0.000151406,-0.000156628,-0.00015656,-0.000151199,-0.000140846,-0.00012609,-0.000107774,-8.69371e-05,-6.3776e-05,-3.92613e-05,-1.56707e-05,5.02321e-06,2.11902e-05,3.16182e-05,3.57316e-05,3.36882e-05,2.62834e-05,1.46742e-05,0
0,9.19598e-06,1.71631e-05,2.28079e-05,2.52087e-05,2.34957e-05,1.71288e-05,6.08613e-06,-9.08769e-06,-2.73783e-05,-4.74741e-05,-6.77647e-05,-8.6322e-05,-0.00010247,-0.000116187,-0.000126563,-0.000132872,-0.000134619,-0.000131578,-0.000123795,-0.000111576,-9.54571e-05,-7.61468e-05,-5.44705e-05,-3.13027e-05,-7.50511e-06,1.61277e-05,3.89097e-05,6.02898e-05,7.98619e-05,9.73605e-05,0.000112645,0.000125674,0.00013648,0.000145138,0.000151744,0.000156397,0.000159191,0.000160215,0.000159559,0.000157327,0.000153654,0.000148719,0.000142759,0.000136069,0.000129004,0.000121957,0.000115335,0.000109527,0.000104863,0.000101573,9.97584e-05,9.93712e-05,0.000100215,0.000101966,0.000104214,0.000106517,0.000108472,0.00010977,0.000110254,0.00010994,0.000109027,0.000107861,0.000106892,0.000106602,0.000107436,0.000109731,0.000113671,0.000119259,0.000126311,0.000134486,0.000143325,0.000152304,0.000160894,0.000168614,0.00017507,0.000179984,0.000183199,0.000184675,0.000184465,0.000182687,0.000179488,0.000175011,0.000169363,0.000162593,0.000154683,0.000145544,0.000135029,0.000122952,0.000109121,9.33742e-05,7.56192e-05,5.58725e-05,3.42934e-05,1.1208e-05,-1.28801e-05,-3.72961e-05,-6.12187e-05,-8.37238e-05,-0.000103844,-0.00012064,-0.000133277,-0.000141101,-0.000143702,-0.000140961,-0.000133072,-0.000120542,-0.000104156,-8.49219e-05,-6.29671e-05,-3.92382e-05,-1.6082e-05,4.45422e-06,2.06563e-05,3.12205e-05,3.54895e-05,3.35662e-05,2.62267e-05,1.46439e-05,0
0,9.48732e-06,1.79261e-05,2.41084e-05,2.70676e-05,2.58868e-05,1.99999e-05,9.39252e-06,-5.34973e-06,-2.31486e-05,-4.26206e-05,-6.20784e-05,-7.95122e-05,-9.42484e-05,-0.000106319,-0.000114837,-0.000119126,-0.000118766,-0.000113626,-0.000103863,-8.98974e-05,-7.23727e-05,-5.20923e-05,-2.99499e-05,-6.85709e-06,1.63241e-05,3.88365e-05,6.00679e-05,7.95713e-05,9.70682e-05,0.000112435,0.000125674,0.000136885,0.000146219,0.000153852,0.000159947,0.000164642,0.000168033,0.00017018,0.000171116,0.000170861,0.000169452,0.000166958,0.000163504,0.000159283,0.000154562,0.000149667,0.000144971,0.000140849,0.000137643,0.000135612,0.000134887,0.000135449,0.000137114,0.000139551,0.000142325,0.000144959,0.000147006,0.000148129,0.000148156,0.000147119,0.000145257,0.000142982,0.000140819,0.00013933,0.000139019,0.000140264,0.000143256,0.000147972,0.000154182,0.000161479,0.000169337,0.000177176,0.000184431,0.000190611,0.000195342,0.000198397,0.000199691,0.000199273,0.000197294,0.000193968,0.000189531,0.000184201,0.000178138,0.000171426,0.00016405,0.000155902,0.000146785,0.00013644,0.00012458,0.000110928,9.52655e-05,7.74787e-05,5.75999e-05,3.58404e-05,1.26093e-05,-1.14857e-05,-3.56581e-05,-5.89832e-05,-8.04577e-05,-9.90746e-05,-0.000113905,-0.000124183,-0.000129375,-0.00012924,-0.000123861,-0.00011365,-9.93207e-05,-8.18393e-05,-6.12485e-05,-3.84618e-05,-1.58861e-05,4.36432e-06,2.04956e-05,3.11123e-05,3.54709e-05,3.36121e-05,2.62854e-05,1.46739e-05,0
0,9.91265e-06,1.89406e-05,2.57493e-05,2.93247e-05,2.87078e-05,2.33158e-05,1.31538e-05,-1.1402e-06,-1.84171e-05,-3.72199e-05,-5.57868e-05,-7.20327e-05,-8.52958e-05,-9.56747e-05,-0.000102318,-0.000104613,-0.000102225,-9.51279e-05,-8.35885e-05,-6.81411e-05,-4.95302e-05,-2.864e-05,-6.41592e-06,1.6215e-05,3.84139e-05,5.94863e-05,7.89172e-05,9.63864e-05,0.000111762,0.000125074,0.00013648,0.000146219,0.000154564,0.000161776,0.000168079,0.000173625,0.000178493,0.000182687,0.000186151,0.000188792,0.00019051,0.000191231,0.000190933,0.000189675,0.000187611,0.000184993,0.000182153,0.000179473,0.000177335,0.000176063,0.000175867,0.0001768,0.00017873,0.000181353,0.000184228,0.000186849,0.000188733,0.000189507,0.000188984,0.000187213,0.000184477,0.000181262,0.000178179,0.000175864,0.000174878,0.000175617,0.000178246,0.000182675,0.000188577,0.000195434,0.00020261,0.000209435,0.000215292,0.000219677,0.000222252,0.000222859,0.000221522,0.000218412,0.000213814,0.000208073,0.000201543,0.00019454,0.000187302,0.000179958,0.000172514,0.00016485,0.000156728,0.000147822,0.000137747,0.000126115,0.000112575,9.6877e-05,7.89141e-05,5.87692e-05,3.67397e-05,1.33474e-05,-1.06761e-05,-3.44257e-05,-5.68815e-05,-7.69852e-05,-9.37277e-05,-0.000106239,-0.000113868,-0.000116255,-0.000113366,-0.00010551,-9.33217e-05,-7.77096e-05,-5.86217e-05,-3.69276e-05,-1.50834e-05,4.74051e-06,2.06799e-05,3.12524e-05,3.5628e-05,3.37798e-05,2.64232e-05,1.47443e-05,0
0,1.04397e-05,2.01404e-05,2.7635e-05,3.1864e-05,3.1833e-05,2.69536e-05,1.72609e-05,3.45175e-06,-1.32522e-05,-3.13239e-05,-4.89348e-05,-6.39337e-05,-7.56811e-05,-8.43543e-05,-8.91522e-05,-8.95337e-05,-8.52599e-05,-7.64082e-05,-6.33576e-05,-4.67469e-05,-2.74098e-05,-6.29488e-06,1.56219e-05,3.74204e-05,5.83095e-05,7.76802e-05,9.51371e-05,0.000110505,0.00012381,0.00013525,0.000145138,0.000153852,0.000161776,0.000169255,0.000176547,0.000183809,0.000191076,0.000198272,0.000205225,0.000211697,0.000217418,0.000222131,0.000225633,0.000227814,0.00022869,0.000228418,0.000227296,0.000225729,0.000224174,0.000223073,0.00022277,0.000223443,0.000225058,0.000227367,0.000229939,0.000232241,0.000233737,0.00023401,0.000232848,0.000230313,0.000226745,0.00022272,0.000218949,0.000216161,0.000214974,0.000215785,0.0002187,0.000223514,0.000229745,0.000236701,0.000243584,0.000249595,0.000254038,0.000256396,0.000256377,0.000253927,0.00024921,0.000242566,0.000234453,0.000225382,0.000215856,0.000206314,0.000197089,0.000188374,0.000180203,0.000172455,0.000164857,0.000157019,0.000148468,0.000138699,0.000127232,0.000113674,9.77732e-05,7.9473e-05,5.89456e-05,3.66099e-05,1.31242e-05,-1.06456e-05,-3.36827e-05,-5.48962e-05,-7.32127e-05,-8.76715e-05,-9.75158e-05,-0.000102267,-0.000101778,-9.62528e-05,-8.6235e-05,-7.25683e-05,-5.50942e-05,-3.46287e-05,-1.36654e-05,5.58349e-06,2.11966e-05,3.16148e-05,3.59252e-05,3.4032e-05,2.66094e-05,1.48377e-05,0
0,1.10362e-05,2.14613e-05,2.96758e-05,3.45804e-05,3.51546e-05,3.08146e-05,2.16326e-05,8.36628e-06,-7.69424e-06,-2.4961e-05,-4.155e-05,-5.52555e-05,-6.54711e-05,-7.24646e-05,-7.54953e-05,-7.41032e-05,-6.81456e-05,-5.78043e-05,-4.35621e-05,-2.61508e-05,-6.47705e-06,1.44667e-05,3.56958e-05,5.63209e-05,7.56209e-05,9.30938e-05,0.000108481,0.000121765,0.000133144,0.00014298,0.000151744,0.000159947,0.000168079,0.000176547,0.000185639,0.000195492,0.000206082,0.000217232,0.00022863,0.000239863,0.000250462,0.000259951,0.000267902,0.000273998,0.000278082,0.0002802,0.000280611,0.000279765,0.000278244,0.000276667,0.00027558,0.000275352,0.000276098,0.000277655,0.000279605,0.000281371,0.000282341,0.000282017,0.000280143,0.00027679,0.00027237,0.000267575,0.000263257,0.000260271,0.000259305,0.000260753,0.000264629,0.00027056,0.000277835,0.000285515,0.00029257,0.000298021,0.000301065,0.000301164,0.000298093,0.000291936,0.000283047,0.000271982,0.000259418,0.000246071,0.000232622,0.000219657,0.000207617,0.000196769,0.000187187,0.000178752,0.000171164,0.000163974,0.000156622,0.000148493,0.000138977,0.000127539,0.000113777,9.74897e-05,7.87129e-05,5.77494e-05,3.51681e-05,1.17775e-05,-1.14281e-05,-3.33447e-05,-5.28528e-05,-6.89177e-05,-8.0688e-05,-8.75785e-05,-8.93309e-05,-8.60439e-05,-7.81691e-05,-6.64754e-05,-5.06896e-05,-3.15658e-05,-1.16228e-05,6.90134e-06,2.20451e-05,3.21868e-05,3.63402e-05,3.43419e-05,2.68203e-05,1.49402e-05,0
0,1.1672e-05,2.28444e-05,3.17922e-05,3.73845e-05,3.85855e-05,3.48241e-05,2.62131e-05,1.35675e-05,-1.76405e-06,-1.81464e-05,-3.36548e-05,-4.60412e-05,-5.47426e-05,-6.01273e-05,-6.15231e-05,-5.8555e-05,-5.11753e-05,-3.96638e-05,-2.45951e-05,-6.77823e-06,1.28271e-05,3.32066e-05,5.339e-05,7.2541e-05,9.00292e-05,0.000105477,0.000118775,0.000130073,0.000139741,0.000148308,0.000156397,0.000164642,0.000173625,0.000183809,0.000195492,0.000208782,0.000223581,0.000239596,0.000256358,0.000273261,0.000289607,0.000304663,0.000317738,0.000328256,0.000335843,0.000340399,0.00034214,0.00034159,0.000339509,0.000336772,0.000334215,0.000332477,0.000331882,0.000332375,0.000333545,0.000334729,0.00033518,0.000334266,0.000331645,0.000327385,0.000321991,0.000316325,0.000311442,0.000308383,0.000307949,0.000310536,0.000316039,0.000323849,0.000332944,0.000342042,0.000349795,0.000354976,0.000356639,0.000354221,0.00034759,0.000337017,0.000323104,0.000306682,0.000288699,0.000270115,0.000251816,0.000234551,0.000218881,0.000205152,0.00019348,0.000183751,0.000175643,0.000168651,0.000162132,0.000155368,0.000147621,0.000138216,0.000126603,0.000112431,9.55954e-05,7.62721e-05,5.49276e-05,3.22969e-05,9.33395e-06,-1.28637e-05,-3.31498e-05,-5.0434e-05,-6.37859e-05,-7.25263e-05,-7.62952e-05,-7.509e-05,-6.92693e-05,-5.95224e-05,-4.5456e-05,-2.77553e-05,-8.9534e-06,8.70282e-06,2.32313e-05,3.29666e-05,3.68623e-05,3.46933e-05,2.70396e-05,1.50417e-05,0
0,1.23209e-05,2.42391e-05,3.39181e-05,4.02055e-05,4.20603e-05,3.89306e-05,3.09683e-05,1.90368e-05,4.52807e-06,-1.08928e-05,-2.52768e-05,-3.63466e-05,-4.3591e-05,-4.74862e-05,-4.74337e-05,-4.31428e-05,-3.46555e-05,-2.23382e-05,-6.84211e-06,1.09665e-05,3.00969e-05,4.95357e-05,6.83498e-05,8.57762e-05,0.000101292,0.000114657,0.000125918,0.000135396,0.000143628,0.000151306,0.000159191,0.000168033,0.000178493,0.000191076,0.000206082,0.000223581,0.000243395,0.000265109,0.000288094,0.000311535,0.000334488,0.000355933,0.000374864,0.000390386,0.000401841,0.000408934,0.00041182,0.000411125,0.000407859,0.000403256,0.000398556,0.000394773,0.000392504,0.000391828,0.000392309,0.000393125,0.000393297,0.000391959,0.000388616,0.000383313,0.00037668,0.000369827,0.00036412,0.000360883,0.000361108,0.000365221,0.000372969,0.000383435,0.000395175,0.000406447,0.000415471,0.000420688,0.000420962,0.000415707,0.000404918,0.00038912,0.000369243,0.000346466,0.000322066,0.000297285,0.000273235,0.000250836,0.000230769,0.000213456,0.000199053,0.000187451,0.000178303,0.000171052,0.000164979,0.000159265,0.000153055,0.000145538,0.000136019,0.000124,0.000109232,9.17607e-05,7.194e-05,5.04183e-05,2.80927e-05,6.03628e-06,-1.45977e-05,-3.26828e-05,-4.72281e-05,-5.74757e-05,-6.29761e-05,-6.36336e-05,-5.9717e-05,-5.18346e-05,-3.94698e-05,-2.32355e-05,-5.66869e-06,1.09914e-05,2.47634e-05,3.39593e-05,3.74905e-05,3.50798e-05,2.72591e-05,1.51363e-05,0
0,1.29611e-05,2.56051e-05,3.60026e-05,4.29914e-05,4.55349e-05,4.31027e-05,3.58804e-05,2.47654e-05,1.1174e-05,-3.21909e-06,-1.64576e-05,-2.6247e-05,-3.21348e-05,-3.4709e-05,-3.34461e-05,-2.81356e-05,-1.88989e-05,-6.17434e-06,9.32991e-06,2.67122e-05,4.49739e-05,6.31259e-05,8.02924e-05,9.58015e-05,0.000109251,0.000120542,0.000129885,0.000137762,0.000144875,0.000152063,0.000160215,0.00017018,0.000182687,0.000198272,0.000217232,0.000239596,0.000265109,0.000293244,0.000323214,0.000354005,0.000384419,0.000413126,0.000438752,0.000460001,0.000475832,0.000485666,0.000489564,0.000488282,0.000483177,0.00047598,0.000468487,0.000462222,0.000458148,0.000456494,0.000456741,0.000457787,0.000458258,0.000456902,0.000452958,0.000446413,0.000438069,0.000429407,0.000422261,0.000418408,0.00041915,0.000425,0.000435534,0.000449435,0.000464699,0.000478964,0.000489874,0.000495429,0.000494247,0.000485718,0.000470024,0.000448039,0.000421131,0.000390922,0.000359081,0.000327163,0.000296516,0.000268225,0.000243078,0.000221561,0.000203857,0.000189856,0.000179184,0.000171233,0.000165214,0.000160214,0.000155269,0.00014944,0.000141899,0.000132003,0.000119363,0.000103893,8.58272e-05,6.57193e-05,4.43957e-05,2.28877e-05,2.33695e-06,-1.61141e-05,-3.14338e-05,-4.28037e-05,-4.97e-05,-5.19453e-05,-4.97251e-05,-4.35686e-05,-3.28368e-05,-1.80689e-05,-1.79768e-06,1.37606e-05,2.66466e-05,3.51736e-05,3.82311e-05,3.55032e-05,2.74772e-05,1.52219e-05,0
0,1.35766e-05,2.6913e-05,3.80105e-05,4.57091e-05,4.8984e-05,4.73258e-05,4.09428e-05,3.07484e-05,1.8161e-05,4.84358e-06,-7.25746e-06,-1.58406e-05,-2.05161e-05,-2.19848e-05,-1.97955e-05,-1.38098e-05,-4.21466e-06,8.4982e-06,2.35855e-05,4.01337e-05,5.71599e-05,7.37207e-05,8.90163e-05,0.000102479,0.000113834,0.000123128,0.000130727,0.000137268,0.000143601,0.000150698,0.000159559,0.000171116,0.000186151,0.000205225,0.00022863,0.000256358,0.000288094,0.000323214,0.000360804,0.000399677,0.000438398,0.000475319,0.000508649,0.000536585,0.000557544,0.000570509,0.000575372,0.000573062,0.00056541,0.000554839,0.000543914,0.000534856,0.000529112,0.00052708,0.00052806,0.000530477,0.000532317,0.000531698,0.000527418,0.000519345,0.000508526,0.000496991,0.000487294,0.000481912,0.000482651,0.000490205,0.000503963,0.000522084,0.000541822,0.000559983,0.000573442,0.000579617,0.000576807,0.000564387,0.000542809,0.00051344,0.000478247,0.000439422,0.000399092,0.000359145,0.00032115,0.000286327,0.000255543,0.00022932,0.000207848,0.000191004,0.000178382,0.000169325,0.000162978,0.000158344,0.000154361,0.000149976,0.000144237,0.000136368,0.000125846,0.000112456,9.63133e-05,7.78688e-05,5.78681e-05,3.72866e-05,1.72359e-05,-1.1451e-06,-1.68044e-05,-2.88829e-05,-3.68e-05,-4.0311e-05,-3.95281e-05,-3.49067e-05,-2.56887e-05,-1.23413e-05,2.61181e-06,1.69912e-05,2.88804e-05,3.66179e-05,3.90942e-05,3.59713e-05,2.76981e-05,1.53e-05,0
0,1.41569e-05,2.81447e-05,3.9922e-05,4.83427e-05,5.23987e-05,5.1597e-05,4.61546e-05,3.6979e-05,2.54669e-05,1.32479e-05,2.24318e-06,-5.24713e-06,-8.89713e-06,-9.51765e-06,-6.72424e-06,-4.38359e-07,9.10454e-06,2.13804e-05,3.56343e-05,5.09651e-05,6.64285e-05,8.11464e-05,9.44098e-05,0.000105764,0.000115064,0.000122499,0.000128577,0.000134077,0.000139979,0.000147366,0.000157327,0.000170861,0.000188792,0.000211697,0.000239863,0.000273261,0.000311535,0.000354005,0.000399677,0.000447246,0.000495095,0.000541289,0.000583592,0.000619553,0.000646792,0.00066356,0.000669463,0.000665656,0.000654644,0.000639809,0.000624786,0.000612756,0.000605818,0.000604558,0.000607953,0.000613659,0.000618644,0.000620023,0.000615884,0.000605878,0.000591396,0.000575294,0.000561221,0.000552731,0.000552428,0.000561333,0.000578625,0.000601783,0.000627056,0.000650138,0.000666881,0.000673927,0.000669166,0.000651966,0.000623172,0.000584864,0.000539863,0.000491103,0.00044123,0.000392449,0.000346496,0.000304669,0.000267859,0.000236583,0.00021101,0.000190987,0.000176068,0.000165549,0.000158515,0.000153898,0.000150551,0.000147324,0.000143155,0.000137151,0.000128666,0.000117362,0.000103239,8.66431e-05,6.82316e-05,4.89116e-05,2.97492e-05,1.18604e-05,-3.70309e-06,-1.60621e-05,-2.45988e-05,-2.90174e-05,-2.93701e-05,-2.60466e-05,-1.8176e-05,-6.1584e-06,7.49441e-06,2.06509e-05,3.14562e-05,3.82979e-05,4.00918e-05,3.64959e-05,2.79302e-05,1.53745e-05,0
0,1.46968e-05,2.92922e-05,4.17309e-05,5.08905e-05,5.57822e-05,5.59215e-05,5.15162e-05,4.34446e-05,3.30572e-05,2.19299e-05,1.19451e-05,5.396e-06,2.54684e-06,2.48227e-06,5.52965e-06,1.17225e-05,2.07964e-05,3.2218e-05,4.5245e-05,5.90125e-05,7.26361e-05,8.532e-05,9.64569e-05,0.000105709,0.00011306,0.000118828,0.000123651,0.000128428,0.000134243,0.000142266,0.000153654,0.000169452,0.00019051,0.000217418,0.000250462,0.000289607,0.000334488,0.000384419,0.000438398,0.000495095,0.000552822,0.000609458,0.000662354,0.000708279,0.000743623,0.000765291,0.000772433,0.000766568,0.000751168,0.000730966,0.000711078,0.000696026,0.0006888,0.000690212,0.000698701,0.000710719,0.000721644,0.000727023,0.000723816,0.000711299,0.000691357,0.000668087,0.000646791,0.000632674,0.000629573,0.000639051,0.000660049,0.00068913,0.000721186,0.000750406,0.000771276,0.000779419,0.000772184,0.000748938,0.00071107,0.000661705,0.00060498,0.000544807,0.000484372,0.000426105,0.000371799,0.000322723,0.000279714,0.00024323,0.000213384,0.000189973,0.000172504,0.000160228,0.000152181,0.000147238,0.000144185,0.000141794,0.000138912,0.000134546,0.000127944,0.000118655,0.000106573,9.19387e-05,7.53182e-05,5.7541e-05,3.96132e-05,2.26105e-05,7.56407e-06,-4.64779e-06,-1.33905e-05,-1.8336e-05,-1.94909e-05,-1.71902e-05,-1.04598e-05,3.60522e-07,1.27706e-05,2.4695e-05,3.43567e-05,4.02152e-05,4.12349e-05,3.70906e-05,2.81844e-05,1.54514e-05,0
0,1.5196e-05,3.03567e-05,4.34423e-05,5.33623e-05,5.91466e-05,6.03083e-05,5.7026e-05,5.01245e-05,4.08846e-05,3.08101e-05,2.1734e-05,1.59403e-05,1.36359e-05,1.38099e-05,1.67448e-05,2.24463e-05,3.06424e-05,4.08143e-05,5.22566e-05,6.41635e-05,7.57295e-05,8.62548e-05,9.52412e-05,0.000102468,0.000108036,0.000112382,0.00011625,0.000120631,0.000126689,0.000135652,0.000148719,0.000166958,0.000191231,0.000222131,0.000259951,0.000304663,0.000355933,0.000413126,0.000475319,0.000541289,0.000609458,0.000677744,0.000743294,0.000802072,0.000848565,0.000876807,0.000885443,0.000876717,0.000855522,0.00082847,0.000802741,0.000784723,0.000778665,0.000785669,0.000803339,0.000826282,0.000847434,0.000859907,0.000858888,0.000843034,0.000814944,0.000780573,0.000747733,0.00072413,0.00071548,0.000724194,0.000748921,0.000784959,0.000825332,0.000862194,0.00088821,0.000897669,0.000887212,0.000856163,0.000806584,0.000743107,0.000672177,0.000598975,0.000527096,0.000458963,0.000396213,0.00033994,0.000290824,0.000249198,0.000215086,0.000188217,0.000168049,0.000153791,0.000144444,0.000138845,0.000135732,0.000133822,0.000131895,0.000128879,0.000123934,0.000116515,0.000106415,9.37799e-05,7.90809e-05,6.30642e-05,4.66643e-05,3.09006e-05,1.67645e-05,5.1124e-06,-3.42516e-06,-8.50702e-06,-1.01116e-05,-8.5318e-06,-2.70163e-06,7.08985e-06,1.83515e-05,2.90688e-05,3.75564e-05,4.23654e-05,4.25323e-05,3.77688e-05,2.84729e-05,1.55374e-05,0
0,1.56581e-05,3.13468e-05,4.50701e-05,5.57755e-05,6.25086e-05,6.4766e-05,6.26767e-05,5.69879e-05,4.8889e-05,3.97965e-05,3.14865e-05,2.62336e-05,2.41954e-05,2.42765e-05,2.67287e-05,3.1549e-05,3.84803e-05,4.70417e-05,5.65886e-05,6.63949e-05,7.57508e-05,8.4063e-05,9.0945e-05,9.62878e-05,0.0001003,0.000103512,0.000106749,0.00011107,0.000117681,0.000127841,0.000142759,0.000163504,0.000190933,0.000225633,0.000267902,0.000317738,0.000374864,0.000438752,0.000508649,0.000583592,0.000662354,0.000743294,0.000823924,0.000899934,0.000963211,0.00100025,0.00101039,0.000997489,0.000968476,0.000932509,0.000899592,0.000878736,0.000876002,0.000892925,0.000925872,0.000966673,0.00100454,0.00102882,0.00103196,0.00101158,0.000971326,0.000919961,0.000869095,0.000830217,0.000811872,0.000817748,0.000846079,0.000890363,0.000941018,0.000987424,0.00101985,0.00103088,0.00101626,0.000975134,0.000910113,0.000827679,0.000739289,0.000651465,0.000567631,0.000489704,0.000418851,0.000355798,0.000300966,0.000254508,0.000216325,0.000186071,0.000163156,0.000146763,0.000135871,0.000129299,0.000125765,0.000123955,0.000122607,0.000120597,0.000117018,0.000111248,0.000102997,9.23188e-05,7.95967e-05,6.54887e-05,5.08485e-05,3.66247e-05,2.37515e-05,1.30433e-05,5.10582e-06,2.73158e-07,-1.42239e-06,-2.46453e-07,4.94577e-06,1.39049e-05,2.41438e-05,3.37109e-05,4.10224e-05,4.47384e-05,4.39886e-05,3.85422e-05,2.88073e-05,1.56396e-05,0
0,1.60896e-05,3.22758e-05,4.66333e-05,5.81515e-05,6.58851e-05,6.92998e-05,6.84536e-05,6.39938e-05,5.69996e-05,4.87883e-05,4.10753e-05,3.61286e-05,3.40656e-05,3.37201e-05,3.53289e-05,3.89001e-05,4.42135e-05,5.08498e-05,5.82465e-05,6.57762e-05,7.28384e-05,7.89529e-05,8.38445e-05,8.75069e-05,9.02381e-05,9.26415e-05,9.55949e-05,0.000100188,0.000107639,0.000119203,0.000136069,0.000159283,0.000189675,0.000227814,0.000273998,0.000328256,0.000390386,0.000460001,0.000536585,0.000619553,0.000708279,0.000802072,0.000899934,0.000999488,0.0010921,0.00113935,0.00114993,0.00113065,0.00109094,0.00104317,0.00100114,0.000977588,0.000981238,0.00101436,0.00107158,0.00114058,0.00120492,0.0012482,0.00125853,0.00123191,0.00117351,0.00109633,0.00101775,0.000955,0.000920841,0.000920816,0.000952496,0.00100673,0.00107023,0.0011286,0.00116898,0.00118191,0.00116212,0.00110844,0.00102311,0.000912602,0.000802756,0.000699329,0.00060386,0.000516932,0.000438871,0.000369878,0.000310036,0.000259288,0.000217407,0.000183974,0.000158363,0.000139745,0.000127101,0.000119258,0.000114938,0.000112827,0.000111648,0.00011025,0.000107685,0.000103277,9.66659e-05,8.78294e-05,7.70642e-05,6.49403e-05,5.22237e-05,3.97806e-05,2.84718e-05,1.90508e-05,1.20786e-05,7.86243e-06,6.42701e-06,7.51866e-06,1.23465e-05,2.06886e-05,3.00547e-05,3.85556e-05,4.47156e-05,4.73178e-05,4.56037e-05,3.94193e-05,2.91978e-05,1.57644e-05,0
0,1.64983e-05,3.31596e-05,4.81532e-05,6.05112e-05,6.92898e-05,7.39078e-05,7.4332e-05,7.10902e-05,6.51363e-05,5.76802e-05,5.03756e-05,4.54893e-05,4.31099e-05,4.20143e-05,4.24415e-05,4.44302e-05,4.78186e-05,5.22703e-05,5.73249e-05,6.24696e-05,6.72234e-05,7.1223e-05,7.43001e-05,7.65393e-05,7.83081e-05,8.02562e-05,8.32824e-05,8.84743e-05,9.70277e-05,0.000110157,0.000129004,0.000154562,0.000187611,0.00022869,0.000278082,0.000335843,0.000401841,0.000475832,0.000557544,0.000646792,0.000743623,0.000848565,0.000963211,0.0010921,0.00125011,0.00129917,0.0013068,0.00127798,0.00122375,0.00116026,0.00110639,0.00108016,0.00109441,0.00115275,0.00124741,0.00136002,0.00146558,0.00153881,0.00156106,0.00152571,0.00144017,0.00132392,0.00120317,0.00110381,0.0010449,0.00103461,0.0010693,0.00113583,0.00121553,0.00128882,0.00133889,0.00135399,0.00132817,0.00126044,0.00115129,0.000990319,0.000856467,0.00073875,0.000633535,0.000539383,0.000455639,0.000381956,0.000318094,0.000263802,0.000218741,0.00018244,0.000154258,0.00013338,0.000118812,0.000109417,0.00010395,0.000101123,9.9676e-05,9.84591e-05,9.65091e-05,9.31171e-05,8.78746e-05,8.06934e-05,7.1793e-05,6.16561e-05,5.0957e-05,4.04696e-05,3.09672e-05,2.31257e-05,1.74424e-05,1.41787e-05,1.33339e-05,1.46506e-05,1.93871e-05,2.73359e-05,3.59956e-05,4.35358e-05,4.85921e-05,5.00811e-05,4.73718e-05,4.04042e-05,2.96517e-05,1.5917e-05,0
0,1.68928e-05,3.40146e-05,4.96499e-05,6.28722e-05,7.27296e-05,7.85784e-05,8.02762e-05,7.82148e-05,7.32118e-05,6.63654e-05,5.92701e-05,5.41982e-05,5.12216e-05,4.90758e-05,4.8018e-05,4.81366e-05,4.93481e-05,5.14183e-05,5.40058e-05,5.67253e-05,5.92224e-05,6.12512e-05,6.27432e-05,6.3859e-05,6.50142e-05,6.68771e-05,7.03358e-05,7.64412e-05,8.63318e-05,0.000101149,0.000121957,0.000149667,0.000184993,0.000228418,0.0002802,0.000340399,0.000408934,0.000485666,0.000570509,0.00066356,0.000765291,0.000876807,0.00100025,0.00113935,0.00129917,0.00135278,0.0013615,0.00133072,0.00127259,0.00120483,0.00114819,0.00112251,0.00114186,0.00121017,0.00131882,0.00144752,0.00156876,0.00165464,0.00168444,0.00165041,0.00156004,0.00143408,0.00130088,0.00118875,0.00111891,0.00110087,0.00113129,0.00119631,0.00127595,0.00134916,0.00139791,0.00140986,0.00137932,0.00130709,0.0012004,0.00103427,0.000891247,0.000765943,0.000654953,0.000556324,0.000468936,0.000392117,0.000325414,0.000268447,0.000220813,0.000182021,0.000151446,0.00012831,0.000111675,0.000100465,9.34964e-05,8.95371e-05,8.73726e-05,8.58822e-05,8.41141e-05,8.135e-05,7.71516e-05,7.13805e-05,6.41877e-05,5.59725e-05,4.73151e-05,3.88899e-05,3.1371e-05,2.53419e-05,2.12193e-05,1.92014e-05,1.92451e-05,2.10737e-05,2.59798e-05,3.37572e-05,4.18843e-05,4.8584e-05,5.26035e-05,5.29993e-05,4.92803e-05,4.14958e-05,3.01728e-05,1.61008e-05,0
0,1.72805e-05,3.4855e-05,5.1139e-05,6.52444e-05,7.62009e-05,8.32878e-05,8.6238e-05,8.52951e-05,8.11336e-05,7.47397e-05,6.76533e-05,6.21607e-05,5.8329e-05,5.48678e-05,5.20682e-05,5.00852e-05,4.89311e-05,4.84903e-05,4.8554e-05,4.88739e-05,4.92265e-05,4.94805e-05,4.96581e-05,4.99796e-05,5.08865e-05,5.30377e-05,5.72798e-05,6.45946e-05,7.60301e-05,9.2625e-05,0.000115335,0.000144971,0.000182153,0.000227296,0.000280611,0.00034214,0.00041182,0.000489564,0.000575372,0.000669463,0.000772433,0.000885443,0.00101039,0.00114993,0.0013068,0.0013615,0.00137659,0.00135684,0.00131344,0.00126281,0.00122417,0.00121588,0.0012508,0.00133215,0.00145138,0.00158902,0.00171887,0.00181425,0.00185488,0.00183224,0.0017519,0.00163208,0.00149879,0.00137896,0.00129378,0.00125403,0.00125852,0.00129584,0.00134835,0.00139693,0.00142521,0.00142223,0.00138354,0.00131109,0.00121238,0.00105027,0.000907236,0.000780641,0.00066813,0.000568011,0.000479157,0.000400825,0.000332494,0.000273742,0.000224157,0.000183266,0.000150492,0.000125121,0.000106296,9.30269e-05,8.42189e-05,7.87224e-05,7.53948e-05,7.31717e-05,7.11375e-05,6.85878e-05,6.5074e-05,6.04225e-05,5.47266e-05,4.83071e-05,4.165e-05,3.53254e-05,2.98993e-05,2.58504e-05,2.35004e-05,2.2969e-05,2.41554e-05,2.67492e-05,3.20627e-05,3.98785e-05,4.76457e-05,5.36331e-05,5.66969e-05,5.60366e-05,5.13095e-05,4.26863e-05,3.07604e-05,1.63171e-05,0
0,1.76673e-05,3.56908e-05,5.26294e-05,6.76279e-05,7.96877e-05,8.79982e-05,9.21561e-05,9.22489e-05,8.88054e-05,8.27032e-05,7.54345e-05,6.93079e-05,6.43981e-05,5.94028e-05,5.4661e-05,5.0409e-05,4.67694e-05,4.37579e-05,4.13082e-05,3.93151e-05,3.76867e-05,3.64021e-05,3.55626e-05,3.54319e-05,3.64549e-05,3.92558e-05,4.46108e-05,5.34029e-05,6.6561e-05,8.49942e-05,0.000109527,0.000140849,0.000179473,0.000225729,0.000279765,0.00034159,0.000411125,0.000488282,0.000573062,0.000665656,0.000766568,0.000876717,0.000997489,0.00113065,0.00127798,0.00133072,0.00135684,0.00135992,0.00134851,0.00133524,0.00133497,0.0013618,0.00142533,0.00152732,0.00165998,0.00180667,0.0019451,0.00205215,0.00210916,0.0021065,0.00204605,0.00194087,0.00181185,0.00168229,0.00157225,0.00149409,0.00145046,0.00143501,0.0014354,0.00143727,0.0014281,0.00139979,0.00134976,0.00128064,0.00119906,0.00104619,0.000908752,0.000785432,0.000674826,0.000575752,0.000487325,0.000408905,0.000340017,0.00028027,0.00022929,0.000186658,0.000151865,0.000124286,0.000103164,8.76157e-05,7.66576e-05,6.92454e-05,6.43323e-05,6.09333e-05,5.81925e-05,5.54402e-05,5.22358e-05,4.83861e-05,4.39367e-05,3.91369e-05,3.43804e-05,3.01302e-05,2.68383e-05,2.48689e-05,2.44379e-05,2.55732e-05,2.81035e-05,3.16724e-05,3.75982e-05,4.56407e-05,5.32109e-05,5.86156e-05,6.08144e-05,5.91494e-05,5.34314e-05,4.39609e-05,3.14086e-05,1.65644e-05,0
0,1.80561e-05,3.65266e-05,5.41209e-05,7.00107e-05,8.31596e-05,9.26572e-05,9.79564e-05,9.89854e-05,9.61293e-05,9.01631e-05,8.25399e-05,7.55987e-05,6.94329e-05,6.27412e-05,5.59217e-05,4.93039e-05,4.31311e-05,3.75588e-05,3.26697e-05,2.85036e-05,2.50985e-05,2.25364e-05,2.09869e-05,2.07402e-05,2.22249e-05,2.60067e-05,3.27674e-05,4.32661e-05,5.82895e-05,7.85961e-05,0.000104863,0.000137643,0.000177335,0.000224174,0.000278244,0.000339509,0.000407859,0.000483177,0.00056541,0.000654644,0.000751168,0.000855522,0.000968476,0.00109094,0.00122375,0.00127259,0.00131344,0.00134851,0.00138275,0.0014235,0.00147951,0.00155904,0.00166746,0.00180483,0.00196458,0.00213361,0.0022939,0.00242534,0.00250943,0.00253346,0.00249412,0.00239889,0.00226397,0.00210994,0.00195666,0.00181911,0.00170501,0.00161458,0.00154237,0.00148026,0.00142072,0.00135918,0.001295,0.00123106,0.0011723,0.00103138,0.000902294,0.000784718,0.000678049,0.000581638,0.000494913,0.000417405,0.000348738,0.000288589,0.000236642,0.000192547,0.000155878,0.00012611,0.000102598,8.45822e-05,7.12043e-05,6.15433e-05,5.46667e-05,4.9689e-05,4.58324e-05,4.24807e-05,3.92175e-05,3.58436e-05,3.23681e-05,2.89757e-05,2.59711e-05,2.37105e-05,2.25283e-05,2.26688e-05,2.42335e-05,2.71497e-05,3.11652e-05,3.58674e-05,4.25688e-05,5.09966e-05,5.85155e-05,6.34621e-05,6.48918e-05,6.2286e-05,5.5609e-05,4.52973e-05,3.2106e-05,1.68383e-05,0
0,1.84465e-05,3.73602e-05,5.56031e-05,7.23675e-05,8.65712e-05,9.71974e-05,0.000103552,0.000105406,0.000103007,9.70347e-05,8.89133e-05,8.10195e-05,7.34743e-05,6.4988e-05,5.6027e-05,4.70212e-05,3.83407e-05,3.02855e-05,2.30885e-05,1.69334e-05,1.19832e-05,8.41472e-06,6.45357e-06,6.40181e-06,8.6543e-06,1.36997e-05,2.21055e-05,3.44889e-05,5.14775e-05,7.36656e-05,0.000101573,0.000135612,0.000176063,0.000223073,0.000276667,0.000336772,0.000403256,0.00047598,0.000554839,0.000639809,0.000730966,0.00082847,0.000932509,0.00104317,0.00116026,0.00120483,0.00126281,0.00133524,0.0014235,0.00152952,0.00165585,0.00180515,0.00197906,0.00217662,0.0023928,0.00261726,0.00283369,0.00302032,0.00315281,0.00321006,0.00318159,0.00307203,0.00289869,0.00268531,0.00245581,0.00223,0.00202133,0.00183646,0.00167647,0.0015391,0.00142141,0.00132188,0.00124122,0.00118183,0.00114633,0.00101642,0.000895408,0.000783733,0.000681379,0.000588093,0.00050354,0.00042739,0.00035934,0.00029912,0.000246463,0.000201081,0.00016263,0.000130682,0.000104709,8.40796e-05,6.80691e-05,5.58914e-05,4.67411e-05,3.98458e-05,3.4521e-05,3.02177e-05,2.65575e-05,2.33469e-05,2.05685e-05,1.83497e-05,1.69111e-05,1.65047e-05,1.73468e-05,1.95597e-05,2.31263e-05,2.78679e-05,3.34447e-05,3.93804e-05,4.69725e-05,5.59074e-05,6.34976e-05,6.81003e-05,6.88585e-05,6.53853e-05,5.77963e-05,4.66647e-05,3.28353e-05,1.71316e-05,0
0,1.88347e-05,3.8182e-05,5.70552e-05,7.466e-05,8.98627e-05,0.000101538,0.000108846,0.000111408,0.000109341,0.000103243,9.45166e-05,8.55825e-05,7.65962e-05,6.62879e-05,5.5197e-05,4.38572e-05,3.27672e-05,2.23705e-05,1.30477e-05,5.12103e-06,-1.12881e-06,-5.43948e-06,-7.5407e-06,-7.13121e-06,-3.86348e-06,2.66047e-06,1.28811e-05,2.72619e-05,4.62627e-05,7.0308e-05,9.97584e-05,0.000134887,0.000175867,0.00022277,0.00027558,0.000334215,0.000398556,0.000468487,0.000543914,0.000624786,0.000711078,0.000802741,0.000899592,0.00100114,0.00110639,0.00114819,0.00122417,0.00133497,0.00147951,0.00165585,0.00186236,0.00209845,0.00236453,0.00266071,0.00298428,0.00332594,0.00366555,0.00396958,0.00419399,0.0042961,0.00425328,0.00407536,0.00379599,0.00345641,0.00309376,0.00273633,0.00240304,0.0021047,0.00184599,0.00162772,0.00144924,0.00131019,0.00121116,0.00115307,0.00113578,0.00101176,0.000895425,0.000787523,0.000688215,0.000597345,0.000514616,0.000439693,0.000372258,0.000312028,0.000258746,0.000212154,0.000171968,0.000137849,0.000109376,8.60432e-05,6.72626e-05,5.2386e-05,4.07414e-05,3.16777e-05,2.46123e-05,1.90736e-05,1.47305e-05,1.14047e-05,9.0607e-06,7.7757e-06,7.69273e-06,8.96352e-06,1.169e-05,1.58735e-05,2.13787e-05,2.79193e-05,3.50654e-05,4.2273e-05,5.08176e-05,6.03396e-05,6.80949e-05,7.24536e-05,7.26359e-05,6.83775e-05,5.99381e-05,4.80246e-05,3.35738e-05,1.7434e-05,0
0,1.92131e-05,3.89757e-05,5.8446e-05,7.68375e-05,9.29619e-05,0.000105586,0.000113734,0.000116883,0.000115038,0.000108723,9.93284e-05,8.93229e-05,7.89007e-05,6.68168e-05,5.36848e-05,4.01409e-05,2.68089e-05,1.42702e-05,3.04551e-06,-6.4127e-06,-1.37159e-05,-1.85266e-05,-2.05398e-05,-1.9465e-05,-1.50108e-05,-6.87775e-06,5.24174e-06,2.16541e-05,4.265e-05,6.84867e-05,9.93712e-05,0.000135449,0.0001768,0.000223443,0.000275352,0.000332477,0.000394773,0.000462222,0.000534856,0.000612756,0.000696026,0.000784723,0.000878736,0.000977588,0.00108016,0.00112251,0.00121588,0.0013618,0.00155904,0.00180515,0.00209845,0.00243987,0.00283349,0.00328502,0.00379708,0.00436105,0.00494618,0.00548994,0.00589942,0.00607653,0.00596981,0.00561531,0.00509991,0.00451252,0.00391952,0.0033618,0.00286089,0.00242592,0.00205882,0.00175783,0.00151996,0.00134258,0.00122376,0.00116158,0.0011528,0.00102574,0.000908056,0.000799914,0.000701039,0.000610923,0.00052899,0.000454688,0.000387534,0.000327134,0.000273169,0.000225367,0.00018347,0.000147204,0.000116241,9.01912e-05,6.85962e-05,5.09432e-05,3.66934e-05,2.53187e-05,1.63417e-05,9.37238e-06,4.13282e-06,4.65746e-07,-1.67588e-06,-2.25785e-06,-1.20812e-06,1.53173e-06,5.9553e-06,1.19485e-05,1.92624e-05,2.75059e-05,3.61605e-05,4.46146e-05,5.41174e-05,6.42611e-05,7.22436e-05,7.64405e-05,7.61386e-05,7.11843e-05,6.19706e-05,4.93315e-05,3.42931e-05,1.77326e-05,0
0,1.95712e-05,3.97186e-05,5.97364e-05,7.88399e-05,9.57869e-05,0.000109243,0.000118106,0.000121727,0.000120009,0.00011342,0.000103343,9.22948e-05,8.05107e-05,6.67724e-05,5.17642e-05,3.62191e-05,2.08769e-05,6.44687e-06,-6.42219e-06,-1.71599e-05,-2.52815e-05,-3.03848e-05,-3.21391e-05,-3.02708e-05,-2.45492e-05,-1.47739e-05,-7.69205e-07,1.76185e-05,4.05178e-05,6.80279e-05,0.000100215,0.000137114,0.00017873,0.000225058,0.000276098,0.000331882,0.000392504,0.000458148,0.000529112,0.000605818,0.0006888,0.000778665,0.000876002,0.000981238,0.00109441,0.00114186,0.0012508,0.00142533,0.00166746,0.00197906,0.00236453,0.00283349,0.00340192,0.00409021,0.00491589,0.00587856,0.00693534,0.00797094,0.00878188,0.00912022,0.00884316,0.0080799,0.00706825,0.00600768,0.00501671,0.0041476,0.00341338,0.0028085,0.00232052,0.0019358,0.00164201,0.0014292,0.00128961,0.00121675,0.00120411,0.00106275,0.000936106,0.000822635,0.000720819,0.000629251,0.000546696,0.000472126,0.000404723,0.000343862,0.00028908,0.000240035,0.000196459,0.000158111,0.000124738,9.60488e-05,7.17037e-05,5.13169e-05,3.4476e-05,2.07712e-05,9.82822e-06,1.33756e-06,-4.92482e-06,-9.09222e-06,-1.12188e-05,-1.13071e-05,-9.34864e-06,-5.36953e-06,5.24726e-07,8.11413e-06,1.70447e-05,2.68283e-05,3.68639e-05,4.64755e-05,5.68859e-05,6.76395e-05,7.58773e-05,7.99752e-05,7.92753e-05,7.37207e-05,6.38236e-05,5.05337e-05,3.49611e-05,1.80122e-05,0
0,1.98957e-05,4.03838e-05,6.08807e-05,8.06008e-05,9.82505e-05,0.000112406,0.000121853,0.000125836,0.000124175,0.00011729,0.000106565,9.45651e-05,8.15616e-05,6.63622e-05,4.97151e-05,3.24392e-05,1.53771e-05,-6.50225e-07,-1.48813e-05,-2.66432e-05,-3.53687e-05,-4.06014e-05,-4.1992e-05,-3.92871e-05,-3.23148e-05,-2.09696e-05,-5.19837e-06,1.50111e-05,3.96391e-05,6.86431e-05,0.000101966,0.000139551,0.000181353,0.000227367,0.000277655,0.000332375,0.000391828,0.000456494,0.00052708,0.000604558,0.000690212,0.000785669,0.000892925,0.00101436,0.00115275,0.00121017,0.00133215,0.00152732,0.00180483,0.00217662,0.00266071,0.00328502,0.00409021,0.00512941,0.00646063,0.00812407,0.0100922,0.0121828,0.0139561,0.0147272,0.0139918,0.0122459,0.010168,0.00819513,0.00651163,0.00515158,0.00408404,0.00325992,0.00263181,0.00216008,0.00181354,0.00156855,0.0014076,0.00131767,0.00128879,0.0011218,0.000978636,0.000854796,0.000746691,0.00065146,0.000566843,0.000491091,0.000422883,0.000361254,0.000305525,0.00025523,0.00021005,0.000169753,0.000134136,0.000102992,7.60812e-05,5.31325e-05,3.38483e-05,1.7927e-05,5.08876e-06,-4.90103e-06,-1.22161e-05,-1.69665e-05,-1.92112e-05,-1.89846e-05,-1.63333e-05,-1.13577e-05,-4.25014e-06,4.67649e-06,1.49762e-05,2.6076e-05,3.73021e-05,4.7922e-05,5.91343e-05,7.04403e-05,7.89278e-05,8.29693e-05,8.19513e-05,7.58977e-05,6.54225e-05,5.1576e-05,3.55424e-05,1.82562e-05,0
0,2.01723e-05,4.09415e-05,6.18308e-05,8.20512e-05,0.000100265,0.000114973,0.000124871,0.000129117,0.000127465,0.0001203,0.000109012,9.62078e-05,8.21914e-05,6.57913e-05,4.78083e-05,2.91322e-05,1.06901e-05,-6.60464e-06,-2.1898e-05,-3.44327e-05,-4.35739e-05,-4.88217e-05,-4.98133e-05,-4.63153e-05,-3.82087e-05,-2.54715e-05,-8.15797e-06,1.36208e-05,3.97175e-05,6.99681e-05,0.000104214,0.000142325,0.000184228,0.000229939,0.000279605,0.000333545,0.000392309,0.000456741,0.00052806,0.000607953,0.000698701,0.000803339,0.000925872,0.00107158,0.00124741,0.00131882,0.00145138,0.00165998,0.00196458,0.0023928,0.00298428,0.00379708,0.00491589,0.00646063,0.0085901,0.0114844,0.0152667,0.0197844,0.0241673,0.0263708,0.0241678,0.0197844,0.0152638,0.0114762,0.00857474,0.00643924,0.00489331,0.00378166,0.00298583,0.00241969,0.00202136,0.00174654,0.00156393,0.00145215,0.00139756,0.00119626,0.00103087,0.000892892,0.000776,0.000675454,0.000587695,0.000510076,0.000440658,0.000378061,0.000321335,0.000269855,0.000223228,0.000181204,0.000143612,0.00011031,8.11425e-05,5.59353e-05,3.44897e-05,1.65975e-05,2.06032e-06,-9.29246e-06,-1.75918e-05,-2.29287e-05,-2.53668e-05,-2.49678e-05,-2.18252e-05,-1.61016e-05,-8.06155e-06,1.90577e-06,1.32792e-05,2.5417e-05,3.75867e-05,4.90106e-05,6.08687e-05,7.26268e-05,8.13265e-05,8.5335e-05,8.40724e-05,7.76264e-05,6.66924e-05,5.24021e-05,3.60011e-05,1.84474e-05,0
0,2.03861e-05,4.13618e-05,6.2539e-05,8.31249e-05,0.000101748,0.000116852,0.000127065,0.000131485,0.000129817,0.000122425,0.000110704,9.72963e-05,8.25305e-05,6.52482e-05,4.62889e-05,2.65939e-05,7.15273e-06,-1.10521e-05,-2.70972e-05,-4.01614e-05,-4.95584e-05,-5.47553e-05,-5.53795e-05,-5.12137e-05,-4.21818e-05,-2.83287e-05,-9.7954e-06,1.32081e-05,4.04315e-05,7.16143e-05,0.000106517,0.000144959,0.000186849,0.000232241,0.000281371,0.000334729,0.000393125,0.000457787,0.000530477,0.000613659,0.000710719,0.000826282,0.000966673,0.00114058,0.00136002,0.00144752,0.00158902,0.00180667,0.00213361,0.00261726,0.00332594,0.00436105,0.00587856,0.00812407,0.0114844,0.0165431,0.0240629,0.0346128,0.0470757,0.055165,0.0470394,0.0345465,0.0239773,0.0164516,0.0114002,0.00805923,0.00584289,0.00436137,0.00336528,0.0026942,0.00224236,0.0019384,0.00173416,0.00159851,0.00151405,0.00127484,0.00108497,0.000931391,0.000804753,0.000698255,0.000606939,0.000527201,0.000456454,0.000392881,0.00033525,0.000282767,0.000234949,0.000191522,0.00015233,0.00011728,8.6284e-05,5.92457e-05,3.60459e-05,1.65516e-05,6.28328e-07,-1.18452e-05,-2.09684e-05,-2.68201e-05,-2.94702e-05,-2.90045e-05,-2.55547e-05,-1.93323e-05,-1.06569e-05,2.51382e-08,1.21378e-05,2.49902e-05,3.7809e-05,4.97851e-05,6.20892e-05,7.41613e-05,8.30073e-05,8.69889e-05,8.55496e-05,7.88224e-05,6.75618e-05,5.29584e-05,3.63024e-05,1.85692e-05,0
0,2.05234e-05,4.16171e-05,6.29621e-05,8.37628e-05,0.000102626,0.000117962,0.000128357,0.000132872,0.000131185,0.000123649,0.000111664,9.78964e-05,8.26911e-05,6.48924e-05,4.53607e-05,2.50674e-05,5.03924e-06,-1.36989e-05,-3.01794e-05,-4.35398e-05,-5.30592e-05,-5.81818e-05,-5.85276e-05,-5.38891e-05,-4.42192e-05,-2.96091e-05,-1.02608e-05,1.35449e-05,4.14836e-05,7.32247e-05,0.000108472,0.000147006,0.000188733,0.000233737,0.000282341,0.00033518,0.000393297,0.000458258,0.000532317,0.000618644,0.000721644,0.000847434,0.00100454,0.00120492,0.00146558,0.00156876,0.00171887,0.0019451,0.0022939,0.00283369,0.00366555,0.00494618,0.00693534,0.0100922,0.0152667,0.0240629,0.0394199,0.0659285,0.10658,0.144243,0.106512,0.0658059,0.0392641,0.0239007,0.0151246,0.00999189,0.00689098,0.00496299,0.00374007,0.00295523,0.00244715,0.00211346,0.00188803,0.00172992,0.00161798,0.00134386,0.00113159,0.000963849,0.000828405,0.000716565,0.000622092,0.000540519,0.000468675,0.000404355,0.000346079,0.0002929,0.000244258,0.000199849,0.000159531,0.000123244,9.09522e-05,6.26168e-05,3.81774e-05,1.75541e-05,6.56399e-07,-1.26057e-05,-2.23141e-05,-2.85442e-05,-3.13761e-05,-3.09163e-05,-2.7326e-05,-2.08512e-05,-1.18481e-05,-7.98537e-07,1.16896e-05,2.48986e-05,3.80344e-05,5.02739e-05,6.27888e-05,7.50068e-05,8.39102e-05,8.78567e-05,8.6304e-05,7.94115e-05,6.79675e-05,5.31969e-05,3.64153e-05,1.86068e-05,0
0,2.05725e-05,4.16845e-05,6.30646e-05,8.39175e-05,0.000102844,0.000118241,0.000128686,0.000133227,0.000131536,0.000123961,0.000111909,9.80594e-05,8.27579e-05,6.48415e-05,4.51725e-05,2.4728e-05,4.54493e-06,-1.43378e-05,-3.09358e-05,-4.43683e-05,-5.38977e-05,-5.89552e-05,-5.9154e-05,-5.42891e-05,-4.43254e-05,-2.93768e-05,-9.67761e-06,1.44521e-05,4.26448e-05,7.45281e-05,0.00010977,0.000148129,0.000189507,0.00023401,0.000282017,0.000334266,0.000391959,0.000456902,0.000531698,0.000620023,0.000727023,0.000859907,0.00102882,0.0012482,0.00153881,0.00165464,0.00181425,0.00205215,0.00242534,0.00302032,0.00396958,0.00548994,0.00797094,0.0121828,0.0197844,0.0346128,0.0659285,0.135408,0.282188,0.49425,0.2821,0.13525,0.0657277,0.0344056,0.0196059,0.0120609,0.00792247,0.00551861,0.00406718,0.00316984,0.00260534,0.00224146,0.00199623,0.00182045,0.0016897,0.00139025,0.001162,0.000984306,0.000842824,0.000727443,0.000630988,0.000548365,0.000475985,0.000411367,0.000352856,0.000299402,0.000250392,0.000205507,0.000164614,0.00012768,9.4705e-05,6.56873e-05,4.06028e-05,1.94013e-05,2.0137e-06,-1.16385e-05,-2.16357e-05,-2.80604e-05,-3.10068e-05,-3.05999e-05,-2.70215e-05,-2.05369e-05,-1.15189e-05,-4.61815e-07,1.20192e-05,2.52039e-05,3.83e-05,5.04884e-05,6.29548e-05,7.51292e-05,8.39848e-05,8.78784e-05,8.62725e-05,7.9334e-05,6.78591e-05,5.30796e-05,3.6315e-05,1.85481e-05,0
0,2.05251e-05,4.1548e-05,6.28225e-05,8.35569e-05,0.000102362,0.000117651,0.000128015,0.00013252,0.00013085,0.000123358,0.000111454,9.78164e-05,8.27805e-05,6.51623e-05,4.58063e-05,2.56703e-05,5.77327e-06,-1.28613e-05,-2.92598e-05,-4.25475e-05,-5.19874e-05,-5.70073e-05,-5.72144e-05,-5.23966e-05,-4.25134e-05,-2.7676e-05,-8.12007e-06,1.58278e-05,4.37899e-05,7.53803e-05,0.000110254,0.000148156,0.000188984,0.000232848,0.000280143,0.000331645,0.000388616,0.000452958,0.000527418,0.000615884,0.000723816,0.000858888,0.00103196,0.00125853,0.00156106,0.00168444,0.00185488,0.00210916,0.00250943,0.00315281,0.00419399,0.00589942,0.00878188,0.0139561,0.0241673,0.0470757,0.10658,0.282188,0.824356,2.18982,0.824263,0.282019,0.106366,0.0468566,0.0239799,0.01383,0.0087336,0.00593137,0.00429599,0.00330609,0.00269166,0.00229933,0.00203724,0.00185134,0.0017149,0.00140468,0.00117002,0.00098866,0.000845221,0.00072894,0.000632217,0.000549674,0.000477539,0.000413216,0.00035498,0.000301743,0.000252878,0.000208072,0.000167204,0.00013026,9.72608e-05,6.82226e-05,4.31333e-05,2.19484e-05,4.5964e-06,-9.01067e-06,-1.89682e-05,-2.53771e-05,-2.83501e-05,-2.80285e-05,-2.46049e-05,-1.8349e-05,-9.62962e-06,1.0705e-06,1.31542e-05,2.59239e-05,3.86118e-05,5.04227e-05,6.25693e-05,7.45002e-05,8.31945e-05,8.70123e-05,8.54127e-05,7.85504e-05,6.7203e-05,5.2581e-05,3.5985e-05,1.83854e-05,0
0,2.03773e-05,4.12001e-05,6.22247e-05,8.26678e-05,0.000101167,0.000116175,0.000126331,0.000130742,0.000129122,0.000121839,0.000110302,9.71745e-05,8.27674e-05,6.58639e-05,4.72702e-05,2.79005e-05,8.72748e-06,-9.26944e-06,-2.51552e-05,-3.80846e-05,-4.73387e-05,-5.23515e-05,-5.27242e-05,-4.82287e-05,-3.88006e-05,-2.45229e-05,-5.60202e-06,1.76628e-05,4.4916e-05,7.57878e-05,0.00010994,0.000147119,0.000187213,0.000230313,0.00027679,0.000327385,0.000383313,0.000446413,0.000519345,0.000605878,0.000711299,0.000843034,0.00101158,0.00123191,0.00152571,0.00165041,0.00183224,0.0021065,0.00253346,0.00321006,0.0042961,0.00607653,0.00912022,0.0147272,0.0263708,0.055165,0.144243,0.49425,2.18982,11.8173,2.18973,0.494097,0.144051,0.054969,0.0262039,0.0146148,0.00907612,0.00610194,0.00438196,0.00334091,0.00269186,0.00227666,0.00200266,0.00181572,0.00168823,0.00138389,0.00115365,0.000975656,0.000834806,0.000720548,0.000625434,0.000544196,0.000473143,0.000409738,0.000352302,0.000299786,0.00025159,0.000207426,0.000167191,0.000130883,9.85283e-05,7.01395e-05,4.56935e-05,2.51263e-05,8.34042e-06,-4.78223e-06,-1.43686e-05,-2.05485e-05,-2.34577e-05,-2.32509e-05,-2.01224e-05,-1.43302e-05,-6.21923e-06,3.76323e-06,1.50632e-05,2.70307e-05,3.89451e-05,5.00542e-05,6.16113e-05,7.30992e-05,8.15192e-05,8.52391e-05,8.37064e-05,7.70446e-05,6.59858e-05,5.16911e-05,3.54189e-05,1.81155e-05,0
0,2.01296e-05,4.06427e-05,6.12755e-05,8.12567e-05,9.92674e-05,0.000113827,0.000123649,0.000127906,0.000126363,0.000119409,0.000108447,9.61151e-05,8.26847e-05,6.68951e-05,4.94957e-05,3.13331e-05,1.33076e-05,-3.67312e-06,-1.87389e-05,-3.10965e-05,-4.00622e-05,-4.50852e-05,-4.57614e-05,-4.18381e-05,-3.321e-05,-1.99075e-05,-2.07784e-06,2.00392e-05,4.6143e-05,7.5908e-05,0.000109027,0.000145257,0.000184477,0.000226745,0.00027237,0.000321991,0.00037668,0.000438069,0.000508526,0.000591396,0.000691357,0.000814944,0.000971326,0.00117351,0.00144017,0.00156004,0.0017519,0.00204605,0.00249412,0.00318159,0.00425328,0.00596981,0.00884316,0.0139918,0.0241678,0.0470394,0.106512,0.2821,0.824263,2.18973,0.824201,0.281989,0.106373,0.0468976,0.0240471,0.0139093,0.00880714,0.00598069,0.00430585,0.00326812,0.00260681,0.00217845,0.00189946,0.0017205,0.00161482,0.00133154,0.00111555,0.000947242,0.000813019,0.000703345,0.000611459,0.000532566,0.000463297,0.000401337,0.000345157,0.00029381,0.000246764,0.000203769,0.000164743,0.000129686,9.86135e-05,7.15126e-05,4.83255e-05,2.89447e-05,1.32241e-05,9.95823e-07,-7.91376e-06,-1.3673e-05,-1.64439e-05,-1.63913e-05,-1.37014e-05,-8.60558e-06,-1.40474e-06,7.51173e-06,1.76571e-05,2.84523e-05,3.92453e-05,4.93452e-05,6.00578e-05,7.09158e-05,7.89582e-05,8.25643e-05,8.11624e-05,7.48261e-05,6.42164e-05,5.0417e-05,3.46215e-05,1.7741e-05,0
0,1.97874e-05,3.98876e-05,5.99937e-05,7.93505e-05,9.66982e-05,0.000110646,0.000120007,0.000124049,0.000122598,0.000116075,0.000105875,9.4595e-05,8.24576e-05,6.81474e-05,5.23403e-05,3.57946e-05,1.9314e-05,3.70934e-06,-1.02379e-05,-2.18078e-05,-3.03676e-05,-3.53908e-05,-3.64694e-05,-3.33191e-05,-2.57786e-05,-1.38038e-05,2.54394e-06,2.31148e-05,4.76933e-05,7.60267e-05,0.000107861,0.000142982,0.000181262,0.00022272,0.000267575,0.000316325,0.000369827,0.000429407,0.000496991,0.000575294,0.000668087,0.000780573,0.000919961,0.00109633,0.00132392,0.00143408,0.00163208,0.00194087,0.00239889,0.00307203,0.00407536,0.00561531,0.0080799,0.0122459,0.0197844,0.0345465,0.0658059,0.13525,0.282019,0.494097,0.281989,0.135197,0.0657405,0.0344811,0.0197286,0.0122052,0.00805593,0.00560804,0.00408535,0.00310186,0.00245302,0.0020243,0.00174849,0.00158485,0.00150905,0.00125746,0.00106251,0.000908174,0.000783253,0.000679802,0.00059214,0.000516205,0.000449128,0.000388932,0.000334315,0.000284476,0.00023897,0.000197596,0.000160285,0.000127026,9.78041e-05,7.256e-05,5.11775e-05,3.34829e-05,1.9261e-05,8.27634e-06,2.96027e-07,-4.89453e-06,-7.48525e-06,-7.64697e-06,-5.54807e-06,-1.37859e-06,4.62295e-06,1.21459e-05,2.07925e-05,3.00757e-05,3.94313e-05,4.82452e-05,5.78864e-05,6.79515e-05,7.55307e-05,7.90189e-05,7.78169e-05,7.19309e-05,6.19261e-05,4.87826e-05,3.36087e-05,1.72696e-05,0
0,1.93609e-05,3.89557e-05,5.84128e-05,7.69954e-05,9.35164e-05,0.000106696,0.000115472,0.000119226,0.000117867,0.000111851,0.000102562,9.25502e-05,8.19753e-05,6.94611e-05,5.5596e-05,4.10322e-05,2.64566e-05,1.25616e-05,1.87135e-08,-1.0544e-05,-1.85594e-05,-2.35347e-05,-2.506e-05,-2.28146e-05,-1.65697e-05,-6.18855e-06,8.37681e-06,2.70927e-05,4.98564e-05,7.65151e-05,0.000106892,0.000140819,0.000178179,0.000218949,0.000263257,0.000311442,0.00036412,0.000422261,0.000487294,0.000561221,0.000646791,0.000747733,0.000869095,0.00101775,0.00120317,0.00130088,0.00149879,0.00181185,0.00226397,0.00289869,0.00379599,0.00509991,0.00706825,0.010168,0.0152638,0.0239773,0.0392641,0.0657277,0.106366,0.144051,0.106373,0.0657405,0.0392826,0.0239981,0.0152811,0.010175,0.00706002,0.00507654,0.00376435,0.00287189,0.00225852,0.00184366,0.00157943,0.00143546,0.00139101,0.00117526,0.00100387,0.000864979,0.000750149,0.000653298,0.000570007,0.000497072,0.000432206,0.000373824,0.000320883,0.000272741,0.000229048,0.00018964,0.000154449,0.000123436,9.65321e-05,7.36117e-05,5.44772e-05,3.88687e-05,2.64834e-05,1.70049e-05,1.01307e-05,5.5951e-06,3.18055e-06,2.71531e-06,4.05866e-06,7.07556e-06,1.16064e-05,1.74376e-05,2.42789e-05,3.1753e-05,3.93996e-05,4.66943e-05,5.50773e-05,6.42202e-05,7.12766e-05,7.4659e-05,7.37329e-05,6.84202e-05,5.91677e-05,4.68288e-05,3.24073e-05,1.67144e-05,0
0,1.88639e-05,3.78759e-05,5.65783e-05,7.42541e-05,8.97998e-05,0.000102064,0.000110132,0.000113517,0.000112224,0.000106756,9.84854e-05,8.99021e-05,8.11002e-05,7.06366e-05,5.90019e-05,4.67287e-05,3.43709e-05,2.2485e-05,1.1615e-05,2.28106e-06,-5.02834e-06,-9.86268e-06,-1.18143e-05,-1.05242e-05,-5.68802e-06,2.93699e-06,1.55259e-05,3.21828e-05,5.29414e-05,7.77733e-05,0.000106602,0.00013933,0.000175864,0.000216161,0.000260271,0.000308383,0.000360883,0.000418408,0.000481912,0.000552731,0.000632674,0.00072413,0.000830217,0.000955,0.00110381,0.00118875,0.00137896,0.00168229,0.00210994,0.00268531,0.00345641,0.00451252,0.00600768,0.00819513,0.0114762,0.0164516,0.0239007,0.0344056,0.0468566,0.054969,0.0468976,0.0344811,0.0239981,0.0165532,0.0115623,0.00824834,0.00601781,0.00448027,0.00339406,0.00261426,0.00205572,0.00166881,0.00142369,0.00130013,0.00128172,0.00109923,0.000949472,0.000824535,0.000718624,0.000627446,0.000547803,0.000477326,0.000414295,0.000357503,0.000306151,0.000259743,0.000218003,0.000180784,0.000148001,0.00011956,9.53198e-05,7.50638e-05,5.84945e-05,4.5248e-05,3.49207e-05,2.71045e-05,2.14215e-05,1.75531e-05,1.52563e-05,1.43649e-05,1.47753e-05,1.642e-05,1.92323e-05,2.31108e-05,2.78877e-05,3.33094e-05,3.90309e-05,4.46274e-05,5.16151e-05,5.97486e-05,6.62545e-05,6.95635e-05,6.89971e-05,6.43776e-05,5.60132e-05,4.46106e-05,3.10536e-05,1.60933e-05,0
0,1.83136e-05,3.66833e-05,5.45454e-05,7.12027e-05,8.56425e-05,9.68558e-05,0.000104092,0.000107015,0.000105739,0.00010082,9.36201e-05,8.65657e-05,7.96788e-05,7.14486e-05,6.22614e-05,5.25213e-05,4.26378e-05,3.30187e-05,2.40671e-05,1.61823e-05,9.76279e-06,5.20805e-06,2.91837e-06,3.29015e-06,6.70645e-06,1.35237e-05,2.4056e-05,3.85606e-05,5.72262e-05,8.01689e-05,0.000107436,0.000139019,0.000174878,0.000214974,0.000259305,0.000307949,0.000361108,0.00041915,0.000482651,0.000552428,0.000629573,0.00071548,0.000811872,0.000920841,0.0010449,0.00111891,0.00129378,0.00157225,0.00195666,0.00245581,0.00309376,0.00391952,0.00501671,0.00651163,0.00857474,0.0114002,0.0151246,0.0196059,0.0239799,0.0262039,0.0240471,0.0197286,0.0152811,0.0115623,0.00871281,0.00660158,0.00504556,0.00388875,0.00301882,0.00236219,0.00187381,0.0015274,0.00130715,0.00120138,0.00119832,0.00104111,0.000907484,0.000792632,0.000692883,0.0006054,0.000527988,0.000458966,0.000397083,0.00034144,0.000291429,0.000246658,0.00020689,0.000171967,0.000141755,0.000116084,9.47164e-05,7.73254e-05,6.34973e-05,5.27514e-05,4.45738e-05,3.84593e-05,3.39527e-05,3.06841e-05,2.83895e-05,2.69155e-05,2.62052e-05,2.62691e-05,2.71451e-05,2.8855e-05,3.13643e-05,3.45522e-05,3.8197e-05,4.19788e-05,4.7491e-05,5.45764e-05,6.05404e-05,6.38305e-05,6.37157e-05,5.99044e-05,5.25494e-05,4.21941e-05,2.9591e-05,1.54272e-05,0
0,1.77288e-05,3.54162e-05,5.23754e-05,6.79258e-05,8.115e-05,9.11911e-05,9.74752e-05,9.98309e-05,9.84946e-05,9.40824e-05,8.7951e-05,8.24584e-05,7.75547e-05,7.16625e-05,6.5062e-05,5.80243e-05,5.08083e-05,4.36649e-05,3.68474e-05,3.06249e-05,2.52962e-05,2.12016e-05,1.87273e-05,1.83026e-05,2.0388e-05,2.54552e-05,3.39626e-05,4.63289e-05,6.29099e-05,8.39812e-05,0.000109731,0.000140264,0.000175617,0.000215785,0.000260753,0.000310536,0.000365221,0.000425,0.000490205,0.000561333,0.000639051,0.000724194,0.000817748,0.000920816,0.00103461,0.00110087,0.00125403,0.00149409,0.00181911,0.00223,0.00273633,0.0033618,0.0041476,0.00515158,0.00643924,0.00805923,0.00999189,0.0120609,0.01383,0.0146148,0.0139093,0.0122052,0.010175,0.00824834,0.00660158,0.00526156,0.00419229,0.00334319,0.00266984,0.0021399,0.00173278,0.00143665,0.0012448,0.00115182,0.00115062,0.0010078,0.000882807,0.000772836,0.000675615,0.000589281,0.000512317,0.000443514,0.000381938,0.000326893,0.000277884,0.000234568,0.0001967,0.000164077,0.000136486,0.000113655,9.5232e-05,8.07632e-05,6.97073e-05,6.14593e-05,5.53911e-05,5.08994e-05,4.74546e-05,4.46401e-05,4.21781e-05,3.9936e-05,3.79122e-05,3.62042e-05,3.49625e-05,3.43398e-05,3.44408e-05,3.52824e-05,3.67691e-05,3.86872e-05,4.27052e-05,4.8755e-05,5.42241e-05,5.75729e-05,5.80093e-05,5.51149e-05,4.88735e-05,3.96533e-05,2.80679e-05,1.47398e-05,0
0,1.71287e-05,3.41146e-05,5.01315e-05,6.4512e-05,7.64337e-05,8.5197e-05,9.04135e-05,9.20869e-05,9.05863e-05,8.65975e-05,8.14752e-05,7.751e-05,7.45816e-05,7.10514e-05,6.70954e-05,6.28518e-05,5.84277e-05,5.39144e-05,4.94105e-05,4.50485e-05,4.10206e-05,3.75998e-05,3.51503e-05,3.41268e-05,3.5061e-05,3.85355e-05,4.5151e-05,5.54889e-05,7.00762e-05,8.93564e-05,0.000113671,0.000143256,0.000178246,0.0002187,0.000264629,0.000316039,0.000372969,0.000435534,0.000503963,0.000578625,0.000660049,0.000748921,0.000846079,0.000952496,0.0010693,0.00113129,0.00125852,0.00145046,0.00170501,0.00202133,0.00240304,0.00286089,0.00341338,0.00408404,0.00489331,0.00584289,0.00689098,0.00792247,0.0087336,0.00907612,0.00880714,0.00805593,0.00706002,0.00601781,0.00504556,0.00419229,0.00346744,0.00286263,0.00236427,0.00195984,0.00164031,0.00140057,0.00123835,0.00115229,0.00113976,0.00100028,0.000876283,0.000765912,0.00066756,0.000579842,0.000501583,0.000431808,0.000369736,0.00031476,0.000266416,0.000224349,0.000188261,0.000157867,0.000132848,0.000112813,9.72772e-05,8.56513e-05,7.72602e-05,7.13727e-05,6.7248e-05,6.419e-05,6.16006e-05,5.90252e-05,5.61808e-05,5.29642e-05,4.94372e-05,4.57906e-05,4.22931e-05,3.92312e-05,3.68505e-05,3.53056e-05,3.46256e-05,3.47004e-05,3.72681e-05,4.2347e-05,4.74061e-05,5.09137e-05,5.20069e-05,5.01301e-05,4.50878e-05,3.70654e-05,2.65346e-05,1.40553e-05,0
0,1.65319e-05,3.28166e-05,4.78755e-05,6.10484e-05,7.1605e-05,7.90031e-05,8.30439e-05,8.39135e-05,8.21221e-05,7.84341e-05,7.42084e-05,7.1671e-05,7.06362e-05,6.94125e-05,6.80772e-05,6.66409e-05,6.5062e-05,6.32738e-05,6.12198e-05,5.88932e-05,5.63745e-05,5.38621e-05,5.16889e-05,5.03252e-05,5.03627e-05,5.2485e-05,5.7426e-05,6.59235e-05,7.86721e-05,9.62837e-05,0.000119259,0.000147972,0.000182675,0.000223514,0.00027056,0.000323849,0.000383435,0.000449435,0.000522084,0.000601783,0.00068913,0.000784959,0.000890363,0.00100673,0.00113583,0.00119631,0.00129584,0.00143501,0.00161458,0.00183646,0.0021047,0.00242592,0.0028085,0.00325992,0.00378166,0.00436137,0.00496299,0.00551861,0.00593137,0.00610194,0.00598069,0.00560804,0.00507654,0.00448027,0.00388875,0.00334319,0.00286263,0.00245175,0.00210731,0.00182283,0.00159196,0.00141052,0.00127721,0.0011929,0.0011589,0.00101395,0.000884841,0.000769855,0.000667486,0.000576426,0.000495553,0.000423928,0.000360785,0.000305502,0.000257579,0.000216593,0.000182157,0.000153878,0.000131312,0.000113933,0.000101115,9.21322e-05,8.61752e-05,8.23913e-05,7.99348e-05,7.80259e-05,7.60093e-05,7.34029e-05,6.99288e-05,6.55224e-05,6.03153e-05,5.45963e-05,4.87536e-05,4.32074e-05,3.83413e-05,3.44428e-05,3.16603e-05,2.99808e-05,3.12026e-05,3.54249e-05,4.01947e-05,4.39808e-05,4.58405e-05,4.50723e-05,4.12947e-05,3.4507e-05,2.50405e-05,1.33975e-05,0
0,1.59549e-05,3.15564e-05,4.56638e-05,5.76168e-05,6.67705e-05,7.27361e-05,7.55037e-05,7.54456e-05,7.32196e-05,6.96766e-05,6.61878e-05,6.49193e-05,6.56282e-05,6.65807e-05,6.77647e-05,6.90717e-05,7.03195e-05,7.12893e-05,7.17729e-05,7.16248e-05,7.08107e-05,6.94476e-05,6.78279e-05,6.64243e-05,6.58744e-05,6.69471e-05,7.04946e-05,7.73967e-05,8.85047e-05,0.000104591,0.000126311,0.000154182,0.000188577,0.000229745,0.000277835,0.000332944,0.000395175,0.000464699,0.000541822,0.000627056,0.000721186,0.000825332,0.000941018,0.00107023,0.00121553,0.00127595,0.00134835,0.0014354,0.00154237,0.00167647,0.00184599,0.00205882,0.00232052,0.00263181,0.00298583,0.00336528,0.00374007,0.00406718,0.00429599,0.00438196,0.00430585,0.00408535,0.00376435,0.00339406,0.00301882,0.00266984,0.00236427,0.00210731,0.0018955,0.00172069,0.00157392,0.00144856,0.00134208,0.00125619,0.00119557,0.00104011,0.000902405,0.000780466,0.000672552,0.000577178,0.000493094,0.000419266,0.000354846,0.000299138,0.000251553,0.000211572,0.000178696,0.000152407,0.000132126,0.000117189,0.000106832,0.000100192,9.63373e-05,9.43034e-05,9.31524e-05,9.20349e-05,9.02524e-05,8.73085e-05,8.29418e-05,7.71347e-05,7.00943e-05,6.22094e-05,5.39864e-05,4.59745e-05,3.86887e-05,3.25411e-05,2.77895e-05,2.45086e-05,2.45451e-05,2.80701e-05,3.27024e-05,3.69029e-05,3.964e-05,4.00597e-05,3.75915e-05,3.20503e-05,2.36318e-05,1.27885e-05,0
0,1.54112e-05,3.03624e-05,4.35444e-05,5.42888e-05,6.20267e-05,6.65143e-05,6.79259e-05,6.68191e-05,6.40038e-05,6.04252e-05,5.74746e-05,5.72657e-05,5.95084e-05,6.24395e-05,6.59699e-05,6.9884e-05,7.38704e-05,7.7568e-05,8.06242e-05,8.27577e-05,8.38188e-05,8.38378e-05,8.3056e-05,8.19344e-05,8.1139e-05,8.15041e-05,8.39795e-05,8.95668e-05,9.92553e-05,0.000113962,0.000134486,0.000161479,0.000195434,0.000236701,0.000285515,0.000342042,0.000406447,0.000478964,0.000559983,0.000650138,0.000750406,0.000862194,0.000987424,0.0011286,0.00128882,0.00134916,0.00139693,0.00143727,0.00148026,0.0015391,0.00162772,0.00175783,0.0019358,0.00216008,0.00241969,0.0026942,0.00295523,0.00316984,0.00330609,0.00334091,0.00326812,0.00310186,0.00287189,0.00261426,0.00236219,0.0021399,0.00195984,0.00182283,0.00172069,0.0016402,0.00156758,0.00149234,0.00140973,0.00132149,0.00123477,0.00106799,0.000921273,0.00079228,0.000678932,0.000579471,0.000492451,0.000416694,0.000351243,0.000295299,0.000248177,0.000209249,0.0001779,0.000153486,0.0001353,0.000122543,0.000114322,0.000109654,0.000107495,0.000106787,0.000106519,0.000105787,0.000103868,0.000100265,9.47448e-05,8.73453e-05,7.83528e-05,6.82557e-05,5.76744e-05,4.72796e-05,3.77071e-05,2.94817e-05,2.29581e-05,1.82861e-05,1.73469e-05,2.03719e-05,2.50435e-05,2.98052e-05,3.35285e-05,3.52021e-05,3.40673e-05,2.976e-05,2.23492e-05,1.22474e-05,0
0,1.49107e-05,2.92554e-05,4.15546e-05,5.11235e-05,5.74569e-05,6.0444e-05,6.04343e-05,5.81668e-05,5.46048e-05,5.07937e-05,4.8154e-05,4.87555e-05,5.22726e-05,5.69278e-05,6.25688e-05,6.88882e-05,7.546e-05,8.17936e-05,8.7402e-05,9.18744e-05,9.49466e-05,9.65577e-05,9.6888e-05,9.63718e-05,9.56836e-05,9.57002e-05,9.74437e-05,0.000102012,0.000110509,0.000123972,0.000143325,0.000169337,0.00020261,0.000243584,0.00029257,0.000349795,0.000415471,0.000489874,0.000573442,0.000666881,0.000771276,0.00088821,0.00101985,0.00116898,0.00133889,0.00139791,0.00142521,0.0014281,0.00142072,0.00142141,0.00144924,0.00151996,0.00164201,0.00181354,0.00202136,0.00224236,0.00244715,0.00260534,0.00269166,0.00269186,0.00260681,0.00245302,0.00225852,0.00205572,0.00187381,0.00173278,0.00164031,0.00159196,0.00157392,0.00156758,0.00155441,0.00152022,0.001458,0.00136903,0.00126208,0.00108689,0.000933598,0.000799613,0.000682553,0.000580418,0.000491602,0.000414817,0.000349022,0.000293344,0.000247015,0.000209316,0.000179531,0.000156906,0.000140616,0.00012975,0.000123302,0.000120186,0.000119271,0.000119426,0.000119583,0.000118812,0.000116377,0.0001118,0.000104886,9.57356e-05,8.47161e-05,7.24132e-05,5.95546e-05,4.69217e-05,3.52582e-05,2.51867e-05,1.71438e-05,1.13398e-05,9.67463e-06,1.24268e-05,1.73323e-05,2.28074e-05,2.76192e-05,3.05976e-05,3.07995e-05,2.76909e-05,2.12263e-05,1.17898e-05,0
0,1.4459e-05,2.82481e-05,3.972e-05,4.81647e-05,5.31277e-05,5.46159e-05,5.31408e-05,4.96152e-05,4.5154e-05,4.09077e-05,3.8334e-05,3.94686e-05,4.39631e-05,5.00421e-05,5.75057e-05,6.59719e-05,7.49169e-05,8.37363e-05,9.18211e-05,9.86395e-05,0.000103815,0.000107194,0.000108886,0.000109282,0.000109044,0.000109069,0.000110421,0.000114266,0.000121791,0.00013413,0.000152304,0.000177176,0.000209435,0.000249595,0.000298021,0.000354976,0.000420688,0.000495429,0.000579617,0.000673927,0.000779419,0.000897669,0.00103088,0.00118191,0.00135399,0.00140986,0.00142223,0.00139979,0.00135918,0.00132188,0.00131019,0.00134258,0.0014292,0.00156855,0.00174654,0.0019384,0.00211346,0.00224146,0.00229933,0.00227666,0.00217845,0.0020243,0.00184366,0.00166881,0.0015274,0.00143665,0.00140057,0.00141052,0.00144856,0.00149234,0.00152022,0.00151557,0.00146976,0.00138342,0.00126604,0.0010879,0.000932676,0.000797531,0.000679812,0.000577394,0.000488628,0.000412226,0.000347141,0.000292484,0.000247451,0.000211268,0.000183148,0.000162251,0.000147667,0.000138391,0.000133333,0.000131331,0.000131189,0.000131728,0.000131852,0.00013062,0.000127309,0.000121468,0.000112957,0.000101941,8.88707e-05,7.44244e-05,5.94277e-05,4.476e-05,3.12574e-05,1.96236e-05,1.036e-05,3.72196e-06,1.61072e-06,4.33761e-06,9.68151e-06,1.60211e-05,2.20137e-05,2.63307e-05,2.78522e-05,2.58866e-05,2.02887e-05,1.14269e-05,0
0,1.40578e-05,2.73452e-05,3.80538e-05,4.5441e-05,4.90883e-05,4.91031e-05,4.61426e-05,4.12812e-05,3.57813e-05,3.09006e-05,2.81418e-05,2.95159e-05,3.46662e-05,4.1835e-05,5.07925e-05,6.11001e-05,7.21551e-05,8.32567e-05,9.36885e-05,0.000102808,0.000110132,0.00011541,0.000118674,0.000120258,0.000120792,0.000121161,0.000122447,0.000125853,0.000132615,0.000143933,0.000160894,0.000184431,0.000215292,0.000254038,0.000301065,0.000356639,0.000420962,0.000494247,0.000576807,0.000669166,0.000772184,0.000887212,0.00101626,0.00116212,0.00132817,0.00137932,0.00138354,0.00134976,0.001295,0.00124122,0.00121116,0.00122376,0.00128961,0.0014076,0.00156393,0.00173416,0.00188803,0.00199623,0.00203724,0.00200266,0.00189946,0.00174849,0.00157943,0.00142369,0.00130715,0.0012448,0.00123835,0.00127721,0.00134208,0.00140973,0.001458,0.00146976,0.00143571,0.00135575,0.00123943,0.00106479,0.000913837,0.000782608,0.000668167,0.000568468,0.000482037,0.000407739,0.000344641,0.000291918,0.000248791,0.00021448,0.000188164,0.000168959,0.000155896,0.000147912,0.000143862,0.000142536,0.000142703,0.000143163,0.000142816,0.000140732,0.000136218,0.00012887,0.000118605,0.000105663,9.05749e-05,7.41044e-05,5.71646e-05,4.07182e-05,2.56767e-05,1.28069e-05,2.65712e-06,-4.48938e-06,-6.74688e-06,-3.78672e-06,2.20132e-06,9.54943e-06,1.68008e-05,2.24716e-05,2.52754e-05,2.43789e-05,1.95538e-05,1.1166e-05,0
0,1.37048e-05,2.65434e-05,3.65573e-05,4.29653e-05,4.53704e-05,4.39607e-05,3.95199e-05,3.32694e-05,2.66111e-05,2.09098e-05,1.77191e-05,1.90351e-05,2.45064e-05,3.24103e-05,4.25038e-05,5.43113e-05,6.71709e-05,8.0304e-05,9.29033e-05,0.000104227,0.000113693,0.000120953,0.000125955,0.000128961,0.000130549,0.00013157,0.000133093,0.000136323,0.000142518,0.000152907,0.000168614,0.000190611,0.000219677,0.000256396,0.000301164,0.000354221,0.000415707,0.000485718,0.000564387,0.000651966,0.000748938,0.000856163,0.000975134,0.00110844,0.00126044,0.00130709,0.00131109,0.00128064,0.00123106,0.00118183,0.00115307,0.00116158,0.00121675,0.00131767,0.00145215,0.00159851,0.00172992,0.00182045,0.00185134,0.00181572,0.0017205,0.00158485,0.00143546,0.00130013,0.00120138,0.00115182,0.00115229,0.0011929,0.00125619,0.00132149,0.00136903,0.00138342,0.00135575,0.00128444,0.00117716,0.00101384,0.000874973,0.000753472,0.000646543,0.000552708,0.000470978,0.000400567,0.000340779,0.000290938,0.000250353,0.000218284,0.000193925,0.000176381,0.000164662,0.000157682,0.000154271,0.000153204,0.000153243,0.000153194,0.000151978,0.000148699,0.00014271,0.000133666,0.000121552,0.000106683,8.96667e-05,7.13464e-05,5.27093e-05,3.47859e-05,1.85452e-05,4.79805e-06,-5.87882e-06,-1.31909e-05,-1.52856e-05,-1.18323e-05,-5.00083e-06,3.48632e-06,1.20562e-05,1.90757e-05,2.31053e-05,2.31881e-05,1.90305e-05,1.10098e-05,0
0,1.3395e-05,2.58332e-05,3.52219e-05,4.07369e-05,4.19884e-05,3.92253e-05,3.33359e-05,2.56706e-05,1.77595e-05,1.10719e-05,7.21663e-06,8.18344e-06,1.36399e-05,2.19147e-05,3.27689e-05,4.57091e-05,6.00347e-05,7.49094e-05,8.94518e-05,0.000102835,0.000114384,0.000123658,0.000130512,0.000135128,0.000138011,0.000139955,0.000141988,0.000145287,0.000151098,0.000160649,0.00017507,0.000195342,0.000222252,0.000256377,0.000298093,0.00034759,0.000404918,0.000470024,0.000542809,0.000623172,0.00071107,0.000806584,0.000910113,0.00102311,0.00115129,0.0012004,0.00121238,0.00119906,0.0011723,0.00114633,0.00113578,0.0011528,0.00120411,0.00128879,0.00139756,0.00151405,0.00161798,0.0016897,0.0017149,0.00168823,0.00161482,0.00150905,0.00139101,0.00128172,0.00119832,0.00115062,0.00113976,0.0011589,0.00119557,0.00123477,0.00126208,0.00126604,0.00123943,0.00117716,0.00105708,0.000933494,0.000817422,0.000711261,0.000615536,0.000530278,0.000455323,0.00039039,0.000335106,0.000289008,0.000251539,0.000222047,0.000199772,0.000183848,0.000173298,0.000167045,0.000163928,0.000162735,0.000162251,0.000161315,0.000158889,0.000154132,0.000146459,0.000135595,0.000121601,0.000104863,8.60671e-05,6.61225e-05,4.60787e-05,2.70176e-05,9.94701e-06,-4.29711e-06,-1.51279e-05,-2.22563e-05,-2.38797e-05,-1.96811e-05,-1.18209e-05,-2.08317e-06,7.8433e-06,1.61849e-05,2.1365e-05,2.23233e-05,1.87204e-05,1.09573e-05,0
0,1.31209e-05,2.52001e-05,3.4031e-05,3.87436e-05,3.89423e-05,3.49164e-05,2.76359e-05,1.85592e-05,9.33062e-06,1.51812e-06,-3.21239e-06,-2.86984e-06,2.24529e-06,1.05283e-05,2.1761e-05,3.54516e-05,5.08812e-05,6.71756e-05,8.3398e-05,9.86508e-05,0.000112176,0.000123443,0.000132214,0.000138577,0.00014295,0.00014605,0.000148835,0.000152429,0.000158036,0.000166851,0.000179984,0.000198397,0.000222859,0.000253927,0.000291936,0.000337017,0.00038912,0.000448039,0.00051344,0.000584864,0.000661705,0.000743107,0.000827679,0.000912602,0.000990319,0.00103427,0.00105027,0.00104619,0.00103138,0.00101642,0.00101176,0.00102574,0.00106275,0.0011218,0.00119626,0.00127484,0.00134386,0.00139025,0.00140468,0.00138389,0.00133154,0.00125746,0.00117526,0.00109923,0.00104111,0.0010078,0.00100028,0.00101395,0.00104011,0.00106799,0.00108689,0.0010879,0.00106479,0.00101384,0.000933494,0.000841698,0.000748796,0.000659823,0.000577246,0.000502303,0.000435591,0.000377327,0.000327471,0.000285789,0.000251885,0.000225214,0.000205097,0.000190723,0.000181161,0.000175371,0.000172231,0.00017057,0.00016922,0.000167077,0.000163167,0.000156718,0.000147223,0.000134485,0.000118642,0.000100156,7.97793e-05,5.84815e-05,3.73589e-05,1.75277e-05,1.65104e-08,-1.43325e-05,-2.49403e-05,-3.15392e-05,-3.23928e-05,-2.72123e-05,-1.81589e-05,-7.08292e-06,4.21362e-06,1.38281e-05,2.00656e-05,2.1784e-05,1.8618e-05,1.10039e-05,0
0,1.2874e-05,2.46272e-05,3.29627e-05,3.69642e-05,3.62197e-05,3.10386e-05,2.24486e-05,1.19934e-05,1.41438e-06,-7.6304e-06,-1.34183e-05,-1.39513e-05,-9.486e-06,-1.54627e-06,9.68588e-06,2.37389e-05,3.98955e-05,5.72644e-05,7.48719e-05,9.17654e-05,0.000107115,0.000120307,0.000131007,0.000139205,0.000145219,0.000149669,0.000153423,0.000157524,0.000163108,0.000171312,0.000183199,0.000199691,0.000221522,0.00024921,0.000283047,0.000323104,0.000369243,0.000421131,0.000478247,0.000539863,0.00060498,0.000672177,0.000739289,0.000802756,0.000856467,0.000891247,0.000907236,0.000908752,0.000902294,0.000895408,0.000895425,0.000908056,0.000936106,0.000978636,0.00103087,0.00108497,0.00113159,0.001162,0.00117002,0.00115365,0.00111555,0.00106251,0.00100387,0.000949472,0.000907484,0.000882807,0.000876283,0.000884841,0.000902405,0.000921273,0.000933598,0.000932676,0.000913837,0.000874973,0.000817422,0.000748796,0.000675922,0.000603467,0.000534371,0.000470438,0.000412733,0.000361838,0.000317984,0.000281142,0.000251071,0.000227347,0.000209384,0.000196452,0.000187684,0.000182105,0.000178654,0.000176227,0.000173726,0.000170121,0.000164521,0.000156239,0.000144853,0.000130253,0.000112655,9.25956e-05,7.0886e-05,4.85441e-05,2.6699e-05,6.48485e-06,-1.10674e-05,-2.51275e-05,-3.51412e-05,-4.08774e-05,-4.06806e-05,-3.43045e-05,-2.39198e-05,-1.1446e-05,1.20731e-06,1.20226e-05,1.92075e-05,2.15613e-05,1.87121e-05,1.11423e-05,0
0,1.26457e-05,2.40968e-05,3.19926e-05,3.53729e-05,3.37995e-05,2.75838e-05,1.77869e-05,6.01394e-06,-5.91616e-06,-1.62667e-05,-2.32615e-05,-2.48912e-05,-2.13589e-05,-1.40947e-05,-3.23037e-06,1.08001e-05,2.73008e-05,4.53831e-05,6.40558e-05,8.23276e-05,9.93106e-05,0.000114312,0.000126908,0.000136984,0.000144747,0.000150705,0.000155619,0.000160431,0.000166183,0.000173933,0.000184675,0.000199273,0.000218412,0.000242566,0.000271982,0.000306682,0.000346466,0.000390922,0.000439422,0.000491103,0.000544807,0.000598975,0.000651465,0.000699329,0.00073875,0.000765943,0.000780641,0.000785432,0.000784718,0.000783733,0.000787523,0.000799914,0.000822635,0.000854796,0.000892892,0.000931391,0.000963849,0.000984306,0.00098866,0.000975656,0.000947242,0.000908174,0.000864979,0.000824535,0.000792632,0.000772836,0.000765912,0.000769855,0.000780466,0.00079228,0.000799613,0.000797531,0.000782608,0.000753472,0.000711261,0.000659823,0.000603467,0.000545801,0.000489506,0.000436453,0.000387886,0.000344577,0.000306936,0.000275089,0.000248925,0.000228137,0.000212238,0.000200587,0.000192403,0.000186791,0.000182773,0.000179327,0.000175445,0.000170189,0.000162761,0.000152573,0.000139296,0.000122908,0.000103708,8.22973e-05,5.95417e-05,3.64945e-05,1.43034e-05,-5.89645e-06,-2.30893e-05,-3.64739e-05,-4.55371e-05,-5.00977e-05,-4.85954e-05,-4.08389e-05,-2.90157e-05,-1.51152e-05,-1.14654e-06,1.07748e-05,1.87818e-05,2.16389e-05,1.89868e-05,1.13629e-05,0
0,1.24288e-05,2.35933e-05,3.10976e-05,3.39417e-05,3.16551e-05,2.45341e-05,1.36502e-05,6.44887e-07,-1.26062e-05,-2.43017e-05,-3.26174e-05,-3.55311e-05,-3.31839e-05,-2.69013e-05,-1.67527e-05,-3.11871e-06,1.33447e-05,3.17711e-05,5.1171e-05,7.0532e-05,8.89214e-05,0.000105579,0.000119994,0.000131945,0.000141526,0.00014912,0.000155366,0.000161086,0.000167212,0.000174702,0.000184465,0.000197294,0.000213814,0.000234453,0.000259418,0.000288699,0.000322066,0.000359081,0.000399092,0.00044123,0.000484372,0.000527096,0.000567631,0.00060386,0.000633535,0.000654953,0.00066813,0.000674826,0.000678049,0.000681379,0.000688215,0.000701039,0.000720819,0.000746691,0.000776,0.000804753,0.000828405,0.000842824,0.000845221,0.000834806,0.000813019,0.000783253,0.000750149,0.000718624,0.000692883,0.000675615,0.00066756,0.000667486,0.000672552,0.000678932,0.000682553,0.000679812,0.000668167,0.000646543,0.000615536,0.000577246,0.000534371,0.000489506,0.000444817,0.000401974,0.000362187,0.000326275,0.00029473,0.000267775,0.000245403,0.000227403,0.000213387,0.000202808,0.000194979,0.000189098,0.000184282,0.000179609,0.00017417,0.000167132,0.000157804,0.0001457,0.000130592,0.000112549,9.19457e-05,6.9448e-05,4.59643e-05,2.2572e-05,4.22425e-07,-1.93646e-05,-3.58052e-05,-4.81436e-05,-5.59222e-05,-5.90219e-05,-5.59901e-05,-4.67021e-05,-3.33677e-05,-1.80443e-05,-2.83011e-06,1.00808e-05,1.87711e-05,2.19947e-05,1.94226e-05,1.16541e-05,0
0,1.22178e-05,2.31045e-05,3.02582e-05,3.26452e-05,2.97585e-05,2.18654e-05,1.00263e-05,-4.10557e-06,-1.86199e-05,-3.16667e-05,-4.13813e-05,-4.57297e-05,-4.47842e-05,-3.97579e-05,-3.06472e-05,-1.77655e-05,-1.71195e-06,1.66881e-05,3.64659e-05,5.66057e-05,7.61456e-05,9.42702e-05,0.000110386,0.000124173,0.000135603,0.000144931,0.000152662,0.000159484,0.000166205,0.00017367,0.000182687,0.000193968,0.000208073,0.000225382,0.000246071,0.000270115,0.000297285,0.000327163,0.000359145,0.000392449,0.000426105,0.000458963,0.000489704,0.000516932,0.000539383,0.000556324,0.000568011,0.000575752,0.000581638,0.000588093,0.000597345,0.000610923,0.000629251,0.00065146,0.000675454,0.000698255,0.000716565,0.000727443,0.00072894,0.000720548,0.000703345,0.000679802,0.000653298,0.000627446,0.0006054,0.000589281,0.000579842,0.000576426,0.000577178,0.000579471,0.000580418,0.000577394,0.000568468,0.000552708,0.000530278,0.000502303,0.000470438,0.000436453,0.000401974,0.000368357,0.000336658,0.00030764,0.000281807,0.000259427,0.000240561,0.00022508,0.000212685,0.000202922,0.0001952,0.00018882,0.000183002,0.00017693,0.000169807,0.000160913,0.000149669,0.000135696,0.000118871,9.93506e-05,7.75855e-05,5.42963e-05,3.04252e-05,7.06037e-06,-1.46579e-05,-3.36407e-05,-4.8952e-05,-5.98967e-05,-6.60861e-05,-6.74734e-05,-6.27244e-05,-5.17909e-05,-3.6909e-05,-2.01999e-05,-3.83727e-06,9.92719e-06,1.91512e-05,2.2602e-05,1.99976e-05,1.20039e-05,0
0,1.20109e-05,2.26244e-05,2.94616e-05,3.1463e-05,2.80838e-05,1.95511e-05,6.89467e-06,-8.24322e-06,-2.39401e-05,-3.83144e-05,-4.94714e-05,-5.53673e-05,-5.60025e-05,-5.24711e-05,-4.46893e-05,-3.28915e-05,-1.76047e-05,4.04238e-07,2.02057e-05,4.0799e-05,6.12093e-05,8.0579e-05,9.82442e-05,0.000113788,0.000127064,0.000138196,0.000147546,0.000155662,0.000163214,0.000170923,0.000179488,0.000189531,0.000201543,0.000215856,0.000232622,0.000251816,0.000273235,0.000296516,0.00032115,0.000346496,0.000371799,0.000396213,0.000418851,0.000438871,0.000455639,0.000468936,0.000479157,0.000487325,0.000494913,0.00050354,0.000514616,0.00052899,0.000546696,0.000566843,0.000587695,0.000606939,0.000622092,0.000630988,0.000632217,0.000625434,0.000611459,0.00059214,0.000570007,0.000547803,0.000527988,0.000512317,0.000501583,0.000495553,0.000493094,0.000492451,0.000491602,0.000488628,0.000482037,0.000470978,0.000455323,0.000435591,0.000412733,0.000387886,0.000362187,0.000336658,0.000312146,0.000289306,0.000268602,0.00025031,0.00023453,0.000221199,0.000210094,0.000200852,0.000192978,0.000185876,0.000178872,0.000171265,0.000162374,0.000151595,0.000138466,0.000122721,0.000104336,8.35571e-05,6.09032e-05,3.71419e-05,1.32378e-05,-9.72292e-06,-3.06257e-05,-4.8428e-05,-6.22565e-05,-7.14903e-05,-7.58212e-05,-7.52833e-05,-6.86695e-05,-5.60164e-05,-3.95881e-05,-2.15628e-05,-4.17422e-06,1.0291e-05,1.98915e-05,2.34307e-05,2.06884e-05,1.23995e-05,0
0,1.18097e-05,2.21537e-05,2.8704e-05,3.03836e-05,2.66111e-05,1.75657e-05,4.23019e-06,-1.1785e-05,-2.85666e-05,-4.42191e-05,-5.68295e-05,-6.4349e-05,-6.67046e-05,-6.48679e-05,-5.86705e-05,-4.82582e-05,-3.40732e-05,-1.6808e-05,2.6645e-06,2.33766e-05,4.43579e-05,6.47241e-05,8.37527e-05,0.000100938,0.000116023,0.000128998,0.000140081,0.000149673,0.000158301,0.000166553,0.000175011,0.000184201,0.00019454,0.000206314,0.000219657,0.000234551,0.000250836,0.000268225,0.000286327,0.000304669,0.000322723,0.00033994,0.000355798,0.000369878,0.000381956,0.000392117,0.000400825,0.000408905,0.000417405,0.00042739,0.000439693,0.000454688,0.000472126,0.000491091,0.000510076,0.000527201,0.000540519,0.000548365,0.000549674,0.000544196,0.000532566,0.000516205,0.000497072,0.000477326,0.000458966,0.000443514,0.000431808,0.000423928,0.000419266,0.000416694,0.000414817,0.000412226,0.000407739,0.000400567,0.00039039,0.000377327,0.000361838,0.000344577,0.000326275,0.00030764,0.000289306,0.000271796,0.000255505,0.000240694,0.000227483,0.000215858,0.000205665,0.000196621,0.000188326,0.000180285,0.000171934,0.000162686,0.000151978,0.000139327,0.000124388,0.000107006,8.72571e-05,6.54692e-05,4.22233e-05,1.83242e-05,-5.25253e-06,-2.74365e-05,-4.71533e-05,-6.34213e-05,-7.54438e-05,-8.26863e-05,-8.49301e-05,-8.22972e-05,-7.37141e-05,-5.93084e-05,-4.13714e-05,-2.21297e-05,-3.85982e-06,1.11406e-05,2.09564e-05,2.44488e-05,2.14715e-05,1.28285e-05,0
0,1.16201e-05,2.17016e-05,2.79922e-05,2.94066e-05,2.533e-05,1.58888e-05,2.00703e-06,-1.4755e-05,-3.25128e-05,-4.93745e-05,-6.34209e-05,-7.26052e-05,-7.67814e-05,-7.67989e-05,-7.24019e-05,-6.36419e-05,-5.08661e-05,-3.46789e-05,-1.58802e-05,4.61271e-06,2.58515e-05,4.69416e-05,6.71167e-05,8.57954e-05,0.000102614,0.000117438,0.000130341,0.000141577,0.000151524,0.000160632,0.000169363,0.000178138,0.000187302,0.000197089,0.000207617,0.000218881,0.000230769,0.000243078,0.000255543,0.000267859,0.000279714,0.000290824,0.000300966,0.000310036,0.000318094,0.000325414,0.000332494,0.000340017,0.000348738,0.00035934,0.000372258,0.000387534,0.000404723,0.000422883,0.000440658,0.000456454,0.000468675,0.000475985,0.000477539,0.000473143,0.000463297,0.000449128,0.000432206,0.000414295,0.000397083,0.000381938,0.000369736,0.000360785,0.000354846,0.000351243,0.000349022,0.000347141,0.000344641,0.000340779,0.000335106,0.000327471,0.000317984,0.000306936,0.00029473,0.000281807,0.000268602,0.000255505,0.000242836,0.000230826,0.000219607,0.000209198,0.000199506,0.000190323,0.000181337,0.000172153,0.000162313,0.000151346,0.000138807,0.000124332,0.000107694,8.88443e-05,6.79552e-05,4.54315e-05,2.19068e-05,-1.78779e-06,-2.46787e-05,-4.5725e-05,-6.39065e-05,-7.83163e-05,-8.82464e-05,-9.32589e-05,-9.32326e-05,-8.8381e-05,-7.77687e-05,-6.16183e-05,-4.22455e-05,-2.19145e-05,-2.92541e-06,1.24366e-05,2.23067e-05,2.56235e-05,2.23242e-05,1.32797e-05,0
0,1.14522e-05,2.12855e-05,2.73448e-05,2.85446e-05,2.42421e-05,1.45096e-05,2.03504e-07,-1.71798e-05,-3.58013e-05,-5.37891e-05,-6.92309e-05,-8.00892e-05,-8.61487e-05,-8.81381e-05,-8.57161e-05,-7.88364e-05,-6.7744e-05,-5.29443e-05,-3.51501e-05,-1.52119e-05,5.96154e-06,2.74831e-05,4.85589e-05,6.85454e-05,8.69861e-05,0.000103626,0.000118404,0.000131424,0.000142919,0.000153196,0.000162593,0.000171426,0.000179958,0.000188374,0.000196769,0.000205152,0.000213456,0.000221561,0.00022932,0.000236583,0.00024323,0.000249198,0.000254508,0.000259288,0.000263802,0.000268447,0.000273742,0.00028027,0.000288589,0.00029912,0.000312028,0.000327134,0.000343862,0.000361254,0.000378061,0.000392881,0.000404355,0.000411367,0.000413216,0.000409738,0.000401337,0.000388932,0.000373824,0.000357503,0.00034144,0.000326893,0.00031476,0.000305502,0.000299138,0.000295299,0.000293344,0.000292484,0.000291918,0.000290938,0.000289008,0.000285789,0.000281142,0.000275089,0.000267775,0.000259427,0.00025031,0.000240694,0.000230826,0.000220908,0.000211073,0.00020137,0.000191758,0.000182097,0.000172159,0.000161642,0.000150196,0.000137459,0.000123104,0.000106886,8.86889e-05,6.85706e-05,4.67907e-05,2.38225e-05,3.4203e-07,-2.28053e-05,-4.46611e-05,-6.42276e-05,-8.05527e-05,-9.28164e-05,-0.000100411,-0.000103002,-0.000100571,-9.34257e-05,-8.07696e-05,-6.2922e-05,-4.22183e-05,-2.09474e-05,-1.41376e-06,1.41333e-05,2.39016e-05,2.69233e-05,2.3226e-05,1.37433e-05,0
0,1.132e-05,2.09315e-05,2.67923e-05,2.78251e-05,2.33644e-05,1.343e-05,-1.19293e-06,-1.90821e-05,-3.84575e-05,-5.7481e-05,-7.42595e-05,-8.67736e-05,-9.47433e-05,-9.87819e-05,-9.84661e-05,-9.36527e-05,-8.44802e-05,-7.13471e-05,-5.48675e-05,-3.58106e-05,-1.50287e-05,6.61594e-06,2.83196e-05,4.93932e-05,6.93014e-05,8.76817e-05,0.000104344,0.000119253,0.000132493,0.000144234,0.000154683,0.00016405,0.000172514,0.000180203,0.000187187,0.00019348,0.000199053,0.000203857,0.000207848,0.00021101,0.000213384,0.000215086,0.000216325,0.000217407,0.000218741,0.000220813,0.000224157,0.00022929,0.000236642,0.000246463,0.000258746,0.000273169,0.00028908,0.000305525,0.000321335,0.00033525,0.000346079,0.000352856,0.00035498,0.000352302,0.000345157,0.000334315,0.000320883,0.000306151,0.000291429,0.000277884,0.000266416,0.000257579,0.000251553,0.000248177,0.000247015,0.000247451,0.000248791,0.000250353,0.000251539,0.000251885,0.000251071,0.000248925,0.000245403,0.000240561,0.00023453,0.000227483,0.000219607,0.000211073,0.000202017,0.000192513,0.000182566,0.0001721,0.000160965,0.000148949,0.000135804,0.000121276,0.000105154,8.73029e-05,6.77183e-05,4.65551e-05,2.41534e-05,1.04444e-06,-2.20648e-05,-4.43278e-05,-6.48149e-05,-8.25856e-05,-9.6768e-05,-0.000106641,-0.000111703,-0.000111733,-0.000106815,-9.73499e-05,-8.268e-05,-6.32199e-05,-4.1318e-05,-1.92738e-05,6.23189e-07,1.61812e-05,2.57004e-05,2.83193e-05,2.41598e-05,1.42115e-05,0
0,1.12412e-05,2.06727e-05,2.63766e-05,2.72895e-05,2.27297e-05,1.26686e-05,-2.18079e-06,-2.04751e-05,-4.05023e-05,-6.04698e-05,-7.85142e-05,-9.2643e-05,-0.000102518,-0.000108644,-0.000110523,-0.000107917,-0.000100859,-8.96356e-05,-7.47541e-05,-5.68896e-05,-3.68231e-05,-1.53746e-05,6.66041e-06,2.85653e-05,4.97427e-05,6.97376e-05,8.82434e-05,0.000105092,0.000120229,0.000133686,0.000145544,0.000155902,0.00016485,0.000172455,0.000178752,0.000183751,0.000187451,0.000189856,0.000191004,0.000190987,0.000189973,0.000188217,0.000186071,0.000183974,0.00018244,0.000182021,0.000183266,0.000186658,0.000192547,0.000201081,0.000212154,0.000225367,0.000240035,0.00025523,0.000269855,0.000282767,0.0002929,0.000299402,0.000301743,0.000299786,0.00029381,0.000284476,0.000272741,0.000259743,0.000246658,0.000234568,0.000224349,0.000216593,0.000211572,0.000209249,0.000209316,0.000211268,0.00021448,0.000218284,0.000222047,0.000225214,0.000227347,0.000228137,0.000227403,0.00022508,0.000221199,0.000215858,0.000209198,0.00020137,0.000192513,0.000182726,0.000172054,0.000160483,0.000147934,0.000134283,0.000119379,0.000103074,8.52635e-05,6.59241e-05,4.51518e-05,2.31914e-05,4.5375e-07,-2.24838e-05,-4.48962e-05,-6.59498e-05,-8.47577e-05,-0.000100449,-0.000112244,-0.000119528,-0.000121916,-0.000119298,-0.000111864,-0.000100101,-8.34899e-05,-6.25354e-05,-3.95906e-05,-1.6951e-05,3.12772e-06,1.85305e-05,2.76658e-05,2.97876e-05,2.51127e-05,1.46796e-05,0
0,1.12355e-05,2.0548e-05,2.61492e-05,2.69933e-05,2.23882e-05,1.22623e-05,-2.74024e-06,-2.13556e-05,-4.19449e-05,-6.27682e-05,-8.2001e-05,-9.76856e-05,-0.000109433,-0.000117648,-0.000121767,-0.000121466,-0.000116673,-0.000107562,-9.4529e-05,-7.81459e-05,-5.91094e-05,-3.81814e-05,-1.61311e-05,6.31608e-06,2.85194e-05,4.99486e-05,7.01958e-05,8.89722e-05,0.000106094,0.000121461,0.000135029,0.000146785,0.000156728,0.000164857,0.000171164,0.000175643,0.000178303,0.000179184,0.000178382,0.000176068,0.000172504,0.000168049,0.000163156,0.000158363,0.000154258,0.000151446,0.000150492,0.000151865,0.000155878,0.00016263,0.000171968,0.00018347,0.000196459,0.00021005,0.000223228,0.000234949,0.000244258,0.000250392,0.000252878,0.00025159,0.000246764,0.00023897,0.000229048,0.000218003,0.00020689,0.0001967,0.000188261,0.000182157,0.000178696,0.0001779,0.000179531,0.000183148,0.000188164,0.000193925,0.000199772,0.000205097,0.000209384,0.000212238,0.000213387,0.000212685,0.000210094,0.000205665,0.000199506,0.000191758,0.000182566,0.000172054,0.00016031,0.000147371,0.000133233,0.000117852,0.000101169,8.31384e-05,6.37586e-05,4.31084e-05,2.13776e-05,-1.10944e-06,-2.38831e-05,-4.63329e-05,-6.773e-05,-8.72674e-05,-0.000104114,-0.000117481,-0.000126691,-0.000131242,-0.000130868,-0.000125571,-0.000115643,-0.000101654,-8.32128e-05,-6.09106e-05,-3.70951e-05,-1.4043e-05,6.04074e-06,2.11342e-05,2.97659e-05,3.13107e-05,2.60777e-05,1.51456e-05,0
0,1.13238e-05,2.05998e-05,2.61684e-05,2.7003e-05,2.24054e-05,1.22673e-05,-2.83004e-06,-2.16993e-05,-4.27746e-05,-6.43729e-05,-8.47146e-05,-0.000101884,-0.000115447,-0.000125721,-0.000132087,-0.000134142,-0.000131717,-0.000124878,-0.000113906,-9.92646e-05,-8.15564e-05,-6.14714e-05,-3.97356e-05,-1.70644e-05,5.87754e-06,2.85042e-05,5.03238e-05,7.0943e-05,9.00601e-05,0.000107451,0.000122952,0.00013644,0.000147822,0.000157019,0.000163974,0.000168651,0.000171052,0.000171233,0.000169325,0.000165549,0.000160228,0.000153791,0.000146763,0.000139745,0.00013338,0.00012831,0.000125121,0.000124286,0.00012611,0.000130682,0.000137849,0.000147204,0.000158111,0.000169753,0.000181204,0.000191522,0.000199849,0.000205507,0.000208072,0.000207426,0.000203769,0.000197596,0.00018964,0.000180784,0.000171967,0.000164077,0.000157867,0.000153878,0.000152407,0.000153486,0.000156906,0.000162251,0.000168959,0.000176381,0.000183848,0.000190723,0.000196452,0.000200587,0.000202808,0.000202922,0.000200852,0.000196621,0.000190323,0.000182097,0.0001721,0.000160483,0.000147371,0.00013286,0.000117007,9.98503e-05,8.14187e-05,6.1761e-05,4.09733e-05,1.92278e-05,-3.20178e-06,-2.59235e-05,-4.84221e-05,-7.00683e-05,-9.01439e-05,-0.000107882,-0.000122522,-0.000133365,-0.000139843,-0.000141573,-0.000138407,-0.000130457,-0.000118109,-0.000102007,-8.18812e-05,-5.84011e-05,-3.38977e-05,-1.06153e-05,9.30692e-06,2.39525e-05,3.19776e-05,3.28791e-05,2.70536e-05,1.5611e-05,0
0,1.15267e-05,2.08708e-05,2.6496e-05,2.7393e-05,2.286e-05,1.27582e-05,-2.3864e-06,-2.14564e-05,-4.29554e-05,-6.52569e-05,-8.66291e-05,-0.000105202,-0.000120508,-0.000132783,-0.000141364,-0.000145784,-0.000145785,-0.00014133,-0.000132589,-0.000119916,-0.00010381,-8.48812e-05,-6.37962e-05,-4.12426e-05,-1.78893e-05,5.64184e-06,2.87954e-05,5.1091e-05,7.21242e-05,9.15596e-05,0.000109121,0.00012458,0.000137747,0.000148468,0.000156622,0.000162132,0.000164979,0.000165214,0.000162978,0.000158515,0.000152181,0.000144444,0.000135871,0.000127101,0.000118812,0.000111675,0.000106296,0.000103164,0.000102598,0.000104709,0.000109376,0.000116241,0.000124738,0.000134136,0.000143612,0.00015233,0.000159531,0.000164614,0.000167204,0.000167191,0.000164743,0.000160285,0.000154449,0.000148001,0.000141755,0.000136486,0.000132848,0.000131312,0.000132126,0.0001353,0.000140616,0.000147667,0.000155896,0.000164662,0.000173298,0.000181161,0.000187684,0.000192403,0.000194979,0.0001952,0.000192978,0.000188326,0.000181337,0.000172159,0.000160965,0.000147934,0.000133233,0.000117007,9.93806e-05,8.04639e-05,6.03706e-05,3.92381e-05,1.72512e-05,-5.33416e-06,-2.81723e-05,-5.0817e-05,-7.27219e-05,-9.32539e-05,-0.00011172,-0.000127408,-0.000139635,-0.000147804,-0.00015146,-0.000150339,-0.000144407,-0.000133882,-0.000119236,-0.000101175,-7.95393e-05,-5.50679e-05,-3.00644e-05,-6.72789e-06,1.28799e-05,2.69564e-05,3.42884e-05,3.44924e-05,2.80457e-05,1.60805e-05,0
0,1.18622e-05,2.1401e-05,2.71923e-05,2.82402e-05,2.38392e-05,1.38247e-05,-1.3244e-06,-2.05515e-05,-4.24225e-05,-6.53636e-05,-8.76906e-05,-0.000107583,-0.000124542,-0.000138735,-0.00014947,-0.000156223,-0.000158663,-0.000156658,-0.000150272,-0.000139752,-0.000125493,-0.000108015,-8.79139e-05,-6.58346e-05,-4.24307e-05,-1.8339e-05,5.84187e-06,2.95647e-05,5.234e-05,7.37356e-05,9.33742e-05,0.000110928,0.000126115,0.000138699,0.000148493,0.000155368,0.000159265,0.000160214,0.000158344,0.000153898,0.000147238,0.000138845,0.000129299,0.000119258,0.000109417,0.000100465,9.30269e-05,8.76157e-05,8.45822e-05,8.40796e-05,8.60432e-05,9.01912e-05,9.60488e-05,0.000102992,0.00011031,0.00011728,0.000123244,0.00012768,0.00013026,0.000130883,0.000129686,0.000127026,0.000123436,0.00011956,0.000116084,0.000113655,0.000112813,0.000113933,0.000117189,0.000122543,0.00012975,0.000138391,0.000147912,0.000157682,0.000167045,0.000175371,0.000182105,0.000186791,0.000189098,0.00018882,0.000185876,0.000180285,0.000172153,0.000161642,0.000148949,0.000134283,0.000117852,9.98503e-05,8.04639e-05,5.98741e-05,3.82718e-05,1.58752e-05,-7.05154e-06,-3.01806e-05,-5.31078e-05,-7.53476e-05,-9.63378e-05,-0.000115457,-0.00013205,-0.000145472,-0.000155128,-0.000160526,-0.000161327,-0.000157383,-0.000148769,-0.000135798,-0.000119018,-9.91841e-05,-7.62352e-05,-5.09698e-05,-2.56535e-05,-2.42947e-06,1.67265e-05,3.01301e-05,3.66976e-05,3.61593e-05,2.90651e-05,1.65614e-05,0
0,1.23444e-05,2.22236e-05,2.83113e-05,2.9618e-05,2.54318e-05,1.55653e-05,4.57635e-07,-1.88854e-05,-4.10821e-05,-6.46046e-05,-8.78127e-05,-0.000108935,-0.000127448,-0.000143457,-0.000156255,-0.000165275,-0.000170124,-0.000170587,-0.000166634,-0.000158407,-0.000146202,-0.000130442,-0.000111646,-9.04022e-05,-6.73313e-05,-4.30659e-05,-1.82261e-05,6.59501e-06,3.08427e-05,5.40057e-05,7.56192e-05,9.52655e-05,0.000112575,0.000127232,0.000138977,0.000147621,0.000153055,0.000155269,0.000154361,0.000150551,0.000144185,0.000135732,0.000125765,0.000114938,0.00010395,9.34964e-05,8.42189e-05,7.66576e-05,7.12043e-05,6.80691e-05,6.72626e-05,6.85962e-05,7.17037e-05,7.60812e-05,8.11425e-05,8.6284e-05,9.09522e-05,9.4705e-05,9.72608e-05,9.85283e-05,9.86135e-05,9.78041e-05,9.65321e-05,9.53198e-05,9.47164e-05,9.5232e-05,9.72772e-05,0.000101115,0.000106832,0.000114322,0.000123302,0.000133333,0.000143862,0.000154271,0.000163928,0.000172231,0.000178654,0.000182773,0.000184282,0.000183002,0.000178872,0.000171934,0.000162313,0.000150196,0.000135804,0.000119379,0.000101169,8.14187e-05,6.03706e-05,3.82718e-05,1.53835e-05,-8.00479e-06,-3.1561e-05,-5.48989e-05,-7.75706e-05,-9.90668e-05,-0.000118825,-0.00013625,-0.00015074,-0.000161723,-0.0001687,-0.000171287,-0.000169256,-0.000162573,-0.000151412,-0.00013617,-0.000117456,-9.6062e-05,-7.2013e-05,-4.6156e-05,-2.07095e-05,2.24763e-06,2.08306e-05,3.34731e-05,3.92166e-05,3.7897e-05,3.0128e-05,1.70633e-05,0
0,1.29817e-05,2.33619e-05,2.98951e-05,3.15895e-05,2.77211e-05,1.80797e-05,3.07066e-06,-1.63411e-05,-3.88156e-05,-6.28615e-05,-8.68762e-05,-0.000109136,-0.000129093,-0.000146802,-0.000161547,-0.000172736,-0.000179924,-0.00018283,-0.000181338,-0.000175499,-0.00016551,-0.0001517,-0.000134508,-0.000114452,-9.21085e-05,-6.8086e-05,-4.30063e-05,-1.74864e-05,7.87476e-06,3.25063e-05,5.58725e-05,7.74787e-05,9.6877e-05,0.000113674,0.000127539,0.000138216,0.000145538,0.00014944,0.000149976,0.000147324,0.000141794,0.000133822,0.000123955,0.000112827,0.000101123,8.95371e-05,7.87224e-05,6.92454e-05,6.15433e-05,5.58914e-05,5.2386e-05,5.09432e-05,5.13169e-05,5.31325e-05,5.59353e-05,5.92457e-05,6.26168e-05,6.56873e-05,6.82226e-05,7.01395e-05,7.15126e-05,7.256e-05,7.36117e-05,7.50638e-05,7.73254e-05,8.07632e-05,8.56513e-05,9.21322e-05,0.000100192,0.000109654,0.000120186,0.000131331,0.000142536,0.000153204,0.000162735,0.00017057,0.000176227,0.000179327,0.000179609,0.00017693,0.000171265,0.000162686,0.000151346,0.000137459,0.000121276,0.000103074,8.31384e-05,6.1761e-05,3.92381e-05,1.58752e-05,-8.00479e-06,-3.20519e-05,-5.58797e-05,-7.90579e-05,-0.000101111,-0.000121522,-0.000139745,-0.000155222,-0.000167414,-0.000175832,-0.000180076,-0.000179866,-0.000175086,-0.0001658,-0.000152273,-0.000134973,-0.000114554,-9.18324e-05,-6.6906e-05,-4.06602e-05,-1.52584e-05,7.29021e-06,2.51933e-05,3.69993e-05,4.18672e-05,3.9729e-05,3.12535e-05,1.75967e-05,0
0,1.3775e-05,2.48255e-05,3.19686e-05,3.41999e-05,3.07752e-05,2.14584e-05,6.6246e-06,-1.2794e-05,-3.54883e-05,-5.99926e-05,-8.47343e-05,-0.000108031,-0.000129314,-0.000148591,-0.00016515,-0.000178381,-0.000187805,-0.000193085,-0.000194038,-0.00019063,-0.000182971,-0.000171303,-0.000155978,-0.000137442,-0.000116214,-9.2865e-05,-6.79988e-05,-4.22355e-05,-1.61961e-05,9.50945e-06,3.42934e-05,5.75999e-05,7.89141e-05,9.77732e-05,0.000113777,0.000126603,0.000136019,0.000141899,0.000144237,0.000143155,0.000138912,0.000131895,0.000122607,0.000111648,9.9676e-05,8.73726e-05,7.53948e-05,6.43323e-05,5.46667e-05,4.67411e-05,4.07414e-05,3.66934e-05,3.4476e-05,3.38483e-05,3.44897e-05,3.60459e-05,3.81774e-05,4.06028e-05,4.31333e-05,4.56935e-05,4.83255e-05,5.11775e-05,5.44772e-05,5.84945e-05,6.34973e-05,6.97073e-05,7.72602e-05,8.61752e-05,9.63373e-05,0.000107495,0.000119271,0.000131189,0.000142703,0.000153243,0.000162251,0.00016922,0.000173726,0.000175445,0.00017417,0.000169807,0.000162374,0.000151978,0.000138807,0.000123104,0.000105154,8.52635e-05,6.37586e-05,4.09733e-05,1.72512e-05,-7.05154e-06,-3.1561e-05,-5.58797e-05,-7.95808e-05,-0.000102207,-0.00012327,-0.000142262,-0.000158665,-0.000171974,-0.00018172,-0.0001875,-0.000189011,-0.000186077,-0.000178679,-0.000166973,-0.000151301,-0.000132186,-0.000110314,-8.65095e-05,-6.09323e-05,-3.4497e-05,-9.3059e-06,1.27043e-05,2.98322e-05,4.07347e-05,4.46786e-05,4.16822e-05,3.24617e-05,1.81719e-05,0
0,1.47168e-05,2.66078e-05,3.45345e-05,3.74697e-05,3.46382e-05,2.57719e-05,1.12157e-05,-8.12485e-06,-3.0962e-05,-5.58452e-05,-8.12227e-05,-0.000105448,-0.000127927,-0.000148629,-0.000166848,-0.000181972,-0.000193496,-0.000201044,-0.000204378,-0.000203397,-0.000198133,-0.000188745,-0.000175506,-0.000158787,-0.000139043,-0.000116793,-9.26089e-05,-6.7093e-05,-4.0868e-05,-1.45612e-05,1.1208e-05,3.58404e-05,5.87692e-05,7.9473e-05,9.74897e-05,0.000112431,0.000124,0.000132003,0.000136368,0.000137151,0.000134546,0.000128879,0.000120597,0.00011025,9.84591e-05,8.58822e-05,7.31717e-05,6.09333e-05,4.9689e-05,3.98458e-05,3.16777e-05,2.53187e-05,2.07712e-05,1.7927e-05,1.65975e-05,1.65516e-05,1.75541e-05,1.94013e-05,2.19484e-05,2.51263e-05,2.89447e-05,3.34829e-05,3.88687e-05,4.5248e-05,5.27514e-05,6.14593e-05,7.13727e-05,8.23913e-05,9.43034e-05,0.000106787,0.000119426,0.000131728,0.000143163,0.000153194,0.000161315,0.000167077,0.000170121,0.000170189,0.000167132,0.000160913,0.000151595,0.000139327,0.000124332,0.000106886,8.73029e-05,6.59241e-05,4.31084e-05,1.92278e-05,-5.33416e-06,-3.01806e-05,-5.48989e-05,-7.90579e-05,-0.000102207,-0.000123876,-0.000143582,-0.00016084,-0.000175174,-0.000186138,-0.000193338,-0.00019646,-0.000195294,-0.000189758,-0.000179923,-0.000166022,-0.000148457,-0.000127792,-0.000104732,-8.00953e-05,-5.40938e-05,-2.76625e-05,-2.83926e-06,1.85122e-05,3.4777e-05,4.47125e-05,4.7683e-05,4.37833e-05,3.37708e-05,1.87976e-05,0
0,1.57903e-05,2.8684e-05,3.75702e-05,4.13883e-05,3.9321e-05,3.10588e-05,1.69131e-05,-2.23489e-06,-2.51113e-05,-5.02715e-05,-7.61751e-05,-0.000101204,-0.000124738,-0.000146705,-0.000166417,-0.000183262,-0.000196724,-0.0002064,-0.000212011,-0.000213402,-0.000210542,-0.000203519,-0.000192532,-0.00017788,-0.000159949,-0.000139201,-0.000116159,-9.13933e-05,-6.55079e-05,-3.91268e-05,-1.28801e-05,1.26093e-05,3.67397e-05,5.89456e-05,7.87129e-05,9.55954e-05,0.000109232,0.000119363,0.000125846,0.000128666,0.000127944,0.000123934,0.000117018,0.000107685,9.65091e-05,8.41141e-05,7.11375e-05,5.81925e-05,4.58324e-05,3.4521e-05,2.46123e-05,1.63417e-05,9.82822e-06,5.08876e-06,2.06032e-06,6.28328e-07,6.56399e-07,2.0137e-06,4.5964e-06,8.34042e-06,1.32241e-05,1.9261e-05,2.64834e-05,3.49207e-05,4.45738e-05,5.53911e-05,6.7248e-05,7.99348e-05,9.31524e-05,0.000106519,0.000119583,0.000131852,0.000142816,0.000151978,0.000158889,0.000163167,0.000164521,0.000162761,0.000157804,0.000149669,0.000138466,0.000124388,0.000107694,8.86889e-05,6.77183e-05,4.51518e-05,2.13776e-05,-3.20178e-06,-2.81723e-05,-5.31078e-05,-7.75706e-05,-0.000101111,-0.00012327,-0.000143582,-0.000161585,-0.000176826,-0.000188883,-0.000197375,-0.000201985,-0.000202484,-0.000198749,-0.000190783,-0.000178732,-0.000162891,-0.000143708,-0.000121774,-9.77971e-05,-7.25814e-05,-4.63784e-05,-2.01382e-05,4.1675e-06,2.4746e-05,4.0063e-05,4.8967e-05,5.09096e-05,4.60539e-05,3.51938e-05,1.94794e-05,0
0,1.69694e-05,3.10102e-05,4.10245e-05,4.59099e-05,4.47941e-05,3.73155e-05,2.37447e-05,4.93779e-06,-1.78415e-05,-4.31475e-05,-6.94427e-05,-9.51296e-05,-0.000119559,-0.000142619,-0.000163639,-0.000182015,-0.000197228,-0.000208861,-0.000216606,-0.00022027,-0.000219771,-0.000215139,-0.000206509,-0.000194113,-0.000178271,-0.000159382,-0.000137912,-0.000114385,-8.9369e-05,-6.3466e-05,-3.72961e-05,-1.14857e-05,1.33474e-05,3.66099e-05,5.77494e-05,7.62721e-05,9.17607e-05,0.000103893,0.000112456,0.000117362,0.000118655,0.000116515,0.000111248,0.000103277,9.31171e-05,8.135e-05,6.85878e-05,5.54402e-05,4.24807e-05,3.02177e-05,1.90736e-05,9.37238e-06,1.33756e-06,-4.90103e-06,-9.29246e-06,-1.18452e-05,-1.26057e-05,-1.16385e-05,-9.01067e-06,-4.78223e-06,9.95823e-07,8.27634e-06,1.70049e-05,2.71045e-05,3.84593e-05,5.08994e-05,6.419e-05,7.80259e-05,9.20349e-05,0.000105787,0.000118812,0.00013062,0.000140732,0.000148699,0.000154132,0.000156718,0.000156239,0.000152573,0.0001457,0.000135696,0.000122721,0.000107006,8.88443e-05,6.85706e-05,4.65551e-05,2.31914e-05,-1.10944e-06,-2.59235e-05,-5.0817e-05,-7.53476e-05,-9.90668e-05,-0.000121522,-0.000142262,-0.00016084,-0.000176826,-0.000189815,-0.00019944,-0.00020539,-0.000207423,-0.00020539,-0.000199243,-0.000189059,-0.000175045,-0.000157544,-0.000137035,-0.000114119,-8.94994e-05,-6.39537e-05,-3.77666e-05,-1.18986e-05,1.1745e-05,3.14388e-05,4.57222e-05,5.35256e-05,5.43787e-05,4.8506e-05,3.67357e-05,2.02179e-05,0
0,1.82194e-05,3.35241e-05,4.48181e-05,5.09505e-05,5.09824e-05,4.44872e-05,3.16855e-05,1.34029e-05,-9.107e-06,-3.43934e-05,-6.09156e-05,-8.70903e-05,-0.000112234,-0.000136196,-0.000158323,-0.000178022,-0.000194779,-0.00020817,-0.000217871,-0.000223664,-0.00022543,-0.000223157,-0.000216925,-0.000206907,-0.000193362,-0.000176626,-0.000157104,-0.000135263,-0.000111622,-8.67435e-05,-6.12187e-05,-3.56581e-05,-1.06761e-05,1.31242e-05,3.51681e-05,5.49276e-05,7.194e-05,8.58272e-05,9.63133e-05,0.000103239,0.000106573,0.000106415,0.000102997,9.66659e-05,8.78746e-05,7.71516e-05,6.5074e-05,5.22358e-05,3.92175e-05,2.65575e-05,1.47305e-05,4.13282e-06,-4.92482e-06,-1.22161e-05,-1.75918e-05,-2.09684e-05,-2.23141e-05,-2.16357e-05,-1.89682e-05,-1.43686e-05,-7.91376e-06,2.96027e-07,1.01307e-05,2.14215e-05,3.39527e-05,4.74546e-05,6.16006e-05,7.60093e-05,9.02524e-05,0.000103868,0.000116377,0.000127309,0.000136218,0.00014271,0.000146459,0.000147223,0.000144853,0.000139296,0.000130592,0.000118871,0.000104336,8.72571e-05,6.79552e-05,4.67907e-05,2.41534e-05,4.5375e-07,-2.38831e-05,-4.84221e-05,-7.27219e-05,-9.63378e-05,-0.000118825,-0.000139745,-0.000158665,-0.000175174,-0.000188883,-0.00019944,-0.00020654,-0.000209939,-0.000209467,-0.000205042,-0.000196686,-0.000184532,-0.000168835,-0.00014997,-0.000128433,-0.000104825,-7.98328e-05,-5.42014e-05,-2.82418e-05,-2.92207e-06,1.99174e-05,3.8614e-05,5.17739e-05,5.84006e-05,5.80946e-05,5.11373e-05,3.83908e-05,2.10083e-05,0
0,1.94976e-05,3.61461e-05,4.8844e-05,5.63882e-05,5.77626e-05,5.24632e-05,4.06483e-05,2.31048e-05,1.07245e-06,-2.39929e-05,-5.05441e-05,-7.70072e-05,-0.000102661,-0.000127314,-0.000150329,-0.000171127,-0.0001892,-0.000204126,-0.000215576,-0.000223314,-0.000227203,-0.000227195,-0.000223333,-0.000215743,-0.000204626,-0.000190261,-0.000172989,-0.000153215,-0.000131402,-0.000108055,-8.37238e-05,-5.89832e-05,-3.44257e-05,-1.06456e-05,1.17775e-05,3.22969e-05,5.04183e-05,6.57193e-05,7.78688e-05,8.66431e-05,9.19387e-05,9.37799e-05,9.23188e-05,8.78294e-05,8.06934e-05,7.13805e-05,6.04225e-05,4.83861e-05,3.58436e-05,2.33469e-05,1.14047e-05,4.65746e-07,-9.09222e-06,-1.69665e-05,-2.29287e-05,-2.68201e-05,-2.85442e-05,-2.80604e-05,-2.53771e-05,-2.05485e-05,-1.3673e-05,-4.89453e-06,5.5951e-06,1.75531e-05,3.06841e-05,4.46401e-05,5.90252e-05,7.34029e-05,8.73085e-05,0.000100265,0.0001118,0.000121468,0.00012887,0.000133666,0.000135595,0.000134485,0.000130253,0.000122908,0.000112549,9.93506e-05,8.35571e-05,6.54692e-05,4.54315e-05,2.38225e-05,1.04444e-06,-2.24838e-05,-4.63329e-05,-7.00683e-05,-9.32539e-05,-0.000115457,-0.00013625,-0.000155222,-0.000171974,-0.000186138,-0.000197375,-0.00020539,-0.000209939,-0.000210842,-0.000207992,-0.000201367,-0.000191041,-0.000177193,-0.000160109,-0.000140185,-0.000117921,-9.39081e-05,-6.88078e-05,-4.33279e-05,-1.7802e-05,6.7965e-06,2.86899e-05,4.62737e-05,5.8214e-05,6.3581e-05,6.20403e-05,5.39277e-05,4.01405e-05,2.18389e-05,0
0,2.07557e-05,3.87827e-05,5.29713e-05,6.20654e-05,6.49643e-05,6.10743e-05,5.04785e-05,3.39142e-05,1.25991e-05,-1.20093e-05,-3.83579e-05,-6.48796e-05,-9.08137e-05,-0.000115924,-0.00013959,-0.000161245,-0.000180391,-0.00019661,-0.000209572,-0.00021904,-0.000224863,-0.000226975,-0.000225391,-0.000220199,-0.000211559,-0.000199692,-0.000184883,-0.000167474,-0.00014786,-0.000126487,-0.000103844,-8.04577e-05,-5.68815e-05,-3.36827e-05,-1.14281e-05,9.33395e-06,2.80927e-05,4.43957e-05,5.78681e-05,6.82316e-05,7.53182e-05,7.90809e-05,7.95967e-05,7.70642e-05,7.1793e-05,6.41877e-05,5.47266e-05,4.39367e-05,3.23681e-05,2.05685e-05,9.0607e-06,-1.67588e-06,-1.12188e-05,-1.92112e-05,-2.53668e-05,-2.94702e-05,-3.13761e-05,-3.10068e-05,-2.83501e-05,-2.34577e-05,-1.64439e-05,-7.48525e-06,3.18055e-06,1.52563e-05,2.83895e-05,4.21781e-05,5.61808e-05,6.99288e-05,8.29418e-05,9.47448e-05,0.000104886,0.000112957,0.000118605,0.000121552,0.000121601,0.000118642,0.000112655,0.000103708,9.19457e-05,7.75855e-05,6.09032e-05,4.22233e-05,2.19068e-05,3.4203e-07,-2.20648e-05,-4.48962e-05,-6.773e-05,-9.01439e-05,-0.00011172,-0.00013205,-0.00015074,-0.000167414,-0.00018172,-0.000193338,-0.000201985,-0.000207423,-0.000209467,-0.000207992,-0.000202945,-0.000194352,-0.000182329,-0.000167082,-0.00014892,-0.000128245,-0.000105552,-8.14139e-05,-5.64623e-05,-3.13644e-05,-6.47366e-06,1.72323e-05,3.80361e-05,5.43872e-05,6.50065e-05,6.90258e-05,6.61723e-05,5.6836e-05,4.19516e-05,2.26906e-05,0
0,2.1941e-05,4.133e-05,5.70497e-05,6.77944e-05,7.2374e-05,7.00955e-05,6.09539e-05,4.56237e-05,2.52899e-05,1.40375e-06,-2.44796e-05,-5.08009e-05,-7.67591e-05,-0.000102072,-0.000126135,-0.00014839,-0.000168349,-0.0001856,-0.000199821,-0.000210773,-0.000218304,-0.000222341,-0.000222881,-0.000219988,-0.000213787,-0.000204455,-0.000192223,-0.000177373,-0.000160233,-0.00014118,-0.00012064,-9.90746e-05,-7.69852e-05,-5.48962e-05,-3.33447e-05,-1.28637e-05,6.03628e-06,2.28877e-05,3.72866e-05,4.89116e-05,5.7541e-05,6.30642e-05,6.54887e-05,6.49403e-05,6.16561e-05,5.59725e-05,4.83071e-05,3.91369e-05,2.89757e-05,1.83497e-05,7.7757e-06,-2.25785e-06,-1.13071e-05,-1.89846e-05,-2.49678e-05,-2.90045e-05,-3.09163e-05,-3.05999e-05,-2.80285e-05,-2.32509e-05,-1.63913e-05,-7.64697e-06,2.71531e-06,1.43649e-05,2.69155e-05,3.9936e-05,5.29642e-05,6.55224e-05,7.71347e-05,8.73453e-05,9.57356e-05,0.000101941,0.000105663,0.000106683,0.000104863,0.000100156,9.25956e-05,8.22973e-05,6.9448e-05,5.42963e-05,3.71419e-05,1.83242e-05,-1.78779e-06,-2.28053e-05,-4.43278e-05,-6.59498e-05,-8.72674e-05,-0.000107882,-0.000127408,-0.000145472,-0.000161723,-0.000175832,-0.0001875,-0.00019646,-0.000202484,-0.00020539,-0.000205042,-0.000201367,-0.000194352,-0.000184061,-0.000170634,-0.0001543,-0.000135372,-0.000114252,-9.14209e-05,-6.74287e-05,-4.28739e-05,-1.83819e-05,5.67596e-06,2.83188e-05,4.78873e-05,6.28823e-05,7.20761e-05,7.46585e-05,7.04177e-05,5.97985e-05,4.37765e-05,2.35372e-05,0
0,2.29994e-05,4.3678e-05,6.0916e-05,7.33641e-05,7.97428e-05,7.92527e-05,7.17892e-05,5.79506e-05,3.88756e-05,1.59982e-05,-9.13262e-06,-3.49695e-05,-6.06729e-05,-8.59156e-05,-0.000110103,-0.000132687,-0.000153187,-0.0001712,-0.000186407,-0.000198578,-0.000207563,-0.000213288,-0.000215745,-0.000214984,-0.000211105,-0.000204252,-0.000194609,-0.000182403,-0.000167899,-0.000151406,-0.000133277,-0.000113905,-9.37277e-05,-7.32127e-05,-5.28528e-05,-3.31498e-05,-1.45977e-05,2.33695e-06,1.72359e-05,2.97492e-05,3.96132e-05,4.66643e-05,5.08485e-05,5.22237e-05,5.0957e-05,4.73151e-05,4.165e-05,3.43804e-05,2.59711e-05,1.69111e-05,7.69273e-06,-1.20812e-06,-9.34864e-06,-1.63333e-05,-2.18252e-05,-2.55547e-05,-2.7326e-05,-2.70215e-05,-2.46049e-05,-2.01224e-05,-1.37014e-05,-5.54807e-06,4.05866e-06,1.47753e-05,2.62052e-05,3.79122e-05,4.94372e-05,6.03153e-05,7.00943e-05,7.83528e-05,8.47161e-05,8.88707e-05,9.05749e-05,8.96667e-05,8.60671e-05,7.97793e-05,7.0886e-05,5.95417e-05,4.59643e-05,3.04252e-05,1.32378e-05,-5.25253e-06,-2.46787e-05,-4.46611e-05,-6.48149e-05,-8.47577e-05,-0.000104114,-0.000122522,-0.000139635,-0.000155128,-0.0001687,-0.000180076,-0.000189011,-0.000195294,-0.000198749,-0.000199243,-0.000196686,-0.000191041,-0.000182329,-0.000170634,-0.000156116,-0.000139009,-0.000119626,-9.83601e-05,-7.56738e-05,-5.20893e-05,-2.81707e-05,-4.5022e-06,1.85283e-05,3.99375e-05,5.81242e-05,7.16387e-05,7.93031e-05,8.03649e-05,7.4673e-05,6.27295e-05,4.5553e-05,2.43459e-05,0
0,2.38777e-05,4.5716e-05,6.44008e-05,7.85491e-05,8.67959e-05,8.82323e-05,8.26455e-05,7.05442e-05,5.30066e-05,3.14347e-05,7.36011e-06,-1.769e-05,-4.28418e-05,-6.7724e-05,-9.17514e-05,-0.000114384,-0.000135145,-0.000153639,-0.000169554,-0.000182664,-0.000192828,-0.000199976,-0.000204102,-0.00020525,-0.000203506,-0.000198989,-0.000191849,-0.000182264,-0.000170443,-0.000156628,-0.000141101,-0.000124183,-0.000106239,-8.76715e-05,-6.89177e-05,-5.0434e-05,-3.26828e-05,-1.61141e-05,-1.1451e-06,1.18604e-05,2.26105e-05,3.09006e-05,3.66247e-05,3.97806e-05,4.04696e-05,3.88899e-05,3.53254e-05,3.01302e-05,2.37105e-05,1.65047e-05,8.96352e-06,1.53173e-06,-5.36953e-06,-1.13577e-05,-1.61016e-05,-1.93323e-05,-2.08512e-05,-2.05369e-05,-1.8349e-05,-1.43302e-05,-8.60558e-06,-1.37859e-06,7.07556e-06,1.642e-05,2.62691e-05,3.62042e-05,4.57906e-05,5.45963e-05,6.22094e-05,6.82557e-05,7.24132e-05,7.44244e-05,7.41044e-05,7.13464e-05,6.61225e-05,5.84815e-05,4.85441e-05,3.64945e-05,2.2572e-05,7.06037e-06,-9.72292e-06,-2.74365e-05,-4.5725e-05,-6.42276e-05,-8.25856e-05,-0.000100449,-0.000117481,-0.000133365,-0.000147804,-0.000160526,-0.000171287,-0.000179866,-0.000186077,-0.000189758,-0.000190783,-0.000189059,-0.000184532,-0.000177193,-0.000167082,-0.0001543,-0.000139009,-0.000121444,-0.000101911,-8.07881e-05,-5.85167e-05,-3.55904e-05,-1.25385e-05,1.00953e-05,3.19069e-05,5.19135e-05,6.85724e-05,8.04847e-05,8.65229e-05,8.59927e-05,7.88054e-05,6.55218e-05,4.72061e-05,2.50778e-05,0
0,2.45261e-05,4.73373e-05,6.73363e-05,8.31194e-05,9.32444e-05,9.66947e-05,9.31438e-05,8.29997e-05,6.72648e-05,4.72936e-05,2.45847e-05,6.33867e-07,-2.36589e-05,-4.78808e-05,-7.14558e-05,-9.38496e-05,-0.00011459,-0.000133284,-0.000149624,-0.000163391,-0.000174449,-0.000182737,-0.000188254,-0.000191046,-0.000191193,-0.000188799,-0.000183988,-0.000176901,-0.000167697,-0.00015656,-0.000143702,-0.000129375,-0.000113868,-9.75158e-05,-8.0688e-05,-6.37859e-05,-4.72281e-05,-3.14338e-05,-1.68044e-05,-3.70309e-06,7.56407e-06,1.67645e-05,2.37515e-05,2.84718e-05,3.09672e-05,3.1371e-05,2.98993e-05,2.68383e-05,2.25283e-05,1.73468e-05,1.169e-05,5.9553e-06,5.24726e-07,-4.25014e-06,-8.06155e-06,-1.06569e-05,-1.18481e-05,-1.15189e-05,-9.62962e-06,-6.21923e-06,-1.40474e-06,4.62295e-06,1.16064e-05,1.92323e-05,2.71451e-05,3.49625e-05,4.22931e-05,4.87536e-05,5.39864e-05,5.76744e-05,5.95546e-05,5.94277e-05,5.71646e-05,5.27093e-05,4.60787e-05,3.73589e-05,2.6699e-05,1.43034e-05,4.22425e-07,-1.46579e-05,-3.06257e-05,-4.71533e-05,-6.39065e-05,-8.05527e-05,-9.6768e-05,-0.000112244,-0.000126691,-0.000139843,-0.00015146,-0.000161327,-0.000169256,-0.000175086,-0.000178679,-0.000179923,-0.000178732,-0.000175045,-0.000168835,-0.000160109,-0.00014892,-0.000135372,-0.000119626,-0.000101911,-8.2521e-05,-6.18166e-05,-4.02168e-05,-1.81871e-05,3.77711e-06,2.51709e-05,4.55758e-05,6.40131e-05,7.90027e-05,8.9199e-05,9.35277e-05,9.13547e-05,8.26554e-05,6.80507e-05,4.86503e-05,2.56896e-05,0
0,2.49004e-05,4.84441e-05,6.9564e-05,8.68507e-05,9.8798e-05,0.000104288,0.000102881,9.48744e-05,8.11816e-05,6.30918e-05,4.20532e-05,1.95144e-05,-3.60927e-06,-2.68685e-05,-4.96976e-05,-7.15674e-05,-9.20076e-05,-0.000110625,-0.000127114,-0.000141258,-0.000152928,-0.000162069,-0.000168687,-0.000172832,-0.000174586,-0.000174047,-0.000171321,-0.000166522,-0.000159771,-0.000151199,-0.000140961,-0.00012924,-0.000116255,-0.000102267,-8.75785e-05,-7.25263e-05,-5.74757e-05,-4.28037e-05,-2.88829e-05,-1.60621e-05,-4.64779e-06,5.1124e-06,1.30433e-05,1.90508e-05,2.31257e-05,2.53419e-05,2.58504e-05,2.48689e-05,2.26688e-05,1.95597e-05,1.58735e-05,1.19485e-05,8.11413e-06,4.67649e-06,1.90577e-06,2.51382e-08,-7.98537e-07,-4.61815e-07,1.0705e-06,3.76323e-06,7.51173e-06,1.21459e-05,1.74376e-05,2.31108e-05,2.8855e-05,3.43398e-05,3.92312e-05,4.32074e-05,4.59745e-05,4.72796e-05,4.69217e-05,4.476e-05,4.07182e-05,3.47859e-05,2.70176e-05,1.75277e-05,6.48485e-06,-5.89645e-06,-1.93646e-05,-3.36407e-05,-4.8428e-05,-6.34213e-05,-7.83163e-05,-9.28164e-05,-0.000106641,-0.000119528,-0.000131242,-0.000141573,-0.000150339,-0.000157383,-0.000162573,-0.0001658,-0.000166973,-0.000166022,-0.000162891,-0.000157544,-0.00014997,-0.000140185,-0.000128245,-0.000114252,-9.83601e-05,-8.07881e-05,-6.18166e-05,-4.17883e-05,-2.11007e-05,-1.92551e-07,2.0473e-05,4.04284e-05,5.92429e-05,7.59488e-05,8.91348e-05,9.75147e-05,0.000100071,9.62336e-05,8.60422e-05,7.01778e-05,4.97929e-05,2.6135e-05,0
0,2.49639e-05,4.89521e-05,7.09413e-05,8.95343e-05,0.000103178,0.000110666,0.000111447,0.000105708,9.42577e-05,7.83046e-05,5.92262e-05,3.84038e-05,1.67532e-05,-5.24693e-06,-2.70435e-05,-4.81122e-05,-6.7983e-05,-8.62602e-05,-0.000102636,-0.000116893,-0.000128904,-0.000138618,-0.000146048,-0.00015125,-0.000154309,-0.000155322,-0.000154388,-0.000151602,-0.000147057,-0.000140846,-0.000133072,-0.000123861,-0.000113366,-0.000101778,-8.93309e-05,-7.62952e-05,-6.29761e-05,-4.97e-05,-3.68e-05,-2.45988e-05,-1.33905e-05,-3.42516e-06,5.10582e-06,1.20786e-05,1.74424e-05,2.12193e-05,2.35004e-05,2.44379e-05,2.42335e-05,2.31263e-05,2.13787e-05,1.92624e-05,1.70447e-05,1.49762e-05,1.32792e-05,1.21378e-05,1.16896e-05,1.20192e-05,1.31542e-05,1.50632e-05,1.76571e-05,2.07925e-05,2.42789e-05,2.78877e-05,3.13643e-05,3.44408e-05,3.68505e-05,3.83413e-05,3.86887e-05,3.77071e-05,3.52582e-05,3.12574e-05,2.56767e-05,1.85452e-05,9.94701e-06,1.65104e-08,-1.10674e-05,-2.30893e-05,-3.58052e-05,-4.8952e-05,-6.22565e-05,-7.54438e-05,-8.82464e-05,-0.000100411,-0.000111703,-0.000121916,-0.000130868,-0.000138407,-0.000144407,-0.000148769,-0.000151412,-0.000152273,-0.000151301,-0.000148457,-0.000143708,-0.000137035,-0.000128433,-0.000117921,-0.000105552,-9.14209e-05,-7.56738e-05,-5.85167e-05,-4.02168e-05,-2.11007e-05,-1.5463e-06,1.80313e-05,3.71982e-05,5.55231e-05,7.25678e-05,8.7386e-05,9.86457e-05,0.000105128,0.000105878,0.00010039,8.87705e-05,7.17564e-05,5.05376e-05,2.63673e-05,0
0,2.46896e-05,4.87941e-05,7.13484e-05,9.0986e-05,0.000106128,0.000115498,0.000118444,0.00011504,0.000105986,9.23903e-05,7.55393e-05,5.67232e-05,3.68359e-05,1.63764e-05,-4.11671e-06,-2.41241e-05,-4.31744e-05,-6.08675e-05,-7.68891e-05,-9.10177e-05,-0.000103122,-0.000113151,-0.000121121,-0.000127091,-0.000131153,-0.000133405,-0.000133944,-0.000132856,-0.000130216,-0.00012609,-0.000120542,-0.00011365,-0.00010551,-9.62528e-05,-8.60439e-05,-7.509e-05,-6.36336e-05,-5.19453e-05,-4.0311e-05,-2.90174e-05,-1.8336e-05,-8.50702e-06,2.73158e-07,7.86243e-06,1.41787e-05,1.92014e-05,2.2969e-05,2.55732e-05,2.71497e-05,2.78679e-05,2.79193e-05,2.75059e-05,2.68283e-05,2.6076e-05,2.5417e-05,2.49902e-05,2.48986e-05,2.52039e-05,2.59239e-05,2.70307e-05,2.84523e-05,3.00757e-05,3.1753e-05,3.33094e-05,3.45522e-05,3.52824e-05,3.53056e-05,3.44428e-05,3.25411e-05,2.94817e-05,2.51867e-05,1.96236e-05,1.28069e-05,4.79805e-06,-4.29711e-06,-1.43325e-05,-2.51275e-05,-3.64739e-05,-4.81436e-05,-5.98967e-05,-7.14903e-05,-8.26863e-05,-9.32589e-05,-0.000103002,-0.000111733,-0.000119298,-0.000125571,-0.000130457,-0.000133882,-0.000135798,-0.00013617,-0.000134973,-0.000132186,-0.000127792,-0.000121774,-0.000114119,-0.000104825,-9.39081e-05,-8.14139e-05,-6.74287e-05,-5.20893e-05,-3.55904e-05,-1.81871e-05,-1.92551e-07,1.80313e-05,3.60883e-05,5.35689e-05,7.00761e-05,8.51737e-05,9.79542e-05,0.000107179,0.000111707,0.00011065,0.000103571,9.06381e-05,7.2638e-05,5.07894e-05,2.63409e-05,0
0,2.40616e-05,4.79238e-05,7.06938e-05,9.10548e-05,0.000107428,0.000118488,0.0001235,0.000122432,0.000115871,0.000104813,9.04319e-05,7.3896e-05,5.60429e-05,3.73816e-05,1.84374e-05,-2.73915e-07,-1.82785e-05,-3.51699e-05,-5.0625e-05,-6.4413e-05,-7.63941e-05,-8.6512e-05,-9.47791e-05,-0.000101257,-0.000106039,-0.000109226,-0.000110919,-0.0001112,-0.000110135,-0.000107774,-0.000104156,-9.93207e-05,-9.33217e-05,-8.6235e-05,-7.81691e-05,-6.92693e-05,-5.9717e-05,-4.97251e-05,-3.95281e-05,-2.93701e-05,-1.94909e-05,-1.01116e-05,-1.42239e-06,6.42701e-06,1.33339e-05,1.92451e-05,2.41554e-05,2.81035e-05,3.11652e-05,3.34447e-05,3.50654e-05,3.61605e-05,3.68639e-05,3.73021e-05,3.75867e-05,3.7809e-05,3.80344e-05,3.83e-05,3.86118e-05,3.89451e-05,3.92453e-05,3.94313e-05,3.93996e-05,3.90309e-05,3.8197e-05,3.67691e-05,3.46256e-05,3.16603e-05,2.77895e-05,2.29581e-05,1.71438e-05,1.036e-05,2.65712e-06,-5.87882e-06,-1.51279e-05,-2.49403e-05,-3.51412e-05,-4.55371e-05,-5.59222e-05,-6.60861e-05,-7.58212e-05,-8.49301e-05,-9.32326e-05,-0.000100571,-0.000106815,-0.000111864,-0.000115643,-0.000118109,-0.000119236,-0.000119018,-0.000117456,-0.000114554,-0.000110314,-0.000104732,-9.77971e-05,-8.94994e-05,-7.98328e-05,-6.88078e-05,-5.64623e-05,-4.28739e-05,-2.81707e-05,-1.25385e-05,3.77711e-06,2.0473e-05,3.71982e-05,5.35689e-05,6.91906e-05,8.36909e-05,9.66593e-05,0.000107257,0.000114358,0.000116905,0.000114084,0.000105522,9.14453e-05,7.26797e-05,5.04588e-05,2.60144e-05,0
0,2.30758e-05,4.63185e-05,6.8919e-05,8.96298e-05,0.000106899,0.000119382,0.000126283,0.000127478,0.000123445,0.000115062,0.000103371,8.9386e-05,7.38153e-05,5.71727e-05,3.99865e-05,2.27725e-05,6.00666e-06,-9.89762e-06,-2.4607e-05,-3.78777e-05,-4.95569e-05,-5.95764e-05,-6.79395e-05,-7.47032e-05,-7.99582e-05,-8.38089e-05,-8.63569e-05,-8.76883e-05,-8.78676e-05,-8.69371e-05,-8.49219e-05,-8.18393e-05,-7.77096e-05,-7.25683e-05,-6.64754e-05,-5.95224e-05,-5.18346e-05,-4.35686e-05,-3.49067e-05,-2.60466e-05,-1.71902e-05,-8.5318e-06,-2.46453e-07,7.51866e-06,1.46506e-05,2.10737e-05,2.67492e-05,3.16724e-05,3.58674e-05,3.93804e-05,4.2273e-05,4.46146e-05,4.64755e-05,4.7922e-05,4.90106e-05,4.97851e-05,5.02739e-05,5.04884e-05,5.04227e-05,5.00542e-05,4.93452e-05,4.82452e-05,4.66943e-05,4.46274e-05,4.19788e-05,3.86872e-05,3.47004e-05,2.99808e-05,2.45086e-05,1.82861e-05,1.13398e-05,3.72196e-06,-4.48938e-06,-1.31909e-05,-2.22563e-05,-3.15392e-05,-4.08774e-05,-5.00977e-05,-5.90219e-05,-6.74734e-05,-7.52833e-05,-8.22972e-05,-8.8381e-05,-9.34257e-05,-9.73499e-05,-0.000100101,-0.000101654,-0.000102007,-0.000101175,-9.91841e-05,-9.6062e-05,-9.18324e-05,-8.65095e-05,-8.00953e-05,-7.25814e-05,-6.39537e-05,-5.42014e-05,-4.33279e-05,-3.13644e-05,-1.83819e-05,-4.5022e-06,1.00953e-05,2.51709e-05,4.04284e-05,5.55231e-05,7.00761e-05,8.36909e-05,9.59711e-05,0.000106607,0.000114882,0.000119793,0.000120371,0.000115876,0.000105997,9.10055e-05,7.17524e-05,4.94685e-05,2.53533e-05,0
0,2.17415e-05,4.39814e-05,6.60031e-05,8.66467e-05,0.000104416,0.000117982,0.000126515,0.000129822,0.000128282,0.00012266,0.000113869,0.000102651,8.95646e-05,7.51478e-05,5.99316e-05,4.44286e-05,2.91139e-05,1.44051e-05,6.45409e-07,-1.1907e-05,-2.30822e-05,-3.27946e-05,-4.1032e-05,-4.78398e-05,-5.33014e-05,-5.75192e-05,-6.05965e-05,-6.26235e-05,-6.36687e-05,-6.3776e-05,-6.29671e-05,-6.12485e-05,-5.86217e-05,-5.50942e-05,-5.06896e-05,-4.5456e-05,-3.94698e-05,-3.28368e-05,-2.56887e-05,-1.8176e-05,-1.04598e-05,-2.70163e-06,4.94577e-06,1.23465e-05,1.93871e-05,2.59798e-05,3.20627e-05,3.75982e-05,4.25688e-05,4.69725e-05,5.08176e-05,5.41174e-05,5.68859e-05,5.91343e-05,6.08687e-05,6.20892e-05,6.27888e-05,6.29548e-05,6.25693e-05,6.16113e-05,6.00578e-05,5.78864e-05,5.50773e-05,5.16151e-05,4.7491e-05,4.27052e-05,3.72681e-05,3.12026e-05,2.45451e-05,1.73469e-05,9.67463e-06,1.61072e-06,-6.74688e-06,-1.52856e-05,-2.38797e-05,-3.23928e-05,-4.06806e-05,-4.85954e-05,-5.59901e-05,-6.27244e-05,-6.86695e-05,-7.37141e-05,-7.77687e-05,-8.07696e-05,-8.268e-05,-8.34899e-05,-8.32128e-05,-8.18812e-05,-7.95393e-05,-7.62352e-05,-7.2013e-05,-6.6906e-05,-6.09323e-05,-5.40938e-05,-4.63784e-05,-3.77666e-05,-2.82418e-05,-1.7802e-05,-6.47366e-06,5.67596e-06,1.85283e-05,3.19069e-05,4.55758e-05,5.92429e-05,7.25678e-05,8.51737e-05,9.66593e-05,0.000106607,0.000114575,0.000120404,0.000123094,0.000121765,0.000115743,0.000104773,8.91566e-05,6.97495e-05,4.77585e-05,2.43329e-05,0
0,2.00818e-05,4.09436e-05,6.19665e-05,8.20937e-05,9.99161e-05,0.000114153,0.000123978,0.000129157,0.000129994,0.000127156,0.000121262,0.000112805,0.000102298,9.02564e-05,7.71928e-05,6.36038e-05,4.99546e-05,3.66604e-05,2.40699e-05,1.24544e-05,2.00197e-06,-7.18081e-06,-1.50609e-05,-2.16653e-05,-2.70644e-05,-3.13529e-05,-3.46328e-05,-3.69979e-05,-3.85236e-05,-3.92613e-05,-3.92382e-05,-3.84618e-05,-3.69276e-05,-3.46287e-05,-3.15658e-05,-2.77553e-05,-2.32355e-05,-1.80689e-05,-1.23413e-05,-6.1584e-06,3.60522e-07,7.08985e-06,1.39049e-05,2.06886e-05,2.73359e-05,3.37572e-05,3.98785e-05,4.56407e-05,5.09966e-05,5.59074e-05,6.03396e-05,6.42611e-05,6.76395e-05,7.04403e-05,7.26268e-05,7.41613e-05,7.50068e-05,7.51292e-05,7.45002e-05,7.30992e-05,7.09158e-05,6.79515e-05,6.42202e-05,5.97486e-05,5.45764e-05,4.8755e-05,4.2347e-05,3.54249e-05,2.80701e-05,2.03719e-05,1.24268e-05,4.33761e-06,-3.78672e-06,-1.18323e-05,-1.96811e-05,-2.72123e-05,-3.43045e-05,-4.08389e-05,-4.67021e-05,-5.17909e-05,-5.60164e-05,-5.93084e-05,-6.16183e-05,-6.2922e-05,-6.32199e-05,-6.25354e-05,-6.09106e-05,-5.84011e-05,-5.50679e-05,-5.09698e-05,-4.6156e-05,-4.06602e-05,-3.4497e-05,-2.76625e-05,-2.01382e-05,-1.18986e-05,-2.92207e-06,6.7965e-06,1.72323e-05,2.83188e-05,3.99375e-05,5.19135e-05,6.40131e-05,7.59488e-05,8.7386e-05,9.79542e-05,0.000107257,0.000114882,0.000120404,0.000123398,0.000123886,0.000120768,0.000113434,0.000101664,8.5773e-05,6.65968e-05,4.52928e-05,2.29415e-05,0
0,1.8134e-05,3.72656e-05,5.68735e-05,7.60168e-05,9.34018e-05,0.000107833,0.000118527,0.000125243,0.000128242,0.00012792,0.000124631,0.000118778,0.000110803,0.000101171,9.03503e-05,7.8806e-05,6.69797e-05,5.52732e-05,4.40329e-05,3.35373e-05,2.39905e-05,1.55204e-05,8.18393e-06,1.97701e-06,-3.15139e-06,-7.28286e-06,-1.0513e-05,-1.29364e-05,-1.4635e-05,-1.56707e-05,-1.6082e-05,-1.58861e-05,-1.50834e-05,-1.36654e-05,-1.16228e-05,-8.9534e-06,-5.66869e-06,-1.79768e-06,2.61181e-06,7.49441e-06,1.27706e-05,1.83515e-05,2.41438e-05,3.00547e-05,3.59956e-05,4.18843e-05,4.76457e-05,5.32109e-05,5.85155e-05,6.34976e-05,6.80949e-05,7.22436e-05,7.58773e-05,7.89278e-05,8.13265e-05,8.30073e-05,8.39102e-05,8.39848e-05,8.31945e-05,8.15192e-05,7.89582e-05,7.55307e-05,7.12766e-05,6.62545e-05,6.05404e-05,5.42241e-05,4.74061e-05,4.01947e-05,3.27024e-05,2.50435e-05,1.73323e-05,9.68151e-06,2.20132e-06,-5.00083e-06,-1.18209e-05,-1.81589e-05,-2.39198e-05,-2.90157e-05,-3.33677e-05,-3.6909e-05,-3.95881e-05,-4.13714e-05,-4.22455e-05,-4.22183e-05,-4.1318e-05,-3.95906e-05,-3.70951e-05,-3.38977e-05,-3.00644e-05,-2.56535e-05,-2.07095e-05,-1.52584e-05,-9.3059e-06,-2.83926e-06,4.1675e-06,1.1745e-05,1.99174e-05,2.86899e-05,3.80361e-05,4.78873e-05,5.81242e-05,6.85724e-05,7.90027e-05,8.91348e-05,9.86457e-05,0.000107179,0.000114358,0.000119793,0.000123094,0.000123886,0.000121816,0.000117106,0.000108746,9.65372e-05,8.07797e-05,6.22623e-05,4.20659e-05,2.11833e-05,0
0,1.59496e-05,3.30378e-05,5.08354e-05,6.85252e-05,8.49535e-05,9.90462e-05,0.000110101,0.000117911,0.000122577,0.000124251,0.000123175,0.000119657,0.000114054,0.00010676,9.81848e-05,8.87445e-05,7.88423e-05,6.88535e-05,5.91108e-05,4.98912e-05,4.14082e-05,3.38079e-05,2.71704e-05,2.15167e-05,1.68192e-05,1.3015e-05,1.00203e-05,7.74467e-06,6.1027e-06,5.02321e-06,4.45422e-06,4.36432e-06,4.74051e-06,5.58349e-06,6.90134e-06,8.70282e-06,1.09914e-05,1.37606e-05,1.69912e-05,2.06509e-05,2.4695e-05,2.90688e-05,3.37109e-05,3.85556e-05,4.35358e-05,4.8584e-05,5.36331e-05,5.86156e-05,6.34621e-05,6.81003e-05,7.24536e-05,7.64405e-05,7.99752e-05,8.29693e-05,8.5335e-05,8.69889e-05,8.78567e-05,8.78784e-05,8.70123e-05,8.52391e-05,8.25643e-05,7.90189e-05,7.4659e-05,6.95635e-05,6.38305e-05,5.75729e-05,5.09137e-05,4.39808e-05,3.69029e-05,2.98052e-05,2.28074e-05,1.60211e-05,9.54943e-06,3.48632e-06,-2.08317e-06,-7.08292e-06,-1.1446e-05,-1.51152e-05,-1.80443e-05,-2.01999e-05,-2.15628e-05,-2.21297e-05,-2.19145e-05,-2.09474e-05,-1.92738e-05,-1.6951e-05,-1.4043e-05,-1.06153e-05,-6.72789e-06,-2.42947e-06,2.24763e-06,7.29021e-06,1.27043e-05,1.85122e-05,2.4746e-05,3.14388e-05,3.8614e-05,4.62737e-05,5.43872e-05,6.28823e-05,7.16387e-05,8.04847e-05,8.9199e-05,9.75147e-05,0.000105128,0.000111707,0.000116905,0.000120371,0.000121765,0.000120768,0.000117106,0.000110559,0.000101548,8.93302e-05,7.41657e-05,5.67657e-05,3.8108e-05,1.90808e-05,0
0,1.35932e-05,2.83797e-05,4.40111e-05,5.97951e-05,7.47368e-05,8.79124e-05,9.87364e-05,0.000107013,0.000112673,0.000115765,0.000116428,0.000114875,0.000111379,0.000106252,9.98326e-05,9.24756e-05,8.45321e-05,7.6338e-05,6.81991e-05,6.03797e-05,5.30929e-05,4.64955e-05,4.06864e-05,3.57102e-05,3.15638e-05,2.82066e-05,2.55716e-05,2.35782e-05,2.21432e-05,2.11902e-05,2.06563e-05,2.04956e-05,2.06799e-05,2.11966e-05,2.20451e-05,2.32313e-05,2.47634e-05,2.66466e-05,2.88804e-05,3.14562e-05,3.43567e-05,3.75564e-05,4.10224e-05,4.47156e-05,4.85921e-05,5.26035e-05,5.66969e-05,6.08144e-05,6.48918e-05,6.88585e-05,7.26359e-05,7.61386e-05,7.92753e-05,8.19513e-05,8.40724e-05,8.55496e-05,8.6304e-05,8.62725e-05,8.54127e-05,8.37064e-05,8.11624e-05,7.78169e-05,7.37329e-05,6.89971e-05,6.37157e-05,5.80093e-05,5.20069e-05,4.58405e-05,3.964e-05,3.35285e-05,2.76192e-05,2.20137e-05,1.68008e-05,1.20562e-05,7.8433e-06,4.21362e-06,1.20731e-06,-1.14654e-06,-2.83011e-06,-3.83727e-06,-4.17422e-06,-3.85982e-06,-2.92541e-06,-1.41376e-06,6.23189e-07,3.12772e-06,6.04074e-06,9.30692e-06,1.28799e-05,1.67265e-05,2.08306e-05,2.51933e-05,2.98322e-05,3.4777e-05,4.0063e-05,4.57222e-05,5.17739e-05,5.8214e-05,6.50065e-05,7.20761e-05,7.93031e-05,8.65229e-05,9.35277e-05,0.000100071,0.000105878,0.00011065,0.000114084,0.000115876,0.000115743,0.000113434,0.000108746,0.000101548,9.17987e-05,8.00702e-05,6.59974e-05,5.0187e-05,3.349e-05,1.66765e-05,0
0,1.11404e-05,2.34368e-05,3.66051e-05,5.00725e-05,6.3011e-05,7.46664e-05,8.46448e-05,9.26935e-05,9.86803e-05,0.000102576,0.00010444,0.000104402,0.000102649,9.9414e-05,9.49602e-05,8.95709e-05,8.35362e-05,7.71407e-05,7.06515e-05,6.43073e-05,5.83091e-05,5.28138e-05,4.79311e-05,4.37234e-05,4.02099e-05,3.73721e-05,3.51635e-05,3.35182e-05,3.23615e-05,3.16182e-05,3.12205e-05,3.11123e-05,3.12524e-05,3.16148e-05,3.21868e-05,3.29666e-05,3.39593e-05,3.51736e-05,3.66179e-05,3.82979e-05,4.02152e-05,4.23654e-05,4.47384e-05,4.73178e-05,5.00811e-05,5.29993e-05,5.60366e-05,5.91494e-05,6.2286e-05,6.53853e-05,6.83775e-05,7.11843e-05,7.37207e-05,7.58977e-05,7.76264e-05,7.88224e-05,7.94115e-05,7.9334e-05,7.85504e-05,7.70446e-05,7.48261e-05,7.19309e-05,6.84202e-05,6.43776e-05,5.99044e-05,5.51149e-05,5.01301e-05,4.50723e-05,4.00597e-05,3.52021e-05,3.05976e-05,2.63307e-05,2.24716e-05,1.90757e-05,1.61849e-05,1.38281e-05,1.20226e-05,1.07748e-05,1.00808e-05,9.92719e-06,1.0291e-05,1.11406e-05,1.24366e-05,1.41333e-05,1.61812e-05,1.85305e-05,2.11342e-05,2.39525e-05,2.69564e-05,3.01301e-05,3.34731e-05,3.69993e-05,4.07347e-05,4.47125e-05,4.8967e-05,5.35256e-05,5.84006e-05,6.3581e-05,6.90258e-05,7.46585e-05,8.03649e-05,8.59927e-05,9.13547e-05,9.62336e-05,0.00010039,0.000103571,0.000105522,0.000105997,0.000104773,0.000101664,9.65372e-05,8.93302e-05,8.00702e-05,6.88933e-05,5.6431e-05,4.2672e-05,2.83239e-05,1.40326e-05,0
0,8.67337e-06,1.83736e-05,2.88617e-05,3.96709e-05,5.01366e-05,5.9825e-05,6.83964e-05,7.56029e-05,8.12877e-05,8.53775e-05,8.78727e-05,8.88365e-05,8.83846e-05,8.66743e-05,8.38949e-05,8.02575e-05,7.59858e-05,7.13055e-05,6.64351e-05,6.15762e-05,5.69055e-05,5.25679e-05,4.86726e-05,4.52911e-05,4.24579e-05,4.01743e-05,3.84134e-05,3.71276e-05,3.62558e-05,3.57316e-05,3.54895e-05,3.54709e-05,3.5628e-05,3.59252e-05,3.63402e-05,3.68623e-05,3.74905e-05,3.82311e-05,3.90942e-05,4.00918e-05,4.12349e-05,4.25323e-05,4.39886e-05,4.56037e-05,4.73718e-05,4.92803e-05,5.13095e-05,5.34314e-05,5.5609e-05,5.77963e-05,5.99381e-05,6.19706e-05,6.38236e-05,6.54225e-05,6.66924e-05,6.75618e-05,6.79675e-05,6.78591e-05,6.7203e-05,6.59858e-05,6.42164e-05,6.19261e-05,5.91677e-05,5.60132e-05,5.25494e-05,4.88735e-05,4.50878e-05,4.12947e-05,3.75915e-05,3.40673e-05,3.07995e-05,2.78522e-05,2.52754e-05,2.31053e-05,2.1365e-05,2.00656e-05,1.92075e-05,1.87818e-05,1.87711e-05,1.91512e-05,1.98915e-05,2.09564e-05,2.23067e-05,2.39016e-05,2.57004e-05,2.76658e-05,2.97659e-05,3.19776e-05,3.42884e-05,3.66976e-05,3.92166e-05,4.18672e-05,4.46786e-05,4.7683e-05,5.09096e-05,5.43787e-05,5.80946e-05,6.20403e-05,6.61723e-05,7.04177e-05,7.4673e-05,7.88054e-05,8.26554e-05,8.60422e-05,8.87705e-05,9.06381e-05,9.14453e-05,9.10055e-05,8.91566e-05,8.5773e-05,8.07797e-05,7.41657e-05,6.59974e-05,5.6431e-05,4.57196e-05,3.4432e-05,2.27604e-05,1.1228e-05,0
0,6.27341e-06,1.33612e-05,2.1051e-05,2.89627e-05,3.67778e-05,4.41898e-05,5.09319e-05,5.67937e-05,6.16259e-05,6.53403e-05,6.79044e-05,6.93353e-05,6.96926e-05,6.90708e-05,6.75926e-05,6.54018e-05,6.26558e-05,5.95189e-05,5.61549e-05,5.27195e-05,4.93542e-05,4.61803e-05,4.32941e-05,4.07648e-05,3.86334e-05,3.69137e-05,3.55955e-05,3.46493e-05,3.40309e-05,3.36882e-05,3.35662e-05,3.36121e-05,3.37798e-05,3.4032e-05,3.43419e-05,3.46933e-05,3.50798e-05,3.55032e-05,3.59713e-05,3.64959e-05,3.70906e-05,3.77688e-05,3.85422e-05,3.94193e-05,4.04042e-05,4.14958e-05,4.26863e-05,4.39609e-05,4.52973e-05,4.66647e-05,4.80246e-05,4.93315e-05,5.05337e-05,5.1576e-05,5.24021e-05,5.29584e-05,5.31969e-05,5.30796e-05,5.2581e-05,5.16911e-05,5.0417e-05,4.87826e-05,4.68288e-05,4.46106e-05,4.21941e-05,3.96533e-05,3.70654e-05,3.4507e-05,3.20503e-05,2.976e-05,2.76909e-05,2.58866e-05,2.43789e-05,2.31881e-05,2.23233e-05,2.1784e-05,2.15613e-05,2.16389e-05,2.19947e-05,2.2602e-05,2.34307e-05,2.44488e-05,2.56235e-05,2.69233e-05,2.83193e-05,2.97876e-05,3.13107e-05,3.28791e-05,3.44924e-05,3.61593e-05,3.7897e-05,3.9729e-05,4.16822e-05,4.37833e-05,4.60539e-05,4.8506e-05,5.11373e-05,5.39277e-05,5.6836e-05,5.97985e-05,6.27295e-05,6.55218e-05,6.80507e-05,7.01778e-05,7.17564e-05,7.2638e-05,7.26797e-05,7.17524e-05,6.97495e-05,6.65968e-05,6.22623e-05,5.67657e-05,5.0187e-05,4.2672e-05,3.4432e-05,2.57349e-05,1.69776e-05,8.35105e-06,0
0,4.00981e-06,8.55704e-06,1.34447e-05,1.85495e-05,2.3689e-05,2.86682e-05,3.33058e-05,3.74497e-05,4.09836e-05,4.38297e-05,4.5947e-05,4.73283e-05,4.79958e-05,4.79972e-05,4.7401e-05,4.62922e-05,4.4768e-05,4.2933e-05,4.08942e-05,3.87569e-05,3.66192e-05,3.45685e-05,3.26772e-05,3.10005e-05,2.9575e-05,2.84185e-05,2.75315e-05,2.6899e-05,2.64946e-05,2.62834e-05,2.62267e-05,2.62854e-05,2.64232e-05,2.66094e-05,2.68203e-05,2.70396e-05,2.72591e-05,2.74772e-05,2.76981e-05,2.79302e-05,2.81844e-05,2.84729e-05,2.88073e-05,2.91978e-05,2.96517e-05,3.01728e-05,3.07604e-05,3.14086e-05,3.2106e-05,3.28353e-05,3.35738e-05,3.42931e-05,3.49611e-05,3.55424e-05,3.60011e-05,3.63024e-05,3.64153e-05,3.6315e-05,3.5985e-05,3.54189e-05,3.46215e-05,3.36087e-05,3.24073e-05,3.10536e-05,2.9591e-05,2.80679e-05,2.65346e-05,2.50405e-05,2.36318e-05,2.23492e-05,2.12263e-05,2.02887e-05,1.95538e-05,1.90305e-05,1.87204e-05,1.8618e-05,1.87121e-05,1.89868e-05,1.94226e-05,1.99976e-05,2.06884e-05,2.14715e-05,2.23242e-05,2.3226e-05,2.41598e-05,2.51127e-05,2.60777e-05,2.70536e-05,2.80457e-05,2.90651e-05,3.0128e-05,3.12535e-05,3.24617e-05,3.37708e-05,3.51938e-05,3.67357e-05,3.83908e-05,4.01405e-05,4.19516e-05,4.37765e-05,4.5553e-05,4.72061e-05,4.86503e-05,4.97929e-05,5.05376e-05,5.07894e-05,5.04588e-05,4.94685e-05,4.77585e-05,4.52928e-05,4.20659e-05,3.8108e-05,3.349e-05,2.83239e-05,2.27604e-05,1.69776e-05,1.11604e-05,5.48731e-06,0
0,1.92287e-06,4.07424e-06,6.41153e-06,8.88904e-06,1.14259e-05,1.39284e-05,1.63047e-05,1.84739e-05,2.03715e-05,2.19508e-05,2.31833e-05,2.40574e-05,2.45769e-05,2.47587e-05,2.46314e-05,2.42325e-05,2.36069e-05,2.28044e-05,2.18773e-05,2.08783e-05,1.98578e-05,1.88616e-05,1.79292e-05,1.70918e-05,1.63717e-05,1.57816e-05,1.53247e-05,1.49965e-05,1.47852e-05,1.46742e-05,1.46439e-05,1.46739e-05,1.47443e-05,1.48377e-05,1.49402e-05,1.50417e-05,1.51363e-05,1.52219e-05,1.53e-05,1.53745e-05,1.54514e-05,1.55374e-05,1.56396e-05,1.57644e-05,1.5917e-05,1.61008e-05,1.63171e-05,1.65644e-05,1.68383e-05,1.71316e-05,1.7434e-05,1.77326e-05,1.80122e-05,1.82562e-05,1.84474e-05,1.85692e-05,1.86068e-05,1.85481e-05,1.83854e-05,1.81155e-05,1.7741e-05,1.72696e-05,1.67144e-05,1.60933e-05,1.54272e-05,1.47398e-05,1.40553e-05,1.33975e-05,1.27885e-05,1.22474e-05,1.17898e-05,1.14269e-05,1.1166e-05,1.10098e-05,1.09573e-05,1.10039e-05,1.11423e-05,1.13629e-05,1.16541e-05,1.20039e-05,1.23995e-05,1.28285e-05,1.32797e-05,1.37433e-05,1.42115e-05,1.46796e-05,1.51456e-05,1.5611e-05,1.60805e-05,1.65614e-05,1.70633e-05,1.75967e-05,1.81719e-05,1.87976e-05,1.94794e-05,2.02179e-05,2.10083e-05,2.18389e-05,2.26906e-05,2.35372e-05,2.43459e-05,2.50778e-05,2.56896e-05,2.6135e-05,2.63673e-05,2.63409e-05,2.60144e-05,2.53533e-05,2.43329e-05,2.29415e-05,2.11833e-05,1.90808e-05,1.66765e-05,1.40326e-05,1.1228e-05,8.35105e-06,5.48731e-06,2.69943e-06,0
0,0,0,0,0,0,0,0,0,0,0,0,0,0,0,0,0,0,0,0,0,0,0,0,0,0,0,0,0,0,0,0,0,0,0,0,0,0,0,0,0,0,0,0,0,0,0,0,0,0,0,0,0,0,0,0,0,0,0,0,0,0,0,0,0,0,0,0,0,0,0,0,0,0,0,0,0,0,0,0,0,0,0,0,0,0,0,0,0,0,0,0,0,0,0,0,0,0,0,0,0,0,0,0,0,0,0,0,0,0,0,0,0,0,0,0,0,0,0,0
