0,0,0,0,0,0,0,0,0,0,0,0,0,0,0,0,0,0,0,0,0,0,0,0,0,0,0,0,0,0,0,0,0,0,0,0,0,0,0,0,0,0,0,0,0,0,0,0,0,0,0,0,0,0,0,0,0,0,0,0,0,0,0,0,0,0,0,0,0,0,0,0,0,0,0,0,0,0,0,0,0,0,0,0,0,0,0,0,0,0,0,0,0,0,0,0,0,0,0,0,0,0,0,0,0,0,0,0,0,0,0,0,0,0,0,0,0,0,0,0
0,-1.77922e-06,-3.76616e-06,-5.94357e-06,-8.25243e-06,-1.0599e-05,-1.28743e-05,-1.49685e-05,-1.67812e-05,-1.82276e-05,-1.92431e-05,-1.97853e-05,-1.9834e-05,-1.93912e-05,-1.84796e-05,-1.71401e-05,-1.54294e-05,-1.34171e-05,-1.11826e-05,-8.81136e-06,-6.39199e-06,-4.01266e-06,-1.75801e-06,2.93874e-07,2.0742e-06,3.52591e-06,4.6057e-06,5.28548e-06,5.55325e-06,5.41335e-06,4.88587e-06,4.00538e-06,2.819e-06,1.38371e-06,-2.36626e-07,-1.97462e-06,-3.76278e-06,-5.53673e-06,-7.23808e-06,-8.81681e-06,-1.02329e-05,-1.14575e-05,-1.24727e-05,-1.32716e-05,-1.38573e-05,-1.42411e-05,-1.4441e-05,-1.44797e-05,-1.43829e-05,-1.41776e-05,-1.38902e-05,-1.35456e-05,-1.31658e-05,-1.27699e-05,-1.23734e-05,-1.19881e-05,-1.16227e-05,-1.12829e-05,-1.0972e-05,-1.06915e-05,-1.04417e-05,-1.02219e-05,-1.00307e-05,-9.86648e-06,-9.72674e-06,-9.60828e-06,-9.50666e-06,-9.41584e-06,-9.32777e-06,-9.23209e-06,-9.11596e-06,-8.96423e-06,-8.75976e-06,-8.48414e-06,-8.11872e-06,-7.64578e-06,-7.05011e-06,-6.32052e-06,-5.45146e-06,-4.44444e-06,-3.30924e-06,-2.06472e-06,-7.39016e-07,6.30704e-07,1.99924e-06,3.31494e-06,4.52186e-06,5.56238e-06,6.38013e-06,6.92307e-06,7.14645e-06,7.01555e-06,6.50799e-06,5.61546e-06,4.34476e-06,2.71818e-06,7.73075e-07,-1.43915e-06,-3.85476e-06,-6.39989e-06,-8.99319e-06,-1.15488e-05,-1.39796e-05,-1.62002e-05,-1.81307e-05,-1.96993e-05,-2.08457e-05,-2.15234e-05,-2.17023e-05,-2.13702e-05,-2.05344e-05,-1.92222e-05,-1.74811e-05,-1.53771e-05,-1.29928e-05,-1.04221e-05,-7.7627e-06,-5.10439e-06,-2.51176e-06,0
0,-3.76616e-06,-8.03358e-06,-1.2657e-05,-1.74482e-05,-2.21999e-05,-2.66876e-05,-3.06961e-05,-3.40369e-05,-3.65598e-05,-3.81578e-05,-3.877e-05,-3.83804e-05,-3.70163e-05,-3.47435e-05,-3.16621e-05,-2.79002e-05,-2.36081e-05,-1.89517e-05,-1.41055e-05,-9.24666e-06,-4.54808e-06,-1.72642e-07,3.73246e-06,7.04081e-06,9.65114e-06,1.14908e-05,1.25183e-05,1.27243e-05,1.21318e-05,1.07942e-05,8.79254e-06,6.23082e-06,3.23059e-06,-7.54668e-08,-3.5503e-06,-7.05931e-06,-1.04767e-05,-1.36909e-05,-1.66089e-05,-1.91593e-05,-2.12936e-05,-2.29863e-05,-2.42336e-05,-2.50508e-05,-2.54694e-05,-2.55332e-05,-2.52943e-05,-2.48093e-05,-2.41357e-05,-2.33289e-05,-2.24396e-05,-2.1512e-05,-2.05829e-05,-1.96811e-05,-1.88278e-05,-1.80373e-05,-1.73178e-05,-1.66734e-05,-1.61047e-05,-1.56109e-05,-1.51897e-05,-1.48389e-05,-1.45559e-05,-1.43377e-05,-1.41802e-05,-1.4077e-05,-1.40185e-05,-1.39909e-05,-1.39748e-05,-1.39454e-05,-1.38718e-05,-1.37182e-05,-1.3445e-05,-1.30108e-05,-1.23748e-05,-1.15e-05,-1.03566e-05,-8.92532e-06,-7.20027e-06,-5.19204e-06,-2.92939e-06,-4.6027e-07,2.14841e-06,4.81226e-06,7.43223e-06,9.8985e-06,1.20955e-05,1.39076e-05,1.52251e-05,1.59505e-05,1.60038e-05,1.53279e-05,1.38923e-05,1.16956e-05,8.76724e-06,5.16695e-06,9.83603e-07,-3.6677e-06,-8.64942e-06,-1.38064e-05,-1.89712e-05,-2.39707e-05,-2.86316e-05,-3.27878e-05,-3.62863e-05,-3.89934e-05,-4.08004e-05,-4.16288e-05,-4.14341e-05,-4.02098e-05,-3.79894e-05,-3.48476e-05,-3.08994e-05,-2.62971e-05,-2.12231e-05,-1.58774e-05,-1.04578e-05,-5.12942e-06,0
0,-5.94357e-06,-1.2657e-05,-1.99432e-05,-2.73086e-05,-3.44022e-05,-4.08762e-05,-4.6421e-05,-5.07844e-05,-5.37817e-05,-5.52999e-05,-5.52959e-05,-5.37931e-05,-5.08748e-05,-4.66774e-05,-4.13814e-05,-3.52022e-05,-2.83806e-05,-2.11732e-05,-1.38425e-05,-6.64774e-06,1.63808e-07,6.36517e-06,1.17572e-05,1.6175e-05,1.94938e-05,2.16328e-05,2.25581e-05,2.22832e-05,2.08677e-05,1.84142e-05,1.50626e-05,1.09828e-05,6.36588e-06,1.41415e-06,-3.66889e-06,-8.68848e-06,-1.34676e-05,-1.78542e-05,-2.17271e-05,-2.49989e-05,-2.76173e-05,-2.95641e-05,-3.08523e-05,-3.15215e-05,-3.16332e-05,-3.12639e-05,-3.04998e-05,-2.94305e-05,-2.81439e-05,-2.67219e-05,-2.52367e-05,-2.37488e-05,-2.23057e-05,-2.09417e-05,-1.96794e-05,-1.85305e-05,-1.74988e-05,-1.65825e-05,-1.57769e-05,-1.50761e-05,-1.44756e-05,-1.39726e-05,-1.35661e-05,-1.32567e-05,-1.30448e-05,-1.29286e-05,-1.29021e-05,-1.29524e-05,-1.30582e-05,-1.31882e-05,-1.3301e-05,-1.3345e-05,-1.3261e-05,-1.29841e-05,-1.24478e-05,-1.15889e-05,-1.03518e-05,-8.69454e-06,-6.59343e-06,-4.04777e-06,-1.08328e-06,2.24567e-06,5.85557e-06,9.63509e-06,1.34483e-05,1.71399e-05,2.05416e-05,2.34804e-05,2.57873e-05,2.73062e-05,2.79025e-05,2.74714e-05,2.5944e-05,2.32923e-05,1.95325e-05,1.47258e-05,8.97715e-06,2.43308e-06,-4.72353e-06,-1.22792e-05,-1.99973e-05,-2.7626e-05,-3.49079e-05,-4.15886e-05,-4.74265e-05,-5.22021e-05,-5.57268e-05,-5.78509e-05,-5.84711e-05,-5.75369e-05,-5.50556e-05,-5.10963e-05,-4.57923e-05,-3.93404e-05,-3.1996e-05,-2.40608e-05,-1.5861e-05,-7.80616e-06,0
0,-8.25243e-06,-1.74482e-05,-2.73086e-05,-3.73236e-05,-4.65375e-05,-5.45933e-05,-6.11126e-05,-6.58182e-05,-6.85365e-05,-6.91937e-05,-6.78082e-05,-6.44809e-05,-5.93838e-05,-5.2749e-05,-4.48553e-05,-3.60161e-05,-2.65667e-05,-1.68517e-05,-7.213e-06,2.02119e-06,1.0547e-05,1.80941e-05,2.44349e-05,2.93908e-05,3.28387e-05,3.47148e-05,3.50164e-05,3.38009e-05,3.11833e-05,2.73297e-05,2.2449e-05,1.67821e-05,1.05899e-05,4.13965e-06,-2.30789e-06,-8.51093e-06,-1.42573e-05,-1.9373e-05,-2.37276e-05,-2.7237e-05,-2.98634e-05,-3.1612e-05,-3.25265e-05,-3.26819e-05,-3.21769e-05,-3.11259e-05,-2.96504e-05,-2.78719e-05,-2.59051e-05,-2.38526e-05,-2.18009e-05,-1.98184e-05,-1.7954e-05,-1.62382e-05,-1.46853e-05,-1.32958e-05,-1.20612e-05,-1.09671e-05,-9.99825e-06,-9.14122e-06,-8.38742e-06,-7.73439e-06,-7.18576e-06,-6.75006e-06,-6.43816e-06,-6.26002e-06,-6.22083e-06,-6.31717e-06,-6.5337e-06,-6.84055e-06,-7.19209e-06,-7.52702e-06,-7.7701e-06,-7.83536e-06,-7.63079e-06,-7.06418e-06,-6.04978e-06,-4.5155e-06,-2.4099e-06,2.91203e-07,3.57928e-06,7.40917e-06,1.16972e-05,1.63213e-05,2.11244e-05,2.59189e-05,3.04949e-05,3.46294e-05,3.8097e-05,4.06818e-05,4.21883e-05,4.24531e-05,4.13538e-05,3.88168e-05,3.48231e-05,2.94109e-05,2.26766e-05,1.47723e-05,5.90199e-06,-3.68476e-06,-1.37011e-05,-2.38325e-05,-3.37472e-05,-4.31078e-05,-5.15835e-05,-5.88617e-05,-6.46602e-05,-6.87385e-05,-7.09078e-05,-7.10413e-05,-6.90832e-05,-6.50567e-05,-5.9072e-05,-5.13318e-05,-4.2134e-05,-3.1867e-05,-2.114e-05,-1.04653e-05,0
0,-1.0599e-05,-2.21999e-05,-3.44022e-05,-4.65375e-05,-5.77078e-05,-6.67364e-05,-7.34894e-05,-7.77207e-05,-7.93237e-05,-7.83153e-05,-7.48188e-05,-6.90473e-05,-6.12871e-05,-5.18822e-05,-4.12184e-05,-2.97077e-05,-1.77735e-05,-5.83641e-06,5.69927e-06,1.64576e-05,2.61023e-05,3.43463e-05,4.09606e-05,4.5781e-05,4.87133e-05,4.97358e-05,4.88994e-05,4.63251e-05,4.21977e-05,3.67565e-05,3.02837e-05,2.309e-05,1.5499e-05,7.83123e-06,3.88581e-07,-6.55951e-06,-1.27873e-05,-1.81207e-05,-2.2442e-05,-2.56908e-05,-2.7861e-05,-2.89962e-05,-2.91813e-05,-2.85336e-05,-2.71926e-05,-2.53101e-05,-2.30401e-05,-2.05306e-05,-1.79155e-05,-1.53098e-05,-1.28049e-05,-1.04669e-05,-8.33672e-06,-6.43169e-06,-4.74905e-06,-3.27069e-06,-1.96874e-06,-8.11462e-07,2.31053e-07,1.1821e-06,2.05487e-06,2.85066e-06,3.55903e-06,4.1598e-06,4.62666e-06,4.93204e-06,5.05272e-06,4.97536e-06,4.70164e-06,4.25222e-06,3.66912e-06,3.01642e-06,2.37877e-06,1.85812e-06,1.56854e-06,1.62946e-06,2.15784e-06,3.25948e-06,5.02021e-06,7.49744e-06,1.07125e-05,1.46449e-05,1.92279e-05,2.43479e-05,2.9845e-05,3.5518e-05,4.11315e-05,4.64258e-05,5.11289e-05,5.49694e-05,5.76912e-05,5.90663e-05,5.8908e-05,5.70814e-05,5.35121e-05,4.81921e-05,4.11827e-05,3.26145e-05,2.26846e-05,1.16513e-05,-1.74078e-07,-1.24364e-05,-2.47487e-05,-3.6705e-05,-4.78937e-05,-5.79121e-05,-6.63805e-05,-7.29556e-05,-7.73447e-05,-7.93176e-05,-7.87199e-05,-7.54861e-05,-6.96539e-05,-6.13798e-05,-5.09537e-05,-3.89403e-05,-2.6063e-05,-1.29996e-05,0
0,-1.28743e-05,-2.66876e-05,-4.08762e-05,-5.45933e-05,-6.67364e-05,-7.63643e-05,-8.24773e-05,-8.53504e-05,-8.50065e-05,-8.16026e-05,-7.54029e-05,-6.67562e-05,-5.60754e-05,-4.38197e-05,-3.04767e-05,-1.65458e-05,-2.5217e-06,1.112e-05,2.39369e-05,3.5532e-05,4.55645e-05,5.37595e-05,5.99149e-05,6.39081e-05,6.56987e-05,6.53295e-05,6.29237e-05,5.86796e-05,5.28601e-05,4.57811e-05,3.77949e-05,2.92732e-05,2.05887e-05,1.20967e-05,4.11853e-06,-3.07213e-06,-9.26001e-06,-1.42944e-05,-1.80916e-05,-2.06324e-05,-2.19571e-05,-2.21572e-05,-2.13642e-05,-1.97393e-05,-1.74605e-05,-1.47115e-05,-1.16714e-05,-8.50532e-06,-5.35689e-06,-2.34297e-06,4.4986e-07,2.9665e-06,5.18234e-06,7.10027e-06,8.74571e-06,1.01603e-05,1.13947e-05,1.25008e-05,1.35244e-05,1.44999e-05,1.54449e-05,1.63592e-05,1.72243e-05,1.80065e-05,1.86617e-05,1.91416e-05,1.94012e-05,1.94059e-05,1.91382e-05,1.86035e-05,1.78335e-05,1.68876e-05,1.58524e-05,1.48384e-05,1.39749e-05,1.34033e-05,1.32679e-05,1.37071e-05,1.48431e-05,1.67717e-05,1.95531e-05,2.32035e-05,2.76894e-05,3.2923e-05,3.87621e-05,4.50123e-05,5.14325e-05,5.77444e-05,6.36442e-05,6.88167e-05,7.29505e-05,7.57546e-05,7.6973e-05,7.63996e-05,7.38897e-05,6.93693e-05,6.28418e-05,5.43899e-05,4.41761e-05,3.24388e-05,1.94856e-05,5.68443e-06,-8.54792e-06,-2.2759e-05,-3.64751e-05,-4.9217e-05,-6.05151e-05,-6.99254e-05,-7.7044e-05,-8.15219e-05,-8.30797e-05,-8.15247e-05,-7.67707e-05,-6.88646e-05,-5.8057e-05,-4.49376e-05,-3.03992e-05,-1.52939e-05,0
0,-1.49685e-05,-3.06961e-05,-4.6421e-05,-6.11126e-05,-7.34894e-05,-8.24773e-05,-8.75169e-05,-8.81565e-05,-8.51197e-05,-7.87431e-05,-6.94529e-05,-5.77395e-05,-4.41378e-05,-2.92096e-05,-1.35266e-05,2.34684e-06,1.78693e-05,3.25371e-05,4.5898e-05,5.7562e-05,6.72121e-05,7.46121e-05,7.96127e-05,8.21558e-05,8.22752e-05,8.00947e-05,7.58219e-05,6.97391e-05,6.21896e-05,5.35609e-05,4.42662e-05,3.47234e-05,2.53349e-05,1.64685e-05,8.44118e-06,1.50615e-06,-4.15509e-06,-8.43611e-06,-1.13042e-05,-1.27949e-05,-1.3003e-05,-1.20713e-05,-1.01778e-05,-7.52226e-06,-4.31392e-06,-7.59107e-07,2.94898e-06,6.63897e-06,1.01681e-05,1.34269e-05,1.63415e-05,1.88743e-05,2.10214e-05,2.28089e-05,2.42864e-05,2.55197e-05,2.65815e-05,2.75432e-05,2.84659e-05,2.93938e-05,3.03491e-05,3.13295e-05,3.23093e-05,3.32419e-05,3.40663e-05,3.47144e-05,3.51197e-05,3.52257e-05,3.49947e-05,3.44137e-05,3.34997e-05,3.23019e-05,3.09016e-05,2.94099e-05,2.79629e-05,2.67152e-05,2.58314e-05,2.54767e-05,2.58062e-05,2.69541e-05,2.90231e-05,3.20739e-05,3.61171e-05,4.11063e-05,4.69345e-05,5.34336e-05,6.03777e-05,6.74898e-05,7.44527e-05,8.09224e-05,8.65443e-05,9.09709e-05,9.38791e-05,9.4988e-05,9.40741e-05,9.09846e-05,8.56468e-05,7.80751e-05,6.83733e-05,5.67336e-05,4.34324e-05,2.88222e-05,1.33218e-05,-2.59702e-06,-1.84239e-05,-3.36255e-05,-4.7662e-05,-6.0003e-05,-7.01425e-05,-7.76126e-05,-8.19978e-05,-8.2951e-05,-8.0217e-05,-7.35685e-05,-6.31339e-05,-4.95842e-05,-3.39473e-05,-1.72413e-05,0
0,-1.67812e-05,-3.40369e-05,-5.07844e-05,-6.58182e-05,-7.77207e-05,-8.53504e-05,-8.81565e-05,-8.62603e-05,-7.99281e-05,-7.01997e-05,-5.76622e-05,-4.29327e-05,-2.66452e-05,-9.43772e-06,8.0626e-06,2.52549e-05,4.15802e-05,5.65351e-05,6.96844e-05,8.06714e-05,8.92267e-05,9.51753e-05,9.84404e-05,9.90451e-05,9.7111e-05,9.28521e-05,8.65657e-05,7.86182e-05,6.94281e-05,5.9445e-05,4.91281e-05,3.8923e-05,2.92406e-05,2.04384e-05,1.28055e-05,6.55314e-06,1.80971e-06,-1.37818e-06,-3.04017e-06,-3.2727e-06,-2.22665e-06,-9.34695e-08,2.9093e-06,6.55198e-06,1.06056e-05,1.4853e-05,1.90985e-05,2.31748e-05,2.69491e-05,3.03257e-05,3.32481e-05,3.5698e-05,3.76923e-05,3.92783e-05,4.05266e-05,4.15229e-05,4.23581e-05,4.31189e-05,4.38784e-05,4.46886e-05,4.55754e-05,4.65354e-05,4.75376e-05,4.85263e-05,4.94279e-05,5.01592e-05,5.06369e-05,5.0787e-05,5.05541e-05,4.99083e-05,4.88514e-05,4.74193e-05,4.5683e-05,4.37472e-05,4.17463e-05,3.98386e-05,3.81992e-05,3.70111e-05,3.64549e-05,3.66982e-05,3.78842e-05,4.012e-05,4.34662e-05,4.79274e-05,5.34452e-05,5.9894e-05,6.7081e-05,7.47497e-05,8.2588e-05,9.02403e-05,9.73233e-05,0.000103444,0.00010822,0.000111297,0.000112372,0.000111207,0.000107643,0.000101612,9.31405e-05,8.23551e-05,6.94777e-05,5.4821e-05,3.87792e-05,2.18161e-05,4.45111e-06,-1.27564e-05,-2.92234e-05,-4.43593e-05,-5.75793e-05,-6.8315e-05,-7.60232e-05,-8.01953e-05,-8.01444e-05,-7.53869e-05,-6.6006e-05,-5.26894e-05,-3.65514e-05,-1.87536e-05,0
0,-1.82276e-05,-3.65598e-05,-5.37817e-05,-6.85365e-05,-7.93237e-05,-8.50065e-05,-8.51197e-05,-7.99281e-05,-7.02638e-05,-5.7016e-05,-4.12973e-05,-2.38127e-05,-5.25515e-06,1.36975e-05,3.23955e-05,5.02322e-05,6.66587e-05,8.11973e-05,9.34527e-05,0.000103122,0.000110001,0.000113991,0.000115101,0.000113445,0.000109237,0.000102785,9.44748e-05,8.4751e-05,7.40974e-05,6.30124e-05,5.1984e-05,4.14664e-05,3.18585e-05,2.34871e-05,1.65944e-05,1.1333e-05,7.7654e-06,5.86972e-06,5.55e-06,6.64948e-06,8.9659e-06,1.22673e-05,1.63072e-05,2.08383e-05,2.5624e-05,3.04482e-05,3.51229e-05,3.9493e-05,4.34407e-05,4.68873e-05,4.9793e-05,5.21562e-05,5.40098e-05,5.54158e-05,5.64585e-05,5.72359e-05,5.78494e-05,5.83947e-05,5.89521e-05,5.95787e-05,6.03029e-05,6.11224e-05,6.20043e-05,6.28895e-05,6.36992e-05,6.4343e-05,6.47295e-05,6.4775e-05,6.44135e-05,6.36037e-05,6.2335e-05,6.06307e-05,5.85498e-05,5.61858e-05,5.36642e-05,5.11385e-05,4.87841e-05,4.67913e-05,4.53563e-05,4.46713e-05,4.49137e-05,4.62334e-05,4.87412e-05,5.24963e-05,5.74963e-05,6.36691e-05,7.08681e-05,7.88728e-05,8.73925e-05,9.60761e-05,0.000104527,0.000112319,0.000119021,0.000124213,0.000127517,0.000128607,0.000127237,0.000123247,0.00011658,0.000107282,9.55036e-05,8.15002e-05,6.562e-05,4.82957e-05,3.00301e-05,1.13807e-05,-7.05675e-06,-2.46639e-05,-4.08127e-05,-5.4871e-05,-6.62001e-05,-7.38347e-05,-7.67685e-05,-7.43725e-05,-6.66204e-05,-5.41514e-05,-3.81098e-05,-1.97672e-05,0
0,-1.92431e-05,-3.81578e-05,-5.52999e-05,-6.91937e-05,-7.83153e-05,-8.16026e-05,-7.87431e-05,-7.01997e-05,-5.7016e-05,-4.05025e-05,-2.18678e-05,-2.05085e-06,1.82476e-05,3.83491e-05,5.76127e-05,7.54524e-05,9.1352e-05,0.000104878,0.000115693,0.000123558,0.000128347,0.000130046,0.000128752,0.000124674,0.000118121,0.00010949,9.92487e-05,8.79103e-05,7.60119e-05,6.40853e-05,5.26311e-05,4.20944e-05,3.28449e-05,2.51628e-05,1.92307e-05,1.51324e-05,1.2859e-05,1.23187e-05,1.3352e-05,1.57484e-05,1.92638e-05,2.36373e-05,2.86061e-05,3.39177e-05,3.93397e-05,4.46665e-05,4.97247e-05,5.43758e-05,5.85183e-05,6.20879e-05,6.50575e-05,6.74352e-05,6.92607e-05,7.06013e-05,7.15444e-05,7.21899e-05,7.26412e-05,7.29952e-05,7.33337e-05,7.37157e-05,7.41723e-05,7.4704e-05,7.52813e-05,7.58488e-05,7.63312e-05,7.66418e-05,7.66914e-05,7.63976e-05,7.56935e-05,7.4535e-05,7.29054e-05,7.08197e-05,6.83258e-05,6.55045e-05,6.24684e-05,5.93593e-05,5.6344e-05,5.361e-05,5.13584e-05,4.97957e-05,4.91238e-05,4.95283e-05,5.11648e-05,5.41456e-05,5.85255e-05,6.42905e-05,7.13487e-05,7.95252e-05,8.85632e-05,9.81294e-05,0.000107826,0.000117209,0.000125808,0.000133148,0.000138781,0.000142302,0.000143376,0.000141755,0.000137291,0.000129945,0.00011979,0.000107012,9.18988e-05,7.48357e-05,5.6289e-05,3.67915e-05,1.69242e-05,-2.70049e-06,-2.14534e-05,-3.86915e-05,-5.34265e-05,-6.44032e-05,-7.04336e-05,-7.07067e-05,-6.50364e-05,-5.39539e-05,-3.85767e-05,-2.02456e-05,0
0,-1.97853e-05,-3.877e-05,-5.52959e-05,-6.78082e-05,-7.48188e-05,-7.54029e-05,-6.94529e-05,-5.76622e-05,-4.12973e-05,-2.18678e-05,-7.93607e-07,2.0825e-05,4.22944e-05,6.29632e-05,8.22217e-05,9.95226e-05,0.000114397,0.000126469,0.000135463,0.000141215,0.00014368,0.000142927,0.000139145,0.000132634,0.000123791,0.000113097,0.000101091,8.83446e-05,7.54343e-05,6.29111e-05,5.1273e-05,4.09422e-05,3.22467e-05,2.541e-05,2.05479e-05,1.76733e-05,1.67063e-05,1.74902e-05,1.981e-05,2.34122e-05,2.80232e-05,3.33662e-05,3.91745e-05,4.52015e-05,5.12277e-05,5.70644e-05,6.25559e-05,6.758e-05,7.20482e-05,7.59051e-05,7.91275e-05,8.17228e-05,8.37269e-05,8.51997e-05,8.62203e-05,8.68798e-05,8.72734e-05,8.74919e-05,8.76133e-05,8.7696e-05,8.77734e-05,8.7852e-05,8.79113e-05,8.79072e-05,8.77779e-05,8.74511e-05,8.68518e-05,8.5911e-05,8.45724e-05,8.2799e-05,8.05773e-05,7.79202e-05,7.48689e-05,7.14929e-05,6.78907e-05,6.41882e-05,6.05378e-05,5.71157e-05,5.4118e-05,5.17549e-05,5.02425e-05,4.97918e-05,5.05954e-05,5.28119e-05,5.65503e-05,6.1854e-05,6.86876e-05,7.69275e-05,8.63578e-05,9.66724e-05,0.000107484,0.000118339,0.00012874,0.000138169,0.000146115,0.000152101,0.000155713,0.000156614,0.000154572,0.000149461,0.000141277,0.000130128,0.00011624,9.99407e-05,8.16472e-05,6.18527e-05,4.11046e-05,1.99831e-05,-9.21171e-07,-2.07826e-05,-3.84417e-05,-5.24942e-05,-6.15733e-05,-6.46711e-05,-6.14074e-05,-5.21577e-05,-3.79596e-05,-2.01792e-05,0
0,-1.9834e-05,-3.83804e-05,-5.37931e-05,-6.44809e-05,-6.90473e-05,-6.67562e-05,-5.77395e-05,-4.29327e-05,-2.38127e-05,-2.05085e-06,2.0825e-05,4.36884e-05,6.57906e-05,8.6523e-05,0.000105318,0.000121677,0.000135186,0.000145528,0.000152496,0.000156001,0.000156072,0.000152865,0.000146653,0.000137821,0.000126849,0.000114289,0.000100743,8.68275e-05,7.31468e-05,6.02578e-05,4.86446e-05,3.86955e-05,3.06894e-05,2.47884e-05,2.10409e-05,1.93909e-05,1.96941e-05,2.17381e-05,2.52641e-05,2.99882e-05,3.56205e-05,4.18807e-05,4.8509e-05,5.52732e-05,6.19721e-05,6.84359e-05,7.45257e-05,8.01316e-05,8.51713e-05,8.95888e-05,9.3354e-05,9.64619e-05,9.89313e-05,0.000100803,0.000102135,0.000103,0.000103475,0.000103638,0.00010356,0.000103295,0.00010288,0.000102331,0.000101641,0.000100787,9.9729e-05,9.842e-05,9.68112e-05,9.48585e-05,9.25283e-05,8.98019e-05,8.66784e-05,8.31773e-05,7.9339e-05,7.52262e-05,7.09246e-05,6.65436e-05,6.22174e-05,5.81052e-05,5.43904e-05,5.12777e-05,4.8987e-05,4.77443e-05,4.77691e-05,4.92577e-05,5.2366e-05,5.71902e-05,6.37493e-05,7.19715e-05,8.16853e-05,9.26169e-05,0.000104397,0.000116571,0.000128625,0.000140005,0.000150148,0.000158516,0.000164618,0.000168043,0.000168474,0.000165708,0.000159661,0.000150373,0.000138001,0.000122815,0.00010518,8.5543e-05,6.44104e-05,4.23199e-05,1.99163e-05,-1.91255e-06,-2.19624e-05,-3.87244e-05,-5.06772e-05,-5.662e-05,-5.59624e-05,-4.88896e-05,-3.6314e-05,-1.95837e-05,0
0,-1.93912e-05,-3.70163e-05,-5.08748e-05,-5.93838e-05,-6.12871e-05,-5.60754e-05,-4.41378e-05,-2.66452e-05,-5.25515e-06,1.82476e-05,4.22944e-05,6.57906e-05,8.80109e-05,0.000108358,0.000126307,0.000141409,0.000153304,0.000161737,0.000166567,0.000167772,0.000165457,0.000159856,0.000151319,0.000140311,0.000127381,0.000113148,9.82633e-05,8.33779e-05,6.91109e-05,5.60153e-05,4.45517e-05,3.50686e-05,2.77914e-05,2.28209e-05,2.01411e-05,1.9634e-05,2.11008e-05,2.42852e-05,2.88978e-05,3.4638e-05,4.12125e-05,4.83483e-05,5.5801e-05,6.33584e-05,7.08399e-05,7.80939e-05,8.4994e-05,9.14358e-05,9.73341e-05,0.000102622,0.00010725,0.000111188,0.000114427,0.000116975,0.00011886,0.000120125,0.000120822,0.000121012,0.000120751,0.000120093,0.000119077,0.000117732,0.000116072,0.000114098,0.000111804,0.000109177,0.000106205,0.00010288,9.92017e-05,9.51802e-05,9.08372e-05,8.62069e-05,8.13365e-05,7.62871e-05,7.1135e-05,6.59742e-05,6.09196e-05,5.611e-05,5.17103e-05,4.79119e-05,4.49294e-05,4.29937e-05,4.23402e-05,4.31934e-05,4.57466e-05,5.01416e-05,5.64468e-05,6.46396e-05,7.45924e-05,8.60668e-05,9.87148e-05,0.00011209,0.000125666,0.000138863,0.000151077,0.000161713,0.000170217,0.000176106,0.000178991,0.000178595,0.000174764,0.00016747,0.000156809,0.000142993,0.000126339,0.000107249,8.61928e-05,6.36873e-05,4.04032e-05,1.72225e-05,-4.66883e-06,-2.37108e-05,-3.82647e-05,-4.6957e-05,-4.89872e-05,-4.43297e-05,-3.37365e-05,-1.84972e-05,0
0,-1.84796e-05,-3.47435e-05,-4.66774e-05,-5.2749e-05,-5.18822e-05,-4.38197e-05,-2.92096e-05,-9.43772e-06,1.36975e-05,3.83491e-05,6.29632e-05,8.6523e-05,0.000108358,0.00012789,0.000144635,0.000158193,0.000168258,0.000174632,0.000177231,0.000176101,0.000171415,0.000163476,0.000152708,0.000139642,0.000124894,0.000109133,9.3052e-05,7.73251e-05,6.25764e-05,4.93457e-05,3.80634e-05,2.90339e-05,2.24285e-05,1.82896e-05,1.6543e-05,1.70186e-05,1.94746e-05,2.36244e-05,2.91619e-05,3.5783e-05,4.32025e-05,5.1164e-05,5.94451e-05,6.78563e-05,7.62374e-05,8.44513e-05,9.23784e-05,9.99112e-05,0.000106951,0.00011341,0.000119207,0.000124277,0.000128569,0.000132049,0.000134707,0.000136547,0.000137593,0.00013788,0.000137453,0.000136358,0.000134644,0.000132354,0.000129526,0.000126195,0.000122394,0.000118152,0.000113504,0.000108487,0.000103143,9.75203e-05,9.16714e-05,8.56537e-05,7.95282e-05,7.336e-05,6.72207e-05,6.11914e-05,5.53684e-05,4.98684e-05,4.48341e-05,4.04375e-05,3.68801e-05,3.43884e-05,3.3204e-05,3.35685e-05,3.57033e-05,3.97867e-05,4.59299e-05,5.41546e-05,6.43753e-05,7.63887e-05,8.98718e-05,0.000104389,0.000119411,0.000134337,0.00014853,0.000161349,0.000172182,0.000180485,0.000185803,0.000187793,0.000186236,0.000181046,0.000172261,0.000160044,0.000144665,0.000126485,0.000105944,8.35363e-05,5.99368e-05,3.59841e-05,1.28002e-05,-8.05337e-06,-2.48634e-05,-3.61136e-05,-4.08063e-05,-3.86983e-05,-3.03562e-05,-1.69765e-05,0
0,-1.71401e-05,-3.16621e-05,-4.13814e-05,-4.48553e-05,-4.12184e-05,-3.04767e-05,-1.35266e-05,8.0626e-06,3.23955e-05,5.76127e-05,8.22217e-05,0.000105318,0.000126307,0.000144635,0.000159862,0.000171634,0.000179692,0.000183892,0.000184206,0.000180735,0.000173717,0.000163517,0.000150623,0.000135626,0.000119196,0.000102046,8.4897e-05,6.84362e-05,5.3284e-05,3.99594e-05,2.88579e-05,2.02379e-05,1.42187e-05,1.07896e-05,9.8271e-06,1.11198e-05,1.43964e-05,1.93536e-05,2.56818e-05,3.30856e-05,4.12971e-05,5.00836e-05,5.92477e-05,6.86229e-05,7.80663e-05,8.745e-05,9.66527e-05,0.000105555,0.000114035,0.00012197,0.000129242,0.000135735,0.000141351,0.000146007,0.000149643,0.000152223,0.000153736,0.000154191,0.000153617,0.000152059,0.000149569,0.000146211,0.000142053,0.000137166,0.000131627,0.000125517,0.000118921,0.000111929,0.000104633,9.71266e-05,8.95006e-05,8.18422e-05,7.42328e-05,6.67477e-05,5.94587e-05,5.24383e-05,4.57663e-05,3.95383e-05,3.38732e-05,2.89203e-05,2.48625e-05,2.19143e-05,2.03147e-05,2.03129e-05,2.21488e-05,2.60282e-05,3.20971e-05,4.04158e-05,5.09373e-05,6.34924e-05,7.77841e-05,9.33919e-05,0.000109787,0.000126356,0.000142435,0.000157344,0.000170425,0.000181076,0.000188786,0.000193152,0.0001939,0.000190889,0.000184109,0.000173677,0.000159823,0.000142873,0.000123235,0.000101385,7.79821e-05,5.37989e-05,2.98579e-05,7.67955e-06,-1.0991e-05,-2.45307e-05,-3.17669e-05,-3.22434e-05,-2.63273e-05,-1.50927e-05,0
0,-1.54294e-05,-2.79002e-05,-3.52022e-05,-3.60161e-05,-2.97077e-05,-1.65458e-05,2.34684e-06,2.52549e-05,5.02322e-05,7.54524e-05,9.95226e-05,0.000121677,0.000141409,0.000158193,0.000171634,0.000181418,0.000187335,0.000189284,0.000187286,0.000181497,0.000172207,0.000159838,0.000144933,0.000128137,0.000110161,9.1752e-05,7.36489e-05,5.65441e-05,4.10452e-05,2.76452e-05,1.67017e-05,8.42806e-06,2.89571e-06,4.80677e-08,-2.77265e-07,1.67943e-06,5.63016e-06,1.1268e-05,1.82917e-05,2.64238e-05,3.54209e-05,4.50773e-05,5.52208e-05,6.57053e-05,7.63998e-05,8.71779e-05,9.79084e-05,0.00010845,0.000118648,0.000128338,0.000137352,0.000145522,0.000152692,0.000158725,0.000163511,0.000166968,0.000169048,0.000169734,0.000169041,0.000167007,0.000163697,0.000159194,0.000153596,0.000147016,0.00013958,0.00013142,0.000122678,0.000113499,0.000104031,9.44164e-05,8.47889e-05,7.52711e-05,6.597e-05,5.69769e-05,4.8369e-05,4.0215e-05,3.25826e-05,2.55487e-05,1.92098e-05,1.36919e-05,9.15607e-06,5.80032e-06,3.85432e-06,3.56714e-06,5.18815e-06,8.94244e-06,1.50028e-05,2.34618e-05,3.43062e-05,4.73988e-05,6.24685e-05,7.91117e-05,9.68048e-05,0.000114928,0.000132796,0.000149697,0.000164933,0.000177855,0.000187899,0.000194612,0.00019767,0.000196885,0.000192203,0.000183703,0.00017158,0.000156129,0.000137731,0.000116836,9.4087e-05,7.01696e-05,4.59811e-05,2.29657e-05,2.86056e-06,-1.26419e-05,-2.22234e-05,-2.52285e-05,-2.18197e-05,-1.29278e-05,0
0,-1.34171e-05,-2.36081e-05,-2.83806e-05,-2.65667e-05,-1.77735e-05,-2.5217e-06,1.78693e-05,4.15802e-05,6.66587e-05,9.1352e-05,0.000114397,0.000135186,0.000153304,0.000168258,0.000179692,0.000187335,0.000191014,0.000190668,0.000186365,0.000178303,0.00016682,0.000152389,0.000135601,0.000117139,9.77517e-05,7.82076e-05,5.9256e-05,4.15844e-05,2.57825e-05,1.23131e-05,1.49565e-06,-6.49899e-06,-1.16411e-05,-1.40241e-05,-1.38384e-05,-1.13412e-05,-6.82494e-06,-5.89084e-07,7.0825e-06,1.59367e-05,2.5758e-05,3.63675e-05,4.76157e-05,5.93714e-05,7.15081e-05,8.38926e-05,9.6375e-05,0.000108783,0.000120924,0.000132583,0.000143538,0.000153565,0.000162448,0.000169996,0.000176046,0.000180473,0.000183192,0.000184161,0.00018338,0.000180886,0.000176754,0.000171086,0.000164014,0.000155692,0.000146292,0.000136002,0.000125019,0.000113545,0.000101781,8.99215e-05,7.81451e-05,6.66123e-05,5.54592e-05,4.47973e-05,3.47145e-05,2.52808e-05,1.65571e-05,8.60653e-06,1.5068e-06,-4.6377e-06,-9.68706e-06,-1.34618e-05,-1.57452e-05,-1.6294e-05,-1.48559e-05,-1.1194e-05,-5.11575e-06,3.49711e-06,1.46605e-05,2.82658e-05,4.4067e-05,6.16783e-05,8.05846e-05,0.000100163,0.000119714,0.000138501,0.00015579,0.000170892,0.000183198,0.000192212,0.000197562,0.00019902,0.000196497,0.000190038,0.000179807,0.000166074,0.000149194,0.000129594,0.000107893,8.46844e-05,6.07206e-05,3.73408e-05,1.62392e-05,-8.59712e-07,-1.25244e-05,-1.79211e-05,-1.7012e-05,-1.05701e-05,0
0,-1.11826e-05,-1.89517e-05,-2.11732e-05,-1.68517e-05,-5.83641e-06,1.112e-05,3.25371e-05,5.65351e-05,8.11973e-05,0.000104878,0.000126469,0.000145528,0.000161737,0.000174632,0.000183892,0.000189284,0.000190668,0.000188022,0.000181447,0.000171182,0.000157608,0.000141237,0.000122699,0.000102713,8.205e-05,6.14935e-05,4.17943e-05,2.36288e-05,7.56382e-06,-5.96914e-06,-1.66875e-05,-2.4458e-05,-2.92856e-05,-3.12908e-05,-3.06817e-05,-2.77212e-05,-2.26962e-05,-1.58907e-05,-7.5654e-06,2.05349e-06,1.27777e-05,2.44517e-05,3.6943e-05,5.01272e-05,6.38743e-05,7.80358e-05,9.24353e-05,0.000106864,0.000121084,0.00013483,0.000147825,0.000159786,0.000170446,0.000179558,0.000186913,0.000192344,0.000195735,0.000197022,0.000196192,0.000193282,0.000188376,0.000181597,0.000173107,0.000163098,0.000151787,0.000139412,0.000126221,0.000112469,9.84092e-05,8.42828e-05,7.03131e-05,5.66976e-05,4.36031e-05,3.11639e-05,1.94825e-05,8.63595e-06,-1.31589e-06,-1.03175e-05,-1.83041e-05,-2.51879e-05,-3.0847e-05,-3.51186e-05,-3.78e-05,-3.86558e-05,-3.7435e-05,-3.38941e-05,-2.78266e-05,-1.9094e-05,-7.65622e-06,6.40352e-06,2.28624e-05,4.13529e-05,6.13697e-05,8.22905e-05,0.000103406,0.000123959,0.000143187,0.000160365,0.000174847,0.000186094,0.000193697,0.000197392,0.000197056,0.000192707,0.000184484,0.000172635,0.000157492,0.000139462,0.000119141,9.7024e-05,7.37089e-05,5.04082e-05,2.87437e-05,1.04372e-05,-3.00038e-06,-1.05829e-05,-1.20836e-05,-8.1104e-06,0
0,-8.81136e-06,-1.41055e-05,-1.38425e-05,-7.213e-06,5.69927e-06,2.39369e-05,4.5898e-05,6.96844e-05,9.34527e-05,0.000115693,0.000135463,0.000152496,0.000166567,0.000177231,0.000184206,0.000187286,0.000186365,0.000181447,0.000172666,0.000160296,0.000144752,0.000126579,0.00010644,8.50764e-05,6.32782e-05,4.18344e-05,2.14906e-05,2.90739e-06,-1.33733e-05,-2.69511e-05,-3.75768e-05,-4.51491e-05,-4.96994e-05,-5.13664e-05,-5.03662e-05,-4.6959e-05,-4.14194e-05,-3.40111e-05,-2.49706e-05,-1.44985e-05,-2.76037e-06,1.0105e-05,2.39732e-05,3.8718e-05,5.41968e-05,7.02379e-05,8.66325e-05,0.000103132,0.000119452,0.000135279,0.000150284,0.000164135,0.000176515,0.000187135,0.000195745,0.000202146,0.000206197,0.000207816,0.000206981,0.000203731,0.000198157,0.000190402,0.000180651,0.00016913,0.000156093,0.000141818,0.000126598,0.000110732,9.45173e-05,7.82363e-05,6.21506e-05,4.64918e-05,3.1456e-05,1.72009e-05,3.84692e-06,-8.51759e-06,-1.98272e-05,-3.00268e-05,-3.9057e-05,-4.68392e-05,-5.32631e-05,-5.81783e-05,-6.13926e-05,-6.26778e-05,-6.17849e-05,-5.84667e-05,-5.25061e-05,-4.37486e-05,-3.21338e-05,-1.77228e-05,-7.17165e-07,1.85328e-05,3.95329e-05,6.16631e-05,8.42074e-05,0.000106392,0.000127431,0.000146568,0.000163122,0.000176517,0.000186311,0.000192207,0.000194054,0.000191846,0.000185701,0.000175849,0.000162604,0.000146353,0.000127673,0.000106966,8.46658e-05,6.1846e-05,4.00325e-05,2.09136e-05,6.04593e-06,-3.46075e-06,-7.20802e-06,-5.63835e-06,0
0,-6.39199e-06,-9.24666e-06,-6.64774e-06,2.02119e-06,1.64576e-05,3.5532e-05,5.7562e-05,8.06714e-05,0.000103122,0.000123558,0.000141215,0.000156001,0.000167772,0.000176101,0.000180735,0.000181497,0.000178303,0.000171182,0.000160296,0.000145946,0.000128575,0.000108756,8.71753e-05,6.4593e-05,4.18076e-05,1.96085e-05,-1.26832e-06,-2.01806e-05,-3.66116e-05,-5.01895e-05,-6.0694e-05,-6.80491e-05,-7.2305e-05,-7.36108e-05,-7.21835e-05,-6.82753e-05,-6.21451e-05,-5.40367e-05,-4.41649e-05,-3.27108e-05,-1.98254e-05,-5.64063e-06,9.71692e-06,2.61093e-05,4.33726e-05,6.13058e-05,7.96643e-05,9.81596e-05,0.000116464,0.000134223,0.000151063,0.000166617,0.00018053,0.000192482,0.000202198,0.000209458,0.000214105,0.000216046,0.000215256,0.000211774,0.000205699,0.000197186,0.00018644,0.000173706,0.000159265,0.000143425,0.000126508,0.000108847,9.0769e-05,7.25882e-05,5.45958e-05,3.7051e-05,2.01751e-05,4.1483e-06,-1.089e-05,-2.48361e-05,-3.76131e-05,-4.91584e-05,-5.94091e-05,-6.82869e-05,-7.56842e-05,-8.14549e-05,-8.54112e-05,-8.73276e-05,-8.69549e-05,-8.4041e-05,-7.83594e-05,-6.97416e-05,-5.81093e-05,-4.35039e-05,-2.61079e-05,-6.25524e-06,1.55706e-05,3.8753e-05,6.25708e-05,8.62367e-05,0.000108942,0.000129905,0.00014841,0.00016385,0.00017575,0.000183783,0.000187776,0.0001877,0.000183657,0.000175861,0.000164613,0.000150283,0.000133435,0.000114384,9.34007e-05,7.14117e-05,4.98302e-05,3.02851e-05,1.43479e-05,3.22095e-06,-2.54725e-06,-3.23936e-06,0
0,-4.01266e-06,-4.54808e-06,1.63808e-07,1.0547e-05,2.61023e-05,4.55645e-05,6.72121e-05,8.92267e-05,0.000110001,0.000128347,0.00014368,0.000156072,0.000165457,0.000171415,0.000173717,0.000172207,0.00016682,0.000157608,0.000144752,0.000128575,0.000109543,8.82519e-05,6.54032e-05,4.17702e-05,1.81553e-05,-4.656e-06,-2.59396e-05,-4.50721e-05,-6.15597e-05,-7.50554e-05,-8.53622e-05,-9.2423e-05,-9.63004e-05,-9.71484e-05,-9.51807e-05,-9.06399e-05,-8.37712e-05,-7.48025e-05,-6.39345e-05,-5.13383e-05,-3.7162e-05,-2.15424e-05,-4.61977e-06,1.3446e-05,3.24624e-05,5.21949e-05,7.23626e-05,9.26406e-05,0.000112667,0.000132054,0.000150403,0.000167324,0.000182444,0.000195431,0.000206001,0.000213928,0.000219052,0.000221279,0.000220586,0.000217012,0.000210662,0.000201694,0.00019032,0.000176795,0.00016141,0.000144484,0.000126354,0.000107366,8.78642e-05,6.81798e-05,4.86217e-05,2.94677e-05,1.09582e-05,-6.70781e-06,-2.33718e-05,-3.8912e-05,-5.32346e-05,-6.6262e-05,-7.79185e-05,-8.81155e-05,-9.67377e-05,-0.000103633,-0.000108608,-0.000111434,-0.000111854,-0.000109607,-0.000104456,-9.62165e-05,-8.47937e-05,-7.02103e-05,-5.26307e-05,-3.23742e-05,-9.91404e-06,1.41362e-05,3.90505e-05,6.40286e-05,8.82417e-05,0.00011088,0.0001312,0.000148563,0.000162462,0.000172544,0.000178612,0.00018062,0.000178655,0.00017292,0.000163706,0.000151371,0.000136474,0.000119249,9.98141e-05,7.89446e-05,5.79318e-05,3.83249e-05,2.16816e-05,9.26659e-06,1.7535e-06,-9.91634e-07,0
0,-1.75801e-06,-1.72642e-07,6.36517e-06,1.80941e-05,3.43463e-05,5.37595e-05,7.46121e-05,9.51753e-05,0.000113991,0.000130046,0.000142927,0.000152865,0.000159856,0.000163476,0.000163517,0.000159838,0.000152389,0.000141237,0.000126579,0.000108756,8.82519e-05,6.56774e-05,4.17474e-05,1.72429e-05,-7.03261e-06,-3.0299e-05,-5.18439e-05,-7.10604e-05,-8.74744e-05,-0.000100759,-0.000110733,-0.000117355,-0.000120695,-0.000120909,-0.000118207,-0.000112826,-0.000105002,-9.49568e-05,-8.2888e-05,-6.897e-05,-5.33614e-05,-3.62171e-05,-1.77032e-05,1.98971e-06,2.26345e-05,4.39614e-05,6.56562e-05,8.73648e-05,0.000108702,0.000129265,0.000148647,0.000166454,0.000182323,0.000195929,0.000207,0.000215325,0.000220754,0.000223205,0.000222659,0.000219161,0.000212811,0.000203765,0.000192228,0.000178444,0.000162697,0.000145295,0.00012657,0.00010686,8.65072e-05,6.58435e-05,4.51816e-05,2.48065e-05,4.96938e-06,-1.41163e-05,-3.22749e-05,-4.93648e-05,-6.5271e-05,-7.98939e-05,-9.31361e-05,-0.000104888,-0.000115015,-0.000123347,-0.000129675,-0.000133753,-0.00013531,-0.000134069,-0.000129776,-0.000122228,-0.00011131,-9.70261e-05,-7.95229e-05,-5.91055e-05,-3.62384e-05,-1.15331e-05,1.42787e-05,4.03828e-05,6.59294e-05,9.00823e-05,0.000112067,0.000131212,0.000146983,0.000158999,0.000167041,0.000171047,0.000171091,0.00016737,0.000160166,0.000149832,0.00013693,0.000121627,0.000103895,8.43665e-05,6.42053e-05,4.48669e-05,2.78707e-05,1.45145e-05,5.5699e-06,1.03623e-06,0
0,2.93874e-07,3.73246e-06,1.17572e-05,2.44349e-05,4.09606e-05,5.99149e-05,7.96127e-05,9.84404e-05,0.000115101,0.000128752,0.000139145,0.000146653,0.000151319,0.000152708,0.000150623,0.000144933,0.000135601,0.000122699,0.00010644,8.71753e-05,6.54032e-05,4.17474e-05,1.69324e-05,-8.25544e-06,-3.30115e-05,-5.656e-05,-7.81978e-05,-9.73305e-05,-0.000113498,-0.000126388,-0.000135834,-0.000141801,-0.000144367,-0.000143691,-0.000139985,-0.000133485,-0.00012443,-0.000113048,-9.95475e-05,-8.41218e-05,-6.69548e-05,-4.82331e-05,-2.81593e-05,-6.96275e-06,1.50915e-05,3.76992e-05,6.05186e-05,8.31771e-05,0.000105281,0.000126432,0.000146236,0.000164325,0.000180366,0.000194069,0.0002052,0.000213582,0.000219095,0.00022168,0.000221331,0.000218093,0.000212062,0.000203375,0.000192214,0.000178794,0.000163365,0.000146204,0.000127609,0.000107891,8.73683e-05,6.63538e-05,4.51488e-05,2.40335e-05,3.2608e-06,-1.69473e-05,-3.64007e-05,-5.49378e-05,-7.24193e-05,-8.87178e-05,-0.000103706,-0.000117244,-0.000129165,-0.000139271,-0.000147322,-0.000153045,-0.000156143,-0.000156312,-0.000153271,-0.000146793,-0.00013674,-0.000123091,-0.000105976,-8.56851e-05,-6.26741e-05,-3.75544e-05,-1.10656e-05,1.59623e-05,4.26559e-05,6.81499e-05,9.16371e-05,0.000112414,0.000129912,0.000143726,0.000153613,0.000159495,0.000161438,0.000159632,0.000154359,0.000145965,0.00013503,0.000121669,0.000105719,8.76801e-05,6.85925e-05,4.98085e-05,3.27901e-05,1.88406e-05,8.8019e-06,2.78727e-06,0
0,2.0742e-06,7.04081e-06,1.6175e-05,2.93908e-05,4.5781e-05,6.39081e-05,8.21558e-05,9.90451e-05,0.000113445,0.000124674,0.000132634,0.000137821,0.000140311,0.000139642,0.000135626,0.000128137,0.000117139,0.000102713,8.50764e-05,6.4593e-05,4.17702e-05,1.72429e-05,-8.25544e-06,-3.39316e-05,-5.89781e-05,-8.26197e-05,-0.000104157,-0.000123004,-0.000138708,-0.000150966,-0.000159621,-0.000164648,-0.000166132,-0.00016424,-0.000159194,-0.00015124,-0.000140635,-0.000127628,-0.000112455,-9.53454e-05,-7.65217e-05,-5.62155e-05,-3.46747e-05,-1.21732e-05,1.09848e-05,3.44642e-05,5.7904e-05,8.09256e-05,0.000103145,0.000124188,0.000143701,0.000161366,0.000176909,0.000190105,0.000200784,0.000208827,0.000214164,0.000216769,0.000216658,0.000213877,0.000208507,0.000200658,0.000190464,0.00017809,0.000163728,0.000147593,0.000129926,0.000110986,9.1044e-05,7.03763e-05,4.92565e-05,2.79476e-05,6.69528e-06,-1.42764e-05,-3.4766e-05,-5.45929e-05,-7.35917e-05,-9.16034e-05,-0.000108465,-0.000123996,-0.000137991,-0.000150209,-0.000160369,-0.000168157,-0.000173235,-0.000175262,-0.00017392,-0.000168947,-0.000160172,-0.000147547,-0.000131179,-0.000111342,-8.84841e-05,-6.32172e-05,-3.62914e-05,-8.55622e-06,1.90878e-05,4.57421e-05,7.05632e-05,9.281e-05,0.000111881,0.000127339,0.00013892,0.000146529,0.000150225,0.000150193,0.000146716,0.000140143,0.00013108,0.000119604,0.000105439,8.89653e-05,7.11073e-05,5.31116e-05,3.63682e-05,2.21615e-05,1.13762e-05,4.21768e-06,0
0,3.52591e-06,9.65114e-06,1.94938e-05,3.28387e-05,4.87133e-05,6.56987e-05,8.22752e-05,9.7111e-05,0.000109237,0.000118121,0.000123791,0.000126849,0.000127381,0.000124894,0.000119196,0.000110161,9.77517e-05,8.205e-05,6.32782e-05,4.18076e-05,1.81553e-05,-7.03261e-06,-3.30115e-05,-5.89781e-05,-8.41168e-05,-0.000107647,-0.000128868,-0.000147192,-0.000162171,-0.000173508,-0.000181054,-0.000184793,-0.000184826,-0.000181335,-0.000174564,-0.000164786,-0.00015229,-0.000137363,-0.000120288,-0.000101342,-8.08028e-05,-5.89556e-05,-3.61012e-05,-1.25603e-05,1.1325e-05,3.51943e-05,5.86771e-05,8.14033e-05,0.000103017,0.00012319,0.000141633,0.000158106,0.000172426,0.00018446,0.000194129,0.000201399,0.000206269,0.000208762,0.00020892,0.000206793,0.000202438,0.000195918,0.000187304,0.000176684,0.000164162,0.000149867,0.000133954,0.000116604,9.80199e-05,7.84232e-05,5.80454e-05,3.7121e-05,1.58801e-05,-5.4566e-06,-2.668e-05,-4.7592e-05,-6.8001e-05,-8.77145e-05,-0.000106529,-0.000124222,-0.000140536,-0.000155181,-0.000167823,-0.000178095,-0.000185605,-0.000189961,-0.000190794,-0.000187796,-0.000180752,-0.000169581,-0.000154358,-0.000135338,-0.000112959,-8.78359e-05,-6.07309e-05,-3.25168e-05,-4.12649e-06,2.3503e-05,4.94859e-05,7.3039e-05,9.35215e-05,0.000110462,0.000123572,0.000132738,0.000138011,0.000139574,0.000137716,0.000132791,0.000125442,0.000115729,0.000103279,8.83737e-05,7.18327e-05,5.48009e-05,3.85868e-05,2.44356e-05,1.3248e-05,5.29791e-06,0
0,4.6057e-06,1.14908e-05,2.16328e-05,3.47148e-05,4.97358e-05,6.53295e-05,8.00947e-05,9.28521e-05,0.000102785,0.00010949,0.000113097,0.000114289,0.000113148,0.000109133,0.000102046,9.1752e-05,7.82076e-05,6.14935e-05,4.18344e-05,1.96085e-05,-4.656e-06,-3.0299e-05,-5.656e-05,-8.26197e-05,-0.000107647,-0.000130849,-0.000151514,-0.000169048,-0.000183003,-0.000193085,-0.000199155,-0.000201215,-0.000199384,-0.000193878,-0.000184974,-0.00017299,-0.000158265,-0.000141143,-0.000121964,-0.000101072,-7.88058e-05,-5.55141e-05,-3.1553e-05,-7.29018e-06,1.6898e-05,4.06334e-05,6.35463e-05,8.52892e-05,0.000105551,0.000124071,0.000140648,0.000155149,0.000167504,0.000177706,0.000185795,0.000191844,0.000195942,0.000198179,0.000198628,0.000197341,0.000194342,0.000189634,0.000183202,0.000175028,0.000165104,0.000153443,0.000140086,0.000125114,0.000108642,9.08198e-05,7.18253e-05,5.18555e-05,3.1119e-05,9.8288e-06,-1.18014e-05,-3.3558e-05,-5.52247e-05,-7.65758e-05,-9.73679e-05,-0.00011733,-0.000136155,-0.000153492,-0.000168949,-0.000182094,-0.000192469,-0.000199618,-0.000203107,-0.000202567,-0.000197731,-0.000188466,-0.000174813,-0.000156999,-0.00013545,-0.000110781,-8.37698e-05,-5.53153e-05,-2.63881e-05,2.0296e-06,2.9003e-05,5.36995e-05,7.54326e-05,9.3692e-05,0.000108158,0.000118699,0.000125356,0.000128311,0.00012786,0.000124368,0.000118526,0.000110393,9.95241e-05,8.61195e-05,7.0915e-05,5.4961e-05,3.94805e-05,2.56632e-05,1.44015e-05,6.01328e-06,0
0,5.28548e-06,1.25183e-05,2.25581e-05,3.50164e-05,4.88994e-05,6.29237e-05,7.58219e-05,8.65657e-05,9.44748e-05,9.92487e-05,0.000101091,0.000100743,9.82633e-05,9.3052e-05,8.4897e-05,7.36489e-05,5.9256e-05,4.17943e-05,2.14906e-05,-1.26832e-06,-2.59396e-05,-5.18439e-05,-7.81978e-05,-0.000104157,-0.000128868,-0.000151514,-0.000171365,-0.000187819,-0.000200421,-0.000208884,-0.000213082,-0.000213042,-0.00020892,-0.000200973,-0.000189535,-0.000174983,-0.000157722,-0.000138168,-0.000116736,-9.38406e-05,-6.98924e-05,-4.53033e-05,-2.04855e-05,4.14988e-06,2.81979e-05,5.12701e-05,7.30081e-05,9.3099e-05,0.000111292,0.00012741,0.000141363,0.000153143,0.000162826,0.000170552,0.000176508,0.0001809,0.000183927,0.000185758,0.000186507,0.000186226,0.000184899,0.000182449,0.000178755,0.000173668,0.000167039,0.000158736,0.000148666,0.000136784,0.000123103,0.000107689,9.06576e-05,7.21635e-05,5.23904e-05,3.15419e-05,9.83432e-06,-1.25056e-05,-3.52392e-05,-5.81109e-05,-8.08393e-05,-0.000103109,-0.000124559,-0.000144782,-0.000163318,-0.000179665,-0.00019329,-0.000203659,-0.000210261,-0.000212652,-0.000210494,-0.000203597,-0.00019195,-0.000175747,-0.000155395,-0.000131506,-0.000104872,-7.64237e-05,-4.7173e-05,-1.81543e-05,9.64101e-06,3.53229e-05,5.81512e-05,7.75697e-05,9.32227e-05,0.000104955,0.000112794,0.000116924,0.000117647,0.000115344,0.000110761,0.000103981,9.45012e-05,8.24692e-05,6.8556e-05,5.37311e-05,3.91333e-05,2.58852e-05,1.48495e-05,6.36404e-06,0
0,5.55325e-06,1.27243e-05,2.22832e-05,3.38009e-05,4.63251e-05,5.86796e-05,6.97391e-05,7.86182e-05,8.4751e-05,8.79103e-05,8.83446e-05,8.68275e-05,8.33779e-05,7.73251e-05,6.84362e-05,5.65441e-05,4.15844e-05,2.36288e-05,2.90739e-06,-2.01806e-05,-4.50721e-05,-7.10604e-05,-9.73305e-05,-0.000123004,-0.000147192,-0.000169048,-0.000187819,-0.000202885,-0.00021379,-0.000220254,-0.000222175,-0.000219616,-0.000212783,-0.000201995,-0.000187655,-0.000170221,-0.000150177,-0.000128022,-0.000104255,-7.93647e-05,-5.38355e-05,-2.81406e-05,-2.74332e-06,2.19076e-05,4.53859e-05,6.73007e-05,8.73128e-05,0.000105153,0.000120641,0.000133698,0.000144356,0.000152755,0.000159135,0.000163808,0.000167131,0.000169467,0.000171144,0.000172425,0.000173472,0.000174336,0.000174952,0.000175149,0.000174676,0.000173228,0.000170488,0.000166157,0.000159981,0.000151779,0.000141445,0.000128957,0.000114363,9.77757e-05,7.93559e-05,5.92979e-05,3.78207e-05,1.51625e-05,-8.41992e-06,-3.26458e-05,-5.72027e-05,-8.17356e-05,-0.000105838,-0.000129045,-0.000150832,-0.000170624,-0.000187806,-0.000201755,-0.000211874,-0.000217628,-0.000218596,-0.000214512,-0.000205303,-0.000191117,-0.000172334,-0.000149559,-0.000123596,-9.54064e-05,-6.60492e-05,-3.66165e-05,-8.16422e-06,1.83517e-05,4.21288e-05,6.25564e-05,7.92357e-05,9.19816e-05,0.000100807,0.000105892,0.000107549,0.000106174,0.000102583,9.68923e-05,8.8568e-05,7.77282e-05,6.50028e-05,5.12978e-05,3.76738e-05,2.51802e-05,1.46322e-05,6.3648e-06,0
0,5.41335e-06,1.21318e-05,2.08677e-05,3.11833e-05,4.21977e-05,5.28601e-05,6.21896e-05,6.94281e-05,7.40974e-05,7.60119e-05,7.54343e-05,7.31468e-05,6.91109e-05,6.25764e-05,5.3284e-05,4.10452e-05,2.57825e-05,7.56382e-06,-1.33733e-05,-3.66116e-05,-6.15597e-05,-8.74744e-05,-0.000113498,-0.000138708,-0.000162171,-0.000183003,-0.000200421,-0.00021379,-0.000222651,-0.000226743,-0.000225996,-0.000220525,-0.000210602,-0.000196626,-0.000179086,-0.000158531,-0.000135539,-0.0001107,-8.45954e-05,-5.77916e-05,-3.08378e-05,-4.26262e-06,2.14283e-05,4.57571e-05,6.82842e-05,8.86226e-05,0.000106458,0.000121568,0.000133848,0.000143322,0.000150154,0.000154645,0.00015721,0.000158356,0.00015863,0.000158571,0.000158658,0.000159258,0.000160592,0.00016271,0.000165486,0.000168642,0.000171774,0.0001744,0.000176009,0.000176113,0.000174282,0.000170182,0.000163587,0.000154382,0.000142555,0.00012818,0.000111401,9.24067e-05,7.1422e-05,4.86948e-05,2.44957e-05,-8.77312e-07,-2.70899e-05,-5.37591e-05,-8.04414e-05,-0.000106625,-0.000131725,-0.000155094,-0.000176037,-0.000193837,-0.000207796,-0.00021728,-0.000221769,-0.000220907,-0.000214544,-0.000202769,-0.000185923,-0.000164596,-0.0001396,-0.000111927,-8.26836e-05,-5.30248e-05,-2.40777e-05,3.1273e-06,2.77165e-05,4.90158e-05,6.65752e-05,8.01727e-05,8.98e-05,9.56323e-05,9.79877e-05,9.72813e-05,9.44046e-05,8.95238e-05,8.20933e-05,7.22257e-05,6.05354e-05,4.7885e-05,3.52683e-05,2.36598e-05,1.38144e-05,6.04348e-06,0
0,4.88587e-06,1.07942e-05,1.84142e-05,2.73297e-05,3.67565e-05,4.57811e-05,5.35609e-05,5.9445e-05,6.30124e-05,6.40853e-05,6.29111e-05,6.02578e-05,5.60153e-05,4.93457e-05,3.99594e-05,2.76452e-05,1.23131e-05,-5.96914e-06,-2.69511e-05,-5.01895e-05,-7.50554e-05,-0.000100759,-0.000126388,-0.000150966,-0.000173508,-0.000193085,-0.000208884,-0.000220254,-0.000226743,-0.000228114,-0.000224348,-0.000215626,-0.000202304,-0.000184874,-0.000163927,-0.000140114,-0.000114114,-8.66053e-05,-5.82499e-05,-2.96831e-05,-1.50873e-06,2.57023e-05,5.14143e-05,7.51311e-05,9.64074e-05,0.000114864,0.000130212,0.000142277,0.000151023,0.000156576,0.000159232,0.000159454,0.000157848,0.000155123,0.000152035,0.000149321,0.000147626,0.000147439,0.000149043,0.000152488,0.000157583,0.000163925,0.000170937,0.000177936,0.000184198,0.000189024,0.000191799,0.000192028,0.000189366,0.000183611,0.000174702,0.000162688,0.000147704,0.000129946,0.000109647,8.70648e-05,6.24784e-05,3.61937e-05,8.55394e-06,-2.00443e-05,-4.9136e-05,-7.8175e-05,-0.00010653,-0.000133489,-0.000158277,-0.000180082,-0.000198103,-0.000211595,-0.000219927,-0.000222637,-0.000219485,-0.000210485,-0.000195927,-0.000176375,-0.000152643,-0.000125746,-9.68402e-05,-6.71457e-05,-3.7866e-05,-1.01128e-05,1.51604e-05,3.7207e-05,5.55167e-05,6.98228e-05,8.00889e-05,8.64795e-05,8.9317e-05,8.90334e-05,8.66015e-05,8.22502e-05,7.54391e-05,6.62987e-05,5.54527e-05,4.37431e-05,3.21119e-05,2.14627e-05,1.24817e-05,5.43961e-06,0
0,4.00538e-06,8.79254e-06,1.50626e-05,2.2449e-05,3.02837e-05,3.77949e-05,4.42662e-05,4.91281e-05,5.1984e-05,5.26311e-05,5.1273e-05,4.86446e-05,4.45517e-05,3.80634e-05,2.88579e-05,1.67017e-05,1.49565e-06,-1.66875e-05,-3.75768e-05,-6.0694e-05,-8.53622e-05,-0.000110733,-0.000135834,-0.000159621,-0.000181054,-0.000199155,-0.000213082,-0.000222175,-0.000225996,-0.000224348,-0.000217275,-0.000205042,-0.000188103,-0.000167059,-0.000142612,-0.000115522,-8.65651e-05,-5.65046e-05,-2.60725e-05,4.04295e-06,3.31999e-05,6.08026e-05,8.63006e-05,0.000109192,0.000129031,0.000145449,0.000158178,0.000167078,0.000172176,0.000173684,0.000172024,0.000167813,0.00016185,0.000155057,0.000148414,0.00014287,0.000139257,0.0001382,0.000140056,0.000144873,0.000152388,0.000162056,0.000173111,0.000184645,0.000195698,0.000205348,0.000212783,0.000217353,0.000218598,0.000216249,0.000210208,0.000200521,0.000187335,0.000170861,0.00015135,0.000129071,0.000104305,7.73556e-05,4.85586e-05,1.83062e-05,-1.29341e-05,-4.46015e-05,-7.60332e-05,-0.000106466,-0.000135053,-0.000160895,-0.000183081,-0.000200752,-0.000213155,-0.000219713,-0.000220076,-0.00021417,-0.000202221,-0.000184753,-0.000162572,-0.000136711,-0.00010837,-7.88354e-05,-4.93884e-05,-2.12278e-05,4.60608e-06,2.72859e-05,4.62321e-05,6.11245e-05,7.1891e-05,7.86784e-05,8.18089e-05,8.17285e-05,7.9494e-05,7.54062e-05,6.89438e-05,6.02753e-05,5.00578e-05,3.91362e-05,2.8419e-05,1.87475e-05,1.07363e-05,4.60211e-06,0
0,2.819e-06,6.23082e-06,1.09828e-05,1.67821e-05,2.309e-05,2.92732e-05,3.47234e-05,3.8923e-05,4.14664e-05,4.20944e-05,4.09422e-05,3.86955e-05,3.50686e-05,2.90339e-05,2.02379e-05,8.42806e-06,-6.49899e-06,-2.4458e-05,-4.51491e-05,-6.80491e-05,-9.2423e-05,-0.000117355,-0.000141801,-0.000164648,-0.000184793,-0.000201215,-0.000213042,-0.000219616,-0.000220525,-0.000215626,-0.000205042,-0.000189136,-0.000168474,-0.000143777,-0.000115864,-8.55985e-05,-5.38502e-05,-2.14551e-05,1.08037e-05,4.22055e-05,7.20929e-05,9.98664e-05,0.000124979,0.000146933,0.000165292,0.000179691,0.000189871,0.000195713,0.000197281,0.000194856,0.000188959,0.000180356,0.000170028,0.000159117,0.000148838,0.000140375,0.000134762,0.000132779,0.000134868,0.000141078,0.000151066,0.00016413,0.000179289,0.000195388,0.000211214,0.000225606,0.000237554,0.000246257,0.000251159,0.000251942,0.000248507,0.000240919,0.00022936,0.000214077,0.000195348,0.000173455,0.000148676,0.000121298,9.16346e-05,6.00512e-05,2.69953e-05,-6.97996e-06,-4.1201e-05,-7.48716e-05,-0.000107087,-0.000136866,-0.000163197,-0.0001851,-0.000201697,-0.000212282,-0.000216388,-0.000213837,-0.000204774,-0.000189672,-0.000169314,-0.000144743,-0.000117198,-8.8024e-05,-5.8582e-05,-3.01596e-05,-3.88883e-06,1.93154e-05,3.87967e-05,5.41723e-05,6.53261e-05,7.23794e-05,7.56475e-05,7.55857e-05,7.33349e-05,6.92726e-05,6.29065e-05,5.44595e-05,4.46433e-05,3.4329e-05,2.44119e-05,1.56842e-05,8.69117e-06,3.58668e-06,0
0,1.38371e-06,3.23059e-06,6.36588e-06,1.05899e-05,1.5499e-05,2.05887e-05,2.53349e-05,2.92406e-05,3.18585e-05,3.28449e-05,3.22467e-05,3.06894e-05,2.77914e-05,2.24285e-05,1.42187e-05,2.89571e-06,-1.16411e-05,-2.92856e-05,-4.96994e-05,-7.2305e-05,-9.63004e-05,-0.000120695,-0.000144367,-0.000166132,-0.000184826,-0.000199384,-0.00020892,-0.000212783,-0.000210602,-0.000202304,-0.000188103,-0.000168474,-0.000144107,-0.000115845,-8.46214e-05,-5.14018e-05,-1.71322e-05,1.72976e-05,5.10764e-05,8.34777e-05,0.000113855,0.000141628,0.000166274,0.000187311,0.000204311,0.000216907,0.000224832,0.00022796,0.000226361,0.000220348,0.000210517,0.000197756,0.00018322,0.000168271,0.000154374,0.000142965,0.000135311,0.000132368,0.000134674,0.000142286,0.000154769,0.000171247,0.000190498,0.000211093,0.000231541,0.000250433,0.000266556,0.000278974,0.000287057,0.000290478,0.000289165,0.000283243,0.00027296,0.000258621,0.000240543,0.000219024,0.000194335,0.000166732,0.000136487,0.000103917,6.94254e-05,3.35315e-05,-3.10368e-06,-3.96723e-05,-7.52297e-05,-0.000108726,-0.000139055,-0.000165123,-0.000185923,-0.000200615,-0.000208603,-0.000209594,-0.000203639,-0.000191145,-0.000172859,-0.000149824,-0.000123303,-9.4697e-05,-6.5442e-05,-3.6913e-05,-1.03358e-05,1.32832e-05,3.3204e-05,4.89741e-05,6.04245e-05,6.76428e-05,7.09291e-05,7.07415e-05,6.83021e-05,6.4066e-05,5.75747e-05,4.91171e-05,3.94772e-05,2.95737e-05,2.03101e-05,1.24459e-05,6.46451e-06,2.45282e-06,0
0,-2.36626e-07,-7.54668e-08,1.41415e-06,4.13965e-06,7.83123e-06,1.20967e-05,1.64685e-05,2.04384e-05,2.34871e-05,2.51628e-05,2.541e-05,2.47884e-05,2.28209e-05,1.82896e-05,1.07896e-05,4.80677e-08,-1.40241e-05,-3.12908e-05,-5.13664e-05,-7.36108e-05,-9.71484e-05,-0.000120909,-0.000143691,-0.00016424,-0.000181335,-0.000193878,-0.000200973,-0.000201995,-0.000196626,-0.000184874,-0.000167059,-0.000143777,-0.000115845,-8.42274e-05,-4.99668e-05,-1.4115e-05,2.23234e-05,5.84304e-05,9.33949e-05,0.000126515,0.000157183,0.000184867,0.000209082,0.000229376,0.000245325,0.000256548,0.000262743,0.000263741,0.000259576,0.00025055,0.000237289,0.000220774,0.000202319,0.000183507,0.000166068,0.000151724,0.000142003,0.000138069,0.00014058,0.000149603,0.000164602,0.000184498,0.000207798,0.000232761,0.000257591,0.000280613,0.000300414,0.000315938,0.000326521,0.000331863,0.000331975,0.000327083,0.000317539,0.000303734,0.000286039,0.000264771,0.000240187,0.000212503,0.000181926,0.000148704,0.000113168,7.5781e-05,3.71643e-05,-1.88591e-06,-4.04058e-05,-7.72942e-05,-0.000111364,-0.000141414,-0.000166311,-0.000185081,-0.000196994,-0.000201631,-0.000198939,-0.000189245,-0.000173247,-0.000151973,-0.000126701,-9.8876e-05,-7.00011e-05,-4.15344e-05,-1.47936e-05,9.12221e-06,2.93857e-05,4.54686e-05,5.71416e-05,6.44497e-05,6.76693e-05,6.72526e-05,6.44976e-05,5.99337e-05,5.3136e-05,4.44653e-05,3.47911e-05,2.50982e-05,1.63194e-05,9.20007e-06,4.17352e-06,1.26078e-06,0
0,-1.97462e-06,-3.5503e-06,-3.66889e-06,-2.30789e-06,3.88581e-07,4.11853e-06,8.44118e-06,1.28055e-05,1.65944e-05,1.92307e-05,2.05479e-05,2.10409e-05,2.01411e-05,1.6543e-05,9.8271e-06,-2.77265e-07,-1.38384e-05,-3.06817e-05,-5.03662e-05,-7.21835e-05,-9.51807e-05,-0.000118207,-0.000139985,-0.000159194,-0.000174564,-0.000184974,-0.000189535,-0.000187655,-0.000179086,-0.000163927,-0.000142612,-0.000115864,-8.46214e-05,-4.99668e-05,-1.30374e-05,2.50478e-05,6.32506e-05,0.000100654,0.000136478,0.000170078,0.000200918,0.000228535,0.000252504,0.000272406,0.000287816,0.000298318,0.000303542,0.000303232,0.00029733,0.000286067,0.000270052,0.000250317,0.000228314,0.000205853,0.000184956,0.000167669,0.000155833,0.000150863,0.000153566,0.000164027,0.000181594,0.000204951,0.000232282,0.000261488,0.000290427,0.000317132,0.000339993,0.000357859,0.000370069,0.000376414,0.000377044,0.000372345,0.000362817,0.000348969,0.000331241,0.000309974,0.000285404,0.00025769,0.000226962,0.000193372,0.000157159,0.000118701,7.85562e-05,3.74836e-05,-3.5563e-06,-4.34309e-05,-8.08883e-05,-0.000114632,-0.000143414,-0.000166127,-0.000181906,-0.000190204,-0.000190854,-0.000184092,-0.000170556,-0.000151242,-0.000127432,-0.000100602,-7.23109e-05,-4.40911e-05,-1.73465e-05,6.73335e-06,2.72335e-05,4.35464e-05,5.53763e-05,6.27179e-05,6.58148e-05,6.51037e-05,6.19508e-05,5.69529e-05,4.97134e-05,4.06654e-05,3.07713e-05,2.10964e-05,1.26221e-05,6.10023e-06,1.92877e-06,6.86066e-08,0
0,-3.76278e-06,-7.05931e-06,-8.68848e-06,-8.51093e-06,-6.55951e-06,-3.07213e-06,1.50615e-06,6.55314e-06,1.1333e-05,1.51324e-05,1.76733e-05,1.93909e-05,1.9634e-05,1.70186e-05,1.11198e-05,1.67943e-06,-1.13412e-05,-2.77212e-05,-4.6959e-05,-6.82753e-05,-9.06399e-05,-0.000112826,-0.000133485,-0.00015124,-0.000164786,-0.00017299,-0.000174983,-0.000170221,-0.000158531,-0.000140114,-0.000115522,-8.55985e-05,-5.14018e-05,-1.4115e-05,2.50478e-05,6.4925e-05,0.000104473,0.000142808,0.000179216,0.000213142,0.00024415,0.000271873,0.000295958,0.000316021,0.000331624,0.000342288,0.000347534,0.000346963,0.000340357,0.000327812,0.000309847,0.000287499,0.00026234,0.000236411,0.00021207,0.000191748,0.000177672,0.000171573,0.000174448,0.000186415,0.00020668,0.00023364,0.000265089,0.000298494,0.000331305,0.000361233,0.000386464,0.000405779,0.000418581,0.000424819,0.000424861,0.000419322,0.000408905,0.000394267,0.000375935,0.000354274,0.000329492,0.000301681,0.000270875,0.000237114,0.000200523,0.000161371,0.00012013,7.74978e-05,3.44088e-05,-7.99514e-06,-4.8417e-05,-8.54831e-05,-0.00011784,-0.000144261,-0.000163748,-0.000175628,-0.000179615,-0.000175849,-0.000164895,-0.000147705,-0.000125551,-9.99251e-05,-7.24276e-05,-4.46544e-05,-1.80854e-05,6.00608e-06,2.66205e-05,4.30709e-05,5.49914e-05,6.232e-05,6.52589e-05,6.42196e-05,6.0627e-05,5.5135e-05,4.73657e-05,3.78191e-05,2.75521e-05,1.77203e-05,9.37021e-06,3.27953e-06,-1.70874e-07,-1.07065e-06,0
0,-5.53673e-06,-1.04767e-05,-1.34676e-05,-1.42573e-05,-1.27873e-05,-9.26001e-06,-4.15509e-06,1.80971e-06,7.7654e-06,1.2859e-05,1.67063e-05,1.96941e-05,2.11008e-05,1.94746e-05,1.43964e-05,5.63016e-06,-6.82494e-06,-2.26962e-05,-4.14194e-05,-6.21451e-05,-8.37712e-05,-0.000105002,-0.00012443,-0.000140635,-0.00015229,-0.000158265,-0.000157722,-0.000150177,-0.000135539,-0.000114114,-8.65651e-05,-5.38502e-05,-1.71322e-05,2.23234e-05,6.32506e-05,0.000104473,0.000144974,0.000183935,0.000220744,0.000254967,0.000286298,0.000314487,0.000339263,0.000360271,0.000377038,0.000388986,0.000395476,0.000395902,0.000389815,0.000377081,0.000358056,0.000333718,0.000305733,0.000276398,0.000248465,0.000224846,0.000208258,0.000200844,0.000203856,0.000217459,0.000240689,0.000271578,0.000307424,0.000345157,0.000381731,0.000414474,0.000441361,0.000461141,0.000473349,0.000478189,0.000476342,0.00046874,0.000456349,0.000440007,0.000420338,0.000397726,0.000372346,0.000344215,0.000313259,0.000279394,0.00024261,0.000203053,0.000161083,0.000117319,7.26431e-05,2.8185e-05,-1.47353e-05,-5.4687e-05,-9.02308e-05,-0.000120033,-0.000142977,-0.000158266,-0.000165499,-0.000164715,-0.000156401,-0.000141455,-0.000121122,-9.68956e-05,-7.04036e-05,-4.32886e-05,-1.70937e-05,6.83466e-06,2.74196e-05,4.38978e-05,5.5833e-05,6.31023e-05,6.58591e-05,6.44802e-05,6.04387e-05,5.44334e-05,4.60914e-05,3.59693e-05,2.52142e-05,1.50759e-05,6.67892e-06,8.45259e-07,-2.04245e-06,-2.11119e-06,0
0,-7.23808e-06,-1.36909e-05,-1.78542e-05,-1.9373e-05,-1.81207e-05,-1.42944e-05,-8.43611e-06,-1.37818e-06,5.86972e-06,1.23187e-05,1.74902e-05,2.17381e-05,2.42852e-05,2.36244e-05,1.93536e-05,1.1268e-05,-5.89084e-07,-1.58907e-05,-3.40111e-05,-5.40367e-05,-7.48025e-05,-9.49568e-05,-0.000113048,-0.000127628,-0.000137363,-0.000141143,-0.000138168,-0.000128022,-0.0001107,-8.66053e-05,-5.65046e-05,-2.14551e-05,1.72976e-05,5.84304e-05,0.000100654,0.000142808,0.000183935,0.000223318,0.000260477,0.000295136,0.000327145,0.000356391,0.000382688,0.000405693,0.000424862,0.000439462,0.000448645,0.000451532,0.000447352,0.000435641,0.000416485,0.000390732,0.00036011,0.000327205,0.000295254,0.000267794,0.000248185,0.000239122,0.000242206,0.000257676,0.000284346,0.000319771,0.000360606,0.000403084,0.000443527,0.000478806,0.000506658,0.000525847,0.000536132,0.000538096,0.000532863,0.000521784,0.000506158,0.000487033,0.000465124,0.000440824,0.000414267,0.000385396,0.000354028,0.000319948,0.000283004,0.000243199,0.000200767,0.000156223,0.00011038,6.43303e-05,1.9393e-05,-2.29673e-05,-6.12479e-05,-9.40278e-05,-0.000120088,-0.000138523,-0.000148823,-0.000150929,-0.000145243,-0.000132605,-0.000114219,-9.15672e-05,-6.62854e-05,-4.00464e-05,-1.444e-05,9.12855e-06,2.95162e-05,4.58903e-05,5.77473e-05,6.49018e-05,6.74535e-05,6.57356e-05,6.12593e-05,5.47542e-05,4.58363e-05,3.51041e-05,2.37851e-05,1.32217e-05,4.62451e-06,-1.12444e-06,-3.62175e-06,-3.01619e-06,0
0,-8.81681e-06,-1.66089e-05,-2.17271e-05,-2.37276e-05,-2.2442e-05,-1.80916e-05,-1.13042e-05,-3.04017e-06,5.55e-06,1.3352e-05,1.981e-05,2.52641e-05,2.88978e-05,2.91619e-05,2.56818e-05,1.82917e-05,7.0825e-06,-7.5654e-06,-2.49706e-05,-4.41649e-05,-6.39345e-05,-8.2888e-05,-9.95475e-05,-0.000112455,-0.000120288,-0.000121964,-0.000116736,-0.000104255,-8.45954e-05,-5.82499e-05,-2.60725e-05,1.08037e-05,5.10764e-05,9.33949e-05,0.000136478,0.000179216,0.000220744,0.000260477,0.000298106,0.000333541,0.000366823,0.000397993,0.000426953,0.000453336,0.000476454,0.000495345,0.000508894,0.000515897,0.000515171,0.000505796,0.000487454,0.000460755,0.000427453,0.000390471,0.00035367,0.000321406,0.000297914,0.000286647,0.000289692,0.000307397,0.000338284,0.000379266,0.000426132,0.00047419,0.000518941,0.000556671,0.000584855,0.000602325,0.000609196,0.000606595,0.000596258,0.000580095,0.000559811,0.000536671,0.000511446,0.000484504,0.000455947,0.000425666,0.000393386,0.000358764,0.000321498,0.000281436,0.000238672,0.000193598,0.000146934,9.97147e-05,5.32327e-05,8.96005e-06,-3.15635e-05,-6.6855e-05,-9.56157e-05,-0.000116848,-0.000129948,-0.000134766,-0.000131624,-0.000121295,-0.000104937,-8.40012e-05,-6.01183e-05,-3.49713e-05,-1.01778e-05,1.28158e-05,3.28148e-05,4.89284e-05,6.05921e-05,6.756e-05,6.98751e-05,6.78208e-05,6.29362e-05,5.59678e-05,4.6503e-05,3.51636e-05,2.32434e-05,1.21704e-05,3.24377e-06,-2.58196e-06,-4.86495e-06,-3.75881e-06,0
0,-1.02329e-05,-1.91593e-05,-2.49989e-05,-2.7237e-05,-2.56908e-05,-2.06324e-05,-1.27949e-05,-3.2727e-06,6.64948e-06,1.57484e-05,2.34122e-05,2.99882e-05,3.4638e-05,3.5783e-05,3.30856e-05,2.64238e-05,1.59367e-05,2.05349e-06,-1.44985e-05,-3.27108e-05,-5.13383e-05,-6.897e-05,-8.41218e-05,-9.53454e-05,-0.000101342,-0.000101072,-9.38406e-05,-7.93647e-05,-5.77916e-05,-2.96831e-05,4.04295e-06,4.22055e-05,8.34777e-05,0.000126515,0.000170078,0.000213142,0.000254967,0.000295136,0.000333541,0.00037032,0.000405742,0.000440035,0.000473192,0.000504765,0.000533782,0.00055889,0.000578689,0.000591643,0.00059608,0.000590465,0.000573889,0.000546572,0.000510235,0.000468199,0.000425141,0.000386526,0.000357794,0.000343455,0.000346282,0.000366787,0.000403091,0.000451225,0.000505794,0.000560845,0.000610784,0.000651145,0.000679096,0.000693618,0.000695364,0.000686237,0.00066882,0.000645761,0.000619252,0.000590743,0.00056095,0.00053014,0.000498435,0.000465748,0.00043176,0.00039601,0.000358036,0.00031752,0.000274395,0.000228914,0.000181686,0.000133659,8.60769e-05,4.03895e-05,-1.85548e-06,-3.91426e-05,-7.01207e-05,-9.37248e-05,-0.000109276,-0.000116548,-0.000115787,-0.000107701,-9.33936e-05,-7.42767e-05,-5.19557e-05,-2.81056e-05,-4.35099e-06,1.78401e-05,3.72393e-05,5.29122e-05,6.42431e-05,7.09312e-05,7.2963e-05,7.05677e-05,6.53038e-05,5.79216e-05,4.79615e-05,3.60491e-05,2.35256e-05,1.18929e-05,2.53624e-06,-3.50953e-06,-5.74872e-06,-4.3226e-06,0
0,-1.14575e-05,-2.12936e-05,-2.76173e-05,-2.98634e-05,-2.7861e-05,-2.19571e-05,-1.3003e-05,-2.22665e-06,8.9659e-06,1.92638e-05,2.80232e-05,3.56205e-05,4.12125e-05,4.32025e-05,4.12971e-05,3.54209e-05,2.5758e-05,1.27777e-05,-2.76037e-06,-1.98254e-05,-3.7162e-05,-5.33614e-05,-6.69548e-05,-7.65217e-05,-8.08028e-05,-7.88058e-05,-6.98924e-05,-5.38355e-05,-3.08378e-05,-1.50873e-06,3.31999e-05,7.20929e-05,0.000113855,0.000157183,0.000200918,0.00024415,0.000286298,0.000327145,0.000366823,0.000405742,0.000444456,0.000483453,0.000522853,0.000562058,0.000599517,0.00063307,0.000661147,0.000682037,0.00069353,0.000693262,0.000679453,0.0006517,0.000611588,0.000562913,0.000511427,0.000464117,0.000428103,0.000409387,0.000411724,0.000435867,0.000479379,0.000537056,0.000601848,0.000666075,0.000722657,0.00076614,0.000793336,0.000803498,0.000798071,0.000780073,0.000753264,0.000721281,0.000686895,0.000651625,0.000615857,0.000579547,0.000543063,0.000506543,0.000469694,0.000431938,0.000392633,0.000351267,0.00030759,0.000261696,0.000214057,0.000165518,0.000117241,7.06262e-05,2.71964e-05,-1.15333e-05,-4.41908e-05,-6.96735e-05,-8.72516e-05,-9.66387e-05,-9.80206e-05,-9.20414e-05,-7.97482e-05,-6.25032e-05,-4.18721e-05,-1.95027e-05,2.99447e-06,2.41516e-05,4.27266e-05,5.77588e-05,6.85948e-05,7.4887e-05,7.6569e-05,7.3814e-05,6.81938e-05,6.04505e-05,5.00608e-05,3.76327e-05,2.45343e-05,1.23249e-05,2.46848e-06,-3.91681e-06,-6.26916e-06,-4.70108e-06,0
0,-1.24727e-05,-2.29863e-05,-2.95641e-05,-3.1612e-05,-2.89962e-05,-2.21572e-05,-1.20713e-05,-9.34695e-08,1.22673e-05,2.36373e-05,3.33662e-05,4.18807e-05,4.83483e-05,5.1164e-05,5.00836e-05,4.50773e-05,3.63675e-05,2.44517e-05,1.0105e-05,-5.64063e-06,-2.15424e-05,-3.62171e-05,-4.82331e-05,-5.62155e-05,-5.89556e-05,-5.55141e-05,-4.53033e-05,-2.81406e-05,-4.26262e-06,2.57023e-05,6.08026e-05,9.98664e-05,0.000141628,0.000184867,0.000228535,0.000271873,0.000314487,0.000356391,0.000397993,0.000440035,0.000483453,0.000529135,0.000577495,0.000627796,0.000677331,0.000721757,0.000760078,0.000790953,0.000811633,0.000818582,0.000808704,0.000780604,0.00073555,0.000677891,0.000614813,0.000555396,0.000509126,0.000484137,0.000485592,0.000514597,0.000567925,0.000638615,0.000717295,0.000793877,0.000859262,0.000906697,0.000932579,0.000936626,0.000921448,0.000891653,0.000852671,0.000809497,0.00076562,0.000722387,0.000679184,0.000634992,0.000591311,0.000548943,0.000507677,0.000466749,0.000425266,0.000382474,0.000337906,0.000291471,0.000243486,0.000194662,0.000146056,9.8986e-05,5.49152e-05,1.53233e-05,-1.84318e-05,-4.5242e-05,-6.43552e-05,-7.54487e-05,-7.86616e-05,-7.45838e-05,-6.42054e-05,-4.8832e-05,-2.99766e-05,-9.2417e-06,1.17972e-05,3.16946e-05,4.92165e-05,6.33952e-05,7.35555e-05,7.93145e-05,8.05593e-05,7.74084e-05,7.14428e-05,6.33869e-05,5.26386e-05,3.9768e-05,2.61476e-05,1.33747e-05,2.97985e-06,-3.83699e-06,-6.43959e-06,-4.8969e-06,0
0,-1.32716e-05,-2.42336e-05,-3.08523e-05,-3.25265e-05,-2.91813e-05,-2.13642e-05,-1.01778e-05,2.9093e-06,1.63072e-05,2.86061e-05,3.91745e-05,4.8509e-05,5.5801e-05,5.94451e-05,5.92477e-05,5.52208e-05,4.76157e-05,3.6943e-05,2.39732e-05,9.71692e-06,-4.61977e-06,-1.77032e-05,-2.81593e-05,-3.46747e-05,-3.61012e-05,-3.1553e-05,-2.04855e-05,-2.74332e-06,2.14283e-05,5.14143e-05,8.63006e-05,0.000124979,0.000166274,0.000209082,0.000252504,0.000295958,0.000339263,0.000382688,0.000426953,0.000473192,0.000522853,0.000577495,0.000638308,0.000704945,0.000772838,0.000830093,0.000879942,0.000922765,0.000955142,0.00097171,0.000967324,0.000939011,0.000887419,0.000817523,0.000738407,0.000662053,0.000601294,0.000567328,0.000567358,0.000603003,0.000669892,0.000758546,0.000856292,0.000949686,0.00102687,0.0010794,0.00110322,0.00109878,0.00107042,0.00102501,0.000970374,0.000913451,0.000858743,0.000807098,0.000755447,0.000699157,0.000644487,0.000593535,0.00054592,0.00050043,0.000455762,0.000410836,0.000364929,0.000317739,0.0002694,0.000220469,0.000171868,0.0001248,8.06352e-05,4.07809e-05,6.5441e-06,-2.09967e-05,-4.10985e-05,-5.34277e-05,-5.80953e-05,-5.56488e-05,-4.70245e-05,-3.34668e-05,-1.64253e-05,2.55905e-06,2.19658e-05,4.03937e-05,5.66389e-05,6.97475e-05,7.90403e-05,8.41127e-05,8.48144e-05,8.12131e-05,7.48976e-05,6.65682e-05,5.5531e-05,4.22996e-05,2.82285e-05,1.49313e-05,3.98937e-06,-3.32192e-06,-6.28752e-06,-4.9204e-06,0
0,-1.38573e-05,-2.50508e-05,-3.15215e-05,-3.26819e-05,-2.85336e-05,-1.97393e-05,-7.52226e-06,6.55198e-06,2.08383e-05,3.39177e-05,4.52015e-05,5.52732e-05,6.33584e-05,6.78563e-05,6.86229e-05,6.57053e-05,5.93714e-05,5.01272e-05,3.8718e-05,2.61093e-05,1.3446e-05,1.98971e-06,-6.96275e-06,-1.21732e-05,-1.25603e-05,-7.29018e-06,4.14988e-06,2.19076e-05,4.57571e-05,7.51311e-05,0.000109192,0.000146933,0.000187311,0.000229376,0.000272406,0.000316021,0.000360271,0.000405693,0.000453336,0.000504765,0.000562058,0.000627796,0.000704945,0.000795932,0.000896882,0.000964905,0.00102546,0.00108202,0.00112936,0.00115896,0.00116244,0.00113436,0.00107428,0.000987832,0.000886605,0.000786601,0.00070542,0.000658683,0.000656568,0.000701435,0.00078723,0.000900814,0.0010248,0.00114107,0.00123401,0.00129299,0.0013135,0.0012972,0.00125087,0.00118466,0.00110976,0.00103604,0.000969741,0.000911296,0.000852971,0.000774581,0.000702923,0.000640087,0.000584076,0.000532593,0.000483693,0.000435883,0.000388145,0.000339943,0.000291209,0.000242322,0.000194042,0.000147426,0.000103717,6.42134e-05,3.01341e-05,2.49222e-06,-1.80101e-05,-3.1056e-05,-3.67492e-05,-3.56081e-05,-2.85207e-05,-1.66689e-05,-1.43012e-06,1.57306e-05,3.33661e-05,5.01404e-05,6.49015e-05,7.673e-05,8.49614e-05,8.91852e-05,8.92244e-05,8.51029e-05,7.8418e-05,6.98417e-05,5.85797e-05,4.50724e-05,3.06344e-05,1.68734e-05,5.40294e-06,-2.43665e-06,-5.8512e-06,-4.788e-06,0
0,-1.42411e-05,-2.54694e-05,-3.16332e-05,-3.21769e-05,-2.71926e-05,-1.74605e-05,-4.31392e-06,1.06056e-05,2.5624e-05,3.93397e-05,5.12277e-05,6.19721e-05,7.08399e-05,7.62374e-05,7.80663e-05,7.63998e-05,7.15081e-05,6.38743e-05,5.41968e-05,4.33726e-05,3.24624e-05,2.26345e-05,1.50915e-05,1.09848e-05,1.1325e-05,1.6898e-05,2.81979e-05,4.53859e-05,6.82842e-05,9.64074e-05,0.000129031,0.000165292,0.000204311,0.000245325,0.000287816,0.000331624,0.000377038,0.000424862,0.000476454,0.000533782,0.000599517,0.000677331,0.000772838,0.000896882,0.00107839,0.00113323,0.0012,0.00127273,0.00134004,0.00138791,0.00140309,0.00137646,0.00130577,0.00119726,0.0010658,0.000932945,0.000823102,0.000758332,0.000753173,0.00081104,0.000923348,0.00107159,0.00123162,0.00137876,0.00149242,0.00155917,0.00157421,0.00154101,0.0014699,0.00137553,0.00127395,0.00117934,0.00110115,0.00104155,0.000992575,0.000859893,0.000764089,0.000686913,0.000621021,0.000562389,0.000508335,0.000456951,0.000406923,0.00035747,0.000308311,0.000259623,0.000211982,0.000166271,0.000123571,8.50383e-05,5.17673e-05,2.4672e-05,4.38182e-06,-8.83031e-06,-1.50821e-05,-1.48771e-05,-9.06282e-06,1.24163e-06,1.47374e-05,3.0047e-05,4.5813e-05,6.07835e-05,7.3879e-05,8.42349e-05,9.122e-05,9.44338e-05,9.36858e-05,8.89641e-05,8.18774e-05,7.30691e-05,6.16383e-05,4.79385e-05,3.32252e-05,1.90774e-05,7.12041e-06,-1.25392e-06,-5.17585e-06,-4.52037e-06,0
0,-1.4441e-05,-2.55332e-05,-3.12639e-05,-3.11259e-05,-2.53101e-05,-1.47115e-05,-7.59107e-07,1.4853e-05,3.04482e-05,4.46665e-05,5.70644e-05,6.84359e-05,7.80939e-05,8.44513e-05,8.745e-05,8.71779e-05,8.38926e-05,7.80358e-05,7.02379e-05,6.13058e-05,5.21949e-05,4.39614e-05,3.76992e-05,3.44642e-05,3.51943e-05,4.06334e-05,5.12701e-05,6.73007e-05,8.86226e-05,0.000114864,0.000145449,0.000179691,0.000216907,0.000256548,0.000298318,0.000342288,0.000388986,0.000439462,0.000495345,0.00055889,0.00063307,0.000721757,0.000830093,0.000964905,0.00113323,0.00119564,0.0012733,0.00135889,0.00143918,0.00149837,0.00152177,0.00149934,0.00142845,0.00131549,0.00117612,0.00103341,0.000913791,0.00084143,0.000832463,0.000890908,0.00100767,0.00116286,0.0013306,0.00148458,0.00160293,0.00167139,0.0016847,0.00164626,0.00156675,0.00146178,0.00134884,0.00124394,0.0011586,0.00109802,0.00106211,0.000928274,0.000820201,0.000730923,0.000655021,0.000588581,0.000528701,0.000473211,0.000420543,0.000369682,0.000320123,0.00027183,0.000225169,0.000180825,0.000139691,0.000102747,7.0933e-05,4.50321e-05,2.55717e-05,1.27555e-05,6.43163e-06,6.09672e-06,1.09363e-05,1.9892e-05,3.17481e-05,4.52245e-05,5.90668e-05,7.21242e-05,8.34076e-05,9.2126e-05,9.76994e-05,9.97533e-05,9.80967e-05,9.2692e-05,8.51641e-05,7.6129e-05,6.45766e-05,5.07642e-05,3.58705e-05,2.14245e-05,9.04215e-06,1.511e-07,-4.31019e-06,-4.14064e-06,0
0,-1.44797e-05,-2.52943e-05,-3.04998e-05,-2.96504e-05,-2.30401e-05,-1.16714e-05,2.94898e-06,1.90985e-05,3.51229e-05,4.97247e-05,6.25559e-05,7.45257e-05,8.4994e-05,9.23784e-05,9.66527e-05,9.79084e-05,9.6375e-05,9.24353e-05,8.66325e-05,7.96643e-05,7.23626e-05,6.56562e-05,6.05186e-05,5.7904e-05,5.86771e-05,6.35463e-05,7.30081e-05,8.73128e-05,0.000106458,0.000130212,0.000158178,0.000189871,0.000224832,0.000262743,0.000303542,0.000347534,0.000395476,0.000448645,0.000508894,0.000578689,0.000661147,0.000760078,0.000879942,0.00102546,0.0012,0.0012733,0.00136007,0.00145309,0.00153984,0.00160581,0.00163791,0.00162746,0.00157233,0.00147829,0.00135921,0.00123565,0.00113142,0.00106846,0.00106147,0.00111408,0.00121796,0.00135506,0.00150207,0.00163545,0.00173578,0.00179037,0.00179437,0.00175059,0.00166833,0.00156158,0.00144641,0.00133788,0.00124715,0.00117948,0.00113385,0.000992046,0.000871996,0.000770749,0.000684511,0.000609792,0.000543654,0.000483742,0.000428265,0.000375978,0.000326145,0.000278505,0.000233203,0.000190704,0.000151689,0.000116939,8.72121e-05,6.31329e-05,4.51024e-05,3.32336e-05,2.7322e-05,2.68518e-05,3.10335e-05,3.88677e-05,4.9224e-05,6.0927e-05,7.28367e-05,8.39167e-05,9.32839e-05,0.000100237,0.000104263,0.000105029,0.000102356,9.61907e-05,8.8181e-05,7.89185e-05,6.72852e-05,5.34347e-05,3.84553e-05,2.38066e-05,1.10746e-05,1.70531e-06,-3.30318e-06,-3.67283e-06,0
0,-1.43829e-05,-2.48093e-05,-2.94305e-05,-2.78719e-05,-2.05306e-05,-8.50532e-06,6.63897e-06,2.31748e-05,3.9493e-05,5.43758e-05,6.758e-05,8.01316e-05,9.14358e-05,9.99112e-05,0.000105555,0.00010845,0.000108783,0.000106864,0.000103132,9.81596e-05,9.26406e-05,8.73648e-05,8.31771e-05,8.09256e-05,8.14033e-05,8.52892e-05,9.3099e-05,0.000105153,0.000121568,0.000142277,0.000167078,0.000195713,0.00022796,0.000263741,0.000303232,0.000346963,0.000395902,0.000451532,0.000515897,0.000591643,0.000682037,0.000790953,0.000922765,0.00108202,0.00127273,0.00135889,0.00145309,0.00154937,0.0016381,0.00170869,0.00175219,0.00176316,0.00174086,0.00168985,0.00162015,0.00154631,0.0014851,0.00145174,0.001456,0.00149951,0.00157547,0.00167059,0.00176839,0.0018526,0.00190989,0.00193162,0.00191445,0.00186035,0.00177607,0.00167197,0.00156022,0.0014524,0.00135711,0.00127811,0.00121388,0.00105466,0.000919307,0.000804878,0.000707782,0.000624518,0.000551995,0.00048764,0.000429429,0.000375881,0.000326032,0.00027939,0.000235868,0.000195702,0.000159346,0.000127364,0.000100311,7.86352e-05,6.25922e-05,5.2186e-05,4.71456e-05,4.6932e-05,5.07741e-05,5.77284e-05,6.6752e-05,7.67785e-05,8.67903e-05,9.58758e-05,0.00010327,0.000108374,0.000110756,0.000110136,0.000106361,9.93733e-05,9.08472e-05,8.1356e-05,6.96773e-05,5.58579e-05,4.08847e-05,2.61314e-05,1.31346e-05,3.34148e-06,-2.20144e-06,-3.14044e-06,0
0,-1.41776e-05,-2.41357e-05,-2.81439e-05,-2.59051e-05,-1.79155e-05,-5.35689e-06,1.01681e-05,2.69491e-05,4.34407e-05,5.85183e-05,7.20482e-05,8.51713e-05,9.73341e-05,0.000106951,0.000114035,0.000118648,0.000120924,0.000121084,0.000119452,0.000116464,0.000112667,0.000108702,0.000105281,0.000103145,0.000103017,0.000105551,0.000111292,0.000120641,0.000133848,0.000151023,0.000172176,0.000197281,0.000226361,0.000259576,0.00029733,0.000340357,0.000389815,0.000447352,0.000515171,0.00059608,0.00069353,0.000811633,0.000955142,0.00112936,0.00134004,0.00143918,0.00153984,0.0016381,0.00172863,0.00180644,0.00186829,0.00191334,0.00194297,0.00196051,0.0019709,0.00198011,0.00199393,0.00201615,0.00204707,0.00208333,0.00211933,0.0021492,0.00216781,0.00217096,0.00215548,0.00211933,0.00206198,0.00198481,0.00189137,0.00178716,0.00167876,0.00157241,0.00147247,0.00138038,0.00129458,0.00111229,0.000959173,0.000830775,0.000722765,0.000631186,0.000552605,0.000484163,0.000423585,0.000369158,0.000319694,0.000274475,0.000233189,0.000195839,0.000162646,0.000133949,0.00011009,9.13278e-05,7.77591e-05,6.92684e-05,6.55084e-05,6.59088e-05,6.97121e-05,7.60285e-05,8.39021e-05,9.23789e-05,0.000100568,0.000107689,0.000113103,0.000116324,0.000117011,0.000114948,0.000110017,0.000102164,9.30998e-05,8.33828e-05,7.1692e-05,5.79675e-05,4.30872e-05,2.83256e-05,1.5153e-05,5.00095e-06,-1.0472e-06,-2.56544e-06,0
0,-1.38902e-05,-2.33289e-05,-2.67219e-05,-2.38526e-05,-1.53098e-05,-2.34297e-06,1.34269e-05,3.03257e-05,4.68873e-05,6.20879e-05,7.59051e-05,8.95888e-05,0.000102622,0.00011341,0.00012197,0.000128338,0.000132583,0.00013483,0.000135279,0.000134223,0.000132054,0.000129265,0.000126432,0.000124188,0.00012319,0.000124071,0.00012741,0.000133698,0.000143322,0.000156576,0.000173684,0.000194856,0.000220348,0.00025055,0.000286067,0.000327812,0.000377081,0.000435641,0.000505796,0.000590465,0.000693262,0.000818582,0.00097171,0.00115896,0.00138791,0.00149837,0.00160581,0.00170869,0.00180644,0.00190016,0.00199298,0.00208932,0.00219359,0.00230863,0.00243438,0.00256685,0.0026974,0.00281269,0.00289657,0.00293464,0.00292029,0.00285793,0.00276008,0.00264138,0.00251387,0.00238519,0.00225893,0.00213616,0.00201691,0.00190114,0.00178891,0.00168009,0.00157393,0.00146903,0.00136397,0.00115763,0.000986856,0.00084524,0.000727304,0.000628406,0.000544667,0.000472921,0.000410651,0.000355935,0.000307384,0.000264078,0.000225491,0.000191405,0.000161816,0.000136834,0.00011659,0.000101148,9.04414e-05,8.42303e-05,8.20856e-05,8.3402e-05,8.7432e-05,9.33375e-05,0.000100249,0.000107324,0.0001138,0.000119033,0.000122512,0.000123868,0.000122859,0.000119339,0.000113234,0.000104504,9.4897e-05,8.4965e-05,7.32957e-05,5.97242e-05,4.5016e-05,3.03366e-05,1.70761e-05,6.63543e-06,1.23028e-07,-1.96751e-06,0
0,-1.35456e-05,-2.24396e-05,-2.52367e-05,-2.18009e-05,-1.28049e-05,4.4986e-07,1.63415e-05,3.32481e-05,4.9793e-05,6.50575e-05,7.91275e-05,9.3354e-05,0.00010725,0.000119207,0.000129242,0.000137352,0.000143538,0.000147825,0.000150284,0.000151063,0.000150403,0.000148647,0.000146236,0.000143701,0.000141633,0.000140648,0.000141363,0.000144356,0.000150154,0.000159232,0.000172024,0.000188959,0.000210517,0.000237289,0.000270052,0.000309847,0.000358056,0.000416485,0.000487454,0.000573889,0.000679453,0.000808704,0.000967324,0.00116244,0.00140309,0.00152177,0.00163791,0.00175219,0.00186829,0.00199298,0.00213549,0.0023061,0.00251364,0.00276254,0.00304966,0.00336142,0.00367158,0.00394158,0.00412604,0.0041861,0.00410753,0.00391069,0.0036383,0.00333591,0.00303876,0.00276769,0.00253114,0.00232923,0.00215759,0.0020099,0.00187926,0.00175891,0.00164291,0.00152697,0.00140964,0.00118289,0.000997562,0.000845384,0.000719759,0.000615377,0.000527963,0.000454093,0.00039107,0.000336815,0.000289785,0.000248894,0.000213434,0.000182987,0.000157337,0.00013638,0.00012004,0.000108192,0.00010061,9.69283e-05,9.66379e-05,9.90972e-05,0.000103568,0.000109261,0.000115391,0.000121226,0.00012613,0.000129591,0.000131229,0.000130793,0.000128138,0.000123196,0.000115941,0.000106353,9.62208e-05,8.60958e-05,7.44827e-05,6.11167e-05,4.66501e-05,3.21336e-05,1.88669e-05,8.20778e-06,1.27914e-06,-1.36364e-06,0
0,-1.31658e-05,-2.1512e-05,-2.37488e-05,-1.98184e-05,-1.04669e-05,2.9665e-06,1.88743e-05,3.5698e-05,5.21562e-05,6.74352e-05,8.17228e-05,9.64619e-05,0.000111188,0.000124277,0.000135735,0.000145522,0.000153565,0.000159786,0.000164135,0.000166617,0.000167324,0.000166454,0.000164325,0.000161366,0.000158106,0.000155149,0.000153143,0.000152755,0.000154645,0.000159454,0.000167813,0.000180356,0.000197756,0.000220774,0.000250317,0.000287499,0.000333718,0.000390732,0.000460755,0.000546572,0.0006517,0.000780604,0.000939011,0.00113436,0.00137646,0.00149934,0.00162746,0.00176316,0.00191334,0.00208932,0.0023061,0.00258072,0.00292915,0.0033619,0.00387807,0.00445813,0.00505638,0.00559622,0.00597657,0.00610048,0.00592716,0.00550969,0.00495295,0.00435915,0.00379973,0.00331186,0.00290678,0.00258017,0.00232025,0.00211255,0.00194256,0.0017971,0.00166554,0.00154114,0.00142213,0.00118242,0.000988164,0.000829721,0.000699693,0.000592339,0.000503159,0.000428612,0.000365924,0.000312945,0.000268044,0.000230021,0.000198024,0.000171467,0.000149946,0.000133165,0.000120855,0.000112715,0.000108368,0.000107331,0.00010902,0.000112758,0.000117818,0.000123457,0.000128971,0.000133733,0.000137229,0.000139073,0.000139011,0.000136905,0.000132708,0.000126429,0.00011809,0.000107696,9.70797e-05,8.67961e-05,7.52759e-05,6.21609e-05,4.7993e-05,3.37064e-05,2.05042e-05,9.69203e-06,2.3976e-06,-7.67959e-07,0
0,-1.27699e-05,-2.05829e-05,-2.23057e-05,-1.7954e-05,-8.33672e-06,5.18234e-06,2.10214e-05,3.76923e-05,5.40098e-05,6.92607e-05,8.37269e-05,9.89313e-05,0.000114427,0.000128569,0.000141351,0.000152692,0.000162448,0.000170446,0.000176515,0.00018053,0.000182444,0.000182323,0.000180366,0.000176909,0.000172426,0.000167504,0.000162826,0.000159135,0.00015721,0.000157848,0.00016185,0.000170028,0.00018322,0.000202319,0.000228314,0.00026234,0.000305733,0.00036011,0.000427453,0.000510235,0.000611588,0.00073555,0.000887419,0.00107428,0.00130577,0.00142845,0.00157233,0.00174086,0.00194297,0.00219359,0.00251364,0.00292915,0.0034686,0.00415762,0.0050099,0.00601265,0.00710533,0.00815519,0.0089474,0.00923317,0.00888019,0.00803639,0.00696058,0.00586903,0.00488828,0.00406874,0.00341375,0.00290387,0.002512,0.002211,0.00197689,0.00179004,0.00163597,0.00150599,0.00139764,0.00115468,0.000958583,0.000799052,0.000668424,0.000560894,0.000471999,0.000398267,0.000336984,0.000286032,0.000243766,0.000208931,0.000180578,0.000157988,0.000140603,0.000127957,0.000119613,0.000115112,0.000113942,0.000115516,0.000119181,0.000124234,0.000129955,0.00013565,0.00014069,0.000144547,0.000146816,0.00014723,0.00014565,0.000142046,0.000136461,0.000128974,0.000119658,0.000108545,9.75096e-05,8.7114e-05,7.57245e-05,6.28978e-05,4.90709e-05,3.50641e-05,2.1982e-05,1.10726e-05,3.46117e-06,-1.91825e-07,0
0,-1.23734e-05,-1.96811e-05,-2.09417e-05,-1.62382e-05,-6.43169e-06,7.10027e-06,2.28089e-05,3.92783e-05,5.54158e-05,7.06013e-05,8.51997e-05,0.000100803,0.000116975,0.000132049,0.000146007,0.000158725,0.000169996,0.000179558,0.000187135,0.000192482,0.000195431,0.000195929,0.000194069,0.000190105,0.00018446,0.000177706,0.000170552,0.000163808,0.000158356,0.000155123,0.000155057,0.000159117,0.000168271,0.000183507,0.000205853,0.000236411,0.000276398,0.000327205,0.000390471,0.000468199,0.000562913,0.000677891,0.000817523,0.000987832,0.00119726,0.00131549,0.00147829,0.00168985,0.00196051,0.00230863,0.00276254,0.0033619,0.00415762,0.00520836,0.0065706,0.00827558,0.0102815,0.0123907,0.014153,0.0148814,0.0140799,0.0122606,0.0101206,0.00811167,0.00642524,0.00509318,0.00407531,0.00331001,0.00273765,0.00230887,0.00198597,0.00174184,0.00155848,0.00142571,0.00133983,0.00110348,0.000912535,0.000756913,0.000629258,0.000524108,0.000437314,0.000365667,0.000306648,0.000258264,0.000218932,0.000187395,0.000162651,0.000143889,0.000130427,0.000121661,0.000117011,0.000115886,0.000117657,0.00012165,0.000127157,0.000133453,0.000139832,0.000145641,0.000150321,0.000153431,0.000154667,0.000153865,0.000150988,0.000146099,0.000139323,0.000130803,0.000120657,0.000108941,9.75728e-05,8.71223e-05,7.59012e-05,6.33898e-05,4.99291e-05,3.62319e-05,2.33069e-05,1.23432e-05,4.45826e-06,3.56013e-07,0
0,-1.19881e-05,-1.88278e-05,-1.96794e-05,-1.46853e-05,-4.74905e-06,8.74571e-06,2.42864e-05,4.05266e-05,5.64585e-05,7.15444e-05,8.62203e-05,0.000102135,0.00011886,0.000134707,0.000149643,0.000163511,0.000176046,0.000186913,0.000195745,0.000202198,0.000206001,0.000207,0.0002052,0.000200784,0.000194129,0.000185795,0.000176508,0.000167131,0.00015863,0.000152035,0.000148414,0.000148838,0.000154374,0.000166068,0.000184956,0.00021207,0.000248465,0.000295254,0.00035367,0.000425141,0.000511427,0.000614813,0.000738407,0.000886605,0.0010658,0.00117612,0.00135921,0.00162015,0.0019709,0.00243438,0.00304966,0.00387807,0.0050099,0.0065706,0.00872163,0.0116412,0.0154459,0.0199747,0.0243501,0.026526,0.0242798,0.0198481,0.0152861,0.0114729,0.00856449,0.00643616,0.00490245,0.00379791,0.00299664,0.00240999,0.00197875,0.00166547,0.00144808,0.00131481,0.00126007,0.00103793,0.000857434,0.000709401,0.000587289,0.000486302,0.000402822,0.000334049,0.000277756,0.000232146,0.000195748,0.000167347,0.000145922,0.000130602,0.000120616,0.00011525,0.000113811,0.000115602,0.000119903,0.000125971,0.000133056,0.000140421,0.000147373,0.000153301,0.000157705,0.000160219,0.000160623,0.000158841,0.000154918,0.000148995,0.000141265,0.000131923,0.000121126,0.000108951,9.73543e-05,8.69143e-05,7.58966e-05,6.37158e-05,5.06275e-05,3.72473e-05,2.44957e-05,1.35047e-05,5.38211e-06,8.69096e-07,0
0,-1.16227e-05,-1.80373e-05,-1.85305e-05,-1.32958e-05,-3.27069e-06,1.01603e-05,2.55197e-05,4.15229e-05,5.72359e-05,7.21899e-05,8.68798e-05,0.000103,0.000120125,0.000136547,0.000152223,0.000166968,0.000180473,0.000192344,0.000202146,0.000209458,0.000213928,0.000215325,0.000213582,0.000208827,0.000201399,0.000191844,0.0001809,0.000169467,0.000158571,0.000149321,0.00014287,0.000140375,0.000142965,0.000151724,0.000167669,0.000191748,0.000224846,0.000267794,0.000321406,0.000386526,0.000464117,0.000555396,0.000662053,0.000786601,0.000932945,0.00103341,0.00123565,0.00154631,0.00198011,0.00256685,0.00336142,0.00445813,0.00601265,0.00827558,0.0116412,0.0166995,0.0242169,0.0347627,0.0472182,0.0552958,0.0471552,0.0346472,0.0240665,0.0165337,0.0114768,0.00812414,0.00588089,0.00434983,0.00327984,0.00251655,0.00196783,0.00158118,0.00132869,0.00119627,0.00117585,0.000971237,0.000803371,0.000664379,0.000548761,0.000452534,0.000372705,0.000306927,0.000253305,0.000210258,0.000176446,0.000150713,0.000132043,0.000119531,0.000112339,0.000109677,0.000110768,0.000114835,0.000121092,0.000128751,0.000137034,0.000145199,0.000152571,0.000158573,0.000162757,0.000164815,0.000164593,0.00016208,0.000157387,0.000150711,0.000142294,0.000132372,0.00012113,0.000108663,9.69558e-05,8.65966e-05,7.58129e-05,6.39646e-05,5.12349e-05,3.81562e-05,2.55719e-05,1.45639e-05,6.22981e-06,1.34293e-06,0
0,-1.12829e-05,-1.73178e-05,-1.74988e-05,-1.20612e-05,-1.96874e-06,1.13947e-05,2.65815e-05,4.23581e-05,5.78494e-05,7.26412e-05,8.72734e-05,0.000103475,0.000120822,0.000137593,0.000153736,0.000169048,0.000183192,0.000195735,0.000206197,0.000214105,0.000219052,0.000220754,0.000219095,0.000214164,0.000206269,0.000195942,0.000183927,0.000171144,0.000158658,0.000147626,0.000139257,0.000134762,0.000135311,0.000142003,0.000155833,0.000177672,0.000208258,0.000248185,0.000297914,0.000357794,0.000428103,0.000509126,0.000601294,0.00070542,0.000823102,0.000913791,0.00113142,0.0014851,0.00199393,0.0026974,0.00367158,0.00505638,0.00710533,0.0102815,0.0154459,0.0242169,0.0395466,0.0660348,0.106677,0.144342,0.106622,0.0659312,0.0394059,0.0240532,0.0152735,0.0101129,0.00695065,0.0049233,0.00356654,0.00262703,0.00196671,0.00151265,0.00122863,0.00109717,0.0011073,0.000918135,0.000761312,0.000630146,0.00052008,0.000427859,0.000351031,0.000287647,0.000236089,0.000194963,0.000163039,0.000139213,0.000122482,0.000111913,0.000106631,0.00010579,0.000108558,0.000114108,0.000121615,0.000130265,0.000139268,0.000147888,0.000155467,0.000161461,0.000165455,0.000167187,0.000166546,0.000163564,0.000158392,0.000151264,0.000142452,0.000132215,0.000120755,0.000108176,9.6487e-05,8.62807e-05,7.57553e-05,6.42273e-05,5.18227e-05,3.90073e-05,2.65629e-05,1.55308e-05,7.00126e-06,1.7746e-06,0
0,-1.0972e-05,-1.66734e-05,-1.65825e-05,-1.09671e-05,-8.11462e-07,1.25008e-05,2.75432e-05,4.31189e-05,5.83947e-05,7.29952e-05,8.74919e-05,0.000103638,0.000121012,0.00013788,0.000154191,0.000169734,0.000184161,0.000197022,0.000207816,0.000216046,0.000221279,0.000223205,0.00022168,0.000216769,0.000208762,0.000198179,0.000185758,0.000172425,0.000159258,0.000147439,0.0001382,0.000132779,0.000132368,0.000138069,0.000150863,0.000171573,0.000200844,0.000239122,0.000286647,0.000343455,0.000409387,0.000484137,0.000567328,0.000658683,0.000758332,0.00084143,0.00106846,0.00145174,0.00201615,0.00281269,0.00394158,0.00559622,0.00815519,0.0123907,0.0199747,0.0347627,0.0660348,0.135483,0.282252,0.494325,0.282203,0.135388,0.0658989,0.0345966,0.0197915,0.0122051,0.00798122,0.00544568,0.00382345,0.00273436,0.00198588,0.00148126,0.00117409,0.00104244,0.00107263,0.00089175,0.000740854,0.000613842,0.000506667,0.000416478,0.00034113,0.000278901,0.000228327,0.000188115,0.000157092,0.000134176,0.000118362,0.0001087,0.000104286,0.000104242,0.000107711,0.000113842,0.000121796,0.000130755,0.000139933,0.000148608,0.000156143,0.000162013,0.000165831,0.000167357,0.000166503,0.000163319,0.000157972,0.000150708,0.000141807,0.000131534,0.000120095,0.000107595,9.60559e-05,8.60737e-05,7.58233e-05,6.45898e-05,5.24584e-05,3.98476e-05,2.74958e-05,1.6417e-05,7.69819e-06,2.16246e-06,0
0,-1.06915e-05,-1.61047e-05,-1.57769e-05,-9.99825e-06,2.31053e-07,1.35244e-05,2.84659e-05,4.38784e-05,5.89521e-05,7.33337e-05,8.76133e-05,0.00010356,0.000120751,0.000137453,0.000153617,0.000169041,0.00018338,0.000196192,0.000206981,0.000215256,0.000220586,0.000222659,0.000221331,0.000216658,0.00020892,0.000198628,0.000186507,0.000173472,0.000160592,0.000149043,0.000140056,0.000134868,0.000134674,0.00014058,0.000153566,0.000174448,0.000203856,0.000242206,0.000289692,0.000346282,0.000411724,0.000485592,0.000567358,0.000656568,0.000753173,0.000832463,0.00106147,0.001456,0.00204707,0.00289657,0.00412604,0.00597657,0.0089474,0.014153,0.0243501,0.0472182,0.106677,0.282252,0.82441,2.18989,0.824362,0.282157,0.106538,0.047044,0.0241538,0.0139524,0.00876066,0.00581916,0.00400866,0.00282602,0.00202938,0.00150026,0.00118217,0.00104853,0.00108357,0.000900499,0.000748103,0.00061997,0.000511903,0.000420983,0.000345033,0.000282313,0.000231343,0.00019081,0.000159523,0.000136377,0.000120341,0.000110447,0.000105773,0.00010543,0.000108557,0.000114309,0.000121859,0.000130402,0.000139177,0.000147481,0.000154695,0.000160314,0.000163958,0.000165393,0.00016453,0.000161413,0.000156198,0.000149118,0.000140439,0.000130416,0.000119243,0.000107015,9.57592e-05,8.60685e-05,7.6102e-05,6.51252e-05,5.31995e-05,4.07175e-05,2.83949e-05,1.72334e-05,8.32316e-06,2.50579e-06,0
0,-1.04417e-05,-1.56109e-05,-1.50761e-05,-9.14122e-06,1.1821e-06,1.44999e-05,2.93938e-05,4.46886e-05,5.95787e-05,7.37157e-05,8.7696e-05,0.000103295,0.000120093,0.000136358,0.000152059,0.000167007,0.000180886,0.000193282,0.000203731,0.000211774,0.000217012,0.000219161,0.000218093,0.000213877,0.000206793,0.000197341,0.000186226,0.000174336,0.00016271,0.000152488,0.000144873,0.000141078,0.000142286,0.000149603,0.000164027,0.000186415,0.000217459,0.000257676,0.000307397,0.000366787,0.000435867,0.000514597,0.000603003,0.000701435,0.00081104,0.000890908,0.00111408,0.00149951,0.00208333,0.00293464,0.0041861,0.00610048,0.00923317,0.0148814,0.026526,0.0552958,0.144342,0.494325,2.18989,11.8174,2.18984,0.494223,0.144193,0.0551082,0.0263159,0.0146699,0.00904226,0.00594819,0.00408384,0.00288745,0.00209334,0.00157075,0.00125602,0.00111877,0.00114227,0.000945967,0.000784227,0.000649388,0.000536422,0.000441849,0.000363102,0.000298163,0.000245357,0.000203228,0.000170482,0.000145942,0.000128532,0.000117258,0.000111189,0.000109447,0.000111191,0.000115606,0.000121901,0.000129309,0.000137104,0.00014461,0.000151231,0.000156468,0.000159939,0.000161396,0.000160726,0.000157941,0.000153161,0.000146583,0.000138436,0.000128946,0.000118279,0.000106516,9.56724e-05,8.63356e-05,7.66545e-05,6.58869e-05,5.40881e-05,4.16468e-05,2.92785e-05,1.79889e-05,8.87878e-06,2.80447e-06,0
0,-1.02219e-05,-1.51897e-05,-1.44756e-05,-8.38742e-06,2.05487e-06,1.54449e-05,3.03491e-05,4.55754e-05,6.03029e-05,7.41723e-05,8.77734e-05,0.00010288,0.000119077,0.000134644,0.000149569,0.000163697,0.000176754,0.000188376,0.000198157,0.000205699,0.000210662,0.000212811,0.000212062,0.000208507,0.000202438,0.000194342,0.000184899,0.000174952,0.000165486,0.000157583,0.000152388,0.000151066,0.000154769,0.000164602,0.000181594,0.00020668,0.000240689,0.000284346,0.000338284,0.000403091,0.000479379,0.000567925,0.000669892,0.00078723,0.000923348,0.00100767,0.00121796,0.00157547,0.00211933,0.00292029,0.00410753,0.00592716,0.00888019,0.0140799,0.0242798,0.0471552,0.106622,0.282203,0.824362,2.18984,0.824303,0.282087,0.106455,0.0469507,0.024057,0.0138633,0.00869413,0.00579099,0.0040321,0.00290797,0.00216738,0.00168127,0.00138376,0.00124233,0.00124051,0.00102239,0.000845085,0.000699047,0.000577927,0.000477303,0.000393934,0.00032532,0.000269439,0.000224593,0.000189318,0.000162328,0.000142483,0.000128764,0.000120245,0.000116077,0.000115462,0.000117643,0.000121887,0.000127487,0.000133763,0.000140077,0.000145853,0.000150592,0.000153898,0.000155491,0.000155211,0.000153015,0.000148965,0.000143195,0.000135881,0.000127195,0.000117269,0.000106153,9.58439e-05,8.69167e-05,7.75163e-05,6.6904e-05,5.51468e-05,4.26518e-05,3.01566e-05,1.86888e-05,9.36696e-06,3.05876e-06,0
0,-1.00307e-05,-1.48389e-05,-1.39726e-05,-7.73439e-06,2.85066e-06,1.63592e-05,3.13295e-05,4.65354e-05,6.11224e-05,7.4704e-05,8.7852e-05,0.000102331,0.000117732,0.000132354,0.000146211,0.000159194,0.000171086,0.000181597,0.000190402,0.000197186,0.000201694,0.000203765,0.000203375,0.000200658,0.000195918,0.000189634,0.000182449,0.000175149,0.000168642,0.000163925,0.000162056,0.00016413,0.000171247,0.000184498,0.000204951,0.00023364,0.000271578,0.000319771,0.000379266,0.000451225,0.000537056,0.000638615,0.000758546,0.000900814,0.00107159,0.00116286,0.00135506,0.00167059,0.0021492,0.00285793,0.00391069,0.00550969,0.00803639,0.0122606,0.0198481,0.0346472,0.0659312,0.135388,0.282157,0.494223,0.282087,0.135252,0.0657429,0.0344245,0.0196153,0.012045,0.00786315,0.00539758,0.00386869,0.0028851,0.0022377,0.00181095,0.00154158,0.00139691,0.00136164,0.00111789,0.000922036,0.000762546,0.000631576,0.000523599,0.000434567,0.00036139,0.000301623,0.000253267,0.000214656,0.000184378,0.000161228,0.000144169,0.000132297,0.000124814,0.000120994,0.000120158,0.000121658,0.000124862,0.000129152,0.000133936,0.000138655,0.000142808,0.000145973,0.000147818,0.000148121,0.000146762,0.000143719,0.000139047,0.000132845,0.00012522,0.000116251,0.000105952,9.62901e-05,8.7821e-05,7.86919e-05,6.81784e-05,5.63763e-05,4.3733e-05,3.10301e-05,1.93339e-05,9.78844e-06,3.26904e-06,0
0,-9.86648e-06,-1.45559e-05,-1.35661e-05,-7.18576e-06,3.55903e-06,1.72243e-05,3.23093e-05,4.75376e-05,6.20043e-05,7.52813e-05,8.79113e-05,0.000101641,0.000116072,0.000129526,0.000142053,0.000153596,0.000164014,0.000173107,0.000180651,0.00018644,0.00019032,0.000192228,0.000192214,0.000190464,0.000187304,0.000183202,0.000178755,0.000174676,0.000171774,0.000170937,0.000173111,0.000179289,0.000190498,0.000207798,0.000232282,0.000265089,0.000307424,0.000360606,0.000426132,0.000505794,0.000601848,0.000717295,0.000856292,0.0010248,0.00123162,0.0013306,0.00150207,0.00176839,0.00216781,0.00276008,0.0036383,0.00495295,0.00696058,0.0101206,0.0152861,0.0240665,0.0394059,0.0658989,0.106538,0.144193,0.106455,0.0657429,0.0391959,0.023828,0.0150484,0.00991238,0.00680632,0.00486883,0.00363016,0.00282336,0.0022902,0.00193473,0.00169984,0.00155429,0.00148447,0.00121705,0.00100372,0.000831358,0.000690841,0.000575635,0.000480928,0.000403059,0.000339163,0.000286949,0.000244554,0.000210451,0.000183386,0.000162325,0.000146411,0.000134921,0.000127223,0.000122747,0.000120949,0.000121289,0.000123226,0.000126217,0.000129726,0.000133244,0.000136309,0.000138531,0.000139603,0.000139312,0.000137534,0.000134225,0.00012939,0.000123057,0.000115242,0.000105912,9.6996e-05,8.90254e-05,8.01546e-05,6.96845e-05,5.77554e-05,4.48751e-05,3.18899e-05,1.99204e-05,1.01425e-05,3.4357e-06,0
0,-9.72674e-06,-1.43377e-05,-1.32567e-05,-6.75006e-06,4.1598e-06,1.80065e-05,3.32419e-05,4.85263e-05,6.28895e-05,7.58488e-05,8.79072e-05,0.000100787,0.000114098,0.000126195,0.000137166,0.000147016,0.000155692,0.000163098,0.00016913,0.000173706,0.000176795,0.000178444,0.000178794,0.00017809,0.000176684,0.000175028,0.000173668,0.000173228,0.0001744,0.000177936,0.000184645,0.000195388,0.000211093,0.000232761,0.000261488,0.000298494,0.000345157,0.000403084,0.00047419,0.000560845,0.000666075,0.000793877,0.000949686,0.00114107,0.00137876,0.00148458,0.00163545,0.0018526,0.00217096,0.00264138,0.00333591,0.00435915,0.00586903,0.00811167,0.0114729,0.0165337,0.0240532,0.0345966,0.047044,0.0551082,0.0469507,0.0344245,0.023828,0.0162876,0.0112388,0.00791854,0.00573848,0.00430325,0.00335637,0.00273021,0.0023129,0.00202915,0.00182999,0.00168691,0.00158797,0.00130417,0.00107829,0.000896417,0.000748651,0.000627787,0.000528454,0.000446554,0.000378896,0.000322957,0.000276726,0.000238601,0.000207312,0.000181859,0.00016146,0.000145496,0.00013346,0.000124909,0.000119424,0.000116576,0.00011591,0.000116941,0.000119155,0.000122032,0.000125066,0.000127794,0.000129815,0.000130804,0.000130523,0.000128811,0.000125567,0.000120727,0.000114233,0.000106004,9.79173e-05,9.04766e-05,8.18495e-05,7.13716e-05,5.92424e-05,4.60483e-05,3.27179e-05,2.04397e-05,1.04269e-05,3.55903e-06,0
0,-9.60828e-06,-1.41802e-05,-1.30448e-05,-6.43816e-06,4.62666e-06,1.86617e-05,3.40663e-05,4.94279e-05,6.36992e-05,7.63312e-05,8.77779e-05,9.9729e-05,0.000111804,0.000122394,0.000131627,0.00013958,0.000146292,0.000151787,0.000156093,0.000159265,0.00016141,0.000162697,0.000163365,0.000163728,0.000164162,0.000165104,0.000167039,0.000170488,0.000176009,0.000184198,0.000195698,0.000211214,0.000231541,0.000257591,0.000290427,0.000331305,0.000381731,0.000443527,0.000518941,0.000610784,0.000722657,0.000859262,0.00102687,0.00123401,0.00149242,0.00160293,0.00173578,0.00190989,0.00215548,0.00251387,0.00303876,0.00379973,0.00488828,0.00642524,0.00856449,0.0114768,0.0152735,0.0197915,0.0241538,0.0263159,0.024057,0.0196153,0.0150484,0.0112388,0.0083479,0.00625708,0.00478573,0.00376962,0.00307843,0.00261283,0.00229768,0.00207682,0.00191033,0.00177338,0.00165546,0.00136632,0.00113562,0.000949693,0.000798546,0.000674764,0.000572737,0.000488148,0.000417632,0.000358541,0.000308798,0.000266782,0.000231257,0.000201298,0.000176232,0.000155571,0.000138958,0.000126099,0.000116719,0.000110513,0.000107124,0.000106127,0.000107036,0.000109317,0.000112415,0.000115786,0.000118924,0.000121385,0.000122801,0.000122884,0.000121418,0.000118237,0.000113203,0.00010618,9.89869e-05,9.20979e-05,8.36986e-05,7.31685e-05,6.07789e-05,4.72102e-05,3.34883e-05,2.08796e-05,1.06383e-05,3.63931e-06,0
0,-9.50666e-06,-1.4077e-05,-1.29286e-05,-6.26002e-06,4.93204e-06,1.91416e-05,3.47144e-05,5.01592e-05,6.4343e-05,7.66418e-05,8.74511e-05,9.842e-05,0.000109177,0.000118152,0.000125517,0.00013142,0.000136002,0.000139412,0.000141818,0.000143425,0.000144484,0.000145295,0.000146204,0.000147593,0.000149867,0.000153443,0.000158736,0.000166157,0.000176113,0.000189024,0.000205348,0.000225606,0.000250433,0.000280613,0.000317132,0.000361233,0.000414474,0.000478806,0.000556671,0.000651145,0.00076614,0.000906697,0.0010794,0.00129299,0.00155917,0.00167139,0.00179037,0.00193162,0.00211933,0.00238519,0.00276769,0.00331186,0.00406874,0.00509318,0.00643616,0.00812414,0.0101129,0.0122051,0.0139524,0.0146699,0.0138633,0.012045,0.00991238,0.00791854,0.00625708,0.00496307,0.003999,0.00330384,0.00281516,0.00247695,0.00224137,0.002069,0.00192936,0.00180197,0.00167743,0.00139542,0.00116891,0.000985434,0.000835618,0.000712335,0.000610091,0.000524604,0.000452511,0.000391174,0.000338539,0.000293044,0.000253538,0.000219214,0.000189541,0.000164193,0.000142982,0.000125784,0.000112481,0.000102904,9.67994e-05,9.38119e-05,9.34816e-05,9.52611e-05,9.85443e-05,0.000102701,0.000107114,0.000111212,0.000114491,0.00011653,0.000116987,0.00011559,0.000112117,0.000106377,0.000100123,9.37965e-05,8.5608e-05,7.49895e-05,6.22948e-05,4.83103e-05,3.41702e-05,2.12257e-05,1.07727e-05,3.67692e-06,0
0,-9.41584e-06,-1.40185e-05,-1.29021e-05,-6.22083e-06,5.05272e-06,1.94012e-05,3.51197e-05,5.06369e-05,6.47295e-05,7.66914e-05,8.68518e-05,9.68112e-05,0.000106205,0.000113504,0.000118921,0.000122678,0.000125019,0.000126221,0.000126598,0.000126508,0.000126354,0.00012657,0.000127609,0.000129926,0.000133954,0.000140086,0.000148666,0.000159981,0.000174282,0.000191799,0.000212783,0.000237554,0.000266556,0.000300414,0.000339993,0.000386464,0.000441361,0.000506658,0.000584855,0.000679096,0.000793336,0.000932579,0.00110322,0.0013135,0.00157421,0.0016847,0.00179437,0.00191445,0.00206198,0.00225893,0.00253114,0.00290678,0.00341375,0.00407531,0.00490245,0.00588089,0.00695065,0.00798122,0.00876066,0.00904226,0.00869413,0.00786315,0.00680632,0.00573848,0.00478573,0.003999,0.00338248,0.00291716,0.00257527,0.00232753,0.00214618,0.00200625,0.00188663,0.00177158,0.00165259,0.00138925,0.00117551,0.00100084,0.000857074,0.000737793,0.000637941,0.0005535,0.000481282,0.000418782,0.000364068,0.000315702,0.000272674,0.000234334,0.000200325,0.000170506,0.000144875,0.000123493,0.000106407,9.35925e-05,8.49057e-05,8.00619e-05,7.86305e-05,8.00508e-05,8.36636e-05,8.87517e-05,9.4584e-05,0.000100457,0.000105729,0.00010984,0.00011232,0.000112791,0.000110944,0.000106531,0.000101238,9.54726e-05,8.74767e-05,7.67424e-05,6.37145e-05,4.92942e-05,3.47306e-05,2.14626e-05,1.08263e-05,3.67262e-06,0
0,-9.32777e-06,-1.39909e-05,-1.29524e-05,-6.31717e-06,4.97536e-06,1.94059e-05,3.52257e-05,5.0787e-05,6.4775e-05,7.63976e-05,8.5911e-05,9.48585e-05,0.00010288,0.000108487,0.000111929,0.000113499,0.000113545,0.000112469,0.000110732,0.000108847,0.000107366,0.00010686,0.000107891,0.000110986,0.000116604,0.000125114,0.000136784,0.000151779,0.000170182,0.000192028,0.000217353,0.000246257,0.000278974,0.000315938,0.000357859,0.000405779,0.000461141,0.000525847,0.000602325,0.000693618,0.000803498,0.000936626,0.00109878,0.0012972,0.00154101,0.00164626,0.00175059,0.00186035,0.00198481,0.00213616,0.00232923,0.00258017,0.00290387,0.00331001,0.00379791,0.00434983,0.0049233,0.00544568,0.00581916,0.00594819,0.00579099,0.00539758,0.00486883,0.00430325,0.00376962,0.00330384,0.00291716,0.00260634,0.00236136,0.00216999,0.00201955,0.00189746,0.00179147,0.00169064,0.00158713,0.00135112,0.00115684,0.000996133,0.000862358,0.000750112,0.000654984,0.000573391,0.000502451,0.00043989,0.000383973,0.000333448,0.000287488,0.000245633,0.000207721,0.000173814,0.000144109,0.000118856,9.82754e-05,8.24875e-05,7.14613e-05,6.49839e-05,6.26545e-05,6.38995e-05,6.80068e-05,7.41723e-05,8.15511e-05,8.93087e-05,9.66633e-05,0.000102918,0.000107477,0.000109853,0.000109656,0.000106581,0.000102248,9.70284e-05,8.92048e-05,7.83358e-05,6.49635e-05,5.01089e-05,3.51382e-05,2.1577e-05,1.07968e-05,3.62794e-06,0
0,-9.23209e-06,-1.39748e-05,-1.30582e-05,-6.5337e-06,4.70164e-06,1.91382e-05,3.49947e-05,5.05541e-05,6.44135e-05,7.56935e-05,8.45724e-05,9.25283e-05,9.92017e-05,0.000103143,0.000104633,0.000104031,0.000101781,9.84092e-05,9.45173e-05,9.0769e-05,8.78642e-05,8.65072e-05,8.73683e-05,9.1044e-05,9.80199e-05,0.000108642,0.000123103,0.000141445,0.000163587,0.000189366,0.000218598,0.000251159,0.000287057,0.000326521,0.000370069,0.000418581,0.000473349,0.000536132,0.000609196,0.000695364,0.000798071,0.000921448,0.00107042,0.00125087,0.0014699,0.00156675,0.00166833,0.00177607,0.00189137,0.00201691,0.00215759,0.00232025,0.002512,0.00273765,0.00299664,0.00327984,0.00356654,0.00382345,0.00400866,0.00408384,0.0040321,0.00386869,0.00363016,0.00335637,0.00307843,0.00281516,0.00257527,0.00236136,0.00217351,0.00201115,0.00187336,0.0017579,0.00166043,0.00157447,0.00149278,0.0012886,0.00111759,0.000974015,0.000852855,0.000749786,0.000661128,0.000583806,0.000515312,0.000453664,0.000397375,0.000345414,0.000297166,0.000252381,0.000211109,0.000173619,0.000140313,0.00011163,8.79625e-05,6.95747e-05,5.65451e-05,4.87314e-05,4.57615e-05,4.70492e-05,5.18305e-05,5.92162e-05,6.82504e-05,7.79701e-05,8.7458e-05,9.58835e-05,0.000102529,0.000106804,0.000108239,0.00010648,0.000103079,9.83763e-05,9.07017e-05,7.96869e-05,6.5975e-05,5.07079e-05,3.53669e-05,2.1559e-05,1.06843e-05,3.5456e-06,0
0,-9.11596e-06,-1.39454e-05,-1.31882e-05,-6.84055e-06,4.25222e-06,1.86035e-05,3.44137e-05,4.99083e-05,6.36037e-05,7.4535e-05,8.2799e-05,8.98019e-05,9.51802e-05,9.75203e-05,9.71266e-05,9.44164e-05,8.99215e-05,8.42828e-05,7.82363e-05,7.25882e-05,6.81798e-05,6.58435e-05,6.63538e-05,7.03763e-05,7.84232e-05,9.08198e-05,0.000107689,0.000128957,0.000154382,0.000183611,0.000216249,0.000251942,0.000290478,0.000331863,0.000376414,0.000424819,0.000478189,0.000538096,0.000606595,0.000686237,0.000780073,0.000891653,0.00102501,0.00118466,0.00137553,0.00146178,0.00156158,0.00167197,0.00178716,0.00190114,0.0020099,0.00211255,0.002211,0.00230887,0.00240999,0.00251655,0.00262703,0.00273436,0.00282602,0.00288745,0.00290797,0.0028851,0.00282336,0.00273021,0.00261283,0.00247695,0.00232753,0.00216999,0.00201115,0.00185918,0.00172222,0.0016064,0.00151386,0.00144198,0.00138407,0.00121156,0.00106435,0.000938798,0.000831297,0.000738453,0.000657248,0.000585095,0.000519862,0.000459875,0.000403907,0.000351166,0.000301262,0.000254162,0.000210128,0.000169637,0.00013329,0.00010171,7.54547e-05,5.49236e-05,4.02991e-05,3.15047e-05,2.81943e-05,2.97679e-05,3.54112e-05,4.41527e-05,5.493e-05,6.66576e-05,7.82892e-05,8.88678e-05,9.75614e-05,0.000103682,0.000106692,0.000106194,0.000103673,9.94451e-05,9.18932e-05,8.0728e-05,6.66955e-05,5.1056e-05,3.53995e-05,2.14053e-05,1.04927e-05,3.43007e-06,0
0,-8.96423e-06,-1.38718e-05,-1.3301e-05,-7.19209e-06,3.66912e-06,1.78335e-05,3.34997e-05,4.88514e-05,6.2335e-05,7.29054e-05,8.05773e-05,8.66784e-05,9.08372e-05,9.16714e-05,8.95006e-05,8.47889e-05,7.81451e-05,7.03131e-05,6.21506e-05,5.45958e-05,4.86217e-05,4.51816e-05,4.51488e-05,4.92565e-05,5.80454e-05,7.18253e-05,9.06576e-05,0.000114363,0.000142555,0.000174702,0.000210208,0.000248507,0.000289165,0.000331975,0.000377044,0.000424861,0.000476342,0.000532863,0.000596258,0.00066882,0.000753264,0.000852671,0.000970374,0.00110976,0.00127395,0.00134884,0.00144641,0.00156022,0.00167876,0.00178891,0.00187926,0.00194256,0.00197689,0.00198597,0.00197875,0.00196783,0.00196671,0.00198588,0.00202938,0.00209334,0.00216738,0.0022377,0.0022902,0.0023129,0.00229768,0.00224137,0.00214618,0.00201955,0.00187336,0.00172222,0.00158105,0.00146206,0.00137221,0.00131191,0.00127535,0.00112996,0.00100401,0.000895282,0.000801003,0.000718373,0.000644838,0.000578197,0.000516641,0.00045878,0.000403639,0.000350659,0.000299669,0.000250849,0.000204664,0.000161789,0.000123011,8.91276e-05,6.08434e-05,3.86842e-05,2.29249e-05,1.3547e-05,1.02251e-05,1.23435e-05,1.90384e-05,2.92599e-05,4.18451e-05,5.55939e-05,6.93401e-05,8.20107e-05,9.26694e-05,0.000100543,0.000105033,0.000105709,0.000103994,0.000100184,9.27257e-05,8.14116e-05,6.70898e-05,5.11333e-05,3.52306e-05,2.11208e-05,1.02309e-05,3.28793e-06,0
0,-8.75976e-06,-1.37182e-05,-1.3345e-05,-7.52702e-06,3.01642e-06,1.68876e-05,3.23019e-05,4.74193e-05,6.06307e-05,7.08197e-05,7.79202e-05,8.31773e-05,8.62069e-05,8.56537e-05,8.18422e-05,7.52711e-05,6.66123e-05,5.66976e-05,4.64918e-05,3.7051e-05,2.94677e-05,2.48065e-05,2.40335e-05,2.79476e-05,3.7121e-05,5.18555e-05,7.21635e-05,9.77757e-05,0.00012818,0.000162688,0.000200521,0.000240919,0.000283243,0.000327083,0.000372345,0.000419322,0.00046874,0.000521784,0.000580095,0.000645761,0.000721281,0.000809497,0.000913451,0.00103604,0.00117934,0.00124394,0.00133788,0.0014524,0.00157241,0.00168009,0.00175891,0.0017971,0.00179004,0.00174184,0.00166547,0.00158118,0.00151265,0.00148126,0.00150026,0.00157075,0.00168127,0.00181095,0.00193473,0.00202915,0.00207682,0.002069,0.00200625,0.00189746,0.0017579,0.0016064,0.00146206,0.00134075,0.00125237,0.00119954,0.00117798,0.00105161,0.000942235,0.000847689,0.000765147,0.000691915,0.000625641,0.000564367,0.000506533,0.000450985,0.000396975,0.000344156,0.00029256,0.000242562,0.000194817,0.000150178,0.000109601,7.40335e-05,4.43149e-05,2.10776e-05,4.67521e-06,-4.86433e-06,-7.8529e-06,-4.92537e-06,3.00549e-06,1.48154e-05,2.92481e-05,4.49988e-05,6.07929e-05,7.54539e-05,8.79544e-05,9.7449e-05,0.00010329,0.000105026,0.000104025,0.000100566,9.31697e-05,8.17135e-05,6.71443e-05,5.09383e-05,3.48689e-05,2.07199e-05,9.91336e-06,3.1283e-06,0
0,-8.48414e-06,-1.3445e-05,-1.3261e-05,-7.7701e-06,2.37877e-06,1.58524e-05,3.09016e-05,4.5683e-05,5.85498e-05,6.83258e-05,7.48689e-05,7.9339e-05,8.13365e-05,7.95282e-05,7.42328e-05,6.597e-05,5.54592e-05,4.36031e-05,3.1456e-05,2.01751e-05,1.09582e-05,4.96938e-06,3.2608e-06,6.69528e-06,1.58801e-05,3.1119e-05,5.23904e-05,7.93559e-05,0.000111401,0.000147704,0.000187335,0.00022936,0.00027296,0.000317539,0.000362817,0.000408905,0.000456349,0.000506158,0.000559811,0.000619252,0.000686895,0.00076562,0.000858743,0.000969741,0.00110115,0.0011586,0.00124715,0.00135711,0.00147247,0.00157393,0.00164291,0.00166554,0.00163597,0.00155848,0.00144808,0.00132869,0.00122863,0.00117409,0.00118217,0.00125602,0.00138376,0.00154158,0.00169984,0.00182999,0.00191033,0.00192936,0.00188663,0.00179147,0.00166043,0.00151386,0.00137221,0.00125237,0.00116509,0.00111403,0.00109769,0.000980152,0.000882176,0.000798871,0.000726216,0.000661155,0.000601335,0.000544933,0.000490571,0.000437289,0.000384531,0.000332134,0.000280313,0.000229615,0.000180859,0.000135056,9.33034e-05,5.66799e-05,2.61329e-05,2.38193e-06,-1.4159e-05,-2.34292e-05,-2.57366e-05,-2.17399e-05,-1.24012e-05,1.08548e-06,1.73785e-05,3.50796e-05,5.28193e-05,6.93324e-05,8.35156e-05,9.44665e-05,0.000101502,0.000104162,0.000103766,0.000100587,9.3221e-05,8.16352e-05,6.68688e-05,5.04894e-05,3.43388e-05,2.02281e-05,9.56102e-06,2.96294e-06,0
0,-8.11872e-06,-1.30108e-05,-1.29841e-05,-7.83536e-06,1.85812e-06,1.48384e-05,2.94099e-05,4.37472e-05,5.61858e-05,6.55045e-05,7.14929e-05,7.52262e-05,7.62871e-05,7.336e-05,6.67477e-05,5.69769e-05,4.47973e-05,3.11639e-05,1.72009e-05,4.1483e-06,-6.70781e-06,-1.41163e-05,-1.69473e-05,-1.42764e-05,-5.4566e-06,9.8288e-06,3.15419e-05,5.92979e-05,9.24067e-05,0.000129946,0.000170861,0.000214077,0.000258621,0.000303734,0.000348969,0.000394267,0.000440007,0.000487033,0.000536671,0.000590743,0.000651625,0.000722387,0.000807098,0.000911296,0.00104155,0.00109802,0.00117948,0.00127811,0.00138038,0.00146903,0.00152697,0.00154114,0.00150599,0.00142571,0.00131481,0.00119627,0.00109717,0.00104244,0.00104853,0.00111877,0.00124233,0.00139691,0.00155429,0.00168691,0.00177338,0.00180197,0.00177158,0.00169064,0.00157447,0.00144198,0.00131191,0.00119954,0.00111403,0.00105742,0.0010294,0.000912872,0.000823869,0.000750083,0.000685811,0.000627673,0.000573339,0.000521115,0.000469783,0.000418547,0.000367017,0.00031519,0.000263435,0.000212445,0.000163181,0.00011678,7.4458e-05,3.73942e-05,6.61948e-06,-1.7084e-05,-3.32618e-05,-4.18367e-05,-4.31241e-05,-3.78123e-05,-2.69129e-05,-1.16855e-05,6.45222e-06,2.60207e-05,4.5571e-05,6.37658e-05,7.9443e-05,9.16596e-05,9.97133e-05,0.000103147,0.000103239,0.000100263,9.28999e-05,8.12032e-05,6.62971e-05,4.98256e-05,3.36801e-05,1.96811e-05,9.20079e-06,2.8062e-06,0
0,-7.64578e-06,-1.23748e-05,-1.24478e-05,-7.63079e-06,1.56854e-06,1.39749e-05,2.79629e-05,4.17463e-05,5.36642e-05,6.24684e-05,6.78907e-05,7.09246e-05,7.1135e-05,6.72207e-05,5.94587e-05,4.8369e-05,3.47145e-05,1.94825e-05,3.84692e-06,-1.089e-05,-2.33718e-05,-3.22749e-05,-3.64007e-05,-3.4766e-05,-2.668e-05,-1.18014e-05,9.83432e-06,3.78207e-05,7.1422e-05,0.000109647,0.00015135,0.000195348,0.000240543,0.000286039,0.000331241,0.000375935,0.000420338,0.000465124,0.000511446,0.00056095,0.000615857,0.000679184,0.000755447,0.000852971,0.000992575,0.00106211,0.00113385,0.00121388,0.00129458,0.00136397,0.00140964,0.00142213,0.00139764,0.00133983,0.00126007,0.00117585,0.0011073,0.00107263,0.00108357,0.00114227,0.00124051,0.00136164,0.00148447,0.00158797,0.00165546,0.00167743,0.00165259,0.00158713,0.00149278,0.00138407,0.00127535,0.00117798,0.00109769,0.0010294,0.00092858,0.000840002,0.000765586,0.000701689,0.000644894,0.000592573,0.000542741,0.000493924,0.00044508,0.000395571,0.000345153,0.00029396,0.000242492,0.000191564,0.000142247,9.578e-05,5.34658e-05,1.65553e-05,-1.38651e-05,-3.69763e-05,-5.23058e-05,-5.97775e-05,-5.9726e-05,-5.28759e-05,-4.02888e-05,-2.32848e-05,-3.34778e-06,1.79752e-05,3.91721e-05,5.88515e-05,7.58111e-05,8.90846e-05,9.79663e-05,0.000102015,0.000102478,9.9632e-05,9.22499e-05,8.04682e-05,6.54853e-05,4.90047e-05,3.29474e-05,1.91247e-05,8.86505e-06,2.67463e-06,0
0,-7.05011e-06,-1.15e-05,-1.15889e-05,-7.06418e-06,1.62946e-06,1.34033e-05,2.67152e-05,3.98386e-05,5.11385e-05,5.93593e-05,6.41882e-05,6.65436e-05,6.59742e-05,6.11914e-05,5.24383e-05,4.0215e-05,2.52808e-05,8.63595e-06,-8.51759e-06,-2.48361e-05,-3.8912e-05,-4.93648e-05,-5.49378e-05,-5.45929e-05,-4.7592e-05,-3.3558e-05,-1.25056e-05,1.51625e-05,4.86948e-05,8.70648e-05,0.000129071,0.000173455,0.000219024,0.000264771,0.000309974,0.000354274,0.000397726,0.000440824,0.000484504,0.00053014,0.000579547,0.000634992,0.000699157,0.000774581,0.000859893,0.000928274,0.000992046,0.00105466,0.00111229,0.00115763,0.00118289,0.00118242,0.00115468,0.00110348,0.00103793,0.000971237,0.000918135,0.00089175,0.000900499,0.000945967,0.00102239,0.00111789,0.00121705,0.00130417,0.00136632,0.00139542,0.00138925,0.00135112,0.0012886,0.00121156,0.00112996,0.00105161,0.000980152,0.000912872,0.000840002,0.000771341,0.000709812,0.000654688,0.000604215,0.000556598,0.0005103,0.000464116,0.000417198,0.000369063,0.000319599,0.000269064,0.000218063,0.000167509,0.00011856,7.25251e-05,3.07651e-05,-5.42692e-06,-3.49386e-05,-5.69401e-05,-7.09639e-05,-7.6953e-05,-7.52739e-05,-6.66934e-05,-5.23232e-05,-3.3538e-05,-1.18775e-05,1.10589e-05,3.37135e-05,5.466e-05,7.26749e-05,8.67868e-05,9.63021e-05,0.000100808,0.000101528,9.87489e-05,9.13354e-05,7.95026e-05,6.45098e-05,4.81014e-05,3.22075e-05,1.86123e-05,8.5902e-06,2.58622e-06,0
0,-6.32052e-06,-1.03566e-05,-1.03518e-05,-6.04978e-06,2.15784e-06,1.32679e-05,2.58314e-05,3.81992e-05,4.87841e-05,5.6344e-05,6.05378e-05,6.22174e-05,6.09196e-05,5.53684e-05,4.57663e-05,3.25826e-05,1.65571e-05,-1.31589e-06,-1.98272e-05,-3.76131e-05,-5.32346e-05,-6.5271e-05,-7.24193e-05,-7.35917e-05,-6.8001e-05,-5.52247e-05,-3.52392e-05,-8.41992e-06,2.44957e-05,6.24784e-05,0.000104305,0.000148676,0.000194335,0.000240187,0.000285404,0.000329492,0.000372346,0.000414267,0.000455947,0.000498435,0.000543063,0.000591311,0.000644487,0.000702923,0.000764089,0.000820201,0.000871996,0.000919307,0.000959173,0.000986856,0.000997562,0.000988164,0.000958583,0.000912535,0.000857434,0.000803371,0.000761312,0.000740854,0.000748103,0.000784227,0.000845085,0.000922036,0.00100372,0.00107829,0.00113562,0.00116891,0.00117551,0.00115684,0.00111759,0.00106435,0.00100401,0.000942235,0.000882176,0.000823869,0.000765586,0.000709812,0.000657903,0.000609679,0.000564161,0.000520138,0.000476462,0.000432195,0.00038668,0.000339587,0.000290928,0.000241067,0.0001907,0.000140816,9.26311e-05,4.75006e-05,6.81247e-06,-2.81277e-05,-5.62099e-05,-7.66202e-05,-8.89183e-05,-9.30838e-05,-8.95267e-05,-7.90617e-05,-6.28495e-05,-4.23128e-05,-1.90347e-05,5.34851e-06,2.9252e-05,5.12342e-05,7.00698e-05,8.48001e-05,9.47585e-05,9.95732e-05,0.000100447,9.76844e-05,9.02388e-05,7.83968e-05,6.34633e-05,4.72034e-05,3.15359e-05,1.8202e-05,8.4146e-06,2.55938e-06,0
0,-5.45146e-06,-8.92532e-06,-8.69454e-06,-4.5155e-06,3.25948e-06,1.37071e-05,2.54767e-05,3.70111e-05,4.67913e-05,5.361e-05,5.71157e-05,5.81052e-05,5.611e-05,4.98684e-05,3.95383e-05,2.55487e-05,8.60653e-06,-1.03175e-05,-3.00268e-05,-4.91584e-05,-6.6262e-05,-7.98939e-05,-8.87178e-05,-9.16034e-05,-8.77145e-05,-7.65758e-05,-5.81109e-05,-3.26458e-05,-8.77312e-07,3.61937e-05,7.73556e-05,0.000121298,0.000166732,0.000212503,0.00025769,0.000301681,0.000344215,0.000385396,0.000425666,0.000465748,0.000506543,0.000548943,0.000593535,0.000640087,0.000686913,0.000730923,0.000770749,0.000804878,0.000830775,0.00084524,0.000845384,0.000829721,0.000799052,0.000756913,0.000709401,0.000664379,0.000630146,0.000613842,0.00061997,0.000649388,0.000699047,0.000762546,0.000831358,0.000896417,0.000949693,0.000985434,0.00100084,0.000996133,0.000974015,0.000938798,0.000895282,0.000847689,0.000798871,0.000750083,0.000701689,0.000654688,0.000609679,0.000566549,0.000524683,0.000483244,0.000441394,0.000398432,0.000353886,0.000307569,0.000259612,0.000210472,0.00016092,0.000112001,6.49692e-05,2.11962e-05,-1.79293e-05,-5.11174e-05,-7.72881e-05,-9.5668e-05,-0.000105865,-0.000107913,-0.000102273,-8.98136e-05,-7.17408e-05,-4.95173e-05,-2.47569e-05,8.84254e-07,2.58132e-05,4.85925e-05,6.80143e-05,8.31493e-05,9.3372e-05,9.83607e-05,9.93045e-05,9.65225e-05,8.90575e-05,7.72554e-05,6.24497e-05,4.6406e-05,3.10123e-05,1.79534e-05,8.37598e-06,2.6116e-06,0
0,-4.44444e-06,-7.20027e-06,-6.59343e-06,-2.4099e-06,5.02021e-06,1.48431e-05,2.58062e-05,3.64549e-05,4.53563e-05,5.13584e-05,5.4118e-05,5.43904e-05,5.17103e-05,4.48341e-05,3.38732e-05,1.92098e-05,1.5068e-06,-1.83041e-05,-3.9057e-05,-5.94091e-05,-7.79185e-05,-9.31361e-05,-0.000103706,-0.000108465,-0.000106529,-9.73679e-05,-8.08393e-05,-5.72027e-05,-2.70899e-05,8.55394e-06,4.85586e-05,9.16346e-05,0.000136487,0.000181926,0.000226962,0.000270875,0.000313259,0.000354028,0.000393386,0.00043176,0.000469694,0.000507677,0.00054592,0.000584076,0.000621021,0.000655021,0.000684511,0.000707782,0.000722765,0.000727304,0.000719759,0.000699693,0.000668424,0.000629258,0.000587289,0.000548761,0.00052008,0.000506667,0.000511903,0.000536422,0.000577927,0.000631576,0.000690841,0.000748651,0.000798546,0.000835618,0.000857074,0.000862358,0.000852855,0.000831297,0.000801003,0.000765147,0.000726216,0.000685811,0.000644894,0.000604215,0.000564161,0.000524683,0.000485388,0.000445708,0.000405051,0.000362927,0.000319036,0.000273328,0.000226044,0.000177725,0.000129205,8.15658e-05,3.60752e-05,-5.89941e-06,-4.29957e-05,-7.39664e-05,-9.77862e-05,-0.000113746,-0.00012152,-0.000121207,-0.000113333,-9.88159e-05,-7.89064e-05,-5.50962e-05,-2.90156e-05,-2.32337e-06,2.33984e-05,4.6736e-05,6.65166e-05,8.18561e-05,9.21816e-05,9.72295e-05,9.81775e-05,9.53595e-05,8.79002e-05,7.61921e-05,6.15789e-05,4.58065e-05,3.0715e-05,1.79224e-05,8.50834e-06,2.75791e-06,0
0,-3.30924e-06,-5.19204e-06,-4.04777e-06,2.91203e-07,7.49744e-06,1.67717e-05,2.69541e-05,3.66982e-05,4.46713e-05,4.97957e-05,5.17549e-05,5.12777e-05,4.79119e-05,4.04375e-05,2.89203e-05,1.36919e-05,-4.6377e-06,-2.51879e-05,-4.68392e-05,-6.82869e-05,-8.81155e-05,-0.000104888,-0.000117244,-0.000123996,-0.000124222,-0.00011733,-0.000103109,-8.17356e-05,-5.37591e-05,-2.00443e-05,1.83062e-05,6.00512e-05,0.000103917,0.000148704,0.000193372,0.000237114,0.000279394,0.000319948,0.000358764,0.00039601,0.000431938,0.000466749,0.00050043,0.000532593,0.000562389,0.000588581,0.000609792,0.000624518,0.000631186,0.000628406,0.000615377,0.000592339,0.000560894,0.000524108,0.000486302,0.000452534,0.000427859,0.000416478,0.000420983,0.000441849,0.000477303,0.000523599,0.000575635,0.000627787,0.000674764,0.000712335,0.000737793,0.000750112,0.000749786,0.000738453,0.000718373,0.000691915,0.000661155,0.000627673,0.000592573,0.000556598,0.000520138,0.000483244,0.000445708,0.000407174,0.000367264,0.000325674,0.000282263,0.000237114,0.000190568,0.000143243,9.60192e-05,5e-05,6.44902e-06,-3.32956e-05,-6.7921e-05,-9.62461e-05,-0.000117323,-0.000130526,-0.000135612,-0.000132756,-0.00012255,-0.000105964,-8.42848e-05,-5.90218e-05,-3.18069e-05,-4.28356e-06,2.19954e-05,4.56581e-05,6.55834e-05,8.09456e-05,9.12343e-05,9.62488e-05,9.71563e-05,9.43018e-05,8.6883e-05,7.53242e-05,6.096e-05,4.54978e-05,3.0715e-05,1.81569e-05,8.83867e-06,3.00923e-06,0
0,-2.06472e-06,-2.92939e-06,-1.08328e-06,3.57928e-06,1.07125e-05,1.95531e-05,2.90231e-05,3.78842e-05,4.49137e-05,4.91238e-05,5.02425e-05,4.8987e-05,4.49294e-05,3.68801e-05,2.48625e-05,9.15607e-06,-9.68706e-06,-3.0847e-05,-5.32631e-05,-7.56842e-05,-9.67377e-05,-0.000115015,-0.000129165,-0.000137991,-0.000140536,-0.000136155,-0.000124559,-0.000105838,-8.04414e-05,-4.9136e-05,-1.29341e-05,2.69953e-05,6.94254e-05,0.000113168,0.000157159,0.000200523,0.00024261,0.000283004,0.000321498,0.000358036,0.000392633,0.000425266,0.000455762,0.000483693,0.000508335,0.000528701,0.000543654,0.000551995,0.000552605,0.000544667,0.000527963,0.000503159,0.000471999,0.000437314,0.000402822,0.000372705,0.000351031,0.00034113,0.000345033,0.000363102,0.000393934,0.000434567,0.000480928,0.000528454,0.000572737,0.000610091,0.000637941,0.000654984,0.000661128,0.000657248,0.000644838,0.000625641,0.000601335,0.000573339,0.000542741,0.0005103,0.000476462,0.000441394,0.000405051,0.000367264,0.000327838,0.000286642,0.000243682,0.000199164,0.000153522,0.000107439,6.18304e-05,1.78038e-05,-2.34006e-05,-6.04939e-05,-9.22345e-05,-0.000117528,-0.000135524,-0.000145694,-0.000147889,-0.000142369,-0.000129792,-0.000111177,-8.78352e-05,-6.12839e-05,-3.31395e-05,-5.01315e-06,2.15897e-05,4.53556e-05,6.52292e-05,8.04544e-05,9.05899e-05,9.55006e-05,9.63415e-05,9.34632e-05,8.61249e-05,7.47662e-05,6.06943e-05,4.55609e-05,3.10701e-05,1.86918e-05,9.38371e-06,3.37078e-06,0
0,-7.39016e-07,-4.6027e-07,2.24567e-06,7.40917e-06,1.46449e-05,2.32035e-05,3.20739e-05,4.012e-05,4.62334e-05,4.95283e-05,4.97918e-05,4.77443e-05,4.29937e-05,3.43884e-05,2.19143e-05,5.80032e-06,-1.34618e-05,-3.51186e-05,-5.81783e-05,-8.14549e-05,-0.000103633,-0.000123347,-0.000139271,-0.000150209,-0.000155181,-0.000153492,-0.000144782,-0.000129045,-0.000106625,-7.8175e-05,-4.46015e-05,-6.97996e-06,3.35315e-05,7.5781e-05,0.000118701,0.000161371,0.000203053,0.000243199,0.000281436,0.00031752,0.000351267,0.000382474,0.000410836,0.000435883,0.000456951,0.000473211,0.000483742,0.00048764,0.000484163,0.000472921,0.000454093,0.000428612,0.000398267,0.000365667,0.000334049,0.000306927,0.000287647,0.000278901,0.000282313,0.000298163,0.00032532,0.00036139,0.000403059,0.000446554,0.000488148,0.000524604,0.0005535,0.000573391,0.000583806,0.000585095,0.000578197,0.000564367,0.000544933,0.000521115,0.000493924,0.000464116,0.000432195,0.000398432,0.000362927,0.000325674,0.000286642,0.000245854,0.000203454,0.000159756,0.000115281,7.07631e-05,2.71378e-05,-1.44975e-05,-5.29441e-05,-8.69813e-05,-0.000115457,-0.000137382,-0.000152016,-0.000158942,-0.000158112,-0.000149871,-0.000134942,-0.000114384,-8.95276e-05,-6.18786e-05,-3.30235e-05,-4.52453e-06,2.21764e-05,4.5839e-05,6.54852e-05,8.04366e-05,9.03252e-05,9.50813e-05,9.58439e-05,9.29613e-05,8.57416e-05,7.46231e-05,6.08679e-05,4.60584e-05,3.18184e-05,1.95445e-05,1.0147e-05,3.84067e-06,0
0,6.30704e-07,2.14841e-06,5.85557e-06,1.16972e-05,1.92279e-05,2.76894e-05,3.61171e-05,4.34662e-05,4.87412e-05,5.11648e-05,5.05954e-05,4.77691e-05,4.23402e-05,3.3204e-05,2.03147e-05,3.85432e-06,-1.57452e-05,-3.78e-05,-6.13926e-05,-8.54112e-05,-0.000108608,-0.000129675,-0.000147322,-0.000160369,-0.000167823,-0.000168949,-0.000163318,-0.000150832,-0.000131725,-0.00010653,-7.60332e-05,-4.1201e-05,-3.10368e-06,3.71643e-05,7.85562e-05,0.00012013,0.000161083,0.000200767,0.000238672,0.000274395,0.00030759,0.000337906,0.000364929,0.000388145,0.000406923,0.000420543,0.000428265,0.000429429,0.000423585,0.000410651,0.00039107,0.000365924,0.000336984,0.000306648,0.000277756,0.000253305,0.000236089,0.000228327,0.000231343,0.000245357,0.000269439,0.000301623,0.000339163,0.000378896,0.000417632,0.000452511,0.000481282,0.000502451,0.000515312,0.000519862,0.000516641,0.000506533,0.000490571,0.000469783,0.00044508,0.000417198,0.00038668,0.000353886,0.000319036,0.000282263,0.000243682,0.000203454,0.000161841,0.000119259,7.62964e-05,3.37274e-05,-7.50701e-06,-4.63366e-05,-8.1621e-05,-0.000112224,-0.0001371,-0.000155375,-0.000166433,-0.000169973,-0.000166051,-0.000155097,-0.000137891,-0.000115526,-8.93335e-05,-6.0798e-05,-3.14595e-05,-2.81538e-06,2.37698e-05,4.71404e-05,6.6405e-05,8.09677e-05,9.0535e-05,9.50999e-05,9.578e-05,9.2912e-05,8.58393e-05,7.49828e-05,6.15447e-05,4.70277e-05,3.29732e-05,2.07109e-05,1.11165e-05,4.40884e-06,0
0,1.99924e-06,4.81226e-06,9.63509e-06,1.63213e-05,2.43479e-05,3.2923e-05,4.11063e-05,4.79274e-05,5.24963e-05,5.41456e-05,5.28119e-05,4.92577e-05,4.31934e-05,3.35685e-05,2.03129e-05,3.56714e-06,-1.6294e-05,-3.86558e-05,-6.26778e-05,-8.73276e-05,-0.000111434,-0.000133753,-0.000153045,-0.000168157,-0.000178095,-0.000182094,-0.000179665,-0.000170624,-0.000155094,-0.000133489,-0.000106466,-7.48716e-05,-3.96723e-05,-1.88591e-06,3.74836e-05,7.74978e-05,0.000117319,0.000156223,0.000193598,0.000228914,0.000261696,0.000291471,0.000317739,0.000339943,0.00035747,0.000369682,0.000375978,0.000375881,0.000369158,0.000355935,0.000336815,0.000312945,0.000286032,0.000258264,0.000232146,0.000210258,0.000194963,0.000188115,0.00019081,0.000203228,0.000224593,0.000253267,0.000286949,0.000322957,0.000358541,0.000391174,0.000418782,0.00043989,0.000453664,0.000459875,0.00045878,0.000450985,0.000437289,0.000418547,0.000395571,0.000369063,0.000339587,0.000307569,0.000273328,0.000237114,0.000199164,0.000159756,0.000119259,7.81677e-05,3.71267e-05,-3.06737e-06,-4.14838e-05,-7.70957e-05,-0.000108836,-0.000135669,-0.000156663,-0.000171075,-0.000178415,-0.000178501,-0.000171491,-0.000157893,-0.000138539,-0.000114541,-8.72202e-05,-5.80238e-05,-2.84312e-05,1.37773e-07,2.64079e-05,4.93172e-05,6.80662e-05,8.21439e-05,9.13298e-05,9.5674e-05,9.62664e-05,9.34223e-05,8.65065e-05,7.59087e-05,6.27593e-05,4.84755e-05,3.45189e-05,2.21629e-05,1.2263e-05,5.05643e-06,0
0,3.31494e-06,7.43223e-06,1.34483e-05,2.11244e-05,2.9845e-05,3.87621e-05,4.69345e-05,5.34452e-05,5.74963e-05,5.85255e-05,5.65503e-05,5.2366e-05,4.57466e-05,3.57033e-05,2.21488e-05,5.18815e-06,-1.48559e-05,-3.7435e-05,-6.17849e-05,-8.69549e-05,-0.000111854,-0.00013531,-0.000156143,-0.000173235,-0.000185605,-0.000192469,-0.00019329,-0.000187806,-0.000176037,-0.000158277,-0.000135053,-0.000107087,-7.52297e-05,-4.04058e-05,-3.5563e-06,3.44088e-05,7.26431e-05,0.00011038,0.000146934,0.000181686,0.000214057,0.000243486,0.0002694,0.000291209,0.000308311,0.000320123,0.000326145,0.000326032,0.000319694,0.000307384,0.000289785,0.000268044,0.000243766,0.000218932,0.000195748,0.000176446,0.000163039,0.000157092,0.000159523,0.000170482,0.000189318,0.000214656,0.000244554,0.000276726,0.000308798,0.000338539,0.000364068,0.000383973,0.000397375,0.000403907,0.000403639,0.000396975,0.000384531,0.000367017,0.000345153,0.000319599,0.000290928,0.000259612,0.000226044,0.000190568,0.000153522,0.000115281,7.62964e-05,3.71267e-05,-1.5475e-06,-3.89242e-05,-7.40996e-05,-0.000106106,-0.000133963,-0.000156744,-0.000173647,-0.000184057,-0.000187614,-0.000184253,-0.000174229,-0.000158118,-0.000136792,-0.000111369,-8.31475e-05,-5.35237e-05,-2.3904e-05,4.38082e-06,3.01531e-05,5.24502e-05,7.05673e-05,8.40772e-05,9.28284e-05,9.69219e-05,9.74115e-05,9.45815e-05,8.78063e-05,7.74322e-05,6.45108e-05,5.03733e-05,3.64083e-05,2.38466e-05,1.35397e-05,5.7557e-06,0
0,4.52186e-06,9.8985e-06,1.71399e-05,2.59189e-05,3.5518e-05,4.50123e-05,5.34336e-05,5.9894e-05,6.36691e-05,6.42905e-05,6.1854e-05,5.71902e-05,5.01416e-05,3.97867e-05,2.60282e-05,8.94244e-06,-1.1194e-05,-3.38941e-05,-5.84667e-05,-8.4041e-05,-0.000109607,-0.000134069,-0.000156312,-0.000175262,-0.000189961,-0.000199618,-0.000203659,-0.000201755,-0.000193837,-0.000180082,-0.000160895,-0.000136866,-0.000108726,-7.72942e-05,-4.34309e-05,-7.99514e-06,2.8185e-05,6.43303e-05,9.97147e-05,0.000133659,0.000165518,0.000194662,0.000220469,0.000242322,0.000259623,0.00027183,0.000278505,0.00027939,0.000274475,0.000264078,0.000248894,0.000230021,0.000208931,0.000187395,0.000167347,0.000150713,0.000139213,0.000134176,0.000136377,0.000145942,0.000162328,0.000184378,0.000210451,0.000238601,0.000266782,0.000293044,0.000315702,0.000333448,0.000345414,0.000351166,0.000350659,0.000344156,0.000332134,0.00031519,0.00029396,0.000269064,0.000241067,0.000210472,0.000177725,0.000143243,0.000107439,7.07631e-05,3.37274e-05,-3.06737e-06,-3.89242e-05,-7.3054e-05,-0.000104596,-0.000132657,-0.000156353,-0.000174878,-0.000187558,-0.000193911,-0.000193704,-0.00018698,-0.000174081,-0.000155643,-0.000132561,-0.00010595,-7.707e-05,-4.72549e-05,-1.78278e-05,9.97729e-06,3.50855e-05,5.6636e-05,7.40179e-05,8.68848e-05,9.51481e-05,9.89513e-05,9.93044e-05,9.6452e-05,8.97674e-05,7.95464e-05,6.6759e-05,5.26547e-05,3.85613e-05,2.56828e-05,1.4883e-05,6.47061e-06,0
0,5.56238e-06,1.20955e-05,2.05416e-05,3.04949e-05,4.11315e-05,5.14325e-05,6.03777e-05,6.7081e-05,7.08681e-05,7.13487e-05,6.86876e-05,6.37493e-05,5.64468e-05,4.59299e-05,3.20971e-05,1.50028e-05,-5.11575e-06,-2.78266e-05,-5.25061e-05,-7.83594e-05,-0.000104456,-0.000129776,-0.000153271,-0.00017392,-0.000190794,-0.000203107,-0.000210261,-0.000211874,-0.000207796,-0.000198103,-0.000183081,-0.000163197,-0.000139055,-0.000111364,-8.08883e-05,-4.8417e-05,-1.47353e-05,1.9393e-05,5.32327e-05,8.60769e-05,0.000117241,0.000146056,0.000171868,0.000194042,0.000211982,0.000225169,0.000233203,0.000235868,0.000233189,0.000225491,0.000213434,0.000198024,0.000180578,0.000162651,0.000145922,0.000132043,0.000122482,0.000118362,0.000120341,0.000128532,0.000142483,0.000161228,0.000183386,0.000207312,0.000231257,0.000253538,0.000272674,0.000287488,0.000297166,0.000301262,0.000299669,0.00029256,0.000280313,0.000263435,0.000242492,0.000218063,0.0001907,0.00016092,0.000129205,9.60192e-05,6.18304e-05,2.71378e-05,-7.50701e-06,-4.14838e-05,-7.40996e-05,-0.000104596,-0.000132173,-0.00015602,-0.000175362,-0.000189514,-0.000197932,-0.000200264,-0.000196394,-0.000186465,-0.000170895,-0.000150363,-0.000125778,-9.8234e-05,-6.89451e-05,-3.91717e-05,-1.01466e-05,1.69976e-05,4.12909e-05,6.19737e-05,7.85258e-05,9.06756e-05,9.83902e-05,0.000101846,0.000102004,9.90586e-05,9.23771e-05,8.22008e-05,6.94208e-05,5.52153e-05,4.0866e-05,2.75688e-05,1.62139e-05,7.15798e-06,0
0,6.38013e-06,1.39076e-05,2.34804e-05,3.46294e-05,4.64258e-05,5.77444e-05,6.74898e-05,7.47497e-05,7.88728e-05,7.95252e-05,7.69275e-05,7.19715e-05,6.46396e-05,5.41546e-05,4.04158e-05,2.34618e-05,3.49711e-06,-1.9094e-05,-4.37486e-05,-6.97416e-05,-9.62165e-05,-0.000122228,-0.000146793,-0.000168947,-0.000187796,-0.000202567,-0.000212652,-0.000217628,-0.00021728,-0.000211595,-0.000200752,-0.0001851,-0.000165123,-0.000141414,-0.000114632,-8.54831e-05,-5.4687e-05,-2.29673e-05,8.96005e-06,4.03895e-05,7.06262e-05,9.8986e-05,0.0001248,0.000147426,0.000166271,0.000180825,0.000190704,0.000195702,0.000195839,0.000191405,0.000182987,0.000171467,0.000157988,0.000143889,0.000130602,0.000119531,0.000111913,0.0001087,0.000110447,0.000117258,0.000128764,0.000144169,0.000162325,0.000181859,0.000201298,0.000219214,0.000234334,0.000245633,0.000252381,0.000254162,0.000250849,0.000242562,0.000229615,0.000212445,0.000191564,0.000167509,0.000140816,0.000112001,8.15658e-05,5e-05,1.78038e-05,-1.44975e-05,-4.63366e-05,-7.70957e-05,-0.000106106,-0.000132657,-0.00015602,-0.000175479,-0.000190373,-0.000200137,-0.000204355,-0.000202794,-0.000195446,-0.000182542,-0.00016456,-0.000142209,-0.000116398,-8.81916e-05,-5.87448e-05,-2.92395e-05,-8.13628e-07,2.5503e-05,4.88442e-05,6.85477e-05,8.41784e-05,9.55326e-05,0.000102624,0.000105654,0.000105524,0.00010238,9.55747e-05,8.5298e-05,7.23708e-05,5.79138e-05,4.31823e-05,2.93815e-05,1.74414e-05,7.76925e-06,0
0,6.92307e-06,1.52251e-05,2.57873e-05,3.8097e-05,5.11289e-05,6.36442e-05,7.44527e-05,8.2588e-05,8.73925e-05,8.85632e-05,8.63578e-05,8.16853e-05,7.45924e-05,6.43753e-05,5.09373e-05,3.43062e-05,1.46605e-05,-7.65622e-06,-3.21338e-05,-5.81093e-05,-8.47937e-05,-0.00011131,-0.00013674,-0.000160172,-0.000180752,-0.000197731,-0.000210494,-0.000218596,-0.000221769,-0.000219927,-0.000213155,-0.000201697,-0.000185923,-0.000166311,-0.000143414,-0.00011784,-9.02308e-05,-6.12479e-05,-3.15635e-05,-1.85548e-06,2.71964e-05,5.49152e-05,8.06352e-05,0.000103717,0.000123571,0.000139691,0.000151689,0.000159346,0.000162646,0.000161816,0.000157337,0.000149946,0.000140603,0.000130427,0.000120616,0.000112339,0.000106631,0.000104286,0.000105773,0.000111189,0.000120245,0.000132297,0.000146411,0.00016146,0.000176232,0.000189541,0.000200325,0.000207721,0.000211109,0.000210128,0.000204664,0.000194817,0.000180859,0.000163181,0.000142247,0.00011856,9.26311e-05,6.49692e-05,3.60752e-05,6.44902e-06,-2.34006e-05,-5.29441e-05,-8.1621e-05,-0.000108836,-0.000133963,-0.000156353,-0.000175362,-0.000190373,-0.000200836,-0.000206308,-0.000206488,-0.000201256,-0.000190695,-0.000175109,-0.000155023,-0.000131161,-0.000104422,-7.58287e-05,-4.64723e-05,-1.74517e-05,1.01909e-05,3.55268e-05,5.77894e-05,7.6408e-05,9.10247e-05,0.000101495,0.000107871,0.000110369,0.000109829,0.000106341,9.92478e-05,8.86936e-05,7.54425e-05,6.05769e-05,4.53463e-05,3.09831e-05,1.84665e-05,8.2527e-06,0
0,7.14645e-06,1.59505e-05,2.73062e-05,4.06818e-05,5.49694e-05,6.88167e-05,8.09224e-05,9.02403e-05,9.60761e-05,9.81294e-05,9.66724e-05,9.26169e-05,8.60668e-05,7.63887e-05,6.34924e-05,4.73988e-05,2.82658e-05,6.40352e-06,-1.77228e-05,-4.35039e-05,-7.02103e-05,-9.70261e-05,-0.000123091,-0.000147547,-0.000169581,-0.000188466,-0.000203597,-0.000214512,-0.000220907,-0.000222637,-0.000219713,-0.000212282,-0.000200615,-0.000185081,-0.000166127,-0.000144261,-0.000120033,-9.40278e-05,-6.6855e-05,-3.91426e-05,-1.15333e-05,1.53233e-05,4.07809e-05,6.42134e-05,8.50383e-05,0.000102747,0.000116939,0.000127364,0.000133949,0.000136834,0.00013638,0.000133165,0.000127957,0.000121661,0.00011525,0.000109677,0.00010579,0.000104242,0.00010543,0.000109447,0.000116077,0.000124814,0.000134921,0.000145496,0.000155571,0.000164193,0.000170506,0.000173814,0.000173619,0.000169637,0.000161789,0.000150178,0.000135056,0.00011678,9.578e-05,7.25251e-05,4.75006e-05,2.11962e-05,-5.89941e-06,-3.32956e-05,-6.04939e-05,-8.69813e-05,-0.000112224,-0.000135669,-0.000156744,-0.000174878,-0.000189514,-0.000200137,-0.000206308,-0.000207693,-0.000204101,-0.000195504,-0.000182066,-0.000164148,-0.000142305,-0.000117266,-8.99076e-05,-6.12042e-05,-3.21798e-05,-3.8489e-06,2.28395e-05,4.70536e-05,6.81196e-05,8.55502e-05,9.90563e-05,0.000108543,0.000114091,0.000115926,0.000114819,0.000110809,0.000103232,9.21982e-05,7.84338e-05,6.30052e-05,4.71775e-05,3.22267e-05,1.91867e-05,8.55607e-06,0
0,7.01555e-06,1.60038e-05,2.79025e-05,4.21883e-05,5.76912e-05,7.29505e-05,8.65443e-05,9.73233e-05,0.000104527,0.000107826,0.000107484,0.000104397,9.87148e-05,8.98718e-05,7.77841e-05,6.24685e-05,4.4067e-05,2.28624e-05,-7.17165e-07,-2.61079e-05,-5.26307e-05,-7.95229e-05,-0.000105976,-0.000131179,-0.000154358,-0.000174813,-0.00019195,-0.000205303,-0.000214544,-0.000219485,-0.000220076,-0.000216388,-0.000208603,-0.000196994,-0.000181906,-0.000163748,-0.000142977,-0.000120088,-9.56157e-05,-7.01207e-05,-4.41908e-05,-1.84318e-05,6.5441e-06,3.01341e-05,5.17673e-05,7.0933e-05,8.72121e-05,0.000100311,0.00011009,0.00011659,0.00012004,0.000120855,0.000119613,0.000117011,0.000113811,0.000110768,0.000108558,0.000107711,0.000108557,0.000111191,0.000115462,0.000120994,0.000127223,0.00013346,0.000138958,0.000142982,0.000144875,0.000144109,0.000140313,0.00013329,0.000123011,0.000109601,9.33034e-05,7.4458e-05,5.34658e-05,3.07651e-05,6.81247e-06,-1.79293e-05,-4.29957e-05,-6.7921e-05,-9.22345e-05,-0.000115457,-0.0001371,-0.000156663,-0.000173647,-0.000187558,-0.000197932,-0.000204355,-0.000206488,-0.000204101,-0.000197091,-0.000185515,-0.000169598,-0.000149742,-0.000126519,-0.000100652,-7.29871e-05,-4.44468e-05,-1.59859e-05,1.14628e-05,3.70392e-05,6.00008e-05,7.97586e-05,9.58991e-05,0.000108192,0.000116583,0.000121173,0.000122187,0.000120331,0.000115592,0.000107312,9.55826e-05,8.1114e-05,6.49814e-05,4.84872e-05,3.29641e-05,1.95017e-05,8.62941e-06,0
0,6.50799e-06,1.53279e-05,2.74714e-05,4.24531e-05,5.90663e-05,7.57546e-05,9.09709e-05,0.000103444,0.000112319,0.000117209,0.000118339,0.000116571,0.00011209,0.000104389,9.33919e-05,7.91117e-05,6.16783e-05,4.13529e-05,1.85328e-05,-6.25524e-06,-3.23742e-05,-5.91055e-05,-8.56851e-05,-0.000111342,-0.000135338,-0.000156999,-0.000175747,-0.000191117,-0.000202769,-0.000210485,-0.00021417,-0.000213837,-0.000209594,-0.000201631,-0.000190204,-0.000175628,-0.000158266,-0.000138523,-0.000116848,-9.37248e-05,-6.96735e-05,-4.5242e-05,-2.09967e-05,2.49222e-06,2.4672e-05,4.50321e-05,6.31329e-05,7.86352e-05,9.13278e-05,0.000101148,0.000108192,0.000112715,0.000115112,0.000115886,0.000115602,0.000114835,0.000114108,0.000113842,0.000114309,0.000115606,0.000117643,0.000120158,0.000122747,0.000124909,0.000126099,0.000125784,0.000123493,0.000118856,0.00011163,0.00010171,8.91276e-05,7.40335e-05,5.66799e-05,3.73942e-05,1.65553e-05,-5.42692e-06,-2.81277e-05,-5.11174e-05,-7.39664e-05,-9.62461e-05,-0.000117528,-0.000137382,-0.000155375,-0.000171075,-0.000184057,-0.000193911,-0.000200264,-0.000202794,-0.000201256,-0.000195504,-0.000185515,-0.000171409,-0.000153457,-0.000132089,-0.000107881,-8.15424e-05,-5.38815e-05,-2.57685e-05,1.9096e-06,2.82973e-05,5.26161e-05,7.42045e-05,9.25479e-05,0.000107296,0.000118268,0.00012544,0.000128925,0.000128944,0.000126135,0.000120445,0.00011123,9.85866e-05,8.32338e-05,6.62808e-05,4.90879e-05,3.30534e-05,1.93186e-05,8.42792e-06,0
0,5.61546e-06,1.38923e-05,2.5944e-05,4.13538e-05,5.8908e-05,7.6973e-05,9.38791e-05,0.00010822,0.000119021,0.000125808,0.00012874,0.000128625,0.000125666,0.000119411,0.000109787,9.68048e-05,8.05846e-05,6.13697e-05,3.95329e-05,1.55706e-05,-9.91404e-06,-3.62384e-05,-6.26741e-05,-8.84841e-05,-0.000112959,-0.00013545,-0.000155395,-0.000172334,-0.000185923,-0.000195927,-0.000202221,-0.000204774,-0.000203639,-0.000198939,-0.000190854,-0.000179615,-0.000165499,-0.000148823,-0.000129948,-0.000109276,-8.72516e-05,-6.43552e-05,-4.10985e-05,-1.80101e-05,4.38182e-06,2.55717e-05,4.51024e-05,6.25922e-05,7.77591e-05,9.04414e-05,0.00010061,0.000108368,0.000113942,0.000117657,0.000119903,0.000121092,0.000121615,0.000121796,0.000121859,0.000121901,0.000121887,0.000121658,0.000120949,0.000119424,0.000116719,0.000112481,0.000106407,9.82754e-05,8.79625e-05,7.54547e-05,6.08434e-05,4.43149e-05,2.61329e-05,6.61948e-06,-1.38651e-05,-3.49386e-05,-5.62099e-05,-7.72881e-05,-9.77862e-05,-0.000117323,-0.000135524,-0.000152016,-0.000166433,-0.000178415,-0.000187614,-0.000193704,-0.000196394,-0.000195446,-0.000190695,-0.000182066,-0.000169598,-0.000153457,-0.000133947,-0.00011151,-8.67197e-05,-6.02622e-05,-3.29075e-05,-5.47334e-06,2.12173e-05,4.63796e-05,6.93079e-05,8.94115e-05,0.00010624,0.000119495,0.000129035,0.000134858,0.000137083,0.00013592,0.000131945,0.000125073,0.000114693,0.00010093,8.45363e-05,6.66822e-05,4.88028e-05,3.23668e-05,1.85576e-05,7.91472e-06,0
0,4.34476e-06,1.16956e-05,2.32923e-05,3.88168e-05,5.70814e-05,7.63996e-05,9.4988e-05,0.000111297,0.000124213,0.000133148,0.000138169,0.000140005,0.000138863,0.000134337,0.000126356,0.000114928,0.000100163,8.22905e-05,6.16631e-05,3.8753e-05,1.41362e-05,-1.15331e-05,-3.75544e-05,-6.32172e-05,-8.78359e-05,-0.000110781,-0.000131506,-0.000149559,-0.000164596,-0.000176375,-0.000184753,-0.000189672,-0.000191145,-0.000189245,-0.000184092,-0.000175849,-0.000164715,-0.000150929,-0.000134766,-0.000116548,-9.66387e-05,-7.54487e-05,-5.34277e-05,-3.1056e-05,-8.83031e-06,1.27555e-05,3.32336e-05,5.2186e-05,6.92684e-05,8.42303e-05,9.69283e-05,0.000107331,0.000115516,0.00012165,0.000125971,0.000128751,0.000130265,0.000130755,0.000130402,0.000129309,0.000127487,0.000124862,0.000121289,0.000116576,0.000110513,0.000102904,9.35925e-05,8.24875e-05,6.95747e-05,5.49236e-05,3.86842e-05,2.10776e-05,2.38193e-06,-1.7084e-05,-3.69763e-05,-5.69401e-05,-7.66202e-05,-9.5668e-05,-0.000113746,-0.000130526,-0.000145694,-0.000158942,-0.000169973,-0.000178501,-0.000184253,-0.00018698,-0.000186465,-0.000182542,-0.000175109,-0.000164148,-0.000149742,-0.000132089,-0.00011151,-8.84515e-05,-6.34752e-05,-3.72408e-05,-1.04794e-05,1.60415e-05,4.15568e-05,6.53444e-05,8.67621e-05,0.000105279,0.000120498,0.000132163,0.00014016,0.000144503,0.000145309,0.000142778,0.000137426,0.000129148,0.00011739,0.000102324,8.477e-05,6.59795e-05,4.74761e-05,3.07984e-05,1.71571e-05,7.06345e-06,0
0,2.71818e-06,8.76724e-06,1.95325e-05,3.48231e-05,5.35121e-05,7.38897e-05,9.40741e-05,0.000112372,0.000127517,0.000138781,0.000146115,0.000150148,0.000151077,0.00014853,0.000142435,0.000132796,0.000119714,0.000103406,8.42074e-05,6.25708e-05,3.90505e-05,1.42787e-05,-1.10656e-05,-3.62914e-05,-6.07309e-05,-8.37698e-05,-0.000104872,-0.000123596,-0.0001396,-0.000152643,-0.000162572,-0.000169314,-0.000172859,-0.000173247,-0.000170556,-0.000164895,-0.000156401,-0.000145243,-0.000131624,-0.000115787,-9.80206e-05,-7.86616e-05,-5.80953e-05,-3.67492e-05,-1.50821e-05,6.43163e-06,2.7322e-05,4.71456e-05,6.55084e-05,8.20856e-05,9.66379e-05,0.00010902,0.000119181,0.000127157,0.000133056,0.000137034,0.000139268,0.000139933,0.000139177,0.000137104,0.000133763,0.000129152,0.000123226,0.00011591,0.000107124,9.67994e-05,8.49057e-05,7.14613e-05,5.65451e-05,4.02991e-05,2.29249e-05,4.67521e-06,-1.4159e-05,-3.32618e-05,-5.23058e-05,-7.09639e-05,-8.89183e-05,-0.000105865,-0.00012152,-0.000135612,-0.000147889,-0.000158112,-0.000166051,-0.000171491,-0.000174229,-0.000174081,-0.000170895,-0.00016456,-0.000155023,-0.000142305,-0.000126519,-0.000107881,-8.67197e-05,-6.34752e-05,-3.86924e-05,-1.30032e-05,1.2899e-05,3.82926e-05,6.24637e-05,8.4744e-05,0.000104545,0.000121385,0.000134909,0.000144892,0.000151241,0.000153977,0.000153213,0.000149135,0.000142206,0.000132322,0.000118998,0.000102489,8.37025e-05,6.39935e-05,4.49824e-05,2.82712e-05,1.50782e-05,5.86032e-06,0
0,7.73075e-07,5.16695e-06,1.47258e-05,2.94109e-05,4.81921e-05,6.93693e-05,9.09846e-05,0.000111207,0.000128607,0.000142302,0.000152101,0.000158516,0.000161713,0.000161349,0.000157344,0.000149697,0.000138501,0.000123959,0.000106392,8.62367e-05,6.40286e-05,4.03828e-05,1.59623e-05,-8.55622e-06,-3.25168e-05,-5.53153e-05,-7.64237e-05,-9.54064e-05,-0.000111927,-0.000125746,-0.000136711,-0.000144743,-0.000149824,-0.000151973,-0.000151242,-0.000147705,-0.000141455,-0.000132605,-0.000121295,-0.000107701,-9.20414e-05,-7.45838e-05,-5.56488e-05,-3.56081e-05,-1.48771e-05,6.09672e-06,2.68518e-05,4.6932e-05,6.59088e-05,8.3402e-05,9.90972e-05,0.000112758,0.000124234,0.000133453,0.000140421,0.000145199,0.000147888,0.000148608,0.000147481,0.00014461,0.000140077,0.000133936,0.000126217,0.000116941,0.000106127,9.38119e-05,8.00619e-05,6.49839e-05,4.87314e-05,3.15047e-05,1.3547e-05,-4.86433e-06,-2.34292e-05,-4.18367e-05,-5.97775e-05,-7.6953e-05,-9.30838e-05,-0.000107913,-0.000121207,-0.000132756,-0.000142369,-0.000149871,-0.000155097,-0.000157893,-0.000158118,-0.000155643,-0.000150363,-0.000142209,-0.000131161,-0.000117266,-0.000100652,-8.15424e-05,-6.02622e-05,-3.72408e-05,-1.30032e-05,1.18466e-05,3.66503e-05,6.07265e-05,8.34055e-05,0.000104064,0.000122157,0.000137243,0.000148996,0.000157216,0.000161822,0.000162835,0.000160363,0.000154578,0.000145901,0.000134241,0.00011921,0.000101167,8.11332e-05,6.05829e-05,4.12353e-05,2.47431e-05,1.23081e-05,4.30582e-06,0
0,-1.43915e-06,9.83603e-07,8.97715e-06,2.26766e-05,4.11827e-05,6.28418e-05,8.56468e-05,0.000107643,0.000127237,0.000143376,0.000155713,0.000164618,0.000170217,0.000172182,0.000170425,0.000164933,0.00015579,0.000143187,0.000127431,0.000108942,8.82417e-05,6.59294e-05,4.26559e-05,1.90878e-05,-4.12649e-06,-2.63881e-05,-4.7173e-05,-6.60492e-05,-8.26836e-05,-9.68402e-05,-0.00010837,-0.000117198,-0.000123303,-0.000126701,-0.000127432,-0.000125551,-0.000121122,-0.000114219,-0.000104937,-9.33936e-05,-7.97482e-05,-6.42054e-05,-4.70245e-05,-2.85207e-05,-9.06282e-06,1.09363e-05,3.10335e-05,5.07741e-05,6.97121e-05,8.7432e-05,0.000103568,0.000117818,0.000129955,0.000139832,0.000147373,0.000152571,0.000155467,0.000156143,0.000154695,0.000151231,0.000145853,0.000138655,0.000129726,0.000119155,0.000107036,9.34816e-05,7.86305e-05,6.26545e-05,4.57615e-05,2.81943e-05,1.02251e-05,-7.8529e-06,-2.57366e-05,-4.31241e-05,-5.9726e-05,-7.52739e-05,-8.95267e-05,-0.000102273,-0.000113333,-0.00012255,-0.000129792,-0.000134942,-0.000137891,-0.000138539,-0.000136792,-0.000132561,-0.000125778,-0.000116398,-0.000104422,-8.99076e-05,-7.29871e-05,-5.38815e-05,-3.29075e-05,-1.04794e-05,1.2899e-05,3.66503e-05,6.01472e-05,8.27432e-05,0.000103805,0.000122747,0.000139057,0.000152323,0.000162244,0.000168633,0.000171414,0.000170608,0.000166313,0.000158691,0.000148129,0.00013457,0.000117744,9.81378e-05,7.69071e-05,5.56548e-05,3.6195e-05,2.02121e-05,8.86336e-06,2.41583e-06,0
0,-3.85476e-06,-3.6677e-06,2.43308e-06,1.47723e-05,3.26145e-05,5.43899e-05,7.80751e-05,0.000101612,0.000123247,0.000141755,0.000156614,0.000168043,0.000176106,0.000180485,0.000181076,0.000177855,0.000170892,0.000160365,0.000146568,0.000129905,0.00011088,9.00823e-05,6.81499e-05,4.57421e-05,2.3503e-05,2.0296e-06,-1.81543e-05,-3.66165e-05,-5.30248e-05,-6.71457e-05,-7.88354e-05,-8.8024e-05,-9.4697e-05,-9.8876e-05,-0.000100602,-9.99251e-05,-9.68956e-05,-9.15672e-05,-8.40012e-05,-7.42767e-05,-6.25032e-05,-4.8832e-05,-3.34668e-05,-1.66689e-05,1.24163e-06,1.9892e-05,3.88677e-05,5.77284e-05,7.60285e-05,9.33375e-05,0.000109261,0.000123457,0.00013565,0.000145641,0.000153301,0.000158573,0.000161461,0.000162013,0.000160314,0.000156468,0.000150592,0.000142808,0.000133244,0.000122032,0.000109317,9.52611e-05,8.00508e-05,6.38995e-05,4.70492e-05,2.97679e-05,1.23435e-05,-4.92537e-06,-2.17399e-05,-3.78123e-05,-5.28759e-05,-6.66934e-05,-7.90617e-05,-8.98136e-05,-9.88159e-05,-0.000105964,-0.000111177,-0.000114384,-0.000115526,-0.000114541,-0.000111369,-0.00010595,-9.8234e-05,-8.81916e-05,-7.58287e-05,-6.12042e-05,-4.44468e-05,-2.57685e-05,-5.47334e-06,1.60415e-05,3.82926e-05,6.07265e-05,8.27432e-05,0.000103725,0.000123069,0.000140218,0.000154687,0.000166085,0.000174125,0.00017863,0.000179524,0.000176824,0.000170621,0.000161068,0.000148532,0.000133006,0.000114362,9.32333e-05,7.09255e-05,4.91734e-05,2.98739e-05,1.47191e-05,4.79108e-06,2.22087e-07,0
0,-6.39989e-06,-8.64942e-06,-4.72353e-06,5.90199e-06,2.26846e-05,4.41761e-05,6.83733e-05,9.31405e-05,0.00011658,0.000137291,0.000154572,0.000168474,0.000178991,0.000185803,0.000188786,0.000187899,0.000183198,0.000174847,0.000163122,0.00014841,0.0001312,0.000112067,9.16371e-05,7.05632e-05,4.94859e-05,2.9003e-05,9.64101e-06,-8.16422e-06,-2.40777e-05,-3.7866e-05,-4.93884e-05,-5.8582e-05,-6.5442e-05,-7.00011e-05,-7.23109e-05,-7.24276e-05,-7.04036e-05,-6.62854e-05,-6.01183e-05,-5.19557e-05,-4.18721e-05,-2.99766e-05,-1.64253e-05,-1.43012e-06,1.47374e-05,3.17481e-05,4.9224e-05,6.6752e-05,8.39021e-05,0.000100249,0.000115391,0.000128971,0.00014069,0.000150321,0.000157705,0.000162757,0.000165455,0.000165831,0.000163958,0.000159939,0.000153898,0.000145973,0.000136309,0.000125066,0.000112415,9.85443e-05,8.36636e-05,6.80068e-05,5.18305e-05,3.54112e-05,1.90384e-05,3.00549e-06,-1.24012e-05,-2.69129e-05,-4.02888e-05,-5.23232e-05,-6.28495e-05,-7.17408e-05,-7.89064e-05,-8.42848e-05,-8.78352e-05,-8.95276e-05,-8.93335e-05,-8.72202e-05,-8.31475e-05,-7.707e-05,-6.89451e-05,-5.87448e-05,-4.64723e-05,-3.21798e-05,-1.59859e-05,1.9096e-06,2.12173e-05,4.15568e-05,6.24637e-05,8.34055e-05,0.000103805,0.000123069,0.000140619,0.000155919,0.000168504,0.000177999,0.000184126,0.000186711,0.000185677,0.000181036,0.000172874,0.000161341,0.000146796,0.000129302,0.000108887,8.63512e-05,6.31572e-05,4.11667e-05,2.23411e-05,8.35038e-06,1.69364e-07,-2.22797e-06,0
0,-8.99319e-06,-1.38064e-05,-1.22792e-05,-3.68476e-06,1.16513e-05,3.24388e-05,5.67336e-05,8.23551e-05,0.000107282,0.000129945,0.000149461,0.000165708,0.000178595,0.000187793,0.000193152,0.000194612,0.000192212,0.000186094,0.000176517,0.00016385,0.000148563,0.000131212,0.000112414,9.281e-05,7.3039e-05,5.36995e-05,3.53229e-05,1.83517e-05,3.1273e-06,-1.01128e-05,-2.12278e-05,-3.01596e-05,-3.6913e-05,-4.15344e-05,-4.40911e-05,-4.46544e-05,-4.32886e-05,-4.00464e-05,-3.49713e-05,-2.81056e-05,-1.95027e-05,-9.2417e-06,2.55905e-06,1.57306e-05,3.0047e-05,4.52245e-05,6.0927e-05,7.67785e-05,9.23789e-05,0.000107324,0.000121226,0.000133733,0.000144547,0.000153431,0.000160219,0.000164815,0.000167187,0.000167357,0.000165393,0.000161396,0.000155491,0.000147818,0.000138531,0.000127794,0.000115786,0.000102701,8.87517e-05,7.41723e-05,5.92162e-05,4.41527e-05,2.92599e-05,1.48154e-05,1.08548e-06,-1.16855e-05,-2.32848e-05,-3.3538e-05,-4.23128e-05,-4.95173e-05,-5.50962e-05,-5.90218e-05,-6.12839e-05,-6.18786e-05,-6.0798e-05,-5.80238e-05,-5.35237e-05,-4.72549e-05,-3.91717e-05,-2.92395e-05,-1.74517e-05,-3.8489e-06,1.14628e-05,2.82973e-05,4.63796e-05,6.53444e-05,8.4744e-05,0.000104064,0.000122747,0.000140218,0.000155919,0.000169332,0.000180006,0.000187576,0.000191771,0.000192418,0.000189438,0.00018284,0.000172709,0.0001592,0.000142672,0.000123277,0.000101216,7.74657e-05,5.36455e-05,3.17316e-05,1.37241e-05,1.23732e-06,-4.89349e-06,-4.87207e-06,0
0,-1.15488e-05,-1.89712e-05,-1.99973e-05,-1.37011e-05,-1.74078e-07,1.94856e-05,4.34324e-05,6.94777e-05,9.55036e-05,0.00011979,0.000141277,0.000159661,0.000174764,0.000186236,0.0001939,0.00019767,0.000197562,0.000193697,0.000186311,0.00017575,0.000162462,0.000146983,0.000129912,0.000111881,9.35215e-05,7.54326e-05,5.81512e-05,4.21288e-05,2.77165e-05,1.51604e-05,4.60608e-06,-3.88883e-06,-1.03358e-05,-1.47936e-05,-1.73465e-05,-1.80854e-05,-1.70937e-05,-1.444e-05,-1.01778e-05,-4.35099e-06,2.99447e-06,1.17972e-05,2.19658e-05,3.33661e-05,4.5813e-05,5.90668e-05,7.28367e-05,8.67903e-05,0.000100568,0.0001138,0.00012613,0.000137229,0.000146816,0.000154667,0.000160623,0.000164593,0.000166546,0.000166503,0.00016453,0.000160726,0.000155211,0.000148121,0.000139603,0.000129815,0.000118924,0.000107114,9.4584e-05,8.15511e-05,6.82504e-05,5.493e-05,4.18451e-05,2.92481e-05,1.73785e-05,6.45222e-06,-3.34778e-06,-1.18775e-05,-1.90347e-05,-2.47569e-05,-2.90156e-05,-3.18069e-05,-3.31395e-05,-3.30235e-05,-3.14595e-05,-2.84312e-05,-2.3904e-05,-1.78278e-05,-1.01466e-05,-8.13628e-07,1.01909e-05,2.28395e-05,3.70392e-05,5.26161e-05,6.93079e-05,8.67621e-05,0.000104545,0.000122157,0.000139057,0.000154687,0.000168504,0.000180006,0.000188753,0.000194389,0.000196647,0.000195356,0.000190437,0.000181899,0.000169833,0.000154404,0.000135988,0.000114835,9.13328e-05,6.66364e-05,4.25143e-05,2.10363e-05,4.20905e-06,-6.44526e-06,-1.02612e-05,-7.63459e-06,0
0,-1.39796e-05,-2.39707e-05,-2.7626e-05,-2.38325e-05,-1.24364e-05,5.68443e-06,2.88222e-05,5.4821e-05,8.15002e-05,0.000107012,0.000130128,0.000150373,0.00016747,0.000181046,0.000190889,0.000196885,0.00019902,0.000197392,0.000192207,0.000183783,0.000172544,0.000158999,0.000143726,0.000127339,0.000110462,9.3692e-05,7.75697e-05,6.25564e-05,4.90158e-05,3.7207e-05,2.72859e-05,1.93154e-05,1.32832e-05,9.12221e-06,6.73335e-06,6.00608e-06,6.83466e-06,9.12855e-06,1.28158e-05,1.78401e-05,2.41516e-05,3.16946e-05,4.03937e-05,5.01404e-05,6.07835e-05,7.21242e-05,8.39167e-05,9.58758e-05,0.000107689,0.000119033,0.000129591,0.000139073,0.00014723,0.000153865,0.000158841,0.00016208,0.000163564,0.000163319,0.000161413,0.000157941,0.000153015,0.000146762,0.000139312,0.000130804,0.000121385,0.000111212,0.000100457,8.93087e-05,7.79701e-05,6.66576e-05,5.55939e-05,4.49988e-05,3.50796e-05,2.60207e-05,1.79752e-05,1.10589e-05,5.34851e-06,8.84254e-07,-2.32337e-06,-4.28356e-06,-5.01315e-06,-4.52453e-06,-2.81538e-06,1.37773e-07,4.38082e-06,9.97729e-06,1.69976e-05,2.5503e-05,3.55268e-05,4.70536e-05,6.00008e-05,7.42045e-05,8.94115e-05,0.000105279,0.000121385,0.000137243,0.000152323,0.000166085,0.000177999,0.000187576,0.000194389,0.000198089,0.000198416,0.000195204,0.000188379,0.000177955,0.000164035,0.000146805,0.000126664,0.000103976,7.9316e-05,5.40137e-05,2.99704e-05,9.31971e-06,-5.96235e-06,-1.44828e-05,-1.57733e-05,-1.04288e-05,0
0,-1.62002e-05,-2.86316e-05,-3.49079e-05,-3.37472e-05,-2.47487e-05,-8.54792e-06,1.33218e-05,3.87792e-05,6.562e-05,9.18988e-05,0.00011624,0.000138001,0.000156809,0.000172261,0.000184109,0.000192203,0.000196497,0.000197056,0.000194054,0.000187776,0.000178612,0.000167041,0.000153613,0.00013892,0.000123572,0.000108158,9.32227e-05,7.92357e-05,6.65752e-05,5.55167e-05,4.62321e-05,3.87967e-05,3.3204e-05,2.93857e-05,2.72335e-05,2.66205e-05,2.74196e-05,2.95162e-05,3.28148e-05,3.72393e-05,4.27266e-05,4.92165e-05,5.66389e-05,6.49015e-05,7.3879e-05,8.34076e-05,9.32839e-05,0.00010327,0.000113103,0.000122512,0.000131229,0.000139011,0.00014565,0.000150988,0.000154918,0.000157387,0.000158392,0.000157972,0.000156198,0.000153161,0.000148965,0.000143719,0.000137534,0.000130523,0.000122801,0.000114491,0.000105729,9.66633e-05,8.7458e-05,7.82892e-05,6.93401e-05,6.07929e-05,5.28193e-05,4.5571e-05,3.91721e-05,3.37135e-05,2.9252e-05,2.58132e-05,2.33984e-05,2.19954e-05,2.15897e-05,2.21764e-05,2.37698e-05,2.64079e-05,3.01531e-05,3.50855e-05,4.12909e-05,4.88442e-05,5.77894e-05,6.81196e-05,7.97586e-05,9.25479e-05,0.00010624,0.000120498,0.000134909,0.000148996,0.000162244,0.000174125,0.000184126,0.000191771,0.000196647,0.000198416,0.00019683,0.000191732,0.000183059,0.000170841,0.000155201,0.000136351,0.000114725,9.08022e-05,6.53441e-05,3.98419e-05,1.63028e-05,-3.1118e-06,-1.64976e-05,-2.26268e-05,-2.12494e-05,-1.31597e-05,0
0,-1.81307e-05,-3.27878e-05,-4.15886e-05,-4.31078e-05,-3.6705e-05,-2.2759e-05,-2.59702e-06,2.18161e-05,4.82957e-05,7.48357e-05,9.99407e-05,0.000122815,0.000142993,0.000160044,0.000173677,0.000183703,0.000190038,0.000192707,0.000191846,0.0001877,0.00018062,0.000171047,0.000159495,0.000146529,0.000132738,0.000118699,0.000104955,9.19816e-05,8.01727e-05,6.98228e-05,6.11245e-05,5.41723e-05,4.89741e-05,4.54686e-05,4.35464e-05,4.30709e-05,4.38978e-05,4.58903e-05,4.89284e-05,5.29122e-05,5.77588e-05,6.33952e-05,6.97475e-05,7.673e-05,8.42349e-05,9.2126e-05,0.000100237,0.000108374,0.000116324,0.000123868,0.000130793,0.000136905,0.000142046,0.000146099,0.000148995,0.000150711,0.000151264,0.000150708,0.000149118,0.000146583,0.000143195,0.000139047,0.000134225,0.000128811,0.000122884,0.00011653,0.00010984,0.000102918,9.58835e-05,8.88678e-05,8.20107e-05,7.54539e-05,6.93324e-05,6.37658e-05,5.88515e-05,5.466e-05,5.12342e-05,4.85925e-05,4.6736e-05,4.56581e-05,4.53556e-05,4.5839e-05,4.71404e-05,4.93172e-05,5.24502e-05,5.6636e-05,6.19737e-05,6.85477e-05,7.6408e-05,8.55502e-05,9.58991e-05,0.000107296,0.000119495,0.000132163,0.000144892,0.000157216,0.000168633,0.00017863,0.000186711,0.000192418,0.000195356,0.000195204,0.000191732,0.000184801,0.000174369,0.000160491,0.000143318,0.000123097,0.000100299,7.55214e-05,4.96978e-05,2.44574e-05,1.87905e-06,-1.58908e-05,-2.70613e-05,-3.06023e-05,-2.64962e-05,-1.57276e-05,0
0,-1.96993e-05,-3.62863e-05,-4.74265e-05,-5.15835e-05,-4.78937e-05,-3.64751e-05,-1.84239e-05,4.45111e-06,3.00301e-05,5.6289e-05,8.16472e-05,0.00010518,0.000126339,0.000144665,0.000159823,0.00017158,0.000179807,0.000184484,0.000185701,0.000183657,0.000178655,0.000171091,0.000161438,0.000150225,0.000138011,0.000125356,0.000112794,0.000100807,8.98e-05,8.00889e-05,7.1891e-05,6.53261e-05,6.04245e-05,5.71416e-05,5.53763e-05,5.49914e-05,5.5833e-05,5.77473e-05,6.05921e-05,6.42431e-05,6.85948e-05,7.35555e-05,7.90403e-05,8.49614e-05,9.122e-05,9.76994e-05,0.000104263,0.000110756,0.000117011,0.000122859,0.000128138,0.000132708,0.000136461,0.000139323,0.000141265,0.000142294,0.000142452,0.000141807,0.000140439,0.000138436,0.000135881,0.000132845,0.00012939,0.000125567,0.000121418,0.000116987,0.00011232,0.000107477,0.000102529,9.75614e-05,9.26694e-05,8.79544e-05,8.35156e-05,7.9443e-05,7.58111e-05,7.26749e-05,7.00698e-05,6.80143e-05,6.65166e-05,6.55834e-05,6.52292e-05,6.54852e-05,6.6405e-05,6.80662e-05,7.05673e-05,7.40179e-05,7.85258e-05,8.41784e-05,9.10247e-05,9.90563e-05,0.000108192,0.000118268,0.000129035,0.00014016,0.000151241,0.000161822,0.000171414,0.000179524,0.000185677,0.000189438,0.000190437,0.000188379,0.000183059,0.000174369,0.000162299,0.00014694,0.00012848,0.000107207,8.36292e-05,5.84502e-05,3.27579e-05,8.28437e-06,-1.2863e-05,-2.85985e-05,-3.72856e-05,-3.81177e-05,-3.13141e-05,-1.8032e-05,0
0,-2.08457e-05,-3.89934e-05,-5.22021e-05,-5.88617e-05,-5.79121e-05,-4.9217e-05,-3.36255e-05,-1.27564e-05,1.13807e-05,3.67915e-05,6.18527e-05,8.5543e-05,0.000107249,0.000126485,0.000142873,0.000156129,0.000166074,0.000172635,0.000175849,0.000175861,0.00017292,0.00016737,0.000159632,0.000150193,0.000139574,0.000128311,0.000116924,0.000105892,9.56323e-05,8.64795e-05,7.86784e-05,7.23794e-05,6.76428e-05,6.44497e-05,6.27179e-05,6.232e-05,6.31023e-05,6.49018e-05,6.756e-05,7.09312e-05,7.4887e-05,7.93145e-05,8.41127e-05,8.91852e-05,9.44338e-05,9.97533e-05,0.000105029,0.000110136,0.000114948,0.000119339,0.000123196,0.000126429,0.000128974,0.000130803,0.000131923,0.000132372,0.000132215,0.000131534,0.000130416,0.000128946,0.000127195,0.00012522,0.000123057,0.000120727,0.000118237,0.00011559,0.000112791,0.000109853,0.000106804,0.000103682,0.000100543,9.7449e-05,9.44665e-05,9.16596e-05,8.90846e-05,8.67868e-05,8.48001e-05,8.31493e-05,8.18561e-05,8.09456e-05,8.04544e-05,8.04366e-05,8.09677e-05,8.21439e-05,8.40772e-05,8.68848e-05,9.06756e-05,9.55326e-05,0.000101495,0.000108543,0.000116583,0.00012544,0.000134858,0.000144503,0.000153977,0.000162835,0.000170608,0.000176824,0.000181036,0.00018284,0.000181899,0.000177955,0.000170841,0.000160491,0.00014694,0.000130325,0.000110886,8.89511e-05,6.50616e-05,4.00082e-05,1.49988e-05,-8.17483e-06,-2.74263e-05,-4.07777e-05,-4.67829e-05,-4.48757e-05,-3.55059e-05,-1.99758e-05,0
0,-2.15234e-05,-4.08004e-05,-5.57268e-05,-6.46602e-05,-6.63805e-05,-6.05151e-05,-4.7662e-05,-2.92234e-05,-7.05675e-06,1.69242e-05,4.11046e-05,6.44104e-05,8.61928e-05,0.000105944,0.000123235,0.000137731,0.000149194,0.000157492,0.000162604,0.000164613,0.000163706,0.000160166,0.000154359,0.000146716,0.000137716,0.00012786,0.000117647,0.000107549,9.79877e-05,8.9317e-05,8.18089e-05,7.56475e-05,7.09291e-05,6.76693e-05,6.58148e-05,6.52589e-05,6.58591e-05,6.74535e-05,6.98751e-05,7.2963e-05,7.6569e-05,8.05593e-05,8.48144e-05,8.92244e-05,9.36858e-05,9.80967e-05,0.000102356,0.000106361,0.000110017,0.000113234,0.000115941,0.00011809,0.000119658,0.000120657,0.000121126,0.00012113,0.000120755,0.000120095,0.000119243,0.000118279,0.000117269,0.000116251,0.000115242,0.000114233,0.000113203,0.000112117,0.000110944,0.000109656,0.000108239,0.000106692,0.000105033,0.00010329,0.000101502,9.97133e-05,9.79663e-05,9.63021e-05,9.47585e-05,9.3372e-05,9.21816e-05,9.12343e-05,9.05899e-05,9.03252e-05,9.0535e-05,9.13298e-05,9.28284e-05,9.51481e-05,9.83902e-05,0.000102624,0.000107871,0.000114091,0.000121173,0.000128925,0.000137083,0.000145309,0.000153213,0.000160363,0.000166313,0.000170621,0.000172874,0.000172709,0.000169833,0.000164035,0.000155201,0.000143318,0.00012848,0.000110886,9.08313e-05,6.8699e-05,4.5044e-05,2.071e-05,-3.02073e-06,-2.43514e-05,-4.12691e-05,-5.19483e-05,-5.51611e-05,-5.05864e-05,-3.88858e-05,-2.14706e-05,0
0,-2.17023e-05,-4.16288e-05,-5.78509e-05,-6.87385e-05,-7.29556e-05,-6.99254e-05,-6.0003e-05,-4.43593e-05,-2.46639e-05,-2.70049e-06,1.99831e-05,4.23199e-05,6.36873e-05,8.35363e-05,0.000101385,0.000116836,0.000129594,0.000139462,0.000146353,0.000150283,0.000151371,0.000149832,0.000145965,0.000140143,0.000132791,0.000124368,0.000115344,0.000106174,9.72813e-05,8.90334e-05,8.17285e-05,7.55857e-05,7.07415e-05,6.72526e-05,6.51037e-05,6.42196e-05,6.44802e-05,6.57356e-05,6.78208e-05,7.05677e-05,7.3814e-05,7.74084e-05,8.12131e-05,8.51029e-05,8.89641e-05,9.2692e-05,9.61907e-05,9.93733e-05,0.000102164,0.000104504,0.000106353,0.000107696,0.000108545,0.000108941,0.000108951,0.000108663,0.000108176,0.000107595,0.000107015,0.000106516,0.000106153,0.000105952,0.000105912,0.000106004,0.00010618,0.000106377,0.000106531,0.000106581,0.00010648,0.000106194,0.000105709,0.000105026,0.000104162,0.000103147,0.000102015,0.000100808,9.95732e-05,9.83607e-05,9.72295e-05,9.62488e-05,9.55006e-05,9.50813e-05,9.50999e-05,9.5674e-05,9.69219e-05,9.89513e-05,0.000101846,0.000105654,0.000110369,0.000115926,0.000122187,0.000128944,0.00013592,0.000142778,0.000149135,0.000154578,0.000158691,0.000161068,0.000161341,0.0001592,0.000154404,0.000146805,0.000136351,0.000123097,0.000107207,8.89511e-05,6.8699e-05,4.69028e-05,2.41103e-05,1.15522e-06,-2.06704e-05,-3.96254e-05,-5.38226e-05,-6.16258e-05,-6.20402e-05,-5.49808e-05,-4.1289e-05,-2.2441e-05,0
0,-2.13702e-05,-4.14341e-05,-5.84711e-05,-7.09078e-05,-7.73447e-05,-7.7044e-05,-7.01425e-05,-5.75793e-05,-4.08127e-05,-2.14534e-05,-9.21171e-07,1.99163e-05,4.04032e-05,5.99368e-05,7.79821e-05,9.4087e-05,0.000107893,0.000119141,0.000127673,0.000133435,0.000136474,0.00013693,0.00013503,0.00013108,0.000125442,0.000118526,0.000110761,0.000102583,9.44046e-05,8.66015e-05,7.9494e-05,7.33349e-05,6.83021e-05,6.44976e-05,6.19508e-05,6.0627e-05,6.04387e-05,6.12593e-05,6.29362e-05,6.53038e-05,6.81938e-05,7.14428e-05,7.48976e-05,7.8418e-05,8.18774e-05,8.51641e-05,8.8181e-05,9.08472e-05,9.30998e-05,9.4897e-05,9.62208e-05,9.70797e-05,9.75096e-05,9.75728e-05,9.73543e-05,9.69558e-05,9.6487e-05,9.60559e-05,9.57592e-05,9.56724e-05,9.58439e-05,9.62901e-05,9.6996e-05,9.79173e-05,9.89869e-05,0.000100123,0.000101238,0.000102248,0.000103079,0.000103673,0.000103994,0.000104025,0.000103766,0.000103239,0.000102478,0.000101528,0.000100447,9.93045e-05,9.81775e-05,9.71563e-05,9.63415e-05,9.58439e-05,9.578e-05,9.62664e-05,9.74115e-05,9.93044e-05,0.000102004,0.000105524,0.000109829,0.000114819,0.000120331,0.000126135,0.000131945,0.000137426,0.000142206,0.000145901,0.000148129,0.000148532,0.000146796,0.000142672,0.000135988,0.000126664,0.000114725,0.000100299,8.36292e-05,6.50616e-05,4.5044e-05,2.41103e-05,2.86742e-06,-1.79807e-05,-3.72594e-05,-5.33424e-05,-6.4511e-05,-6.93413e-05,-6.70712e-05,-5.78254e-05,-4.25811e-05,-2.28295e-05,0
0,-2.05344e-05,-4.02098e-05,-5.75369e-05,-7.10413e-05,-7.93176e-05,-8.15219e-05,-7.76126e-05,-6.8315e-05,-5.4871e-05,-3.86915e-05,-2.07826e-05,-1.91255e-06,1.72225e-05,3.59841e-05,5.37989e-05,7.01696e-05,8.46844e-05,9.7024e-05,0.000106966,0.000114384,0.000119249,0.000121627,0.000121669,0.000119604,0.000115729,0.000110393,0.000103981,9.68923e-05,8.95238e-05,8.22502e-05,7.54062e-05,6.92726e-05,6.4066e-05,5.99337e-05,5.69529e-05,5.5135e-05,5.44334e-05,5.47542e-05,5.59678e-05,5.79216e-05,6.04505e-05,6.33869e-05,6.65682e-05,6.98417e-05,7.30691e-05,7.6129e-05,7.89185e-05,8.1356e-05,8.33828e-05,8.4965e-05,8.60958e-05,8.67961e-05,8.7114e-05,8.71223e-05,8.69143e-05,8.65966e-05,8.62807e-05,8.60737e-05,8.60685e-05,8.63356e-05,8.69167e-05,8.7821e-05,8.90254e-05,9.04766e-05,9.20979e-05,9.37965e-05,9.54726e-05,9.70284e-05,9.83763e-05,9.94451e-05,0.000100184,0.000100566,0.000100587,0.000100263,9.9632e-05,9.87489e-05,9.76844e-05,9.65225e-05,9.53595e-05,9.43018e-05,9.34632e-05,9.29613e-05,9.2912e-05,9.34223e-05,9.45815e-05,9.6452e-05,9.90586e-05,0.00010238,0.000106341,0.000110809,0.000115592,0.000120445,0.000125073,0.000129148,0.000132322,0.000134241,0.00013457,0.000133006,0.000129302,0.000123277,0.000114835,0.000103976,9.08022e-05,7.55214e-05,5.84502e-05,4.00082e-05,2.071e-05,1.15522e-06,-1.79807e-05,-3.59394e-05,-5.20457e-05,-6.48318e-05,-7.27738e-05,-7.46647e-05,-6.99551e-05,-5.89371e-05,-4.26678e-05,-2.26007e-05,0
0,-1.92222e-05,-3.79894e-05,-5.50556e-05,-6.90832e-05,-7.87199e-05,-8.30797e-05,-8.19978e-05,-7.60232e-05,-6.62001e-05,-5.34265e-05,-3.84417e-05,-2.19624e-05,-4.66883e-06,1.28002e-05,2.98579e-05,4.59811e-05,6.07206e-05,7.37089e-05,8.46658e-05,9.34007e-05,9.98141e-05,0.000103895,0.000105719,0.000105439,0.000103279,9.95241e-05,9.45012e-05,8.8568e-05,8.20933e-05,7.54391e-05,6.89438e-05,6.29065e-05,5.75747e-05,5.3136e-05,4.97134e-05,4.73657e-05,4.60914e-05,4.58363e-05,4.6503e-05,4.79615e-05,5.00608e-05,5.26386e-05,5.5531e-05,5.85797e-05,6.16383e-05,6.45766e-05,6.72852e-05,6.96773e-05,7.1692e-05,7.32957e-05,7.44827e-05,7.52759e-05,7.57245e-05,7.59012e-05,7.58966e-05,7.58129e-05,7.57553e-05,7.58233e-05,7.6102e-05,7.66545e-05,7.75163e-05,7.86919e-05,8.01546e-05,8.18495e-05,8.36986e-05,8.5608e-05,8.74767e-05,8.92048e-05,9.07017e-05,9.18932e-05,9.27257e-05,9.31697e-05,9.3221e-05,9.28999e-05,9.22499e-05,9.13354e-05,9.02388e-05,8.90575e-05,8.79002e-05,8.6883e-05,8.61249e-05,8.57416e-05,8.58393e-05,8.65065e-05,8.78063e-05,8.97674e-05,9.23771e-05,9.55747e-05,9.92478e-05,0.000103232,0.000107312,0.00011123,0.000114693,0.00011739,0.000118998,0.00011921,0.000117744,0.000114362,0.000108887,0.000101216,9.13328e-05,7.9316e-05,6.53441e-05,4.96978e-05,3.27579e-05,1.49988e-05,-3.02073e-06,-2.06704e-05,-3.72594e-05,-5.20457e-05,-6.42468e-05,-7.34288e-05,-7.80924e-05,-7.72299e-05,-7.04642e-05,-5.81977e-05,-4.15036e-05,-2.17455e-05,0
0,-1.74811e-05,-3.48476e-05,-5.10963e-05,-6.50567e-05,-7.54861e-05,-8.15247e-05,-8.2951e-05,-8.01953e-05,-7.38347e-05,-6.44032e-05,-5.24942e-05,-3.87244e-05,-2.37108e-05,-8.05337e-06,7.67955e-06,2.29657e-05,3.73408e-05,5.04082e-05,6.1846e-05,7.14117e-05,7.89446e-05,8.43665e-05,8.76801e-05,8.89653e-05,8.83737e-05,8.61195e-05,8.24692e-05,7.77282e-05,7.22257e-05,6.62987e-05,6.02753e-05,5.44595e-05,4.91171e-05,4.44653e-05,4.06654e-05,3.78191e-05,3.59693e-05,3.51041e-05,3.51636e-05,3.60491e-05,3.76327e-05,3.9768e-05,4.22996e-05,4.50724e-05,4.79385e-05,5.07642e-05,5.34347e-05,5.58579e-05,5.79675e-05,5.97242e-05,6.11167e-05,6.21609e-05,6.28978e-05,6.33898e-05,6.37158e-05,6.39646e-05,6.42273e-05,6.45898e-05,6.51252e-05,6.58869e-05,6.6904e-05,6.81784e-05,6.96845e-05,7.13716e-05,7.31685e-05,7.49895e-05,7.67424e-05,7.83358e-05,7.96869e-05,8.0728e-05,8.14116e-05,8.17135e-05,8.16352e-05,8.12032e-05,8.04682e-05,7.95026e-05,7.83968e-05,7.72554e-05,7.61921e-05,7.53242e-05,7.47662e-05,7.46231e-05,7.49828e-05,7.59087e-05,7.74322e-05,7.95464e-05,8.22008e-05,8.5298e-05,8.86936e-05,9.21982e-05,9.55826e-05,9.85866e-05,0.00010093,0.000102324,0.000102489,0.000101167,9.81378e-05,9.32333e-05,8.63512e-05,7.74657e-05,6.66364e-05,5.40137e-05,3.98419e-05,2.44574e-05,8.28437e-06,-8.17483e-06,-2.43514e-05,-3.96254e-05,-5.33424e-05,-6.48318e-05,-7.34288e-05,-7.85069e-05,-8.00236e-05,-7.67633e-05,-6.84633e-05,-5.55674e-05,-3.90989e-05,-2.02838e-05,0
0,-1.53771e-05,-3.08994e-05,-4.57923e-05,-5.9072e-05,-6.96539e-05,-7.67707e-05,-8.0217e-05,-8.01444e-05,-7.67685e-05,-7.04336e-05,-6.15733e-05,-5.06772e-05,-3.82647e-05,-2.48634e-05,-1.0991e-05,2.86056e-06,1.62392e-05,2.87437e-05,4.00325e-05,4.98302e-05,5.79318e-05,6.42053e-05,6.85925e-05,7.11073e-05,7.18327e-05,7.0915e-05,6.8556e-05,6.50028e-05,6.05354e-05,5.54527e-05,5.00578e-05,4.46433e-05,3.94772e-05,3.47911e-05,3.07713e-05,2.75521e-05,2.52142e-05,2.37851e-05,2.32434e-05,2.35256e-05,2.45343e-05,2.61476e-05,2.82285e-05,3.06344e-05,3.32252e-05,3.58705e-05,3.84553e-05,4.08847e-05,4.30872e-05,4.5016e-05,4.66501e-05,4.7993e-05,4.90709e-05,4.99291e-05,5.06275e-05,5.12349e-05,5.18227e-05,5.24584e-05,5.31995e-05,5.40881e-05,5.51468e-05,5.63763e-05,5.77554e-05,5.92424e-05,6.07789e-05,6.22948e-05,6.37145e-05,6.49635e-05,6.5975e-05,6.66955e-05,6.70898e-05,6.71443e-05,6.68688e-05,6.62971e-05,6.54853e-05,6.45098e-05,6.34633e-05,6.24497e-05,6.15789e-05,6.096e-05,6.06943e-05,6.08679e-05,6.15447e-05,6.27593e-05,6.45108e-05,6.6759e-05,6.94208e-05,7.23708e-05,7.54425e-05,7.84338e-05,8.1114e-05,8.32338e-05,8.45363e-05,8.477e-05,8.37025e-05,8.11332e-05,7.69071e-05,7.09255e-05,6.31572e-05,5.36455e-05,4.25143e-05,2.99704e-05,1.63028e-05,1.87905e-06,-1.2863e-05,-2.74263e-05,-4.12691e-05,-5.38226e-05,-6.4511e-05,-7.27738e-05,-7.80924e-05,-8.00236e-05,-7.82379e-05,-7.31148e-05,-6.39302e-05,-5.10966e-05,-3.55249e-05,-1.82652e-05,0
0,-1.29928e-05,-2.62971e-05,-3.93404e-05,-5.13318e-05,-6.13798e-05,-6.88646e-05,-7.35685e-05,-7.53869e-05,-7.43725e-05,-7.07067e-05,-6.46711e-05,-5.662e-05,-4.6957e-05,-3.61136e-05,-2.45307e-05,-1.26419e-05,-8.59712e-07,1.04372e-05,2.09136e-05,3.02851e-05,3.83249e-05,4.48669e-05,4.98085e-05,5.31116e-05,5.48009e-05,5.4961e-05,5.37311e-05,5.12978e-05,4.7885e-05,4.37431e-05,3.91362e-05,3.4329e-05,2.95737e-05,2.50982e-05,2.10964e-05,1.77203e-05,1.50759e-05,1.32217e-05,1.21704e-05,1.18929e-05,1.23249e-05,1.33747e-05,1.49313e-05,1.68734e-05,1.90774e-05,2.14245e-05,2.38066e-05,2.61314e-05,2.83256e-05,3.03366e-05,3.21336e-05,3.37064e-05,3.50641e-05,3.62319e-05,3.72473e-05,3.81562e-05,3.90073e-05,3.98476e-05,4.07175e-05,4.16468e-05,4.26518e-05,4.3733e-05,4.48751e-05,4.60483e-05,4.72102e-05,4.83103e-05,4.92942e-05,5.01089e-05,5.07079e-05,5.1056e-05,5.11333e-05,5.09383e-05,5.04894e-05,4.98256e-05,4.90047e-05,4.81014e-05,4.72034e-05,4.6406e-05,4.58065e-05,4.54978e-05,4.55609e-05,4.60584e-05,4.70277e-05,4.84755e-05,5.03733e-05,5.26547e-05,5.52153e-05,5.79138e-05,6.05769e-05,6.30052e-05,6.49814e-05,6.62808e-05,6.66822e-05,6.59795e-05,6.39935e-05,6.05829e-05,5.56548e-05,4.91734e-05,4.11667e-05,3.17316e-05,2.10363e-05,9.31971e-06,-3.1118e-06,-1.58908e-05,-2.85985e-05,-4.07777e-05,-5.19483e-05,-6.16258e-05,-6.93413e-05,-7.46647e-05,-7.72299e-05,-7.67633e-05,-7.31148e-05,-6.62905e-05,-5.69745e-05,-4.49334e-05,-3.09145e-05,-1.57689e-05,0
0,-1.04221e-05,-2.12231e-05,-3.1996e-05,-4.2134e-05,-5.09537e-05,-5.8057e-05,-6.31339e-05,-6.6006e-05,-6.66204e-05,-6.50364e-05,-6.14074e-05,-5.59624e-05,-4.89872e-05,-4.08063e-05,-3.17669e-05,-2.22234e-05,-1.25244e-05,-3.00038e-06,6.04593e-06,1.43479e-05,2.16816e-05,2.78707e-05,3.27901e-05,3.63682e-05,3.85868e-05,3.94805e-05,3.91333e-05,3.76738e-05,3.52683e-05,3.21119e-05,2.8419e-05,2.44119e-05,2.03101e-05,1.63194e-05,1.26221e-05,9.37021e-06,6.67892e-06,4.62451e-06,3.24377e-06,2.53624e-06,2.46848e-06,2.97985e-06,3.98937e-06,5.40294e-06,7.12041e-06,9.04215e-06,1.10746e-05,1.31346e-05,1.5153e-05,1.70761e-05,1.88669e-05,2.05042e-05,2.1982e-05,2.33069e-05,2.44957e-05,2.55719e-05,2.65629e-05,2.74958e-05,2.83949e-05,2.92785e-05,3.01566e-05,3.10301e-05,3.18899e-05,3.27179e-05,3.34883e-05,3.41702e-05,3.47306e-05,3.51382e-05,3.53669e-05,3.53995e-05,3.52306e-05,3.48689e-05,3.43388e-05,3.36801e-05,3.29474e-05,3.22075e-05,3.15359e-05,3.10123e-05,3.0715e-05,3.0715e-05,3.10701e-05,3.18184e-05,3.29732e-05,3.45189e-05,3.64083e-05,3.85613e-05,4.0866e-05,4.31823e-05,4.53463e-05,4.71775e-05,4.84872e-05,4.90879e-05,4.88028e-05,4.74761e-05,4.49824e-05,4.12353e-05,3.6195e-05,2.98739e-05,2.23411e-05,1.37241e-05,4.20905e-06,-5.96235e-06,-1.64976e-05,-2.70613e-05,-3.72856e-05,-4.67829e-05,-5.51611e-05,-6.20402e-05,-6.70712e-05,-6.99551e-05,-7.04642e-05,-6.84633e-05,-6.39302e-05,-5.69745e-05,-4.78503e-05,-3.73236e-05,-2.54573e-05,-1.28985e-05,0
0,-7.7627e-06,-1.58774e-05,-2.40608e-05,-3.1867e-05,-3.89403e-05,-4.49376e-05,-4.95842e-05,-5.26894e-05,-5.41514e-05,-5.39539e-05,-5.21577e-05,-4.88896e-05,-4.43297e-05,-3.86983e-05,-3.22434e-05,-2.52285e-05,-1.79211e-05,-1.05829e-05,-3.46075e-06,3.22095e-06,9.26659e-06,1.45145e-05,1.88406e-05,2.21615e-05,2.44356e-05,2.56632e-05,2.58852e-05,2.51802e-05,2.36598e-05,2.14627e-05,1.87475e-05,1.56842e-05,1.24459e-05,9.20007e-06,6.10023e-06,3.27953e-06,8.45259e-07,-1.12444e-06,-2.58196e-06,-3.50953e-06,-3.91681e-06,-3.83699e-06,-3.32192e-06,-2.43665e-06,-1.25392e-06,1.511e-07,1.70531e-06,3.34148e-06,5.00095e-06,6.63543e-06,8.20778e-06,9.69203e-06,1.10726e-05,1.23432e-05,1.35047e-05,1.45639e-05,1.55308e-05,1.6417e-05,1.72334e-05,1.79889e-05,1.86888e-05,1.93339e-05,1.99204e-05,2.04397e-05,2.08796e-05,2.12257e-05,2.14626e-05,2.1577e-05,2.1559e-05,2.14053e-05,2.11208e-05,2.07199e-05,2.02281e-05,1.96811e-05,1.91247e-05,1.86123e-05,1.8202e-05,1.79534e-05,1.79224e-05,1.81569e-05,1.86918e-05,1.95445e-05,2.07109e-05,2.21629e-05,2.38466e-05,2.56828e-05,2.75688e-05,2.93815e-05,3.09831e-05,3.22267e-05,3.29641e-05,3.30534e-05,3.23668e-05,3.07984e-05,2.82712e-05,2.47431e-05,2.02121e-05,1.47191e-05,8.35038e-06,1.23732e-06,-6.44526e-06,-1.44828e-05,-2.26268e-05,-3.06023e-05,-3.81177e-05,-4.48757e-05,-5.05864e-05,-5.49808e-05,-5.78254e-05,-5.89371e-05,-5.81977e-05,-5.55674e-05,-5.10966e-05,-4.49334e-05,-3.73236e-05,-2.86019e-05,-1.93875e-05,-9.77368e-06,0
0,-5.10439e-06,-1.04578e-05,-1.5861e-05,-2.114e-05,-2.6063e-05,-3.03992e-05,-3.39473e-05,-3.65514e-05,-3.81098e-05,-3.85767e-05,-3.79596e-05,-3.6314e-05,-3.37365e-05,-3.03562e-05,-2.63273e-05,-2.18197e-05,-1.7012e-05,-1.20836e-05,-7.20802e-06,-2.54725e-06,1.7535e-06,5.5699e-06,8.8019e-06,1.13762e-05,1.3248e-05,1.44015e-05,1.48495e-05,1.46322e-05,1.38144e-05,1.24817e-05,1.07363e-05,8.69117e-06,6.46451e-06,4.17352e-06,1.92877e-06,-1.70874e-07,-2.04245e-06,-3.62175e-06,-4.86495e-06,-5.74872e-06,-6.26916e-06,-6.43959e-06,-6.28752e-06,-5.8512e-06,-5.17585e-06,-4.31019e-06,-3.30318e-06,-2.20144e-06,-1.0472e-06,1.23028e-07,1.27914e-06,2.3976e-06,3.46117e-06,4.45826e-06,5.38211e-06,6.22981e-06,7.00126e-06,7.69819e-06,8.32316e-06,8.87878e-06,9.36696e-06,9.78844e-06,1.01425e-05,1.04269e-05,1.06383e-05,1.07727e-05,1.08263e-05,1.07968e-05,1.06843e-05,1.04927e-05,1.02309e-05,9.91336e-06,9.56102e-06,9.20079e-06,8.86505e-06,8.5902e-06,8.4146e-06,8.37598e-06,8.50834e-06,8.83867e-06,9.38371e-06,1.0147e-05,1.11165e-05,1.2263e-05,1.35397e-05,1.4883e-05,1.62139e-05,1.74414e-05,1.84665e-05,1.91867e-05,1.95017e-05,1.93186e-05,1.85576e-05,1.71571e-05,1.50782e-05,1.23081e-05,8.86336e-06,4.79108e-06,1.69364e-07,-4.89349e-06,-1.02612e-05,-1.57733e-05,-2.12494e-05,-2.64962e-05,-3.13141e-05,-3.55059e-05,-3.88858e-05,-4.1289e-05,-4.25811e-05,-4.26678e-05,-4.15036e-05,-3.90989e-05,-3.55249e-05,-3.09145e-05,-2.54573e-05,-1.93875e-05,-1.29596e-05,-6.51626e-06,0
0,-2.51176e-06,-5.12942e-06,-7.80616e-06,-1.04653e-05,-1.29996e-05,-1.52939e-05,-1.72413e-05,-1.87536e-05,-1.97672e-05,-2.02456e-05,-2.01792e-05,-1.95837e-05,-1.84972e-05,-1.69765e-05,-1.50927e-05,-1.29278e-05,-1.05701e-05,-8.1104e-06,-5.63835e-06,-3.23936e-06,-9.91634e-07,1.03623e-06,2.78727e-06,4.21768e-06,5.29791e-06,6.01328e-06,6.36404e-06,6.3648e-06,6.04348e-06,5.43961e-06,4.60211e-06,3.58668e-06,2.45282e-06,1.26078e-06,6.86066e-08,-1.07065e-06,-2.11119e-06,-3.01619e-06,-3.75881e-06,-4.3226e-06,-4.70108e-06,-4.8969e-06,-4.9204e-06,-4.788e-06,-4.52037e-06,-4.14064e-06,-3.67283e-06,-3.14044e-06,-2.56544e-06,-1.96751e-06,-1.36364e-06,-7.67959e-07,-1.91825e-07,3.56013e-07,8.69096e-07,1.34293e-06,1.7746e-06,2.16246e-06,2.50579e-06,2.80447e-06,3.05876e-06,3.26904e-06,3.4357e-06,3.55903e-06,3.63931e-06,3.67692e-06,3.67262e-06,3.62794e-06,3.5456e-06,3.43007e-06,3.28793e-06,3.1283e-06,2.96294e-06,2.8062e-06,2.67463e-06,2.58622e-06,2.55938e-06,2.6116e-06,2.75791e-06,3.00923e-06,3.37078e-06,3.84067e-06,4.40884e-06,5.05643e-06,5.7557e-06,6.47061e-06,7.15798e-06,7.76925e-06,8.2527e-06,8.55607e-06,8.62941e-06,8.42792e-06,7.91472e-06,7.06345e-06,5.86032e-06,4.30582e-06,2.41583e-06,2.22087e-07,-2.22797e-06,-4.87207e-06,-7.63459e-06,-1.04288e-05,-1.31597e-05,-1.57276e-05,-1.8032e-05,-1.99758e-05,-2.14706e-05,-2.2441e-05,-2.28295e-05,-2.26007e-05,-2.17455e-05,-2.02838e-05,-1.82652e-05,-1.57689e-05,-1.28985e-05,-9.77368e-06,-6.51626e-06,-3.22932e-06,0
0,0,0,0,0,0,0,0,0,0,0,0,0,0,0,0,0,0,0,0,0,0,0,0,0,0,0,0,0,0,0,0,0,0,0,0,0,0,0,0,0,0,0,0,0,0,0,0,0,0,0,0,0,0,0,0,0,0,0,0,0,0,0,0,0,0,0,0,0,0,0,0,0,0,0,0,0,0,0,0,0,0,0,0,0,0,0,0,0,0,0,0,0,0,0,0,0,0,0,0,0,0,0,0,0,0,0,0,0,0,0,0,0,0,0,0,0,0,0,0
