0,0,0,0,0,0,0,0,0,0,0,0,0,0,0,0,0,0,0,0,0,0,0,0,0,0,0,0,0,0,0,0,0,0,0,0,0,0,0,0,0,0,0,0,0,0,0,0,0,0,0,0,0,0,0,0,0,0,0,0,0,0,0,0,0,0,0,0,0,0,0,0,0,0,0,0,0,0,0,0,0,0,0,0,0,0,0,0,0,0,0,0,0,0,0,0,0,0,0,0,0,0,0,0,0,0,0,0,0,0,0,0,0,0,0,0,0,0,0,0
0,2.96839e-07,5.74743e-07,8.14463e-07,9.8887e-07,1.07104e-06,1.03793e-06,8.72709e-07,5.66179e-07,1.17264e-07,-4.67087e-07,-1.17255e-06,-1.97851e-06,-2.85944e-06,-3.78657e-06,-4.72962e-06,-5.65859e-06,-6.54539e-06,-7.36526e-06,-8.09797e-06,-8.72854e-06,-9.2478e-06,-9.65238e-06,-9.9446e-06,-1.0132e-05,-1.02265e-05,-1.0244e-05,-1.0203e-05,-1.01241e-05,-1.00287e-05,-9.93816e-06,-9.87315e-06,-9.85256e-06,-9.89297e-06,-1.0008e-05,-1.0208e-05,-1.04996e-05,-1.08856e-05,-1.13655e-05,-1.1935e-05,-1.25867e-05,-1.33108e-05,-1.40952e-05,-1.49263e-05,-1.57895e-05,-1.66699e-05,-1.75525e-05,-1.84228e-05,-1.92672e-05,-2.00729e-05,-2.08286e-05,-2.15238e-05,-2.21494e-05,-2.26977e-05,-2.31617e-05,-2.3536e-05,-2.38157e-05,-2.39971e-05,-2.40776e-05,-2.40551e-05,-2.39286e-05,-2.3698e-05,-2.33641e-05,-2.29286e-05,-2.23943e-05,-2.17649e-05,-2.10452e-05,-2.02412e-05,-1.93601e-05,-1.84102e-05,-1.74014e-05,-1.63449e-05,-1.52531e-05,-1.41401e-05,-1.30209e-05,-1.19116e-05,-1.08291e-05,-9.7906e-06,-8.81299e-06,-7.91248e-06,-7.10388e-06,-6.39992e-06,-5.81065e-06,-5.34281e-06,-4.99937e-06,-4.77914e-06,-4.67654e-06,-4.68162e-06,-4.78015e-06,-4.95408e-06,-5.18205e-06,-5.44022e-06,-5.70324e-06,-5.94542e-06,-6.14199e-06,-6.27047e-06,-6.31197e-06,-6.25251e-06,-6.08395e-06,-5.80479e-06,-5.42049e-06,-4.94324e-06,-4.39136e-06,-3.78806e-06,-3.15987e-06,-2.53465e-06,-1.93955e-06,-1.39886e-06,-9.32191e-07,-5.52965e-07,-2.67454e-07,-7.4405e-08,3.46791e-08,7.46351e-08,6.5128e-08,2.85798e-08,-1.24216e-08,-3.81737e-08,-3.52528e-08,0
0,5.74743e-07,1.13498e-06,1.59479e-06,1.90202e-06,2.0017e-06,1.84991e-06,1.41751e-06,6.92035e-07,-3.21832e-07,-1.60298e-06,-3.11552e-06,-4.81125e-06,-6.63273e-06,-8.51687e-06,-1.03987e-05,-1.22151e-05,-1.39085e-05,-1.54296e-05,-1.67397e-05,-1.78128e-05,-1.86356e-05,-1.92082e-05,-1.95426e-05,-1.96621e-05,-1.95994e-05,-1.93942e-05,-1.90913e-05,-1.87384e-05,-1.83836e-05,-1.80736e-05,-1.78516e-05,-1.77557e-05,-1.78177e-05,-1.80621e-05,-1.85052e-05,-1.91551e-05,-2.0012e-05,-2.10679e-05,-2.23083e-05,-2.37126e-05,-2.52555e-05,-2.69083e-05,-2.86402e-05,-3.04196e-05,-3.2215e-05,-3.39964e-05,-3.57356e-05,-3.74071e-05,-3.89881e-05,-4.04588e-05,-4.18024e-05,-4.30046e-05,-4.40537e-05,-4.494e-05,-4.56557e-05,-4.61943e-05,-4.65508e-05,-4.6721e-05,-4.6702e-05,-4.64917e-05,-4.60889e-05,-4.54937e-05,-4.47071e-05,-4.37317e-05,-4.25719e-05,-4.12335e-05,-3.97247e-05,-3.80561e-05,-3.62409e-05,-3.42952e-05,-3.22384e-05,-3.00931e-05,-2.78853e-05,-2.56441e-05,-2.34018e-05,-2.11925e-05,-1.90524e-05,-1.70177e-05,-1.51243e-05,-1.34058e-05,-1.18923e-05,-1.0609e-05,-9.57462e-06,-8.80035e-06,-8.2888e-06,-8.03334e-06,-8.01783e-06,-8.21673e-06,-8.59566e-06,-9.1124e-06,-9.71844e-06,-1.03609e-05,-1.09847e-05,-1.15355e-05,-1.19625e-05,-1.22211e-05,-1.22763e-05,-1.21044e-05,-1.16955e-05,-1.10543e-05,-1.02003e-05,-9.16646e-06,-7.99757e-06,-6.74685e-06,-5.47217e-06,-4.23172e-06,-3.07958e-06,-2.06167e-06,-1.21229e-06,-5.51707e-07,-8.49014e-08,1.98424e-07,3.22545e-07,3.23209e-07,2.43981e-07,1.31483e-07,2.95702e-08,-2.74504e-08,0
0,8.14463e-07,1.59479e-06,2.22609e-06,2.57244e-06,2.57143e-06,2.16532e-06,1.32263e-06,3.90215e-08,-1.6637e-06,-3.73982e-06,-6.12309e-06,-8.73106e-06,-1.14701e-05,-1.42413e-05,-1.69455e-05,-1.94901e-05,-2.17927e-05,-2.37866e-05,-2.5423e-05,-2.6673e-05,-2.75284e-05,-2.8001e-05,-2.81209e-05,-2.79338e-05,-2.74986e-05,-2.68832e-05,-2.61616e-05,-2.54096e-05,-2.47021e-05,-2.41095e-05,-2.3695e-05,-2.35125e-05,-2.36048e-05,-2.40019e-05,-2.47213e-05,-2.57669e-05,-2.71306e-05,-2.87925e-05,-3.07229e-05,-3.28841e-05,-3.52322e-05,-3.77197e-05,-4.02974e-05,-4.29163e-05,-4.55297e-05,-4.80943e-05,-5.05711e-05,-5.29265e-05,-5.51322e-05,-5.71651e-05,-5.9007e-05,-6.06439e-05,-6.20657e-05,-6.32647e-05,-6.42354e-05,-6.49734e-05,-6.54751e-05,-6.57374e-05,-6.57568e-05,-6.55302e-05,-6.50543e-05,-6.43261e-05,-6.33432e-05,-6.21043e-05,-6.06096e-05,-5.88613e-05,-5.68647e-05,-5.46281e-05,-5.21643e-05,-4.94907e-05,-4.66299e-05,-4.36105e-05,-4.04669e-05,-3.72396e-05,-3.39746e-05,-3.07227e-05,-2.75383e-05,-2.4478e-05,-2.15984e-05,-1.89544e-05,-1.65962e-05,-1.45676e-05,-1.29034e-05,-1.16274e-05,-1.07506e-05,-1.02704e-05,-1.01696e-05,-1.04164e-05,-1.09651e-05,-1.1757e-05,-1.2723e-05,-1.37854e-05,-1.48616e-05,-1.58678e-05,-1.67231e-05,-1.7354e-05,-1.76987e-05,-1.77115e-05,-1.73655e-05,-1.66556e-05,-1.5599e-05,-1.42346e-05,-1.26211e-05,-1.08326e-05,-8.95368e-06,-7.07306e-06,-5.27713e-06,-3.64346e-06,-2.2351e-06,-1.09616e-06,-2.48847e-07,3.07665e-07,5.96669e-07,6.61585e-07,5.61977e-07,3.67846e-07,1.52081e-07,1.21154e-08,0
0,9.8887e-07,1.90202e-06,2.57244e-06,2.84838e-06,2.58137e-06,1.74489e-06,3.20469e-07,-1.67281e-06,-4.18208e-06,-7.12553e-06,-1.0398e-05,-1.38776e-05,-1.74327e-05,-2.09297e-05,-2.42403e-05,-2.72487e-05,-2.9858e-05,-3.19941e-05,-3.36097e-05,-3.46853e-05,-3.52289e-05,-3.52743e-05,-3.48784e-05,-3.41167e-05,-3.30792e-05,-3.18652e-05,-3.05786e-05,-2.9323e-05,-2.8197e-05,-2.72908e-05,-2.66825e-05,-2.64354e-05,-2.65962e-05,-2.71939e-05,-2.82396e-05,-2.97264e-05,-3.16313e-05,-3.39167e-05,-3.65331e-05,-3.94217e-05,-4.25176e-05,-4.5753e-05,-4.90602e-05,-5.23743e-05,-5.56354e-05,-5.87905e-05,-6.17945e-05,-6.46111e-05,-6.72124e-05,-6.95785e-05,-7.16969e-05,-7.35607e-05,-7.51676e-05,-7.65183e-05,-7.76148e-05,-7.84597e-05,-7.90542e-05,-7.93985e-05,-7.94902e-05,-7.93248e-05,-7.88959e-05,-7.81949e-05,-7.72124e-05,-7.59388e-05,-7.43649e-05,-7.24835e-05,-7.02904e-05,-6.77854e-05,-6.49741e-05,-6.18686e-05,-5.84888e-05,-5.48634e-05,-5.10305e-05,-4.70375e-05,-4.2941e-05,-3.88058e-05,-3.47036e-05,-3.07106e-05,-2.6905e-05,-2.33642e-05,-2.01611e-05,-1.73611e-05,-1.50191e-05,-1.3176e-05,-1.18568e-05,-1.10687e-05,-1.07999e-05,-1.10192e-05,-1.16763e-05,-1.27034e-05,-1.40165e-05,-1.55192e-05,-1.71055e-05,-1.86648e-05,-2.00866e-05,-2.12666e-05,-2.21121e-05,-2.25477e-05,-2.25207e-05,-2.2005e-05,-2.10034e-05,-1.95483e-05,-1.77004e-05,-1.55447e-05,-1.31846e-05,-1.07352e-05,-8.31424e-06,-6.03402e-06,-3.99313e-06,-2.26952e-06,-9.1522e-07,4.70325e-08,6.25097e-07,8.56818e-07,8.07479e-07,5.65145e-07,2.73057e-07,6.17093e-08,0
0,1.07104e-06,2.0017e-06,2.57143e-06,2.58137e-06,1.88842e-06,4.26593e-07,-1.75008e-06,-4.58143e-06,-7.96967e-06,-1.17872e-05,-1.58848e-05,-2.00999e-05,-2.42655e-05,-2.82197e-05,-3.18141e-05,-3.49218e-05,-3.74438e-05,-3.93135e-05,-4.04989e-05,-4.10032e-05,-4.08627e-05,-4.01438e-05,-3.89376e-05,-3.73549e-05,-3.55198e-05,-3.35633e-05,-3.16171e-05,-2.98082e-05,-2.82535e-05,-2.70557e-05,-2.62995e-05,-2.60491e-05,-2.63466e-05,-2.7211e-05,-2.86388e-05,-3.06051e-05,-3.30658e-05,-3.59603e-05,-3.92152e-05,-4.27484e-05,-4.64726e-05,-5.03002e-05,-5.41467e-05,-5.79339e-05,-6.15931e-05,-6.50667e-05,-6.83095e-05,-7.1289e-05,-7.39849e-05,-7.63881e-05,-7.84989e-05,-8.03249e-05,-8.18788e-05,-8.31758e-05,-8.42314e-05,-8.50595e-05,-8.56702e-05,-8.60695e-05,-8.62573e-05,-8.62283e-05,-8.59713e-05,-8.54704e-05,-8.47057e-05,-8.36547e-05,-8.22938e-05,-8.06003e-05,-7.85538e-05,-7.6139e-05,-7.33469e-05,-7.01773e-05,-6.66405e-05,-6.27586e-05,-5.85671e-05,-5.41151e-05,-4.9465e-05,-4.46919e-05,-3.98817e-05,-3.51283e-05,-3.05307e-05,-2.61887e-05,-2.21989e-05,-1.86506e-05,-1.56215e-05,-1.31738e-05,-1.13516e-05,-1.01778e-05,-9.65275e-06,-9.75362e-06,-1.04341e-05,-1.16254e-05,-1.32381e-05,-1.51647e-05,-1.72834e-05,-1.94624e-05,-2.15654e-05,-2.34583e-05,-2.50154e-05,-2.6127e-05,-2.67063e-05,-2.66952e-05,-2.60689e-05,-2.48391e-05,-2.30534e-05,-2.07935e-05,-1.81696e-05,-1.53132e-05,-1.2368e-05,-9.47922e-06,-6.78388e-06,-4.401e-06,-2.42362e-06,-9.12571e-07,1.078e-07,6.52159e-07,7.75054e-07,6.0883e-07,3.26536e-07,9.12101e-08,0
0,1.03793e-06,1.84991e-06,2.16532e-06,1.74489e-06,4.26593e-07,-1.8217e-06,-4.89291e-06,-8.6389e-06,-1.29063e-05,-1.75172e-05,-2.22783e-05,-2.69913e-05,-3.14624e-05,-3.55127e-05,-3.89873e-05,-4.17633e-05,-4.37559e-05,-4.49213e-05,-4.5258e-05,-4.48048e-05,-4.36373e-05,-4.18622e-05,-3.96107e-05,-3.70307e-05,-3.42798e-05,-3.15171e-05,-2.88968e-05,-2.65618e-05,-2.46383e-05,-2.32316e-05,-2.24229e-05,-2.22671e-05,-2.27918e-05,-2.39972e-05,-2.58574e-05,-2.83229e-05,-3.13231e-05,-3.47711e-05,-3.85675e-05,-4.26061e-05,-4.67786e-05,-5.09797e-05,-5.51115e-05,-5.90875e-05,-6.28354e-05,-6.62994e-05,-6.94409e-05,-7.22383e-05,-7.46863e-05,-7.67937e-05,-7.85808e-05,-8.00764e-05,-8.13143e-05,-8.23301e-05,-8.31576e-05,-8.38263e-05,-8.43587e-05,-8.47685e-05,-8.50598e-05,-8.52265e-05,-8.52523e-05,-8.51121e-05,-8.47729e-05,-8.4196e-05,-8.33389e-05,-8.21581e-05,-8.06119e-05,-7.86628e-05,-7.6281e-05,-7.34471e-05,-7.01546e-05,-6.64124e-05,-6.22468e-05,-5.77021e-05,-5.28409e-05,-4.77434e-05,-4.25054e-05,-3.7235e-05,-3.2049e-05,-2.70681e-05,-2.24121e-05,-1.81943e-05,-1.45169e-05,-1.14662e-05,-9.10903e-06,-7.48931e-06,-6.62619e-06,-6.51263e-06,-7.11488e-06,-8.37294e-06,-1.02017e-05,-1.24929e-05,-1.51183e-05,-1.79336e-05,-2.07836e-05,-2.35088e-05,-2.59523e-05,-2.79684e-05,-2.94307e-05,-3.02405e-05,-3.03339e-05,-2.96868e-05,-2.83183e-05,-2.62899e-05,-2.37027e-05,-2.06909e-05,-1.74124e-05,-1.40384e-05,-1.07412e-05,-7.683e-06,-5.00463e-06,-2.81688e-06,-1.1927e-06,-1.60792e-07,3.25067e-07,3.95165e-07,2.44011e-07,6.71421e-08,0
0,8.72709e-07,1.41751e-06,1.32263e-06,3.20469e-07,-1.75008e-06,-4.89291e-06,-8.95342e-06,-1.36204e-05,-1.86827e-05,-2.39148e-05,-2.90875e-05,-3.39777e-05,-3.83786e-05,-4.21097e-05,-4.50263e-05,-4.70266e-05,-4.80563e-05,-4.81099e-05,-4.72294e-05,-4.55003e-05,-4.30452e-05,-4.00158e-05,-3.65843e-05,-3.29344e-05,-2.92523e-05,-2.57186e-05,-2.25008e-05,-1.97474e-05,-1.75829e-05,-1.6104e-05,-1.53773e-05,-1.54381e-05,-1.62901e-05,-1.79068e-05,-2.02337e-05,-2.31916e-05,-2.66809e-05,-3.05866e-05,-3.4784e-05,-3.91446e-05,-4.35419e-05,-4.78573e-05,-5.19847e-05,-5.58349e-05,-5.93387e-05,-6.24485e-05,-6.51387e-05,-6.74057e-05,-6.92652e-05,-7.07501e-05,-7.19063e-05,-7.27889e-05,-7.34576e-05,-7.39722e-05,-7.43886e-05,-7.47546e-05,-7.51074e-05,-7.54707e-05,-7.58536e-05,-7.62497e-05,-7.66379e-05,-7.6983e-05,-7.72377e-05,-7.73449e-05,-7.72406e-05,-7.68573e-05,-7.61273e-05,-7.4987e-05,-7.33804e-05,-7.12629e-05,-6.86055e-05,-6.53975e-05,-6.16494e-05,-5.73945e-05,-5.26892e-05,-4.7613e-05,-4.22659e-05,-3.67653e-05,-3.12417e-05,-2.58334e-05,-2.06807e-05,-1.59198e-05,-1.16771e-05,-8.06412e-06,-5.17273e-06,-3.07174e-06,-1.80414e-06,-1.38531e-06,-1.80199e-06,-3.01196e-06,-4.94442e-06,-7.50107e-06,-1.0558e-05,-1.39688e-05,-1.75687e-05,-2.11802e-05,-2.46204e-05,-2.77097e-05,-3.02809e-05,-3.21898e-05,-3.33243e-05,-3.3613e-05,-3.30312e-05,-3.16039e-05,-2.94058e-05,-2.65563e-05,-2.32126e-05,-1.95587e-05,-1.57932e-05,-1.21164e-05,-8.71736e-06,-5.7628e-06,-3.38688e-06,-1.68017e-06,-6.44401e-07,-1.63748e-07,-3.74758e-08,-4.30512e-08,0
0,5.66179e-07,6.92035e-07,3.90215e-08,-1.67281e-06,-4.58143e-06,-8.6389e-06,-1.36204e-05,-1.91852e-05,-2.48746e-05,-3.04764e-05,-3.57413e-05,-4.04384e-05,-4.4365e-05,-4.73569e-05,-4.92967e-05,-5.012e-05,-4.98178e-05,-4.84356e-05,-4.6069e-05,-4.2857e-05,-3.89724e-05,-3.46124e-05,-2.99874e-05,-2.5311e-05,-2.079e-05,-1.66163e-05,-1.29597e-05,-9.96273e-06,-7.73616e-06,-6.35689e-06,-5.86655e-06,-6.27162e-06,-7.54463e-06,-9.62659e-06,-1.24304e-05,-1.58452e-05,-1.97418e-05,-2.39787e-05,-2.84082e-05,-3.28835e-05,-3.72649e-05,-4.1426e-05,-4.52586e-05,-4.86772e-05,-5.16217e-05,-5.40589e-05,-5.59824e-05,-5.74112e-05,-5.83871e-05,-5.89709e-05,-5.92377e-05,-5.92717e-05,-5.91607e-05,-5.89908e-05,-5.88412e-05,-5.87797e-05,-5.88589e-05,-5.91135e-05,-5.95583e-05,-6.0188e-05,-6.09766e-05,-6.18796e-05,-6.28354e-05,-6.37684e-05,-6.45925e-05,-6.52149e-05,-6.55406e-05,-6.5477e-05,-6.49389e-05,-6.38531e-05,-6.21633e-05,-5.98343e-05,-5.68553e-05,-5.32426e-05,-4.90404e-05,-4.43212e-05,-3.91831e-05,-3.37471e-05,-2.81521e-05,-2.25493e-05,-1.70958e-05,-1.19476e-05,-7.25378e-06,-3.15025e-06,2.45242e-07,2.8371e-06,4.55509e-06,5.35658e-06,5.22813e-06,4.18658e-06,2.27957e-06,-4.14302e-07,-3.78609e-06,-7.69795e-06,-1.19859e-05,-1.64644e-05,-2.09324e-05,-2.51819e-05,-2.90078e-05,-3.22197e-05,-3.4653e-05,-3.6181e-05,-3.6724e-05,-3.6256e-05,-3.48087e-05,-3.24695e-05,-2.93769e-05,-2.57113e-05,-2.16829e-05,-1.75182e-05,-1.34467e-05,-9.68861e-06,-6.46582e-06,-3.94943e-06,-2.19731e-06,-1.13295e-06,-5.69365e-07,-2.67651e-07,0
0,1.17264e-07,-3.21832e-07,-1.6637e-06,-4.18208e-06,-7.96967e-06,-1.29063e-05,-1.86827e-05,-2.48746e-05,-3.10413e-05,-3.67017e-05,-4.17025e-05,-4.58249e-05,-4.88888e-05,-5.07629e-05,-5.13728e-05,-5.0705e-05,-4.88071e-05,-4.5784e-05,-4.17903e-05,-3.70203e-05,-3.16963e-05,-2.60566e-05,-2.0343e-05,-1.47898e-05,-9.61379e-06,-5.00665e-06,-1.12851e-06,1.89613e-06,3.981e-06,5.07896e-06,5.18168e-06,4.31803e-06,2.55144e-06,-2.37349e-08,-3.28675e-06,-7.0959e-06,-1.12946e-05,-1.57183e-05,-2.0201e-05,-2.45831e-05,-2.87175e-05,-3.24761e-05,-3.57551e-05,-3.84785e-05,-4.06011e-05,-4.21089e-05,-4.30187e-05,-4.33758e-05,-4.32505e-05,-4.27332e-05,-4.1929e-05,-4.09515e-05,-3.99165e-05,-3.89359e-05,-3.81115e-05,-3.75306e-05,-3.7261e-05,-3.73483e-05,-3.78135e-05,-3.86528e-05,-3.98369e-05,-4.13132e-05,-4.30076e-05,-4.48276e-05,-4.66665e-05,-4.84074e-05,-4.99286e-05,-5.11089e-05,-5.18329e-05,-5.19974e-05,-5.15166e-05,-5.03272e-05,-4.83931e-05,-4.57087e-05,-4.23006e-05,-3.82282e-05,-3.35819e-05,-2.84802e-05,-2.30646e-05,-1.74937e-05,-1.19366e-05,-6.5656e-06,-1.54904e-06,2.95471e-06,6.80292e-06,9.873e-06,1.2066e-05,1.33093e-05,1.35586e-05,1.28001e-05,1.10516e-05,8.3638e-06,4.82177e-06,5.44797e-07,-4.31439e-06,-9.57227e-06,-1.50194e-05,-2.04279e-05,-2.5561e-05,-3.01855e-05,-3.40852e-05,-3.70744e-05,-3.90118e-05,-3.98104e-05,-3.94452e-05,-3.79562e-05,-3.54457e-05,-3.20722e-05,-2.8039e-05,-2.3582e-05,-1.89553e-05,-1.44518e-05,-1.03702e-05,-6.96022e-06,-4.35793e-06,-2.55066e-06,-1.38759e-06,-6.28239e-07,0
0,-4.67087e-07,-1.60298e-06,-3.73982e-06,-7.12553e-06,-1.17872e-05,-1.75172e-05,-2.39148e-05,-3.04764e-05,-3.67017e-05,-4.21824e-05,-4.65563e-05,-4.97453e-05,-5.16076e-05,-5.20597e-05,-5.10815e-05,-4.87196e-05,-4.5085e-05,-4.03453e-05,-3.47146e-05,-2.844e-05,-2.17878e-05,-1.50292e-05,-8.42763e-06,-2.22673e-06,3.35846e-06,8.14865e-06,1.20049e-05,1.48311e-05,1.65745e-05,1.72252e-05,1.68135e-05,1.54072e-05,1.31072e-05,1.0043e-05,6.36724e-06,2.24928e-06,-2.13129e-06,-6.59195e-06,-1.09545e-05,-1.50524e-05,-1.87377e-05,-2.18867e-05,-2.44055e-05,-2.62329e-05,-2.73427e-05,-2.77438e-05,-2.74784e-05,-2.66197e-05,-2.52665e-05,-2.35383e-05,-2.15688e-05,-1.94991e-05,-1.74703e-05,-1.56176e-05,-1.40632e-05,-1.29113e-05,-1.22435e-05,-1.21154e-05,-1.25542e-05,-1.35581e-05,-1.50963e-05,-1.71101e-05,-1.95157e-05,-2.22071e-05,-2.506e-05,-2.7937e-05,-3.06925e-05,-3.31787e-05,-3.52523e-05,-3.67802e-05,-3.76467e-05,-3.77593e-05,-3.70539e-05,-3.54994e-05,-3.31004e-05,-2.98982e-05,-2.59698e-05,-2.14254e-05,-1.64032e-05,-1.1064e-05,-5.58369e-06,-1.45974e-07,5.06503e-06,9.87156e-06,1.41081e-05,1.76264e-05,2.0299e-05,2.20225e-05,2.27203e-05,2.23447e-05,2.08792e-05,1.83414e-05,1.47855e-05,1.0304e-05,5.0293e-06,-8.67215e-07,-7.17783e-06,-1.36645e-05,-2.00677e-05,-2.61187e-05,-3.15539e-05,-3.6131e-05,-3.96446e-05,-4.19415e-05,-4.29314e-05,-4.25944e-05,-4.09821e-05,-3.82136e-05,-3.44658e-05,-2.9964e-05,-2.49946e-05,-1.98815e-05,-1.49905e-05,-1.06573e-05,-7.11175e-06,-4.42674e-06,-2.51032e-06,-1.13815e-06,0
0,-1.17255e-06,-3.11552e-06,-6.12309e-06,-1.0398e-05,-1.58848e-05,-2.22783e-05,-2.90875e-05,-3.57413e-05,-4.17025e-05,-4.65563e-05,-5.00495e-05,-5.19871e-05,-5.23709e-05,-5.11777e-05,-4.84487e-05,-4.42951e-05,-3.88925e-05,-3.24705e-05,-2.52985e-05,-1.76697e-05,-9.88521e-06,-2.23872e-06,4.99691e-06,1.15807e-05,1.73115e-05,2.20337e-05,2.56394e-05,2.80691e-05,2.93101e-05,2.93938e-05,2.83915e-05,2.64101e-05,2.35868e-05,2.00833e-05,1.60798e-05,1.17684e-05,7.34592e-06,3.00654e-06,-1.06549e-06,-4.70316e-06,-7.76336e-06,-1.01326e-05,-1.17315e-05,-1.25177e-05,-1.24871e-05,-1.16731e-05,-1.01446e-05,-8.00155e-06,-5.37038e-06,-2.39718e-06,7.59018e-07,3.93365e-06,6.96391e-06,9.69578e-06,1.19904e-05,1.37298e-05,1.48212e-05,1.52007e-05,1.48354e-05,1.37243e-05,1.18984e-05,9.41949e-06,6.37764e-06,2.88839e-06,-9.11329e-07,-4.86791e-06,-8.81649e-06,-1.25871e-05,-1.60112e-05,-1.89288e-05,-2.11955e-05,-2.26895e-05,-2.33177e-05,-2.30216e-05,-2.178e-05,-1.96122e-05,-1.65769e-05,-1.27706e-05,-8.32304e-06,-3.39147e-06,1.8464e-06,7.20011e-06,1.24741e-05,1.74748e-05,2.20171e-05,2.59291e-05,2.90569e-05,3.12673e-05,3.24514e-05,3.25269e-05,3.14414e-05,2.91763e-05,2.57501e-05,2.12228e-05,1.56988e-05,9.32892e-06,2.30914e-06,-5.12266e-06,-1.26945e-05,-2.01115e-05,-2.70708e-05,-3.32787e-05,-3.84692e-05,-4.24217e-05,-4.49768e-05,-4.60472e-05,-4.56231e-05,-4.37699e-05,-4.06175e-05,-3.63783e-05,-3.13135e-05,-2.57729e-05,-2.01769e-05,-1.49447e-05,-1.04083e-05,-6.74308e-06,-3.93721e-06,-1.80171e-06,0
0,-1.97851e-06,-4.81125e-06,-8.73106e-06,-1.38776e-05,-2.00999e-05,-2.69913e-05,-3.39777e-05,-4.04384e-05,-4.58249e-05,-4.97453e-05,-5.19871e-05,-5.24426e-05,-5.11045e-05,-4.80957e-05,-4.35146e-05,-3.75358e-05,-3.03974e-05,-2.23858e-05,-1.38178e-05,-5.0231e-06,3.67399e-06,1.19698e-05,1.95946e-05,2.63224e-05,3.19774e-05,3.64371e-05,3.96327e-05,4.15469e-05,4.22105e-05,4.16974e-05,4.01192e-05,3.76196e-05,3.4368e-05,3.05535e-05,2.63782e-05,2.20504e-05,1.77777e-05,1.37595e-05,1.01797e-05,7.1999e-06,4.95275e-06,3.53696e-06,3.01327e-06,3.40232e-06,4.6842e-06,6.79999e-06,9.65487e-06,1.31229e-05,1.70531e-05,2.12761e-05,2.56116e-05,2.98762e-05,3.38905e-05,3.74862e-05,4.05124e-05,4.28412e-05,4.43717e-05,4.50335e-05,4.47888e-05,4.36335e-05,4.15971e-05,3.87417e-05,3.51598e-05,3.0972e-05,2.63228e-05,2.13764e-05,1.63118e-05,1.13161e-05,6.57857e-06,2.28277e-06,-1.40073e-06,-4.32205e-06,-6.35922e-06,-7.4244e-06,-7.46884e-06,-6.48584e-06,-4.51176e-06,-1.62455e-06,2.05975e-06,6.39249e-06,1.11993e-05,1.62877e-05,2.14552e-05,2.64964e-05,3.121e-05,3.54041e-05,3.89008e-05,4.15395e-05,4.31807e-05,4.37086e-05,4.30352e-05,4.11045e-05,3.78974e-05,3.34374e-05,2.77953e-05,2.10939e-05,1.35087e-05,5.26722e-06,-3.35677e-06,-1.20533e-05,-2.04904e-05,-2.83316e-05,-3.52565e-05,-4.09811e-05,-4.52769e-05,-4.79867e-05,-4.90341e-05,-4.84246e-05,-4.62238e-05,-4.25385e-05,-3.76446e-05,-3.1896e-05,-2.57478e-05,-1.96925e-05,-1.41652e-05,-9.45553e-06,-5.64986e-06,-2.61412e-06,0
0,-2.85944e-06,-6.63273e-06,-1.14701e-05,-1.74327e-05,-2.42655e-05,-3.14624e-05,-3.83786e-05,-4.4365e-05,-4.88888e-05,-5.16076e-05,-5.23709e-05,-5.11045e-05,-4.78995e-05,-4.29905e-05,-3.65394e-05,-2.87833e-05,-2.00181e-05,-1.05792e-05,-8.21212e-07,8.90173e-06,1.82547e-05,2.69372e-05,3.46954e-05,4.13301e-05,4.67005e-05,5.07253e-05,5.33802e-05,5.46934e-05,5.474e-05,5.36353e-05,5.15283e-05,4.8595e-05,4.50316e-05,4.10484e-05,3.68628e-05,3.26931e-05,2.8751e-05,2.52349e-05,2.23226e-05,2.01651e-05,1.88799e-05,1.85474e-05,1.92065e-05,2.08542e-05,2.34456e-05,2.68965e-05,3.10872e-05,3.58684e-05,4.10674e-05,4.64959e-05,5.19573e-05,5.72542e-05,6.2196e-05,6.66054e-05,7.03243e-05,7.32188e-05,7.51832e-05,7.61427e-05,7.6056e-05,7.49154e-05,7.27474e-05,6.96119e-05,6.56001e-05,6.08329e-05,5.54573e-05,4.96425e-05,4.35756e-05,3.74557e-05,3.14874e-05,2.58736e-05,2.08077e-05,1.64657e-05,1.29975e-05,1.05205e-05,9.11301e-06,8.81001e-06,9.60128e-06,1.14315e-05,1.42031e-05,1.77806e-05,2.19978e-05,2.66649e-05,3.15766e-05,3.65198e-05,4.12806e-05,4.56506e-05,4.94309e-05,5.24367e-05,5.45004e-05,5.54751e-05,5.52385e-05,5.36979e-05,5.07959e-05,4.65173e-05,4.08956e-05,3.40193e-05,2.60359e-05,1.7153e-05,7.63526e-06,-2.20361e-06,-1.20138e-05,-2.14267e-05,-3.00762e-05,-3.76208e-05,-4.37667e-05,-4.82876e-05,-5.10407e-05,-5.198e-05,-5.10013e-05,-4.81578e-05,-4.37148e-05,-3.80065e-05,-3.14999e-05,-2.47447e-05,-1.82741e-05,-1.24972e-05,-7.6134e-06,-3.56201e-06,0
0,-3.78657e-06,-8.51687e-06,-1.42413e-05,-2.09297e-05,-2.82197e-05,-3.55127e-05,-4.21097e-05,-4.73569e-05,-5.07629e-05,-5.20597e-05,-5.11777e-05,-4.80957e-05,-4.29905e-05,-3.6209e-05,-2.79792e-05,-1.85987e-05,-8.41482e-06,2.19725e-06,1.28566e-05,2.31977e-05,3.28883e-05,4.16445e-05,4.92404e-05,5.55136e-05,6.03671e-05,6.37663e-05,6.57347e-05,6.63467e-05,6.57203e-05,6.40091e-05,6.13947e-05,5.80796e-05,5.42808e-05,5.0223e-05,4.61327e-05,4.22316e-05,3.87298e-05,3.58192e-05,3.36668e-05,3.24086e-05,3.21439e-05,3.29313e-05,3.47865e-05,3.76819e-05,4.15474e-05,4.62746e-05,5.17211e-05,5.77172e-05,6.40729e-05,7.05855e-05,7.7047e-05,8.32523e-05,8.9005e-05,9.41243e-05,9.84499e-05,0.000101846,0.000104207,0.000105455,0.000105546,0.00010447,0.000102248,9.89364e-05,9.46213e-05,8.94193e-05,8.34746e-05,7.69556e-05,7.00516e-05,6.29671e-05,5.59167e-05,4.91176e-05,4.27817e-05,3.71076e-05,3.22717e-05,2.842e-05,2.56608e-05,2.40596e-05,2.36347e-05,2.43571e-05,2.61515e-05,2.89002e-05,3.24493e-05,3.66158e-05,4.11957e-05,4.59721e-05,5.07221e-05,5.52238e-05,5.9261e-05,6.26276e-05,6.5131e-05,6.65961e-05,6.68687e-05,6.58211e-05,6.33583e-05,5.94255e-05,5.40163e-05,4.71804e-05,3.90305e-05,2.97456e-05,1.95708e-05,8.81178e-06,-2.17581e-06,-1.30029e-05,-2.32678e-05,-3.25799e-05,-4.05847e-05,-4.69876e-05,-5.15744e-05,-5.42269e-05,-5.47038e-05,-5.2973e-05,-4.92621e-05,-4.38598e-05,-3.72197e-05,-2.99289e-05,-2.2607e-05,-1.5783e-05,-9.77888e-06,-4.62439e-06,0
0,-4.72962e-06,-1.03987e-05,-1.69455e-05,-2.42403e-05,-3.18141e-05,-3.89873e-05,-4.50263e-05,-4.92967e-05,-5.13728e-05,-5.10815e-05,-4.84487e-05,-4.35146e-05,-3.65394e-05,-2.79792e-05,-1.81263e-05,-7.33298e-06,4.01078e-06,1.55013e-05,2.67446e-05,3.73772e-05,4.70837e-05,5.5609e-05,6.2766e-05,6.84382e-05,7.25777e-05,7.52003e-05,7.63776e-05,7.62287e-05,7.49108e-05,7.26104e-05,6.95357e-05,6.59094e-05,6.19622e-05,5.79271e-05,5.40332e-05,5.05e-05,4.7531e-05,4.53074e-05,4.39813e-05,4.36704e-05,4.44529e-05,4.63642e-05,4.93953e-05,5.34934e-05,5.85644e-05,6.44768e-05,7.10683e-05,7.81523e-05,8.55253e-05,9.29753e-05,0.000100289,0.000107258,0.000113686,0.000119394,0.000124226,0.000128047,0.000130754,0.00013227,0.000132551,0.000131582,0.00012938,0.000125994,0.000121503,0.000116015,0.000109667,0.00010262,9.50591e-05,8.71893e-05,7.92284e-05,7.14023e-05,6.39369e-05,5.70494e-05,5.09398e-05,4.57813e-05,4.17125e-05,3.88298e-05,3.71828e-05,3.67715e-05,3.75467e-05,3.94125e-05,4.22314e-05,4.58317e-05,5.00144e-05,5.45623e-05,5.92475e-05,6.38379e-05,6.81032e-05,7.18194e-05,7.47728e-05,7.67629e-05,7.76072e-05,7.71457e-05,7.52475e-05,7.18191e-05,6.68129e-05,6.02368e-05,5.21631e-05,4.27344e-05,3.21662e-05,2.07449e-05,8.81912e-06,-3.21428e-06,-1.493e-05,-2.58982e-05,-3.57111e-05,-4.40093e-05,-5.05057e-05,-5.50049e-05,-5.71337e-05,-5.67593e-05,-5.40496e-05,-4.92234e-05,-4.2695e-05,-3.5065e-05,-2.70238e-05,-1.92143e-05,-1.20864e-05,-5.77406e-06,0
0,-5.65859e-06,-1.22151e-05,-1.94901e-05,-2.72487e-05,-3.49218e-05,-4.17633e-05,-4.70266e-05,-5.012e-05,-5.0705e-05,-4.87196e-05,-4.42951e-05,-3.75358e-05,-2.87833e-05,-1.85987e-05,-7.33298e-06,4.61522e-06,1.68243e-05,2.88751e-05,4.03743e-05,5.09746e-05,6.03902e-05,6.84061e-05,7.4883e-05,7.97561e-05,8.303e-05,8.47711e-05,8.50972e-05,8.41677e-05,8.21733e-05,7.93271e-05,7.5857e-05,7.19987e-05,6.79904e-05,6.40672e-05,6.0456e-05,5.73697e-05,5.50013e-05,5.35177e-05,5.30536e-05,5.37063e-05,5.55313e-05,5.85394e-05,6.26966e-05,6.79253e-05,7.41078e-05,8.10922e-05,8.86985e-05,9.67266e-05,0.000104964,0.000113194,0.000121203,0.000128784,0.000135747,0.00014192,0.000147152,0.000151316,0.000154315,0.000156073,0.000156547,0.00015572,0.000153604,0.000150239,0.000145692,0.000140062,0.000133471,0.000126071,0.000118036,0.000109566,0.000100876,9.21948e-05,8.37568e-05,7.5794e-05,6.85264e-05,6.21526e-05,5.68402e-05,5.27172e-05,4.98658e-05,4.83176e-05,4.80527e-05,4.90006e-05,5.10444e-05,5.40269e-05,5.77585e-05,6.20253e-05,6.65972e-05,7.12356e-05,7.56993e-05,7.97498e-05,8.31555e-05,8.56949e-05,8.71605e-05,8.73639e-05,8.61415e-05,8.33627e-05,7.89392e-05,7.28359e-05,6.50805e-05,5.5773e-05,4.50904e-05,3.32887e-05,2.06971e-05,7.70692e-06,-5.24595e-06,-1.77043e-05,-2.92164e-05,-3.93642e-05,-4.77906e-05,-5.42222e-05,-5.81532e-05,-5.93411e-05,-5.78774e-05,-5.38892e-05,-4.77254e-05,-3.99753e-05,-3.138e-05,-2.26849e-05,-1.44685e-05,-6.97923e-06,0
0,-6.54539e-06,-1.39085e-05,-2.17927e-05,-2.9858e-05,-3.74438e-05,-4.37559e-05,-4.80563e-05,-4.98178e-05,-4.88071e-05,-4.5085e-05,-3.88925e-05,-3.03974e-05,-2.00181e-05,-8.41482e-06,4.01078e-06,1.68243e-05,2.95852e-05,4.18725e-05,5.33076e-05,6.35725e-05,7.24222e-05,7.96911e-05,8.52937e-05,8.922e-05,9.15272e-05,9.23297e-05,9.17868e-05,9.0092e-05,8.74624e-05,8.41303e-05,8.03359e-05,7.63219e-05,7.23283e-05,6.85878e-05,6.53211e-05,6.27318e-05,6.09998e-05,6.02764e-05,6.06774e-05,6.22784e-05,6.51114e-05,6.91626e-05,7.43727e-05,8.06401e-05,8.78253e-05,9.57574e-05,0.000104242,0.000113068,0.000122018,0.000130875,0.000139428,0.000147478,0.000154845,0.000161365,0.000166899,0.000171331,0.000174569,0.000176543,0.000177211,0.000176555,0.00017458,0.000171316,0.000166821,0.000161176,0.00015449,0.000146898,0.000138563,0.00012967,0.000120428,0.000111063,0.000101813,9.29207e-05,8.46222e-05,7.71387e-05,7.06653e-05,6.53614e-05,6.13424e-05,5.86736e-05,5.73667e-05,5.73798e-05,5.862e-05,6.09484e-05,6.41879e-05,6.8131e-05,7.25487e-05,7.71985e-05,8.18314e-05,8.61977e-05,9.00513e-05,9.31531e-05,9.52754e-05,9.62051e-05,9.57501e-05,9.3746e-05,9.0066e-05,8.46319e-05,7.7425e-05,6.84979e-05,5.79821e-05,4.60931e-05,3.31289e-05,1.94622e-05,5.52573e-06,-8.20873e-06,-2.12569e-05,-3.31509e-05,-4.34689e-05,-5.1862e-05,-5.76916e-05,-6.06005e-05,-6.05919e-05,-5.76826e-05,-5.21323e-05,-4.44931e-05,-3.55336e-05,-2.60867e-05,-1.68541e-05,-8.2053e-06,0
0,-7.36526e-06,-1.54296e-05,-2.37866e-05,-3.19941e-05,-3.93135e-05,-4.49213e-05,-4.81099e-05,-4.84356e-05,-4.5784e-05,-4.03453e-05,-3.24705e-05,-2.23858e-05,-1.05792e-05,2.19725e-06,1.55013e-05,2.88751e-05,4.18725e-05,5.40845e-05,6.51604e-05,7.4823e-05,8.28772e-05,8.9213e-05,9.38015e-05,9.66872e-05,9.79773e-05,9.78285e-05,9.64347e-05,9.40158e-05,9.08074e-05,8.70535e-05,8.30003e-05,7.88919e-05,7.4966e-05,7.14501e-05,6.85571e-05,6.64797e-05,6.53846e-05,6.54068e-05,6.66431e-05,6.91477e-05,7.29289e-05,7.79484e-05,8.41228e-05,9.1327e-05,9.94012e-05,0.000108157,0.000117389,0.000126878,0.000136404,0.000145753,0.000154722,0.000163121,0.000170781,0.000177554,0.000183312,0.00018795,0.000191384,0.000193554,0.000194417,0.000193954,0.000192164,0.000189068,0.000184711,0.000179158,0.000172501,0.000164857,0.000156369,0.00014721,0.000137576,0.000127686,0.000117777,0.000108096,9.88946e-05,9.04115e-05,8.2868e-05,7.64539e-05,7.13179e-05,6.75598e-05,6.52252e-05,6.43031e-05,6.47273e-05,6.63804e-05,6.91004e-05,7.26891e-05,7.69211e-05,8.15524e-05,8.63285e-05,9.0991e-05,9.52823e-05,9.895e-05,0.000101749,0.000103448,0.000103829,0.0001027,9.98982e-05,9.53044e-05,8.88536e-05,8.05485e-05,7.04696e-05,5.8784e-05,4.5748e-05,3.1703e-05,1.70655e-05,2.30792e-06,-1.20655e-05,-2.55479e-05,-3.76607e-05,-4.79841e-05,-5.57491e-05,-6.04824e-05,-6.20922e-05,-6.04707e-05,-5.57668e-05,-4.84704e-05,-3.93527e-05,-2.93147e-05,-1.91717e-05,-9.41671e-06,0
0,-8.09797e-06,-1.67397e-05,-2.5423e-05,-3.36097e-05,-4.04989e-05,-4.5258e-05,-4.72294e-05,-4.6069e-05,-4.17903e-05,-3.47146e-05,-2.52985e-05,-1.38178e-05,-8.21212e-07,1.28566e-05,2.67446e-05,4.03743e-05,5.33076e-05,6.51604e-05,7.56214e-05,8.44631e-05,9.15466e-05,9.68201e-05,0.000100311,0.000102115,0.000102383,0.000101307,9.91058e-05,9.60182e-05,9.22899e-05,8.81699e-05,8.39052e-05,7.97376e-05,7.59004e-05,7.26152e-05,7.00868e-05,6.84982e-05,6.80038e-05,6.87233e-05,7.07355e-05,7.40739e-05,7.87241e-05,8.46241e-05,9.16667e-05,9.97052e-05,0.00010856,0.000118029,0.000127895,0.000137934,0.000147928,0.000157667,0.000166955,0.000175617,0.000183496,0.000190457,0.000196388,0.000201196,0.000204805,0.000207161,0.000208224,0.000207973,0.000206403,0.000203524,0.000199369,0.000193986,0.00018745,0.000179859,0.000171336,0.000162036,0.000152141,0.000141858,0.000131421,0.000121079,0.000111091,0.000101714,9.31909e-05,8.57413e-05,7.95466e-05,7.47414e-05,7.14062e-05,6.95629e-05,6.91739e-05,7.01456e-05,7.23335e-05,7.55506e-05,7.95769e-05,8.41687e-05,8.90677e-05,9.40088e-05,9.87254e-05,0.000102954,0.000106438,0.00010893,0.000110193,0.00011001,0.00010819,0.000104575,9.90567e-05,9.15864e-05,8.21913e-05,7.09842e-05,5.81709e-05,4.40508e-05,2.9011e-05,1.3511e-05,-1.93822e-06,-1.6803e-05,-3.05585e-05,-4.27209e-05,-5.23957e-05,-5.89966e-05,-6.23348e-05,-6.21678e-05,-5.85166e-05,-5.1785e-05,-4.27214e-05,-3.22726e-05,-2.13535e-05,-1.05787e-05,0
0,-8.72854e-06,-1.78128e-05,-2.6673e-05,-3.46853e-05,-4.10032e-05,-4.48048e-05,-4.55003e-05,-4.2857e-05,-3.70203e-05,-2.844e-05,-1.76697e-05,-5.0231e-06,8.90173e-06,2.31977e-05,3.73772e-05,5.09746e-05,6.35725e-05,7.4823e-05,8.44631e-05,9.23211e-05,9.83173e-05,0.000102457,0.000104821,0.000105548,0.000104826,0.000102871,9.99201e-05,9.62203e-05,9.20209e-05,8.75703e-05,8.3113e-05,7.8887e-05,7.51214e-05,7.20329e-05,6.98207e-05,6.86603e-05,6.86962e-05,7.0035e-05,7.27394e-05,7.68236e-05,8.22518e-05,8.89391e-05,9.6756e-05,0.000105535,0.000115078,0.00012517,0.000135584,0.000146095,0.000156485,0.00016655,0.000176105,0.000184987,0.000193052,0.00020018,0.000206271,0.000211242,0.000215028,0.000217577,0.000218854,0.000218834,0.000217508,0.000214878,0.000210962,0.000205798,0.000199439,0.000191966,0.000183484,0.000174127,0.000164062,0.000153484,0.000142619,0.000131716,0.000121038,0.000110857,0.000101437,9.30242e-05,8.58311e-05,8.00273e-05,7.57283e-05,7.29897e-05,7.18043e-05,7.21034e-05,7.37617e-05,7.66049e-05,8.04192e-05,8.49624e-05,8.99733e-05,9.51808e-05,0.000100311,0.000105093,0.000109258,0.00011255,0.000114717,0.000115525,0.000114757,0.000112223,0.000107774,0.000101314,9.28158e-05,8.23344e-05,7.0019e-05,5.61178e-05,4.09771e-05,2.50309e-05,8.78308e-06,-7.2191e-06,-2.24159e-05,-3.62696e-05,-4.77671e-05,-5.62161e-05,-6.1334e-05,-6.2739e-05,-6.03106e-05,-5.43457e-05,-4.55449e-05,-3.48768e-05,-2.33383e-05,-1.1659e-05,0
0,-9.2478e-06,-1.86356e-05,-2.75284e-05,-3.52289e-05,-4.08627e-05,-4.36373e-05,-4.30452e-05,-3.89724e-05,-3.16963e-05,-2.17878e-05,-9.88521e-06,3.67399e-06,1.82547e-05,3.28883e-05,4.70837e-05,6.03902e-05,7.24222e-05,8.28772e-05,9.15466e-05,9.83173e-05,0.000103168,0.000106156,0.000107409,0.000107102,0.000105446,0.000102674,9.9031e-05,9.47643e-05,9.01212e-05,8.53464e-05,8.06802e-05,7.63579e-05,7.26066e-05,6.96417e-05,6.76603e-05,6.68342e-05,6.73017e-05,6.91593e-05,7.24557e-05,7.71878e-05,8.32994e-05,9.06842e-05,9.91909e-05,0.000108632,0.000118794,0.000129448,0.00014036,0.000151303,0.00016206,0.000172435,0.000182253,0.00019136,0.000199626,0.000206944,0.000213221,0.000218385,0.000222376,0.000225147,0.000226661,0.000226894,0.000225828,0.000223461,0.000219799,0.000214865,0.0002087,0.000201367,0.000192953,0.000183576,0.000173386,0.000162566,0.000151333,0.000139933,0.000128634,0.000117718,0.000107468,9.8154e-05,9.00196e-05,8.32673e-05,7.80475e-05,7.44495e-05,7.24969e-05,7.21469e-05,7.32938e-05,7.57765e-05,7.93884e-05,8.38882e-05,8.90119e-05,9.44829e-05,0.000100021,0.000105346,0.000110185,0.000114271,0.000117346,0.000119161,0.000119481,0.000118091,0.000114807,0.00010949,0.000102059,9.25127e-05,8.0939e-05,6.75287e-05,5.25781e-05,3.64838e-05,1.97298e-05,2.86345e-06,-1.35336e-05,-2.88805e-05,-4.20561e-05,-5.22723e-05,-5.91606e-05,-6.22005e-05,-6.11215e-05,-5.60964e-05,-4.77544e-05,-3.70609e-05,-2.50744e-05,-1.26295e-05,0
0,-9.65238e-06,-1.92082e-05,-2.8001e-05,-3.52743e-05,-4.01438e-05,-4.18622e-05,-4.00158e-05,-3.46124e-05,-2.60566e-05,-1.50292e-05,-2.23872e-06,1.19698e-05,2.69372e-05,4.16445e-05,5.5609e-05,6.84061e-05,7.96911e-05,8.9213e-05,9.68201e-05,0.000102457,0.000106156,0.000108022,0.000108217,0.000106942,0.000104422,0.000100896,9.66065e-05,9.17972e-05,8.6709e-05,8.15816e-05,7.66528e-05,7.21578e-05,6.83263e-05,6.53773e-05,6.3511e-05,6.29004e-05,6.36813e-05,6.59436e-05,6.97247e-05,7.50055e-05,8.17112e-05,8.97147e-05,9.88441e-05,0.000108893,0.000119632,0.00013082,0.000142217,0.000153593,0.000164735,0.000175452,0.000185576,0.000194964,0.000203495,0.000211069,0.000217602,0.000223025,0.00022728,0.000230321,0.00023211,0.000232618,0.000231823,0.000229715,0.000226293,0.00022157,0.000215574,0.000208355,0.000199987,0.000190574,0.000180251,0.000169191,0.000157604,0.00014573,0.000133843,0.000122232,0.000111197,0.00010103,9.20031e-05,8.43504e-05,7.8256e-05,7.38421e-05,7.11626e-05,7.02004e-05,7.08697e-05,7.30223e-05,7.64578e-05,8.09357e-05,8.61882e-05,9.19322e-05,9.78796e-05,0.000103744,0.000109246,0.000114114,0.000118084,0.000120899,0.000122314,0.000122094,0.000120028,0.000115939,0.000109699,0.000101251,9.06218e-05,7.79411e-05,6.34481e-05,4.74927e-05,3.05268e-05,1.30852e-05,-4.24198e-06,-2.08438e-05,-3.55022e-05,-4.73474e-05,-5.59373e-05,-6.06183e-05,-6.09666e-05,-5.70179e-05,-4.93093e-05,-3.87779e-05,-2.6522e-05,-1.3467e-05,0
0,-9.9446e-06,-1.95426e-05,-2.81209e-05,-3.48784e-05,-3.89376e-05,-3.96107e-05,-3.65843e-05,-2.99874e-05,-2.0343e-05,-8.42763e-06,4.99691e-06,1.95946e-05,3.46954e-05,4.92404e-05,6.2766e-05,7.4883e-05,8.52937e-05,9.38015e-05,0.000100311,0.000104821,0.000107409,0.000108217,0.000107432,0.000105268,0.000101954,9.77254e-05,9.28165e-05,8.74615e-05,8.18945e-05,7.63515e-05,7.1071e-05,6.62937e-05,6.22576e-05,5.91914e-05,5.73045e-05,5.67761e-05,5.77439e-05,6.02941e-05,6.44551e-05,7.01937e-05,7.74173e-05,8.59789e-05,9.56864e-05,0.000106315,0.00011762,0.000129349,0.000141257,0.00015311,0.000164697,0.000175832,0.000186353,0.000196124,0.000205027,0.000212968,0.000219863,0.000225643,0.000230249,0.000233629,0.000235741,0.000236551,0.000236031,0.000234164,0.000230943,0.000226376,0.000220483,0.000213305,0.00020491,0.000195389,0.000184872,0.000173522,0.000161543,0.000149174,0.00013669,0.000124391,0.000112589,0.000101598,9.17157e-05,8.32055e-05,7.6283e-05,7.1102e-05,6.77454e-05,6.62209e-05,6.64611e-05,6.83301e-05,7.16326e-05,7.61274e-05,8.15411e-05,8.75825e-05,9.39543e-05,0.000100363,0.000106521,0.000112154,0.000116996,0.000120788,0.000123277,0.000124218,0.000123381,0.000120559,0.000115584,0.000108347,9.88175e-05,8.70625e-05,7.32604e-05,5.77071e-05,4.08127e-05,2.30871e-05,5.11579e-06,-1.24732e-05,-2.83785e-05,-4.16646e-05,-5.18319e-05,-5.81041e-05,-5.99062e-05,-5.71288e-05,-5.0199e-05,-4.00027e-05,-2.76547e-05,-1.41552e-05,0
0,-1.0132e-05,-1.96621e-05,-2.79338e-05,-3.41167e-05,-3.73549e-05,-3.70307e-05,-3.29344e-05,-2.5311e-05,-1.47898e-05,-2.22673e-06,1.15807e-05,2.63224e-05,4.13301e-05,5.55136e-05,6.84382e-05,7.97561e-05,8.922e-05,9.66872e-05,0.000102115,0.000105548,0.000107102,0.000106942,0.000105268,0.000102297,9.82507e-05,9.33533e-05,8.78267e-05,8.18943e-05,7.57841e-05,6.9732e-05,6.39832e-05,5.879e-05,5.4406e-05,5.10763e-05,4.90255e-05,4.84441e-05,4.94755e-05,5.22051e-05,5.6654e-05,6.27763e-05,7.04618e-05,7.95442e-05,8.98118e-05,0.000101021,0.000112913,0.000125225,0.000137704,0.000150114,0.000162246,0.000173915,0.000184963,0.000195254,0.000204676,0.000213128,0.000220525,0.00022679,0.000231855,0.00023566,0.000238154,0.000239293,0.000239044,0.000237384,0.000234302,0.000229804,0.000223908,0.000216654,0.000208106,0.000198356,0.000187527,0.000175782,0.000163322,0.000150388,0.000137258,0.000124241,0.000111662,9.98549e-05,8.91392e-05,7.98062e-05,7.21004e-05,6.62045e-05,6.22283e-05,6.0202e-05,6.00754e-05,6.17228e-05,6.49521e-05,6.95193e-05,7.51432e-05,8.15219e-05,8.83468e-05,9.53135e-05,0.000102129,0.000108513,0.0001142,0.000118931,0.000122453,0.000124519,0.000124885,0.000123325,0.000119639,0.000113674,0.000105346,9.46641e-05,8.1743e-05,6.68207e-05,5.02576e-05,3.25285e-05,1.4202e-05,-4.09041e-06,-2.09774e-05,-3.5476e-05,-4.70479e-05,-5.48091e-05,-5.80402e-05,-5.64835e-05,-5.0443e-05,-4.07328e-05,-2.8461e-05,-1.46842e-05,0
0,-1.02265e-05,-1.95994e-05,-2.74986e-05,-3.30792e-05,-3.55198e-05,-3.42798e-05,-2.92523e-05,-2.079e-05,-9.61379e-06,3.35846e-06,1.73115e-05,3.19774e-05,4.67005e-05,6.03671e-05,7.25777e-05,8.303e-05,9.15272e-05,9.79773e-05,0.000102383,0.000104826,0.000105446,0.000104422,0.000101954,9.82507e-05,9.35194e-05,8.79667e-05,8.18e-05,7.52327e-05,6.84904e-05,6.18146e-05,5.5464e-05,4.97102e-05,4.48297e-05,4.1091e-05,3.87393e-05,3.79808e-05,3.89679e-05,4.17874e-05,4.64541e-05,5.29098e-05,6.10275e-05,7.06211e-05,8.14592e-05,9.32806e-05,0.000105811,0.000118776,0.000131917,0.000144995,0.0001578,0.000170148,0.000181881,0.000192862,0.000202974,0.000212109,0.00022017,0.000227067,0.000232718,0.000237046,0.000239985,0.000241481,0.000241491,0.000239988,0.000236961,0.000232414,0.000226373,0.000218882,0.000210011,0.000199857,0.000188549,0.000176253,0.000163175,0.000149559,0.000135693,0.000121891,0.000108496,9.58562e-05,8.43133e-05,7.41824e-05,6.5734e-05,5.91764e-05,5.46434e-05,5.21848e-05,5.1765e-05,5.32657e-05,5.64959e-05,6.1206e-05,6.71042e-05,7.38749e-05,8.11949e-05,8.87468e-05,9.6228e-05,0.000103354,0.000109857,0.000115483,0.000119984,0.000123113,0.000124625,0.000124283,0.000121863,0.000117181,0.000110105,0.00010059,8.86903e-05,7.45847e-05,5.85788e-05,4.11039e-05,2.27005e-05,3.99147e-06,-1.35961e-05,-2.90501e-05,-4.18147e-05,-5.09162e-05,-5.55025e-05,-5.51695e-05,-5.00898e-05,-4.0988e-05,-2.89441e-05,-1.5052e-05,0
0,-1.0244e-05,-1.93942e-05,-2.68832e-05,-3.18652e-05,-3.35633e-05,-3.15171e-05,-2.57186e-05,-1.66163e-05,-5.00665e-06,8.14865e-06,2.20337e-05,3.64371e-05,5.07253e-05,6.37663e-05,7.52003e-05,8.47711e-05,9.23297e-05,9.78285e-05,0.000101307,0.000102871,0.000102674,0.000100896,9.77254e-05,9.33533e-05,8.79667e-05,8.17524e-05,7.49029e-05,6.76252e-05,6.01476e-05,5.27246e-05,4.56358e-05,3.91802e-05,3.36643e-05,2.93858e-05,2.66159e-05,2.55798e-05,2.64409e-05,2.9289e-05,3.41331e-05,4.09025e-05,4.94528e-05,5.95781e-05,7.10266e-05,8.35187e-05,9.67645e-05,0.000110479,0.000124397,0.000138275,0.000151901,0.000165091,0.000177684,0.00018954,0.000200529,0.000210532,0.000219433,0.000227122,0.000233492,0.000238446,0.000241896,0.000243772,0.000244021,0.000242611,0.00023953,0.000234792,0.000228431,0.000220505,0.0002111,0.000200325,0.000188325,0.000175277,0.000161397,0.000146943,0.000132209,0.000117525,0.000103244,8.97328e-05,7.73514e-05,6.64363e-05,5.72799e-05,5.01127e-05,4.50881e-05,4.22724e-05,4.16406e-05,4.30791e-05,4.63949e-05,5.13296e-05,5.75777e-05,6.48065e-05,7.26748e-05,8.0849e-05,8.90136e-05,9.68772e-05,0.000104171,0.000110645,0.000116058,0.000120173,0.000122749,0.000123546,0.000122331,0.000118894,0.000113068,0.00010476,9.39701e-05,8.08181e-05,6.55527e-05,4.8556e-05,3.03316e-05,1.14822e-05,-6.52221e-06,-2.26585e-05,-3.63758e-05,-4.66307e-05,-5.24542e-05,-5.33028e-05,-4.92139e-05,-4.08094e-05,-2.91222e-05,-1.52636e-05,0
0,-1.0203e-05,-1.90913e-05,-2.61616e-05,-3.05786e-05,-3.16171e-05,-2.88968e-05,-2.25008e-05,-1.29597e-05,-1.12851e-06,1.20049e-05,2.56394e-05,3.96327e-05,5.33802e-05,6.57347e-05,7.63776e-05,8.50972e-05,9.17868e-05,9.64347e-05,9.91058e-05,9.99201e-05,9.9031e-05,9.66065e-05,9.28165e-05,8.78267e-05,8.18e-05,7.49029e-05,6.73161e-05,5.92448e-05,5.09273e-05,4.26384e-05,3.4687e-05,2.74066e-05,2.11401e-05,1.62198e-05,1.29461e-05,1.15659e-05,1.22554e-05,1.51069e-05,2.01239e-05,2.72224e-05,3.62398e-05,4.69491e-05,5.9077e-05,7.23246e-05,8.63859e-05,0.000100965,0.000115787,0.000130606,0.00014521,0.00015941,0.000173043,0.000185959,0.000198015,0.000209074,0.000218993,0.000227634,0.000234859,0.00024054,0.000244564,0.000246837,0.000247294,0.000245897,0.000242638,0.000237541,0.000230658,0.00022207,0.000211885,0.000200238,0.000187297,0.000173259,0.000158361,0.000142875,0.000127111,0.000111415,9.61539e-05,8.17105e-05,6.84623e-05,5.67636e-05,4.69254e-05,3.91959e-05,3.37439e-05,3.06474e-05,2.98883e-05,3.13537e-05,3.48449e-05,4.00916e-05,4.67713e-05,5.45307e-05,6.30072e-05,7.18468e-05,8.07184e-05,8.93202e-05,9.7381e-05,0.000104654,0.000110909,0.000115919,0.000119457,0.00012129,0.000121181,0.00011891,0.000114284,0.000107172,9.75266e-05,8.54125e-05,7.10226e-05,5.46861e-05,3.68634e-05,1.81271e-05,-2.07771e-08,-1.65636e-05,-3.09771e-05,-4.21705e-05,-4.90759e-05,-5.10217e-05,-4.79119e-05,-4.02571e-05,-2.90267e-05,-1.53312e-05,0
0,-1.01241e-05,-1.87384e-05,-2.54096e-05,-2.9323e-05,-2.98082e-05,-2.65618e-05,-1.97474e-05,-9.96273e-06,1.89613e-06,1.48311e-05,2.80691e-05,4.15469e-05,5.46934e-05,6.63467e-05,7.62287e-05,8.41677e-05,9.0092e-05,9.40158e-05,9.60182e-05,9.62203e-05,9.47643e-05,9.17972e-05,8.74615e-05,8.18943e-05,7.52327e-05,6.76252e-05,5.92448e-05,5.03017e-05,4.10516e-05,3.17975e-05,2.2885e-05,1.46886e-05,7.59274e-06,1.96818e-06,-1.85298e-06,-3.60066e-06,-3.08593e-06,-2.13564e-07,5.0131e-06,1.24956e-05,2.20511e-05,3.34297e-05,4.63349e-05,6.04463e-05,7.54405e-05,9.10087e-05,0.000106869,0.000122772,0.000138503,0.000153872,0.000168712,0.000182863,0.000196166,0.000208457,0.000219564,0.00022931,0.000237518,0.000244022,0.000248673,0.000251352,0.000251975,0.000250498,0.000246919,0.000241279,0.000233653,0.000224153,0.000212921,0.000200128,0.000185972,0.000170683,0.000154523,0.000137788,0.000120809,0.000103948,8.75904e-05,7.21343e-05,5.79731e-05,4.5477e-05,3.49716e-05,2.67184e-05,2.08967e-05,1.75915e-05,1.67866e-05,1.83658e-05,2.21206e-05,2.77655e-05,3.49574e-05,4.33193e-05,5.24635e-05,6.20124e-05,7.16153e-05,8.09571e-05,8.9761e-05,9.77833e-05,0.000104803,0.000110611,0.000114995,0.000117737,0.00011861,0.000117389,0.000113871,0.000107896,9.93785e-05,8.83339e-05,7.49023e-05,5.93601e-05,4.21201e-05,2.37175e-05,5.67686e-06,-1.10066e-05,-2.58561e-05,-3.77556e-05,-4.55583e-05,-4.84802e-05,-4.62978e-05,-3.9407e-05,-2.87013e-05,-1.52735e-05,0
0,-1.00287e-05,-1.83836e-05,-2.47021e-05,-2.8197e-05,-2.82535e-05,-2.46383e-05,-1.75829e-05,-7.73616e-06,3.981e-06,1.65745e-05,2.93101e-05,4.22105e-05,5.474e-05,6.57203e-05,7.49108e-05,8.21733e-05,8.74624e-05,9.08074e-05,9.22899e-05,9.20209e-05,9.01212e-05,8.6709e-05,8.18945e-05,7.57841e-05,6.84904e-05,6.01476e-05,5.09273e-05,4.10516e-05,3.08011e-05,2.05146e-05,1.05804e-05,1.41945e-06,-6.53848e-06,-1.28817e-05,-1.72449e-05,-1.93344e-05,-1.89487e-05,-1.59907e-05,-1.04721e-05,-2.50789e-06,7.69639e-06,1.98646e-05,3.36738e-05,4.87791e-05,6.4837e-05,8.15247e-05,9.85522e-05,0.000115668,0.000132657,0.000149332,0.000165521,0.000181056,0.00019576,0.000209439,0.000221885,0.000232875,0.000242183,0.000249594,0.000254917,0.000257999,0.000258734,0.000257073,0.000253021,0.00024664,0.000238038,0.000227366,0.00021481,0.000200585,0.000184933,0.000168122,0.000150447,0.000132235,0.00011384,9.56464e-05,7.80585e-05,6.14911e-05,4.63532e-05,3.30285e-05,2.18544e-05,1.31014e-05,6.95466e-06,3.50095e-06,2.72118e-06,4.49081e-06,8.58768e-06,1.47071e-05,2.24824e-05,3.15096e-05,4.1373e-05,5.16679e-05,6.20206e-05,7.20995e-05,8.16194e-05,9.03375e-05,9.80428e-05,0.000104542,0.000109645,0.000113155,0.000114861,0.000114548,0.00011201,0.00010707,9.96145e-05,8.96194e-05,7.71767e-05,6.25114e-05,4.59873e-05,2.80973e-05,1.0382e-05,-6.19774e-06,-2.12312e-05,-3.35978e-05,-4.20939e-05,-4.58403e-05,-4.44971e-05,-3.83468e-05,-2.8199e-05,-1.51144e-05,0
0,-9.93816e-06,-1.80736e-05,-2.41095e-05,-2.72908e-05,-2.70557e-05,-2.32316e-05,-1.6104e-05,-6.35689e-06,5.07896e-06,1.72252e-05,2.93938e-05,4.16974e-05,5.36353e-05,6.40091e-05,7.26104e-05,7.93271e-05,8.41303e-05,8.70535e-05,8.81699e-05,8.75703e-05,8.53464e-05,8.15816e-05,7.63515e-05,6.9732e-05,6.18146e-05,5.27246e-05,4.26384e-05,3.17975e-05,2.05146e-05,9.17019e-06,-1.79937e-06,-1.19233e-05,-2.07236e-05,-2.77465e-05,-3.25927e-05,-3.49452e-05,-3.45902e-05,-3.14305e-05,-2.54878e-05,-1.6897e-05,-5.88995e-06,7.22617e-06,2.20965e-05,3.83468e-05,5.56093e-05,7.35447e-05,9.18552e-05,0.000110289,0.000128635,0.000146713,0.000164353,0.000181382,0.000197605,0.000212799,0.000226711,0.000239064,0.000249573,0.000257964,0.000263993,0.000267465,0.00026825,0.000266291,0.000261604,0.000254278,0.000244463,0.000232359,0.000218205,0.00020227,0.000184848,0.000166251,0.000146816,0.0001269,0.000106888,8.71871e-05,6.82237e-05,5.04307e-05,3.4233e-05,2.00272e-05,8.16045e-06,-1.09081e-06,-7.53974e-06,-1.11027e-05,-1.18068e-05,-9.7897e-06,-5.29163e-06,1.35978e-06,9.77107e-06,1.95085e-05,3.01255e-05,4.11878e-05,5.22956e-05,6.30975e-05,7.32971e-05,8.26501e-05,9.0954e-05,9.80327e-05,0.00010372,0.000107843,0.000110218,0.000110646,0.000108929,0.000104886,9.83858e-05,8.93725e-05,7.78977e-05,6.41396e-05,4.84136e-05,3.11678e-05,1.39546e-05,-2.3084e-06,-1.72926e-05,-2.98923e-05,-3.88678e-05,-4.32646e-05,-4.26411e-05,-3.71719e-05,-2.75798e-05,-1.48819e-05,0
0,-9.87315e-06,-1.78516e-05,-2.3695e-05,-2.66825e-05,-2.62995e-05,-2.24229e-05,-1.53773e-05,-5.86655e-06,5.18168e-06,1.68135e-05,2.83915e-05,4.01192e-05,5.15283e-05,6.13947e-05,6.95357e-05,7.5857e-05,8.03359e-05,8.30003e-05,8.39052e-05,8.3113e-05,8.06802e-05,7.66528e-05,7.1071e-05,6.39832e-05,5.5464e-05,4.56358e-05,3.4687e-05,2.2885e-05,1.05804e-05,-1.79937e-06,-1.37665e-05,-2.47977e-05,-3.43659e-05,-4.19739e-05,-4.71885e-05,-4.96695e-05,-4.9192e-05,-4.56593e-05,-3.91064e-05,-2.96916e-05,-1.76792e-05,-3.41434e-06,1.27084e-05,3.02771e-05,4.88937e-05,6.81984e-05,8.78854e-05,0.000107706,0.000127463,0.000146989,0.000166129,0.000184711,0.000202527,0.000219324,0.0002348,0.000248615,0.000260413,0.000269846,0.000276607,0.00028045,0.000281216,0.000278838,0.000273351,0.000264876,0.000253615,0.000239829,0.000223819,0.00020592,0.000186479,0.00016586,0.000144441,0.000122615,0.000100796,7.94166e-05,5.89261e-05,3.97782e-05,2.24152e-05,7.24832e-06,-5.36564e-06,-1.51459e-05,-2.19068e-05,-2.55719e-05,-2.61809e-05,-2.38895e-05,-1.89605e-05,-1.17483e-05,-2.67628e-06,7.78942e-06,1.9169e-05,3.09965e-05,4.28436e-05,5.43367e-05,6.51651e-05,7.50805e-05,8.38869e-05,9.14249e-05,9.75524e-05,0.000102127,0.000104993,0.000105978,0.0001049,0.000101587,9.58968e-05,8.77546e-05,7.7179e-05,6.43072e-05,4.94092e-05,3.28883e-05,1.63073e-05,5.34616e-07,-1.41954e-05,-2.68087e-05,-3.60495e-05,-4.09087e-05,-4.08598e-05,-3.59806e-05,-2.69077e-05,-1.46069e-05,0
0,-9.85256e-06,-1.77557e-05,-2.35125e-05,-2.64354e-05,-2.60491e-05,-2.22671e-05,-1.54381e-05,-6.27162e-06,4.31803e-06,1.54072e-05,2.64101e-05,3.76196e-05,4.8595e-05,5.80796e-05,6.59094e-05,7.19987e-05,7.63219e-05,7.88919e-05,7.97376e-05,7.8887e-05,7.63579e-05,7.21578e-05,6.62937e-05,5.879e-05,4.97102e-05,3.91802e-05,2.74066e-05,1.46886e-05,1.41945e-06,-1.19233e-05,-2.47977e-05,-3.66271e-05,-4.68339e-05,-5.48778e-05,-6.02912e-05,-6.27104e-05,-6.18995e-05,-5.77645e-05,-5.03561e-05,-3.98615e-05,-2.65854e-05,-1.09209e-05,6.68542e-06,2.57726e-05,4.59021e-05,6.66879e-05,8.78157e-05,0.000109047,0.000130207,0.000151161,0.000171782,0.000191914,0.000211346,0.000229796,0.000246908,0.000262268,0.000275433,0.000285968,0.000293484,0.000297676,0.000298348,0.000295429,0.000288973,0.000279148,0.00026622,0.000250521,0.000232429,0.000212346,0.000190683,0.000167852,0.000144271,0.000120364,9.65731e-05,7.33552e-05,5.11834e-05,3.0535e-05,1.18742e-05,-4.36956e-06,-1.78269e-05,-2.82112e-05,-3.53391e-05,-3.91438e-05,-3.96817e-05,-3.71306e-05,-3.17807e-05,-2.40169e-05,-1.4296e-05,-3.11889e-06,8.99953e-06,2.15597e-05,3.4103e-05,4.62313e-05,5.76176e-05,6.80069e-05,7.72076e-05,8.50753e-05,9.14923e-05,9.63469e-05,9.95171e-05,0.000100862,0.000100226,9.74495e-05,9.2395e-05,8.4976e-05,7.51875e-05,6.31329e-05,4.90418e-05,3.32745e-05,1.74058e-05,2.25222e-06,-1.20546e-05,-2.44854e-05,-3.37864e-05,-3.89142e-05,-3.9277e-05,-3.48692e-05,-2.62472e-05,-1.43213e-05,0
0,-9.89297e-06,-1.78177e-05,-2.36048e-05,-2.65962e-05,-2.63466e-05,-2.27918e-05,-1.62901e-05,-7.54463e-06,2.55144e-06,1.31072e-05,2.35868e-05,3.4368e-05,4.50316e-05,5.42808e-05,6.19622e-05,6.79904e-05,7.23283e-05,7.4966e-05,7.59004e-05,7.51214e-05,7.26066e-05,6.83263e-05,6.22576e-05,5.4406e-05,4.48297e-05,3.36643e-05,2.11401e-05,7.59274e-06,-6.53848e-06,-2.07236e-05,-3.43659e-05,-4.68339e-05,-5.74998e-05,-6.5779e-05,-7.11687e-05,-7.32809e-05,-7.18683e-05,-6.68401e-05,-5.82665e-05,-4.63704e-05,-3.15072e-05,-1.41326e-05,5.23826e-06,2.60779e-05,4.78923e-05,7.02603e-05,9.28586e-05,0.000115467,0.000137952,0.000160234,0.000182238,0.000203847,0.000224863,0.000244979,0.000263779,0.000280761,0.000295376,0.000307078,0.000315381,0.000319902,0.000320407,0.000316819,0.000309224,0.000297852,0.000283046,0.000265229,0.000244867,0.000222436,0.000198408,0.000173241,0.000147381,0.000121276,9.53863e-05,7.01888e-05,4.61809e-05,2.38672e-05,3.74097e-06,-1.37425e-05,-2.81939e-05,-3.9316e-05,-4.69254e-05,-5.09654e-05,-5.15116e-05,-4.87683e-05,-4.30569e-05,-3.47973e-05,-2.4483e-05,-1.26524e-05,1.42746e-07,1.33676e-05,2.65321e-05,3.9212e-05,5.10618e-05,6.18175e-05,7.12895e-05,7.93466e-05,8.58943e-05,9.08522e-05,9.41335e-05,9.56336e-05,9.52269e-05,9.27777e-05,8.81599e-05,8.12852e-05,7.21341e-05,6.07842e-05,4.74307e-05,3.23949e-05,1.72674e-05,2.81371e-06,-1.09418e-05,-2.30245e-05,-3.21976e-05,-3.74031e-05,-3.80039e-05,-3.39281e-05,-2.56608e-05,-1.40564e-05,0
0,-1.0008e-05,-1.80621e-05,-2.40019e-05,-2.71939e-05,-2.7211e-05,-2.39972e-05,-1.79068e-05,-9.62659e-06,-2.37349e-08,1.0043e-05,2.00833e-05,3.05535e-05,4.10484e-05,5.0223e-05,5.79271e-05,6.40672e-05,6.85878e-05,7.14501e-05,7.26152e-05,7.20329e-05,6.96417e-05,6.53773e-05,5.91914e-05,5.10763e-05,4.1091e-05,2.93858e-05,1.62198e-05,1.96818e-06,-1.28817e-05,-2.77465e-05,-4.19739e-05,-5.48778e-05,-6.5779e-05,-7.40475e-05,-7.9143e-05,-8.06508e-05,-7.83108e-05,-7.20357e-05,-6.19183e-05,-4.82252e-05,-3.13761e-05,-1.19085e-05,9.5707e-06,3.24424e-05,5.61354e-05,8.01792e-05,0.000104239,0.000128126,0.000151773,0.000175188,0.000198389,0.000221329,0.000243842,0.000265607,0.000286142,0.000304837,0.000321009,0.000333971,0.000343111,0.000347956,0.000348221,0.000343832,0.000334919,0.000321795,0.000304909,0.000284794,0.000262017,0.000237135,0.000210678,0.000183132,0.000154959,0.000126608,9.85415e-05,7.12482e-05,4.52477e-05,2.1078e-05,-7.27877e-07,-1.96749e-05,-3.53412e-05,-4.7409e-05,-5.56886e-05,-6.01313e-05,-6.08329e-05,-5.80274e-05,-5.20719e-05,-4.34255e-05,-3.26222e-05,-2.02409e-05,-6.87245e-06,6.91182e-06,2.05889e-05,3.37073e-05,4.59013e-05,5.68961e-05,6.65016e-05,7.45971e-05,8.11098e-05,8.59891e-05,8.91846e-05,9.06292e-05,9.02333e-05,8.78899e-05,8.34919e-05,7.69581e-05,6.82632e-05,5.74674e-05,4.47386e-05,3.03643e-05,1.59572e-05,2.23528e-06,-1.0885e-05,-2.24895e-05,-3.13707e-05,-3.64733e-05,-3.71353e-05,-3.32372e-05,-2.52056e-05,-1.3842e-05,0
0,-1.0208e-05,-1.85052e-05,-2.47213e-05,-2.82396e-05,-2.86388e-05,-2.58574e-05,-2.02337e-05,-1.24304e-05,-3.28675e-06,6.36724e-06,1.60798e-05,2.63782e-05,3.68628e-05,4.61327e-05,5.40332e-05,6.0456e-05,6.53211e-05,6.85571e-05,7.00868e-05,6.98207e-05,6.76603e-05,6.3511e-05,5.73045e-05,4.90255e-05,3.87393e-05,2.66159e-05,1.29461e-05,-1.85298e-06,-1.72449e-05,-3.25927e-05,-4.71885e-05,-6.02912e-05,-7.11687e-05,-7.9143e-05,-8.36327e-05,-8.41927e-05,-8.05461e-05,-7.26077e-05,-6.0496e-05,-4.45297e-05,-2.5209e-05,-3.17749e-06,2.08345e-05,4.60814e-05,7.18825e-05,9.76956e-05,0.00012317,0.000148164,0.000172712,0.000196961,0.000221071,0.000245116,0.000268995,0.000292381,0.000314719,0.000335262,0.000353151,0.000367517,0.000377587,0.00038277,0.000382724,0.000377385,0.000366952,0.000351853,0.000332675,0.000310094,0.000284797,0.000257429,0.000228565,0.0001987,0.000168277,0.000137715,0.000107453,7.79753e-05,4.98191e-05,2.35652e-05,-1.96207e-07,-2.09093e-05,-3.80991e-05,-5.14109e-05,-6.0638e-05,-6.57346e-05,-6.68163e-05,-6.41492e-05,-5.81306e-05,-4.92635e-05,-3.8127e-05,-2.53438e-05,-1.15465e-05,2.65524e-06,1.67043e-05,3.01205e-05,4.25166e-05,5.3605e-05,6.31925e-05,7.11668e-05,7.74735e-05,8.20904e-05,8.50022e-05,8.61805e-05,8.55735e-05,8.31076e-05,7.8701e-05,7.22867e-05,6.3842e-05,5.34177e-05,4.11626e-05,2.73368e-05,1.35822e-05,5.76338e-07,-1.187e-05,-2.2905e-05,-3.13592e-05,-3.61952e-05,-3.67458e-05,-3.28632e-05,-2.49312e-05,-1.37045e-05,0
0,-1.04996e-05,-1.91551e-05,-2.57669e-05,-2.97264e-05,-3.06051e-05,-2.83229e-05,-2.31916e-05,-1.58452e-05,-7.0959e-06,2.24928e-06,1.17684e-05,2.20504e-05,3.26931e-05,4.22316e-05,5.05e-05,5.73697e-05,6.27318e-05,6.64797e-05,6.84982e-05,6.86603e-05,6.68342e-05,6.29004e-05,5.67761e-05,4.84441e-05,3.79808e-05,2.55798e-05,1.15659e-05,-3.60066e-06,-1.93344e-05,-3.49452e-05,-4.96695e-05,-6.27104e-05,-7.32809e-05,-8.06508e-05,-8.41927e-05,-8.34241e-05,-7.80458e-05,-6.7971e-05,-5.33438e-05,-3.4543e-05,-1.2167e-05,1.30054e-05,4.00794e-05,6.81342e-05,9.63313e-05,0.000124022,0.00015083,0.000176679,0.000201756,0.000226416,0.000251041,0.000275888,0.000300968,0.000325967,0.000350236,0.000372848,0.000392713,0.000408718,0.000419875,0.000425442,0.000425012,0.000418541,0.000406334,0.000388981,0.000367261,0.000342034,0.000314138,0.000284313,0.00025316,0.000221149,0.000188654,0.000156015,0.000123606,9.18801e-05,6.13884e-05,3.27673e-05,6.69116e-06,-1.61906e-05,-3.53194e-05,-5.02799e-05,-6.08327e-05,-6.69274e-05,-6.86977e-05,-6.64442e-05,-6.06091e-05,-5.17451e-05,-4.04812e-05,-2.74887e-05,-1.34448e-05,9.99829e-07,1.52525e-05,2.8803e-05,4.12411e-05,5.22639e-05,6.16732e-05,6.93616e-05,7.52903e-05,7.94626e-05,8.18963e-05,8.26006e-05,8.15627e-05,7.87451e-05,7.40955e-05,6.75677e-05,5.91489e-05,4.88888e-05,3.69245e-05,2.34965e-05,1.02846e-05,-2.06578e-06,-1.38436e-05,-2.4258e-05,-3.21826e-05,-3.66107e-05,-3.68874e-05,-3.28573e-05,-2.48776e-05,-1.36659e-05,0
0,-1.08856e-05,-2.0012e-05,-2.71306e-05,-3.16313e-05,-3.30658e-05,-3.13231e-05,-2.66809e-05,-1.97418e-05,-1.12946e-05,-2.13129e-06,7.34592e-06,1.77777e-05,2.8751e-05,3.87298e-05,4.7531e-05,5.50013e-05,6.09998e-05,6.53846e-05,6.80038e-05,6.86962e-05,6.73017e-05,6.36813e-05,5.77439e-05,4.94755e-05,3.89679e-05,2.64409e-05,1.22554e-05,-3.08593e-06,-1.89487e-05,-3.45902e-05,-4.9192e-05,-6.18995e-05,-7.18683e-05,-7.83108e-05,-8.05461e-05,-7.80458e-05,-7.04791e-05,-5.77493e-05,-4.00227e-05,-1.7742e-05,8.38037e-06,3.73976e-05,6.81992e-05,9.9622e-05,0.000130598,0.000160314,0.000188347,0.000214712,0.000239818,0.000264327,0.000288949,0.000314224,0.000340334,0.000366996,0.00039344,0.000418497,0.000440759,0.000458779,0.00047128,0.000477323,0.000476419,0.000468571,0.000454239,0.000434247,0.000409642,0.000381534,0.000350956,0.000318753,0.00028553,0.000251673,0.000217416,0.000182948,0.000148513,0.000114495,8.14531e-05,5.01001e-05,2.12378e-05,-4.34179e-06,-2.59528e-05,-4.3087e-05,-5.54529e-05,-6.29864e-05,-6.5838e-05,-6.43465e-05,-5.90048e-05,-5.04212e-05,-3.92816e-05,-2.63102e-05,-1.22336e-05,2.25402e-06,1.65219e-05,3.0028e-05,4.23368e-05,5.31287e-05,6.21971e-05,6.94362e-05,7.48196e-05,7.83722e-05,8.01417e-05,8.01731e-05,7.84918e-05,7.50976e-05,6.99711e-05,6.30917e-05,5.44631e-05,4.41414e-05,3.22604e-05,1.90487e-05,6.23311e-06,-5.56256e-06,-1.67187e-05,-2.65009e-05,-3.38279e-05,-3.77327e-05,-3.75892e-05,-3.32533e-05,-2.50742e-05,-1.37434e-05,0
0,-1.13655e-05,-2.10679e-05,-2.87925e-05,-3.39167e-05,-3.59603e-05,-3.47711e-05,-3.05866e-05,-2.39787e-05,-1.57183e-05,-6.59195e-06,3.00654e-06,1.37595e-05,2.52349e-05,3.58192e-05,4.53074e-05,5.35177e-05,6.02764e-05,6.54068e-05,6.87233e-05,7.0035e-05,6.91593e-05,6.59436e-05,6.02941e-05,5.22051e-05,4.17874e-05,2.9289e-05,1.51069e-05,-2.13564e-07,-1.59907e-05,-3.14305e-05,-4.56593e-05,-5.77645e-05,-6.68401e-05,-7.20357e-05,-7.26077e-05,-6.7971e-05,-5.77493e-05,-4.18227e-05,-2.03682e-05,6.11223e-06,3.67833e-05,7.04995e-05,0.000105874,0.00014141,0.000175698,0.000207667,0.000236803,0.000263248,0.000287728,0.000311355,0.000335321,0.00036058,0.000387576,0.000416073,0.00044514,0.000473264,0.000498593,0.000519218,0.000533464,0.00054013,0.00053863,0.000529047,0.000512072,0.000488867,0.000460859,0.000429513,0.00039612,0.000361646,0.000326668,0.000291409,0.00025586,0.000219942,0.000183681,0.000147337,0.000111465,7.6893e-05,4.4619e-05,1.56521e-05,-9.13351e-06,-2.90966e-05,-4.38733e-05,-5.33788e-05,-5.77819e-05,-5.74657e-05,-5.29812e-05,-4.50007e-05,-3.42733e-05,-2.1583e-05,-7.70991e-06,6.60445e-06,2.06884e-05,3.39654e-05,4.59728e-05,5.63709e-05,6.49418e-05,7.1578e-05,7.62605e-05,7.90319e-05,7.99658e-05,7.91398e-05,7.66158e-05,7.24306e-05,6.65998e-05,5.91322e-05,5.00536e-05,3.94336e-05,2.74108e-05,1.42096e-05,1.61437e-06,-9.76187e-06,-2.03805e-05,-2.95564e-05,-3.62522e-05,-3.9547e-05,-3.88571e-05,-3.4068e-05,-2.55389e-05,-1.39485e-05,0
0,-1.1935e-05,-2.23083e-05,-3.07229e-05,-3.65331e-05,-3.92152e-05,-3.85675e-05,-3.4784e-05,-2.84082e-05,-2.0201e-05,-1.09545e-05,-1.06549e-06,1.01797e-05,2.23226e-05,3.36668e-05,4.39813e-05,5.30536e-05,6.06774e-05,6.66431e-05,7.07355e-05,7.27394e-05,7.24557e-05,6.97247e-05,6.44551e-05,5.6654e-05,4.64541e-05,3.41331e-05,2.01239e-05,5.0131e-06,-1.04721e-05,-2.54878e-05,-3.91064e-05,-5.03561e-05,-5.82665e-05,-6.19183e-05,-6.0496e-05,-5.33438e-05,-4.00227e-05,-2.03682e-05,5.45499e-06,3.69057e-05,7.30337e-05,0.000112477,0.000153508,0.000194173,0.000232549,0.000267137,0.000297262,0.000323232,0.000346236,0.000368035,0.000390526,0.000415267,0.000443076,0.000473793,0.000506246,0.000538437,0.000567877,0.000592009,0.000608609,0.000616119,0.000613836,0.000601972,0.000581564,0.000554263,0.000522044,0.000486875,0.000450409,0.000413765,0.000377446,0.0003414,0.000305216,0.000268391,0.000230596,0.000191883,0.000152793,0.000114329,7.78017e-05,4.45542e-05,1.57312e-05,-7.8494e-06,-2.57358e-05,-3.78234e-05,-4.43084e-05,-4.56286e-05,-4.2404e-05,-3.53802e-05,-2.53776e-05,-1.32457e-05,1.76293e-07,1.40956e-05,2.77962e-05,4.06644e-05,5.2207e-05,6.20612e-05,6.9994e-05,7.58915e-05,7.97379e-05,8.15881e-05,8.15368e-05,7.96901e-05,7.61435e-05,7.09698e-05,6.42199e-05,5.59354e-05,4.61689e-05,3.50102e-05,2.26102e-05,9.19764e-06,-3.37591e-06,-1.44961e-05,-2.46935e-05,-3.33231e-05,-3.93872e-05,-4.2015e-05,-4.06757e-05,-3.53012e-05,-2.62783e-05,-1.42871e-05,0
0,-1.25867e-05,-2.37126e-05,-3.28841e-05,-3.94217e-05,-4.27484e-05,-4.26061e-05,-3.91446e-05,-3.28835e-05,-2.45831e-05,-1.50524e-05,-4.70316e-06,7.1999e-06,2.01651e-05,3.24086e-05,4.36704e-05,5.37063e-05,6.22784e-05,6.91477e-05,7.40739e-05,7.68236e-05,7.71878e-05,7.50055e-05,7.01937e-05,6.27763e-05,5.29098e-05,4.09025e-05,2.72224e-05,1.24956e-05,-2.50789e-06,-1.6897e-05,-2.96916e-05,-3.98615e-05,-4.63704e-05,-4.82252e-05,-4.45297e-05,-3.4543e-05,-1.7742e-05,6.11223e-06,3.69057e-05,7.41017e-05,0.000116676,0.000163064,0.000211154,0.000258376,0.000302012,0.00033982,0.000370839,0.000395619,0.000416024,0.000434762,0.000454747,0.000478407,0.000507096,0.000540749,0.000577841,0.000615659,0.000650804,0.000679795,0.000699646,0.000708311,0.000704946,0.000689966,0.00066491,0.000632144,0.000594438,0.000554488,0.000514467,0.000475702,0.000438559,0.00040255,0.000366639,0.000329664,0.000290743,0.000249597,0.000206723,0.000163399,0.000121462,8.27793e-05,4.88685e-05,2.07592e-05,-1.01198e-06,-1.63396e-05,-2.54677e-05,-2.89073e-05,-2.73619e-05,-2.16609e-05,-1.27037e-05,-1.4119e-06,1.13121e-05,2.46202e-05,3.77487e-05,5.00432e-05,6.09766e-05,7.01592e-05,7.73385e-05,8.23891e-05,8.52927e-05,8.61109e-05,8.49539e-05,8.19513e-05,7.72282e-05,7.08913e-05,6.30271e-05,5.37114e-05,4.30283e-05,3.10938e-05,1.80784e-05,4.22377e-06,-8.54176e-06,-1.95903e-05,-2.95089e-05,-3.76816e-05,-4.31445e-05,-4.50772e-05,-4.30106e-05,-3.6937e-05,-2.72881e-05,-1.47595e-05,0
0,-1.33108e-05,-2.52555e-05,-3.52322e-05,-4.25176e-05,-4.64726e-05,-4.67786e-05,-4.35419e-05,-3.72649e-05,-2.87175e-05,-1.87377e-05,-7.76336e-06,4.95275e-06,1.88799e-05,3.21439e-05,4.44529e-05,5.55313e-05,6.51114e-05,7.29289e-05,7.87241e-05,8.22518e-05,8.32994e-05,8.17112e-05,7.74173e-05,7.04618e-05,6.10275e-05,4.94528e-05,3.62398e-05,2.20511e-05,7.69639e-06,-5.88995e-06,-1.76792e-05,-2.65854e-05,-3.15072e-05,-3.13761e-05,-2.5209e-05,-1.2167e-05,8.38037e-06,3.67833e-05,7.30337e-05,0.000116676,0.000166704,0.000221439,0.000278404,0.000334255,0.000385005,0.000426999,0.000458832,0.000481456,0.000497744,0.000511779,0.000527936,0.000549887,0.000579746,0.000617559,0.000661262,0.000707091,0.000750326,0.000786173,0.000810574,0.000820821,0.000815895,0.000796519,0.000764965,0.000724632,0.000679446,0.000633169,0.00058874,0.000547787,0.000510458,0.000475593,0.00044121,0.000405147,0.000365684,0.000322013,0.000274511,0.000224867,0.000175891,0.000130283,9.00433e-05,5.64068e-05,2.99477e-05,1.07232e-05,-1.59779e-06,-7.62697e-06,-8.16842e-06,-4.14646e-06,3.45359e-06,1.36341e-05,2.54259e-05,3.79227e-05,5.03101e-05,6.18899e-05,7.20974e-05,8.05115e-05,8.6855e-05,9.09856e-05,9.28761e-05,9.2588e-05,9.02407e-05,8.59814e-05,7.99603e-05,7.23149e-05,6.31664e-05,5.26263e-05,4.08138e-05,2.78766e-05,1.40124e-05,-5.16456e-07,-1.36951e-05,-2.48702e-05,-3.46718e-05,-4.25011e-05,-4.74202e-05,-4.86576e-05,-4.58113e-05,-3.89461e-05,-2.85543e-05,-1.5361e-05,0
0,-1.40952e-05,-2.69083e-05,-3.77197e-05,-4.5753e-05,-5.03002e-05,-5.09797e-05,-4.78573e-05,-4.1426e-05,-3.24761e-05,-2.18867e-05,-1.01326e-05,3.53696e-06,1.85474e-05,3.29313e-05,4.63642e-05,5.85394e-05,6.91626e-05,7.79484e-05,8.46241e-05,8.89391e-05,9.06842e-05,8.97147e-05,8.59789e-05,7.95442e-05,7.06211e-05,5.95781e-05,4.69491e-05,3.34297e-05,1.98646e-05,7.22617e-06,-3.41434e-06,-1.09209e-05,-1.41326e-05,-1.19085e-05,-3.17749e-06,1.30054e-05,3.73976e-05,7.04995e-05,0.000112477,0.000163064,0.000221439,0.000286026,0.000354189,0.000421776,0.000482784,0.000530448,0.000562932,0.000582003,0.000592055,0.000599146,0.000609736,0.000629271,0.000660929,0.000704878,0.000758223,0.00081564,0.000870489,0.000916096,0.000946906,0.00095931,0.00095207,0.000926368,0.000885527,0.000834431,0.000778692,0.000723649,0.000673384,0.000629984,0.000593268,0.000561065,0.000529972,0.000496344,0.000457217,0.00041095,0.00035758,0.000299241,0.000240846,0.000186414,0.000138456,9.82867e-05,6.63904e-05,4.26821e-05,2.6684e-05,1.76499e-05,1.46566e-05,1.66766e-05,2.2635e-05,3.14567e-05,4.21054e-05,5.36153e-05,6.512e-05,7.58746e-05,8.5273e-05,9.28582e-05,9.8323e-05,0.000101501,0.00010235,0.000100923,9.73426e-05,9.17659e-05,8.4363e-05,7.52987e-05,6.4727e-05,5.27963e-05,3.96636e-05,2.55139e-05,1.05788e-05,-4.85018e-06,-1.8663e-05,-3.01692e-05,-4.00283e-05,-4.76461e-05,-5.21016e-05,-5.26683e-05,-4.90148e-05,-4.12881e-05,-3.00544e-05,-1.60825e-05,0
0,-1.49263e-05,-2.86402e-05,-4.02974e-05,-4.90602e-05,-5.41467e-05,-5.51115e-05,-5.19847e-05,-4.52586e-05,-3.57551e-05,-2.44055e-05,-1.17315e-05,3.01327e-06,1.92065e-05,3.47865e-05,4.93953e-05,6.26966e-05,7.43727e-05,8.41228e-05,9.16667e-05,9.6756e-05,9.91909e-05,9.88441e-05,9.56864e-05,8.98118e-05,8.14592e-05,7.10266e-05,5.9077e-05,4.63349e-05,3.36738e-05,2.20965e-05,1.27084e-05,6.68542e-06,5.23826e-06,9.5707e-06,2.08345e-05,4.00794e-05,6.81992e-05,0.000105874,0.000153508,0.000211154,0.000278404,0.000354189,0.00043632,0.000520421,0.000597698,0.000652962,0.000685499,0.000698861,0.000699654,0.000696688,0.000699369,0.000715665,0.000750255,0.000803418,0.000870979,0.000945289,0.0010169,0.00107646,0.00111631,0.00113164,0.00112093,0.00108603,0.00103175,0.000965091,0.000894121,0.000826528,0.000768132,0.000721736,0.000686677,0.000659266,0.000633981,0.000605005,0.00056761,0.000518921,0.000458045,0.000386649,0.000315249,0.000249696,0.000192636,0.000145081,0.000107175,7.85538e-05,5.85218e-05,4.61647e-05,4.04278e-05,4.01777e-05,4.42524e-05,5.1503e-05,6.08287e-05,7.12068e-05,8.17185e-05,9.15709e-05,0.000100114,0.000106849,0.000111433,0.000113671,0.000113494,0.000110942,0.000106129,9.92181e-05,9.03915e-05,7.98369e-05,6.77392e-05,5.42835e-05,3.96677e-05,2.41187e-05,7.90892e-06,-8.63313e-06,-2.32939e-05,-3.5335e-05,-4.54318e-05,-5.29821e-05,-5.70717e-05,-5.70142e-05,-5.25493e-05,-4.39138e-05,-3.17592e-05,-1.69108e-05,0
0,-1.57895e-05,-3.04196e-05,-4.29163e-05,-5.23743e-05,-5.79339e-05,-5.90875e-05,-5.58349e-05,-4.86772e-05,-3.84785e-05,-2.62329e-05,-1.25177e-05,3.40232e-06,2.08542e-05,3.76819e-05,5.34934e-05,6.79253e-05,8.06401e-05,9.1327e-05,9.97052e-05,0.000105535,0.000108632,0.000108893,0.000106315,0.000101021,9.32806e-05,8.35187e-05,7.23246e-05,6.04463e-05,4.87791e-05,3.83468e-05,3.02771e-05,2.57726e-05,2.60779e-05,3.24424e-05,4.60814e-05,6.81342e-05,9.9622e-05,0.00014141,0.000194173,0.000258376,0.000334255,0.000421776,0.000520421,0.000628084,0.000735598,0.000799135,0.000829755,0.000834042,0.000821271,0.000803894,0.000795446,0.000807508,0.000846893,0.000913963,0.00100257,0.00110157,0.00119742,0.00127693,0.00132955,0.00134883,0.00133293,0.00128463,0.00121078,0.0011214,0.00102814,0.000942201,0.000872079,0.000821718,0.000789757,0.00077021,0.000754367,0.000733269,0.000699842,0.000649792,0.000580402,0.000486147,0.000396482,0.000317507,0.000250374,0.000194998,0.000150847,0.000117135,9.28949e-05,7.70295e-05,6.83534e-05,6.56357e-05,6.76378e-05,7.31468e-05,8.10055e-05,9.01393e-05,9.958e-05,0.000108487,0.000116163,0.000122065,0.000125809,0.000127159,0.000126018,0.000122398,0.000116401,0.000108184,9.7935e-05,8.58607e-05,7.21732e-05,5.70943e-05,4.08649e-05,2.37584e-05,6.09433e-06,-1.17542e-05,-2.74628e-05,-4.02347e-05,-5.07483e-05,-5.83809e-05,-6.22147e-05,-6.15969e-05,-5.63376e-05,-4.67678e-05,-3.36343e-05,-1.78301e-05,0
0,-1.66699e-05,-3.2215e-05,-4.55297e-05,-5.56354e-05,-6.15931e-05,-6.28354e-05,-5.93387e-05,-5.16217e-05,-4.06011e-05,-2.73427e-05,-1.24871e-05,4.6842e-06,2.34456e-05,4.15474e-05,5.85644e-05,7.41078e-05,8.78253e-05,9.94012e-05,0.00010856,0.000115078,0.000118794,0.000119632,0.00011762,0.000112913,0.000105811,9.67645e-05,8.63859e-05,7.54405e-05,6.4837e-05,5.56093e-05,4.88937e-05,4.59021e-05,4.78923e-05,5.61354e-05,7.18825e-05,9.63313e-05,0.000130598,0.000175698,0.000232549,0.000302012,0.000385005,0.000482784,0.000597698,0.000735598,0.000915022,0.000975274,0.000999386,0.000989874,0.000957625,0.000919762,0.000895689,0.00090225,0.000949357,0.00103739,0.00115716,0.00129229,0.00142319,0.0015312,0.00160182,0.00162643,0.00160284,0.00153506,0.00143271,0.00131001,0.00118385,0.00107073,0.000983334,0.000927454,0.000900704,0.000893556,0.000892429,0.00088374,0.000857493,0.00080907,0.000737792,0.000592148,0.000478871,0.000385801,0.000308821,0.000245947,0.000195795,0.00015713,0.000128723,0.000109313,9.76077e-05,9.23011e-05,9.20983e-05,9.57388e-05,0.000102022,0.000109831,0.000118152,0.0001261,0.000132929,0.00013805,0.000141028,0.000141584,0.000139579,0.000134993,0.000127902,0.000118449,0.000106823,9.32418e-05,7.79417e-05,6.11803e-05,4.32428e-05,2.44535e-05,5.18461e-06,-1.41386e-05,-3.10745e-05,-4.47588e-05,-5.58607e-05,-6.37251e-05,-6.742e-05,-6.6319e-05,-6.03001e-05,-4.97912e-05,-3.56417e-05,-1.88221e-05,0
0,-1.75525e-05,-3.39964e-05,-4.80943e-05,-5.87905e-05,-6.50667e-05,-6.62994e-05,-6.24485e-05,-5.40589e-05,-4.21089e-05,-2.77438e-05,-1.16731e-05,6.79999e-06,2.68965e-05,4.62746e-05,6.44768e-05,8.10922e-05,9.57574e-05,0.000108157,0.000118029,0.00012517,0.000129448,0.00013082,0.000129349,0.000125225,0.000118776,0.000110479,0.000100965,9.10087e-05,8.15247e-05,7.35447e-05,6.81984e-05,6.66879e-05,7.02603e-05,8.01792e-05,9.76956e-05,0.000124022,0.000160314,0.000207667,0.000267137,0.00033982,0.000426999,0.000530448,0.000652962,0.000799135,0.000975274,0.00104155,0.0010687,0.00105874,0.00102329,0.000981448,0.000955399,0.000964919,0.00102212,0.0011281,0.00127248,0.00143591,0.00159467,0.00172571,0.00181082,0.00183914,0.00180802,0.00172287,0.00159629,0.00144645,0.00129441,0.0011603,0.00105907,0.000996963,0.000970326,0.000967111,0.000970817,0.000965462,0.000940043,0.000891458,0.000826384,0.000676049,0.000552182,0.000449699,0.000365064,0.00029592,0.000240506,0.000197327,0.000164991,0.000142135,0.000127406,0.00011946,0.000116971,0.000118656,0.000123287,0.000129716,0.000136894,0.000143893,0.000149921,0.000154336,0.000156652,0.000156538,0.000153804,0.000148387,0.00014033,0.000129753,0.000116835,0.0001018,8.49044e-05,6.64403e-05,4.67386e-05,2.61771e-05,5.18654e-06,-1.57493e-05,-3.40662e-05,-4.88244e-05,-6.06722e-05,-6.89111e-05,-7.25853e-05,-7.10868e-05,-6.43577e-05,-5.29236e-05,-3.77414e-05,-1.98671e-05,0
0,-1.84228e-05,-3.57356e-05,-5.05711e-05,-6.17945e-05,-6.83095e-05,-6.94409e-05,-6.51387e-05,-5.59824e-05,-4.30187e-05,-2.74784e-05,-1.01446e-05,9.65487e-06,3.10872e-05,5.17211e-05,7.10683e-05,8.86985e-05,0.000104242,0.000117389,0.000127895,0.000135584,0.00014036,0.000142217,0.000141257,0.000137704,0.000131917,0.000124397,0.000115787,0.000106869,9.85522e-05,9.18552e-05,8.78854e-05,8.78157e-05,9.28586e-05,0.000104239,0.00012317,0.00015083,0.000188347,0.000236803,0.000297262,0.000370839,0.000458832,0.000562932,0.000685499,0.000829755,0.000999386,0.0010687,0.00110481,0.0011088,0.00109089,0.00106862,0.00106307,0.00109352,0.00117231,0.00130102,0.00146943,0.00165752,0.00183974,0.00199031,0.00208814,0.00212014,0.00208292,0.00198287,0.00183492,0.0016602,0.00148257,0.00132422,0.00120123,0.0011203,0.00107775,0.00106141,0.00105467,0.00104153,0.00101109,0.000960319,0.000894879,0.000743266,0.000614859,0.000507073,0.000417334,0.000343509,0.000283833,0.000236762,0.000200861,0.000174751,0.000157073,0.000146486,0.000141671,0.000141344,0.00014427,0.000149285,0.000155313,0.000161389,0.000166676,0.000170479,0.000172256,0.000171615,0.00016831,0.000162226,0.00015336,0.0001418,0.00012771,0.00011131,9.28744e-05,7.27263e-05,5.12427e-05,2.88576e-05,6.06493e-06,-1.65874e-05,-3.64084e-05,-5.23762e-05,-6.5108e-05,-7.38521e-05,-7.76195e-05,-7.58131e-05,-6.84338e-05,-5.61044e-05,-3.98921e-05,-2.09444e-05,0
0,-1.92672e-05,-3.74071e-05,-5.29265e-05,-6.46111e-05,-7.1289e-05,-7.22383e-05,-6.74057e-05,-5.74112e-05,-4.33758e-05,-2.66197e-05,-8.00155e-06,1.31229e-05,3.58684e-05,5.77172e-05,7.81523e-05,9.67266e-05,0.000113068,0.000126878,0.000137934,0.000146095,0.000151303,0.000153593,0.00015311,0.000150114,0.000144995,0.000138275,0.000130606,0.000122772,0.000115668,0.000110289,0.000107706,0.000109047,0.000115467,0.000128126,0.000148164,0.000176679,0.000214712,0.000263248,0.000323232,0.000395619,0.000481456,0.000582003,0.000698861,0.000834042,0.000989874,0.00105874,0.0011088,0.00113997,0.00115909,0.00117909,0.00121627,0.00128626,0.0013996,0.001558,0.00175257,0.0019646,0.00216879,0.00233804,0.00244878,0.00248543,0.00244337,0.00232955,0.00216088,0.00196084,0.00175503,0.00156644,0.00141137,0.00129694,0.0012207,0.00117263,0.00113881,0.00110568,0.00106379,0.00101015,0.000948578,0.00079751,0.000667927,0.000557796,0.000465118,0.0003881,0.000325151,0.000274824,0.00023575,0.000206605,0.000186081,0.000172882,0.000165724,0.000163349,0.000164533,0.000168112,0.000172992,0.000178178,0.00018279,0.000186081,0.000187447,0.000186433,0.000182727,0.000176153,0.000166653,0.000154276,0.000139159,0.000121514,0.000101627,7.9849e-05,5.66033e-05,3.2382e-05,7.745e-06,-1.66903e-05,-3.81041e-05,-5.53869e-05,-6.91162e-05,-7.84787e-05,-8.24438e-05,-8.04181e-05,-7.24563e-05,-5.9275e-05,-4.20528e-05,-2.20331e-05,0
0,-2.00729e-05,-3.89881e-05,-5.51322e-05,-6.72124e-05,-7.39849e-05,-7.46863e-05,-6.92652e-05,-5.83871e-05,-4.32505e-05,-2.52665e-05,-5.37038e-06,1.70531e-05,4.10674e-05,6.40729e-05,8.55253e-05,0.000104964,0.000122018,0.000136404,0.000147928,0.000156485,0.00016206,0.000164735,0.000164697,0.000162246,0.0001578,0.000151901,0.00014521,0.000138503,0.000132657,0.000128635,0.000127463,0.000130207,0.000137952,0.000151773,0.000172712,0.000201756,0.000239818,0.000287728,0.000346236,0.000416024,0.000497744,0.000592055,0.000699654,0.000821271,0.000957625,0.00102329,0.00109089,0.00115909,0.00123033,0.00131089,0.00140986,0.001537,0.00169961,0.0018992,0.00212887,0.00237244,0.00260577,0.00280053,0.00292974,0.00297394,0.00292631,0.00279454,0.00259844,0.00236469,0.00212089,0.00189049,0.00168955,0.00152551,0.00139789,0.00130039,0.00122381,0.00115906,0.00109955,0.00104275,0.000990453,0.00084223,0.00071367,0.000603095,0.00050896,0.000429827,0.000364356,0.000311274,0.000269346,0.000237352,0.000214073,0.000198289,0.000188779,0.000184328,0.000183744,0.000185869,0.000189605,0.000193934,0.000197935,0.000200809,0.000201891,0.000200654,0.000196716,0.000189831,0.00017988,0.000166863,0.000150881,0.000132132,0.000110908,8.75861e-05,6.26332e-05,3.66004e-05,1.01161e-05,-1.61296e-05,-3.91873e-05,-5.78565e-05,-7.26676e-05,-8.27392e-05,-8.69927e-05,-8.48314e-05,-7.63578e-05,-6.23789e-05,-4.41834e-05,-2.31121e-05,0
0,-2.08286e-05,-4.04588e-05,-5.71651e-05,-6.95785e-05,-7.63881e-05,-7.67937e-05,-7.07501e-05,-5.89709e-05,-4.27332e-05,-2.35383e-05,-2.39718e-06,2.12761e-05,4.64959e-05,7.05855e-05,9.29753e-05,0.000113194,0.000130875,0.000145753,0.000157667,0.00016655,0.000172435,0.000175452,0.000175832,0.000173915,0.000170148,0.000165091,0.00015941,0.000153872,0.000149332,0.000146713,0.000146989,0.000151161,0.000160234,0.000175188,0.000196961,0.000226416,0.000264327,0.000311355,0.000368035,0.000434762,0.000511779,0.000599146,0.000696688,0.000803894,0.000919762,0.000981448,0.00106862,0.00117909,0.00131089,0.00146332,0.00163781,0.00183769,0.00206677,0.00232644,0.00261215,0.00291031,0.00319702,0.00344002,0.00360463,0.00366311,0.0036044,0.00343863,0.00319274,0.00290094,0.00259569,0.0023021,0.002036,0.00180474,0.00160952,0.00144793,0.00131615,0.0012104,0.00112776,0.00106663,0.00102668,0.000882302,0.000755518,0.000645179,0.000550171,0.000469395,0.00040176,0.000346179,0.000301567,0.000266824,0.000240839,0.000222482,0.000210606,0.000204055,0.000201675,0.000202333,0.000204928,0.000208426,0.00021187,0.00021441,0.000215317,0.000213994,0.00020998,0.000202954,0.000192731,0.000179248,0.00016257,0.000142872,0.000120445,9.56908e-05,6.9117e-05,4.13332e-05,1.30371e-05,-1.50065e-05,-3.97197e-05,-5.98097e-05,-7.57542e-05,-8.65994e-05,-9.12137e-05,-8.89914e-05,-8.0077e-05,-6.53629e-05,-4.62448e-05,-2.4161e-05,0
0,-2.15238e-05,-4.18024e-05,-5.9007e-05,-7.16969e-05,-7.84989e-05,-7.85808e-05,-7.19063e-05,-5.92377e-05,-4.1929e-05,-2.15688e-05,7.59018e-07,2.56116e-05,5.19573e-05,7.7047e-05,0.000100289,0.000121203,0.000139428,0.000154722,0.000166955,0.000176105,0.000182253,0.000185576,0.000186353,0.000184963,0.000181881,0.000177684,0.000173043,0.000168712,0.000165521,0.000164353,0.000166129,0.000171782,0.000182238,0.000198389,0.000221071,0.000251041,0.000288949,0.000335321,0.000390526,0.000454747,0.000527936,0.000609736,0.000699369,0.000795446,0.000895689,0.000955399,0.00106307,0.00121627,0.00140986,0.00163781,0.00189558,0.00218187,0.00249858,0.00284839,0.00322989,0.00363151,0.00402633,0.0043708,0.00461112,0.00469918,0.004614,0.00437408,0.00402575,0.00362228,0.00320834,0.00281367,0.0024539,0.00213484,0.00185741,0.00162123,0.00142642,0.00127365,0.00116338,0.00109494,0.00106612,0.000923855,0.000797628,0.00068676,0.000590446,0.000507803,0.000437899,0.00037978,0.00033247,0.000294975,0.000266277,0.000245332,0.000231069,0.000222395,0.0002182,0.000217375,0.00021883,0.000221514,0.000224442,0.000226712,0.000227534,0.000226235,0.000222278,0.000215261,0.000204923,0.000191141,0.000173929,0.00015344,0.000129957,0.000103901,7.58194e-05,4.63777e-05,1.63426e-05,-1.34465e-05,-3.97865e-05,-6.12927e-05,-7.83868e-05,-9.00406e-05,-9.50665e-05,-9.28455e-05,-8.35585e-05,-6.81774e-05,-4.82e-05,-2.51597e-05,0
0,-2.21494e-05,-4.30046e-05,-6.06439e-05,-7.35607e-05,-8.03249e-05,-8.00764e-05,-7.27889e-05,-5.92717e-05,-4.09515e-05,-1.94991e-05,3.93365e-06,2.98762e-05,5.72542e-05,8.32523e-05,0.000107258,0.000128784,0.000147478,0.000163121,0.000175617,0.000184987,0.00019136,0.000194964,0.000196124,0.000195254,0.000192862,0.00018954,0.000185959,0.000182863,0.000181056,0.000181382,0.000184711,0.000191914,0.000203847,0.000221329,0.000245116,0.000275888,0.000314224,0.00036058,0.000415267,0.000478407,0.000549887,0.000629271,0.000715665,0.000807508,0.00090225,0.000964919,0.00109352,0.00128626,0.001537,0.00183769,0.00218187,0.00256788,0.0030001,0.00348656,0.00403229,0.00462877,0.00524159,0.00580162,0.00620912,0.00636277,0.00621407,0.0058082,0.00524417,0.00462127,0.00401034,0.00344952,0.00295231,0.00251873,0.00214459,0.00182695,0.00156596,0.00136381,0.00122254,0.00114185,0.00111802,0.000972945,0.000843963,0.000730392,0.000631379,0.000545997,0.000473296,0.000412326,0.000362141,0.000321796,0.000290331,0.000266768,0.000250099,0.000239285,0.000233262,0.000230948,0.000231261,0.000233142,0.000235577,0.00023762,0.000238417,0.000237225,0.000233424,0.000226534,0.000216214,0.000202275,0.000184681,0.000163551,0.000139163,0.000111949,8.24943e-05,5.15169e-05,1.98501e-05,-1.15933e-05,-3.9491e-05,-6.23688e-05,-8.05918e-05,-9.30575e-05,-9.85218e-05,-9.63496e-05,-8.67529e-05,-7.07764e-05,-5.0014e-05,-2.60892e-05,0
0,-2.26977e-05,-4.40537e-05,-6.20657e-05,-7.51676e-05,-8.18788e-05,-8.13143e-05,-7.34576e-05,-5.91607e-05,-3.99165e-05,-1.74703e-05,6.96391e-06,3.38905e-05,6.2196e-05,8.9005e-05,0.000113686,0.000135747,0.000154845,0.000170781,0.000183496,0.000193052,0.000199626,0.000203495,0.000205027,0.000204676,0.000202974,0.000200529,0.000198015,0.000196166,0.00019576,0.000197605,0.000202527,0.000211346,0.000224863,0.000243842,0.000268995,0.000300968,0.000340334,0.000387576,0.000443076,0.000507096,0.000579746,0.000660929,0.000750255,0.000846893,0.000949357,0.00102212,0.00117231,0.0013996,0.00169961,0.00206677,0.00249858,0.0030001,0.00358627,0.00427982,0.00510255,0.00605788,0.00710455,0.00812622,0.00891737,0.00922959,0.0089233,0.00813477,0.00711013,0.00605454,0.00508615,0.00425003,0.00354764,0.00296204,0.00247399,0.00206975,0.00174281,0.00149188,0.00131736,0.001218,0.00118905,0.00103379,0.000897192,0.000777732,0.000673959,0.000584528,0.000508217,0.00044391,0.000390573,0.00034723,0.000312931,0.000286725,0.000267648,0.000254701,0.000246857,0.000243058,0.000242234,0.000243317,0.00024527,0.000247105,0.000247908,0.000246868,0.000243288,0.000236604,0.0002264,0.000212418,0.000194569,0.000172939,0.000147791,0.000119572,8.88941e-05,5.65282e-05,2.33691e-05,-9.60087e-06,-3.89479e-05,-6.31135e-05,-8.24073e-05,-9.56556e-05,-0.00010156,-9.94669e-05,-8.96163e-05,-7.31183e-05,-5.16543e-05,-2.69316e-05,0
0,-2.31617e-05,-4.494e-05,-6.32647e-05,-7.65183e-05,-8.31758e-05,-8.23301e-05,-7.39722e-05,-5.89908e-05,-3.89359e-05,-1.56176e-05,9.69578e-06,3.74862e-05,6.66054e-05,9.41243e-05,0.000119394,0.00014192,0.000161365,0.000177554,0.000190457,0.00020018,0.000206944,0.000211069,0.000212968,0.000213128,0.000212109,0.000210532,0.000209074,0.000208457,0.000209439,0.000212799,0.000219324,0.000229796,0.000244979,0.000265607,0.000292381,0.000325967,0.000366996,0.000416073,0.000473793,0.000540749,0.000617559,0.000704878,0.000803418,0.000913963,0.00103739,0.0011281,0.00130102,0.001558,0.0018992,0.00232644,0.00284839,0.00348656,0.00427982,0.00528458,0.00656606,0.00817338,0.0100872,0.0121309,0.0138685,0.0146171,0.0138751,0.0121416,0.0100974,0.00817831,0.00656221,0.00527161,0.00426152,0.00347082,0.00284604,0.0023493,0.00195796,0.00166052,0.00145147,0.00132676,0.00128092,0.00110731,0.000957758,0.000828945,0.000718179,0.000623286,0.000542496,0.00047434,0.000417577,0.000371111,0.000333942,0.00030511,0.000283661,0.000268625,0.000258997,0.000253743,0.000251799,0.000252093,0.000253565,0.000255189,0.000256002,0.000255124,0.000251786,0.000245347,0.000235317,0.000221371,0.000203368,0.000181357,0.000155589,0.000126516,9.47793e-05,6.11929e-05,2.6709e-05,-7.62588e-06,-3.8277e-05,-6.36085e-05,-8.38784e-05,-9.78477e-05,-0.000104167,-0.000102167,-9.21106e-05,-7.51652e-05,-5.3091e-05,-2.76704e-05,0
0,-2.3536e-05,-4.56557e-05,-6.42354e-05,-7.76148e-05,-8.42314e-05,-8.31576e-05,-7.43886e-05,-5.88412e-05,-3.81115e-05,-1.40632e-05,1.19904e-05,4.05124e-05,7.03243e-05,9.84499e-05,0.000124226,0.000147152,0.000166899,0.000183312,0.000196388,0.000206271,0.000213221,0.000217602,0.000219863,0.000220525,0.00022017,0.000219433,0.000218993,0.000219564,0.000221885,0.000226711,0.0002348,0.000246908,0.000263779,0.000286142,0.000314719,0.000350236,0.00039344,0.00044514,0.000506246,0.000577841,0.000661262,0.000758223,0.000870979,0.00100257,0.00115716,0.00127248,0.00146943,0.00175257,0.00212887,0.00261215,0.00322989,0.00403229,0.00510255,0.00656606,0.00859309,0.0113786,0.0150609,0.0195,0.0238342,0.0260238,0.0238426,0.0195151,0.0150797,0.0113975,0.00860899,0.00657802,0.00511266,0.00404597,0.00325504,0.00265767,0.00220299,0.0018617,0.0016178,0.00146234,0.00138927,0.00119042,0.00102349,0.000882459,0.000762877,0.000661391,0.000575452,0.000503089,0.000442742,0.000393126,0.000353137,0.000321767,0.000298051,0.000281025,0.000269699,0.000263051,0.000260025,0.000259545,0.000260533,0.00026193,0.000262727,0.000261987,0.000258874,0.000252677,0.000242839,0.000228971,0.000210883,0.00018859,0.000162329,0.000132552,9.99275e-05,6.53055e-05,2.9689e-05,-5.81898e-06,-3.7595e-05,-6.39355e-05,-8.50528e-05,-9.96508e-05,-0.000106337,-0.000104427,-9.42026e-05,-7.6884e-05,-5.42976e-05,-2.82906e-05,0
0,-2.38157e-05,-4.61943e-05,-6.49734e-05,-7.84597e-05,-8.50595e-05,-8.38263e-05,-7.47546e-05,-5.87797e-05,-3.75306e-05,-1.29113e-05,1.37298e-05,4.28412e-05,7.32188e-05,0.000101846,0.000128047,0.000151316,0.000171331,0.00018795,0.000201196,0.000211242,0.000218385,0.000223025,0.000225643,0.00022679,0.000227067,0.000227122,0.000227634,0.00022931,0.000232875,0.000239064,0.000248615,0.000262268,0.000280761,0.000304837,0.000335262,0.000372848,0.000418497,0.000473264,0.000538437,0.000615659,0.000707091,0.00081564,0.000945289,0.00110157,0.00129229,0.00143591,0.00165752,0.0019646,0.00237244,0.00291031,0.00363151,0.00462877,0.00605788,0.00817338,0.0113786,0.0162781,0.0236561,0.0341001,0.0465055,0.0545919,0.0465175,0.0341232,0.0236885,0.0163168,0.0114203,0.0082156,0.00610041,0.00467412,0.00368467,0.00297753,0.00245983,0.00207724,0.00179939,0.00161066,0.00150428,0.00127652,0.00108986,0.000935146,0.000805856,0.000697271,0.000605943,0.000529315,0.000465446,0.00041282,0.000370191,0.000336479,0.000310688,0.000291842,0.000278959,0.000271022,0.000266982,0.000265758,0.000266258,0.000267399,0.000268134,0.000267476,0.000264535,0.000258539,0.000248871,0.000235088,0.000216955,0.000194456,0.000167812,0.00013748,0.000104142,6.86829e-05,3.21464e-05,-4.31669e-06,-3.7009e-05,-6.41704e-05,-8.59757e-05,-0.000101083,-0.000108064,-0.000106224,-9.58645e-05,-7.82459e-05,-5.5251e-05,-2.87792e-05,0
0,-2.39971e-05,-4.65508e-05,-6.54751e-05,-7.90542e-05,-8.56702e-05,-8.43587e-05,-7.51074e-05,-5.88589e-05,-3.7261e-05,-1.22435e-05,1.48212e-05,4.43717e-05,7.51832e-05,0.000104207,0.000130754,0.000154315,0.000174569,0.000191384,0.000204805,0.000215028,0.000222376,0.00022728,0.000230249,0.000231855,0.000232718,0.000233492,0.000234859,0.000237518,0.000242183,0.000249573,0.000260413,0.000275433,0.000295376,0.000321009,0.000353151,0.000392713,0.000440759,0.000498593,0.000567877,0.000650804,0.000750326,0.000870489,0.0010169,0.00119742,0.00142319,0.00159467,0.00183974,0.00216879,0.00260577,0.00319702,0.00402633,0.00524159,0.00710455,0.0100872,0.0150609,0.0236561,0.0388384,0.065221,0.10581,0.143482,0.105827,0.0652553,0.0388882,0.0237184,0.0151312,0.0101611,0.0071792,0.00531662,0.00410424,0.00328216,0.00270289,0.00228212,0.00197305,0.00175253,0.00161277,0.00135676,0.00115089,0.000982898,0.000844253,0.000728904,0.000632522,0.000551969,0.000484928,0.000429639,0.000384711,0.000348978,0.0003214,0.000300986,0.000286748,0.000277675,0.000272719,0.0002708,0.000270816,0.000271667,0.000272277,0.000271623,0.00026877,0.0002629,0.000253346,0.000239623,0.000221457,0.000198807,0.00017188,0.000141132,0.00010726,7.11726e-05,3.39454e-05,-3.23362e-06,-3.66091e-05,-6.43773e-05,-8.66859e-05,-0.000102159,-0.000109345,-0.000107544,-9.70732e-05,-7.92274e-05,-5.59321e-05,-2.91256e-05,0
0,-2.40776e-05,-4.6721e-05,-6.57374e-05,-7.93985e-05,-8.60695e-05,-8.47685e-05,-7.54707e-05,-5.91135e-05,-3.73483e-05,-1.21154e-05,1.52007e-05,4.50335e-05,7.61427e-05,0.000105455,0.00013227,0.000156073,0.000176543,0.000193554,0.000207161,0.000217577,0.000225147,0.000230321,0.000233629,0.00023566,0.000237046,0.000238446,0.00024054,0.000244022,0.000249594,0.000257964,0.000269846,0.000285968,0.000307078,0.000333971,0.000367517,0.000408718,0.000458779,0.000519218,0.000592009,0.000679795,0.000786173,0.000916096,0.00107646,0.00127693,0.0015312,0.00172571,0.00199031,0.00233804,0.00280053,0.00344002,0.0043708,0.00580162,0.00812622,0.0121309,0.0195,0.0341001,0.065221,0.134564,0.281281,0.49336,0.281304,0.13461,0.0652888,0.0341856,0.0195975,0.0122337,0.00822875,0.00590116,0.00446798,0.00353796,0.00290334,0.00244967,0.00211469,0.00186821,0.00170119,0.00142203,0.00120035,0.00102143,0.000875073,0.00075417,0.000653668,0.000569951,0.000500383,0.000442999,0.000396275,0.000358968,0.000329993,0.000308339,0.000293012,0.000283001,0.000277264,0.00027472,0.000274266,0.000274791,0.000275203,0.000274457,0.000271586,0.000265742,0.000256221,0.000242507,0.000224298,0.000201535,0.000174412,0.000143386,0.00010916,7.26599e-05,3.49836e-05,-2.65582e-06,-3.64625e-05,-6.46039e-05,-8.72115e-05,-0.00010289,-0.000110177,-0.000108373,-9.78107e-05,-7.98102e-05,-5.63261e-05,-2.93214e-05,0
0,-2.40551e-05,-4.6702e-05,-6.57568e-05,-7.94902e-05,-8.62573e-05,-8.50598e-05,-7.58536e-05,-5.95583e-05,-3.78135e-05,-1.25542e-05,1.48354e-05,4.47888e-05,7.6056e-05,0.000105546,0.000132551,0.000156547,0.000177211,0.000194417,0.000208224,0.000218854,0.000226661,0.00023211,0.000235741,0.000238154,0.000239985,0.000241896,0.000244564,0.000248673,0.000254917,0.000263993,0.000276607,0.000293484,0.000315381,0.000343111,0.000377587,0.000419875,0.00047128,0.000533464,0.000608609,0.000699646,0.000810574,0.000946906,0.00111631,0.00132955,0.00160182,0.00181082,0.00208814,0.00244878,0.00292974,0.00360463,0.00461112,0.00620912,0.00891737,0.0138685,0.0238342,0.0465055,0.10581,0.281281,0.823388,2.18887,0.823416,0.281336,0.105892,0.0466088,0.0239521,0.0139925,0.00904004,0.00632585,0.00472112,0.00371019,0.00303467,0.00255723,0.00220461,0.00194177,0.00175846,0.00146476,0.00123304,0.00104708,0.000895731,0.000771214,0.000668035,0.000582272,0.000511082,0.000452359,0.000404486,0.000366162,0.000336266,0.000313769,0.000297672,0.000286965,0.00028061,0.000277532,0.000276632,0.000276801,0.00027694,0.000275995,0.000272989,0.000267052,0.000257466,0.000243695,0.000225421,0.000202571,0.000175334,0.000144162,0.000109765,7.30731e-05,3.51978e-05,-2.63573e-06,-3.66096e-05,-6.48775e-05,-8.75676e-05,-0.000103281,-0.000110555,-0.000108701,-9.8064e-05,-7.99815e-05,-5.64231e-05,-2.93611e-05,0
0,-2.39286e-05,-4.64917e-05,-6.55302e-05,-7.93248e-05,-8.62283e-05,-8.52265e-05,-7.62497e-05,-6.0188e-05,-3.86528e-05,-1.35581e-05,1.37243e-05,4.36335e-05,7.49154e-05,0.00010447,0.000131582,0.00015572,0.000176555,0.000193954,0.000207973,0.000218834,0.000226894,0.000232618,0.000236551,0.000239293,0.000241481,0.000243772,0.000246837,0.000251352,0.000257999,0.000267465,0.00028045,0.000297676,0.000319902,0.000347956,0.00038277,0.000425442,0.000477323,0.00054013,0.000616119,0.000708311,0.000820821,0.00095931,0.00113164,0.00134883,0.00162643,0.00183914,0.00212014,0.00248543,0.00297394,0.00366311,0.00469918,0.00636277,0.00922959,0.0146171,0.0260238,0.0545919,0.143482,0.49336,2.18887,11.8164,2.1889,0.493419,0.14357,0.0547031,0.0261508,0.0147509,0.00936179,0.00648771,0.00481511,0.00377162,0.0030786,0.0025907,0.00223139,0.00196418,0.00177806,0.00148034,0.00124564,0.00105747,0.000904481,0.000778742,0.000674651,0.000588195,0.000516461,0.000457288,0.000409015,0.000370309,0.000340031,0.000317139,0.000300632,0.000289502,0.000282718,0.000279217,0.000277909,0.000277695,0.000277488,0.00027624,0.000272975,0.000266825,0.00025707,0.00024317,0.000224802,0.000201889,0.000174615,0.000143432,0.000109045,7.23872e-05,3.45673e-05,-3.18888e-06,-3.70604e-05,-6.5203e-05,-8.77542e-05,-0.000103327,-0.000110474,-0.00010852,-9.78251e-05,-7.97344e-05,-5.62181e-05,-2.9242e-05,0
0,-2.3698e-05,-4.60889e-05,-6.50543e-05,-7.88959e-05,-8.59713e-05,-8.52523e-05,-7.66379e-05,-6.09766e-05,-3.98369e-05,-1.50963e-05,1.18984e-05,4.15971e-05,7.27474e-05,0.000102248,0.00012938,0.000153604,0.00017458,0.000192164,0.000206403,0.000217508,0.000225828,0.000231823,0.000236031,0.000239044,0.000241491,0.000244021,0.000247294,0.000251975,0.000258734,0.00026825,0.000281216,0.000298348,0.000320407,0.000348221,0.000382724,0.000425012,0.000476419,0.00053863,0.000613836,0.000704946,0.000815895,0.00095207,0.00112093,0.00133293,0.00160284,0.00180802,0.00208292,0.00244337,0.00292631,0.0036044,0.004614,0.00621407,0.0089233,0.0138751,0.0238426,0.0465175,0.105827,0.281304,0.823416,2.1889,0.823445,0.281361,0.105912,0.0466243,0.0239652,0.014005,0.00905236,0.00633679,0.00472832,0.00371146,0.00302941,0.00254717,0.0021936,0.00193453,0.00175885,0.00146774,0.00123726,0.00105181,0.000900646,0.000776183,0.000673038,0.000587323,0.000516191,0.000457511,0.000409633,0.000371222,0.000341133,0.000318323,0.000301788,0.000290527,0.00028352,0.000279717,0.00027805,0.000277441,0.000276823,0.000275172,0.000271533,0.000265055,0.000255032,0.000240935,0.00022245,0.000199501,0.000172274,0.000141215,0.000107025,7.06251e-05,3.31152e-05,-4.29283e-06,-3.77939e-05,-6.55618e-05,-8.77559e-05,-0.000103016,-0.000109923,-0.000107825,-9.70916e-05,-7.90683e-05,-5.57112e-05,-2.89645e-05,0
0,-2.33641e-05,-4.54937e-05,-6.43261e-05,-7.81949e-05,-8.54704e-05,-8.51121e-05,-7.6983e-05,-6.18796e-05,-4.13132e-05,-1.71101e-05,9.41949e-06,3.87417e-05,6.96119e-05,9.89364e-05,0.000125994,0.000150239,0.000171316,0.000189068,0.000203524,0.000214878,0.000223461,0.000229715,0.000234164,0.000237384,0.000239988,0.000242611,0.000245897,0.000250498,0.000257073,0.000266291,0.000278838,0.000295429,0.000316819,0.000343832,0.000377385,0.000418541,0.000468571,0.000529047,0.000601972,0.000689966,0.000796519,0.000926368,0.00108603,0.00128463,0.00153506,0.00172287,0.00198287,0.00232955,0.00279454,0.00343863,0.00437408,0.0058082,0.00813477,0.0121416,0.0195151,0.0341232,0.0652553,0.13461,0.281336,0.493419,0.281361,0.13466,0.0653274,0.0342146,0.0196201,0.0122535,0.0082472,0.00591713,0.00447827,0.00353946,0.00289527,0.00243487,0.00209923,0.0018594,0.00170477,0.00142934,0.00120926,0.00103088,0.000884628,0.000763711,0.000663235,0.000579618,0.000510192,0.000452928,0.00040623,0.000368786,0.000339458,0.000317206,0.000301029,0.000289935,0.000282915,0.000278943,0.000276976,0.000275969,0.000274891,0.000272755,0.000268642,0.000261738,0.000251365,0.000237021,0.000218408,0.000195463,0.000168373,0.00013758,0.000103773,6.78566e-05,3.09073e-05,-5.8883e-06,-3.87596e-05,-6.59133e-05,-8.75427e-05,-0.00010233,-0.000108895,-0.000106613,-9.58663e-05,-7.79884e-05,-5.49077e-05,-2.85319e-05,0
0,-2.29286e-05,-4.47071e-05,-6.33432e-05,-7.72124e-05,-8.47057e-05,-8.47729e-05,-7.72377e-05,-6.28354e-05,-4.30076e-05,-1.95157e-05,6.37764e-06,3.51598e-05,6.56001e-05,9.46213e-05,0.000121503,0.000145692,0.000166821,0.000184711,0.000199369,0.000210962,0.000219799,0.000226293,0.000230943,0.000234302,0.000236961,0.00023953,0.000242638,0.000246919,0.000253021,0.000261604,0.000273351,0.000288973,0.000309224,0.000334919,0.000366952,0.000406334,0.000454239,0.000512072,0.000581564,0.00066491,0.000764965,0.000885527,0.00103175,0.00121078,0.00143271,0.00159629,0.00183492,0.00216088,0.00259844,0.00319274,0.00402575,0.00524417,0.00711013,0.0100974,0.0150797,0.0236885,0.0388882,0.0652888,0.105892,0.14357,0.105912,0.0653274,0.0389437,0.0237573,0.0151575,0.0101796,0.00719356,0.00532771,0.00411057,0.00328176,0.00269557,0.00227077,0.00196332,0.00175084,0.00162359,0.0013701,0.00116486,0.000996703,0.000857705,0.000742122,0.000645727,0.00056536,0.000498611,0.000443598,0.000398805,0.000362957,0.000334931,0.000313693,0.000298246,0.000287607,0.000280784,0.000276778,0.000274579,0.000273187,0.000271618,0.000268937,0.000264278,0.000256876,0.000246099,0.000231481,0.000212753,0.000189868,0.000163019,0.000132641,9.94072e-05,6.41951e-05,2.80487e-05,-7.88239e-06,-3.98798e-05,-6.61972e-05,-8.70724e-05,-0.000101242,-0.000107377,-0.000104886,-9.41578e-05,-7.65061e-05,-5.38178e-05,-2.79502e-05,0
0,-2.23943e-05,-4.37317e-05,-6.21043e-05,-7.59388e-05,-8.36547e-05,-8.4196e-05,-7.73449e-05,-6.37684e-05,-4.48276e-05,-2.22071e-05,2.88839e-06,3.0972e-05,6.08329e-05,8.94193e-05,0.000116015,0.000140062,0.000161176,0.000179158,0.000193986,0.000205798,0.000214865,0.00022157,0.000226376,0.000229804,0.000232414,0.000234792,0.000237541,0.000241279,0.00024664,0.000254278,0.000264876,0.000279148,0.000297852,0.000321795,0.000351853,0.000388981,0.000434247,0.000488867,0.000554263,0.000632144,0.000724632,0.000834431,0.000965091,0.0011214,0.00131001,0.00144645,0.0016602,0.00196084,0.00236469,0.00290094,0.00362228,0.00462127,0.00605454,0.00817831,0.0113975,0.0163168,0.0237184,0.0341856,0.0466088,0.0547031,0.0466243,0.0342146,0.0237573,0.0163613,0.0114437,0.00822396,0.00610004,0.00466982,0.00367912,0.0029721,0.00245577,0.00207651,0.00180451,0.00162361,0.00152509,0.00129647,0.00110826,0.000952065,0.000821718,0.000712629,0.000621311,0.000545068,0.000481775,0.000429714,0.000387453,0.000353758,0.000327521,0.000307711,0.000293335,0.000283419,0.000276993,0.000273086,0.000270733,0.000268985,0.000266919,0.000263664,0.000258419,0.000250484,0.000239283,0.000224398,0.000205596,0.000182852,0.000156363,0.000126558,9.4086e-05,5.97926e-05,2.46787e-05,-1.01538e-05,-4.10546e-05,-6.63374e-05,-8.62932e-05,-9.97252e-05,-0.000105362,-0.00010265,-9.19802e-05,-7.46385e-05,-5.24565e-05,-2.72282e-05,0
0,-2.17649e-05,-4.25719e-05,-6.06096e-05,-7.43649e-05,-8.22938e-05,-8.33389e-05,-7.72406e-05,-6.45925e-05,-4.66665e-05,-2.506e-05,-9.11329e-07,2.63228e-05,5.54573e-05,8.34746e-05,0.000109667,0.000133471,0.00015449,0.000172501,0.00018745,0.000199439,0.0002087,0.000215574,0.000220483,0.000223908,0.000226373,0.000228431,0.000230658,0.000233653,0.000238038,0.000244463,0.000253615,0.00026622,0.000283046,0.000304909,0.000332675,0.000367261,0.000409642,0.000460859,0.000522044,0.000594438,0.000679446,0.000778692,0.000894121,0.00102814,0.00118385,0.00129441,0.00148257,0.00175503,0.00212089,0.00259569,0.00320834,0.00401034,0.00508615,0.00656221,0.00860899,0.0114203,0.0151312,0.0195975,0.0239521,0.0261508,0.0239652,0.0196201,0.0151575,0.0114437,0.00862519,0.00657051,0.00509052,0.00401886,0.0032314,0.00264364,0.00220192,0.00187403,0.0016412,0.00149211,0.00141916,0.00121501,0.00104389,0.000899947,0.000778694,0.000676621,0.000590941,0.000519397,0.000460126,0.00041156,0.000372342,0.000341267,0.000317234,0.00029921,0.000286205,0.000277253,0.000271405,0.000267729,0.000265307,0.000263251,0.000260709,0.000256885,0.000251056,0.000242594,0.000230992,0.000215885,0.000197083,0.000174583,0.000148591,0.000119524,8.8003e-05,5.48327e-05,2.09635e-05,-1.25594e-05,-4.21683e-05,-6.62476e-05,-8.51484e-05,-9.77488e-05,-0.000102843,-9.99139e-05,-8.93538e-05,-7.24085e-05,-5.08431e-05,-2.6377e-05,0
0,-2.10452e-05,-4.12335e-05,-5.88613e-05,-7.24835e-05,-8.06003e-05,-8.21581e-05,-7.68573e-05,-6.52149e-05,-4.84074e-05,-2.7937e-05,-4.86791e-06,2.13764e-05,4.96425e-05,7.69556e-05,0.00010262,0.000126071,0.000146898,0.000164857,0.000179859,0.000191966,0.000201367,0.000208355,0.000213305,0.000216654,0.000218882,0.000220505,0.00022207,0.000224153,0.000227366,0.000232359,0.000239829,0.000250521,0.000265229,0.000284794,0.000310094,0.000342034,0.000381534,0.000429513,0.000486875,0.000554488,0.000633169,0.000723649,0.000826528,0.000942201,0.00107073,0.0011603,0.00132422,0.00156644,0.00189049,0.0023021,0.00281367,0.00344952,0.00425003,0.00527161,0.00657802,0.0082156,0.0101611,0.0122337,0.0139925,0.0147509,0.014005,0.0122535,0.0101796,0.00822396,0.00657051,0.00524817,0.00421728,0.00341975,0.00280219,0.00232371,0.00195622,0.00168159,0.00148815,0.00136775,0.001314,0.00113131,0.000975581,0.00084303,0.000730525,0.000635451,0.000555592,0.000489048,0.000434164,0.000389483,0.000353694,0.000325606,0.000304111,0.000288169,0.000276785,0.000269003,0.000263899,0.000260579,0.000258182,0.000255888,0.000252923,0.000248575,0.000242206,0.000233269,0.000221331,0.000206089,0.000187394,0.000165269,0.000139926,0.000111766,8.13794e-05,4.95225e-05,1.70882e-05,-1.49421e-05,-4.30957e-05,-6.58365e-05,-8.35804e-05,-9.52863e-05,-9.98179e-05,-9.66953e-05,-8.6305e-05,-6.98444e-05,-4.90011e-05,-2.54102e-05,0
0,-2.02412e-05,-3.97247e-05,-5.68647e-05,-7.02904e-05,-7.85538e-05,-8.06119e-05,-7.61273e-05,-6.55406e-05,-4.99286e-05,-3.06925e-05,-8.81649e-06,1.63118e-05,4.35756e-05,7.00516e-05,9.50591e-05,0.000118036,0.000138563,0.000156369,0.000171336,0.000183484,0.000192953,0.000199987,0.00020491,0.000208106,0.000210011,0.0002111,0.000211885,0.000212921,0.00021481,0.000218205,0.000223819,0.000232429,0.000244867,0.000262017,0.000284797,0.000314138,0.000350956,0.00039612,0.000450409,0.000514467,0.00058874,0.000673384,0.000768132,0.000872079,0.000983334,0.00105907,0.00120123,0.00141137,0.00168955,0.002036,0.0024539,0.00295231,0.00354764,0.00426152,0.00511266,0.00610041,0.0071792,0.00822875,0.00904004,0.00936179,0.00905236,0.0082472,0.00719356,0.00610004,0.00509052,0.00421728,0.0034889,0.00289357,0.0024134,0.0020315,0.00173423,0.00151113,0.00135418,0.00125708,0.00121496,0.00104917,0.000906101,0.000783353,0.000678744,0.000590284,0.000516157,0.000454705,0.000404407,0.000363861,0.000331774,0.000306941,0.000288237,0.000274603,0.00026504,0.0002586,0.000254383,0.000251541,0.000249273,0.000246832,0.000243528,0.000238741,0.000231921,0.000222608,0.000210445,0.000195192,0.000176743,0.000155147,0.000130616,0.000103535,7.44559e-05,4.40838e-05,1.3248e-05,-1.7139e-05,-4.371e-05,-6.50147e-05,-8.15359e-05,-9.23169e-05,-9.62924e-05,-9.30175e-05,-8.28664e-05,-6.69798e-05,-4.69574e-05,-2.43427e-05,0
0,-1.93601e-05,-3.80561e-05,-5.46281e-05,-6.77854e-05,-7.6139e-05,-7.86628e-05,-7.4987e-05,-6.5477e-05,-5.11089e-05,-3.31787e-05,-1.25871e-05,1.13161e-05,3.74557e-05,6.29671e-05,8.71893e-05,0.000109566,0.00012967,0.00014721,0.000162036,0.000174127,0.000183576,0.000190574,0.000195389,0.000198356,0.000199857,0.000200325,0.000200238,0.000200128,0.000200585,0.00020227,0.00020592,0.000212346,0.000222436,0.000237135,0.000257429,0.000284313,0.000318753,0.000361646,0.000413765,0.000475702,0.000547787,0.000629984,0.000721736,0.000821718,0.000927454,0.000996963,0.0011203,0.00129694,0.00152551,0.00180474,0.00213484,0.00251873,0.00296204,0.00347082,0.00404597,0.00467412,0.00531662,0.00590116,0.00632585,0.00648771,0.00633679,0.00591713,0.00532771,0.00466982,0.00401886,0.00341975,0.00289357,0.00244639,0.00207635,0.00177787,0.00154394,0.00136731,0.00124146,0.00116138,0.00112411,0.000970394,0.000836974,0.000722207,0.000624442,0.000542043,0.000473414,0.000417015,0.000371378,0.000335108,0.00030689,0.000285489,0.000269747,0.000258583,0.000250988,0.000246023,0.000242818,0.00024057,0.000238544,0.000236069,0.000232545,0.000227441,0.000220302,0.000210755,0.000198519,0.000183413,0.000165377,0.000144478,0.000120931,9.50952e-05,6.74833e-05,3.87437e-05,9.63908e-06,-1.89902e-05,-4.38901e-05,-6.37004e-05,-7.89705e-05,-8.88291e-05,-9.22809e-05,-8.89118e-05,-7.90776e-05,-6.38532e-05,-4.47424e-05,-2.31916e-05,0
0,-1.84102e-05,-3.62409e-05,-5.21643e-05,-6.49741e-05,-7.33469e-05,-7.6281e-05,-7.33804e-05,-6.49389e-05,-5.18329e-05,-3.52523e-05,-1.60112e-05,6.57857e-06,3.14874e-05,5.59167e-05,7.92284e-05,0.000100876,0.000120428,0.000137576,0.000152141,0.000164062,0.000173386,0.000180251,0.000184872,0.000187527,0.000188549,0.000188325,0.000187297,0.000185972,0.000184933,0.000184848,0.000186479,0.000190683,0.000198408,0.000210678,0.000228565,0.00025316,0.00028553,0.000326668,0.000377446,0.000438559,0.000510458,0.000593268,0.000686677,0.000789757,0.000900704,0.000970326,0.00107775,0.0012207,0.00139789,0.00160952,0.00185741,0.00214459,0.00247399,0.00284604,0.00325504,0.00368467,0.00410424,0.00446798,0.00472112,0.00481511,0.00472832,0.00447827,0.00411057,0.00367912,0.0032314,0.00280219,0.0024134,0.00207635,0.00179458,0.0015663,0.00138638,0.00124842,0.00114671,0.00107772,0.00104078,0.00089505,0.000768645,0.000660219,0.000568322,0.000491441,0.00042804,0.000376594,0.000335616,0.000303674,0.000279406,0.000261529,0.000248845,0.000240246,0.000234716,0.000231325,0.000229236,0.000227694,0.000226031,0.000223656,0.000220057,0.000214796,0.000207508,0.000197906,0.00018578,0.000171009,0.000153571,0.00013355,0.000111154,8.67193e-05,6.07131e-05,3.37252e-05,6.44943e-06,-2.03467e-05,-4.35276e-05,-6.18255e-05,-7.58535e-05,-8.48239e-05,-8.78085e-05,-8.44189e-05,-7.49849e-05,-6.0508e-05,-4.23896e-05,-2.19752e-05,0
0,-1.74014e-05,-3.42952e-05,-4.94907e-05,-6.18686e-05,-7.01773e-05,-7.34471e-05,-7.12629e-05,-6.38531e-05,-5.19974e-05,-3.67802e-05,-1.89288e-05,2.28277e-06,2.58736e-05,4.91176e-05,7.14023e-05,9.21948e-05,0.000111063,0.000127686,0.000141858,0.000153484,0.000162566,0.000169191,0.000173522,0.000175782,0.000176253,0.000175277,0.000173259,0.000170683,0.000168122,0.000166251,0.00016586,0.000167852,0.000173241,0.000183132,0.0001987,0.000221149,0.000251673,0.000291409,0.0003414,0.00040255,0.000475593,0.000561065,0.000659266,0.00077021,0.000893556,0.000967111,0.00106141,0.00117263,0.00130039,0.00144793,0.00162123,0.00182695,0.00206975,0.0023493,0.00265767,0.00297753,0.00328216,0.00353796,0.00371019,0.00377162,0.00371146,0.00353946,0.00328176,0.0029721,0.00264364,0.00232371,0.0020315,0.00177787,0.0015663,0.00139467,0.00125755,0.00114876,0.00106375,0.00100112,0.00096279,0.000822183,0.000700877,0.000597582,0.000510833,0.000439062,0.00038067,0.000334068,0.000297701,0.000270072,0.000249757,0.000235418,0.000225815,0.000219817,0.000216399,0.000214647,0.000213758,0.000213028,0.000211857,0.000209733,0.000206229,0.000200997,0.000193759,0.000184308,0.000172501,0.000158269,0.000141622,0.000122658,0.000101574,7.86772e-05,5.43885e-05,2.92378e-05,3.85049e-06,-2.10779e-05,-4.25336e-05,-5.93408e-05,-7.21714e-05,-8.03176e-05,-8.29134e-05,-7.95891e-05,-7.06417e-05,-5.69923e-05,-3.99352e-05,-2.07129e-05,0
0,-1.63449e-05,-3.22384e-05,-4.66299e-05,-5.84888e-05,-6.66405e-05,-7.01546e-05,-6.86055e-05,-6.21633e-05,-5.15166e-05,-3.76467e-05,-2.11955e-05,-1.40073e-06,2.08077e-05,4.27817e-05,6.39369e-05,8.37568e-05,0.000101813,0.000117777,0.000131421,0.000142619,0.000151333,0.000157604,0.000161543,0.000163322,0.000163175,0.000161397,0.000158361,0.000154523,0.000150447,0.000146816,0.000144441,0.000144271,0.000147381,0.000154959,0.000168277,0.000188654,0.000217416,0.00025586,0.000305216,0.000366639,0.00044121,0.000529972,0.000633981,0.000754367,0.000892429,0.000970817,0.00105467,0.00113881,0.00122381,0.00131615,0.00142642,0.00156596,0.00174281,0.00195796,0.00220299,0.00245983,0.00270289,0.00290334,0.00303467,0.0030786,0.00302941,0.00289527,0.00269557,0.00245577,0.00220192,0.00195622,0.00173423,0.00154394,0.00138638,0.00125755,0.00115122,0.0010618,0.000986651,0.000927116,0.000887845,0.000750568,0.00063317,0.000534318,0.000452339,0.00038547,0.000331962,0.000290113,0.000258282,0.000234895,0.000218465,0.000207605,0.00020104,0.000197618,0.000196314,0.000196233,0.000196607,0.000196788,0.000196239,0.000194525,0.000191303,0.000186306,0.000179337,0.000170259,0.000158991,0.000145508,0.000129845,0.000112106,9.24744e-05,7.12265e-05,4.87346e-05,2.54693e-05,1.98948e-06,-2.10786e-05,-4.08438e-05,-5.62201e-05,-6.79316e-05,-7.53442e-05,-7.76474e-05,-7.44834e-05,-6.61089e-05,-5.3359e-05,-3.74176e-05,-1.94254e-05,0
0,-1.52531e-05,-3.00931e-05,-4.36105e-05,-5.48634e-05,-6.27586e-05,-6.64124e-05,-6.53975e-05,-5.98343e-05,-5.03272e-05,-3.77593e-05,-2.26895e-05,-4.32205e-06,1.64657e-05,3.71076e-05,5.70494e-05,7.5794e-05,9.29207e-05,0.000108096,0.000121079,0.000131716,0.000139933,0.00014573,0.000149174,0.000150388,0.000149559,0.000146943,0.000142875,0.000137788,0.000132235,0.0001269,0.000122615,0.000120364,0.000121276,0.000126608,0.000137715,0.000156015,0.000182948,0.000219942,0.000268391,0.000329664,0.000405147,0.000496344,0.000605005,0.000733269,0.00088374,0.000965462,0.00104153,0.00110568,0.00115906,0.0012104,0.00127365,0.00136381,0.00149188,0.00166052,0.0018617,0.00207724,0.00228212,0.00244967,0.00255723,0.0025907,0.00254717,0.00243487,0.00227077,0.00207651,0.00187403,0.00168159,0.00151113,0.00136731,0.00124842,0.00114876,0.0010618,0.000983126,0.000912371,0.000853684,0.000814567,0.000679114,0.000565002,0.000470447,0.000393248,0.0003313,0.000282656,0.000245495,0.000218096,0.000198825,0.000186148,0.00017864,0.000175004,0.000174077,0.000174845,0.000176434,0.000178115,0.000179292,0.000179492,0.000178353,0.000175603,0.000171054,0.000164577,0.0001561,0.00014559,0.000133057,0.000118556,0.000102189,8.41247e-05,6.46033e-05,4.395e-05,2.2578e-05,9.82762e-07,-2.02741e-05,-3.8423e-05,-5.24638e-05,-6.31641e-05,-6.99562e-05,-7.20772e-05,-6.91734e-05,-6.14543e-05,-4.9665e-05,-3.48779e-05,-1.81339e-05,0
0,-1.41401e-05,-2.78853e-05,-4.04669e-05,-5.10305e-05,-5.85671e-05,-6.22468e-05,-6.16494e-05,-5.68553e-05,-4.83931e-05,-3.70539e-05,-2.33177e-05,-6.35922e-06,1.29975e-05,3.22717e-05,5.09398e-05,6.85264e-05,8.46222e-05,9.88946e-05,0.000111091,0.000121038,0.000128634,0.000133843,0.00013669,0.000137258,0.000135693,0.000132209,0.000127111,0.000120809,0.00011384,0.000106888,0.000100796,9.65731e-05,9.53863e-05,9.85415e-05,0.000107453,0.000123606,0.000148513,0.000183681,0.000230596,0.000290743,0.000365684,0.000457217,0.00056761,0.000699842,0.000857493,0.000940043,0.00101109,0.00106379,0.00109955,0.00112776,0.00116338,0.00122254,0.00131736,0.00145147,0.0016178,0.00179939,0.00197305,0.00211469,0.00220461,0.00223139,0.0021936,0.00209923,0.00196332,0.00180451,0.0016412,0.00148815,0.00135418,0.00124146,0.00114671,0.00106375,0.000986651,0.000912371,0.000842181,0.000781941,0.000742237,0.000606455,0.000495745,0.000406061,0.000334103,0.000277325,0.000233614,0.000201084,0.000177977,0.000162639,0.000153513,0.000149164,0.000148287,0.000149725,0.000152478,0.000155703,0.000158711,0.000160955,0.000162022,0.000161613,0.000159525,0.00015563,0.000149863,0.000142201,0.000132651,0.000121251,0.000108064,9.31875e-05,7.67686e-05,5.90127e-05,4.01989e-05,2.06858e-05,9.10467e-07,-1.86243e-05,-3.5268e-05,-4.81004e-05,-5.79233e-05,-6.42258e-05,-6.62842e-05,-6.37407e-05,-5.67523e-05,-4.5971e-05,-3.23585e-05,-1.68605e-05,0
0,-1.30209e-05,-2.56441e-05,-3.72396e-05,-4.70375e-05,-5.41151e-05,-5.77021e-05,-5.73945e-05,-5.32426e-05,-4.57087e-05,-3.54994e-05,-2.30216e-05,-7.4244e-06,1.05205e-05,2.842e-05,4.57813e-05,6.21526e-05,7.71387e-05,9.04115e-05,0.000101714,0.000110857,0.000117718,0.000122232,0.000124391,0.000124241,0.000121891,0.000117525,0.000111415,0.000103948,9.56464e-05,8.71871e-05,7.94166e-05,7.33552e-05,7.01888e-05,7.12482e-05,7.79753e-05,9.18801e-05,0.000114495,0.000147337,0.000191883,0.000249597,0.000322013,0.00041095,0.000518921,0.000649792,0.00080907,0.000891458,0.000960319,0.00101015,0.00104275,0.00106663,0.00109494,0.00114185,0.001218,0.00132676,0.00146234,0.00161066,0.00175253,0.00186821,0.00194177,0.00196418,0.00193453,0.0018594,0.00175084,0.00162361,0.00149211,0.00136775,0.00125708,0.00116138,0.00107772,0.00100112,0.000927116,0.000853684,0.000781941,0.000715934,0.00066619,0.000529259,0.000424472,0.000341449,0.000275691,0.000224508,0.000185836,0.000157849,0.00013884,0.000127183,0.000121342,0.000119894,0.000121551,0.000125174,0.000129789,0.000134585,0.000138913,0.000142275,0.000144309,0.00014477,0.000143513,0.000140463,0.000135602,0.000128946,0.000120532,0.000110414,9.86574e-05,8.53502e-05,7.06143e-05,5.46206e-05,3.7604e-05,1.98732e-05,1.81263e-06,-1.61268e-05,-3.14094e-05,-4.3188e-05,-5.22874e-05,-5.8244e-05,-6.03636e-05,-5.82769e-05,-5.20833e-05,-4.23407e-05,-2.99032e-05,-1.56273e-05,0
0,-1.19116e-05,-2.34018e-05,-3.39746e-05,-4.2941e-05,-4.9465e-05,-5.28409e-05,-5.26892e-05,-4.90404e-05,-4.23006e-05,-3.31004e-05,-2.178e-05,-7.46884e-06,9.11301e-06,2.56608e-05,4.17125e-05,5.68402e-05,7.06653e-05,8.2868e-05,9.31909e-05,0.000101437,0.000107468,0.000111197,0.000112589,0.000111662,0.000108496,0.000103244,9.61539e-05,8.75904e-05,7.80585e-05,6.82237e-05,5.89261e-05,5.11834e-05,4.61809e-05,4.52477e-05,4.98191e-05,6.13884e-05,8.14531e-05,0.000111465,0.000152793,0.000206723,0.000274511,0.00035758,0.000458045,0.000580402,0.000737792,0.000826384,0.000894879,0.000948578,0.000990453,0.00102668,0.00106612,0.00111802,0.00118905,0.00128092,0.00138927,0.00150428,0.00161277,0.00170119,0.00175846,0.00177806,0.00175885,0.00170477,0.00162359,0.00152509,0.00141916,0.001314,0.00121496,0.00112411,0.00104078,0.00096279,0.000887845,0.000814567,0.000742237,0.00066619,0.000548063,0.000440759,0.000350893,0.000277627,0.000219242,0.000174051,0.000140441,0.000116828,0.00010164,9.33399e-05,9.04504e-05,9.15911e-05,9.5508e-05,0.000101096,0.000107413,0.000113684,0.0001193,0.000123804,0.000126879,0.000128327,0.000128044,0.000125998,0.000122207,0.000116712,0.000109571,0.000100843,9.05909e-05,7.88862e-05,6.58257e-05,5.1546e-05,3.62411e-05,2.01753e-05,3.68685e-06,-1.28174e-05,-2.69115e-05,-3.78129e-05,-4.6358e-05,-5.21194e-05,-5.44232e-05,-5.28811e-05,-4.75315e-05,-3.88393e-05,-2.75558e-05,-1.44561e-05,0
0,-1.08291e-05,-2.11925e-05,-3.07227e-05,-3.88058e-05,-4.46919e-05,-4.77434e-05,-4.7613e-05,-4.43212e-05,-3.82282e-05,-2.98982e-05,-1.96122e-05,-6.48584e-06,8.81001e-06,2.40596e-05,3.88298e-05,5.27172e-05,6.53614e-05,7.64539e-05,8.57413e-05,9.30242e-05,9.8154e-05,0.00010103,0.000101598,9.98549e-05,9.58562e-05,8.97328e-05,8.17105e-05,7.21343e-05,6.14911e-05,5.04307e-05,3.97782e-05,3.0535e-05,2.38672e-05,2.1078e-05,2.35652e-05,3.27673e-05,5.01001e-05,7.6893e-05,0.000114329,0.000163399,0.000224867,0.000299241,0.000386649,0.000486147,0.000592148,0.000676049,0.000743266,0.00079751,0.00084223,0.000882302,0.000923855,0.000972945,0.00103379,0.00110731,0.00119042,0.00127652,0.00135676,0.00142203,0.00146476,0.00148034,0.00146774,0.00142934,0.0013701,0.00129647,0.00121501,0.00113131,0.00104917,0.000970394,0.00089505,0.000822183,0.000750568,0.000679114,0.000606455,0.000529259,0.000440759,0.000355492,0.000280314,0.000217302,0.00016655,0.000127346,9.86072e-05,7.90574e-05,6.73184e-05,6.19786e-05,6.16505e-05,6.50199e-05,7.08847e-05,7.81835e-05,8.60131e-05,9.36361e-05,0.000100479,0.000106121,0.000110282,0.000112797,0.000113595,0.000112674,0.000110072,0.00010585,0.000100071,9.27936e-05,8.40699e-05,7.39534e-05,6.25139e-05,4.98555e-05,3.61357e-05,2.15798e-05,6.48773e-06,-8.76998e-06,-2.18708e-05,-3.20879e-05,-4.02569e-05,-4.59755e-05,-4.85804e-05,-4.76581e-05,-4.3184e-05,-3.55325e-05,-2.53596e-05,-1.33683e-05,0
0,-9.7906e-06,-1.90524e-05,-2.75383e-05,-3.47036e-05,-3.98817e-05,-4.25054e-05,-4.22659e-05,-3.91831e-05,-3.35819e-05,-2.59698e-05,-1.65769e-05,-4.51176e-06,9.60128e-06,2.36347e-05,3.71828e-05,4.98658e-05,6.13424e-05,7.13179e-05,7.95466e-05,8.58311e-05,9.00196e-05,9.20031e-05,9.17157e-05,8.91392e-05,8.43133e-05,7.73514e-05,6.84623e-05,5.79731e-05,4.63532e-05,3.4233e-05,2.24152e-05,1.18742e-05,3.74097e-06,-7.27877e-07,-1.96207e-07,6.69116e-06,2.12378e-05,4.4619e-05,7.78017e-05,0.000121462,0.000175891,0.000240846,0.000315249,0.000396482,0.000478871,0.000552182,0.000614859,0.000667927,0.00071367,0.000755518,0.000797628,0.000843963,0.000897192,0.000957758,0.00102349,0.00108986,0.00115089,0.00120035,0.00123304,0.00124564,0.00123726,0.00120926,0.00116486,0.00110826,0.00104389,0.000975581,0.000906101,0.000836974,0.000768645,0.000700877,0.00063317,0.000565002,0.000495745,0.000424472,0.000350893,0.000280314,0.000216983,0.000163098,0.000119398,8.57325e-05,6.14264e-05,4.54853e-05,3.67298e-05,3.38925e-05,3.56936e-05,4.09005e-05,4.83754e-05,5.71083e-05,6.62388e-05,7.50655e-05,8.30468e-05,8.97922e-05,9.50469e-05,9.8671e-05,0.000100615,0.000100891,9.95513e-05,9.66606e-05,9.22811e-05,8.64626e-05,7.92416e-05,7.06504e-05,6.07319e-05,4.95603e-05,3.72611e-05,2.40273e-05,1.0128e-05,-4.0944e-06,-1.64138e-05,-2.61494e-05,-3.41235e-05,-3.99474e-05,-4.29593e-05,-4.27153e-05,-3.91271e-05,-3.24841e-05,-2.33556e-05,-1.23835e-05,0
0,-8.81299e-06,-1.70177e-05,-2.4478e-05,-3.07106e-05,-3.51283e-05,-3.7235e-05,-3.67653e-05,-3.37471e-05,-2.84802e-05,-2.14254e-05,-1.27706e-05,-1.62455e-06,1.14315e-05,2.43571e-05,3.67715e-05,4.83176e-05,5.86736e-05,6.75598e-05,7.47414e-05,8.00273e-05,8.32673e-05,8.43504e-05,8.32055e-05,7.98062e-05,7.41824e-05,6.64363e-05,5.67636e-05,4.5477e-05,3.30285e-05,2.00272e-05,7.24832e-06,-4.36956e-06,-1.37425e-05,-1.96749e-05,-2.09093e-05,-1.61906e-05,-4.34179e-06,1.56521e-05,4.45542e-05,8.27793e-05,0.000130283,0.000186414,0.000249696,0.000317507,0.000385801,0.000449699,0.000507073,0.000557796,0.000603095,0.000645179,0.00068676,0.000730392,0.000777732,0.000828945,0.000882459,0.000935146,0.000982898,0.00102143,0.00104708,0.00105747,0.00105181,0.00103088,0.000996703,0.000952065,0.000899947,0.00084303,0.000783353,0.000722207,0.000660219,0.000597582,0.000534318,0.000470447,0.000406061,0.000341449,0.000277627,0.000217302,0.000163098,0.000116761,7.91146e-05,5.02567e-05,2.97674e-05,1.68728e-05,1.05731e-05,9.74477e-06,1.32219e-05,1.98625e-05,2.85997e-05,3.84791e-05,4.86839e-05,5.85469e-05,6.75537e-05,7.53358e-05,8.16562e-05,8.63889e-05,8.94943e-05,9.09918e-05,9.09333e-05,8.93798e-05,8.63839e-05,8.19805e-05,7.61866e-05,6.90112e-05,6.04714e-05,5.06145e-05,3.95391e-05,2.74128e-05,1.44814e-05,1.0674e-06,-1.06922e-05,-2.01523e-05,-2.81093e-05,-3.4177e-05,-3.76863e-05,-3.81587e-05,-3.5444e-05,-2.97535e-05,-2.15811e-05,-1.15194e-05,0
0,-7.91248e-06,-1.51243e-05,-2.15984e-05,-2.6905e-05,-3.05307e-05,-3.2049e-05,-3.12417e-05,-2.81521e-05,-2.30646e-05,-1.64032e-05,-8.32304e-06,2.05975e-06,1.42031e-05,2.61515e-05,3.75467e-05,4.80527e-05,5.73667e-05,6.52252e-05,7.14062e-05,7.57283e-05,7.80475e-05,7.8256e-05,7.6283e-05,7.21004e-05,6.5734e-05,5.72799e-05,4.69254e-05,3.49716e-05,2.18544e-05,8.16045e-06,-5.36564e-06,-1.78269e-05,-2.81939e-05,-3.53412e-05,-3.80991e-05,-3.53194e-05,-2.59528e-05,-9.13351e-06,1.57312e-05,4.88685e-05,9.00433e-05,0.000138456,0.000192636,0.000250374,0.000308821,0.000365064,0.000417334,0.000465118,0.00050896,0.000550171,0.000590446,0.000631379,0.000673959,0.000718179,0.000762877,0.000805856,0.000844253,0.000875073,0.000895731,0.000904481,0.000900646,0.000884628,0.000857705,0.000821718,0.000778694,0.000730525,0.000678744,0.000624442,0.000568322,0.000510833,0.000452339,0.000393248,0.000334103,0.000275691,0.000219242,0.00016655,0.000119398,7.91146e-05,4.64382e-05,2.15521e-05,4.18636e-06,-6.26944e-06,-1.06615e-05,-9.97892e-06,-5.27392e-06,2.40414e-06,1.20618e-05,2.28015e-05,3.38486e-05,4.4567e-05,5.44645e-05,6.31875e-05,7.05088e-05,7.63075e-05,8.05446e-05,8.32361e-05,8.44261e-05,8.41632e-05,8.24837e-05,7.94024e-05,7.49139e-05,6.90029e-05,6.16626e-05,5.29168e-05,4.28428e-05,3.15895e-05,1.93872e-05,6.54619e-06,-4.8778e-06,-1.42649e-05,-2.23732e-05,-2.88078e-05,-3.28851e-05,-3.4089e-05,-3.22111e-05,-2.73938e-05,-2.00682e-05,-1.07904e-05,0
0,-7.10388e-06,-1.34058e-05,-1.89544e-05,-2.33642e-05,-2.61887e-05,-2.70681e-05,-2.58334e-05,-2.25493e-05,-1.74937e-05,-1.1064e-05,-3.39147e-06,6.39249e-06,1.77806e-05,2.89002e-05,3.94125e-05,4.90006e-05,5.73798e-05,6.43031e-05,6.95629e-05,7.29897e-05,7.44495e-05,7.38421e-05,7.1102e-05,6.62045e-05,5.91764e-05,5.01127e-05,3.91959e-05,2.67184e-05,1.31014e-05,-1.09081e-06,-1.51459e-05,-2.82112e-05,-3.9316e-05,-4.7409e-05,-5.14109e-05,-5.02799e-05,-4.3087e-05,-2.90966e-05,-7.8494e-06,2.07592e-05,5.64068e-05,9.82867e-05,0.000145081,0.000194998,0.000245947,0.00029592,0.000343509,0.0003881,0.000429827,0.000469395,0.000507803,0.000545997,0.000584528,0.000623286,0.000661391,0.000697271,0.000728904,0.00075417,0.000771214,0.000778742,0.000776183,0.000763711,0.000742122,0.000712629,0.000676621,0.000635451,0.000590284,0.000542043,0.000491441,0.000439062,0.00038547,0.0003313,0.000277325,0.000224508,0.000174051,0.000127346,8.57325e-05,5.02567e-05,2.15521e-05,-1.75152e-07,-1.5101e-05,-2.37115e-05,-2.67221e-05,-2.49984e-05,-1.94842e-05,-1.11378e-05,-8.80102e-07,1.04464e-05,2.21073e-05,3.34937e-05,4.41306e-05,5.36736e-05,6.18981e-05,6.86809e-05,7.39758e-05,7.77877e-05,8.01452e-05,8.10783e-05,8.06013e-05,7.87053e-05,7.53603e-05,7.05273e-05,6.41772e-05,5.63147e-05,4.70015e-05,3.63745e-05,2.4656e-05,1.21517e-05,8.43842e-07,-8.66232e-06,-1.70748e-05,-2.39794e-05,-2.86716e-05,-3.0597e-05,-2.94945e-05,-2.54486e-05,-1.8842e-05,-1.02073e-05,0
0,-6.39992e-06,-1.18923e-05,-1.65962e-05,-2.01611e-05,-2.21989e-05,-2.24121e-05,-2.06807e-05,-1.70958e-05,-1.19366e-05,-5.58369e-06,1.8464e-06,1.11993e-05,2.19978e-05,3.24493e-05,4.22314e-05,5.10444e-05,5.862e-05,6.47273e-05,6.91739e-05,7.18043e-05,7.24969e-05,7.11626e-05,6.77454e-05,6.22283e-05,5.46434e-05,4.50881e-05,3.37439e-05,2.08967e-05,6.95466e-06,-7.53974e-06,-2.19068e-05,-3.53391e-05,-4.69254e-05,-5.56886e-05,-6.0638e-05,-6.08327e-05,-5.54529e-05,-4.38733e-05,-2.57358e-05,-1.01198e-06,2.99477e-05,6.63904e-05,0.000107175,0.000150847,0.000195795,0.000240506,0.000283833,0.000325151,0.000364356,0.00040176,0.000437899,0.000473296,0.000508217,0.000542496,0.000575452,0.000605943,0.000632522,0.000653668,0.000668035,0.000674651,0.000673038,0.000663235,0.000645727,0.000621311,0.000590941,0.000555592,0.000516157,0.000473414,0.00042804,0.00038067,0.000331962,0.000282656,0.000233614,0.000185836,0.000140441,9.86072e-05,6.14264e-05,2.97674e-05,4.18636e-06,-1.5101e-05,-2.82019e-05,-3.55006e-05,-3.75985e-05,-3.5249e-05,-2.9294e-05,-2.06052e-05,-1.00341e-05,1.62909e-06,1.3687e-05,2.55546e-05,3.67697e-05,4.69922e-05,5.59951e-05,6.36467e-05,6.98879e-05,7.4706e-05,7.81086e-05,8.01018e-05,8.0674e-05,7.97899e-05,7.73942e-05,7.34247e-05,6.78334e-05,6.06101e-05,5.18067e-05,4.15552e-05,3.00767e-05,1.76796e-05,6.28033e-06,-3.52001e-06,-1.23679e-05,-1.98211e-05,-2.51487e-05,-2.77592e-05,-2.73461e-05,-2.39494e-05,-1.79186e-05,-9.77632e-06,0
0,-5.81065e-06,-1.0609e-05,-1.45676e-05,-1.73611e-05,-1.86506e-05,-1.81943e-05,-1.59198e-05,-1.19476e-05,-6.5656e-06,-1.45974e-07,7.20011e-06,1.62877e-05,2.66649e-05,3.66158e-05,4.58317e-05,5.40269e-05,6.09484e-05,6.63804e-05,7.01456e-05,7.21034e-05,7.21469e-05,7.02004e-05,6.62209e-05,6.0202e-05,5.21848e-05,4.22724e-05,3.06474e-05,1.75915e-05,3.50095e-06,-1.11027e-05,-2.55719e-05,-3.91438e-05,-5.09654e-05,-6.01313e-05,-6.57346e-05,-6.69274e-05,-6.29864e-05,-5.33788e-05,-3.78234e-05,-1.63396e-05,1.07232e-05,4.26821e-05,7.85538e-05,0.000117135,0.00015713,0.000197327,0.000236762,0.000274824,0.000311274,0.000346179,0.00037978,0.000412326,0.00044391,0.00047434,0.000503089,0.000529315,0.000551969,0.000569951,0.000582272,0.000588195,0.000587323,0.000579618,0.00056536,0.000545068,0.000519397,0.000489048,0.000454705,0.000417015,0.000376594,0.000334068,0.000290113,0.000245495,0.000201084,0.000157849,0.000116828,7.90574e-05,4.54853e-05,1.68728e-05,-6.26944e-06,-2.37115e-05,-3.55006e-05,-4.19322e-05,-4.35059e-05,-4.0873e-05,-3.47811e-05,-2.60214e-05,-1.53805e-05,-3.59957e-06,8.65763e-06,2.0827e-05,3.24559e-05,4.32054e-05,5.2842e-05,6.12218e-05,6.82679e-05,7.3946e-05,7.82383e-05,8.11229e-05,8.25599e-05,8.24862e-05,8.08212e-05,7.74816e-05,7.24035e-05,6.55672e-05,5.70206e-05,4.68973e-05,3.54243e-05,2.29189e-05,1.12399e-05,9.93727e-07,-8.39427e-06,-1.64459e-05,-2.24006e-05,-2.56329e-05,-2.58007e-05,-2.29136e-05,-1.73045e-05,-9.49838e-06,0
0,-5.34281e-06,-9.57462e-06,-1.29034e-05,-1.50191e-05,-1.56215e-05,-1.45169e-05,-1.16771e-05,-7.25378e-06,-1.54904e-06,5.06503e-06,1.24741e-05,2.14552e-05,3.15766e-05,4.11957e-05,5.00144e-05,5.77585e-05,6.41879e-05,6.91004e-05,7.23335e-05,7.37617e-05,7.32938e-05,7.08697e-05,6.64611e-05,6.00754e-05,5.1765e-05,4.16406e-05,2.98883e-05,1.67866e-05,2.72118e-06,-1.18068e-05,-2.61809e-05,-3.96817e-05,-5.15116e-05,-6.08329e-05,-6.68163e-05,-6.86977e-05,-6.5838e-05,-5.77819e-05,-4.43084e-05,-2.54677e-05,-1.59779e-06,2.6684e-05,5.85218e-05,9.28949e-05,0.000128723,0.000164991,0.000200861,0.00023575,0.000269346,0.000301567,0.00033247,0.000362141,0.000390573,0.000417577,0.000442742,0.000465446,0.000484928,0.000500383,0.000511082,0.000516461,0.000516191,0.000510192,0.000498611,0.000481775,0.000460126,0.000434164,0.000404407,0.000371378,0.000335616,0.000297701,0.000258282,0.000218096,0.000177977,0.00013884,0.00010164,6.73184e-05,3.67298e-05,1.05731e-05,-1.06615e-05,-2.67221e-05,-3.75985e-05,-4.35059e-05,-4.48524e-05,-4.21965e-05,-3.62003e-05,-2.75808e-05,-1.70649e-05,-5.34876e-06,6.93474e-06,1.924e-05,3.11225e-05,4.2242e-05,5.23565e-05,6.13071e-05,6.89966e-05,7.53655e-05,8.03678e-05,8.39517e-05,8.6047e-05,8.65627e-05,8.53939e-05,8.24393e-05,7.76231e-05,7.09212e-05,6.23839e-05,5.21529e-05,4.04676e-05,2.76601e-05,1.55387e-05,4.72444e-06,-5.27684e-06,-1.39448e-05,-2.04884e-05,-2.4253e-05,-2.48726e-05,-2.23425e-05,-1.69945e-05,-9.3688e-06,0
0,-4.99937e-06,-8.80035e-06,-1.16274e-05,-1.3176e-05,-1.31738e-05,-1.14662e-05,-8.06412e-06,-3.15025e-06,2.95471e-06,9.87156e-06,1.74748e-05,2.64964e-05,3.65198e-05,4.59721e-05,5.45623e-05,6.20253e-05,6.8131e-05,7.26891e-05,7.55506e-05,7.66049e-05,7.57765e-05,7.30223e-05,6.83301e-05,6.17228e-05,5.32657e-05,4.30791e-05,3.13537e-05,1.83658e-05,4.49081e-06,-9.7897e-06,-2.38895e-05,-3.71306e-05,-4.87683e-05,-5.80274e-05,-6.41492e-05,-6.64442e-05,-6.43465e-05,-5.74657e-05,-4.56286e-05,-2.89073e-05,-7.62697e-06,1.76499e-05,4.61647e-05,7.70295e-05,0.000109313,0.000142135,0.000174751,0.000206605,0.000237352,0.000266824,0.000294975,0.000321796,0.00034723,0.000371111,0.000393126,0.00041282,0.000429639,0.000442999,0.000452359,0.000457288,0.000457511,0.000452928,0.000443598,0.000429714,0.00041156,0.000389483,0.000363861,0.000335108,0.000303674,0.000270072,0.000234895,0.000198825,0.000162639,0.000127183,9.33399e-05,6.19786e-05,3.38925e-05,9.74477e-06,-9.97892e-06,-2.49984e-05,-3.5249e-05,-4.0873e-05,-4.21965e-05,-3.96955e-05,-3.39551e-05,-2.56256e-05,-1.53795e-05,-3.87158e-06,8.29388e-06,2.05885e-05,3.25746e-05,4.39104e-05,5.43442e-05,6.37007e-05,7.18606e-05,7.87374e-05,8.42554e-05,8.83313e-05,9.08647e-05,9.17373e-05,9.08227e-05,8.80045e-05,8.32004e-05,7.63877e-05,6.76253e-05,5.70693e-05,4.49776e-05,3.17025e-05,1.9008e-05,7.53821e-06,-3.11396e-06,-1.23821e-05,-1.94458e-05,-2.36289e-05,-2.45544e-05,-2.22198e-05,-1.69723e-05,-9.37701e-06,0
0,-4.77914e-06,-8.2888e-06,-1.07506e-05,-1.18568e-05,-1.13516e-05,-9.10903e-06,-5.17273e-06,2.45242e-07,6.80292e-06,1.41081e-05,2.20171e-05,3.121e-05,4.12806e-05,5.07221e-05,5.92475e-05,6.65972e-05,7.25487e-05,7.69211e-05,7.95769e-05,8.04192e-05,7.93884e-05,7.64578e-05,7.16326e-05,6.49521e-05,5.64959e-05,4.63949e-05,3.48449e-05,2.21206e-05,8.58768e-06,-5.29163e-06,-1.89605e-05,-3.17807e-05,-4.30569e-05,-5.20719e-05,-5.81306e-05,-6.06091e-05,-5.90048e-05,-5.29812e-05,-4.2404e-05,-2.73619e-05,-8.16842e-06,1.46566e-05,4.04278e-05,6.83534e-05,9.76077e-05,0.000127406,0.000157073,0.000186081,0.000214073,0.000240839,0.000266277,0.000290331,0.000312931,0.000333942,0.000353137,0.000370191,0.000384711,0.000396275,0.000404486,0.000409015,0.000409633,0.00040623,0.000398805,0.000387453,0.000372342,0.000353694,0.000331774,0.00030689,0.000279406,0.000249757,0.000218465,0.000186148,0.000153513,0.000121342,9.04504e-05,6.16505e-05,3.56936e-05,1.32219e-05,-5.27392e-06,-1.94842e-05,-2.9294e-05,-3.47811e-05,-3.62003e-05,-3.39551e-05,-2.85631e-05,-2.06153e-05,-1.0735e-05,4.60796e-07,1.23948e-05,2.45551e-05,3.65113e-05,4.79195e-05,5.85186e-05,6.81163e-05,7.65705e-05,8.37669e-05,8.9599e-05,9.39525e-05,9.66973e-05,9.76902e-05,9.67865e-05,9.38599e-05,8.88268e-05,8.16721e-05,7.24701e-05,6.13973e-05,4.87355e-05,3.48614e-05,2.1501e-05,9.32755e-06,-1.97439e-06,-1.1791e-05,-1.92761e-05,-2.37419e-05,-2.48151e-05,-2.25118e-05,-1.72092e-05,-9.5067e-06,0
0,-4.67654e-06,-8.03334e-06,-1.02704e-05,-1.10687e-05,-1.01778e-05,-7.48931e-06,-3.07174e-06,2.8371e-06,9.873e-06,1.76264e-05,2.59291e-05,3.54041e-05,4.56506e-05,5.52238e-05,6.38379e-05,7.12356e-05,7.71985e-05,8.15524e-05,8.41687e-05,8.49624e-05,8.38882e-05,8.09357e-05,7.61274e-05,6.95193e-05,6.1206e-05,5.13296e-05,4.00916e-05,2.77655e-05,1.47071e-05,1.35978e-06,-1.17483e-05,-2.40169e-05,-3.47973e-05,-4.34255e-05,-4.92635e-05,-5.17451e-05,-5.04212e-05,-4.50007e-05,-3.53802e-05,-2.16609e-05,-4.14646e-06,1.66766e-05,4.01777e-05,6.56357e-05,9.23011e-05,0.00011946,0.000146486,0.000172882,0.000198289,0.000222482,0.000245332,0.000266768,0.000286725,0.00030511,0.000321767,0.000336479,0.000348978,0.000358968,0.000366162,0.000370309,0.000371222,0.000368786,0.000362957,0.000353758,0.000341267,0.000325606,0.000306941,0.000285489,0.000261529,0.000235418,0.000207605,0.00017864,0.000149164,0.000119894,9.15911e-05,6.50199e-05,4.09005e-05,1.98625e-05,2.40414e-06,-1.11378e-05,-2.06052e-05,-2.60214e-05,-2.75808e-05,-2.56256e-05,-2.06153e-05,-1.30888e-05,-3.62576e-06,7.19182e-06,1.88123e-05,3.07402e-05,4.25524e-05,5.39043e-05,6.45251e-05,7.42058e-05,8.27813e-05,9.01094e-05,9.60534e-05,0.000100469,0.000103198,0.000104076,0.000102945,9.96748e-05,9.41864e-05,8.64792e-05,7.66491e-05,6.48993e-05,5.154e-05,3.69757e-05,2.2899e-05,1.00166e-05,-1.89325e-06,-1.21707e-05,-1.99508e-05,-2.45453e-05,-2.56004e-05,-2.31671e-05,-1.76659e-05,-9.73615e-06,0
0,-4.68162e-06,-8.01783e-06,-1.01696e-05,-1.07999e-05,-9.65275e-06,-6.62619e-06,-1.80414e-06,4.55509e-06,1.2066e-05,2.0299e-05,2.90569e-05,3.89008e-05,4.94309e-05,5.9261e-05,6.81032e-05,7.56993e-05,8.18314e-05,8.63285e-05,8.90677e-05,8.99733e-05,8.90119e-05,8.61882e-05,8.15411e-05,7.51432e-05,6.71042e-05,5.75777e-05,4.67713e-05,3.49574e-05,2.24824e-05,9.77107e-06,-2.67628e-06,-1.4296e-05,-2.4483e-05,-3.26222e-05,-3.8127e-05,-4.04812e-05,-3.92816e-05,-3.42733e-05,-2.53776e-05,-1.27037e-05,3.45359e-06,2.2635e-05,4.42524e-05,6.76378e-05,9.20983e-05,0.000116971,0.000141671,0.000165724,0.000188779,0.000210606,0.000231069,0.000250099,0.000267648,0.000283661,0.000298051,0.000310688,0.0003214,0.000329993,0.000336266,0.000340031,0.000341133,0.000339458,0.000334931,0.000327521,0.000317234,0.000304111,0.000288237,0.000269747,0.000248845,0.000225815,0.00020104,0.000175004,0.000148287,0.000121551,9.5508e-05,7.08847e-05,4.83754e-05,2.85997e-05,1.20618e-05,-8.80102e-07,-1.00341e-05,-1.53805e-05,-1.70649e-05,-1.53795e-05,-1.0735e-05,-3.62576e-06,5.40768e-06,1.58154e-05,2.70702e-05,3.86933e-05,5.02696e-05,6.14537e-05,7.19664e-05,8.15822e-05,9.01129e-05,9.73895e-05,0.000103246,0.00010751,0.000110001,0.000110536,0.00010895,0.000105115,9.89657e-05,9.05218e-05,7.99075e-05,6.73577e-05,5.32148e-05,3.79138e-05,2.31163e-05,9.56508e-06,-2.8691e-06,-1.34853e-05,-2.14085e-05,-2.59644e-05,-2.68339e-05,-2.41184e-05,-1.82925e-05,-1.0039e-05,0
0,-4.78015e-06,-8.21673e-06,-1.04164e-05,-1.10192e-05,-9.75362e-06,-6.51263e-06,-1.38531e-06,5.35658e-06,1.33093e-05,2.20225e-05,3.12673e-05,4.15395e-05,5.24367e-05,6.26276e-05,7.18194e-05,7.97498e-05,8.61977e-05,9.0991e-05,9.40088e-05,9.51808e-05,9.44829e-05,9.19322e-05,8.75825e-05,8.15219e-05,7.38749e-05,6.48065e-05,5.45307e-05,4.33193e-05,3.15096e-05,1.95085e-05,7.78942e-06,-3.11889e-06,-1.26524e-05,-2.02409e-05,-2.53438e-05,-2.74887e-05,-2.63102e-05,-2.1583e-05,-1.32457e-05,-1.4119e-06,1.36341e-05,3.14567e-05,5.1503e-05,7.31468e-05,9.57388e-05,0.000118656,0.000141344,0.000163349,0.000184328,0.000204055,0.000222395,0.000239285,0.000254701,0.000268625,0.000281025,0.000291842,0.000300986,0.000308339,0.000313769,0.000317139,0.000318323,0.000317206,0.000313693,0.000307711,0.00029921,0.000288169,0.000274603,0.000258583,0.000240246,0.000219817,0.000197618,0.000174077,0.000149725,0.000125174,0.000101096,7.81835e-05,5.71083e-05,3.84791e-05,2.28015e-05,1.04464e-05,1.62909e-06,-3.59957e-06,-5.34876e-06,-3.87158e-06,4.60796e-07,7.19182e-06,1.58154e-05,2.5811e-05,3.66751e-05,4.79451e-05,5.92142e-05,7.01373e-05,8.04265e-05,8.98405e-05,9.81691e-05,0.000105217,0.000110793,0.000114698,0.000116734,0.000116708,0.000114454,0.000109854,0.000102863,9.35299e-05,8.20124e-05,6.85819e-05,5.36157e-05,3.75793e-05,2.21053e-05,7.97181e-06,-4.86233e-06,-1.56628e-05,-2.35567e-05,-2.78982e-05,-2.84191e-05,-2.52847e-05,-1.90311e-05,-1.03851e-05,0
0,-4.95408e-06,-8.59566e-06,-1.09651e-05,-1.16763e-05,-1.04341e-05,-7.11488e-06,-1.80199e-06,5.22813e-06,1.35586e-05,2.27203e-05,3.24514e-05,4.31807e-05,5.45004e-05,6.5131e-05,7.47728e-05,8.31555e-05,9.00513e-05,9.52823e-05,9.87254e-05,0.000100311,0.000100021,9.78796e-05,9.39543e-05,8.83468e-05,8.11949e-05,7.26748e-05,6.30072e-05,5.24635e-05,4.1373e-05,3.01255e-05,1.9169e-05,8.99953e-06,1.42746e-07,-6.87245e-06,-1.15465e-05,-1.34448e-05,-1.22336e-05,-7.70991e-06,1.76293e-07,1.13121e-05,2.54259e-05,4.21054e-05,6.08287e-05,8.10055e-05,0.000102022,0.000123287,0.00014427,0.000164533,0.000183744,0.000201675,0.0002182,0.000233262,0.000246857,0.000258997,0.000269699,0.000278959,0.000286748,0.000293012,0.000297672,0.000300632,0.000301788,0.000301029,0.000298246,0.000293335,0.000286205,0.000276785,0.00026504,0.000250988,0.000234716,0.000216399,0.000196314,0.000174845,0.000152478,0.000129789,0.000107413,8.60131e-05,6.62388e-05,4.86839e-05,3.38486e-05,2.21073e-05,1.3687e-05,8.65763e-06,6.93474e-06,8.29388e-06,1.23948e-05,1.88123e-05,2.70702e-05,3.66751e-05,4.71454e-05,5.80343e-05,6.89434e-05,7.95274e-05,8.94904e-05,9.85757e-05,0.000106552,0.000113201,0.000118307,0.000121654,0.000123029,0.000122237,0.000119121,0.00011358,0.000105598,9.52594e-05,8.27622e-05,6.84166e-05,5.26363e-05,3.59165e-05,1.98598e-05,5.27627e-06,-7.79489e-06,-1.8597e-05,-2.62735e-05,-3.0223e-05,-3.02433e-05,-2.65742e-05,-1.98181e-05,-1.0742e-05,0
0,-5.18205e-06,-9.1124e-06,-1.1757e-05,-1.27034e-05,-1.16254e-05,-8.37294e-06,-3.01196e-06,4.18658e-06,1.28001e-05,2.23447e-05,3.25269e-05,4.37086e-05,5.54751e-05,6.65961e-05,7.67629e-05,8.56949e-05,9.31531e-05,9.895e-05,0.000102954,0.000105093,0.000105346,0.000103744,0.000100363,9.53135e-05,8.87468e-05,8.0849e-05,7.18468e-05,6.20124e-05,5.16679e-05,4.11878e-05,3.09965e-05,2.15597e-05,1.33676e-05,6.91182e-06,2.65524e-06,9.99829e-07,2.25402e-06,6.60445e-06,1.40956e-05,2.46202e-05,3.79227e-05,5.36153e-05,7.12068e-05,9.01393e-05,0.000109831,0.000129716,0.000149285,0.000168112,0.000185869,0.000202333,0.000217375,0.000230948,0.000243058,0.000253743,0.000263051,0.000271022,0.000277675,0.000283001,0.000286965,0.000289502,0.000290527,0.000289935,0.000287607,0.000283419,0.000277253,0.000269003,0.0002586,0.000246023,0.000231325,0.000214647,0.000196233,0.000176434,0.000155703,0.000134585,0.000113684,9.36361e-05,7.50655e-05,5.85469e-05,4.4567e-05,3.34937e-05,2.55546e-05,2.0827e-05,1.924e-05,2.05885e-05,2.45551e-05,3.07402e-05,3.86933e-05,4.79451e-05,5.80343e-05,6.85289e-05,7.90379e-05,8.92157e-05,9.87585e-05,0.000107395,0.000114875,0.000120959,0.000125414,0.000128009,0.000128529,0.000126784,0.000122633,0.000116005,0.000106918,9.5501e-05,8.19938e-05,6.67487e-05,5.02151e-05,3.29149e-05,1.64178e-05,1.55958e-06,-1.15513e-05,-2.21498e-05,-2.94118e-05,-3.27966e-05,-3.21812e-05,-2.7888e-05,-2.05862e-05,-1.10762e-05,0
0,-5.44022e-06,-9.71844e-06,-1.2723e-05,-1.40165e-05,-1.32381e-05,-1.02017e-05,-4.94442e-06,2.27957e-06,1.10516e-05,2.08792e-05,3.14414e-05,4.30352e-05,5.52385e-05,6.68687e-05,7.76072e-05,8.71605e-05,9.52754e-05,0.000101749,0.000106438,0.000109258,0.000110185,0.000109246,0.000106521,0.000102129,9.6228e-05,8.90136e-05,8.07184e-05,7.16153e-05,6.20206e-05,5.22956e-05,4.28436e-05,3.4103e-05,2.65321e-05,2.05889e-05,1.67043e-05,1.52525e-05,1.65219e-05,2.06884e-05,2.77962e-05,3.77487e-05,5.03101e-05,6.512e-05,8.17185e-05,9.958e-05,0.000118152,0.000136894,0.000155313,0.000172992,0.000189605,0.000204928,0.00021883,0.000231261,0.000242234,0.000251799,0.000260025,0.000266982,0.000272719,0.000277264,0.00028061,0.000282718,0.00028352,0.000282915,0.000280784,0.000276993,0.000271405,0.000263899,0.000254383,0.000242818,0.000229236,0.000213758,0.000196607,0.000178115,0.000158711,0.000138913,0.0001193,0.000100479,8.30468e-05,6.75537e-05,5.44645e-05,4.41306e-05,3.67697e-05,3.24559e-05,3.11225e-05,3.25746e-05,3.65113e-05,4.25524e-05,5.02696e-05,5.92142e-05,6.89434e-05,7.90379e-05,8.91131e-05,9.88227e-05,0.000107855,0.000115924,0.000122765,0.000128123,0.00013175,0.000133413,0.000132899,0.000130034,0.000124705,0.000116877,0.000106614,9.40894e-05,7.95917e-05,6.35145e-05,4.63401e-05,2.86124e-05,1.18629e-05,-3.0561e-06,-1.59812e-05,-2.61554e-05,-3.28042e-05,-3.54634e-05,-3.41007e-05,-2.91248e-05,-2.12682e-05,-1.13547e-05,0
0,-5.70324e-06,-1.03609e-05,-1.37854e-05,-1.55192e-05,-1.51647e-05,-1.24929e-05,-7.50107e-06,-4.14302e-07,8.3638e-06,1.83414e-05,2.91763e-05,4.11045e-05,5.36979e-05,6.58211e-05,7.71457e-05,8.73639e-05,9.62051e-05,0.000103448,0.00010893,0.00011255,0.000114271,0.000114114,0.000112154,0.000108513,0.000103354,9.68772e-05,8.93202e-05,8.09571e-05,7.20995e-05,6.30975e-05,5.43367e-05,4.62313e-05,3.9212e-05,3.37073e-05,3.01205e-05,2.8803e-05,3.0028e-05,3.39654e-05,4.06644e-05,5.00432e-05,6.18899e-05,7.58746e-05,9.15709e-05,0.000108487,0.0001261,0.000143893,0.000161389,0.000178178,0.000193934,0.000208426,0.000221514,0.000233142,0.000243317,0.000252093,0.000259545,0.000265758,0.0002708,0.00027472,0.000277532,0.000279217,0.000279717,0.000278943,0.000276778,0.000273086,0.000267729,0.000260579,0.000251541,0.00024057,0.000227694,0.000213028,0.000196788,0.000179292,0.000160955,0.000142275,0.000123804,0.000106121,8.97922e-05,7.53358e-05,6.31875e-05,5.36736e-05,4.69922e-05,4.32054e-05,4.2242e-05,4.39104e-05,4.79195e-05,5.39043e-05,6.14537e-05,7.01373e-05,7.95274e-05,8.92157e-05,9.88227e-05,0.000108,0.000116429,0.000123813,0.000129874,0.000134345,0.000136977,0.000137537,0.000135829,0.000131706,0.000125089,0.000115989,0.000104522,9.09122e-05,7.54956e-05,5.87059e-05,4.10538e-05,2.30981e-05,6.32477e-06,-8.40956e-06,-2.09032e-05,-3.04253e-05,-3.62691e-05,-3.80613e-05,-3.58681e-05,-3.01852e-05,-2.18001e-05,-1.15467e-05,0
0,-5.94542e-06,-1.09847e-05,-1.48616e-05,-1.71055e-05,-1.72834e-05,-1.51183e-05,-1.0558e-05,-3.78609e-06,4.82177e-06,1.47855e-05,2.57501e-05,3.78974e-05,5.07959e-05,6.33583e-05,7.52475e-05,8.61415e-05,9.57501e-05,0.000103829,0.000110193,0.000114717,0.000117346,0.000118084,0.000116996,0.0001142,0.000109857,0.000104171,9.7381e-05,8.9761e-05,8.16194e-05,7.32971e-05,6.51651e-05,5.76176e-05,5.10618e-05,4.59013e-05,4.25166e-05,4.12411e-05,4.23368e-05,4.59728e-05,5.2207e-05,6.09766e-05,7.20974e-05,8.5273e-05,0.000100114,0.000116163,0.000132929,0.000149921,0.000166676,0.00018279,0.000197935,0.00021187,0.000224442,0.000235577,0.00024527,0.000253565,0.000260533,0.000266258,0.000270816,0.000274266,0.000276632,0.000277909,0.00027805,0.000276976,0.000274579,0.000270733,0.000265307,0.000258182,0.000249273,0.000238544,0.000226031,0.000211857,0.000196239,0.000179492,0.000162022,0.000144309,0.000126879,0.000110282,9.50469e-05,8.16562e-05,7.05088e-05,6.18981e-05,5.59951e-05,5.2842e-05,5.23565e-05,5.43442e-05,5.85186e-05,6.45251e-05,7.19664e-05,8.04265e-05,8.94904e-05,9.87585e-05,0.000107855,0.000116429,0.000124156,0.000130732,0.00013587,0.000139301,0.000140778,0.000140085,0.000137049,0.000131559,0.000123584,0.000113187,0.000100539,8.59187e-05,6.97079e-05,5.23762e-05,3.44563e-05,1.65131e-05,-2.27181e-08,-1.43042e-05,-2.61102e-05,-3.47555e-05,-3.96181e-05,-4.04281e-05,-3.73549e-05,-3.09766e-05,-2.2124e-05,-1.16255e-05,0
0,-6.14199e-06,-1.15355e-05,-1.58678e-05,-1.86648e-05,-1.94624e-05,-1.79336e-05,-1.39688e-05,-7.69795e-06,5.44797e-07,1.0304e-05,2.12228e-05,3.34374e-05,4.65173e-05,5.94255e-05,7.18191e-05,8.33627e-05,9.3746e-05,0.0001027,0.00011001,0.000115525,0.000119161,0.000120899,0.000120788,0.000118931,0.000115483,0.000110645,0.000104654,9.77833e-05,9.03375e-05,8.26501e-05,7.50805e-05,6.80069e-05,6.18175e-05,5.68961e-05,5.3605e-05,5.22639e-05,5.31287e-05,5.63709e-05,6.20612e-05,7.01592e-05,8.05115e-05,9.28582e-05,0.000106849,0.000122065,0.00013805,0.000154336,0.000170479,0.000186081,0.000200809,0.00021441,0.000226712,0.00023762,0.000247105,0.000255189,0.00026193,0.000267399,0.000271667,0.000274791,0.000276801,0.000277695,0.000277441,0.000275969,0.000273187,0.000268985,0.000263251,0.000255888,0.000246832,0.000236069,0.000223656,0.000209733,0.000194525,0.000178353,0.000161613,0.00014477,0.000128327,0.000112797,9.8671e-05,8.63889e-05,7.63075e-05,6.86809e-05,6.36467e-05,6.12218e-05,6.13071e-05,6.37007e-05,6.81163e-05,7.42058e-05,8.15822e-05,8.98405e-05,9.85757e-05,0.000107395,0.000115924,0.000123813,0.000130732,0.000136372,0.000140447,0.000142692,0.000142873,0.000140799,0.000136333,0.000129409,0.000120052,0.000108383,9.46312e-05,7.9128e-05,6.22991e-05,4.46434e-05,2.67065e-05,9.04899e-06,-6.96463e-06,-2.05133e-05,-3.13764e-05,-3.89335e-05,-4.26635e-05,-4.24091e-05,-3.84434e-05,-3.1418e-05,-2.21918e-05,-1.15694e-05,0
0,-6.27047e-06,-1.19625e-05,-1.67231e-05,-2.00866e-05,-2.15654e-05,-2.07836e-05,-1.75687e-05,-1.19859e-05,-4.31439e-06,5.0293e-06,1.56988e-05,2.77953e-05,4.08956e-05,5.40163e-05,6.68129e-05,7.89392e-05,9.0066e-05,9.98982e-05,0.00010819,0.000114757,0.000119481,0.000122314,0.000123277,0.000122453,0.000119984,0.000116058,0.000110909,0.000104803,9.80428e-05,9.0954e-05,8.38869e-05,7.72076e-05,7.12895e-05,6.65016e-05,6.31925e-05,6.16732e-05,6.21971e-05,6.49418e-05,6.9994e-05,7.73385e-05,8.6855e-05,9.8323e-05,0.000111433,0.000125809,0.000141028,0.000156652,0.000172256,0.000187447,0.000201891,0.000215317,0.000227534,0.000238417,0.000247908,0.000256002,0.000262727,0.000268134,0.000272277,0.000275203,0.00027694,0.000277488,0.000276823,0.000274891,0.000271618,0.000266919,0.000260709,0.000252923,0.000243528,0.000232545,0.000220057,0.000206229,0.000191303,0.000175603,0.000159525,0.000143513,0.000128044,0.000113595,0.000100615,8.94943e-05,8.05446e-05,7.39758e-05,6.98879e-05,6.82679e-05,6.89966e-05,7.18606e-05,7.65705e-05,8.27813e-05,9.01129e-05,9.81691e-05,0.000106552,0.000114875,0.000122765,0.000129874,0.00013587,0.000140447,0.000143324,0.000144251,0.000143018,0.000139468,0.00013351,0.000125134,0.000114423,0.000101562,8.68388e-05,7.06344e-05,5.34119e-05,3.56913e-05,1.80207e-05,9.44741e-07,-1.42508e-05,-2.67876e-05,-3.64657e-05,-4.27477e-05,-4.5227e-05,-4.38645e-05,-3.9033e-05,-3.14446e-05,-2.19674e-05,-1.13637e-05,0
0,-6.31197e-06,-1.22211e-05,-1.7354e-05,-2.12666e-05,-2.34583e-05,-2.35088e-05,-2.11802e-05,-1.64644e-05,-9.57227e-06,-8.67215e-07,9.32892e-06,2.10939e-05,3.40193e-05,4.71804e-05,6.02368e-05,7.28359e-05,8.46319e-05,9.53044e-05,0.000104575,0.000112223,0.000118091,0.000122094,0.000124218,0.000124519,0.000123113,0.000120173,0.000115919,0.000110611,0.000104542,9.80327e-05,9.14249e-05,8.50753e-05,7.93466e-05,7.45971e-05,7.11668e-05,6.93616e-05,6.94362e-05,7.1578e-05,7.58915e-05,8.23891e-05,9.09856e-05,0.000101501,0.000113671,0.000127159,0.000141584,0.000156538,0.000171615,0.000186433,0.000200654,0.000213994,0.000226235,0.000237225,0.000246868,0.000255124,0.000261987,0.000267476,0.000271623,0.000274457,0.000275995,0.00027624,0.000275172,0.000272755,0.000268937,0.000263664,0.000256885,0.000248575,0.000238741,0.000227441,0.000214796,0.000200997,0.000186306,0.000171054,0.00015563,0.000140463,0.000125998,0.000112674,0.000100891,9.09918e-05,8.32361e-05,7.77877e-05,7.4706e-05,7.3946e-05,7.53655e-05,7.87374e-05,8.37669e-05,9.01094e-05,9.73895e-05,0.000105217,0.000113201,0.000120959,0.000128123,0.000134345,0.000139301,0.000142692,0.000144251,0.000143752,0.00014102,0.000135941,0.000128479,0.000118685,0.000106707,9.27926e-05,7.72846e-05,6.06103e-05,4.32611e-05,2.57674e-05,8.66828e-06,-7.5204e-06,-2.1604e-05,-3.28642e-05,-4.1141e-05,-4.59963e-05,-4.71481e-05,-4.46768e-05,-3.9046e-05,-3.10115e-05,-2.14295e-05,-1.10013e-05,0
0,-6.25251e-06,-1.22763e-05,-1.76987e-05,-2.21121e-05,-2.50154e-05,-2.59523e-05,-2.46204e-05,-2.09324e-05,-1.50194e-05,-7.17783e-06,2.30914e-06,1.35087e-05,2.60359e-05,3.90305e-05,5.21631e-05,6.50805e-05,7.7425e-05,8.88536e-05,9.90567e-05,0.000107774,0.000114807,0.000120028,0.000123381,0.000124885,0.000124625,0.000122749,0.000119457,0.000114995,0.000109645,0.00010372,9.75524e-05,9.14923e-05,8.58943e-05,8.11098e-05,7.74735e-05,7.52903e-05,7.48196e-05,7.62605e-05,7.97379e-05,8.52927e-05,9.28761e-05,0.00010235,0.000113494,0.000126018,0.000139579,0.000153804,0.00016831,0.000182727,0.000196716,0.00020998,0.000222278,0.000233424,0.000243288,0.000251786,0.000258874,0.000264535,0.00026877,0.000271586,0.000272989,0.000272975,0.000271533,0.000268642,0.000264278,0.000258419,0.000251056,0.000242206,0.000231921,0.000220302,0.000207508,0.000193759,0.000179337,0.000164577,0.000149863,0.000135602,0.000122207,0.000110072,9.95513e-05,9.09333e-05,8.44261e-05,8.01452e-05,7.81086e-05,7.82383e-05,8.03678e-05,8.42554e-05,8.9599e-05,9.60534e-05,0.000103246,0.000110793,0.000118307,0.000125414,0.00013175,0.000136977,0.000140778,0.000142873,0.000143018,0.00014102,0.000136746,0.000130137,0.000121215,0.000110099,9.69998e-05,8.22271e-05,6.61745e-05,4.93053e-05,3.21297e-05,1.51766e-05,-1.03702e-06,-1.60364e-05,-2.87308e-05,-3.8478e-05,-4.51754e-05,-4.84975e-05,-4.82925e-05,-4.47569e-05,-3.84321e-05,-3.00968e-05,-2.05731e-05,-1.04833e-05,0
0,-6.08395e-06,-1.21044e-05,-1.77115e-05,-2.25477e-05,-2.6127e-05,-2.79684e-05,-2.77097e-05,-2.51819e-05,-2.04279e-05,-1.36645e-05,-5.12266e-06,5.26722e-06,1.7153e-05,2.97456e-05,4.27344e-05,5.5773e-05,6.84979e-05,8.05485e-05,9.15864e-05,0.000101314,0.00010949,0.000115939,0.000120559,0.000123325,0.000124283,0.000123546,0.00012129,0.000117737,0.000113155,0.000107843,0.000102127,9.63469e-05,9.08522e-05,8.59891e-05,8.20904e-05,7.94626e-05,7.83722e-05,7.90319e-05,8.15881e-05,8.61109e-05,9.2588e-05,0.000100923,0.000110942,0.000122398,0.000134993,0.000148387,0.000162226,0.000176153,0.000189831,0.000202954,0.000215261,0.000226534,0.000236604,0.000245347,0.000252677,0.000258539,0.0002629,0.000265742,0.000267052,0.000266825,0.000265055,0.000261738,0.000256876,0.000250484,0.000242594,0.000233269,0.000222608,0.000210755,0.000197906,0.000184308,0.000170259,0.0001561,0.000142201,0.000128946,0.000116712,0.00010585,9.66606e-05,8.93798e-05,8.41632e-05,8.10783e-05,8.01018e-05,8.11229e-05,8.39517e-05,8.83313e-05,9.39525e-05,0.000100469,0.00010751,0.000114698,0.000121654,0.000128009,0.000133413,0.000137537,0.000140085,0.000140799,0.000139468,0.000135941,0.000130137,0.000122053,0.00011178,9.94988e-05,8.54863e-05,7.0106e-05,5.37942e-05,3.70404e-05,2.03611e-05,4.27071e-06,-1.07486e-05,-2.42754e-05,-3.53342e-05,-4.33739e-05,-4.83635e-05,-5.0099e-05,-4.85601e-05,-4.40505e-05,-3.7172e-05,-2.87036e-05,-1.94104e-05,-9.81974e-06,0
0,-5.80479e-06,-1.16955e-05,-1.73655e-05,-2.25207e-05,-2.67063e-05,-2.94307e-05,-3.02809e-05,-2.90078e-05,-2.5561e-05,-2.00677e-05,-1.26945e-05,-3.35677e-06,7.63526e-06,1.95708e-05,3.21662e-05,4.50904e-05,5.79821e-05,7.04696e-05,8.21913e-05,9.28158e-05,0.000102059,0.000109699,0.000115584,0.000119639,0.000121863,0.000122331,0.000121181,0.00011861,0.000114861,0.000110218,0.000104993,9.95171e-05,9.41335e-05,8.91846e-05,8.50022e-05,8.18963e-05,8.01417e-05,7.99658e-05,8.15368e-05,8.49539e-05,9.02407e-05,9.73426e-05,0.000106129,0.000116401,0.000127902,0.00014033,0.00015336,0.000166653,0.00017988,0.000192731,0.000204923,0.000216214,0.0002264,0.000235317,0.000242839,0.000248871,0.000253346,0.000256221,0.000257466,0.00025707,0.000255032,0.000251365,0.000246099,0.000239283,0.000230992,0.000221331,0.000210445,0.000198519,0.00018578,0.000172501,0.000158991,0.00014559,0.000132651,0.000120532,0.000109571,0.000100071,9.22811e-05,8.63839e-05,8.24837e-05,8.06013e-05,8.0674e-05,8.25599e-05,8.6047e-05,9.08647e-05,9.66973e-05,0.000103198,0.000110001,0.000116734,0.000123029,0.000128529,0.000132899,0.000135829,0.000137049,0.000136333,0.00013351,0.000128479,0.000121215,0.00011178,0.000100327,8.7102e-05,7.24397e-05,5.67501e-05,4.05015e-05,2.41966e-05,8.34508e-06,-6.56639e-06,-2.01029e-05,-3.19072e-05,-4.11292e-05,-4.73206e-05,-5.05328e-05,-5.06875e-05,-4.78913e-05,-4.25418e-05,-3.528e-05,-2.68608e-05,-1.79707e-05,-9.02876e-06,0
0,-5.42049e-06,-1.10543e-05,-1.66556e-05,-2.2005e-05,-2.66952e-05,-3.02405e-05,-3.21898e-05,-3.22197e-05,-3.01855e-05,-2.61187e-05,-2.01115e-05,-1.20533e-05,-2.20361e-06,8.81178e-06,2.07449e-05,3.32887e-05,4.60931e-05,5.8784e-05,7.09842e-05,8.23344e-05,9.25127e-05,0.000101251,0.000108347,0.000113674,0.000117181,0.000118894,0.00011891,0.000117389,0.000114548,0.000110646,0.000105978,0.000100862,9.56336e-05,9.06292e-05,8.61805e-05,8.26006e-05,8.01731e-05,7.91398e-05,7.96901e-05,8.19513e-05,8.59814e-05,9.17659e-05,9.92181e-05,0.000108184,0.000118449,0.000129753,0.0001418,0.000154276,0.000166863,0.000179248,0.000191141,0.000202275,0.000212418,0.000221371,0.000228971,0.000235088,0.000239623,0.000242507,0.000243695,0.00024317,0.000240935,0.000237021,0.000231481,0.000224398,0.000215885,0.000206089,0.000195192,0.000183413,0.000171009,0.000158269,0.000145508,0.000133057,0.000121251,0.000110414,0.000100843,9.27936e-05,8.64626e-05,8.19805e-05,7.94024e-05,7.87053e-05,7.97899e-05,8.24862e-05,8.65627e-05,9.17373e-05,9.76902e-05,0.000104076,0.000110536,0.000116708,0.000122237,0.000126784,0.000130034,0.000131706,0.000131559,0.000129409,0.000125134,0.000118685,0.000110099,9.94988e-05,8.7102e-05,7.32126e-05,5.82135e-05,4.25508e-05,2.67116e-05,1.11985e-05,-3.49992e-06,-1.69375e-05,-2.8738e-05,-3.86172e-05,-4.58583e-05,-5.01242e-05,-5.15548e-05,-5.01963e-05,-4.62721e-05,-4.02559e-05,-3.2804e-05,-2.46224e-05,-1.62991e-05,-8.13618e-06,0
0,-4.94324e-06,-1.02003e-05,-1.5599e-05,-2.10034e-05,-2.60689e-05,-3.03339e-05,-3.33243e-05,-3.4653e-05,-3.40852e-05,-3.15539e-05,-2.70708e-05,-2.04904e-05,-1.20138e-05,-2.17581e-06,8.81912e-06,2.06971e-05,3.31289e-05,4.5748e-05,5.81709e-05,7.0019e-05,8.0939e-05,9.06218e-05,9.88175e-05,0.000105346,0.000110105,0.000113068,0.000114284,0.000113871,0.00011201,0.000108929,0.0001049,0.000100226,9.52269e-05,9.02333e-05,8.55735e-05,8.15627e-05,7.84918e-05,7.66158e-05,7.61435e-05,7.72282e-05,7.99603e-05,8.4363e-05,9.03915e-05,9.7935e-05,0.000106823,0.000116835,0.00012771,0.000139159,0.000150881,0.00016257,0.000173929,0.000184681,0.000194569,0.000203368,0.000210883,0.000216955,0.000221457,0.000224298,0.000225421,0.000224802,0.00022245,0.000218408,0.000212753,0.000205596,0.000197083,0.000187394,0.000176743,0.000165377,0.000153571,0.000141622,0.000129845,0.000118556,0.000108064,9.86574e-05,9.05909e-05,8.40699e-05,7.92416e-05,7.61866e-05,7.49139e-05,7.53603e-05,7.73942e-05,8.08212e-05,8.53939e-05,9.08227e-05,9.67865e-05,0.000102945,0.00010895,0.000114454,0.000119121,0.000122633,0.000124705,0.000125089,0.000123584,0.000120052,0.000114423,0.000106707,9.69998e-05,8.54863e-05,7.24397e-05,5.82135e-05,4.32285e-05,2.79528e-05,1.28786e-05,-1.50676e-06,-1.47487e-05,-2.64538e-05,-3.63142e-05,-4.41252e-05,-4.93079e-05,-5.16414e-05,-5.13546e-05,-4.86114e-05,-4.37372e-05,-3.72593e-05,-2.9824e-05,-2.20648e-05,-1.44548e-05,-7.17401e-06,0
0,-4.39136e-06,-9.16646e-06,-1.42346e-05,-1.95483e-05,-2.48391e-05,-2.96868e-05,-3.3613e-05,-3.6181e-05,-3.70744e-05,-3.6131e-05,-3.32787e-05,-2.83316e-05,-2.14267e-05,-1.30029e-05,-3.21428e-06,7.70692e-06,1.94622e-05,3.1703e-05,4.40508e-05,5.61178e-05,6.75287e-05,7.79411e-05,8.70625e-05,9.46641e-05,0.00010059,0.00010476,0.000107172,0.000107896,0.00010707,0.000104886,0.000101587,9.74495e-05,9.27777e-05,8.78899e-05,8.31076e-05,7.87451e-05,7.50976e-05,7.24306e-05,7.09698e-05,7.08913e-05,7.23149e-05,7.52987e-05,7.98369e-05,8.58607e-05,9.32418e-05,0.0001018,0.00011131,0.000121514,0.000132132,0.000142872,0.00015344,0.000163551,0.000172939,0.000181357,0.00018859,0.000194456,0.000198807,0.000201535,0.000202571,0.000201889,0.000199501,0.000195463,0.000189868,0.000182852,0.000174583,0.000165269,0.000155147,0.000144478,0.00013355,0.000122658,0.000112106,0.000102189,9.31875e-05,8.53502e-05,7.88862e-05,7.39534e-05,7.06504e-05,6.90112e-05,6.90029e-05,7.05273e-05,7.34247e-05,7.74816e-05,8.24393e-05,8.80045e-05,9.38599e-05,9.96748e-05,0.000105115,0.000109854,0.00011358,0.000116005,0.000116877,0.000115989,0.000113187,0.000108383,0.000101562,9.27926e-05,8.22271e-05,7.0106e-05,5.67501e-05,4.25508e-05,2.79528e-05,1.34323e-05,-5.29475e-07,-1.34739e-05,-2.49937e-05,-3.47584e-05,-4.25352e-05,-4.82034e-05,-5.13233e-05,-5.17904e-05,-4.9918e-05,-4.59753e-05,-4.03698e-05,-3.36577e-05,-2.64491e-05,-1.92835e-05,-1.25072e-05,-6.17868e-06,0
0,-3.78806e-06,-7.99757e-06,-1.26211e-05,-1.77004e-05,-2.30534e-05,-2.83183e-05,-3.30312e-05,-3.6724e-05,-3.90118e-05,-3.96446e-05,-3.84692e-05,-3.52565e-05,-3.00762e-05,-2.32678e-05,-1.493e-05,-5.24595e-06,5.52573e-06,1.70655e-05,2.9011e-05,4.09771e-05,5.25781e-05,6.34481e-05,7.32604e-05,8.1743e-05,8.86903e-05,9.39701e-05,9.75266e-05,9.93785e-05,9.96145e-05,9.83858e-05,9.58968e-05,9.2395e-05,8.81599e-05,8.34919e-05,7.8701e-05,7.40955e-05,6.99711e-05,6.65998e-05,6.42199e-05,6.30271e-05,6.31664e-05,6.4727e-05,6.77392e-05,7.21732e-05,7.79417e-05,8.49044e-05,9.28744e-05,0.000101627,0.000110908,0.000120445,0.000129957,0.000139163,0.000147791,0.000155589,0.000162329,0.000167812,0.00017188,0.000174412,0.000175334,0.000174615,0.000172274,0.000168373,0.000163019,0.000156363,0.000148591,0.000139926,0.000130616,0.000120931,0.000111154,0.000101574,9.24744e-05,8.41247e-05,7.67686e-05,7.06143e-05,6.58257e-05,6.25139e-05,6.07319e-05,6.04714e-05,6.16626e-05,6.41772e-05,6.78334e-05,7.24035e-05,7.76231e-05,8.32004e-05,8.88268e-05,9.41864e-05,9.89657e-05,0.000102863,0.000105598,0.000106918,0.000106614,0.000104522,0.000100539,9.46312e-05,8.68388e-05,7.72846e-05,6.61745e-05,5.37942e-05,4.05015e-05,2.67116e-05,1.28786e-05,-5.29475e-07,-1.30565e-05,-2.42866e-05,-3.38706e-05,-4.15489e-05,-4.71688e-05,-5.06936e-05,-5.18213e-05,-5.05595e-05,-4.72959e-05,-4.23871e-05,-3.62994e-05,-2.95908e-05,-2.28109e-05,-1.63873e-05,-1.05324e-05,-5.18877e-06,0
0,-3.15987e-06,-6.74685e-06,-1.08326e-05,-1.55447e-05,-2.07935e-05,-2.62899e-05,-3.16039e-05,-3.6256e-05,-3.98104e-05,-4.19415e-05,-4.24217e-05,-4.09811e-05,-3.76208e-05,-3.25799e-05,-2.58982e-05,-1.77043e-05,-8.20873e-06,2.30792e-06,1.3511e-05,2.50309e-05,3.64838e-05,4.74927e-05,5.77071e-05,6.68207e-05,7.45847e-05,8.08181e-05,8.54125e-05,8.83339e-05,8.96194e-05,8.93725e-05,8.77546e-05,8.4976e-05,8.12852e-05,7.69581e-05,7.22867e-05,6.75677e-05,6.30917e-05,5.91322e-05,5.59354e-05,5.37114e-05,5.26263e-05,5.27963e-05,5.42835e-05,5.70943e-05,6.11803e-05,6.64403e-05,7.27263e-05,7.9849e-05,8.75861e-05,9.56908e-05,0.000103901,0.000111949,0.000119572,0.000126516,0.000132552,0.00013748,0.000141132,0.000143386,0.000144162,0.000143432,0.000141215,0.00013758,0.000132641,0.000126558,0.000119524,0.000111766,0.000103535,9.50952e-05,8.67193e-05,7.86772e-05,7.12265e-05,6.46033e-05,5.90127e-05,5.46206e-05,5.1546e-05,4.98555e-05,4.95603e-05,5.06145e-05,5.29168e-05,5.63147e-05,6.06101e-05,6.55672e-05,7.09212e-05,7.63877e-05,8.16721e-05,8.64792e-05,9.05218e-05,9.35299e-05,9.52594e-05,9.5501e-05,9.40894e-05,9.09122e-05,8.59187e-05,7.9128e-05,7.06344e-05,6.06103e-05,4.93053e-05,3.70404e-05,2.41966e-05,1.11985e-05,-1.50676e-06,-1.34739e-05,-2.42866e-05,-3.35833e-05,-4.1082e-05,-4.65992e-05,-5.00633e-05,-5.15195e-05,-5.07987e-05,-4.80113e-05,-4.36041e-05,-3.79995e-05,-3.16955e-05,-2.52258e-05,-1.9057e-05,-1.34919e-05,-8.60799e-06,-4.2425e-06,0
0,-2.53465e-06,-5.47217e-06,-8.95368e-06,-1.31846e-05,-1.81696e-05,-2.37027e-05,-2.94058e-05,-3.48087e-05,-3.94452e-05,-4.29314e-05,-4.49768e-05,-4.52769e-05,-4.37667e-05,-4.05847e-05,-3.57111e-05,-2.92164e-05,-2.12569e-05,-1.20655e-05,-1.93822e-06,8.78308e-06,1.97298e-05,3.05268e-05,4.08127e-05,5.02576e-05,5.85788e-05,6.55527e-05,7.10226e-05,7.49023e-05,7.71767e-05,7.78977e-05,7.7179e-05,7.51875e-05,7.21341e-05,6.82632e-05,6.3842e-05,5.91489e-05,5.44631e-05,5.00536e-05,4.61689e-05,4.30283e-05,4.08138e-05,3.96636e-05,3.96677e-05,4.08649e-05,4.32428e-05,4.67386e-05,5.12427e-05,5.66033e-05,6.26332e-05,6.9117e-05,7.58194e-05,8.24943e-05,8.88941e-05,9.47793e-05,9.99275e-05,0.000104142,0.00010726,0.00010916,0.000109765,0.000109045,0.000107025,0.000103773,9.94072e-05,9.4086e-05,8.8003e-05,8.13794e-05,7.44559e-05,6.74833e-05,6.07131e-05,5.43885e-05,4.87346e-05,4.395e-05,4.01989e-05,3.7604e-05,3.62411e-05,3.61357e-05,3.72611e-05,3.95391e-05,4.28428e-05,4.70015e-05,5.18067e-05,5.70206e-05,6.23839e-05,6.76253e-05,7.24701e-05,7.66491e-05,7.99075e-05,8.20124e-05,8.27622e-05,8.19938e-05,7.95917e-05,7.54956e-05,6.97079e-05,6.22991e-05,5.34119e-05,4.32611e-05,3.21297e-05,2.03611e-05,8.34508e-06,-3.49992e-06,-1.47487e-05,-2.49937e-05,-3.38706e-05,-4.1082e-05,-4.64189e-05,-4.97761e-05,-5.11612e-05,-5.06958e-05,-4.83363e-05,-4.42827e-05,-3.90203e-05,-3.30117e-05,-2.67596e-05,-2.07476e-05,-1.53417e-05,-1.07127e-05,-6.80813e-06,-3.37505e-06,0
0,-1.93955e-06,-4.23172e-06,-7.07306e-06,-1.07352e-05,-1.53132e-05,-2.06909e-05,-2.65563e-05,-3.24695e-05,-3.79562e-05,-4.25944e-05,-4.60472e-05,-4.79867e-05,-4.82876e-05,-4.69876e-05,-4.40093e-05,-3.93642e-05,-3.31509e-05,-2.55479e-05,-1.6803e-05,-7.2191e-06,2.86345e-06,1.30852e-05,2.30871e-05,3.25285e-05,4.11039e-05,4.8556e-05,5.46861e-05,5.93601e-05,6.25114e-05,6.41396e-05,6.43072e-05,6.31329e-05,6.07842e-05,5.74674e-05,5.34177e-05,4.88888e-05,4.41414e-05,3.94336e-05,3.50102e-05,3.10938e-05,2.78766e-05,2.55139e-05,2.41187e-05,2.37584e-05,2.44535e-05,2.61771e-05,2.88576e-05,3.2382e-05,3.66004e-05,4.13332e-05,4.63777e-05,5.15169e-05,5.65282e-05,6.11929e-05,6.53055e-05,6.86829e-05,7.11726e-05,7.26599e-05,7.30731e-05,7.23872e-05,7.06251e-05,6.78566e-05,6.41951e-05,5.97926e-05,5.48327e-05,4.95225e-05,4.40838e-05,3.87437e-05,3.37252e-05,2.92378e-05,2.54693e-05,2.2578e-05,2.06858e-05,1.98732e-05,2.01753e-05,2.15798e-05,2.40273e-05,2.74128e-05,3.15895e-05,3.63745e-05,4.15552e-05,4.68973e-05,5.21529e-05,5.70693e-05,6.13973e-05,6.48993e-05,6.73577e-05,6.85819e-05,6.84166e-05,6.67487e-05,6.35145e-05,5.87059e-05,5.23762e-05,4.46434e-05,3.56913e-05,2.57674e-05,1.51766e-05,4.27071e-06,-6.56639e-06,-1.69375e-05,-2.64538e-05,-3.47584e-05,-4.15489e-05,-4.65992e-05,-4.97761e-05,-5.10512e-05,-5.05058e-05,-4.83291e-05,-4.4597e-05,-3.95794e-05,-3.37751e-05,-2.76597e-05,-2.17132e-05,-1.63478e-05,-1.18161e-05,-8.15654e-06,-5.19801e-06,-2.61598e-06,0
0,-1.39886e-06,-3.07958e-06,-5.27713e-06,-8.31424e-06,-1.2368e-05,-1.74124e-05,-2.32126e-05,-2.93769e-05,-3.54457e-05,-4.09821e-05,-4.56231e-05,-4.90341e-05,-5.10407e-05,-5.15744e-05,-5.05057e-05,-4.77906e-05,-4.34689e-05,-3.76607e-05,-3.05585e-05,-2.24159e-05,-1.35336e-05,-4.24198e-06,5.11579e-06,1.4202e-05,2.27005e-05,3.03316e-05,3.68634e-05,4.21201e-05,4.59873e-05,4.84136e-05,4.94092e-05,4.90418e-05,4.74307e-05,4.47386e-05,4.11626e-05,3.69245e-05,3.22604e-05,2.74108e-05,2.26102e-05,1.80784e-05,1.40124e-05,1.05788e-05,7.90892e-06,6.09433e-06,5.18461e-06,5.18654e-06,6.06493e-06,7.745e-06,1.01161e-05,1.30371e-05,1.63426e-05,1.98501e-05,2.33691e-05,2.6709e-05,2.9689e-05,3.21464e-05,3.39454e-05,3.49836e-05,3.51978e-05,3.45673e-05,3.31152e-05,3.09073e-05,2.80487e-05,2.46787e-05,2.09635e-05,1.70882e-05,1.3248e-05,9.63908e-06,6.44943e-06,3.85049e-06,1.98948e-06,9.82762e-07,9.10467e-07,1.81263e-06,3.68685e-06,6.48773e-06,1.0128e-05,1.44814e-05,1.93872e-05,2.4656e-05,3.00767e-05,3.54243e-05,4.04676e-05,4.49776e-05,4.87355e-05,5.154e-05,5.32148e-05,5.36157e-05,5.26363e-05,5.02151e-05,4.63401e-05,4.10538e-05,3.44563e-05,2.67065e-05,1.80207e-05,8.66828e-06,-1.03702e-06,-1.07486e-05,-2.01029e-05,-2.8738e-05,-3.63142e-05,-4.25352e-05,-4.71688e-05,-5.00633e-05,-5.11612e-05,-5.05058e-05,-4.82419e-05,-4.46126e-05,-3.98175e-05,-3.41658e-05,-2.81403e-05,-2.22024e-05,-1.67852e-05,-1.22124e-05,-8.61787e-06,-5.9146e-06,-3.82915e-06,-1.98691e-06,0
0,-9.32191e-07,-2.06167e-06,-3.64346e-06,-6.03402e-06,-9.47922e-06,-1.40384e-05,-1.95587e-05,-2.57113e-05,-3.20722e-05,-3.82136e-05,-4.37699e-05,-4.84246e-05,-5.198e-05,-5.42269e-05,-5.50049e-05,-5.42222e-05,-5.1862e-05,-4.79841e-05,-4.27209e-05,-3.62696e-05,-2.88805e-05,-2.08438e-05,-1.24732e-05,-4.09041e-06,3.99147e-06,1.14822e-05,1.81271e-05,2.37175e-05,2.80973e-05,3.11678e-05,3.28883e-05,3.32745e-05,3.23949e-05,3.03643e-05,2.73368e-05,2.34965e-05,1.90487e-05,1.42096e-05,9.19764e-06,4.22377e-06,-5.16456e-07,-4.85018e-06,-8.63313e-06,-1.17542e-05,-1.41386e-05,-1.57493e-05,-1.65874e-05,-1.66903e-05,-1.61296e-05,-1.50065e-05,-1.34465e-05,-1.15933e-05,-9.60087e-06,-7.62588e-06,-5.81898e-06,-4.31669e-06,-3.23362e-06,-2.65582e-06,-2.63573e-06,-3.18888e-06,-4.29283e-06,-5.8883e-06,-7.88239e-06,-1.01538e-05,-1.25594e-05,-1.49421e-05,-1.7139e-05,-1.89902e-05,-2.03467e-05,-2.10779e-05,-2.10786e-05,-2.02741e-05,-1.86243e-05,-1.61268e-05,-1.28174e-05,-8.76998e-06,-4.0944e-06,1.0674e-06,6.54619e-06,1.21517e-05,1.76796e-05,2.29189e-05,2.76601e-05,3.17025e-05,3.48614e-05,3.69757e-05,3.79138e-05,3.75793e-05,3.59165e-05,3.29149e-05,2.86124e-05,2.30981e-05,1.65131e-05,9.04899e-06,9.44741e-07,-7.5204e-06,-1.60364e-05,-2.42754e-05,-3.19072e-05,-3.86172e-05,-4.41252e-05,-4.82034e-05,-5.06936e-05,-5.15195e-05,-5.06958e-05,-4.83291e-05,-4.46126e-05,-3.98094e-05,-3.42953e-05,-2.83503e-05,-2.24132e-05,-1.69064e-05,-1.21967e-05,-8.50932e-06,-5.86174e-06,-4.0551e-06,-2.73515e-06,-1.49964e-06,0
0,-5.52965e-07,-1.21229e-06,-2.2351e-06,-3.99313e-06,-6.78388e-06,-1.07412e-05,-1.57932e-05,-2.16829e-05,-2.8039e-05,-3.44658e-05,-4.06175e-05,-4.62238e-05,-5.10013e-05,-5.47038e-05,-5.71337e-05,-5.81532e-05,-5.76916e-05,-5.57491e-05,-5.23957e-05,-4.77671e-05,-4.20561e-05,-3.55022e-05,-2.83785e-05,-2.09774e-05,-1.35961e-05,-6.52221e-06,-2.07771e-08,5.67686e-06,1.0382e-05,1.39546e-05,1.63073e-05,1.74058e-05,1.72674e-05,1.59572e-05,1.35822e-05,1.02846e-05,6.23311e-06,1.61437e-06,-3.37591e-06,-8.54176e-06,-1.36951e-05,-1.8663e-05,-2.32939e-05,-2.74628e-05,-3.10745e-05,-3.40662e-05,-3.64084e-05,-3.81041e-05,-3.91873e-05,-3.97197e-05,-3.97865e-05,-3.9491e-05,-3.89479e-05,-3.8277e-05,-3.7595e-05,-3.7009e-05,-3.66091e-05,-3.64625e-05,-3.66096e-05,-3.70604e-05,-3.77939e-05,-3.87596e-05,-3.98798e-05,-4.10546e-05,-4.21683e-05,-4.30957e-05,-4.371e-05,-4.38901e-05,-4.35276e-05,-4.25336e-05,-4.08438e-05,-3.8423e-05,-3.5268e-05,-3.14094e-05,-2.69115e-05,-2.18708e-05,-1.64138e-05,-1.06922e-05,-4.8778e-06,8.43842e-07,6.28033e-06,1.12399e-05,1.55387e-05,1.9008e-05,2.1501e-05,2.2899e-05,2.31163e-05,2.21053e-05,1.98598e-05,1.64178e-05,1.18629e-05,6.32477e-06,-2.27181e-08,-6.96463e-06,-1.42508e-05,-2.1604e-05,-2.87308e-05,-3.53342e-05,-4.11292e-05,-4.58583e-05,-4.93079e-05,-5.13233e-05,-5.18213e-05,-5.07987e-05,-4.83363e-05,-4.4597e-05,-3.98175e-05,-3.42953e-05,-2.8373e-05,-2.24673e-05,-1.68977e-05,-1.20282e-05,-8.14591e-06,-5.37618e-06,-3.6303e-06,-2.61792e-06,-1.92871e-06,-1.15499e-06,0
0,-2.67454e-07,-5.51707e-07,-1.09616e-06,-2.26952e-06,-4.401e-06,-7.683e-06,-1.21164e-05,-1.75182e-05,-2.3582e-05,-2.9964e-05,-3.63783e-05,-4.25385e-05,-4.81578e-05,-5.2973e-05,-5.67593e-05,-5.93411e-05,-6.06005e-05,-6.04824e-05,-5.89966e-05,-5.62161e-05,-5.22723e-05,-4.73474e-05,-4.16646e-05,-3.5476e-05,-2.90501e-05,-2.26585e-05,-1.65636e-05,-1.10066e-05,-6.19774e-06,-2.3084e-06,5.34616e-07,2.25222e-06,2.81371e-06,2.23528e-06,5.76338e-07,-2.06578e-06,-5.56256e-06,-9.76187e-06,-1.44961e-05,-1.95903e-05,-2.48702e-05,-3.01692e-05,-3.5335e-05,-4.02347e-05,-4.47588e-05,-4.88244e-05,-5.23762e-05,-5.53869e-05,-5.78565e-05,-5.98097e-05,-6.12927e-05,-6.23688e-05,-6.31135e-05,-6.36085e-05,-6.39355e-05,-6.41704e-05,-6.43773e-05,-6.46039e-05,-6.48775e-05,-6.5203e-05,-6.55618e-05,-6.59133e-05,-6.61972e-05,-6.63374e-05,-6.62476e-05,-6.58365e-05,-6.50147e-05,-6.37004e-05,-6.18255e-05,-5.93408e-05,-5.62201e-05,-5.24638e-05,-4.81004e-05,-4.3188e-05,-3.78129e-05,-3.20879e-05,-2.61494e-05,-2.01523e-05,-1.42649e-05,-8.66232e-06,-3.52001e-06,9.93727e-07,4.72444e-06,7.53821e-06,9.32755e-06,1.00166e-05,9.56508e-06,7.97181e-06,5.27627e-06,1.55958e-06,-3.0561e-06,-8.40956e-06,-1.43042e-05,-2.05133e-05,-2.67876e-05,-3.28642e-05,-3.8478e-05,-4.33739e-05,-4.73206e-05,-5.01242e-05,-5.16414e-05,-5.17904e-05,-5.05595e-05,-4.80113e-05,-4.42827e-05,-3.95794e-05,-3.41658e-05,-2.83503e-05,-2.24673e-05,-1.68503e-05,-1.18829e-05,-7.79612e-06,-4.79388e-06,-2.90963e-06,-1.9673e-06,-1.61073e-06,-1.4001e-06,-9.42386e-07,0
0,-7.4405e-08,-8.49014e-08,-2.48847e-07,-9.1522e-07,-2.42362e-06,-5.00463e-06,-8.71736e-06,-1.34467e-05,-1.89553e-05,-2.49946e-05,-3.13135e-05,-3.76446e-05,-4.37148e-05,-4.92621e-05,-5.40496e-05,-5.78774e-05,-6.05919e-05,-6.20922e-05,-6.23348e-05,-6.1334e-05,-5.91606e-05,-5.59373e-05,-5.18319e-05,-4.70479e-05,-4.18147e-05,-3.63758e-05,-3.09771e-05,-2.58561e-05,-2.12312e-05,-1.72926e-05,-1.41954e-05,-1.20546e-05,-1.09418e-05,-1.0885e-05,-1.187e-05,-1.38436e-05,-1.67187e-05,-2.03805e-05,-2.46935e-05,-2.95089e-05,-3.46718e-05,-4.00283e-05,-4.54318e-05,-5.07483e-05,-5.58607e-05,-6.06722e-05,-6.5108e-05,-6.91162e-05,-7.26676e-05,-7.57542e-05,-7.83868e-05,-8.05918e-05,-8.24073e-05,-8.38784e-05,-8.50528e-05,-8.59757e-05,-8.66859e-05,-8.72115e-05,-8.75676e-05,-8.77542e-05,-8.77559e-05,-8.75427e-05,-8.70724e-05,-8.62932e-05,-8.51484e-05,-8.35804e-05,-8.15359e-05,-7.89705e-05,-7.58535e-05,-7.21714e-05,-6.79316e-05,-6.31641e-05,-5.79233e-05,-5.22874e-05,-4.6358e-05,-4.02569e-05,-3.41235e-05,-2.81093e-05,-2.23732e-05,-1.70748e-05,-1.23679e-05,-8.39427e-06,-5.27684e-06,-3.11396e-06,-1.97439e-06,-1.89325e-06,-2.8691e-06,-4.86233e-06,-7.79489e-06,-1.15513e-05,-1.59812e-05,-2.09032e-05,-2.61102e-05,-3.13764e-05,-3.64657e-05,-4.1141e-05,-4.51754e-05,-4.83635e-05,-5.05328e-05,-5.15548e-05,-5.13546e-05,-4.9918e-05,-4.72959e-05,-4.36041e-05,-3.90203e-05,-3.37751e-05,-2.81403e-05,-2.24132e-05,-1.68977e-05,-1.18829e-05,-7.62524e-06,-4.39416e-06,-2.25145e-06,-1.15688e-06,-8.7309e-07,-1.00755e-06,-1.1173e-06,-8.40452e-07,0
0,3.46791e-08,1.98424e-07,3.07665e-07,4.70325e-08,-9.12571e-07,-2.81688e-06,-5.7628e-06,-9.68861e-06,-1.44518e-05,-1.98815e-05,-2.57729e-05,-3.1896e-05,-3.80065e-05,-4.38598e-05,-4.92234e-05,-5.38892e-05,-5.76826e-05,-6.04707e-05,-6.21678e-05,-6.2739e-05,-6.22005e-05,-6.06183e-05,-5.81041e-05,-5.48091e-05,-5.09162e-05,-4.66307e-05,-4.21705e-05,-3.77556e-05,-3.35978e-05,-2.98923e-05,-2.68087e-05,-2.44854e-05,-2.30245e-05,-2.24895e-05,-2.2905e-05,-2.4258e-05,-2.65009e-05,-2.95564e-05,-3.33231e-05,-3.76816e-05,-4.25011e-05,-4.76461e-05,-5.29821e-05,-5.83809e-05,-6.37251e-05,-6.89111e-05,-7.38521e-05,-7.84787e-05,-8.27392e-05,-8.65994e-05,-9.00406e-05,-9.30575e-05,-9.56556e-05,-9.78477e-05,-9.96508e-05,-0.000101083,-0.000102159,-0.00010289,-0.000103281,-0.000103327,-0.000103016,-0.00010233,-0.000101242,-9.97252e-05,-9.77488e-05,-9.52863e-05,-9.23169e-05,-8.88291e-05,-8.48239e-05,-8.03176e-05,-7.53442e-05,-6.99562e-05,-6.42258e-05,-5.8244e-05,-5.21194e-05,-4.59755e-05,-3.99474e-05,-3.4177e-05,-2.88078e-05,-2.39794e-05,-1.98211e-05,-1.64459e-05,-1.39448e-05,-1.23821e-05,-1.1791e-05,-1.21707e-05,-1.34853e-05,-1.56628e-05,-1.8597e-05,-2.21498e-05,-2.61554e-05,-3.04253e-05,-3.47555e-05,-3.89335e-05,-4.27477e-05,-4.59963e-05,-4.84975e-05,-5.0099e-05,-5.06875e-05,-5.01963e-05,-4.86114e-05,-4.59753e-05,-4.23871e-05,-3.79995e-05,-3.30117e-05,-2.76597e-05,-2.22024e-05,-1.69064e-05,-1.20282e-05,-7.79612e-06,-4.39416e-06,-1.94887e-06,-5.69466e-07,-1.10052e-07,-3.03037e-07,-7.49836e-07,-1.02809e-06,-8.18522e-07,0
0,7.46351e-08,3.22545e-07,5.96669e-07,6.25097e-07,1.078e-07,-1.1927e-06,-3.38688e-06,-6.46582e-06,-1.03702e-05,-1.49905e-05,-2.01769e-05,-2.57478e-05,-3.14999e-05,-3.72197e-05,-4.2695e-05,-4.77254e-05,-5.21323e-05,-5.57668e-05,-5.85166e-05,-6.03106e-05,-6.11215e-05,-6.09666e-05,-5.99062e-05,-5.80402e-05,-5.55025e-05,-5.24542e-05,-4.90759e-05,-4.55583e-05,-4.20939e-05,-3.88678e-05,-3.60495e-05,-3.37864e-05,-3.21976e-05,-3.13707e-05,-3.13592e-05,-3.21826e-05,-3.38279e-05,-3.62522e-05,-3.93872e-05,-4.31445e-05,-4.74202e-05,-5.21016e-05,-5.70717e-05,-6.22147e-05,-6.742e-05,-7.25853e-05,-7.76195e-05,-8.24438e-05,-8.69927e-05,-9.12137e-05,-9.50665e-05,-9.85218e-05,-0.00010156,-0.000104167,-0.000106337,-0.000108064,-0.000109345,-0.000110177,-0.000110555,-0.000110474,-0.000109923,-0.000108895,-0.000107377,-0.000105362,-0.000102843,-9.98179e-05,-9.62924e-05,-9.22809e-05,-8.78085e-05,-8.29134e-05,-7.76474e-05,-7.20772e-05,-6.62842e-05,-6.03636e-05,-5.44232e-05,-4.85804e-05,-4.29593e-05,-3.76863e-05,-3.28851e-05,-2.86716e-05,-2.51487e-05,-2.24006e-05,-2.04884e-05,-1.94458e-05,-1.92761e-05,-1.99508e-05,-2.14085e-05,-2.35567e-05,-2.62735e-05,-2.94118e-05,-3.28042e-05,-3.62691e-05,-3.96181e-05,-4.26635e-05,-4.5227e-05,-4.71481e-05,-4.82925e-05,-4.85601e-05,-4.78913e-05,-4.62721e-05,-4.37372e-05,-4.03698e-05,-3.62994e-05,-3.16955e-05,-2.67596e-05,-2.17132e-05,-1.67852e-05,-1.21967e-05,-8.14591e-06,-4.79388e-06,-2.25145e-06,-5.69466e-07,2.69539e-07,2.96496e-07,-1.69059e-07,-7.50294e-07,-1.06412e-06,-8.39189e-07,0
0,6.5128e-08,3.23209e-07,6.61585e-07,8.56818e-07,6.52159e-07,-1.60792e-07,-1.68017e-06,-3.94943e-06,-6.96022e-06,-1.06573e-05,-1.49447e-05,-1.96925e-05,-2.47447e-05,-2.99289e-05,-3.5065e-05,-3.99753e-05,-4.44931e-05,-4.84704e-05,-5.1785e-05,-5.43457e-05,-5.60964e-05,-5.70179e-05,-5.71288e-05,-5.64835e-05,-5.51695e-05,-5.33028e-05,-5.10217e-05,-4.84802e-05,-4.58403e-05,-4.32646e-05,-4.09087e-05,-3.89142e-05,-3.74031e-05,-3.64733e-05,-3.61952e-05,-3.66107e-05,-3.77327e-05,-3.9547e-05,-4.2015e-05,-4.50772e-05,-4.86576e-05,-5.26683e-05,-5.70142e-05,-6.15969e-05,-6.6319e-05,-7.10868e-05,-7.58131e-05,-8.04181e-05,-8.48314e-05,-8.89914e-05,-9.28455e-05,-9.63496e-05,-9.94669e-05,-0.000102167,-0.000104427,-0.000106224,-0.000107544,-0.000108373,-0.000108701,-0.00010852,-0.000107825,-0.000106613,-0.000104886,-0.00010265,-9.99139e-05,-9.66953e-05,-9.30175e-05,-8.89118e-05,-8.44189e-05,-7.95891e-05,-7.44834e-05,-6.91734e-05,-6.37407e-05,-5.82769e-05,-5.28811e-05,-4.76581e-05,-4.27153e-05,-3.81587e-05,-3.4089e-05,-3.0597e-05,-2.77592e-05,-2.56329e-05,-2.4253e-05,-2.36289e-05,-2.37419e-05,-2.45453e-05,-2.59644e-05,-2.78982e-05,-3.0223e-05,-3.27966e-05,-3.54634e-05,-3.80613e-05,-4.04281e-05,-4.24091e-05,-4.38645e-05,-4.46768e-05,-4.47569e-05,-4.40505e-05,-4.25418e-05,-4.02559e-05,-3.72593e-05,-3.36577e-05,-2.95908e-05,-2.52258e-05,-2.07476e-05,-1.63478e-05,-1.22124e-05,-8.50932e-06,-5.37618e-06,-2.90963e-06,-1.15688e-06,-1.10052e-07,2.96496e-07,1.85749e-07,-3.44607e-07,-8.99617e-07,-1.14687e-06,-8.61804e-07,0
0,2.85798e-08,2.43981e-07,5.61977e-07,8.07479e-07,7.75054e-07,3.25067e-07,-6.44401e-07,-2.19731e-06,-4.35793e-06,-7.11175e-06,-1.04083e-05,-1.41652e-05,-1.82741e-05,-2.2607e-05,-2.70238e-05,-3.138e-05,-3.55336e-05,-3.93527e-05,-4.27214e-05,-4.55449e-05,-4.77544e-05,-4.93093e-05,-5.0199e-05,-5.0443e-05,-5.00898e-05,-4.92139e-05,-4.79119e-05,-4.62978e-05,-4.44971e-05,-4.26411e-05,-4.08598e-05,-3.9277e-05,-3.80039e-05,-3.71353e-05,-3.67458e-05,-3.68874e-05,-3.75892e-05,-3.88571e-05,-4.06757e-05,-4.30106e-05,-4.58113e-05,-4.90148e-05,-5.25493e-05,-5.63376e-05,-6.03001e-05,-6.43577e-05,-6.84338e-05,-7.24563e-05,-7.63578e-05,-8.0077e-05,-8.35585e-05,-8.67529e-05,-8.96163e-05,-9.21106e-05,-9.42026e-05,-9.58645e-05,-9.70732e-05,-9.78107e-05,-9.8064e-05,-9.78251e-05,-9.70916e-05,-9.58663e-05,-9.41578e-05,-9.19802e-05,-8.93538e-05,-8.6305e-05,-8.28664e-05,-7.90776e-05,-7.49849e-05,-7.06417e-05,-6.61089e-05,-6.14543e-05,-5.67523e-05,-5.20833e-05,-4.75315e-05,-4.3184e-05,-3.91271e-05,-3.5444e-05,-3.22111e-05,-2.94945e-05,-2.73461e-05,-2.58007e-05,-2.48726e-05,-2.45544e-05,-2.48151e-05,-2.56004e-05,-2.68339e-05,-2.84191e-05,-3.02433e-05,-3.21812e-05,-3.41007e-05,-3.58681e-05,-3.73549e-05,-3.84434e-05,-3.9033e-05,-3.9046e-05,-3.84321e-05,-3.7172e-05,-3.528e-05,-3.2804e-05,-2.9824e-05,-2.64491e-05,-2.28109e-05,-1.9057e-05,-1.53417e-05,-1.18161e-05,-8.61787e-06,-5.86174e-06,-3.6303e-06,-1.9673e-06,-8.7309e-07,-3.03037e-07,-1.69059e-07,-3.44607e-07,-6.7363e-07,-1.07632e-06,-1.19565e-06,-8.46884e-07,0
0,-1.24216e-08,1.31483e-07,3.67846e-07,5.65145e-07,6.0883e-07,3.95165e-07,-1.63748e-07,-1.13295e-06,-2.55066e-06,-4.42674e-06,-6.74308e-06,-9.45553e-06,-1.24972e-05,-1.5783e-05,-1.92143e-05,-2.26849e-05,-2.60867e-05,-2.93147e-05,-3.22726e-05,-3.48768e-05,-3.70609e-05,-3.87779e-05,-4.00027e-05,-4.07328e-05,-4.0988e-05,-4.08094e-05,-4.02571e-05,-3.9407e-05,-3.83468e-05,-3.71719e-05,-3.59806e-05,-3.48692e-05,-3.39281e-05,-3.32372e-05,-3.28632e-05,-3.28573e-05,-3.32533e-05,-3.4068e-05,-3.53012e-05,-3.6937e-05,-3.89461e-05,-4.12881e-05,-4.39138e-05,-4.67678e-05,-4.97912e-05,-5.29236e-05,-5.61044e-05,-5.9275e-05,-6.23789e-05,-6.53629e-05,-6.81774e-05,-7.07764e-05,-7.31183e-05,-7.51652e-05,-7.6884e-05,-7.82459e-05,-7.92274e-05,-7.98102e-05,-7.99815e-05,-7.97344e-05,-7.90683e-05,-7.79884e-05,-7.65061e-05,-7.46385e-05,-7.24085e-05,-6.98444e-05,-6.69798e-05,-6.38532e-05,-6.0508e-05,-5.69923e-05,-5.3359e-05,-4.9665e-05,-4.5971e-05,-4.23407e-05,-3.88393e-05,-3.55325e-05,-3.24841e-05,-2.97535e-05,-2.73938e-05,-2.54486e-05,-2.39494e-05,-2.29136e-05,-2.23425e-05,-2.22198e-05,-2.25118e-05,-2.31671e-05,-2.41184e-05,-2.52847e-05,-2.65742e-05,-2.7888e-05,-2.91248e-05,-3.01852e-05,-3.09766e-05,-3.1418e-05,-3.14446e-05,-3.10115e-05,-3.00968e-05,-2.87036e-05,-2.68608e-05,-2.46224e-05,-2.20648e-05,-1.92835e-05,-1.63873e-05,-1.34919e-05,-1.07127e-05,-8.15654e-06,-5.9146e-06,-4.0551e-06,-2.61792e-06,-1.61073e-06,-1.00755e-06,-7.49836e-07,-7.50294e-07,-8.99617e-07,-1.07632e-06,-1.15989e-06,-1.13748e-06,-7.61323e-07,0
0,-3.81737e-08,2.95702e-08,1.52081e-07,2.73057e-07,3.26536e-07,2.44011e-07,-3.74758e-08,-5.69365e-07,-1.38759e-06,-2.51032e-06,-3.93721e-06,-5.64986e-06,-7.6134e-06,-9.77888e-06,-1.20864e-05,-1.44685e-05,-1.68541e-05,-1.91717e-05,-2.13535e-05,-2.33383e-05,-2.50744e-05,-2.6522e-05,-2.76547e-05,-2.8461e-05,-2.89441e-05,-2.91222e-05,-2.90267e-05,-2.87013e-05,-2.8199e-05,-2.75798e-05,-2.69077e-05,-2.62472e-05,-2.56608e-05,-2.52056e-05,-2.49312e-05,-2.48776e-05,-2.50742e-05,-2.55389e-05,-2.62783e-05,-2.72881e-05,-2.85543e-05,-3.00544e-05,-3.17592e-05,-3.36343e-05,-3.56417e-05,-3.77414e-05,-3.98921e-05,-4.20528e-05,-4.41834e-05,-4.62448e-05,-4.82e-05,-5.0014e-05,-5.16543e-05,-5.3091e-05,-5.42976e-05,-5.5251e-05,-5.59321e-05,-5.63261e-05,-5.64231e-05,-5.62181e-05,-5.57112e-05,-5.49077e-05,-5.38178e-05,-5.24565e-05,-5.08431e-05,-4.90011e-05,-4.69574e-05,-4.47424e-05,-4.23896e-05,-3.99352e-05,-3.74176e-05,-3.48779e-05,-3.23585e-05,-2.99032e-05,-2.75558e-05,-2.53596e-05,-2.33556e-05,-2.15811e-05,-2.00682e-05,-1.8842e-05,-1.79186e-05,-1.73045e-05,-1.69945e-05,-1.69723e-05,-1.72092e-05,-1.76659e-05,-1.82925e-05,-1.90311e-05,-1.98181e-05,-2.05862e-05,-2.12682e-05,-2.18001e-05,-2.2124e-05,-2.21918e-05,-2.19674e-05,-2.14295e-05,-2.05731e-05,-1.94104e-05,-1.79707e-05,-1.62991e-05,-1.44548e-05,-1.25072e-05,-1.05324e-05,-8.60799e-06,-6.80813e-06,-5.19801e-06,-3.82915e-06,-2.73515e-06,-1.92871e-06,-1.4001e-06,-1.1173e-06,-1.02809e-06,-1.06412e-06,-1.14687e-06,-1.19565e-06,-1.13748e-06,-9.18609e-07,-5.84286e-07,0
0,-3.52528e-08,-2.74504e-08,1.21154e-08,6.17093e-08,9.12101e-08,6.71421e-08,-4.30512e-08,-2.67651e-07,-6.28239e-07,-1.13815e-06,-1.80171e-06,-2.61412e-06,-3.56201e-06,-4.62439e-06,-5.77406e-06,-6.97923e-06,-8.2053e-06,-9.41671e-06,-1.05787e-05,-1.1659e-05,-1.26295e-05,-1.3467e-05,-1.41552e-05,-1.46842e-05,-1.5052e-05,-1.52636e-05,-1.53312e-05,-1.52735e-05,-1.51144e-05,-1.48819e-05,-1.46069e-05,-1.43213e-05,-1.40564e-05,-1.3842e-05,-1.37045e-05,-1.36659e-05,-1.37434e-05,-1.39485e-05,-1.42871e-05,-1.47595e-05,-1.5361e-05,-1.60825e-05,-1.69108e-05,-1.78301e-05,-1.88221e-05,-1.98671e-05,-2.09444e-05,-2.20331e-05,-2.31121e-05,-2.4161e-05,-2.51597e-05,-2.60892e-05,-2.69316e-05,-2.76704e-05,-2.82906e-05,-2.87792e-05,-2.91256e-05,-2.93214e-05,-2.93611e-05,-2.9242e-05,-2.89645e-05,-2.85319e-05,-2.79502e-05,-2.72282e-05,-2.6377e-05,-2.54102e-05,-2.43427e-05,-2.31916e-05,-2.19752e-05,-2.07129e-05,-1.94254e-05,-1.81339e-05,-1.68605e-05,-1.56273e-05,-1.44561e-05,-1.33683e-05,-1.23835e-05,-1.15194e-05,-1.07904e-05,-1.02073e-05,-9.77632e-06,-9.49838e-06,-9.3688e-06,-9.37701e-06,-9.5067e-06,-9.73615e-06,-1.0039e-05,-1.03851e-05,-1.0742e-05,-1.10762e-05,-1.13547e-05,-1.15467e-05,-1.16255e-05,-1.15694e-05,-1.13637e-05,-1.10013e-05,-1.04833e-05,-9.81974e-06,-9.02876e-06,-8.13618e-06,-7.17401e-06,-6.17868e-06,-5.18877e-06,-4.2425e-06,-3.37505e-06,-2.61598e-06,-1.98691e-06,-1.49964e-06,-1.15499e-06,-9.42386e-07,-8.40452e-07,-8.18522e-07,-8.39189e-07,-8.61804e-07,-8.46884e-07,-7.61323e-07,-5.84286e-07,-3.13747e-07,0
0,0,0,0,0,0,0,0,0,0,0,0,0,0,0,0,0,0,0,0,0,0,0,0,0,0,0,0,0,0,0,0,0,0,0,0,0,0,0,0,0,0,0,0,0,0,0,0,0,0,0,0,0,0,0,0,0,0,0,0,0,0,0,0,0,0,0,0,0,0,0,0,0,0,0,0,0,0,0,0,0,0,0,0,0,0,0,0,0,0,0,0,0,0,0,0,0,0,0,0,0,0,0,0,0,0,0,0,0,0,0,0,0,0,0,0,0,0,0,0
