0,0,0,0,0,0,0,0,0,0,0,0,0,0,0,0,0,0,0,0,0,0,0,0,0,0,0,0,0,0,0,0,0,0,0,0,0,0,0,0,0,0,0,0,0,0,0,0,0,0,0,0,0,0,0,0,0,0,0,0,0,0,0,0,0,0,0,0,0,0,0,0,0,0,0,0,0,0,0,0,0,0,0,0,0,0,0,0,0,0,0,0,0,0,0,0,0,0,0,0,0,0,0,0,0,0,0,0,0,0,0,0,0,0,0,0,0,0,0,0
0,-2.46127e-06,-4.6142e-06,-6.54001e-06,-8.22468e-06,-9.65558e-06,-1.08262e-05,-1.17362e-05,-1.23897e-05,-1.27937e-05,-1.29561e-05,-1.28855e-05,-1.25909e-05,-1.20825e-05,-1.13727e-05,-1.04774e-05,-9.41688e-06,-8.21688e-06,-6.90843e-06,-5.52771e-06,-4.11516e-06,-2.71418e-06,-1.36937e-06,-1.24771e-07,9.78092e-07,1.90201e-06,2.61566e-06,3.09495e-06,3.32392e-06,3.29534e-06,3.01087e-06,2.48084e-06,1.72374e-06,7.65225e-07,-3.63001e-07,-1.62467e-06,-2.98054e-06,-4.39014e-06,-5.81349e-06,-7.21278e-06,-8.55389e-06,-9.80763e-06,-1.09508e-05,-1.19666e-05,-1.2845e-05,-1.35828e-05,-1.41826e-05,-1.46525e-05,-1.50048e-05,-1.52552e-05,-1.54213e-05,-1.55216e-05,-1.55744e-05,-1.55969e-05,-1.56046e-05,-1.56105e-05,-1.56249e-05,-1.56548e-05,-1.57044e-05,-1.57744e-05,-1.58627e-05,-1.59639e-05,-1.60698e-05,-1.61695e-05,-1.62497e-05,-1.62947e-05,-1.62877e-05,-1.62101e-05,-1.60434e-05,-1.57692e-05,-1.53706e-05,-1.48331e-05,-1.41456e-05,-1.33018e-05,-1.23008e-05,-1.11477e-05,-9.85485e-06,-8.44099e-06,-6.93164e-06,-5.3582e-06,-3.7569e-06,-2.16743e-06,-6.31343e-07,8.09707e-07,2.11574e-06,3.2501e-06,4.18093e-06,4.88236e-06,5.33535e-06,5.52823e-06,5.4569e-06,5.12475e-06,4.54231e-06,3.72678e-06,2.70136e-06,1.49452e-06,1.39184e-07,-1.32819e-06,-2.86854e-06,-4.44126e-06,-6.00524e-06,-7.51997e-06,-8.94662e-06,-1.0249e-05,-1.13942e-05,-1.23536e-05,-1.31026e-05,-1.36212e-05,-1.38935e-05,-1.39075e-05,-1.36547e-05,-1.313e-05,-1.23321e-05,-1.12634e-05,-9.93138e-06,-8.34955e-06,-6.53795e-06,-4.52298e-06,-2.33467e-06,0
0,-4.6142e-06,-8.86087e-06,-1.24336e-05,-1.55126e-05,-1.80718e-05,-2.01029e-05,-2.16114e-05,-2.26125e-05,-2.31263e-05,-2.31749e-05,-2.27811e-05,-2.19684e-05,-2.07629e-05,-1.91947e-05,-1.73006e-05,-1.51257e-05,-1.27244e-05,-1.01604e-05,-7.50625e-06,-4.84085e-06,-2.2472e-06,1.91019e-07,2.39283e-06,4.28349e-06,5.79765e-06,6.88225e-06,7.49866e-06,7.62431e-06,7.25352e-06,6.39768e-06,5.0846e-06,3.35733e-06,1.27215e-06,-1.10387e-06,-3.69583e-06,-6.42434e-06,-9.209e-06,-1.19719e-05,-1.46409e-05,-1.71526e-05,-1.94547e-05,-2.1508e-05,-2.32865e-05,-2.47786e-05,-2.59855e-05,-2.69205e-05,-2.76065e-05,-2.80744e-05,-2.83601e-05,-2.85022e-05,-2.85398e-05,-2.85103e-05,-2.84479e-05,-2.83819e-05,-2.83367e-05,-2.83306e-05,-2.83757e-05,-2.84784e-05,-2.8639e-05,-2.88523e-05,-2.91078e-05,-2.93896e-05,-2.96772e-05,-2.99455e-05,-3.01649e-05,-3.03026e-05,-3.03227e-05,-3.01877e-05,-2.98598e-05,-2.93027e-05,-2.84836e-05,-2.73755e-05,-2.59591e-05,-2.42255e-05,-2.21776e-05,-1.98315e-05,-1.72171e-05,-1.43781e-05,-1.1371e-05,-8.26327e-06,-5.13089e-06,-2.05524e-06,8.80397e-07,3.59446e-06,6.01059e-06,8.06085e-06,9.68834e-06,1.08492e-05,1.15142e-05,1.16686e-05,1.13132e-05,1.04629e-05,9.146e-06,7.40304e-06,5.2851e-06,2.85225e-06,1.71761e-07,-2.68373e-06,-5.63809e-06,-8.61368e-06,-1.15333e-05,-1.43221e-05,-1.69094e-05,-1.92301e-05,-2.12259e-05,-2.28459e-05,-2.4047e-05,-2.47933e-05,-2.50561e-05,-2.48129e-05,-2.40474e-05,-2.27499e-05,-2.09185e-05,-1.85612e-05,-1.56982e-05,-1.23651e-05,-8.61383e-06,-4.51099e-06,0
0,-6.54001e-06,-1.24336e-05,-1.76593e-05,-2.1756e-05,-2.50475e-05,-2.75313e-05,-2.92276e-05,-3.01699e-05,-3.03986e-05,-2.99564e-05,-2.88867e-05,-2.72345e-05,-2.5049e-05,-2.23862e-05,-1.93118e-05,-1.59032e-05,-1.22505e-05,-8.45512e-06,-4.62841e-06,-8.87766e-07,2.64743e-06,5.86056e-06,8.64268e-06,1.08971e-05,1.25437e-05,1.35219e-05,1.37935e-05,1.33444e-05,1.21846e-05,1.03481e-05,7.89172e-06,4.89224e-06,1.44358e-06,-2.34733e-06,-6.36509e-06,-1.04908e-05,-1.46075e-05,-1.86046e-05,-2.23833e-05,-2.586e-05,-2.89699e-05,-3.16682e-05,-3.39314e-05,-3.57565e-05,-3.71596e-05,-3.81727e-05,-3.88408e-05,-3.92183e-05,-3.93643e-05,-3.93397e-05,-3.92035e-05,-3.90099e-05,-3.88066e-05,-3.86334e-05,-3.85212e-05,-3.84923e-05,-3.85604e-05,-3.87313e-05,-3.90035e-05,-3.93686e-05,-3.98117e-05,-4.03119e-05,-4.08423e-05,-4.13696e-05,-4.1855e-05,-4.22535e-05,-4.25154e-05,-4.25867e-05,-4.24111e-05,-4.19321e-05,-4.1096e-05,-3.98549e-05,-3.817e-05,-3.60156e-05,-3.33822e-05,-3.02786e-05,-2.67343e-05,-2.27997e-05,-1.85456e-05,-1.40614e-05,-9.45165e-06,-4.83231e-06,-3.25438e-07,3.94601e-06,7.86363e-06,1.13186e-05,1.42162e-05,1.64792e-05,1.80505e-05,1.88945e-05,1.89976e-05,1.83674e-05,1.7032e-05,1.5038e-05,1.24483e-05,9.34013e-06,5.80256e-06,1.93384e-06,-2.161e-06,-6.37285e-06,-1.05912e-05,-1.47067e-05,-1.86138e-05,-2.2213e-05,-2.54127e-05,-2.81305e-05,-3.02937e-05,-3.18393e-05,-3.27138e-05,-3.28723e-05,-3.22781e-05,-3.09035e-05,-2.87317e-05,-2.576e-05,-2.20053e-05,-1.75098e-05,-1.23466e-05,-6.51923e-06,0
0,-8.22468e-06,-1.55126e-05,-2.1756e-05,-2.69058e-05,-3.04554e-05,-3.2904e-05,-3.42998e-05,-3.47073e-05,-3.4197e-05,-3.28415e-05,-3.07134e-05,-2.78881e-05,-2.44466e-05,-2.04792e-05,-1.60891e-05,-1.13929e-05,-6.5211e-06,-1.61548e-06,3.17472e-06,7.69793e-06,1.1806e-05,1.53604e-05,1.8238e-05,2.03359e-05,2.15763e-05,2.19092e-05,2.13145e-05,1.98028e-05,1.7415e-05,1.42208e-05,1.03159e-05,5.81847e-06,8.6411e-07,-4.39932e-06,-9.81804e-06,-1.52388e-05,-2.05156e-05,-2.55155e-05,-3.01248e-05,-3.42526e-05,-3.78349e-05,-4.08352e-05,-4.32448e-05,-4.50811e-05,-4.63843e-05,-4.7213e-05,-4.76394e-05,-4.77436e-05,-4.76086e-05,-4.73155e-05,-4.69392e-05,-4.65457e-05,-4.61899e-05,-4.59149e-05,-4.5752e-05,-4.57215e-05,-4.58335e-05,-4.60899e-05,-4.64854e-05,-4.70084e-05,-4.76415e-05,-4.83622e-05,-4.91418e-05,-4.99455e-05,-5.07311e-05,-5.14491e-05,-5.20421e-05,-5.24452e-05,-5.25879e-05,-5.23957e-05,-5.17939e-05,-5.0711e-05,-4.90839e-05,-4.68623e-05,-4.4014e-05,-4.05287e-05,-3.6422e-05,-3.17368e-05,-2.65442e-05,-2.0942e-05,-1.50518e-05,-9.01413e-06,-2.98286e-06,2.88183e-06,8.42049e-06,1.34815e-05,1.79273e-05,2.16403e-05,2.45261e-05,2.65173e-05,2.7574e-05,2.7684e-05,2.68621e-05,2.5148e-05,2.26038e-05,1.93117e-05,1.53706e-05,1.08937e-05,6.00527e-06,8.37517e-07,-4.47241e-06,-9.78562e-06,-1.49646e-05,-1.98762e-05,-2.43941e-05,-2.84012e-05,-3.17901e-05,-3.44644e-05,-3.63376e-05,-3.73326e-05,-3.73815e-05,-3.64258e-05,-3.44191e-05,-3.13326e-05,-2.71627e-05,-2.1942e-05,-1.56507e-05,-8.32592e-06,0
0,-9.65558e-06,-1.80718e-05,-2.50475e-05,-3.04554e-05,-3.42969e-05,-3.61657e-05,-3.67278e-05,-3.60946e-05,-3.43808e-05,-3.16997e-05,-2.81633e-05,-2.38857e-05,-1.89877e-05,-1.3601e-05,-7.87072e-06,-1.95613e-06,3.97171e-06,9.73405e-06,1.51503e-05,2.00447e-05,2.42539e-05,2.76334e-05,3.00635e-05,3.14545e-05,3.17502e-05,3.09296e-05,2.9008e-05,2.60361e-05,2.20982e-05,1.73089e-05,1.1809e-05,5.76011e-06,-6.61388e-07,-7.2715e-06,-1.38859e-05,-2.03277e-05,-2.64347e-05,-3.20662e-05,-3.71087e-05,-4.14798e-05,-4.51312e-05,-4.80483e-05,-5.02493e-05,-5.17815e-05,-5.27161e-05,-5.31424e-05,-5.31607e-05,-5.2876e-05,-5.2391e-05,-5.18011e-05,-5.119e-05,-5.06269e-05,-5.01652e-05,-4.98428e-05,-4.96832e-05,-4.96975e-05,-4.9887e-05,-5.02458e-05,-5.07629e-05,-5.14235e-05,-5.22104e-05,-5.31031e-05,-5.40776e-05,-5.51044e-05,-5.61468e-05,-5.71593e-05,-5.8086e-05,-5.88599e-05,-5.94035e-05,-5.96307e-05,-5.94493e-05,-5.87659e-05,-5.74911e-05,-5.55457e-05,-5.28672e-05,-4.9416e-05,-4.51807e-05,-4.01823e-05,-3.44763e-05,-2.81529e-05,-2.13351e-05,-1.4174e-05,-6.84332e-06,4.68831e-07,7.56815e-06,1.4263e-05,2.0373e-05,2.57361e-05,3.02154e-05,3.37027e-05,3.6122e-05,3.74302e-05,3.76163e-05,3.67002e-05,3.47303e-05,3.17803e-05,2.79461e-05,2.3343e-05,1.81018e-05,1.23664e-05,6.28989e-06,3.16006e-08,-6.24654e-06,-1.23833e-05,-1.82212e-05,-2.36095e-05,-2.84054e-05,-3.24753e-05,-3.56943e-05,-3.79452e-05,-3.91179e-05,-3.91091e-05,-3.78257e-05,-3.51912e-05,-3.1157e-05,-2.55909e-05,-1.84672e-05,-9.90072e-06,0
0,-1.08262e-05,-2.01029e-05,-2.75313e-05,-3.2904e-05,-3.61657e-05,-3.74841e-05,-3.66705e-05,-3.45053e-05,-3.11625e-05,-2.68075e-05,-2.16e-05,-1.56991e-05,-9.26934e-06,-2.48552e-06,4.46524e-06,1.13848e-05,1.8068e-05,2.4309e-05,2.99089e-05,3.46838e-05,3.8473e-05,4.11452e-05,4.26046e-05,4.27939e-05,4.16967e-05,3.93377e-05,3.57813e-05,3.11289e-05,2.55153e-05,1.91037e-05,1.20794e-05,4.64374e-06,-2.99413e-06,-1.06247e-05,-1.80468e-05,-2.5075e-05,-3.15479e-05,-3.73341e-05,-4.23373e-05,-4.64995e-05,-4.98018e-05,-5.22633e-05,-5.39376e-05,-5.49073e-05,-5.52771e-05,-5.51662e-05,-5.47e-05,-5.40019e-05,-5.31868e-05,-5.23553e-05,-5.15899e-05,-5.09529e-05,-5.04864e-05,-5.02137e-05,-5.01425e-05,-5.02681e-05,-5.05778e-05,-5.10544e-05,-5.16798e-05,-5.24367e-05,-5.33097e-05,-5.42851e-05,-5.53488e-05,-5.64841e-05,-5.76684e-05,-5.88698e-05,-6.00439e-05,-6.1132e-05,-6.20597e-05,-6.27381e-05,-6.30653e-05,-6.29315e-05,-6.22241e-05,-6.08349e-05,-5.86682e-05,-5.56482e-05,-5.1727e-05,-4.68911e-05,-4.11654e-05,-3.46163e-05,-2.73506e-05,-1.95134e-05,-1.12822e-05,-2.8592e-06,5.53788e-06,1.36858e-05,2.13662e-05,2.8375e-05,3.45309e-05,3.96818e-05,4.37091e-05,4.65304e-05,4.80997e-05,4.84067e-05,4.7474e-05,4.53548e-05,4.21292e-05,3.79009e-05,3.27943e-05,2.69509e-05,2.05263e-05,1.36874e-05,6.60848e-06,-5.3189e-07,-7.55417e-06,-1.42808e-05,-2.05384e-05,-2.61585e-05,-3.09773e-05,-3.48339e-05,-3.75681e-05,-3.90195e-05,-3.90298e-05,-3.745e-05,-3.39778e-05,-2.84033e-05,-2.07526e-05,-1.1219e-05,0
0,-1.17362e-05,-2.16114e-05,-2.92276e-05,-3.42998e-05,-3.67278e-05,-3.66705e-05,-3.45276e-05,-3.03921e-05,-2.50754e-05,-1.88033e-05,-1.1787e-05,-4.23071e-06,3.65951e-06,1.16706e-05,1.95812e-05,2.71648e-05,3.41955e-05,4.04563e-05,4.57485e-05,4.98995e-05,5.27716e-05,5.42669e-05,5.43319e-05,5.29587e-05,5.01854e-05,4.60933e-05,4.08037e-05,3.4473e-05,2.72869e-05,1.94534e-05,1.11957e-05,2.74389e-06,-5.67304e-06,-1.38359e-05,-2.15435e-05,-2.86205e-05,-3.49242e-05,-4.03497e-05,-4.48339e-05,-4.83561e-05,-5.09376e-05,-5.26382e-05,-5.35507e-05,-5.37934e-05,-5.35018e-05,-5.28195e-05,-5.18887e-05,-5.08425e-05,-4.97972e-05,-4.8848e-05,-4.80653e-05,-4.74946e-05,-4.71575e-05,-4.7055e-05,-4.71722e-05,-4.74837e-05,-4.79588e-05,-4.85671e-05,-4.92824e-05,-5.00851e-05,-5.09639e-05,-5.19146e-05,-5.29377e-05,-5.40351e-05,-5.52052e-05,-5.6438e-05,-5.771e-05,-5.89807e-05,-6.01896e-05,-6.12552e-05,-6.20765e-05,-6.25358e-05,-6.25047e-05,-6.18509e-05,-6.04472e-05,-5.81804e-05,-5.49614e-05,-5.07336e-05,-4.54802e-05,-3.9229e-05,-3.20553e-05,-2.40803e-05,-1.5468e-05,-6.41781e-06,2.84414e-06,1.2076e-05,2.10316e-05,2.94722e-05,3.71763e-05,4.3949e-05,4.9628e-05,5.40881e-05,5.72429e-05,5.90444e-05,5.94815e-05,5.8577e-05,5.63845e-05,5.29847e-05,4.84823e-05,4.30029e-05,3.66903e-05,2.97037e-05,2.22148e-05,1.44049e-05,6.46173e-06,-1.42317e-06,-9.05659e-06,-1.62444e-05,-2.27902e-05,-2.84925e-05,-3.31401e-05,-3.6508e-05,-3.83575e-05,-3.82145e-05,-3.56171e-05,-3.03512e-05,-2.24776e-05,-1.22623e-05,0
0,-1.23897e-05,-2.26125e-05,-3.01699e-05,-3.47073e-05,-3.60946e-05,-3.45053e-05,-3.03921e-05,-2.43888e-05,-1.68607e-05,-8.55612e-06,2.66743e-07,9.36666e-06,1.8507e-05,2.7449e-05,3.59516e-05,4.37763e-05,5.06951e-05,5.65002e-05,6.10133e-05,6.40939e-05,6.56465e-05,6.5624e-05,6.40301e-05,6.09181e-05,5.63883e-05,5.05833e-05,4.36823e-05,3.58933e-05,2.74464e-05,1.85847e-05,9.55642e-06,6.05651e-07,-8.0358e-06,-1.61569e-05,-2.3575e-05,-3.01425e-05,-3.57521e-05,-4.03401e-05,-4.38881e-05,-4.64219e-05,-4.80082e-05,-4.87491e-05,-4.87748e-05,-4.82347e-05,-4.72878e-05,-4.60926e-05,-4.47977e-05,-4.35345e-05,-4.24099e-05,-4.15031e-05,-4.08632e-05,-4.05107e-05,-4.04402e-05,-4.06252e-05,-4.10247e-05,-4.15897e-05,-4.22704e-05,-4.3022e-05,-4.38103e-05,-4.46141e-05,-4.5427e-05,-4.62558e-05,-4.7118e-05,-4.80374e-05,-4.90372e-05,-5.01348e-05,-5.13343e-05,-5.26213e-05,-5.39581e-05,-5.5281e-05,-5.65e-05,-5.75006e-05,-5.81482e-05,-5.82953e-05,-5.77896e-05,-5.64847e-05,-5.42509e-05,-5.0986e-05,-4.66248e-05,-4.11475e-05,-3.45847e-05,-2.70191e-05,-1.85846e-05,-9.46102e-06,1.33903e-07,9.95523e-06,1.97429e-05,2.92346e-05,3.81777e-05,4.63407e-05,5.3521e-05,5.95521e-05,6.43059e-05,6.76944e-05,6.96682e-05,7.02142e-05,6.93519e-05,6.71303e-05,6.36243e-05,5.89317e-05,5.31713e-05,4.64801e-05,3.90113e-05,3.09325e-05,2.24229e-05,1.36715e-05,4.87514e-06,-3.76163e-06,-1.20243e-05,-1.96829e-05,-2.64835e-05,-3.21382e-05,-3.60611e-05,-3.75567e-05,-3.60947e-05,-3.14263e-05,-2.36249e-05,-1.30178e-05,0
0,-1.27937e-05,-2.31263e-05,-3.03986e-05,-3.4197e-05,-3.43808e-05,-3.11625e-05,-2.50754e-05,-1.68607e-05,-7.31651e-06,3.00306e-06,1.34947e-05,2.39003e-05,3.39721e-05,4.34647e-05,5.21364e-05,5.9757e-05,6.61172e-05,7.1039e-05,7.43844e-05,7.60634e-05,7.6038e-05,7.43244e-05,7.09921e-05,6.61607e-05,5.99939e-05,5.26931e-05,4.44886e-05,3.56316e-05,2.63841e-05,1.70103e-05,7.7672e-06,-1.10423e-06,-9.3871e-06,-1.68961e-05,-2.34837e-05,-2.90448e-05,-3.35203e-05,-3.68974e-05,-3.92091e-05,-4.05303e-05,-4.09728e-05,-4.06773e-05,-3.9805e-05,-3.85272e-05,-3.70159e-05,-3.54332e-05,-3.39229e-05,-3.26036e-05,-3.15633e-05,-3.08568e-05,-3.05058e-05,-3.0501e-05,-3.0807e-05,-3.13687e-05,-3.21182e-05,-3.29838e-05,-3.3897e-05,-3.48002e-05,-3.56514e-05,-3.64284e-05,-3.71296e-05,-3.7773e-05,-3.83928e-05,-3.90341e-05,-3.97463e-05,-4.05752e-05,-4.15555e-05,-4.27029e-05,-4.40088e-05,-4.54348e-05,-4.69111e-05,-4.83365e-05,-4.95813e-05,-5.04931e-05,-5.09048e-05,-5.0645e-05,-4.95492e-05,-4.74726e-05,-4.43016e-05,-3.99646e-05,-3.444e-05,-2.7762e-05,-2.00213e-05,-1.13633e-05,-1.98151e-06,7.89174e-06,1.79976e-05,2.80641e-05,3.78194e-05,4.70049e-05,5.53858e-05,6.27591e-05,6.89588e-05,7.3858e-05,7.73691e-05,7.94408e-05,8.00558e-05,7.92261e-05,7.69904e-05,7.34107e-05,6.857e-05,6.25711e-05,5.5535e-05,4.75998e-05,3.89194e-05,2.9662e-05,2.00094e-05,1.01567e-05,3.15576e-07,-9.27798e-06,-1.83478e-05,-2.63003e-05,-3.23114e-05,-3.55715e-05,-3.54509e-05,-3.16362e-05,-2.41877e-05,-1.34777e-05,0
0,-1.29561e-05,-2.31749e-05,-2.99564e-05,-3.28415e-05,-3.16997e-05,-2.68075e-05,-1.88033e-05,-8.55612e-06,3.00306e-06,1.50368e-05,2.6939e-05,3.83155e-05,4.89348e-05,5.85654e-05,6.69852e-05,7.39924e-05,7.94159e-05,8.31259e-05,8.50413e-05,8.51354e-05,8.34378e-05,8.00341e-05,7.50616e-05,6.8704e-05,6.11834e-05,5.27509e-05,4.36774e-05,3.42429e-05,2.47265e-05,1.5397e-05,6.50327e-06,-1.73359e-06,-9.1277e-06,-1.55341e-05,-2.08531e-05,-2.50325e-05,-2.80682e-05,-3.00025e-05,-3.09201e-05,-3.09426e-05,-3.02209e-05,-2.8926e-05,-2.72399e-05,-2.53446e-05,-2.3413e-05,-2.15996e-05,-2.0033e-05,-1.88103e-05,-1.79934e-05,-1.76082e-05,-1.76464e-05,-1.80685e-05,-1.88103e-05,-1.979e-05,-2.09164e-05,-2.20982e-05,-2.32516e-05,-2.4308e-05,-2.52199e-05,-2.59641e-05,-2.65431e-05,-2.69844e-05,-2.73361e-05,-2.76621e-05,-2.80345e-05,-2.85255e-05,-2.91985e-05,-3.01e-05,-3.12518e-05,-3.26452e-05,-3.42366e-05,-3.59462e-05,-3.76589e-05,-3.92286e-05,-4.04845e-05,-4.1241e-05,-4.13089e-05,-4.05086e-05,-3.86831e-05,-3.57109e-05,-3.15173e-05,-2.60825e-05,-1.94464e-05,-1.1709e-05,-3.02718e-06,6.39362e-06,1.63101e-05,2.64548e-05,3.65498e-05,4.63215e-05,5.55126e-05,6.38922e-05,7.12627e-05,7.74634e-05,8.23711e-05,8.5899e-05,8.79926e-05,8.86266e-05,8.78008e-05,8.55368e-05,8.18763e-05,7.68793e-05,7.06241e-05,6.3207e-05,5.47419e-05,4.53603e-05,3.52105e-05,2.44572e-05,1.32841e-05,1.90121e-06,-9.21099e-06,-1.92578e-05,-2.72915e-05,-3.23712e-05,-3.37437e-05,-3.10028e-05,-2.41685e-05,-1.36386e-05,0
0,-1.28855e-05,-2.27811e-05,-2.88867e-05,-3.07134e-05,-2.81633e-05,-2.16e-05,-1.1787e-05,2.66743e-07,1.34947e-05,2.6939e-05,3.98649e-05,5.18191e-05,6.2589e-05,7.197e-05,7.97755e-05,8.58485e-05,9.00721e-05,9.23784e-05,9.27539e-05,9.12427e-05,8.79454e-05,8.30161e-05,7.66559e-05,6.91053e-05,6.06339e-05,5.15302e-05,4.20908e-05,3.26092e-05,2.33653e-05,1.46163e-05,6.58746e-06,-5.34487e-07,-6.60728e-06,-1.15368e-05,-1.52787e-05,-1.78385e-05,-1.92687e-05,-1.96646e-05,-1.9158e-05,-1.79096e-05,-1.60995e-05,-1.39179e-05,-1.15551e-05,-9.19203e-06,-6.99111e-06,-5.08922e-06,-3.59161e-06,-2.56816e-06,-2.05171e-06,-2.03866e-06,-2.49183e-06,-3.34522e-06,-4.51062e-06,-5.88543e-06,-7.36129e-06,-8.83281e-06,-1.02059e-05,-1.14052e-05,-1.23791e-05,-1.31044e-05,-1.35865e-05,-1.3859e-05,-1.398e-05,-1.40266e-05,-1.40877e-05,-1.4256e-05,-1.46186e-05,-1.52484e-05,-1.61955e-05,-1.74804e-05,-1.90882e-05,-2.09653e-05,-2.30184e-05,-2.5117e-05,-2.70976e-05,-2.87723e-05,-2.99391e-05,-3.03944e-05,-2.99473e-05,-2.84337e-05,-2.57295e-05,-2.17617e-05,-1.65166e-05,-1.00434e-05,-2.45335e-06,6.08559e-06,1.5358e-05,2.51134e-05,3.50812e-05,4.49847e-05,5.45554e-05,6.35442e-05,7.17305e-05,7.89265e-05,8.49797e-05,8.97716e-05,9.32145e-05,9.52478e-05,9.58335e-05,9.49529e-05,9.26039e-05,8.88003e-05,8.3572e-05,7.69651e-05,6.90437e-05,5.98904e-05,4.96061e-05,3.83084e-05,2.61308e-05,1.33662e-05,6.02115e-07,-1.1274e-05,-2.1196e-05,-2.80853e-05,-3.10483e-05,-2.9562e-05,-2.35796e-05,-1.35023e-05,0
0,-1.25909e-05,-2.19684e-05,-2.72345e-05,-2.78881e-05,-2.38857e-05,-1.56991e-05,-4.23071e-06,9.36666e-06,2.39003e-05,3.83155e-05,5.18191e-05,6.3966e-05,7.4545e-05,8.33729e-05,9.03119e-05,9.52623e-05,9.81722e-05,9.9044e-05,9.79369e-05,9.49666e-05,9.03023e-05,8.41608e-05,7.67978e-05,6.84987e-05,5.95674e-05,5.0315e-05,4.1048e-05,3.20577e-05,2.36098e-05,1.59354e-05,9.22327e-06,3.61498e-06,-7.99351e-07,-3.98207e-06,-5.94714e-06,-6.75697e-06,-6.51724e-06,-5.36991e-06,-3.48488e-06,-1.05068e-06,1.7353e-06,4.67655e-06,7.58664e-06,1.02976e-05,1.26668e-05,1.45826e-05,1.59679e-05,1.67821e-05,1.70209e-05,1.67143e-05,1.59228e-05,1.47321e-05,1.32464e-05,1.15803e-05,9.85134e-06,8.17093e-06,6.63714e-06,5.32768e-06,4.29472e-06,3.56144e-06,3.12086e-06,2.93673e-06,2.94665e-06,3.06721e-06,3.20056e-06,3.24232e-06,3.09011e-06,2.6523e-06,1.85653e-06,6.57441e-07,-9.56801e-07,-2.95971e-06,-5.28382e-06,-7.82057e-06,-1.04231e-05,-1.29122e-05,-1.50851e-05,-1.67271e-05,-1.76253e-05,-1.75832e-05,-1.64357e-05,-1.40624e-05,-1.03979e-05,-5.43945e-06,7.51528e-07,8.05144e-06,1.62818e-05,2.52203e-05,3.46142e-05,4.41957e-05,5.3696e-05,6.28581e-05,7.14473e-05,7.92571e-05,8.61125e-05,9.18696e-05,9.64129e-05,9.96508e-05,0.000101512,0.000101939,0.000100889,9.83306e-05,9.42422e-05,8.86174e-05,8.14652e-05,7.28127e-05,6.27061e-05,5.12077e-05,3.84597e-05,2.47898e-05,1.0783e-05,-2.61359e-06,-1.42322e-05,-2.2861e-05,-2.74581e-05,-2.7365e-05,-2.24436e-05,-1.30755e-05,0
0,-1.20825e-05,-2.07629e-05,-2.5049e-05,-2.44466e-05,-1.89877e-05,-9.26934e-06,3.65951e-06,1.8507e-05,3.39721e-05,4.89348e-05,6.2589e-05,7.4545e-05,8.46245e-05,9.26541e-05,9.85507e-05,0.000102279,0.00010386,0.000103366,0.000100931,9.67364e-05,9.10137e-05,8.40316e-05,7.60882e-05,6.74999e-05,5.85899e-05,4.96765e-05,4.10612e-05,3.30186e-05,2.57869e-05,1.95594e-05,1.44792e-05,1.06354e-05,8.06177e-06,6.73804e-06,6.59386e-06,7.5146e-06,9.34914e-06,1.1919e-05,1.50282e-05,1.84734e-05,2.20536e-05,2.55793e-05,2.888e-05,3.18107e-05,3.42567e-05,3.61366e-05,3.74034e-05,3.8045e-05,3.8082e-05,3.75645e-05,3.65685e-05,3.51899e-05,3.35385e-05,3.17311e-05,2.9884e-05,2.81062e-05,2.64924e-05,2.51171e-05,2.40299e-05,2.3253e-05,2.27793e-05,2.25737e-05,2.25755e-05,2.27027e-05,2.2858e-05,2.29352e-05,2.28273e-05,2.24341e-05,2.16703e-05,2.04732e-05,1.88094e-05,1.66807e-05,1.41282e-05,1.12347e-05,8.12361e-06,4.95586e-06,1.92322e-06,-7.61465e-07,-2.87672e-06,-4.20683e-06,-4.5571e-06,-3.76861e-06,-1.73109e-06,1.6074e-06,6.23511e-06,1.20761e-05,1.89946e-05,2.68041e-05,3.52795e-05,4.41712e-05,5.32202e-05,6.21714e-05,7.0785e-05,7.88439e-05,8.6158e-05,9.25648e-05,9.79273e-05,0.000102129,0.000105071,0.000106663,0.000106826,0.000105484,0.00010257,9.80259e-05,9.18043e-05,8.38756e-05,7.42306e-05,6.28819e-05,4.99979e-05,3.58689e-05,2.10317e-05,6.45367e-06,-6.62234e-06,-1.68655e-05,-2.30866e-05,-2.44797e-05,-2.07949e-05,-1.23713e-05,0
0,-1.13727e-05,-1.91947e-05,-2.23862e-05,-2.04792e-05,-1.3601e-05,-2.48552e-06,1.16706e-05,2.7449e-05,4.34647e-05,5.85654e-05,7.197e-05,8.33729e-05,9.26541e-05,9.96619e-05,0.000104373,0.000106823,0.000107101,0.000105354,0.000101781,9.66226e-05,9.01606e-05,8.27027e-05,7.45748e-05,6.6109e-05,5.76325e-05,4.94554e-05,4.18605e-05,3.5093e-05,2.93523e-05,2.47855e-05,2.14834e-05,1.94793e-05,1.87499e-05,1.92197e-05,2.07675e-05,2.3235e-05,2.64363e-05,3.01696e-05,3.42267e-05,3.84041e-05,4.25116e-05,4.63797e-05,4.98653e-05,5.28552e-05,5.52686e-05,5.7057e-05,5.82036e-05,5.87214e-05,5.86497e-05,5.80511e-05,5.70069e-05,5.56122e-05,5.39714e-05,5.21917e-05,5.03782e-05,4.86279e-05,4.70244e-05,4.56333e-05,4.44983e-05,4.3639e-05,4.30499e-05,4.27005e-05,4.25378e-05,4.24892e-05,4.24675e-05,4.23758e-05,4.2114e-05,4.15851e-05,4.07021e-05,3.93945e-05,3.76155e-05,3.53475e-05,3.26076e-05,2.94513e-05,2.59741e-05,2.23108e-05,1.86315e-05,1.51344e-05,1.20353e-05,9.55468e-06,7.90315e-06,7.26582e-06,7.78825e-06,9.56449e-06,1.2629e-05,1.69531e-05,2.24463e-05,2.89631e-05,3.63125e-05,4.4272e-05,5.2601e-05,6.10551e-05,6.93978e-05,7.74097e-05,8.48932e-05,9.16745e-05,9.76019e-05,0.000102541,0.000106372,0.000108978,0.000110251,0.000110079,0.000108352,0.000104964,9.98165e-05,9.28247e-05,8.3926e-05,7.30871e-05,6.04696e-05,4.63047e-05,3.10477e-05,1.56492e-05,1.39517e-06,-1.02864e-05,-1.80682e-05,-2.09925e-05,-1.86814e-05,-1.14096e-05,0
0,-1.04774e-05,-1.73006e-05,-1.93118e-05,-1.60891e-05,-7.87072e-06,4.46524e-06,1.95812e-05,3.59516e-05,5.21364e-05,6.69852e-05,7.97755e-05,9.03119e-05,9.85507e-05,0.000104373,0.000107823,0.000109004,0.000108077,0.000105253,0.000100788,9.49716e-05,8.81199e-05,8.05651e-05,7.26448e-05,6.46913e-05,5.70199e-05,4.9919e-05,4.36397e-05,3.8387e-05,3.43133e-05,3.15136e-05,3.00232e-05,2.98194e-05,3.08249e-05,3.29151e-05,3.59268e-05,3.96693e-05,4.39357e-05,4.85151e-05,5.32028e-05,5.781e-05,6.21712e-05,6.6149e-05,6.96373e-05,7.25616e-05,7.48785e-05,7.65728e-05,7.76551e-05,7.81577e-05,7.81308e-05,7.76393e-05,7.67585e-05,7.55713e-05,7.4164e-05,7.26231e-05,7.10313e-05,6.94643e-05,6.79869e-05,6.66496e-05,6.54868e-05,6.4514e-05,6.3728e-05,6.31064e-05,6.26092e-05,6.2181e-05,6.17542e-05,6.12522e-05,6.0594e-05,5.96984e-05,5.84889e-05,5.68996e-05,5.48798e-05,5.24006e-05,4.94602e-05,4.60887e-05,4.2352e-05,3.83534e-05,3.42325e-05,3.01612e-05,2.63362e-05,2.29679e-05,2.02675e-05,1.84325e-05,1.7631e-05,1.79895e-05,1.95817e-05,2.24224e-05,2.64662e-05,3.16107e-05,3.7704e-05,4.45568e-05,5.19546e-05,5.96718e-05,6.74837e-05,7.51764e-05,8.25527e-05,8.94352e-05,9.56647e-05,0.000101097,0.000105597,0.000109033,0.000111273,0.000112176,0.000111599,0.000109394,0.000105416,9.95284e-05,9.16161e-05,8.15973e-05,6.96098e-05,5.58061e-05,4.05322e-05,2.46874e-05,9.56733e-06,-3.33073e-06,-1.25582e-05,-1.70082e-05,-1.61646e-05,-1.02176e-05,0
0,-9.41688e-06,-1.51257e-05,-1.59032e-05,-1.13929e-05,-1.95613e-06,1.13848e-05,2.71648e-05,4.37763e-05,5.9757e-05,7.39924e-05,8.58485e-05,9.52623e-05,0.000102279,0.000106823,0.000109004,0.000108996,0.000107024,0.000103354,9.82866e-05,9.21445e-05,8.52638e-05,7.79842e-05,7.06389e-05,6.35442e-05,5.69899e-05,5.12299e-05,4.64729e-05,4.28759e-05,4.05385e-05,3.95007e-05,3.97427e-05,4.11893e-05,4.37154e-05,4.71564e-05,5.1319e-05,5.59937e-05,6.09678e-05,6.60371e-05,7.10157e-05,7.57443e-05,8.00948e-05,8.39724e-05,8.73154e-05,9.00923e-05,9.22979e-05,9.39486e-05,9.50769e-05,9.57269e-05,9.59501e-05,9.58026e-05,9.5342e-05,9.46262e-05,9.37117e-05,9.26525e-05,9.14989e-05,9.02959e-05,8.90819e-05,8.78871e-05,8.67322e-05,8.56275e-05,8.45722e-05,8.35546e-05,8.25528e-05,8.15353e-05,8.04627e-05,7.92894e-05,7.7965e-05,7.64368e-05,7.46524e-05,7.25623e-05,7.01245e-05,6.73087e-05,6.41018e-05,6.05133e-05,5.65806e-05,5.23731e-05,4.79938e-05,4.3579e-05,3.92936e-05,3.53239e-05,3.18665e-05,2.91154e-05,2.72476e-05,2.6409e-05,2.67029e-05,2.81809e-05,3.08387e-05,3.46165e-05,3.94038e-05,4.50485e-05,5.13683e-05,5.81634e-05,6.52284e-05,7.23628e-05,7.93776e-05,8.60993e-05,9.23695e-05,9.80413e-05,0.000102974,0.000107028,0.000110055,0.000111899,0.000112388,0.000111342,0.000108574,0.000103903,9.71631e-05,8.82202e-05,7.71793e-05,6.41e-05,4.91955e-05,3.32825e-05,1.76321e-05,3.77901e-06,-6.73006e-06,-1.26494e-05,-1.33198e-05,-8.83019e-06,0
0,-8.21688e-06,-1.27244e-05,-1.22505e-05,-6.5211e-06,3.97171e-06,1.8068e-05,3.41955e-05,5.06951e-05,6.61172e-05,7.94159e-05,9.00721e-05,9.81722e-05,0.00010386,0.000107101,0.000108077,0.000107024,0.000104221,9.99776e-05,9.46242e-05,8.84995e-05,8.1943e-05,7.5285e-05,6.88383e-05,6.28894e-05,5.76899e-05,5.34483e-05,5.03236e-05,4.84191e-05,4.77794e-05,4.83899e-05,5.01795e-05,5.30265e-05,5.67678e-05,6.12104e-05,6.61448e-05,7.13581e-05,7.66476e-05,8.18317e-05,8.67587e-05,9.13118e-05,9.54112e-05,9.90129e-05,0.000102105,0.000104699,0.000106829,0.000108536,0.000109869,0.000110874,0.000111594,0.000112063,0.000112311,0.000112357,0.000112218,0.000111904,0.000111424,0.000110782,0.000109986,0.000109038,0.000107943,0.000106704,0.000105322,0.000103799,0.000102135,0.000100326,9.83712e-05,9.62633e-05,9.39938e-05,9.15506e-05,8.89177e-05,8.60756e-05,8.30033e-05,7.96806e-05,7.6093e-05,7.22367e-05,6.81248e-05,6.37933e-05,5.93057e-05,5.47558e-05,5.02667e-05,4.59878e-05,4.20862e-05,3.87371e-05,3.61103e-05,3.43575e-05,3.35988e-05,3.39129e-05,3.53298e-05,3.78287e-05,4.13396e-05,4.57497e-05,5.09127e-05,5.666e-05,6.28123e-05,6.91895e-05,7.56184e-05,8.19371e-05,8.79957e-05,9.3653e-05,9.87718e-05,0.000103211,0.00010682,0.000109431,0.000110858,0.000110896,0.000109326,0.000105925,0.000100482,9.28109e-05,8.29791e-05,7.09442e-05,5.67685e-05,4.11582e-05,2.53265e-05,1.08113e-05,-7.7128e-07,-8.05346e-06,-1.02346e-05,-7.28937e-06,0
0,-6.90843e-06,-1.01604e-05,-8.45512e-06,-1.61548e-06,9.73405e-06,2.4309e-05,4.04563e-05,5.65002e-05,7.1039e-05,8.31259e-05,9.23784e-05,9.9044e-05,0.000103366,0.000105354,0.000105253,0.000103354,9.99776e-05,9.54619e-05,9.01494e-05,8.43785e-05,7.84745e-05,7.27427e-05,6.74608e-05,6.28727e-05,5.91815e-05,5.65433e-05,5.50615e-05,5.4784e-05,5.5701e-05,5.7747e-05,6.08061e-05,6.47196e-05,6.9298e-05,7.4334e-05,7.96169e-05,8.49466e-05,9.01465e-05,9.50728e-05,9.96212e-05,0.000103729,0.000107374,0.000110567,0.000113348,0.000115775,0.00011791,0.000119819,0.000121554,0.000123156,0.000124645,0.000126027,0.000127288,0.000128401,0.000129329,0.000130032,0.000130465,0.000130591,0.000130375,0.000129791,0.000128823,0.000127464,0.000125719,0.000123602,0.000121138,0.000118359,0.000115303,0.000112011,0.000108527,0.000104887,0.000101126,9.72643e-05,9.33159e-05,8.9283e-05,8.51606e-05,8.0941e-05,7.66198e-05,7.22035e-05,6.77161e-05,6.32053e-05,5.87453e-05,5.44377e-05,5.04074e-05,4.67955e-05,4.37493e-05,4.14104e-05,3.99017e-05,3.93167e-05,3.97103e-05,4.10937e-05,4.34338e-05,4.66563e-05,5.06526e-05,5.5289e-05,6.04172e-05,6.58838e-05,7.15384e-05,7.72382e-05,8.28495e-05,8.82451e-05,9.32991e-05,9.78797e-05,0.000101841,0.000105016,0.000107213,0.000108211,0.000107771,0.000105636,0.000101551,9.52825e-05,8.68614e-05,7.61394e-05,6.30142e-05,4.80589e-05,3.23968e-05,1.75339e-05,5.12314e-06,-3.36849e-06,-7.0067e-06,-5.64315e-06,0
0,-5.52771e-06,-7.50625e-06,-4.62841e-06,3.17472e-06,1.51503e-05,2.99089e-05,4.57485e-05,6.10133e-05,7.43844e-05,8.50413e-05,9.27539e-05,9.79369e-05,0.000100931,0.000101781,0.000100788,9.82866e-05,9.46242e-05,9.01494e-05,8.52006e-05,8.00978e-05,7.51359e-05,7.05802e-05,6.66611e-05,6.35696e-05,6.14527e-05,6.04089e-05,6.04849e-05,6.16735e-05,6.39144e-05,6.7098e-05,7.10725e-05,7.56544e-05,8.06412e-05,8.58262e-05,9.10136e-05,9.60321e-05,0.000100746,0.000105064,0.00010894,0.000112374,0.000115407,0.00011811,0.000120571,0.00012289,0.000125156,0.000127446,0.00012981,0.000132271,0.000134819,0.000137415,0.000139996,0.000142476,0.000144759,0.000146743,0.000148329,0.000149425,0.000149954,0.000149856,0.000149092,0.000147645,0.000145521,0.000142749,0.000139378,0.000135479,0.000131134,0.000126439,0.000121494,0.000116396,0.000111235,0.000106089,0.000101014,9.60479e-05,9.12073e-05,8.64912e-05,8.1887e-05,7.73779e-05,7.2952e-05,6.86106e-05,6.43752e-05,6.02921e-05,5.6433e-05,5.28919e-05,4.97785e-05,4.72086e-05,4.52926e-05,4.41247e-05,4.37725e-05,4.42702e-05,4.56147e-05,4.77667e-05,5.0654e-05,5.41795e-05,5.82292e-05,6.26815e-05,6.74147e-05,7.2312e-05,7.72633e-05,8.21632e-05,8.69057e-05,9.1377e-05,9.54458e-05,9.89558e-05,0.000101719,0.000103512,0.000104081,0.000103145,0.000100417,9.5615e-05,8.87401e-05,7.95397e-05,6.77394e-05,5.37606e-05,3.86088e-05,2.37231e-05,1.0758e-05,1.25209e-06,-3.74042e-06,-3.94415e-06,0
0,-4.11516e-06,-4.84085e-06,-8.87766e-07,7.69793e-06,2.00447e-05,3.46838e-05,4.98995e-05,6.40939e-05,7.60634e-05,8.51354e-05,9.12427e-05,9.49666e-05,9.67364e-05,9.66226e-05,9.49716e-05,9.21445e-05,8.84995e-05,8.43785e-05,8.00978e-05,7.59423e-05,7.21619e-05,6.89691e-05,6.65366e-05,6.49952e-05,6.44314e-05,6.48843e-05,6.63447e-05,6.87544e-05,7.20095e-05,7.59653e-05,8.04457e-05,8.52556e-05,9.01943e-05,9.50717e-05,9.97224e-05,0.000104019,0.000107881,0.000111279,0.000114236,0.000116821,0.00011914,0.000121322,0.000123505,0.00012582,0.000128377,0.000131255,0.000134492,0.000138083,0.000141976,0.000146082,0.000150275,0.000154406,0.000158312,0.000161826,0.000164785,0.000167042,0.000168474,0.000168985,0.00016851,0.00016702,0.000164523,0.000161061,0.000156711,0.00015158,0.0001458,0.000139523,0.00013291,0.000126124,0.000119322,0.000112642,0.000106196,0.000100069,9.43094e-05,8.89351e-05,8.39357e-05,7.92803e-05,7.49273e-05,7.08348e-05,6.69716e-05,6.33245e-05,5.99044e-05,5.67475e-05,5.39123e-05,5.1474e-05,4.95151e-05,4.81152e-05,4.73409e-05,4.72372e-05,4.78221e-05,4.90843e-05,5.0985e-05,5.34621e-05,5.64376e-05,5.98246e-05,6.3535e-05,6.74838e-05,7.15913e-05,7.57814e-05,7.99761e-05,8.40881e-05,8.80103e-05,9.16066e-05,9.47034e-05,9.7085e-05,9.84937e-05,9.86364e-05,9.71976e-05,9.38589e-05,8.85966e-05,8.10612e-05,7.08038e-05,5.80817e-05,4.37583e-05,2.91731e-05,1.5946e-05,5.65552e-06,-5.42797e-07,-2.24762e-06,0
0,-2.71418e-06,-2.2472e-06,2.64743e-06,1.1806e-05,2.42539e-05,3.8473e-05,5.27716e-05,6.56465e-05,7.6038e-05,8.34378e-05,8.79454e-05,9.03023e-05,9.10137e-05,9.01606e-05,8.81199e-05,8.52638e-05,8.1943e-05,7.84745e-05,7.51359e-05,7.21619e-05,6.97443e-05,6.80325e-05,6.71344e-05,6.71159e-05,6.80014e-05,6.97722e-05,7.23671e-05,7.56839e-05,7.95839e-05,8.38988e-05,8.84416e-05,9.30197e-05,9.745e-05,0.000101574,0.000105272,0.000108473,0.000111163,0.000113387,0.000115239,0.000116861,0.000118424,0.000120111,0.000122102,0.000124555,0.000127591,0.00013128,0.00013564,0.000140626,0.000146138,0.000152025,0.000158097,0.000164134,0.000169901,0.000175161,0.000179687,0.000183276,0.000185754,0.000186987,0.000186887,0.00018541,0.000182565,0.000178408,0.000173042,0.000166611,0.000159296,0.000151307,0.000142869,0.000134214,0.000125567,0.000117136,0.000109097,0.000101589,9.47051e-05,8.84926e-05,8.29548e-05,7.80574e-05,7.37382e-05,6.99193e-05,6.65194e-05,6.34663e-05,6.07059e-05,5.82088e-05,5.59719e-05,5.40162e-05,5.23815e-05,5.11174e-05,5.02744e-05,4.98949e-05,5.00061e-05,5.06159e-05,5.17118e-05,5.32635e-05,5.52276e-05,5.75534e-05,6.0189e-05,6.3086e-05,6.62009e-05,6.94934e-05,7.29212e-05,7.64315e-05,7.99505e-05,8.33719e-05,8.65468e-05,8.92773e-05,9.13139e-05,9.23601e-05,9.20841e-05,9.0137e-05,8.64833e-05,8.06867e-05,7.21271e-05,6.08904e-05,4.76797e-05,3.37046e-05,2.05151e-05,9.696e-06,2.48073e-06,-6.0922e-07,0
0,-1.36937e-06,1.91019e-07,5.86056e-06,1.53604e-05,2.76334e-05,4.11452e-05,5.42669e-05,6.5624e-05,7.43244e-05,8.00341e-05,8.30161e-05,8.41608e-05,8.40316e-05,8.27027e-05,8.05651e-05,7.79842e-05,7.5285e-05,7.27427e-05,7.05802e-05,6.89691e-05,6.80325e-05,6.78496e-05,6.84585e-05,6.98596e-05,7.20162e-05,7.48561e-05,7.82733e-05,8.21306e-05,8.62657e-05,9.04998e-05,9.46493e-05,9.85394e-05,0.000102019,0.000104977,0.000107351,0.000109139,0.000110404,0.000111265,0.000111895,0.000112507,0.000113333,0.000114604,0.000116536,0.000119301,0.000123022,0.000127753,0.000133478,0.000140107,0.000147483,0.000155391,0.000163569,0.000171724,0.000179547,0.00018673,0.000192983,0.000198042,0.000201686,0.000203744,0.0002041,0.000202699,0.000199548,0.000194716,0.000188332,0.000180577,0.000171678,0.000161903,0.000151539,0.000140887,0.000130245,0.000119891,0.00011007,0.000100983,9.27762e-05,8.55371e-05,7.92945e-05,7.40225e-05,6.96498e-05,6.60715e-05,6.31642e-05,6.07998e-05,5.88597e-05,5.7245e-05,5.58832e-05,5.47308e-05,5.37711e-05,5.30092e-05,5.24642e-05,5.21608e-05,5.21219e-05,5.2363e-05,5.28892e-05,5.36952e-05,5.47684e-05,5.60931e-05,5.76548e-05,5.94442e-05,6.14584e-05,6.36985e-05,6.61646e-05,6.88462e-05,7.17106e-05,7.46906e-05,7.76723e-05,8.04857e-05,8.29007e-05,8.46287e-05,8.5332e-05,8.46413e-05,8.25224e-05,7.84671e-05,7.16921e-05,6.21109e-05,5.02528e-05,3.71724e-05,2.43162e-05,1.32408e-05,5.23074e-06,9.17243e-07,0
0,-1.24771e-07,2.39283e-06,8.64268e-06,1.8238e-05,3.00635e-05,4.26046e-05,5.43319e-05,6.40301e-05,7.09921e-05,7.50616e-05,7.66559e-05,7.67978e-05,7.60882e-05,7.45748e-05,7.26448e-05,7.06389e-05,6.88383e-05,6.74608e-05,6.66611e-05,6.65366e-05,6.71344e-05,6.84585e-05,7.04768e-05,7.31249e-05,7.63101e-05,7.99138e-05,8.37941e-05,8.77904e-05,9.173e-05,9.54375e-05,9.87474e-05,0.000101518,0.000103644,0.000105075,0.000105817,0.000105947,0.000105606,0.000104996,0.000104364,0.00010399,0.00010416,0.000105148,0.000107189,0.000110467,0.00011509,0.000121088,0.000128403,0.000136894,0.000146343,0.000156465,0.000166926,0.000177358,0.000187381,0.000196617,0.00020471,0.000211343,0.000216245,0.00021921,0.000220095,0.000218833,0.000215432,0.00020997,0.000202601,0.000193541,0.000183062,0.000171483,0.000159154,0.000146441,0.000133712,0.000121316,0.000109568,9.87356e-05,8.90245e-05,8.05719e-05,7.3443e-05,6.76328e-05,6.30735e-05,5.96459e-05,5.71943e-05,5.55433e-05,5.45136e-05,5.39373e-05,5.36688e-05,5.35923e-05,5.36241e-05,5.37111e-05,5.38263e-05,5.39613e-05,5.41201e-05,5.4312e-05,5.45481e-05,5.48393e-05,5.51975e-05,5.56375e-05,5.6181e-05,5.68586e-05,5.77105e-05,5.87834e-05,6.0125e-05,6.17736e-05,6.37456e-05,6.60213e-05,6.85309e-05,7.11431e-05,7.36578e-05,7.58056e-05,7.72546e-05,7.7626e-05,7.69019e-05,7.45198e-05,6.95456e-05,6.17252e-05,5.1407e-05,3.94706e-05,2.72287e-05,1.61754e-05,7.61785e-06,2.28208e-06,0
0,9.78092e-07,4.28349e-06,1.08971e-05,2.03359e-05,3.14545e-05,4.27939e-05,5.29587e-05,6.09181e-05,6.61607e-05,6.8704e-05,6.91053e-05,6.84987e-05,6.74999e-05,6.6109e-05,6.46913e-05,6.35442e-05,6.28894e-05,6.28727e-05,6.35696e-05,6.49952e-05,6.71159e-05,6.98596e-05,7.31249e-05,7.67879e-05,8.07071e-05,8.47267e-05,8.86807e-05,9.2398e-05,9.57095e-05,9.84583e-05,0.000100512,0.000101775,0.000102203,0.000101815,0.000100696,9.90048e-05,9.69657e-05,9.48591e-05,9.30048e-05,9.17405e-05,9.13986e-05,9.22811e-05,9.4637e-05,9.86425e-05,0.000104387,0.000111864,0.000120969,0.000131503,0.000143184,0.000155658,0.00016852,0.000181331,0.000193639,0.000205001,0.000215002,0.000223269,0.000229489,0.000233418,0.000234893,0.000233833,0.000230244,0.000224219,0.00021593,0.000205626,0.00019362,0.000180279,0.000166008,0.000151234,0.000136389,0.000121891,0.000108122,9.5418e-05,8.40475e-05,7.42043e-05,6.59999e-05,5.94627e-05,5.45422e-05,5.11193e-05,4.90196e-05,4.80315e-05,4.7924e-05,4.84646e-05,4.94353e-05,5.06441e-05,5.19323e-05,5.31779e-05,5.42936e-05,5.52235e-05,5.59368e-05,5.64219e-05,5.66825e-05,5.6734e-05,5.66034e-05,5.63299e-05,5.59669e-05,5.55833e-05,5.52626e-05,5.50996e-05,5.51935e-05,5.56367e-05,5.6501e-05,5.7822e-05,5.95829e-05,6.17008e-05,6.40165e-05,6.62911e-05,6.82103e-05,6.9397e-05,6.98668e-05,6.90224e-05,6.57951e-05,5.97734e-05,5.11236e-05,4.05365e-05,2.91647e-05,1.84082e-05,9.56641e-06,3.44176e-06,0
0,1.90201e-06,5.79765e-06,1.25437e-05,2.15763e-05,3.17502e-05,4.16967e-05,5.01854e-05,5.63883e-05,5.99939e-05,6.11834e-05,6.06339e-05,5.95674e-05,5.85899e-05,5.76325e-05,5.70199e-05,5.69899e-05,5.76899e-05,5.91815e-05,6.14527e-05,6.44314e-05,6.80014e-05,7.20162e-05,7.63101e-05,8.07071e-05,8.50263e-05,8.90867e-05,9.27112e-05,9.57325e-05,9.80001e-05,9.93903e-05,9.98177e-05,9.92471e-05,9.77053e-05,9.52888e-05,9.21684e-05,8.85865e-05,8.48493e-05,8.13114e-05,7.83557e-05,7.63692e-05,7.57173e-05,7.6718e-05,7.96191e-05,8.45801e-05,9.16588e-05,0.000100806,0.000111863,0.000124574,0.000138591,0.000153494,0.00016881,0.000184034,0.00019865,0.000212155,0.000224076,0.000233994,0.000241554,0.000246481,0.000248589,0.000247788,0.000244083,0.000237575,0.00022846,0.000217011,0.000203579,0.000188573,0.000172445,0.000155675,0.000138752,0.000122153,0.000106325,9.1668e-05,7.85145e-05,6.71195e-05,5.76491e-05,5.01766e-05,4.46832e-05,4.10655e-05,3.91467e-05,3.86939e-05,3.94366e-05,4.10873e-05,4.33601e-05,4.59869e-05,4.87302e-05,5.13903e-05,5.38088e-05,5.58675e-05,5.74858e-05,5.86157e-05,5.92383e-05,5.93599e-05,5.90111e-05,5.8246e-05,5.71431e-05,5.58049e-05,5.43566e-05,5.29409e-05,5.17105e-05,5.08156e-05,5.03888e-05,5.05275e-05,5.12759e-05,5.26083e-05,5.44169e-05,5.65045e-05,5.85859e-05,6.02985e-05,6.17081e-05,6.22041e-05,6.06029e-05,5.63499e-05,4.94348e-05,4.03516e-05,3.00726e-05,1.98738e-05,1.10173e-05,4.3606e-06,0
0,2.61566e-06,6.88225e-06,1.35219e-05,2.19092e-05,3.09296e-05,3.93377e-05,4.60933e-05,5.05833e-05,5.26931e-05,5.27509e-05,5.15302e-05,5.0315e-05,4.96765e-05,4.94554e-05,4.9919e-05,5.12299e-05,5.34483e-05,5.65433e-05,6.04089e-05,6.48843e-05,6.97722e-05,7.48561e-05,7.99138e-05,8.47267e-05,8.90867e-05,9.28007e-05,9.56953e-05,9.76219e-05,9.84635e-05,9.81443e-05,9.6639e-05,9.39841e-05,9.02859e-05,8.5726e-05,8.05615e-05,7.51185e-05,6.97797e-05,6.4966e-05,6.11121e-05,5.86409e-05,5.79363e-05,5.93173e-05,6.30166e-05,6.91642e-05,7.77771e-05,8.87559e-05,0.000101888,0.000116855,0.00013325,0.000150591,0.000168345,0.000185948,0.000202828,0.000218429,0.000232231,0.00024377,0.000252655,0.000258585,0.000261354,0.000260861,0.000257113,0.000250221,0.000240396,0.000227937,0.000213224,0.000196701,0.000178859,0.000160221,0.000141319,0.000122683,0.000104815,8.81705e-05,7.31458e-05,6.00581e-05,4.91342e-05,4.05031e-05,3.4192e-05,3.01298e-05,2.81555e-05,2.80327e-05,2.94678e-05,3.2131e-05,3.56778e-05,3.97687e-05,4.40869e-05,4.83501e-05,5.23195e-05,5.58026e-05,5.86545e-05,6.0775e-05,6.21067e-05,6.26317e-05,6.23705e-05,6.13804e-05,5.97554e-05,5.76248e-05,5.51506e-05,5.25212e-05,4.99427e-05,4.76248e-05,4.57644e-05,4.45261e-05,4.40215e-05,4.42908e-05,4.52866e-05,4.68643e-05,4.87798e-05,5.06968e-05,5.27491e-05,5.43349e-05,5.41774e-05,5.15982e-05,4.6421e-05,3.89416e-05,2.99373e-05,2.0535e-05,1.19301e-05,5.01213e-06,0
0,3.09495e-06,7.49866e-06,1.37935e-05,2.13145e-05,2.9008e-05,3.57813e-05,4.08037e-05,4.36823e-05,4.44886e-05,4.36774e-05,4.20908e-05,4.1048e-05,4.10612e-05,4.18605e-05,4.36397e-05,4.64729e-05,5.03236e-05,5.50615e-05,6.04849e-05,6.63447e-05,7.23671e-05,7.82733e-05,8.37941e-05,8.86807e-05,9.27112e-05,9.56953e-05,9.74783e-05,9.79456e-05,9.70286e-05,9.47125e-05,9.10445e-05,8.61416e-05,8.01964e-05,7.34786e-05,6.63308e-05,5.91584e-05,5.24127e-05,4.6569e-05,4.20999e-05,3.94482e-05,3.89992e-05,4.10568e-05,4.58236e-05,5.33878e-05,6.37165e-05,7.66553e-05,9.19343e-05,0.000109179,0.000127928,0.000147645,0.000167748,0.000187625,0.000206659,0.000224249,0.000239837,0.000252923,0.000263084,0.000269995,0.000273434,0.000273292,0.000269577,0.000262408,0.000252011,0.000238706,0.000222896,0.000205052,0.000185693,0.00016537,0.000144651,0.000124101,0.000104263,8.56444e-05,6.86959e-05,5.37963e-05,4.12376e-05,3.12132e-05,2.38101e-05,1.9007e-05,1.66782e-05,1.66043e-05,1.84876e-05,2.1973e-05,2.66704e-05,3.21778e-05,3.81022e-05,4.40778e-05,4.97788e-05,5.4929e-05,5.93055e-05,6.27413e-05,6.51242e-05,6.63964e-05,6.65526e-05,6.56396e-05,6.37552e-05,6.10459e-05,5.77033e-05,5.39568e-05,5.00631e-05,4.62913e-05,4.2904e-05,4.01364e-05,3.81732e-05,3.71269e-05,3.70194e-05,3.77685e-05,3.91823e-05,4.0963e-05,4.33297e-05,4.57119e-05,4.67629e-05,4.57029e-05,4.22056e-05,3.63737e-05,2.87805e-05,2.03835e-05,1.22842e-05,5.37996e-06,0
0,3.32392e-06,7.62431e-06,1.33444e-05,1.98028e-05,2.60361e-05,3.11289e-05,3.4473e-05,3.58933e-05,3.56316e-05,3.42429e-05,3.26092e-05,3.20577e-05,3.30186e-05,3.5093e-05,3.8387e-05,4.28759e-05,4.84191e-05,5.4784e-05,6.16735e-05,6.87544e-05,7.56839e-05,8.21306e-05,8.77904e-05,9.2398e-05,9.57325e-05,9.76219e-05,9.79456e-05,9.66381e-05,9.36929e-05,8.91685e-05,8.31944e-05,7.59755e-05,6.77945e-05,5.90093e-05,5.00444e-05,4.13769e-05,3.35155e-05,2.69753e-05,2.22501e-05,1.97842e-05,1.99459e-05,2.3006e-05,2.91214e-05,3.83265e-05,5.05299e-05,6.55188e-05,8.29675e-05,0.000102451,0.00012346,0.00014542,0.00016771,0.000189686,0.000210697,0.000230112,0.000247341,0.000261855,0.000273208,0.000281054,0.000285156,0.0002854,0.000281794,0.000274464,0.00026365,0.000249688,0.000232999,0.00021407,0.000193436,0.000171666,0.000149343,0.000127054,0.000105369,8.48326e-05,6.59413e-05,4.9132e-05,3.47635e-05,2.31014e-05,1.43055e-05,8.42206e-06,5.38121e-06,5.00237e-06,7.00595e-06,1.10314e-05,1.66598e-05,2.34386e-05,3.09064e-05,3.86155e-05,4.61508e-05,5.31444e-05,5.92851e-05,6.43245e-05,6.80807e-05,7.0439e-05,7.13528e-05,7.0843e-05,6.89975e-05,6.59681e-05,6.19664e-05,5.72555e-05,5.21378e-05,4.69389e-05,4.19869e-05,3.75889e-05,3.4006e-05,3.14287e-05,2.99552e-05,2.95744e-05,3.01571e-05,3.14556e-05,3.37912e-05,3.6646e-05,3.86279e-05,3.88808e-05,3.6949e-05,3.27525e-05,2.66585e-05,1.94395e-05,1.20795e-05,5.45821e-06,0
0,3.29534e-06,7.25352e-06,1.21846e-05,1.7415e-05,2.20982e-05,2.55153e-05,2.72869e-05,2.74464e-05,2.63841e-05,2.47265e-05,2.33653e-05,2.36098e-05,2.57869e-05,2.93523e-05,3.43133e-05,4.05385e-05,4.77794e-05,5.5701e-05,6.39144e-05,7.20095e-05,7.95839e-05,8.62657e-05,9.173e-05,9.57095e-05,9.80001e-05,9.84635e-05,9.70286e-05,9.36929e-05,8.85246e-05,8.16662e-05,7.33371e-05,6.38351e-05,5.35341e-05,4.28777e-05,3.2366e-05,2.25373e-05,1.39436e-05,7.12336e-06,2.57226e-06,7.15675e-07,1.88479e-06,6.29846e-06,1.4052e-05,2.51134e-05,3.93257e-05,5.64155e-05,7.60046e-05,9.76251e-05,0.000120734,0.000144733,0.000168979,0.00019281,0.00021556,0.000236579,0.000255257,0.000271045,0.000283477,0.000292188,0.000296933,0.00029759,0.000294168,0.0002868,0.000275738,0.000261329,0.000244005,0.00022426,0.000202635,0.000179697,0.000156031,0.000132225,0.000108859,8.64972e-05,6.56729e-05,4.6874e-05,3.05257e-05,1.69722e-05,6.45835e-06,-8.84791e-07,-5.04977e-06,-6.15482e-06,-4.43786e-06,-2.42402e-07,6.00325e-06,1.38115e-05,2.26632e-05,3.20342e-05,4.14204e-05,5.03574e-05,5.8437e-05,6.5318e-05,7.07336e-05,7.44972e-05,7.6504e-05,7.67334e-05,7.5248e-05,7.21917e-05,6.77844e-05,6.23133e-05,5.61193e-05,4.95793e-05,4.30838e-05,3.70115e-05,3.17013e-05,2.7425e-05,2.43624e-05,2.25814e-05,2.20243e-05,2.25043e-05,2.44601e-05,2.74476e-05,3.00533e-05,3.13713e-05,3.08408e-05,2.82151e-05,2.36592e-05,1.77506e-05,1.13352e-05,5.25146e-06,0
0,3.01087e-06,6.39768e-06,1.03481e-05,1.42208e-05,1.73089e-05,1.91037e-05,1.94534e-05,1.85847e-05,1.70103e-05,1.5397e-05,1.46163e-05,1.59354e-05,1.95594e-05,2.47855e-05,3.15136e-05,3.95007e-05,4.83899e-05,5.7747e-05,6.7098e-05,7.59653e-05,8.38988e-05,9.04998e-05,9.54375e-05,9.84583e-05,9.93903e-05,9.81443e-05,9.47125e-05,8.91685e-05,8.16662e-05,7.24404e-05,6.18061e-05,5.01561e-05,3.79547e-05,2.57259e-05,1.40367e-05,3.47386e-06,-5.38309e-06,-1.19914e-05,-1.58744e-05,-1.66472e-05,-1.40372e-05,-7.89715e-06,1.78995e-06,1.49136e-05,3.12444e-05,5.04478e-05,7.20986e-05,9.56968e-05,0.000120682,0.000146448,0.000172352,0.000197735,0.00022193,0.000244285,0.00026418,0.000281054,0.000294426,0.000303919,0.000309273,0.000310364,0.000307202,0.000299925,0.000288792,0.00027416,0.000256466,0.000236202,0.000213898,0.000190108,0.000165395,0.000140329,0.000115481,9.14168e-05,6.86913e-05,4.78352e-05,2.93384e-05,1.36287e-05,1.04773e-06,-8.17115e-06,-1.39217e-05,-1.62355e-05,-1.52839e-05,-1.13695e-05,-4.9083e-06,3.59487e-06,1.35761e-05,2.44434e-05,3.56065e-05,4.65033e-05,5.66222e-05,6.5519e-05,7.28303e-05,7.82822e-05,8.16966e-05,8.29949e-05,8.21993e-05,7.9431e-05,7.4905e-05,6.89212e-05,6.18495e-05,5.41108e-05,4.61532e-05,3.84235e-05,3.13377e-05,2.52502e-05,2.04262e-05,1.70177e-05,1.50461e-05,1.43951e-05,1.5635e-05,1.84138e-05,2.13201e-05,2.34258e-05,2.40916e-05,2.29249e-05,1.98976e-05,1.53885e-05,1.00892e-05,4.77431e-06,0
0,2.48084e-06,5.0846e-06,7.89172e-06,1.03159e-05,1.1809e-05,1.20794e-05,1.11957e-05,9.55642e-06,7.7672e-06,6.50327e-06,6.58746e-06,9.22327e-06,1.44792e-05,2.14834e-05,3.00232e-05,3.97427e-05,5.01795e-05,6.08061e-05,7.10725e-05,8.04457e-05,8.84416e-05,9.46493e-05,9.87474e-05,0.000100512,9.98177e-05,9.6639e-05,9.10445e-05,8.31944e-05,7.33371e-05,6.18061e-05,4.90152e-05,3.54525e-05,2.16688e-05,8.26186e-06,-4.1455e-06,-1.4932e-05,-2.35083e-05,-2.93472e-05,-3.20128e-05,-3.11835e-05,-2.66676e-05,-1.84098e-05,-6.48843e-06,8.89509e-06,2.74328e-05,4.8729e-05,7.23187e-05,9.76836e-05,0.000124264,0.000151468,0.000178677,0.000205255,0.000230555,0.000253938,0.000274787,0.000292537,0.000306695,0.00031687,0.000322796,0.000324339,0.000321509,0.000314451,0.000303431,0.00028881,0.000271023,0.000250552,0.000227904,0.000203599,0.000178161,0.000152119,0.000126011,0.000100386,7.58027e-05,5.2826e-05,3.20074e-05,1.38623e-05,-1.15907e-06,-1.2704e-05,-2.05455e-05,-2.46043e-05,-2.49595e-05,-2.18482e-05,-1.56517e-05,-6.8728e-06,3.89505e-06,1.60022e-05,2.8778e-05,4.15633e-05,5.37398e-05,6.47534e-05,7.41332e-05,8.15056e-05,8.66048e-05,8.92791e-05,8.94949e-05,8.73355e-05,8.29973e-05,7.67799e-05,6.90713e-05,6.03273e-05,5.10456e-05,4.17363e-05,3.2889e-05,2.49401e-05,1.82409e-05,1.3031e-05,9.41689e-06,7.36012e-06,7.5744e-06,9.81656e-06,1.26988e-05,1.52978e-05,1.69245e-05,1.70644e-05,1.55112e-05,1.24464e-05,8.39597e-06,4.05045e-06,0
0,1.72374e-06,3.35733e-06,4.89224e-06,5.81847e-06,5.76011e-06,4.64374e-06,2.74389e-06,6.05651e-07,-1.10423e-06,-1.73359e-06,-5.34487e-07,3.61498e-06,1.06354e-05,1.94793e-05,2.98194e-05,4.11893e-05,5.30265e-05,6.47196e-05,7.56544e-05,8.52556e-05,9.30197e-05,9.85394e-05,0.000101518,0.000101775,9.92471e-05,9.39841e-05,8.61416e-05,7.59755e-05,6.38351e-05,5.01561e-05,3.54525e-05,2.03052e-05,5.34647e-06,-8.76101e-06,-2.13503e-05,-3.1781e-05,-3.94713e-05,-4.39305e-05,-4.47853e-05,-4.18003e-05,-3.48871e-05,-2.41033e-05,-9.64033e-06,8.19694e-06,2.90152e-05,5.23585e-05,7.77306e-05,0.00010461,0.00013246,0.000160727,0.000188843,0.000216219,0.000242251,0.000266329,0.000287851,0.000306252,0.000321033,0.00033179,0.000338243,0.000340253,0.000337828,0.000331117,0.000320391,0.000306015,0.000288416,0.000268057,0.000245408,0.000220938,0.00019511,0.000168388,0.000141252,0.000114212,8.78153e-05,6.26486e-05,3.93215e-05,1.84424e-05,5.81128e-07,-1.37723e-05,-2.42487e-05,-3.06332e-05,-3.28881e-05,-3.11603e-05,-2.57741e-05,-1.72109e-05,-6.07791e-06,6.92936e-06,2.10672e-05,3.55828e-05,4.975e-05,6.29003e-05,7.44477e-05,8.39086e-05,9.09169e-05,9.52347e-05,9.67578e-05,9.55175e-05,9.16772e-05,8.5523e-05,7.74485e-05,6.79334e-05,5.75161e-05,4.67623e-05,3.62298e-05,2.64333e-05,1.78091e-05,1.06855e-05,5.25703e-06,1.5691e-06,4.88139e-07,1.89319e-06,4.43926e-06,7.23381e-06,9.56656e-06,1.08283e-05,1.06536e-05,9.034e-06,6.32352e-06,3.11145e-06,0
0,7.65225e-07,1.27215e-06,1.44358e-06,8.6411e-07,-6.61388e-07,-2.99413e-06,-5.67304e-06,-8.0358e-06,-9.3871e-06,-9.1277e-06,-6.60728e-06,-7.99351e-07,8.06177e-06,1.87499e-05,3.08249e-05,4.37154e-05,5.67678e-05,6.9298e-05,8.06412e-05,9.01943e-05,9.745e-05,0.000102019,0.000103644,0.000102203,9.77053e-05,9.02859e-05,8.01964e-05,6.77945e-05,5.35341e-05,3.79547e-05,2.16688e-05,5.34647e-06,-1.03055e-05,-2.45688e-05,-3.67451e-05,-4.61892e-05,-5.23451e-05,-5.47774e-05,-5.31971e-05,-4.74768e-05,-3.76538e-05,-2.39196e-05,-6.59693e-06,1.3892e-05,3.70609e-05,6.23942e-05,8.93729e-05,0.00011749,0.000146255,0.000175181,0.000203777,0.000231533,0.000257908,0.000282338,0.000304247,0.000323077,0.000338322,0.000349562,0.000356503,0.000358994,0.000357042,0.000350799,0.000340541,0.000326634,0.000309497,0.000289562,0.000267252,0.000242965,0.000217079,0.000189968,0.000162031,0.000133714,0.000105533,7.80876e-05,5.20419e-05,2.81028e-05,6.97273e-06,-1.07027e-05,-2.43901e-05,-3.37157e-05,-3.85008e-05,-3.87795e-05,-3.47982e-05,-2.69984e-05,-1.59858e-05,-2.48966e-06,1.26817e-05,2.86867e-05,4.46929e-05,5.99154e-05,7.36482e-05,8.52903e-05,9.4366e-05,0.000100539,0.000103623,0.000103584,0.000100538,9.47448e-05,8.6591e-05,7.65679e-05,6.52439e-05,5.3231e-05,4.11476e-05,2.95804e-05,1.90473e-05,9.96332e-06,2.61229e-06,-2.8735e-06,-5.46832e-06,-5.16087e-06,-3.23729e-06,-5.35945e-07,2.24021e-06,4.4156e-06,5.48875e-06,5.27343e-06,3.9507e-06,1.99523e-06,0
0,-3.63001e-07,-1.10387e-06,-2.34733e-06,-4.39932e-06,-7.2715e-06,-1.06247e-05,-1.38359e-05,-1.61569e-05,-1.68961e-05,-1.55341e-05,-1.15368e-05,-3.98207e-06,6.73804e-06,1.92197e-05,3.29151e-05,4.71564e-05,6.12104e-05,7.4334e-05,8.58262e-05,9.50717e-05,0.000101574,0.000104977,0.000105075,0.000101815,9.52888e-05,8.5726e-05,7.34786e-05,5.90093e-05,4.28777e-05,2.57259e-05,8.26186e-06,-8.76101e-06,-2.45688e-05,-3.83979e-05,-4.95296e-05,-5.73286e-05,-6.12797e-05,-6.10205e-05,-5.63652e-05,-4.73147e-05,-3.40531e-05,-1.69264e-05,3.59207e-06,2.69469e-05,5.25495e-05,7.98226e-05,0.000108233,0.000137307,0.000166623,0.000195796,0.000224443,0.000252159,0.000278493,0.000302943,0.00032497,0.000344024,0.00035959,0.000371229,0.000378624,0.000381612,0.000380194,0.000374526,0.000364892,0.00035166,0.000335235,0.000316017,0.000294364,0.000270589,0.000244959,0.000217734,0.0001892,0.000159715,0.000129749,9.98996e-05,7.08875e-05,4.35251e-05,1.86628e-05,-2.87861e-06,-2.03793e-05,-3.32843e-05,-4.12524e-05,-4.41849e-05,-4.22322e-05,-3.578e-05,-2.54188e-05,-1.19006e-05,3.91049e-06,2.10902e-05,3.87033e-05,5.58492e-05,7.17001e-05,8.55334e-05,9.67572e-05,0.000104929,0.000109769,0.000111167,0.000109182,0.000104032,9.60845e-05,8.58307e-05,7.38569e-05,6.08104e-05,4.73603e-05,3.41578e-05,2.17957e-05,1.07718e-05,1.45709e-06,-5.92845e-06,-1.01964e-05,-1.11969e-05,-1.0145e-05,-7.80454e-06,-4.84444e-06,-1.97763e-06,1.84142e-07,1.29378e-06,1.36355e-06,7.44289e-07,0
0,-1.62467e-06,-3.69583e-06,-6.36509e-06,-9.81804e-06,-1.38859e-05,-1.80468e-05,-2.15435e-05,-2.3575e-05,-2.34837e-05,-2.08531e-05,-1.52787e-05,-5.94714e-06,6.59386e-06,2.07675e-05,3.59268e-05,5.1319e-05,6.61448e-05,7.96169e-05,9.10136e-05,9.97224e-05,0.000105272,0.000107351,0.000105817,0.000100696,9.21684e-05,8.05615e-05,6.63308e-05,5.00444e-05,3.2366e-05,1.40367e-05,-4.1455e-06,-2.13503e-05,-3.67451e-05,-4.95296e-05,-5.89759e-05,-6.44697e-05,-6.55492e-05,-6.19389e-05,-5.35709e-05,-4.05917e-05,-2.33503e-05,-2.36745e-06,2.17125e-05,4.81821e-05,7.63362e-05,0.000105531,0.000135225,0.000164994,0.000194519,0.000223543,0.000251831,0.000279114,0.000305054,0.00032923,0.000351144,0.000370256,0.000386034,0.000398012,0.000405845,0.000409347,0.000408513,0.000403507,0.000394621,0.000382232,0.000366732,0.000348481,0.000327768,0.000304795,0.000279701,0.000252595,0.000223626,0.000193037,0.000161232,0.000128799,9.65179e-05,6.53185e-05,3.62184e-05,1.02359e-05,-1.17004e-05,-2.88335e-05,-4.06418e-05,-4.68783e-05,-4.75839e-05,-4.30769e-05,-3.3922e-05,-2.08846e-05,-4.87643e-06,1.31021e-05,3.20182e-05,5.08587e-05,6.86753e-05,8.4623e-05,9.79905e-05,0.000108224,0.000114945,0.000117957,0.00011725,0.000112993,0.000105521,9.53118e-05,8.29584e-05,6.91309e-05,5.45384e-05,3.98862e-05,2.58335e-05,1.29541e-05,1.70179e-06,-7.61794e-06,-1.36538e-05,-1.61152e-05,-1.6138e-05,-1.43949e-05,-1.14969e-05,-8.16566e-06,-5.09573e-06,-2.77417e-06,-1.34842e-06,-5.96217e-07,0
0,-2.98054e-06,-6.42434e-06,-1.04908e-05,-1.52388e-05,-2.03277e-05,-2.5075e-05,-2.86205e-05,-3.01425e-05,-2.90448e-05,-2.50325e-05,-1.78385e-05,-6.75697e-06,7.5146e-06,2.3235e-05,3.96693e-05,5.59937e-05,7.13581e-05,8.49466e-05,9.60321e-05,0.000104019,0.000108473,0.000109139,0.000105947,9.90048e-05,8.85865e-05,7.51185e-05,5.91584e-05,4.13769e-05,2.25373e-05,3.47386e-06,-1.4932e-05,-3.1781e-05,-4.61892e-05,-5.73286e-05,-6.44697e-05,-6.70269e-05,-6.46003e-05,-5.70091e-05,-4.43131e-05,-2.68149e-05,-5.04316e-06,2.02884e-05,4.83422e-05,7.82348e-05,0.000109123,0.000140285,0.000171171,0.000201426,0.00023086,0.000259389,0.000286958,0.000313471,0.000338728,0.000362402,0.000384041,0.000403109,0.000419047,0.000431346,0.000439619,0.000443655,0.000443441,0.000439147,0.000431088,0.000419653,0.00040523,0.000388138,0.000368583,0.000346647,0.000322307,0.000295497,0.000266191,0.000234494,0.00020072,0.000165446,0.000129516,9.39971e-05,6.01004e-05,2.90679e-05,2.06004e-06,-1.99465e-05,-3.62368e-05,-4.64065e-05,-5.03806e-05,-4.84037e-05,-4.10089e-05,-2.89685e-05,-1.32354e-05,5.12084e-06,2.4976e-05,4.52102e-05,6.47589e-05,8.26572e-05,9.80756e-05,0.000110348,0.000118992,0.000123722,0.00012445,0.000121287,0.000114526,0.000104619,9.21541e-05,7.78114e-05,6.23277e-05,4.64507e-05,3.08956e-05,1.63033e-05,3.20289e-06,-8.01907e-06,-1.58517e-05,-1.98653e-05,-2.11132e-05,-2.01649e-05,-1.75524e-05,-1.39798e-05,-1.01957e-05,-6.80331e-06,-4.09601e-06,-1.98042e-06,0
0,-4.39014e-06,-9.209e-06,-1.46075e-05,-2.05156e-05,-2.64347e-05,-3.15479e-05,-3.49242e-05,-3.57521e-05,-3.35203e-05,-2.80682e-05,-1.92687e-05,-6.51724e-06,9.34914e-06,2.64363e-05,4.39357e-05,6.09678e-05,7.66476e-05,9.01465e-05,0.000100746,0.000107881,0.000111163,0.000110404,0.000105606,9.69657e-05,8.48493e-05,6.97797e-05,5.24127e-05,3.35155e-05,1.39436e-05,-5.38309e-06,-2.35083e-05,-3.94713e-05,-5.23451e-05,-6.12797e-05,-6.55492e-05,-6.46003e-05,-5.80963e-05,-4.59522e-05,-2.83561e-05,-5.77005e-06,2.10904e-05,5.13036e-05,8.38147e-05,0.000117532,0.000151442,0.000184716,0.000216796,0.00024741,0.000276533,0.000304296,0.000330871,0.00035637,0.000380755,0.000403803,0.000425109,0.000444128,0.000460252,0.000472913,0.000481664,0.000486257,0.00048667,0.000483092,0.00047587,0.00046542,0.000452136,0.000436304,0.000418041,0.000397289,0.000373841,0.000347421,0.000317792,0.000284888,0.000248915,0.000210434,0.000170369,0.000129956,9.06346e-05,5.39044e-05,2.11813e-05,-6.32489e-06,-2.77013e-05,-4.23866e-05,-5.01914e-05,-5.12887e-05,-4.61798e-05,-3.56416e-05,-2.06633e-05,-2.37738e-06,1.80081e-05,3.92741e-05,6.02473e-05,7.98492e-05,9.71369e-05,0.000111334,0.000121857,0.000128326,0.000130574,0.000128645,0.000122782,0.000113404,0.000101077,8.6483e-05,7.03721e-05,5.35218e-05,3.66912e-05,2.05772e-05,5.77506e-06,-7.25521e-06,-1.68493e-05,-2.24444e-05,-2.50119e-05,-2.50107e-05,-2.28777e-05,-1.92745e-05,-1.4976e-05,-1.06752e-05,-6.79406e-06,-3.36371e-06,0
0,-5.81349e-06,-1.19719e-05,-1.86046e-05,-2.55155e-05,-3.20662e-05,-3.73341e-05,-4.03497e-05,-4.03401e-05,-3.68974e-05,-3.00025e-05,-1.96646e-05,-5.36991e-06,1.1919e-05,3.01696e-05,4.85151e-05,6.60371e-05,8.18317e-05,9.50728e-05,0.000105064,0.000111279,0.000113387,0.000111265,0.000104996,9.48591e-05,8.13114e-05,6.4966e-05,4.6569e-05,2.69753e-05,7.12336e-06,-1.19914e-05,-2.93472e-05,-4.39305e-05,-5.47774e-05,-6.10205e-05,-6.19389e-05,-5.70091e-05,-4.59522e-05,-2.87703e-05,-5.76936e-06,2.2438e-05,5.49527e-05,9.06371e-05,0.000128194,0.00016628,0.000203654,0.000239337,0.000272742,0.000303701,0.000332398,0.000359234,0.00038466,0.000409032,0.000432501,0.000454953,0.000476016,0.000495114,0.000511567,0.000524712,0.000534022,0.000539199,0.000540213,0.000537283,0.000530809,0.000521261,0.000509057,0.000494458,0.000477499,0.000457965,0.000435439,0.000409396,0.00037935,0.00034502,0.000306484,0.000264287,0.000219458,0.000173449,0.000127983,8.48597e-05,4.57758e-05,1.21798e-05,-1.48244e-05,-3.45314e-05,-4.66515e-05,-5.12971e-05,-4.89444e-05,-4.0377e-05,-2.66182e-05,-8.85775e-06,1.1621e-05,3.35095e-05,5.55362e-05,7.65189e-05,9.54096e-05,0.000111329,0.000123595,0.000131738,0.00013551,0.000134886,0.000130049,0.000121377,0.000109409,9.48102e-05,7.83344e-05,6.0775e-05,4.29216e-05,2.55146e-05,9.20402e-06,-5.48618e-06,-1.67476e-05,-2.38935e-05,-2.78188e-05,-2.88692e-05,-2.73742e-05,-2.39323e-05,-1.93172e-05,-1.42849e-05,-9.36482e-06,-4.70454e-06,0
0,-7.21278e-06,-1.46409e-05,-2.23833e-05,-3.01248e-05,-3.71087e-05,-4.23373e-05,-4.48339e-05,-4.38881e-05,-3.92091e-05,-3.09201e-05,-1.9158e-05,-3.48488e-06,1.50282e-05,3.42267e-05,5.32028e-05,7.10157e-05,8.67587e-05,9.96212e-05,0.00010894,0.000114236,0.000115239,0.000111895,0.000104364,9.30048e-05,7.83557e-05,6.11121e-05,4.20999e-05,2.22501e-05,2.57226e-06,-1.58744e-05,-3.20128e-05,-4.47853e-05,-5.31971e-05,-5.63652e-05,-5.35709e-05,-4.43131e-05,-2.83561e-05,-5.76936e-06,2.30474e-05,5.73567e-05,9.60966e-05,0.000137919,0.000181262,0.000224468,0.000265978,0.000304571,0.000339598,0.000371026,0.000399313,0.000425199,0.000449479,0.000472796,0.000495504,0.000517597,0.000538713,0.00055821,0.000575291,0.000589157,0.000599168,0.000604959,0.000606494,0.000604045,0.000598097,0.000589208,0.000577851,0.000564288,0.000548475,0.000530038,0.000508323,0.000482515,0.000451825,0.000415709,0.000374083,0.000327471,0.000277054,0.000224571,0.000172112,0.000121841,7.5756e-05,3.5537e-05,2.45405e-06,-2.26739e-05,-3.94851e-05,-4.80535e-05,-4.88447e-05,-4.26557e-05,-3.05441e-05,-1.37515e-05,6.37265e-06,2.84426e-05,5.11011e-05,7.30758e-05,9.32261e-05,0.000110581,0.000124367,0.000134032,0.000139248,0.000139919,0.00013617,0.000128327,0.000116892,0.000102507,8.5913e-05,6.79075e-05,4.92962e-05,3.08495e-05,1.32593e-05,-2.89792e-06,-1.56814e-05,-2.42931e-05,-2.95604e-05,-3.1718e-05,-3.0981e-05,-2.78672e-05,-2.31247e-05,-1.75446e-05,-1.1741e-05,-5.96608e-06,0
0,-8.55389e-06,-1.71526e-05,-2.586e-05,-3.42526e-05,-4.14798e-05,-4.64995e-05,-4.83561e-05,-4.64219e-05,-4.05303e-05,-3.09426e-05,-1.79096e-05,-1.05068e-06,1.84734e-05,3.84041e-05,5.781e-05,7.57443e-05,9.13118e-05,0.000103729,0.000112374,0.000116821,0.000116861,0.000112507,0.00010399,9.17405e-05,7.63692e-05,5.86409e-05,3.94482e-05,1.97842e-05,7.15675e-07,-1.66472e-05,-3.11835e-05,-4.18003e-05,-4.74768e-05,-4.73147e-05,-4.05917e-05,-2.68149e-05,-5.77005e-06,2.2438e-05,5.73567e-05,9.81716e-05,0.000143705,0.00019243,0.000242512,0.000291901,0.000338553,0.00038083,0.000417972,0.000450139,0.000478168,0.000503248,0.00052659,0.000549167,0.000571543,0.000593799,0.000615547,0.000636023,0.000654249,0.000669231,0.000680167,0.000686603,0.000688506,0.000686231,0.000680398,0.000671702,0.000660724,0.000647759,0.000632707,0.000615038,0.000593843,0.000567969,0.000536259,0.000497833,0.000452389,0.000400428,0.000343329,0.00028324,0.000222764,0.000164512,0.000110802,6.35111e-05,2.40229e-05,-6.78471e-06,-2.85235e-05,-4.12624e-05,-4.54781e-05,-4.19924e-05,-3.18985e-05,-1.64848e-05,2.84343e-06,2.46371e-05,4.74694e-05,6.99942e-05,9.09941e-05,0.00010942,0.000124423,0.000135371,0.000141867,0.000143747,0.000141073,0.000134119,0.000123341,0.000109346,9.28542e-05,7.46512e-05,5.55459e-05,3.6324e-05,1.7706e-05,3.07799e-07,-1.38112e-05,-2.37567e-05,-3.03013e-05,-3.35751e-05,-3.36757e-05,-3.10277e-05,-2.63313e-05,-2.03865e-05,-1.38679e-05,-7.11751e-06,0
0,-9.80763e-06,-1.94547e-05,-2.89699e-05,-3.78349e-05,-4.51312e-05,-4.98018e-05,-5.09376e-05,-4.80082e-05,-4.09728e-05,-3.02209e-05,-1.60995e-05,1.7353e-06,2.20536e-05,4.25116e-05,6.21712e-05,8.00948e-05,9.54112e-05,0.000107374,0.000115407,0.00011914,0.000118424,0.000113333,0.00010416,9.13986e-05,7.57173e-05,5.79363e-05,3.89992e-05,1.99459e-05,1.88479e-06,-1.40372e-05,-2.66676e-05,-3.48871e-05,-3.76538e-05,-3.40531e-05,-2.33503e-05,-5.04316e-06,2.10904e-05,5.49527e-05,9.60966e-05,0.000143705,0.000196571,0.000253072,0.000311137,0.00036824,0.000421566,0.000468645,0.000508578,0.000541869,0.000569924,0.00059453,0.000617407,0.000639889,0.000662737,0.000686077,0.000709427,0.000731823,0.000752015,0.000768727,0.000780926,0.000788039,0.000790046,0.000787439,0.000781042,0.000771766,0.000760364,0.000747221,0.000732225,0.000714712,0.000693508,0.000667082,0.000633815,0.000592386,0.000542181,0.000483636,0.000418391,0.000349182,0.000279404,0.000212246,0.00015033,9.56442e-05,4.95897e-05,1.30199e-05,-1.37143e-05,-3.07215e-05,-3.85165e-05,-3.79586e-05,-3.01801e-05,-1.65098e-05,1.60307e-06,2.26617e-05,4.51885e-05,6.77824e-05,8.91686e-05,0.000108238,0.000124078,0.000135997,0.000143531,0.000146455,0.000144772,0.000138699,0.000128642,0.000115167,9.89596e-05,8.07824e-05,6.14333e-05,4.16996e-05,2.23155e-05,3.92319e-06,-1.13147e-05,-2.24247e-05,-3.01396e-05,-3.4495e-05,-3.54732e-05,-3.33966e-05,-2.88992e-05,-2.27653e-05,-1.57056e-05,-8.135e-06,0
0,-1.09508e-05,-2.1508e-05,-3.16682e-05,-4.08352e-05,-4.80483e-05,-5.22633e-05,-5.26382e-05,-4.87491e-05,-4.06773e-05,-2.8926e-05,-1.39179e-05,4.67655e-06,2.55793e-05,4.63797e-05,6.6149e-05,8.39724e-05,9.90129e-05,0.000110567,0.00011811,0.000121322,0.000120111,0.000114604,0.000105148,9.22811e-05,7.6718e-05,5.93173e-05,4.10568e-05,2.3006e-05,6.29846e-06,-7.89715e-06,-1.84098e-05,-2.41033e-05,-2.39196e-05,-1.69264e-05,-2.36745e-06,2.02884e-05,5.13036e-05,9.06371e-05,0.000137919,0.00019243,0.000253072,0.000318295,0.000385955,0.000453044,0.000515487,0.000568881,0.000612359,0.000647173,0.000675624,0.000700309,0.000723551,0.000747047,0.000771701,0.000797599,0.000824071,0.000849838,0.000873251,0.00089262,0.000906581,0.000914395,0.000916082,0.000912346,0.000904325,0.000893256,0.000880155,0.000865579,0.000849474,0.000831098,0.00080904,0.000781347,0.000745832,0.000700564,0.000644446,0.000577744,0.000502371,0.000421891,0.000341145,0.000264069,0.000193464,0.000131251,7.86875e-05,3.64854e-05,4.8795e-06,-1.6328e-05,-2.77193e-05,-3.02044e-05,-2.49556e-05,-1.33353e-05,3.17697e-06,2.30549e-05,4.479e-05,6.69484e-05,8.8219e-05,0.000107453,0.000123694,0.000136202,0.000144462,0.000148195,0.000147348,0.000142083,0.000132753,0.000119874,0.000104089,8.61264e-05,6.67601e-05,4.67648e-05,2.68745e-05,7.74345e-06,-8.37829e-06,-2.04565e-05,-2.92007e-05,-3.45654e-05,-3.64231e-05,-3.499e-05,-3.08195e-05,-2.46582e-05,-1.72292e-05,-9.00231e-06,0
0,-1.19666e-05,-2.32865e-05,-3.39314e-05,-4.32448e-05,-5.02493e-05,-5.39376e-05,-5.35507e-05,-4.87748e-05,-3.9805e-05,-2.72399e-05,-1.15551e-05,7.58664e-06,2.888e-05,4.98653e-05,6.96373e-05,8.73154e-05,0.000102105,0.000113348,0.000120571,0.000123505,0.000122102,0.000116536,0.000107189,9.4637e-05,7.96191e-05,6.30166e-05,4.58236e-05,2.91214e-05,1.4052e-05,1.78995e-06,-6.48843e-06,-9.64033e-06,-6.59693e-06,3.59207e-06,2.17125e-05,4.83422e-05,8.38147e-05,0.000128194,0.000181262,0.000242512,0.000311137,0.000385955,0.000465168,0.000545695,0.000621669,0.00068308,0.000730581,0.000767109,0.000796351,0.000821953,0.000846907,0.000873203,0.00090176,0.000932483,0.000964379,0.000995701,0.00102422,0.00104763,0.00106409,0.00107262,0.00107331,0.00106721,0.00105595,0.00104124,0.00102448,0.00100652,0.00098746,0.000966608,0.000942396,0.000912444,0.000873857,0.000823842,0.000760537,0.000683798,0.000595642,0.000500493,0.000406565,0.000318557,0.00023902,0.000169442,0.000110706,6.32457e-05,2.70967e-05,1.92563e-06,-1.29414e-05,-1.84745e-05,-1.58843e-05,-6.55697e-06,8.01289e-06,2.62888e-05,4.67536e-05,6.79637e-05,8.8595e-05,0.000107481,0.000123642,0.000136306,0.000144923,0.000149168,0.000148941,0.00014435,0.000135693,0.000123432,0.000108159,9.05597e-05,7.13708e-05,5.13415e-05,3.1192e-05,1.15749e-05,-5.1888e-06,-1.80224e-05,-2.76301e-05,-3.39004e-05,-3.66054e-05,-3.58547e-05,-3.2111e-05,-2.60647e-05,-1.84293e-05,-9.71096e-06,0
0,-1.2845e-05,-2.47786e-05,-3.57565e-05,-4.50811e-05,-5.17815e-05,-5.49073e-05,-5.37934e-05,-4.82347e-05,-3.85272e-05,-2.53446e-05,-9.19203e-06,1.02976e-05,3.18107e-05,5.28552e-05,7.25616e-05,9.00923e-05,0.000104699,0.000115775,0.00012289,0.00012582,0.000124555,0.000119301,0.000110467,9.86425e-05,8.45801e-05,6.91642e-05,5.33878e-05,3.83265e-05,2.51134e-05,1.49136e-05,8.89509e-06,8.19694e-06,1.3892e-05,2.69469e-05,4.81821e-05,7.82348e-05,0.000117532,0.00016628,0.000224468,0.000291901,0.00036824,0.000453044,0.000545695,0.000644737,0.000744151,0.00081391,0.00086475,0.000902641,0.000933048,0.00096085,0.000989666,0.00102158,0.00105726,0.00109623,0.00113698,0.00117712,0.00121357,0.00124312,0.00126316,0.00127237,0.00127098,0.00126063,0.00124368,0.00122255,0.00119919,0.00117485,0.00114997,0.00112411,0.00109577,0.00106219,0.00101962,0.000964028,0.000892351,0.000803671,0.000699557,0.000583221,0.000473309,0.000373724,0.000285527,0.00020919,0.000144961,9.28736e-05,5.27081e-05,2.39648e-05,5.86585e-06,-2.62094e-06,-2.73816e-06,4.11629e-06,1.64499e-05,3.27365e-05,5.14728e-05,7.1229e-05,9.06922e-05,0.000108701,0.000124273,0.000136626,0.000145187,0.000149602,0.000149726,0.00014562,0.000137529,0.000125857,0.00011114,9.40085e-05,7.51543e-05,5.52889e-05,3.51054e-05,1.5242e-05,-1.92536e-06,-1.52957e-05,-2.55857e-05,-3.26342e-05,-3.61246e-05,-3.60638e-05,-3.28173e-05,-2.70048e-05,-1.93109e-05,-1.026e-05,0
0,-1.35828e-05,-2.59855e-05,-3.71596e-05,-4.63843e-05,-5.27161e-05,-5.52771e-05,-5.35018e-05,-4.72878e-05,-3.70159e-05,-2.3413e-05,-6.99111e-06,1.26668e-05,3.42567e-05,5.52686e-05,7.48785e-05,9.22979e-05,0.000106829,0.00011791,0.000125156,0.000128377,0.000127591,0.000123022,0.00011509,0.000104387,9.16588e-05,7.77771e-05,6.37165e-05,5.05299e-05,3.93257e-05,3.12444e-05,2.74328e-05,2.90152e-05,3.70609e-05,5.25495e-05,7.63362e-05,0.000109123,0.000151442,0.000203654,0.000265978,0.000338553,0.000421566,0.000515487,0.000621669,0.000744151,0.000896517,0.000964815,0.00101587,0.00105409,0.00108616,0.00111823,0.00115437,0.00119631,0.00124403,0.00129632,0.00135102,0.00140485,0.00145352,0.00149241,0.0015177,0.00152748,0.00152228,0.0015047,0.00147832,0.00144662,0.00141225,0.00137699,0.00134184,0.00130703,0.0012715,0.0012324,0.0011849,0.00112317,0.00104234,0.000940563,0.000819341,0.000665129,0.000537311,0.000426994,0.000331392,0.000249488,0.000180803,0.000124953,8.14574e-05,4.96514e-05,2.86571e-05,1.7388e-05,1.45802e-05,1.8839e-05,2.86916e-05,4.2642e-05,5.92232e-05,7.70425e-05,9.48212e-05,0.000111426,0.000125895,0.000137452,0.000145521,0.000149727,0.000149897,0.000146048,0.000138371,0.000127212,0.000113047,9.64455e-05,7.80438e-05,5.85052e-05,3.84846e-05,1.85935e-05,1.24786e-06,-1.24443e-05,-2.32292e-05,-3.09127e-05,-3.51029e-05,-3.57106e-05,-3.30025e-05,-2.75166e-05,-1.98922e-05,-1.06552e-05,0
0,-1.41826e-05,-2.69205e-05,-3.81727e-05,-4.7213e-05,-5.31424e-05,-5.51662e-05,-5.28195e-05,-4.60926e-05,-3.54332e-05,-2.15996e-05,-5.08922e-06,1.45826e-05,3.61366e-05,5.7057e-05,7.65728e-05,9.39486e-05,0.000108536,0.000119819,0.000127446,0.000131255,0.00013128,0.000127753,0.000121088,0.000111864,0.000100806,8.87559e-05,7.66553e-05,6.55188e-05,5.64155e-05,5.04478e-05,4.8729e-05,5.23585e-05,6.23942e-05,7.98226e-05,0.000105531,0.000140285,0.000184716,0.000239337,0.000304571,0.00038083,0.000468645,0.000568881,0.00068308,0.00081391,0.000964815,0.00103522,0.00108721,0.00112547,0.00115712,0.00118869,0.00122445,0.00126637,0.00131484,0.00136915,0.00142737,0.001486,0.00153993,0.00158336,0.00161138,0.00162154,0.00161467,0.00159425,0.00156499,0.00153114,0.00149553,0.00145951,0.0014234,0.00138684,0.00134855,0.0013058,0.00125412,0.00118808,0.00110341,0.000999928,0.000884717,0.000727356,0.000592357,0.00047582,0.000375354,0.000289616,0.000217772,0.00015916,0.000113102,7.88002e-05,5.52947e-05,4.14595e-05,3.60237e-05,3.76106e-05,4.47837e-05,5.60965e-05,7.01378e-05,8.55737e-05,0.000101182,0.000115878,0.000128741,0.000139022,0.000146155,0.000149763,0.000149651,0.000145798,0.000138349,0.000127592,0.000113935,9.78853e-05,8.00143e-05,6.09286e-05,4.12349e-05,2.15075e-05,4.18822e-06,-9.62336e-06,-2.07179e-05,-2.88852e-05,-3.36723e-05,-3.4903e-05,-3.27463e-05,-2.76524e-05,-2.02025e-05,-1.09086e-05,0
0,-1.46525e-05,-2.76065e-05,-3.88408e-05,-4.76394e-05,-5.31607e-05,-5.47e-05,-5.18887e-05,-4.47977e-05,-3.39229e-05,-2.0033e-05,-3.59161e-06,1.59679e-05,3.74034e-05,5.82036e-05,7.76551e-05,9.50769e-05,0.000109869,0.000121554,0.00012981,0.000134492,0.00013564,0.000133478,0.000128403,0.000120969,0.000111863,0.000101888,9.19343e-05,8.29675e-05,7.60046e-05,7.20986e-05,7.23187e-05,7.77306e-05,8.93729e-05,0.000108233,0.000135225,0.000171171,0.000216796,0.000272742,0.000339598,0.000417972,0.000508578,0.000612359,0.000730581,0.00086475,0.00101587,0.00108721,0.00114416,0.00119071,0.00123284,0.00127575,0.00132262,0.00137478,0.00143241,0.00149492,0.00156065,0.00162628,0.00168671,0.00173595,0.00176871,0.00178218,0.00177683,0.001756,0.00172429,0.00168576,0.00164289,0.00159657,0.00154685,0.0014936,0.00143655,0.0013748,0.00130627,0.00122805,0.00113795,0.00103705,0.000932017,0.000775944,0.000639171,0.000520124,0.00041727,0.000329436,0.000255715,0.000195316,0.000147436,0.000111185,8.55454e-05,6.93682e-05,6.13886e-05,6.02608e-05,6.45991e-05,7.30211e-05,8.41889e-05,9.6845e-05,0.000109842,0.000122167,0.000132954,0.000141502,0.000147272,0.000149895,0.000149167,0.00014504,0.000137612,0.000127115,0.000113892,9.83789e-05,8.10799e-05,6.25363e-05,4.32987e-05,2.38949e-05,6.78005e-06,-6.96782e-06,-1.81973e-05,-2.66969e-05,-3.19672e-05,-3.37558e-05,-3.21387e-05,-2.74753e-05,-2.02793e-05,-1.10368e-05,0
0,-1.50048e-05,-2.80744e-05,-3.92183e-05,-4.77436e-05,-5.2876e-05,-5.40019e-05,-5.08425e-05,-4.35345e-05,-3.26036e-05,-1.88103e-05,-2.56816e-06,1.67821e-05,3.8045e-05,5.87214e-05,7.81577e-05,9.57269e-05,0.000110874,0.000123156,0.000132271,0.000138083,0.000140626,0.000140107,0.000136894,0.000131503,0.000124574,0.000116855,0.000109179,0.000102451,9.76251e-05,9.56968e-05,9.76836e-05,0.00010461,0.00011749,0.000137307,0.000164994,0.000201426,0.00024741,0.000303701,0.000371026,0.000450139,0.000541869,0.000647173,0.000767109,0.000902641,0.00105409,0.00112547,0.00119071,0.00125243,0.00131424,0.00137891,0.00144774,0.00152087,0.00159797,0.00167831,0.00176035,0.00184096,0.00191519,0.00197685,0.00202001,0.00204078,0.00203854,0.00201577,0.00197663,0.00192507,0.00186363,0.00179344,0.00171507,0.00162947,0.00153838,0.00144387,0.0013476,0.00125051,0.00115339,0.00105849,0.000970989,0.000817229,0.000680976,0.00056156,0.000458014,0.000369383,0.000294786,0.000233375,0.000184273,0.000146523,0.000119068,0.000100746,9.03057e-05,8.64423e-05,8.7829e-05,9.31585e-05,0.000101178,0.000110721,0.000120731,0.000130278,0.000138574,0.000144975,0.000148988,0.000150265,0.000148601,0.000143929,0.000136308,0.000125915,0.000113027,9.80083e-05,8.12897e-05,6.33429e-05,4.46553e-05,2.57013e-05,8.93864e-06,-4.58746e-06,-1.57939e-05,-2.44813e-05,-3.01174e-05,-3.23849e-05,-3.12742e-05,-2.70544e-05,-2.01664e-05,-1.10601e-05,0
0,-1.52552e-05,-2.83601e-05,-3.93643e-05,-4.76086e-05,-5.2391e-05,-5.31868e-05,-4.97972e-05,-4.24099e-05,-3.15633e-05,-1.79934e-05,-2.05171e-06,1.70209e-05,3.8082e-05,5.86497e-05,7.81308e-05,9.59501e-05,0.000111594,0.000124645,0.000134819,0.000141976,0.000146138,0.000147483,0.000146343,0.000143184,0.000138591,0.00013325,0.000127928,0.00012346,0.000120734,0.000120682,0.000124264,0.00013246,0.000146255,0.000166623,0.000194519,0.00023086,0.000276533,0.000332398,0.000399313,0.000478168,0.000569924,0.000675624,0.000796351,0.000933048,0.00108616,0.00115712,0.00123284,0.00131424,0.00140218,0.00149674,0.00159729,0.00170299,0.00181311,0.00192685,0.00204256,0.0021567,0.00226323,0.00235389,0.00241967,0.00245334,0.00245188,0.00241732,0.00235508,0.0022713,0.00217081,0.00205669,0.00193121,0.00179708,0.00165838,0.00152036,0.00138862,0.00126812,0.00116272,0.00107556,0.00100978,0.0008574,0.000721817,0.000602619,0.000499052,0.000410248,0.000335316,0.000273349,0.000223398,0.000184445,0.000155394,0.000135068,0.000122235,0.000115628,0.000113983,0.000116074,0.000120738,0.000126909,0.000133631,0.000140071,0.000145529,0.000149435,0.00015135,0.00015096,0.000148071,0.000142603,0.000134582,0.000124132,0.000111468,9.68804e-05,8.07243e-05,6.33977e-05,4.53205e-05,2.69083e-05,1.06125e-05,-2.56278e-06,-1.36104e-05,-2.23542e-05,-2.82411e-05,-3.09011e-05,-3.02469e-05,-2.64613e-05,-1.99104e-05,-1.10011e-05,0
0,-1.54213e-05,-2.85022e-05,-3.93397e-05,-4.73155e-05,-5.18011e-05,-5.23553e-05,-4.8848e-05,-4.15031e-05,-3.08568e-05,-1.76082e-05,-2.03866e-06,1.67143e-05,3.75645e-05,5.80511e-05,7.76393e-05,9.58026e-05,0.000112063,0.000126027,0.000137415,0.000146082,0.000152025,0.000155391,0.000156465,0.000155658,0.000153494,0.000150591,0.000147645,0.00014542,0.000144733,0.000146448,0.000151468,0.000160727,0.000175181,0.000195796,0.000223543,0.000259389,0.000304296,0.000359234,0.000425199,0.000503248,0.00059453,0.000700309,0.000821953,0.00096085,0.00111823,0.00118869,0.00127575,0.00137891,0.00149674,0.0016273,0.00176897,0.0019209,0.00208294,0.00225486,0.00243482,0.00261763,0.00279321,0.00294627,0.00305848,0.00311355,0.00310371,0.00303292,0.00291364,0.00276055,0.00258577,0.00239743,0.00220082,0.0020005,0.0018021,0.00161294,0.00144133,0.00129513,0.00118037,0.0011005,0.00105625,0.000902233,0.00076567,0.000645878,0.000541941,0.00045286,0.000377617,0.00031518,0.000264491,0.00022445,0.000193903,0.000171651,0.000156467,0.000147118,0.000142401,0.000141164,0.000142341,0.000144966,0.00014819,0.000151284,0.000153644,0.000154785,0.000154331,0.000152013,0.000147655,0.000141173,0.000132565,0.000121908,0.000109354,9.51218e-05,7.94898e-05,6.27805e-05,4.53433e-05,2.75317e-05,1.17839e-05,-9.43235e-07,-1.17228e-05,-2.04096e-05,-2.64411e-05,-2.94048e-05,-2.91458e-05,-2.57663e-05,-1.95589e-05,-1.0883e-05,0
0,-1.55216e-05,-2.85398e-05,-3.92035e-05,-4.69392e-05,-5.119e-05,-5.15899e-05,-4.80653e-05,-4.08632e-05,-3.05058e-05,-1.76464e-05,-2.49183e-06,1.59228e-05,3.65685e-05,5.70069e-05,7.67585e-05,9.5342e-05,0.000112311,0.000127288,0.000139996,0.000150275,0.000158097,0.000163569,0.000166926,0.00016852,0.00016881,0.000168345,0.000167748,0.00016771,0.000168979,0.000172352,0.000178677,0.000188843,0.000203777,0.000224443,0.000251831,0.000286958,0.000330871,0.00038466,0.000449479,0.00052659,0.000617407,0.000723551,0.000846907,0.000989666,0.00115437,0.00122445,0.00132262,0.00144774,0.00159729,0.00176897,0.00196202,0.00217769,0.00241855,0.00268674,0.00298111,0.00329353,0.00360504,0.00388383,0.00408864,0.00418065,0.00414142,0.00398382,0.00374163,0.00345196,0.0031437,0.00283453,0.00253353,0.00224566,0.00197565,0.00172993,0.00151667,0.0013442,0.00121893,0.00114364,0.00111656,0.000956221,0.000815662,0.000693367,0.000587866,0.000497772,0.000421771,0.000358606,0.000307045,0.000265858,0.000233805,0.000209642,0.000192129,0.000180057,0.000172267,0.000167681,0.00016532,0.000164318,0.000163933,0.000163544,0.000162647,0.000160845,0.000157837,0.000153402,0.000147393,0.000139726,0.000130377,0.000119381,0.00010683,9.28733e-05,7.77133e-05,6.15969e-05,4.48022e-05,2.76188e-05,1.24666e-05,2.52415e-07,-1.01787e-05,-1.87179e-05,-2.4801e-05,-2.79832e-05,-2.80514e-05,-2.50353e-05,-1.91574e-05,-1.07291e-05,0
0,-1.55744e-05,-2.85103e-05,-3.90099e-05,-4.65457e-05,-5.06269e-05,-5.09529e-05,-4.74946e-05,-4.05107e-05,-3.0501e-05,-1.80685e-05,-3.34522e-06,1.47321e-05,3.51899e-05,5.56122e-05,7.55713e-05,9.46262e-05,0.000112357,0.000128401,0.000142476,0.000154406,0.000164134,0.000171724,0.000177358,0.000181331,0.000184034,0.000185948,0.000187625,0.000189686,0.00019281,0.000197735,0.000205255,0.000216219,0.000231533,0.000252159,0.000279114,0.000313471,0.00035637,0.000409032,0.000472796,0.000549167,0.000639889,0.000747047,0.000873203,0.00102158,0.00119631,0.00126637,0.00137478,0.00152087,0.00170299,0.0019209,0.00217769,0.00248019,0.0028377,0.00325899,0.00374712,0.00429181,0.00485977,0.00538664,0.00577952,0.00594285,0.00582986,0.0054819,0.00498966,0.00444208,0.00390075,0.00339764,0.00294387,0.00254011,0.00218463,0.00187765,0.00162248,0.00142418,0.00128695,0.00121159,0.00119397,0.00102177,0.00087343,0.000746066,0.000637269,0.000544995,0.000467458,0.000403057,0.000350303,0.000307783,0.000274134,0.000248035,0.000228211,0.000213456,0.000202646,0.00019476,0.000188898,0.000184288,0.000180291,0.00017639,0.000172184,0.000167367,0.000161713,0.000155058,0.000147286,0.000138319,0.000128119,0.00011668,0.000104041,9.02836e-05,7.55365e-05,5.99727e-05,4.37995e-05,2.72434e-05,1.27028e-05,1.0336e-06,-8.99897e-06,-1.73249e-05,-2.3384e-05,-2.67074e-05,-2.70332e-05,-2.43274e-05,-1.87485e-05,-1.05612e-05,0
0,-1.55969e-05,-2.84479e-05,-3.88066e-05,-4.61899e-05,-5.01652e-05,-5.04864e-05,-4.71575e-05,-4.04402e-05,-3.0807e-05,-1.88103e-05,-4.51062e-06,1.32464e-05,3.35385e-05,5.39714e-05,7.4164e-05,9.37117e-05,0.000112218,0.000129329,0.000144759,0.000158312,0.000169901,0.000179547,0.000187381,0.000193639,0.00019865,0.000202828,0.000206659,0.000210697,0.00021556,0.00022193,0.000230555,0.000242251,0.000257908,0.000278493,0.000305054,0.000338728,0.000380755,0.000432501,0.000495504,0.000571543,0.000662737,0.000771701,0.00090176,0.00105726,0.00124403,0.00131484,0.00143241,0.00159797,0.00181311,0.00208294,0.00241855,0.0028377,0.00336348,0.0040203,0.00482593,0.00577694,0.00682578,0.00785272,0.00865186,0.00897609,0.00868679,0.00791965,0.00691887,0.00588749,0.00494254,0.00412948,0.00345114,0.00289188,0.0024327,0.00205884,0.00176192,0.00153861,0.0013876,0.00130624,0.00128824,0.00109871,0.000938749,0.00080361,0.00068962,0.000593839,0.000513849,0.000447587,0.000393232,0.000349135,0.000313765,0.000285695,0.000263594,0.000246237,0.000232517,0.000221457,0.000212223,0.000204128,0.000196625,0.000189299,0.000181846,0.000174049,0.00016576,0.000156871,0.000147302,0.000136987,0.000125874,0.000113926,0.00010113,8.75047e-05,7.31095e-05,5.80463e-05,4.24545e-05,2.64996e-05,1.2557e-05,1.43343e-06,-8.18092e-06,-1.62542e-05,-2.22337e-05,-2.56324e-05,-2.61484e-05,-2.36932e-05,-1.83694e-05,-1.03991e-05,0
0,-1.56046e-05,-2.83819e-05,-3.86334e-05,-4.59149e-05,-4.98428e-05,-5.02137e-05,-4.7055e-05,-4.06252e-05,-3.13687e-05,-1.979e-05,-5.88543e-06,1.15803e-05,3.17311e-05,5.21917e-05,7.26231e-05,9.26525e-05,0.000111904,0.000130032,0.000146743,0.000161826,0.000175161,0.00018673,0.000196617,0.000205001,0.000212155,0.000218429,0.000224249,0.000230112,0.000236579,0.000244285,0.000253938,0.000266329,0.000282338,0.000302943,0.00032923,0.000362402,0.000403803,0.000454953,0.000517597,0.000593799,0.000686077,0.000797599,0.000932483,0.00109623,0.00129632,0.00136915,0.00149492,0.00167831,0.00192685,0.00225486,0.00268674,0.00325899,0.0040203,0.00502899,0.00634408,0.0080028,0.00997193,0.0120627,0.0138306,0.014589,0.0138369,0.012077,0.00999683,0.00804016,0.00639327,0.00508581,0.00407731,0.00330748,0.00272001,0.00227141,0.00193226,0.00168465,0.00151792,0.00142431,0.00139564,0.00118428,0.00100945,0.00086422,0.000743368,0.000642887,0.000559596,0.000490887,0.000434546,0.000388641,0.000351446,0.000321401,0.000297098,0.000277275,0.000260824,0.000246798,0.000234415,0.000223059,0.000212268,0.000201715,0.000191189,0.000180558,0.000169746,0.000158704,0.000147386,0.000135742,0.000123711,0.000111227,9.82311e-05,8.4685e-05,7.05834e-05,5.59617e-05,4.08958e-05,2.54939e-05,1.21091e-05,1.50265e-06,-7.70289e-06,-1.55106e-05,-2.13757e-05,-2.47975e-05,-2.54414e-05,-2.31743e-05,-1.8052e-05,-1.026e-05,0
0,-1.56105e-05,-2.83367e-05,-3.85212e-05,-4.5752e-05,-4.96832e-05,-5.01425e-05,-4.71722e-05,-4.10247e-05,-3.21182e-05,-2.09164e-05,-7.36129e-06,9.85134e-06,2.9884e-05,5.03782e-05,7.10313e-05,9.14989e-05,0.000111424,0.000130465,0.000148329,0.000164785,0.000179687,0.000192983,0.00020471,0.000215002,0.000224076,0.000232231,0.000239837,0.000247341,0.000255257,0.00026418,0.000274787,0.000287851,0.000304247,0.00032497,0.000351144,0.000384041,0.000425109,0.000476016,0.000538713,0.000615547,0.000709427,0.000824071,0.000964379,0.00113698,0.00135102,0.00142737,0.00156065,0.00176035,0.00204256,0.00243482,0.00298111,0.00374712,0.00482593,0.00634408,0.00846309,0.0113611,0.015155,0.0196836,0.0240686,0.0262612,0.0240357,0.0196259,0.0150865,0.011298,0.00841948,0.00632876,0.00484081,0.00378817,0.00304121,0.00250735,0.00212434,0.00185272,0.00166859,0.00155739,0.0015093,0.00127334,0.00108167,0.000924872,0.000796075,0.000690094,0.000602921,0.000531359,0.000472771,0.000424921,0.000385869,0.00035391,0.000327543,0.000305455,0.000286526,0.000269823,0.000254605,0.000240312,0.000226553,0.00021308,0.000199763,0.000186549,0.000173428,0.000160403,0.000147466,0.000134581,0.000121681,0.000108676,9.54671e-05,8.1964e-05,6.81032e-05,5.38599e-05,3.92523e-05,2.43372e-05,1.14465e-05,1.30244e-06,-7.5304e-06,-1.50844e-05,-2.08209e-05,-2.4228e-05,-2.49448e-05,-2.28029e-05,-1.78216e-05,-1.01579e-05,0
0,-1.56249e-05,-2.83306e-05,-3.84923e-05,-4.57215e-05,-4.96975e-05,-5.02681e-05,-4.74837e-05,-4.15897e-05,-3.29838e-05,-2.20982e-05,-8.83281e-06,8.17093e-06,2.81062e-05,4.86279e-05,6.94643e-05,9.02959e-05,0.000110782,0.000130591,0.000149425,0.000167042,0.000183276,0.000198042,0.000211343,0.000223269,0.000233994,0.00024377,0.000252923,0.000261855,0.000271045,0.000281054,0.000292537,0.000306252,0.000323077,0.000344024,0.000370256,0.000403109,0.000444128,0.000495114,0.00055821,0.000636023,0.000731823,0.000849838,0.000995701,0.00117712,0.00140485,0.001486,0.00162628,0.00184096,0.0021567,0.00261763,0.00329353,0.00429181,0.00577694,0.0080028,0.0113611,0.0164346,0.0239792,0.0345527,0.0470263,0.0551057,0.0469497,0.0344145,0.0238057,0.0162579,0.011212,0.00790486,0.00574298,0.00432329,0.00338289,0.00275219,0.00232281,0.00202711,0.00182465,0.00169274,0.00161999,0.00135912,0.0011503,0.000981687,0.000844705,0.000733013,0.000641789,0.000567256,0.000506364,0.000456578,0.000415749,0.000382024,0.000353807,0.000329731,0.000308652,0.000289642,0.000271986,0.000255169,0.000238857,0.000222869,0.000207142,0.000191691,0.000176565,0.000161815,0.000147463,0.000133489,0.000119822,0.000106352,9.29453e-05,7.94665e-05,6.5801e-05,5.18713e-05,3.76453e-05,2.31354e-05,1.06558e-05,8.96921e-07,-7.62257e-06,-1.49566e-05,-2.05692e-05,-2.39375e-05,-2.46801e-05,-2.2602e-05,-1.76972e-05,-1.01035e-05,0
0,-1.56548e-05,-2.83757e-05,-3.85604e-05,-4.58335e-05,-4.9887e-05,-5.05778e-05,-4.79588e-05,-4.22704e-05,-3.3897e-05,-2.32516e-05,-1.02059e-05,6.63714e-06,2.64924e-05,4.70244e-05,6.79869e-05,8.90819e-05,0.000109986,0.000130375,0.000149954,0.000168474,0.000185754,0.000201686,0.000216245,0.000229489,0.000241554,0.000252655,0.000263084,0.000273208,0.000283477,0.000294426,0.000306695,0.000321033,0.000338322,0.00035959,0.000386034,0.000419047,0.000460252,0.000511567,0.000575291,0.000654249,0.000752015,0.000873251,0.00102422,0.00121357,0.00145352,0.00153993,0.00168671,0.00191519,0.00226323,0.00279321,0.00360504,0.00485977,0.00682578,0.00997193,0.015155,0.0239792,0.0393759,0.0659218,0.106592,0.144246,0.106475,0.0657082,0.0391039,0.0236955,0.0149059,0.00979506,0.00674443,0.0048809,0.00372083,0.00298522,0.00250767,0.00218799,0.00196757,0.00181507,0.00171742,0.00143408,0.00120981,0.00103049,0.000886048,0.000769114,0.000674148,0.000596865,0.000533851,0.000482313,0.000439913,0.000404671,0.000374902,0.000349186,0.000326354,0.000305476,0.000285852,0.000267,0.000248631,0.000230615,0.000212944,0.000195686,0.000178939,0.000162793,0.000147298,0.000132445,0.00011816,0.000104318,9.07541e-05,7.7297e-05,6.37887e-05,5.01076e-05,3.618e-05,2.1982e-05,9.81472e-06,3.45802e-07,-7.93854e-06,-1.51044e-05,-2.06133e-05,-2.39308e-05,-2.46591e-05,-2.25861e-05,-1.76915e-05,-1.01041e-05,0
0,-1.57044e-05,-2.84784e-05,-3.87313e-05,-4.60899e-05,-5.02458e-05,-5.10544e-05,-4.85671e-05,-4.3022e-05,-3.48002e-05,-2.4308e-05,-1.14052e-05,5.32768e-06,2.51171e-05,4.56333e-05,6.66496e-05,8.78871e-05,0.000109038,0.000129791,0.000149856,0.000168985,0.000186987,0.000203744,0.00021921,0.000233418,0.000246481,0.000258585,0.000269995,0.000281054,0.000292188,0.000303919,0.00031687,0.00033179,0.000349562,0.000371229,0.000398012,0.000431346,0.000472913,0.000524712,0.000589157,0.000669231,0.000768727,0.00089262,0.00104763,0.00124312,0.00149241,0.00158336,0.00173595,0.00197685,0.00235389,0.00294627,0.00388383,0.00538664,0.00785272,0.0120627,0.0196836,0.0345527,0.0659218,0.135451,0.282257,0.494308,0.282109,0.135182,0.0655771,0.0341896,0.0193597,0.0118262,0.00773499,0.0053991,0.00401881,0.00318117,0.00265723,0.00231488,0.00207863,0.0019092,0.00179184,0.00149122,0.00125504,0.00106744,0.000917185,0.000796128,0.000698188,0.000618701,0.000553981,0.00050104,0.0004574,0.00042098,0.000390029,0.000363084,0.000338953,0.0003167,0.000295637,0.000275301,0.000255433,0.000235942,0.000216857,0.000198287,0.000180367,0.000163215,0.000146901,0.000131424,0.00011671,0.000102617,8.89596e-05,7.55355e-05,6.21529e-05,4.86557e-05,3.49384e-05,2.09507e-05,8.98545e-06,-3.01972e-07,-8.44308e-06,-1.55057e-05,-2.09424e-05,-2.4206e-05,-2.48858e-05,-2.27617e-05,-1.78107e-05,-1.01637e-05,0
0,-1.57744e-05,-2.8639e-05,-3.90035e-05,-4.64854e-05,-5.07629e-05,-5.16798e-05,-4.92824e-05,-4.38103e-05,-3.56514e-05,-2.52199e-05,-1.23791e-05,4.29472e-06,2.40299e-05,4.44983e-05,6.54868e-05,8.67322e-05,0.000107943,0.000128823,0.000149092,0.00016851,0.000186887,0.0002041,0.000220095,0.000234893,0.000248589,0.000261354,0.000273434,0.000285156,0.000296933,0.000309273,0.000322796,0.000338243,0.000356503,0.000378624,0.000405845,0.000439619,0.000481664,0.000534022,0.000599168,0.000680167,0.000780926,0.000906581,0.00106409,0.00126316,0.0015177,0.00161138,0.00176871,0.00202001,0.00241967,0.00305848,0.00408864,0.00577952,0.00865186,0.0138306,0.0240686,0.0470263,0.106592,0.282257,0.824455,2.18991,0.824295,0.281964,0.106216,0.046628,0.023711,0.0135666,0.00851683,0.00578745,0.00423251,0.00331417,0.00275224,0.00239091,0.00214289,0.00196328,0.00183571,0.00152517,0.0012821,0.00108965,0.000935935,0.000812372,0.000712581,0.000631688,0.000565857,0.000511991,0.000467532,0.000430344,0.000398634,0.000370913,0.000345976,0.000322881,0.000300943,0.000279713,0.000258948,0.000238577,0.000218656,0.000199316,0.000180714,0.000162988,0.000146217,0.000130406,0.000115476,0.000101277,8.76042e-05,7.42339e-05,6.09499e-05,4.75723e-05,3.39745e-05,2.00897e-05,8.20922e-06,-1.01311e-06,-9.11088e-06,-1.61425e-05,-2.1545e-05,-2.47565e-05,-2.53576e-05,-2.31284e-05,-1.80555e-05,-1.02829e-05,0
0,-1.58627e-05,-2.88523e-05,-3.93686e-05,-4.70084e-05,-5.14235e-05,-5.24367e-05,-5.00851e-05,-4.46141e-05,-3.64284e-05,-2.59641e-05,-1.31044e-05,3.56144e-06,2.3253e-05,4.3639e-05,6.4514e-05,8.56275e-05,0.000106704,0.000127464,0.000147645,0.00016702,0.00018541,0.000202699,0.000218833,0.000233833,0.000247788,0.000260861,0.000273292,0.0002854,0.00029759,0.000310364,0.000324339,0.000340253,0.000358994,0.000381612,0.000409347,0.000443655,0.000486257,0.000539199,0.000604959,0.000686603,0.000788039,0.000914395,0.00107262,0.00127237,0.00152748,0.00162154,0.00178218,0.00204078,0.00245334,0.00311355,0.00418065,0.00594285,0.00897609,0.014589,0.0262612,0.0551057,0.144246,0.494308,2.18991,11.8174,2.18975,0.494029,0.143886,0.0547249,0.0259188,0.014336,0.00884688,0.00595173,0.00432176,0.00336438,0.00278047,0.00240682,0.0021527,0.00197132,0.00184515,0.00153316,0.00128899,0.00109564,0.000941188,0.000816994,0.000716659,0.000635288,0.000569033,0.000514784,0.000469975,0.00043246,0.000400438,0.000372416,0.000347181,0.000323792,0.000301562,0.000280046,0.000259004,0.000238373,0.000218215,0.000198671,0.000179904,0.000162056,0.000145211,0.000129373,0.000114458,0.000100307,8.67049e-05,7.34138e-05,6.02035e-05,4.68811e-05,3.33101e-05,1.94188e-05,7.50317e-06,-1.77292e-06,-9.92917e-06,-1.70034e-05,-2.24107e-05,-2.55727e-05,-2.60656e-05,-2.3679e-05,-1.84205e-05,-1.04588e-05,0
0,-1.59639e-05,-2.91078e-05,-3.98117e-05,-4.76415e-05,-5.22104e-05,-5.33097e-05,-5.09639e-05,-4.5427e-05,-3.71296e-05,-2.65431e-05,-1.35865e-05,3.12086e-06,2.27793e-05,4.30499e-05,6.3728e-05,8.45722e-05,0.000105322,0.000125719,0.000145521,0.000164523,0.000182565,0.000199548,0.000215432,0.000230244,0.000244083,0.000257113,0.000269577,0.000281794,0.000294168,0.000307202,0.000321509,0.000337828,0.000357042,0.000380194,0.000408513,0.000443441,0.00048667,0.000540213,0.000606494,0.000688506,0.000790046,0.000916082,0.00107331,0.00127098,0.00152228,0.00161467,0.00177683,0.00203854,0.00245188,0.00310371,0.00414142,0.00582986,0.00868679,0.0138369,0.0240357,0.0469497,0.106475,0.282109,0.824295,2.18975,0.824169,0.281879,0.106178,0.0466361,0.0237548,0.0136311,0.00858524,0.00584482,0.00426863,0.00332508,0.0027402,0.00236312,0.00210933,0.00193445,0.00182053,0.00151548,0.00127589,0.00108557,0.000933055,0.000810084,0.000710491,0.000629557,0.000563554,0.000509456,0.000464757,0.000427348,0.000395455,0.000367597,0.000342567,0.000319425,0.000297482,0.000276283,0.000255583,0.000235309,0.000215516,0.000196334,0.000177918,0.000160406,0.000143872,0.000128315,0.000113646,9.96988e-05,8.62534e-05,7.30664e-05,5.9904e-05,4.65716e-05,3.29349e-05,1.89282e-05,6.85945e-06,-2.58607e-06,-1.08984e-05,-1.80839e-05,-2.35302e-05,-2.6642e-05,-2.69955e-05,-2.43998e-05,-1.88953e-05,-1.06857e-05,0
0,-1.60698e-05,-2.93896e-05,-4.03119e-05,-4.83622e-05,-5.31031e-05,-5.42851e-05,-5.19146e-05,-4.62558e-05,-3.7773e-05,-2.69844e-05,-1.3859e-05,2.93673e-06,2.25737e-05,4.27005e-05,6.31064e-05,8.35546e-05,0.000103799,0.000123602,0.000142749,0.000161061,0.000178408,0.000194716,0.00020997,0.000224219,0.000237575,0.000250221,0.000262408,0.000274464,0.0002868,0.000299925,0.000314451,0.000331117,0.000350799,0.000374526,0.000403507,0.000439147,0.000483092,0.000537283,0.000604045,0.000686231,0.000787439,0.000912346,0.00106721,0.00126063,0.0015047,0.00159425,0.001756,0.00201577,0.00241732,0.00303292,0.00398382,0.0054819,0.00791965,0.012077,0.0196259,0.0344145,0.0657082,0.135182,0.281964,0.494029,0.281879,0.135027,0.0655089,0.0342049,0.0194405,0.0119451,0.0078615,0.00550633,0.00408834,0.00320574,0.00264066,0.00226969,0.00202237,0.00186036,0.00176627,0.00147526,0.00124512,0.00106112,0.00091282,0.000792627,0.000694856,0.000615124,0.000549939,0.000496447,0.000452258,0.000415343,0.00038398,0.00035672,0.000332369,0.00030999,0.000288885,0.000268583,0.00024882,0.000229498,0.000210646,0.000192372,0.000174807,0.000158067,0.000142213,0.000127232,0.000113027,9.94286e-05,8.62173e-05,7.31531e-05,6.0009e-05,4.66005e-05,3.28068e-05,1.85801e-05,6.24671e-06,-3.47511e-06,-1.20307e-05,-1.93856e-05,-2.48952e-05,-2.79483e-05,-2.81274e-05,-2.52709e-05,-1.94638e-05,-1.09547e-05,0
0,-1.61695e-05,-2.96772e-05,-4.08423e-05,-4.91418e-05,-5.40776e-05,-5.53488e-05,-5.29377e-05,-4.7118e-05,-3.83928e-05,-2.73361e-05,-1.398e-05,2.94665e-06,2.25755e-05,4.25378e-05,6.26092e-05,8.25528e-05,0.000102135,0.000121138,0.000139378,0.000156711,0.000173042,0.000188332,0.000202601,0.00021593,0.00022846,0.000240396,0.000252011,0.00026365,0.000275738,0.000288792,0.000303431,0.000320391,0.000340541,0.000364892,0.000394621,0.000431088,0.00047587,0.000530809,0.000598097,0.000680398,0.000781042,0.000904325,0.00105595,0.00124368,0.00147832,0.00156499,0.00172429,0.00197663,0.00235508,0.00291364,0.00374163,0.00498966,0.00691887,0.00999683,0.0150865,0.0238057,0.0391039,0.0655771,0.106216,0.143886,0.106178,0.0655089,0.0390174,0.0237167,0.0150116,0.00995045,0.00691095,0.00502465,0.00381865,0.0030277,0.00249894,0.00214283,0.00190693,0.00176123,0.00168975,0.00141784,0.00120057,0.00102521,0.000882689,0.000766332,0.000671106,0.000593085,0.000529105,0.00047654,0.000433162,0.000397053,0.000366562,0.000340282,0.000317039,0.000295893,0.000276135,0.000257267,0.000238991,0.000221172,0.000203797,0.000186933,0.000170676,0.000155109,0.000140271,0.00012613,0.000112582,9.94569e-05,8.65416e-05,7.36083e-05,6.0447e-05,4.68948e-05,3.2856e-05,1.83119e-05,5.61385e-06,-4.47688e-06,-1.33469e-05,-2.09129e-05,-2.64957e-05,-2.94709e-05,-2.94347e-05,-2.62656e-05,-2.01046e-05,-1.12537e-05,0
0,-1.62497e-05,-2.99455e-05,-4.13696e-05,-4.99455e-05,-5.51044e-05,-5.64841e-05,-5.40351e-05,-4.80374e-05,-3.90341e-05,-2.76621e-05,-1.40266e-05,3.06721e-06,2.27027e-05,4.24892e-05,6.2181e-05,8.15353e-05,0.000100326,0.000118359,0.000135479,0.00015158,0.000166611,0.000180577,0.000193541,0.000205626,0.000217011,0.000227937,0.000238706,0.000249688,0.000261329,0.00027416,0.00028881,0.000306015,0.000326634,0.00035166,0.000382232,0.000419653,0.00046542,0.000521261,0.000589208,0.000671702,0.000771766,0.000893256,0.00104124,0.00122255,0.00144662,0.00153114,0.00168576,0.00192507,0.0022713,0.00276055,0.00345196,0.00444208,0.00588749,0.00804016,0.011298,0.0162579,0.0236955,0.0341896,0.046628,0.0547249,0.0466361,0.0342049,0.0237167,0.016284,0.0113287,0.00807545,0.00592762,0.00448709,0.00350193,0.00281627,0.00233506,0.0020011,0.00178008,0.00165098,0.00159997,0.00134977,0.00114707,0.000981463,0.000845419,0.000733346,0.000640956,0.000564851,0.000502241,0.000450767,0.000408386,0.000373306,0.000343957,0.000318977,0.000297212,0.000277716,0.000259756,0.0002428,0.000226502,0.000210674,0.000195248,0.000180237,0.000165687,0.00015164,0.000138102,0.000125022,0.000112287,9.97308e-05,8.71515e-05,7.43424e-05,6.1121e-05,4.73567e-05,3.29904e-05,1.80428e-05,4.89568e-06,-5.6372e-06,-1.48717e-05,-2.26697e-05,-2.83175e-05,-3.11822e-05,-3.08832e-05,-2.73504e-05,-2.07912e-05,-1.15681e-05,0
0,-1.62947e-05,-3.01649e-05,-4.1855e-05,-5.07311e-05,-5.61468e-05,-5.76684e-05,-5.52052e-05,-4.90372e-05,-3.97463e-05,-2.80345e-05,-1.40877e-05,3.20056e-06,2.2858e-05,4.24675e-05,6.17542e-05,8.04627e-05,9.83712e-05,0.000115303,0.000131134,0.0001458,0.000159296,0.000171678,0.000183062,0.00019362,0.000203579,0.000213224,0.000222896,0.000232999,0.000244005,0.000256466,0.000271023,0.000288416,0.000309497,0.000335235,0.000366732,0.00040523,0.000452136,0.000509057,0.000577851,0.000660724,0.000760364,0.000880155,0.00102448,0.00119919,0.00141225,0.00149553,0.00164289,0.00186363,0.00217081,0.00258577,0.0031437,0.00390075,0.00494254,0.00639327,0.00841948,0.011212,0.0149059,0.0193597,0.023711,0.0259188,0.0237548,0.0194405,0.0150116,0.0113287,0.00853353,0.00649375,0.00502185,0.00395495,0.0031728,0.00259412,0.00216737,0.00186142,0.00165748,0.00154274,0.00150606,0.00127771,0.00108956,0.000933584,0.000803865,0.000695919,0.000606232,0.00053195,0.000470668,0.000420299,0.00037899,0.000345078,0.000317071,0.00029365,0.000273671,0.000256176,0.000240401,0.000225764,0.000211861,0.000198436,0.000185355,0.000172561,0.000160043,0.000147792,0.000135777,0.000123925,0.000112114,0.000100185,8.79549e-05,7.52465e-05,6.19143e-05,4.78704e-05,3.31025e-05,1.76802e-05,4.02003e-06,-7.00415e-06,-1.66277e-05,-2.46541e-05,-3.0338e-05,-3.30456e-05,-3.243e-05,-2.84841e-05,-2.14916e-05,-1.18805e-05,0
0,-1.62877e-05,-3.03026e-05,-4.22535e-05,-5.14491e-05,-5.71593e-05,-5.88698e-05,-5.6438e-05,-5.01348e-05,-4.05752e-05,-2.85255e-05,-1.4256e-05,3.24232e-06,2.29352e-05,4.23758e-05,6.12522e-05,7.92894e-05,9.62633e-05,0.000112011,0.000126439,0.000139523,0.000151307,0.000161903,0.000171483,0.000180279,0.000188573,0.000196701,0.000205052,0.00021407,0.00022426,0.000236202,0.000250552,0.000268057,0.000289562,0.000316017,0.000348481,0.000388138,0.000436304,0.000494458,0.000564288,0.000647759,0.000747221,0.000865579,0.00100652,0.00117485,0.00137699,0.00145951,0.00159657,0.00179344,0.00205669,0.00239743,0.00283453,0.00339764,0.00412948,0.00508581,0.00632876,0.00790486,0.00979506,0.0118262,0.0135666,0.014336,0.0136311,0.0119451,0.00995045,0.00807545,0.00649375,0.00522781,0.0042359,0.0034613,0.00285408,0.0023779,0.00200977,0.00173666,0.00155114,0.00144697,0.00141605,0.00120751,0.00103235,0.000884829,0.000760551,0.000656079,0.000568625,0.000495842,0.000435689,0.000386331,0.000346091,0.000313422,0.000286901,0.000265241,0.000247299,0.000232094,0.000218818,0.00020683,0.000195653,0.000184956,0.000174523,0.000164223,0.000153976,0.000143717,0.000133375,0.000122853,0.000112025,0.000100742,8.88458e-05,7.61972e-05,6.26968e-05,4.8309e-05,3.30773e-05,1.71281e-05,2.91566e-06,-8.62077e-06,-1.86288e-05,-2.68536e-05,-3.25234e-05,-3.50133e-05,-3.40224e-05,-2.96183e-05,-2.21691e-05,-1.21709e-05,0
0,-1.62101e-05,-3.03227e-05,-4.25154e-05,-5.20421e-05,-5.8086e-05,-6.00439e-05,-5.771e-05,-5.13343e-05,-4.15555e-05,-2.91985e-05,-1.46186e-05,3.09011e-06,2.28273e-05,4.2114e-05,6.0594e-05,7.7965e-05,9.39938e-05,0.000108527,0.000121494,0.00013291,0.000142869,0.000151539,0.000159154,0.000166008,0.000172445,0.000178859,0.000185693,0.000193436,0.000202635,0.000213898,0.000227904,0.000245408,0.000267252,0.000294364,0.000327768,0.000368583,0.000418041,0.000477499,0.000548475,0.000632707,0.000732225,0.000849474,0.00098746,0.00114997,0.00134184,0.0014234,0.00154685,0.00171507,0.00193121,0.00220082,0.00253353,0.00294387,0.00345114,0.00407731,0.00484081,0.00574298,0.00674443,0.00773499,0.00851683,0.00884688,0.00858524,0.0078615,0.00691095,0.00592762,0.00502185,0.0042359,0.00357272,0.00301885,0.00255803,0.00217766,0.00187065,0.00163437,0.00146817,0.00137036,0.00133587,0.00114335,0.000978488,0.000837502,0.000717309,0.00061536,0.000529482,0.000457764,0.000398471,0.000349986,0.000310779,0.000279399,0.000254475,0.000234737,0.000219033,0.000206345,0.00019581,0.000186717,0.000178509,0.000170767,0.000163189,0.00015556,0.000147728,0.000139569,0.000130972,0.000121816,0.000111975,0.000101313,8.9707e-05,7.70615e-05,6.33317e-05,4.85426e-05,3.28007e-05,1.62958e-05,1.52058e-06,-1.05175e-05,-2.08744e-05,-2.92398e-05,-3.48243e-05,-3.70241e-05,-3.55971e-05,-3.06969e-05,-2.27823e-05,-1.24176e-05,0
0,-1.60434e-05,-3.01877e-05,-4.25867e-05,-5.24452e-05,-5.88599e-05,-6.1132e-05,-5.89807e-05,-5.26213e-05,-4.27029e-05,-3.01e-05,-1.52484e-05,2.6523e-06,2.24341e-05,4.15851e-05,5.96984e-05,7.64368e-05,9.15506e-05,0.000104887,0.000116396,0.000126124,0.000134214,0.000140887,0.000146441,0.000151234,0.000155675,0.000160221,0.00016537,0.000171666,0.000179697,0.000190108,0.000203599,0.000220938,0.000242965,0.000270589,0.000304795,0.000346647,0.000397289,0.000457965,0.000530038,0.000615038,0.000714712,0.000831098,0.000966608,0.00112411,0.00130703,0.00138684,0.0014936,0.00162947,0.00179708,0.0020005,0.00224566,0.00254011,0.00289188,0.00330748,0.00378817,0.00432329,0.0048809,0.0053991,0.00578745,0.00595173,0.00584482,0.00550633,0.00502465,0.00448709,0.00395495,0.0034613,0.00301885,0.00262916,0.00228963,0.00199777,0.00175297,0.00155652,0.00141031,0.001315,0.00126849,0.00108714,0.000929305,0.000792644,0.000675048,0.000574631,0.000489682,0.000418624,0.000359961,0.000312243,0.000274058,0.000244023,0.000220803,0.000203127,0.00018982,0.00017982,0.000172196,0.000166161,0.000161069,0.00015641,0.000151788,0.000146906,0.000141534,0.000135493,0.000128631,0.000120809,0.000111903,0.000101799,9.04135e-05,7.77022e-05,6.36825e-05,4.84461e-05,3.21683e-05,1.51062e-05,-2.10122e-07,-1.27054e-05,-2.33434e-05,-3.17648e-05,-3.7174e-05,-3.90022e-05,-3.708e-05,-3.16568e-05,-2.3286e-05,-1.25972e-05,0
0,-1.57692e-05,-2.98598e-05,-4.24111e-05,-5.25879e-05,-5.94035e-05,-6.20597e-05,-6.01896e-05,-5.39581e-05,-4.40088e-05,-3.12518e-05,-1.61955e-05,1.85653e-06,2.16703e-05,4.07021e-05,5.84889e-05,7.46524e-05,8.89177e-05,0.000101126,0.000111235,0.000119322,0.000125567,0.000130245,0.000133712,0.000136389,0.000138752,0.000141319,0.000144651,0.000149343,0.000156031,0.000165395,0.000178161,0.00019511,0.000217079,0.000244959,0.000279701,0.000322307,0.000373841,0.000435439,0.000508323,0.000593843,0.000693508,0.00080904,0.000942396,0.00109577,0.0012715,0.00134855,0.00143655,0.00153838,0.00165838,0.0018021,0.00197565,0.00218463,0.0024327,0.00272001,0.00304121,0.00338289,0.00372083,0.00401881,0.00423251,0.00432176,0.00426863,0.00408834,0.00381865,0.00350193,0.0031728,0.00285408,0.00255803,0.00228963,0.00204992,0.00183846,0.00165492,0.00149967,0.00137367,0.00127801,0.00121326,0.00103819,0.000884247,0.000749929,0.000633695,0.000534056,0.0004496,0.000378975,0.000320853,0.000273909,0.000236813,0.000208229,0.000186837,0.000171358,0.00016058,0.000153385,0.000148774,0.000145875,0.000143952,0.0001424,0.000140733,0.000138567,0.000135605,0.000131609,0.000126394,0.000119809,0.000111736,0.000102092,9.0836e-05,7.79839e-05,6.36197e-05,4.79069e-05,3.10928e-05,1.35036e-05,-2.29727e-06,-1.51701e-05,-2.59898e-05,-3.43579e-05,-3.94866e-05,-4.08577e-05,-3.83877e-05,-3.24296e-05,-2.36327e-05,-1.26856e-05,0
0,-1.53706e-05,-2.93027e-05,-4.19321e-05,-5.23957e-05,-5.96307e-05,-6.27381e-05,-6.12552e-05,-5.5281e-05,-4.54348e-05,-3.26452e-05,-1.74804e-05,6.57441e-07,2.04732e-05,3.93945e-05,5.68996e-05,7.25623e-05,8.60756e-05,9.72643e-05,0.000106089,0.000112642,0.000117136,0.000119891,0.000121316,0.000121891,0.000122153,0.000122683,0.000124101,0.000127054,0.000132225,0.000140329,0.000152119,0.000168388,0.000189968,0.000217734,0.000252595,0.000295497,0.000347421,0.000409396,0.000482515,0.000567969,0.000667082,0.000781347,0.000912444,0.00106219,0.0012324,0.0013058,0.0013748,0.00144387,0.00152036,0.00161294,0.00172993,0.00187765,0.00205884,0.00227141,0.00250735,0.00275219,0.00298522,0.00318117,0.00331417,0.00336438,0.00332508,0.00320574,0.0030277,0.00281627,0.00259412,0.0023779,0.00217766,0.00199777,0.00183846,0.00169737,0.00157092,0.00145559,0.00134915,0.00125165,0.00116593,0.000993287,0.000841014,0.000707818,0.000592322,0.000493196,0.00040918,0.000339058,0.000281617,0.000235623,0.000199801,0.00017285,0.000153453,0.000140309,0.000132167,0.00012785,0.000126285,0.000126517,0.000127721,0.000129201,0.000130383,0.000130806,0.000130105,0.000127999,0.000124272,0.000118768,0.000111385,0.000102073,9.08449e-05,7.77782e-05,6.30282e-05,4.68327e-05,2.9512e-05,1.14604e-05,-4.73198e-06,-1.78678e-05,-2.87403e-05,-3.69248e-05,-4.16578e-05,-4.24874e-05,-3.94285e-05,-3.29433e-05,-2.37738e-05,-1.26589e-05,0
0,-1.48331e-05,-2.84836e-05,-4.1096e-05,-5.17939e-05,-5.94493e-05,-6.30653e-05,-6.20765e-05,-5.65e-05,-4.69111e-05,-3.42366e-05,-1.90882e-05,-9.56801e-07,1.88094e-05,3.76155e-05,5.48798e-05,7.01245e-05,8.30033e-05,9.33159e-05,0.000101014,0.000106196,0.000109097,0.00011007,0.000109568,0.000108122,0.000106325,0.000104815,0.000104263,0.000105369,0.000108859,0.000115481,0.000126011,0.000141252,0.000162031,0.0001892,0.000223626,0.000266191,0.000317792,0.00037935,0.000451825,0.000536259,0.000633815,0.000745832,0.000873857,0.00101962,0.0011849,0.00125412,0.00130627,0.0013476,0.00138862,0.00144133,0.00151667,0.00162248,0.00176192,0.00193226,0.00212434,0.00232281,0.00250767,0.00265723,0.00275224,0.00278047,0.0027402,0.00264066,0.00249894,0.00233506,0.00216737,0.00200977,0.00187065,0.00175297,0.00165492,0.00157092,0.00149298,0.00141269,0.00132374,0.00122442,0.00111932,0.000947349,0.000796092,0.000663968,0.000549463,0.000451239,0.000368097,0.000298913,0.000242565,0.000197892,0.000163669,0.00013862,0.000121426,0.000110767,0.000105346,0.000103932,0.00010538,0.000108658,0.000112856,0.000117196,0.000121026,0.000123816,0.000125147,0.000124698,0.000122238,0.000117613,0.000110743,0.000101622,9.03157e-05,7.69704e-05,6.1814e-05,4.51582e-05,2.73946e-05,8.98215e-06,-7.47191e-06,-2.07231e-05,-3.14937e-05,-3.93487e-05,-4.35667e-05,-4.37784e-05,-4.01066e-05,-3.3125e-05,-2.36621e-05,-1.24944e-05,0
0,-1.41456e-05,-2.73755e-05,-3.98549e-05,-5.0711e-05,-5.87659e-05,-6.29315e-05,-6.25358e-05,-5.75006e-05,-4.83365e-05,-3.59462e-05,-2.09653e-05,-2.95971e-06,1.66807e-05,3.53475e-05,5.24006e-05,6.73087e-05,7.96806e-05,8.9283e-05,9.60479e-05,0.000100069,0.000101589,0.000100983,9.87356e-05,9.5418e-05,9.1668e-05,8.81705e-05,8.56444e-05,8.48326e-05,8.64972e-05,9.14168e-05,0.000100386,0.000114212,0.000133714,0.000159715,0.000193037,0.000234494,0.000284888,0.00034502,0.000415709,0.000497833,0.000592386,0.000700564,0.000823842,0.000964028,0.00112317,0.00118808,0.00122805,0.00125051,0.00126812,0.00129513,0.0013442,0.00142418,0.00153861,0.00168465,0.00185272,0.00202711,0.00218799,0.00231488,0.00239091,0.00240682,0.00236312,0.00226969,0.00214283,0.0020011,0.00186142,0.00173666,0.00163437,0.00155652,0.00149967,0.00145559,0.00141269,0.00135851,0.00128323,0.0011835,0.0010651,0.000894615,0.000745606,0.000615863,0.000503569,0.00040732,0.000325982,0.000258531,0.000203948,0.000161154,0.000128982,0.000106181,9.1438e-05,8.34132e-05,8.07752e-05,8.22397e-05,8.66014e-05,9.27588e-05,9.97316e-05,0.00010667,0.000112859,0.000117713,0.000120771,0.000121689,0.000120227,0.000116245,0.000109695,0.000100616,8.9135e-05,7.54666e-05,5.99108e-05,4.28511e-05,2.47456e-05,6.11137e-06,-1.04395e-05,-2.36291e-05,-3.41229e-05,-4.14935e-05,-4.50807e-05,-4.46118e-05,-4.03256e-05,-3.29048e-05,-2.32541e-05,-1.21723e-05,0
0,-1.33018e-05,-2.59591e-05,-3.817e-05,-4.90839e-05,-5.74911e-05,-6.22241e-05,-6.25047e-05,-5.81482e-05,-4.95813e-05,-3.76589e-05,-2.30184e-05,-5.28382e-06,1.41282e-05,3.26076e-05,4.94602e-05,6.41018e-05,7.6093e-05,8.51606e-05,9.12073e-05,9.43094e-05,9.47051e-05,9.27762e-05,8.90245e-05,8.40475e-05,7.85145e-05,7.31458e-05,6.86959e-05,6.59413e-05,6.56729e-05,6.86913e-05,7.58027e-05,8.78153e-05,0.000105533,0.000129749,0.000161232,0.00020072,0.000248915,0.000306484,0.000374083,0.000452389,0.000542181,0.000644446,0.000760537,0.000892351,0.00104234,0.00110341,0.00113795,0.00115339,0.00116272,0.00118037,0.00121893,0.00128695,0.0013876,0.00151792,0.00166859,0.00182465,0.00196757,0.00207863,0.00214289,0.0021527,0.00210933,0.00202237,0.00190693,0.00178008,0.00165748,0.00155114,0.00146817,0.00141031,0.00137367,0.00134915,0.00132374,0.00128323,0.0012162,0.00111828,0.000995945,0.000829974,0.000686304,0.000561532,0.000453504,0.000360866,0.000282648,0.000218002,0.000166056,0.000125838,9.62565e-05,7.60998e-05,6.40695e-05,5.88164e-05,5.89836e-05,6.32477e-05,7.03551e-05,7.91504e-05,8.85982e-05,9.77957e-05,0.00010598,0.000112527,0.000116952,0.000118899,0.000118136,0.000114545,0.000108116,9.89406e-05,8.72084e-05,7.32008e-05,5.72873e-05,3.99178e-05,2.16096e-05,2.92874e-06,-1.35227e-05,-2.645e-05,-3.64788e-05,-4.32094e-05,-4.60605e-05,-4.48694e-05,-3.9994e-05,-3.22197e-05,-2.25126e-05,-1.16765e-05,0
0,-1.23008e-05,-2.42255e-05,-3.60156e-05,-4.68623e-05,-5.55457e-05,-6.08349e-05,-6.18509e-05,-5.82953e-05,-5.04931e-05,-3.92286e-05,-2.5117e-05,-7.82057e-06,1.12347e-05,2.94513e-05,4.60887e-05,6.05133e-05,7.22367e-05,8.0941e-05,8.64912e-05,8.89351e-05,8.84926e-05,8.55371e-05,8.05719e-05,7.42043e-05,6.71195e-05,6.00581e-05,5.37963e-05,4.9132e-05,4.6874e-05,4.78352e-05,5.2826e-05,6.26486e-05,7.80876e-05,9.98996e-05,0.000128799,0.000165446,0.000210434,0.000264287,0.000327471,0.000400428,0.000483636,0.000577744,0.000683798,0.000803671,0.000940563,0.000999928,0.00103705,0.00105849,0.00107556,0.0011005,0.00114364,0.00121159,0.00130624,0.00142431,0.00155739,0.00169274,0.00181507,0.0019092,0.00196328,0.00197132,0.00193445,0.00186036,0.00176123,0.00165098,0.00154274,0.00144697,0.00137036,0.001315,0.00127801,0.00125165,0.00122442,0.0011835,0.00111828,0.00102397,0.000906025,0.000749839,0.000616483,0.000500222,0.000398996,0.00031188,0.000238281,0.000177641,0.000129293,9.24081e-05,6.59876e-05,4.88766e-05,3.98031e-05,3.74225e-05,4.03665e-05,4.72885e-05,5.69042e-05,6.80234e-05,7.95752e-05,9.06241e-05,0.00010038,0.000108201,0.000113593,0.000116208,0.000115832,0.000112379,0.000105886,9.64992e-05,8.44691e-05,7.01425e-05,5.39523e-05,3.64067e-05,1.80725e-05,-4.47435e-07,-1.65776e-05,-2.90261e-05,-3.83975e-05,-4.434e-05,-4.63687e-05,-4.44403e-05,-3.9031e-05,-3.1018e-05,-2.141e-05,-1.09961e-05,0
0,-1.11477e-05,-2.21776e-05,-3.33822e-05,-4.4014e-05,-5.28672e-05,-5.86682e-05,-6.04472e-05,-5.77896e-05,-5.09048e-05,-4.04845e-05,-2.70976e-05,-1.04231e-05,8.12361e-06,2.59741e-05,4.2352e-05,5.65806e-05,6.81248e-05,7.66198e-05,8.1887e-05,8.39357e-05,8.29548e-05,7.92945e-05,7.3443e-05,6.59999e-05,5.76491e-05,4.91342e-05,4.12376e-05,3.47635e-05,3.05257e-05,2.93384e-05,3.20074e-05,3.93215e-05,5.20419e-05,7.08875e-05,9.65179e-05,0.000129516,0.000170369,0.000219458,0.000277054,0.000343329,0.000418391,0.000502371,0.000595642,0.000699557,0.000819341,0.000884717,0.000932017,0.000970989,0.00100978,0.00105625,0.00111656,0.00119397,0.00128824,0.00139564,0.0015093,0.00161999,0.00171742,0.00179184,0.00183571,0.00184515,0.00182053,0.00176627,0.00168975,0.00159997,0.00150606,0.00141605,0.00133587,0.00126849,0.00121326,0.00116593,0.00111932,0.0010651,0.000995945,0.000906025,0.000778159,0.000652614,0.000537015,0.000432956,0.000340911,0.000261092,0.000193528,0.000138042,9.4215e-05,6.13843e-05,3.8657e-05,2.49465e-05,1.90194e-05,1.95504e-05,2.51758e-05,3.45445e-05,4.63617e-05,5.94244e-05,7.2649e-05,8.50899e-05,9.59522e-05,0.000104597,0.000110541,0.000113457,0.000113164,0.000109616,0.000102901,9.32214e-05,8.08871e-05,6.63037e-05,4.99599e-05,3.2411e-05,1.42607e-05,-3.86441e-06,-1.94345e-05,-3.1181e-05,-3.9708e-05,-4.47314e-05,-4.58776e-05,-4.32282e-05,-3.73728e-05,-2.92637e-05,-1.99306e-05,-1.0127e-05,0
0,-9.85485e-06,-1.98315e-05,-3.02786e-05,-4.05287e-05,-4.9416e-05,-5.56482e-05,-5.81804e-05,-5.64847e-05,-5.0645e-05,-4.1241e-05,-2.87723e-05,-1.29122e-05,4.95586e-06,2.23108e-05,3.83534e-05,5.23731e-05,6.37933e-05,7.22035e-05,7.73779e-05,7.92803e-05,7.80574e-05,7.40225e-05,6.76328e-05,5.94627e-05,5.01766e-05,4.05031e-05,3.12132e-05,2.31014e-05,1.69722e-05,1.36287e-05,1.38623e-05,1.84424e-05,2.81028e-05,4.35251e-05,6.53185e-05,9.39971e-05,0.000129956,0.000173449,0.000224571,0.00028324,0.000349182,0.000421891,0.000500493,0.000583221,0.000665129,0.000727356,0.000775944,0.000817229,0.0008574,0.000902233,0.000956221,0.00102177,0.00109871,0.00118428,0.00127334,0.00135912,0.00143408,0.00149122,0.00152517,0.00153316,0.00151548,0.00147526,0.00141784,0.00134977,0.00127771,0.00120751,0.00114335,0.00108714,0.00103819,0.000993287,0.000947349,0.000894615,0.000829974,0.000749839,0.000652614,0.000551339,0.000453479,0.000362769,0.000281197,0.000209892,0.000149448,0.000100048,6.15108e-05,3.33313e-05,1.47234e-05,4.67159e-06,1.9906e-06,5.38669e-06,1.35177e-05,2.50474e-05,3.86928e-05,5.32615e-05,6.76814e-05,8.10212e-05,9.2504e-05,0.000101514,0.000107599,0.000110466,0.000109977,0.000106137,9.9084e-05,8.90759e-05,7.64776e-05,6.17454e-05,4.54122e-05,2.80679e-05,1.03387e-05,-7.14042e-06,-2.19046e-05,-3.27307e-05,-4.02425e-05,-4.42419e-05,-4.44782e-05,-4.11597e-05,-3.49779e-05,-2.69404e-05,-1.8073e-05,-9.0725e-06,0
0,-8.44099e-06,-1.72171e-05,-2.67343e-05,-3.6422e-05,-4.51807e-05,-5.1727e-05,-5.49614e-05,-5.42509e-05,-4.95492e-05,-4.13089e-05,-2.99391e-05,-1.50851e-05,1.92322e-06,1.86315e-05,3.42325e-05,4.79938e-05,5.93057e-05,6.77161e-05,7.2952e-05,7.49273e-05,7.37382e-05,6.96498e-05,6.30735e-05,5.45422e-05,4.46832e-05,3.4192e-05,2.38101e-05,1.43055e-05,6.45835e-06,1.04773e-06,-1.15907e-06,5.81128e-07,6.97273e-06,1.86628e-05,3.62184e-05,6.01004e-05,9.06346e-05,0.000127983,0.000172112,0.000222764,0.000279404,0.000341145,0.000406565,0.000473309,0.000537311,0.000592357,0.000639171,0.000680976,0.000721817,0.00076567,0.000815662,0.00087343,0.000938749,0.00100945,0.00108167,0.0011503,0.00120981,0.00125504,0.0012821,0.00128899,0.00127589,0.00124512,0.00120057,0.00114707,0.00108956,0.00103235,0.000978488,0.000929305,0.000884247,0.000841014,0.000796092,0.000745606,0.000686304,0.000616483,0.000537015,0.000453479,0.000370965,0.000293084,0.000222247,0.000160023,0.000107349,6.46551e-05,3.19377e-05,8.81624e-06,-5.40562e-06,-1.16767e-05,-1.11307e-05,-5.01921e-06,5.35274e-06,1.86837e-05,3.37244e-05,4.93172e-05,6.44259e-05,7.81574e-05,8.97752e-05,9.87073e-05,0.000104547,0.000107053,0.000106135,0.000101854,9.43995e-05,8.40806e-05,7.13087e-05,5.65806e-05,4.04598e-05,2.35565e-05,6.50321e-06,-1.00725e-05,-2.37904e-05,-3.34943e-05,-3.9847e-05,-4.2752e-05,-4.20896e-05,-3.81903e-05,-3.18325e-05,-2.40546e-05,-1.5852e-05,-7.84433e-06,0
0,-6.93164e-06,-1.43781e-05,-2.27997e-05,-3.17368e-05,-4.01823e-05,-4.68911e-05,-5.07336e-05,-5.0986e-05,-4.74726e-05,-4.05086e-05,-3.03944e-05,-1.67271e-05,-7.61465e-07,1.51344e-05,3.01612e-05,4.3579e-05,5.47558e-05,6.32053e-05,6.86106e-05,7.08348e-05,6.99193e-05,6.60715e-05,5.96459e-05,5.11193e-05,4.10655e-05,3.01298e-05,1.9007e-05,8.42206e-06,-8.84791e-07,-8.17115e-06,-1.2704e-05,-1.37723e-05,-1.07027e-05,-2.87861e-06,1.02359e-05,2.90679e-05,5.39044e-05,8.48597e-05,0.000121841,0.000164512,0.000212246,0.000264069,0.000318557,0.000373724,0.000426994,0.00047582,0.000520124,0.00056156,0.000602619,0.000645878,0.000693367,0.000746066,0.00080361,0.00086422,0.000924872,0.000981687,0.00103049,0.00106744,0.00108965,0.00109564,0.00108557,0.00106112,0.00102521,0.000981463,0.000933584,0.000884829,0.000837502,0.000792644,0.000749929,0.000707818,0.000663968,0.000615863,0.000561532,0.000500222,0.000432956,0.000362769,0.000293084,0.000226857,0.000166371,0.000113262,6.8584e-05,3.28787e-05,6.23547e-06,-1.16497e-05,-2.14102e-05,-2.39398e-05,-2.03213e-05,-1.17558e-05,5.03138e-07,1.52071e-05,3.11626e-05,4.72695e-05,6.2551e-05,7.61745e-05,8.7465e-05,9.59116e-05,0.000101169,0.000103053,0.000101535,9.67259e-05,8.88669e-05,7.8311e-05,6.55059e-05,5.09754e-05,3.52994e-05,1.90916e-05,2.97498e-06,-1.24463e-05,-2.48958e-05,-3.33045e-05,-3.83915e-05,-4.01741e-05,-3.86659e-05,-3.43109e-05,-2.79543e-05,-2.06379e-05,-1.32995e-05,-6.46258e-06,0
0,-5.3582e-06,-1.1371e-05,-1.85456e-05,-2.65442e-05,-3.44763e-05,-4.11654e-05,-4.54802e-05,-4.66248e-05,-4.43016e-05,-3.86831e-05,-2.99473e-05,-1.76253e-05,-2.87672e-06,1.20353e-05,2.63362e-05,3.92936e-05,5.02667e-05,5.87453e-05,6.43752e-05,6.69716e-05,6.65194e-05,6.31642e-05,5.71943e-05,4.90196e-05,3.91467e-05,2.81555e-05,1.66782e-05,5.38121e-06,-5.04977e-06,-1.39217e-05,-2.05455e-05,-2.42487e-05,-2.43901e-05,-2.03793e-05,-1.17004e-05,2.06004e-06,2.11813e-05,4.57758e-05,7.5756e-05,0.000110802,0.00015033,0.000193464,0.00023902,0.000285527,0.000331392,0.000375354,0.00041727,0.000458014,0.000499052,0.000541941,0.000587866,0.000637269,0.00068962,0.000743368,0.000796075,0.000844705,0.000886048,0.000917185,0.000935935,0.000941188,0.000933055,0.00091282,0.000882689,0.000845419,0.000803865,0.000760551,0.000717309,0.000675048,0.000633695,0.000592322,0.000549463,0.000503569,0.000453504,0.000398996,0.000340911,0.000281197,0.000222247,0.000166371,0.000115523,7.11904e-05,3.43802e-05,5.62815e-06,-1.49623e-05,-2.76703e-05,-3.30962e-05,-3.20929e-05,-2.56945e-05,-1.50455e-05,-1.33538e-06,1.4258e-05,3.06164e-05,4.67189e-05,6.16691e-05,7.47152e-05,8.5261e-05,9.28716e-05,9.72732e-05,9.83482e-05,9.61262e-05,9.07717e-05,8.2569e-05,7.19053e-05,5.92522e-05,4.5146e-05,3.01666e-05,1.4915e-05,-1.16723e-08,-1.40481e-05,-2.50386e-05,-3.20197e-05,-3.57807e-05,-3.64601e-05,-3.42024e-05,-2.95512e-05,-2.3394e-05,-1.67471e-05,-1.0464e-05,-4.9557e-06,0
0,-3.7569e-06,-8.26327e-06,-1.40614e-05,-2.0942e-05,-2.81529e-05,-3.46163e-05,-3.9229e-05,-4.11475e-05,-3.99646e-05,-3.57109e-05,-2.84337e-05,-1.75832e-05,-4.20683e-06,9.55468e-06,2.29679e-05,3.53239e-05,4.59878e-05,5.44377e-05,6.02921e-05,6.33245e-05,6.34663e-05,6.07998e-05,5.55433e-05,4.80315e-05,3.86939e-05,2.80327e-05,1.66043e-05,5.00237e-06,-6.15482e-06,-1.62355e-05,-2.46043e-05,-3.06332e-05,-3.37157e-05,-3.32843e-05,-2.88335e-05,-1.99465e-05,-6.32489e-06,1.21798e-05,3.5537e-05,6.35111e-05,9.56442e-05,0.000131251,0.000169442,0.00020919,0.000249488,0.000289616,0.000329436,0.000369383,0.000410248,0.00045286,0.000497772,0.000544995,0.000593839,0.000642887,0.000690094,0.000733013,0.000769114,0.000796128,0.000812372,0.000816994,0.000810084,0.000792627,0.000766332,0.000733346,0.000695919,0.000656079,0.00061536,0.000574631,0.000534056,0.000493196,0.000451239,0.00040732,0.000360866,0.00031188,0.000261092,0.000209892,0.000160023,0.000113262,7.11904e-05,3.50556e-05,5.71291e-06,-1.6391e-05,-3.12012e-05,-3.90146e-05,-4.0425e-05,-3.62575e-05,-2.74997e-05,-1.52338e-05,-5.73991e-07,1.53881e-05,3.16276e-05,4.72209e-05,6.13704e-05,7.34211e-05,8.28698e-05,8.9368e-05,9.27202e-05,9.28773e-05,8.99271e-05,8.40804e-05,7.56563e-05,6.50641e-05,5.27847e-05,3.93511e-05,2.53268e-05,1.12839e-05,-2.22175e-06,-1.46771e-05,-2.40621e-05,-2.95339e-05,-3.19617e-05,-3.16077e-05,-2.87394e-05,-2.39812e-05,-1.82358e-05,-1.24641e-05,-7.41009e-06,-3.35964e-06,0
0,-2.16743e-06,-5.13089e-06,-9.45165e-06,-1.50518e-05,-2.13351e-05,-2.73506e-05,-3.20553e-05,-3.45847e-05,-3.444e-05,-3.15173e-05,-2.57295e-05,-1.64357e-05,-4.5571e-06,7.90315e-06,2.02675e-05,3.18665e-05,4.20862e-05,5.04074e-05,5.6433e-05,5.99044e-05,6.07059e-05,5.88597e-05,5.45136e-05,4.7924e-05,3.94366e-05,2.94678e-05,1.84876e-05,7.00595e-06,-4.43786e-06,-1.52839e-05,-2.49595e-05,-3.28881e-05,-3.85008e-05,-4.12524e-05,-4.06418e-05,-3.62368e-05,-2.77013e-05,-1.48244e-05,2.45405e-06,2.40229e-05,4.95897e-05,7.86875e-05,0.000110706,0.000144961,0.000180803,0.000217772,0.000255715,0.000294786,0.000335316,0.000377617,0.000421771,0.000467458,0.000513849,0.000559596,0.000602921,0.000641789,0.000674148,0.000698188,0.000712581,0.000716659,0.000710491,0.000694856,0.000671106,0.000640956,0.000606232,0.000568625,0.000529482,0.000489682,0.0004496,0.00040918,0.000368097,0.000325982,0.000282648,0.000238281,0.000193528,0.000149448,0.000107349,6.8584e-05,3.43802e-05,5.71291e-06,-1.67628e-05,-3.27399e-05,-4.22532e-05,-4.56477e-05,-4.35291e-05,-3.67035e-05,-2.61127e-05,-1.27705e-05,2.29518e-06,1.80923e-05,3.37044e-05,4.83205e-05,6.12558e-05,7.19646e-05,8.00455e-05,8.52425e-05,8.74402e-05,8.66566e-05,8.30319e-05,7.68146e-05,6.83465e-05,5.80449e-05,4.6385e-05,3.38799e-05,2.10609e-05,8.45604e-06,-3.43371e-06,-1.41588e-05,-2.18467e-05,-2.57858e-05,-2.69306e-05,-2.5664e-05,-2.23633e-05,-1.77105e-05,-1.2595e-05,-7.89265e-06,-4.21589e-06,-1.71661e-06,0
0,-6.31343e-07,-2.05524e-06,-4.83231e-06,-9.01413e-06,-1.4174e-05,-1.95134e-05,-2.40803e-05,-2.70191e-05,-2.7762e-05,-2.60825e-05,-2.17617e-05,-1.40624e-05,-3.76861e-06,7.26582e-06,1.84325e-05,2.91154e-05,3.87371e-05,4.67955e-05,5.28919e-05,5.67475e-05,5.82088e-05,5.7245e-05,5.39373e-05,4.84646e-05,4.10873e-05,3.2131e-05,2.1973e-05,1.10314e-05,-2.42402e-07,-1.13695e-05,-2.18482e-05,-3.11603e-05,-3.87795e-05,-4.41849e-05,-4.68783e-05,-4.64065e-05,-4.23866e-05,-3.45314e-05,-2.26739e-05,-6.78471e-06,1.30199e-05,3.64854e-05,6.32457e-05,9.28736e-05,0.000124953,0.00015916,0.000195316,0.000233375,0.000273349,0.00031518,0.000358606,0.000403057,0.000447587,0.000490887,0.000531359,0.000567256,0.000596865,0.000618701,0.000631688,0.000635288,0.000629557,0.000615124,0.000593085,0.000564851,0.00053195,0.000495842,0.000457764,0.000418624,0.000378975,0.000339058,0.000298913,0.000258531,0.000218002,0.000177641,0.000138042,0.000100048,6.46551e-05,3.28787e-05,5.62815e-06,-1.6391e-05,-3.27399e-05,-4.32736e-05,-4.81378e-05,-4.77414e-05,-4.27118e-05,-3.38391e-05,-2.20165e-05,-8.18279e-06,6.73042e-06,2.18423e-05,3.63567e-05,4.95869e-05,6.09705e-05,7.00781e-05,7.66145e-05,8.04168e-05,8.14475e-05,7.97854e-05,7.56138e-05,6.92073e-05,6.09163e-05,5.11513e-05,4.03654e-05,2.90367e-05,1.76494e-05,6.67402e-06,-3.45416e-06,-1.23577e-05,-1.83195e-05,-2.07655e-05,-2.07361e-05,-1.87259e-05,-1.52042e-05,-1.08849e-05,-6.61381e-06,-3.15476e-06,-9.7008e-07,-7.34202e-08,0
0,8.09707e-07,8.80397e-07,-3.25438e-07,-2.98286e-06,-6.84332e-06,-1.12822e-05,-1.5468e-05,-1.85846e-05,-2.00213e-05,-1.94464e-05,-1.65166e-05,-1.03979e-05,-1.73109e-06,7.78825e-06,1.7631e-05,2.72476e-05,3.61103e-05,4.37493e-05,4.97785e-05,5.39123e-05,5.59719e-05,5.58832e-05,5.36688e-05,4.94353e-05,4.33601e-05,3.56778e-05,2.66704e-05,1.66598e-05,6.00325e-06,-4.9083e-06,-1.56517e-05,-2.57741e-05,-3.47982e-05,-4.22322e-05,-4.75839e-05,-5.03806e-05,-5.01914e-05,-4.66515e-05,-3.94851e-05,-2.85235e-05,-1.37143e-05,4.8795e-06,2.70967e-05,5.27081e-05,8.14574e-05,0.000113102,0.000147436,0.000184273,0.000223398,0.000264491,0.000307045,0.000350303,0.000393232,0.000434546,0.000472771,0.000506364,0.000533851,0.000553981,0.000565857,0.000569033,0.000563554,0.000549939,0.000529105,0.000502241,0.000470668,0.000435689,0.000398471,0.000359961,0.000320853,0.000281617,0.000242565,0.000203948,0.000166056,0.000129293,9.4215e-05,6.15108e-05,3.19377e-05,6.23547e-06,-1.49623e-05,-3.12012e-05,-4.22532e-05,-4.81378e-05,-4.91159e-05,-4.56636e-05,-3.84301e-05,-2.81867e-05,-1.57725e-05,-2.04323e-06,1.2175e-05,2.61219e-05,3.91306e-05,5.06454e-05,6.02312e-05,6.75769e-05,7.24928e-05,7.49048e-05,7.48459e-05,7.24458e-05,6.7919e-05,6.15516e-05,5.36879e-05,4.47156e-05,3.50508e-05,2.51221e-05,1.53539e-05,6.1487e-06,-2.13198e-06,-9.18806e-06,-1.34618e-05,-1.45188e-05,-1.34796e-05,-1.09377e-05,-7.43203e-06,-3.68045e-06,-4.55799e-07,1.61452e-06,2.23192e-06,1.52056e-06,0
0,2.11574e-06,3.59446e-06,3.94601e-06,2.88183e-06,4.68831e-07,-2.8592e-06,-6.41781e-06,-9.46102e-06,-1.13633e-05,-1.1709e-05,-1.00434e-05,-5.43945e-06,1.6074e-06,9.56449e-06,1.79895e-05,2.6409e-05,3.43575e-05,4.14104e-05,4.72086e-05,5.1474e-05,5.40162e-05,5.47308e-05,5.35923e-05,5.06441e-05,4.59869e-05,3.97687e-05,3.21778e-05,2.34386e-05,1.38115e-05,3.59487e-06,-6.8728e-06,-1.72109e-05,-2.69984e-05,-3.578e-05,-4.30769e-05,-4.84037e-05,-5.12887e-05,-5.12971e-05,-4.80535e-05,-4.12624e-05,-3.07215e-05,-1.6328e-05,1.92563e-06,2.39648e-05,4.96514e-05,7.88002e-05,0.000111185,0.000146523,0.000184445,0.00022445,0.000265858,0.000307783,0.000349135,0.000388641,0.000424921,0.000456578,0.000482313,0.00050104,0.000511991,0.000514784,0.000509456,0.000496447,0.00047654,0.000450767,0.000420299,0.000386331,0.000349986,0.000312243,0.000273909,0.000235623,0.000197892,0.000161154,0.000125838,9.24081e-05,6.13843e-05,3.33313e-05,8.81624e-06,-1.16497e-05,-2.76703e-05,-3.90146e-05,-4.56477e-05,-4.77414e-05,-4.56636e-05,-3.995e-05,-3.12643e-05,-2.0351e-05,-7.98644e-06,5.06556e-06,1.80922e-05,3.04607e-05,4.16384e-05,5.12031e-05,5.88473e-05,6.43748e-05,6.76953e-05,6.88149e-05,6.78257e-05,6.48951e-05,6.02537e-05,5.41843e-05,4.70092e-05,3.90784e-05,3.07572e-05,2.24124e-05,1.43988e-05,7.04348e-06,6.29302e-07,-4.62273e-06,-7.31419e-06,-7.14723e-06,-5.31309e-06,-2.4859e-06,7.50737e-07,3.7041e-06,5.70171e-06,6.27314e-06,5.29217e-06,3.01556e-06,0
0,3.2501e-06,6.01059e-06,7.86363e-06,8.42049e-06,7.56815e-06,5.53788e-06,2.84414e-06,1.33903e-07,-1.98151e-06,-3.02718e-06,-2.45335e-06,7.51528e-07,6.23511e-06,1.2629e-05,1.95817e-05,2.67029e-05,3.35988e-05,3.99017e-05,4.52926e-05,4.95151e-05,5.23815e-05,5.37711e-05,5.36241e-05,5.19323e-05,4.87302e-05,4.40869e-05,3.81022e-05,3.09064e-05,2.26632e-05,1.35761e-05,3.89505e-06,-6.07791e-06,-1.59858e-05,-2.54188e-05,-3.3922e-05,-4.10089e-05,-4.61798e-05,-4.89444e-05,-4.88447e-05,-4.54781e-05,-3.85165e-05,-2.77193e-05,-1.29414e-05,5.86585e-06,2.86571e-05,5.52947e-05,8.55454e-05,0.000119068,0.000155394,0.000193903,0.000233805,0.000274134,0.000313765,0.000351446,0.000385869,0.000415749,0.000439913,0.0004574,0.000467532,0.000469975,0.000464757,0.000452258,0.000433162,0.000408386,0.00037899,0.000346091,0.000310779,0.000274058,0.000236813,0.000199801,0.000163669,0.000128982,9.62565e-05,6.59876e-05,3.8657e-05,1.47234e-05,-5.40562e-06,-2.14102e-05,-3.30962e-05,-4.0425e-05,-4.35291e-05,-4.27118e-05,-3.84301e-05,-3.12643e-05,-2.18793e-05,-1.09803e-05,7.29244e-07,1.25861e-05,2.39974e-05,3.44618e-05,4.35819e-05,5.10675e-05,5.67329e-05,6.04895e-05,6.23355e-05,6.2344e-05,6.06519e-05,5.74485e-05,5.29647e-05,4.74636e-05,4.12308e-05,3.45653e-05,2.77697e-05,2.114e-05,1.49545e-05,9.46073e-06,4.86195e-06,1.30153e-06,2.24748e-08,1.19349e-06,3.56656e-06,6.40849e-06,9.11801e-06,1.10561e-05,1.16755e-05,1.06786e-05,8.11465e-06,4.36368e-06,0
0,4.18093e-06,8.06085e-06,1.13186e-05,1.34815e-05,1.4263e-05,1.36858e-05,1.2076e-05,9.95523e-06,7.89174e-06,6.39362e-06,6.08559e-06,8.05144e-06,1.20761e-05,1.69531e-05,2.24224e-05,2.81809e-05,3.39129e-05,3.93167e-05,4.41247e-05,4.81152e-05,5.11174e-05,5.30092e-05,5.37111e-05,5.31779e-05,5.13903e-05,4.83501e-05,4.40778e-05,3.86155e-05,3.20342e-05,2.44434e-05,1.60022e-05,6.92936e-06,-2.48966e-06,-1.19006e-05,-2.08846e-05,-2.89685e-05,-3.56416e-05,-4.0377e-05,-4.26557e-05,-4.19924e-05,-3.79586e-05,-3.02044e-05,-1.84745e-05,-2.62094e-06,1.7388e-05,4.14595e-05,6.93682e-05,0.000100746,0.000135068,0.000171651,0.000209642,0.000248035,0.000285695,0.000321401,0.00035391,0.000382024,0.000404671,0.00042098,0.000430344,0.00043246,0.000427348,0.000415343,0.000397053,0.000373306,0.000345078,0.000313422,0.000279399,0.000244023,0.000208229,0.00017285,0.00013862,0.000106181,7.60998e-05,4.88766e-05,2.49465e-05,4.67159e-06,-1.16767e-05,-2.39398e-05,-3.20929e-05,-3.62575e-05,-3.67035e-05,-3.38391e-05,-2.81867e-05,-2.0351e-05,-1.09803e-05,-7.26728e-07,9.79081e-06,2.00174e-05,2.94844e-05,3.7823e-05,4.47678e-05,5.01542e-05,5.3909e-05,5.60385e-05,5.66147e-05,5.5762e-05,5.36448e-05,5.0457e-05,4.64137e-05,4.1743e-05,3.66805e-05,3.14627e-05,2.6321e-05,2.14748e-05,1.71224e-05,1.34317e-05,1.05282e-05,8.4825e-06,8.3894e-06,1.02997e-05,1.29259e-05,1.54998e-05,1.74301e-05,1.81588e-05,1.72848e-05,1.4694e-05,1.06095e-05,5.52097e-06,0
0,4.88236e-06,9.68834e-06,1.42162e-05,1.79273e-05,2.0373e-05,2.13662e-05,2.10316e-05,1.97429e-05,1.79976e-05,1.63101e-05,1.5358e-05,1.62818e-05,1.89946e-05,2.24463e-05,2.64662e-05,3.08387e-05,3.53298e-05,3.97103e-05,4.37725e-05,4.73409e-05,5.02744e-05,5.24642e-05,5.38263e-05,5.42936e-05,5.38088e-05,5.23195e-05,4.97788e-05,4.61508e-05,4.14204e-05,3.56065e-05,2.8778e-05,2.10672e-05,1.26817e-05,3.91049e-06,-4.87643e-06,-1.32354e-05,-2.06633e-05,-2.66182e-05,-3.05441e-05,-3.18985e-05,-3.01801e-05,-2.49556e-05,-1.58843e-05,-2.73816e-06,1.45802e-05,3.60237e-05,6.13886e-05,9.03057e-05,0.000122235,0.000156467,0.000192129,0.000228211,0.000263594,0.000297098,0.000327543,0.000353807,0.000374902,0.000390029,0.000398634,0.000400438,0.000395455,0.00038398,0.000366562,0.000343957,0.000317071,0.000286901,0.000254475,0.000220803,0.000186837,0.000153453,0.000121426,9.1438e-05,6.40695e-05,3.98031e-05,1.90194e-05,1.9906e-06,-1.11307e-05,-2.03213e-05,-2.56945e-05,-2.74997e-05,-2.61127e-05,-2.20165e-05,-1.57725e-05,-7.98644e-06,7.29244e-07,9.79081e-06,1.86744e-05,2.69398e-05,3.42442e-05,4.03483e-05,4.51121e-05,4.84859e-05,5.04953e-05,5.12253e-05,5.08044e-05,4.93894e-05,4.71542e-05,4.42803e-05,4.09505e-05,3.73451e-05,3.36381e-05,2.99958e-05,2.6573e-05,2.35098e-05,2.09255e-05,1.89108e-05,1.75191e-05,1.6755e-05,1.75756e-05,1.99279e-05,2.25049e-05,2.45283e-05,2.54445e-05,2.48006e-05,2.23591e-05,1.81946e-05,1.26971e-05,6.44932e-06,0
0,5.33535e-06,1.08492e-05,1.64792e-05,2.16403e-05,2.57361e-05,2.8375e-05,2.94722e-05,2.92346e-05,2.80641e-05,2.64548e-05,2.51134e-05,2.52203e-05,2.68041e-05,2.89631e-05,3.16107e-05,3.46165e-05,3.78287e-05,4.10937e-05,4.42702e-05,4.72372e-05,4.98949e-05,5.21608e-05,5.39613e-05,5.52235e-05,5.58675e-05,5.58026e-05,5.4929e-05,5.31444e-05,5.03574e-05,4.65033e-05,4.15633e-05,3.55828e-05,2.86867e-05,2.10902e-05,1.31021e-05,5.12084e-06,-2.37738e-06,-8.85775e-06,-1.37515e-05,-1.64848e-05,-1.65098e-05,-1.33353e-05,-6.55697e-06,4.11629e-06,1.8839e-05,3.76106e-05,6.02608e-05,8.64423e-05,0.000115628,0.000147118,0.000180057,0.000213456,0.000246237,0.000277275,0.000305455,0.000329731,0.000349186,0.000363084,0.000370913,0.000372416,0.000367597,0.00035672,0.000340282,0.000318977,0.00029365,0.000265241,0.000234737,0.000203127,0.000171358,0.000140309,0.000110767,8.34132e-05,5.88164e-05,3.74225e-05,1.95504e-05,5.38669e-06,-5.01921e-06,-1.17558e-05,-1.50455e-05,-1.52338e-05,-1.27705e-05,-8.18279e-06,-2.04323e-06,5.06556e-06,1.25861e-05,2.00174e-05,2.69398e-05,3.3031e-05,3.80731e-05,4.19495e-05,4.4635e-05,4.61804e-05,4.66929e-05,4.63178e-05,4.52197e-05,4.35691e-05,4.15307e-05,3.92571e-05,3.68852e-05,3.45358e-05,3.23139e-05,3.03106e-05,2.86028e-05,2.72524e-05,2.63033e-05,2.57755e-05,2.56574e-05,2.58973e-05,2.73269e-05,2.98057e-05,3.20283e-05,3.32319e-05,3.2926e-05,3.07845e-05,2.67453e-05,2.10722e-05,1.43106e-05,7.11796e-06,0
0,5.52823e-06,1.15142e-05,1.80505e-05,2.45261e-05,3.02154e-05,3.45309e-05,3.71763e-05,3.81777e-05,3.78194e-05,3.65498e-05,3.50812e-05,3.46142e-05,3.52795e-05,3.63125e-05,3.7704e-05,3.94038e-05,4.13396e-05,4.34338e-05,4.56147e-05,4.78221e-05,5.00061e-05,5.21219e-05,5.41201e-05,5.59368e-05,5.74858e-05,5.86545e-05,5.93055e-05,5.92851e-05,5.8437e-05,5.66222e-05,5.37398e-05,4.975e-05,4.46929e-05,3.87033e-05,3.20182e-05,2.4976e-05,1.80081e-05,1.1621e-05,6.37265e-06,2.84343e-06,1.60307e-06,3.17697e-06,8.01289e-06,1.64499e-05,2.86916e-05,4.47837e-05,6.45991e-05,8.7829e-05,0.000113983,0.000142401,0.000172267,0.000202646,0.000232517,0.000260824,0.000286526,0.000308652,0.000326354,0.000338953,0.000345976,0.000347181,0.000342567,0.000332369,0.000317039,0.000297212,0.000273671,0.000247299,0.000219033,0.00018982,0.00016058,0.000132167,0.000105346,8.07752e-05,5.89836e-05,4.03665e-05,2.51758e-05,1.35177e-05,5.35274e-06,5.03138e-07,-1.33538e-06,-5.73991e-07,2.29518e-06,6.73042e-06,1.2175e-05,1.80922e-05,2.39974e-05,2.94844e-05,3.42442e-05,3.80731e-05,4.08723e-05,4.26385e-05,4.34469e-05,4.34312e-05,4.27609e-05,4.16206e-05,4.01912e-05,3.86369e-05,3.70962e-05,3.56782e-05,3.44626e-05,3.35029e-05,3.28309e-05,3.24612e-05,3.23949e-05,3.26205e-05,3.31131e-05,3.38303e-05,3.47057e-05,3.56415e-05,3.73575e-05,3.96438e-05,4.12178e-05,4.13568e-05,3.96567e-05,3.59354e-05,3.03134e-05,2.32394e-05,1.53994e-05,7.50458e-06,0
0,5.4569e-06,1.16686e-05,1.88945e-05,2.65173e-05,3.37027e-05,3.96818e-05,4.3949e-05,4.63407e-05,4.70049e-05,4.63215e-05,4.49847e-05,4.41957e-05,4.41712e-05,4.4272e-05,4.45568e-05,4.50485e-05,4.57497e-05,4.66563e-05,4.77667e-05,4.90843e-05,5.06159e-05,5.2363e-05,5.4312e-05,5.64219e-05,5.86157e-05,6.0775e-05,6.27413e-05,6.43245e-05,6.5318e-05,6.5519e-05,6.47534e-05,6.29003e-05,5.99154e-05,5.58492e-05,5.08587e-05,4.52102e-05,3.92741e-05,3.35095e-05,2.84426e-05,2.46371e-05,2.26617e-05,2.30549e-05,2.62888e-05,3.27365e-05,4.2642e-05,5.60965e-05,7.30211e-05,9.31585e-05,0.000116074,0.000141164,0.000167681,0.00019476,0.000221457,0.000246798,0.000269823,0.000289642,0.000305476,0.0003167,0.000322881,0.000323792,0.000319425,0.00030999,0.000295893,0.000277716,0.000256176,0.000232094,0.000206345,0.00017982,0.000153385,0.00012785,0.000103932,8.22397e-05,6.32477e-05,4.72885e-05,3.45445e-05,2.50474e-05,1.86837e-05,1.52071e-05,1.4258e-05,1.53881e-05,1.80923e-05,2.18423e-05,2.61219e-05,3.04607e-05,3.44618e-05,3.7823e-05,4.03483e-05,4.19495e-05,4.26385e-05,4.25114e-05,4.1727e-05,4.04821e-05,3.89874e-05,3.74455e-05,3.60335e-05,3.48914e-05,3.41163e-05,3.3762e-05,3.38428e-05,3.43411e-05,3.52144e-05,3.6404e-05,3.78402e-05,3.94458e-05,4.11365e-05,4.28174e-05,4.43781e-05,4.5686e-05,4.73632e-05,4.91486e-05,4.98035e-05,4.86677e-05,4.54436e-05,4.01061e-05,3.2961e-05,2.46325e-05,1.59294e-05,7.59594e-06,0
0,5.12475e-06,1.13132e-05,1.89976e-05,2.7574e-05,3.6122e-05,4.37091e-05,4.9628e-05,5.3521e-05,5.53858e-05,5.55126e-05,5.45554e-05,5.3696e-05,5.32202e-05,5.2601e-05,5.19546e-05,5.13683e-05,5.09127e-05,5.06526e-05,5.0654e-05,5.0985e-05,5.17118e-05,5.28892e-05,5.45481e-05,5.66825e-05,5.92383e-05,6.21067e-05,6.51242e-05,6.80807e-05,7.07336e-05,7.28303e-05,7.41332e-05,7.44477e-05,7.36482e-05,7.17001e-05,6.86753e-05,6.47589e-05,6.02473e-05,5.55362e-05,5.11011e-05,4.74694e-05,4.51885e-05,4.479e-05,4.67536e-05,5.14728e-05,5.92232e-05,7.01378e-05,8.41889e-05,0.000101178,0.000120738,0.000142341,0.00016532,0.000188898,0.000212223,0.000234415,0.000254605,0.000271986,0.000285852,0.000295637,0.000300943,0.000301562,0.000297482,0.000288885,0.000276135,0.000259756,0.000240401,0.000218818,0.00019581,0.000172196,0.000148774,0.000126285,0.00010538,8.66014e-05,7.03551e-05,5.69042e-05,4.63617e-05,3.86928e-05,3.37244e-05,3.11626e-05,3.06164e-05,3.16276e-05,3.37044e-05,3.63567e-05,3.91306e-05,4.16384e-05,4.35819e-05,4.47678e-05,4.51121e-05,4.4635e-05,4.34469e-05,4.1727e-05,3.96979e-05,3.75989e-05,3.566e-05,3.40814e-05,3.30177e-05,3.25688e-05,3.27782e-05,3.36361e-05,3.50876e-05,3.70429e-05,3.9389e-05,4.19993e-05,4.47418e-05,4.74837e-05,5.00915e-05,5.24297e-05,5.43548e-05,5.57105e-05,5.70354e-05,5.80354e-05,5.75349e-05,5.49565e-05,5.01256e-05,4.31823e-05,3.46157e-05,2.52128e-05,1.58849e-05,7.38816e-06,0
0,4.54231e-06,1.04629e-05,1.83674e-05,2.7684e-05,3.74302e-05,4.65304e-05,5.40881e-05,5.95521e-05,6.27591e-05,6.38922e-05,6.35442e-05,6.28581e-05,6.21714e-05,6.10551e-05,5.96718e-05,5.81634e-05,5.666e-05,5.5289e-05,5.41795e-05,5.34621e-05,5.32635e-05,5.36952e-05,5.48393e-05,5.6734e-05,5.93599e-05,6.26317e-05,6.63964e-05,7.0439e-05,7.44972e-05,7.82822e-05,8.15056e-05,8.39086e-05,8.52903e-05,8.55334e-05,8.4623e-05,8.26572e-05,7.98492e-05,7.65189e-05,7.30758e-05,6.99942e-05,6.77824e-05,6.69484e-05,6.79637e-05,7.1229e-05,7.70425e-05,8.55737e-05,9.6845e-05,0.000110721,0.000126909,0.000144966,0.000164318,0.000184288,0.000204128,0.000223059,0.000240312,0.000255169,0.000267,0.000275301,0.000279713,0.000280046,0.000276283,0.000268583,0.000257267,0.0002428,0.000225764,0.00020683,0.000186717,0.000166161,0.000145875,0.000126517,0.000108658,9.27588e-05,7.91504e-05,6.80234e-05,5.94244e-05,5.32615e-05,4.93172e-05,4.72695e-05,4.67189e-05,4.72209e-05,4.83205e-05,4.95869e-05,5.06454e-05,5.12031e-05,5.10675e-05,5.01542e-05,4.84859e-05,4.61804e-05,4.34312e-05,4.04821e-05,3.75989e-05,3.50413e-05,3.30384e-05,3.17686e-05,3.13476e-05,3.18229e-05,3.31756e-05,3.5328e-05,3.81553e-05,4.14995e-05,4.51828e-05,4.902e-05,5.28272e-05,5.64268e-05,5.96487e-05,6.23277e-05,6.42986e-05,6.53913e-05,6.6075e-05,6.60394e-05,6.419e-05,6.00492e-05,5.35776e-05,4.50848e-05,3.52365e-05,2.49667e-05,1.52674e-05,6.88646e-06,0
0,3.72678e-06,9.146e-06,1.7032e-05,2.68621e-05,3.76163e-05,4.80997e-05,5.72429e-05,6.43059e-05,6.89588e-05,7.12627e-05,7.17305e-05,7.14473e-05,7.0785e-05,6.93978e-05,6.74837e-05,6.52284e-05,6.28123e-05,6.04172e-05,5.82292e-05,5.64376e-05,5.52276e-05,5.47684e-05,5.51975e-05,5.66034e-05,5.90111e-05,6.23705e-05,6.65526e-05,7.13528e-05,7.6504e-05,8.16966e-05,8.66048e-05,9.09169e-05,9.4366e-05,9.67572e-05,9.79905e-05,9.80756e-05,9.71369e-05,9.54096e-05,9.32261e-05,9.09941e-05,8.91686e-05,8.8219e-05,8.8595e-05,9.06922e-05,9.48212e-05,0.000101182,0.000109842,0.000120731,0.000133631,0.00014819,0.000163933,0.000180291,0.000196625,0.000212268,0.000226553,0.000238857,0.000248631,0.000255433,0.000258948,0.000259004,0.000255583,0.00024882,0.000238991,0.000226502,0.000211861,0.000195653,0.000178509,0.000161069,0.000143952,0.000127721,0.000112856,9.97316e-05,8.85982e-05,7.95752e-05,7.2649e-05,6.76814e-05,6.44259e-05,6.2551e-05,6.16691e-05,6.13704e-05,6.12558e-05,6.09705e-05,6.02312e-05,5.88473e-05,5.67329e-05,5.3909e-05,5.04953e-05,4.66929e-05,4.27609e-05,3.89874e-05,3.566e-05,3.30384e-05,3.13309e-05,3.0678e-05,3.11435e-05,3.27132e-05,3.53015e-05,3.87622e-05,4.29042e-05,4.75076e-05,5.23394e-05,5.71663e-05,6.17646e-05,6.59241e-05,6.94496e-05,7.21576e-05,7.38713e-05,7.44162e-05,7.42046e-05,7.2926e-05,6.95825e-05,6.38101e-05,5.57132e-05,4.57704e-05,3.48137e-05,2.39054e-05,1.40956e-05,6.10474e-06,0
0,2.70136e-06,7.40304e-06,1.5038e-05,2.5148e-05,3.67002e-05,4.84067e-05,5.90444e-05,6.76944e-05,7.3858e-05,7.74634e-05,7.89265e-05,7.92571e-05,7.88439e-05,7.74097e-05,7.51764e-05,7.23628e-05,6.91895e-05,6.58838e-05,6.26815e-05,5.98246e-05,5.75534e-05,5.60931e-05,5.56375e-05,5.63299e-05,5.8246e-05,6.13804e-05,6.56396e-05,7.0843e-05,7.67334e-05,8.29949e-05,8.92791e-05,9.52347e-05,0.000100539,0.000104929,0.000108224,0.000110348,0.000111334,0.000111329,0.000110581,0.00010942,0.000108238,0.000107453,0.000107481,0.000108701,0.000111426,0.000115878,0.000122167,0.000130278,0.000140071,0.000151284,0.000163544,0.00017639,0.000189299,0.000201715,0.00021308,0.000222869,0.000230615,0.000235942,0.000238577,0.000238373,0.000235309,0.000229498,0.000221172,0.000210674,0.000198436,0.000184956,0.000170767,0.00015641,0.0001424,0.000129201,0.000117196,0.00010667,9.77957e-05,9.06241e-05,8.50899e-05,8.10212e-05,7.81574e-05,7.61745e-05,7.47152e-05,7.34211e-05,7.19646e-05,7.00781e-05,6.75769e-05,6.43748e-05,6.04895e-05,5.60385e-05,5.12253e-05,4.63178e-05,4.16206e-05,3.74455e-05,3.40814e-05,3.17686e-05,3.0678e-05,3.08988e-05,3.24334e-05,3.52014e-05,3.90497e-05,4.3767e-05,4.91027e-05,5.47842e-05,6.05346e-05,6.60849e-05,7.11836e-05,7.56004e-05,7.91261e-05,8.1569e-05,8.275e-05,8.24978e-05,8.11794e-05,7.84986e-05,7.35672e-05,6.61453e-05,5.64856e-05,4.52314e-05,3.33675e-05,2.20631e-05,1.24039e-05,5.06482e-06,0
0,1.49452e-06,5.2851e-06,1.24483e-05,2.26038e-05,3.47303e-05,4.7474e-05,5.94815e-05,6.96682e-05,7.73691e-05,8.23711e-05,8.49797e-05,8.61125e-05,8.6158e-05,8.48932e-05,8.25527e-05,7.93776e-05,7.56184e-05,7.15384e-05,6.74147e-05,6.3535e-05,6.0189e-05,5.76548e-05,5.6181e-05,5.59669e-05,5.71431e-05,5.97554e-05,6.37552e-05,6.89975e-05,7.5248e-05,8.21993e-05,8.94949e-05,9.67578e-05,0.000103623,0.000109769,0.000114945,0.000118992,0.000121857,0.000123595,0.000124367,0.000124423,0.000124078,0.000123694,0.000123642,0.000124273,0.000125895,0.000128741,0.000132954,0.000138574,0.000145529,0.000153644,0.000162647,0.000172184,0.000181846,0.000191189,0.000199763,0.000207142,0.000212944,0.000216857,0.000218656,0.000218215,0.000215516,0.000210646,0.000203797,0.000195248,0.000185355,0.000174523,0.000163189,0.000151788,0.000140733,0.000130383,0.000121026,0.000112859,0.00010598,0.00010038,9.59522e-05,9.2504e-05,8.97752e-05,8.7465e-05,8.5261e-05,8.28698e-05,8.00455e-05,7.66145e-05,7.24928e-05,6.76953e-05,6.23355e-05,5.66147e-05,5.08044e-05,4.52197e-05,4.01912e-05,3.60335e-05,3.30177e-05,3.13476e-05,3.11435e-05,3.24334e-05,3.51536e-05,3.91565e-05,4.42243e-05,5.00879e-05,5.64462e-05,6.29857e-05,6.93977e-05,7.53901e-05,8.06963e-05,8.50768e-05,8.83188e-05,9.02314e-05,9.06404e-05,8.93844e-05,8.67952e-05,8.2604e-05,7.60427e-05,6.70032e-05,5.58872e-05,4.34945e-05,3.09459e-05,1.94952e-05,1.02404e-05,3.79555e-06,0
0,1.39184e-07,2.85225e-06,9.34013e-06,1.93117e-05,3.17803e-05,4.53548e-05,5.8577e-05,7.02142e-05,7.94408e-05,8.5899e-05,8.97716e-05,9.18696e-05,9.25648e-05,9.16745e-05,8.94352e-05,8.60993e-05,8.19371e-05,7.72382e-05,7.2312e-05,6.74838e-05,6.3086e-05,5.94442e-05,5.68586e-05,5.55833e-05,5.58049e-05,5.76248e-05,6.10459e-05,6.59681e-05,7.21917e-05,7.9431e-05,8.73355e-05,9.55175e-05,0.000103584,0.000111167,0.000117957,0.000123722,0.000128326,0.000131738,0.000134032,0.000135371,0.000135997,0.000136202,0.000136306,0.000136626,0.000137452,0.000139022,0.000141502,0.000144975,0.000149435,0.000154785,0.000160845,0.000167367,0.000174049,0.000180558,0.000186549,0.000191691,0.000195686,0.000198287,0.000199316,0.000198671,0.000196334,0.000192372,0.000186933,0.000180237,0.000172561,0.000164223,0.00015556,0.000146906,0.000138567,0.000130806,0.000123816,0.000117713,0.000112527,0.000108201,0.000104597,0.000101514,9.87073e-05,9.59116e-05,9.28716e-05,8.9368e-05,8.52425e-05,8.04168e-05,7.49048e-05,6.88149e-05,6.2344e-05,5.5762e-05,4.93894e-05,4.35691e-05,3.86369e-05,3.48914e-05,3.25688e-05,3.18229e-05,3.27132e-05,3.52014e-05,3.91565e-05,4.43663e-05,5.05556e-05,5.74062e-05,6.45783e-05,7.173e-05,7.85334e-05,8.46862e-05,8.99174e-05,9.3989e-05,9.66931e-05,9.78469e-05,9.72874e-05,9.48675e-05,9.08936e-05,8.51349e-05,7.69525e-05,6.63741e-05,5.39474e-05,4.06178e-05,2.76224e-05,1.62758e-05,7.66596e-06,2.3318e-06,0
0,-1.32819e-06,1.71761e-07,5.80256e-06,1.53706e-05,2.79461e-05,4.21292e-05,5.63845e-05,6.93519e-05,8.00558e-05,8.79926e-05,9.32145e-05,9.64129e-05,9.79273e-05,9.76019e-05,9.56647e-05,9.23695e-05,8.79957e-05,8.28495e-05,7.72633e-05,7.15913e-05,6.62009e-05,6.14584e-05,5.77105e-05,5.52626e-05,5.43566e-05,5.51506e-05,5.77033e-05,6.19664e-05,6.77844e-05,7.4905e-05,8.29973e-05,9.16772e-05,0.000100538,0.000109182,0.00011725,0.00012445,0.000130574,0.00013551,0.000139248,0.000141867,0.000143531,0.000144462,0.000144923,0.000145187,0.000145521,0.000146155,0.000147272,0.000148988,0.00015135,0.000154331,0.000157837,0.000161713,0.00016576,0.000169746,0.000173428,0.000176565,0.000178939,0.000180367,0.000180714,0.000179904,0.000177918,0.000174807,0.000170676,0.000165687,0.000160043,0.000153976,0.000147728,0.000141534,0.000135605,0.000130105,0.000125147,0.000120771,0.000116952,0.000113593,0.000110541,0.000107599,0.000104547,0.000101169,9.72732e-05,9.27202e-05,8.74402e-05,8.14475e-05,7.48459e-05,6.78257e-05,6.06519e-05,5.36448e-05,4.71542e-05,4.15307e-05,3.70962e-05,3.41163e-05,3.27782e-05,3.31756e-05,3.53015e-05,3.90497e-05,4.42243e-05,5.05556e-05,5.77197e-05,6.53609e-05,7.31132e-05,8.06191e-05,8.75443e-05,9.3587e-05,9.84827e-05,0.000102003,0.000103952,0.000104161,0.000102482,9.8787e-05,9.33642e-05,8.60314e-05,7.62843e-05,6.4288e-05,5.07307e-05,3.66884e-05,2.34932e-05,1.24954e-05,4.7514e-06,7.13445e-07,0
0,-2.86854e-06,-2.68373e-06,1.93384e-06,1.08937e-05,2.3343e-05,3.79009e-05,5.29847e-05,6.71303e-05,7.92261e-05,8.86266e-05,9.52478e-05,9.96508e-05,0.000102129,0.000102541,0.000101097,9.80413e-05,9.3653e-05,8.82451e-05,8.21632e-05,7.57814e-05,6.94934e-05,6.36985e-05,5.87834e-05,5.50996e-05,5.29409e-05,5.25212e-05,5.39568e-05,5.72555e-05,6.23133e-05,6.89212e-05,7.67799e-05,8.5523e-05,9.47448e-05,0.000104032,0.000112993,0.000121287,0.000128645,0.000134886,0.000139919,0.000143747,0.000146455,0.000148195,0.000149168,0.000149602,0.000149727,0.000149763,0.000149895,0.000150265,0.00015096,0.000152013,0.000153402,0.000155058,0.000156871,0.000158704,0.000160403,0.000161815,0.000162793,0.000163215,0.000162988,0.000162056,0.000160406,0.000158067,0.000155109,0.00015164,0.000147792,0.000143717,0.000139569,0.000135493,0.000131609,0.000127999,0.000124698,0.000121689,0.000118899,0.000116208,0.000113457,0.000110466,0.000107053,0.000103053,9.83482e-05,9.28773e-05,8.66566e-05,7.97854e-05,7.24458e-05,6.48951e-05,5.74485e-05,5.0457e-05,4.42803e-05,3.92571e-05,3.56782e-05,3.3762e-05,3.36361e-05,3.5328e-05,3.87622e-05,4.3767e-05,5.00879e-05,5.74062e-05,6.53609e-05,7.35713e-05,8.16581e-05,8.92605e-05,9.60491e-05,0.000101733,0.000106063,0.000108825,0.000109844,0.000108966,0.000106065,0.000101032,9.41449e-05,8.52787e-05,7.40676e-05,6.08127e-05,4.63335e-05,3.18194e-05,1.8674e-05,8.25821e-06,1.57618e-06,-1.01575e-06,0
0,-4.44126e-06,-5.63809e-06,-2.161e-06,6.00527e-06,1.81018e-05,3.27943e-05,4.84823e-05,6.36243e-05,7.69904e-05,8.78008e-05,9.58335e-05,0.000101512,0.000105071,0.000106372,0.000105597,0.000102974,9.87718e-05,9.32991e-05,8.69057e-05,7.99761e-05,7.29212e-05,6.61646e-05,6.0125e-05,5.51935e-05,5.17105e-05,4.99427e-05,5.00631e-05,5.21378e-05,5.61193e-05,6.18495e-05,6.90713e-05,7.74485e-05,8.6591e-05,9.60845e-05,0.000105521,0.000114526,0.000122782,0.000130049,0.00013617,0.000141073,0.000144772,0.000147348,0.000148941,0.000149726,0.000149897,0.000149651,0.000149167,0.000148601,0.000148071,0.000147655,0.000147393,0.000147286,0.000147302,0.000147386,0.000147466,0.000147463,0.000147298,0.000146901,0.000146217,0.000145211,0.000143872,0.000142213,0.000140271,0.000138102,0.000135777,0.000133375,0.000130972,0.000128631,0.000126394,0.000124272,0.000122238,0.000120227,0.000118136,0.000115832,0.000113164,0.000109977,0.000106135,0.000101535,9.61262e-05,8.99271e-05,8.30319e-05,7.56138e-05,6.7919e-05,6.02537e-05,5.29647e-05,4.64137e-05,4.09505e-05,3.68852e-05,3.44626e-05,3.38428e-05,3.50876e-05,3.81553e-05,4.29042e-05,4.91027e-05,5.64462e-05,6.45783e-05,7.31132e-05,8.16581e-05,8.98326e-05,9.72842e-05,0.000103699,0.000108804,0.000112371,0.000114211,0.000114166,0.000112106,0.000107925,0.000101539,9.32195e-05,8.29051e-05,7.03709e-05,5.60497e-05,4.08804e-05,2.61463e-05,1.32972e-05,3.67949e-06,-1.77385e-06,-2.80919e-06,0
0,-6.00524e-06,-8.61368e-06,-6.37285e-06,8.37517e-07,1.23664e-05,2.69509e-05,4.30029e-05,5.89317e-05,7.34107e-05,8.55368e-05,9.49529e-05,0.000101939,0.000106663,0.000108978,0.000109033,0.000107028,0.000103211,9.78797e-05,9.1377e-05,8.40881e-05,7.64315e-05,6.88462e-05,6.17736e-05,5.56367e-05,5.08156e-05,4.76248e-05,4.62913e-05,4.69389e-05,4.95793e-05,5.41108e-05,6.03273e-05,6.79334e-05,7.65679e-05,8.58307e-05,9.53118e-05,0.000104619,0.000113404,0.000121377,0.000128327,0.000134119,0.000138699,0.000142083,0.00014435,0.00014562,0.000146048,0.000145798,0.00014504,0.000143929,0.000142603,0.000141173,0.000139726,0.000138319,0.000136987,0.000135742,0.000134581,0.000133489,0.000132445,0.000131424,0.000130406,0.000129373,0.000128315,0.000127232,0.00012613,0.000125022,0.000123925,0.000122853,0.000121816,0.000120809,0.000119809,0.000118768,0.000117613,0.000116245,0.000114545,0.000112379,0.000109616,0.000106137,0.000101854,9.67259e-05,9.07717e-05,8.40804e-05,7.68146e-05,6.92073e-05,6.15516e-05,5.41843e-05,4.74636e-05,4.1743e-05,3.73451e-05,3.45358e-05,3.35029e-05,3.43411e-05,3.70429e-05,4.14995e-05,4.75076e-05,5.47842e-05,6.29857e-05,7.173e-05,8.06191e-05,8.92605e-05,9.72842e-05,0.000104356,0.000110185,0.000114524,0.000117172,0.000117963,0.000116765,0.000113472,0.000108,0.00010029,9.06136e-05,7.89779e-05,6.52978e-05,5.01313e-05,3.45217e-05,1.98241e-05,7.5088e-06,-1.11686e-06,-5.20831e-06,-4.61858e-06,0
0,-7.51997e-06,-1.15333e-05,-1.05912e-05,-4.47241e-06,6.28989e-06,2.05263e-05,3.66903e-05,5.31713e-05,6.857e-05,8.18763e-05,9.26039e-05,0.000100889,0.000106826,0.000110251,0.000111273,0.000110055,0.00010682,0.000101841,9.54458e-05,8.80103e-05,7.99505e-05,7.17106e-05,6.37456e-05,5.6501e-05,5.03888e-05,4.57644e-05,4.2904e-05,4.19869e-05,4.30838e-05,4.61532e-05,5.10456e-05,5.75161e-05,6.52439e-05,7.38569e-05,8.29584e-05,9.21541e-05,0.000101077,0.000109409,0.000116892,0.000123341,0.000128642,0.000132753,0.000135693,0.000137529,0.000138371,0.000138349,0.000137612,0.000136308,0.000134582,0.000132565,0.000130377,0.000128119,0.000125874,0.000123711,0.000121681,0.000119822,0.00011816,0.00011671,0.000115476,0.000114458,0.000113646,0.000113027,0.000112582,0.000112287,0.000112114,0.000112025,0.000111975,0.000111903,0.000111736,0.000111385,0.000110743,0.000109695,0.000108116,0.000105886,0.000102901,9.9084e-05,9.43995e-05,8.88669e-05,8.2569e-05,7.56563e-05,6.83465e-05,6.09163e-05,5.36879e-05,4.70092e-05,4.12308e-05,3.66805e-05,3.36381e-05,3.23139e-05,3.28309e-05,3.52144e-05,3.9389e-05,4.51828e-05,5.23394e-05,6.05346e-05,6.93977e-05,7.85334e-05,8.75443e-05,9.60491e-05,0.000103699,0.000110185,0.000115246,0.000118667,0.000120275,0.000119933,0.000117535,0.000113,0.000106269,9.73069e-05,8.63905e-05,7.35988e-05,5.89831e-05,4.32163e-05,2.74288e-05,1.30238e-05,1.4655e-06,-6.00119e-06,-8.63446e-06,-6.39506e-06,0
0,-8.94662e-06,-1.43221e-05,-1.47067e-05,-9.78562e-06,3.16006e-08,1.36874e-05,2.97037e-05,4.64801e-05,6.25711e-05,7.68793e-05,8.88003e-05,9.83306e-05,0.000105484,0.000110079,0.000112176,0.000111899,0.000109431,0.000105016,9.89558e-05,9.16066e-05,8.33719e-05,7.46906e-05,6.60213e-05,5.7822e-05,5.05275e-05,4.45261e-05,4.01364e-05,3.75889e-05,3.70115e-05,3.84235e-05,4.17363e-05,4.67623e-05,5.3231e-05,6.08104e-05,6.91309e-05,7.78114e-05,8.6483e-05,9.48102e-05,0.000102507,0.000109346,0.000115167,0.000119874,0.000123432,0.000125857,0.000127212,0.000127592,0.000127115,0.000125915,0.000124132,0.000121908,0.000119381,0.00011668,0.000113926,0.000111227,0.000108676,0.000106352,0.000104318,0.000102617,0.000101277,0.000100307,9.96988e-05,9.94286e-05,9.94569e-05,9.97308e-05,0.000100185,0.000100742,0.000101313,0.000101799,0.000102092,0.000102073,0.000101622,0.000100616,9.89406e-05,9.64992e-05,9.32214e-05,8.90759e-05,8.40806e-05,7.8311e-05,7.19053e-05,6.50641e-05,5.80449e-05,5.11513e-05,4.47156e-05,3.90784e-05,3.45653e-05,3.14627e-05,2.99958e-05,3.03106e-05,3.24612e-05,3.6404e-05,4.19993e-05,4.902e-05,5.71663e-05,6.60849e-05,7.53901e-05,8.46862e-05,9.3587e-05,0.000101733,0.000108804,0.000114524,0.000118667,0.000121051,0.000121535,0.000120013,0.000116407,0.000110662,0.000102744,9.26444e-05,8.06459e-05,6.68998e-05,5.15885e-05,3.54865e-05,1.97912e-05,5.92872e-06,-4.66897e-06,-1.08409e-05,-1.19592e-05,-8.09039e-06,0
0,-1.0249e-05,-1.69094e-05,-1.86138e-05,-1.49646e-05,-6.24654e-06,6.60848e-06,2.22148e-05,3.90113e-05,5.5535e-05,7.06241e-05,8.3572e-05,9.42422e-05,0.00010257,0.000108352,0.000111599,0.000112388,0.000110858,0.000107213,0.000101719,9.47034e-05,8.65468e-05,7.76723e-05,6.85309e-05,5.95829e-05,5.12759e-05,4.40215e-05,3.81732e-05,3.4006e-05,3.17013e-05,3.13377e-05,3.2889e-05,3.62298e-05,4.11476e-05,4.73603e-05,5.45384e-05,6.23277e-05,7.03721e-05,7.83344e-05,8.5913e-05,9.28542e-05,9.89596e-05,0.000104089,0.000108159,0.00011114,0.000113047,0.000113935,0.000113892,0.000113027,0.000111468,0.000109354,0.00010683,0.000104041,0.00010113,9.82311e-05,9.54671e-05,9.29453e-05,9.07541e-05,8.89596e-05,8.76042e-05,8.67049e-05,8.62534e-05,8.62173e-05,8.65416e-05,8.71515e-05,8.79549e-05,8.88458e-05,8.9707e-05,9.04135e-05,9.0836e-05,9.08449e-05,9.03157e-05,8.9135e-05,8.72084e-05,8.44691e-05,8.08871e-05,7.64776e-05,7.13087e-05,6.55059e-05,5.92522e-05,5.27847e-05,4.6385e-05,4.03654e-05,3.50508e-05,3.07572e-05,2.77697e-05,2.6321e-05,2.6573e-05,2.86028e-05,3.23949e-05,3.78402e-05,4.47418e-05,5.28272e-05,6.17646e-05,7.11836e-05,8.06963e-05,8.99174e-05,9.84827e-05,0.000106063,0.000112371,0.000117172,0.000120275,0.000121535,0.000120846,0.000118134,0.000113348,0.000106463,9.74701e-05,8.63874e-05,7.35028e-05,5.90388e-05,4.32985e-05,2.71425e-05,1.18123e-05,-1.2692e-06,-1.07272e-05,-1.55034e-05,-1.50916e-05,-9.65815e-06,0
0,-1.13942e-05,-1.92301e-05,-2.2213e-05,-1.98762e-05,-1.23833e-05,-5.3189e-07,1.44049e-05,3.09325e-05,4.75998e-05,6.3207e-05,7.69651e-05,8.86174e-05,9.80259e-05,0.000104964,0.000109394,0.000111342,0.000110896,0.000108211,0.000103512,9.7085e-05,8.92773e-05,8.04857e-05,7.11431e-05,6.17008e-05,5.26083e-05,4.42908e-05,3.71269e-05,3.14287e-05,2.7425e-05,2.52502e-05,2.49401e-05,2.64333e-05,2.95804e-05,3.41578e-05,3.98862e-05,4.64507e-05,5.35218e-05,6.0775e-05,6.79075e-05,7.46512e-05,8.07824e-05,8.61264e-05,9.05597e-05,9.40085e-05,9.64455e-05,9.78853e-05,9.83789e-05,9.80083e-05,9.68804e-05,9.51218e-05,9.28733e-05,9.02836e-05,8.75047e-05,8.4685e-05,8.1964e-05,7.94665e-05,7.7297e-05,7.55355e-05,7.42339e-05,7.34138e-05,7.30664e-05,7.31531e-05,7.36083e-05,7.43424e-05,7.52465e-05,7.61972e-05,7.70615e-05,7.77022e-05,7.79839e-05,7.77782e-05,7.69704e-05,7.54666e-05,7.32008e-05,7.01425e-05,6.63037e-05,6.17454e-05,5.65806e-05,5.09754e-05,4.5146e-05,3.93511e-05,3.38799e-05,2.90367e-05,2.51221e-05,2.24124e-05,2.114e-05,2.14748e-05,2.35098e-05,2.72524e-05,3.26205e-05,3.94458e-05,4.74837e-05,5.64268e-05,6.59241e-05,7.56004e-05,8.50768e-05,9.3989e-05,0.000102003,0.000108825,0.000114211,0.000117963,0.000119933,0.000120013,0.000118134,0.000114253,0.000108352,0.000100433,9.05166e-05,7.86438e-05,6.51077e-05,5.01948e-05,3.43167e-05,1.83996e-05,3.70519e-06,-8.37355e-06,-1.65421e-05,-1.98595e-05,-1.79446e-05,-1.10549e-05,0
0,-1.23536e-05,-2.12259e-05,-2.54127e-05,-2.43941e-05,-1.82212e-05,-7.55417e-06,6.46173e-06,2.24229e-05,3.89194e-05,5.47419e-05,6.90437e-05,8.14652e-05,9.18043e-05,9.98165e-05,0.000105416,0.000108574,0.000109326,0.000107771,0.000104081,9.84937e-05,9.13139e-05,8.29007e-05,7.36578e-05,6.40165e-05,5.44169e-05,4.52866e-05,3.70194e-05,2.99552e-05,2.43624e-05,2.04262e-05,1.82409e-05,1.78091e-05,1.90473e-05,2.17957e-05,2.58335e-05,3.08956e-05,3.66912e-05,4.29216e-05,4.92962e-05,5.55459e-05,6.14333e-05,6.67601e-05,7.13708e-05,7.51543e-05,7.80438e-05,8.00143e-05,8.10799e-05,8.12897e-05,8.07243e-05,7.94898e-05,7.77133e-05,7.55365e-05,7.31095e-05,7.05834e-05,6.81032e-05,6.5801e-05,6.37887e-05,6.21529e-05,6.09499e-05,6.02035e-05,5.9904e-05,6.0009e-05,6.0447e-05,6.1121e-05,6.19143e-05,6.26968e-05,6.33317e-05,6.36825e-05,6.36197e-05,6.30282e-05,6.1814e-05,5.99108e-05,5.72873e-05,5.39523e-05,4.99599e-05,4.54122e-05,4.04598e-05,3.52994e-05,3.01666e-05,2.53268e-05,2.10609e-05,1.76494e-05,1.53539e-05,1.43988e-05,1.49545e-05,1.71224e-05,2.09255e-05,2.63033e-05,3.31131e-05,4.11365e-05,5.00915e-05,5.96487e-05,6.94496e-05,7.91261e-05,8.83188e-05,9.66931e-05,0.000103952,0.000109844,0.000114166,0.000116765,0.000117535,0.000116407,0.000113348,0.000108352,0.000101433,9.26229e-05,8.1971e-05,6.95416e-05,5.56261e-05,4.05649e-05,2.48612e-05,9.48402e-06,-4.3116e-06,-1.51877e-05,-2.19502e-05,-2.37862e-05,-2.04378e-05,-1.22412e-05,0
0,-1.31026e-05,-2.28459e-05,-2.81305e-05,-2.84012e-05,-2.36095e-05,-1.42808e-05,-1.42317e-06,1.36715e-05,2.9662e-05,4.53603e-05,5.98904e-05,7.28127e-05,8.38756e-05,9.28247e-05,9.95284e-05,0.000103903,0.000105925,0.000105636,0.000103145,9.86364e-05,9.23601e-05,8.46287e-05,7.58056e-05,6.62911e-05,5.65045e-05,4.68643e-05,3.77685e-05,2.95744e-05,2.25814e-05,1.70177e-05,1.3031e-05,1.06855e-05,9.96332e-06,1.07718e-05,1.29541e-05,1.63033e-05,2.05772e-05,2.55146e-05,3.08495e-05,3.6324e-05,4.16996e-05,4.67648e-05,5.13415e-05,5.52889e-05,5.85052e-05,6.09286e-05,6.25363e-05,6.33429e-05,6.33977e-05,6.27805e-05,6.15969e-05,5.99727e-05,5.80463e-05,5.59617e-05,5.38599e-05,5.18713e-05,5.01076e-05,4.86557e-05,4.75723e-05,4.68811e-05,4.65716e-05,4.66005e-05,4.68948e-05,4.73567e-05,4.78704e-05,4.8309e-05,4.85426e-05,4.84461e-05,4.79069e-05,4.68327e-05,4.51582e-05,4.28511e-05,3.99178e-05,3.64067e-05,3.2411e-05,2.80679e-05,2.35565e-05,1.90916e-05,1.4915e-05,1.12839e-05,8.45604e-06,6.67402e-06,6.1487e-06,7.04348e-06,9.46073e-06,1.34317e-05,1.89108e-05,2.57755e-05,3.38303e-05,4.28174e-05,5.24297e-05,6.23277e-05,7.21576e-05,8.1569e-05,9.02314e-05,9.78469e-05,0.000104161,0.000108966,0.000112106,0.000113472,0.000113,0.000110662,0.000106463,0.000100433,9.26229e-05,8.30979e-05,7.19361e-05,5.92239e-05,4.52389e-05,3.03605e-05,1.51619e-05,6.2847e-07,-1.20182e-05,-2.15189e-05,-2.67961e-05,-2.71699e-05,-2.24992e-05,-1.3183e-05,0
0,-1.36212e-05,-2.4047e-05,-3.02937e-05,-3.17901e-05,-2.84054e-05,-2.05384e-05,-9.05659e-06,4.87514e-06,2.00094e-05,3.52105e-05,4.96061e-05,6.27061e-05,7.42306e-05,8.3926e-05,9.16161e-05,9.71631e-05,0.000100482,0.000101551,0.000100417,9.71976e-05,9.20841e-05,8.5332e-05,7.72546e-05,6.82103e-05,5.85859e-05,4.87798e-05,3.91823e-05,3.01571e-05,2.20243e-05,1.50461e-05,9.41689e-06,5.25703e-06,2.61229e-06,1.45709e-06,1.70179e-06,3.20289e-06,5.77506e-06,9.20402e-06,1.32593e-05,1.7706e-05,2.23155e-05,2.68745e-05,3.1192e-05,3.51054e-05,3.84846e-05,4.12349e-05,4.32987e-05,4.46553e-05,4.53205e-05,4.53433e-05,4.48022e-05,4.37995e-05,4.24545e-05,4.08958e-05,3.92523e-05,3.76453e-05,3.618e-05,3.49384e-05,3.39745e-05,3.33101e-05,3.29349e-05,3.28068e-05,3.2856e-05,3.29904e-05,3.31025e-05,3.30773e-05,3.28007e-05,3.21683e-05,3.10928e-05,2.9512e-05,2.73946e-05,2.47456e-05,2.16096e-05,1.80725e-05,1.42607e-05,1.03387e-05,6.50321e-06,2.97498e-06,-1.16723e-08,-2.22175e-06,-3.43371e-06,-3.45416e-06,-2.13198e-06,6.29302e-07,4.86195e-06,1.05282e-05,1.75191e-05,2.56574e-05,3.47057e-05,4.43781e-05,5.43548e-05,6.42986e-05,7.38713e-05,8.275e-05,9.06404e-05,9.72874e-05,0.000102482,0.000106065,0.000107925,0.000108,0.000106269,0.000102744,9.74701e-05,9.05166e-05,8.1971e-05,7.19361e-05,6.0524e-05,4.78456e-05,3.41396e-05,1.98045e-05,5.45704e-06,-7.93072e-06,-1.91972e-05,-2.71823e-05,-3.09356e-05,-2.99092e-05,-2.40667e-05,-1.38519e-05,0
0,-1.38935e-05,-2.47933e-05,-3.18393e-05,-3.44644e-05,-3.24753e-05,-2.61585e-05,-1.62444e-05,-3.76163e-06,1.01567e-05,2.44572e-05,3.83084e-05,5.12077e-05,6.28819e-05,7.30871e-05,8.15973e-05,8.82202e-05,9.28109e-05,9.52825e-05,9.5615e-05,9.38589e-05,9.0137e-05,8.46413e-05,7.7626e-05,6.9397e-05,6.02985e-05,5.06968e-05,4.0963e-05,3.14556e-05,2.25043e-05,1.43951e-05,7.36012e-06,1.5691e-06,-2.8735e-06,-5.92845e-06,-7.61794e-06,-8.01907e-06,-7.25521e-06,-5.48618e-06,-2.89792e-06,3.07799e-07,3.92319e-06,7.74345e-06,1.15749e-05,1.5242e-05,1.85935e-05,2.15075e-05,2.38949e-05,2.57013e-05,2.69083e-05,2.75317e-05,2.76188e-05,2.72434e-05,2.64996e-05,2.54939e-05,2.43372e-05,2.31354e-05,2.1982e-05,2.09507e-05,2.00897e-05,1.94188e-05,1.89282e-05,1.85801e-05,1.83119e-05,1.80428e-05,1.76802e-05,1.71281e-05,1.62958e-05,1.51062e-05,1.35036e-05,1.14604e-05,8.98215e-06,6.11137e-06,2.92874e-06,-4.47435e-07,-3.86441e-06,-7.14042e-06,-1.00725e-05,-1.24463e-05,-1.40481e-05,-1.46771e-05,-1.41588e-05,-1.23577e-05,-9.18806e-06,-4.62273e-06,1.30153e-06,8.4825e-06,1.6755e-05,2.58973e-05,3.56415e-05,4.5686e-05,5.57105e-05,6.53913e-05,7.44162e-05,8.24978e-05,8.93844e-05,9.48675e-05,9.8787e-05,0.000101032,0.000101539,0.00010029,9.73069e-05,9.26444e-05,8.63874e-05,7.86438e-05,6.95416e-05,5.92239e-05,4.78456e-05,3.55688e-05,2.2531e-05,9.13038e-06,-4.00766e-06,-1.59558e-05,-2.56365e-05,-3.20039e-05,-3.42385e-05,-3.19167e-05,-2.50901e-05,-1.4226e-05,0
0,-1.39075e-05,-2.50561e-05,-3.27138e-05,-3.63376e-05,-3.56943e-05,-3.09773e-05,-2.27902e-05,-1.20243e-05,3.15576e-07,1.32841e-05,2.61308e-05,3.84597e-05,4.99979e-05,6.04696e-05,6.96098e-05,7.71793e-05,8.29791e-05,8.68614e-05,8.87401e-05,8.85966e-05,8.64833e-05,8.25224e-05,7.69019e-05,6.98668e-05,6.17081e-05,5.27491e-05,4.33297e-05,3.37912e-05,2.44601e-05,1.5635e-05,7.5744e-06,4.88139e-07,-5.46832e-06,-1.01964e-05,-1.36538e-05,-1.58517e-05,-1.68493e-05,-1.67476e-05,-1.56814e-05,-1.38112e-05,-1.13147e-05,-8.37829e-06,-5.1888e-06,-1.92536e-06,1.24786e-06,4.18822e-06,6.78005e-06,8.93864e-06,1.06125e-05,1.17839e-05,1.24666e-05,1.27028e-05,1.2557e-05,1.21091e-05,1.14465e-05,1.06558e-05,9.81472e-06,8.98545e-06,8.20922e-06,7.50317e-06,6.85945e-06,6.24671e-06,5.61385e-06,4.89568e-06,4.02003e-06,2.91566e-06,1.52058e-06,-2.10122e-07,-2.29727e-06,-4.73198e-06,-7.47191e-06,-1.04395e-05,-1.35227e-05,-1.65776e-05,-1.94345e-05,-2.19046e-05,-2.37904e-05,-2.48958e-05,-2.50386e-05,-2.40621e-05,-2.18467e-05,-1.83195e-05,-1.34618e-05,-7.31419e-06,2.24748e-08,8.3894e-06,1.75756e-05,2.73269e-05,3.73575e-05,4.73632e-05,5.70354e-05,6.6075e-05,7.42046e-05,8.11794e-05,8.67952e-05,9.08936e-05,9.33642e-05,9.41449e-05,9.32195e-05,9.06136e-05,8.63905e-05,8.06459e-05,7.35028e-05,6.51077e-05,5.56261e-05,4.52389e-05,3.41396e-05,2.2531e-05,1.06242e-05,-1.41446e-06,-1.29764e-05,-2.32071e-05,-3.11309e-05,-3.5823e-05,-3.65911e-05,-3.31213e-05,-2.55314e-05,-1.42907e-05,0
0,-1.36547e-05,-2.48129e-05,-3.28723e-05,-3.73326e-05,-3.79452e-05,-3.48339e-05,-2.84925e-05,-1.96829e-05,-9.27798e-06,1.90121e-06,1.33662e-05,2.47898e-05,3.58689e-05,4.63047e-05,5.58061e-05,6.41e-05,7.09442e-05,7.61394e-05,7.95397e-05,8.10612e-05,8.06867e-05,7.84671e-05,7.45198e-05,6.90224e-05,6.22041e-05,5.43349e-05,4.57119e-05,3.6646e-05,2.74476e-05,1.84138e-05,9.81656e-06,1.89319e-06,-5.16087e-06,-1.11969e-05,-1.61152e-05,-1.98653e-05,-2.24444e-05,-2.38935e-05,-2.42931e-05,-2.37567e-05,-2.24247e-05,-2.04565e-05,-1.80224e-05,-1.52957e-05,-1.24443e-05,-9.62336e-06,-6.96782e-06,-4.58746e-06,-2.56278e-06,-9.43235e-07,2.52415e-07,1.0336e-06,1.43343e-06,1.50265e-06,1.30244e-06,8.96921e-07,3.45802e-07,-3.01972e-07,-1.01311e-06,-1.77292e-06,-2.58607e-06,-3.47511e-06,-4.47688e-06,-5.6372e-06,-7.00415e-06,-8.62077e-06,-1.05175e-05,-1.27054e-05,-1.51701e-05,-1.78678e-05,-2.07231e-05,-2.36291e-05,-2.645e-05,-2.90261e-05,-3.1181e-05,-3.27307e-05,-3.34943e-05,-3.33045e-05,-3.20197e-05,-2.95339e-05,-2.57858e-05,-2.07655e-05,-1.45188e-05,-7.14723e-06,1.19349e-06,1.02997e-05,1.99279e-05,2.98057e-05,3.96438e-05,4.91486e-05,5.80354e-05,6.60394e-05,7.2926e-05,7.84986e-05,8.2604e-05,8.51349e-05,8.60314e-05,8.52787e-05,8.29051e-05,7.89779e-05,7.35988e-05,6.68998e-05,5.90388e-05,5.01948e-05,4.05649e-05,3.03605e-05,1.98045e-05,9.13038e-06,-1.41446e-06,-1.15505e-05,-2.11753e-05,-2.94413e-05,-3.54827e-05,-3.84942e-05,-3.78981e-05,-3.3469e-05,-2.53662e-05,-1.40383e-05,0
0,-1.313e-05,-2.40474e-05,-3.22781e-05,-3.73815e-05,-3.91179e-05,-3.75681e-05,-3.31401e-05,-2.64835e-05,-1.83478e-05,-9.21099e-06,6.02115e-07,1.0783e-05,2.10317e-05,3.10477e-05,4.05322e-05,4.91955e-05,5.67685e-05,6.30142e-05,6.77394e-05,7.08038e-05,7.21271e-05,7.16921e-05,6.95456e-05,6.57951e-05,6.06029e-05,5.41774e-05,4.67629e-05,3.86279e-05,3.00533e-05,2.13201e-05,1.26988e-05,4.43926e-06,-3.23729e-06,-1.0145e-05,-1.6138e-05,-2.11132e-05,-2.50119e-05,-2.78188e-05,-2.95604e-05,-3.03013e-05,-3.01396e-05,-2.92007e-05,-2.76301e-05,-2.55857e-05,-2.32292e-05,-2.07179e-05,-1.81973e-05,-1.57939e-05,-1.36104e-05,-1.17228e-05,-1.01787e-05,-8.99897e-06,-8.18092e-06,-7.70289e-06,-7.5304e-06,-7.62257e-06,-7.93854e-06,-8.44308e-06,-9.11088e-06,-9.92917e-06,-1.08984e-05,-1.20307e-05,-1.33469e-05,-1.48717e-05,-1.66277e-05,-1.86288e-05,-2.08744e-05,-2.33434e-05,-2.59898e-05,-2.87403e-05,-3.14937e-05,-3.41229e-05,-3.64788e-05,-3.83975e-05,-3.9708e-05,-4.02425e-05,-3.9847e-05,-3.83915e-05,-3.57807e-05,-3.19617e-05,-2.69306e-05,-2.07361e-05,-1.34796e-05,-5.31309e-06,3.56656e-06,1.29259e-05,2.25049e-05,3.20283e-05,4.12178e-05,4.98035e-05,5.75349e-05,6.419e-05,6.95825e-05,7.35672e-05,7.60427e-05,7.69525e-05,7.62843e-05,7.40676e-05,7.03709e-05,6.52978e-05,5.89831e-05,5.15885e-05,4.32985e-05,3.43167e-05,2.48612e-05,1.51619e-05,5.45704e-06,-4.00766e-06,-1.29764e-05,-2.11753e-05,-2.8305e-05,-3.4409e-05,-3.85032e-05,-3.98894e-05,-3.80842e-05,-3.29246e-05,-2.45838e-05,-1.34686e-05,0
0,-1.23321e-05,-2.27499e-05,-3.09035e-05,-3.64258e-05,-3.91091e-05,-3.90195e-05,-3.6508e-05,-3.21382e-05,-2.63003e-05,-1.92578e-05,-1.1274e-05,-2.61359e-06,6.45367e-06,1.56492e-05,2.46874e-05,3.32825e-05,4.11582e-05,4.80589e-05,5.37606e-05,5.80817e-05,6.08904e-05,6.21109e-05,6.17252e-05,5.97734e-05,5.63499e-05,5.15982e-05,4.57029e-05,3.88808e-05,3.13713e-05,2.34258e-05,1.52978e-05,7.23381e-06,-5.35945e-07,-7.80454e-06,-1.43949e-05,-2.01649e-05,-2.50107e-05,-2.88692e-05,-3.1718e-05,-3.35751e-05,-3.4495e-05,-3.45654e-05,-3.39004e-05,-3.26342e-05,-3.09127e-05,-2.88852e-05,-2.66969e-05,-2.44813e-05,-2.23542e-05,-2.04096e-05,-1.87179e-05,-1.73249e-05,-1.62542e-05,-1.55106e-05,-1.50844e-05,-1.49566e-05,-1.51044e-05,-1.55057e-05,-1.61425e-05,-1.70034e-05,-1.80839e-05,-1.93856e-05,-2.09129e-05,-2.26697e-05,-2.46541e-05,-2.68536e-05,-2.92398e-05,-3.17648e-05,-3.43579e-05,-3.69248e-05,-3.93487e-05,-4.14935e-05,-4.32094e-05,-4.434e-05,-4.47314e-05,-4.42419e-05,-4.2752e-05,-4.01741e-05,-3.64601e-05,-3.16077e-05,-2.5664e-05,-1.87259e-05,-1.09377e-05,-2.4859e-06,6.40849e-06,1.54998e-05,2.45283e-05,3.32319e-05,4.13568e-05,4.86677e-05,5.49565e-05,6.00492e-05,6.38101e-05,6.61453e-05,6.70032e-05,6.63741e-05,6.4288e-05,6.08127e-05,5.60497e-05,5.01313e-05,4.32163e-05,3.54865e-05,2.71425e-05,1.83996e-05,9.48402e-06,6.2847e-07,-7.93072e-06,-1.59558e-05,-2.32071e-05,-2.94413e-05,-3.4409e-05,-3.78575e-05,-4.00159e-05,-3.99015e-05,-3.70973e-05,-3.14728e-05,-2.31878e-05,-1.25889e-05,0
0,-1.12634e-05,-2.09185e-05,-2.87317e-05,-3.44191e-05,-3.78257e-05,-3.90298e-05,-3.83575e-05,-3.60611e-05,-3.23114e-05,-2.72915e-05,-2.1196e-05,-1.42322e-05,-6.62234e-06,1.39517e-06,9.56733e-06,1.76321e-05,2.53265e-05,3.23968e-05,3.86088e-05,4.37583e-05,4.76797e-05,5.02528e-05,5.1407e-05,5.11236e-05,4.94348e-05,4.6421e-05,4.22056e-05,3.6949e-05,3.08408e-05,2.40916e-05,1.69245e-05,9.56656e-06,2.24021e-06,-4.84444e-06,-1.14969e-05,-1.75524e-05,-2.28777e-05,-2.73742e-05,-3.0981e-05,-3.36757e-05,-3.54732e-05,-3.64231e-05,-3.66054e-05,-3.61246e-05,-3.51029e-05,-3.36723e-05,-3.19672e-05,-3.01174e-05,-2.82411e-05,-2.64411e-05,-2.4801e-05,-2.3384e-05,-2.22337e-05,-2.13757e-05,-2.08209e-05,-2.05692e-05,-2.06133e-05,-2.09424e-05,-2.1545e-05,-2.24107e-05,-2.35302e-05,-2.48952e-05,-2.64957e-05,-2.83175e-05,-3.0338e-05,-3.25234e-05,-3.48243e-05,-3.7174e-05,-3.94866e-05,-4.16578e-05,-4.35667e-05,-4.50807e-05,-4.60605e-05,-4.63687e-05,-4.58776e-05,-4.44782e-05,-4.20896e-05,-3.86659e-05,-3.42024e-05,-2.87394e-05,-2.23633e-05,-1.52042e-05,-7.43203e-06,7.50737e-07,9.11801e-06,1.74301e-05,2.54445e-05,3.2926e-05,3.96567e-05,4.54436e-05,5.01256e-05,5.35776e-05,5.57132e-05,5.64856e-05,5.58872e-05,5.39474e-05,5.07307e-05,4.63335e-05,4.08804e-05,3.45217e-05,2.74288e-05,1.97912e-05,1.18123e-05,3.70519e-06,-4.3116e-06,-1.20182e-05,-1.91972e-05,-2.56365e-05,-3.11309e-05,-3.54827e-05,-3.85032e-05,-4.00159e-05,-3.98631e-05,-3.84498e-05,-3.49119e-05,-2.91205e-05,-2.11973e-05,-1.1414e-05,0
0,-9.93138e-06,-1.85612e-05,-2.576e-05,-3.13326e-05,-3.51912e-05,-3.745e-05,-3.82145e-05,-3.75567e-05,-3.55715e-05,-3.23712e-05,-2.80853e-05,-2.2861e-05,-1.68655e-05,-1.02864e-05,-3.33073e-06,3.77901e-06,1.08113e-05,1.75339e-05,2.37231e-05,2.91731e-05,3.37046e-05,3.71724e-05,3.94706e-05,4.05365e-05,4.03516e-05,3.89416e-05,3.63737e-05,3.27525e-05,2.82151e-05,2.29249e-05,1.70644e-05,1.08283e-05,4.4156e-06,-1.97763e-06,-8.16566e-06,-1.39798e-05,-1.92745e-05,-2.39323e-05,-2.78672e-05,-3.10277e-05,-3.33966e-05,-3.499e-05,-3.58547e-05,-3.60638e-05,-3.57106e-05,-3.4903e-05,-3.37558e-05,-3.23849e-05,-3.09011e-05,-2.94048e-05,-2.79832e-05,-2.67074e-05,-2.56324e-05,-2.47975e-05,-2.4228e-05,-2.39375e-05,-2.39308e-05,-2.4206e-05,-2.47565e-05,-2.55727e-05,-2.6642e-05,-2.79483e-05,-2.94709e-05,-3.11822e-05,-3.30456e-05,-3.50133e-05,-3.70241e-05,-3.90022e-05,-4.08577e-05,-4.24874e-05,-4.37784e-05,-4.46118e-05,-4.48694e-05,-4.44403e-05,-4.32282e-05,-4.11597e-05,-3.81903e-05,-3.43109e-05,-2.95512e-05,-2.39812e-05,-1.77105e-05,-1.08849e-05,-3.68045e-06,3.7041e-06,1.10561e-05,1.81588e-05,2.48006e-05,3.07845e-05,3.59354e-05,4.01061e-05,4.31823e-05,4.50848e-05,4.57704e-05,4.52314e-05,4.34945e-05,4.06178e-05,3.66884e-05,3.18194e-05,2.61463e-05,1.98241e-05,1.30238e-05,5.92872e-06,-1.2692e-06,-8.37355e-06,-1.51877e-05,-2.15189e-05,-2.71823e-05,-3.20039e-05,-3.5823e-05,-3.84942e-05,-3.98894e-05,-3.99015e-05,-3.84498e-05,-3.54881e-05,-3.15342e-05,-2.58993e-05,-1.86471e-05,-9.96664e-06,0
0,-8.34955e-06,-1.56982e-05,-2.20053e-05,-2.71627e-05,-3.1157e-05,-3.39778e-05,-3.56171e-05,-3.60947e-05,-3.54509e-05,-3.37437e-05,-3.10483e-05,-2.74581e-05,-2.30866e-05,-1.80682e-05,-1.25582e-05,-6.73006e-06,-7.7128e-07,5.12314e-06,1.0758e-05,1.5946e-05,2.05151e-05,2.43162e-05,2.72287e-05,2.91647e-05,3.00726e-05,2.99373e-05,2.87805e-05,2.66585e-05,2.36592e-05,1.98976e-05,1.55112e-05,1.06536e-05,5.48875e-06,1.84142e-07,-5.09573e-06,-1.01957e-05,-1.4976e-05,-1.93172e-05,-2.31247e-05,-2.63313e-05,-2.88992e-05,-3.08195e-05,-3.2111e-05,-3.28173e-05,-3.30025e-05,-3.27463e-05,-3.21387e-05,-3.12742e-05,-3.02469e-05,-2.91458e-05,-2.80514e-05,-2.70332e-05,-2.61484e-05,-2.54414e-05,-2.49448e-05,-2.46801e-05,-2.46591e-05,-2.48858e-05,-2.53576e-05,-2.60656e-05,-2.69955e-05,-2.81274e-05,-2.94347e-05,-3.08832e-05,-3.243e-05,-3.40224e-05,-3.55971e-05,-3.708e-05,-3.83877e-05,-3.94285e-05,-4.01066e-05,-4.03256e-05,-3.9994e-05,-3.9031e-05,-3.73728e-05,-3.49779e-05,-3.18325e-05,-2.79543e-05,-2.3394e-05,-1.82358e-05,-1.2595e-05,-6.61381e-06,-4.55799e-07,5.70171e-06,1.16755e-05,1.72848e-05,2.23591e-05,2.67453e-05,3.03134e-05,3.2961e-05,3.46157e-05,3.52365e-05,3.48137e-05,3.33675e-05,3.09459e-05,2.76224e-05,2.34932e-05,1.8674e-05,1.32972e-05,7.5088e-06,1.4655e-06,-4.66897e-06,-1.07272e-05,-1.65421e-05,-2.19502e-05,-2.67961e-05,-3.09356e-05,-3.42385e-05,-3.65911e-05,-3.78981e-05,-3.80842e-05,-3.70973e-05,-3.49119e-05,-3.15342e-05,-2.70084e-05,-2.1868e-05,-1.55892e-05,-8.2772e-06,0
0,-6.53795e-06,-1.23651e-05,-1.75098e-05,-2.1942e-05,-2.55909e-05,-2.84033e-05,-3.03512e-05,-3.14263e-05,-3.16362e-05,-3.10028e-05,-2.9562e-05,-2.7365e-05,-2.44797e-05,-2.09925e-05,-1.70082e-05,-1.26494e-05,-8.05346e-06,-3.36849e-06,1.25209e-06,5.65552e-06,9.696e-06,1.32408e-05,1.61754e-05,1.84082e-05,1.98738e-05,2.0535e-05,2.03835e-05,1.94395e-05,1.77506e-05,1.53885e-05,1.24464e-05,9.034e-06,5.27343e-06,1.29378e-06,-2.77417e-06,-6.80331e-06,-1.06752e-05,-1.42849e-05,-1.75446e-05,-2.03865e-05,-2.27653e-05,-2.46582e-05,-2.60647e-05,-2.70048e-05,-2.75166e-05,-2.76524e-05,-2.74753e-05,-2.70544e-05,-2.64613e-05,-2.57663e-05,-2.50353e-05,-2.43274e-05,-2.36932e-05,-2.31743e-05,-2.28029e-05,-2.2602e-05,-2.25861e-05,-2.27617e-05,-2.31284e-05,-2.3679e-05,-2.43998e-05,-2.52709e-05,-2.62656e-05,-2.73504e-05,-2.84841e-05,-2.96183e-05,-3.06969e-05,-3.16568e-05,-3.24296e-05,-3.29433e-05,-3.3125e-05,-3.29048e-05,-3.22197e-05,-3.1018e-05,-2.92637e-05,-2.69404e-05,-2.40546e-05,-2.06379e-05,-1.67471e-05,-1.24641e-05,-7.89265e-06,-3.15476e-06,1.61452e-06,6.27314e-06,1.06786e-05,1.4694e-05,1.81946e-05,2.10722e-05,2.32394e-05,2.46325e-05,2.52128e-05,2.49667e-05,2.39054e-05,2.20631e-05,1.94952e-05,1.62758e-05,1.24954e-05,8.25821e-06,3.67949e-06,-1.11686e-06,-6.00119e-06,-1.08409e-05,-1.55034e-05,-1.98595e-05,-2.37862e-05,-2.71699e-05,-2.99092e-05,-3.19167e-05,-3.31213e-05,-3.3469e-05,-3.29246e-05,-3.14728e-05,-2.91205e-05,-2.58993e-05,-2.1868e-05,-1.71157e-05,-1.2092e-05,-6.38326e-06,0
0,-4.52298e-06,-8.61383e-06,-1.23466e-05,-1.56507e-05,-1.84672e-05,-2.07526e-05,-2.24776e-05,-2.36249e-05,-2.41877e-05,-2.41685e-05,-2.35796e-05,-2.24436e-05,-2.07949e-05,-1.86814e-05,-1.61646e-05,-1.33198e-05,-1.02346e-05,-7.0067e-06,-3.74042e-06,-5.42797e-07,2.48073e-06,5.23074e-06,7.61785e-06,9.56641e-06,1.10173e-05,1.19301e-05,1.22842e-05,1.20795e-05,1.13352e-05,1.00892e-05,8.39597e-06,6.32352e-06,3.9507e-06,1.36355e-06,-1.34842e-06,-4.09601e-06,-6.79406e-06,-9.36482e-06,-1.1741e-05,-1.38679e-05,-1.57056e-05,-1.72292e-05,-1.84293e-05,-1.93109e-05,-1.98922e-05,-2.02025e-05,-2.02793e-05,-2.01664e-05,-1.99104e-05,-1.95589e-05,-1.91574e-05,-1.87485e-05,-1.83694e-05,-1.8052e-05,-1.78216e-05,-1.76972e-05,-1.76915e-05,-1.78107e-05,-1.80555e-05,-1.84205e-05,-1.88953e-05,-1.94638e-05,-2.01046e-05,-2.07912e-05,-2.14916e-05,-2.21691e-05,-2.27823e-05,-2.3286e-05,-2.36327e-05,-2.37738e-05,-2.36621e-05,-2.32541e-05,-2.25126e-05,-2.141e-05,-1.99306e-05,-1.8073e-05,-1.5852e-05,-1.32995e-05,-1.0464e-05,-7.41009e-06,-4.21589e-06,-9.7008e-07,2.23192e-06,5.29217e-06,8.11465e-06,1.06095e-05,1.26971e-05,1.43106e-05,1.53994e-05,1.59294e-05,1.58849e-05,1.52674e-05,1.40956e-05,1.24039e-05,1.02404e-05,7.66596e-06,4.7514e-06,1.57618e-06,-1.77385e-06,-5.20831e-06,-8.63446e-06,-1.19592e-05,-1.50916e-05,-1.79446e-05,-2.04378e-05,-2.24992e-05,-2.40667e-05,-2.50901e-05,-2.55314e-05,-2.53662e-05,-2.45838e-05,-2.31878e-05,-2.11973e-05,-1.86471e-05,-1.55892e-05,-1.2092e-05,-8.23998e-06,-4.32851e-06,0
0,-2.33467e-06,-4.51099e-06,-6.51923e-06,-8.32592e-06,-9.90072e-06,-1.1219e-05,-1.22623e-05,-1.30178e-05,-1.34777e-05,-1.36386e-05,-1.35023e-05,-1.30755e-05,-1.23713e-05,-1.14096e-05,-1.02176e-05,-8.83019e-06,-7.28937e-06,-5.64315e-06,-3.94415e-06,-2.24762e-06,-6.0922e-07,9.17243e-07,2.28208e-06,3.44176e-06,4.3606e-06,5.01213e-06,5.37996e-06,5.45821e-06,5.25146e-06,4.77431e-06,4.05045e-06,3.11145e-06,1.99523e-06,7.44289e-07,-5.96217e-07,-1.98042e-06,-3.36371e-06,-4.70454e-06,-5.96608e-06,-7.11751e-06,-8.135e-06,-9.00231e-06,-9.71096e-06,-1.026e-05,-1.06552e-05,-1.09086e-05,-1.10368e-05,-1.10601e-05,-1.10011e-05,-1.0883e-05,-1.07291e-05,-1.05612e-05,-1.03991e-05,-1.026e-05,-1.01579e-05,-1.01035e-05,-1.01041e-05,-1.01637e-05,-1.02829e-05,-1.04588e-05,-1.06857e-05,-1.09547e-05,-1.12537e-05,-1.15681e-05,-1.18805e-05,-1.21709e-05,-1.24176e-05,-1.25972e-05,-1.26856e-05,-1.26589e-05,-1.24944e-05,-1.21723e-05,-1.16765e-05,-1.09961e-05,-1.0127e-05,-9.0725e-06,-7.84433e-06,-6.46258e-06,-4.9557e-06,-3.35964e-06,-1.71661e-06,-7.34202e-08,1.52056e-06,3.01556e-06,4.36368e-06,5.52097e-06,6.44932e-06,7.11796e-06,7.50458e-06,7.59594e-06,7.38816e-06,6.88646e-06,6.10474e-06,5.06482e-06,3.79555e-06,2.3318e-06,7.13445e-07,-1.01575e-06,-2.80919e-06,-4.61858e-06,-6.39506e-06,-8.09039e-06,-9.65815e-06,-1.10549e-05,-1.22412e-05,-1.3183e-05,-1.38519e-05,-1.4226e-05,-1.42907e-05,-1.40383e-05,-1.34686e-05,-1.25889e-05,-1.1414e-05,-9.96664e-06,-8.2772e-06,-6.38326e-06,-4.32851e-06,-2.1611e-06,0
0,0,0,0,0,0,0,0,0,0,0,0,0,0,0,0,0,0,0,0,0,0,0,0,0,0,0,0,0,0,0,0,0,0,0,0,0,0,0,0,0,0,0,0,0,0,0,0,0,0,0,0,0,0,0,0,0,0,0,0,0,0,0,0,0,0,0,0,0,0,0,0,0,0,0,0,0,0,0,0,0,0,0,0,0,0,0,0,0,0,0,0,0,0,0,0,0,0,0,0,0,0,0,0,0,0,0,0,0,0,0,0,0,0,0,0,0,0,0,0
