0,0,0,0,0,0,0,0,0,0,0,0,0,0,0,0,0,0,0,0,0,0,0,0,0,0,0,0,0,0,0,0,0,0,0,0,0,0,0,0,0,0,0,0,0,0,0,0,0,0,0,0,0,0,0,0,0,0,0,0,0,0,0,0,0,0,0,0,0,0,0,0,0,0,0,0,0,0,0,0,0,0,0,0,0,0,0,0,0,0,0,0,0,0,0,0,0,0,0,0,0,0,0,0,0,0,0,0,0,0,0,0,0,0,0,0,0,0,0,0
0,1.46041e-07,1.27629e-07,-3.74027e-11,-2.08052e-07,-4.60632e-07,-7.19833e-07,-9.49533e-07,-1.11829e-06,-1.20116e-06,-1.18067e-06,-1.0472e-06,-7.98831e-07,-4.40917e-07,1.46784e-08,5.50589e-07,1.14517e-06,1.77392e-06,2.411e-06,3.03088e-06,3.60981e-06,4.12731e-06,4.5673e-06,4.91895e-06,5.17715e-06,5.34257e-06,5.42131e-06,5.42418e-06,5.36578e-06,5.26327e-06,5.13519e-06,5.00015e-06,4.8758e-06,4.77781e-06,4.7192e-06,4.70985e-06,4.75629e-06,4.86172e-06,5.0262e-06,5.247e-06,5.51905e-06,5.8355e-06,6.18818e-06,6.56821e-06,6.96638e-06,7.37365e-06,7.78144e-06,8.18193e-06,8.56821e-06,8.93446e-06,9.27591e-06,9.58892e-06,9.87082e-06,1.01199e-05,1.0335e-05,1.05159e-05,1.06623e-05,1.07743e-05,1.08519e-05,1.08948e-05,1.09023e-05,1.08733e-05,1.08059e-05,1.0698e-05,1.05467e-05,1.03494e-05,1.01033e-05,9.80597e-06,9.45611e-06,9.0534e-06,8.59913e-06,8.09641e-06,7.5504e-06,6.96831e-06,6.35939e-06,5.73465e-06,5.10651e-06,4.48826e-06,3.89344e-06,3.33512e-06,2.82508e-06,2.37308e-06,1.98605e-06,1.66754e-06,1.41719e-06,1.23053e-06,1.09899e-06,1.01032e-06,9.49201e-07,8.98301e-07,8.39533e-07,7.55493e-07,6.30974e-07,4.54394e-07,2.19004e-07,-7.62665e-08,-4.26426e-07,-8.20576e-07,-1.24259e-06,-1.67232e-06,-2.0871e-06,-2.46358e-06,-2.77958e-06,-3.0158e-06,-3.1573e-06,-3.19461e-06,-3.12442e-06,-2.94977e-06,-2.68e-06,-2.33021e-06,-1.92069e-06,-1.47606e-06,-1.02435e-06,-5.95872e-07,-2.21779e-07,6.78943e-08,2.46929e-07,2.96588e-07,2.10378e-07,0
0,1.27629e-07,-1.49083e-09,-4.12342e-07,-9.46834e-07,-1.5312e-06,-2.09033e-06,-2.5555e-06,-2.86949e-06,-2.98941e-06,-2.88804e-06,-2.55405e-06,-1.99139e-06,-1.2181e-06,-2.64579e-07,8.28576e-07,2.01323e-06,3.23669e-06,4.44489e-06,5.58575e-06,6.6123e-06,7.48554e-06,8.17671e-06,8.66883e-06,8.9575e-06,9.05066e-06,8.96761e-06,8.73729e-06,8.39592e-06,7.98432e-06,7.54513e-06,7.12001e-06,6.74724e-06,6.45971e-06,6.28346e-06,6.23675e-06,6.32983e-06,6.56512e-06,6.93789e-06,7.43726e-06,8.0475e-06,8.7493e-06,9.52123e-06,1.0341e-05,1.11866e-05,1.20373e-05,1.28745e-05,1.36823e-05,1.44474e-05,1.51598e-05,1.58125e-05,1.6401e-05,1.69234e-05,1.73797e-05,1.77713e-05,1.81007e-05,1.83707e-05,1.85838e-05,1.87419e-05,1.88458e-05,1.88948e-05,1.88863e-05,1.88163e-05,1.86786e-05,1.84661e-05,1.81704e-05,1.7783e-05,1.7296e-05,1.6703e-05,1.59996e-05,1.51852e-05,1.42628e-05,1.32399e-05,1.21292e-05,1.09479e-05,9.71777e-06,8.46452e-06,7.21648e-06,6.00352e-06,4.85539e-06,3.80003e-06,2.86181e-06,2.05971e-06,1.40581e-06,9.04037e-07,5.49294e-07,3.27298e-07,2.15e-07,1.8178e-07,1.9135e-07,2.04299e-07,1.81118e-07,8.54705e-08,-1.12591e-07,-4.33757e-07,-8.8726e-07,-1.46961e-06,-2.16438e-06,-2.94324e-06,-3.76794e-06,-4.59335e-06,-5.371e-06,-6.05295e-06,-6.59554e-06,-6.96275e-06,-7.12875e-06,-7.07978e-06,-6.81492e-06,-6.3462e-06,-5.69788e-06,-4.90534e-06,-4.01354e-06,-3.07521e-06,-2.14882e-06,-1.29589e-06,-5.77487e-07,-4.92302e-08,2.45623e-07,2.85524e-07,0
0,-3.74027e-11,-4.12342e-07,-1.10947e-06,-2.07119e-06,-3.04604e-06,-3.92226e-06,-4.60392e-06,-5.01656e-06,-5.10975e-06,-4.85771e-06,-4.25843e-06,-3.33196e-06,-2.11794e-06,-6.72498e-07,9.35481e-07,2.62857e-06,4.32545e-06,5.94578e-06,7.41498e-06,8.66875e-06,9.65685e-06,1.0346e-05,1.07217e-05,1.07883e-05,1.05687e-05,1.01017e-05,9.43932e-06,8.64253e-06,7.77734e-06,6.91027e-06,6.10432e-06,5.41545e-06,4.88977e-06,4.56167e-06,4.4528e-06,4.57201e-06,4.91603e-06,5.47087e-06,6.21366e-06,7.11483e-06,8.14039e-06,9.25425e-06,1.04203e-05,1.16044e-05,1.27755e-05,1.39072e-05,1.49783e-05,1.59729e-05,1.68805e-05,1.76958e-05,1.84179e-05,1.90496e-05,1.95965e-05,2.00659e-05,2.04663e-05,2.08058e-05,2.10916e-05,2.1329e-05,2.15207e-05,2.16664e-05,2.17622e-05,2.18006e-05,2.17709e-05,2.16591e-05,2.1449e-05,2.11235e-05,2.06654e-05,2.00591e-05,1.92922e-05,1.83569e-05,1.72515e-05,1.59812e-05,1.45591e-05,1.30065e-05,1.13521e-05,9.63202e-06,7.88763e-06,6.16432e-06,4.50891e-06,2.96713e-06,1.58082e-06,3.85023e-07,-5.94614e-07,-1.34421e-06,-1.86335e-06,-2.16596e-06,-2.28024e-06,-2.24738e-06,-2.11925e-06,-1.95487e-06,-1.81607e-06,-1.76255e-06,-1.8468e-06,-2.10933e-06,-2.57467e-06,-3.24865e-06,-4.11724e-06,-5.14711e-06,-6.28795e-06,-7.47627e-06,-8.64043e-06,-9.70628e-06,-1.06029e-05,-1.12682e-05,-1.16529e-05,-1.17247e-05,-1.14696e-05,-1.08929e-05,-1.00191e-05,-8.89031e-06,-7.56465e-06,-6.11399e-06,-4.62138e-06,-3.17776e-06,-1.87755e-06,-8.12199e-07,-6.07648e-08,2.2487e-07,0
0,-2.08052e-07,-9.46834e-07,-2.07119e-06,-3.38237e-06,-4.76984e-06,-5.94548e-06,-6.79543e-06,-7.24015e-06,-7.23486e-06,-6.76811e-06,-5.85909e-06,-4.55407e-06,-2.92227e-06,-1.05101e-06,9.59675e-07,3.00305e-06,4.97187e-06,6.76474e-06,8.29204e-06,9.48126e-06,1.02811e-05,1.06644e-05,1.06291e-05,1.0198e-05,9.41648e-06,8.34886e-06,7.0737e-06,5.67835e-06,4.25311e-06,2.88562e-06,1.65577e-06,6.31459e-07,-1.34554e-07,-6.06545e-07,-7.66526e-07,-6.13764e-07,-1.63299e-07,5.56358e-07,1.5061e-06,2.63944e-06,3.90585e-06,5.25391e-06,6.6343e-06,8.0022e-06,9.31923e-06,1.05547e-05,1.16866e-05,1.27011e-05,1.35928e-05,1.43635e-05,1.50213e-05,1.55788e-05,1.60521e-05,1.64589e-05,1.68171e-05,1.71434e-05,1.7452e-05,1.77534e-05,1.80534e-05,1.83524e-05,1.8645e-05,1.89198e-05,1.91595e-05,1.93415e-05,1.94392e-05,1.94232e-05,1.92631e-05,1.89299e-05,1.83976e-05,1.7646e-05,1.66625e-05,1.54441e-05,1.39984e-05,1.23447e-05,1.05136e-05,8.5468e-06,6.49534e-06,4.41758e-06,2.37638e-06,4.35701e-07,-1.34307e-06,-2.90513e-06,-4.2061e-06,-5.21562e-06,-5.92028e-06,-6.32556e-06,-6.45664e-06,-6.35765e-06,-6.08941e-06,-5.72559e-06,-5.34752e-06,-5.03784e-06,-4.87378e-06,-4.92036e-06,-5.22434e-06,-5.80952e-06,-6.67389e-06,-7.78902e-06,-9.10173e-06,-1.0538e-05,-1.20086e-05,-1.34164e-05,-1.46634e-05,-1.56586e-05,-1.63245e-05,-1.66025e-05,-1.64564e-05,-1.5875e-05,-1.48722e-05,-1.34865e-05,-1.17792e-05,-9.83271e-06,-7.74787e-06,-5.64092e-06,-3.63942e-06,-1.87578e-06,-5.9608e-07,3.75127e-08,0
0,-4.60632e-07,-1.5312e-06,-3.04604e-06,-4.76984e-06,-6.41561e-06,-7.83346e-06,-8.77676e-06,-9.17657e-06,-9.00861e-06,-8.28875e-06,-7.06779e-06,-5.42589e-06,-3.46654e-06,-1.30996e-06,9.14005e-07,3.07345e-06,5.04202e-06,6.70627e-06,7.97222e-06,8.77076e-06,9.0615e-06,8.83465e-06,8.11102e-06,6.93992e-06,5.3953e-06,3.57034e-06,1.57101e-06,-4.90892e-07,-2.50483e-06,-4.36803e-06,-5.99112e-06,-7.30258e-06,-8.25167e-06,-8.80993e-06,-8.97114e-06,-8.74992e-06,-8.17927e-06,-7.3071e-06,-6.19228e-06,-4.90034e-06,-3.49908e-06,-2.05459e-06,-6.27563e-07,7.29646e-07,1.97519e-06,3.07911e-06,4.02381e-06,4.80379e-06,5.42466e-06,5.90162e-06,6.2575e-06,6.52061e-06,6.72247e-06,6.89561e-06,7.0714e-06,7.27817e-06,7.53949e-06,7.87274e-06,8.28786e-06,8.78652e-06,9.36153e-06,9.99666e-06,1.06669e-05,1.13394e-05,1.19744e-05,1.25273e-05,1.29509e-05,1.31982e-05,1.32248e-05,1.29928e-05,1.24726e-05,1.16466e-05,1.05103e-05,9.07445e-06,7.36512e-06,5.42371e-06,3.30554e-06,1.07776e-06,-1.18378e-06,-3.39837e-06,-5.48494e-06,-7.36692e-06,-8.97736e-06,-1.02637e-05,-1.11923e-05,-1.17515e-05,-1.1954e-05,-1.1837e-05,-1.14608e-05,-1.09052e-05,-1.02644e-05,-9.63962e-06,-9.13111e-06,-8.82984e-06,-8.80924e-06,-9.11822e-06,-9.77621e-06,-1.07705e-05,-1.20563e-05,-1.35602e-05,-1.51851e-05,-1.68182e-05,-1.83394e-05,-1.96309e-05,-2.05853e-05,-2.11139e-05,-2.11517e-05,-2.06619e-05,-1.96377e-05,-1.81025e-05,-1.6109e-05,-1.37384e-05,-1.10981e-05,-8.32058e-06,-5.56108e-06,-3.12512e-06,-1.29439e-06,-2.48678e-07,0
0,-7.19833e-07,-2.09033e-06,-3.92226e-06,-5.94548e-06,-7.83346e-06,-9.30161e-06,-1.02464e-05,-1.05268e-05,-1.01539e-05,-9.18185e-06,-7.70003e-06,-5.82579e-06,-3.69672e-06,-1.46267e-06,7.22847e-07,2.71137e-06,4.36807e-06,5.5795e-06,6.26009e-06,6.35691e-06,5.85229e-06,4.76425e-06,3.14452e-06,1.07448e-06,-1.34069e-06,-3.97925e-06,-6.71086e-06,-9.4048e-06,-1.19378e-05,-1.42008e-05,-1.61047e-05,-1.75845e-05,-1.8601e-05,-1.91422e-05,-1.92215e-05,-1.88755e-05,-1.81603e-05,-1.71468e-05,-1.59156e-05,-1.45519e-05,-1.31397e-05,-1.17576e-05,-1.04744e-05,-9.34573e-06,-8.41189e-06,-7.69656e-06,-7.20675e-06,-6.93366e-06,-6.85442e-06,-6.93448e-06,-7.13052e-06,-7.39346e-06,-7.67165e-06,-7.91383e-06,-8.07185e-06,-8.10315e-06,-7.97279e-06,-7.65516e-06,-7.13538e-06,-6.41022e-06,-5.48874e-06,-4.39244e-06,-3.15487e-06,-1.82078e-06,-4.44558e-07,9.11839e-07,2.18165e-06,3.2965e-06,4.18999e-06,4.80146e-06,5.07972e-06,4.98644e-06,4.49911e-06,3.61328e-06,2.34379e-06,7.25124e-07,-1.18944e-06,-3.32974e-06,-5.61184e-06,-7.94199e-06,-1.02217e-05,-1.23531e-05,-1.42453e-05,-1.582e-05,-1.70178e-05,-1.78022e-05,-1.81643e-05,-1.81239e-05,-1.77295e-05,-1.70561e-05,-1.62004e-05,-1.52736e-05,-1.43929e-05,-1.36722e-05,-1.32117e-05,-1.30892e-05,-1.33525e-05,-1.40141e-05,-1.50496e-05,-1.63984e-05,-1.79682e-05,-1.96423e-05,-2.12881e-05,-2.27678e-05,-2.39488e-05,-2.47125e-05,-2.4963e-05,-2.46327e-05,-2.3686e-05,-2.21208e-05,-1.99691e-05,-1.72963e-05,-1.42016e-05,-1.08188e-05,-7.44406e-06,-4.42177e-06,-2.07089e-06,-5.9416e-07,0
0,-9.49533e-07,-2.5555e-06,-4.60392e-06,-6.79543e-06,-8.77676e-06,-1.02464e-05,-1.10252e-05,-1.1127e-05,-1.05392e-05,-9.36085e-06,-7.72211e-06,-5.77521e-06,-3.68629e-06,-1.62653e-06,2.37318e-07,1.75242e-06,2.78866e-06,3.24619e-06,3.06098e-06,2.20824e-06,7.0312e-07,-1.40099e-06,-4.01674e-06,-7.02904e-06,-1.0303e-05,-1.36925e-05,-1.70499e-05,-2.02342e-05,-2.31195e-05,-2.56013e-05,-2.76019e-05,-2.90729e-05,-2.99965e-05,-3.0385e-05,-3.02784e-05,-2.97401e-05,-2.88525e-05,-2.77112e-05,-2.64185e-05,-2.50775e-05,-2.37863e-05,-2.26321e-05,-2.16873e-05,-2.10057e-05,-2.06206e-05,-2.05435e-05,-2.07652e-05,-2.12569e-05,-2.19732e-05,-2.2855e-05,-2.38342e-05,-2.48368e-05,-2.57879e-05,-2.66144e-05,-2.72495e-05,-2.76346e-05,-2.77222e-05,-2.74778e-05,-2.6881e-05,-2.59268e-05,-2.46263e-05,-2.30062e-05,-2.11091e-05,-1.89919e-05,-1.67243e-05,-1.43868e-05,-1.20668e-05,-9.85569e-06,-7.84448e-06,-6.11919e-06,-4.75652e-06,-3.81953e-06,-3.35388e-06,-3.38473e-06,-3.9146e-06,-4.92236e-06,-6.36341e-06,-8.17115e-06,-1.02597e-05,-1.25279e-05,-1.48643e-05,-1.7153e-05,-1.92804e-05,-2.11424e-05,-2.26504e-05,-2.37387e-05,-2.43688e-05,-2.45337e-05,-2.42592e-05,-2.36034e-05,-2.26528e-05,-2.1517e-05,-2.03201e-05,-1.91909e-05,-1.8252e-05,-1.7609e-05,-1.73409e-05,-1.74919e-05,-1.80675e-05,-1.90323e-05,-2.03121e-05,-2.18003e-05,-2.33651e-05,-2.48607e-05,-2.61377e-05,-2.70549e-05,-2.74881e-05,-2.73388e-05,-2.65386e-05,-2.50532e-05,-2.28825e-05,-2.00623e-05,-1.66654e-05,-1.29063e-05,-9.10051e-06,-5.62544e-06,-2.83382e-06,-9.53828e-07,0
0,-1.11829e-06,-2.86949e-06,-5.01656e-06,-7.24015e-06,-9.17657e-06,-1.05268e-05,-1.1127e-05,-1.09647e-05,-1.01893e-05,-8.89425e-06,-7.24622e-06,-5.42428e-06,-3.61256e-06,-1.99142e-06,-7.27497e-07,3.59766e-08,1.876e-07,-3.45707e-07,-1.59468e-06,-3.54646e-06,-6.14622e-06,-9.30147e-06,-1.28887e-05,-1.67616e-05,-2.07612e-05,-2.47252e-05,-2.84979e-05,-3.19394e-05,-3.49327e-05,-3.73894e-05,-3.92535e-05,-4.05032e-05,-4.11501e-05,-4.12373e-05,-4.08355e-05,-4.0038e-05,-3.89543e-05,-3.77037e-05,-3.64082e-05,-3.5186e-05,-3.41444e-05,-3.33747e-05,-3.29476e-05,-3.29097e-05,-3.32815e-05,-3.40575e-05,-3.52072e-05,-3.66775e-05,-3.83962e-05,-4.02768e-05,-4.22233e-05,-4.41351e-05,-4.59118e-05,-4.74581e-05,-4.86872e-05,-4.95243e-05,-4.99093e-05,-4.97983e-05,-4.91659e-05,-4.80051e-05,-4.63285e-05,-4.41683e-05,-4.15751e-05,-3.86178e-05,-3.53809e-05,-3.19624e-05,-2.84706e-05,-2.50198e-05,-2.17258e-05,-1.87011e-05,-1.60496e-05,-1.38614e-05,-1.22088e-05,-1.11414e-05,-1.06841e-05,-1.08346e-05,-1.1563e-05,-1.28129e-05,-1.45031e-05,-1.65317e-05,-1.87805e-05,-2.11209e-05,-2.3421e-05,-2.55529e-05,-2.74e-05,-2.88647e-05,-2.98752e-05,-3.03903e-05,-3.04038e-05,-2.99451e-05,-2.90783e-05,-2.7898e-05,-2.65222e-05,-2.50833e-05,-2.37172e-05,-2.25515e-05,-2.16942e-05,-2.12237e-05,-2.11808e-05,-2.15647e-05,-2.2332e-05,-2.33998e-05,-2.46523e-05,-2.59498e-05,-2.71402e-05,-2.807e-05,-2.85956e-05,-2.85925e-05,-2.79619e-05,-2.66347e-05,-2.45725e-05,-2.17687e-05,-1.83107e-05,-1.44023e-05,-1.03691e-05,-6.60722e-06,-3.49414e-06,-1.28208e-06,0
0,-1.20116e-06,-2.98941e-06,-5.10975e-06,-7.23486e-06,-9.00861e-06,-1.01539e-05,-1.05392e-05,-1.01893e-05,-9.24933e-06,-7.96467e-06,-6.48539e-06,-5.00344e-06,-3.7066e-06,-2.77039e-06,-2.34718e-06,-2.55678e-06,-3.479e-06,-5.14894e-06,-7.55521e-06,-1.06413e-05,-1.43097e-05,-1.84294e-05,-2.28443e-05,-2.73834e-05,-3.18722e-05,-3.61426e-05,-4.0043e-05,-4.34461e-05,-4.62556e-05,-4.841e-05,-4.98846e-05,-5.06918e-05,-5.08783e-05,-5.05221e-05,-4.97266e-05,-4.86147e-05,-4.73217e-05,-4.59877e-05,-4.47505e-05,-4.3738e-05,-4.3062e-05,-4.2812e-05,-4.30513e-05,-4.38141e-05,-4.51035e-05,-4.68925e-05,-4.91258e-05,-5.1723e-05,-5.45837e-05,-5.75922e-05,-6.06241e-05,-6.3552e-05,-6.62509e-05,-6.86033e-05,-7.05039e-05,-7.18625e-05,-7.26071e-05,-7.26856e-05,-7.20673e-05,-7.07435e-05,-6.87282e-05,-6.60576e-05,-6.27898e-05,-5.90037e-05,-5.47968e-05,-5.02829e-05,-4.55891e-05,-4.08507e-05,-3.62072e-05,-3.17967e-05,-2.77498e-05,-2.41844e-05,-2.12004e-05,-1.88744e-05,-1.72567e-05,-1.63679e-05,-1.6198e-05,-1.67063e-05,-1.7823e-05,-1.94522e-05,-2.14758e-05,-2.37597e-05,-2.61597e-05,-2.85292e-05,-3.07269e-05,-3.26253e-05,-3.41175e-05,-3.51251e-05,-3.56028e-05,-3.55426e-05,-3.49746e-05,-3.39653e-05,-3.2613e-05,-3.10402e-05,-2.93839e-05,-2.77839e-05,-2.63707e-05,-2.52534e-05,-2.45099e-05,-2.41792e-05,-2.42574e-05,-2.46976e-05,-2.54139e-05,-2.62883e-05,-2.71809e-05,-2.79406e-05,-2.8417e-05,-2.84698e-05,-2.79771e-05,-2.684e-05,-2.49815e-05,-2.23612e-05,-1.90324e-05,-1.51818e-05,-1.11251e-05,-7.25926e-06,-3.97292e-06,-1.53684e-06,0
0,-1.18067e-06,-2.88804e-06,-4.85771e-06,-6.76811e-06,-8.28875e-06,-9.18185e-06,-9.36085e-06,-8.89425e-06,-7.96467e-06,-6.80757e-06,-5.69398e-06,-4.76611e-06,-4.1996e-06,-4.15258e-06,-4.75056e-06,-6.07795e-06,-8.17263e-06,-1.10236e-05,-1.45721e-05,-1.87157e-05,-2.33158e-05,-2.82066e-05,-3.32066e-05,-3.81295e-05,-4.27963e-05,-4.70452e-05,-5.07405e-05,-5.37796e-05,-5.60975e-05,-5.76686e-05,-5.85071e-05,-5.86649e-05,-5.82272e-05,-5.73078e-05,-5.60421e-05,-5.45805e-05,-5.308e-05,-5.16969e-05,-5.0579e-05,-4.98581e-05,-4.96441e-05,-5.00191e-05,-5.10337e-05,-5.27047e-05,-5.5014e-05,-5.79102e-05,-6.13113e-05,-6.51087e-05,-6.91733e-05,-7.33615e-05,-7.7522e-05,-8.15025e-05,-8.51557e-05,-8.83447e-05,-9.0948e-05,-9.28623e-05,-9.40055e-05,-9.43186e-05,-9.37664e-05,-9.23388e-05,-9.00501e-05,-8.69395e-05,-8.30705e-05,-7.85293e-05,-7.34236e-05,-6.788e-05,-6.20407e-05,-5.60591e-05,-5.00953e-05,-4.43102e-05,-3.88596e-05,-3.38877e-05,-2.95216e-05,-2.58656e-05,-2.29965e-05,-2.09608e-05,-1.97717e-05,-1.9409e-05,-1.98199e-05,-2.09207e-05,-2.2601e-05,-2.4728e-05,-2.71527e-05,-2.97168e-05,-3.22602e-05,-3.46293e-05,-3.6685e-05,-3.83107e-05,-3.94195e-05,-3.99596e-05,-3.99183e-05,-3.93229e-05,-3.8239e-05,-3.67653e-05,-3.50263e-05,-3.31613e-05,-3.13128e-05,-2.96136e-05,-2.81751e-05,-2.70765e-05,-2.63583e-05,-2.6018e-05,-2.60112e-05,-2.62553e-05,-2.66379e-05,-2.70257e-05,-2.72762e-05,-2.72473e-05,-2.68062e-05,-2.58361e-05,-2.42151e-05,-2.18627e-05,-1.8799e-05,-1.51777e-05,-1.12858e-05,-7.50109e-06,-4.20664e-06,-1.68256e-06,0
0,-1.0472e-06,-2.55405e-06,-4.25843e-06,-5.85909e-06,-7.06779e-06,-7.70003e-06,-7.72211e-06,-7.24622e-06,-6.48539e-06,-5.69398e-06,-5.11599e-06,-4.93583e-06,-5.26815e-06,-6.25007e-06,-7.97069e-06,-1.04698e-05,-1.3736e-05,-1.77076e-05,-2.22767e-05,-2.72966e-05,-3.25918e-05,-3.79695e-05,-4.3232e-05,-4.81892e-05,-5.26696e-05,-5.65298e-05,-5.96622e-05,-6.19994e-05,-6.35167e-05,-6.4232e-05,-6.42033e-05,-6.35245e-05,-6.23202e-05,-6.07386e-05,-5.89442e-05,-5.71099e-05,-5.54093e-05,-5.40082e-05,-5.30579e-05,-5.26875e-05,-5.29986e-05,-5.40601e-05,-5.5905e-05,-5.85289e-05,-6.18898e-05,-6.59104e-05,-7.04814e-05,-7.54674e-05,-8.07123e-05,-8.60474e-05,-9.12979e-05,-9.62906e-05,-0.00010086,-0.000104854,-0.000108139,-0.000110602,-0.000112153,-0.000112729,-0.00011229,-0.000110826,-0.00010835,-0.000104902,-0.000100548,-9.53793e-05,-8.95093e-05,-8.30729e-05,-7.6223e-05,-6.91269e-05,-6.19608e-05,-5.49049e-05,-4.81364e-05,-4.18234e-05,-3.61184e-05,-3.11522e-05,-2.70288e-05,-2.38208e-05,-2.15674e-05,-2.02721e-05,-1.99033e-05,-2.03954e-05,-2.16517e-05,-2.35483e-05,-2.59388e-05,-2.86611e-05,-3.15435e-05,-3.44127e-05,-3.7102e-05,-3.94595e-05,-4.13566e-05,-4.26953e-05,-4.34141e-05,-4.34925e-05,-4.29525e-05,-4.18561e-05,-4.03012e-05,-3.8413e-05,-3.63333e-05,-3.4208e-05,-3.21742e-05,-3.0348e-05,-2.88139e-05,-2.76182e-05,-2.67659e-05,-2.6221e-05,-2.59115e-05,-2.57371e-05,-2.55778e-05,-2.53043e-05,-2.47843e-05,-2.38748e-05,-2.24397e-05,-2.03694e-05,-1.76464e-05,-1.43803e-05,-1.08129e-05,-7.28326e-06,-4.15065e-06,-1.69232e-06,0
0,-7.98831e-07,-1.99139e-06,-3.33196e-06,-4.55407e-06,-5.42589e-06,-5.82579e-06,-5.77521e-06,-5.42428e-06,-5.00344e-06,-4.76611e-06,-4.93583e-06,-5.63369e-06,-6.94326e-06,-8.99956e-06,-1.18424e-05,-1.54589e-05,-1.97836e-05,-2.47021e-05,-3.00589e-05,-3.56673e-05,-4.1322e-05,-4.68126e-05,-5.19365e-05,-5.65115e-05,-6.03862e-05,-6.3448e-05,-6.5628e-05,-6.69034e-05,-6.72974e-05,-6.68763e-05,-6.57446e-05,-6.40392e-05,-6.1922e-05,-5.95722e-05,-5.71783e-05,-5.49298e-05,-5.30096e-05,-5.1586e-05,-5.08063e-05,-5.07901e-05,-5.16245e-05,-5.33599e-05,-5.60077e-05,-5.95396e-05,-6.38881e-05,-6.895e-05,-7.45906e-05,-8.06495e-05,-8.6948e-05,-9.32965e-05,-9.95022e-05,-0.000105377,-0.000110742,-0.000115437,-0.00011932,-0.000122273,-0.000124203,-0.000125043,-0.000124752,-0.000123318,-0.000120753,-0.000117096,-0.000112412,-0.000106792,-0.000100351,-9.32266e-05,-8.55777e-05,-7.75793e-05,-6.94188e-05,-6.12904e-05,-5.33886e-05,-4.59015e-05,-3.90041e-05,-3.28515e-05,-2.75733e-05,-2.32687e-05,-2.00032e-05,-1.78061e-05,-1.66704e-05,-1.65527e-05,-1.73756e-05,-1.90305e-05,-2.13813e-05,-2.42695e-05,-2.75197e-05,-3.09465e-05,-3.43621e-05,-3.75843e-05,-4.04454e-05,-4.28012e-05,-4.45391e-05,-4.55847e-05,-4.59075e-05,-4.55219e-05,-4.44862e-05,-4.28974e-05,-4.08828e-05,-3.8589e-05,-3.61684e-05,-3.37662e-05,-3.15074e-05,-2.94874e-05,-2.77644e-05,-2.63566e-05,-2.52435e-05,-2.43699e-05,-2.36534e-05,-2.29917e-05,-2.22374e-05,-2.1232e-05,-1.98731e-05,-1.80364e-05,-1.56693e-05,-1.2833e-05,-9.71168e-06,-6.58852e-06,-3.78098e-06,-1.54915e-06,0
0,-4.40917e-07,-1.2181e-06,-2.11794e-06,-2.92227e-06,-3.46654e-06,-3.69672e-06,-3.68629e-06,-3.61256e-06,-3.7066e-06,-4.1996e-06,-5.26815e-06,-6.94326e-06,-9.27898e-06,-1.24132e-05,-1.633e-05,-2.09587e-05,-2.61774e-05,-3.18199e-05,-3.76867e-05,-4.35576e-05,-4.92066e-05,-5.44162e-05,-5.89912e-05,-6.27699e-05,-6.56336e-05,-6.75115e-05,-6.83837e-05,-6.82804e-05,-6.72781e-05,-6.5495e-05,-6.30829e-05,-6.022e-05,-5.71023e-05,-5.39345e-05,-5.09223e-05,-4.82641e-05,-4.61439e-05,-4.47244e-05,-4.4141e-05,-4.44966e-05,-4.58575e-05,-4.82509e-05,-5.16628e-05,-5.60389e-05,-6.12858e-05,-6.72755e-05,-7.38498e-05,-8.08277e-05,-8.80125e-05,-9.51996e-05,-0.000102185,-0.000108771,-0.000114775,-0.000120032,-0.0001244,-0.00012776,-0.00013002,-0.000131112,-0.000130998,-0.00012966,-0.000127109,-0.000123381,-0.000118536,-0.000112661,-0.000105865,-9.82843e-05,-9.00764e-05,-8.14181e-05,-7.25022e-05,-6.35312e-05,-5.4712e-05,-4.62486e-05,-3.83347e-05,-3.11473e-05,-2.48398e-05,-1.95373e-05,-1.53317e-05,-1.22796e-05,-1.04009e-05,-9.67827e-06,-1.00584e-05,-1.1454e-05,-1.3746e-05,-1.67875e-05,-2.04076e-05,-2.44172e-05,-2.86148e-05,-3.27943e-05,-3.67541e-05,-4.0306e-05,-4.32857e-05,-4.55621e-05,-4.70455e-05,-4.76931e-05,-4.75121e-05,-4.65581e-05,-4.49299e-05,-4.27607e-05,-4.0206e-05,-3.74301e-05,-3.45919e-05,-3.18322e-05,-2.92631e-05,-2.69613e-05,-2.49651e-05,-2.32754e-05,-2.18604e-05,-2.06634e-05,-1.94848e-05,-1.82017e-05,-1.67676e-05,-1.50632e-05,-1.30114e-05,-1.06261e-05,-8.02793e-06,-5.43118e-06,-3.09477e-06,-1.24653e-06,0
0,1.46784e-08,-2.64579e-07,-6.72498e-07,-1.05101e-06,-1.30996e-06,-1.46267e-06,-1.62653e-06,-1.99142e-06,-2.77039e-06,-4.15258e-06,-6.25007e-06,-8.99956e-06,-1.24132e-05,-1.66233e-05,-2.15547e-05,-2.70774e-05,-3.30137e-05,-3.91492e-05,-4.52464e-05,-5.10602e-05,-5.63545e-05,-6.09168e-05,-6.45719e-05,-6.71918e-05,-6.87024e-05,-6.90858e-05,-6.83801e-05,-6.66747e-05,-6.41039e-05,-6.08389e-05,-5.7078e-05,-5.3037e-05,-4.894e-05,-4.50104e-05,-4.14624e-05,-3.84945e-05,-3.62824e-05,-3.49738e-05,-3.4684e-05,-3.54917e-05,-3.74365e-05,-4.0517e-05,-4.46909e-05,-4.98762e-05,-5.59539e-05,-6.27725e-05,-7.01541e-05,-7.79012e-05,-8.58048e-05,-9.36523e-05,-0.000101235,-0.000108355,-0.000114832,-0.000120504,-0.000125236,-0.000128913,-0.00013145,-0.000132781,-0.000132868,-0.000131695,-0.000129266,-0.00012561,-0.00012078,-0.00011485,-0.000107922,-0.000100122,-9.15979e-05,-8.25235e-05,-7.30892e-05,-6.35006e-05,-5.39714e-05,-4.47165e-05,-3.59452e-05,-2.78532e-05,-2.06162e-05,-1.43838e-05,-9.27492e-06,-5.37455e-06,-2.73162e-06,-1.35828e-06,-1.23003e-06,-2.28643e-06,-4.43255e-06,-7.54081e-06,-1.14535e-05,-1.59863e-05,-2.09329e-05,-2.60715e-05,-3.11726e-05,-3.60089e-05,-4.03665e-05,-4.40561e-05,-4.69248e-05,-4.88654e-05,-4.98238e-05,-4.98015e-05,-4.88551e-05,-4.70902e-05,-4.46519e-05,-4.17113e-05,-3.84515e-05,-3.50524e-05,-3.16771e-05,-2.84614e-05,-2.55064e-05,-2.28755e-05,-2.05948e-05,-1.86573e-05,-1.6851e-05,-1.50896e-05,-1.33982e-05,-1.1682e-05,-9.8539e-06,-7.8888e-06,-5.84332e-06,-3.85461e-06,-2.10945e-06,-7.88329e-07,0
0,5.50589e-07,8.28576e-07,9.35481e-07,9.59675e-07,9.14005e-07,7.22847e-07,2.37318e-07,-7.27497e-07,-2.34718e-06,-4.75056e-06,-7.97069e-06,-1.18424e-05,-1.633e-05,-2.15547e-05,-2.73802e-05,-3.3618e-05,-4.00382e-05,-4.63838e-05,-5.23879e-05,-5.77911e-05,-6.23591e-05,-6.58975e-05,-6.82644e-05,-6.9378e-05,-6.922e-05,-6.78354e-05,-6.5327e-05,-6.18485e-05,-5.75936e-05,-5.27856e-05,-4.76656e-05,-4.24814e-05,-3.74775e-05,-3.28869e-05,-2.89226e-05,-2.57728e-05,-2.35951e-05,-2.25131e-05,-2.26133e-05,-2.3943e-05,-2.65092e-05,-3.02784e-05,-3.51776e-05,-4.10963e-05,-4.7891e-05,-5.53897e-05,-6.33987e-05,-7.171e-05,-8.01093e-05,-8.83833e-05,-9.63277e-05,-0.000103753,-0.000110488,-0.000116386,-0.000121322,-0.000125196,-0.00012793,-0.000129469,-0.000129775,-0.000128831,-0.000126636,-0.000123208,-0.000118587,-0.000112831,-0.000106024,-9.82746e-05,-8.9717e-05,-8.05106e-05,-7.08375e-05,-6.08989e-05,-5.09091e-05,-4.10892e-05,-3.16593e-05,-2.28308e-05,-1.47991e-05,-7.73745e-06,-1.79118e-06,2.92573e-06,6.33336e-06,8.3873e-06,9.07936e-06,8.43771e-06,6.52694e-06,3.4477e-06,-6.63816e-07,-5.63734e-06,-1.12711e-05,-1.73364e-05,-2.35843e-05,-2.97546e-05,-3.55881e-05,-4.08389e-05,-4.52893e-05,-4.87627e-05,-5.11353e-05,-5.2344e-05,-5.239e-05,-5.13372e-05,-4.93055e-05,-4.64596e-05,-4.29946e-05,-3.91203e-05,-3.50445e-05,-3.09592e-05,-2.70288e-05,-2.33828e-05,-2.01113e-05,-1.72651e-05,-1.46389e-05,-1.21951e-05,-1.00464e-05,-8.14228e-06,-6.40394e-06,-4.77998e-06,-3.26867e-06,-1.9274e-06,-8.60773e-07,-1.88112e-07,0
0,1.14517e-06,2.01323e-06,2.62857e-06,3.00305e-06,3.07345e-06,2.71137e-06,1.75242e-06,3.59766e-08,-2.55678e-06,-6.07795e-06,-1.04698e-05,-1.54589e-05,-2.09587e-05,-2.70774e-05,-3.3618e-05,-4.03368e-05,-4.69574e-05,-5.31889e-05,-5.87454e-05,-6.33653e-05,-6.68291e-05,-6.8974e-05,-6.97043e-05,-6.89962e-05,-6.68977e-05,-6.35239e-05,-5.90479e-05,-5.36894e-05,-4.77011e-05,-4.13548e-05,-3.49284e-05,-2.86936e-05,-2.29063e-05,-1.77979e-05,-1.35701e-05,-1.03896e-05,-8.38577e-06,-7.6489e-06,-8.22893e-06,-1.01355e-05,-1.33383e-05,-1.77685e-05,-2.3321e-05,-2.98576e-05,-3.72122e-05,-4.51961e-05,-5.36052e-05,-6.22273e-05,-7.08503e-05,-7.92692e-05,-8.72929e-05,-9.47491e-05,-0.000101488,-0.000107383,-0.000112331,-0.000116251,-0.000119082,-0.000120779,-0.000121309,-0.000120654,-0.000118805,-0.000115767,-0.000111561,-0.000106222,-9.98108e-05,-9.2409e-05,-8.41273e-05,-7.51036e-05,-6.55031e-05,-5.55148e-05,-4.53473e-05,-3.52216e-05,-2.5364e-05,-1.59979e-05,-7.33578e-06,4.27415e-07,7.12041e-06,1.26e-05,1.6754e-05,1.95035e-05,2.08044e-05,2.06481e-05,1.90631e-05,1.61162e-05,1.19142e-05,6.60407e-06,3.73581e-07,-6.55148e-06,-1.39119e-05,-2.14232e-05,-2.87869e-05,-3.57046e-05,-4.18948e-05,-4.71091e-05,-5.11485e-05,-5.38763e-05,-5.52267e-05,-5.52085e-05,-5.39018e-05,-5.14502e-05,-4.80473e-05,-4.39208e-05,-3.93141e-05,-3.44693e-05,-2.96112e-05,-2.49357e-05,-2.06007e-05,-1.67216e-05,-1.31111e-05,-9.79279e-06,-6.98306e-06,-4.6959e-06,-2.88071e-06,-1.47717e-06,-4.36173e-07,2.61902e-07,6.00096e-07,5.32122e-07,0
0,1.77392e-06,3.23669e-06,4.32545e-06,4.97187e-06,5.04202e-06,4.36807e-06,2.78866e-06,1.876e-07,-3.479e-06,-8.17263e-06,-1.3736e-05,-1.97836e-05,-2.61774e-05,-3.30137e-05,-4.00382e-05,-4.69574e-05,-5.3457e-05,-5.92227e-05,-6.39615e-05,-6.74229e-05,-6.94159e-05,-6.98227e-05,-6.86058e-05,-6.581e-05,-6.15577e-05,-5.60398e-05,-4.95021e-05,-4.22299e-05,-3.45312e-05,-2.67203e-05,-1.91037e-05,-1.19672e-05,-5.56655e-06,-1.20929e-07,4.19157e-06,7.2359e-06,8.92065e-06,9.19745e-06,8.05967e-06,5.54066e-06,1.71145e-06,-3.322e-06,-9.42238e-06,-1.64254e-05,-2.41453e-05,-3.23811e-05,-4.0924e-05,-4.95651e-05,-5.81023e-05,-6.63479e-05,-7.41335e-05,-8.1314e-05,-8.77695e-05,-9.34045e-05,-9.8146e-05,-0.00010194,-0.000104745,-0.000106533,-0.000107278,-0.000106962,-0.000105566,-0.000103078,-9.94952e-05,-9.48242e-05,-8.90915e-05,-8.23463e-05,-7.46656e-05,-6.61571e-05,-5.69601e-05,-4.72437e-05,-3.72031e-05,-2.70533e-05,-1.70215e-05,-7.33887e-06,1.76771e-06,1.00836e-05,1.74126e-05,2.35824e-05,2.8448e-05,3.18944e-05,3.38388e-05,3.42324e-05,3.30628e-05,3.0357e-05,2.61847e-05,2.06615e-05,1.39515e-05,6.26745e-06,-2.13142e-06,-1.09456e-05,-1.98459e-05,-2.84878e-05,-3.65293e-05,-4.36508e-05,-4.95751e-05,-5.40854e-05,-5.70397e-05,-5.8379e-05,-5.813e-05,-5.64e-05,-5.33666e-05,-4.92615e-05,-4.43519e-05,-3.89208e-05,-3.32476e-05,-2.75917e-05,-2.21795e-05,-1.71949e-05,-1.24758e-05,-8.11665e-06,-4.45271e-06,-1.58156e-06,4.97863e-07,1.83459e-06,2.50941e-06,2.61079e-06,2.21027e-06,1.3436e-06,0
0,2.411e-06,4.44489e-06,5.94578e-06,6.76474e-06,6.70627e-06,5.5795e-06,3.24619e-06,-3.45707e-07,-5.14894e-06,-1.10236e-05,-1.77076e-05,-2.47021e-05,-3.18199e-05,-3.91492e-05,-4.63838e-05,-5.31889e-05,-5.92227e-05,-6.41593e-05,-6.77123e-05,-6.96559e-05,-6.98412e-05,-6.82078e-05,-6.47877e-05,-5.97027e-05,-5.31554e-05,-4.54153e-05,-3.68005e-05,-2.76586e-05,-1.83464e-05,-9.21261e-06,-5.81528e-07,7.25844e-06,1.40633e-05,1.96385e-05,2.38403e-05,2.65756e-05,2.77997e-05,2.75131e-05,2.5758e-05,2.26141e-05,1.81955e-05,1.26454e-05,6.13234e-06,-1.1556e-06,-9.01684e-06,-1.72432e-05,-2.56273e-05,-3.39703e-05,-4.20887e-05,-4.98207e-05,-5.70299e-05,-6.36083e-05,-6.94754e-05,-7.45757e-05,-7.88745e-05,-8.23512e-05,-8.49936e-05,-8.67911e-05,-8.77295e-05,-8.77886e-05,-8.69409e-05,-8.51539e-05,-8.23943e-05,-7.86348e-05,-7.38612e-05,-6.80802e-05,-6.13269e-05,-5.36696e-05,-4.52127e-05,-3.60973e-05,-2.64976e-05,-1.66159e-05,-6.67528e-06,3.08955e-06,1.24407e-05,2.1146e-05,2.89857e-05,3.57588e-05,4.12872e-05,4.5419e-05,4.80311e-05,4.90316e-05,4.83638e-05,4.60098e-05,4.19961e-05,3.63991e-05,2.93501e-05,2.10391e-05,1.17146e-05,1.68056e-06,-8.71289e-06,-1.90833e-05,-2.90345e-05,-3.81789e-05,-4.6161e-05,-5.26803e-05,-5.7511e-05,-6.05166e-05,-6.16572e-05,-6.09895e-05,-5.86595e-05,-5.48882e-05,-4.99529e-05,-4.41656e-05,-3.78514e-05,-3.13275e-05,-2.48861e-05,-1.87804e-05,-1.28771e-05,-7.34823e-06,-2.66022e-06,9.88336e-07,3.52783e-06,4.97394e-06,5.41971e-06,5.00947e-06,3.89934e-06,2.21277e-06,0
0,3.03088e-06,5.58575e-06,7.41498e-06,8.29204e-06,7.97222e-06,6.26009e-06,3.06098e-06,-1.59468e-06,-7.55521e-06,-1.45721e-05,-2.22767e-05,-3.00589e-05,-3.76867e-05,-4.52464e-05,-5.23879e-05,-5.87454e-05,-6.39615e-05,-6.77123e-05,-6.97318e-05,-6.98325e-05,-6.79207e-05,-6.40046e-05,-5.81944e-05,-5.06953e-05,-4.17934e-05,-3.18361e-05,-2.12107e-05,-1.03204e-05,4.37503e-07,1.06914e-05,2.01107e-05,2.8417e-05,3.53905e-05,4.08726e-05,4.47646e-05,4.70239e-05,4.76596e-05,4.67263e-05,4.43182e-05,4.05636e-05,3.56194e-05,2.96656e-05,2.28995e-05,1.55299e-05,7.76994e-06,-1.70037e-07,-8.09017e-06,-1.58086e-05,-2.31678e-05,-3.00403e-05,-3.63307e-05,-4.19767e-05,-4.69462e-05,-5.12324e-05,-5.48464e-05,-5.78089e-05,-6.01407e-05,-6.18549e-05,-6.29502e-05,-6.34067e-05,-6.31857e-05,-6.22316e-05,-6.04781e-05,-5.78565e-05,-5.43052e-05,-4.97809e-05,-4.42679e-05,-3.77863e-05,-3.03973e-05,-2.22054e-05,-1.33566e-05,-4.03417e-06,5.54877e-06,1.51581e-05,2.45484e-05,3.34719e-05,4.16873e-05,4.89657e-05,5.50963e-05,5.989e-05,6.31826e-05,6.48378e-05,6.47518e-05,6.28584e-05,5.91358e-05,5.36148e-05,4.6386e-05,3.76068e-05,2.75048e-05,1.63773e-05,4.58405e-06,-7.46446e-06,-1.93264e-05,-3.05521e-05,-4.07104e-05,-4.94164e-05,-5.63564e-05,-6.1308e-05,-6.41538e-05,-6.48865e-05,-6.36054e-05,-6.05053e-05,-5.58583e-05,-4.9992e-05,-4.32653e-05,-3.60446e-05,-2.86825e-05,-2.14997e-05,-1.43909e-05,-7.60911e-06,-1.76124e-06,2.83851e-06,6.03018e-06,7.77336e-06,8.1514e-06,7.34748e-06,5.59377e-06,3.10346e-06,0
0,3.60981e-06,6.6123e-06,8.66875e-06,9.48126e-06,8.77076e-06,6.35691e-06,2.20824e-06,-3.54646e-06,-1.06413e-05,-1.87157e-05,-2.72966e-05,-3.56673e-05,-4.35576e-05,-5.10602e-05,-5.77911e-05,-6.33653e-05,-6.74229e-05,-6.96559e-05,-6.98325e-05,-6.78168e-05,-6.35818e-05,-5.72136e-05,-4.89072e-05,-3.89544e-05,-2.77244e-05,-1.56398e-05,-3.14998e-06,9.29519e-06,2.12695e-05,3.23905e-05,4.23345e-05,5.08459e-05,5.77413e-05,6.29083e-05,6.63018e-05,6.79368e-05,6.78808e-05,6.62452e-05,6.31776e-05,5.88546e-05,5.34746e-05,4.72519e-05,4.04098e-05,3.31739e-05,2.57647e-05,1.83898e-05,1.12361e-05,4.46217e-06,-1.8074e-06,-7.48639e-06,-1.25282e-05,-1.69241e-05,-2.06983e-05,-2.39001e-05,-2.65936e-05,-2.88464e-05,-3.07179e-05,-3.22487e-05,-3.34525e-05,-3.43114e-05,-3.47745e-05,-3.47614e-05,-3.41693e-05,-3.28832e-05,-3.07884e-05,-2.77843e-05,-2.37969e-05,-1.879e-05,-1.27736e-05,-5.8079e-06,1.99643e-06,1.04815e-05,1.94495e-05,2.86712e-05,3.78968e-05,4.6866e-05,5.53172e-05,6.29951e-05,6.9657e-05,7.50772e-05,7.90504e-05,8.13957e-05,8.19612e-05,8.06301e-05,7.73292e-05,7.20383e-05,6.48007e-05,5.5733e-05,4.50317e-05,3.29758e-05,1.99236e-05,6.30179e-06,-7.41252e-06,-2.07158e-05,-3.31072e-05,-4.41196e-05,-5.33497e-05,-6.04842e-05,-6.53193e-05,-6.77718e-05,-6.78803e-05,-6.57977e-05,-6.17753e-05,-5.61411e-05,-4.92744e-05,-4.15797e-05,-3.34615e-05,-2.53031e-05,-1.70238e-05,-8.95737e-06,-1.85617e-06,3.83872e-06,7.85961e-06,1.0088e-05,1.05742e-05,9.52001e-06,7.22133e-06,3.97914e-06,0
0,4.12731e-06,7.48554e-06,9.65685e-06,1.02811e-05,9.0615e-06,5.85229e-06,7.0312e-07,-6.14622e-06,-1.43097e-05,-2.33158e-05,-3.25918e-05,-4.1322e-05,-4.92066e-05,-5.63545e-05,-6.23591e-05,-6.68291e-05,-6.94159e-05,-6.98412e-05,-6.79207e-05,-6.35818e-05,-5.68737e-05,-4.79672e-05,-3.71459e-05,-2.47883e-05,-1.13433e-05,2.6982e-06,1.68341e-05,3.05794e-05,4.34922e-05,5.51928e-05,6.53779e-05,7.38269e-05,8.04033e-05,8.50499e-05,8.77815e-05,8.86747e-05,8.78575e-05,8.54984e-05,8.17973e-05,7.69765e-05,7.12734e-05,6.49331e-05,5.82011e-05,5.13161e-05,4.45019e-05,3.79589e-05,3.18562e-05,2.63243e-05,2.14491e-05,1.72695e-05,1.37772e-05,1.09208e-05,8.61357e-06,6.74395e-06,5.18916e-06,3.82957e-06,2.56315e-06,1.31832e-06,6.38427e-08,-1.18519e-06,-2.36617e-06,-3.37269e-06,-4.063e-06,-4.27241e-06,-3.8285e-06,-2.56765e-06,-3.51266e-07,2.9198e-06,7.2941e-06,1.27626e-05,1.92566e-05,2.66494e-05,3.47634e-05,4.33788e-05,5.22447e-05,6.10906e-05,6.96367e-05,7.7603e-05,8.47161e-05,9.0715e-05,9.53545e-05,9.84099e-05,9.96814e-05,9.90016e-05,9.62438e-05,9.1334e-05,8.42631e-05,7.50994e-05,6.39993e-05,5.12131e-05,3.70853e-05,2.20464e-05,6.59685e-06,-8.71665e-06,-2.33318e-05,-3.67045e-05,-4.83437e-05,-5.78428e-05,-6.49055e-05,-6.93628e-05,-7.118e-05,-7.04537e-05,-6.73984e-05,-6.23267e-05,-5.56235e-05,-4.77181e-05,-3.90568e-05,-3.00776e-05,-2.07179e-05,-1.13881e-05,-2.98763e-06,3.90852e-06,8.91084e-06,1.18025e-05,1.25772e-05,1.14336e-05,8.71504e-06,4.80497e-06,0
0,4.5673e-06,8.17671e-06,1.0346e-05,1.06644e-05,8.83465e-06,4.76425e-06,-1.40099e-06,-9.30147e-06,-1.84294e-05,-2.82066e-05,-3.79695e-05,-4.68126e-05,-5.44162e-05,-6.09168e-05,-6.58975e-05,-6.8974e-05,-6.98227e-05,-6.82078e-05,-6.40046e-05,-5.72136e-05,-4.79672e-05,-3.65251e-05,-2.32596e-05,-8.6326e-06,6.83376e-06,2.25903e-05,3.80941e-05,5.2839e-05,6.63812e-05,7.83582e-05,8.84996e-05,9.6631e-05,0.000102671,0.000106625,0.00010857,0.000108645,0.000107038,0.000103973,9.96978e-05,9.44766e-05,8.85815e-05,8.22842e-05,7.58488e-05,6.95233e-05,6.35313e-05,5.80626e-05,5.32649e-05,4.92366e-05,4.6021e-05,4.3605e-05,4.19209e-05,4.08525e-05,4.02457e-05,3.99222e-05,3.96966e-05,3.93934e-05,3.88647e-05,3.80055e-05,3.6765e-05,3.51539e-05,3.3246e-05,3.11739e-05,2.91192e-05,2.72983e-05,2.59443e-05,2.52877e-05,2.55363e-05,2.68578e-05,2.93651e-05,3.31062e-05,3.806e-05,4.41365e-05,5.11831e-05,5.89932e-05,6.73181e-05,7.58795e-05,8.43818e-05,9.25218e-05,9.99976e-05,0.000106514,0.000111789,0.000115556,0.000117568,0.000117609,0.0001155,0.000111111,0.000104377,9.53138e-05,8.40292e-05,7.07351e-05,5.57503e-05,3.94964e-05,2.24841e-05,5.29059e-06,-1.1471e-05,-2.71879e-05,-4.12857e-05,-5.32657e-05,-6.27356e-05,-6.94338e-05,-7.32417e-05,-7.41861e-05,-7.24299e-05,-6.82543e-05,-6.20342e-05,-5.42095e-05,-4.52559e-05,-3.56564e-05,-2.53569e-05,-1.48373e-05,-5.14147e-06,3.01888e-06,9.12218e-06,1.28358e-05,1.40745e-05,1.30106e-05,1.00167e-05,5.54971e-06,0
0,4.91895e-06,8.66883e-06,1.07217e-05,1.06291e-05,8.11102e-06,3.14452e-06,-4.01674e-06,-1.28887e-05,-2.28443e-05,-3.32066e-05,-4.3232e-05,-5.19365e-05,-5.89912e-05,-6.45719e-05,-6.82644e-05,-6.97043e-05,-6.86058e-05,-6.47877e-05,-5.81944e-05,-4.89072e-05,-3.71459e-05,-2.32596e-05,-7.70626e-06,8.97529e-06,2.61998e-05,4.33721e-05,5.99227e-05,7.5339e-05,8.91905e-05,0.000101145,0.000110976,0.000118566,0.000123893,0.000127027,0.000128109,0.000127339,0.00012496,0.000121245,0.000116486,0.000110984,0.00010504,9.89485e-05,9.29876e-05,8.74122e-05,8.24428e-05,7.82565e-05,7.49772e-05,7.26686e-05,7.13288e-05,7.08899e-05,7.12217e-05,7.21401e-05,7.34207e-05,7.48159e-05,7.60748e-05,7.69643e-05,7.72886e-05,7.69073e-05,7.57485e-05,7.38174e-05,7.11976e-05,6.80469e-05,6.45866e-05,6.10849e-05,5.78369e-05,5.51418e-05,5.32798e-05,5.24907e-05,5.2956e-05,5.47857e-05,5.8011e-05,6.25835e-05,6.83794e-05,7.52089e-05,8.28287e-05,9.09553e-05,9.9279e-05,0.000107476,0.000115217,0.000122177,0.000128038,0.000132494,0.000135258,0.000136066,0.000134687,0.000130938,0.000124698,0.000115925,0.000104673,9.11077e-05,7.55106e-05,5.82817e-05,3.99281e-05,2.10437e-05,2.27956e-06,-1.56935e-05,-3.22258e-05,-4.67301e-05,-5.87185e-05,-6.78323e-05,-7.38612e-05,-7.67509e-05,-7.65989e-05,-7.364e-05,-6.82234e-05,-6.07847e-05,-5.18151e-05,-4.18313e-05,-3.07762e-05,-1.91887e-05,-8.25055e-06,1.19101e-06,8.47659e-06,1.31437e-05,1.50082e-05,1.41928e-05,1.10798e-05,6.18725e-06,0
0,5.17715e-06,8.9575e-06,1.07883e-05,1.0198e-05,6.93992e-06,1.07448e-06,-7.02904e-06,-1.67616e-05,-2.73834e-05,-3.81295e-05,-4.81892e-05,-5.65115e-05,-6.27699e-05,-6.71918e-05,-6.9378e-05,-6.89962e-05,-6.581e-05,-5.97027e-05,-5.06953e-05,-3.89544e-05,-2.47883e-05,-8.6326e-06,8.97529e-06,2.74297e-05,4.60947e-05,6.43439e-05,8.15966e-05,9.73495e-05,0.000111199,0.000122856,0.000132148,0.000139017,0.000143506,0.000145749,0.000145948,0.000144356,0.000141267,0.000136997,0.000131872,0.000126224,0.000120379,0.000114648,0.000109323,0.000104662,0.000100882,9.81458e-05,9.65521e-05,9.61291e-05,9.68284e-05,9.85258e-05,0.000101027,0.000104078,0.000107384,0.000110625,0.000113486,0.000115675,0.000116946,0.000117124,0.000116115,0.000113917,0.000110622,0.00010641,0.000101542,9.63362e-05,9.11484e-05,8.6347e-05,8.22855e-05,7.92781e-05,7.75777e-05,7.73595e-05,7.87112e-05,8.16294e-05,8.6023e-05,9.17224e-05,9.8492e-05,0.000106046,0.000114062,0.000122197,0.000130099,0.000137414,0.000143791,0.000148892,0.000152389,0.000153978,0.000153382,0.000150365,0.000144752,0.000136442,0.000125433,0.000111836,9.58863e-05,7.79499e-05,5.85165e-05,3.8182e-05,1.7621e-05,-2.45066e-06,-2.13185e-05,-3.83139e-05,-5.28565e-05,-6.44897e-05,-7.29063e-05,-7.79621e-05,-7.96776e-05,-7.82273e-05,-7.392e-05,-6.71715e-05,-5.84744e-05,-4.83666e-05,-3.67743e-05,-2.42825e-05,-1.22012e-05,-1.50735e-06,7.00028e-06,1.27197e-05,1.535e-05,1.49436e-05,1.1871e-05,6.69777e-06,0
0,5.34257e-06,9.05066e-06,1.05687e-05,9.41648e-06,5.3953e-06,-1.34069e-06,-1.0303e-05,-2.07612e-05,-3.18722e-05,-4.27963e-05,-5.26696e-05,-6.03862e-05,-6.56336e-05,-6.87024e-05,-6.922e-05,-6.68977e-05,-6.15577e-05,-5.31554e-05,-4.17934e-05,-2.77244e-05,-1.13433e-05,6.83376e-06,2.61998e-05,4.60947e-05,6.5847e-05,8.48145e-05,0.000102422,0.00011819,0.000131756,0.000142881,0.000151455,0.000157482,0.000161071,0.000162412,0.000161761,0.000159422,0.000155725,0.000151021,0.000145666,0.000140014,0.00013441,0.000129183,0.000124631,0.000121019,0.000118557,0.000117395,0.000117607,0.000119187,0.000122038,0.000125979,0.000130752,0.000136033,0.000141454,0.000146628,0.000151172,0.000154735,0.000157027,0.000157834,0.00015704,0.000154635,0.000150718,0.00014549,0.000139247,0.000132353,0.000125225,0.000118298,0.000111998,0.000106714,0.000102771,0.000100413,9.97864e-05,0.000100936,0.000103807,0.000108251,0.000114045,0.0001209,0.000128485,0.00013644,0.000144391,0.000151957,0.000158762,0.000164435,0.000168619,0.000170971,0.000171174,0.000168946,0.000164061,0.000156363,0.000145788,0.000132389,0.000116349,9.79881e-05,7.7765e-05,5.62631e-05,3.41647e-05,1.2216e-05,-8.81651e-06,-2.8193e-05,-4.5247e-05,-5.94263e-05,-7.03247e-05,-7.77027e-05,-8.14943e-05,-8.18019e-05,-7.888e-05,-7.31104e-05,-6.49729e-05,-5.50129e-05,-4.31252e-05,-2.99261e-05,-1.68412e-05,-4.96774e-06,4.75926e-06,1.15928e-05,1.51019e-05,1.52486e-05,1.23719e-05,7.06847e-06,0
0,5.42131e-06,8.96761e-06,1.01017e-05,8.34886e-06,3.57034e-06,-3.97925e-06,-1.36925e-05,-2.47252e-05,-3.61426e-05,-4.70452e-05,-5.65298e-05,-6.3448e-05,-6.75115e-05,-6.90858e-05,-6.78354e-05,-6.35239e-05,-5.60398e-05,-4.54153e-05,-3.18361e-05,-1.56398e-05,2.6982e-06,2.25903e-05,4.33721e-05,6.43439e-05,8.48145e-05,0.000104143,0.000121775,0.000137269,0.000150313,0.000160728,0.000168466,0.000173595,0.000176281,0.000176767,0.000175354,0.000172381,0.000168209,0.000163214,0.000157771,0.000152253,0.000147021,0.000142416,0.000138747,0.000136282,0.00013523,0.000135727,0.000137825,0.000141481,0.000146553,0.000152804,0.00015991,0.000167478,0.00017507,0.000182227,0.000188504,0.000193494,0.000196859,0.000198352,0.000197836,0.000195289,0.000190816,0.000184637,0.000177076,0.000168545,0.000159513,0.000150479,0.000141941,0.000134361,0.000128139,0.000123586,0.000120911,0.000120208,0.000121461,0.000124549,0.000129257,0.000135299,0.000142336,0.000149993,0.000157873,0.000165576,0.000172701,0.000178851,0.000183643,0.000186704,0.000187686,0.000186267,0.000182174,0.000175198,0.000165219,0.00015223,0.000136351,0.00011785,9.71435e-05,7.47858e-05,5.1452e-05,2.79026e-05,4.94149e-06,-1.66331e-05,-3.60779e-05,-5.27505e-05,-6.61475e-05,-7.5931e-05,-8.19424e-05,-8.42025e-05,-8.28998e-05,-7.83689e-05,-7.10627e-05,-6.15209e-05,-4.95914e-05,-3.59055e-05,-2.19896e-05,-9.04843e-06,1.85406e-06,9.82496e-06,1.42936e-05,1.51155e-05,1.25784e-05,7.29379e-06,0
0,5.42418e-06,8.73729e-06,9.43932e-06,7.0737e-06,1.57101e-06,-6.71086e-06,-1.70499e-05,-2.84979e-05,-4.0043e-05,-5.07405e-05,-5.96622e-05,-6.5628e-05,-6.83837e-05,-6.83801e-05,-6.5327e-05,-5.90479e-05,-4.95021e-05,-3.68005e-05,-2.12107e-05,-3.14998e-06,1.68341e-05,3.80941e-05,5.99227e-05,8.15966e-05,0.000102422,0.000121775,0.000139137,0.000154115,0.000166456,0.000176044,0.000182893,0.000187129,0.000188969,0.000188698,0.000186649,0.000183186,0.00017869,0.000173551,0.000168158,0.000162898,0.000158145,0.000154254,0.000151546,0.000150294,0.000150708,0.000152915,0.000156945,0.000162722,0.000170058,0.000178658,0.000188134,0.000198024,0.000207817,0.000216988,0.000225029,0.00023148,0.00023596,0.000238188,0.000238006,0.000235384,0.000230429,0.000223374,0.000214573,0.000204473,0.000193596,0.000182501,0.000171752,0.000161885,0.000153372,0.000146594,0.000141824,0.000139207,0.000138769,0.000140413,0.000143941,0.000149067,0.000155445,0.000162685,0.000170374,0.000178088,0.000185408,0.000191917,0.00019721,0.000200896,0.000202597,0.000201964,0.000198683,0.000192502,0.000183245,0.000170843,0.000155355,0.000136989,0.000116105,9.32177e-05,6.89796e-05,4.41485e-05,1.95494e-05,-3.97523e-06,-2.56174e-05,-4.46532e-05,-6.04866e-05,-7.26822e-05,-8.09856e-05,-8.53292e-05,-8.58262e-05,-8.27525e-05,-7.65218e-05,-6.76546e-05,-5.59366e-05,-4.19971e-05,-2.74471e-05,-1.3583e-05,-1.58689e-06,7.50609e-06,1.29804e-05,1.45723e-05,1.25008e-05,7.37533e-06,0
0,5.36578e-06,8.39592e-06,8.64253e-06,5.67835e-06,-4.90892e-07,-9.4048e-06,-2.02342e-05,-3.19394e-05,-4.34461e-05,-5.37796e-05,-6.19994e-05,-6.69034e-05,-6.82804e-05,-6.66747e-05,-6.18485e-05,-5.36894e-05,-4.22299e-05,-2.76586e-05,-1.03204e-05,9.29519e-06,3.05794e-05,5.2839e-05,7.5339e-05,9.73495e-05,0.00011819,0.000137269,0.000154115,0.000168393,0.000179913,0.000188621,0.00019459,0.000197997,0.000199096,0.000198203,0.000195671,0.000191876,0.000187207,0.000182061,0.000176838,0.000171934,0.000167738,0.00016462,0.000162917,0.000162914,0.000164824,0.00016877,0.000174762,0.000182691,0.000192324,0.000203308,0.000215187,0.000227429,0.000239453,0.000250666,0.000260499,0.000268441,0.000274071,0.000277079,0.000277286,0.000274655,0.000269291,0.000261441,0.000251479,0.000239888,0.000227233,0.000214129,0.000201206,0.00018907,0.000178265,0.000169244,0.000162342,0.000157761,0.000155568,0.000155694,0.000157955,0.00016207,0.000167683,0.000174392,0.000181764,0.000189359,0.000196738,0.00020347,0.000209136,0.000213329,0.000215656,0.000215746,0.000213257,0.000207897,0.000199442,0.000187766,0.000172867,0.000154883,0.000134115,0.000111025,8.62271e-05,6.0461e-05,3.4556e-05,9.38297e-06,-1.41993e-05,-3.53969e-05,-5.35288e-05,-6.80663e-05,-7.8659e-05,-8.51478e-05,-8.75637e-05,-8.61151e-05,-8.11651e-05,-7.32033e-05,-6.19377e-05,-4.79794e-05,-3.30064e-05,-1.83897e-05,-5.41486e-06,4.74834e-06,1.1239e-05,1.3665e-05,1.21622e-05,7.32131e-06,0
0,5.26327e-06,7.98432e-06,7.77734e-06,4.25311e-06,-2.50483e-06,-1.19378e-05,-2.31195e-05,-3.49327e-05,-4.62556e-05,-5.60975e-05,-6.35167e-05,-6.72974e-05,-6.72781e-05,-6.41039e-05,-5.75936e-05,-4.77011e-05,-3.45312e-05,-1.83464e-05,4.37503e-07,2.12695e-05,4.34922e-05,6.63812e-05,8.91905e-05,0.000111199,0.000131756,0.000150313,0.000166456,0.000179913,0.000190556,0.000198393,0.000203546,0.000206231,0.000206729,0.000205371,0.000202516,0.000198541,0.000193837,0.000188799,0.000183834,0.00017935,0.000175752,0.000173432,0.000172748,0.000174003,0.000177422,0.000183125,0.000191107,0.000201227,0.000213205,0.000226625,0.000240964,0.000255613,0.000269918,0.000283218,0.000294884,0.000304359,0.000311181,0.000315015,0.000315666,0.000313087,0.000307385,0.000298813,0.000287764,0.00027475,0.000260374,0.000245305,0.000230233,0.000215834,0.000202726,0.000191434,0.00018236,0.000175763,0.000171751,0.000170286,0.0001712,0.000174213,0.000178961,0.000185027,0.000191961,0.000199304,0.000206601,0.00021341,0.000219302,0.000223863,0.000226693,0.000227408,0.000225647,0.00022109,0.000213472,0.000202617,0.000188458,0.00017107,0.000150685,0.000127703,0.000102686,7.63425e-05,4.94892e-05,2.30086e-05,-2.20535e-06,-2.53018e-05,-4.55256e-05,-6.22615e-05,-7.5067e-05,-8.36911e-05,-8.80791e-05,-8.83652e-05,-8.48533e-05,-7.79914e-05,-6.73961e-05,-5.36441e-05,-3.84635e-05,-2.32809e-05,-9.46904e-06,1.67956e-06,9.16242e-06,1.24543e-05,1.15963e-05,7.14574e-06,0
0,5.13519e-06,7.54513e-06,6.91027e-06,2.88562e-06,-4.36803e-06,-1.42008e-05,-2.56013e-05,-3.73894e-05,-4.841e-05,-5.76686e-05,-6.4232e-05,-6.68763e-05,-6.5495e-05,-6.08389e-05,-5.27856e-05,-4.13548e-05,-2.67203e-05,-9.21261e-06,1.06914e-05,3.23905e-05,5.51928e-05,7.83582e-05,0.000101145,0.000122856,0.000142881,0.000160728,0.000176044,0.000188621,0.000198393,0.00020542,0.000209862,0.000211962,0.000212015,0.000210351,0.000207325,0.000203304,0.00019867,0.000193818,0.000189159,0.000185116,0.000182118,0.000180584,0.000180906,0.000183411,0.000188344,0.000195829,0.000205847,0.000218226,0.000232633,0.000248589,0.000265492,0.000282653,0.000299337,0.000314812,0.000328388,0.00033946,0.000347534,0.000352251,0.000353402,0.000350935,0.000344954,0.00033572,0.000323638,0.000309243,0.000293175,0.00027615,0.000258922,0.000242234,0.000226781,0.000213163,0.000201853,0.000193167,0.000187262,0.000184129,0.000183613,0.000185435,0.000189222,0.00019454,0.000200919,0.000207882,0.000214959,0.000221695,0.000227659,0.000232434,0.000235621,0.000236833,0.000235702,0.000231888,0.000225096,0.000215106,0.000201794,0.000185169,0.000165394,0.000142799,0.000117886,9.13172e-05,6.38814e-05,3.64564e-05,9.9556e-06,-1.47285e-05,-3.67793e-05,-5.5505e-05,-7.03774e-05,-8.10565e-05,-8.7402e-05,-8.94699e-05,-8.74989e-05,-8.18868e-05,-7.21464e-05,-5.88059e-05,-4.36269e-05,-2.80728e-05,-1.35848e-05,-1.56364e-06,6.85476e-06,1.10119e-05,1.08458e-05,6.86742e-06,0
0,5.00015e-06,7.12001e-06,6.10432e-06,1.65577e-06,-5.99112e-06,-1.61047e-05,-2.76019e-05,-3.92535e-05,-4.98846e-05,-5.85071e-05,-6.42033e-05,-6.57446e-05,-6.30829e-05,-5.7078e-05,-4.76656e-05,-3.49284e-05,-1.91037e-05,-5.81528e-07,2.01107e-05,4.23345e-05,6.53779e-05,8.84996e-05,0.000110976,0.000132148,0.000151455,0.000168466,0.000182893,0.00019459,0.000203546,0.000209862,0.000213727,0.000215394,0.000215156,0.000213334,0.000210262,0.000206292,0.000201793,0.000197156,0.000192802,0.000189175,0.000186736,0.000185945,0.000187234,0.000190972,0.000197427,0.000206737,0.000218874,0.00023363,0.000250618,0.000269283,0.000288933,0.000308788,0.000328023,0.000345825,0.000361443,0.000374221,0.000383635,0.000389309,0.000391023,0.000388721,0.000382508,0.000372646,0.000359552,0.000343778,0.000325998,0.000306975,0.000287523,0.000268461,0.000250565,0.000234516,0.000220862,0.000209984,0.000202086,0.00019719,0.000195154,0.000195697,0.000198433,0.000202907,0.000208625,0.00021509,0.000221814,0.000228334,0.000234216,0.000239046,0.000242433,0.000243996,0.000243368,0.000240201,0.000234181,0.000225051,0.000212641,0.000196896,0.000177909,0.000155939,0.00013142,0.000104954,7.72927e-05,4.92917e-05,2.18678e-05,-4.06012e-06,-2.76282e-05,-4.80805e-05,-6.48123e-05,-7.7401e-05,-8.5623e-05,-8.94563e-05,-8.90703e-05,-8.48068e-05,-7.60645e-05,-6.33111e-05,-4.8327e-05,-3.2594e-05,-1.76021e-05,-4.84287e-06,4.4258e-06,9.41617e-06,9.95923e-06,6.50866e-06,0
0,4.8758e-06,6.74724e-06,5.41545e-06,6.31459e-07,-7.30258e-06,-1.75845e-05,-2.90729e-05,-4.05032e-05,-5.06918e-05,-5.86649e-05,-6.35245e-05,-6.40392e-05,-6.022e-05,-5.3037e-05,-4.24814e-05,-2.86936e-05,-1.19672e-05,7.25844e-06,2.8417e-05,5.08459e-05,7.38269e-05,9.6631e-05,0.000118566,0.000139017,0.000157482,0.000173595,0.000187129,0.000197997,0.000206231,0.000211962,0.000215394,0.000216776,0.000216387,0.000214523,0.000211493,0.000207626,0.000203275,0.000198833,0.000194732,0.000191449,0.000189488,0.000189364,0.000191564,0.000196509,0.000204511,0.000215723,0.000230113,0.000247437,0.000267244,0.00028889,0.000311579,0.000334418,0.000356477,0.00037685,0.000394712,0.000409362,0.000420246,0.000426974,0.000429322,0.000427235,0.000420817,0.000410333,0.000396203,0.000378996,0.000359415,0.000338271,0.000316446,0.000294841,0.000274321,0.000255661,0.000239491,0.000226266,0.000216238,0.000209461,0.000205803,0.000204976,0.000206575,0.000210118,0.000215084,0.000220948,0.000227205,0.00023338,0.000239037,0.00024377,0.000247197,0.000248954,0.000248683,0.00024604,0.0002407,0.000232384,0.000220878,0.000206076,0.000188001,0.000166841,0.000142958,0.000116889,8.93318e-05,6.11104e-05,3.31289e-05,6.3169e-06,-1.84297e-05,-4.03043e-05,-5.86373e-05,-7.29324e-05,-8.28888e-05,-8.84087e-05,-8.95921e-05,-8.67208e-05,-7.90725e-05,-6.70444e-05,-5.24237e-05,-3.66933e-05,-2.13724e-05,-8.02465e-06,1.9853e-06,7.74851e-06,8.98853e-06,6.0941e-06,0
0,4.77781e-06,6.45971e-06,4.88977e-06,-1.34554e-07,-8.25167e-06,-1.8601e-05,-2.99965e-05,-4.11501e-05,-5.08783e-05,-5.82272e-05,-6.23202e-05,-6.1922e-05,-5.71023e-05,-4.894e-05,-3.74775e-05,-2.29063e-05,-5.56655e-06,1.40633e-05,3.53905e-05,5.77413e-05,8.04033e-05,0.000102671,0.000123893,0.000143506,0.000161071,0.000176281,0.000188969,0.000199096,0.000206729,0.000212015,0.000215156,0.000216387,0.000215959,0.000214134,0.000211189,0.000207425,0.000203184,0.000198861,0.000194913,0.000191856,0.000190255,0.000190692,0.00019373,0.000199861,0.00020945,0.000222684,0.000239529,0.000259704,0.000282681,0.000307709,0.000333863,0.000360112,0.000385394,0.000408691,0.000429097,0.000445855,0.000458385,0.000466292,0.000469358,0.00046753,0.000460914,0.000449774,0.000434531,0.000415765,0.000394206,0.000370719,0.000346259,0.000321826,0.000298391,0.000276838,0.000257896,0.000242098,0.000229753,0.000220944,0.000215545,0.000213254,0.000213636,0.000216176,0.000220317,0.000225501,0.000231198,0.00023692,0.000242228,0.000246724,0.000250042,0.000251837,0.00025177,0.000249508,0.000244729,0.000237139,0.000226495,0.000212643,0.000195547,0.000175325,0.000152265,0.000126835,9.96726e-05,7.15573e-05,4.3368e-05,1.60301e-05,-9.54344e-06,-3.251e-05,-5.21483e-05,-6.78998e-05,-7.93945e-05,-8.64647e-05,-8.91433e-05,-8.76514e-05,-8.11412e-05,-6.99335e-05,-5.58122e-05,-4.02465e-05,-2.4766e-05,-1.09865e-05,-3.62024e-07,6.08906e-06,7.98653e-06,5.64936e-06,0
0,4.7192e-06,6.28346e-06,4.56167e-06,-6.06545e-07,-8.80993e-06,-1.91422e-05,-3.0385e-05,-4.12373e-05,-5.05221e-05,-5.73078e-05,-6.07386e-05,-5.95722e-05,-5.39345e-05,-4.50104e-05,-3.28869e-05,-1.77979e-05,-1.20929e-07,1.96385e-05,4.08726e-05,6.29083e-05,8.50499e-05,0.000106625,0.000127027,0.000145749,0.000162412,0.000176767,0.000188698,0.000198203,0.000205371,0.000210351,0.000213334,0.000214523,0.000214134,0.000212388,0.000209524,0.000205818,0.0002016,0.000197276,0.000193335,0.000190346,0.00018895,0.000189818,0.000193607,0.000200902,0.000212143,0.000227567,0.000247145,0.000270559,0.000297191,0.000326157,0.000356369,0.000386618,0.000415677,0.000442388,0.000465741,0.000484922,0.000499331,0.000508575,0.000512452,0.00051092,0.000504092,0.000492223,0.000475728,0.000455191,0.000431371,0.000405189,0.000377693,0.00035,0.000323217,0.000298358,0.000276275,0.000257593,0.000242682,0.000231652,0.000224374,0.000220519,0.000219615,0.000221097,0.000224361,0.00022881,0.000233882,0.000239071,0.000243932,0.000248075,0.000251151,0.000252838,0.000252822,0.000250791,0.000246433,0.000239451,0.000229584,0.00021664,0.000200532,0.000181314,0.000159202,0.000134595,0.000108065,8.03396e-05,5.22609e-05,2.47374e-05,-1.31534e-06,-2.50332e-05,-4.56578e-05,-6.25804e-05,-7.53734e-05,-8.3807e-05,-8.78522e-05,-8.76717e-05,-8.22908e-05,-7.19509e-05,-5.84265e-05,-4.31608e-05,-2.76767e-05,-1.36222e-05,-2.52115e-06,4.51324e-06,7.00435e-06,5.19986e-06,0
0,4.70985e-06,6.23675e-06,4.4528e-06,-7.66526e-07,-8.97114e-06,-1.92215e-05,-3.02784e-05,-4.08355e-05,-4.97266e-05,-5.60421e-05,-5.89442e-05,-5.71783e-05,-5.09223e-05,-4.14624e-05,-2.89226e-05,-1.35701e-05,4.19157e-06,2.38403e-05,4.47646e-05,6.63018e-05,8.77815e-05,0.00010857,0.000128109,0.000145948,0.000161761,0.000175354,0.000186649,0.000195671,0.000202516,0.000207325,0.000210262,0.000211493,0.000211189,0.000209524,0.0002067,0.000202966,0.000198648,0.000194166,0.00019005,0.00018694,0.000185565,0.000186707,0.000191143,0.000199577,0.000212555,0.000230383,0.000253058,0.000280221,0.000311149,0.000344791,0.00037985,0.000414888,0.00044846,0.000479227,0.000506055,0.000528062,0.000544635,0.000555404,0.000560195,0.000558993,0.000551914,0.000539201,0.00052125,0.000498636,0.000472143,0.000442761,0.000411653,0.000380086,0.00034934,0.000320602,0.000294872,0.000272888,0.000255089,0.000241604,0.000232291,0.000226776,0.000224527,0.000224916,0.000227279,0.000230967,0.000235379,0.000239984,0.00024433,0.00024803,0.000250753,0.000252203,0.000252095,0.000250143,0.000246055,0.000239541,0.000230331,0.000218207,0.000203042,0.000184831,0.000163729,0.000140064,0.000114343,8.72361e-05,5.95418e-05,3.21402e-05,5.93674e-06,-1.81971e-05,-3.948e-05,-5.72672e-05,-7.10857e-05,-8.0654e-05,-8.58891e-05,-8.69002e-05,-8.25874e-05,-7.31136e-05,-6.02411e-05,-4.53781e-05,-3.00259e-05,-1.58454e-05,-4.41044e-06,3.08864e-06,6.08934e-06,4.7697e-06,0
0,4.75629e-06,6.32983e-06,4.57201e-06,-6.13764e-07,-8.74992e-06,-1.88755e-05,-2.97401e-05,-4.0038e-05,-4.86147e-05,-5.45805e-05,-5.71099e-05,-5.49298e-05,-4.82641e-05,-3.84945e-05,-2.57728e-05,-1.03896e-05,7.2359e-06,2.65756e-05,4.70239e-05,6.79368e-05,8.86747e-05,0.000108645,0.000127339,0.000144356,0.000159422,0.000172381,0.000183186,0.000191876,0.000198541,0.000203304,0.000206292,0.000207626,0.000207425,0.000205818,0.000202966,0.000199097,0.000194532,0.000189714,0.000185223,0.000181779,0.000180216,0.000181449,0.000186405,0.000195942,0.000210747,0.000231235,0.000257451,0.000289004,0.000325048,0.000364323,0.000405256,0.000446108,0.000485144,0.000520789,0.000551751,0.000577075,0.00059615,0.000608652,0.000614469,0.000613624,0.00060624,0.000592532,0.000572853,0.000547754,0.000518033,0.000484761,0.000449249,0.000412965,0.000377418,0.000344024,0.000313975,0.000288148,0.000267056,0.000250843,0.000239324,0.000232056,0.000228423,0.00022771,0.000229175,0.000232105,0.000235852,0.000239854,0.000243644,0.000246839,0.000249125,0.000250229,0.000249899,0.000247879,0.000243905,0.000237701,0.000229,0.00021757,0.000203251,0.000185994,0.000165897,0.000143226,0.000118424,9.21025e-05,6.5011e-05,3.79938e-05,1.19354e-05,-1.22985e-05,-3.39173e-05,-5.22545e-05,-6.68052e-05,-7.72483e-05,-8.34569e-05,-8.54937e-05,-8.21389e-05,-7.34807e-05,-6.12704e-05,-4.68758e-05,-3.17647e-05,-1.75932e-05,-5.9645e-06,1.87256e-06,5.28326e-06,4.38074e-06,0
0,4.86172e-06,6.56512e-06,4.91603e-06,-1.63299e-07,-8.17927e-06,-1.81603e-05,-2.88525e-05,-3.89543e-05,-4.73217e-05,-5.308e-05,-5.54093e-05,-5.30096e-05,-4.61439e-05,-3.62824e-05,-2.35951e-05,-8.38577e-06,8.92065e-06,2.77997e-05,4.76596e-05,6.78808e-05,8.78575e-05,0.000107038,0.00012496,0.000141267,0.000155725,0.000168209,0.00017869,0.000187207,0.000193837,0.00019867,0.000201793,0.000203275,0.000203184,0.0002016,0.000198648,0.000194532,0.000189574,0.000184242,0.000179172,0.00017517,0.000173192,0.000174306,0.000179621,0.000190193,0.000206904,0.00023033,0.000260608,0.000297333,0.000339519,0.00038564,0.000433762,0.000481739,0.000527448,0.000569,0.000604899,0.000634116,0.000656068,0.000670525,0.000677475,0.000677012,0.00066926,0.000654382,0.00063265,0.00060455,0.000570882,0.00053281,0.000491837,0.000449707,0.000408243,0.000369165,0.000333924,0.000303571,0.0002787,0.000259446,0.00024555,0.000236456,0.000231425,0.000229628,0.000230227,0.00023243,0.000235532,0.000238935,0.000242155,0.000244807,0.000246591,0.000247259,0.000246591,0.000244365,0.000240348,0.000234286,0.000225924,0.000215026,0.000201413,0.000185002,0.000165844,0.000144151,0.000120309,9.48721e-05,6.85398e-05,4.21152e-05,1.64534e-05,-7.59627e-06,-2.92471e-05,-4.78248e-05,-6.28062e-05,-7.38442e-05,-8.07793e-05,-8.36376e-05,-8.10867e-05,-7.31479e-05,-6.15655e-05,-4.76657e-05,-3.28739e-05,-1.88263e-05,-7.13593e-06,9.10242e-07,4.62088e-06,4.05184e-06,0
0,5.0262e-06,6.93789e-06,5.47087e-06,5.56358e-07,-7.3071e-06,-1.71468e-05,-2.77112e-05,-3.77037e-05,-4.59877e-05,-5.16969e-05,-5.40082e-05,-5.1586e-05,-4.47244e-05,-3.49738e-05,-2.25131e-05,-7.6489e-06,9.19745e-06,2.75131e-05,4.67263e-05,6.62452e-05,8.54984e-05,0.000103973,0.000121245,0.000136997,0.000151021,0.000163214,0.000173551,0.000182061,0.000188799,0.000193818,0.000197156,0.000198833,0.000198861,0.000197276,0.000194166,0.000189714,0.000184242,0.000178244,0.000172409,0.000167633,0.000165002,0.000165756,0.000171223,0.000182706,0.000201355,0.000227986,0.000262903,0.000305729,0.000355323,0.00040982,0.000466804,0.000523577,0.000577484,0.000626212,0.000668007,0.000701767,0.000726988,0.000743608,0.000751789,0.00075173,0.000743559,0.000727339,0.000703192,0.000671476,0.000632958,0.000588909,0.000541091,0.000491624,0.000442768,0.000396668,0.00035512,0.0003194,0.000290183,0.000267561,0.000251137,0.000240177,0.000233769,0.000230936,0.000230723,0.000232248,0.000234743,0.000237569,0.000240217,0.000242302,0.000243534,0.00024369,0.000242578,0.000240014,0.000235796,0.0002297,0.000221489,0.000210933,0.000197845,0.000182122,0.000163779,0.000142984,0.000120075,9.55533e-05,7.00706e-05,4.43864e-05,1.93209e-05,-4.30202e-06,-2.57107e-05,-4.42359e-05,-5.93503e-05,-7.06944e-05,-7.80891e-05,-8.1535e-05,-7.95972e-05,-7.22399e-05,-6.12089e-05,-4.77906e-05,-3.33631e-05,-1.953e-05,-7.89597e-06,2.33892e-07,4.1291e-06,3.79829e-06,0
0,5.247e-06,7.43726e-06,6.21366e-06,1.5061e-06,-6.19228e-06,-1.59156e-05,-2.64185e-05,-3.64082e-05,-4.47505e-05,-5.0579e-05,-5.30579e-05,-5.08063e-05,-4.4141e-05,-3.4684e-05,-2.26133e-05,-8.22893e-06,8.05967e-06,2.5758e-05,4.43182e-05,6.31776e-05,8.17973e-05,9.96978e-05,0.000116486,0.000131872,0.000145666,0.000157771,0.000168158,0.000176838,0.000183834,0.000189159,0.000192802,0.000194732,0.000194913,0.000193335,0.00019005,0.000185223,0.000179172,0.000172409,0.000165671,0.000159936,0.000156419,0.000156547,0.000161894,0.000174075,0.000194595,0.000224634,0.000264786,0.000314787,0.000373338,0.00043814,0.000506122,0.000573824,0.000637855,0.000695324,0.000744143,0.000783149,0.000812008,0.000830949,0.000840425,0.000840804,0.000832206,0.000814519,0.0007876,0.000751567,0.00070709,0.000655561,0.00059909,0.000540328,0.000482148,0.000427291,0.000378027,0.000335923,0.000301736,0.000275442,0.0002564,0.000243592,0.000235868,0.000232071,0.000231112,0.000232015,0.00023394,0.000236205,0.000238281,0.000239776,0.000240408,0.000239977,0.000238319,0.000235284,0.000230705,0.000224389,0.000216123,0.000205694,0.000192917,0.000177678,0.000159972,0.000139936,0.000117867,9.42244e-05,6.96151e-05,4.4756e-05,2.04294e-05,-2.5727e-06,-2.35032e-05,-4.17096e-05,-5.66737e-05,-6.80372e-05,-7.56151e-05,-7.93948e-05,-7.78506e-05,-7.09025e-05,-6.0308e-05,-4.73198e-05,-3.32671e-05,-1.97119e-05,-8.23419e-06,-1.37615e-07,3.82642e-06,3.63148e-06,0
0,5.51905e-06,8.0475e-06,7.11483e-06,2.63944e-06,-4.90034e-06,-1.45519e-05,-2.50775e-05,-3.5186e-05,-4.3738e-05,-4.98581e-05,-5.26875e-05,-5.07901e-05,-4.44966e-05,-3.54917e-05,-2.3943e-05,-1.01355e-05,5.54066e-06,2.26141e-05,4.05636e-05,5.88546e-05,7.69765e-05,9.44766e-05,0.000110984,0.000126224,0.000140014,0.000152253,0.000162898,0.000171934,0.00017935,0.000185116,0.000189175,0.000191449,0.000191856,0.000190346,0.00018694,0.000181779,0.00017517,0.000167633,0.000159936,0.000153121,0.00014852,0.00014774,0.000152626,0.000165164,0.00018732,0.000220806,0.000266739,0.000325122,0.000394521,0.000472074,0.000553808,0.000635193,0.000711804,0.000779946,0.0008371,0.000882076,0.000914857,0.00093617,0.000946942,0.000947815,0.000938883,0.00091973,0.000889752,0.000848644,0.000796869,0.000735944,0.00066846,0.000597817,0.000527772,0.000461906,0.000403156,0.000353472,0.000313675,0.000283505,0.000261885,0.000247333,0.000238388,0.000233702,0.000232052,0.000232363,0.000233731,0.00023543,0.00023691,0.000237771,0.000237742,0.000236638,0.000234323,0.000230677,0.000225566,0.000218832,0.00021029,0.000199747,0.000187033,0.000172035,0.000154742,0.00013527,0.000113889,9.10263e-05,6.72497e-05,4.32377e-05,1.97337e-05,-2.50605e-06,-2.27665e-05,-4.04223e-05,-5.49761e-05,-6.60845e-05,-7.35697e-05,-7.74193e-05,-7.60302e-05,-6.92919e-05,-5.89869e-05,-4.63428e-05,-3.26423e-05,-1.93998e-05,-8.15715e-06,-1.98306e-07,3.72295e-06,3.55872e-06,0
0,5.8355e-06,8.7493e-06,8.14039e-06,3.90585e-06,-3.49908e-06,-1.31397e-05,-2.37863e-05,-3.41444e-05,-4.3062e-05,-4.96441e-05,-5.29986e-05,-5.16245e-05,-4.58575e-05,-3.74365e-05,-2.65092e-05,-1.33383e-05,1.71145e-06,1.81955e-05,3.56194e-05,5.34746e-05,7.12734e-05,8.85815e-05,0.00010504,0.000120379,0.00013441,0.000147021,0.000158145,0.000167738,0.000175752,0.000182118,0.000186736,0.000189488,0.000190255,0.00018895,0.000185565,0.000180216,0.000173192,0.000165002,0.000156419,0.00014852,0.000142715,0.000140771,0.000144799,0.000157194,0.000180485,0.000217125,0.000269187,0.000337259,0.000419827,0.000513276,0.000612367,0.000711047,0.000803415,0.000884649,0.000951652,0.00100328,0.00104009,0.00106362,0.00107558,0.00107705,0.00106807,0.0010477,0.00101456,0.000967617,0.000906935,0.000834158,0.000752546,0.000666583,0.000581297,0.000501484,0.000431017,0.000372372,0.000326404,0.000292411,0.000268514,0.000252421,0.000242346,0.000236796,0.000234447,0.000234139,0.000234905,0.000235979,0.000236789,0.000236934,0.000236146,0.000234256,0.000231149,0.000226732,0.000220903,0.000213534,0.000204472,0.000193553,0.000180625,0.000165591,0.000148443,0.000129292,0.000108394,8.61534e-05,6.31095e-05,3.99064e-05,1.72511e-05,-4.13836e-06,-2.35845e-05,-4.04974e-05,-5.44116e-05,-6.50106e-05,-7.21376e-05,-7.57932e-05,-7.43107e-05,-6.75649e-05,-5.73772e-05,-4.4962e-05,-3.15608e-05,-1.86378e-05,-7.68633e-06,4.58835e-08,3.82069e-06,3.58335e-06,0
0,6.18818e-06,9.52123e-06,9.25425e-06,5.25391e-06,-2.05459e-06,-1.17576e-05,-2.26321e-05,-3.33747e-05,-4.2812e-05,-5.00191e-05,-5.40601e-05,-5.33599e-05,-4.82509e-05,-4.0517e-05,-3.02784e-05,-1.77685e-05,-3.322e-06,1.26454e-05,2.96656e-05,4.72519e-05,6.49331e-05,8.22842e-05,9.89485e-05,0.000114648,0.000129183,0.000142416,0.000154254,0.00016462,0.000173432,0.000180584,0.000185945,0.000189364,0.000190692,0.000189818,0.000186707,0.000181449,0.000174306,0.000165756,0.000156547,0.00014774,0.000140771,0.000137505,0.000140285,0.000151907,0.000175479,0.000214287,0.000272354,0.000351447,0.000450058,0.000563523,0.000684785,0.000805594,0.000917919,0.00101532,0.00109393,0.00115277,0.00119336,0.0012186,0.00123146,0.00123373,0.00122531,0.00120442,0.00116838,0.00111492,0.0010434,0.000955581,0.000855668,0.000749735,0.000644669,0.000547019,0.000462006,0.000392841,0.00034039,0.000303184,0.000277855,0.000260455,0.000249195,0.00024266,0.000239478,0.000238412,0.00023843,0.000238729,0.000238721,0.000237999,0.0002363,0.000233464,0.000229393,0.000224016,0.000217255,0.000209013,0.000199166,0.000187581,0.000174137,0.000158757,0.00014145,0.000122336,0.000101669,7.9844e-05,5.73796e-05,3.48934e-05,1.30587e-05,-7.44469e-06,-2.59804e-05,-4.20007e-05,-5.50815e-05,-6.49445e-05,-7.14658e-05,-7.46725e-05,-7.28485e-05,-6.58689e-05,-5.56099e-05,-4.32857e-05,-3.0105e-05,-1.74825e-05,-6.85549e-06,5.78574e-07,4.11421e-06,3.70483e-06,0
0,6.56821e-06,1.0341e-05,1.04203e-05,6.6343e-06,-6.27563e-07,-1.04744e-05,-2.16873e-05,-3.29476e-05,-4.30513e-05,-5.10337e-05,-5.5905e-05,-5.60077e-05,-5.16628e-05,-4.46909e-05,-3.51776e-05,-2.3321e-05,-9.42238e-06,6.13234e-06,2.28995e-05,4.04098e-05,5.82011e-05,7.58488e-05,9.29876e-05,0.000109323,0.000124631,0.000138747,0.000151546,0.000162917,0.000172748,0.000180906,0.000187234,0.000191564,0.00019373,0.000193607,0.000191143,0.000186405,0.000179621,0.000171223,0.000161894,0.000152626,0.000144799,0.000140285,0.000141577,0.000151841,0.000174601,0.000213037,0.000275958,0.000367322,0.000485619,0.000624622,0.000774626,0.000924175,0.00106213,0.00117972,0.00127198,0.00133832,0.00138185,0.00140771,0.00142088,0.00142428,0.00141763,0.00139769,0.00135965,0.0012992,0.0012145,0.00110738,0.000983468,0.000851171,0.000720113,0.000599395,0.000496176,0.000414741,0.000356021,0.000317402,0.000292767,0.000273871,0.000260886,0.000252932,0.000248576,0.000246447,0.00024543,0.000244681,0.000243597,0.000241767,0.000238929,0.000234928,0.000229674,0.000223106,0.000215168,0.000205783,0.000194861,0.000182298,0.000168007,0.000151945,0.000134146,0.000114752,9.40279e-05,7.23693e-05,5.02869e-05,2.83784e-05,7.28806e-06,-1.23414e-05,-2.99169e-05,-4.49383e-05,-5.70304e-05,-6.59629e-05,-7.16566e-05,-7.41768e-05,-7.17719e-05,-6.43333e-05,-5.38066e-05,-4.14205e-05,-2.83616e-05,-1.59984e-05,-5.70768e-06,1.37472e-06,4.59154e-06,3.91917e-06,0
0,6.96638e-06,1.11866e-05,1.16044e-05,8.0022e-06,7.29646e-07,-9.34573e-06,-2.10057e-05,-3.29097e-05,-4.38141e-05,-5.27047e-05,-5.85289e-05,-5.95396e-05,-5.60389e-05,-4.98762e-05,-4.10963e-05,-2.98576e-05,-1.64254e-05,-1.1556e-06,1.55299e-05,3.31739e-05,5.13161e-05,6.95233e-05,8.74122e-05,0.000104662,0.000121019,0.000136282,0.000150294,0.000162914,0.000174003,0.000183411,0.000190972,0.000196509,0.000199861,0.000200902,0.000199577,0.000195942,0.000190193,0.000182706,0.000174075,0.000165164,0.000157194,0.000151907,0.000151841,0.000160672,0.000182624,0.000213931,0.000278559,0.00038332,0.000526111,0.000698244,0.000886139,0.00107367,0.00124512,0.00138826,0.00149661,0.00157026,0.00161493,0.00163933,0.00165174,0.00165686,0.0016541,0.00163785,0.00159981,0.0015323,0.00143149,0.00129928,0.00114339,0.000975771,0.00081008,0.000659126,0.000532843,0.0004371,0.000373168,0.000337314,0.000319301,0.00029608,0.000279686,0.00026946,0.00026335,0.000259654,0.000257131,0.0002549,0.000252348,0.000249058,0.000244765,0.000239308,0.000232591,0.000224558,0.000215158,0.000204334,0.000192019,0.000178144,0.000162657,0.000145554,0.000126908,0.000106891,8.57932e-05,6.4022e-05,4.20895e-05,2.05818e-05,1.19142e-07,-1.86907e-05,-3.5299e-05,-4.92568e-05,-6.02442e-05,-6.80876e-05,-7.27622e-05,-7.43826e-05,-7.11754e-05,-6.30618e-05,-5.20725e-05,-3.94652e-05,-2.6416e-05,-1.42535e-05,-4.29224e-06,2.40253e-06,5.23525e-06,4.21928e-06,0
0,7.37365e-06,1.20373e-05,1.27755e-05,9.31923e-06,1.97519e-06,-8.41189e-06,-2.06206e-05,-3.32815e-05,-4.51035e-05,-5.5014e-05,-6.18898e-05,-6.38881e-05,-6.12858e-05,-5.59539e-05,-4.7891e-05,-3.72122e-05,-2.41453e-05,-9.01684e-06,7.76994e-06,2.57647e-05,4.45019e-05,6.35313e-05,8.24428e-05,0.000100882,0.000118557,0.00013523,0.000150708,0.000164824,0.000177422,0.000188344,0.000197427,0.000204511,0.00020945,0.000212143,0.000212555,0.000210747,0.000206904,0.000201355,0.000194595,0.00018732,0.000180485,0.000175479,0.000174601,0.000182624,0.000212613,0.000215581,0.000276101,0.000395757,0.000569742,0.000785655,0.0010244,0.00126306,0.00147916,0.00165531,0.00178273,0.00186271,0.00190512,0.00192443,0.00193421,0.00194208,0.00194686,0.00193912,0.00190483,0.00183086,0.00171015,0.00154466,0.00134539,0.00112964,0.000917116,0.000725957,0.000569977,0.000457257,0.000389942,0.000364733,0.000373463,0.00033002,0.0003074,0.000294034,0.00028547,0.000279494,0.000274778,0.000270441,0.000265872,0.000260648,0.000254487,0.000247205,0.00023869,0.000228869,0.000217689,0.000205099,0.000191053,0.000175512,0.000158464,0.000139951,0.000120089,9.90925e-05,7.72872e-05,5.51042e-05,3.3066e-05,1.17546e-05,-8.22827e-06,-2.63075e-05,-4.19787e-05,-5.48468e-05,-6.46524e-05,-7.12852e-05,-7.47833e-05,-7.53209e-05,-7.11144e-05,-6.21284e-05,-5.04916e-05,-3.75055e-05,-2.43482e-05,-1.23159e-05,-2.66188e-06,3.62545e-06,6.02351e-06,4.5955e-06,0
0,7.78144e-06,1.28745e-05,1.39072e-05,1.05547e-05,3.07911e-06,-7.69656e-06,-2.05435e-05,-3.40575e-05,-4.68925e-05,-5.79102e-05,-6.59104e-05,-6.895e-05,-6.72755e-05,-6.27725e-05,-5.53897e-05,-4.51961e-05,-3.23811e-05,-1.72432e-05,-1.70037e-07,1.83898e-05,3.79589e-05,5.80626e-05,7.82565e-05,9.81458e-05,0.000117395,0.000135727,0.000152915,0.00016877,0.000183125,0.000195829,0.000206737,0.000215723,0.000222684,0.000227567,0.000230383,0.000231235,0.00023033,0.000227986,0.000224634,0.000220806,0.000217125,0.000214287,0.000213037,0.000213931,0.000215581,0.000200419,0.000250587,0.000368287,0.000548606,0.000777997,0.00103509,0.00129387,0.00152864,0.00171935,0.00185583,0.00193947,0.00198164,0.00199903,0.00200741,0.00201572,0.00202278,0.00201772,0.00198428,0.00190704,0.00177744,0.00159736,0.00137912,0.00114255,0.000910325,0.000703531,0.000538315,0.000424288,0.000364494,0.000356806,0.000397269,0.000366023,0.000344027,0.000328329,0.000316633,0.000307393,0.000299525,0.000292239,0.000284939,0.000277182,0.000268647,0.000259106,0.000248404,0.000236435,0.000223127,0.000208425,0.000192296,0.000174727,0.000155749,0.00013545,0.000114,9.16664e-05,6.88162e-05,4.5915e-05,2.3504e-05,2.16843e-06,-1.75039e-05,-3.49675e-05,-4.97624e-05,-6.15488e-05,-7.01316e-05,-7.54694e-05,-7.76705e-05,-7.69763e-05,-7.16044e-05,-6.15739e-05,-4.9123e-05,-3.56105e-05,-2.22287e-05,-1.02503e-05,-8.70173e-07,5.00394e-06,6.93129e-06,5.03613e-06,0
0,8.18193e-06,1.36823e-05,1.49783e-05,1.16866e-05,4.02381e-06,-7.20675e-06,-2.07652e-05,-3.52072e-05,-4.91258e-05,-6.13113e-05,-7.04814e-05,-7.45906e-05,-7.38498e-05,-7.01541e-05,-6.33987e-05,-5.36052e-05,-4.0924e-05,-2.56273e-05,-8.09017e-06,1.12361e-05,3.18562e-05,5.32649e-05,7.49772e-05,9.65521e-05,0.000117607,0.000137825,0.000156945,0.000174762,0.000191107,0.000205847,0.000218874,0.000230113,0.000239529,0.000247145,0.000253058,0.000257451,0.000260608,0.000262903,0.000264786,0.000266739,0.000269187,0.000272354,0.000275958,0.000278559,0.000276101,0.000250587,0.000291066,0.000401217,0.000577155,0.000806014,0.00106678,0.00133353,0.00158036,0.00178664,0.00194114,0.00204359,0.0021032,0.00213436,0.00215088,0.00216063,0.00216258,0.00214718,0.00210008,0.00200773,0.00186288,0.001668,0.00143557,0.00118559,0.000941354,0.000725082,0.000554351,0.000440072,0.000386045,0.000390044,0.000446096,0.00041908,0.000395266,0.000375315,0.000358703,0.000344628,0.000332294,0.000320983,0.000310083,0.000299088,0.0002876,0.000275313,0.000262,0.0002475,0.000231702,0.000214536,0.000195969,0.000176015,0.000154744,0.000132296,0.000108901,8.48808e-05,6.06577e-05,3.67377e-05,1.36884e-05,-7.89611e-06,-2.74374e-05,-4.44175e-05,-5.84196e-05,-6.91608e-05,-7.65129e-05,-8.05075e-05,-8.13283e-05,-7.92906e-05,-7.26223e-05,-6.14065e-05,-4.80001e-05,-3.38306e-05,-2.01166e-05,-8.11609e-06,1.03049e-06,6.49713e-06,7.93143e-06,5.52791e-06,0
0,8.56821e-06,1.44474e-05,1.59729e-05,1.27011e-05,4.80379e-06,-6.93366e-06,-2.12569e-05,-3.66775e-05,-5.1723e-05,-6.51087e-05,-7.54674e-05,-8.06495e-05,-8.08277e-05,-7.79012e-05,-7.171e-05,-6.22273e-05,-4.95651e-05,-3.39703e-05,-1.58086e-05,4.46217e-06,2.63243e-05,4.92366e-05,7.26686e-05,9.61291e-05,0.000119187,0.000141481,0.000162722,0.000182691,0.000201227,0.000218226,0.00023363,0.000247437,0.000259704,0.000270559,0.000280221,0.000289004,0.000297333,0.000305729,0.000314787,0.000325122,0.000337259,0.000351447,0.000367322,0.00038332,0.000395757,0.000368287,0.000401217,0.000499887,0.000662507,0.000878815,0.00113084,0.00139584,0.00165054,0.00187566,0.00205916,0.00219746,0.00229416,0.00235686,0.0023931,0.00240695,0.00239728,0.00235824,0.00228147,0.00215961,0.00198986,0.00177648,0.00153144,0.00127302,0.00102283,0.000802233,0.000628897,0.00051429,0.000462587,0.000471205,0.00053265,0.000498017,0.000465833,0.000437495,0.000413061,0.000391998,0.000373559,0.000356963,0.000341483,0.000326481,0.000311424,0.000295884,0.000279529,0.000262115,0.000243472,0.000223498,0.000202158,0.000179482,0.00015558,0.000130647,0.000104974,7.89469e-05,5.30472e-05,2.78282e-05,3.88989e-06,-1.81601e-05,-3.77495e-05,-5.43853e-05,-6.76934e-05,-7.74486e-05,-8.35907e-05,-8.62275e-05,-8.56218e-05,-8.21672e-05,-7.411e-05,-6.1604e-05,-4.71315e-05,-3.21982e-05,-1.80588e-05,-5.96545e-06,2.99041e-06,8.06413e-06,8.9956e-06,6.0566e-06,0
0,8.93446e-06,1.51598e-05,1.68805e-05,1.35928e-05,5.42466e-06,-6.85442e-06,-2.19732e-05,-3.83962e-05,-5.45837e-05,-6.91733e-05,-8.07123e-05,-8.6948e-05,-8.80125e-05,-8.58048e-05,-8.01093e-05,-7.08503e-05,-5.81023e-05,-4.20887e-05,-2.31678e-05,-1.8074e-06,2.14491e-05,4.6021e-05,7.13288e-05,9.68284e-05,0.000122038,0.000146553,0.000170058,0.000192324,0.000213205,0.000232633,0.000250618,0.000267244,0.000282681,0.000297191,0.000311149,0.000325048,0.000339519,0.000355323,0.000373338,0.000394521,0.000419827,0.000450058,0.000485619,0.000526111,0.000569742,0.000548606,0.000577155,0.000662507,0.000806051,0.00100203,0.001238,0.00149702,0.00176082,0.00201292,0.0022407,0.00243577,0.00259303,0.00270894,0.00278015,0.00280337,0.00277638,0.00269893,0.00257283,0.00240156,0.00219051,0.00194778,0.00168507,0.00141775,0.00116384,0.000941776,0.000767475,0.000651607,0.000597946,0.000603432,0.000659842,0.000605752,0.000557507,0.00051571,0.000479984,0.000449473,0.000423139,0.000399932,0.000378871,0.000359094,0.000339865,0.000320586,0.000300782,0.000280098,0.000258286,0.0002352,0.000210787,0.000185094,0.000158268,0.000130557,0.000102318,7.40075e-05,4.61675e-05,1.94045e-05,-5.64531e-06,-2.83572e-05,-4.81622e-05,-6.4591e-05,-7.73116e-05,-8.61559e-05,-9.11332e-05,-9.24284e-05,-9.03855e-05,-8.54793e-05,-7.59805e-05,-6.21185e-05,-4.65041e-05,-3.07281e-05,-1.60899e-05,-3.84331e-06,4.96352e-06,9.66507e-06,1.00952e-05,6.6074e-06,0
0,9.27591e-06,1.58125e-05,1.76958e-05,1.43635e-05,5.90162e-06,-6.93448e-06,-2.2855e-05,-4.02768e-05,-5.75922e-05,-7.33615e-05,-8.60474e-05,-9.32965e-05,-9.51996e-05,-9.36523e-05,-8.83833e-05,-7.92692e-05,-6.63479e-05,-4.98207e-05,-3.00403e-05,-7.48639e-06,1.72695e-05,4.3605e-05,7.08899e-05,9.85258e-05,0.000125979,0.000152804,0.000178658,0.000203308,0.000226625,0.000248589,0.000269283,0.00028889,0.000307709,0.000326157,0.000344791,0.000364323,0.00038564,0.00040982,0.00043814,0.000472074,0.000513276,0.000563523,0.000624622,0.000698244,0.000785655,0.000777997,0.000806014,0.000878815,0.00100203,0.00117613,0.00139626,0.00165339,0.00193608,0.00223194,0.00252801,0.00281006,0.00306135,0.00326218,0.00339192,0.00343405,0.00338263,0.00324539,0.00304,0.00278725,0.00250588,0.00221092,0.00191484,0.0016296,0.00136801,0.00114337,0.000967568,0.00084852,0.000788349,0.000783149,0.000824519,0.000740389,0.000668871,0.000608714,0.000558324,0.000515999,0.000480078,0.000449027,0.000421474,0.000396234,0.000372305,0.000348867,0.00032527,0.000301021,0.000275777,0.000249331,0.000221609,0.000192666,0.000162684,0.000131969,0.000100942,7.01293e-05,4.01411e-05,1.16383e-05,-1.47043e-05,-3.82425e-05,-5.84093e-05,-7.47579e-05,-8.69972e-05,-9.50161e-05,-9.88931e-05,-9.88902e-05,-9.54331e-05,-8.90783e-05,-7.81255e-05,-6.28817e-05,-4.6087e-05,-2.9421e-05,-1.42338e-05,-1.78735e-06,6.90784e-06,1.12619e-05,1.12019e-05,7.16542e-06,0
0,9.58892e-06,1.6401e-05,1.84179e-05,1.50213e-05,6.2575e-06,-7.13052e-06,-2.38342e-05,-4.22233e-05,-6.06241e-05,-7.7522e-05,-9.12979e-05,-9.95022e-05,-0.000102185,-0.000101235,-9.63277e-05,-8.72929e-05,-7.41335e-05,-5.70299e-05,-3.63307e-05,-1.25282e-05,1.37772e-05,4.19209e-05,7.12217e-05,0.000101027,0.000130752,0.00015991,0.000188134,0.000215187,0.000240964,0.000265492,0.000288933,0.000311579,0.000333863,0.000356369,0.00037985,0.000405256,0.000433762,0.000466804,0.000506122,0.000553808,0.000612367,0.000684785,0.000774626,0.000886139,0.0010244,0.00103509,0.00106678,0.00113084,0.001238,0.00139626,0.00160995,0.00187973,0.00220282,0.00257261,0.00297708,0.00339597,0.00379784,0.00413939,0.00437083,0.00444966,0.00435986,0.00412238,0.00378288,0.00339136,0.00298807,0.00259908,0.00223879,0.00191499,0.00163331,0.00139935,0.0012182,0.00109268,0.00102161,0.000999574,0.0010182,0.000896003,0.000795639,0.00071326,0.000645516,0.000589486,0.000542633,0.000502768,0.000468016,0.000436789,0.000407764,0.000379863,0.000352227,0.00032421,0.000295354,0.000265386,0.000234202,0.000201861,0.000168578,0.000134713,0.000100754,6.72999e-05,3.5026e-05,4.65002e-06,-2.31135e-05,-4.76005e-05,-6.82448e-05,-8.46213e-05,-9.64791e-05,-0.000103763,-0.000106619,-0.000105385,-0.000100567,-9.28028e-05,-8.04229e-05,-6.3812e-05,-4.58366e-05,-2.82665e-05,-1.25055e-05,1.71224e-07,8.78559e-06,1.28188e-05,1.22885e-05,7.71603e-06,0
0,9.87082e-06,1.69234e-05,1.90496e-05,1.55788e-05,6.52061e-06,-7.39346e-06,-2.48368e-05,-4.41351e-05,-6.3552e-05,-8.15025e-05,-9.62906e-05,-0.000105377,-0.000108771,-0.000108355,-0.000103753,-9.47491e-05,-8.1314e-05,-6.36083e-05,-4.19767e-05,-1.69241e-05,1.09208e-05,4.08525e-05,7.21401e-05,0.000104078,0.000136033,0.000167478,0.000198024,0.000227429,0.000255613,0.000282653,0.000308788,0.000334418,0.000360112,0.000386618,0.000414888,0.000446108,0.000481739,0.000523577,0.000573824,0.000635193,0.000711047,0.000805594,0.000924175,0.00107367,0.00126306,0.00129387,0.00133353,0.00139584,0.00149702,0.00165339,0.00187973,0.00218833,0.00258783,0.00308118,0.00366138,0.00430482,0.00496292,0.00555625,0.00598006,0.00613313,0.00597094,0.00554468,0.00495988,0.00432152,0.00370486,0.00315098,0.00267506,0.00227756,0.00195329,0.00169644,0.00150201,0.00136497,0.00127905,0.00123636,0.00122842,0.00106374,0.000931373,0.000824531,0.000737844,0.000666982,0.000608396,0.000559146,0.000516785,0.000479277,0.000444945,0.000412425,0.000380637,0.000348764,0.000316229,0.000282683,0.000247986,0.000212201,0.000175573,0.000138514,0.000101577,6.54311e-05,3.08173e-05,-1.49156e-06,-3.07417e-05,-5.62493e-05,-7.74492e-05,-9.3937e-05,-0.000105501,-0.00011214,-0.000114065,-0.000111688,-0.00010559,-9.64883e-05,-8.27451e-05,-6.48205e-05,-4.57019e-05,-2.72466e-05,-1.09133e-05,2.00669e-06,1.0563e-05,1.43027e-05,1.33293e-05,8.24521e-06,0
0,1.01199e-05,1.73797e-05,1.95965e-05,1.60521e-05,6.72247e-06,-7.67165e-06,-2.57879e-05,-4.59118e-05,-6.62509e-05,-8.51557e-05,-0.00010086,-0.000110742,-0.000114775,-0.000114832,-0.000110488,-0.000101488,-8.77695e-05,-6.94754e-05,-4.69462e-05,-2.06983e-05,8.61357e-06,4.02457e-05,7.34207e-05,0.000107384,0.000141454,0.00017507,0.000207817,0.000239453,0.000269918,0.000299337,0.000328023,0.000356477,0.000385394,0.000415677,0.00044846,0.000485144,0.000527448,0.000577484,0.000637855,0.000711804,0.000803415,0.000917919,0.00106213,0.00124512,0.00147916,0.00152864,0.00158036,0.00165054,0.00176082,0.00193608,0.00220282,0.00258783,0.0031166,0.00381006,0.00467755,0.00570347,0.00682574,0.0079101,0.00873896,0.00905924,0.00873377,0.00790682,0.00683612,0.00573954,0.00474696,0.00391235,0.00324196,0.00271888,0.00231888,0.0020187,0.00179886,0.00164348,0.00153926,0.00147481,0.00144091,0.0012333,0.00106849,0.000936808,0.000830884,0.000744974,0.000674506,0.000615776,0.000565753,0.000521945,0.000482309,0.000445193,0.00040929,0.00037361,0.000337454,0.000300394,0.000262255,0.000223098,0.000183196,0.00014301,0.000103156,6.43692e-05,2.74532e-05,-6.76648e-06,-3.74992e-05,-6.40428e-05,-8.58334e-05,-0.000102487,-0.000113829,-0.000119909,-0.000121001,-0.000117583,-0.000110312,-9.99746e-05,-8.49665e-05,-6.58181e-05,-4.5629e-05,-2.63395e-05,-9.46109e-06,3.69773e-06,1.22103e-05,1.56833e-05,1.43003e-05,8.73983e-06,0
0,1.0335e-05,1.77713e-05,2.00659e-05,1.64589e-05,6.89561e-06,-7.91383e-06,-2.66144e-05,-4.74581e-05,-6.86033e-05,-8.83447e-05,-0.000104854,-0.000115437,-0.000120032,-0.000120504,-0.000116386,-0.000107383,-9.34045e-05,-7.45757e-05,-5.12324e-05,-2.39001e-05,6.74395e-06,3.99222e-05,7.48159e-05,0.000110625,0.000146628,0.000182227,0.000216988,0.000250666,0.000283218,0.000314812,0.000345825,0.00037685,0.000408691,0.000442388,0.000479227,0.000520789,0.000569,0.000626212,0.000695324,0.000779946,0.000884649,0.00101532,0.00117972,0.00138826,0.00165531,0.00171935,0.00178664,0.00187566,0.00201292,0.00223194,0.00257261,0.00308118,0.00381006,0.00481598,0.00615226,0.00784747,0.00985821,0.0119856,0.0137766,0.0145403,0.0137756,0.01199,0.0098792,0.00789635,0.00623647,0.00493555,0.00395622,0.00323767,0.00271935,0.00235004,0.00208961,0.00190786,0.00178251,0.00169748,0.001642,0.00139456,0.00119936,0.00104422,0.000920019,0.00081975,0.00073791,0.000670096,0.000612728,0.000562884,0.000518176,0.000476675,0.000436856,0.000397564,0.00035798,0.000317601,0.000276217,0.000233885,0.000190903,0.000147777,0.000105181,6.39106e-05,2.48273e-05,-1.11955e-05,-4.33339e-05,-7.08695e-05,-9.32405e-05,-0.000110082,-0.000121255,-0.000126857,-0.000127216,-0.000122876,-0.000114557,-0.000103113,-8.69691e-05,-6.67198e-05,-4.55658e-05,-2.55225e-05,-8.15005e-06,5.22646e-06,1.37008e-05,1.69335e-05,1.51799e-05,9.18785e-06,0
0,1.05159e-05,1.81007e-05,2.04663e-05,1.68171e-05,7.0714e-06,-8.07185e-06,-2.72495e-05,-4.86872e-05,-7.05039e-05,-9.0948e-05,-0.000108139,-0.00011932,-0.0001244,-0.000125236,-0.000121322,-0.000112331,-9.8146e-05,-7.88745e-05,-5.48464e-05,-2.65936e-05,5.18916e-06,3.96966e-05,7.60748e-05,0.000113486,0.000151172,0.000188504,0.000225029,0.000260499,0.000294884,0.000328388,0.000361443,0.000394712,0.000429097,0.000465741,0.000506055,0.000551751,0.000604899,0.000668007,0.000744143,0.0008371,0.000951652,0.00109393,0.00127198,0.00149661,0.00178273,0.00185583,0.00194114,0.00205916,0.0022407,0.00252801,0.00297708,0.00366138,0.00467755,0.00615226,0.00824496,0.0111308,0.0149233,0.0194587,0.0238561,0.026065,0.0238579,0.0194678,0.0149491,0.0111832,0.00833093,0.00627291,0.00482674,0.00382646,0.00314156,0.0026754,0.00235861,0.00214256,0.00199402,0.00189113,0.00182059,0.00153893,0.00131725,0.00114141,0.00100092,0.000887752,0.000795636,0.000719576,0.000655524,0.00060018,0.000550849,0.000505355,0.000461978,0.00041941,0.000376726,0.000333354,0.000289049,0.000243864,0.00019812,0.000152362,0.000107314,6.38233e-05,2.28043e-05,-1.4829e-05,-4.82237e-05,-7.66485e-05,-9.95443e-05,-0.000116565,-0.000127603,-0.000132797,-0.000132528,-0.000127393,-0.000118171,-0.000105772,-8.86479e-05,-6.74494e-05,-4.54646e-05,-2.47742e-05,-6.9803e-06,6.57773e-06,1.50118e-05,1.80292e-05,1.59488e-05,9.57854e-06,0
0,1.06623e-05,1.83707e-05,2.08058e-05,1.71434e-05,7.27817e-06,-8.10315e-06,-2.76346e-05,-4.95243e-05,-7.18625e-05,-9.28623e-05,-0.000110602,-0.000122273,-0.00012776,-0.000128913,-0.000125196,-0.000116251,-0.00010194,-8.23512e-05,-5.78089e-05,-2.88464e-05,3.82957e-06,3.93934e-05,7.69643e-05,0.000115675,0.000154735,0.000193494,0.00023148,0.000268441,0.000304359,0.00033946,0.000374221,0.000409362,0.000445855,0.000484922,0.000528062,0.000577075,0.000634116,0.000701767,0.000783149,0.000882076,0.00100328,0.00115277,0.00133832,0.00157026,0.00186271,0.00193947,0.00204359,0.00219746,0.00243577,0.00281006,0.00339597,0.00430482,0.00570347,0.00784747,0.0111308,0.0161397,0.0236355,0.0341819,0.0466547,0.0547612,0.0466571,0.0341911,0.0236591,0.0161862,0.0112067,0.00795558,0.00584127,0.00446481,0.00356709,0.00298013,0.0025943,0.00233808,0.00216555,0.00204814,0.00196918,0.00166014,0.00141692,0.00122401,0.00106991,0.000945862,0.000845014,0.000761906,0.000692118,0.000632041,0.000578728,0.000529797,0.000483362,0.000437989,0.000392659,0.000346741,0.00029996,0.000252365,0.000204294,0.000156323,0.000109218,6.38721e-05,2.12391e-05,-1.77324e-05,-5.2167e-05,-8.13234e-05,-0.000104647,-0.000121807,-0.000132725,-0.000137576,-0.000136783,-0.000130989,-0.000121022,-0.000107839,-8.99133e-05,-6.79418e-05,-4.52848e-05,-2.40762e-05,-5.95179e-06,7.73866e-06,1.61234e-05,1.895e-05,1.65902e-05,9.90259e-06,0
0,1.07743e-05,1.85838e-05,2.10916e-05,1.7452e-05,7.53949e-06,-7.97279e-06,-2.77222e-05,-4.99093e-05,-7.26071e-05,-9.40055e-05,-0.000112153,-0.000124203,-0.00013002,-0.00013145,-0.00012793,-0.000119082,-0.000104745,-8.49936e-05,-6.01407e-05,-3.07179e-05,2.56315e-06,3.88647e-05,7.72886e-05,0.000116946,0.000157027,0.000196859,0.00023596,0.000274071,0.000311181,0.000347534,0.000383635,0.000420246,0.000458385,0.000499331,0.000544635,0.00059615,0.000656068,0.000726988,0.000812008,0.000914857,0.00104009,0.00119336,0.00138185,0.00161493,0.00190512,0.00198164,0.0021032,0.00229416,0.00259303,0.00306135,0.00379784,0.00496292,0.00682574,0.00985821,0.0149233,0.0236355,0.0389394,0.0654261,0.106082,0.143772,0.106083,0.0654313,0.0389551,0.023669,0.0149815,0.00994563,0.00694397,0.00510993,0.00396842,0.00324817,0.00278807,0.00249013,0.00229469,0.00216606,0.00208381,0.00175432,0.00149478,0.00128877,0.00112413,0.000991573,0.00088384,0.000795142,0.000720782,0.000656922,0.000600424,0.000548747,0.000499877,0.000452282,0.000404868,0.000356958,0.00030825,0.000258792,0.00020893,0.000159265,0.000110595,6.38435e-05,1.99969e-05,-1.9972e-05,-5.51718e-05,-8.48555e-05,-0.000108473,-0.000125709,-0.000136506,-0.00014107,-0.000139858,-0.000133549,-0.000123006,-0.000109225,-9.06937e-05,-6.81449e-05,-4.49938e-05,-2.3414e-05,-5.06481e-06,8.69844e-06,1.70193e-05,1.96785e-05,1.70903e-05,1.01523e-05,0
0,1.08519e-05,1.87419e-05,2.1329e-05,1.77534e-05,7.87274e-06,-7.65516e-06,-2.74778e-05,-4.97983e-05,-7.26856e-05,-9.43186e-05,-0.000112729,-0.000125043,-0.000131112,-0.000132781,-0.000129469,-0.000120779,-0.000106533,-8.67911e-05,-6.18549e-05,-3.22487e-05,1.31832e-06,3.80055e-05,7.69073e-05,0.000117124,0.000157834,0.000198352,0.000238188,0.000277079,0.000315015,0.000352251,0.000389309,0.000426974,0.000466292,0.000508575,0.000555404,0.000608652,0.000670525,0.000743608,0.000830949,0.00093617,0.00106362,0.0012186,0.00140771,0.00163933,0.00192443,0.00199903,0.00213436,0.00235686,0.00270894,0.00326218,0.00413939,0.00555625,0.0079101,0.0119856,0.0194587,0.0341819,0.0654261,0.134872,0.281653,0.493746,0.281651,0.134871,0.0654307,0.0341997,0.019497,0.0120511,0.00800808,0.0056892,0.00430688,0.0034608,0.00293262,0.00259751,0.0023827,0.00224588,0.00216307,0.00181947,0.00154867,0.00133358,0.00116159,0.00102306,0.000910475,0.000817809,0.00074019,0.000673626,0.000614852,0.000561221,0.000510632,0.000461484,0.000412634,0.000363368,0.000313369,0.000262675,0.00021164,0.000160879,0.000111208,6.35705e-05,1.8972e-05,-2.16002e-05,-5.72459e-05,-8.72164e-05,-0.000110967,-0.000128194,-0.000138859,-0.000143188,-0.000141661,-0.000134984,-0.000124045,-0.000109863,-9.09362e-05,-6.80203e-05,-4.4568e-05,-2.27773e-05,-4.32026e-06,9.44824e-06,1.76865e-05,2.02014e-05,1.74383e-05,1.03214e-05,0
0,1.08948e-05,1.88458e-05,2.15207e-05,1.80534e-05,8.28786e-06,-7.13538e-06,-2.6881e-05,-4.91659e-05,-7.20673e-05,-9.37664e-05,-0.00011229,-0.000124752,-0.000130998,-0.000132868,-0.000129775,-0.000121309,-0.000107278,-8.77295e-05,-6.29502e-05,-3.34525e-05,6.38427e-08,3.6765e-05,7.57485e-05,0.000116115,0.00015704,0.000197836,0.000238006,0.000277286,0.000315666,0.000353402,0.000391023,0.000429322,0.000469358,0.000512452,0.000560195,0.000614469,0.000677475,0.000751789,0.000840425,0.000946942,0.00107558,0.00123146,0.00142088,0.00165174,0.00193421,0.00200741,0.00215088,0.0023931,0.00278015,0.00339192,0.00437083,0.00598006,0.00873896,0.0137766,0.0238561,0.0466547,0.106082,0.281653,0.823822,2.18932,0.823816,0.281644,0.106076,0.0466585,0.0238784,0.013826,0.00882288,0.00610376,0.00453643,0.0035978,0.00302089,0.00265973,0.00243168,0.00228952,0.0022067,0.00185474,0.00157744,0.00135721,0.00118109,0.00103921,0.000923875,0.000828958,0.00074948,0.000681371,0.000621302,0.000566573,0.000515042,0.000465069,0.000415487,0.00036556,0.000314957,0.000263712,0.000212177,0.00016097,0.00011091,6.29514e-05,1.81027e-05,-2.2644e-05,-5.83878e-05,-8.83822e-05,-0.000112088,-0.000129212,-0.000139726,-0.000143868,-0.000142133,-0.00013524,-0.000124089,-0.000109711,-9.06067e-05,-6.75437e-05,-4.39926e-05,-2.21602e-05,-3.71971e-06,9.98129e-06,1.81155e-05,2.05088e-05,1.76262e-05,1.04057e-05,0
0,1.09023e-05,1.88948e-05,2.16664e-05,1.83524e-05,8.78652e-06,-6.41022e-06,-2.59268e-05,-4.80051e-05,-7.07435e-05,-9.23388e-05,-0.000110826,-0.000123318,-0.00012966,-0.000131695,-0.000128831,-0.000120654,-0.000106962,-8.77886e-05,-6.34067e-05,-3.43114e-05,-1.18519e-06,3.51539e-05,7.38174e-05,0.000113917,0.000154635,0.000195289,0.000235384,0.000274655,0.000313087,0.000350935,0.000388721,0.000427235,0.00046753,0.00051092,0.000558993,0.000613624,0.000677012,0.00075173,0.000840804,0.000947815,0.00107705,0.00123373,0.00142428,0.00165686,0.00194208,0.00201572,0.00216063,0.00240695,0.00280337,0.00343405,0.00444966,0.00613313,0.00905924,0.0145403,0.026065,0.0547612,0.143772,0.493746,2.18932,11.8168,2.18931,0.493732,0.143758,0.0547568,0.0260797,0.0145839,0.00913967,0.0062558,0.00461628,0.00364218,0.00304663,0.00267548,0.00244227,0.00229779,0.00221443,0.00185969,0.0015806,0.00135914,0.00118211,0.00103952,0.000923609,0.000828197,0.000748297,0.000679835,0.000619483,0.000564543,0.000512871,0.000462829,0.000413243,0.000363375,0.000312884,0.000261797,0.000210457,0.000159475,0.000109662,6.19635e-05,1.73821e-05,-2.30977e-05,-5.85815e-05,-8.83295e-05,-0.000111809,-0.000128732,-0.000139074,-0.000143079,-0.000141245,-0.00013429,-0.000123115,-0.00010875,-8.96906e-05,-6.6705e-05,-4.3262e-05,-2.15616e-05,-3.2654e-06,1.02928e-05,1.83001e-05,2.05947e-05,1.76491e-05,1.04023e-05,0
0,1.08733e-05,1.88863e-05,2.17622e-05,1.8645e-05,9.36153e-06,-5.48874e-06,-2.46263e-05,-4.63285e-05,-6.87282e-05,-9.00501e-05,-0.00010835,-0.000120753,-0.000127109,-0.000129266,-0.000126636,-0.000118805,-0.000105566,-8.69409e-05,-6.31857e-05,-3.47745e-05,-2.36617e-06,3.3246e-05,7.11976e-05,0.000110622,0.000150718,0.000190816,0.000230429,0.000269291,0.000307385,0.000344954,0.000382508,0.000420817,0.000460914,0.000504092,0.000551914,0.00060624,0.00066926,0.000743559,0.000832206,0.000938883,0.00106807,0.00122531,0.00141763,0.0016541,0.00194686,0.00202278,0.00216258,0.00239728,0.00277638,0.00338263,0.00435986,0.00597094,0.00873377,0.0137756,0.0238579,0.0466571,0.106083,0.281651,0.823816,2.18931,0.823805,0.281634,0.106067,0.0466526,0.0238757,0.0138252,0.00882201,0.00610065,0.0045295,0.00358663,0.0030061,0.00264244,0.00241282,0.00226946,0.00218549,0.00183403,0.00155809,0.00133944,0.00116481,0.00102418,0.00090985,0.000815696,0.000736804,0.000669173,0.000609542,0.000555267,0.000504252,0.000454888,0.000406022,0.000356924,0.000307253,0.000257025,0.000206569,0.000156474,0.000107533,6.06675e-05,1.68609e-05,-2.292e-05,-5.77949e-05,-8.70345e-05,-0.000110112,-0.000126742,-0.000136898,-0.00014082,-0.000138997,-0.000132136,-0.000121127,-0.000106983,-8.81924e-05,-6.55084e-05,-4.23802e-05,-2.09848e-05,-2.96046e-06,1.03798e-05,1.82376e-05,2.04568e-05,1.75054e-05,1.03103e-05,0
0,1.08059e-05,1.88163e-05,2.18006e-05,1.89198e-05,9.99666e-06,-4.39244e-06,-2.30062e-05,-4.41683e-05,-6.60576e-05,-8.69395e-05,-0.000104902,-0.000117096,-0.000123381,-0.00012561,-0.000123208,-0.000115767,-0.000103078,-8.51539e-05,-6.22316e-05,-3.47614e-05,-3.37269e-06,3.11739e-05,6.80469e-05,0.00010641,0.00014549,0.000184637,0.000223374,0.000261441,0.000298813,0.00033572,0.000372646,0.000410333,0.000449774,0.000492223,0.000539201,0.000592532,0.000654382,0.000727339,0.000814519,0.00091973,0.0010477,0.00120442,0.00139769,0.00163785,0.00193912,0.00201772,0.00214718,0.00235824,0.00269893,0.00324539,0.00412238,0.00554468,0.00790682,0.01199,0.0194678,0.0341911,0.0654313,0.134871,0.281644,0.493732,0.281634,0.134854,0.0654191,0.0341946,0.019498,0.0120555,0.00801102,0.00568589,0.00429386,0.00343709,0.00289971,0.00255832,0.00234013,0.00220194,0.00211903,0.00177782,0.00151045,0.00129888,0.00113,0.000994013,0.000883381,0.000792183,0.000715674,0.000650006,0.000592051,0.000539277,0.000489674,0.000441697,0.000394237,0.000346584,0.000298401,0.000249693,0.000200768,0.000152184,0.0001047,5.92032e-05,1.66443e-05,-2.20372e-05,-5.59821e-05,-8.44749e-05,-0.000106995,-0.000123255,-0.000133222,-0.000137121,-0.000135422,-0.000128813,-0.000118156,-0.00010444,-8.61359e-05,-6.39726e-05,-4.13603e-05,-2.04382e-05,-2.80916e-06,1.02411e-05,1.79287e-05,2.00962e-05,1.71962e-05,1.01304e-05,0
0,1.0698e-05,1.86786e-05,2.17709e-05,1.91595e-05,1.06669e-05,-3.15487e-06,-2.11091e-05,-4.15751e-05,-6.27898e-05,-8.30705e-05,-0.000100548,-0.000112412,-0.000118536,-0.00012078,-0.000118587,-0.000111561,-9.94952e-05,-8.23943e-05,-6.04781e-05,-3.41693e-05,-4.063e-06,2.91192e-05,6.45866e-05,0.000101542,0.000139247,0.000177076,0.000214573,0.000251479,0.000287764,0.000323638,0.000359552,0.000396203,0.000434531,0.000475728,0.00052125,0.000572853,0.00063265,0.000703192,0.0007876,0.000889752,0.00101456,0.00116838,0.00135965,0.00159981,0.00190483,0.00198428,0.00210008,0.00228147,0.00257283,0.00304,0.00378288,0.00495988,0.00683612,0.0098792,0.0149491,0.0236591,0.0389551,0.0654307,0.106076,0.143758,0.106067,0.0654191,0.0389515,0.0236761,0.0149973,0.00996462,0.00695807,0.00511094,0.0039506,0.00320998,0.0027323,0.00242251,0.00222169,0.0020932,0.00201528,0.00169216,0.00143918,0.00123906,0.00107928,0.000950501,0.000845578,0.000758917,0.000686055,0.000623384,0.000567975,0.000517458,0.00046995,0.000424002,0.000378565,0.000332963,0.000286868,0.000240274,0.000193458,0.00014694,0.000101433,5.77773e-05,1.68815e-05,-2.03516e-05,-5.309e-05,-8.06348e-05,-0.000102471,-0.000118308,-0.000128097,-0.000132042,-0.000130587,-0.000124384,-0.000114263,-0.000101173,-8.3565e-05,-6.21312e-05,-4.02258e-05,-1.99354e-05,-2.81722e-06,9.8768e-06,1.73769e-05,1.95179e-05,1.67258e-05,9.86503e-06,0
0,1.05467e-05,1.84661e-05,2.16591e-05,1.93415e-05,1.13394e-05,-1.82078e-06,-1.89919e-05,-3.86178e-05,-5.90037e-05,-7.85293e-05,-9.53793e-05,-0.000106792,-0.000112661,-0.00011485,-0.000112831,-0.000106222,-9.48242e-05,-7.86348e-05,-5.78565e-05,-3.28832e-05,-4.27241e-06,2.72983e-05,6.10849e-05,9.63362e-05,0.000132353,0.000168545,0.000204473,0.000239888,0.00027475,0.000309243,0.000343778,0.000378996,0.000415765,0.000455191,0.000498636,0.000547754,0.00060455,0.000671476,0.000751567,0.000848644,0.000967617,0.00111492,0.0012992,0.0015323,0.00183086,0.00190704,0.00200773,0.00215961,0.00240156,0.00278725,0.00339136,0.00432152,0.00573954,0.00789635,0.0111832,0.0161862,0.023669,0.0341997,0.0466585,0.0547568,0.0466526,0.0341946,0.0236761,0.0162177,0.0112486,0.00799856,0.00587325,0.00447406,0.00354566,0.00292622,0.00251256,0.00223793,0.00205824,0.00194414,0.00187689,0.00157992,0.00134709,0.00116263,0.00101505,0.000895812,0.000798376,0.000717633,0.00064951,0.000590723,0.000538602,0.000490988,0.000446159,0.000402785,0.000359895,0.000316859,0.00027336,0.000229377,0.000185155,0.000141167,9.80671e-05,5.66431e-05,1.77496e-05,-1.7754e-05,-4.90678e-05,-7.55118e-05,-9.65768e-05,-0.000111963,-0.000121605,-0.000125678,-0.000124587,-0.000118945,-0.000109535,-9.72596e-05,-8.05431e-05,-6.00328e-05,-3.901e-05,-1.9496e-05,-2.99212e-06,9.28812e-06,1.65886e-05,1.873e-05,1.61011e-05,9.51825e-06,0
0,1.03494e-05,1.81704e-05,2.1449e-05,1.94392e-05,1.19744e-05,-4.44558e-07,-1.67243e-05,-3.53809e-05,-5.47968e-05,-7.34236e-05,-8.95093e-05,-0.000100351,-0.000105865,-0.000107922,-0.000106024,-9.98108e-05,-8.90915e-05,-7.38612e-05,-5.43052e-05,-3.07884e-05,-3.8285e-06,2.59443e-05,5.78369e-05,9.11484e-05,0.000125225,0.000159513,0.000193596,0.000227233,0.000260374,0.000293175,0.000325998,0.000359415,0.000394206,0.000431371,0.000472143,0.000518033,0.000570882,0.000632958,0.00070709,0.000796869,0.000906935,0.0010434,0.0012145,0.00143149,0.00171015,0.00177744,0.00186288,0.00198986,0.00219051,0.00250588,0.00298807,0.00370486,0.00474696,0.00623647,0.00833093,0.0112067,0.0149815,0.019497,0.0238784,0.0260797,0.0238757,0.019498,0.0149973,0.0112486,0.00840612,0.00634472,0.00487931,0.00384524,0.0031173,0.0026068,0.00225266,0.00201251,0.00185594,0.00176044,0.00170988,0.00144625,0.00123859,0.00107333,0.000940522,0.000832712,0.000744181,0.000670443,0.000607918,0.000553709,0.00050546,0.000461257,0.000419565,0.000379194,0.000339265,0.000299196,0.000258688,0.000217704,0.00017645,0.000135343,9.49776e-05,5.6076e-05,1.94338e-05,-1.41388e-05,-4.38782e-05,-6.91248e-05,-8.93745e-05,-0.000104318,-0.000113865,-0.000118155,-0.000117553,-0.000112621,-0.000104087,-9.27999e-05,-7.71531e-05,-5.77406e-05,-3.77564e-05,-1.91447e-05,-3.34314e-06,8.4773e-06,1.55729e-05,1.77438e-05,1.53323e-05,9.09581e-06,0
0,1.01033e-05,1.7783e-05,2.11235e-05,1.94232e-05,1.25273e-05,9.11839e-07,-1.43868e-05,-3.19624e-05,-5.02829e-05,-6.788e-05,-8.30729e-05,-9.32266e-05,-9.82843e-05,-0.000100122,-9.82746e-05,-9.2409e-05,-8.23463e-05,-6.80802e-05,-4.97809e-05,-2.77843e-05,-2.56765e-06,2.52877e-05,5.51418e-05,8.6347e-05,0.000118298,0.000150479,0.000182501,0.000214129,0.000245305,0.00027615,0.000306975,0.000338271,0.000370719,0.000405189,0.000442761,0.000484761,0.00053281,0.000588909,0.000655561,0.000735944,0.000834158,0.000955581,0.00110738,0.00129928,0.00154466,0.00159736,0.001668,0.00177648,0.00194778,0.00221092,0.00259908,0.00315098,0.00391235,0.00493555,0.00627291,0.00795558,0.00994563,0.0120511,0.013826,0.0145839,0.0138252,0.0120555,0.00996462,0.00799856,0.00634472,0.00503357,0.00402589,0.00326353,0.00269266,0.00227115,0.00196795,0.00175963,0.00162693,0.001553,0.0015237,0.0012985,0.0011195,0.000975864,0.000859544,0.000764412,0.000685718,0.000619704,0.000563345,0.000514183,0.000470203,0.000429761,0.000391528,0.00035446,0.000317779,0.000280959,0.000243713,0.00020599,0.000167953,0.000129962,9.25418e-05,5.63461e-05,2.21063e-05,-9.42069e-06,-3.75096e-05,-6.15228e-05,-8.09601e-05,-9.54997e-05,-0.000105025,-0.000109636,-0.000109648,-0.000105567,-9.8062e-05,-8.79169e-05,-7.34961e-05,-5.53316e-05,-3.65174e-05,-1.89113e-05,-3.88102e-06,7.44776e-06,1.43416e-05,1.65741e-05,1.44318e-05,8.60503e-06,0
0,9.80597e-06,1.7296e-05,2.06654e-05,1.92631e-05,1.29509e-05,2.18165e-06,-1.20668e-05,-2.84706e-05,-4.55891e-05,-6.20407e-05,-7.6223e-05,-8.55777e-05,-9.00764e-05,-9.15979e-05,-8.9717e-05,-8.41273e-05,-7.46656e-05,-6.13269e-05,-4.42679e-05,-2.37969e-05,-3.51266e-07,2.55363e-05,5.32798e-05,8.22855e-05,0.000111998,0.000141941,0.000171752,0.000201206,0.000230233,0.000258922,0.000287523,0.000316446,0.000346259,0.000377693,0.000411653,0.000449249,0.000491837,0.000541091,0.00059909,0.00066846,0.000752546,0.000855668,0.000983468,0.00114339,0.00134539,0.00137912,0.00143557,0.00153144,0.00168507,0.00191484,0.00223879,0.00267506,0.00324196,0.00395622,0.00482674,0.00584127,0.00694397,0.00800808,0.00882288,0.00913967,0.00882201,0.00801102,0.00695807,0.00587325,0.00487931,0.00402589,0.00331906,0.00274606,0.00229027,0.00193748,0.00167648,0.00149707,0.00138803,0.00133669,0.00133025,0.00114552,0.00099654,0.000875465,0.000776286,0.000694313,0.000625827,0.000567836,0.000517898,0.000474006,0.000434498,0.000398004,0.000363404,0.000329807,0.000296534,0.000263114,0.000229277,0.00019495,0.000160255,0.000125489,9.11081e-05,5.76917e-05,2.59053e-05,-3.54941e-06,-2.99869e-05,-5.27912e-05,-7.14659e-05,-8.56748e-05,-9.52717e-05,-0.000100314,-0.000101063,-9.79656e-05,-9.16231e-05,-8.27531e-05,-6.96884e-05,-5.28939e-05,-3.53529e-05,-1.88294e-05,-4.61703e-06,6.20463e-06,1.29096e-05,1.52386e-05,1.34152e-05,8.05481e-06,0
0,9.45611e-06,1.6703e-05,2.00591e-05,1.89299e-05,1.31982e-05,3.2965e-06,-9.85569e-06,-2.50198e-05,-4.08507e-05,-5.60591e-05,-6.91269e-05,-7.75793e-05,-8.14181e-05,-8.25235e-05,-8.05106e-05,-7.51036e-05,-6.61571e-05,-5.36696e-05,-3.77863e-05,-1.879e-05,2.9198e-06,2.68578e-05,5.24907e-05,7.92781e-05,0.000106714,0.000134361,0.000161885,0.00018907,0.000215834,0.000242234,0.000268461,0.000294841,0.000321826,0.00035,0.000380086,0.000412965,0.000449707,0.000491624,0.000540328,0.000597817,0.000666583,0.000749735,0.000851171,0.000975771,0.00112964,0.00114255,0.00118559,0.00127302,0.00141775,0.0016296,0.00191499,0.00227756,0.00271888,0.00323767,0.00382646,0.00446481,0.00510993,0.0056892,0.00610376,0.0062558,0.00610065,0.00568589,0.00511094,0.00447406,0.00384524,0.00326353,0.00274606,0.00229878,0.00192399,0.00162335,0.00139757,0.00124452,0.00115791,0.00112771,0.00114217,0.00099651,0.000876558,0.000777345,0.000694829,0.000625695,0.000567217,0.000517134,0.000473562,0.000434926,0.000399903,0.000367386,0.000336457,0.000306369,0.000276541,0.000246551,0.000216144,0.000185227,0.000153877,0.000122328,9.09656e-05,6.0296e-05,3.09177e-05,3.47727e-06,-2.13791e-05,-4.30569e-05,-6.10621e-05,-7.50431e-05,-8.48221e-05,-9.04116e-05,-9.20165e-05,-9.00195e-05,-8.49541e-05,-7.74662e-05,-6.58581e-05,-5.05237e-05,-3.43271e-05,-1.89339e-05,-5.56148e-06,4.75565e-06,1.12951e-05,1.37589e-05,1.23005e-05,7.45552e-06,0
0,9.0534e-06,1.59996e-05,1.92922e-05,1.83976e-05,1.32248e-05,4.18999e-06,-7.84448e-06,-2.17258e-05,-3.62072e-05,-5.00953e-05,-6.19608e-05,-6.94188e-05,-7.25022e-05,-7.30892e-05,-7.08375e-05,-6.55031e-05,-5.69601e-05,-4.52127e-05,-3.03973e-05,-1.27736e-05,7.2941e-06,2.93651e-05,5.2956e-05,7.75777e-05,0.000102771,0.000128139,0.000153372,0.000178265,0.000202726,0.000226781,0.000250565,0.000274321,0.000298391,0.000323217,0.00034934,0.000377418,0.000408243,0.000442768,0.000482148,0.000527772,0.000581297,0.000644669,0.000720113,0.00081008,0.000917116,0.000910325,0.000941354,0.00102283,0.00116384,0.00136801,0.00163331,0.00195329,0.00231888,0.00271935,0.00314156,0.00356709,0.00396842,0.00430688,0.00453643,0.00461628,0.0045295,0.00429386,0.0039506,0.00354566,0.0031173,0.00269266,0.00229027,0.00192399,0.00160562,0.00134521,0.00114952,0.0010203,0.000953558,0.000940657,0.000970843,0.000859673,0.000765598,0.000686075,0.000618727,0.000561408,0.000512237,0.000469585,0.000432056,0.000398457,0.000367768,0.000339119,0.000311774,0.00028512,0.000258661,0.000232022,0.000204956,0.000177351,0.000149237,0.000120789,9.23209e-05,6.42686e-05,3.71657e-05,1.16051e-05,-1.18049e-05,-3.24896e-05,-4.99563e-05,-6.3837e-05,-7.39209e-05,-8.01743e-05,-8.27446e-05,-8.19493e-05,-7.82512e-05,-7.22234e-05,-6.21394e-05,-4.83204e-05,-3.35051e-05,-1.92583e-05,-6.72165e-06,3.11241e-06,9.52035e-06,1.21597e-05,1.11086e-05,6.81894e-06,0
0,8.59913e-06,1.51852e-05,1.83569e-05,1.7646e-05,1.29928e-05,4.80146e-06,-6.11919e-06,-1.87011e-05,-3.17967e-05,-4.43102e-05,-5.49049e-05,-6.12904e-05,-6.35312e-05,-6.35006e-05,-6.08989e-05,-5.55148e-05,-4.72437e-05,-3.60973e-05,-2.22054e-05,-5.8079e-06,1.27626e-05,3.31062e-05,5.47857e-05,7.73595e-05,0.000100413,0.000123586,0.000146594,0.000169244,0.000191434,0.000213163,0.000234516,0.000255661,0.000276838,0.000298358,0.000320602,0.000344024,0.000369165,0.000396668,0.000427291,0.000461906,0.000501484,0.000547019,0.000599395,0.000659126,0.000725957,0.000703531,0.000725082,0.000802233,0.000941776,0.00114337,0.00139935,0.00169644,0.0020187,0.00235004,0.0026754,0.00298013,0.00324817,0.0034608,0.0035978,0.00364218,0.00358663,0.00343709,0.00320998,0.00292622,0.0026068,0.00227115,0.00193748,0.00162335,0.00134521,0.00111676,0.000946906,0.000838265,0.000787283,0.000785978,0.000824757,0.000741122,0.000668155,0.000605064,0.000550652,0.000503613,0.000462686,0.000426725,0.000394719,0.000365783,0.00033915,0.000314152,0.000290208,0.000266817,0.000243559,0.000220098,0.000196191,0.000171705,0.000146625,0.000121069,9.5282e-05,6.9635e-05,4.45998e-05,2.07194e-05,-1.43286e-06,-2.13002e-05,-3.83897e-05,-5.23157e-05,-6.28342e-05,-6.98648e-05,-7.34972e-05,-7.39835e-05,-7.17158e-05,-6.71939e-05,-5.86664e-05,-4.6381e-05,-3.29477e-05,-1.98309e-05,-8.09931e-06,1.29192e-06,7.6124e-06,1.04697e-05,9.86268e-06,6.15813e-06,0
0,8.09641e-06,1.42628e-05,1.72515e-05,1.66625e-05,1.24726e-05,5.07972e-06,-4.75652e-06,-1.60496e-05,-2.77498e-05,-3.88596e-05,-4.81364e-05,-5.33886e-05,-5.4712e-05,-5.39714e-05,-5.09091e-05,-4.53473e-05,-3.72031e-05,-2.64976e-05,-1.33566e-05,1.99643e-06,1.92566e-05,3.806e-05,5.8011e-05,7.87112e-05,9.97864e-05,0.000120911,0.000141824,0.000162342,0.00018236,0.000201853,0.000220862,0.000239491,0.000257896,0.000276275,0.000294872,0.000313975,0.000333924,0.00035512,0.000378027,0.000403156,0.000431017,0.000462006,0.000496176,0.000532843,0.000569977,0.000538315,0.000554351,0.000628897,0.000767475,0.000967568,0.0012182,0.00150201,0.00179886,0.00208961,0.00235861,0.0025943,0.00278807,0.00293262,0.00302089,0.00304663,0.0030061,0.00289971,0.0027323,0.00251256,0.00225266,0.00196795,0.00167648,0.00139757,0.00114952,0.000946906,0.000798366,0.000705766,0.000665065,0.000668704,0.000708581,0.000644184,0.000586698,0.000536236,0.000492173,0.000453632,0.000419707,0.00038956,0.000362445,0.000337707,0.000314774,0.000293135,0.000272337,0.000251972,0.00023168,0.000211152,0.000190148,0.000168513,0.00014619,0.000123241,9.98519e-05,7.63319e-05,5.30973e-05,3.06462e-05,9.52102e-06,-9.73624e-06,-2.66306e-05,-4.07579e-05,-5.18409e-05,-5.97528e-05,-6.45267e-05,-6.635e-05,-6.55454e-05,-6.25411e-05,-5.55654e-05,-4.47937e-05,-3.27067e-05,-2.0671e-05,-9.68803e-06,-6.8194e-07,5.60364e-06,8.72128e-06,8.58838e-06,5.4872e-06,0
0,7.5504e-06,1.32399e-05,1.59812e-05,1.54441e-05,1.16466e-05,4.98644e-06,-3.81953e-06,-1.38614e-05,-2.41844e-05,-3.38877e-05,-4.18234e-05,-4.59015e-05,-4.62486e-05,-4.47165e-05,-4.10892e-05,-3.52216e-05,-2.70533e-05,-1.66159e-05,-4.03417e-06,1.04815e-05,2.66494e-05,4.41365e-05,6.25835e-05,8.16294e-05,0.000100936,0.000120208,0.000139207,0.000157761,0.000175763,0.000193167,0.000209984,0.000226266,0.000242098,0.000257593,0.000272888,0.000288148,0.000303571,0.0003194,0.000335923,0.000353472,0.000372372,0.000392841,0.000414741,0.0004371,0.000457257,0.000424288,0.000440072,0.00051429,0.000651607,0.00084852,0.00109268,0.00136497,0.00164348,0.00190786,0.00214256,0.00233808,0.00249013,0.00259751,0.00265973,0.00267548,0.00264244,0.00255832,0.00242251,0.00223793,0.00201251,0.00175963,0.00149707,0.00124452,0.0010203,0.000838265,0.000705766,0.000623431,0.000586688,0.000588596,0.000623017,0.000569172,0.000521504,0.000479945,0.000443716,0.000411928,0.00038377,0.000358547,0.00033567,0.000314636,0.000295012,0.000276407,0.000258463,0.000240844,0.000223234,0.000205346,0.000186939,0.000167833,0.000147935,0.000127256,0.00010593,8.42103e-05,6.24664e-05,4.11576e-05,2.08004e-05,1.92603e-06,-1.49662e-05,-2.94529e-05,-4.12234e-05,-5.01059e-05,-5.60783e-05,-5.9266e-05,-5.99247e-05,-5.84139e-05,-5.29471e-05,-4.36313e-05,-3.28192e-05,-2.17851e-05,-1.14707e-05,-2.77699e-06,3.53229e-06,6.95067e-06,7.31333e-06,4.82107e-06,0
0,6.96831e-06,1.21292e-05,1.45591e-05,1.39984e-05,1.05103e-05,4.49911e-06,-3.35388e-06,-1.22088e-05,-2.12004e-05,-2.95216e-05,-3.61184e-05,-3.90041e-05,-3.83347e-05,-3.59452e-05,-3.16593e-05,-2.5364e-05,-1.70215e-05,-6.67528e-06,5.54877e-06,1.94495e-05,3.47634e-05,5.11831e-05,6.83794e-05,8.6023e-05,0.000103807,0.000121461,0.000138769,0.000155568,0.000171751,0.000187262,0.000202086,0.000216238,0.000229753,0.000242682,0.000255089,0.000267056,0.0002787,0.000290183,0.000301736,0.000313675,0.000326404,0.00034039,0.000356021,0.000373168,0.000389942,0.000364494,0.000386045,0.000462587,0.000597946,0.000788349,0.00102161,0.00127905,0.00153926,0.00178251,0.00199402,0.00216555,0.00229469,0.0023827,0.00243168,0.00244227,0.00241282,0.00234013,0.00222169,0.00205824,0.00185594,0.00162693,0.00138803,0.00115791,0.000953558,0.000787283,0.000665065,0.000586688,0.000547511,0.000541457,0.000564958,0.00051333,0.000470754,0.00043513,0.000404702,0.000378211,0.000354752,0.000333656,0.000314412,0.000296613,0.000279915,0.000264013,0.000248619,0.000233447,0.000218215,0.000202649,0.000186501,0.000169571,0.000151731,0.000132952,0.00011332,9.30447e-05,7.24553e-05,5.19806e-05,3.21176e-05,1.3391e-05,-3.69282e-06,-1.869e-05,-3.12571e-05,-4.11789e-05,-4.83808e-05,-5.29292e-05,-5.50166e-05,-5.49381e-05,-5.09e-05,-4.29454e-05,-3.33033e-05,-2.31635e-05,-1.34174e-05,-4.95189e-06,1.44255e-06,5.1973e-06,6.06668e-06,4.17514e-06,0
0,6.35939e-06,1.09479e-05,1.30065e-05,1.23447e-05,9.07445e-06,3.61328e-06,-3.38473e-06,-1.11414e-05,-1.88744e-05,-2.58656e-05,-3.11522e-05,-3.28515e-05,-3.11473e-05,-2.78532e-05,-2.28308e-05,-1.59979e-05,-7.33887e-06,3.08955e-06,1.51581e-05,2.86712e-05,4.33788e-05,5.89932e-05,7.52089e-05,9.17224e-05,0.000108251,0.000124549,0.000140413,0.000155694,0.000170286,0.000184129,0.00019719,0.000209461,0.000220944,0.000231652,0.000241604,0.000250843,0.000259446,0.000267561,0.000275442,0.000283505,0.000292411,0.000303184,0.000317402,0.000337314,0.000364733,0.000356806,0.000390044,0.000471205,0.000603432,0.000783149,0.000999574,0.00123636,0.00147481,0.00169748,0.00189113,0.00204814,0.00216606,0.00224588,0.00228952,0.00229779,0.00226946,0.00220194,0.0020932,0.00194414,0.00176044,0.001553,0.00133669,0.00112771,0.000940657,0.000785978,0.000668704,0.000588596,0.000541457,0.000521328,0.000525734,0.000470482,0.000430885,0.000399717,0.00037386,0.000351651,0.000332079,0.000314469,0.000298351,0.000283374,0.000269256,0.000255748,0.000242609,0.000229589,0.000216427,0.000202855,0.000188618,0.000173496,0.000157334,0.000140067,0.000121746,0.000102545,8.27639e-05,6.28087e-05,4.31645e-05,2.43543e-05,6.89489e-06,-8.74849e-06,-2.22005e-05,-3.32041e-05,-4.1636e-05,-4.75076e-05,-5.09534e-05,-5.22097e-05,-4.94834e-05,-4.2761e-05,-3.41542e-05,-2.47781e-05,-1.54845e-05,-7.15585e-06,-6.15877e-07,3.50324e-06,4.87838e-06,3.56484e-06,0
0,5.73465e-06,9.71777e-06,1.13521e-05,1.05136e-05,7.36512e-06,2.34379e-06,-3.9146e-06,-1.06841e-05,-1.72567e-05,-2.29965e-05,-2.70288e-05,-2.75733e-05,-2.48398e-05,-2.06162e-05,-1.47991e-05,-7.33578e-06,1.76771e-06,1.24407e-05,2.45484e-05,3.78968e-05,5.22447e-05,6.73181e-05,8.28287e-05,9.8492e-05,0.000114045,0.000129257,0.000143941,0.000157955,0.0001712,0.000183613,0.000195154,0.000205803,0.000215545,0.000224374,0.000232291,0.000239324,0.00024555,0.000251137,0.0002564,0.000261885,0.000268514,0.000277855,0.000292767,0.000319301,0.000373463,0.000397269,0.000446096,0.00053265,0.000659842,0.000824519,0.0010182,0.00122842,0.00144091,0.001642,0.00182059,0.00196918,0.00208381,0.00216307,0.0022067,0.00221443,0.00218549,0.00211903,0.00201528,0.00187689,0.00170988,0.0015237,0.00133025,0.00114217,0.000970843,0.000824757,0.000708581,0.000623017,0.000564958,0.000525734,0.000473436,0.000430903,0.000397791,0.000371417,0.000349679,0.000331159,0.000314915,0.000300314,0.000286923,0.000274431,0.000262597,0.000251209,0.000240055,0.000228908,0.000217518,0.00020562,0.000192949,0.00017927,0.000164404,0.000148262,0.000130868,0.000112374,9.30576e-05,7.33144e-05,5.3624e-05,3.45138e-05,1.65138e-05,1.11997e-07,-1.42853e-05,-2.63824e-05,-3.60109e-05,-4.31327e-05,-4.78304e-05,-5.02883e-05,-4.87231e-05,-4.30734e-05,-3.5342e-05,-2.65808e-05,-1.7614e-05,-9.32928e-06,-2.58873e-06,1.9121e-06,3.77828e-06,3.00512e-06,0
0,5.10651e-06,8.46452e-06,9.63202e-06,8.5468e-06,5.42371e-06,7.25124e-07,-4.92236e-06,-1.08346e-05,-1.63679e-05,-2.09608e-05,-2.38208e-05,-2.32687e-05,-1.95373e-05,-1.43838e-05,-7.73745e-06,4.27415e-07,1.00836e-05,2.1146e-05,3.34719e-05,4.6866e-05,6.10906e-05,7.58795e-05,9.09553e-05,0.000106046,0.0001209,0.000135299,0.000149067,0.00016207,0.000174213,0.000185435,0.000195697,0.000204976,0.000213254,0.000220519,0.000226776,0.000232056,0.000236456,0.000240177,0.000243592,0.000247333,0.000252421,0.000260455,0.000273871,0.00029608,0.00033002,0.000366023,0.00041908,0.000498017,0.000605752,0.000740389,0.000896003,0.00106374,0.0012333,0.00139456,0.00153893,0.00166014,0.00175432,0.00181947,0.00185474,0.00185969,0.00183403,0.00177782,0.00169216,0.00157992,0.00144625,0.0012985,0.00114552,0.00099651,0.000859673,0.000741122,0.000644184,0.000569172,0.00051333,0.000470482,0.000430903,0.000397569,0.000370617,0.000348828,0.000330862,0.000315628,0.000302325,0.000290388,0.000279423,0.000269153,0.000259361,0.000249859,0.000240452,0.000230923,0.000221028,0.000210498,0.000199062,0.000186471,0.000172532,0.00015714,0.000140302,0.000122159,0.000102982,8.31612e-05,6.31815e-05,4.35796e-05,2.49023e-05,7.66083e-06,-7.70876e-06,-2.08754e-05,-3.16307e-05,-3.98933e-05,-4.57008e-05,-4.91936e-05,-4.86087e-05,-4.38463e-05,-3.68112e-05,-2.85047e-05,-1.97353e-05,-1.14053e-05,-4.41889e-06,4.67526e-07,2.79505e-06,2.50987e-06,0
0,4.48826e-06,7.21648e-06,7.88763e-06,6.49534e-06,3.30554e-06,-1.18944e-06,-6.36341e-06,-1.1563e-05,-1.6198e-05,-1.97717e-05,-2.15674e-05,-2.00032e-05,-1.53317e-05,-9.27492e-06,-1.79118e-06,7.12041e-06,1.74126e-05,2.89857e-05,4.16873e-05,5.53172e-05,6.96367e-05,8.43818e-05,9.9279e-05,0.000114062,0.000128485,0.000142336,0.000155445,0.000167683,0.000178961,0.000189222,0.000198433,0.000206575,0.000213636,0.000219615,0.000224527,0.000228423,0.000231425,0.000233769,0.000235868,0.000238388,0.000242346,0.000249195,0.000260886,0.000279686,0.0003074,0.000344027,0.000395266,0.000465833,0.000557507,0.000668871,0.000795639,0.000931373,0.00106849,0.00119936,0.00131725,0.00141692,0.00149478,0.00154867,0.00157744,0.0015806,0.00155809,0.00151045,0.00143918,0.00134709,0.00123859,0.0011195,0.00099654,0.000876558,0.000765598,0.000668155,0.000586698,0.000521504,0.000470754,0.000430885,0.000397791,0.000370617,0.000348643,0.000330879,0.0003163,0.000304029,0.000293381,0.000283854,0.000275093,0.000266841,0.000258898,0.000251087,0.000243218,0.000235079,0.000226423,0.000216978,0.000206465,0.000194627,0.000181264,0.000166265,0.000149635,0.000131513,0.000112174,9.20165e-05,7.15356e-05,5.12842e-05,3.18286e-05,1.37038e-05,-2.62645e-06,-1.67999e-05,-2.8574e-05,-3.78312e-05,-4.45728e-05,-4.8904e-05,-4.90928e-05,-4.50128e-05,-3.84825e-05,-3.04656e-05,-2.17675e-05,-1.33125e-05,-6.0487e-06,-7.88679e-07,1.95486e-06,2.09129e-06,0
0,3.89344e-06,6.00352e-06,6.16432e-06,4.41758e-06,1.07776e-06,-3.32974e-06,-8.17115e-06,-1.28129e-05,-1.67063e-05,-1.9409e-05,-2.02721e-05,-1.78061e-05,-1.22796e-05,-5.37455e-06,2.92573e-06,1.26e-05,2.35824e-05,3.57588e-05,4.89657e-05,6.29951e-05,7.7603e-05,9.25218e-05,0.000107476,0.000122197,0.00013644,0.000149993,0.000162685,0.000174392,0.000185027,0.00019454,0.000202907,0.000210118,0.000216176,0.000221097,0.000224916,0.00022771,0.000229628,0.000230936,0.000232071,0.000233702,0.000236796,0.00024266,0.000252932,0.00026946,0.000294034,0.000328329,0.000375315,0.000437495,0.00051571,0.000608714,0.00071326,0.000824531,0.000936808,0.00104422,0.00114141,0.00122401,0.00128877,0.00133358,0.00135721,0.00135914,0.00133944,0.00129888,0.00123906,0.00116263,0.00107333,0.000975864,0.000875465,0.000777345,0.000686075,0.000605064,0.000536236,0.000479945,0.00043513,0.000399717,0.000371417,0.000348828,0.000330879,0.000316578,0.00030502,0.000295436,0.000287219,0.000279912,0.000273184,0.000266792,0.000260542,0.000254256,0.000247745,0.00024079,0.000233139,0.000224514,0.000214633,0.000203235,0.000190122,0.000175188,0.000158445,0.000140046,0.000120279,9.95614e-05,7.84073e-05,5.739e-05,3.7098e-05,1.80894e-05,8.5281e-07,-1.42235e-05,-2.68697e-05,-3.69403e-05,-4.44094e-05,-4.93568e-05,-5.00932e-05,-4.64779e-05,-4.02557e-05,-3.23664e-05,-2.3623e-05,-1.4978e-05,-7.42283e-06,-1.81869e-06,1.28002e-06,1.75919e-06,0
0,3.33512e-06,4.85539e-06,4.50891e-06,2.37638e-06,-1.18378e-06,-5.61184e-06,-1.02597e-05,-1.45031e-05,-1.7823e-05,-1.98199e-05,-1.99033e-05,-1.66704e-05,-1.04009e-05,-2.73162e-06,6.33336e-06,1.6754e-05,2.8448e-05,4.12872e-05,5.50963e-05,6.9657e-05,8.47161e-05,9.99976e-05,0.000115217,0.000130099,0.000144391,0.000157873,0.000170374,0.000181764,0.000191961,0.000200919,0.000208625,0.000215084,0.000220317,0.000224361,0.000227279,0.000229175,0.000230227,0.000230723,0.000231112,0.000232052,0.000234447,0.000239478,0.000248576,0.00026335,0.00028547,0.000316633,0.000358703,0.000413061,0.000479984,0.000558324,0.000645516,0.000737844,0.000830884,0.000920019,0.00100092,0.00106991,0.00112413,0.00116159,0.00118109,0.00118211,0.00116481,0.00113,0.00107928,0.00101505,0.000940522,0.000859544,0.000776286,0.000694829,0.000618727,0.000550652,0.000492173,0.000443716,0.000404702,0.00037386,0.000349679,0.000330862,0.0003163,0.00030502,0.00029617,0.000289044,0.000283075,0.000277835,0.000273004,0.000268343,0.000263652,0.000258748,0.000253429,0.000247469,0.000240605,0.000232554,0.000223032,0.000211784,0.000198621,0.000183452,0.000166312,0.000147374,0.000126957,0.000105501,8.3549e-05,6.16978e-05,4.05594e-05,2.0714e-05,2.67055e-06,-1.31626e-05,-2.64964e-05,-3.71667e-05,-4.51302e-05,-5.04519e-05,-5.1497e-05,-4.81234e-05,-4.20154e-05,-3.41016e-05,-2.52124e-05,-1.6332e-05,-8.49154e-06,-2.59101e-06,7.87521e-07,1.52034e-06,0
0,2.82508e-06,3.80003e-06,2.96713e-06,4.35701e-07,-3.39837e-06,-7.94199e-06,-1.25279e-05,-1.65317e-05,-1.94522e-05,-2.09207e-05,-2.03954e-05,-1.65527e-05,-9.67827e-06,-1.35828e-06,8.3873e-06,1.95035e-05,3.18944e-05,4.5419e-05,5.989e-05,7.50772e-05,9.0715e-05,0.000106514,0.000122177,0.000137414,0.000151957,0.000165576,0.000178088,0.000189359,0.000199304,0.000207882,0.00021509,0.000220948,0.000225501,0.00022881,0.000230967,0.000232105,0.00023243,0.000232248,0.000232015,0.000232363,0.000234139,0.000238412,0.000246447,0.000259654,0.000279494,0.000307393,0.000344628,0.000391998,0.000449473,0.000515999,0.000589486,0.000666982,0.000744974,0.00081975,0.000887752,0.000945862,0.000991573,0.00102306,0.00103921,0.00103952,0.00102418,0.000994013,0.000950501,0.000895812,0.000832712,0.000764412,0.000694313,0.000625695,0.000561408,0.000503613,0.000453632,0.000411928,0.000378211,0.000351651,0.000331159,0.000315628,0.000304029,0.000295436,0.000289044,0.000284179,0.000280303,0.000276997,0.000273944,0.000270896,0.000267641,0.000263981,0.000259697,0.000254549,0.000248263,0.000240552,0.000231135,0.000219769,0.000206283,0.000190615,0.00017283,0.000153139,0.000131894,0.000109575,8.67523e-05,6.40526e-05,4.21106e-05,2.15253e-05,2.82087e-06,-1.35818e-05,-2.73833e-05,-3.8411e-05,-4.66151e-05,-5.20564e-05,-5.31662e-05,-4.98144e-05,-4.36373e-05,-3.55644e-05,-2.64503e-05,-1.7312e-05,-9.21422e-06,-3.08287e-06,4.876e-07,1.37785e-06,0
0,2.37308e-06,2.86181e-06,1.58082e-06,-1.34307e-06,-5.48494e-06,-1.02217e-05,-1.48643e-05,-1.87805e-05,-2.14758e-05,-2.2601e-05,-2.16517e-05,-1.73756e-05,-1.00584e-05,-1.23003e-06,9.07936e-06,2.08044e-05,3.38388e-05,4.80311e-05,6.31826e-05,7.90504e-05,9.53545e-05,0.000111789,0.000128038,0.000143791,0.000158762,0.000172701,0.000185408,0.000196738,0.000206601,0.000214959,0.000221814,0.000227205,0.000231198,0.000233882,0.000235379,0.000235852,0.000235532,0.000234743,0.00023394,0.000233731,0.000234905,0.00023843,0.00024543,0.000257131,0.000274778,0.000299525,0.000332294,0.000373559,0.000423139,0.000480078,0.000542633,0.000608396,0.000674506,0.00073791,0.000795636,0.000845014,0.00088384,0.000910475,0.000923875,0.000923609,0.00090985,0.000883381,0.000845578,0.000798376,0.000744181,0.000685718,0.000625827,0.000567217,0.000512237,0.000462686,0.000419707,0.00038377,0.000354752,0.000332079,0.000314915,0.000302325,0.000293381,0.000287219,0.000283075,0.000280303,0.000278377,0.00027688,0.000275486,0.000273931,0.000271986,0.000269427,0.000266017,0.000261497,0.000255583,0.000247985,0.000238432,0.0002267,0.000212648,0.000196251,0.000177619,0.000157007,0.000134815,0.000111562,8.78554e-05,6.43502e-05,4.17024e-05,2.05252e-05,1.3513e-06,-1.53947e-05,-2.94131e-05,-4.05336e-05,-4.87106e-05,-5.40116e-05,-5.49457e-05,-5.14069e-05,-4.49962e-05,-3.6653e-05,-2.72612e-05,-1.78682e-05,-9.56289e-06,-3.28252e-06,3.82497e-07,1.33065e-06,0
0,1.98605e-06,2.05971e-06,3.85023e-07,-2.90513e-06,-7.36692e-06,-1.23531e-05,-1.7153e-05,-2.11209e-05,-2.37597e-05,-2.4728e-05,-2.35483e-05,-1.90305e-05,-1.1454e-05,-2.28643e-06,8.43771e-06,2.06481e-05,3.42324e-05,4.90316e-05,6.48378e-05,8.13957e-05,9.84099e-05,0.000115556,0.000132494,0.000148892,0.000164435,0.000178851,0.000191917,0.00020347,0.00021341,0.000221695,0.000228334,0.00023338,0.00023692,0.000239071,0.000239984,0.000239854,0.000238935,0.000237569,0.000236205,0.00023543,0.000235979,0.000238729,0.000244681,0.0002549,0.000270441,0.000292239,0.000320983,0.000356963,0.000399932,0.000449027,0.000502768,0.000559146,0.000615776,0.000670096,0.000719576,0.000761906,0.000795142,0.000817809,0.000828958,0.000828197,0.000815696,0.000792183,0.000758917,0.000717633,0.000670443,0.000619704,0.000567836,0.000517134,0.000469585,0.000426725,0.00038956,0.000358547,0.000333656,0.000314469,0.000300314,0.000290388,0.000283854,0.000279912,0.000277835,0.000276997,0.00027688,0.00027706,0.000277196,0.000277003,0.000276224,0.000274611,0.0002719,0.000267814,0.000262062,0.000254356,0.000244438,0.000232115,0.000217284,0.00019997,0.000180335,0.000158691,0.000135489,0.000111294,8.6751e-05,6.2543e-05,3.93428e-05,1.77717e-05,-1.63755e-06,-1.84666e-05,-3.24262e-05,-4.33595e-05,-5.12364e-05,-5.61413e-05,-5.66716e-05,-5.2757e-05,-4.59735e-05,-3.7278e-05,-2.75852e-05,-1.79674e-05,-9.5253e-06,-3.19114e-06,4.65432e-07,1.37308e-06,0
0,1.66754e-06,1.40581e-06,-5.94614e-07,-4.2061e-06,-8.97736e-06,-1.42453e-05,-1.92804e-05,-2.3421e-05,-2.61597e-05,-2.71527e-05,-2.59388e-05,-2.13813e-05,-1.3746e-05,-4.43255e-06,6.52694e-06,1.90631e-05,3.30628e-05,4.83638e-05,6.47518e-05,8.19612e-05,9.96814e-05,0.000117568,0.000135258,0.000152389,0.000168619,0.000183643,0.00019721,0.000209136,0.000219302,0.000227659,0.000234216,0.000239037,0.000242228,0.000243932,0.00024433,0.000243644,0.000242155,0.000240217,0.000238281,0.00023691,0.000236789,0.000238721,0.000243597,0.000252348,0.000265872,0.000284939,0.000310083,0.000341483,0.000378871,0.000421474,0.000468016,0.000516785,0.000565753,0.000612728,0.000655524,0.000692118,0.000720782,0.00074019,0.00074948,0.000748297,0.000736804,0.000715674,0.000686055,0.00064951,0.000607918,0.000563345,0.000517898,0.000473562,0.000432056,0.000394719,0.000362445,0.00033567,0.000314412,0.000298351,0.000286923,0.000279423,0.000275093,0.000273184,0.000273004,0.000273944,0.000275486,0.000277196,0.000278713,0.000279726,0.000279949,0.0002791,0.000276895,0.000273037,0.00026723,0.000259195,0.000248699,0.000235582,0.000219796,0.000201419,0.00018068,0.000157951,0.00013374,0.00010866,8.33928e-05,5.86446e-05,3.50999e-05,1.33795e-05,-5.99365e-06,-2.26181e-05,-3.62264e-05,-4.66864e-05,-5.39942e-05,-5.82606e-05,-5.81805e-05,-5.37291e-05,-4.6466e-05,-3.73698e-05,-2.7384e-05,-1.75974e-05,-9.10763e-06,-2.82434e-06,7.19954e-07,1.49475e-06,0
0,1.41719e-06,9.04037e-07,-1.34421e-06,-5.21562e-06,-1.02637e-05,-1.582e-05,-2.11424e-05,-2.55529e-05,-2.85292e-05,-2.97168e-05,-2.86611e-05,-2.42695e-05,-1.67875e-05,-7.54081e-06,3.4477e-06,1.61162e-05,3.0357e-05,4.60098e-05,6.28584e-05,8.06301e-05,9.90016e-05,0.000117609,0.000136066,0.000153978,0.000170971,0.000186704,0.000200896,0.000213329,0.000223863,0.000232434,0.000239046,0.00024377,0.000246724,0.000248075,0.00024803,0.000246839,0.000244807,0.000242302,0.000239776,0.000237771,0.000236934,0.000237999,0.000241767,0.000249058,0.000260648,0.000277182,0.000299088,0.000326481,0.000359094,0.000396234,0.000436789,0.000479277,0.000521945,0.000562884,0.00060018,0.000632041,0.000656922,0.000673626,0.000681371,0.000679835,0.000669173,0.000650006,0.000623384,0.000590723,0.000553709,0.000514183,0.000474006,0.000434926,0.000398457,0.000365783,0.000337707,0.000314636,0.000296613,0.000283374,0.000274431,0.000269153,0.000266841,0.000266792,0.000268343,0.000270896,0.000273931,0.000277003,0.000279726,0.000281761,0.000282788,0.000282498,0.000280582,0.00027673,0.000270647,0.000262069,0.000250795,0.000236714,0.000219834,0.000200303,0.000178416,0.000154614,0.000129461,0.00010362,7.78032e-05,5.27355e-05,2.91039e-05,7.51913e-06,-1.15166e-05,-2.76304e-05,-4.0588e-05,-5.02929e-05,-5.6777e-05,-6.01859e-05,-5.93192e-05,-5.42054e-05,-4.63933e-05,-3.68844e-05,-2.66456e-05,-1.67701e-05,-8.33626e-06,-2.2129e-06,1.11978e-06,1.68052e-06,0
0,1.23053e-06,5.49294e-07,-1.86335e-06,-5.92028e-06,-1.11923e-05,-1.70178e-05,-2.26504e-05,-2.74e-05,-3.07269e-05,-3.22602e-05,-3.15435e-05,-2.75197e-05,-2.04076e-05,-1.14535e-05,-6.63816e-07,1.19142e-05,2.61847e-05,4.19961e-05,5.91358e-05,7.73292e-05,9.62438e-05,0.0001155,0.000134687,0.000153382,0.000171174,0.000187686,0.000202597,0.000215656,0.000226693,0.000235621,0.000242433,0.000247197,0.000250042,0.000251151,0.000250753,0.000249125,0.000246591,0.000243534,0.000240408,0.000237742,0.000236146,0.0002363,0.000238929,0.000244765,0.000254487,0.000268647,0.0002876,0.000311424,0.000339865,0.000372305,0.000407764,0.000444945,0.000482309,0.000518176,0.000550849,0.000578728,0.000600424,0.000614852,0.000621302,0.000619483,0.000609542,0.000592051,0.000567975,0.000538602,0.00050546,0.000470203,0.000434498,0.000399903,0.000367768,0.00033915,0.000314774,0.000295012,0.000279915,0.000269256,0.000262597,0.000259361,0.000258898,0.000260542,0.000263652,0.000267641,0.000271986,0.000276224,0.000279949,0.000282788,0.000284393,0.000284428,0.000282565,0.000278486,0.000271904,0.00026258,0.000250355,0.000235173,0.000217112,0.00019639,0.000173376,0.00014858,0.000122623,9.6209e-05,7.00788e-05,4.4965e-05,2.15473e-05,4.14883e-07,-1.79626e-05,-3.32523e-05,-4.52644e-05,-5.39479e-05,-5.9379e-05,-6.17445e-05,-5.99537e-05,-5.40935e-05,-4.57047e-05,-3.58086e-05,-2.53871e-05,-1.55234e-05,-7.25844e-06,-1.40273e-06,1.62921e-06,1.91095e-06,0
0,1.09899e-06,3.27298e-07,-2.16596e-06,-6.32556e-06,-1.17515e-05,-1.78022e-05,-2.37387e-05,-2.88647e-05,-3.26253e-05,-3.46293e-05,-3.44127e-05,-3.09465e-05,-2.44172e-05,-1.59863e-05,-5.63734e-06,6.60407e-06,2.06615e-05,3.63991e-05,5.36148e-05,7.20383e-05,9.1334e-05,0.000111111,0.000130938,0.000150365,0.000168946,0.000186267,0.000201964,0.000215746,0.000227408,0.000236833,0.000243996,0.000248954,0.000251837,0.000252838,0.000252203,0.000250229,0.000247259,0.00024369,0.000239977,0.000236638,0.000234256,0.000233464,0.000234928,0.000239308,0.000247205,0.000259106,0.000275313,0.000295884,0.000320586,0.000348867,0.000379863,0.000412425,0.000445193,0.000476675,0.000505355,0.000529797,0.000548747,0.000561221,0.000566573,0.000564543,0.000555267,0.000539277,0.000517458,0.000490988,0.000461257,0.000429761,0.000398004,0.000367386,0.000339119,0.000314152,0.000293135,0.000276407,0.000264013,0.000255748,0.000251209,0.000249859,0.000251087,0.000254256,0.000258748,0.000263981,0.000269427,0.000274611,0.0002791,0.000282498,0.000284428,0.000284534,0.000282472,0.000277929,0.000270633,0.000260381,0.000247065,0.000230694,0.000211417,0.000189531,0.000165481,0.000139839,0.000113282,8.65479e-05,6.03948e-05,3.5553e-05,1.2683e-05,-7.65999e-06,-2.5051e-05,-3.92087e-05,-4.99976e-05,-5.74209e-05,-6.16056e-05,-6.27841e-05,-5.99778e-05,-5.33339e-05,-4.43842e-05,-3.41638e-05,-2.36574e-05,-1.39216e-05,-5.94178e-06,-4.5379e-07,2.20417e-06,2.16285e-06,0
0,1.01032e-06,2.15e-07,-2.28024e-06,-6.45664e-06,-1.1954e-05,-1.81643e-05,-2.43688e-05,-2.98752e-05,-3.41175e-05,-3.6685e-05,-3.7102e-05,-3.43621e-05,-2.86148e-05,-2.09329e-05,-1.12711e-05,3.73581e-07,1.39515e-05,2.93501e-05,4.6386e-05,6.48007e-05,8.42631e-05,0.000104377,0.000124698,0.000144752,0.000164061,0.000182174,0.000198683,0.000213257,0.000225647,0.000235702,0.000243368,0.000248683,0.00025177,0.000252822,0.000252095,0.000249899,0.000246591,0.000242578,0.000238319,0.000234323,0.000231149,0.000229393,0.000229674,0.000232591,0.00023869,0.000248404,0.000262,0.000279529,0.000300782,0.00032527,0.000352227,0.000380637,0.00040929,0.000436856,0.000461978,0.000483362,0.000499877,0.000510632,0.000515042,0.000512871,0.000504252,0.000489674,0.00046995,0.000446159,0.000419565,0.000391528,0.000363404,0.000336457,0.000311774,0.000290208,0.000272337,0.000258463,0.000248619,0.000242609,0.000240055,0.000240452,0.000243218,0.000247745,0.000253429,0.000259697,0.000266017,0.0002719,0.000276895,0.000280582,0.000282565,0.000282472,0.000279959,0.000274722,0.000266519,0.000255191,0.000240689,0.000223093,0.000202631,0.000179678,0.000154749,0.00012848,0.000101591,7.48452e-05,4.90057e-05,2.47878e-05,2.81945e-06,-1.63906e-05,-3.24738e-05,-4.52109e-05,-5.45294e-05,-6.04932e-05,-6.32843e-05,-6.31826e-05,-5.9321e-05,-5.19057e-05,-4.24549e-05,-3.20076e-05,-2.15366e-05,-1.20542e-05,-4.47227e-06,5.61994e-07,2.79394e-06,2.41034e-06,0
0,9.49201e-07,1.8178e-07,-2.24738e-06,-6.35765e-06,-1.1837e-05,-1.81239e-05,-2.45337e-05,-3.03903e-05,-3.51251e-05,-3.83107e-05,-3.94595e-05,-3.75843e-05,-3.27943e-05,-2.60715e-05,-1.73364e-05,-6.55148e-06,6.26745e-06,2.10391e-05,3.76068e-05,5.5733e-05,7.50994e-05,9.53138e-05,0.000115925,0.000136442,0.000156363,0.000175198,0.000192502,0.000207897,0.00022109,0.000231888,0.000240201,0.00024604,0.000249508,0.000250791,0.000250143,0.000247879,0.000244365,0.000240014,0.000235284,0.000230677,0.000226732,0.000224016,0.000223106,0.000224558,0.000228869,0.000236435,0.0002475,0.000262115,0.000280098,0.000301021,0.00032421,0.000348764,0.00037361,0.000397564,0.00041941,0.000437989,0.000452282,0.000461484,0.000465069,0.000462829,0.000454888,0.000441697,0.000424002,0.000402785,0.000379194,0.00035446,0.000329807,0.000306369,0.00028512,0.000266817,0.000251972,0.000240844,0.000233447,0.000229589,0.000228908,0.000230923,0.000235079,0.00024079,0.000247469,0.000254549,0.000261497,0.000267814,0.000273037,0.00027673,0.000278486,0.000277929,0.000274722,0.000268586,0.000259316,0.000246809,0.000231081,0.000212291,0.000190743,0.000166889,0.000141312,0.000114699,8.78018e-05,6.13986e-05,3.62423e-05,1.30195e-05,-7.68815e-06,-2.54308e-05,-3.99073e-05,-5.0969e-05,-5.86133e-05,-6.29686e-05,-6.42738e-05,-6.28554e-05,-5.79542e-05,-4.98299e-05,-3.99797e-05,-2.94332e-05,-1.91342e-05,-1.00327e-05,-2.95085e-06,1.5639e-06,3.34358e-06,2.62609e-06,0
0,8.98301e-07,1.9135e-07,-2.11925e-06,-6.08941e-06,-1.14608e-05,-1.77295e-05,-2.42592e-05,-3.04038e-05,-3.56028e-05,-3.94195e-05,-4.13566e-05,-4.04454e-05,-3.67541e-05,-3.11726e-05,-2.35843e-05,-1.39119e-05,-2.13142e-06,1.17146e-05,2.75048e-05,4.50317e-05,6.39993e-05,8.40292e-05,0.000104673,0.000125433,0.000145788,0.000165219,0.000183245,0.000199442,0.000213472,0.000225096,0.000234181,0.0002407,0.000244729,0.000246433,0.000246055,0.000243905,0.000240348,0.000235796,0.000230705,0.000225566,0.000220903,0.000217255,0.000215168,0.000215158,0.000217689,0.000223127,0.000231702,0.000243472,0.000258286,0.000275777,0.000295354,0.000316229,0.000337454,0.00035798,0.000376726,0.000392659,0.000404868,0.000412634,0.000415487,0.000413243,0.000406022,0.000394237,0.000378565,0.000359895,0.000339265,0.000317779,0.000296534,0.000276541,0.000258661,0.000243559,0.00023168,0.000223234,0.000218215,0.000216427,0.000217518,0.000221028,0.000226423,0.000233139,0.000240605,0.000248263,0.000255583,0.000262062,0.00026723,0.000270647,0.000271904,0.000270633,0.000266519,0.000259316,0.00024887,0.000235139,0.000218214,0.000198329,0.000175867,0.00015135,0.000125418,9.87984e-05,7.22644e-05,4.65899e-05,2.25042e-05,6.50078e-07,-1.845e-05,-3.44168e-05,-4.70257e-05,-5.62053e-05,-6.20268e-05,-6.46849e-05,-6.44737e-05,-6.17626e-05,-5.58935e-05,-4.71715e-05,-3.70609e-05,-2.65665e-05,-1.6585e-05,-7.98606e-06,-1.4886e-06,2.46656e-06,3.79687e-06,2.7829e-06,0
0,8.39533e-07,2.04299e-07,-1.95487e-06,-5.72559e-06,-1.09052e-05,-1.70561e-05,-2.36034e-05,-2.99451e-05,-3.55426e-05,-3.99596e-05,-4.26953e-05,-4.28012e-05,-4.0306e-05,-3.60089e-05,-2.97546e-05,-2.14232e-05,-1.09456e-05,1.68056e-06,1.63773e-05,3.29758e-05,5.12131e-05,7.07351e-05,9.11077e-05,0.000111836,0.000132389,0.00015223,0.000170843,0.000187766,0.000202617,0.000215106,0.000225051,0.000232384,0.000237139,0.000239451,0.000239541,0.000237701,0.000234286,0.0002297,0.000224389,0.000218832,0.000213534,0.000209013,0.000205783,0.000204334,0.000205099,0.000208425,0.000214536,0.000223498,0.0002352,0.000249331,0.000265386,0.000282683,0.000300394,0.000317601,0.000333354,0.000346741,0.000356958,0.000363368,0.00036556,0.000363375,0.000356924,0.000346584,0.000332963,0.000316859,0.000299196,0.000280959,0.000263114,0.000246551,0.000232022,0.000220098,0.000211152,0.000205346,0.000202649,0.000202855,0.00020562,0.000210498,0.000216978,0.000224514,0.000232554,0.000240552,0.000247985,0.000254356,0.000259195,0.000262069,0.00026258,0.000260381,0.000255191,0.000246809,0.000235139,0.00022021,0.000202186,0.00018138,0.000158247,0.000133368,0.000107432,8.11893e-05,5.54183e-05,3.08739e-05,8.24556e-06,-1.1882e-05,-2.9058e-05,-4.29834e-05,-5.3517e-05,-6.06688e-05,-6.45848e-05,-6.55239e-05,-6.38317e-05,-5.99135e-05,-5.32026e-05,-4.40378e-05,-3.38367e-05,-2.35611e-05,-1.40423e-05,-6.05376e-06,-2.00655e-07,3.1849e-06,4.09984e-06,2.85545e-06,0
0,7.55493e-07,1.81118e-07,-1.81607e-06,-5.34752e-06,-1.02644e-05,-1.62004e-05,-2.26528e-05,-2.90783e-05,-3.49746e-05,-3.99183e-05,-4.34141e-05,-4.45391e-05,-4.32857e-05,-4.03665e-05,-3.55881e-05,-2.87869e-05,-1.98459e-05,-8.71289e-06,4.58405e-06,1.99236e-05,3.70853e-05,5.57503e-05,7.55106e-05,9.58863e-05,0.000116349,0.000136351,0.000155355,0.000172867,0.000188458,0.000201794,0.000212641,0.000220878,0.000226495,0.000229584,0.000230331,0.000229,0.000225924,0.000221489,0.000216123,0.00021029,0.000204472,0.000199166,0.000194861,0.000192019,0.000191053,0.000192296,0.000195969,0.000202158,0.000210787,0.000221609,0.000234202,0.000247986,0.000262255,0.000276217,0.000289049,0.00029996,0.00030825,0.000313369,0.000314957,0.000312884,0.000307253,0.000298401,0.000286868,0.00027336,0.000258688,0.000243713,0.000229277,0.000216144,0.000204956,0.000196191,0.000190148,0.000186939,0.000186501,0.000188618,0.000192949,0.000199062,0.000206465,0.000214633,0.000223032,0.000231135,0.000238432,0.000244438,0.000248699,0.000250795,0.000250355,0.000247065,0.000240689,0.000231081,0.000218214,0.000202186,0.00018324,0.000161759,0.00013826,0.000113378,8.78283e-05,6.2374e-05,3.77783e-05,1.47611e-05,-6.04352e-06,-2.41219e-05,-3.91055e-05,-5.07828e-05,-5.91001e-05,-6.41498e-05,-6.61504e-05,-6.54202e-05,-6.23488e-05,-5.73684e-05,-4.99912e-05,-4.05753e-05,-3.0475e-05,-2.05908e-05,-1.16705e-05,-4.37798e-06,8.00831e-07,3.63969e-06,4.20437e-06,2.82212e-06,0
0,6.30974e-07,8.54705e-08,-1.76255e-06,-5.03784e-06,-9.63962e-06,-1.52736e-05,-2.1517e-05,-2.7898e-05,-3.39653e-05,-3.93229e-05,-4.34925e-05,-4.55847e-05,-4.55621e-05,-4.40561e-05,-4.08389e-05,-3.57046e-05,-2.84878e-05,-1.90833e-05,-7.46446e-06,6.30179e-06,2.20464e-05,3.94964e-05,5.82817e-05,7.79499e-05,9.79881e-05,0.00011785,0.000136989,0.000154883,0.00017107,0.000185169,0.000196896,0.000206076,0.000212643,0.00021664,0.000218207,0.00021757,0.000215026,0.000210933,0.000205694,0.000199747,0.000193553,0.000187581,0.000182298,0.000178144,0.000175512,0.000174727,0.000176015,0.000179482,0.000185094,0.000192666,0.000201861,0.000212201,0.000223098,0.000233885,0.000243864,0.000252365,0.000258792,0.000262675,0.000263712,0.000261797,0.000257025,0.000249693,0.000240274,0.000229377,0.000217704,0.00020599,0.00019495,0.000185227,0.000177351,0.000171705,0.000168513,0.000167833,0.000169571,0.000173496,0.00017927,0.000186471,0.000194627,0.000203235,0.000211784,0.000219769,0.0002267,0.000232115,0.000235582,0.000236714,0.000235173,0.000230694,0.000223093,0.000212291,0.000198329,0.00018138,0.000161759,0.000139912,0.00011641,9.19207e-05,6.71755e-05,4.29284e-05,1.99118e-05,-1.20608e-06,-1.98608e-05,-3.56212e-05,-4.82086e-05,-5.75037e-05,-6.35412e-05,-6.64932e-05,-6.66454e-05,-6.43673e-05,-6.00824e-05,-5.42382e-05,-4.64111e-05,-3.69622e-05,-2.71648e-05,-1.78393e-05,-9.63426e-06,-3.0945e-06,1.41427e-06,3.76324e-06,4.072e-06,2.66673e-06,0
0,4.54394e-07,-1.12591e-07,-1.8468e-06,-4.87378e-06,-9.13111e-06,-1.43929e-05,-2.03201e-05,-2.65222e-05,-3.2613e-05,-3.8239e-05,-4.29525e-05,-4.59075e-05,-4.70455e-05,-4.69248e-05,-4.52893e-05,-4.18948e-05,-3.65293e-05,-2.90345e-05,-1.93264e-05,-7.41252e-06,6.59685e-06,2.24841e-05,3.99281e-05,5.85165e-05,7.7765e-05,9.71435e-05,0.000116105,0.000134115,0.000150685,0.000165394,0.000177909,0.000188001,0.000195547,0.000200532,0.000203042,0.000203251,0.000201413,0.000197845,0.000192917,0.000187033,0.000180625,0.000174137,0.000168007,0.000162657,0.000158464,0.000155749,0.000154744,0.00015558,0.000158268,0.000162684,0.000168578,0.000175573,0.000183196,0.000190903,0.00019812,0.000204294,0.00020893,0.00021164,0.000212177,0.000210457,0.000206569,0.000200768,0.000193458,0.000185155,0.00017645,0.000167953,0.000160255,0.000153877,0.000149237,0.000146625,0.00014619,0.000147935,0.000151731,0.000157334,0.000164404,0.000172532,0.000181264,0.000190122,0.000198621,0.000206283,0.000212648,0.000217284,0.000219796,0.000219834,0.000217112,0.000211417,0.000202631,0.000190743,0.000175867,0.000158247,0.00013826,0.00011641,9.33033e-05,6.96268e-05,4.61079e-05,2.34745e-05,2.41107e-06,-1.64811e-05,-3.27191e-05,-4.59629e-05,-5.6029e-05,-6.2891e-05,-6.66695e-05,-6.76103e-05,-6.60573e-05,-6.24207e-05,-5.71449e-05,-5.06796e-05,-4.2649e-05,-3.33995e-05,-2.41053e-05,-1.54897e-05,-8.08867e-06,-2.32326e-06,1.55626e-06,3.5049e-06,3.67726e-06,2.38018e-06,0
0,2.19004e-07,-4.33757e-07,-2.10933e-06,-4.92036e-06,-8.82984e-06,-1.36722e-05,-1.91909e-05,-2.50833e-05,-3.10402e-05,-3.67653e-05,-4.18561e-05,-4.55219e-05,-4.76931e-05,-4.88654e-05,-4.87627e-05,-4.71091e-05,-4.36508e-05,-3.81789e-05,-3.05521e-05,-2.07158e-05,-8.71665e-06,5.29059e-06,2.10437e-05,3.8182e-05,5.62631e-05,7.47858e-05,9.32177e-05,0.000111025,0.000127703,0.000142799,0.000155939,0.000166841,0.000175325,0.000181314,0.000184831,0.000185994,0.000185002,0.000182122,0.000177678,0.000172035,0.000165591,0.000158757,0.000151945,0.000145554,0.000139951,0.00013545,0.000132296,0.000130647,0.000130557,0.000131969,0.000134713,0.000138514,0.00014301,0.000147777,0.000152362,0.000156323,0.000159265,0.000160879,0.00016097,0.000159475,0.000156474,0.000152184,0.00014694,0.000141167,0.000135343,0.000129962,0.000125489,0.000122328,0.000120789,0.000121069,0.000123241,0.000127256,0.000132952,0.000140067,0.000148262,0.00015714,0.000166265,0.000175188,0.000183452,0.000190615,0.000196251,0.00019997,0.000201419,0.000200303,0.00019639,0.000189531,0.000179678,0.000166889,0.00015135,0.000133368,0.000113378,9.19207e-05,6.96268e-05,4.7183e-05,2.5295e-05,4.64702e-06,-1.414e-05,-3.05446e-05,-4.41748e-05,-5.47874e-05,-6.22952e-05,-6.67625e-05,-6.83892e-05,-6.74858e-05,-6.44427e-05,-5.96968e-05,-5.36993e-05,-4.68872e-05,-3.89158e-05,-3.00984e-05,-2.14933e-05,-1.37113e-05,-7.16744e-06,-2.15899e-06,1.16864e-06,2.83585e-06,3.01053e-06,1.9616e-06,0
0,-7.62665e-08,-8.8726e-07,-2.57467e-06,-5.22434e-06,-8.80924e-06,-1.32117e-05,-1.8252e-05,-2.37172e-05,-2.93839e-05,-3.50263e-05,-4.03012e-05,-4.44862e-05,-4.75121e-05,-4.98238e-05,-5.11353e-05,-5.11485e-05,-4.95751e-05,-4.6161e-05,-4.07104e-05,-3.31072e-05,-2.33318e-05,-1.1471e-05,2.27956e-06,1.7621e-05,3.41647e-05,5.1452e-05,6.89796e-05,8.62271e-05,0.000102686,0.000117886,0.00013142,0.000142958,0.000152265,0.000159202,0.000163729,0.000165897,0.000165844,0.000163779,0.000159972,0.000154742,0.000148443,0.00014145,0.000134146,0.000126908,0.000120089,0.000114,0.000108901,0.000104974,0.000102318,0.000100942,0.000100754,0.000101577,0.000103156,0.000105181,0.000107314,0.000109218,0.000110595,0.000111208,0.00011091,0.000109662,0.000107533,0.0001047,0.000101433,9.80671e-05,9.49776e-05,9.25418e-05,9.11081e-05,9.09656e-05,9.23209e-05,9.5282e-05,9.98519e-05,0.00010593,0.00011332,0.000121746,0.000130868,0.000140302,0.000149635,0.000158445,0.000166312,0.00017283,0.000177619,0.000180335,0.00018068,0.000178416,0.000173376,0.000165481,0.000154749,0.000141312,0.000125418,0.000107432,8.78283e-05,6.71755e-05,4.61079e-05,2.5295e-05,5.40338e-06,-1.29429e-05,-2.91996e-05,-4.29354e-05,-5.38553e-05,-6.18148e-05,-6.68208e-05,-6.90219e-05,-6.8688e-05,-6.61816e-05,-6.19253e-05,-5.63673e-05,-4.99498e-05,-4.30821e-05,-3.54333e-05,-2.72666e-05,-1.95092e-05,-1.26477e-05,-6.97237e-06,-2.66287e-06,2.24423e-07,1.75277e-06,2.07988e-06,1.41909e-06,0
0,-4.26426e-07,-1.46961e-06,-3.24865e-06,-5.80952e-06,-9.11822e-06,-1.30892e-05,-1.7609e-05,-2.25515e-05,-2.77839e-05,-3.31613e-05,-3.8413e-05,-4.28974e-05,-4.65581e-05,-4.98015e-05,-5.2344e-05,-5.38763e-05,-5.40854e-05,-5.26803e-05,-4.94164e-05,-4.41196e-05,-3.67045e-05,-2.71879e-05,-1.56935e-05,-2.45066e-06,1.2216e-05,2.79026e-05,4.41485e-05,6.0461e-05,7.63425e-05,9.13172e-05,0.000104954,0.000116889,0.000126835,0.000134595,0.000140064,0.000143226,0.000144151,0.000142984,0.000139936,0.00013527,0.000129292,0.000122336,0.000114752,0.000106891,9.90925e-05,9.16664e-05,8.48808e-05,7.89469e-05,7.40075e-05,7.01293e-05,6.72999e-05,6.54311e-05,6.43692e-05,6.39106e-05,6.38233e-05,6.38721e-05,6.38435e-05,6.35705e-05,6.29514e-05,6.19635e-05,6.06675e-05,5.92032e-05,5.77773e-05,5.66431e-05,5.6076e-05,5.63461e-05,5.76917e-05,6.0296e-05,6.42686e-05,6.9635e-05,7.63319e-05,8.42103e-05,9.30447e-05,0.000102545,0.000112374,0.000122159,0.000131513,0.000140046,0.000147374,0.000153139,0.000157007,0.000158691,0.000157951,0.000154614,0.00014858,0.000139839,0.00012848,0.000114699,9.87984e-05,8.11893e-05,6.2374e-05,4.29284e-05,2.34745e-05,4.64702e-06,-1.29429e-05,-2.87447e-05,-4.2302e-05,-5.32798e-05,-6.1483e-05,-6.68638e-05,-6.95173e-05,-6.96667e-05,-6.7639e-05,-6.38339e-05,-5.86897e-05,-5.26493e-05,-4.61296e-05,-3.94973e-05,-3.24194e-05,-2.50932e-05,-1.83029e-05,-1.24043e-05,-7.56388e-06,-3.85581e-06,-1.2681e-06,2.79918e-07,9.11846e-07,7.69832e-07,0
0,-8.20576e-07,-2.16438e-06,-4.11724e-06,-6.67389e-06,-9.77621e-06,-1.33525e-05,-1.73409e-05,-2.16942e-05,-2.63707e-05,-3.13128e-05,-3.63333e-05,-4.08828e-05,-4.49299e-05,-4.88551e-05,-5.239e-05,-5.52267e-05,-5.70397e-05,-5.7511e-05,-5.63564e-05,-5.33497e-05,-4.83437e-05,-4.12857e-05,-3.22258e-05,-2.13185e-05,-8.81651e-06,4.94149e-06,1.95494e-05,3.4556e-05,4.94892e-05,6.38814e-05,7.72927e-05,8.93318e-05,9.96726e-05,0.000108065,0.000114343,0.000118424,0.000120309,0.000120075,0.000117867,0.000113889,0.000108394,0.000101669,9.40279e-05,8.57932e-05,7.72872e-05,6.88162e-05,6.06577e-05,5.30472e-05,4.61675e-05,4.01411e-05,3.5026e-05,3.08173e-05,2.74532e-05,2.48273e-05,2.28043e-05,2.12391e-05,1.99969e-05,1.8972e-05,1.81027e-05,1.73821e-05,1.68609e-05,1.66443e-05,1.68815e-05,1.77496e-05,1.94338e-05,2.21063e-05,2.59053e-05,3.09177e-05,3.71657e-05,4.45998e-05,5.30973e-05,6.24664e-05,7.24553e-05,8.27639e-05,9.30576e-05,0.000102982,0.000112174,0.000120279,0.000126957,0.000131894,0.000134815,0.000135489,0.00013374,0.000129461,0.000122623,0.000113282,0.000101591,8.78018e-05,7.22644e-05,5.54183e-05,3.77783e-05,1.99118e-05,2.41107e-06,-1.414e-05,-2.91996e-05,-4.2302e-05,-5.30854e-05,-6.13147e-05,-6.68931e-05,-6.98639e-05,-7.04008e-05,-6.87889e-05,-6.5397e-05,-6.06449e-05,-5.49693e-05,-4.87904e-05,-4.24841e-05,-3.63605e-05,-3.00706e-05,-2.37332e-05,-1.79813e-05,-1.3038e-05,-8.95375e-06,-5.71412e-06,-3.26343e-06,-1.53065e-06,-4.49146e-07,3.94903e-08,0
0,-1.24259e-06,-2.94324e-06,-5.14711e-06,-7.78902e-06,-1.07705e-05,-1.40141e-05,-1.74919e-05,-2.12237e-05,-2.52534e-05,-2.96136e-05,-3.4208e-05,-3.8589e-05,-4.27607e-05,-4.70902e-05,-5.13372e-05,-5.52085e-05,-5.8379e-05,-6.05166e-05,-6.1308e-05,-6.04842e-05,-5.78428e-05,-5.32657e-05,-4.67301e-05,-3.83139e-05,-2.8193e-05,-1.66331e-05,-3.97523e-06,9.38297e-06,2.30086e-05,3.64564e-05,4.92917e-05,6.11104e-05,7.15573e-05,8.03396e-05,8.72361e-05,9.21025e-05,9.48721e-05,9.55533e-05,9.42244e-05,9.10263e-05,8.61534e-05,7.9844e-05,7.23693e-05,6.4022e-05,5.51042e-05,4.5915e-05,3.67377e-05,2.78282e-05,1.94045e-05,1.16383e-05,4.65002e-06,-1.49156e-06,-6.76648e-06,-1.11955e-05,-1.4829e-05,-1.77324e-05,-1.9972e-05,-2.16002e-05,-2.2644e-05,-2.30977e-05,-2.292e-05,-2.20372e-05,-2.03516e-05,-1.7754e-05,-1.41388e-05,-9.42069e-06,-3.54941e-06,3.47727e-06,1.16051e-05,2.07194e-05,3.06462e-05,4.11576e-05,5.19806e-05,6.28087e-05,7.33144e-05,8.31612e-05,9.20165e-05,9.95614e-05,0.000105501,0.000109575,0.000111562,0.000111294,0.00010866,0.00010362,9.6209e-05,8.65479e-05,7.48452e-05,6.13986e-05,4.65899e-05,3.08739e-05,1.47611e-05,-1.20608e-06,-1.64811e-05,-3.05446e-05,-4.29354e-05,-5.32798e-05,-6.13147e-05,-6.69038e-05,-7.00435e-05,-7.0859e-05,-6.95902e-05,-6.65686e-05,-6.21875e-05,-5.68688e-05,-5.10294e-05,-4.50505e-05,-3.92523e-05,-3.38766e-05,-2.85466e-05,-2.32937e-05,-1.85967e-05,-1.45498e-05,-1.11008e-05,-8.16808e-06,-5.67959e-06,-3.60091e-06,-1.94278e-06,-7.39025e-07,0
0,-1.67232e-06,-3.76794e-06,-6.28795e-06,-9.10173e-06,-1.20563e-05,-1.50496e-05,-1.80675e-05,-2.11808e-05,-2.45099e-05,-2.81751e-05,-3.21742e-05,-3.61684e-05,-4.0206e-05,-4.46519e-05,-4.93055e-05,-5.39018e-05,-5.813e-05,-6.16572e-05,-6.41538e-05,-6.53193e-05,-6.49055e-05,-6.27356e-05,-5.87185e-05,-5.28565e-05,-4.5247e-05,-3.60779e-05,-2.56174e-05,-1.41993e-05,-2.20535e-06,9.9556e-06,2.18678e-05,3.31289e-05,4.3368e-05,5.22609e-05,5.95418e-05,6.5011e-05,6.85398e-05,7.00706e-05,6.96151e-05,6.72497e-05,6.31095e-05,5.73796e-05,5.02869e-05,4.20895e-05,3.3066e-05,2.3504e-05,1.36884e-05,3.88989e-06,-5.64531e-06,-1.47043e-05,-2.31135e-05,-3.07417e-05,-3.74992e-05,-4.33339e-05,-4.82237e-05,-5.2167e-05,-5.51718e-05,-5.72459e-05,-5.83878e-05,-5.85815e-05,-5.77949e-05,-5.59821e-05,-5.309e-05,-4.90678e-05,-4.38782e-05,-3.75096e-05,-2.99869e-05,-2.13791e-05,-1.18049e-05,-1.43286e-06,9.52102e-06,2.08004e-05,3.21176e-05,4.31645e-05,5.3624e-05,6.31815e-05,7.15356e-05,7.84073e-05,8.3549e-05,8.67523e-05,8.78554e-05,8.6751e-05,8.33928e-05,7.78032e-05,7.00788e-05,6.03948e-05,4.90057e-05,3.62423e-05,2.25042e-05,8.24556e-06,-6.04352e-06,-1.98608e-05,-3.27191e-05,-4.41748e-05,-5.38553e-05,-6.1483e-05,-6.68931e-05,-7.00435e-05,-7.10151e-05,-7.0003e-05,-6.72979e-05,-6.32603e-05,-5.82898e-05,-5.27922e-05,-4.71473e-05,-4.16818e-05,-3.66475e-05,-3.22092e-05,-2.79541e-05,-2.38217e-05,-2.01388e-05,-1.68806e-05,-1.39099e-05,-1.11038e-05,-8.40154e-06,-5.83077e-06,-3.49613e-06,-1.52746e-06,0
0,-2.0871e-06,-4.59335e-06,-7.47627e-06,-1.0538e-05,-1.35602e-05,-1.63984e-05,-1.90323e-05,-2.15647e-05,-2.41792e-05,-2.70765e-05,-3.0348e-05,-3.37662e-05,-3.74301e-05,-4.17113e-05,-4.64596e-05,-5.14502e-05,-5.64e-05,-6.09895e-05,-6.48865e-05,-6.77718e-05,-6.93628e-05,-6.94338e-05,-6.78323e-05,-6.44897e-05,-5.94263e-05,-5.27505e-05,-4.46532e-05,-3.53969e-05,-2.53018e-05,-1.47285e-05,-4.06012e-06,6.3169e-06,1.60301e-05,2.47374e-05,3.21402e-05,3.79938e-05,4.21152e-05,4.43864e-05,4.4756e-05,4.32377e-05,3.99064e-05,3.48934e-05,2.83784e-05,2.05818e-05,1.17546e-05,2.16843e-06,-7.89611e-06,-1.81601e-05,-2.83572e-05,-3.82425e-05,-4.76005e-05,-5.62493e-05,-6.40428e-05,-7.08695e-05,-7.66485e-05,-8.13234e-05,-8.48555e-05,-8.72164e-05,-8.83822e-05,-8.83295e-05,-8.70345e-05,-8.44749e-05,-8.06348e-05,-7.55118e-05,-6.91248e-05,-6.15228e-05,-5.27912e-05,-4.30569e-05,-3.24896e-05,-2.13002e-05,-9.73624e-06,1.92603e-06,1.3391e-05,2.43543e-05,3.45138e-05,4.35796e-05,5.12842e-05,5.739e-05,6.16978e-05,6.40526e-05,6.43502e-05,6.2543e-05,5.86446e-05,5.27355e-05,4.4965e-05,3.5553e-05,2.47878e-05,1.30195e-05,6.50078e-07,-1.1882e-05,-2.41219e-05,-3.56212e-05,-4.59629e-05,-5.47874e-05,-6.18148e-05,-6.68638e-05,-6.98639e-05,-7.0859e-05,-7.0003e-05,-6.75459e-05,-6.38119e-05,-5.91726e-05,-5.40153e-05,-4.87117e-05,-4.35891e-05,-3.89065e-05,-3.48379e-05,-3.1465e-05,-2.83352e-05,-2.52963e-05,-2.25311e-05,-1.99108e-05,-1.72356e-05,-1.43683e-05,-1.12873e-05,-8.10382e-06,-5.02808e-06,-2.28464e-06,0
0,-2.46358e-06,-5.371e-06,-8.64043e-06,-1.20086e-05,-1.51851e-05,-1.79682e-05,-2.03121e-05,-2.2332e-05,-2.42574e-05,-2.63583e-05,-2.88139e-05,-3.15074e-05,-3.45919e-05,-3.84515e-05,-4.29946e-05,-4.80473e-05,-5.33666e-05,-5.86595e-05,-6.36054e-05,-6.78803e-05,-7.118e-05,-7.32417e-05,-7.38612e-05,-7.29063e-05,-7.03247e-05,-6.61475e-05,-6.04866e-05,-5.35288e-05,-4.55256e-05,-3.67793e-05,-2.76282e-05,-1.84297e-05,-9.54344e-06,-1.31534e-06,5.93674e-06,1.19354e-05,1.64534e-05,1.93209e-05,2.04294e-05,1.97337e-05,1.72511e-05,1.30587e-05,7.28806e-06,1.19142e-07,-8.22827e-06,-1.75039e-05,-2.74374e-05,-3.77495e-05,-4.81622e-05,-5.84093e-05,-6.82448e-05,-7.74492e-05,-8.58334e-05,-9.32405e-05,-9.95443e-05,-0.000104647,-0.000108473,-0.000110967,-0.000112088,-0.000111809,-0.000110112,-0.000106995,-0.000102471,-9.65768e-05,-8.93745e-05,-8.09601e-05,-7.14659e-05,-6.10621e-05,-4.99563e-05,-3.83897e-05,-2.66306e-05,-1.49662e-05,-3.69282e-06,6.89489e-06,1.65138e-05,2.49023e-05,3.18286e-05,3.7098e-05,4.05594e-05,4.21106e-05,4.17024e-05,3.93428e-05,3.50999e-05,2.91039e-05,2.15473e-05,1.2683e-05,2.81945e-06,-7.68815e-06,-1.845e-05,-2.9058e-05,-3.91055e-05,-4.82086e-05,-5.6029e-05,-6.22952e-05,-6.68208e-05,-6.95173e-05,-7.04008e-05,-6.95902e-05,-6.72979e-05,-6.38119e-05,-5.94724e-05,-5.46431e-05,-4.96813e-05,-4.49091e-05,-4.05874e-05,-3.68977e-05,-3.393e-05,-3.16811e-05,-2.96589e-05,-2.76251e-05,-2.56314e-05,-2.34647e-05,-2.08883e-05,-1.7778e-05,-1.41761e-05,-1.02946e-05,-6.45463e-06,-2.96919e-06,0
0,-2.77958e-06,-6.05295e-06,-9.70628e-06,-1.34164e-05,-1.68182e-05,-1.96423e-05,-2.18003e-05,-2.33998e-05,-2.46976e-05,-2.6018e-05,-2.76182e-05,-2.94874e-05,-3.18322e-05,-3.50524e-05,-3.91203e-05,-4.39208e-05,-4.92615e-05,-5.48882e-05,-6.05053e-05,-6.57977e-05,-7.04537e-05,-7.41861e-05,-7.67509e-05,-7.79621e-05,-7.77027e-05,-7.5931e-05,-7.26822e-05,-6.80663e-05,-6.22615e-05,-5.5505e-05,-4.80805e-05,-4.03043e-05,-3.251e-05,-2.50332e-05,-1.81971e-05,-1.22985e-05,-7.59627e-06,-4.30202e-06,-2.5727e-06,-2.50605e-06,-4.13836e-06,-7.44469e-06,-1.23414e-05,-1.86907e-05,-2.63075e-05,-3.49675e-05,-4.44175e-05,-5.43853e-05,-6.4591e-05,-7.47579e-05,-8.46213e-05,-9.3937e-05,-0.000102487,-0.000110082,-0.000116565,-0.000121807,-0.000125709,-0.000128194,-0.000129212,-0.000128732,-0.000126742,-0.000123255,-0.000118308,-0.000111963,-0.000104318,-9.54997e-05,-8.56748e-05,-7.50431e-05,-6.3837e-05,-5.23157e-05,-4.07579e-05,-2.94529e-05,-1.869e-05,-8.74849e-06,1.11997e-07,7.66083e-06,1.37038e-05,1.80894e-05,2.0714e-05,2.15253e-05,2.05252e-05,1.77717e-05,1.33795e-05,7.51913e-06,4.14883e-07,-7.65999e-06,-1.63906e-05,-2.54308e-05,-3.44168e-05,-4.29834e-05,-5.07828e-05,-5.75037e-05,-6.2891e-05,-6.67625e-05,-6.90219e-05,-6.96667e-05,-6.87889e-05,-6.65686e-05,-6.32603e-05,-5.91726e-05,-5.46431e-05,-5.00102e-05,-4.55853e-05,-4.16269e-05,-3.83198e-05,-3.57614e-05,-3.39557e-05,-3.28168e-05,-3.18181e-05,-3.06454e-05,-2.92373e-05,-2.73198e-05,-2.46456e-05,-2.11299e-05,-1.68991e-05,-1.22769e-05,-7.69462e-06,-3.54249e-06,0
0,-3.0158e-06,-6.59554e-06,-1.06029e-05,-1.46634e-05,-1.83394e-05,-2.12881e-05,-2.33651e-05,-2.46523e-05,-2.54139e-05,-2.60112e-05,-2.67659e-05,-2.77644e-05,-2.92631e-05,-3.16771e-05,-3.50445e-05,-3.93141e-05,-4.43519e-05,-4.99529e-05,-5.58583e-05,-6.17753e-05,-6.73984e-05,-7.24299e-05,-7.65989e-05,-7.96776e-05,-8.14943e-05,-8.19424e-05,-8.09856e-05,-7.8659e-05,-7.5067e-05,-7.03774e-05,-6.48123e-05,-5.86373e-05,-5.21483e-05,-4.56578e-05,-3.948e-05,-3.39173e-05,-2.92471e-05,-2.57107e-05,-2.35032e-05,-2.27665e-05,-2.35845e-05,-2.59804e-05,-2.99169e-05,-3.5299e-05,-4.19787e-05,-4.97624e-05,-5.84196e-05,-6.76934e-05,-7.73116e-05,-8.69972e-05,-9.64791e-05,-0.000105501,-0.000113829,-0.000121255,-0.000127603,-0.000132725,-0.000136506,-0.000138859,-0.000139726,-0.000139074,-0.000136898,-0.000133222,-0.000128097,-0.000121605,-0.000113865,-0.000105025,-9.52717e-05,-8.48221e-05,-7.39209e-05,-6.28342e-05,-5.18409e-05,-4.12234e-05,-3.12571e-05,-2.22005e-05,-1.42853e-05,-7.70876e-06,-2.62645e-06,8.5281e-07,2.67055e-06,2.82087e-06,1.3513e-06,-1.63755e-06,-5.99365e-06,-1.15166e-05,-1.79626e-05,-2.5051e-05,-3.24738e-05,-3.99073e-05,-4.70257e-05,-5.3517e-05,-5.91001e-05,-6.35412e-05,-6.66695e-05,-6.83892e-05,-6.8688e-05,-6.7639e-05,-6.5397e-05,-6.21875e-05,-5.82898e-05,-5.40153e-05,-4.96813e-05,-4.55853e-05,-4.1979e-05,-3.90472e-05,-3.68919e-05,-3.55245e-05,-3.48653e-05,-3.47516e-05,-3.46322e-05,-3.41317e-05,-3.30971e-05,-3.12188e-05,-2.82654e-05,-2.4214e-05,-1.92902e-05,-1.39325e-05,-8.67551e-06,-3.97149e-06,0
0,-3.1573e-06,-6.96275e-06,-1.12682e-05,-1.56586e-05,-1.96309e-05,-2.27678e-05,-2.48607e-05,-2.59498e-05,-2.62883e-05,-2.62553e-05,-2.6221e-05,-2.63566e-05,-2.69613e-05,-2.84614e-05,-3.09592e-05,-3.44693e-05,-3.89208e-05,-4.41656e-05,-4.9992e-05,-5.61411e-05,-6.23267e-05,-6.82543e-05,-7.364e-05,-7.82273e-05,-8.18019e-05,-8.42025e-05,-8.53292e-05,-8.51478e-05,-8.36911e-05,-8.10565e-05,-7.7401e-05,-7.29324e-05,-6.78998e-05,-6.25804e-05,-5.72672e-05,-5.22545e-05,-4.78248e-05,-4.42359e-05,-4.17096e-05,-4.04223e-05,-4.04974e-05,-4.20007e-05,-4.49383e-05,-4.92568e-05,-5.48468e-05,-6.15488e-05,-6.91608e-05,-7.74486e-05,-8.61559e-05,-9.50161e-05,-0.000103763,-0.00011214,-0.000119909,-0.000126857,-0.000132797,-0.000137576,-0.00014107,-0.000143188,-0.000143868,-0.000143079,-0.00014082,-0.000137121,-0.000132042,-0.000125678,-0.000118155,-0.000109636,-0.000100314,-9.04116e-05,-8.01743e-05,-6.98648e-05,-5.97528e-05,-5.01059e-05,-4.11789e-05,-3.32041e-05,-2.63824e-05,-2.08754e-05,-1.67999e-05,-1.42235e-05,-1.31626e-05,-1.35818e-05,-1.53947e-05,-1.84666e-05,-2.26181e-05,-2.76304e-05,-3.32523e-05,-3.92087e-05,-4.52109e-05,-5.0969e-05,-5.62053e-05,-6.06688e-05,-6.41498e-05,-6.64932e-05,-6.76103e-05,-6.74858e-05,-6.61816e-05,-6.38339e-05,-6.06449e-05,-5.68688e-05,-5.27922e-05,-4.87117e-05,-4.49091e-05,-4.16269e-05,-3.90472e-05,-3.72745e-05,-3.6326e-05,-3.6129e-05,-3.65264e-05,-3.72894e-05,-3.78555e-05,-3.78074e-05,-3.69239e-05,-3.4886e-05,-3.15018e-05,-2.68282e-05,-2.11974e-05,-1.51596e-05,-9.33876e-06,-4.23121e-06,0
0,-3.19461e-06,-7.12875e-06,-1.16529e-05,-1.63245e-05,-2.05853e-05,-2.39488e-05,-2.61377e-05,-2.71402e-05,-2.71809e-05,-2.66379e-05,-2.59115e-05,-2.52435e-05,-2.49651e-05,-2.55064e-05,-2.70288e-05,-2.96112e-05,-3.32476e-05,-3.78514e-05,-4.32653e-05,-4.92744e-05,-5.56235e-05,-6.20342e-05,-6.82234e-05,-7.392e-05,-7.888e-05,-8.28998e-05,-8.58262e-05,-8.75637e-05,-8.80791e-05,-8.7402e-05,-8.5623e-05,-8.28888e-05,-7.93945e-05,-7.53734e-05,-7.10857e-05,-6.68052e-05,-6.28062e-05,-5.93503e-05,-5.66737e-05,-5.49761e-05,-5.44116e-05,-5.50815e-05,-5.70304e-05,-6.02442e-05,-6.46524e-05,-7.01316e-05,-7.65129e-05,-8.35907e-05,-9.11332e-05,-9.88931e-05,-0.000106619,-0.000114065,-0.000121001,-0.000127216,-0.000132528,-0.000136783,-0.000139858,-0.000141661,-0.000142133,-0.000141245,-0.000138997,-0.000135422,-0.000130587,-0.000124587,-0.000117553,-0.000109648,-0.000101063,-9.20165e-05,-8.27446e-05,-7.34972e-05,-6.45267e-05,-5.60783e-05,-4.83808e-05,-4.1636e-05,-3.60109e-05,-3.16307e-05,-2.8574e-05,-2.68697e-05,-2.64964e-05,-2.73833e-05,-2.94131e-05,-3.24262e-05,-3.62264e-05,-4.0588e-05,-4.52644e-05,-4.99976e-05,-5.45294e-05,-5.86133e-05,-6.20268e-05,-6.45848e-05,-6.61504e-05,-6.66454e-05,-6.60573e-05,-6.44427e-05,-6.19253e-05,-5.86897e-05,-5.49693e-05,-5.10294e-05,-4.71473e-05,-4.35891e-05,-4.05874e-05,-3.83198e-05,-3.68919e-05,-3.6326e-05,-3.65563e-05,-3.74325e-05,-3.87302e-05,-4.01682e-05,-4.11915e-05,-4.13617e-05,-4.04142e-05,-3.80448e-05,-3.41213e-05,-2.87915e-05,-2.24942e-05,-1.58803e-05,-9.64439e-06,-4.30684e-06,0
0,-3.12442e-06,-7.07978e-06,-1.17247e-05,-1.66025e-05,-2.11139e-05,-2.47125e-05,-2.70549e-05,-2.807e-05,-2.79406e-05,-2.70257e-05,-2.57371e-05,-2.43699e-05,-2.32754e-05,-2.28755e-05,-2.33828e-05,-2.49357e-05,-2.75917e-05,-3.13275e-05,-3.60446e-05,-4.15797e-05,-4.77181e-05,-5.42095e-05,-6.07847e-05,-6.71715e-05,-7.31104e-05,-7.83689e-05,-8.27525e-05,-8.61151e-05,-8.83652e-05,-8.94699e-05,-8.94563e-05,-8.84087e-05,-8.64647e-05,-8.3807e-05,-8.0654e-05,-7.72483e-05,-7.38442e-05,-7.06944e-05,-6.80372e-05,-6.60845e-05,-6.50106e-05,-6.49445e-05,-6.59629e-05,-6.80876e-05,-7.12852e-05,-7.54694e-05,-8.05075e-05,-8.62275e-05,-9.24284e-05,-9.88902e-05,-0.000105385,-0.000111688,-0.000117583,-0.000122876,-0.000127393,-0.000130989,-0.000133549,-0.000134984,-0.00013524,-0.00013429,-0.000132136,-0.000128813,-0.000124384,-0.000118945,-0.000112621,-0.000105567,-9.79656e-05,-9.00195e-05,-8.19493e-05,-7.39835e-05,-6.635e-05,-5.9266e-05,-5.29292e-05,-4.75076e-05,-4.31327e-05,-3.98933e-05,-3.78312e-05,-3.69403e-05,-3.71667e-05,-3.8411e-05,-4.05336e-05,-4.33595e-05,-4.66864e-05,-5.02929e-05,-5.39479e-05,-5.74209e-05,-6.04932e-05,-6.29686e-05,-6.46849e-05,-6.55239e-05,-6.54202e-05,-6.43673e-05,-6.24207e-05,-5.96968e-05,-5.63673e-05,-5.26493e-05,-4.87904e-05,-4.50505e-05,-4.16818e-05,-3.89065e-05,-3.68977e-05,-3.57614e-05,-3.55245e-05,-3.6129e-05,-3.74325e-05,-3.92169e-05,-4.12037e-05,-4.3076e-05,-4.43101e-05,-4.4469e-05,-4.32671e-05,-4.04366e-05,-3.59192e-05,-2.99574e-05,-2.30889e-05,-1.60469e-05,-9.57436e-06,-4.19509e-06,0
0,-2.94977e-06,-6.81492e-06,-1.14696e-05,-1.64564e-05,-2.11517e-05,-2.4963e-05,-2.74881e-05,-2.85956e-05,-2.8417e-05,-2.72762e-05,-2.55778e-05,-2.36534e-05,-2.18604e-05,-2.05948e-05,-2.01113e-05,-2.06007e-05,-2.21795e-05,-2.48861e-05,-2.86825e-05,-3.34615e-05,-3.90568e-05,-4.52559e-05,-5.18151e-05,-5.84744e-05,-6.49729e-05,-7.10627e-05,-7.65218e-05,-8.11651e-05,-8.48533e-05,-8.74989e-05,-8.90703e-05,-8.95921e-05,-8.91433e-05,-8.78522e-05,-8.58891e-05,-8.34569e-05,-8.07793e-05,-7.80891e-05,-7.56151e-05,-7.35697e-05,-7.21376e-05,-7.14658e-05,-7.16566e-05,-7.27622e-05,-7.47833e-05,-7.76705e-05,-8.13283e-05,-8.56218e-05,-9.03855e-05,-9.54331e-05,-0.000100567,-0.00010559,-0.000110312,-0.000114557,-0.000118171,-0.000121022,-0.000123006,-0.000124045,-0.000124089,-0.000123115,-0.000121127,-0.000118156,-0.000114263,-0.000109535,-0.000104087,-9.8062e-05,-9.16231e-05,-8.49541e-05,-7.82512e-05,-7.17158e-05,-6.55454e-05,-5.99247e-05,-5.50166e-05,-5.09534e-05,-4.78304e-05,-4.57008e-05,-4.45728e-05,-4.44094e-05,-4.51302e-05,-4.66151e-05,-4.87106e-05,-5.12364e-05,-5.39942e-05,-5.6777e-05,-5.9379e-05,-6.16056e-05,-6.32843e-05,-6.42738e-05,-6.44737e-05,-6.38317e-05,-6.23488e-05,-6.00824e-05,-5.71449e-05,-5.36993e-05,-4.99498e-05,-4.61296e-05,-4.24841e-05,-3.92523e-05,-3.66475e-05,-3.48379e-05,-3.393e-05,-3.39557e-05,-3.48653e-05,-3.65264e-05,-3.87302e-05,-4.12037e-05,-4.36291e-05,-4.56692e-05,-4.68696e-05,-4.68103e-05,-4.52049e-05,-4.18386e-05,-3.67345e-05,-3.02253e-05,-2.29317e-05,-1.56461e-05,-9.13457e-06,-3.90487e-06,0
0,-2.68e-06,-6.3462e-06,-1.08929e-05,-1.5875e-05,-2.06619e-05,-2.46327e-05,-2.73388e-05,-2.85925e-05,-2.84698e-05,-2.72473e-05,-2.53043e-05,-2.29917e-05,-2.06634e-05,-1.86573e-05,-1.72651e-05,-1.67216e-05,-1.71949e-05,-1.87804e-05,-2.14997e-05,-2.53031e-05,-3.00776e-05,-3.56564e-05,-4.18313e-05,-4.83666e-05,-5.50129e-05,-6.15209e-05,-6.76546e-05,-7.32033e-05,-7.79914e-05,-8.18868e-05,-8.48068e-05,-8.67208e-05,-8.76514e-05,-8.76717e-05,-8.69002e-05,-8.54937e-05,-8.36376e-05,-8.1535e-05,-7.93948e-05,-7.74193e-05,-7.57932e-05,-7.46725e-05,-7.41768e-05,-7.43826e-05,-7.53209e-05,-7.69763e-05,-7.92906e-05,-8.21672e-05,-8.54793e-05,-8.90783e-05,-9.28028e-05,-9.64883e-05,-9.99746e-05,-0.000103113,-0.000105772,-0.000107839,-0.000109225,-0.000109863,-0.000109711,-0.00010875,-0.000106983,-0.00010444,-0.000101173,-9.72596e-05,-9.27999e-05,-8.79169e-05,-8.27531e-05,-7.74662e-05,-7.22234e-05,-6.71939e-05,-6.25411e-05,-5.84139e-05,-5.49381e-05,-5.22097e-05,-5.02883e-05,-4.91936e-05,-4.8904e-05,-4.93568e-05,-5.04519e-05,-5.20564e-05,-5.40116e-05,-5.61413e-05,-5.82606e-05,-6.01859e-05,-6.17445e-05,-6.27841e-05,-6.31826e-05,-6.28554e-05,-6.17626e-05,-5.99135e-05,-5.73684e-05,-5.42382e-05,-5.06796e-05,-4.68872e-05,-4.30821e-05,-3.94973e-05,-3.63605e-05,-3.38766e-05,-3.22092e-05,-3.1465e-05,-3.16811e-05,-3.28168e-05,-3.47516e-05,-3.72894e-05,-4.01682e-05,-4.3076e-05,-4.56692e-05,-4.7592e-05,-4.85382e-05,-4.80943e-05,-4.59916e-05,-4.20796e-05,-3.64616e-05,-2.95479e-05,-2.20198e-05,-1.47013e-05,-8.35535e-06,-3.45716e-06,0
0,-2.33021e-06,-5.69788e-06,-1.00191e-05,-1.48722e-05,-1.96377e-05,-2.3686e-05,-2.65386e-05,-2.79619e-05,-2.79771e-05,-2.68062e-05,-2.47843e-05,-2.22374e-05,-1.94848e-05,-1.6851e-05,-1.46389e-05,-1.31111e-05,-1.24758e-05,-1.28771e-05,-1.43909e-05,-1.70238e-05,-2.07179e-05,-2.53569e-05,-3.07762e-05,-3.67743e-05,-4.31252e-05,-4.95914e-05,-5.59366e-05,-6.19377e-05,-6.73961e-05,-7.21464e-05,-7.60645e-05,-7.90725e-05,-8.11412e-05,-8.22908e-05,-8.25874e-05,-8.21389e-05,-8.10867e-05,-7.95972e-05,-7.78506e-05,-7.60302e-05,-7.43107e-05,-7.28485e-05,-7.17719e-05,-7.11754e-05,-7.11144e-05,-7.16044e-05,-7.26223e-05,-7.411e-05,-7.59805e-05,-7.81255e-05,-8.04229e-05,-8.27451e-05,-8.49665e-05,-8.69691e-05,-8.86479e-05,-8.99133e-05,-9.06937e-05,-9.09362e-05,-9.06067e-05,-8.96906e-05,-8.81924e-05,-8.61359e-05,-8.3565e-05,-8.05431e-05,-7.71531e-05,-7.34961e-05,-6.96884e-05,-6.58581e-05,-6.21394e-05,-5.86664e-05,-5.55654e-05,-5.29471e-05,-5.09e-05,-4.94834e-05,-4.87231e-05,-4.86087e-05,-4.90928e-05,-5.00932e-05,-5.1497e-05,-5.31662e-05,-5.49457e-05,-5.66716e-05,-5.81805e-05,-5.93192e-05,-5.99537e-05,-5.99778e-05,-5.9321e-05,-5.79542e-05,-5.58935e-05,-5.32026e-05,-4.99912e-05,-4.64111e-05,-4.2649e-05,-3.89158e-05,-3.54333e-05,-3.24194e-05,-3.00706e-05,-2.85466e-05,-2.79541e-05,-2.83352e-05,-2.96589e-05,-3.18181e-05,-3.46322e-05,-3.78555e-05,-4.11915e-05,-4.43101e-05,-4.68696e-05,-4.85382e-05,-4.90172e-05,-4.80752e-05,-4.54481e-05,-4.1052e-05,-3.50591e-05,-2.79367e-05,-2.0399e-05,-1.32717e-05,-7.29034e-06,-2.8841e-06,0
0,-1.92069e-06,-4.90534e-06,-8.89031e-06,-1.34865e-05,-1.81025e-05,-2.21208e-05,-2.50532e-05,-2.66347e-05,-2.684e-05,-2.58361e-05,-2.38748e-05,-2.1232e-05,-1.82017e-05,-1.50896e-05,-1.21951e-05,-9.79279e-06,-8.11665e-06,-7.34823e-06,-7.60911e-06,-8.95737e-06,-1.13881e-05,-1.48373e-05,-1.91887e-05,-2.42825e-05,-2.99261e-05,-3.59055e-05,-4.19971e-05,-4.79794e-05,-5.36441e-05,-5.88059e-05,-6.33111e-05,-6.70444e-05,-6.99335e-05,-7.19509e-05,-7.31136e-05,-7.34807e-05,-7.31479e-05,-7.22399e-05,-7.09025e-05,-6.92919e-05,-6.75649e-05,-6.58689e-05,-6.43333e-05,-6.30618e-05,-6.21284e-05,-6.15739e-05,-6.14065e-05,-6.1604e-05,-6.21185e-05,-6.28817e-05,-6.3812e-05,-6.48205e-05,-6.58181e-05,-6.67198e-05,-6.74494e-05,-6.79418e-05,-6.81449e-05,-6.80203e-05,-6.75437e-05,-6.6705e-05,-6.55084e-05,-6.39726e-05,-6.21312e-05,-6.00328e-05,-5.77406e-05,-5.53316e-05,-5.28939e-05,-5.05237e-05,-4.83204e-05,-4.6381e-05,-4.47937e-05,-4.36313e-05,-4.29454e-05,-4.2761e-05,-4.30734e-05,-4.38463e-05,-4.50128e-05,-4.64779e-05,-4.81234e-05,-4.98144e-05,-5.14069e-05,-5.2757e-05,-5.37291e-05,-5.42054e-05,-5.40935e-05,-5.33339e-05,-5.19057e-05,-4.98299e-05,-4.71715e-05,-4.40378e-05,-4.05753e-05,-3.69622e-05,-3.33995e-05,-3.00984e-05,-2.72666e-05,-2.50932e-05,-2.37332e-05,-2.32937e-05,-2.38217e-05,-2.52963e-05,-2.76251e-05,-3.06454e-05,-3.41317e-05,-3.78074e-05,-4.13617e-05,-4.4469e-05,-4.68103e-05,-4.80943e-05,-4.80752e-05,-4.65593e-05,-4.34617e-05,-3.87197e-05,-3.25548e-05,-2.54637e-05,-1.81629e-05,-1.14508e-05,-6.0139e-06,-2.22732e-06,0
0,-1.47606e-06,-4.01354e-06,-7.56465e-06,-1.17792e-05,-1.6109e-05,-1.99691e-05,-2.28825e-05,-2.45725e-05,-2.49815e-05,-2.42151e-05,-2.24397e-05,-1.98731e-05,-1.67676e-05,-1.33982e-05,-1.00464e-05,-6.98306e-06,-4.45271e-06,-2.66022e-06,-1.76124e-06,-1.85617e-06,-2.98763e-06,-5.14147e-06,-8.25055e-06,-1.22012e-05,-1.68412e-05,-2.19896e-05,-2.74471e-05,-3.30064e-05,-3.84635e-05,-4.36269e-05,-4.8327e-05,-5.24237e-05,-5.58122e-05,-5.84265e-05,-6.02411e-05,-6.12704e-05,-6.15655e-05,-6.12089e-05,-6.0308e-05,-5.89869e-05,-5.73772e-05,-5.56099e-05,-5.38066e-05,-5.20725e-05,-5.04916e-05,-4.9123e-05,-4.80001e-05,-4.71315e-05,-4.65041e-05,-4.6087e-05,-4.58366e-05,-4.57019e-05,-4.5629e-05,-4.55658e-05,-4.54646e-05,-4.52848e-05,-4.49938e-05,-4.4568e-05,-4.39926e-05,-4.3262e-05,-4.23802e-05,-4.13603e-05,-4.02258e-05,-3.901e-05,-3.77564e-05,-3.65174e-05,-3.53529e-05,-3.43271e-05,-3.35051e-05,-3.29477e-05,-3.27067e-05,-3.28192e-05,-3.33033e-05,-3.41542e-05,-3.5342e-05,-3.68112e-05,-3.84825e-05,-4.02557e-05,-4.20154e-05,-4.36373e-05,-4.49962e-05,-4.59735e-05,-4.6466e-05,-4.63933e-05,-4.57047e-05,-4.43842e-05,-4.24549e-05,-3.99797e-05,-3.70609e-05,-3.38367e-05,-3.0475e-05,-2.71648e-05,-2.41053e-05,-2.14933e-05,-1.95092e-05,-1.83029e-05,-1.79813e-05,-1.85967e-05,-2.01388e-05,-2.25311e-05,-2.56314e-05,-2.92373e-05,-3.30971e-05,-3.69239e-05,-4.04142e-05,-4.32671e-05,-4.52049e-05,-4.59916e-05,-4.54481e-05,-4.34617e-05,-3.99959e-05,-3.51251e-05,-2.90478e-05,-2.22598e-05,-1.54491e-05,-9.3611e-06,-4.61716e-06,-1.53566e-06,0
0,-1.02435e-06,-3.07521e-06,-6.11399e-06,-9.83271e-06,-1.37384e-05,-1.72963e-05,-2.00623e-05,-2.17687e-05,-2.23612e-05,-2.18627e-05,-2.03694e-05,-1.80364e-05,-1.50632e-05,-1.1682e-05,-8.14228e-06,-4.6959e-06,-1.58156e-06,9.88336e-07,2.83851e-06,3.83872e-06,3.90852e-06,3.01888e-06,1.19101e-06,-1.50735e-06,-4.96774e-06,-9.04843e-06,-1.3583e-05,-1.83897e-05,-2.32809e-05,-2.80728e-05,-3.2594e-05,-3.66933e-05,-4.02465e-05,-4.31608e-05,-4.53781e-05,-4.68758e-05,-4.76657e-05,-4.77906e-05,-4.73198e-05,-4.63428e-05,-4.4962e-05,-4.32857e-05,-4.14205e-05,-3.94652e-05,-3.75055e-05,-3.56105e-05,-3.38306e-05,-3.21982e-05,-3.07281e-05,-2.9421e-05,-2.82665e-05,-2.72466e-05,-2.63395e-05,-2.55225e-05,-2.47742e-05,-2.40762e-05,-2.3414e-05,-2.27773e-05,-2.21602e-05,-2.15616e-05,-2.09848e-05,-2.04382e-05,-1.99354e-05,-1.9496e-05,-1.91447e-05,-1.89113e-05,-1.88294e-05,-1.89339e-05,-1.92583e-05,-1.98309e-05,-2.0671e-05,-2.17851e-05,-2.31635e-05,-2.47781e-05,-2.65808e-05,-2.85047e-05,-3.04656e-05,-3.23664e-05,-3.41016e-05,-3.55644e-05,-3.6653e-05,-3.7278e-05,-3.73698e-05,-3.68844e-05,-3.58086e-05,-3.41638e-05,-3.20076e-05,-2.94332e-05,-2.65665e-05,-2.35611e-05,-2.05908e-05,-1.78393e-05,-1.54897e-05,-1.37113e-05,-1.26477e-05,-1.24043e-05,-1.3038e-05,-1.45498e-05,-1.68806e-05,-1.99108e-05,-2.34647e-05,-2.73198e-05,-3.12188e-05,-3.4886e-05,-3.80448e-05,-4.04366e-05,-4.18386e-05,-4.20796e-05,-4.1052e-05,-3.87197e-05,-3.51251e-05,-3.03949e-05,-2.4709e-05,-1.85108e-05,-1.24328e-05,-7.14776e-06,-3.20264e-06,-8.62179e-07,0
0,-5.95872e-07,-2.14882e-06,-4.62138e-06,-7.74787e-06,-1.10981e-05,-1.42016e-05,-1.66654e-05,-1.83107e-05,-1.90324e-05,-1.8799e-05,-1.76464e-05,-1.56693e-05,-1.30114e-05,-9.8539e-06,-6.40394e-06,-2.88071e-06,4.97863e-07,3.52783e-06,6.03018e-06,7.85961e-06,8.91084e-06,9.12218e-06,8.47659e-06,7.00028e-06,4.75926e-06,1.85406e-06,-1.58689e-06,-5.41486e-06,-9.46904e-06,-1.35848e-05,-1.76021e-05,-2.13724e-05,-2.4766e-05,-2.76767e-05,-3.00259e-05,-3.17647e-05,-3.28739e-05,-3.33631e-05,-3.32671e-05,-3.26423e-05,-3.15608e-05,-3.0105e-05,-2.83616e-05,-2.6416e-05,-2.43482e-05,-2.22287e-05,-2.01166e-05,-1.80588e-05,-1.60899e-05,-1.42338e-05,-1.25055e-05,-1.09133e-05,-9.46109e-06,-8.15005e-06,-6.9803e-06,-5.95179e-06,-5.06481e-06,-4.32026e-06,-3.71971e-06,-3.2654e-06,-2.96046e-06,-2.80916e-06,-2.81722e-06,-2.99212e-06,-3.34314e-06,-3.88102e-06,-4.61703e-06,-5.56148e-06,-6.72165e-06,-8.09931e-06,-9.68803e-06,-1.14707e-05,-1.34174e-05,-1.54845e-05,-1.7614e-05,-1.97353e-05,-2.17675e-05,-2.3623e-05,-2.52124e-05,-2.64503e-05,-2.72612e-05,-2.75852e-05,-2.7384e-05,-2.66456e-05,-2.53871e-05,-2.36574e-05,-2.15366e-05,-1.91342e-05,-1.6585e-05,-1.40423e-05,-1.16705e-05,-9.63426e-06,-8.08867e-06,-7.16744e-06,-6.97237e-06,-7.56388e-06,-8.95375e-06,-1.11008e-05,-1.39099e-05,-1.72356e-05,-2.08883e-05,-2.46456e-05,-2.82654e-05,-3.15018e-05,-3.41213e-05,-3.59192e-05,-3.67345e-05,-3.64616e-05,-3.50591e-05,-3.25548e-05,-2.90478e-05,-2.4709e-05,-1.97782e-05,-1.44501e-05,-9.31779e-06,-4.96992e-06,-1.87765e-06,-2.60623e-07,0
0,-2.21779e-07,-1.29589e-06,-3.17776e-06,-5.64092e-06,-8.32058e-06,-1.08188e-05,-1.29063e-05,-1.44023e-05,-1.51818e-05,-1.51777e-05,-1.43803e-05,-1.2833e-05,-1.06261e-05,-7.8888e-06,-4.77998e-06,-1.47717e-06,1.83459e-06,4.97394e-06,7.77336e-06,1.0088e-05,1.18025e-05,1.28358e-05,1.31437e-05,1.27197e-05,1.15928e-05,9.82496e-06,7.50609e-06,4.74834e-06,1.67956e-06,-1.56364e-06,-4.84287e-06,-8.02465e-06,-1.09865e-05,-1.36222e-05,-1.58454e-05,-1.75932e-05,-1.88263e-05,-1.953e-05,-1.97119e-05,-1.93998e-05,-1.86378e-05,-1.74825e-05,-1.59984e-05,-1.42535e-05,-1.23159e-05,-1.02503e-05,-8.11609e-06,-5.96545e-06,-3.84331e-06,-1.78735e-06,1.71224e-07,2.00669e-06,3.69773e-06,5.22646e-06,6.57773e-06,7.73866e-06,8.69844e-06,9.44824e-06,9.98129e-06,1.02928e-05,1.03798e-05,1.02411e-05,9.8768e-06,9.28812e-06,8.4773e-06,7.44776e-06,6.20463e-06,4.75565e-06,3.11241e-06,1.29192e-06,-6.8194e-07,-2.77699e-06,-4.95189e-06,-7.15585e-06,-9.32928e-06,-1.14053e-05,-1.33125e-05,-1.4978e-05,-1.6332e-05,-1.7312e-05,-1.78682e-05,-1.79674e-05,-1.75974e-05,-1.67701e-05,-1.55234e-05,-1.39216e-05,-1.20542e-05,-1.00327e-05,-7.98606e-06,-6.05376e-06,-4.37798e-06,-3.0945e-06,-2.32326e-06,-2.15899e-06,-2.66287e-06,-3.85581e-06,-5.71412e-06,-8.16808e-06,-1.11038e-05,-1.43683e-05,-1.7778e-05,-2.11299e-05,-2.4214e-05,-2.68282e-05,-2.87915e-05,-2.99574e-05,-3.02253e-05,-2.95479e-05,-2.79367e-05,-2.54637e-05,-2.22598e-05,-1.85108e-05,-1.44501e-05,-1.03478e-05,-6.32395e-06,-2.98958e-06,-7.46265e-07,2.18803e-07,0
0,6.78943e-08,-5.77487e-07,-1.87755e-06,-3.63942e-06,-5.56108e-06,-7.44406e-06,-9.10051e-06,-1.03691e-05,-1.11251e-05,-1.12858e-05,-1.08129e-05,-9.71168e-06,-8.02793e-06,-5.84332e-06,-3.26867e-06,-4.36173e-07,2.50941e-06,5.41971e-06,8.1514e-06,1.05742e-05,1.25772e-05,1.40745e-05,1.50082e-05,1.535e-05,1.51019e-05,1.42936e-05,1.29804e-05,1.1239e-05,9.16242e-06,6.85476e-06,4.4258e-06,1.9853e-06,-3.62024e-07,-2.52115e-06,-4.41044e-06,-5.9645e-06,-7.13593e-06,-7.89597e-06,-8.23419e-06,-8.15715e-06,-7.68633e-06,-6.85549e-06,-5.70768e-06,-4.29224e-06,-2.66188e-06,-8.70173e-07,1.03049e-06,2.99041e-06,4.96352e-06,6.90784e-06,8.78559e-06,1.0563e-05,1.22103e-05,1.37008e-05,1.50118e-05,1.61234e-05,1.70193e-05,1.76865e-05,1.81155e-05,1.83001e-05,1.82376e-05,1.79287e-05,1.73769e-05,1.65886e-05,1.55729e-05,1.43416e-05,1.29096e-05,1.12951e-05,9.52035e-06,7.6124e-06,5.60364e-06,3.53229e-06,1.44255e-06,-6.15877e-07,-2.58873e-06,-4.41889e-06,-6.0487e-06,-7.42283e-06,-8.49154e-06,-9.21422e-06,-9.56289e-06,-9.5253e-06,-9.10763e-06,-8.33626e-06,-7.25844e-06,-5.94178e-06,-4.47227e-06,-2.95085e-06,-1.4886e-06,-2.00655e-07,8.00831e-07,1.41427e-06,1.55626e-06,1.16864e-06,2.24423e-07,-1.2681e-06,-3.26343e-06,-5.67959e-06,-8.40154e-06,-1.12873e-05,-1.41761e-05,-1.68991e-05,-1.92902e-05,-2.11974e-05,-2.24942e-05,-2.30889e-05,-2.29317e-05,-2.20198e-05,-2.0399e-05,-1.81629e-05,-1.54491e-05,-1.24328e-05,-9.31779e-06,-6.32395e-06,-3.67158e-06,-1.3582e-06,1.00179e-07,5.34278e-07,0
0,2.46929e-07,-4.92302e-08,-8.12199e-07,-1.87578e-06,-3.12512e-06,-4.42177e-06,-5.62544e-06,-6.60722e-06,-7.25926e-06,-7.50109e-06,-7.28326e-06,-6.58852e-06,-5.43118e-06,-3.85461e-06,-1.9274e-06,2.61902e-07,2.61079e-06,5.00947e-06,7.34748e-06,9.52001e-06,1.14336e-05,1.30106e-05,1.41928e-05,1.49436e-05,1.52486e-05,1.51155e-05,1.45723e-05,1.3665e-05,1.24543e-05,1.10119e-05,9.41617e-06,7.74851e-06,6.08906e-06,4.51324e-06,3.08864e-06,1.87256e-06,9.10242e-07,2.33892e-07,-1.37615e-07,-1.98306e-07,4.58835e-08,5.78574e-07,1.37472e-06,2.40253e-06,3.62545e-06,5.00394e-06,6.49713e-06,8.06413e-06,9.66507e-06,1.12619e-05,1.28188e-05,1.43027e-05,1.56833e-05,1.69335e-05,1.80292e-05,1.895e-05,1.96785e-05,2.02014e-05,2.05088e-05,2.05947e-05,2.04568e-05,2.00962e-05,1.95179e-05,1.873e-05,1.77438e-05,1.65741e-05,1.52386e-05,1.37589e-05,1.21597e-05,1.04697e-05,8.72128e-06,6.95067e-06,5.1973e-06,3.50324e-06,1.9121e-06,4.67526e-07,-7.88679e-07,-1.81869e-06,-2.59101e-06,-3.08287e-06,-3.28252e-06,-3.19114e-06,-2.82434e-06,-2.2129e-06,-1.40273e-06,-4.5379e-07,5.61994e-07,1.5639e-06,2.46656e-06,3.1849e-06,3.63969e-06,3.76324e-06,3.5049e-06,2.83585e-06,1.75277e-06,2.79918e-07,-1.53065e-06,-3.60091e-06,-5.83077e-06,-8.10382e-06,-1.02946e-05,-1.22769e-05,-1.39325e-05,-1.51596e-05,-1.58803e-05,-1.60469e-05,-1.56461e-05,-1.47013e-05,-1.32717e-05,-1.14508e-05,-9.3611e-06,-7.14776e-06,-4.96992e-06,-2.98958e-06,-1.3582e-06,-2.00477e-07,5.94083e-07,6.57909e-07,0
0,2.96588e-07,2.45623e-07,-6.07648e-08,-5.9608e-07,-1.29439e-06,-2.07089e-06,-2.83382e-06,-3.49414e-06,-3.97292e-06,-4.20664e-06,-4.15065e-06,-3.78098e-06,-3.09477e-06,-2.10945e-06,-8.60773e-07,6.00096e-07,2.21027e-06,3.89934e-06,5.59377e-06,7.22133e-06,8.71504e-06,1.00167e-05,1.10798e-05,1.1871e-05,1.23719e-05,1.25784e-05,1.25008e-05,1.21622e-05,1.15963e-05,1.08458e-05,9.95923e-06,8.98853e-06,7.98653e-06,7.00435e-06,6.08934e-06,5.28326e-06,4.62088e-06,4.1291e-06,3.82642e-06,3.72295e-06,3.82069e-06,4.11421e-06,4.59154e-06,5.23525e-06,6.02351e-06,6.93129e-06,7.93143e-06,8.9956e-06,1.00952e-05,1.12019e-05,1.22885e-05,1.33293e-05,1.43003e-05,1.51799e-05,1.59488e-05,1.65902e-05,1.70903e-05,1.74383e-05,1.76262e-05,1.76491e-05,1.75054e-05,1.71962e-05,1.67258e-05,1.61011e-05,1.53323e-05,1.44318e-05,1.34152e-05,1.23005e-05,1.11086e-05,9.86268e-06,8.58838e-06,7.31333e-06,6.06668e-06,4.87838e-06,3.77828e-06,2.79505e-06,1.95486e-06,1.28002e-06,7.87521e-07,4.876e-07,3.82497e-07,4.65432e-07,7.19954e-07,1.11978e-06,1.62921e-06,2.20417e-06,2.79394e-06,3.34358e-06,3.79687e-06,4.09984e-06,4.20437e-06,4.072e-06,3.67726e-06,3.01053e-06,2.07988e-06,9.11846e-07,-4.49146e-07,-1.94278e-06,-3.49613e-06,-5.02808e-06,-6.45463e-06,-7.69462e-06,-8.67551e-06,-9.33876e-06,-9.64439e-06,-9.57436e-06,-9.13457e-06,-8.35535e-06,-7.29034e-06,-6.0139e-06,-4.61716e-06,-3.20264e-06,-1.87765e-06,-7.46265e-07,1.00179e-07,5.94083e-07,7.0404e-07,5.82093e-07,0
0,2.10378e-07,2.85524e-07,2.2487e-07,3.75127e-08,-2.48678e-07,-5.9416e-07,-9.53828e-07,-1.28208e-06,-1.53684e-06,-1.68256e-06,-1.69232e-06,-1.54915e-06,-1.24653e-06,-7.88329e-07,-1.88112e-07,5.32122e-07,1.3436e-06,2.21277e-06,3.10346e-06,3.97914e-06,4.80497e-06,5.54971e-06,6.18725e-06,6.69777e-06,7.06847e-06,7.29379e-06,7.37533e-06,7.32131e-06,7.14574e-06,6.86742e-06,6.50866e-06,6.0941e-06,5.64936e-06,5.19986e-06,4.7697e-06,4.38074e-06,4.05184e-06,3.79829e-06,3.63148e-06,3.55872e-06,3.58335e-06,3.70483e-06,3.91917e-06,4.21928e-06,4.5955e-06,5.03613e-06,5.52791e-06,6.0566e-06,6.6074e-06,7.16542e-06,7.71603e-06,8.24521e-06,8.73983e-06,9.18785e-06,9.57854e-06,9.90259e-06,1.01523e-05,1.03214e-05,1.04057e-05,1.04023e-05,1.03103e-05,1.01304e-05,9.86503e-06,9.51825e-06,9.09581e-06,8.60503e-06,8.05481e-06,7.45552e-06,6.81894e-06,6.15813e-06,5.4872e-06,4.82107e-06,4.17514e-06,3.56484e-06,3.00512e-06,2.50987e-06,2.09129e-06,1.75919e-06,1.52034e-06,1.37785e-06,1.33065e-06,1.37308e-06,1.49475e-06,1.68052e-06,1.91095e-06,2.16285e-06,2.41034e-06,2.62609e-06,2.7829e-06,2.85545e-06,2.82212e-06,2.66673e-06,2.38018e-06,1.9616e-06,1.41909e-06,7.69832e-07,3.94903e-08,-7.39025e-07,-1.52746e-06,-2.28464e-06,-2.96919e-06,-3.54249e-06,-3.97149e-06,-4.23121e-06,-4.30684e-06,-4.19509e-06,-3.90487e-06,-3.45716e-06,-2.8841e-06,-2.22732e-06,-1.53566e-06,-8.62179e-07,-2.60623e-07,2.18803e-07,5.34278e-07,6.57909e-07,5.82093e-07,3.27258e-07,0
0,0,0,0,0,0,0,0,0,0,0,0,0,0,0,0,0,0,0,0,0,0,0,0,0,0,0,0,0,0,0,0,0,0,0,0,0,0,0,0,0,0,0,0,0,0,0,0,0,0,0,0,0,0,0,0,0,0,0,0,0,0,0,0,0,0,0,0,0,0,0,0,0,0,0,0,0,0,0,0,0,0,0,0,0,0,0,0,0,0,0,0,0,0,0,0,0,0,0,0,0,0,0,0,0,0,0,0,0,0,0,0,0,0,0,0,0,0,0,0
