0,0,0,0,0,0,0,0,0,0,0,0,0,0,0,0,0,0,0,0,0,0,0,0,0,0,0,0,0,0,0,0,0,0,0,0,0,0,0,0,0,0,0,0,0,0,0,0,0,0,0,0,0,0,0,0,0,0,0,0,0,0,0,0,0,0,0,0,0,0,0,0,0,0,0,0,0,0,0,0,0,0,0,0,0,0,0,0,0,0,0,0,0,0,0,0,0,0,0,0,0,0,0,0,0,0,0,0,0,0,0,0,0,0,0,0,0,0,0,0
0,1.08648e-06,2.28754e-06,3.59772e-06,4.9916e-06,6.42495e-06,7.84412e-06,9.193e-06,1.04183e-05,1.14731e-05,1.23199e-05,1.29317e-05,1.32933e-05,1.34014e-05,1.32639e-05,1.28991e-05,1.23344e-05,1.16042e-05,1.07483e-05,9.80948e-06,8.83191e-06,7.85875e-06,6.93062e-06,6.08389e-06,5.34948e-06,4.7518e-06,4.30806e-06,4.02797e-06,3.91376e-06,3.96045e-06,4.15655e-06,4.48502e-06,4.92434e-06,5.4499e-06,6.03537e-06,6.6541e-06,7.28049e-06,7.89115e-06,8.46592e-06,8.98858e-06,9.44726e-06,9.83466e-06,1.01479e-05,1.03879e-05,1.05593e-05,1.06691e-05,1.07263e-05,1.07406e-05,1.07218e-05,1.06792e-05,1.06209e-05,1.05532e-05,1.04809e-05,1.04066e-05,1.03318e-05,1.02565e-05,1.01798e-05,1.01006e-05,1.00176e-05,9.93016e-06,9.83791e-06,9.7413e-06,9.64134e-06,9.53935e-06,9.43671e-06,9.33444e-06,9.23275e-06,9.13075e-06,9.02612e-06,8.915e-06,8.79204e-06,8.65065e-06,8.48336e-06,8.28252e-06,8.04095e-06,7.75283e-06,7.41453e-06,7.02545e-06,6.58869e-06,6.11158e-06,5.60592e-06,5.08787e-06,4.57754e-06,4.09818e-06,3.67507e-06,3.33412e-06,3.1003e-06,2.996e-06,3.03946e-06,3.2434e-06,3.61393e-06,4.14993e-06,4.84278e-06,5.67668e-06,6.62922e-06,7.67249e-06,8.77426e-06,9.89939e-06,1.10113e-05,1.20731e-05,1.30492e-05,1.39059e-05,1.46126e-05,1.51423e-05,1.54724e-05,1.55855e-05,1.54695e-05,1.51187e-05,1.45339e-05,1.37236e-05,1.27041e-05,1.14998e-05,1.0143e-05,8.67388e-06,7.1382e-06,5.5853e-06,4.06359e-06,2.61419e-06,1.26155e-06,0
0,2.28754e-06,4.82776e-06,7.56998e-06,1.04254e-05,1.32976e-05,1.60787e-05,1.86618e-05,2.09504e-05,2.28635e-05,2.43399e-05,2.53404e-05,2.58479e-05,2.5868e-05,2.54267e-05,2.45689e-05,2.33549e-05,2.18575e-05,2.01578e-05,1.83416e-05,1.64951e-05,1.47016e-05,1.30379e-05,1.15712e-05,1.03568e-05,9.43623e-06,8.8361e-06,8.5676e-06,8.6268e-06,8.99562e-06,9.64348e-06,1.05294e-05,1.16048e-05,1.2816e-05,1.41078e-05,1.54258e-05,1.67195e-05,1.79445e-05,1.9064e-05,2.00506e-05,2.08861e-05,2.15621e-05,2.2079e-05,2.24449e-05,2.26742e-05,2.2786e-05,2.28017e-05,2.27438e-05,2.26337e-05,2.24906e-05,2.23304e-05,2.21647e-05,2.20013e-05,2.18436e-05,2.16919e-05,2.15437e-05,2.13949e-05,2.12409e-05,2.10774e-05,2.09016e-05,2.07122e-05,2.05099e-05,2.02972e-05,2.00778e-05,1.98562e-05,1.96364e-05,1.94214e-05,1.92118e-05,1.90054e-05,1.87966e-05,1.85763e-05,1.8332e-05,1.80487e-05,1.77098e-05,1.72985e-05,1.67998e-05,1.62018e-05,1.54978e-05,1.46883e-05,1.37816e-05,1.27953e-05,1.17566e-05,1.07011e-05,9.67254e-06,8.72024e-06,7.89668e-06,7.25437e-06,6.84251e-06,6.70356e-06,6.87018e-06,7.36263e-06,8.18691e-06,9.33389e-06,1.07793e-05,1.24847e-05,1.43993e-05,1.64623e-05,1.86056e-05,2.0757e-05,2.28429e-05,2.4791e-05,2.65326e-05,2.80046e-05,2.91511e-05,2.99243e-05,3.02862e-05,3.0209e-05,2.96764e-05,2.86845e-05,2.72425e-05,2.53744e-05,2.31191e-05,2.05314e-05,1.76812e-05,1.46521e-05,1.1538e-05,8.43612e-06,5.43645e-06,2.60563e-06,0
0,3.59772e-06,7.56998e-06,1.18488e-05,1.62089e-05,2.04863e-05,2.45175e-05,2.81524e-05,3.12648e-05,3.37569e-05,3.5563e-05,3.66502e-05,3.70179e-05,3.66959e-05,3.57419e-05,3.42377e-05,3.22842e-05,2.99967e-05,2.74991e-05,2.49184e-05,2.23791e-05,1.9998e-05,1.78796e-05,1.61119e-05,1.47632e-05,1.38804e-05,1.34871e-05,1.35843e-05,1.41512e-05,1.51472e-05,1.6515e-05,1.81847e-05,2.00775e-05,2.21106e-05,2.42016e-05,2.62726e-05,2.8254e-05,3.00873e-05,3.17269e-05,3.31418e-05,3.43152e-05,3.52442e-05,3.5938e-05,3.6416e-05,3.67055e-05,3.68383e-05,3.68487e-05,3.67702e-05,3.66337e-05,3.64651e-05,3.62846e-05,3.61055e-05,3.59347e-05,3.57726e-05,3.5615e-05,3.54536e-05,3.52787e-05,3.50799e-05,3.48486e-05,3.45787e-05,3.42674e-05,3.3916e-05,3.35295e-05,3.31156e-05,3.26842e-05,3.22454e-05,3.18081e-05,3.13785e-05,3.09587e-05,3.05456e-05,3.01304e-05,2.96983e-05,2.92296e-05,2.87007e-05,2.80857e-05,2.73594e-05,2.64992e-05,2.54885e-05,2.43192e-05,2.29944e-05,2.15301e-05,1.99562e-05,1.8317e-05,1.66696e-05,1.50822e-05,1.36305e-05,1.23936e-05,1.14488e-05,1.08669e-05,1.07069e-05,1.10116e-05,1.18041e-05,1.30855e-05,1.4834e-05,1.70056e-05,1.95359e-05,2.23435e-05,2.53335e-05,2.8402e-05,3.1441e-05,3.43417e-05,3.69996e-05,3.93164e-05,4.12036e-05,4.2584e-05,4.33935e-05,4.3582e-05,4.31151e-05,4.19749e-05,4.01613e-05,3.76941e-05,3.4614e-05,3.09846e-05,2.68932e-05,2.24509e-05,1.77898e-05,1.30572e-05,8.40363e-06,4.04468e-06,0
0,4.9916e-06,1.04254e-05,1.62089e-05,2.21123e-05,2.7687e-05,3.27743e-05,3.71963e-05,4.08177e-05,4.35479e-05,4.53398e-05,4.61891e-05,4.61303e-05,4.52337e-05,4.36002e-05,4.13563e-05,3.86476e-05,3.56324e-05,3.24746e-05,2.93365e-05,2.63726e-05,2.37226e-05,2.15064e-05,1.98195e-05,1.87295e-05,1.82742e-05,1.84614e-05,1.92696e-05,2.06506e-05,2.25334e-05,2.48288e-05,2.74349e-05,3.02436e-05,3.31458e-05,3.6038e-05,3.88264e-05,4.14316e-05,4.37907e-05,4.586e-05,4.76145e-05,4.90472e-05,5.0168e-05,5.10002e-05,5.1578e-05,5.19425e-05,5.21384e-05,5.22102e-05,5.21994e-05,5.21417e-05,5.20652e-05,5.19889e-05,5.19226e-05,5.18671e-05,5.18154e-05,5.17543e-05,5.16668e-05,5.15339e-05,5.13378e-05,5.10632e-05,5.06996e-05,5.02427e-05,4.96943e-05,4.90625e-05,4.83608e-05,4.76067e-05,4.68193e-05,4.60178e-05,4.52183e-05,4.44325e-05,4.36652e-05,4.29137e-05,4.21664e-05,4.14038e-05,4.05992e-05,3.97206e-05,3.87334e-05,3.76038e-05,3.63024e-05,3.48079e-05,3.31113e-05,3.12185e-05,2.91534e-05,2.69583e-05,2.46945e-05,2.24402e-05,2.02871e-05,1.83359e-05,1.66903e-05,1.54503e-05,1.47052e-05,1.45272e-05,1.49659e-05,1.60437e-05,1.77535e-05,2.00581e-05,2.28915e-05,2.61621e-05,2.97572e-05,3.35486e-05,3.73982e-05,4.11644e-05,4.47073e-05,4.78934e-05,5.05997e-05,5.27166e-05,5.41499e-05,5.4822e-05,5.46737e-05,5.36649e-05,5.1776e-05,4.90101e-05,4.53951e-05,4.09875e-05,3.5875e-05,3.01803e-05,2.4062e-05,1.77128e-05,1.14679e-05,5.55657e-06,0
0,6.42495e-06,1.32976e-05,2.04863e-05,2.7687e-05,3.44928e-05,4.03469e-05,4.52094e-05,4.89654e-05,5.15592e-05,5.29884e-05,5.32982e-05,5.25752e-05,5.09412e-05,4.85476e-05,4.55677e-05,4.219e-05,3.86106e-05,3.50248e-05,3.16197e-05,2.85666e-05,2.60141e-05,2.40827e-05,2.28601e-05,2.23985e-05,2.27134e-05,2.37845e-05,2.55581e-05,2.79517e-05,3.08595e-05,3.41591e-05,3.77194e-05,4.14073e-05,4.50956e-05,4.86689e-05,5.20287e-05,5.50974e-05,5.78201e-05,6.01653e-05,6.21239e-05,6.3707e-05,6.49428e-05,6.58723e-05,6.65455e-05,6.70168e-05,6.73407e-05,6.75679e-05,6.77426e-05,6.78993e-05,6.80617e-05,6.82417e-05,6.84397e-05,6.86453e-05,6.88393e-05,6.8996e-05,6.90859e-05,6.90788e-05,6.89469e-05,6.86672e-05,6.82239e-05,6.761e-05,6.68279e-05,6.58893e-05,6.48142e-05,6.36295e-05,6.23657e-05,6.10552e-05,5.97286e-05,5.84118e-05,5.71234e-05,5.58729e-05,5.46585e-05,5.34675e-05,5.22758e-05,5.10504e-05,4.97512e-05,4.83348e-05,4.67587e-05,4.49863e-05,4.29912e-05,4.07626e-05,3.83086e-05,3.56597e-05,3.28696e-05,3.00152e-05,2.71936e-05,2.45184e-05,2.21126e-05,2.0102e-05,1.86058e-05,1.77288e-05,1.75531e-05,1.81314e-05,1.94823e-05,2.15877e-05,2.43929e-05,2.78087e-05,3.17161e-05,3.59722e-05,4.04175e-05,4.48833e-05,4.91991e-05,5.31991e-05,5.6727e-05,5.96408e-05,6.18151e-05,6.31427e-05,6.35357e-05,6.29261e-05,6.12666e-05,5.85327e-05,5.47255e-05,4.98765e-05,4.40538e-05,3.73697e-05,2.99888e-05,2.22569e-05,1.45278e-05,7.09601e-06,0
0,7.84412e-06,1.60787e-05,2.45175e-05,3.27743e-05,4.03469e-05,4.68217e-05,5.17186e-05,5.52061e-05,5.72941e-05,5.80484e-05,5.75805e-05,5.60391e-05,5.36026e-05,5.04717e-05,4.68622e-05,4.29972e-05,3.9099e-05,3.53812e-05,3.20405e-05,2.92495e-05,2.71496e-05,2.58464e-05,2.54052e-05,2.58498e-05,2.71624e-05,2.92865e-05,3.21309e-05,3.55766e-05,3.94842e-05,4.37027e-05,4.80782e-05,5.24628e-05,5.6722e-05,6.07411e-05,6.44298e-05,6.77248e-05,7.05904e-05,7.30174e-05,7.50205e-05,7.66342e-05,7.79081e-05,7.89019e-05,7.96798e-05,8.03059e-05,8.08399e-05,8.13327e-05,8.18244e-05,8.23418e-05,8.28979e-05,8.34913e-05,8.41075e-05,8.47207e-05,8.52959e-05,8.57918e-05,8.61648e-05,8.63716e-05,8.63735e-05,8.61387e-05,8.56456e-05,8.48839e-05,8.3856e-05,8.25769e-05,8.10732e-05,7.93812e-05,7.75441e-05,7.56092e-05,7.36238e-05,7.16321e-05,6.9671e-05,6.77676e-05,6.59364e-05,6.41779e-05,6.24781e-05,6.08092e-05,5.91316e-05,5.73971e-05,5.55532e-05,5.35482e-05,5.13372e-05,4.88881e-05,4.61868e-05,4.32425e-05,4.00906e-05,3.67945e-05,3.34442e-05,3.0154e-05,2.70561e-05,2.42931e-05,2.20091e-05,2.03389e-05,1.93987e-05,1.92762e-05,2.00234e-05,2.16514e-05,2.41285e-05,2.73805e-05,3.12946e-05,3.57252e-05,4.05024e-05,4.54398e-05,5.03441e-05,5.50232e-05,5.92928e-05,6.2982e-05,6.5937e-05,6.8022e-05,6.91207e-05,6.91355e-05,6.79871e-05,6.56162e-05,6.19851e-05,5.70839e-05,5.09388e-05,4.36248e-05,3.53749e-05,2.65116e-05,1.7467e-05,8.60599e-06,0
0,9.193e-06,1.86618e-05,2.81524e-05,3.71963e-05,4.52094e-05,5.17186e-05,5.65034e-05,5.93256e-05,6.05785e-05,6.04134e-05,5.90167e-05,5.66007e-05,5.3396e-05,4.96446e-05,4.55928e-05,4.14842e-05,3.7552e-05,3.40114e-05,3.1052e-05,2.88312e-05,2.7468e-05,2.70389e-05,2.75751e-05,2.90628e-05,3.14446e-05,3.46246e-05,3.84744e-05,4.2842e-05,4.75607e-05,5.246e-05,5.73747e-05,6.21544e-05,6.66706e-05,7.08227e-05,7.45409e-05,7.77873e-05,8.05546e-05,8.28628e-05,8.4755e-05,8.62909e-05,8.75417e-05,8.85828e-05,8.94891e-05,9.03289e-05,9.11606e-05,9.20289e-05,9.2963e-05,9.39759e-05,9.50639e-05,9.62076e-05,9.73741e-05,9.85189e-05,9.95894e-05,0.000100528,0.000101275,0.000101776,0.00010198,0.000101847,0.000101348,0.000100471,9.9217e-05,9.76026e-05,9.56603e-05,9.34347e-05,9.0981e-05,8.83611e-05,8.56397e-05,8.28803e-05,8.01409e-05,7.74699e-05,7.49027e-05,7.24592e-05,7.01417e-05,6.7935e-05,6.58071e-05,6.37115e-05,6.15913e-05,5.93844e-05,5.70291e-05,5.44717e-05,5.1673e-05,4.86152e-05,4.53068e-05,4.17871e-05,3.81271e-05,3.44284e-05,3.08195e-05,2.74482e-05,2.4473e-05,2.2052e-05,2.0331e-05,1.94322e-05,1.9444e-05,2.04129e-05,2.23385e-05,2.51725e-05,2.882e-05,3.31454e-05,3.79801e-05,4.31315e-05,4.83942e-05,5.35587e-05,5.8421e-05,6.27885e-05,6.64846e-05,6.93507e-05,7.12461e-05,7.20464e-05,7.16414e-05,6.99342e-05,6.68417e-05,6.22992e-05,5.62698e-05,4.87966e-05,4.00207e-05,3.03124e-05,2.01695e-05,1.00263e-05,0
0,1.04183e-05,2.09504e-05,3.12648e-05,4.08177e-05,4.89654e-05,5.52061e-05,5.93256e-05,6.1426e-05,6.15786e-05,6.03334e-05,5.79494e-05,5.46938e-05,5.0837e-05,4.66465e-05,4.23823e-05,3.82909e-05,3.45988e-05,3.15059e-05,2.91786e-05,2.77445e-05,2.72874e-05,2.78446e-05,2.94061e-05,3.19157e-05,3.52758e-05,3.93532e-05,4.39879e-05,4.9003e-05,5.42157e-05,5.94479e-05,6.45367e-05,6.93428e-05,7.3757e-05,7.77046e-05,8.11463e-05,8.40775e-05,8.65248e-05,8.85406e-05,9.01963e-05,9.15759e-05,9.2768e-05,9.38594e-05,9.49291e-05,9.60436e-05,9.72531e-05,9.85899e-05,0.000100067,0.000101677,0.000103398,0.000105188,0.000106995,0.000108754,0.000110396,0.000111846,0.000113032,0.000113887,0.00011435,0.000114374,0.000113925,0.000112985,0.000111554,0.00010965,0.00010731,0.000104582,0.000101534,9.8237e-05,9.47733e-05,9.12243e-05,8.76688e-05,8.41776e-05,8.08095e-05,7.76074e-05,7.45951e-05,7.17763e-05,6.91333e-05,6.66293e-05,6.42102e-05,6.181e-05,5.93562e-05,5.67771e-05,5.40096e-05,5.10073e-05,4.7748e-05,4.42395e-05,4.05239e-05,3.66788e-05,3.28154e-05,2.90736e-05,2.56138e-05,2.26057e-05,2.02163e-05,1.85965e-05,1.78683e-05,1.81147e-05,1.93713e-05,2.16222e-05,2.48002e-05,2.87903e-05,3.34368e-05,3.85532e-05,4.3933e-05,4.9361e-05,5.46233e-05,5.95152e-05,6.38466e-05,6.74441e-05,7.01509e-05,7.18234e-05,7.23265e-05,7.15296e-05,6.93033e-05,6.55213e-05,6.00386e-05,5.27422e-05,4.37716e-05,3.35193e-05,2.253e-05,1.12995e-05,0
0,1.14731e-05,2.28635e-05,3.37569e-05,4.35479e-05,5.15592e-05,5.72941e-05,6.05785e-05,6.15786e-05,6.07151e-05,5.83161e-05,5.497e-05,5.0982e-05,4.6642e-05,4.22227e-05,3.7978e-05,3.41391e-05,3.09089e-05,2.84567e-05,2.69127e-05,2.63638e-05,2.68503e-05,2.8365e-05,3.0854e-05,3.42202e-05,3.83293e-05,4.30182e-05,4.81048e-05,5.33991e-05,5.8715e-05,6.3881e-05,6.87498e-05,7.32058e-05,7.71702e-05,8.06029e-05,8.35017e-05,8.58992e-05,8.78569e-05,8.94581e-05,9.07998e-05,9.19847e-05,9.31131e-05,9.42763e-05,9.55508e-05,9.69943e-05,9.86434e-05,0.000100512,0.000102594,0.000104859,0.000107262,0.000109742,0.000112225,0.000114629,0.000116868,0.000118856,0.000120509,0.00012175,0.000122511,0.000122739,0.000122395,0.000121457,0.000119924,0.000117812,0.000115159,0.000112017,0.000108457,0.000104562,0.000100424,9.61397e-05,9.18062e-05,8.75152e-05,8.33482e-05,7.93722e-05,7.56354e-05,7.21642e-05,6.89616e-05,6.60069e-05,6.32571e-05,6.06504e-05,5.81112e-05,5.5557e-05,5.29062e-05,5.00872e-05,4.70469e-05,4.37594e-05,4.0232e-05,3.65097e-05,3.26759e-05,2.88498e-05,2.518e-05,2.18349e-05,1.89906e-05,1.68165e-05,1.54614e-05,1.50403e-05,1.5624e-05,1.72321e-05,1.98303e-05,2.33319e-05,2.76041e-05,3.24769e-05,3.77544e-05,4.32267e-05,4.86812e-05,5.3912e-05,5.87258e-05,6.29455e-05,6.64088e-05,6.89644e-05,7.04643e-05,7.07537e-05,6.96641e-05,6.69322e-05,6.22239e-05,5.53834e-05,4.65211e-05,3.60241e-05,2.44607e-05,1.23756e-05,0
0,1.23199e-05,2.43399e-05,3.5563e-05,4.53398e-05,5.29884e-05,5.80484e-05,6.04134e-05,6.03334e-05,5.83161e-05,5.49764e-05,5.07615e-05,4.61973e-05,4.15686e-05,3.71293e-05,3.31074e-05,2.97022e-05,2.70793e-05,2.5366e-05,2.46473e-05,2.49635e-05,2.63079e-05,2.86284e-05,3.18297e-05,3.57791e-05,4.0314e-05,4.52516e-05,5.03998e-05,5.55692e-05,6.05837e-05,6.52915e-05,6.95731e-05,7.33466e-05,7.65713e-05,7.92467e-05,8.14102e-05,8.31306e-05,8.45015e-05,8.56323e-05,8.6639e-05,8.76358e-05,8.8727e-05,9.00008e-05,9.15244e-05,9.33407e-05,9.54678e-05,9.78987e-05,0.000100603,0.000103531,0.000106614,0.00010977,0.000112909,0.000115935,0.00011875,0.000121257,0.000123365,0.000124992,0.000126066,0.00012653,0.000126341,0.000125476,0.000123928,0.000121714,0.000118866,0.00011544,0.000111505,0.000107148,0.000102468,9.75717e-05,9.25689e-05,8.7568e-05,8.26704e-05,7.79656e-05,7.35259e-05,6.94025e-05,6.56223e-05,6.21867e-05,5.90706e-05,5.62249e-05,5.358e-05,5.10517e-05,4.85481e-05,4.59795e-05,4.32672e-05,4.03533e-05,3.72096e-05,3.38442e-05,3.03053e-05,2.66811e-05,2.30969e-05,1.97063e-05,1.66809e-05,1.41963e-05,1.24169e-05,1.14817e-05,1.14914e-05,1.24985e-05,1.45029e-05,1.74503e-05,2.12372e-05,2.57184e-05,3.07182e-05,3.60423e-05,4.14903e-05,4.68653e-05,5.19821e-05,5.66708e-05,6.07765e-05,6.41548e-05,6.66617e-05,6.81343e-05,6.82811e-05,6.66575e-05,6.28703e-05,5.67024e-05,4.82119e-05,3.77539e-05,2.58957e-05,1.32146e-05,0
0,1.29317e-05,2.53404e-05,3.66502e-05,4.61891e-05,5.32982e-05,5.75805e-05,5.90167e-05,5.79494e-05,5.497e-05,5.07615e-05,4.59518e-05,4.10057e-05,3.62987e-05,3.20365e-05,2.84044e-05,2.55576e-05,2.36149e-05,2.26554e-05,2.27151e-05,2.37858e-05,2.58153e-05,2.87104e-05,3.2341e-05,3.65477e-05,4.11502e-05,4.59584e-05,5.07837e-05,5.545e-05,5.98044e-05,6.37261e-05,6.71324e-05,6.99822e-05,7.22766e-05,7.4056e-05,7.53951e-05,7.63951e-05,7.71753e-05,7.78631e-05,7.85851e-05,7.94579e-05,8.05816e-05,8.20334e-05,8.38647e-05,8.60992e-05,8.87326e-05,9.17353e-05,9.50543e-05,9.86175e-05,0.000102338,0.000106118,0.000109853,0.000113437,0.000116765,0.000119736,0.000122257,0.000124244,0.000125625,0.000126341,0.000126349,0.000125623,0.000124154,0.000121952,0.000119048,0.000115491,0.000111348,0.000106704,0.000101657,9.63172e-05,9.08016e-05,8.52293e-05,7.97162e-05,7.43702e-05,6.92851e-05,6.45364e-05,6.01764e-05,5.62318e-05,5.27013e-05,4.95561e-05,4.67416e-05,4.4182e-05,4.17858e-05,3.94547e-05,3.70929e-05,3.46171e-05,3.19673e-05,2.9115e-05,2.60699e-05,2.28835e-05,1.96476e-05,1.64899e-05,1.35645e-05,1.10392e-05,9.08153e-06,7.84278e-06,7.44426e-06,7.96561e-06,9.43724e-06,1.18375e-05,1.50948e-05,1.90939e-05,2.36863e-05,2.87015e-05,3.39601e-05,3.92841e-05,4.45057e-05,4.94726e-05,5.40493e-05,5.81151e-05,6.15559e-05,6.41353e-05,6.54067e-05,6.48734e-05,6.20794e-05,5.6737e-05,4.88344e-05,3.86724e-05,2.67933e-05,1.37885e-05,0
0,1.32933e-05,2.58479e-05,3.70179e-05,4.61303e-05,5.25752e-05,5.60391e-05,5.66007e-05,5.46938e-05,5.0982e-05,4.61973e-05,4.10057e-05,3.59653e-05,3.1431e-05,2.75487e-05,2.44568e-05,2.22618e-05,2.10327e-05,2.07982e-05,2.1546e-05,2.32223e-05,2.57345e-05,2.89554e-05,3.27296e-05,3.68817e-05,4.12263e-05,4.5579e-05,4.97673e-05,5.36412e-05,5.70817e-05,6.00078e-05,6.238e-05,6.42016e-05,6.55158e-05,6.64013e-05,6.69651e-05,6.73334e-05,6.7642e-05,6.80267e-05,6.86144e-05,6.95145e-05,7.08138e-05,7.25714e-05,7.48169e-05,7.75504e-05,8.07437e-05,8.43437e-05,8.82758e-05,9.24494e-05,9.67619e-05,0.000101104,0.000105363,0.00010943,0.000113196,0.000116564,0.000119442,0.00012175,0.00012342,0.000124395,0.000124634,0.000124108,0.000122806,0.000120733,0.000117911,0.000114381,0.000110203,0.000105452,0.000100222,9.4619e-05,8.87584e-05,8.27633e-05,7.67577e-05,7.08622e-05,6.5188e-05,5.98318e-05,5.48711e-05,5.03595e-05,4.63236e-05,4.27612e-05,3.96416e-05,3.69073e-05,3.44788e-05,3.2261e-05,3.0152e-05,2.80532e-05,2.58801e-05,2.35723e-05,2.11026e-05,1.84829e-05,1.5766e-05,1.30444e-05,1.04429e-05,8.10919e-06,6.1996e-06,4.86492e-06,4.23538e-06,4.40802e-06,5.43726e-06,7.33003e-06,1.00458e-05,1.35011e-05,1.75784e-05,2.21369e-05,2.70246e-05,3.20893e-05,3.71882e-05,4.21937e-05,4.69976e-05,5.15145e-05,5.56513e-05,5.90948e-05,6.13258e-05,6.17994e-05,6.00025e-05,5.55748e-05,4.84244e-05,3.87798e-05,2.7137e-05,1.4082e-05,0
0,1.34014e-05,2.5868e-05,3.66959e-05,4.52337e-05,5.09412e-05,5.36026e-05,5.3396e-05,5.0837e-05,4.6642e-05,4.15686e-05,3.62987e-05,3.1431e-05,2.72949e-05,2.39516e-05,2.14947e-05,1.9982e-05,1.94332e-05,1.98295e-05,2.11133e-05,2.31915e-05,2.59385e-05,2.92027e-05,3.2814e-05,3.65932e-05,4.03626e-05,4.39562e-05,4.72301e-05,5.0071e-05,5.2403e-05,5.41915e-05,5.5444e-05,5.62084e-05,5.6568e-05,5.66345e-05,5.65396e-05,5.64249e-05,5.64324e-05,5.66953e-05,5.73296e-05,5.84278e-05,6.00544e-05,6.22435e-05,6.49979e-05,6.82911e-05,7.20698e-05,7.62583e-05,8.07633e-05,8.54792e-05,9.02932e-05,9.509e-05,9.97564e-05,0.000104184,0.000108272,0.000111929,0.000115073,0.000117632,0.000119547,0.000120767,0.000121254,0.000120979,0.000119928,0.000118099,0.000115505,0.000112173,0.000108151,0.000103499,9.82986e-05,9.26431e-05,8.66408e-05,8.04099e-05,7.40748e-05,6.77616e-05,6.15931e-05,5.56831e-05,5.01314e-05,4.50188e-05,4.04018e-05,3.631e-05,3.27438e-05,2.96739e-05,2.70439e-05,2.47745e-05,2.27706e-05,2.09299e-05,1.9154e-05,1.73586e-05,1.54844e-05,1.35047e-05,1.14308e-05,9.3136e-06,7.23954e-06,5.32374e-06,3.69857e-06,2.50035e-06,1.85516e-06,1.86579e-06,2.60122e-06,4.09015e-06,6.31911e-06,9.23522e-06,1.2753e-05,1.67641e-05,2.11482e-05,2.57841e-05,3.0558e-05,3.53706e-05,4.01403e-05,4.48042e-05,4.93259e-05,5.3367e-05,5.63492e-05,5.76913e-05,5.68337e-05,5.3348e-05,4.70592e-05,3.81112e-05,2.69353e-05,1.40929e-05,0
0,1.32639e-05,2.54267e-05,3.57419e-05,4.36002e-05,4.85476e-05,5.04717e-05,4.96446e-05,4.66465e-05,4.22227e-05,3.71293e-05,3.20365e-05,2.75487e-05,2.39516e-05,2.12225e-05,1.94094e-05,1.85225e-05,1.8535e-05,1.93841e-05,2.09738e-05,2.31789e-05,2.58501e-05,2.88224e-05,3.19228e-05,3.49812e-05,3.784e-05,4.03639e-05,4.24489e-05,4.40278e-05,4.50748e-05,4.56058e-05,4.56769e-05,4.53785e-05,4.48293e-05,4.41668e-05,4.35376e-05,4.30881e-05,4.29549e-05,4.32564e-05,4.40873e-05,4.5513e-05,4.75678e-05,5.02543e-05,5.35448e-05,5.73842e-05,6.16944e-05,6.63795e-05,7.13313e-05,7.64347e-05,8.15733e-05,8.66335e-05,9.15083e-05,9.60999e-05,0.000100321,0.000104095,0.000107356,0.000110049,0.000112126,0.000113547,0.000114279,0.000114296,0.000113579,0.000112119,0.000109915,0.00010698,0.00010334,9.90378e-05,9.4131e-05,8.86948e-05,8.28203e-05,7.66122e-05,7.01864e-05,6.36666e-05,5.71796e-05,5.08505e-05,4.47973e-05,3.91255e-05,3.39224e-05,2.92523e-05,2.51523e-05,2.16299e-05,1.86623e-05,1.61984e-05,1.41629e-05,1.24636e-05,1.10003e-05,9.6754e-06,8.4049e-06,7.1281e-06,5.81533e-06,4.47226e-06,3.14007e-06,1.89137e-06,8.22135e-07,4.07352e-08,-3.44659e-07,-2.38515e-07,4.31369e-07,1.70634e-06,3.59346e-06,6.06642e-06,9.07046e-06,1.25303e-05,1.63596e-05,2.04709e-05,2.47832e-05,2.9228e-05,3.37513e-05,3.83124e-05,4.2938e-05,4.73051e-05,5.08025e-05,5.28311e-05,5.28007e-05,5.02265e-05,4.48529e-05,3.67334e-05,2.62198e-05,1.38314e-05,0
0,1.28991e-05,2.45689e-05,3.42377e-05,4.13563e-05,4.55677e-05,4.68622e-05,4.55928e-05,4.23823e-05,3.7978e-05,3.31074e-05,2.84044e-05,2.44568e-05,2.14947e-05,1.94094e-05,1.82032e-05,1.78413e-05,1.82545e-05,1.93427e-05,2.09794e-05,2.30165e-05,2.52924e-05,2.76401e-05,2.98969e-05,3.19141e-05,3.35669e-05,3.47624e-05,3.54455e-05,3.56031e-05,3.5264e-05,3.44968e-05,3.3404e-05,3.21149e-05,3.07759e-05,2.95406e-05,2.856e-05,2.79726e-05,2.78971e-05,2.84255e-05,2.96196e-05,3.15087e-05,3.40892e-05,3.7327e-05,4.11607e-05,4.55061e-05,5.02618e-05,5.5315e-05,6.05478e-05,6.58422e-05,7.10856e-05,7.61745e-05,8.10169e-05,8.55345e-05,8.96621e-05,9.3347e-05,9.65469e-05,9.92277e-05,0.000101361,0.000102921,0.000103883,0.000104225,0.000103925,0.000102961,0.000101319,9.899e-05,9.59757e-05,9.22907e-05,8.79649e-05,8.30453e-05,7.75966e-05,7.17008e-05,6.54564e-05,5.89755e-05,5.23808e-05,4.58016e-05,3.93685e-05,3.32084e-05,2.74377e-05,2.21567e-05,1.74437e-05,1.33496e-05,9.89501e-06,7.06855e-06,4.82829e-06,3.10591e-06,1.81352e-06,8.529e-07,1.25937e-07,-4.54642e-07,-9.5574e-07,-1.41678e-06,-1.84605e-06,-2.22098e-06,-2.49255e-06,-2.59294e-06,-2.44556e-06,-1.9758e-06,-1.12107e-06,1.61463e-07,1.89041e-06,4.05949e-06,6.64056e-06,9.58953e-06,1.28541e-05,1.63816e-05,2.01261e-05,2.40522e-05,2.81363e-05,3.23636e-05,3.6832e-05,4.12567e-05,4.50168e-05,4.75169e-05,4.81566e-05,4.64103e-05,4.1951e-05,3.4741e-05,2.50435e-05,1.33195e-05,0
0,1.23344e-05,2.33549e-05,3.22842e-05,3.86476e-05,4.219e-05,4.29972e-05,4.14842e-05,3.82909e-05,3.41391e-05,2.97022e-05,2.55576e-05,2.22618e-05,1.9982e-05,1.85225e-05,1.78413e-05,1.78623e-05,1.84804e-05,1.95663e-05,2.09719e-05,2.25379e-05,2.4102e-05,2.55083e-05,2.66168e-05,2.73132e-05,2.75169e-05,2.7187e-05,2.63261e-05,2.49797e-05,2.32338e-05,2.12085e-05,1.90492e-05,1.69168e-05,1.49762e-05,1.3386e-05,1.22887e-05,1.18021e-05,1.2014e-05,1.29781e-05,1.47129e-05,1.72022e-05,2.03983e-05,2.42263e-05,2.85889e-05,3.33733e-05,3.84573e-05,4.37159e-05,4.90273e-05,5.42783e-05,5.93684e-05,6.42133e-05,6.87457e-05,7.29162e-05,7.6691e-05,8.00499e-05,8.29822e-05,8.54826e-05,8.75469e-05,8.91683e-05,9.03348e-05,9.10272e-05,9.12192e-05,9.08791e-05,8.99721e-05,8.84641e-05,8.6326e-05,8.3538e-05,8.00937e-05,7.60032e-05,7.12961e-05,6.60226e-05,6.02541e-05,5.4082e-05,4.76166e-05,4.09833e-05,3.43191e-05,2.7767e-05,2.147e-05,1.5564e-05,1.01704e-05,5.38903e-06,1.29167e-06,-2.08259e-06,-4.72962e-06,-6.67969e-06,-7.99362e-06,-8.75609e-06,-9.06645e-06,-9.02822e-06,-8.73844e-06,-8.27832e-06,-7.7063e-06,-7.05453e-06,-6.32902e-06,-5.51338e-06,-4.57536e-06,-3.47498e-06,-2.17286e-06,-6.37337e-07,1.15069e-06,3.19598e-06,5.49025e-06,8.01613e-06,1.07528e-05,1.36819e-05,1.67928e-05,2.00851e-05,2.35685e-05,2.72581e-05,3.13305e-05,3.55544e-05,3.9319e-05,4.20538e-05,4.31701e-05,4.21213e-05,3.85231e-05,3.22519e-05,2.34774e-05,1.25889e-05,0
0,1.16042e-05,2.18575e-05,2.99967e-05,3.56324e-05,3.86106e-05,3.9099e-05,3.7552e-05,3.45988e-05,3.09089e-05,2.70793e-05,2.36149e-05,2.10327e-05,1.94332e-05,1.8535e-05,1.82545e-05,1.84804e-05,1.90795e-05,1.99022e-05,2.07906e-05,2.15856e-05,2.21372e-05,2.23132e-05,2.20094e-05,2.11572e-05,1.97308e-05,1.77498e-05,1.52795e-05,1.24275e-05,9.33641e-06,6.17436e-06,3.12322e-06,3.66234e-07,-1.92412e-06,-3.597e-06,-4.53197e-06,-4.64512e-06,-3.89245e-06,-2.27034e-06,1.86484e-07,3.40901e-06,7.29974e-06,1.17395e-05,1.65948e-05,2.17257e-05,2.69926e-05,3.22636e-05,3.74201e-05,4.23615e-05,4.70088e-05,5.13062e-05,5.52213e-05,5.87432e-05,6.18795e-05,6.46515e-05,6.70882e-05,6.92202e-05,7.1074e-05,7.26659e-05,7.39983e-05,7.50575e-05,7.58128e-05,7.62185e-05,7.6217e-05,7.57438e-05,7.47329e-05,7.31229e-05,7.08633e-05,6.7919e-05,6.42758e-05,5.99429e-05,5.49554e-05,4.93756e-05,4.32922e-05,3.68191e-05,3.00923e-05,2.32654e-05,1.65036e-05,9.97636e-06,3.84888e-06,-1.72719e-06,-6.62272e-06,-1.07392e-05,-1.40151e-05,-1.6429e-05,-1.79999e-05,-1.87839e-05,-1.8867e-05,-1.83563e-05,-1.73691e-05,-1.60215e-05,-1.44195e-05,-1.26513e-05,-1.07829e-05,-8.85793e-06,-6.89962e-06,-4.91545e-06,-2.90288e-06,-8.54989e-07,1.23522e-06,3.37245e-06,5.55914e-06,7.79754e-06,1.00933e-05,1.24595e-05,1.49194e-05,1.75079e-05,2.02697e-05,2.32539e-05,2.67213e-05,3.05051e-05,3.40206e-05,3.6742e-05,3.81147e-05,3.75939e-05,3.47558e-05,2.94014e-05,2.16068e-05,1.16801e-05,0
0,1.07483e-05,2.01578e-05,2.74991e-05,3.24746e-05,3.50248e-05,3.53812e-05,3.40114e-05,3.15059e-05,2.84567e-05,2.5366e-05,2.26554e-05,2.07982e-05,1.98295e-05,1.93841e-05,1.93427e-05,1.95663e-05,1.99022e-05,2.01922e-05,2.02797e-05,2.0019e-05,1.92849e-05,1.79819e-05,1.60532e-05,1.34869e-05,1.03202e-05,6.63938e-06,2.5761e-06,-1.7001e-06,-5.99276e-06,-1.00917e-05,-1.37874e-05,-1.68851e-05,-1.92175e-05,-2.06551e-05,-2.11132e-05,-2.05554e-05,-1.89937e-05,-1.64853e-05,-1.31268e-05,-9.04678e-06,-4.39671e-06,6.5837e-07,5.94915e-06,1.13109e-05,1.65913e-05,2.16576e-05,2.64017e-05,3.07442e-05,3.46366e-05,3.80616e-05,4.10315e-05,4.35842e-05,4.57784e-05,4.76857e-05,4.93833e-05,5.09452e-05,5.2434e-05,5.38935e-05,5.53435e-05,5.67765e-05,5.81568e-05,5.94223e-05,6.0489e-05,6.12565e-05,6.16159e-05,6.14573e-05,6.06783e-05,5.91907e-05,5.6928e-05,5.385e-05,4.99474e-05,4.52445e-05,3.98007e-05,3.37103e-05,2.71012e-05,2.0131e-05,1.29823e-05,5.85439e-06,-1.04511e-06,-7.51156e-06,-1.33546e-05,-1.84095e-05,-2.25476e-05,-2.56836e-05,-2.77807e-05,-2.8851e-05,-2.89521e-05,-2.818e-05,-2.66595e-05,-2.45324e-05,-2.19458e-05,-1.90416e-05,-1.59479e-05,-1.27736e-05,-9.60636e-06,-6.51232e-06,-3.53878e-06,-7.17146e-07,1.93391e-06,4.40637e-06,6.70214e-06,8.83368e-06,1.08257e-05,1.2717e-05,1.45617e-05,1.64283e-05,1.83968e-05,2.05523e-05,2.32441e-05,2.63773e-05,2.94055e-05,3.18652e-05,3.32584e-05,3.30652e-05,3.08443e-05,2.63358e-05,1.95275e-05,1.06396e-05,0
0,9.80948e-06,1.83416e-05,2.49184e-05,2.93365e-05,3.16197e-05,3.20405e-05,3.1052e-05,2.91786e-05,2.69127e-05,2.46473e-05,2.27151e-05,2.1546e-05,2.11133e-05,2.09738e-05,2.09794e-05,2.09719e-05,2.07906e-05,2.02797e-05,1.92969e-05,1.77225e-05,1.5469e-05,1.24895e-05,8.78514e-06,4.40958e-06,-5.30342e-07,-5.87794e-06,-1.14345e-05,-1.69708e-05,-2.22423e-05,-2.70048e-05,-3.1032e-05,-3.413e-05,-3.61503e-05,-3.6999e-05,-3.66406e-05,-3.50993e-05,-3.24544e-05,-2.88333e-05,-2.4402e-05,-1.93535e-05,-1.38958e-05,-8.2403e-06,-2.59052e-06,2.8677e-06,7.97447e-06,1.26025e-05,1.6662e-05,2.0103e-05,2.29169e-05,2.51344e-05,2.68221e-05,2.80766e-05,2.90167e-05,2.97737e-05,3.04811e-05,3.12629e-05,3.22237e-05,3.34392e-05,3.49491e-05,3.67528e-05,3.88087e-05,4.1036e-05,4.33199e-05,4.55195e-05,4.74764e-05,4.90256e-05,5.00053e-05,5.02669e-05,4.96839e-05,4.81593e-05,4.56317e-05,4.208e-05,3.75268e-05,3.20398e-05,2.57315e-05,1.87573e-05,1.13109e-05,3.61713e-06,-4.0772e-06,-1.15153e-05,-1.84441e-05,-2.46283e-05,-2.98643e-05,-3.39932e-05,-3.69094e-05,-3.85663e-05,-3.89776e-05,-3.82129e-05,-3.639e-05,-3.36638e-05,-3.02134e-05,-2.62286e-05,-2.18977e-05,-1.73975e-05,-1.28855e-05,-8.49587e-06,-4.33702e-06,-4.91808e-07,2.98176e-06,6.04935e-06,8.6995e-06,1.09434e-05,1.28151e-05,1.43715e-05,1.56914e-05,1.68735e-05,1.80315e-05,1.92867e-05,2.10787e-05,2.33889e-05,2.57177e-05,2.76789e-05,2.88515e-05,2.87648e-05,2.69836e-05,2.3206e-05,1.73408e-05,9.5179e-06,0
0,8.83191e-06,1.64951e-05,2.23791e-05,2.63726e-05,2.85666e-05,2.92495e-05,2.88312e-05,2.77445e-05,2.63638e-05,2.49635e-05,2.37858e-05,2.32223e-05,2.31915e-05,2.31789e-05,2.30165e-05,2.25379e-05,2.15856e-05,2.0019e-05,1.77225e-05,1.46152e-05,1.06589e-05,5.86631e-06,3.05595e-07,-5.89739e-06,-1.25619e-05,-1.94598e-05,-2.6327e-05,-3.28801e-05,-3.88337e-05,-4.39206e-05,-4.79096e-05,-5.06215e-05,-5.19408e-05,-5.18229e-05,-5.02953e-05,-4.74539e-05,-4.34556e-05,-3.85059e-05,-3.28454e-05,-2.67348e-05,-2.04397e-05,-1.42167e-05,-8.30042e-06,-2.89359e-06,1.84198e-06,5.79128e-06,8.89005e-06,1.11263e-05,1.25394e-05,1.32171e-05,1.32893e-05,1.29202e-05,1.22977e-05,1.1621e-05,1.10874e-05,1.08779e-05,1.11446e-05,1.19989e-05,1.35026e-05,1.56632e-05,1.8432e-05,2.17068e-05,2.53383e-05,2.91396e-05,3.28973e-05,3.63844e-05,3.93733e-05,4.16481e-05,4.30155e-05,4.33152e-05,4.24274e-05,4.02794e-05,3.68507e-05,3.21759e-05,2.63458e-05,1.95071e-05,1.18585e-05,3.64477e-06,-4.85255e-06,-1.33276e-05,-2.1465e-05,-2.89572e-05,-3.55212e-05,-4.09162e-05,-4.4957e-05,-4.75256e-05,-4.85763e-05,-4.81363e-05,-4.63011e-05,-4.32243e-05,-3.91047e-05,-3.41711e-05,-2.86668e-05,-2.28348e-05,-1.69055e-05,-1.10871e-05,-5.55848e-06,-4.65601e-07,4.08104e-06,8.00697e-06,1.12736e-05,1.3878e-05,1.58518e-05,1.72599e-05,1.81981e-05,1.8789e-05,1.91761e-05,1.95153e-05,2.03363e-05,2.16975e-05,2.31508e-05,2.4399e-05,2.51162e-05,2.49047e-05,2.33598e-05,2.01602e-05,1.51489e-05,8.36716e-06,0
0,7.85875e-06,1.47016e-05,1.9998e-05,2.37226e-05,2.60141e-05,2.71496e-05,2.7468e-05,2.72874e-05,2.68503e-05,2.63079e-05,2.58153e-05,2.57345e-05,2.59385e-05,2.58501e-05,2.52924e-05,2.4102e-05,2.21372e-05,1.92849e-05,1.5469e-05,1.06589e-05,4.87698e-06,-1.79592e-06,-9.21734e-06,-1.71848e-05,-2.54423e-05,-3.36914e-05,-4.16077e-05,-4.88606e-05,-5.51345e-05,-6.01509e-05,-6.36874e-05,-6.55938e-05,-6.58017e-05,-6.43294e-05,-6.1279e-05,-5.68293e-05,-5.1222e-05,-4.47467e-05,-3.77221e-05,-3.04773e-05,-2.33348e-05,-1.65934e-05,-1.05154e-05,-5.31467e-06,-1.14924e-06,1.88471e-06,3.7555e-06,4.49612e-06,4.20173e-06,3.02453e-06,1.16575e-06,-1.135e-06,-3.61297e-06,-5.99351e-06,-8.00871e-06,-9.41431e-06,-1.00057e-05,-9.63215e-06,-8.20696e-06,-5.71438e-06,-2.21108e-06,2.17698e-06,7.26222e-06,1.28068e-05,1.85367e-05,2.41572e-05,2.93687e-05,3.38819e-05,3.74315e-05,3.97884e-05,4.07694e-05,4.02455e-05,3.8148e-05,3.44731e-05,2.92847e-05,2.27146e-05,1.49604e-05,6.28056e-06,-3.01434e-06,-1.2574e-05,-2.20241e-05,-3.09852e-05,-3.90932e-05,-4.602e-05,-5.1493e-05,-5.53109e-05,-5.73551e-05,-5.75952e-05,-5.60877e-05,-5.29693e-05,-4.84441e-05,-4.27683e-05,-3.62312e-05,-2.91375e-05,-2.17893e-05,-1.4472e-05,-7.44184e-06,-9.17151e-07,4.92714e-06,9.96308e-06,1.41111e-05,1.73402e-05,1.96666e-05,2.11514e-05,2.18972e-05,2.20425e-05,2.17545e-05,2.12197e-05,2.10551e-05,2.13937e-05,2.18396e-05,2.21925e-05,2.2237e-05,2.16696e-05,2.01423e-05,1.73376e-05,1.30504e-05,7.23867e-06,0
0,6.93062e-06,1.30379e-05,1.78796e-05,2.15064e-05,2.40827e-05,2.58464e-05,2.70389e-05,2.78446e-05,2.8365e-05,2.86284e-05,2.87104e-05,2.89554e-05,2.92027e-05,2.88224e-05,2.76401e-05,2.55083e-05,2.23132e-05,1.79819e-05,1.24895e-05,5.86631e-06,-1.79592e-06,-1.03408e-05,-1.95471e-05,-2.91339e-05,-3.8771e-05,-4.80942e-05,-5.67257e-05,-6.42975e-05,-7.04758e-05,-7.49842e-05,-7.76237e-05,-7.82871e-05,-7.69671e-05,-7.37572e-05,-6.88449e-05,-6.24991e-05,-5.50531e-05,-4.68832e-05,-3.83869e-05,-2.99611e-05,-2.19815e-05,-1.47854e-05,-8.65712e-06,-3.81651e-06,-4.11592e-07,1.48626e-06,1.88394e-06,8.65378e-07,-1.41254e-06,-4.72702e-06,-8.79939e-06,-1.33084e-05,-1.79059e-05,-2.22357e-05,-2.59532e-05,-2.87454e-05,-3.03508e-05,-3.05753e-05,-2.93058e-05,-2.65174e-05,-2.22753e-05,-1.67316e-05,-1.01157e-05,-2.72054e-06,5.11421e-06,1.30208e-05,2.06227e-05,2.75523e-05,3.34679e-05,3.80678e-05,4.11019e-05,4.23813e-05,4.17859e-05,3.92699e-05,3.48656e-05,2.86846e-05,2.09177e-05,1.18304e-05,1.75561e-06,-8.91812e-06,-1.97628e-05,-3.03305e-05,-4.01769e-05,-4.88845e-05,-5.60875e-05,-6.14928e-05,-6.48971e-05,-6.61975e-05,-6.5396e-05,-6.25956e-05,-5.799e-05,-5.18482e-05,-4.44942e-05,-3.6286e-05,-2.75934e-05,-1.87785e-05,-1.01781e-05,-2.09039e-06,5.23558e-06,1.16063e-05,1.6888e-05,2.10073e-05,2.39512e-05,2.57643e-05,2.65439e-05,2.64343e-05,2.56184e-05,2.43069e-05,2.31995e-05,2.24976e-05,2.18549e-05,2.11709e-05,2.03525e-05,1.92099e-05,1.74758e-05,1.48622e-05,1.1136e-05,6.18059e-06,0
0,6.08389e-06,1.15712e-05,1.61119e-05,1.98195e-05,2.28601e-05,2.54052e-05,2.75751e-05,2.94061e-05,3.0854e-05,3.18297e-05,3.2341e-05,3.27296e-05,3.2814e-05,3.19228e-05,2.98969e-05,2.66168e-05,2.20094e-05,1.60532e-05,8.78514e-06,3.05595e-07,-9.21734e-06,-1.95471e-05,-3.03817e-05,-4.13629e-05,-5.20898e-05,-6.21395e-05,-7.10902e-05,-7.85486e-05,-8.41759e-05,-8.77123e-05,-8.89967e-05,-8.7979e-05,-8.47257e-05,-7.94161e-05,-7.23311e-05,-6.38361e-05,-5.43582e-05,-4.43611e-05,-3.43191e-05,-2.46928e-05,-1.59068e-05,-8.3308e-06,-2.26492e-06,2.07092e-06,4.54424e-06,5.11361e-06,3.8291e-06,8.29812e-07,-3.66165e-06,-9.34787e-06,-1.58687e-05,-2.28167e-05,-2.97561e-05,-3.62441e-05,-4.18545e-05,-4.62013e-05,-4.89618e-05,-4.98959e-05,-4.88616e-05,-4.58239e-05,-4.08575e-05,-3.41422e-05,-2.59519e-05,-1.66383e-05,-6.61101e-06,3.68522e-06,1.37926e-05,2.32619e-05,3.1672e-05,3.86461e-05,4.38652e-05,4.70791e-05,4.81144e-05,4.68808e-05,4.33758e-05,3.76869e-05,2.99924e-05,2.05583e-05,9.73256e-06,-2.06581e-06,-1.43621e-05,-2.66461e-05,-3.83964e-05,-4.91077e-05,-5.83184e-05,-6.56374e-05,-7.0767e-05,-7.35195e-05,-7.3827e-05,-7.17424e-05,-6.74322e-05,-6.11622e-05,-5.32772e-05,-4.41772e-05,-3.4292e-05,-2.40566e-05,-1.38889e-05,-4.17067e-06,4.76734e-06,1.26561e-05,1.9295e-05,2.45555e-05,2.83813e-05,3.07864e-05,3.18503e-05,3.17114e-05,3.05581e-05,2.86176e-05,2.66648e-05,2.49609e-05,2.32017e-05,2.13862e-05,1.95506e-05,1.76347e-05,1.54749e-05,1.28378e-05,9.4844e-06,5.23598e-06,0
0,5.34948e-06,1.03568e-05,1.47632e-05,1.87295e-05,2.23985e-05,2.58498e-05,2.90628e-05,3.19157e-05,3.42202e-05,3.57791e-05,3.65477e-05,3.68817e-05,3.65932e-05,3.49812e-05,3.19141e-05,2.73132e-05,2.11572e-05,1.34869e-05,4.40958e-06,-5.89739e-06,-1.71848e-05,-2.91339e-05,-4.13629e-05,-5.34393e-05,-6.48989e-05,-7.52686e-05,-8.40948e-05,-9.09718e-05,-9.55705e-05,-9.76626e-05,-9.7139e-05,-9.40201e-05,-8.84569e-05,-8.0723e-05,-7.11988e-05,-6.03483e-05,-4.86924e-05,-3.67793e-05,-2.51555e-05,-1.4339e-05,-4.79605e-06,3.07844e-06,8.97496e-06,1.26797e-05,1.40805e-05,1.31697e-05,1.00435e-05,4.89806e-06,-1.97653e-06,-1.02068e-05,-1.93492e-05,-2.89084e-05,-3.83579e-05,-4.71654e-05,-5.48198e-05,-6.08587e-05,-6.48947e-05,-6.6639e-05,-6.59188e-05,-6.26881e-05,-5.7031e-05,-4.91561e-05,-3.9384e-05,-2.81277e-05,-1.58695e-05,-3.13448e-06,9.53575e-06,2.16082e-05,3.25805e-05,4.20002e-05,4.94791e-05,5.47054e-05,5.74524e-05,5.75845e-05,5.50628e-05,4.99474e-05,4.23993e-05,3.26787e-05,2.11407e-05,8.22638e-06,-5.55178e-06,-1.96293e-05,-3.34145e-05,-4.63178e-05,-5.77828e-05,-6.73176e-05,-7.4523e-05,-7.91163e-05,-8.0946e-05,-7.99991e-05,-7.63978e-05,-7.03879e-05,-6.2319e-05,-5.26194e-05,-4.17683e-05,-3.02668e-05,-1.86107e-05,-7.26619e-06,3.34983e-06,1.2885e-05,2.10618e-05,2.76842e-05,3.26395e-05,3.58973e-05,3.75058e-05,3.75851e-05,3.63178e-05,3.39375e-05,3.12855e-05,2.86712e-05,2.58218e-05,2.28305e-05,1.98659e-05,1.70089e-05,1.42196e-05,1.13438e-05,8.15944e-06,4.44101e-06,0
0,4.7518e-06,9.43623e-06,1.38804e-05,1.82742e-05,2.27134e-05,2.71624e-05,3.14446e-05,3.52758e-05,3.83293e-05,4.0314e-05,4.11502e-05,4.12263e-05,4.03626e-05,3.784e-05,3.35669e-05,2.75169e-05,1.97308e-05,1.03202e-05,-5.30342e-07,-1.25619e-05,-2.54423e-05,-3.8771e-05,-5.20898e-05,-6.48989e-05,-7.66789e-05,-8.69188e-05,-9.51457e-05,-0.000100956,-0.000104047,-0.000104234,-0.000101475,-9.58716e-05,-8.76687e-05,-7.72402e-05,-6.50679e-05,-5.17143e-05,-3.779e-05,-2.39219e-05,-1.07207e-05,1.24666e-06,1.14814e-05,1.95713e-05,2.52049e-05,2.81797e-05,2.84078e-05,2.59176e-05,2.08516e-05,1.34632e-05,4.10858e-06,-6.76362e-06,-1.86277e-05,-3.09001e-05,-4.29636e-05,-5.41953e-05,-6.39971e-05,-7.18277e-05,-7.72331e-05,-7.98731e-05,-7.95424e-05,-7.61828e-05,-6.98873e-05,-6.08936e-05,-4.95698e-05,-3.63919e-05,-2.19165e-05,-6.75052e-06,8.47926e-06,2.31552e-05,3.66942e-05,4.85682e-05,5.83215e-05,6.55823e-05,7.00716e-05,7.16097e-05,7.01207e-05,6.56356e-05,5.8294e-05,4.83446e-05,3.61418e-05,2.21393e-05,6.8773e-06,-9.03553e-06,-2.49464e-05,-4.01883e-05,-5.41139e-05,-6.61307e-05,-7.57346e-05,-8.25394e-05,-8.62991e-05,-8.69202e-05,-8.44642e-05,-7.91393e-05,-7.12829e-05,-6.13365e-05,-4.98152e-05,-3.72765e-05,-2.42875e-05,-1.13966e-05,8.91606e-07,1.21367e-05,2.19764e-05,3.01369e-05,3.64371e-05,4.07895e-05,4.31977e-05,4.37502e-05,4.26117e-05,4.00116e-05,3.68468e-05,3.3461e-05,2.9599e-05,2.54391e-05,2.12801e-05,1.73517e-05,1.37533e-05,1.04326e-05,7.20785e-06,3.8237e-06,0
0,4.30806e-06,8.8361e-06,1.34871e-05,1.84614e-05,2.37845e-05,2.92865e-05,3.46246e-05,3.93532e-05,4.30182e-05,4.52516e-05,4.59584e-05,4.5579e-05,4.39562e-05,4.03639e-05,3.47624e-05,2.7187e-05,1.77498e-05,6.63938e-06,-5.87794e-06,-1.94598e-05,-3.36914e-05,-4.80942e-05,-6.21395e-05,-7.52686e-05,-8.69188e-05,-9.65535e-05,-0.000103695,-0.000107959,-0.000109079,-0.000106934,-0.000101557,-9.31424e-05,-8.2034e-05,-6.87089e-05,-5.37496e-05,-3.78125e-05,-2.15911e-05,-5.7813e-06,8.95221e-06,2.20048e-05,3.28551e-05,4.10829e-05,4.63813e-05,4.85641e-05,4.757e-05,4.34629e-05,3.64306e-05,2.67802e-05,1.49304e-05,1.40113e-06,-1.3203e-05,-2.82134e-05,-4.29236e-05,-5.66205e-05,-6.86191e-05,-7.82981e-05,-8.51353e-05,-8.87374e-05,-8.88648e-05,-8.54458e-05,-7.85811e-05,-6.8537e-05,-5.57289e-05,-4.06958e-05,-2.40689e-05,-6.53707e-06,1.11882e-05,2.84055e-05,4.44519e-05,5.87267e-05,7.07087e-05,7.99693e-05,8.61804e-05,8.91203e-05,8.86772e-05,8.48523e-05,7.77614e-05,6.7636e-05,5.48227e-05,3.97779e-05,2.30584e-05,5.3056e-06,-1.27778e-05,-3.04572e-05,-4.70013e-05,-6.17202e-05,-7.40044e-05,-8.33599e-05,-8.94365e-05,-9.20479e-05,-9.11797e-05,-8.69856e-05,-7.97735e-05,-6.99808e-05,-5.81441e-05,-4.48643e-05,-3.07712e-05,-1.64898e-05,-2.61037e-06,1.03366e-05,2.18992e-05,3.17177e-05,3.95327e-05,4.51881e-05,4.86304e-05,4.9904e-05,4.91432e-05,4.65612e-05,4.3099e-05,3.91198e-05,3.43689e-05,2.90968e-05,2.37264e-05,1.86379e-05,1.40826e-05,1.01289e-05,6.65801e-06,3.4031e-06,0
0,4.02797e-06,8.5676e-06,1.35843e-05,1.92696e-05,2.55581e-05,3.21309e-05,3.84744e-05,4.39879e-05,4.81048e-05,5.03998e-05,5.07837e-05,4.97673e-05,4.72301e-05,4.24489e-05,3.54455e-05,2.63261e-05,1.52795e-05,2.5761e-06,-1.14345e-05,-2.6327e-05,-4.16077e-05,-5.67257e-05,-7.10902e-05,-8.40948e-05,-9.51457e-05,-0.000103695,-0.000109277,-0.000111538,-0.000110267,-0.000105414,-9.71021e-05,-8.56215e-05,-7.14196e-05,-5.50756e-05,-3.72683e-05,-1.87397e-05,-2.55871e-07,1.74307e-05,3.36145e-05,4.76658e-05,5.90519e-05,6.73537e-05,7.22749e-05,7.36491e-05,7.14416e-05,6.57499e-05,5.68024e-05,4.49542e-05,3.06804e-05,1.45656e-05,-2.71262e-06,-2.04052e-05,-3.77202e-05,-5.38571e-05,-6.80448e-05,-7.95828e-05,-8.78794e-05,-9.24877e-05,-9.3132e-05,-8.97255e-05,-8.2375e-05,-7.13739e-05,-5.71836e-05,-4.04044e-05,-2.17409e-05,-1.96235e-06,1.81368e-05,3.77735e-05,5.62082e-05,7.27704e-05,8.68779e-05,9.80492e-05,0.000105911,0.000110204,0.000110783,0.00010762,0.000100805,9.05494e-05,7.71837e-05,6.11582e-05,4.30346e-05,2.34741e-05,3.21652e-06,-1.69478e-05,-3.62134e-05,-5.38e-05,-6.89951e-05,-8.11949e-05,-8.99394e-05,-9.49393e-05,-9.60906e-05,-9.34768e-05,-8.73589e-05,-7.81534e-05,-6.64016e-05,-5.2734e-05,-3.78313e-05,-2.23867e-05,-7.07129e-06,7.49551e-06,2.077e-05,3.23018e-05,4.17453e-05,4.88664e-05,5.35433e-05,5.57644e-05,5.56216e-05,5.33002e-05,4.97734e-05,4.54073e-05,3.99295e-05,3.36465e-05,2.70945e-05,2.08021e-05,1.51789e-05,1.043e-05,6.51969e-06,3.18891e-06,0
0,3.91376e-06,8.6268e-06,1.41512e-05,2.06506e-05,2.79517e-05,3.55766e-05,4.2842e-05,4.9003e-05,5.33991e-05,5.55692e-05,5.545e-05,5.36412e-05,5.0071e-05,4.40278e-05,3.56031e-05,2.49797e-05,1.24275e-05,-1.7001e-06,-1.69708e-05,-3.28801e-05,-4.88606e-05,-6.42975e-05,-7.85486e-05,-9.09718e-05,-0.000100956,-0.000107959,-0.000111538,-0.000111388,-0.000107365,-9.95017e-05,-8.8016e-05,-7.33007e-05,-5.59053e-05,-3.65065e-05,-1.58713e-05,5.18424e-06,2.58355e-05,4.52881e-05,6.2811e-05,7.77628e-05,8.96112e-05,9.79462e-05,0.000102488,0.00010309,9.97424e-05,9.2572e-05,8.18406e-05,6.79429e-05,5.14018e-05,3.28578e-05,1.3054e-05,-7.18697e-06,-2.69929e-05,-4.54796e-05,-6.17927e-05,-7.51534e-05,-8.49015e-05,-9.05356e-05,-9.17431e-05,-8.84202e-05,-8.06777e-05,-6.88338e-05,-5.33929e-05,-3.50142e-05,-1.44724e-05,7.38593e-06,2.96864e-05,5.15679e-05,7.2218e-05,9.0901e-05,0.000106978,0.000119921,0.000129316,0.00013487,0.00013641,0.000133879,0.000127344,0.000116992,0.000103131,8.61977e-05,6.67465e-05,4.54451e-05,2.30561e-05,4.1185e-07,-2.16204e-05,-4.21793e-05,-6.04555e-05,-7.57368e-05,-8.74506e-05,-9.5197e-05,-9.87714e-05,-9.81731e-05,-9.36001e-05,-8.54305e-05,-7.4194e-05,-6.05347e-05,-4.51709e-05,-2.88533e-05,-1.23263e-05,3.7063e-06,1.86098e-05,3.1841e-05,4.29633e-05,5.16572e-05,5.77237e-05,6.1085e-05,6.17791e-05,5.99523e-05,5.65978e-05,5.20686e-05,4.60545e-05,3.88999e-05,3.12399e-05,2.3744e-05,1.69821e-05,1.13074e-05,6.78471e-06,3.18165e-06,0
0,3.96045e-06,8.99562e-06,1.51472e-05,2.25334e-05,3.08595e-05,3.94842e-05,4.75607e-05,5.42157e-05,5.8715e-05,6.05837e-05,5.98044e-05,5.70817e-05,5.2403e-05,4.50748e-05,3.5264e-05,2.32338e-05,9.33641e-06,-5.99276e-06,-2.22423e-05,-3.88337e-05,-5.51345e-05,-7.04758e-05,-8.41759e-05,-9.55705e-05,-0.000104047,-0.000109079,-0.000110267,-0.000107365,-0.000100306,-8.92158e-05,-7.44107e-05,-5.63859e-05,-3.57893e-05,-1.33873e-05,9.97748e-06,3.3429e-05,5.61009e-05,7.7174e-05,9.59075e-05,0.000111663,0.000123918,0.00013228,0.000136488,0.000136414,0.000132069,0.000123601,0.000111295,9.55758e-05,7.70027e-05,5.62627e-05,3.41553e-05,1.15693e-05,-1.05492e-05,-3.12371e-05,-4.95603e-05,-6.46642e-05,-7.58214e-05,-8.24762e-05,-8.42786e-05,-8.11061e-05,-7.30713e-05,-6.05134e-05,-4.39764e-05,-2.4174e-05,-1.94664e-06,2.17861e-05,4.60745e-05,6.99836e-05,9.26326e-05,0.000113225,0.000131072,0.000145601,0.000156368,0.00016305,0.000165451,0.000163492,0.000157215,0.000146781,0.000132476,0.000114712,9.40259e-05,7.10789e-05,4.66415e-05,2.15724e-05,-3.21327e-06,-2.67855e-05,-4.82465e-05,-6.67811e-05,-8.17038e-05,-9.25005e-05,-9.88574e-05,-0.000100678,-9.80817e-05,-9.13935e-05,-8.11141e-05,-6.78856e-05,-5.24486e-05,-3.55988e-05,-1.81441e-05,-8.65662e-07,1.55149e-05,3.03623e-05,4.31471e-05,5.34596e-05,6.10173e-05,6.56673e-05,6.73844e-05,6.6265e-05,6.33118e-05,5.88482e-05,5.25067e-05,4.46493e-05,3.59927e-05,2.73358e-05,1.94056e-05,1.27099e-05,7.4285e-06,3.37318e-06,0
0,4.15655e-06,9.64348e-06,1.6515e-05,2.48288e-05,3.41591e-05,4.37027e-05,5.246e-05,5.94479e-05,6.3881e-05,6.52915e-05,6.37261e-05,6.00078e-05,5.41915e-05,4.56058e-05,3.44968e-05,2.12085e-05,6.17436e-06,-1.00917e-05,-2.70048e-05,-4.39206e-05,-6.01509e-05,-7.49842e-05,-8.77123e-05,-9.76626e-05,-0.000104234,-0.000106934,-0.000105414,-9.95017e-05,-8.92158e-05,-7.4778e-05,-5.66058e-05,-3.5293e-05,-1.15785e-05,1.36939e-05,3.96203e-05,6.52827e-05,8.97912e-05,0.00011232,0.000132135,0.000148613,0.000161254,0.000169684,0.000173661,0.000173074,0.000167945,0.000158431,0.000144832,0.000127588,0.000107285,8.46454e-05,6.05154e-05,3.58427e-05,1.16411e-05,-1.10523e-05,-3.1228e-05,-4.79584e-05,-6.04515e-05,-6.80984e-05,-7.05116e-05,-6.75489e-05,-5.93217e-05,-4.61867e-05,-2.87223e-05,-7.69112e-06,1.6006e-05,4.13821e-05,6.74172e-05,9.31073e-05,0.000117508,0.000139766,0.000159147,0.000175043,0.000186981,0.000194619,0.000197742,0.000196256,0.000190181,0.000179658,0.000164942,0.000146418,0.000124596,0.000100118,7.37472e-05,4.63527e-05,1.88816e-05,-7.68155e-06,-3.23624e-05,-5.42503e-05,-7.25511e-05,-8.66351e-05,-9.60746e-05,-0.000100667,-0.000100444,-9.56599e-05,-8.67719e-05,-7.44037e-05,-5.93033e-05,-4.22974e-05,-2.42454e-05,-5.99652e-06,1.16473e-05,2.79625e-05,4.23276e-05,5.42413e-05,6.33331e-05,6.93691e-05,7.22533e-05,7.20229e-05,6.96802e-05,6.55044e-05,5.90512e-05,5.06796e-05,4.11683e-05,3.14303e-05,2.23423e-05,1.45678e-05,8.41231e-06,3.74766e-06,0
0,4.48502e-06,1.05294e-05,1.81847e-05,2.74349e-05,3.77194e-05,4.80782e-05,5.73747e-05,6.45367e-05,6.87498e-05,6.95731e-05,6.71324e-05,6.238e-05,5.5444e-05,4.56769e-05,3.3404e-05,1.90492e-05,3.12322e-06,-1.37874e-05,-3.1032e-05,-4.79096e-05,-6.36874e-05,-7.76237e-05,-8.89967e-05,-9.7139e-05,-0.000101475,-0.000101557,-9.71021e-05,-8.8016e-05,-7.44107e-05,-5.66058e-05,-3.51169e-05,-1.06297e-05,1.60373e-05,4.39774e-05,7.22437e-05,9.98954e-05,0.000126039,0.00014986,0.000170646,0.000187803,0.000200856,0.000209456,0.000213374,0.000212506,0.000206875,0.000196637,0.000182087,0.000163672,0.00014199,0.000117789,9.19563e-05,6.54905e-05,3.94684e-05,1.49965e-05,-6.84398e-06,-2.50566e-05,-3.87873e-05,-4.73766e-05,-5.04006e-05,-4.76964e-05,-3.93718e-05,-2.57967e-05,-7.5779e-06,1.44793e-05,3.94208e-05,6.61985e-05,9.37272e-05,0.000120938,0.000146827,0.000170489,0.000191145,0.000208158,0.000221034,0.000229417,0.000233083,0.000231928,0.000225962,0.000215302,0.00020018,0.000180948,0.000158082,0.000132193,0.000104023,7.44368e-05,4.43955e-05,1.49225e-05,-1.29453e-05,-3.82128e-05,-5.99839e-05,-7.75164e-05,-9.02666e-05,-9.79211e-05,-0.000100412,-9.79126e-05,-9.08225e-05,-7.97317e-05,-6.53804e-05,-4.86116e-05,-3.03232e-05,-1.14211e-05,7.22114e-06,2.47981e-05,4.06004e-05,5.40359e-05,6.4645e-05,7.21093e-05,7.62561e-05,7.70565e-05,7.5504e-05,7.18209e-05,6.54676e-05,5.67798e-05,4.65776e-05,3.58698e-05,2.56708e-05,1.6797e-05,9.68593e-06,4.28278e-06,0
0,4.92434e-06,1.16048e-05,2.00775e-05,3.02436e-05,4.14073e-05,5.24628e-05,6.21544e-05,6.93428e-05,7.32058e-05,7.33466e-05,6.99822e-05,6.42016e-05,5.62084e-05,4.53785e-05,3.21149e-05,1.69168e-05,3.66234e-07,-1.68851e-05,-3.413e-05,-5.06215e-05,-6.55938e-05,-7.82871e-05,-8.7979e-05,-9.40201e-05,-9.58716e-05,-9.31424e-05,-8.56215e-05,-7.33007e-05,-5.63859e-05,-3.5293e-05,-1.06297e-05,1.6837e-05,4.62232e-05,7.65771e-05,0.000106928,0.000136334,0.000163916,0.00018889,0.00021058,0.000228428,0.000241989,0.000250933,0.00025504,0.0002542,0.000248419,0.000237836,0.000222728,0.000203532,0.000180849,0.000155446,0.000128243,0.000100289,7.27206e-05,4.67101e-05,2.34073e-05,3.87412e-06,-1.09779e-05,-2.04424e-05,-2.4061e-05,-2.16509e-05,-1.33139e-05,5.7167e-07,1.93771e-05,4.22624e-05,6.82278e-05,9.61705e-05,0.000124945,0.000153423,0.000180538,0.000205337,0.000227,0.000244862,0.000258414,0.000267293,0.000271277,0.000270262,0.000264254,0.000253361,0.000237792,0.000217866,0.000194023,0.000166832,0.000137004,0.000105379,7.29191e-05,4.06676e-05,9.70832e-06,-1.88925e-05,-4.41472e-05,-6.52069e-05,-8.14142e-05,-9.23422e-05,-9.78177e-05,-9.7925e-05,-9.29924e-05,-8.35633e-05,-7.03559e-05,-5.42153e-05,-3.60637e-05,-1.68516e-05,2.48701e-06,2.10735e-05,3.81167e-05,5.29378e-05,6.49895e-05,7.38683e-05,7.93213e-05,8.12484e-05,8.06286e-05,7.76162e-05,7.15602e-05,6.27535e-05,5.20364e-05,4.04939e-05,2.92625e-05,1.93043e-05,1.11907e-05,4.95121e-06,0
0,5.4499e-06,1.2816e-05,2.21106e-05,3.31458e-05,4.50956e-05,5.6722e-05,6.66706e-05,7.3757e-05,7.71702e-05,7.65713e-05,7.22766e-05,6.55158e-05,5.6568e-05,4.48293e-05,3.07759e-05,1.49762e-05,-1.92412e-06,-1.92175e-05,-3.61503e-05,-5.19408e-05,-6.58017e-05,-7.69671e-05,-8.47257e-05,-8.84569e-05,-8.76687e-05,-8.2034e-05,-7.14196e-05,-5.59053e-05,-3.57893e-05,-1.15785e-05,1.60373e-05,4.62232e-05,7.80471e-05,0.000110531,0.000142703,0.000173638,0.000202494,0.000228532,0.000251123,0.00026975,0.000284,0.000293554,0.000298185,0.000297759,0.00029225,0.000281754,0.000266515,0.000246947,0.000223645,0.000197391,0.000169139,0.000139987,0.000111132,8.38157e-05,5.92527e-05,3.85664e-05,2.27205e-05,1.24629e-05,8.28137e-06,1.03772e-05,1.8656e-05,3.27362e-05,5.19748e-05,7.55064e-05,0.000102294,0.000131187,0.000160985,0.000190496,0.000218598,0.000244281,0.000266685,0.000285117,0.000299056,0.000308144,0.000312168,0.000311039,0.000304775,0.000293483,0.000277361,0.0002567,0.0002319,0.000203487,0.000172124,0.000138619,0.000103912,6.90517e-05,3.51505e-05,3.32991e-06,-2.53437e-05,-4.99247e-05,-6.96472e-05,-8.39729e-05,-9.26212e-05,-9.55802e-05,-9.30996e-05,-8.56646e-05,-7.39585e-05,-5.88148e-05,-4.11667e-05,-2.19958e-05,-2.28443e-06,1.70262e-05,3.50718e-05,5.10935e-05,6.44605e-05,7.46856e-05,8.14358e-05,8.45367e-05,8.49489e-05,8.27506e-05,7.71656e-05,6.84268e-05,5.73742e-05,4.51474e-05,3.29879e-05,2.19919e-05,1.2863e-05,5.72215e-06,0
0,6.03537e-06,1.41078e-05,2.42016e-05,3.6038e-05,4.86689e-05,6.07411e-05,7.08227e-05,7.77046e-05,8.06029e-05,7.92467e-05,7.4056e-05,6.64013e-05,5.66345e-05,4.41668e-05,2.95406e-05,1.3386e-05,-3.597e-06,-2.06551e-05,-3.6999e-05,-5.18229e-05,-6.43294e-05,-7.37572e-05,-7.94161e-05,-8.0723e-05,-7.72402e-05,-6.87089e-05,-5.50756e-05,-3.65065e-05,-1.33873e-05,1.36939e-05,4.39774e-05,7.65771e-05,0.000110531,0.000144858,0.000178602,0.000210879,0.0002409,0.000267983,0.000291559,0.000311153,0.000326376,0.000336908,0.000342497,0.000342961,0.000338211,0.000328281,0.000313362,0.00029383,0.000270271,0.000243483,0.000214459,0.000184356,0.00015444,0.000126023,0.000100387,7.87122e-05,6.20066e-05,5.10508e-05,4.63546e-05,4.81334e-05,5.63008e-05,7.04777e-05,9.00166e-05,0.000114038,0.000141477,0.000171144,0.000201784,0.000232141,0.000261027,0.000287372,0.000310267,0.000328987,0.000343004,0.000351968,0.000355692,0.000354119,0.000347296,0.00033535,0.000318482,0.000296965,0.000271162,0.000241552,0.000208745,0.0001735,0.000136722,9.94458e-05,6.27938e-05,2.79257e-05,-4.02943e-06,-3.20418e-05,-5.52468e-05,-7.3e-05,-8.49153e-05,-9.08829e-05,-9.1068e-05,-8.58899e-05,-7.59863e-05,-6.21671e-05,-4.53635e-05,-2.65746e-05,-6.81864e-06,1.29128e-05,3.16928e-05,4.86914e-05,6.32008e-05,7.46548e-05,8.2642e-05,8.69137e-05,8.84106e-05,8.71295e-05,8.21585e-05,7.36552e-05,6.24402e-05,4.96872e-05,3.67222e-05,2.47621e-05,1.46368e-05,6.56293e-06,0
0,6.6541e-06,1.54258e-05,2.62726e-05,3.88264e-05,5.20287e-05,6.44298e-05,7.45409e-05,8.11463e-05,8.35017e-05,8.14102e-05,7.53951e-05,6.69651e-05,5.65396e-05,4.35376e-05,2.856e-05,1.22887e-05,-4.53197e-06,-2.11132e-05,-3.66406e-05,-5.02953e-05,-6.1279e-05,-6.88449e-05,-7.23311e-05,-7.11988e-05,-6.50679e-05,-5.37496e-05,-3.72683e-05,-1.58713e-05,9.97748e-06,3.96203e-05,7.22437e-05,0.000106928,0.000142703,0.000178602,0.00021371,0.000247201,0.000278353,0.000306559,0.000331308,0.00035217,0.00036877,0.00038077,0.000387863,0.000389788,0.000386361,0.000377522,0.000363384,0.000344278,0.000320779,0.000293711,0.000264123,0.000233248,0.000202438,0.000173083,0.000146536,0.00012403,0.000106605,9.50613e-05,8.99176e-05,9.13959e-05,9.9417e-05,0.000113612,0.00013334,0.000157723,0.000185684,0.000215999,0.000247358,0.000278436,0.000307965,0.000334797,0.00035796,0.000376693,0.000390452,0.000398909,0.000401916,0.000399471,0.000391678,0.00037871,0.000360791,0.000338192,0.00031125,0.000280394,0.000246177,0.000209297,0.000170609,0.000131116,9.19323e-05,5.4236e-05,1.92014e-05,-1.20733e-05,-3.8638e-05,-5.97516e-05,-7.49283e-05,-8.39627e-05,-8.69344e-05,-8.41916e-05,-7.63189e-05,-6.40929e-05,-4.84308e-05,-3.03371e-05,-1.08523e-05,8.99407e-06,2.82248e-05,4.59493e-05,6.13921e-05,7.39146e-05,8.30318e-05,8.84226e-05,9.10091e-05,9.07047e-05,8.64541e-05,7.83275e-05,6.71093e-05,5.39868e-05,4.03508e-05,2.75219e-05,1.64475e-05,7.44059e-06,0
0,7.28049e-06,1.67195e-05,2.8254e-05,4.14316e-05,5.50974e-05,6.77248e-05,7.77873e-05,8.40775e-05,8.58992e-05,8.31306e-05,7.63951e-05,6.73334e-05,5.64249e-05,4.30881e-05,2.79726e-05,1.18021e-05,-4.64512e-06,-2.05554e-05,-3.50993e-05,-4.74539e-05,-5.68293e-05,-6.24991e-05,-6.38361e-05,-6.03483e-05,-5.17143e-05,-3.78125e-05,-1.87397e-05,5.18424e-06,3.3429e-05,6.52827e-05,9.98954e-05,0.000136334,0.000173638,0.000210879,0.000247201,0.000281851,0.000314194,0.000343702,0.000369932,0.000392491,0.000411007,0.000425098,0.000434374,0.000438448,0.000436997,0.000429824,0.000416938,0.000398615,0.000375427,0.000348244,0.000318203,0.000286642,0.000255024,0.000224841,0.000197519,0.000174335,0.000156346,0.000144348,0.000138849,0.000140065,0.000147921,0.000162067,0.000181891,0.000206536,0.00023493,0.000265825,0.000297857,0.000329614,0.000359724,0.000386935,0.000410188,0.000428664,0.000441806,0.000449307,0.000451083,0.000447216,0.000437904,0.000423401,0.000403987,0.000379953,0.000351621,0.000319375,0.000283706,0.000245241,0.000204773,0.000163252,0.000121768,8.14972e-05,4.36392e-05,9.34237e-06,-2.03735e-05,-4.46844e-05,-6.30149e-05,-7.50705e-05,-8.08476e-05,-8.06229e-05,-7.49236e-05,-6.44855e-05,-5.02025e-05,-3.30728e-05,-1.41467e-05,5.52163e-06,2.49176e-05,4.31024e-05,5.92435e-05,7.26394e-05,8.27382e-05,8.91512e-05,9.27855e-05,9.34717e-05,9.00075e-05,8.2367e-05,7.1284e-05,5.79408e-05,4.37726e-05,3.01859e-05,1.82338e-05,8.32328e-06,0
0,7.89115e-06,1.79445e-05,3.00873e-05,4.37907e-05,5.78201e-05,7.05904e-05,8.05546e-05,8.65248e-05,8.78569e-05,8.45015e-05,7.71753e-05,6.7642e-05,5.64324e-05,4.29549e-05,2.78971e-05,1.2014e-05,-3.89245e-06,-1.89937e-05,-3.24544e-05,-4.34556e-05,-5.1222e-05,-5.50531e-05,-5.43582e-05,-4.86924e-05,-3.779e-05,-2.15911e-05,-2.55871e-07,2.58355e-05,5.61009e-05,8.97912e-05,0.000126039,0.000163916,0.000202494,0.0002409,0.000278353,0.000314194,0.000347884,0.000378984,0.000407121,0.000431941,0.000453057,0.000470023,0.000482315,0.000489372,0.000490662,0.000485798,0.000474649,0.000457423,0.000434709,0.000407462,0.000376951,0.000344673,0.000312246,0.000281287,0.000253305,0.000229609,0.000211246,0.000198971,0.000193249,0.000194264,0.000201945,0.000215976,0.000235799,0.000260617,0.000289391,0.000320865,0.000353611,0.000386108,0.00041684,0.000444409,0.000467629,0.000485596,0.000497724,0.00050374,0.000503644,0.000497646,0.000486088,0.00046936,0.000447839,0.000421865,0.00039176,0.00035787,0.000320616,0.000280549,0.000238381,0.000194998,0.000151444,0.000108872,6.84888e-05,3.14715e-05,-1.10922e-06,-2.83632e-05,-4.96396e-05,-6.45654e-05,-7.30612e-05,-7.53349e-05,-7.18559e-05,-6.33154e-05,-5.05765e-05,-3.46216e-05,-1.64993e-05,2.72496e-06,2.20123e-05,4.03891e-05,5.69785e-05,7.1027e-05,8.19251e-05,8.92231e-05,9.38193e-05,9.54657e-05,9.28123e-05,8.57318e-05,7.48963e-05,6.14668e-05,4.69034e-05,3.26797e-05,1.99407e-05,9.18159e-06,0
0,8.46592e-06,1.9064e-05,3.17269e-05,4.586e-05,6.01653e-05,7.30174e-05,8.28628e-05,8.85406e-05,8.94581e-05,8.56323e-05,7.78631e-05,6.80267e-05,5.66953e-05,4.32564e-05,2.84255e-05,1.29781e-05,-2.27034e-06,-1.64853e-05,-2.88333e-05,-3.85059e-05,-4.47467e-05,-4.68832e-05,-4.43611e-05,-3.67793e-05,-2.39219e-05,-5.7813e-06,1.74307e-05,4.52881e-05,7.7174e-05,0.00011232,0.00014986,0.00018889,0.000228532,0.000267983,0.000306559,0.000343702,0.000378984,0.000412066,0.000442652,0.000470427,0.000494984,0.000515783,0.000532124,0.000543191,0.000548153,0.000546342,0.000537434,0.000521568,0.000499382,0.000471975,0.000440824,0.000407662,0.000374321,0.000342588,0.000314066,0.000290074,0.000271601,0.000259304,0.000253548,0.000254453,0.000261943,0.000275761,0.000295455,0.000320339,0.000349456,0.000381565,0.000415166,0.000448589,0.000480116,0.000508134,0.000531269,0.000548492,0.000559168,0.000563059,0.000560282,0.000551234,0.00053648,0.000516617,0.000492179,0.000463588,0.000431183,0.000395272,0.000356203,0.000314438,0.000270596,0.000225482,0.000180073,0.000135484,9.29032e-05,5.35171e-05,1.84258e-05,-1.14342e-05,-3.53541e-05,-5.28971e-05,-6.39191e-05,-6.85667e-05,-6.72548e-05,-6.06291e-05,-4.9518e-05,-3.48802e-05,-1.77523e-05,8.00635e-07,1.97294e-05,3.80392e-05,5.48226e-05,6.92868e-05,8.07758e-05,8.87879e-05,9.4221e-05,9.67549e-05,9.48953e-05,8.84117e-05,7.79068e-05,6.45066e-05,4.96777e-05,3.49418e-05,2.15207e-05,9.98957e-06,0
0,8.98858e-06,2.00506e-05,3.31418e-05,4.76145e-05,6.21239e-05,7.50205e-05,8.4755e-05,9.01963e-05,9.07998e-05,8.6639e-05,7.85851e-05,6.86144e-05,5.73296e-05,4.40873e-05,2.96196e-05,1.47129e-05,1.86484e-07,-1.31268e-05,-2.4402e-05,-3.28454e-05,-3.77221e-05,-3.83869e-05,-3.43191e-05,-2.51555e-05,-1.07207e-05,8.95221e-06,3.36145e-05,6.2811e-05,9.59075e-05,0.000132135,0.000170646,0.00021058,0.000251123,0.000291559,0.000331308,0.000369932,0.000407121,0.000442652,0.000476322,0.000507862,0.000536855,0.000562651,0.000584326,0.000600705,0.000610513,0.000612654,0.000606538,0.000592235,0.000570491,0.000542644,0.000510492,0.000476111,0.000441647,0.000409114,0.000380219,0.000356257,0.000338082,0.000326156,0.000320653,0.000321573,0.000328824,0.000342253,0.000361589,0.000386356,0.000415757,0.000448603,0.000483311,0.000518001,0.000550661,0.000579361,0.000602454,0.000618721,0.000627449,0.000628432,0.000621941,0.00060864,0.000589438,0.000565259,0.000536863,0.000504794,0.000469414,0.000430988,0.00038978,0.000346146,0.000300599,0.000253844,0.000206777,0.000160451,0.00011602,7.46552e-05,3.74639e-05,5.40724e-06,-2.07687e-05,-4.05814e-05,-5.38368e-05,-6.06316e-05,-6.13333e-05,-5.65449e-05,-4.70588e-05,-3.3805e-05,-1.77998e-05,-9.68337e-08,1.82573e-05,3.62608e-05,5.299e-05,6.76266e-05,7.94809e-05,8.801e-05,9.41216e-05,9.74327e-05,9.63111e-05,9.04251e-05,8.03034e-05,6.70256e-05,5.2049e-05,3.69251e-05,2.29356e-05,1.07256e-05,0
0,9.44726e-06,2.08861e-05,3.43152e-05,4.90472e-05,6.3707e-05,7.66342e-05,8.62909e-05,9.15759e-05,9.19847e-05,8.76358e-05,7.94579e-05,6.95145e-05,5.84278e-05,4.5513e-05,3.15087e-05,1.72022e-05,3.40901e-06,-9.04678e-06,-1.93535e-05,-2.67348e-05,-3.04773e-05,-2.99611e-05,-2.46928e-05,-1.4339e-05,1.24666e-06,2.20048e-05,4.76658e-05,7.77628e-05,0.000111663,0.000148613,0.000187803,0.000228428,0.00026975,0.000311153,0.00035217,0.000392491,0.000431941,0.000470427,0.000507862,0.000544062,0.000578627,0.000610815,0.00063944,0.000662844,0.000679062,0.000686297,0.000683586,0.000670966,0.000649394,0.00062059,0.000586832,0.000550701,0.000514794,0.000481438,0.000452461,0.000429071,0.000411859,0.000400934,0.000396129,0.00039723,0.000404118,0.000416813,0.000435364,0.00045966,0.000489194,0.000522898,0.000559089,0.000595581,0.000629927,0.000659729,0.000682942,0.000698073,0.000704286,0.000701394,0.000689846,0.000670683,0.000645378,0.000615358,0.000581708,0.000545116,0.000505955,0.000464421,0.000420671,0.000374936,0.000327602,0.000279261,0.000230709,0.000182923,0.000136998,9.40713e-05,5.52347e-05,2.14502e-05,-6.52142e-06,-2.81727e-05,-4.32782e-05,-5.18988e-05,-5.43653e-05,-5.12442e-05,-4.32937e-05,-3.14128e-05,-1.65914e-05,1.38182e-07,1.77436e-05,3.523e-05,5.16721e-05,6.62408e-05,7.82266e-05,8.70577e-05,9.36633e-05,9.76097e-05,9.71359e-05,9.1814e-05,8.20976e-05,6.90117e-05,5.39904e-05,3.85973e-05,2.4157e-05,1.1373e-05,0
0,9.83466e-06,2.15621e-05,3.52442e-05,5.0168e-05,6.49428e-05,7.79081e-05,8.75417e-05,9.2768e-05,9.31131e-05,8.8727e-05,8.05816e-05,7.08138e-05,6.00544e-05,4.75678e-05,3.40892e-05,2.03983e-05,7.29974e-06,-4.39671e-06,-1.38958e-05,-2.04397e-05,-2.33348e-05,-2.19815e-05,-1.59068e-05,-4.79605e-06,1.14814e-05,3.28551e-05,5.90519e-05,8.96112e-05,0.000123918,0.000161254,0.000200856,0.000241989,0.000284,0.000326376,0.00036877,0.000411007,0.000453057,0.000494984,0.000536855,0.000578627,0.000619996,0.000660208,0.000697843,0.000730624,0.00075548,0.000769312,0.000770687,0.000759734,0.000737805,0.000707206,0.000670919,0.000632258,0.00059447,0.000560328,0.000531802,0.000509907,0.000494764,0.000485863,0.000482458,0.000483961,0.000490211,0.00050152,0.000518488,0.000541628,0.000570947,0.000605607,0.000643799,0.000682883,0.000719755,0.000751325,0.000774972,0.000788832,0.000791891,0.000783939,0.000765569,0.000738314,0.000704663,0.000666854,0.000626388,0.000584071,0.00054023,0.000494939,0.000448202,0.000400096,0.000350864,0.000300965,0.000251084,0.000202105,0.000155049,0.000110996,7.10009e-05,3.60032e-05,6.75461e-06,-1.62353e-05,-3.27299e-05,-4.27719e-05,-4.66687e-05,-4.49597e-05,-3.83733e-05,-2.7778e-05,-1.41329e-05,1.55817e-06,1.82881e-05,3.5082e-05,5.10273e-05,6.52994e-05,7.71834e-05,8.60922e-05,9.29897e-05,9.74047e-05,9.74599e-05,9.26387e-05,8.33213e-05,7.04734e-05,5.54933e-05,3.9941e-05,2.5167e-05,1.192e-05,0
0,1.01479e-05,2.2079e-05,3.5938e-05,5.10002e-05,6.58723e-05,7.89019e-05,8.85828e-05,9.38594e-05,9.42763e-05,9.00008e-05,8.20334e-05,7.25714e-05,6.22435e-05,5.02543e-05,3.7327e-05,2.42263e-05,1.17395e-05,6.5837e-07,-8.2403e-06,-1.42167e-05,-1.65934e-05,-1.47854e-05,-8.3308e-06,3.07844e-06,1.95713e-05,4.10829e-05,6.73537e-05,9.79462e-05,0.00013228,0.000169684,0.000209456,0.000250933,0.000293554,0.000336908,0.00038077,0.000425098,0.000470023,0.000515783,0.000562651,0.000610815,0.000660208,0.000710262,0.000759519,0.000805073,0.000842052,0.000864461,0.000870583,0.000861033,0.000837851,0.000804185,0.000764011,0.000721705,0.000681466,0.00064671,0.000619587,0.000600754,0.000589519,0.000584323,0.000583434,0.000585637,0.000590696,0.00059943,0.000613365,0.000634083,0.000662468,0.000698095,0.000738988,0.000781809,0.000822442,0.000856765,0.000881347,0.000893854,0.000893073,0.000878683,0.000851184,0.000812532,0.000767408,0.000719353,0.000670279,0.00062096,0.000571532,0.000521843,0.000471683,0.000420941,0.000369695,0.000318261,0.000267201,0.000217293,0.000169469,0.000124737,8.40919e-05,4.84275e-05,1.8463e-05,-5.31322e-06,-2.26752e-05,-3.36669e-05,-3.85877e-05,-3.79616e-05,-3.24944e-05,-2.30265e-05,-1.04849e-05,4.1611e-06,1.99386e-05,3.59047e-05,5.11733e-05,6.49392e-05,7.64971e-05,8.52589e-05,9.2237e-05,9.69375e-05,9.7381e-05,9.29724e-05,8.4023e-05,7.14363e-05,5.65658e-05,4.09526e-05,2.59575e-05,1.23605e-05,0
0,1.03879e-05,2.24449e-05,3.6416e-05,5.1578e-05,6.65455e-05,7.96798e-05,8.94891e-05,9.49291e-05,9.55508e-05,9.15244e-05,8.38647e-05,7.48169e-05,6.49979e-05,5.35448e-05,4.11607e-05,2.85889e-05,1.65948e-05,5.94915e-06,-2.59052e-06,-8.30042e-06,-1.05154e-05,-8.65712e-06,-2.26492e-06,8.97496e-06,2.52049e-05,4.63813e-05,7.22749e-05,0.000102488,0.000136488,0.000173661,0.000213374,0.00025504,0.000298185,0.000342497,0.000387863,0.000434374,0.000482315,0.000532124,0.000584326,0.00063944,0.000697843,0.000759519,0.000823556,0.000886987,0.000942406,0.000975672,0.000986837,0.000977977,0.000952138,0.000913551,0.00086754,0.00082,0.000776549,0.000741587,0.000717511,0.000704362,0.000700083,0.000701348,0.000704769,0.000708078,0.000710918,0.000714964,0.000723313,0.000739352,0.000765445,0.000801882,0.000846434,0.000894657,0.00094085,0.000979325,0.00100553,0.00101664,0.00101135,0.000989184,0.000949774,0.000894161,0.000833058,0.000771805,0.000712274,0.000654772,0.00059897,0.000544346,0.000490407,0.000436816,0.000383472,0.000330543,0.000278462,0.000227893,0.000179669,0.000134711,9.39341e-05,5.81676e-05,2.80742e-05,4.09787e-06,-1.35681e-05,-2.49887e-05,-3.04727e-05,-3.05414e-05,-2.58875e-05,-1.73278e-05,-5.75757e-06,7.89196e-06,2.26898e-05,3.77351e-05,5.21816e-05,6.52573e-05,7.62815e-05,8.46795e-05,9.15263e-05,9.63212e-05,9.69981e-05,9.28958e-05,8.42631e-05,7.19409e-05,5.72305e-05,4.16418e-05,2.65299e-05,1.26929e-05,0
0,1.05593e-05,2.26742e-05,3.67055e-05,5.19425e-05,6.70168e-05,8.03059e-05,9.03289e-05,9.60436e-05,9.69943e-05,9.33407e-05,8.60992e-05,7.75504e-05,6.82911e-05,5.73842e-05,4.55061e-05,3.33733e-05,2.17257e-05,1.13109e-05,2.8677e-06,-2.89359e-06,-5.31467e-06,-3.81651e-06,2.07092e-06,1.26797e-05,2.81797e-05,4.85641e-05,7.36491e-05,0.00010309,0.000136414,0.000173074,0.000212506,0.0002542,0.000297759,0.000342961,0.000389788,0.000438448,0.000489372,0.000543191,0.000600705,0.000662844,0.000730624,0.000805073,0.000886987,0.000975801,0.001064,0.00110864,0.00112386,0.00111432,0.00108385,0.00103775,0.000983117,0.000928037,0.000880311,0.000845899,0.000827607,0.000824474,0.000832175,0.000844432,0.000855069,0.000860052,0.000858827,0.000854523,0.000852889,0.000860344,0.000881735,0.000918545,0.000968131,0.00102424,0.00107862,0.00112316,0.00115178,0.00116129,0.00115092,0.00112044,0.00106719,0.000982938,0.000899473,0.000822032,0.000750593,0.000684118,0.00062146,0.000561583,0.000503657,0.000447107,0.000391651,0.00033731,0.00028439,0.000233442,0.000185193,0.000140464,0.000100078,6.47783e-05,3.51519e-05,1.15765e-05,-5.80872e-06,-1.71094e-05,-2.26606e-05,-2.29955e-05,-1.88034e-05,-1.08843e-05,-1.03618e-07,1.26474e-05,2.64849e-05,4.05594e-05,5.40752e-05,6.63072e-05,7.66134e-05,8.44466e-05,9.09583e-05,9.5657e-05,9.64064e-05,9.24924e-05,8.41097e-05,7.20384e-05,5.75223e-05,4.20289e-05,2.6894e-05,1.29205e-05,0
0,1.06691e-05,2.2786e-05,3.68383e-05,5.21384e-05,6.73407e-05,8.08399e-05,9.11606e-05,9.72531e-05,9.86434e-05,9.54678e-05,8.87326e-05,8.07437e-05,7.20698e-05,6.16944e-05,5.02618e-05,3.84573e-05,2.69926e-05,1.65913e-05,7.97447e-06,1.84198e-06,-1.14924e-06,-4.11592e-07,4.54424e-06,1.40805e-05,2.84078e-05,4.757e-05,7.14416e-05,9.97424e-05,0.000132069,0.000167945,0.000206875,0.000248419,0.00029225,0.000338211,0.000386361,0.000436997,0.000490662,0.000548153,0.000610513,0.000679062,0.00075548,0.000842052,0.000942406,0.001064,0.00122785,0.00127023,0.00128618,0.00127437,0.00123693,0.00117989,0.00111262,0.00104654,0.000992899,0.000960252,0.000952179,0.000966144,0.000994087,0.0010248,0.0010474,0.00105488,0.00104637,0.00102745,0.00100836,0.00100062,0.0010132,0.00104955,0.00110628,0.0011741,0.00124056,0.00129372,0.00132531,0.00133226,0.00131592,0.00127887,0.001219,0.00107328,0.000961068,0.000866274,0.000782761,0.00070731,0.000637796,0.000572661,0.000510752,0.000451277,0.000393793,0.000338189,0.000284655,0.000233634,0.000185743,0.000141698,0.000102219,6.79471e-05,3.93759e-05,1.67976e-05,2.7816e-07,-1.03471e-05,-1.54562e-05,-1.56077e-05,-1.14987e-05,-3.91904e-06,6.29181e-06,1.82827e-05,3.1221e-05,4.43149e-05,5.68296e-05,6.80983e-05,7.75306e-05,8.46207e-05,9.06092e-05,9.50296e-05,9.56923e-05,9.18442e-05,8.36352e-05,7.17878e-05,5.74852e-05,4.21434e-05,2.70665e-05,1.30501e-05,0
0,1.07263e-05,2.28017e-05,3.68487e-05,5.22102e-05,6.75679e-05,8.13327e-05,9.20289e-05,9.85899e-05,0.000100512,9.78987e-05,9.17353e-05,8.43437e-05,7.62583e-05,6.63795e-05,5.5315e-05,4.37159e-05,3.22636e-05,2.16576e-05,1.26025e-05,5.79128e-06,1.88471e-06,1.48626e-06,5.11361e-06,1.31697e-05,2.59176e-05,4.34629e-05,6.57499e-05,9.2572e-05,0.000123601,0.000158431,0.000196637,0.000237836,0.000281754,0.000328281,0.000377522,0.000429824,0.000485798,0.000546342,0.000612654,0.000686297,0.000769312,0.000864461,0.000975672,0.00110864,0.00127023,0.00132493,0.00135258,0.0013506,0.00132041,0.00126805,0.00120379,0.00114054,0.00109133,0.00106616,0.00106912,0.00109689,0.00113944,0.00118288,0.00121377,0.00122345,0.00121085,0.00118287,0.00115208,0.00113257,0.00113538,0.0011649,0.00121745,0.00128248,0.00134584,0.00139416,0.00141845,0.00141594,0.00138924,0.00134372,0.00128521,0.0011331,0.00100699,0.00089972,0.000806116,0.000722656,0.000646825,0.000576764,0.000511108,0.000448907,0.000389597,0.000332962,0.000279093,0.000228332,0.000181195,0.000138287,0.000100216,6.7512e-05,4.05597e-05,1.95506e-05,4.46081e-06,-4.94928e-06,-9.11525e-06,-8.63401e-06,-4.22055e-06,3.33751e-06,1.32224e-05,2.46217e-05,3.67559e-05,4.88963e-05,6.03762e-05,7.05973e-05,7.90324e-05,8.52291e-05,9.0529e-05,9.45048e-05,9.49306e-05,9.1028e-05,8.2912e-05,7.12522e-05,5.71695e-05,4.20213e-05,2.70697e-05,1.30918e-05,0
0,1.07406e-05,2.27438e-05,3.67702e-05,5.21994e-05,6.77426e-05,8.18244e-05,9.2963e-05,0.000100067,0.000102594,0.000100603,9.50543e-05,8.82758e-05,8.07633e-05,7.13313e-05,6.05478e-05,4.90273e-05,3.74201e-05,2.64017e-05,1.6662e-05,8.89005e-06,3.7555e-06,1.88394e-06,3.8291e-06,1.00435e-05,2.08516e-05,3.64306e-05,5.68024e-05,8.18406e-05,0.000111295,0.000144832,0.000182087,0.000222728,0.000266515,0.000313362,0.000363384,0.000416938,0.000474649,0.000537434,0.000606538,0.000683586,0.000770687,0.000870583,0.000986837,0.00112386,0.00128618,0.00135258,0.00139524,0.00141022,0.00139763,0.00136277,0.00131592,0.00127073,0.0012412,0.00123801,0.00126506,0.00131777,0.0013838,0.00144642,0.0014895,0.00150264,0.00148444,0.00144302,0.00139323,0.00135188,0.00133238,0.00134068,0.00137377,0.00142106,0.00146805,0.00150094,0.00151051,0.00149394,0.00145402,0.00139649,0.00132681,0.00117057,0.00103635,0.000920426,0.000819007,0.00072892,0.000647659,0.000573279,0.000504322,0.000439758,0.000378946,0.000321599,0.000267731,0.000217598,0.000171618,0.000130289,9.41039e-05,6.34735e-05,3.86633e-05,1.97522e-05,6.61416e-06,-1.07811e-06,-3.82995e-06,-2.28751e-06,2.80689e-06,1.06607e-05,2.04728e-05,3.14674e-05,4.29183e-05,5.41629e-05,6.46086e-05,7.37331e-05,8.10822e-05,8.62673e-05,9.07408e-05,9.4128e-05,9.41818e-05,9.01125e-05,8.20097e-05,7.04956e-05,5.66287e-05,4.17028e-05,2.69294e-05,1.3058e-05,0
0,1.07218e-05,2.26337e-05,3.66337e-05,5.21417e-05,6.78993e-05,8.23418e-05,9.39759e-05,0.000101677,0.000104859,0.000103531,9.86175e-05,9.24494e-05,8.54792e-05,7.64347e-05,6.58422e-05,5.42783e-05,4.23615e-05,3.07442e-05,2.0103e-05,1.11263e-05,4.49612e-06,8.65378e-07,8.29812e-07,4.89806e-06,1.34632e-05,2.67802e-05,4.49542e-05,6.79429e-05,9.55758e-05,0.000127588,0.000163672,0.000203532,0.000246947,0.00029383,0.000344278,0.000398615,0.000457423,0.000521568,0.000592235,0.000670966,0.000759734,0.000861033,0.000977977,0.00111432,0.00127437,0.0013506,0.00141022,0.00144801,0.00146264,0.00145824,0.00144448,0.00143488,0.00144343,0.0014804,0.00154858,0.00164137,0.00174359,0.00183516,0.00189671,0.00191545,0.00188921,0.00182714,0.00174674,0.00166815,0.00160816,0.00157564,0.00156984,0.00158182,0.00159812,0.00160535,0.00159401,0.00156027,0.0015056,0.00143453,0.00135176,0.00119043,0.00105021,0.000928037,0.000820729,0.000725445,0.000639804,0.000561895,0.000490253,0.000423827,0.000361949,0.000304291,0.000250814,0.000201702,0.000157285,0.000117959,8.41021e-05,5.60016e-05,3.37991e-05,1.74535e-05,6.72803e-06,1.1987e-06,2.81546e-07,3.27268e-06,9.39484e-06,1.7844e-05,2.7831e-05,3.86136e-05,4.95177e-05,5.99484e-05,6.93902e-05,7.74028e-05,8.36119e-05,8.77017e-05,9.12428e-05,9.39238e-05,9.34912e-05,8.91559e-05,8.09921e-05,6.95799e-05,5.59168e-05,4.12299e-05,2.66735e-05,1.29621e-05,0
0,1.06792e-05,2.24906e-05,3.64651e-05,5.20652e-05,6.80617e-05,8.28979e-05,9.50639e-05,0.000103398,0.000107262,0.000106614,0.000102338,9.67619e-05,9.02932e-05,8.15733e-05,7.10856e-05,5.93684e-05,4.70088e-05,3.46366e-05,2.29169e-05,1.25394e-05,4.20173e-06,-1.41254e-06,-3.66165e-06,-1.97653e-06,4.10858e-06,1.49304e-05,3.06804e-05,5.14018e-05,7.70027e-05,0.000107285,0.00014199,0.000180849,0.000223645,0.000270271,0.000320779,0.000375427,0.000434709,0.000499382,0.000570491,0.000649394,0.000737805,0.000837851,0.000952138,0.00108385,0.00123693,0.00132041,0.00139763,0.00146264,0.00151304,0.0015519,0.00158795,0.0016338,0.00170231,0.00180216,0.00193398,0.00208824,0.00224597,0.00238249,0.00247346,0.00250188,0.00246367,0.00236921,0.00223981,0.00210084,0.00197457,0.00187493,0.00180556,0.00176109,0.00173047,0.00170124,0.00166309,0.0016099,0.00154013,0.00145579,0.00136073,0.00119441,0.00104952,0.0009228,0.00081122,0.000712111,0.000623209,0.000542672,0.00046908,0.000401405,0.000338986,0.000281483,0.000228824,0.000181139,0.000138682,0.000101751,7.06138e-05,4.54356e-05,2.62327e-05,1.28413e-05,4.90968e-06,1.91236e-06,3.18145e-06,7.94974e-06,1.53995e-05,2.47101e-05,3.50998e-05,4.58562e-05,5.63558e-05,6.60703e-05,7.45632e-05,8.14789e-05,8.65282e-05,8.94741e-05,9.20102e-05,9.38975e-05,9.28883e-05,8.8205e-05,7.99149e-05,6.85622e-05,5.50855e-05,4.0644e-05,2.63302e-05,1.28182e-05,0
0,1.06209e-05,2.23304e-05,3.62846e-05,5.19889e-05,6.82417e-05,8.34913e-05,9.62076e-05,0.000105188,0.000109742,0.00010977,0.000106118,0.000101104,9.509e-05,8.66335e-05,7.61745e-05,6.42133e-05,5.13062e-05,3.80616e-05,2.51344e-05,1.32171e-05,3.02453e-06,-4.72702e-06,-9.34787e-06,-1.02068e-05,-6.76362e-06,1.40113e-06,1.45656e-05,3.28578e-05,5.62627e-05,8.46454e-05,0.000117789,0.000155446,0.000197391,0.000243483,0.000293711,0.000348244,0.000407462,0.000471975,0.000542644,0.00062059,0.000707206,0.000804185,0.000913551,0.00103775,0.00117989,0.00126805,0.00136277,0.00145824,0.0015519,0.00164634,0.00174944,0.00187242,0.00202625,0.00221725,0.00244315,0.00269069,0.00293551,0.00314525,0.0032861,0.00333219,0.00327506,0.00312757,0.00291887,0.00268417,0.00245508,0.00225351,0.00208968,0.00196325,0.00186647,0.00178786,0.00171555,0.00163981,0.0015546,0.00145832,0.00135368,0.00118337,0.00103511,0.000905327,0.000790937,0.000689323,0.000598297,0.000516097,0.000441365,0.000373123,0.000310744,0.000253899,0.000202501,0.000156641,0.000116509,8.23153e-05,5.42216e-05,3.22773e-05,1.6376e-05,6.23227e-06,1.38005e-06,1.19171e-06,4.91367e-06,1.17129e-05,2.07281e-05,3.11184e-05,4.21055e-05,5.30036e-05,6.32365e-05,7.23407e-05,7.99577e-05,8.58177e-05,8.97187e-05,9.15064e-05,9.29993e-05,9.40367e-05,9.23873e-05,8.72938e-05,7.88243e-05,6.74928e-05,5.41823e-05,3.99839e-05,2.59265e-05,1.26398e-05,0
0,1.05532e-05,2.21647e-05,3.61055e-05,5.19226e-05,6.84397e-05,8.41075e-05,9.73741e-05,0.000106995,0.000112225,0.000112909,0.000109853,0.000105363,9.97564e-05,9.15083e-05,8.10169e-05,6.87457e-05,5.52213e-05,4.10315e-05,2.68221e-05,1.32893e-05,1.16575e-06,-8.79939e-06,-1.58687e-05,-1.93492e-05,-1.86277e-05,-1.3203e-05,-2.71262e-06,1.3054e-05,3.41553e-05,6.05154e-05,9.19563e-05,0.000128243,0.000169139,0.000214459,0.000264123,0.000318203,0.000376951,0.000440824,0.000510492,0.000586832,0.000670919,0.000764011,0.00086754,0.000983117,0.00111262,0.00120379,0.00131592,0.00144448,0.00158795,0.00174944,0.00193656,0.0021595,0.00242769,0.00274565,0.00310892,0.00350039,0.00388785,0.0042247,0.00445663,0.00453683,0.00444631,0.00420555,0.00386299,0.00347459,0.00308847,0.00273792,0.00244073,0.00220156,0.0020154,0.00187097,0.00175394,0.00164995,0.00154761,0.00144104,0.00133128,0.00115838,0.00100815,0.00087672,0.000760895,0.000658043,0.000566019,0.000483129,0.000408087,0.000339983,0.000278238,0.000222551,0.00017284,0.000129167,9.16705e-05,6.04837e-05,3.56719e-05,1.71754e-05,4.77184e-06,-1.94005e-06,-3.53645e-06,-7.44023e-07,5.59984e-06,1.45968e-05,2.53411e-05,3.69697e-05,4.87051e-05,5.98843e-05,6.99747e-05,7.85745e-05,8.54005e-05,9.0267e-05,9.3059e-05,9.37061e-05,9.41507e-05,9.43136e-05,9.1988e-05,8.64438e-05,7.7756e-05,6.64139e-05,5.32485e-05,3.92845e-05,2.54872e-05,1.24396e-05,0
0,1.04809e-05,2.20013e-05,3.59347e-05,5.18671e-05,6.86453e-05,8.47207e-05,9.85189e-05,0.000108754,0.000114629,0.000115935,0.000113437,0.00010943,0.000104184,9.60999e-05,8.55345e-05,7.29162e-05,5.87432e-05,4.35842e-05,2.80766e-05,1.29202e-05,-1.135e-06,-1.33084e-05,-2.28167e-05,-2.89084e-05,-3.09001e-05,-2.82134e-05,-2.04052e-05,-7.18697e-06,1.15693e-05,3.58427e-05,6.54905e-05,0.000100289,0.000139987,0.000184356,0.000233248,0.000286642,0.000344673,0.000407662,0.000476111,0.000550701,0.000632258,0.000721705,0.00082,0.000928037,0.00104654,0.00114054,0.00127073,0.00143488,0.0016338,0.00187242,0.0021595,0.00250601,0.00292237,0.00341493,0.00398111,0.00460263,0.00523702,0.00581079,0.00622338,0.00637447,0.00621656,0.00579519,0.00521022,0.0045639,0.00393347,0.00336622,0.00288505,0.00249571,0.00219243,0.0019617,0.00178534,0.00164389,0.00152046,0.00140476,0.00129567,0.00112145,0.000970548,0.000838773,0.000722772,0.000619851,0.000527882,0.000445223,0.000370662,0.000303363,0.000242808,0.000188736,0.000141079,9.98859e-05,6.52526e-05,3.72474e-05,1.58497e-05,9.00731e-07,-7.92803e-06,-1.11451e-05,-9.42877e-06,-3.59837e-06,5.42991e-06,1.66957e-05,2.92501e-05,4.22077e-05,5.47895e-05,6.63525e-05,7.64034e-05,8.45975e-05,9.07227e-05,9.46735e-05,9.64193e-05,9.59722e-05,9.53943e-05,9.46886e-05,9.1678e-05,8.56647e-05,7.67351e-05,6.53586e-05,5.23184e-05,3.85759e-05,2.50337e-05,1.22288e-05,0
0,1.04066e-05,2.18436e-05,3.57726e-05,5.18154e-05,6.88393e-05,8.52959e-05,9.95894e-05,0.000110396,0.000116868,0.00011875,0.000116765,0.000113196,0.000108272,0.000100321,8.96621e-05,7.6691e-05,6.18795e-05,4.57784e-05,2.90167e-05,1.22977e-05,-3.61297e-06,-1.79059e-05,-2.97561e-05,-3.83579e-05,-4.29636e-05,-4.29236e-05,-3.77202e-05,-2.69929e-05,-1.05492e-05,1.16411e-05,3.94684e-05,7.27206e-05,0.000111132,0.00015444,0.000202438,0.000255024,0.000312246,0.000374321,0.000441647,0.000514794,0.00059447,0.000681466,0.000776549,0.000880311,0.000992899,0.00109133,0.0012412,0.00144343,0.00170231,0.00202625,0.00242769,0.00292237,0.00352809,0.00426225,0.00513589,0.00614097,0.0072279,0.00827686,0.00908251,0.00939761,0.00908242,0.00827136,0.00720892,0.00610186,0.00507534,0.00418679,0.00345226,0.00286649,0.00241386,0.00207308,0.00181964,0.00162848,0.00147777,0.00135313,0.00125068,0.00107586,0.000925206,0.000794113,0.00067897,0.000576967,0.000485951,0.000404317,0.000330919,0.000264993,0.000206089,0.000153994,0.000108661,7.01364e-05,3.84839e-05,1.37173e-05,-4.2577e-06,-1.56872e-05,-2.0994e-05,-2.07823e-05,-1.58222e-05,-7.01635e-06,4.64777e-06,1.81532e-05,3.25113e-05,4.68153e-05,6.02839e-05,7.22906e-05,8.23776e-05,9.02516e-05,9.57657e-05,9.8889e-05,9.96703e-05,9.81999e-05,9.66531e-05,9.51127e-05,9.14347e-05,8.49556e-05,7.57766e-05,6.43511e-05,5.14189e-05,3.78823e-05,2.45842e-05,1.20169e-05,0
0,1.03318e-05,2.16919e-05,3.5615e-05,5.17543e-05,6.8996e-05,8.57918e-05,0.000100528,0.000111846,0.000118856,0.000121257,0.000119736,0.000116564,0.000111929,0.000104095,9.3347e-05,8.00499e-05,6.46515e-05,4.76857e-05,2.97737e-05,1.1621e-05,-5.99351e-06,-2.22357e-05,-3.62441e-05,-4.71654e-05,-5.41953e-05,-5.66205e-05,-5.38571e-05,-4.54796e-05,-3.12371e-05,-1.10523e-05,1.49965e-05,4.67101e-05,8.38157e-05,0.000126023,0.000173083,0.000224841,0.000281287,0.000342588,0.000409114,0.000481438,0.000560328,0.00064671,0.000741587,0.000845899,0.000960252,0.00106616,0.00123801,0.0014804,0.00180216,0.00221725,0.00274565,0.00341493,0.00426225,0.00533529,0.00668717,0.00835622,0.0103171,0.0123926,0.0141489,0.0149053,0.0141588,0.0124042,0.0103174,0.00833301,0.00663403,0.00525536,0.00416876,0.00332881,0.00269094,0.00221536,0.00186643,0.00161242,0.00142709,0.00129256,0.00120173,0.00102607,0.000875982,0.000746159,0.000632567,0.000532182,0.000442778,0.000362756,0.000291022,0.000226879,0.000169942,0.000120045,7.71719e-05,4.13696e-05,1.268e-05,-8.92707e-06,-2.36081e-05,-3.16833e-05,-3.36565e-05,-3.02145e-05,-2.22067e-05,-1.06079e-05,3.53247e-06,1.91481e-05,3.52156e-05,5.08089e-05,6.5144e-05,7.7609e-05,8.77763e-05,9.53982e-05,0.000100386,0.000102775,0.000102688,0.000100286,9.7848e-05,9.55321e-05,9.1228e-05,8.43071e-05,7.48866e-05,6.34072e-05,5.05699e-05,3.72226e-05,2.4153e-05,1.18115e-05,0
0,1.02565e-05,2.15437e-05,3.54536e-05,5.16668e-05,6.90859e-05,8.61648e-05,0.000101275,0.000113032,0.000120509,0.000123365,0.000122257,0.000119442,0.000115073,0.000107356,9.65469e-05,8.29822e-05,6.70882e-05,4.93833e-05,3.04811e-05,1.10874e-05,-8.00871e-06,-2.59532e-05,-4.18545e-05,-5.48198e-05,-6.39971e-05,-6.86191e-05,-6.80448e-05,-6.17927e-05,-4.95603e-05,-3.1228e-05,-6.84398e-06,2.34073e-05,5.92527e-05,0.000100387,0.000146536,0.000197519,0.000253305,0.000314066,0.000380219,0.000452461,0.000531802,0.000619587,0.000717511,0.000827607,0.000952179,0.00106912,0.00126506,0.00154858,0.00193398,0.00244315,0.00310892,0.00398111,0.00513589,0.00668717,0.00879321,0.011641,0.0153667,0.019834,0.0241865,0.0263875,0.024209,0.0198688,0.0153971,0.0116497,0.00876848,0.00662689,0.00504858,0.00388397,0.00302373,0.00239122,0.00193156,0.00160382,0.00137739,0.00123134,0.0011549,0.000977238,0.000827386,0.000698901,0.000587119,0.000488689,0.000401242,0.00032315,0.000253346,0.000191187,0.000136342,8.86933e-05,4.82509e-05,1.50688e-05,-1.08267e-05,-2.95008e-05,-4.11601e-05,-4.61859e-05,-4.51492e-05,-3.88051e-05,-2.80687e-05,-1.39746e-05,2.37643e-06,1.98772e-05,3.74752e-05,5.42287e-05,6.93513e-05,8.2243e-05,9.2502e-05,9.99196e-05,0.000104457,0.000106208,0.000105358,0.000102132,9.89012e-05,9.58909e-05,9.10237e-05,8.37037e-05,7.40645e-05,6.25361e-05,4.97853e-05,3.6611e-05,2.37512e-05,1.16187e-05,0
0,1.01798e-05,2.13949e-05,3.52787e-05,5.15339e-05,6.90788e-05,8.63716e-05,0.000101776,0.000113887,0.00012175,0.000124992,0.000124244,0.00012175,0.000117632,0.000110049,9.92277e-05,8.54826e-05,6.92202e-05,5.09452e-05,3.12629e-05,1.08779e-05,-9.41431e-06,-2.87454e-05,-4.62013e-05,-6.08587e-05,-7.18277e-05,-7.82981e-05,-7.95828e-05,-7.51534e-05,-6.46642e-05,-4.79584e-05,-2.50566e-05,3.87412e-06,3.85664e-05,7.87122e-05,0.00012403,0.000174335,0.000229609,0.000290074,0.000356257,0.000429071,0.000509907,0.000600754,0.000704362,0.000824474,0.000966144,0.00109689,0.00131777,0.00164137,0.00208824,0.00269069,0.00350039,0.00460263,0.00614097,0.00835622,0.011641,0.0165953,0.0240066,0.0344701,0.0468899,0.0549901,0.0469265,0.0345317,0.0240739,0.0166471,0.0116602,0.00833432,0.00607936,0.00451159,0.00339623,0.00259234,0.00201424,0.00160771,0.00133689,0.00117785,0.0011159,0.000934535,0.000784053,0.00065649,0.000546339,0.000449807,0.000364317,0.000288169,0.000220295,0.000160084,0.000107246,6.17033e-05,2.34868e-05,-7.34214e-06,-3.07684e-05,-4.6884e-05,-5.59349e-05,-5.83507e-05,-5.47553e-05,-4.59576e-05,-3.29247e-05,-1.67378e-05,1.46211e-06,2.05362e-05,3.94096e-05,5.71281e-05,7.29043e-05,8.6148e-05,9.64786e-05,0.000103719,0.000107871,0.000109079,0.000107578,0.000103649,9.97402e-05,9.61352e-05,9.07861e-05,8.31267e-05,7.33048e-05,6.17415e-05,4.90737e-05,3.60574e-05,2.33871e-05,1.14432e-05,0
0,1.01006e-05,2.12409e-05,3.50799e-05,5.13378e-05,6.89469e-05,8.63735e-05,0.00010198,0.00011435,0.000122511,0.000126066,0.000125625,0.00012342,0.000119547,0.000112126,0.000101361,8.75469e-05,7.1074e-05,5.2434e-05,3.22237e-05,1.11446e-05,-1.00057e-05,-3.03508e-05,-4.89618e-05,-6.48947e-05,-7.72331e-05,-8.51353e-05,-8.78794e-05,-8.49015e-05,-7.58214e-05,-6.04515e-05,-3.87873e-05,-1.09779e-05,2.27205e-05,6.20066e-05,0.000106605,0.000156346,0.000211246,0.000271601,0.000338082,0.000411859,0.000494764,0.000589519,0.000700083,0.000832175,0.000994087,0.00113944,0.0013838,0.00174359,0.00224597,0.00293551,0.00388785,0.00523702,0.0072279,0.0103171,0.0153667,0.0240066,0.0392098,0.0656017,0.1062,0.143886,0.10625,0.06569,0.039315,0.0241043,0.0154351,0.0103411,0.00720122,0.00516195,0.00377405,0.00279853,0.0021061,0.00162454,0.00131122,0.00113887,0.00108899,0.000902311,0.00075014,0.000622758,0.000513696,0.000418649,0.000334787,0.000260301,0.000194093,0.00013556,8.44383e-05,4.06696e-05,4.30248e-06,-2.45984e-05,-4.60268e-05,-6.0095e-05,-6.70788e-05,-6.74438e-05,-6.1853e-05,-5.11551e-05,-3.63546e-05,-1.85667e-05,1.039e-06,2.13013e-05,4.11296e-05,5.9562e-05,7.58108e-05,8.92939e-05,9.96473e-05,0.000106719,0.000110541,0.000111297,0.000109262,0.00010476,0.000100301,9.62159e-05,9.04819e-05,8.25568e-05,7.26e-05,6.10243e-05,4.84407e-05,3.55688e-05,2.30665e-05,1.12884e-05,0
0,1.00176e-05,2.10774e-05,3.48486e-05,5.10632e-05,6.86672e-05,8.61387e-05,0.000101847,0.000114374,0.000122739,0.00012653,0.000126341,0.000124395,0.000120767,0.000113547,0.000102921,8.91683e-05,7.26659e-05,5.38935e-05,3.34392e-05,1.19989e-05,-9.63215e-06,-3.05753e-05,-4.98959e-05,-6.6639e-05,-7.98731e-05,-8.87374e-05,-9.24877e-05,-9.05356e-05,-8.24762e-05,-6.80984e-05,-4.73766e-05,-2.04424e-05,1.24629e-05,5.10508e-05,9.50613e-05,0.000144348,0.000198971,0.000259304,0.000326156,0.000400934,0.000485863,0.000584323,0.000701348,0.000844432,0.0010248,0.00118288,0.00144642,0.00183516,0.00238249,0.00314525,0.0042247,0.00581079,0.00827686,0.0123926,0.019834,0.0344701,0.0656017,0.134946,0.281666,0.49376,0.281728,0.135056,0.0657386,0.0346064,0.0199441,0.0124562,0.0082814,0.00575191,0.00410651,0.00298049,0.00219273,0.00165024,0.00130245,0.00111844,0.00107635,0.000883538,0.000728798,0.000600753,0.000492014,0.000397777,0.000314952,0.000241601,0.000176573,0.00011925,6.93707e-05,2.68839e-05,-8.15696e-06,-3.56886e-05,-5.57132e-05,-6.83586e-05,-7.39212e-05,-7.2891e-05,-6.59572e-05,-5.39943e-05,-3.80307e-05,-1.92026e-05,1.30293e-06,2.23116e-05,4.27246e-05,6.15758e-05,7.80792e-05,9.16592e-05,0.000101964,0.000108858,0.000112397,0.000112789,0.00011034,0.000105403,0.000100531,9.60922e-05,9.00823e-05,8.19769e-05,7.19426e-05,6.03839e-05,4.78897e-05,3.51501e-05,2.2794e-05,1.11568e-05,0
0,9.93016e-06,2.09016e-05,3.45787e-05,5.06996e-05,6.82239e-05,8.56456e-05,0.000101348,0.000113925,0.000122395,0.000126341,0.000126349,0.000124634,0.000121254,0.000114279,0.000103883,9.03348e-05,7.39983e-05,5.53435e-05,3.49491e-05,1.35026e-05,-8.20696e-06,-2.93058e-05,-4.88616e-05,-6.59188e-05,-7.95424e-05,-8.88648e-05,-9.3132e-05,-9.17431e-05,-8.42786e-05,-7.05116e-05,-5.04006e-05,-2.4061e-05,8.28137e-06,4.63546e-05,8.99176e-05,0.000138849,0.000193249,0.000253548,0.000320653,0.000396129,0.000482458,0.000583434,0.000704769,0.000855069,0.0010474,0.00121377,0.0014895,0.00189671,0.00247346,0.0032861,0.00445663,0.00622338,0.00908251,0.0141489,0.0241865,0.0468899,0.1062,0.281666,0.823776,2.18928,0.823845,0.281791,0.106356,0.0470484,0.0243198,0.0142339,0.00910326,0.0061724,0.0043355,0.00310644,0.00225779,0.00167819,0.00130959,0.00111766,0.00107816,0.000879563,0.000721838,0.000592393,0.000483151,0.000388918,0.000306381,0.000233479,0.000168993,0.000112273,6.3036e-05,2.12237e-05,-1.31186e-05,-3.99348e-05,-5.92364e-05,-7.11621e-05,-7.60212e-05,-7.43172e-05,-6.67525e-05,-5.42142e-05,-3.77414e-05,-1.84791e-05,2.3795e-06,2.36561e-05,4.42501e-05,6.31963e-05,7.97115e-05,9.32254e-05,0.000103394,0.000110092,0.000113388,0.000113503,0.000110761,0.000105529,0.00010039,9.57332e-05,8.95659e-05,8.13743e-05,7.1327e-05,5.98199e-05,4.74236e-05,3.48051e-05,2.25729e-05,1.10503e-05,0
0,9.83791e-06,2.07122e-05,3.42674e-05,5.02427e-05,6.761e-05,8.48839e-05,0.000100471,0.000112985,0.000121457,0.000125476,0.000125623,0.000124108,0.000120979,0.000114296,0.000104225,9.10272e-05,7.50575e-05,5.67765e-05,3.67528e-05,1.56632e-05,-5.71438e-06,-2.65174e-05,-4.58239e-05,-6.26881e-05,-7.61828e-05,-8.54458e-05,-8.97255e-05,-8.84202e-05,-8.11061e-05,-6.75489e-05,-4.76964e-05,-2.16509e-05,1.03772e-05,4.81334e-05,9.13959e-05,0.000140065,0.000194264,0.000254453,0.000321573,0.00039723,0.000483961,0.000585637,0.000708078,0.000860052,0.00105488,0.00122345,0.00150264,0.00191545,0.00250188,0.00333219,0.00453683,0.00637447,0.00939761,0.0149053,0.0263875,0.0549901,0.143886,0.49376,2.18928,11.8168,2.18934,0.493886,0.144043,0.0551483,0.0265188,0.0149866,0.00941373,0.00631901,0.00441264,0.00315193,0.00228857,0.00170208,0.00132986,0.00113523,0.00109308,0.0008902,0.000729628,0.000598293,0.000487809,0.000392776,0.000309742,0.000236549,0.00017191,0.000115123,6.58729e-05,2.40735e-05,-1.02476e-05,-3.70477e-05,-5.6348e-05,-6.82942e-05,-7.32003e-05,-7.15728e-05,-6.41153e-05,-5.17142e-05,-3.54069e-05,-1.63349e-05,4.31304e-06,2.53634e-05,4.57209e-05,6.44255e-05,8.06986e-05,9.39743e-05,0.000103912,0.000110389,0.000113479,0.000113404,0.00011049,0.00010511,9.98546e-05,9.51205e-05,8.89203e-05,8.0742e-05,7.07511e-05,5.93335e-05,4.7045e-05,3.4537e-05,2.24057e-05,1.09704e-05,0
0,9.7413e-06,2.05099e-05,3.3916e-05,4.96943e-05,6.68279e-05,8.3856e-05,9.9217e-05,0.000111554,0.000119924,0.000123928,0.000124154,0.000122806,0.000119928,0.000113579,0.000103925,9.12192e-05,7.58128e-05,5.81568e-05,3.88087e-05,1.8432e-05,-2.21108e-06,-2.22753e-05,-4.08575e-05,-5.7031e-05,-6.98873e-05,-7.85811e-05,-8.2375e-05,-8.06777e-05,-7.30713e-05,-5.93217e-05,-3.93718e-05,-1.33139e-05,1.8656e-05,5.63008e-05,9.9417e-05,0.000147921,0.000201945,0.000261943,0.000328824,0.000404118,0.000490211,0.000590696,0.000710918,0.000858827,0.00104637,0.00121085,0.00148444,0.00188921,0.00246367,0.00327506,0.00444631,0.00621656,0.00908242,0.0141588,0.024209,0.0469265,0.10625,0.281728,0.823845,2.18934,0.823908,0.281841,0.106388,0.0470608,0.0243128,0.0142122,0.00907464,0.00614612,0.0043205,0.00310926,0.00228076,0.00171864,0.00136024,0.00116845,0.00111903,0.000914048,0.000751205,0.000617772,0.000505491,0.000408978,0.000324746,0.000250578,0.000185125,0.00012763,7.77267e-05,3.52917e-05,3.24663e-07,-2.71497e-05,-4.71618e-05,-5.98598e-05,-6.55545e-05,-6.47444e-05,-5.81223e-05,-4.65616e-05,-3.10849e-05,-1.28189e-05,7.06229e-06,2.73989e-05,4.71077e-05,6.52382e-05,8.10184e-05,9.38855e-05,0.000103499,0.000109733,0.000112653,0.000112475,0.000109515,0.000104135,9.89154e-05,9.42483e-05,8.81426e-05,8.008e-05,7.02165e-05,5.89274e-05,4.6757e-05,3.43483e-05,2.22943e-05,1.0918e-05,0
0,9.64134e-06,2.02972e-05,3.35295e-05,4.90625e-05,6.58893e-05,8.25769e-05,9.76026e-05,0.00010965,0.000117812,0.000121714,0.000121952,0.000120733,0.000118099,0.000112119,0.000102961,9.08791e-05,7.62185e-05,5.94223e-05,4.1036e-05,2.17068e-05,2.17698e-06,-1.67316e-05,-3.41422e-05,-4.91561e-05,-6.08936e-05,-6.8537e-05,-7.13739e-05,-6.88338e-05,-6.05134e-05,-4.61867e-05,-2.57967e-05,5.7167e-07,3.27362e-05,7.04777e-05,0.000113612,0.000162067,0.000215976,0.000275761,0.000342253,0.000416813,0.00050152,0.00059943,0.000714964,0.000854523,0.00102745,0.00118287,0.00144302,0.00182714,0.00236921,0.00312757,0.00420555,0.00579519,0.00827136,0.0124042,0.0198688,0.0345317,0.06569,0.135056,0.281791,0.493886,0.281841,0.135144,0.0657927,0.0346229,0.0199261,0.0124136,0.00822892,0.00570648,0.00408375,0.00299116,0.00223999,0.00172849,0.00139827,0.00121391,0.00115371,0.000948855,0.000784511,0.000649013,0.000534614,0.000436151,0.000350196,0.000274519,0.000207718,0.000148976,9.78686e-05,5.4226e-05,1.80138e-05,-1.07635e-05,-3.2144e-05,-4.62723e-05,-5.34469e-05,-5.4148e-05,-4.90452e-05,-3.89861e-05,-2.49667e-05,-8.08736e-06,1.05028e-05,2.96664e-05,4.83386e-05,6.55829e-05,8.06361e-05,9.2938e-05,0.000102144,0.000108119,0.000110913,0.000110723,0.000107843,0.000102611,9.75807e-05,9.31244e-05,8.72401e-05,7.93945e-05,6.97287e-05,5.86056e-05,4.65624e-05,3.42408e-05,2.22394e-05,1.08933e-05,0
0,9.53935e-06,2.00778e-05,3.31156e-05,4.83608e-05,6.48142e-05,8.10732e-05,9.56603e-05,0.00010731,0.000115159,0.000118866,0.000119048,0.000117911,0.000115505,0.000109915,0.000101319,8.99721e-05,7.6217e-05,6.0489e-05,4.33199e-05,2.53383e-05,7.26222e-06,-1.01157e-05,-2.59519e-05,-3.9384e-05,-4.95698e-05,-5.57289e-05,-5.71836e-05,-5.33929e-05,-4.39764e-05,-2.87223e-05,-7.5779e-06,1.93771e-05,5.19748e-05,9.00166e-05,0.00013334,0.000181891,0.000235799,0.000295455,0.000361589,0.000435364,0.000518488,0.000613365,0.000723313,0.000852889,0.00100836,0.00115208,0.00139323,0.00174674,0.00223981,0.00291887,0.00386299,0.00521022,0.00720892,0.0103174,0.0153971,0.0240739,0.039315,0.0657386,0.106356,0.144043,0.106388,0.0657927,0.0393712,0.0241115,0.0154004,0.0102797,0.00713366,0.00510978,0.00375561,0.00282505,0.00217906,0.00173513,0.00144205,0.00126791,0.0011949,0.000991812,0.000826679,0.000689314,0.000572726,0.000472101,0.000384145,0.000306641,0.000238148,0.000177786,0.000125069,7.97761e-05,4.18354e-05,1.12322e-05,-1.2075e-05,-2.82204e-05,-3.74808e-05,-4.03062e-05,-3.7331e-05,-2.93645e-05,-1.73642e-05,-2.39246e-06,1.44362e-05,3.20151e-05,4.93047e-05,6.53868e-05,7.95088e-05,9.11124e-05,9.98464e-05,0.00010556,0.00010828,0.000108174,0.000105501,0.000100566,9.58745e-05,9.17693e-05,8.62291e-05,7.86976e-05,6.92955e-05,5.83726e-05,4.64629e-05,3.42144e-05,2.22404e-05,1.08958e-05,0
0,9.43671e-06,1.98562e-05,3.26842e-05,4.76067e-05,6.36295e-05,7.93812e-05,9.34347e-05,0.000104582,0.000112017,0.00011544,0.000115491,0.000114381,0.000112173,0.00010698,9.899e-05,8.84641e-05,7.57438e-05,6.12565e-05,4.55195e-05,2.91396e-05,1.28068e-05,-2.72054e-06,-1.66383e-05,-2.81277e-05,-3.63919e-05,-4.06958e-05,-4.04044e-05,-3.50142e-05,-2.4174e-05,-7.69112e-06,1.44793e-05,4.22624e-05,7.55064e-05,0.000114038,0.000157723,0.000206536,0.000260617,0.000320339,0.000386356,0.00045966,0.000541628,0.000634083,0.000739352,0.000860344,0.00100062,0.00113257,0.00135188,0.00166815,0.00210084,0.00268417,0.00347459,0.0045639,0.00610186,0.00833301,0.0116497,0.0166471,0.0241043,0.0346064,0.0470484,0.0551483,0.0470608,0.0346229,0.0241115,0.0166322,0.0116048,0.00825891,0.00600807,0.00446708,0.00339512,0.00264222,0.00211252,0.00174246,0.00148937,0.00132637,0.00124025,0.00103973,0.000874324,0.000735404,0.000616793,0.000514075,0.000424114,0.00034472,0.000274419,0.000212267,0.000157717,0.000110493,7.04895e-05,3.76751e-05,1.20111e-05,-6.61761e-06,-1.84556e-05,-2.39114e-05,-2.35714e-05,-1.81946e-05,-8.6877e-06,3.9354e-06,1.86048e-05,3.42526e-05,4.98705e-05,6.45633e-05,7.75907e-05,8.83963e-05,9.66188e-05,0.000102086,0.000104795,0.000104873,0.000102537,9.80426e-05,9.38361e-05,9.0215e-05,8.51335e-05,7.80052e-05,6.89257e-05,5.82316e-05,4.64579e-05,3.42665e-05,2.22943e-05,1.09235e-05,0
0,9.33444e-06,1.96364e-05,3.22454e-05,4.68193e-05,6.23657e-05,7.75441e-05,9.0981e-05,0.000101534,0.000108457,0.000111505,0.000111348,0.000110203,0.000108151,0.00010334,9.59757e-05,8.6326e-05,7.47329e-05,6.16159e-05,4.74764e-05,3.28973e-05,1.85367e-05,5.11421e-06,-6.61101e-06,-1.58695e-05,-2.19165e-05,-2.40689e-05,-2.17409e-05,-1.44724e-05,-1.94664e-06,1.6006e-05,3.94208e-05,6.82278e-05,0.000102294,0.000141477,0.000185684,0.00023493,0.000289391,0.000349456,0.000415757,0.000489194,0.000570947,0.000662468,0.000765445,0.000881735,0.0010132,0.00113538,0.00133238,0.00160816,0.00197457,0.00245508,0.00308847,0.00393347,0.00507534,0.00663403,0.00876848,0.0116602,0.0154351,0.0199441,0.0243198,0.0265188,0.0243128,0.0199261,0.0154004,0.0116048,0.00869291,0.00654502,0.00498559,0.00385995,0.0030498,0.00246829,0.00205152,0.00175229,0.00153701,0.00138475,0.00128703,0.00108913,0.000923803,0.00078375,0.000663519,0.000559051,0.000467354,0.000386266,0.000314274,0.000250376,0.00019396,0.000144703,0.000102466,6.72089e-05,3.89035e-05,1.74634e-05,2.68737e-06,-5.7795e-06,-8.46394e-06,-6.06233e-06,5.80802e-07,1.05104e-05,2.27105e-05,3.61593e-05,4.98862e-05,6.30223e-05,7.48419e-05,8.47895e-05,9.24914e-05,9.77499e-05,0.000100523,0.000100892,9.90192e-05,9.51049e-05,9.15184e-05,8.85029e-05,8.39824e-05,7.73348e-05,6.86268e-05,5.81826e-05,4.65426e-05,3.43905e-05,2.23951e-05,1.0973e-05,0
0,9.23275e-06,1.94214e-05,3.18081e-05,4.60178e-05,6.10552e-05,7.56092e-05,8.83611e-05,9.8237e-05,0.000104562,0.000107148,0.000106704,0.000105452,0.000103499,9.90378e-05,9.22907e-05,8.3538e-05,7.31229e-05,6.14573e-05,4.90256e-05,3.63844e-05,2.41572e-05,1.30208e-05,3.68522e-06,-3.13448e-06,-6.75052e-06,-6.53707e-06,-1.96235e-06,7.38593e-06,2.17861e-05,4.13821e-05,6.61985e-05,9.61705e-05,0.000131187,0.000171144,0.000215999,0.000265825,0.000320865,0.000381565,0.000448603,0.000522898,0.000605607,0.000698095,0.000801882,0.000918545,0.00104955,0.0011649,0.00134068,0.00157564,0.00187493,0.00225351,0.00273792,0.00336622,0.00418679,0.00525536,0.00662689,0.00833432,0.0103411,0.0124562,0.0142339,0.0149866,0.0142122,0.0124136,0.0102797,0.00825891,0.00654502,0.00517736,0.00412494,0.00333378,0.0027481,0.00231783,0.00200075,0.0017631,0.00158036,0.00143802,0.00133194,0.00113638,0.000971475,0.000830867,0.000709643,0.000604017,0.000511103,0.000428748,0.000355398,0.000289993,0.000231862,0.000180638,0.000136159,9.83811e-05,6.72979e-05,4.2862e-05,2.49265e-05,1.32015e-05,7.23193e-06,6.39504e-06,9.91898e-06,1.69174e-05,2.64361e-05,3.75068e-05,4.92014e-05,6.06811e-05,7.12356e-05,8.03103e-05,8.7516e-05,9.26248e-05,9.5551e-05,9.63208e-05,9.5035e-05,9.183e-05,8.89856e-05,8.66813e-05,8.28079e-05,7.67032e-05,6.84028e-05,5.82201e-05,4.67066e-05,3.45748e-05,2.25332e-05,1.10389e-05,0
0,9.13075e-06,1.92118e-05,3.13785e-05,4.52183e-05,5.97286e-05,7.36238e-05,8.56397e-05,9.47733e-05,0.000100424,0.000102468,0.000101657,0.000100222,9.82986e-05,9.4131e-05,8.79649e-05,8.00937e-05,7.08633e-05,6.06783e-05,5.00053e-05,3.93733e-05,2.93687e-05,2.06227e-05,1.37926e-05,9.53575e-06,8.47926e-06,1.11882e-05,1.81368e-05,2.96864e-05,4.60745e-05,6.74172e-05,9.37272e-05,0.000124945,0.000160985,0.000201784,0.000247358,0.000297857,0.000353611,0.000415166,0.000483311,0.000559089,0.000643799,0.000738988,0.000846434,0.000968131,0.00110628,0.00121745,0.00137377,0.00156984,0.00180556,0.00208968,0.00244073,0.00288505,0.00345226,0.00416876,0.00504858,0.00607936,0.00720122,0.0082814,0.00910326,0.00941373,0.00907464,0.00822892,0.00713366,0.00600807,0.00498559,0.00412494,0.00343635,0.00290377,0.00249968,0.00219383,0.00195827,0.00177026,0.00161394,0.00148111,0.00137118,0.0011779,0.00101395,0.000873578,0.000752204,0.000646221,0.000552806,0.000469797,0.000395595,0.000329083,0.000269541,0.000216562,0.000169973,0.000129737,9.58788e-05,6.84003e-05,4.72201e-05,3.21242e-05,2.27393e-05,1.85266e-05,1.87959e-05,2.27379e-05,2.94675e-05,3.80755e-05,4.76802e-05,5.74754e-05,6.67674e-05,7.5001e-05,8.17694e-05,8.68103e-05,8.99888e-05,9.12707e-05,9.06887e-05,8.83085e-05,8.63101e-05,8.48025e-05,8.16418e-05,7.61233e-05,6.82517e-05,5.83322e-05,4.69326e-05,3.48019e-05,2.26949e-05,1.11136e-05,0
0,9.02612e-06,1.90054e-05,3.09587e-05,4.44325e-05,5.84118e-05,7.16321e-05,8.28803e-05,9.12243e-05,9.61397e-05,9.75717e-05,9.63172e-05,9.4619e-05,9.26431e-05,8.86948e-05,8.30453e-05,7.60032e-05,6.7919e-05,5.91907e-05,5.02669e-05,4.16481e-05,3.38819e-05,2.75523e-05,2.32619e-05,2.16082e-05,2.31552e-05,2.84055e-05,3.77735e-05,5.15679e-05,6.99836e-05,9.31073e-05,0.000120938,0.000153423,0.000190496,0.000232141,0.000278436,0.000329614,0.000386108,0.000448589,0.000518001,0.000595581,0.000682883,0.000781809,0.000894657,0.00102424,0.0011741,0.00128248,0.00142106,0.00158182,0.00176109,0.00196325,0.00220156,0.00249571,0.00286649,0.00332881,0.00388397,0.00451159,0.00516195,0.00575191,0.0061724,0.00631901,0.00614612,0.00570648,0.00510978,0.00446708,0.00385995,0.00333378,0.00290377,0.00256466,0.00230019,0.00209057,0.0019176,0.00176757,0.00163243,0.00150955,0.00140089,0.00121043,0.00104835,0.00090923,0.00078873,0.000683348,0.000590288,0.000507363,0.000432932,0.000365826,0.000305283,0.000250874,0.000202419,0.000159903,0.000123392,9.29469e-05,6.85625e-05,5.01096e-05,3.73056e-05,2.97036e-05,2.67027e-05,2.75767e-05,3.15149e-05,3.76713e-05,4.52137e-05,5.33694e-05,6.14614e-05,6.89325e-05,7.53555e-05,8.04302e-05,8.39687e-05,8.58714e-05,8.60983e-05,8.46405e-05,8.35694e-05,8.29195e-05,8.05127e-05,7.56024e-05,6.81639e-05,5.84982e-05,4.71956e-05,3.50479e-05,2.28618e-05,1.11872e-05,0
0,8.915e-06,1.87966e-05,3.05456e-05,4.36652e-05,5.71234e-05,6.9671e-05,8.01409e-05,8.76688e-05,9.18062e-05,9.25689e-05,9.08016e-05,8.87584e-05,8.66408e-05,8.28203e-05,7.75966e-05,7.12961e-05,6.42758e-05,5.6928e-05,4.96839e-05,4.30155e-05,3.74315e-05,3.34679e-05,3.1672e-05,3.25805e-05,3.66942e-05,4.44519e-05,5.62082e-05,7.2218e-05,9.26326e-05,0.000117508,0.000146827,0.000180538,0.000218598,0.000261027,0.000307965,0.000359724,0.00041684,0.000480116,0.000550661,0.000629927,0.000719755,0.000822442,0.00094085,0.00107862,0.00124056,0.00134584,0.00146805,0.00159812,0.00173047,0.00186647,0.0020154,0.00219243,0.00241386,0.00269094,0.00302373,0.00339623,0.00377405,0.00410651,0.0043355,0.00441264,0.0043205,0.00408375,0.00375561,0.00339512,0.0030498,0.0027481,0.00249968,0.00230019,0.00213761,0.00199826,0.00187103,0.0017495,0.00163199,0.0015203,0.00141786,0.00123147,0.00107249,0.000935835,0.000817358,0.000713627,0.000621849,0.000539811,0.000465831,0.000398701,0.000337631,0.000282181,0.000232181,0.00018765,0.000148701,0.00011547,8.80311e-05,6.63495e-05,5.02394e-05,3.93516e-05,3.31794e-05,3.10836e-05,3.23313e-05,3.61413e-05,4.17318e-05,4.83637e-05,5.53755e-05,6.2206e-05,6.84052e-05,7.3632e-05,7.76418e-05,8.02667e-05,8.13919e-05,8.0931e-05,8.08418e-05,8.1082e-05,7.94432e-05,7.51395e-05,6.81204e-05,5.86884e-05,4.74623e-05,3.52825e-05,2.30114e-05,1.12481e-05,0
0,8.79204e-06,1.85763e-05,3.01304e-05,4.29137e-05,5.58729e-05,6.77676e-05,7.74699e-05,8.41776e-05,8.75152e-05,8.7568e-05,8.52293e-05,8.27633e-05,8.04099e-05,7.66122e-05,7.17008e-05,6.60226e-05,5.99429e-05,5.385e-05,4.81593e-05,4.33152e-05,3.97884e-05,3.80678e-05,3.86461e-05,4.20002e-05,4.85682e-05,5.87267e-05,7.27704e-05,9.0901e-05,0.000113225,0.000139766,0.000170489,0.000205337,0.000244281,0.000287372,0.000334797,0.000386935,0.000444409,0.000508134,0.000579361,0.000659729,0.000751325,0.000856765,0.000979325,0.00112316,0.00129372,0.00139416,0.00150094,0.00160535,0.00170124,0.00178786,0.00187097,0.0019617,0.00207308,0.00221536,0.00239122,0.00259234,0.00279853,0.00298049,0.00310644,0.00315193,0.00310926,0.00299116,0.00282505,0.00264222,0.00246829,0.00231783,0.00219383,0.00209057,0.00199826,0.0019076,0.00181288,0.00171317,0.00161144,0.00151244,0.00142019,0.00123948,0.00108499,0.000952108,0.000836858,0.000735857,0.000646303,0.000565959,0.000493113,0.000426534,0.000365424,0.00030935,0.000258166,0.000211935,0.000170834,0.000135074,0.000104822,8.01389e-05,6.094e-05,4.69766e-05,3.78381e-05,3.29737e-05,3.17281e-05,3.33849e-05,3.72114e-05,4.25007e-05,4.86041e-05,5.49541e-05,6.10751e-05,6.65825e-05,7.11733e-05,7.461e-05,7.67017e-05,7.72854e-05,7.8202e-05,7.93334e-05,7.84471e-05,7.47236e-05,6.80923e-05,5.88638e-05,4.76918e-05,3.54698e-05,2.31177e-05,1.12825e-05,0
0,8.65065e-06,1.8332e-05,2.96983e-05,4.21664e-05,5.46585e-05,6.59364e-05,7.49027e-05,8.08095e-05,8.33482e-05,8.26704e-05,7.97162e-05,7.67577e-05,7.40748e-05,7.01864e-05,6.54564e-05,6.02541e-05,5.49554e-05,4.99474e-05,4.56317e-05,4.24274e-05,4.07694e-05,4.11019e-05,4.38652e-05,4.94791e-05,5.83215e-05,7.07087e-05,8.68779e-05,0.000106978,0.000131072,0.000159147,0.000191145,0.000227,0.000266685,0.000310267,0.00035796,0.000410188,0.000467629,0.000531269,0.000602454,0.000682942,0.000774972,0.000881347,0.00100553,0.00115178,0.00132531,0.00141845,0.00151051,0.00159401,0.00166309,0.00171555,0.00175394,0.00178534,0.00181964,0.00186643,0.00193156,0.00201424,0.0021061,0.00219273,0.00225779,0.00228857,0.00228076,0.00223999,0.00217906,0.00211252,0.00205152,0.00200075,0.00195827,0.0019176,0.00187103,0.00181288,0.00174146,0.00165949,0.00157269,0.00148738,0.0014077,0.00123396,0.00108522,0.000957387,0.000846572,0.000749371,0.000662955,0.000585069,0.000513992,0.000448502,0.000387813,0.000331519,0.000279517,0.000231928,0.000189,0.00015103,0.000118276,9.09006e-05,6.89201e-05,5.21855e-05,4.03806e-05,3.30411e-05,2.95868e-05,2.93627e-05,3.16824e-05,3.5867e-05,4.12777e-05,4.73375e-05,5.35426e-05,5.94632e-05,6.4737e-05,6.90573e-05,7.21585e-05,7.38035e-05,7.5716e-05,7.77066e-05,7.75273e-05,7.43326e-05,6.80405e-05,5.8977e-05,4.78367e-05,3.55693e-05,2.31519e-05,1.1276e-05,0
0,8.48336e-06,1.80487e-05,2.92296e-05,4.14038e-05,5.34675e-05,6.41779e-05,7.24592e-05,7.76074e-05,7.93722e-05,7.79656e-05,7.43702e-05,7.08622e-05,6.77616e-05,6.36666e-05,5.89755e-05,5.4082e-05,4.93756e-05,4.52445e-05,4.208e-05,4.02794e-05,4.02455e-05,4.23813e-05,4.70791e-05,5.47054e-05,6.55823e-05,7.99693e-05,9.80492e-05,0.000119921,0.000145601,0.000175043,0.000208158,0.000244862,0.000285117,0.000328987,0.000376693,0.000428664,0.000485596,0.000548492,0.000618721,0.000698073,0.000788832,0.000893854,0.00101664,0.00116129,0.00133226,0.00141594,0.00149394,0.00156027,0.0016099,0.00163981,0.00164995,0.00164389,0.00162848,0.00161242,0.00160382,0.00160771,0.00162454,0.00165024,0.00167819,0.00170208,0.00171864,0.00172849,0.00173513,0.00174246,0.00175229,0.0017631,0.00177026,0.00176757,0.0017495,0.00171317,0.00165949,0.00159298,0.00152038,0.00144845,0.0013816,0.00121494,0.00107294,0.000951446,0.000846305,0.000753961,0.000671539,0.000596797,0.000528048,0.000464108,0.00040424,0.00034809,0.000295618,0.000247013,0.000202606,0.000162781,0.000127892,9.82007e-05,7.38211e-05,5.47e-05,4.06109e-05,3.11699e-05,2.58666e-05,2.41017e-05,2.52291e-05,2.85932e-05,3.35605e-05,3.95411e-05,4.60005e-05,5.24629e-05,5.85074e-05,6.37599e-05,6.78841e-05,7.05735e-05,7.34372e-05,7.62212e-05,7.66733e-05,7.39331e-05,6.79165e-05,5.89736e-05,4.7845e-05,3.5538e-05,2.30841e-05,1.12134e-05,0
0,8.28252e-06,1.77098e-05,2.87007e-05,4.05992e-05,5.22758e-05,6.24781e-05,7.01417e-05,7.45951e-05,7.56354e-05,7.35259e-05,6.92851e-05,6.5188e-05,6.15931e-05,5.71796e-05,5.23808e-05,4.76166e-05,4.32922e-05,3.98007e-05,3.75268e-05,3.68507e-05,3.8148e-05,4.17859e-05,4.81144e-05,5.74524e-05,7.00716e-05,8.61804e-05,0.000105911,0.000129316,0.000156368,0.000186981,0.000221034,0.000258414,0.000299056,0.000343004,0.000390452,0.000441806,0.000497724,0.000559168,0.000627449,0.000704286,0.000791891,0.000893073,0.00101135,0.00115092,0.00131592,0.00138924,0.00145402,0.0015056,0.00154013,0.0015546,0.00154761,0.00152046,0.00147777,0.00142709,0.00137739,0.00133689,0.00131122,0.00130245,0.00130959,0.00132986,0.00136024,0.00139827,0.00144205,0.00148937,0.00153701,0.00158036,0.00161394,0.00163243,0.00163199,0.00161144,0.00157269,0.00152038,0.00146064,0.00139963,0.00134295,0.00118186,0.00104779,0.000934288,0.000836226,0.000749801,0.000672156,0.000601138,0.000535161,0.000473135,0.000414408,0.000358708,0.000306075,0.000256783,0.00021125,0.000169951,0.000133336,0.000101757,7.54222e-05,5.43659e-05,3.84423e-05,2.73396e-05,2.06079e-05,1.76956e-05,1.79892e-05,2.085e-05,2.56446e-05,3.17663e-05,3.86485e-05,4.57692e-05,5.26511e-05,5.88567e-05,6.39847e-05,6.7666e-05,7.1401e-05,7.488e-05,7.58607e-05,7.34802e-05,6.7664e-05,5.87942e-05,4.76624e-05,3.53325e-05,2.28853e-05,1.10806e-05,0
0,8.04095e-06,1.72985e-05,2.80857e-05,3.97206e-05,5.10504e-05,6.08092e-05,6.7935e-05,7.17763e-05,7.21642e-05,6.94025e-05,6.45364e-05,5.98318e-05,5.56831e-05,5.08505e-05,4.58016e-05,4.09833e-05,3.68191e-05,3.37103e-05,3.20398e-05,3.21759e-05,3.44731e-05,3.92699e-05,4.68808e-05,5.75845e-05,7.16097e-05,8.91203e-05,0.000110204,0.00013487,0.00016305,0.000194619,0.000229417,0.000267293,0.000308144,0.000351968,0.000398909,0.000449307,0.00050374,0.000563059,0.000628432,0.000701394,0.000783939,0.000878683,0.000989184,0.00112044,0.00127887,0.00134372,0.00139649,0.00143453,0.00145579,0.00145832,0.00144104,0.00140476,0.00135313,0.00129256,0.00123134,0.00117785,0.00113887,0.00111844,0.00111766,0.00113523,0.00116845,0.00121391,0.00126791,0.00132637,0.00138475,0.00143802,0.00148111,0.00150955,0.0015203,0.00151244,0.00148738,0.00144845,0.00139963,0.00134407,0.00128686,0.00113142,0.00100898,0.000906175,0.000816884,0.000737422,0.000665214,0.000598355,0.000535459,0.000475594,0.000418235,0.000363222,0.000310695,0.000261023,0.000214717,0.000172342,0.000134437,0.000101441,7.36439e-05,5.11561e-05,3.3901e-05,2.16265e-05,1.3932e-05,1.0303e-05,1.01496e-05,1.28425e-05,1.77426e-05,2.42231e-05,3.16841e-05,3.9559e-05,4.73175e-05,5.44651e-05,6.05428e-05,6.51284e-05,6.96209e-05,7.36671e-05,7.505e-05,7.29188e-05,6.72203e-05,5.83776e-05,4.72355e-05,3.4912e-05,2.25287e-05,1.0865e-05,0
0,7.75283e-06,1.67998e-05,2.73594e-05,3.87334e-05,4.97512e-05,5.91316e-05,6.58071e-05,6.91333e-05,6.89616e-05,6.56223e-05,6.01764e-05,5.48711e-05,5.01314e-05,4.47973e-05,3.93685e-05,3.43191e-05,3.00923e-05,2.71012e-05,2.57315e-05,2.63458e-05,2.92847e-05,3.48656e-05,4.33758e-05,5.50628e-05,7.01207e-05,8.86772e-05,0.000110783,0.00013641,0.000165451,0.000197742,0.000233083,0.000271277,0.000312168,0.000355692,0.000401916,0.000451083,0.000503644,0.000560282,0.000621941,0.000689846,0.000765569,0.000851184,0.000949774,0.00106719,0.001219,0.00128521,0.00132681,0.00135176,0.00136073,0.00135368,0.00133128,0.00129567,0.00125068,0.00120173,0.0011549,0.0011159,0.00108899,0.00107635,0.00107816,0.00109308,0.00111903,0.00115371,0.0011949,0.00124025,0.00128703,0.00133194,0.00137118,0.00140089,0.00141786,0.00142019,0.0014077,0.0013816,0.00134295,0.00128686,0.00116936,0.00105645,0.000956491,0.000868276,0.000789419,0.000717728,0.000651378,0.000588914,0.000529248,0.000471666,0.00041581,0.000361655,0.000309459,0.000259693,0.000212963,0.000169922,0.000131189,9.72779e-05,6.8548e-05,4.51709e-05,2.71242e-05,1.42012e-05,6.03682e-06,2.14167e-06,1.93929e-06,4.80146e-06,1.0078e-05,1.71195e-05,2.52925e-05,3.39888e-05,4.26306e-05,5.06739e-05,5.76119e-05,6.298e-05,6.8086e-05,7.25467e-05,7.41875e-05,7.21851e-05,6.65199e-05,5.76634e-05,4.65151e-05,3.42407e-05,2.19925e-05,1.05568e-05,0
0,7.41453e-06,1.62018e-05,2.64992e-05,3.76038e-05,4.83348e-05,5.73971e-05,6.37115e-05,6.66293e-05,6.60069e-05,6.21867e-05,5.62318e-05,5.03595e-05,4.50188e-05,3.91255e-05,3.32084e-05,2.7767e-05,2.32654e-05,2.0131e-05,1.87573e-05,1.95071e-05,2.27146e-05,2.86846e-05,3.76869e-05,4.99474e-05,6.56356e-05,8.48523e-05,0.00010762,0.000133879,0.000163492,0.000196256,0.000231928,0.000270262,0.000311039,0.000354119,0.000399471,0.000447216,0.000497646,0.000551234,0.00060864,0.000670683,0.000738314,0.000812532,0.000894161,0.000982938,0.00107328,0.0011331,0.00117057,0.00119043,0.00119441,0.00118337,0.00115838,0.00112145,0.00107586,0.00102607,0.000977238,0.000934535,0.000902311,0.000883538,0.000879563,0.0008902,0.000914048,0.000948855,0.000991812,0.00103973,0.00108913,0.00113638,0.0011779,0.00121043,0.00123147,0.00123948,0.00123396,0.00121494,0.00118186,0.00113142,0.00105645,0.000975452,0.00089707,0.00082381,0.000755707,0.000691941,0.000631491,0.000573408,0.00051695,0.000461652,0.000407349,0.000354169,0.000302496,0.000252909,0.000206106,0.00016282,0.00012374,8.94407e-05,6.03326e-05,3.66327e-05,1.83551e-05,5.3221e-06,-2.81057e-06,-6.52036e-06,-6.38094e-06,-3.02713e-06,2.87499e-06,1.06514e-05,1.96367e-05,2.91855e-05,3.86799e-05,4.7536e-05,5.52104e-05,6.12085e-05,6.67586e-05,7.14627e-05,7.32064e-05,7.12094e-05,6.54977e-05,5.65968e-05,4.54594e-05,3.32913e-05,2.12617e-05,1.01502e-05,0
0,7.02545e-06,1.54978e-05,2.54885e-05,3.63024e-05,4.67587e-05,5.55532e-05,6.15913e-05,6.42102e-05,6.32571e-05,5.90706e-05,5.27013e-05,4.63236e-05,4.04018e-05,3.39224e-05,2.74377e-05,2.147e-05,1.65036e-05,1.29823e-05,1.13109e-05,1.18585e-05,1.49604e-05,2.09177e-05,2.99924e-05,4.23993e-05,5.8294e-05,7.77614e-05,0.000100805,0.000127344,0.000157215,0.000190181,0.000225962,0.000264254,0.000304775,0.000347296,0.000391678,0.000437904,0.000486088,0.00053648,0.000589438,0.000645378,0.000704663,0.000767408,0.000833058,0.000899473,0.000961068,0.00100699,0.00103635,0.00105021,0.00104952,0.00103511,0.00100815,0.000970548,0.000925206,0.000875982,0.000827386,0.000784053,0.00075014,0.000728798,0.000721838,0.000729628,0.000751205,0.000784511,0.000826679,0.000874324,0.000923803,0.000971475,0.00101395,0.00104835,0.00107249,0.00108499,0.00108522,0.00107294,0.00104779,0.00100898,0.000956491,0.00089707,0.000835978,0.000775875,0.000717663,0.00066132,0.000606424,0.000552468,0.000499041,0.00044593,0.000393168,0.000341044,0.000290071,0.000240934,0.000194416,0.00015132,0.00011239,7.8243e-05,4.93251e-05,2.58777e-05,7.93312e-06,-4.67471e-06,-1.2285e-05,-1.53764e-05,-1.45298e-05,-1.03937e-05,-3.65375e-06,4.9913e-06,1.48473e-05,2.52379e-05,3.55142e-05,4.50635e-05,5.33186e-05,5.97683e-05,6.55748e-05,7.03406e-05,7.20296e-05,6.99197e-05,6.40924e-05,5.51313e-05,4.40381e-05,3.20473e-05,2.033e-05,9.644e-06,0
0,6.58869e-06,1.46883e-05,2.43192e-05,3.48079e-05,4.49863e-05,5.35482e-05,5.93844e-05,6.181e-05,6.06504e-05,5.62249e-05,4.95561e-05,4.27612e-05,3.631e-05,2.92523e-05,2.21567e-05,1.5564e-05,9.97636e-06,5.85439e-06,3.61713e-06,3.64477e-06,6.28056e-06,1.18304e-05,2.05583e-05,3.26787e-05,4.83446e-05,6.7636e-05,9.05494e-05,0.000116992,0.000146781,0.000179658,0.000215302,0.000253361,0.000293483,0.00033535,0.00037871,0.000423401,0.00046936,0.000516617,0.000565259,0.000615358,0.000666854,0.000719353,0.000771805,0.000822032,0.000866274,0.00089972,0.000920426,0.000928037,0.0009228,0.000905327,0.00087672,0.000838773,0.000794113,0.000746159,0.000698901,0.00065649,0.000622758,0.000600753,0.000592393,0.000598293,0.000617772,0.000649013,0.000689314,0.000735404,0.00078375,0.000830867,0.000873578,0.00090923,0.000935835,0.000952108,0.000957387,0.000951446,0.000934288,0.000906175,0.000868276,0.00082381,0.000775875,0.000726513,0.000676748,0.000626907,0.000576945,0.000526688,0.000476007,0.000424923,0.000373659,0.000322661,0.000272568,0.000224162,0.000178302,0.000135845,9.75731e-05,6.41285e-05,3.59696e-05,1.33434e-05,-3.71887e-06,-1.53895e-05,-2.20177e-05,-2.40952e-05,-2.22195e-05,-1.70582e-05,-9.31818e-06,2.78625e-07,1.10145e-05,2.21903e-05,3.31366e-05,4.32248e-05,5.18778e-05,5.85818e-05,6.44462e-05,6.90907e-05,7.05742e-05,6.82461e-05,6.2252e-05,5.32339e-05,4.22353e-05,3.05057e-05,1.92013e-05,9.04275e-06,0
0,6.11158e-06,1.37816e-05,2.29944e-05,3.31113e-05,4.29912e-05,5.13372e-05,5.70291e-05,5.93562e-05,5.81112e-05,5.358e-05,4.67416e-05,3.96416e-05,3.27438e-05,2.51523e-05,1.74437e-05,1.01704e-05,3.84888e-06,-1.04511e-06,-4.0772e-06,-4.85255e-06,-3.01434e-06,1.75561e-06,9.73256e-06,2.11407e-05,3.61418e-05,5.48227e-05,7.71837e-05,0.000103131,0.000132476,0.000164942,0.00020018,0.000237792,0.000277361,0.000318482,0.000360791,0.000403987,0.000447839,0.000492179,0.000536863,0.000581708,0.000626388,0.000670279,0.000712274,0.000750593,0.000782761,0.000806116,0.000819007,0.000820729,0.00081122,0.000790937,0.000760895,0.000722772,0.00067897,0.000632567,0.000587119,0.000546339,0.000513696,0.000492014,0.000483151,0.000487809,0.000505491,0.000534614,0.000572726,0.000616793,0.000663519,0.000709643,0.000752204,0.00078873,0.000817358,0.000836858,0.000846572,0.000846305,0.000836226,0.000816884,0.000789419,0.000755707,0.000717663,0.000676748,0.00063386,0.000589442,0.000543665,0.000496594,0.000448328,0.000399092,0.000349287,0.000299501,0.000250489,0.000203118,0.000158308,0.000116953,7.98534e-05,4.76563e-05,2.08118e-05,-4.48193e-07,-1.61127e-05,-2.63766e-05,-3.16129e-05,-3.23374e-05,-2.91707e-05,-2.2803e-05,-1.39623e-05,-3.3895e-06,8.18123e-06,2.00378e-05,3.15028e-05,4.19451e-05,5.07921e-05,5.75418e-05,6.32649e-05,6.76135e-05,6.87566e-05,6.61266e-05,5.9938e-05,5.08884e-05,4.00528e-05,2.86791e-05,1.78907e-05,8.35688e-06,0
0,5.60592e-06,1.27953e-05,2.15301e-05,3.12185e-05,4.07626e-05,4.88881e-05,5.44717e-05,5.67771e-05,5.5557e-05,5.10517e-05,4.4182e-05,3.69073e-05,2.96739e-05,2.16299e-05,1.33496e-05,5.38903e-06,-1.72719e-06,-7.51156e-06,-1.15153e-05,-1.33276e-05,-1.2574e-05,-8.91812e-06,-2.06581e-06,8.22638e-06,2.21393e-05,3.97779e-05,6.11582e-05,8.61977e-05,0.000114712,0.000146418,0.000180948,0.000217866,0.0002567,0.000296965,0.000338192,0.000379953,0.000421865,0.000463588,0.000504794,0.000545116,0.000584071,0.00062096,0.000654772,0.000684118,0.00070731,0.000722656,0.00072892,0.000725445,0.000712111,0.000689323,0.000658043,0.000619851,0.000576967,0.000532182,0.000488689,0.000449807,0.000418649,0.000397777,0.000388918,0.000392776,0.000408978,0.000436151,0.000472101,0.000514075,0.000559051,0.000604017,0.000646221,0.000683348,0.000713627,0.000735857,0.000749371,0.000753961,0.000749801,0.000737422,0.000717728,0.000691941,0.00066132,0.000626907,0.000589442,0.000549391,0.000507047,0.000462651,0.000416484,0.000368946,0.000320593,0.000272143,0.000224447,0.000178445,0.000135098,9.53174e-05,5.99026e-05,2.94821e-05,4.47803e-06,-1.49126e-05,-2.87162e-05,-3.71654e-05,-4.06685e-05,-3.97732e-05,-3.51282e-05,-2.74465e-05,-1.74743e-05,-5.96534e-06,6.33896e-06,1.87254e-05,3.05217e-05,4.11089e-05,4.99333e-05,5.65187e-05,6.19103e-05,6.58065e-05,6.64995e-05,6.35125e-05,5.71302e-05,4.80993e-05,3.75122e-05,2.65969e-05,1.64257e-05,7.60301e-06,0
0,5.08787e-06,1.17566e-05,1.99562e-05,2.91534e-05,3.83086e-05,4.61868e-05,5.1673e-05,5.40096e-05,5.29062e-05,4.85481e-05,4.17858e-05,3.44788e-05,2.70439e-05,1.86623e-05,9.89501e-06,1.29167e-06,-6.62272e-06,-1.33546e-05,-1.84441e-05,-2.1465e-05,-2.20241e-05,-1.97628e-05,-1.43621e-05,-5.55178e-06,6.8773e-06,2.30584e-05,4.30346e-05,6.67465e-05,9.40259e-05,0.000124596,0.000158082,0.000194023,0.0002319,0.000271162,0.00031125,0.000351621,0.00039176,0.000431183,0.000469414,0.000505955,0.00054023,0.000571532,0.00059897,0.00062146,0.000637796,0.000646825,0.000647659,0.000639804,0.000623209,0.000598297,0.000566019,0.000527882,0.000485951,0.000442778,0.000401242,0.000364317,0.000334787,0.000314952,0.000306381,0.000309742,0.000324746,0.000350196,0.000384145,0.000424114,0.000467354,0.000511103,0.000552806,0.000590288,0.000621849,0.000646303,0.000662955,0.000671539,0.000672156,0.000665214,0.000651378,0.000631491,0.000606424,0.000576945,0.000543665,0.000507047,0.000467471,0.000425305,0.000380983,0.000335054,0.000288206,0.000241267,0.000195169,0.000150901,0.000109446,7.17145e-05,3.84802e-05,1.03339e-05,-1.23505e-05,-2.94284e-05,-4.0979e-05,-4.72843e-05,-4.8797e-05,-4.61018e-05,-3.98762e-05,-3.08543e-05,-1.97947e-05,-7.45526e-06,5.42653e-06,1.81493e-05,3.00602e-05,4.0567e-05,4.91489e-05,5.53685e-05,6.02577e-05,6.35733e-05,6.37397e-05,6.03755e-05,5.38322e-05,4.48951e-05,3.46569e-05,2.4306e-05,1.48453e-05,6.80367e-06,0
0,4.57754e-06,1.07011e-05,1.8317e-05,2.69583e-05,3.56597e-05,4.32425e-05,4.86152e-05,5.10073e-05,5.00872e-05,4.59795e-05,3.94547e-05,3.2261e-05,2.47745e-05,1.61984e-05,7.06855e-06,-2.08259e-06,-1.07392e-05,-1.84095e-05,-2.46283e-05,-2.89572e-05,-3.09852e-05,-3.03305e-05,-2.66461e-05,-1.96293e-05,-9.03553e-06,5.3056e-06,2.34741e-05,4.54451e-05,7.10789e-05,0.000100118,0.000132193,0.000166832,0.000203487,0.000241552,0.000280394,0.000319375,0.00035787,0.000395272,0.000430988,0.000464421,0.000494939,0.000521843,0.000544346,0.000561583,0.000572661,0.000576764,0.000573279,0.000561895,0.000542672,0.000516097,0.000483129,0.000445223,0.000404317,0.000362756,0.00032315,0.000288169,0.000260301,0.000241601,0.000233479,0.000236549,0.000250578,0.000274519,0.000306641,0.00034472,0.000386266,0.000428748,0.000469797,0.000507363,0.000539811,0.000565959,0.000585069,0.000596797,0.000601138,0.000598355,0.000588914,0.000573408,0.000552468,0.000526688,0.000496594,0.000462651,0.000425305,0.000385034,0.000342398,0.000298071,0.000252854,0.000207661,0.000163484,0.000121341,8.22167e-05,4.69948e-05,1.64057e-05,-9.01799e-06,-2.8968e-05,-4.33673e-05,-5.23601e-05,-5.62866e-05,-5.56485e-05,-5.10692e-05,-4.32532e-05,-3.295e-05,-2.09223e-05,-7.92139e-06,5.33206e-06,1.81624e-05,2.99509e-05,4.01458e-05,4.82727e-05,5.39444e-05,5.81899e-05,6.0833e-05,6.04364e-05,5.67134e-05,5.0075e-05,4.13302e-05,3.15524e-05,2.187e-05,1.31999e-05,5.98675e-06,0
0,4.09818e-06,9.67254e-06,1.66696e-05,2.46945e-05,3.28696e-05,4.00906e-05,4.53068e-05,4.7748e-05,4.70469e-05,4.32672e-05,3.70929e-05,3.0152e-05,2.27706e-05,1.41629e-05,4.82829e-06,-4.72962e-06,-1.40151e-05,-2.25476e-05,-2.98643e-05,-3.55212e-05,-3.90932e-05,-4.01769e-05,-3.83964e-05,-3.34145e-05,-2.49464e-05,-1.27778e-05,3.21652e-06,2.30561e-05,4.66415e-05,7.37472e-05,0.000104023,0.000137004,0.000172124,0.000208745,0.000246177,0.000283706,0.000320616,0.000356203,0.00038978,0.000420671,0.000448202,0.000471683,0.000490407,0.000503657,0.000510752,0.000511108,0.000504322,0.000490253,0.00046908,0.000441365,0.000408087,0.000370662,0.000330919,0.000291022,0.000253346,0.000220295,0.000194093,0.000176573,0.000168993,0.00017191,0.000185125,0.000207718,0.000238148,0.000274419,0.000314274,0.000355398,0.000395595,0.000432932,0.000465831,0.000493113,0.000513992,0.000528048,0.000535161,0.000535459,0.000529248,0.00051695,0.000499041,0.000476007,0.000448328,0.000416484,0.000380983,0.000342398,0.000301395,0.000258755,0.000215366,0.000172209,0.000130312,9.06995e-05,5.43336e-05,2.20532e-05,-5.47531e-06,-2.77951e-05,-4.46782e-05,-5.6127e-05,-6.23585e-05,-6.37762e-05,-6.09322e-05,-5.4486e-05,-4.51638e-05,-3.37221e-05,-2.09168e-05,-7.47985e-06,5.89852e-06,1.8583e-05,3.00027e-05,3.966e-05,4.71381e-05,5.21096e-05,5.56081e-05,5.75306e-05,5.65789e-05,5.2556e-05,4.59201e-05,3.7486e-05,2.82861e-05,1.93683e-05,1.15492e-05,5.18444e-06,0
0,3.67507e-06,8.72024e-06,1.50822e-05,2.24402e-05,3.00152e-05,3.67945e-05,4.17871e-05,4.42395e-05,4.37594e-05,4.03533e-05,3.46171e-05,2.80532e-05,2.09299e-05,1.24636e-05,3.10591e-06,-6.67969e-06,-1.6429e-05,-2.56836e-05,-3.39932e-05,-4.09162e-05,-4.602e-05,-4.88845e-05,-4.91077e-05,-4.63178e-05,-4.01883e-05,-3.04572e-05,-1.69478e-05,4.1185e-07,2.15724e-05,4.63527e-05,7.44368e-05,0.000105379,0.000138619,0.0001735,0.000209297,0.000245241,0.000280549,0.000314438,0.000346146,0.000374936,0.000400096,0.000420941,0.000436816,0.000447107,0.000451277,0.000448907,0.000439758,0.000423827,0.000401405,0.000373123,0.000339983,0.000303363,0.000264993,0.000226879,0.000191187,0.000160084,0.00013556,0.00011925,0.000112273,0.000115123,0.00012763,0.000148976,0.000177786,0.000212267,0.000250376,0.000289993,0.000329083,0.000365826,0.000398701,0.000426534,0.000448502,0.000464108,0.000473135,0.000475594,0.000471666,0.000461652,0.00044593,0.000424923,0.000399092,0.000368946,0.000335054,0.000298071,0.000258755,0.000217969,0.00017667,0.000135879,9.66377e-05,5.99551e-05,2.67487e-05,-2.20787e-06,-2.63295e-05,-4.52493e-05,-5.88308e-05,-6.71635e-05,-7.05419e-05,-6.94328e-05,-6.44361e-05,-5.62414e-05,-4.55877e-05,-3.32274e-05,-1.9897e-05,-6.29525e-06,6.93276e-06,1.92059e-05,3.00146e-05,3.89265e-05,4.55922e-05,4.97503e-05,5.24445e-05,5.36465e-05,5.21937e-05,4.79688e-05,4.14613e-05,3.347e-05,2.49646e-05,1.6893e-05,9.96023e-06,4.43188e-06,0
0,3.33412e-06,7.89668e-06,1.36305e-05,2.02871e-05,2.71936e-05,3.34442e-05,3.81271e-05,4.05239e-05,4.0232e-05,3.72096e-05,3.19673e-05,2.58801e-05,1.9154e-05,1.10003e-05,1.81352e-06,-7.99362e-06,-1.79999e-05,-2.77807e-05,-3.69094e-05,-4.4957e-05,-5.1493e-05,-5.60875e-05,-5.83184e-05,-5.77828e-05,-5.41139e-05,-4.70013e-05,-3.62134e-05,-2.16204e-05,-3.21327e-06,1.88816e-05,4.43955e-05,7.29191e-05,0.000103912,0.000136722,0.000170609,0.000204773,0.000238381,0.000270596,0.000300599,0.000327602,0.000350864,0.000369695,0.000383472,0.000391651,0.000393793,0.000389597,0.000378946,0.000361949,0.000338986,0.000310744,0.000278238,0.000242808,0.000206089,0.000169942,0.000136342,0.000107246,8.44383e-05,6.93707e-05,6.3036e-05,6.58729e-05,7.77267e-05,9.78686e-05,0.000125069,0.000157717,0.00019396,0.000231862,0.000269541,0.000305283,0.000337631,0.000365424,0.000387813,0.00040424,0.000414408,0.000418235,0.00041581,0.000407349,0.000393168,0.000373659,0.000349287,0.000320593,0.000288206,0.000252854,0.000215366,0.00017667,0.000137765,9.96903e-05,6.34774e-05,3.00957e-05,3.9934e-07,-2.49214e-05,-4.5377e-05,-6.07014e-05,-7.08572e-05,-7.60242e-05,-7.65738e-05,-7.30331e-05,-6.60426e-05,-5.63127e-05,-4.45837e-05,-3.15906e-05,-1.80362e-05,-4.57141e-06,8.21774e-06,1.98175e-05,2.97909e-05,3.77805e-05,4.35104e-05,4.67892e-05,4.86726e-05,4.92044e-05,4.73492e-05,4.30554e-05,3.68236e-05,2.94139e-05,2.17105e-05,1.45453e-05,8.50409e-06,3.76549e-06,0
0,3.1003e-06,7.25437e-06,1.23936e-05,1.83359e-05,2.45184e-05,3.0154e-05,3.44284e-05,3.66788e-05,3.65097e-05,3.38442e-05,2.9115e-05,2.35723e-05,1.73586e-05,9.6754e-06,8.529e-07,-8.75609e-06,-1.87839e-05,-2.8851e-05,-3.85663e-05,-4.75256e-05,-5.53109e-05,-6.14928e-05,-6.56374e-05,-6.73176e-05,-6.61307e-05,-6.17202e-05,-5.38e-05,-4.21793e-05,-2.67855e-05,-7.68155e-06,1.49225e-05,4.06676e-05,6.90517e-05,9.94458e-05,0.000131116,0.000163252,0.000194998,0.000225482,0.000253844,0.000279261,0.000300965,0.000318261,0.000330543,0.00033731,0.000338189,0.000332962,0.000321599,0.000304291,0.000281483,0.000253899,0.000222551,0.000188736,0.000153994,0.000120045,8.86933e-05,6.17033e-05,4.06696e-05,2.68839e-05,2.12237e-05,2.40735e-05,3.52917e-05,5.4226e-05,7.97761e-05,0.000110493,0.000144703,0.000180638,0.000216562,0.000250874,0.000282181,0.00030935,0.000331519,0.00034809,0.000358708,0.000363222,0.000361655,0.000354169,0.000341044,0.000322661,0.000299501,0.000272143,0.000241267,0.000207661,0.000172209,0.000135879,9.96903e-05,6.46762e-05,3.18336e-05,2.07205e-06,-2.38362e-05,-4.52986e-05,-6.19325e-05,-7.35794e-05,-8.03035e-05,-8.23742e-05,-8.02354e-05,-7.44666e-05,-6.57385e-05,-5.47702e-05,-4.2289e-05,-2.89981e-05,-1.55517e-05,-2.53854e-06,9.52743e-06,2.02112e-05,2.91576e-05,3.60901e-05,4.08102e-05,4.31968e-05,4.43157e-05,4.42766e-05,4.21585e-05,3.79568e-05,3.21608e-05,2.54683e-05,1.86577e-05,1.24312e-05,7.25266e-06,3.22102e-06,0
0,2.996e-06,6.84251e-06,1.14488e-05,1.66903e-05,2.21126e-05,2.70561e-05,3.08195e-05,3.28154e-05,3.26759e-05,3.03053e-05,2.60699e-05,2.11026e-05,1.54844e-05,8.4049e-06,1.25937e-07,-9.06645e-06,-1.8867e-05,-2.89521e-05,-3.89776e-05,-4.85763e-05,-5.73551e-05,-6.48971e-05,-7.0767e-05,-7.4523e-05,-7.57346e-05,-7.40044e-05,-6.89951e-05,-6.04555e-05,-4.82465e-05,-3.23624e-05,-1.29453e-05,9.70832e-06,3.51505e-05,6.27938e-05,9.19323e-05,0.000121768,0.000151444,0.000180073,0.000206777,0.000230709,0.000251084,0.000267201,0.000278462,0.00028439,0.000284655,0.000279093,0.000267731,0.000250814,0.000228824,0.000202501,0.00017284,0.000141079,0.000108661,7.71719e-05,4.82509e-05,2.34868e-05,4.30248e-06,-8.15696e-06,-1.31186e-05,-1.02476e-05,3.24663e-07,1.80138e-05,4.18354e-05,7.04895e-05,0.000102466,0.000136159,0.000169973,0.000202419,0.000232181,0.000258166,0.000279517,0.000295618,0.000306075,0.000310695,0.000309459,0.000302496,0.000290071,0.000272568,0.000250489,0.000224447,0.000195169,0.000163484,0.000130312,9.66377e-05,6.34774e-05,3.18336e-05,2.64754e-06,-2.325e-05,-4.51842e-05,-6.26716e-05,-7.5443e-05,-8.34501e-05,-8.68573e-05,-8.6018e-05,-8.14401e-05,-7.37441e-05,-6.36179e-05,-5.1774e-05,-3.89119e-05,-2.56873e-05,-1.26913e-05,-4.37632e-07,1.06433e-05,2.02042e-05,2.79773e-05,3.37706e-05,3.74625e-05,3.89997e-05,3.94527e-05,3.89865e-05,3.67776e-05,3.28473e-05,2.76497e-05,2.17972e-05,1.59445e-05,1.06557e-05,6.27451e-06,2.83158e-06,0
0,3.03946e-06,6.70356e-06,1.08669e-05,1.54503e-05,2.0102e-05,2.42931e-05,2.74482e-05,2.90736e-05,2.88498e-05,2.66811e-05,2.28835e-05,1.84829e-05,1.35047e-05,7.1281e-06,-4.54642e-07,-9.02822e-06,-1.83563e-05,-2.818e-05,-3.82129e-05,-4.81363e-05,-5.75952e-05,-6.61975e-05,-7.35195e-05,-7.91163e-05,-8.25394e-05,-8.33599e-05,-8.11949e-05,-7.57368e-05,-6.67811e-05,-5.42503e-05,-3.82128e-05,-1.88925e-05,3.32991e-06,2.79257e-05,5.4236e-05,8.14972e-05,0.000108872,0.000135484,0.000160451,0.000182923,0.000202105,0.000217293,0.000227893,0.000233442,0.000233634,0.000228332,0.000217598,0.000201702,0.000181139,0.000156641,0.000129167,9.98859e-05,7.01364e-05,4.13696e-05,1.50688e-05,-7.34214e-06,-2.45984e-05,-3.56886e-05,-3.99348e-05,-3.70477e-05,-2.71497e-05,-1.07635e-05,1.12322e-05,3.76751e-05,6.72089e-05,9.83811e-05,0.000129737,0.000159903,0.00018765,0.000211935,0.000231928,0.000247013,0.000256783,0.000261023,0.000259693,0.000252909,0.000240934,0.000224162,0.000203118,0.000178445,0.000150901,0.000121341,9.06995e-05,5.99551e-05,3.00957e-05,2.07205e-06,-2.325e-05,-4.51349e-05,-6.30169e-05,-7.6529e-05,-8.55179e-05,-9.00439e-05,-9.03655e-05,-8.69107e-05,-8.02392e-05,-7.0998e-05,-5.98765e-05,-4.75649e-05,-3.47185e-05,-2.19308e-05,-9.71655e-06,1.49713e-06,1.13717e-05,1.9653e-05,2.61637e-05,3.07952e-05,3.34998e-05,3.42851e-05,3.42182e-05,3.35056e-05,3.14008e-05,2.7928e-05,2.3482e-05,1.8569e-05,1.37064e-05,9.3169e-06,5.63096e-06,2.62552e-06,0
0,3.2434e-06,6.87018e-06,1.07069e-05,1.47052e-05,1.86058e-05,2.20091e-05,2.4473e-05,2.56138e-05,2.518e-05,2.30969e-05,1.96476e-05,1.5766e-05,1.14308e-05,5.81533e-06,-9.5574e-07,-8.73844e-06,-1.73691e-05,-2.66595e-05,-3.639e-05,-4.63011e-05,-5.60877e-05,-6.5396e-05,-7.3827e-05,-8.0946e-05,-8.62991e-05,-8.94365e-05,-8.99394e-05,-8.74506e-05,-8.17038e-05,-7.25511e-05,-5.99839e-05,-4.41472e-05,-2.53437e-05,-4.02943e-06,1.92014e-05,4.36392e-05,6.84888e-05,9.29032e-05,0.00011602,0.000136998,0.000155049,0.000169469,0.000179669,0.000185193,0.000185743,0.000181195,0.000171618,0.000157285,0.000138682,0.000116509,9.16705e-05,6.52526e-05,3.84839e-05,1.268e-05,-1.08267e-05,-3.07684e-05,-4.60268e-05,-5.57132e-05,-5.92364e-05,-5.6348e-05,-4.71618e-05,-3.2144e-05,-1.2075e-05,1.20111e-05,3.89035e-05,6.72979e-05,9.58788e-05,0.000123392,0.000148701,0.000170834,0.000189,0.000202606,0.00021125,0.000214717,0.000212963,0.000206106,0.000194416,0.000178302,0.000158308,0.000135098,0.000109446,8.22167e-05,5.43336e-05,2.67487e-05,3.9934e-07,-2.38362e-05,-4.51842e-05,-6.30169e-05,-7.68856e-05,-8.65429e-05,-9.19496e-05,-9.32683e-05,-9.08415e-05,-8.51592e-05,-7.68171e-05,-6.64725e-05,-5.47992e-05,-4.24481e-05,-3.0015e-05,-1.80177e-05,-6.88303e-06,3.05655e-06,1.15598e-05,1.84675e-05,2.36915e-05,2.72023e-05,2.90189e-05,2.92005e-05,2.87999e-05,2.80475e-05,2.62521e-05,2.34168e-05,1.98544e-05,1.59478e-05,1.20687e-05,8.50029e-06,5.37211e-06,2.62465e-06,0
0,3.61393e-06,7.36263e-06,1.10116e-05,1.45272e-05,1.77288e-05,2.03389e-05,2.2052e-05,2.26057e-05,2.18349e-05,1.97063e-05,1.64899e-05,1.30444e-05,9.3136e-06,4.47226e-06,-1.41678e-06,-8.27832e-06,-1.60215e-05,-2.45324e-05,-3.36638e-05,-4.32243e-05,-5.29693e-05,-6.25956e-05,-7.17424e-05,-7.99991e-05,-8.69202e-05,-9.20479e-05,-9.49393e-05,-9.5197e-05,-9.25005e-05,-8.66351e-05,-7.75164e-05,-6.52069e-05,-4.99247e-05,-3.20418e-05,-1.20733e-05,9.34237e-06,3.14715e-05,5.35171e-05,7.46552e-05,9.40713e-05,0.000110996,0.000124737,0.000134711,0.000140464,0.000141698,0.000138287,0.000130289,0.000117959,0.000101751,8.23153e-05,6.04837e-05,3.72474e-05,1.37173e-05,-8.92707e-06,-2.95008e-05,-4.6884e-05,-6.0095e-05,-6.83586e-05,-7.11621e-05,-6.82942e-05,-5.98598e-05,-4.62723e-05,-2.82204e-05,-6.61761e-06,1.74634e-05,4.2862e-05,6.84003e-05,9.29469e-05,0.00011547,0.000135074,0.00015103,0.000162781,0.000169951,0.000172342,0.000169922,0.00016282,0.00015132,0.000135845,0.000116953,9.53174e-05,7.17145e-05,4.69948e-05,2.20532e-05,-2.20787e-06,-2.49214e-05,-4.52986e-05,-6.26716e-05,-7.6529e-05,-8.65429e-05,-9.25838e-05,-9.4721e-05,-9.32088e-05,-8.84605e-05,-8.10116e-05,-7.14769e-05,-6.05056e-05,-4.87384e-05,-3.67708e-05,-2.5125e-05,-1.42314e-05,-4.42092e-06,4.07368e-06,1.11097e-05,1.66209e-05,2.06028e-05,2.30973e-05,2.41794e-05,2.39484e-05,2.3429e-05,2.28568e-05,2.15729e-05,1.95356e-05,1.69568e-05,1.40829e-05,1.11376e-05,8.27285e-06,5.5334e-06,2.84259e-06,0
0,4.14993e-06,8.18691e-06,1.18041e-05,1.49659e-05,1.75531e-05,1.93987e-05,2.0331e-05,2.02163e-05,1.89906e-05,1.66809e-05,1.35645e-05,1.04429e-05,7.23954e-06,3.14007e-06,-1.84605e-06,-7.7063e-06,-1.44195e-05,-2.19458e-05,-3.02134e-05,-3.91047e-05,-4.84441e-05,-5.799e-05,-6.74322e-05,-7.63978e-05,-8.44642e-05,-9.11797e-05,-9.60906e-05,-9.87714e-05,-9.88574e-05,-9.60746e-05,-9.02666e-05,-8.14142e-05,-6.96472e-05,-5.52468e-05,-3.8638e-05,-2.03735e-05,-1.10922e-06,1.84258e-05,3.74639e-05,5.52347e-05,7.10009e-05,8.40919e-05,9.39341e-05,0.000100078,0.000102219,0.000100216,9.41039e-05,8.41021e-05,7.06138e-05,5.42216e-05,3.56719e-05,1.58497e-05,-4.2577e-06,-2.36081e-05,-4.11601e-05,-5.59349e-05,-6.70788e-05,-7.39212e-05,-7.60212e-05,-7.32003e-05,-6.55545e-05,-5.34469e-05,-3.74808e-05,-1.84556e-05,2.68737e-06,2.49265e-05,4.72201e-05,6.85625e-05,8.80311e-05,0.000104822,0.000118276,0.000127892,0.000133336,0.000134437,0.000131189,0.00012374,0.00011239,9.75731e-05,7.98534e-05,5.99026e-05,3.84802e-05,1.64057e-05,-5.47531e-06,-2.63295e-05,-4.5377e-05,-6.19325e-05,-7.5443e-05,-8.55179e-05,-9.19496e-05,-9.4721e-05,-9.39993e-05,-9.01173e-05,-8.35422e-05,-7.48369e-05,-6.46162e-05,-5.3503e-05,-4.20879e-05,-3.08962e-05,-2.03646e-05,-1.08277e-05,-2.51594e-06,4.43859e-06,9.98877e-06,1.41553e-05,1.70082e-05,1.8649e-05,1.91964e-05,1.87753e-05,1.83678e-05,1.8195e-05,1.7607e-05,1.6497e-05,1.49598e-05,1.3099e-05,1.09936e-05,8.67821e-06,6.13285e-06,3.28361e-06,0
0,4.84278e-06,9.33389e-06,1.30855e-05,1.60437e-05,1.81314e-05,1.92762e-05,1.94322e-05,1.85965e-05,1.68165e-05,1.41963e-05,1.10392e-05,8.10919e-06,5.32374e-06,1.89137e-06,-2.22098e-06,-7.05453e-06,-1.26513e-05,-1.90416e-05,-2.62286e-05,-3.41711e-05,-4.27683e-05,-5.18482e-05,-6.11622e-05,-7.03879e-05,-7.91393e-05,-8.69856e-05,-9.34768e-05,-9.81731e-05,-0.000100678,-0.000100667,-9.79211e-05,-9.23422e-05,-8.39729e-05,-7.3e-05,-5.97516e-05,-4.46844e-05,-2.83632e-05,-1.14342e-05,5.40724e-06,2.14502e-05,3.60032e-05,4.84275e-05,5.81676e-05,6.47783e-05,6.79471e-05,6.7512e-05,6.34735e-05,5.60016e-05,4.54356e-05,3.22773e-05,1.71754e-05,9.00731e-07,-1.56872e-05,-3.16833e-05,-4.61859e-05,-5.83507e-05,-6.74438e-05,-7.2891e-05,-7.43172e-05,-7.15728e-05,-6.47444e-05,-5.4148e-05,-4.03062e-05,-2.39114e-05,-5.7795e-06,1.32015e-05,3.21242e-05,5.01096e-05,6.63495e-05,8.01389e-05,9.09006e-05,9.82007e-05,0.000101757,0.000101441,9.72779e-05,8.94407e-05,7.8243e-05,6.41285e-05,4.76563e-05,2.94821e-05,1.03339e-05,-9.01799e-06,-2.77951e-05,-4.52493e-05,-6.07014e-05,-7.35794e-05,-8.34501e-05,-9.00439e-05,-9.32683e-05,-9.32088e-05,-9.01173e-05,-8.43878e-05,-7.65231e-05,-6.70938e-05,-5.66955e-05,-4.59068e-05,-3.52525e-05,-2.51754e-05,-1.60179e-05,-8.01422e-06,-1.29353e-06,4.1091e-06,8.23516e-06,1.1182e-05,1.30815e-05,1.4081e-05,1.43274e-05,1.39567e-05,1.38928e-05,1.43228e-05,1.45845e-05,1.44888e-05,1.40029e-05,1.30867e-05,1.16847e-05,9.73289e-06,7.16915e-06,3.94198e-06,0
0,5.67668e-06,1.07793e-05,1.4834e-05,1.77535e-05,1.94823e-05,2.00234e-05,1.9444e-05,1.78683e-05,1.54614e-05,1.24169e-05,9.08153e-06,6.1996e-06,3.69857e-06,8.22135e-07,-2.49255e-06,-6.32902e-06,-1.07829e-05,-1.59479e-05,-2.18977e-05,-2.86668e-05,-3.62312e-05,-4.44942e-05,-5.32772e-05,-6.2319e-05,-7.12829e-05,-7.97735e-05,-8.73589e-05,-9.36001e-05,-9.80817e-05,-0.000100444,-0.000100412,-9.78177e-05,-9.26212e-05,-8.49153e-05,-7.49283e-05,-6.30149e-05,-4.96396e-05,-3.53541e-05,-2.07687e-05,-6.52142e-06,6.75461e-06,1.8463e-05,2.80742e-05,3.51519e-05,3.93759e-05,4.05597e-05,3.86633e-05,3.37991e-05,2.62327e-05,1.6376e-05,4.77184e-06,-7.92803e-06,-2.0994e-05,-3.36565e-05,-4.51492e-05,-5.47553e-05,-6.1853e-05,-6.59572e-05,-6.67525e-05,-6.41153e-05,-5.81223e-05,-4.90452e-05,-3.7331e-05,-2.35714e-05,-8.46394e-06,7.23193e-06,2.27393e-05,3.73056e-05,5.02394e-05,6.094e-05,6.89201e-05,7.38211e-05,7.54222e-05,7.36439e-05,6.8548e-05,6.03326e-05,4.93251e-05,3.59696e-05,2.08118e-05,4.47803e-06,-1.23505e-05,-2.8968e-05,-4.46782e-05,-5.88308e-05,-7.08572e-05,-8.03035e-05,-8.68573e-05,-9.03655e-05,-9.08415e-05,-8.84605e-05,-8.35422e-05,-7.65231e-05,-6.79212e-05,-5.82952e-05,-4.82024e-05,-3.81607e-05,-2.86162e-05,-1.99196e-05,-1.2314e-05,-5.93271e-06,-8.07377e-07,3.11624e-06,5.95714e-06,7.87557e-06,9.05003e-06,9.6571e-06,9.85595e-06,9.77843e-06,1.02754e-05,1.14819e-05,1.27051e-05,1.36604e-05,1.41831e-05,1.40951e-05,1.32221e-05,1.1424e-05,8.62088e-06,4.80184e-06,0
0,6.62922e-06,1.24847e-05,1.70056e-05,2.00581e-05,2.15877e-05,2.16514e-05,2.04129e-05,1.81147e-05,1.50403e-05,1.14817e-05,7.84278e-06,4.86492e-06,2.50035e-06,4.07352e-08,-2.59294e-06,-5.51338e-06,-8.85793e-06,-1.27736e-05,-1.73975e-05,-2.28348e-05,-2.91375e-05,-3.6286e-05,-4.41772e-05,-5.26194e-05,-6.13365e-05,-6.99808e-05,-7.81534e-05,-8.54305e-05,-9.13935e-05,-9.56599e-05,-9.79126e-05,-9.7925e-05,-9.55802e-05,-9.08829e-05,-8.39627e-05,-7.50705e-05,-6.45654e-05,-5.28971e-05,-4.05814e-05,-2.81727e-05,-1.62353e-05,-5.31322e-06,4.09787e-06,1.15765e-05,1.67976e-05,1.95506e-05,1.97522e-05,1.74535e-05,1.28413e-05,6.23227e-06,-1.94005e-06,-1.11451e-05,-2.07823e-05,-3.02145e-05,-3.88051e-05,-4.59576e-05,-5.11551e-05,-5.39943e-05,-5.42142e-05,-5.17142e-05,-4.65616e-05,-3.89861e-05,-2.93645e-05,-1.81946e-05,-6.06233e-06,6.39504e-06,1.85266e-05,2.97036e-05,3.93516e-05,4.69766e-05,5.21855e-05,5.47e-05,5.43659e-05,5.11561e-05,4.51709e-05,3.66327e-05,2.58777e-05,1.33434e-05,-4.48193e-07,-1.49126e-05,-2.94284e-05,-4.33673e-05,-5.6127e-05,-6.71635e-05,-7.60242e-05,-8.23742e-05,-8.6018e-05,-8.69107e-05,-8.51592e-05,-8.10116e-05,-7.48369e-05,-6.70938e-05,-5.82952e-05,-4.89678e-05,-3.9614e-05,-3.06769e-05,-2.25132e-05,-1.53763e-05,-9.40909e-06,-4.64756e-06,-1.03394e-06,1.56361e-06,3.327e-06,4.46283e-06,5.17866e-06,5.66307e-06,6.07111e-06,6.51601e-06,7.76231e-06,9.87685e-06,1.21222e-05,1.41105e-05,1.55468e-05,1.61266e-05,1.55774e-05,1.37087e-05,1.04469e-05,5.83768e-06,0
0,7.67249e-06,1.43993e-05,1.95359e-05,2.28915e-05,2.43929e-05,2.41285e-05,2.23385e-05,1.93713e-05,1.5624e-05,1.14914e-05,7.44426e-06,4.23538e-06,1.85516e-06,-3.44659e-07,-2.44556e-06,-4.57536e-06,-6.89962e-06,-9.60636e-06,-1.28855e-05,-1.69055e-05,-2.17893e-05,-2.75934e-05,-3.4292e-05,-4.17683e-05,-4.98152e-05,-5.81441e-05,-6.64016e-05,-7.4194e-05,-8.11141e-05,-8.67719e-05,-9.08225e-05,-9.29924e-05,-9.30996e-05,-9.1068e-05,-8.69344e-05,-8.08476e-05,-7.30612e-05,-6.39191e-05,-5.38368e-05,-4.32782e-05,-3.27299e-05,-2.26752e-05,-1.35681e-05,-5.80872e-06,2.7816e-07,4.46081e-06,6.61416e-06,6.72803e-06,4.90968e-06,1.38005e-06,-3.53645e-06,-9.42877e-06,-1.58222e-05,-2.22067e-05,-2.80687e-05,-3.29247e-05,-3.63546e-05,-3.80307e-05,-3.77414e-05,-3.54069e-05,-3.10849e-05,-2.49667e-05,-1.73642e-05,-8.6877e-06,5.80802e-07,9.91898e-06,1.87959e-05,2.67027e-05,3.31794e-05,3.78381e-05,4.03806e-05,4.06109e-05,3.84423e-05,3.3901e-05,2.71242e-05,1.83551e-05,7.93312e-06,-3.71887e-06,-1.61127e-05,-2.87162e-05,-4.0979e-05,-5.23601e-05,-6.23585e-05,-7.05419e-05,-7.65738e-05,-8.02354e-05,-8.14401e-05,-8.02392e-05,-7.68171e-05,-7.14769e-05,-6.46162e-05,-5.66955e-05,-4.82024e-05,-3.9614e-05,-3.13625e-05,-2.38051e-05,-1.72032e-05,-1.1711e-05,-7.37447e-06,-4.14041e-06,-1.87355e-06,-3.7957e-07,5.68927e-07,1.20641e-06,1.75101e-06,2.38579e-06,3.24617e-06,4.41386e-06,6.5559e-06,9.65867e-06,1.29302e-05,1.58778e-05,1.80836e-05,1.9134e-05,1.86826e-05,1.65153e-05,1.25879e-05,7.01542e-06,0
0,8.77426e-06,1.64623e-05,2.23435e-05,2.61621e-05,2.78087e-05,2.73805e-05,2.51725e-05,2.16222e-05,1.72321e-05,1.24985e-05,7.96561e-06,4.40802e-06,1.86579e-06,-2.38515e-07,-1.9758e-06,-3.47498e-06,-4.91545e-06,-6.51232e-06,-8.49587e-06,-1.10871e-05,-1.4472e-05,-1.87785e-05,-2.40566e-05,-3.02668e-05,-3.72765e-05,-4.48643e-05,-5.2734e-05,-6.05347e-05,-6.78856e-05,-7.44037e-05,-7.97317e-05,-8.35633e-05,-8.56646e-05,-8.58899e-05,-8.41916e-05,-8.06229e-05,-7.53349e-05,-6.85667e-05,-6.06316e-05,-5.18988e-05,-4.27719e-05,-3.36669e-05,-2.49887e-05,-1.71094e-05,-1.03471e-05,-4.94928e-06,-1.07811e-06,1.1987e-06,1.91236e-06,1.19171e-06,-7.44023e-07,-3.59837e-06,-7.01635e-06,-1.06079e-05,-1.39746e-05,-1.67378e-05,-1.85667e-05,-1.92026e-05,-1.84791e-05,-1.63349e-05,-1.28189e-05,-8.08736e-06,-2.39246e-06,3.9354e-06,1.05104e-05,1.69174e-05,2.27379e-05,2.75767e-05,3.10836e-05,3.29737e-05,3.30411e-05,3.11699e-05,2.73396e-05,2.16265e-05,1.42012e-05,5.3221e-06,-4.67471e-06,-1.53895e-05,-2.63766e-05,-3.71654e-05,-4.72843e-05,-5.62866e-05,-6.37762e-05,-6.94328e-05,-7.30331e-05,-7.44666e-05,-7.37441e-05,-7.0998e-05,-6.64725e-05,-6.05056e-05,-5.3503e-05,-4.59068e-05,-3.81607e-05,-3.06769e-05,-2.38051e-05,-1.78096e-05,-1.28541e-05,-8.99611e-06,-6.19242e-06,-4.31228e-06,-3.15826e-06,-2.49138e-06,-2.05791e-06,-1.6149e-06,-9.52171e-07,9.12821e-08,1.61738e-06,3.66586e-06,6.79803e-06,1.09115e-05,1.51553e-05,1.89356e-05,2.17249e-05,2.30218e-05,2.24326e-05,1.97464e-05,1.49689e-05,8.29387e-06,0
0,9.89939e-06,1.86056e-05,2.53335e-05,2.97572e-05,3.17161e-05,3.12946e-05,2.882e-05,2.48002e-05,1.98303e-05,1.45029e-05,9.43724e-06,5.43726e-06,2.60122e-06,4.31369e-07,-1.12107e-06,-2.17286e-06,-2.90288e-06,-3.53878e-06,-4.33702e-06,-5.55848e-06,-7.44184e-06,-1.01781e-05,-1.38889e-05,-1.86107e-05,-2.42875e-05,-3.07712e-05,-3.78313e-05,-4.51709e-05,-5.24486e-05,-5.93033e-05,-6.53804e-05,-7.03559e-05,-7.39585e-05,-7.59863e-05,-7.63189e-05,-7.49236e-05,-7.18559e-05,-6.72548e-05,-6.13333e-05,-5.43653e-05,-4.66687e-05,-3.85877e-05,-3.04727e-05,-2.26606e-05,-1.54562e-05,-9.11525e-06,-3.82995e-06,2.81546e-07,3.18145e-06,4.91367e-06,5.59984e-06,5.42991e-06,4.64777e-06,3.53247e-06,2.37643e-06,1.46211e-06,1.039e-06,1.30293e-06,2.3795e-06,4.31304e-06,7.06229e-06,1.05028e-05,1.44362e-05,1.86048e-05,2.27105e-05,2.64361e-05,2.94675e-05,3.15149e-05,3.23313e-05,3.17281e-05,2.95868e-05,2.58666e-05,2.06079e-05,1.3932e-05,6.03682e-06,-2.81057e-06,-1.2285e-05,-2.20177e-05,-3.16129e-05,-4.06685e-05,-4.8797e-05,-5.56485e-05,-6.09322e-05,-6.44361e-05,-6.60426e-05,-6.57385e-05,-6.36179e-05,-5.98765e-05,-5.47992e-05,-4.87384e-05,-4.20879e-05,-3.52525e-05,-2.86162e-05,-2.25132e-05,-1.72032e-05,-1.28541e-05,-9.53336e-06,-7.20917e-06,-5.76011e-06,-4.99299e-06,-4.666e-06,-4.51497e-06,-4.2797e-06,-3.72799e-06,-2.67494e-06,-9.96308e-07,1.36504e-06,4.39931e-06,8.55735e-06,1.36441e-05,1.87504e-05,2.31905e-05,2.63452e-05,2.76493e-05,2.66894e-05,2.32828e-05,1.75028e-05,9.62662e-06,0
0,1.10113e-05,2.0757e-05,2.8402e-05,3.35486e-05,3.59722e-05,3.57252e-05,3.31454e-05,2.87903e-05,2.33319e-05,1.74503e-05,1.18375e-05,7.33003e-06,4.09015e-06,1.70634e-06,1.61463e-07,-6.37337e-07,-8.54989e-07,-7.17146e-07,-4.91808e-07,-4.65601e-07,-9.17151e-07,-2.09039e-06,-4.17067e-06,-7.26619e-06,-1.13966e-05,-1.64898e-05,-2.23867e-05,-2.88533e-05,-3.55988e-05,-4.22974e-05,-4.86116e-05,-5.42153e-05,-5.88148e-05,-6.21671e-05,-6.40929e-05,-6.44855e-05,-6.33154e-05,-6.06291e-05,-5.65449e-05,-5.12442e-05,-4.49597e-05,-3.79616e-05,-3.05414e-05,-2.29955e-05,-1.56077e-05,-8.63401e-06,-2.28751e-06,3.27268e-06,7.94974e-06,1.17129e-05,1.45968e-05,1.66957e-05,1.81532e-05,1.91481e-05,1.98772e-05,2.05362e-05,2.13013e-05,2.23116e-05,2.36561e-05,2.53634e-05,2.73989e-05,2.96664e-05,3.20151e-05,3.42526e-05,3.61593e-05,3.75068e-05,3.80755e-05,3.76713e-05,3.61413e-05,3.33849e-05,2.93627e-05,2.41017e-05,1.76956e-05,1.0303e-05,2.14167e-06,-6.52036e-06,-1.53764e-05,-2.40952e-05,-3.23374e-05,-3.97732e-05,-4.61018e-05,-5.10692e-05,-5.4486e-05,-5.62414e-05,-5.63127e-05,-5.47702e-05,-5.1774e-05,-4.75649e-05,-4.24481e-05,-3.67708e-05,-3.08962e-05,-2.51754e-05,-1.99196e-05,-1.53763e-05,-1.1711e-05,-8.99611e-06,-7.20917e-06,-6.23918e-06,-5.90119e-06,-5.95694e-06,-6.13956e-06,-6.17966e-06,-5.83009e-06,-4.88717e-06,-3.20658e-06,-7.12757e-07,2.59847e-06,6.6636e-06,1.1822e-05,1.77866e-05,2.35959e-05,2.84862e-05,3.17676e-05,3.28374e-05,3.12889e-05,2.69898e-05,2.00942e-05,1.09642e-05,0
0,1.20731e-05,2.28429e-05,3.1441e-05,3.73982e-05,4.04175e-05,4.05024e-05,3.79801e-05,3.34368e-05,2.76041e-05,2.12372e-05,1.50948e-05,1.00458e-05,6.31911e-06,3.59346e-06,1.89041e-06,1.15069e-06,1.23522e-06,1.93391e-06,2.98176e-06,4.08104e-06,4.92714e-06,5.23558e-06,4.76734e-06,3.34983e-06,8.91606e-07,-2.61037e-06,-7.07129e-06,-1.23263e-05,-1.81441e-05,-2.42454e-05,-3.03232e-05,-3.60637e-05,-4.11667e-05,-4.53635e-05,-4.84308e-05,-5.02025e-05,-5.05765e-05,-4.9518e-05,-4.70588e-05,-4.32937e-05,-3.83733e-05,-3.24944e-05,-2.58875e-05,-1.88034e-05,-1.14987e-05,-4.22055e-06,2.80689e-06,9.39484e-06,1.53995e-05,2.07281e-05,2.53411e-05,2.92501e-05,3.25113e-05,3.52156e-05,3.74752e-05,3.94096e-05,4.11296e-05,4.27246e-05,4.42501e-05,4.57209e-05,4.71077e-05,4.83386e-05,4.93047e-05,4.98705e-05,4.98862e-05,4.92014e-05,4.76802e-05,4.52137e-05,4.17318e-05,3.72114e-05,3.16824e-05,2.52291e-05,1.79892e-05,1.01496e-05,1.93929e-06,-6.38094e-06,-1.45298e-05,-2.22195e-05,-2.91707e-05,-3.51282e-05,-3.98762e-05,-4.32532e-05,-4.51638e-05,-4.55877e-05,-4.45837e-05,-4.2289e-05,-3.89119e-05,-3.47185e-05,-3.0015e-05,-2.5125e-05,-2.03646e-05,-1.60179e-05,-1.2314e-05,-9.40909e-06,-7.37447e-06,-6.19242e-06,-5.76011e-06,-5.90119e-06,-6.38393e-06,-6.94386e-06,-7.3088e-06,-7.2235e-06,-6.47177e-06,-4.89398e-06,-2.39865e-06,1.03254e-06,5.34623e-06,1.04245e-05,1.64978e-05,2.31924e-05,2.95046e-05,3.46105e-05,3.77728e-05,3.83774e-05,3.60486e-05,3.07231e-05,2.26443e-05,1.22564e-05,0
0,1.30492e-05,2.4791e-05,3.43417e-05,4.11644e-05,4.48833e-05,4.54398e-05,4.31315e-05,3.85532e-05,3.24769e-05,2.57184e-05,1.90939e-05,1.35011e-05,9.23522e-06,6.06642e-06,4.05949e-06,3.19598e-06,3.37245e-06,4.40637e-06,6.04935e-06,8.00697e-06,9.96308e-06,1.16063e-05,1.26561e-05,1.2885e-05,1.21367e-05,1.03366e-05,7.49551e-06,3.7063e-06,-8.65662e-07,-5.99652e-06,-1.14211e-05,-1.68516e-05,-2.19958e-05,-2.65746e-05,-3.03371e-05,-3.30728e-05,-3.46216e-05,-3.48802e-05,-3.3805e-05,-3.14128e-05,-2.7778e-05,-2.30265e-05,-1.73278e-05,-1.08843e-05,-3.91904e-06,3.33751e-06,1.06607e-05,1.7844e-05,2.47101e-05,3.11184e-05,3.69697e-05,4.22077e-05,4.68153e-05,5.08089e-05,5.42287e-05,5.71281e-05,5.9562e-05,6.15758e-05,6.31963e-05,6.44255e-05,6.52382e-05,6.55829e-05,6.53868e-05,6.45633e-05,6.30223e-05,6.06811e-05,5.74754e-05,5.33694e-05,4.83637e-05,4.25007e-05,3.5867e-05,2.85932e-05,2.085e-05,1.28425e-05,4.80146e-06,-3.02713e-06,-1.03937e-05,-1.70582e-05,-2.2803e-05,-2.74465e-05,-3.08543e-05,-3.295e-05,-3.37221e-05,-3.32274e-05,-3.15906e-05,-2.89981e-05,-2.56873e-05,-2.19308e-05,-1.80177e-05,-1.42314e-05,-1.08277e-05,-8.01422e-06,-5.93271e-06,-4.64756e-06,-4.14041e-06,-4.31228e-06,-4.99299e-06,-5.95694e-06,-6.94386e-06,-7.68233e-06,-7.91383e-06,-7.41497e-06,-6.0159e-06,-3.61333e-06,-1.77274e-07,4.24858e-06,9.55242e-06,1.55647e-05,2.2413e-05,2.96459e-05,3.62317e-05,4.13066e-05,4.41101e-05,4.40413e-05,4.07767e-05,3.43356e-05,2.50547e-05,1.34541e-05,0
0,1.39059e-05,2.65326e-05,3.69996e-05,4.47073e-05,4.91991e-05,5.03441e-05,4.83942e-05,4.3933e-05,3.77544e-05,3.07182e-05,2.36863e-05,1.75784e-05,1.2753e-05,9.07046e-06,6.64056e-06,5.49025e-06,5.55914e-06,6.70214e-06,8.6995e-06,1.12736e-05,1.41111e-05,1.6888e-05,1.9295e-05,2.10618e-05,2.19764e-05,2.18992e-05,2.077e-05,1.86098e-05,1.55149e-05,1.16473e-05,7.22114e-06,2.48701e-06,-2.28443e-06,-6.81864e-06,-1.08523e-05,-1.41467e-05,-1.64993e-05,-1.77523e-05,-1.77998e-05,-1.65914e-05,-1.41329e-05,-1.04849e-05,-5.75757e-06,-1.03618e-07,6.29181e-06,1.32224e-05,2.04728e-05,2.7831e-05,3.50998e-05,4.21055e-05,4.87051e-05,5.47895e-05,6.02839e-05,6.5144e-05,6.93513e-05,7.29043e-05,7.58108e-05,7.80792e-05,7.97115e-05,8.06986e-05,8.10184e-05,8.06361e-05,7.95088e-05,7.75907e-05,7.48419e-05,7.12356e-05,6.67674e-05,6.14614e-05,5.53755e-05,4.86041e-05,4.12777e-05,3.35605e-05,2.56446e-05,1.77426e-05,1.0078e-05,2.87499e-06,-3.65375e-06,-9.31818e-06,-1.39623e-05,-1.74743e-05,-1.97947e-05,-2.09223e-05,-2.09168e-05,-1.9897e-05,-1.80362e-05,-1.55517e-05,-1.26913e-05,-9.71655e-06,-6.88303e-06,-4.42092e-06,-2.51594e-06,-1.29353e-06,-8.07377e-07,-1.03394e-06,-1.87355e-06,-3.15826e-06,-4.666e-06,-6.13956e-06,-7.3088e-06,-7.91383e-06,-7.72708e-06,-6.57207e-06,-4.33732e-06,-9.84365e-07,3.45058e-06,8.86097e-06,1.50793e-05,2.18902e-05,2.93274e-05,3.68742e-05,4.34881e-05,4.82866e-05,5.05102e-05,4.9593e-05,4.52806e-05,3.76837e-05,2.7232e-05,1.45118e-05,0
0,1.46126e-05,2.80046e-05,3.93164e-05,4.78934e-05,5.31991e-05,5.50232e-05,5.35587e-05,4.9361e-05,4.32267e-05,3.60423e-05,2.87015e-05,2.21369e-05,1.67641e-05,1.25303e-05,9.58953e-06,8.01613e-06,7.79754e-06,8.83368e-06,1.09434e-05,1.3878e-05,1.73402e-05,2.10073e-05,2.45555e-05,2.76842e-05,3.01369e-05,3.17177e-05,3.23018e-05,3.1841e-05,3.03623e-05,2.79625e-05,2.47981e-05,2.10735e-05,1.70262e-05,1.29128e-05,8.99407e-06,5.52163e-06,2.72496e-06,8.00635e-07,-9.68337e-08,1.38182e-07,1.55817e-06,4.1611e-06,7.89196e-06,1.26474e-05,1.82827e-05,2.46217e-05,3.14674e-05,3.86136e-05,4.58562e-05,5.30036e-05,5.98843e-05,6.63525e-05,7.22906e-05,7.7609e-05,8.2243e-05,8.6148e-05,8.92939e-05,9.16592e-05,9.32254e-05,9.39743e-05,9.38855e-05,9.2938e-05,9.11124e-05,8.83963e-05,8.47895e-05,8.03103e-05,7.5001e-05,6.89325e-05,6.2206e-05,5.49541e-05,4.73375e-05,3.95411e-05,3.17663e-05,2.42231e-05,1.71195e-05,1.06514e-05,4.9913e-06,2.78625e-07,-3.3895e-06,-5.96534e-06,-7.45526e-06,-7.92139e-06,-7.47985e-06,-6.29525e-06,-4.57141e-06,-2.53854e-06,-4.37632e-07,1.49713e-06,3.05655e-06,4.07368e-06,4.43859e-06,4.1091e-06,3.11624e-06,1.56361e-06,-3.7957e-07,-2.49138e-06,-4.51497e-06,-6.17966e-06,-7.2235e-06,-7.41497e-06,-6.57207e-06,-4.57685e-06,-1.38437e-06,2.97463e-06,8.39712e-06,1.47166e-05,2.17159e-05,2.91422e-05,3.69469e-05,4.45629e-05,5.09557e-05,5.52464e-05,5.66981e-05,5.4799e-05,4.93757e-05,4.06339e-05,2.90911e-05,1.53888e-05,0
0,1.51423e-05,2.91511e-05,4.12036e-05,5.05997e-05,5.6727e-05,5.92928e-05,5.8421e-05,5.46233e-05,4.86812e-05,4.14903e-05,3.39601e-05,2.70246e-05,2.11482e-05,1.63596e-05,1.28541e-05,1.07528e-05,1.00933e-05,1.08257e-05,1.28151e-05,1.58518e-05,1.96666e-05,2.39512e-05,2.83813e-05,3.26395e-05,3.64371e-05,3.95327e-05,4.17453e-05,4.29633e-05,4.31471e-05,4.23276e-05,4.06004e-05,3.81167e-05,3.50718e-05,3.16928e-05,2.82248e-05,2.49176e-05,2.20123e-05,1.97294e-05,1.82573e-05,1.77436e-05,1.82881e-05,1.99386e-05,2.26898e-05,2.64849e-05,3.1221e-05,3.67559e-05,4.29183e-05,4.95177e-05,5.63558e-05,6.32365e-05,6.99747e-05,7.64034e-05,8.23776e-05,8.77763e-05,9.2502e-05,9.64786e-05,9.96473e-05,0.000101964,0.000103394,0.000103912,0.000103499,0.000102144,9.98464e-05,9.66188e-05,9.24914e-05,8.7516e-05,8.17694e-05,7.53555e-05,6.84052e-05,6.10751e-05,5.35426e-05,4.60005e-05,3.86485e-05,3.16841e-05,2.52925e-05,1.96367e-05,1.48473e-05,1.10145e-05,8.18123e-06,6.33896e-06,5.42653e-06,5.33206e-06,5.89852e-06,6.93276e-06,8.21774e-06,9.52743e-06,1.06433e-05,1.13717e-05,1.15598e-05,1.11097e-05,9.98877e-06,8.23516e-06,5.95714e-06,3.327e-06,5.68927e-07,-2.05791e-06,-4.2797e-06,-5.83009e-06,-6.47177e-06,-6.0159e-06,-4.33732e-06,-1.38437e-06,2.81738e-06,8.16773e-06,1.45001e-05,2.15942e-05,2.91917e-05,3.7013e-05,4.49401e-05,5.23728e-05,5.83042e-05,6.18804e-05,6.24064e-05,5.94389e-05,5.28926e-05,4.30671e-05,3.05587e-05,1.60509e-05,0
0,1.54724e-05,2.99243e-05,4.2584e-05,5.27166e-05,5.96408e-05,6.2982e-05,6.27885e-05,5.95152e-05,5.3912e-05,4.68653e-05,3.92841e-05,3.20893e-05,2.57841e-05,2.04709e-05,1.63816e-05,1.36819e-05,1.24595e-05,1.2717e-05,1.43715e-05,1.72599e-05,2.11514e-05,2.57643e-05,3.07864e-05,3.58973e-05,4.07895e-05,4.51881e-05,4.88664e-05,5.16572e-05,5.34596e-05,5.42413e-05,5.40359e-05,5.29378e-05,5.10935e-05,4.86914e-05,4.59493e-05,4.31024e-05,4.03891e-05,3.80392e-05,3.62608e-05,3.523e-05,3.5082e-05,3.59047e-05,3.77351e-05,4.05594e-05,4.43149e-05,4.88963e-05,5.41629e-05,5.99484e-05,6.60703e-05,7.23407e-05,7.85745e-05,8.45975e-05,9.02516e-05,9.53982e-05,9.99196e-05,0.000103719,0.000106719,0.000108858,0.000110092,0.000110389,0.000109733,0.000108119,0.00010556,0.000102086,9.77499e-05,9.26248e-05,8.68103e-05,8.04302e-05,7.3632e-05,6.65825e-05,5.94632e-05,5.24629e-05,4.57692e-05,3.9559e-05,3.39888e-05,2.91855e-05,2.52379e-05,2.21903e-05,2.00378e-05,1.87254e-05,1.81493e-05,1.81624e-05,1.8583e-05,1.92059e-05,1.98175e-05,2.02112e-05,2.02042e-05,1.9653e-05,1.84675e-05,1.66209e-05,1.41553e-05,1.1182e-05,7.87557e-06,4.46283e-06,1.20641e-06,-1.6149e-06,-3.72799e-06,-4.88717e-06,-4.89398e-06,-3.61333e-06,-9.84365e-07,2.97463e-06,8.16773e-06,1.44289e-05,2.15344e-05,2.92191e-05,3.71942e-05,4.51646e-05,5.29576e-05,5.99581e-05,6.52071e-05,6.78953e-05,6.73859e-05,6.33137e-05,5.56837e-05,4.48831e-05,3.15753e-05,1.64716e-05,0
0,1.55855e-05,3.02862e-05,4.33935e-05,5.41499e-05,6.18151e-05,6.5937e-05,6.64846e-05,6.38466e-05,5.87258e-05,5.19821e-05,4.45057e-05,3.71882e-05,3.0558e-05,2.47832e-05,2.01261e-05,1.67928e-05,1.49194e-05,1.45617e-05,1.56914e-05,1.81981e-05,2.18972e-05,2.65439e-05,3.18503e-05,3.75058e-05,4.31977e-05,4.86304e-05,5.35433e-05,5.77237e-05,6.10173e-05,6.33331e-05,6.4645e-05,6.49895e-05,6.44605e-05,6.32008e-05,6.13921e-05,5.92435e-05,5.69785e-05,5.48226e-05,5.299e-05,5.16721e-05,5.10273e-05,5.11733e-05,5.21816e-05,5.40752e-05,5.68296e-05,6.03762e-05,6.46086e-05,6.93902e-05,7.45632e-05,7.99577e-05,8.54005e-05,9.07227e-05,9.57657e-05,0.000100386,0.000104457,0.000107871,0.000110541,0.000112397,0.000113388,0.000113479,0.000112653,0.000110913,0.00010828,0.000104795,0.000100523,9.5551e-05,8.99888e-05,8.39687e-05,7.76418e-05,7.11733e-05,6.4737e-05,5.85074e-05,5.26511e-05,4.73175e-05,4.26306e-05,3.86799e-05,3.55142e-05,3.31366e-05,3.15028e-05,3.05217e-05,3.00602e-05,2.99509e-05,3.00027e-05,3.00146e-05,2.97909e-05,2.91576e-05,2.79773e-05,2.61637e-05,2.36915e-05,2.06028e-05,1.70082e-05,1.30815e-05,9.05003e-06,5.17866e-06,1.75101e-06,-9.52171e-07,-2.67494e-06,-3.20658e-06,-2.39865e-06,-1.77274e-07,3.45058e-06,8.39712e-06,1.45001e-05,2.15344e-05,2.92284e-05,3.72823e-05,4.53883e-05,5.32482e-05,6.06492e-05,6.69817e-05,7.13551e-05,7.30215e-05,7.14145e-05,6.62523e-05,5.76269e-05,4.60031e-05,3.20966e-05,1.66321e-05,0
0,1.54695e-05,3.0209e-05,4.3582e-05,5.4822e-05,6.31427e-05,6.8022e-05,6.93507e-05,6.74441e-05,6.29455e-05,5.66708e-05,4.94726e-05,4.21937e-05,3.53706e-05,2.9228e-05,2.40522e-05,2.00851e-05,1.75079e-05,1.64283e-05,1.68735e-05,1.8789e-05,2.20425e-05,2.64343e-05,3.17114e-05,3.75851e-05,4.37502e-05,4.9904e-05,5.57644e-05,6.1085e-05,6.56673e-05,6.93691e-05,7.21093e-05,7.38683e-05,7.46856e-05,7.46548e-05,7.39146e-05,7.26394e-05,7.1027e-05,6.92868e-05,6.76266e-05,6.62408e-05,6.52994e-05,6.49392e-05,6.52573e-05,6.63072e-05,6.80983e-05,7.05973e-05,7.37331e-05,7.74028e-05,8.14789e-05,8.58177e-05,9.0267e-05,9.46735e-05,9.8889e-05,0.000102775,0.000106208,0.000109079,0.000111297,0.000112789,0.000113503,0.000113404,0.000112475,0.000110723,0.000108174,0.000104873,0.000100892,9.63208e-05,9.12707e-05,8.58714e-05,8.02667e-05,7.461e-05,6.90573e-05,6.37599e-05,5.88567e-05,5.44651e-05,5.06739e-05,4.7536e-05,4.50635e-05,4.32248e-05,4.19451e-05,4.11089e-05,4.0567e-05,4.01458e-05,3.966e-05,3.89265e-05,3.77805e-05,3.60901e-05,3.37706e-05,3.07952e-05,2.72023e-05,2.30973e-05,1.8649e-05,1.4081e-05,9.6571e-06,5.66307e-06,2.38579e-06,9.12821e-08,-9.96308e-07,-7.12757e-07,1.03254e-06,4.24858e-06,8.86097e-06,1.47166e-05,2.15942e-05,2.92191e-05,3.72823e-05,4.54606e-05,5.34374e-05,6.09229e-05,6.76805e-05,7.31292e-05,7.6467e-05,7.70215e-05,7.43041e-05,6.81161e-05,5.86291e-05,4.63715e-05,3.2095e-05,1.65224e-05,0
0,1.51187e-05,2.96764e-05,4.31151e-05,5.46737e-05,6.35357e-05,6.91207e-05,7.12461e-05,7.01509e-05,6.64088e-05,6.07765e-05,5.40493e-05,4.69976e-05,4.01403e-05,3.37513e-05,2.81363e-05,2.35685e-05,2.02697e-05,1.83968e-05,1.80315e-05,1.91761e-05,2.17545e-05,2.56184e-05,3.05581e-05,3.63178e-05,4.26117e-05,4.91432e-05,5.56216e-05,6.17791e-05,6.73844e-05,7.22533e-05,7.62561e-05,7.93213e-05,8.14358e-05,8.2642e-05,8.30318e-05,8.27382e-05,8.19251e-05,8.07758e-05,7.94809e-05,7.82266e-05,7.71834e-05,7.64971e-05,7.62815e-05,7.66134e-05,7.75306e-05,7.90324e-05,8.10822e-05,8.36119e-05,8.65282e-05,8.97187e-05,9.3059e-05,9.64193e-05,9.96703e-05,0.000102688,0.000105358,0.000107578,0.000109262,0.00011034,0.000110761,0.00011049,0.000109515,0.000107843,0.000105501,0.000102537,9.90192e-05,9.5035e-05,9.06887e-05,8.60983e-05,8.13919e-05,7.67017e-05,7.21585e-05,6.78841e-05,6.39847e-05,6.05428e-05,5.76119e-05,5.52104e-05,5.33186e-05,5.18778e-05,5.07921e-05,4.99333e-05,4.91489e-05,4.82727e-05,4.71381e-05,4.55922e-05,4.35104e-05,4.08102e-05,3.74625e-05,3.34998e-05,2.90189e-05,2.41794e-05,1.91964e-05,1.43274e-05,9.85595e-06,6.07111e-06,3.24617e-06,1.61738e-06,1.36504e-06,2.59847e-06,5.34623e-06,9.55242e-06,1.50793e-05,2.17159e-05,2.91917e-05,3.71942e-05,4.53883e-05,5.34374e-05,6.10239e-05,6.78724e-05,7.37435e-05,7.81166e-05,8.02965e-05,7.96951e-05,7.59037e-05,6.88015e-05,5.86275e-05,4.59569e-05,3.15591e-05,1.61411e-05,0
0,1.45339e-05,2.86845e-05,4.19749e-05,5.36649e-05,6.29261e-05,6.91355e-05,7.20464e-05,7.18234e-05,6.89644e-05,6.41548e-05,5.81151e-05,5.15145e-05,4.48042e-05,3.83124e-05,3.23636e-05,2.72581e-05,2.32539e-05,2.05523e-05,1.92867e-05,1.95153e-05,2.12197e-05,2.43069e-05,2.86176e-05,3.39375e-05,4.00116e-05,4.65612e-05,5.33002e-05,5.99523e-05,6.6265e-05,7.20229e-05,7.70565e-05,8.12484e-05,8.45367e-05,8.69137e-05,8.84226e-05,8.91512e-05,8.92231e-05,8.87879e-05,8.801e-05,8.70577e-05,8.60922e-05,8.52589e-05,8.46795e-05,8.44466e-05,8.46207e-05,8.52291e-05,8.62673e-05,8.77017e-05,8.94741e-05,9.15064e-05,9.37061e-05,9.59722e-05,9.81999e-05,0.000100286,0.000102132,0.000103649,0.00010476,0.000105403,0.000105529,0.00010511,0.000104135,0.000102611,0.000100566,9.80426e-05,9.51049e-05,9.183e-05,8.83085e-05,8.46405e-05,8.0931e-05,7.72854e-05,7.38035e-05,7.05735e-05,6.7666e-05,6.51284e-05,6.298e-05,6.12085e-05,5.97683e-05,5.85818e-05,5.75418e-05,5.65187e-05,5.53685e-05,5.39444e-05,5.21096e-05,4.97503e-05,4.67892e-05,4.31968e-05,3.89997e-05,3.42851e-05,2.92005e-05,2.39484e-05,1.87753e-05,1.39567e-05,9.77843e-06,6.51601e-06,4.41386e-06,3.66586e-06,4.39931e-06,6.6636e-06,1.04245e-05,1.55647e-05,2.18902e-05,2.91422e-05,3.7013e-05,4.51646e-05,5.32482e-05,6.09229e-05,6.78724e-05,7.38174e-05,7.85606e-05,8.16935e-05,8.26348e-05,8.08818e-05,7.61016e-05,6.82409e-05,5.75903e-05,4.47521e-05,3.04947e-05,1.54954e-05,0
0,1.37236e-05,2.72425e-05,4.01613e-05,5.1776e-05,6.12666e-05,6.79871e-05,7.16414e-05,7.23265e-05,7.04643e-05,6.66617e-05,6.15559e-05,5.56513e-05,4.93259e-05,4.2938e-05,3.6832e-05,3.13305e-05,2.67213e-05,2.32441e-05,2.10787e-05,2.03363e-05,2.10551e-05,2.31995e-05,2.66648e-05,3.12855e-05,3.68468e-05,4.3099e-05,4.97734e-05,5.65978e-05,6.33118e-05,6.96802e-05,7.5504e-05,8.06286e-05,8.49489e-05,8.84106e-05,9.10091e-05,9.27855e-05,9.38193e-05,9.4221e-05,9.41216e-05,9.36633e-05,9.29897e-05,9.2237e-05,9.15263e-05,9.09583e-05,9.06092e-05,9.0529e-05,9.07408e-05,9.12428e-05,9.20102e-05,9.29993e-05,9.41507e-05,9.53943e-05,9.66531e-05,9.7848e-05,9.89012e-05,9.97402e-05,0.000100301,0.000100531,0.00010039,9.98546e-05,9.89154e-05,9.75807e-05,9.58745e-05,9.38361e-05,9.15184e-05,8.89856e-05,8.63101e-05,8.35694e-05,8.08418e-05,7.8202e-05,7.5716e-05,7.34372e-05,7.1401e-05,6.96209e-05,6.8086e-05,6.67586e-05,6.55748e-05,6.44462e-05,6.32649e-05,6.19103e-05,6.02577e-05,5.81899e-05,5.56081e-05,5.24445e-05,4.86726e-05,4.43157e-05,3.94527e-05,3.42182e-05,2.87999e-05,2.3429e-05,1.83678e-05,1.38928e-05,1.02754e-05,7.76231e-06,6.5559e-06,6.79803e-06,8.55735e-06,1.1822e-05,1.64978e-05,2.2413e-05,2.93274e-05,3.69469e-05,4.49401e-05,5.29576e-05,6.06492e-05,6.76805e-05,7.37435e-05,7.85606e-05,8.18744e-05,8.364e-05,8.33107e-05,8.04615e-05,7.48259e-05,6.64036e-05,5.55168e-05,4.27744e-05,2.8924e-05,1.4601e-05,0
0,1.27041e-05,2.53744e-05,3.76941e-05,4.90101e-05,5.85327e-05,6.56162e-05,6.99342e-05,7.15296e-05,7.07537e-05,6.81343e-05,6.41353e-05,5.90948e-05,5.3367e-05,4.73051e-05,4.12567e-05,3.55544e-05,3.05051e-05,2.63773e-05,2.33889e-05,2.16975e-05,2.13937e-05,2.24976e-05,2.49609e-05,2.86712e-05,3.3461e-05,3.91198e-05,4.54073e-05,5.20686e-05,5.88482e-05,6.55044e-05,7.18209e-05,7.76162e-05,8.27506e-05,8.71295e-05,9.07047e-05,9.34717e-05,9.54657e-05,9.67549e-05,9.74327e-05,9.76097e-05,9.74047e-05,9.69375e-05,9.63212e-05,9.5657e-05,9.50296e-05,9.45048e-05,9.4128e-05,9.39238e-05,9.38975e-05,9.40367e-05,9.43136e-05,9.46886e-05,9.51127e-05,9.55321e-05,9.58909e-05,9.61352e-05,9.62159e-05,9.60922e-05,9.57332e-05,9.51205e-05,9.42483e-05,9.31244e-05,9.17693e-05,9.0215e-05,8.85029e-05,8.66813e-05,8.48025e-05,8.29195e-05,8.1082e-05,7.93334e-05,7.77066e-05,7.62212e-05,7.488e-05,7.36671e-05,7.25467e-05,7.14627e-05,7.03406e-05,6.90907e-05,6.76135e-05,6.58065e-05,6.35733e-05,6.0833e-05,5.75306e-05,5.36465e-05,4.92044e-05,4.42766e-05,3.89865e-05,3.35056e-05,2.80475e-05,2.28568e-05,1.8195e-05,1.43228e-05,1.14819e-05,9.87685e-06,9.65867e-06,1.09115e-05,1.36441e-05,1.77866e-05,2.31924e-05,2.96459e-05,3.68742e-05,4.45629e-05,5.23728e-05,5.99581e-05,6.69817e-05,7.31292e-05,7.81166e-05,8.16935e-05,8.364e-05,8.37702e-05,8.21914e-05,7.8355e-05,7.20452e-05,6.32953e-05,5.24378e-05,4.00651e-05,2.68856e-05,1.34819e-05,0
0,1.14998e-05,2.31191e-05,3.4614e-05,4.53951e-05,5.47255e-05,6.19851e-05,6.68417e-05,6.93033e-05,6.96641e-05,6.82811e-05,6.54067e-05,6.13258e-05,5.63492e-05,5.08025e-05,4.50168e-05,3.9319e-05,3.40206e-05,2.94055e-05,2.57177e-05,2.31508e-05,2.18396e-05,2.18549e-05,2.32017e-05,2.58218e-05,2.9599e-05,3.43689e-05,3.99295e-05,4.60545e-05,5.25067e-05,5.90512e-05,6.54676e-05,7.15602e-05,7.71656e-05,8.21585e-05,8.64541e-05,9.00075e-05,9.28123e-05,9.48953e-05,9.63111e-05,9.71359e-05,9.74599e-05,9.7381e-05,9.69981e-05,9.64064e-05,9.56923e-05,9.49306e-05,9.41818e-05,9.34912e-05,9.28883e-05,9.23873e-05,9.1988e-05,9.1678e-05,9.14347e-05,9.1228e-05,9.10237e-05,9.07861e-05,9.04819e-05,9.00823e-05,8.95659e-05,8.89203e-05,8.81426e-05,8.72401e-05,8.62291e-05,8.51335e-05,8.39824e-05,8.28079e-05,8.16418e-05,8.05127e-05,7.94432e-05,7.84471e-05,7.75273e-05,7.66733e-05,7.58607e-05,7.505e-05,7.41875e-05,7.32064e-05,7.20296e-05,7.05742e-05,6.87566e-05,6.64995e-05,6.37397e-05,6.04364e-05,5.65789e-05,5.21937e-05,4.73492e-05,4.21585e-05,3.67776e-05,3.14008e-05,2.62521e-05,2.15729e-05,1.7607e-05,1.45845e-05,1.27051e-05,1.21222e-05,1.29302e-05,1.51553e-05,1.87504e-05,2.35959e-05,2.95046e-05,3.62317e-05,4.34881e-05,5.09557e-05,5.83042e-05,6.52071e-05,7.13551e-05,7.6467e-05,8.02965e-05,8.26348e-05,8.33107e-05,8.21914e-05,7.91821e-05,7.45248e-05,6.77693e-05,5.89598e-05,4.84152e-05,3.66896e-05,2.44341e-05,1.21701e-05,0
0,1.0143e-05,2.05314e-05,3.09846e-05,4.09875e-05,4.98765e-05,5.70839e-05,6.22992e-05,6.55213e-05,6.69322e-05,6.66575e-05,6.48734e-05,6.17994e-05,5.76913e-05,5.28311e-05,4.75169e-05,4.20538e-05,3.6742e-05,3.18652e-05,2.76789e-05,2.4399e-05,2.21925e-05,2.11709e-05,2.13862e-05,2.28305e-05,2.54391e-05,2.90968e-05,3.36465e-05,3.88999e-05,4.46493e-05,5.06796e-05,5.67798e-05,6.27535e-05,6.84268e-05,7.36552e-05,7.83275e-05,8.2367e-05,8.57318e-05,8.84117e-05,9.04251e-05,9.1814e-05,9.26387e-05,9.29724e-05,9.28958e-05,9.24924e-05,9.18442e-05,9.1028e-05,9.01125e-05,8.91559e-05,8.8205e-05,8.72938e-05,8.64438e-05,8.56647e-05,8.49556e-05,8.43071e-05,8.37037e-05,8.31267e-05,8.25568e-05,8.19769e-05,8.13743e-05,8.0742e-05,8.008e-05,7.93945e-05,7.86976e-05,7.80052e-05,7.73348e-05,7.67032e-05,7.61233e-05,7.56024e-05,7.51395e-05,7.47236e-05,7.43326e-05,7.39331e-05,7.34802e-05,7.29188e-05,7.21851e-05,7.12094e-05,6.99197e-05,6.82461e-05,6.61266e-05,6.35125e-05,6.03755e-05,5.67134e-05,5.2556e-05,4.79688e-05,4.30554e-05,3.79568e-05,3.28473e-05,2.7928e-05,2.34168e-05,1.95356e-05,1.6497e-05,1.44888e-05,1.36604e-05,1.41105e-05,1.58778e-05,1.89356e-05,2.31905e-05,2.84862e-05,3.46105e-05,4.13066e-05,4.82866e-05,5.52464e-05,6.18804e-05,6.78953e-05,7.30215e-05,7.70215e-05,7.96951e-05,8.08818e-05,8.04615e-05,7.8355e-05,7.45248e-05,6.89754e-05,6.20511e-05,5.34796e-05,4.35433e-05,3.27371e-05,2.16397e-05,1.07052e-05,0
0,8.67388e-06,1.76812e-05,2.68932e-05,3.5875e-05,4.40538e-05,5.09388e-05,5.62698e-05,6.00386e-05,6.22239e-05,6.28703e-05,6.20794e-05,6.00025e-05,5.68337e-05,5.28007e-05,4.81566e-05,4.31701e-05,3.81147e-05,3.32584e-05,2.88515e-05,2.51162e-05,2.2237e-05,2.03525e-05,1.95506e-05,1.98659e-05,2.12801e-05,2.37264e-05,2.70945e-05,3.12399e-05,3.59927e-05,4.11683e-05,4.65776e-05,5.20364e-05,5.73742e-05,6.24402e-05,6.71093e-05,7.1284e-05,7.48963e-05,7.79068e-05,8.03034e-05,8.20976e-05,8.33213e-05,8.4023e-05,8.42631e-05,8.41097e-05,8.36352e-05,8.2912e-05,8.20097e-05,8.09921e-05,7.99149e-05,7.88243e-05,7.7756e-05,7.67351e-05,7.57766e-05,7.48866e-05,7.40645e-05,7.33048e-05,7.26e-05,7.19426e-05,7.1327e-05,7.07511e-05,7.02165e-05,6.97287e-05,6.92955e-05,6.89257e-05,6.86268e-05,6.84028e-05,6.82517e-05,6.81639e-05,6.81204e-05,6.80923e-05,6.80405e-05,6.79165e-05,6.7664e-05,6.72203e-05,6.65199e-05,6.54977e-05,6.40924e-05,6.2252e-05,5.9938e-05,5.71302e-05,5.38322e-05,5.0075e-05,4.59201e-05,4.14613e-05,3.68236e-05,3.21608e-05,2.76497e-05,2.3482e-05,1.98544e-05,1.69568e-05,1.49598e-05,1.40029e-05,1.41831e-05,1.55468e-05,1.80836e-05,2.17249e-05,2.63452e-05,3.17676e-05,3.77728e-05,4.41101e-05,5.05102e-05,5.66981e-05,6.24064e-05,6.73859e-05,7.14145e-05,7.43041e-05,7.59037e-05,7.61016e-05,7.48259e-05,7.20452e-05,6.77693e-05,6.20511e-05,5.49908e-05,4.69789e-05,3.79489e-05,2.83194e-05,1.8586e-05,9.13283e-06,0
0,7.1382e-06,1.46521e-05,2.24509e-05,3.01803e-05,3.73697e-05,4.36248e-05,4.87966e-05,5.27422e-05,5.53834e-05,5.67024e-05,5.6737e-05,5.55748e-05,5.3348e-05,5.02265e-05,4.64103e-05,4.21213e-05,3.75939e-05,3.30652e-05,2.87648e-05,2.49047e-05,2.16696e-05,1.92099e-05,1.76347e-05,1.70089e-05,1.73517e-05,1.86379e-05,2.08021e-05,2.3744e-05,2.73358e-05,3.14303e-05,3.58698e-05,4.04939e-05,4.51474e-05,4.96872e-05,5.39868e-05,5.79408e-05,6.14668e-05,6.45066e-05,6.70256e-05,6.90117e-05,7.04734e-05,7.14363e-05,7.19409e-05,7.20384e-05,7.17878e-05,7.12522e-05,7.04956e-05,6.95799e-05,6.85622e-05,6.74928e-05,6.64139e-05,6.53586e-05,6.43511e-05,6.34072e-05,6.25361e-05,6.17415e-05,6.10243e-05,6.03839e-05,5.98199e-05,5.93335e-05,5.89274e-05,5.86056e-05,5.83726e-05,5.82316e-05,5.81826e-05,5.82201e-05,5.83322e-05,5.84982e-05,5.86884e-05,5.88638e-05,5.8977e-05,5.89736e-05,5.87942e-05,5.83776e-05,5.76634e-05,5.65968e-05,5.51313e-05,5.32339e-05,5.08884e-05,4.80993e-05,4.48951e-05,4.13302e-05,3.7486e-05,3.347e-05,2.94139e-05,2.54683e-05,2.17972e-05,1.8569e-05,1.59478e-05,1.40829e-05,1.3099e-05,1.30867e-05,1.40951e-05,1.61266e-05,1.9134e-05,2.30218e-05,2.76493e-05,3.28374e-05,3.83774e-05,4.40413e-05,4.9593e-05,5.4799e-05,5.94389e-05,6.33137e-05,6.62523e-05,6.81161e-05,6.88015e-05,6.82409e-05,6.64036e-05,6.32953e-05,5.89598e-05,5.34796e-05,4.69789e-05,3.96265e-05,3.17909e-05,2.35694e-05,1.53682e-05,7.50328e-06,0
0,5.5853e-06,1.1538e-05,1.77898e-05,2.4062e-05,2.99888e-05,3.53749e-05,4.00207e-05,4.37716e-05,4.65211e-05,4.82119e-05,4.88344e-05,4.84244e-05,4.70592e-05,4.48529e-05,4.1951e-05,3.85231e-05,3.47558e-05,3.08443e-05,2.69836e-05,2.33598e-05,2.01423e-05,1.74758e-05,1.54749e-05,1.42196e-05,1.37533e-05,1.40826e-05,1.51789e-05,1.69821e-05,1.94056e-05,2.23423e-05,2.56708e-05,2.92625e-05,3.29879e-05,3.67222e-05,4.03508e-05,4.37726e-05,4.69034e-05,4.96777e-05,5.2049e-05,5.39904e-05,5.54933e-05,5.65658e-05,5.72305e-05,5.75223e-05,5.74852e-05,5.71695e-05,5.66287e-05,5.59168e-05,5.50855e-05,5.41823e-05,5.32485e-05,5.23184e-05,5.14189e-05,5.05699e-05,4.97853e-05,4.90737e-05,4.84407e-05,4.78897e-05,4.74236e-05,4.7045e-05,4.6757e-05,4.65624e-05,4.64629e-05,4.64579e-05,4.65426e-05,4.67066e-05,4.69326e-05,4.71956e-05,4.74623e-05,4.76918e-05,4.78367e-05,4.7845e-05,4.76624e-05,4.72355e-05,4.65151e-05,4.54594e-05,4.40381e-05,4.22353e-05,4.00528e-05,3.75122e-05,3.46569e-05,3.15524e-05,2.82861e-05,2.49646e-05,2.17105e-05,1.86577e-05,1.59445e-05,1.37064e-05,1.20687e-05,1.11376e-05,1.09936e-05,1.16847e-05,1.32221e-05,1.55774e-05,1.86826e-05,2.24326e-05,2.66894e-05,3.12889e-05,3.60486e-05,4.07767e-05,4.52806e-05,4.93757e-05,5.28926e-05,5.56837e-05,5.76269e-05,5.86291e-05,5.86275e-05,5.75903e-05,5.55168e-05,5.24378e-05,4.84152e-05,4.35433e-05,3.79489e-05,3.17909e-05,2.52587e-05,1.86355e-05,1.20874e-05,5.86813e-06,0
0,4.06359e-06,8.43612e-06,1.30572e-05,1.77128e-05,2.22569e-05,2.65116e-05,3.03124e-05,3.35193e-05,3.60241e-05,3.77539e-05,3.86724e-05,3.87798e-05,3.81112e-05,3.67334e-05,3.4741e-05,3.22519e-05,2.94014e-05,2.63358e-05,2.3206e-05,2.01602e-05,1.73376e-05,1.48622e-05,1.28378e-05,1.13438e-05,1.04326e-05,1.01289e-05,1.043e-05,1.13074e-05,1.27099e-05,1.45678e-05,1.6797e-05,1.93043e-05,2.19919e-05,2.47621e-05,2.75219e-05,3.01859e-05,3.26797e-05,3.49418e-05,3.69251e-05,3.85973e-05,3.9941e-05,4.09526e-05,4.16418e-05,4.20289e-05,4.21434e-05,4.20213e-05,4.17028e-05,4.12299e-05,4.0644e-05,3.99839e-05,3.92845e-05,3.85759e-05,3.78823e-05,3.72226e-05,3.6611e-05,3.60574e-05,3.55688e-05,3.51501e-05,3.48051e-05,3.4537e-05,3.43483e-05,3.42408e-05,3.42144e-05,3.42665e-05,3.43905e-05,3.45748e-05,3.48019e-05,3.50479e-05,3.52825e-05,3.54698e-05,3.55693e-05,3.5538e-05,3.53325e-05,3.4912e-05,3.42407e-05,3.32913e-05,3.20473e-05,3.05057e-05,2.86791e-05,2.65969e-05,2.4306e-05,2.187e-05,1.93683e-05,1.6893e-05,1.45453e-05,1.24312e-05,1.06557e-05,9.3169e-06,8.50029e-06,8.27285e-06,8.67821e-06,9.73289e-06,1.1424e-05,1.37087e-05,1.65153e-05,1.97464e-05,2.32828e-05,2.69898e-05,3.07231e-05,3.43356e-05,3.76837e-05,4.06339e-05,4.30671e-05,4.48831e-05,4.60031e-05,4.63715e-05,4.59569e-05,4.47521e-05,4.27744e-05,4.00651e-05,3.66896e-05,3.27371e-05,2.83194e-05,2.35694e-05,1.86355e-05,1.36736e-05,8.84345e-06,4.27549e-06,0
0,2.61419e-06,5.43645e-06,8.40363e-06,1.14679e-05,1.45278e-05,1.7467e-05,2.01695e-05,2.253e-05,2.44607e-05,2.58957e-05,2.67933e-05,2.7137e-05,2.69353e-05,2.62198e-05,2.50435e-05,2.34774e-05,2.16068e-05,1.95275e-05,1.73408e-05,1.51489e-05,1.30504e-05,1.1136e-05,9.4844e-06,8.15944e-06,7.20785e-06,6.65801e-06,6.51969e-06,6.78471e-06,7.4285e-06,8.41231e-06,9.68593e-06,1.11907e-05,1.2863e-05,1.46368e-05,1.64475e-05,1.82338e-05,1.99407e-05,2.15207e-05,2.29356e-05,2.4157e-05,2.5167e-05,2.59575e-05,2.65299e-05,2.6894e-05,2.70665e-05,2.70697e-05,2.69294e-05,2.66735e-05,2.63302e-05,2.59265e-05,2.54872e-05,2.50337e-05,2.45842e-05,2.4153e-05,2.37512e-05,2.33871e-05,2.30665e-05,2.2794e-05,2.25729e-05,2.24057e-05,2.22943e-05,2.22394e-05,2.22404e-05,2.22943e-05,2.23951e-05,2.25332e-05,2.26949e-05,2.28618e-05,2.30114e-05,2.31177e-05,2.31519e-05,2.30841e-05,2.28853e-05,2.25287e-05,2.19925e-05,2.12617e-05,2.033e-05,1.92013e-05,1.78907e-05,1.64257e-05,1.48453e-05,1.31999e-05,1.15492e-05,9.96023e-06,8.50409e-06,7.25266e-06,6.27451e-06,5.63096e-06,5.37211e-06,5.5334e-06,6.13285e-06,7.16915e-06,8.62088e-06,1.04469e-05,1.25879e-05,1.49689e-05,1.75028e-05,2.00942e-05,2.26443e-05,2.50547e-05,2.7232e-05,2.90911e-05,3.05587e-05,3.15753e-05,3.20966e-05,3.2095e-05,3.15591e-05,3.04947e-05,2.8924e-05,2.68856e-05,2.44341e-05,2.16397e-05,1.8586e-05,1.53682e-05,1.20874e-05,8.84345e-06,5.7217e-06,2.76275e-06,0
0,1.26155e-06,2.60563e-06,4.04468e-06,5.55657e-06,7.09601e-06,8.60599e-06,1.00263e-05,1.12995e-05,1.23756e-05,1.32146e-05,1.37885e-05,1.4082e-05,1.40929e-05,1.38314e-05,1.33195e-05,1.25889e-05,1.16801e-05,1.06396e-05,9.5179e-06,8.36716e-06,7.23867e-06,6.18059e-06,5.23598e-06,4.44101e-06,3.8237e-06,3.4031e-06,3.18891e-06,3.18165e-06,3.37318e-06,3.74766e-06,4.28278e-06,4.95121e-06,5.72215e-06,6.56293e-06,7.44059e-06,8.32328e-06,9.18159e-06,9.98957e-06,1.07256e-05,1.1373e-05,1.192e-05,1.23605e-05,1.26929e-05,1.29205e-05,1.30501e-05,1.30918e-05,1.3058e-05,1.29621e-05,1.28182e-05,1.26398e-05,1.24396e-05,1.22288e-05,1.20169e-05,1.18115e-05,1.16187e-05,1.14432e-05,1.12884e-05,1.11568e-05,1.10503e-05,1.09704e-05,1.0918e-05,1.08933e-05,1.08958e-05,1.09235e-05,1.0973e-05,1.10389e-05,1.11136e-05,1.11872e-05,1.12481e-05,1.12825e-05,1.1276e-05,1.12134e-05,1.10806e-05,1.0865e-05,1.05568e-05,1.01502e-05,9.644e-06,9.04275e-06,8.35688e-06,7.60301e-06,6.80367e-06,5.98675e-06,5.18444e-06,4.43188e-06,3.76549e-06,3.22102e-06,2.83158e-06,2.62552e-06,2.62465e-06,2.84259e-06,3.28361e-06,3.94198e-06,4.80184e-06,5.83768e-06,7.01542e-06,8.29387e-06,9.62662e-06,1.09642e-05,1.22564e-05,1.34541e-05,1.45118e-05,1.53888e-05,1.60509e-05,1.64716e-05,1.66321e-05,1.65224e-05,1.61411e-05,1.54954e-05,1.4601e-05,1.34819e-05,1.21701e-05,1.07052e-05,9.13283e-06,7.50328e-06,5.86813e-06,4.27549e-06,2.76275e-06,1.34616e-06,0
0,0,0,0,0,0,0,0,0,0,0,0,0,0,0,0,0,0,0,0,0,0,0,0,0,0,0,0,0,0,0,0,0,0,0,0,0,0,0,0,0,0,0,0,0,0,0,0,0,0,0,0,0,0,0,0,0,0,0,0,0,0,0,0,0,0,0,0,0,0,0,0,0,0,0,0,0,0,0,0,0,0,0,0,0,0,0,0,0,0,0,0,0,0,0,0,0,0,0,0,0,0,0,0,0,0,0,0,0,0,0,0,0,0,0,0,0,0,0,0
