0,0,0,0,0,0,0,0,0,0,0,0,0,0,0,0,0,0,0,0,0,0,0,0,0,0,0,0,0,0,0,0,0,0,0,0,0,0,0,0,0,0,0,0,0,0,0,0,0,0,0,0,0,0,0,0,0,0,0,0,0,0,0,0,0,0,0,0,0,0,0,0,0,0,0,0,0,0,0,0,0,0,0,0,0,0,0,0,0,0,0,0,0,0,0,0,0,0,0,0,0,0,0,0,0,0,0,0,0,0,0,0,0,0,0,0,0,0,0,0
0,-1.10676e-06,-2.09655e-06,-2.96576e-06,-3.67737e-06,-4.19819e-06,-4.50439e-06,-4.5838e-06,-4.43616e-06,-4.07219e-06,-3.51197e-06,-2.78293e-06,-1.91772e-06,-9.52188e-07,7.66025e-08,1.13209e-06,2.17972e-06,3.18825e-06,4.13067e-06,4.98498e-06,5.73463e-06,6.36874e-06,6.88208e-06,7.2749e-06,7.55252e-06,7.7248e-06,7.80551e-06,7.8116e-06,7.76233e-06,7.67849e-06,7.58148e-06,7.4925e-06,7.43165e-06,7.41727e-06,7.4652e-06,7.58828e-06,7.79594e-06,8.09395e-06,8.48432e-06,8.96541e-06,9.53217e-06,1.01765e-05,1.08876e-05,1.16529e-05,1.24583e-05,1.32886e-05,1.41289e-05,1.4964e-05,1.57796e-05,1.65625e-05,1.73005e-05,1.79828e-05,1.86e-05,1.91442e-05,1.96084e-05,1.99873e-05,2.02763e-05,2.04721e-05,2.05721e-05,2.05746e-05,2.04789e-05,2.0285e-05,1.99939e-05,1.96077e-05,1.91294e-05,1.85635e-05,1.79156e-05,1.7193e-05,1.64044e-05,1.55602e-05,1.46723e-05,1.37542e-05,1.28207e-05,1.18877e-05,1.09716e-05,1.00891e-05,9.25654e-06,8.489e-06,7.79998e-06,7.20058e-06,6.69891e-06,6.2996e-06,6.0035e-06,5.80741e-06,5.70422e-06,5.68304e-06,5.72967e-06,5.82714e-06,5.95644e-06,6.09724e-06,6.22875e-06,6.33048e-06,6.38298e-06,6.36857e-06,6.27185e-06,6.0803e-06,5.78469e-06,5.37949e-06,4.86321e-06,4.23872e-06,3.5135e-06,2.69985e-06,1.81491e-06,8.80619e-07,-7.66754e-08,-1.02678e-06,-1.93662e-06,-2.77152e-06,-3.49686e-06,-4.07997e-06,-4.49223e-06,-4.71133e-06,-4.72331e-06,-4.52433e-06,-4.12181e-06,-3.53466e-06,-2.79207e-06,-1.93059e-06,-9.88921e-07,0
0,-2.09655e-06,-4.05836e-06,-5.68679e-06,-6.9695e-06,-7.83985e-06,-8.25587e-06,-8.20229e-06,-7.68936e-06,-6.74969e-06,-5.43418e-06,-3.80727e-06,-1.94236e-06,8.27223e-08,2.1898e-06,4.30393e-06,6.35642e-06,8.28723e-06,1.00468e-05,1.1597e-05,1.2912e-05,1.39779e-05,1.47927e-05,1.53651e-05,1.57137e-05,1.58654e-05,1.58539e-05,1.57182e-05,1.55004e-05,1.52447e-05,1.49949e-05,1.47933e-05,1.46788e-05,1.46859e-05,1.48431e-05,1.51722e-05,1.56878e-05,1.63969e-05,1.72987e-05,1.83855e-05,1.96428e-05,2.10504e-05,2.25836e-05,2.42142e-05,2.59122e-05,2.76463e-05,2.93857e-05,3.11008e-05,3.2764e-05,3.43501e-05,3.58369e-05,3.72052e-05,3.84385e-05,3.95234e-05,4.04487e-05,4.12056e-05,4.17869e-05,4.21871e-05,4.2402e-05,4.24287e-05,4.22652e-05,4.19107e-05,4.13659e-05,4.06329e-05,3.97156e-05,3.86201e-05,3.73549e-05,3.59317e-05,3.43653e-05,3.26738e-05,3.08791e-05,2.90068e-05,2.70856e-05,2.5147e-05,2.32247e-05,2.13535e-05,1.9568e-05,1.79014e-05,1.63842e-05,1.50424e-05,1.38966e-05,1.29603e-05,1.22398e-05,1.1733e-05,1.14296e-05,1.13113e-05,1.13529e-05,1.15226e-05,1.1784e-05,1.20971e-05,1.24202e-05,1.27111e-05,1.29289e-05,1.30352e-05,1.29956e-05,1.27803e-05,1.23654e-05,1.17339e-05,1.08763e-05,9.79159e-06,8.48809e-06,6.98386e-06,5.30738e-06,3.4976e-06,1.60369e-06,-3.15907e-07,-2.19507e-06,-3.96241e-06,-5.54451e-06,-6.86976e-06,-7.87292e-06,-8.49987e-06,-8.71238e-06,-8.49249e-06,-7.84579e-06,-6.80311e-06,-5.41973e-06,-3.77119e-06,-1.94497e-06,0
0,-2.96576e-06,-5.68679e-06,-7.99917e-06,-9.61976e-06,-1.05784e-05,-1.08284e-05,-1.03677e-05,-9.23264e-06,-7.49207e-06,-5.23894e-06,-2.58285e-06,3.57473e-07,3.46083e-06,6.60957e-06,9.69462e-06,1.26196e-05,1.53036e-05,1.76836e-05,1.97153e-05,2.13729e-05,2.26491e-05,2.35534e-05,2.41106e-05,2.43587e-05,2.43462e-05,2.41301e-05,2.37729e-05,2.33405e-05,2.28992e-05,2.25133e-05,2.22434e-05,2.21434e-05,2.22595e-05,2.2628e-05,2.3275e-05,2.42149e-05,2.5451e-05,2.69752e-05,2.8769e-05,3.08048e-05,3.30472e-05,3.54552e-05,3.79836e-05,4.05854e-05,4.32136e-05,4.58228e-05,4.83705e-05,5.08185e-05,5.31331e-05,5.52857e-05,5.72527e-05,5.90151e-05,6.05582e-05,6.18708e-05,6.29445e-05,6.37728e-05,6.43509e-05,6.46749e-05,6.47417e-05,6.45483e-05,6.40924e-05,6.33725e-05,6.23881e-05,6.11405e-05,5.96333e-05,5.78736e-05,5.58723e-05,5.36453e-05,5.1214e-05,4.86059e-05,4.58544e-05,4.29993e-05,4.00855e-05,3.71625e-05,3.42829e-05,3.15003e-05,2.88677e-05,2.64349e-05,2.42462e-05,2.23384e-05,2.07387e-05,1.94632e-05,1.85161e-05,1.78888e-05,1.75606e-05,1.74994e-05,1.76628e-05,1.80003e-05,1.84548e-05,1.89656e-05,1.94699e-05,1.99054e-05,2.02126e-05,2.03359e-05,2.02258e-05,1.98404e-05,1.91466e-05,1.81214e-05,1.67537e-05,1.50453e-05,1.30123e-05,1.06866e-05,8.11595e-06,5.36491e-06,2.51368e-06,-3.43435e-07,-3.10102e-06,-5.6468e-06,-7.86715e-06,-9.65375e-06,-1.0911e-05,-1.15641e-05,-1.15663e-05,-1.09063e-05,-9.61329e-06,-7.7585e-06,-5.45348e-06,-2.83458e-06,0
0,-3.67737e-06,-6.9695e-06,-9.61976e-06,-1.14398e-05,-1.2153e-05,-1.19005e-05,-1.07153e-05,-8.68042e-06,-5.91617e-06,-2.56857e-06,1.20167e-06,5.22893e-06,9.35121e-06,1.34173e-05,1.72927e-05,2.08638e-05,2.40409e-05,2.676e-05,2.89827e-05,3.06953e-05,3.19076e-05,3.26498e-05,3.297e-05,3.2931e-05,3.26066e-05,3.20787e-05,3.14335e-05,3.07586e-05,3.01397e-05,2.96577e-05,2.93862e-05,2.93887e-05,2.9717e-05,3.04094e-05,3.14898e-05,3.29669e-05,3.48346e-05,3.70724e-05,3.96473e-05,4.25149e-05,4.56222e-05,4.89102e-05,5.23163e-05,5.57772e-05,5.92312e-05,6.26207e-05,6.58934e-05,6.90042e-05,7.19151e-05,7.45959e-05,7.70236e-05,7.91818e-05,8.10594e-05,8.26497e-05,8.39492e-05,8.4956e-05,8.56689e-05,8.60867e-05,8.6207e-05,8.60266e-05,8.55409e-05,8.47442e-05,8.36309e-05,8.21959e-05,8.04361e-05,7.83517e-05,7.59478e-05,7.32355e-05,7.02339e-05,6.69702e-05,6.34814e-05,5.98134e-05,5.60212e-05,5.21673e-05,4.83203e-05,4.45526e-05,4.0937e-05,3.75444e-05,3.444e-05,3.16804e-05,2.93108e-05,2.73623e-05,2.58507e-05,2.47753e-05,2.41187e-05,2.38479e-05,2.39154e-05,2.42613e-05,2.48161e-05,2.5503e-05,2.62413e-05,2.69489e-05,2.75451e-05,2.79529e-05,2.81011e-05,2.79266e-05,2.73759e-05,2.64072e-05,2.49922e-05,2.31183e-05,2.07908e-05,1.80345e-05,1.48963e-05,1.14453e-05,7.77382e-06,3.99605e-06,2.4509e-07,-3.3314e-06,-6.57771e-06,-9.33826e-06,-1.14674e-05,-1.28405e-05,-1.33654e-05,-1.29942e-05,-1.17336e-05,-9.65321e-06,-6.88698e-06,-3.61585e-06,0
0,-4.19819e-06,-7.83985e-06,-1.05784e-05,-1.2153e-05,-1.24381e-05,-1.13207e-05,-9.09483e-06,-5.91026e-06,-1.95262e-06,2.57235e-06,7.45211e-06,1.24785e-05,1.7457e-05,2.22141e-05,2.6603e-05,3.05072e-05,3.38431e-05,3.65597e-05,3.86379e-05,4.00878e-05,4.0946e-05,4.12711e-05,4.11401e-05,4.06436e-05,3.98819e-05,3.89607e-05,3.79877e-05,3.7068e-05,3.63018e-05,3.57804e-05,3.5584e-05,3.5779e-05,3.64159e-05,3.75281e-05,3.91311e-05,4.12221e-05,4.37806e-05,4.67699e-05,5.01389e-05,5.38248e-05,5.77559e-05,6.18552e-05,6.60437e-05,7.02438e-05,7.4382e-05,7.83919e-05,8.22158e-05,8.58059e-05,8.91251e-05,9.21464e-05,9.48524e-05,9.72343e-05,9.92894e-05,0.00010102,0.000102432,0.00010353,0.000104321,0.000104807,0.000104989,0.000104863,0.000104423,0.000103655,0.000102549,0.000101089,9.92606e-05,9.70537e-05,9.44618e-05,9.14862e-05,8.81374e-05,8.44373e-05,8.04201e-05,7.61331e-05,7.16362e-05,6.70012e-05,6.23094e-05,5.76491e-05,5.3112e-05,4.87898e-05,4.47696e-05,4.11299e-05,3.79371e-05,3.52421e-05,3.30775e-05,3.14563e-05,3.03713e-05,2.97952e-05,2.96818e-05,2.99685e-05,3.05788e-05,3.14251e-05,3.24126e-05,3.34424e-05,3.44145e-05,3.52311e-05,3.57987e-05,3.60312e-05,3.58515e-05,3.51942e-05,3.40079e-05,3.22583e-05,2.99303e-05,2.70321e-05,2.35973e-05,1.96881e-05,1.53965e-05,1.08446e-05,6.18295e-06,1.58625e-06,-2.75258e-06,-6.63143e-06,-9.85015e-06,-1.22239e-05,-1.35987e-05,-1.38676e-05,-1.29885e-05,-1.09822e-05,-7.98521e-06,-4.24624e-06,0
0,-4.50439e-06,-8.25587e-06,-1.08284e-05,-1.19005e-05,-1.13207e-05,-9.17632e-06,-5.63291e-06,-1.11492e-06,4.11928e-06,9.8049e-06,1.56845e-05,2.15187e-05,2.70949e-05,3.2233e-05,3.67906e-05,4.06647e-05,4.37926e-05,4.61504e-05,4.775e-05,4.86347e-05,4.88749e-05,4.85624e-05,4.7805e-05,4.67214e-05,4.54365e-05,4.40767e-05,4.27657e-05,4.16211e-05,4.07507e-05,4.02494e-05,4.0197e-05,4.06554e-05,4.16674e-05,4.32552e-05,4.54203e-05,4.81437e-05,5.13871e-05,5.50948e-05,5.91964e-05,6.36103e-05,6.82469e-05,7.30132e-05,7.78165e-05,8.25682e-05,8.71873e-05,9.1603e-05,9.57564e-05,9.96023e-05,0.000103109,0.000106257,0.000109039,0.000111458,0.000113523,0.00011525,0.000116654,0.000117753,0.00011856,0.000119085,0.000119332,0.000119296,0.000118968,0.00011833,0.000117361,0.000116034,0.000114322,0.000112199,0.000109644,0.000106644,0.000103196,9.93123e-05,9.50185e-05,9.03579e-05,8.53901e-05,8.01909e-05,7.48495e-05,6.94664e-05,6.41488e-05,5.90069e-05,5.41486e-05,4.96747e-05,4.56745e-05,4.22212e-05,3.93689e-05,3.71498e-05,3.55727e-05,3.46231e-05,3.42634e-05,3.44351e-05,3.50613e-05,3.605e-05,3.72973e-05,3.86915e-05,4.01168e-05,4.14563e-05,4.25952e-05,4.34239e-05,4.38401e-05,4.37521e-05,4.3081e-05,4.17644e-05,3.97599e-05,3.70493e-05,3.36426e-05,2.95824e-05,2.49471e-05,1.98529e-05,1.44537e-05,8.9386e-06,3.52712e-06,-1.53923e-06,-6.00786e-06,-9.62929e-06,-1.21747e-05,-1.34566e-05,-1.32997e-05,-1.16516e-05,-8.67815e-06,-4.68863e-06,0
0,-4.5838e-06,-8.20229e-06,-1.03677e-05,-1.07153e-05,-9.09483e-06,-5.63291e-06,-7.02877e-07,5.24383e-06,1.17377e-05,1.84652e-05,2.51395e-05,3.15083e-05,3.73597e-05,4.25261e-05,4.68864e-05,5.03667e-05,5.29387e-05,5.46164e-05,5.54507e-05,5.55239e-05,5.49431e-05,5.38337e-05,5.23332e-05,5.05855e-05,4.87355e-05,4.69251e-05,4.52883e-05,4.39484e-05,4.30142e-05,4.25777e-05,4.27116e-05,4.34675e-05,4.48747e-05,4.69394e-05,4.96452e-05,5.29539e-05,5.68076e-05,6.11308e-05,6.58344e-05,7.08194e-05,7.59811e-05,8.12137e-05,8.6415e-05,9.14899e-05,9.63543e-05,0.000100938,0.000105185,0.000109056,0.000112531,0.000115599,0.000118268,0.000120553,0.000122479,0.000124074,0.000125368,0.000126389,0.00012716,0.000127697,0.000128008,0.000128089,0.000127928,0.000127501,0.000126776,0.000125715,0.000124276,0.000122418,0.000120102,0.000117298,0.000113989,0.00011017,0.000105856,0.000101082,9.59015e-05,9.03896e-05,8.46381e-05,7.8754e-05,7.28556e-05,6.70674e-05,6.15152e-05,5.63203e-05,5.15944e-05,4.74345e-05,4.39185e-05,4.11017e-05,3.90145e-05,3.76611e-05,3.70191e-05,3.70412e-05,3.7657e-05,3.8776e-05,4.02912e-05,4.20832e-05,4.40239e-05,4.59804e-05,4.78186e-05,4.94063e-05,5.06165e-05,5.13296e-05,5.14373e-05,5.08459e-05,4.94803e-05,4.72893e-05,4.42505e-05,4.03764e-05,3.5719e-05,3.03742e-05,2.4484e-05,1.8236e-05,1.18604e-05,5.62429e-06,-1.77163e-07,-5.23352e-06,-9.2359e-06,-1.18083e-05,-1.26274e-05,-1.1607e-05,-8.9176e-06,-4.91498e-06,0
0,-4.43616e-06,-7.68936e-06,-9.23264e-06,-8.68042e-06,-5.91026e-06,-1.11492e-06,5.24383e-06,1.2557e-05,2.01967e-05,2.77604e-05,3.4955e-05,4.1539e-05,4.73225e-05,5.21686e-05,5.59932e-05,5.87635e-05,6.04949e-05,6.1245e-05,6.11075e-05,6.0204e-05,5.86773e-05,5.66831e-05,5.43844e-05,5.19448e-05,4.95239e-05,4.72726e-05,4.53295e-05,4.38177e-05,4.28415e-05,4.24847e-05,4.28082e-05,4.38488e-05,4.56185e-05,4.81049e-05,5.12714e-05,5.50598e-05,5.93922e-05,6.41747e-05,6.93014e-05,7.46591e-05,8.01317e-05,8.5605e-05,9.09716e-05,9.61349e-05,0.000101012,0.000105538,0.000109663,0.00011336,0.000116616,0.000119439,0.000121846,0.000123869,0.000125546,0.000126921,0.000128034,0.000128926,0.000129627,0.000130162,0.00013054,0.000130758,0.000130801,0.000130639,0.000130232,0.00012953,0.000128477,0.000127015,0.000125091,0.000122656,0.000119675,0.00011613,0.00011202,0.000107368,0.000102219,9.66422e-05,9.07259e-05,8.45792e-05,7.83256e-05,7.2099e-05,6.60384e-05,6.02822e-05,5.49625e-05,5.01989e-05,4.6094e-05,4.27287e-05,4.01582e-05,3.84103e-05,3.74834e-05,3.73472e-05,3.7944e-05,3.91908e-05,4.09827e-05,4.31973e-05,4.56985e-05,4.83408e-05,5.09733e-05,5.34436e-05,5.56009e-05,5.7299e-05,5.84002e-05,5.87784e-05,5.8324e-05,5.69491e-05,5.45935e-05,5.12318e-05,4.688e-05,4.16011e-05,3.551e-05,2.87757e-05,2.16201e-05,1.43164e-05,7.18365e-06,5.79716e-07,-4.99904e-06,-8.99126e-06,-1.09858e-05,-1.08327e-05,-8.67909e-06,-4.90804e-06,0
0,-4.07219e-06,-6.74969e-06,-7.49207e-06,-5.91617e-06,-1.95262e-06,4.11928e-06,1.17377e-05,2.01967e-05,2.88057e-05,3.69353e-05,4.43376e-05,5.08081e-05,5.62003e-05,6.04227e-05,6.34384e-05,6.52627e-05,6.59579e-05,6.56264e-05,6.44024e-05,6.24436e-05,5.99228e-05,5.70207e-05,5.39191e-05,5.07953e-05,4.78176e-05,4.51408e-05,4.29032e-05,4.12235e-05,4.01979e-05,3.98986e-05,4.03722e-05,4.16384e-05,4.36908e-05,4.64967e-05,4.99996e-05,5.41216e-05,5.87665e-05,6.38243e-05,6.91755e-05,7.46964e-05,8.02636e-05,8.57594e-05,9.1076e-05,9.61192e-05,0.000100812,0.000105096,0.000108934,0.000112308,0.000115218,0.000117686,0.000119742,0.000121432,0.000122807,0.000123921,0.000124827,0.000125573,0.000126199,0.000126732,0.000127185,0.000127555,0.000127823,0.000127956,0.000127904,0.000127607,0.000126999,0.000126007,0.000124563,0.000122603,0.000120077,0.00011695,0.000113209,0.000108861,0.000103941,9.85078e-05,9.26441e-05,8.64549e-05,8.00638e-05,7.36087e-05,6.72367e-05,6.10987e-05,5.53433e-05,5.01108e-05,4.55273e-05,4.16992e-05,3.87089e-05,3.66102e-05,3.54264e-05,3.51487e-05,3.57366e-05,3.71195e-05,3.91994e-05,4.1855e-05,4.49457e-05,4.83166e-05,5.18032e-05,5.5235e-05,5.844e-05,6.12476e-05,6.34923e-05,6.50176e-05,6.56799e-05,6.53545e-05,6.39418e-05,6.13747e-05,5.76266e-05,5.27192e-05,4.67281e-05,3.97876e-05,3.2092e-05,2.38958e-05,1.5516e-05,7.44301e-06,3.39688e-07,-5.12617e-06,-8.43568e-06,-9.34884e-06,-7.96151e-06,-4.6618e-06,0
0,-3.51197e-06,-5.43418e-06,-5.23894e-06,-2.56857e-06,2.57235e-06,9.8049e-06,1.84652e-05,2.77604e-05,3.69353e-05,4.53997e-05,5.2683e-05,5.87308e-05,6.34572e-05,6.68232e-05,6.88421e-05,6.95776e-05,6.91367e-05,6.7662e-05,6.53224e-05,6.23042e-05,5.88033e-05,5.50174e-05,5.11407e-05,4.73584e-05,4.38426e-05,4.07482e-05,3.82104e-05,3.63413e-05,3.52278e-05,3.49296e-05,3.54782e-05,3.68764e-05,3.9099e-05,4.20943e-05,4.57867e-05,5.00805e-05,5.48635e-05,6.00127e-05,6.53985e-05,7.08905e-05,7.63627e-05,8.16976e-05,8.67909e-05,9.15548e-05,9.59206e-05,9.98403e-05,0.000103287,0.000106255,0.000108759,0.000110828,0.000112507,0.000113853,0.000114926,0.00011579,0.000116505,0.000117126,0.000117696,0.000118245,0.000118789,0.000119323,0.000119825,0.000120258,0.000120565,0.00012068,0.000120525,0.000120019,0.00011908,0.000117634,0.000115617,0.000112982,0.0001097,0.000105769,0.00010121,9.607e-05,9.04237e-05,8.43683e-05,7.80228e-05,7.1524e-05,6.50221e-05,5.86755e-05,5.2645e-05,4.70878e-05,4.21513e-05,3.79665e-05,3.46421e-05,3.22597e-05,3.0869e-05,3.04858e-05,3.109e-05,3.26266e-05,3.5008e-05,3.81169e-05,4.18116e-05,4.59303e-05,5.02972e-05,5.47266e-05,5.90277e-05,6.30086e-05,6.64792e-05,6.92556e-05,7.11638e-05,7.20447e-05,7.1761e-05,7.02042e-05,6.73037e-05,6.30349e-05,5.74271e-05,5.05686e-05,4.26089e-05,3.37566e-05,2.43763e-05,1.50584e-05,6.55051e-06,-3.7343e-07,-5.07597e-06,-7.20677e-06,-6.7853e-06,-4.18101e-06,0
0,-2.78293e-06,-3.80727e-06,-2.58285e-06,1.20167e-06,7.45211e-06,1.56845e-05,2.51395e-05,3.4955e-05,4.43376e-05,5.2683e-05,5.96244e-05,6.49802e-05,6.88389e-05,7.12036e-05,7.21328e-05,7.17324e-05,7.01474e-05,6.75522e-05,6.41415e-05,6.01215e-05,5.57025e-05,5.10923e-05,4.64914e-05,4.20882e-05,3.80554e-05,3.45467e-05,3.16931e-05,2.96004e-05,2.83467e-05,2.79801e-05,2.85183e-05,2.99482e-05,3.22275e-05,3.52868e-05,3.90335e-05,4.33563e-05,4.813e-05,5.32212e-05,5.84939e-05,6.38146e-05,6.90579e-05,7.41101e-05,7.88734e-05,8.32689e-05,8.72378e-05,9.07431e-05,9.37696e-05,9.63226e-05,9.84264e-05,0.000100122,0.000101462,0.000102511,0.000103336,0.000104006,0.000104586,0.000105132,0.000105691,0.000106293,0.000106951,0.000107661,0.000108397,0.000109118,0.000109763,0.000110259,0.000110524,0.000110467,0.00011,0.000109041,0.000107517,0.00010537,0.000102563,9.90819e-05,9.49371e-05,9.01653e-05,8.48293e-05,7.9017e-05,7.28397e-05,6.64291e-05,5.9934e-05,5.35155e-05,4.73423e-05,4.15844e-05,3.64068e-05,3.19628e-05,2.83863e-05,2.57857e-05,2.42382e-05,2.37846e-05,2.44274e-05,2.61293e-05,2.88148e-05,3.23732e-05,3.66633e-05,4.15187e-05,4.67542e-05,5.21712e-05,5.75627e-05,6.27182e-05,6.74271e-05,7.14823e-05,7.46838e-05,7.68433e-05,7.77899e-05,7.73776e-05,7.54938e-05,7.20685e-05,6.70831e-05,6.05765e-05,5.26463e-05,4.34733e-05,3.34223e-05,2.31213e-05,1.33831e-05,5.07828e-06,-1.0354e-06,-4.48413e-06,-5.18982e-06,-3.48029e-06,0
0,-1.91772e-06,-1.94236e-06,3.57473e-07,5.22893e-06,1.24785e-05,2.15187e-05,3.15083e-05,4.1539e-05,5.08081e-05,5.87308e-05,6.49802e-05,6.95077e-05,7.24112e-05,7.37425e-05,7.35984e-05,7.21189e-05,6.94777e-05,6.58712e-05,6.15101e-05,5.66113e-05,5.13917e-05,4.60628e-05,4.08271e-05,3.58735e-05,3.13746e-05,2.74825e-05,2.43256e-05,2.2005e-05,2.0592e-05,2.01251e-05,2.06103e-05,2.20204e-05,2.42979e-05,2.73578e-05,3.10924e-05,3.53769e-05,4.00754e-05,4.50469e-05,5.01514e-05,5.52554e-05,6.02363e-05,6.49867e-05,6.94172e-05,7.34585e-05,7.70627e-05,8.02037e-05,8.28764e-05,8.50957e-05,8.68943e-05,8.83197e-05,8.94314e-05,9.02962e-05,9.09852e-05,9.15683e-05,9.21111e-05,9.267e-05,9.32891e-05,9.3997e-05,9.48048e-05,9.57043e-05,9.66679e-05,9.76493e-05,9.85855e-05,9.93998e-05,0.000100005,0.00010031,0.000100222,9.96529e-05,9.8527e-05,9.67817e-05,9.43733e-05,9.128e-05,8.75039e-05,8.30719e-05,7.80366e-05,7.24756e-05,6.64906e-05,6.02055e-05,5.37641e-05,4.73266e-05,4.10651e-05,3.51588e-05,2.97868e-05,2.51212e-05,2.1319e-05,1.85143e-05,1.68103e-05,1.62738e-05,1.69297e-05,1.87597e-05,2.17017e-05,2.56528e-05,3.04736e-05,3.59945e-05,4.20223e-05,4.83471e-05,5.47479e-05,6.09986e-05,6.68715e-05,7.21407e-05,7.65857e-05,7.99945e-05,8.2169e-05,8.29314e-05,8.21322e-05,7.96604e-05,7.54531e-05,6.95048e-05,6.18901e-05,5.27289e-05,4.23328e-05,3.1332e-05,2.05786e-05,1.10225e-05,3.53563e-06,-1.27913e-06,-3.23027e-06,-2.58278e-06,0
0,-9.52188e-07,8.27223e-08,3.46083e-06,9.35121e-06,1.7457e-05,2.70949e-05,3.73597e-05,4.73225e-05,5.62003e-05,6.34572e-05,6.88389e-05,7.24112e-05,7.43356e-05,7.46556e-05,7.35004e-05,7.10359e-05,6.74543e-05,6.2964e-05,5.7782e-05,5.21279e-05,4.62186e-05,4.02649e-05,3.44685e-05,2.90183e-05,2.40871e-05,1.98274e-05,1.6367e-05,1.38053e-05,1.22088e-05,1.16094e-05,1.20031e-05,1.33509e-05,1.55816e-05,1.85961e-05,2.22736e-05,2.64776e-05,3.10632e-05,3.58842e-05,4.07986e-05,4.56748e-05,5.03952e-05,5.48599e-05,5.89891e-05,6.27238e-05,6.60267e-05,6.88816e-05,7.12926e-05,7.32821e-05,7.48884e-05,7.61635e-05,7.71687e-05,7.79722e-05,7.86438e-05,7.92519e-05,7.98591e-05,8.05182e-05,8.12692e-05,8.21366e-05,8.31268e-05,8.42278e-05,8.54082e-05,8.66188e-05,8.77941e-05,8.88558e-05,8.97161e-05,9.02827e-05,9.04635e-05,9.01716e-05,8.93297e-05,8.78748e-05,8.57613e-05,8.29635e-05,7.94779e-05,7.53243e-05,7.05462e-05,6.5211e-05,5.941e-05,5.32578e-05,4.68903e-05,4.04635e-05,3.41496e-05,2.81325e-05,2.26018e-05,1.77453e-05,1.374e-05,1.07433e-05,8.88354e-06,8.25206e-06,8.89678e-06,1.08182e-05,1.39686e-05,1.82535e-05,2.35363e-05,2.96451e-05,3.63797e-05,4.352e-05,5.0833e-05,5.8079e-05,6.50164e-05,7.14049e-05,7.70083e-05,8.15976e-05,8.49539e-05,8.68744e-05,8.71799e-05,8.57239e-05,8.24038e-05,7.71723e-05,7.01069e-05,6.12486e-05,5.0816e-05,3.94057e-05,2.78798e-05,1.72447e-05,8.47287e-06,2.29486e-06,-9.74302e-07,-1.51866e-06,0
0,7.66025e-08,2.1898e-06,6.60957e-06,1.34173e-05,2.22141e-05,3.2233e-05,4.25261e-05,5.21686e-05,6.04227e-05,6.68232e-05,7.12036e-05,7.37425e-05,7.46556e-05,7.39747e-05,7.18524e-05,6.84703e-05,6.40288e-05,5.87384e-05,5.28144e-05,4.64718e-05,3.9923e-05,3.33754e-05,2.70292e-05,2.10738e-05,1.56842e-05,1.10158e-05,7.19885e-06,4.3333e-06,2.48399e-06,1.6778e-06,1.90268e-06,3.10901e-06,5.21324e-06,8.10354e-06,1.16468e-05,1.56966e-05,2.01007e-05,2.47092e-05,2.93802e-05,3.39854e-05,3.8414e-05,4.25751e-05,4.63988e-05,4.98372e-05,5.28632e-05,5.54701e-05,5.76696e-05,5.949e-05,6.09735e-05,6.21737e-05,6.3152e-05,6.39742e-05,6.4707e-05,6.54143e-05,6.61529e-05,6.697e-05,6.78993e-05,6.89592e-05,7.01506e-05,7.14562e-05,7.28409e-05,7.42525e-05,7.56239e-05,7.68765e-05,7.79237e-05,7.86754e-05,7.90424e-05,7.89415e-05,7.82988e-05,7.70541e-05,7.51634e-05,7.26006e-05,6.93599e-05,6.54557e-05,6.09242e-05,5.58234e-05,5.02339e-05,4.42591e-05,3.80253e-05,3.1681e-05,2.53948e-05,1.93517e-05,1.37475e-05,8.78199e-06,4.64888e-06,1.52611e-06,-4.34947e-07,-1.11947e-06,-4.57382e-07,1.57095e-06,4.93228e-06,9.54144e-06,1.52656e-05,2.19309e-05,2.93314e-05,3.72377e-05,4.5406e-05,5.35849e-05,6.15216e-05,6.8965e-05,7.56683e-05,8.13908e-05,8.59002e-05,8.89765e-05,9.04178e-05,9.00495e-05,8.77352e-05,8.33899e-05,7.70868e-05,6.87916e-05,5.86109e-05,4.70792e-05,3.50402e-05,2.35309e-05,1.36056e-05,6.11489e-06,1.50134e-06,-3.23636e-07,0
0,1.13209e-06,4.30393e-06,9.69462e-06,1.72927e-05,2.6603e-05,3.67906e-05,4.68864e-05,5.59932e-05,6.34384e-05,6.88421e-05,7.21328e-05,7.35984e-05,7.35004e-05,7.18524e-05,6.88212e-05,6.45941e-05,5.93705e-05,5.33548e-05,4.67534e-05,3.97724e-05,3.26173e-05,2.54912e-05,1.8594e-05,1.21177e-05,6.24236e-06,1.12935e-06,-3.08586e-06,-6.30028e-06,-8.44902e-06,-9.50885e-06,-9.49901e-06,-8.47919e-06,-6.54484e-06,-3.82017e-06,-4.4972e-07,3.4107e-06,7.6029e-06,1.19742e-05,1.63842e-05,2.07094e-05,2.48466e-05,2.87143e-05,3.22536e-05,3.5427e-05,3.82175e-05,4.06269e-05,4.26733e-05,4.43893e-05,4.58191e-05,4.7016e-05,4.80391e-05,4.89501e-05,4.98104e-05,5.06771e-05,5.15998e-05,5.2618e-05,5.37578e-05,5.50302e-05,5.64297e-05,5.79336e-05,5.95024e-05,6.10812e-05,6.26021e-05,6.39872e-05,6.51524e-05,6.60118e-05,6.64814e-05,6.64841e-05,6.59525e-05,6.48321e-05,6.30837e-05,6.0684e-05,5.76272e-05,5.39256e-05,4.96094e-05,4.47284e-05,3.93528e-05,3.35745e-05,2.75085e-05,2.12936e-05,1.50916e-05,9.08506e-06,3.47252e-06,-1.53843e-06,-5.74068e-06,-8.93868e-06,-1.09604e-05,-1.16691e-05,-1.09733e-05,-8.8344e-06,-5.27062e-06,-3.57135e-07,5.77771e-06,1.29595e-05,2.0977e-05,2.95925e-05,3.85523e-05,4.75948e-05,5.64577e-05,6.48819e-05,7.26142e-05,7.94076e-05,8.50225e-05,8.92289e-05,9.18103e-05,9.25716e-05,9.1349e-05,8.8024e-05,8.26647e-05,7.51608e-05,6.54953e-05,5.41194e-05,4.18325e-05,2.96759e-05,1.8764e-05,1.00539e-05,4.11443e-06,9.62831e-07,0
0,2.17972e-06,6.35642e-06,1.26196e-05,2.08638e-05,3.05072e-05,4.06647e-05,5.03667e-05,5.87635e-05,6.52627e-05,6.95776e-05,7.17324e-05,7.21189e-05,7.10359e-05,6.84703e-05,6.45941e-05,5.9592e-05,5.36539e-05,4.69722e-05,3.97401e-05,3.21528e-05,2.44084e-05,1.67075e-05,9.2518e-06,2.23959e-06,-4.14085e-06,-9.71936e-06,-1.43528e-05,-1.79335e-05,-2.03956e-05,-2.17192e-05,-2.19311e-05,-2.11013e-05,-1.93375e-05,-1.67767e-05,-1.35748e-05,-9.89672e-06,-5.90622e-06,-1.75782e-06,2.40999e-06,6.47914e-06,1.03545e-05,1.39645e-05,1.72605e-05,2.02156e-05,2.28218e-05,2.50884e-05,2.70387e-05,2.87085e-05,3.01423e-05,3.13917e-05,3.25122e-05,3.35601e-05,3.459e-05,3.56513e-05,3.67854e-05,3.80234e-05,3.93831e-05,4.08679e-05,4.24655e-05,4.41476e-05,4.58706e-05,4.75775e-05,4.91998e-05,5.06611e-05,5.18807e-05,5.27777e-05,5.32749e-05,5.33028e-05,5.28021e-05,5.17262e-05,5.00426e-05,4.77333e-05,4.47952e-05,4.12399e-05,3.70942e-05,3.2401e-05,2.72212e-05,2.16352e-05,1.57463e-05,9.68186e-06,3.59487e-06,-2.33748e-06,-7.91724e-06,-1.29323e-05,-1.71657e-05,-2.04072e-05,-2.24667e-05,-2.31871e-05,-2.24566e-05,-2.02176e-05,-1.64732e-05,-1.12874e-05,-4.78314e-06,2.86566e-06,1.14436e-05,2.07056e-05,3.03884e-05,4.02212e-05,4.99335e-05,5.92602e-05,6.7944e-05,7.5736e-05,8.2395e-05,8.76873e-05,9.13894e-05,9.32929e-05,9.3214e-05,9.10056e-05,8.67335e-05,8.02121e-05,7.12939e-05,6.03311e-05,4.80567e-05,3.54915e-05,2.37857e-05,1.39859e-05,6.78078e-06,2.29921e-06,0
0,3.18825e-06,8.28723e-06,1.53036e-05,2.40409e-05,3.38431e-05,4.37926e-05,5.29387e-05,6.04949e-05,6.59579e-05,6.91367e-05,7.01474e-05,6.94777e-05,6.74543e-05,6.40288e-05,5.93705e-05,5.36539e-05,4.70545e-05,3.97483e-05,3.1914e-05,2.37363e-05,1.54078e-05,7.13e-06,-8.89749e-07,-8.44347e-06,-1.53313e-05,-2.13716e-05,-2.64124e-05,-3.03405e-05,-3.30895e-05,-3.46439e-05,-3.50388e-05,-3.43562e-05,-3.27172e-05,-3.02723e-05,-2.71896e-05,-2.36431e-05,-1.98025e-05,-1.58241e-05,-1.18443e-05,-7.97583e-06,-4.30603e-06,-8.97042e-07,2.21248e-06,5.00485e-06,7.4805e-06,9.65495e-06,1.1556e-05,1.32211e-05,1.46947e-05,1.60259e-05,1.72659e-05,1.84655e-05,1.96721e-05,2.09276e-05,2.22657e-05,2.37089e-05,2.52678e-05,2.69384e-05,2.87023e-05,3.05264e-05,3.23637e-05,3.41551e-05,3.58323e-05,3.73205e-05,3.85427e-05,3.94232e-05,3.98915e-05,3.98859e-05,3.93556e-05,3.82624e-05,3.65814e-05,3.4301e-05,3.1422e-05,2.79574e-05,2.39322e-05,1.9384e-05,1.43657e-05,8.94737e-06,3.22062e-06,-2.69861e-06,-8.66749e-06,-1.4516e-05,-2.00494e-05,-2.50538e-05,-2.93053e-05,-3.25821e-05,-3.46782e-05,-3.54181e-05,-3.46704e-05,-3.23593e-05,-2.84716e-05,-2.30599e-05,-1.62398e-05,-8.1837e-06,8.90065e-07,1.07298e-05,2.10636e-05,3.16116e-05,4.20955e-05,5.22449e-05,6.18007e-05,7.05145e-05,7.81472e-05,8.44673e-05,8.92505e-05,9.22827e-05,9.33664e-05,9.23329e-05,8.92503e-05,8.38611e-05,7.58846e-05,6.55637e-05,5.35476e-05,4.0813e-05,2.85224e-05,1.77914e-05,9.41782e-06,3.64368e-06,0
0,4.13067e-06,1.00468e-05,1.76836e-05,2.676e-05,3.65597e-05,4.61504e-05,5.46164e-05,6.1245e-05,6.56264e-05,6.7662e-05,6.75522e-05,6.58712e-05,6.2964e-05,5.87384e-05,5.33548e-05,4.69722e-05,3.97483e-05,3.1842e-05,2.34188e-05,1.46553e-05,5.74302e-06,-3.11165e-06,-1.1691e-05,-1.97736e-05,-2.71454e-05,-3.36117e-05,-3.90111e-05,-4.32259e-05,-4.61905e-05,-4.78956e-05,-4.8387e-05,-4.77606e-05,-4.61527e-05,-4.37289e-05,-4.06702e-05,-3.71612e-05,-3.33777e-05,-2.94786e-05,-2.55989e-05,-2.18469e-05,-1.83029e-05,-1.50209e-05,-1.20308e-05,-9.34226e-06,-6.94766e-06,-4.82612e-06,-2.94635e-06,-1.26947e-06,2.48528e-07,1.65454e-06,2.99607e-06,4.31901e-06,5.6653e-06,7.07057e-06,8.56197e-06,1.0156e-05,1.18571e-05,1.36562e-05,1.55303e-05,1.74427e-05,1.93441e-05,2.11745e-05,2.28656e-05,2.43444e-05,2.55367e-05,2.6371e-05,2.67825e-05,2.67156e-05,2.61265e-05,2.49843e-05,2.32708e-05,2.09803e-05,1.81178e-05,1.46984e-05,1.07463e-05,6.2959e-06,1.39338e-06,-3.89959e-06,-9.50179e-06,-1.5308e-05,-2.11853e-05,-2.69715e-05,-3.24764e-05,-3.74863e-05,-4.17729e-05,-4.51047e-05,-4.72624e-05,-4.80536e-05,-4.73287e-05,-4.49935e-05,-4.10186e-05,-3.54435e-05,-2.83757e-05,-1.9984e-05,-1.04885e-05,-1.46358e-07,1.07623e-05,2.19487e-05,3.31266e-05,4.40204e-05,5.43692e-05,6.39264e-05,7.24579e-05,7.97381e-05,8.55471e-05,8.96711e-05,9.19065e-05,9.20689e-05,9.02361e-05,8.60848e-05,7.9202e-05,6.97162e-05,5.81797e-05,4.55058e-05,3.28454e-05,2.13619e-05,1.19479e-05,4.9559e-06,0
0,4.98498e-06,1.1597e-05,1.97153e-05,2.89827e-05,3.86379e-05,4.775e-05,5.54507e-05,6.11075e-05,6.44024e-05,6.53224e-05,6.41415e-05,6.15101e-05,5.7782e-05,5.28144e-05,4.67534e-05,3.97401e-05,3.1914e-05,2.34188e-05,1.44099e-05,5.06099e-06,-4.43236e-06,-1.38534e-05,-2.29698e-05,-3.15434e-05,-3.93436e-05,-4.61628e-05,-5.18307e-05,-5.6227e-05,-5.92896e-05,-6.1018e-05,-6.14718e-05,-6.07631e-05,-5.90459e-05,-5.65024e-05,-5.33287e-05,-4.97207e-05,-4.58622e-05,-4.19158e-05,-3.80167e-05,-3.42704e-05,-3.07523e-05,-2.75098e-05,-2.45662e-05,-2.19244e-05,-1.95712e-05,-1.74812e-05,-1.56201e-05,-1.39476e-05,-1.24193e-05,-1.09893e-05,-9.61196e-06,-8.24401e-06,-6.84646e-06,-5.38681e-06,-3.84109e-06,-2.19567e-06,-4.48845e-07,1.38814e-06,3.29062e-06,5.22075e-06,7.12857e-06,8.95385e-06,1.06287e-05,1.20811e-05,1.32381e-05,1.40303e-05,1.43952e-05,1.42804e-05,1.36456e-05,1.24638e-05,1.07207e-05,8.41427e-06,5.55234e-06,2.15144e-06,-1.76427e-06,-6.16271e-06,-1.1002e-05,-1.62268e-05,-2.17639e-05,-2.75167e-05,-3.33606e-05,-3.91404e-05,-4.46703e-05,-4.97376e-05,-5.41105e-05,-5.755e-05,-5.98248e-05,-6.07274e-05,-6.00909e-05,-5.78031e-05,-5.3818e-05,-4.8161e-05,-4.09297e-05,-3.22881e-05,-2.2456e-05,-1.16951e-05,-2.9296e-07,1.14525e-05,2.32467e-05,3.48078e-05,4.58723e-05,5.61955e-05,6.5549e-05,7.37151e-05,8.04824e-05,8.56426e-05,8.89917e-05,9.03366e-05,8.9773e-05,8.69201e-05,8.12375e-05,7.27387e-05,6.1871e-05,4.94686e-05,3.66499e-05,2.4604e-05,1.43014e-05,6.19859e-06,0
0,5.73463e-06,1.2912e-05,2.13729e-05,3.06953e-05,4.00878e-05,4.86347e-05,5.55239e-05,6.0204e-05,6.24436e-05,6.23042e-05,6.01215e-05,5.66113e-05,5.21279e-05,4.64718e-05,3.97724e-05,3.21528e-05,2.37363e-05,1.46553e-05,5.06099e-06,-4.86975e-06,-1.49311e-05,-2.48907e-05,-3.44973e-05,-4.34933e-05,-5.16314e-05,-5.86912e-05,-6.44958e-05,-6.89249e-05,-7.19233e-05,-7.35031e-05,-7.37402e-05,-7.27663e-05,-7.07553e-05,-6.79086e-05,-6.44389e-05,-6.05558e-05,-5.64529e-05,-5.22989e-05,-4.82318e-05,-4.4357e-05,-4.07475e-05,-3.7447e-05,-3.44745e-05,-3.18284e-05,-2.94912e-05,-2.74339e-05,-2.56193e-05,-2.40046e-05,-2.25437e-05,-2.11894e-05,-1.98947e-05,-1.8615e-05,-1.73102e-05,-1.59459e-05,-1.44965e-05,-1.29462e-05,-1.1291e-05,-9.53978e-06,-7.71489e-06,-5.85213e-06,-3.9999e-06,-2.21742e-06,-5.72302e-07,8.6278e-07,2.01383e-06,2.8096e-06,3.18543e-06,3.08663e-06,2.47088e-06,1.30939e-06,-4.13079e-07,-2.69945e-06,-5.54211e-06,-8.92485e-06,-1.28242e-05,-1.72095e-05,-2.20412e-05,-2.72676e-05,-3.28199e-05,-3.86068e-05,-4.4509e-05,-5.03756e-05,-5.60235e-05,-6.12398e-05,-6.57897e-05,-6.94269e-05,-7.19094e-05,-7.30156e-05,-7.2562e-05,-7.04192e-05,-6.6524e-05,-6.08871e-05,-5.35947e-05,-4.48041e-05,-3.47334e-05,-2.36473e-05,-1.18403e-05,3.80628e-07,1.27116e-05,2.48631e-05,3.65676e-05,4.75806e-05,5.76786e-05,6.66526e-05,7.43015e-05,8.04263e-05,8.48279e-05,8.73105e-05,8.79972e-05,8.6459e-05,8.20364e-05,7.46313e-05,6.45836e-05,5.26367e-05,3.98584e-05,2.74427e-05,1.64194e-05,7.33906e-06,0
0,6.36874e-06,1.39779e-05,2.26491e-05,3.19076e-05,4.0946e-05,4.88749e-05,5.49431e-05,5.86773e-05,5.99228e-05,5.88033e-05,5.57025e-05,5.13917e-05,4.62186e-05,3.9923e-05,3.26173e-05,2.44084e-05,1.54078e-05,5.74302e-06,-4.43236e-06,-1.49311e-05,-2.55309e-05,-3.59785e-05,-4.60003e-05,-5.53184e-05,-6.36683e-05,-7.08188e-05,-7.65893e-05,-8.08633e-05,-8.35956e-05,-8.48145e-05,-8.46161e-05,-8.31542e-05,-8.06252e-05,-7.72523e-05,-7.32673e-05,-6.88961e-05,-6.43452e-05,-5.97927e-05,-5.53828e-05,-5.12244e-05,-4.7392e-05,-4.3929e-05,-4.0853e-05,-3.81603e-05,-3.58308e-05,-3.38325e-05,-3.21249e-05,-3.06613e-05,-2.93914e-05,-2.8263e-05,-2.72234e-05,-2.62215e-05,-2.52096e-05,-2.41455e-05,-2.29946e-05,-2.17321e-05,-2.03452e-05,-1.88342e-05,-1.7214e-05,-1.55142e-05,-1.37788e-05,-1.20649e-05,-1.04404e-05,-8.98051e-06,-7.76444e-06,-6.87054e-06,-6.37216e-06,-6.33364e-06,-6.80726e-06,-7.83127e-06,-9.42943e-06,-1.16117e-05,-1.43757e-05,-1.77091e-05,-2.15906e-05,-2.59907e-05,-3.08705e-05,-3.61786e-05,-4.18466e-05,-4.77835e-05,-5.38705e-05,-5.99568e-05,-6.58581e-05,-7.13591e-05,-7.62197e-05,-8.01862e-05,-8.30056e-05,-8.44427e-05,-8.42985e-05,-8.24263e-05,-7.8746e-05,-7.32529e-05,-6.60207e-05,-5.71985e-05,-4.7001e-05,-3.56948e-05,-2.35803e-05,-1.09736e-05,1.81086e-06,1.44744e-05,2.67427e-05,3.83694e-05,4.91337e-05,5.88344e-05,6.72811e-05,7.4286e-05,7.96591e-05,8.32074e-05,8.509e-05,8.48413e-05,8.16923e-05,7.54415e-05,6.63225e-05,5.49819e-05,4.24225e-05,2.98236e-05,1.82554e-05,8.35035e-06,0
0,6.88208e-06,1.47927e-05,2.35534e-05,3.26498e-05,4.12711e-05,4.85624e-05,5.38337e-05,5.66831e-05,5.70207e-05,5.50174e-05,5.10923e-05,4.60628e-05,4.02649e-05,3.33754e-05,2.54912e-05,1.67075e-05,7.13e-06,-3.11165e-06,-1.38534e-05,-2.48907e-05,-3.59785e-05,-4.68383e-05,-5.71723e-05,-6.66809e-05,-7.50843e-05,-8.21428e-05,-8.76755e-05,-9.15728e-05,-9.3804e-05,-9.44167e-05,-9.35301e-05,-9.13229e-05,-8.80174e-05,-8.38606e-05,-7.91071e-05,-7.40022e-05,-6.87693e-05,-6.36001e-05,-5.86499e-05,-5.40355e-05,-4.98374e-05,-4.61032e-05,-4.28522e-05,-4.00812e-05,-3.77693e-05,-3.58818e-05,-3.43739e-05,-3.31934e-05,-3.22822e-05,-3.15786e-05,-3.10184e-05,-3.05372e-05,-3.00721e-05,-2.95644e-05,-2.89621e-05,-2.82227e-05,-2.73159e-05,-2.62259e-05,-2.49536e-05,-2.35175e-05,-2.1954e-05,-2.03169e-05,-1.86753e-05,-1.71105e-05,-1.57117e-05,-1.45715e-05,-1.37805e-05,-1.34221e-05,-1.35687e-05,-1.4278e-05,-1.55916e-05,-1.7535e-05,-2.0118e-05,-2.33367e-05,-2.71749e-05,-3.16047e-05,-3.65863e-05,-4.20649e-05,-4.79678e-05,-5.41984e-05,-6.06322e-05,-6.71119e-05,-7.34468e-05,-7.94142e-05,-8.47655e-05,-8.92371e-05,-9.2564e-05,-9.44973e-05,-9.48223e-05,-9.33757e-05,-9.00606e-05,-8.48567e-05,-7.78248e-05,-6.91044e-05,-5.8906e-05,-4.74964e-05,-3.51817e-05,-2.22869e-05,-9.13776e-06,3.9555e-06,1.67094e-05,2.88722e-05,4.02231e-05,5.05661e-05,5.97204e-05,6.75104e-05,7.37572e-05,7.82753e-05,8.12685e-05,8.22459e-05,8.03406e-05,7.52585e-05,6.7133e-05,5.6512e-05,4.43231e-05,3.17141e-05,1.97773e-05,9.2122e-06,0
0,7.2749e-06,1.53651e-05,2.41106e-05,3.297e-05,4.11401e-05,4.7805e-05,5.23332e-05,5.43844e-05,5.39191e-05,5.11407e-05,4.64914e-05,4.08271e-05,3.44685e-05,2.70292e-05,1.8594e-05,9.2518e-06,-8.89749e-07,-1.1691e-05,-2.29698e-05,-3.44973e-05,-4.60003e-05,-5.71723e-05,-6.76891e-05,-7.72303e-05,-8.55024e-05,-9.22603e-05,-9.73258e-05,-0.0001006,-0.00010207,-0.000101805,-9.99505e-05,-9.67135e-05,-9.2344e-05,-8.7117e-05,-8.1313e-05,-7.52013e-05,-6.9027e-05,-6.3001e-05,-5.72948e-05,-5.20391e-05,-4.73254e-05,-4.32095e-05,-3.97168e-05,-3.68472e-05,-3.458e-05,-3.28783e-05,-3.1692e-05,-3.09605e-05,-3.06143e-05,-3.05766e-05,-3.07651e-05,-3.10937e-05,-3.14755e-05,-3.18251e-05,-3.20624e-05,-3.21168e-05,-3.19303e-05,-3.14619e-05,-3.06907e-05,-2.96182e-05,-2.827e-05,-2.66953e-05,-2.49664e-05,-2.31745e-05,-2.1426e-05,-1.98363e-05,-1.85236e-05,-1.7602e-05,-1.7176e-05,-1.73347e-05,-1.8149e-05,-1.96698e-05,-2.19274e-05,-2.49325e-05,-2.86778e-05,-3.31384e-05,-3.82721e-05,-4.40175e-05,-5.02918e-05,-5.69863e-05,-6.39628e-05,-7.10501e-05,-7.80433e-05,-8.47056e-05,-9.07747e-05,-9.59728e-05,-0.00010002,-0.000102654,-0.000103642,-0.000102805,-0.00010003,-9.52817e-05,-8.86074e-05,-8.01372e-05,-7.00761e-05,-5.8691e-05,-4.62927e-05,-3.32155e-05,-1.97976e-05,-6.36227e-06,6.79469e-06,1.94128e-05,3.12676e-05,4.21647e-05,5.19309e-05,6.04017e-05,6.74106e-05,7.27827e-05,7.67745e-05,7.88808e-05,7.81496e-05,7.4207e-05,6.70958e-05,5.72677e-05,4.55694e-05,3.31038e-05,2.09673e-05,9.91159e-06,0
0,7.55252e-06,1.57137e-05,2.43587e-05,3.2931e-05,4.06436e-05,4.67214e-05,5.05855e-05,5.19448e-05,5.07953e-05,4.73584e-05,4.20882e-05,3.58735e-05,2.90183e-05,2.10738e-05,1.21177e-05,2.23959e-06,-8.44347e-06,-1.97736e-05,-3.15434e-05,-4.34933e-05,-5.53184e-05,-6.66809e-05,-7.72303e-05,-8.66265e-05,-9.45641e-05,-0.000100795,-0.000105148,-0.000107536,-0.000107967,-0.000106535,-0.000103415,-9.88424e-05,-9.31004e-05,-8.64946e-05,-7.93364e-05,-7.19244e-05,-6.45311e-05,-5.73928e-05,-5.07036e-05,-4.4614e-05,-3.92319e-05,-3.46261e-05,-3.08314e-05,-2.78531e-05,-2.56724e-05,-2.42499e-05,-2.3529e-05,-2.3438e-05,-2.38914e-05,-2.47918e-05,-2.60312e-05,-2.74934e-05,-2.90565e-05,-3.05973e-05,-3.19957e-05,-3.31402e-05,-3.39337e-05,-3.42992e-05,-3.4185e-05,-3.35693e-05,-3.24628e-05,-3.09101e-05,-2.89887e-05,-2.68054e-05,-2.44919e-05,-2.2197e-05,-2.00787e-05,-1.82952e-05,-1.69965e-05,-1.63169e-05,-1.63693e-05,-1.7241e-05,-1.89923e-05,-2.16558e-05,-2.52374e-05,-2.97172e-05,-3.50498e-05,-4.11639e-05,-4.79612e-05,-5.53132e-05,-6.30596e-05,-7.1006e-05,-7.8924e-05,-8.65544e-05,-9.36136e-05,-9.98038e-05,-0.000104827,-0.000108401,-0.000110279,-0.000110264,-0.000108227,-0.000104119,-9.79746e-05,-8.99147e-05,-8.01393e-05,-6.89149e-05,-5.65574e-05,-4.34107e-05,-2.98261e-05,-1.61423e-05,-2.66975e-06,1.03186e-05,2.25903e-05,3.39492e-05,4.42261e-05,5.32656e-05,6.09137e-05,6.7008e-05,7.18644e-05,7.49739e-05,7.5312e-05,7.24396e-05,6.63213e-05,5.73193e-05,4.61973e-05,3.40035e-05,2.18228e-05,1.04429e-05,0
0,7.7248e-06,1.58654e-05,2.43462e-05,3.26066e-05,3.98819e-05,4.54365e-05,4.87355e-05,4.95239e-05,4.78176e-05,4.38426e-05,3.80554e-05,3.13746e-05,2.40871e-05,1.56842e-05,6.24236e-06,-4.14085e-06,-1.53313e-05,-2.71454e-05,-3.93436e-05,-5.16314e-05,-6.36683e-05,-7.50843e-05,-8.55024e-05,-9.45641e-05,-0.000101954,-0.000107424,-0.00011081,-0.000112042,-0.000111148,-0.000108251,-0.000103556,-9.73308e-05,-8.98942e-05,-8.15879e-05,-7.2759e-05,-6.3742e-05,-5.48434e-05,-4.63315e-05,-3.84297e-05,-3.13139e-05,-2.51139e-05,-1.99155e-05,-1.57658e-05,-1.26779e-05,-1.06353e-05,-9.59619e-06,-9.49596e-06,-1.02491e-05,-1.17505e-05,-1.38763e-05,-1.64855e-05,-1.94224e-05,-2.25196e-05,-2.56034e-05,-2.85002e-05,-3.10443e-05,-3.30858e-05,-3.44996e-05,-3.51937e-05,-3.51155e-05,-3.42573e-05,-3.26583e-05,-3.04049e-05,-2.76265e-05,-2.44897e-05,-2.11888e-05,-1.79354e-05,-1.49465e-05,-1.24328e-05,-1.05879e-05,-9.57995e-06,-9.54487e-06,-1.05825e-05,-1.2755e-05,-1.60866e-05,-2.05645e-05,-2.614e-05,-3.2729e-05,-4.02121e-05,-4.84339e-05,-5.72028e-05,-6.62909e-05,-7.54363e-05,-8.4347e-05,-9.27091e-05,-0.000100197,-0.000106489,-0.00011128,-0.000114304,-0.000115347,-0.000114266,-0.000110997,-0.000105565,-9.80826e-05,-8.87467e-05,-7.78241e-05,-6.5636e-05,-5.25367e-05,-3.88921e-05,-2.50577e-05,-1.13617e-05,1.9073e-06,1.4505e-05,2.62292e-05,3.69107e-05,4.64008e-05,5.45566e-05,6.12287e-05,6.67985e-05,7.07624e-05,7.20357e-05,7.01293e-05,6.49438e-05,5.67617e-05,4.62661e-05,3.44436e-05,2.23549e-05,1.0808e-05,0
0,7.80551e-06,1.58539e-05,2.41301e-05,3.20787e-05,3.89607e-05,4.40767e-05,4.69251e-05,4.72726e-05,4.51408e-05,4.07482e-05,3.45467e-05,2.74825e-05,1.98274e-05,1.10158e-05,1.12935e-06,-9.71936e-06,-2.13716e-05,-3.36117e-05,-4.61628e-05,-5.86912e-05,-7.08188e-05,-8.21428e-05,-9.22603e-05,-0.000100795,-0.000107424,-0.0001119,-0.000114067,-0.000113874,-0.000111371,-0.000106709,-0.000100126,-9.19281e-05,-8.24718e-05,-7.21403e-05,-6.13233e-05,-5.03975e-05,-3.97107e-05,-2.957e-05,-2.02341e-05,-1.191e-05,-4.75309e-06,1.1306e-06,5.67956e-06,8.87212e-06,1.07217e-05,1.12731e-05,1.06e-05,8.80329e-06,6.01121e-06,2.37841e-06,-1.91457e-06,-6.66365e-06,-1.16452e-05,-1.66224e-05,-2.13541e-05,-2.5605e-05,-2.91583e-05,-3.18276e-05,-3.34691e-05,-3.39921e-05,-3.33663e-05,-3.16261e-05,-2.88709e-05,-2.52609e-05,-2.10087e-05,-1.63679e-05,-1.1619e-05,-7.05314e-06,-2.95721e-06,4.0108e-07,2.78527e-06,3.99951e-06,3.89481e-06,2.37234e-06,-6.15526e-07,-5.06593e-06,-1.09269e-05,-1.80993e-05,-2.64379e-05,-3.57534e-05,-4.58143e-05,-5.63489e-05,-6.70506e-05,-7.75839e-05,-8.75935e-05,-9.67174e-05,-0.000104601,-0.000110912,-0.000115363,-0.000117721,-0.000117826,-0.000115606,-0.000111075,-0.000104341,-9.55989e-05,-8.51183e-05,-7.32273e-05,-6.02924e-05,-4.66949e-05,-3.28095e-05,-1.89841e-05,-5.52644e-06,7.30362e-06,1.92935e-05,3.02705e-05,4.0089e-05,4.86151e-05,5.57125e-05,6.18325e-05,6.64848e-05,6.85359e-05,6.74618e-05,6.31146e-05,5.57095e-05,4.58546e-05,3.44722e-05,2.25877e-05,1.10154e-05,0
0,7.8116e-06,1.57182e-05,2.37729e-05,3.14335e-05,3.79877e-05,4.27657e-05,4.52883e-05,4.53295e-05,4.29032e-05,3.82104e-05,3.16931e-05,2.43256e-05,1.6367e-05,7.19885e-06,-3.08586e-06,-1.43528e-05,-2.64124e-05,-3.90111e-05,-5.18307e-05,-6.44958e-05,-7.65893e-05,-8.76755e-05,-9.73258e-05,-0.000105148,-0.00011081,-0.000114067,-0.000114774,-0.000112896,-0.000108507,-0.000101789,-9.30145e-05,-8.25306e-05,-7.07379e-05,-5.80671e-05,-4.49573e-05,-3.18346e-05,-1.90951e-05,-7.09084e-06,3.87886e-06,1.35724e-05,2.18064e-05,2.84533e-05,3.34368e-05,3.67268e-05,3.8334e-05,3.83063e-05,3.67266e-05,3.37122e-05,2.94154e-05,2.40245e-05,1.77644e-05,1.08945e-05,3.70443e-06,-3.49341e-06,-1.03757e-05,-1.66224e-05,-2.19339e-05,-2.60479e-05,-2.87575e-05,-2.99251e-05,-2.94939e-05,-2.74942e-05,-2.40439e-05,-1.9343e-05,-1.36634e-05,-7.33266e-06,-7.1588e-07,5.80511e-06,1.18522e-05,1.70698e-05,2.11411e-05,2.38003e-05,2.48412e-05,2.41221e-05,2.15677e-05,1.71682e-05,1.09783e-05,3.11379e-06,-6.25108e-06,-1.68874e-05,-2.85155e-05,-4.0811e-05,-5.34113e-05,-6.59259e-05,-7.79472e-05,-8.90657e-05,-9.88852e-05,-0.000107041,-0.000113215,-0.000117156,-0.000118689,-0.000117729,-0.000114288,-0.000108469,-0.000100469,-9.05644e-05,-7.90919e-05,-6.6432e-05,-5.29842e-05,-3.91439e-05,-2.52814e-05,-1.17263e-05,1.24263e-06,1.33986e-05,2.45613e-05,3.45849e-05,4.3342e-05,5.07082e-05,5.72083e-05,6.23719e-05,6.50265e-05,6.46278e-05,6.09955e-05,5.42916e-05,4.50575e-05,3.41516e-05,2.25567e-05,1.108e-05,0
0,7.76233e-06,1.55004e-05,2.33405e-05,3.07586e-05,3.7068e-05,4.16211e-05,4.39484e-05,4.38177e-05,4.12235e-05,3.63413e-05,2.96004e-05,2.2005e-05,1.38053e-05,4.3333e-06,-6.30028e-06,-1.79335e-05,-3.03405e-05,-4.32259e-05,-5.6227e-05,-6.89249e-05,-8.08633e-05,-9.15728e-05,-0.0001006,-0.000107536,-0.000112042,-0.000113874,-0.000112896,-0.00010909,-0.000102556,-9.35077e-05,-8.2256e-05,-6.91929e-05,-5.47694e-05,-3.94707e-05,-2.37924e-05,-8.21722e-06,6.80428e-06,2.08701e-05,3.36374e-05,4.48287e-05,5.42325e-05,6.17012e-05,6.71457e-05,7.05289e-05,7.18598e-05,7.11897e-05,6.86097e-05,6.42518e-05,5.82912e-05,5.09497e-05,4.24977e-05,3.32546e-05,2.35841e-05,1.38851e-05,4.57713e-06,-3.91909e-06,-1.12045e-05,-1.69258e-05,-2.07998e-05,-2.26332e-05,-2.23388e-05,-1.99438e-05,-1.55908e-05,-9.53073e-06,-2.10815e-06,6.25904e-06,1.51045e-05,2.39401e-05,3.22821e-05,3.96752e-05,4.57124e-05,5.00507e-05,5.24211e-05,5.26349e-05,5.0586e-05,4.62504e-05,3.96842e-05,3.10202e-05,2.04637e-05,8.28705e-06,-5.17648e-06,-1.95413e-05,-3.43797e-05,-4.92348e-05,-6.36354e-05,-7.71133e-05,-8.9221e-05,-9.95508e-05,-0.000107752,-0.000113549,-0.00011675,-0.000117262,-0.000115091,-0.000110345,-0.000103226,-9.4017e-05,-8.3071e-05,-7.07849e-05,-5.75785e-05,-4.38703e-05,-3.00556e-05,-1.64883e-05,-3.46929e-06,8.75705e-06,1.99992e-05,3.01075e-05,3.89585e-05,4.64382e-05,5.3147e-05,5.86398e-05,6.17136e-05,6.18167e-05,5.87529e-05,5.26456e-05,4.39805e-05,3.35555e-05,2.23063e-05,1.10216e-05,0
0,7.67849e-06,1.52447e-05,2.28992e-05,3.01397e-05,3.63018e-05,4.07507e-05,4.30142e-05,4.28415e-05,4.01979e-05,3.52278e-05,2.83467e-05,2.0592e-05,1.22088e-05,2.48399e-06,-8.44902e-06,-2.03956e-05,-3.30895e-05,-4.61905e-05,-5.92896e-05,-7.19233e-05,-8.35956e-05,-9.3804e-05,-0.00010207,-0.000107967,-0.000111148,-0.000111371,-0.000108507,-0.000102556,-9.36445e-05,-8.20189e-05,-6.80338e-05,-5.21316e-05,-3.48203e-05,-1.66468e-05,1.8293e-06,2.00621e-05,3.75421e-05,5.38147e-05,6.84931e-05,8.12656e-05,9.18967e-05,0.000100223,0.000106147,0.000109629,0.000110677,0.000109346,0.000105733,9.99794e-05,9.22786e-05,8.28811e-05,7.21004e-05,6.03165e-05,4.79718e-05,3.55609e-05,2.36126e-05,1.26642e-05,3.23123e-06,-4.22548e-06,-9.33233e-06,-1.18309e-05,-1.15992e-05,-8.66281e-06,-3.19648e-06,4.4862e-06,1.39523e-05,2.46768e-05,3.60755e-05,4.75387e-05,5.84648e-05,6.82895e-05,7.65098e-05,8.27017e-05,8.6532e-05,8.77639e-05,8.62599e-05,8.19807e-05,7.49827e-05,6.54148e-05,5.35131e-05,3.95946e-05,2.40493e-05,7.32916e-06,-1.00653e-05,-2.76016e-05,-4.47341e-05,-6.09247e-05,-7.56641e-05,-8.84926e-05,-9.90193e-05,-0.000106938,-0.000112041,-0.000114224,-0.000113493,-0.000109962,-0.000103842,-9.54318e-05,-8.51017e-05,-7.32696e-05,-6.03791e-05,-4.68748e-05,-3.31792e-05,-1.96732e-05,-6.68253e-06,5.52772e-06,1.67516e-05,2.68323e-05,3.56475e-05,4.30917e-05,4.98426e-05,5.54839e-05,5.87888e-05,5.92105e-05,5.65515e-05,5.09125e-05,4.2736e-05,3.27657e-05,2.18881e-05,1.08645e-05,0
0,7.58148e-06,1.49949e-05,2.25133e-05,2.96577e-05,3.57804e-05,4.02494e-05,4.25777e-05,4.24847e-05,3.98986e-05,3.49296e-05,2.79801e-05,2.01251e-05,1.16094e-05,1.6778e-06,-9.50885e-06,-2.17192e-05,-3.46439e-05,-4.78956e-05,-6.1018e-05,-7.35031e-05,-8.48145e-05,-9.44167e-05,-0.000101805,-0.000106535,-0.000108251,-0.000106709,-0.000101789,-9.35077e-05,-8.20189e-05,-6.76071e-05,-5.06742e-05,-3.17197e-05,-1.13161e-05,9.92043e-06,3.13599e-05,5.23882e-05,7.24341e-05,9.09907e-05,0.000107631,0.000122014,0.000133888,0.000143084,0.000149501,0.000153104,0.000153904,0.000151956,0.000147359,0.000140256,0.000130849,0.000119406,0.000106276,9.18952e-05,7.67847e-05,6.15417e-05,4.68154e-05,3.32757e-05,2.15725e-05,1.22918e-05,5.91289e-06,2.76995e-06,3.02465e-06,6.65067e-06,1.3433e-05,2.29819e-05,3.47593e-05,4.81152e-05,6.23305e-05,7.66603e-05,9.03753e-05,0.000102797,0.000113325,0.000121457,0.000126798,0.000129067,0.000128097,0.000123835,0.000116337,0.000105764,9.23807e-05,7.65474e-05,5.87098e-05,3.93881e-05,1.91601e-05,-1.35948e-06,-2.15413e-05,-4.07674e-05,-5.84558e-05,-7.4085e-05,-8.72153e-05,-9.75054e-05,-0.000104725,-0.000108762,-0.000109622,-0.000107427,-0.000102404,-9.48717e-05,-8.52231e-05,-7.39017e-05,-6.13791e-05,-4.81291e-05,-3.46042e-05,-2.1215e-05,-8.31483e-06,3.80806e-06,1.49301e-05,2.48846e-05,3.35474e-05,4.08193e-05,4.74564e-05,5.30734e-05,5.64244e-05,5.69779e-05,5.45493e-05,4.92321e-05,4.1439e-05,3.18682e-05,2.1358e-05,1.06356e-05,0
0,7.4925e-06,1.47933e-05,2.22434e-05,2.93862e-05,3.5584e-05,4.0197e-05,4.27116e-05,4.28082e-05,4.03722e-05,3.54782e-05,2.85183e-05,2.06103e-05,1.20031e-05,1.90268e-06,-9.49901e-06,-2.19311e-05,-3.50388e-05,-4.8387e-05,-6.14718e-05,-7.37402e-05,-8.46161e-05,-9.35301e-05,-9.99505e-05,-0.000103415,-0.000103556,-0.000100126,-9.30145e-05,-8.2256e-05,-6.80338e-05,-5.06742e-05,-3.06327e-05,-8.47313e-06,1.51603e-05,3.95751e-05,6.40651e-05,8.7945e-05,0.000110582,0.000131421,0.000150001,0.000165964,0.000179054,0.000189105,0.000196031,0.000199804,0.000200442,0.000198002,0.000192574,0.000184292,0.000173347,0.000160011,0.000144653,0.000127752,0.000109907,9.18173e-05,7.42645e-05,5.80658e-05,4.40247e-05,3.28721e-05,2.52096e-05,2.14597e-05,2.18288e-05,2.62876e-05,3.45712e-05,4.61982e-05,6.05069e-05,7.6703e-05,9.39155e-05,0.000111252,0.000127848,0.000142912,0.000155751,0.000165792,0.000172589,0.000175826,0.000175313,0.000170985,0.000162896,0.000151219,0.00013624,0.000118356,9.80639e-05,7.59498e-05,5.26688e-05,2.89219e-05,5.42799e-06,-1.71061e-05,-3.80164e-05,-5.67098e-05,-7.26886e-05,-8.55694e-05,-9.50956e-05,-0.000101143,-0.000103719,-0.000102957,-9.91042e-05,-9.25029e-05,-8.35745e-05,-7.27936e-05,-6.06641e-05,-4.76929e-05,-3.43658e-05,-2.11257e-05,-8.35578e-06,3.62947e-06,1.45863e-05,2.43353e-05,3.27479e-05,3.9729e-05,4.61132e-05,5.15468e-05,5.47685e-05,5.52701e-05,5.28929e-05,4.77379e-05,4.02028e-05,3.09503e-05,2.07743e-05,1.03638e-05,0
0,7.43165e-06,1.46788e-05,2.21434e-05,2.93887e-05,3.5779e-05,4.06554e-05,4.34675e-05,4.38488e-05,4.16384e-05,3.68764e-05,2.99482e-05,2.20204e-05,1.33509e-05,3.10901e-06,-8.47919e-06,-2.11013e-05,-3.43562e-05,-4.77606e-05,-6.07631e-05,-7.27663e-05,-8.31542e-05,-9.13229e-05,-9.67135e-05,-9.88424e-05,-9.73308e-05,-9.19281e-05,-8.25306e-05,-6.91929e-05,-5.21316e-05,-3.17197e-05,-8.47313e-06,1.69732e-05,4.38955e-05,7.15191e-05,9.90577e-05,0.000125755,0.000150919,0.000173953,0.000194377,0.000211828,0.000226063,0.000236938,0.000244393,0.000248422,0.000249054,0.000246342,0.000240358,0.000231209,0.000219054,0.000204141,0.000186835,0.000167644,0.000147228,0.000126393,0.000106059,8.72057e-05,7.08121e-05,5.77759e-05,4.88413e-05,4.4533e-05,4.51082e-05,5.05322e-05,6.04787e-05,7.4357e-05,9.13598e-05,0.000110527,0.000130819,0.000151183,0.000170618,0.000188224,0.000203228,0.000215003,0.000223071,0.000227096,0.000226878,0.000222343,0.000213546,0.000200664,0.000183997,0.000163967,0.000141116,0.000116086,8.96057e-05,6.24616e-05,3.54654e-05,9.41831e-06,-1.49253e-05,-3.68918e-05,-5.59166e-05,-7.15666e-05,-8.35529e-05,-9.17365e-05,-9.61256e-05,-9.68661e-05,-9.42273e-05,-8.85821e-05,-8.03846e-05,-7.01457e-05,-5.84059e-05,-4.57097e-05,-3.25794e-05,-1.94931e-05,-6.86683e-06,4.95644e-06,1.57101e-05,2.51992e-05,3.3288e-05,3.98834e-05,4.58979e-05,5.10091e-05,5.39414e-05,5.42167e-05,5.17131e-05,4.65535e-05,3.9135e-05,3.00971e-05,2.01953e-05,1.00784e-05,0
0,7.41727e-06,1.46859e-05,2.22595e-05,2.9717e-05,3.64159e-05,4.16674e-05,4.48747e-05,4.56185e-05,4.36908e-05,3.9099e-05,3.22275e-05,2.42979e-05,1.55816e-05,5.21324e-06,-6.54484e-06,-1.93375e-05,-3.27172e-05,-4.61527e-05,-5.90459e-05,-7.07553e-05,-8.06252e-05,-8.80174e-05,-9.2344e-05,-9.31004e-05,-8.98942e-05,-8.24718e-05,-7.07379e-05,-5.47694e-05,-3.48203e-05,-1.13161e-05,1.51603e-05,4.38955e-05,7.40803e-05,0.000104853,0.000135345,0.000164731,0.000192268,0.00021733,0.00023943,0.000258221,0.000273495,0.000285152,0.000293174,0.000297592,0.000298452,0.000295799,0.000289674,0.000280131,0.000267267,0.000251272,0.000232473,0.000211379,0.000188698,0.000165333,0.00014235,0.000120912,0.000102195,8.72898e-05,7.71081e-05,7.22938e-05,7.3163e-05,7.96718e-05,9.14191e-05,0.000107683,0.000127484,0.000149673,0.000173019,0.0001963,0.000218381,0.000238262,0.000255114,0.000268283,0.000277284,0.000281787,0.000281597,0.000276645,0.000266983,0.000252785,0.000234356,0.00021213,0.000186675,0.00015868,0.000128936,9.83116e-05,6.77083e-05,3.80252e-05,1.01125e-05,-1.52678e-05,-3.74765e-05,-5.60226e-05,-7.05785e-05,-8.09859e-05,-8.72511e-05,-8.95333e-05,-8.81261e-05,-8.34352e-05,-7.59528e-05,-6.62299e-05,-5.48488e-05,-4.23952e-05,-2.94318e-05,-1.64751e-05,-3.9765e-06,7.68967e-06,1.82313e-05,2.7435e-05,3.51554e-05,4.12988e-05,4.68543e-05,5.1529e-05,5.40329e-05,5.39224e-05,5.11214e-05,4.57884e-05,3.83343e-05,2.93889e-05,1.96771e-05,9.8081e-06,0
0,7.4652e-06,1.48431e-05,2.2628e-05,3.04094e-05,3.75281e-05,4.32552e-05,4.69394e-05,4.81049e-05,4.64967e-05,4.20943e-05,3.52868e-05,2.73578e-05,1.85961e-05,8.10354e-06,-3.82017e-06,-1.67767e-05,-3.02723e-05,-4.37289e-05,-5.65024e-05,-6.79086e-05,-7.72523e-05,-8.38606e-05,-8.7117e-05,-8.64946e-05,-8.15879e-05,-7.21403e-05,-5.80671e-05,-3.94707e-05,-1.66468e-05,9.92043e-06,3.95751e-05,7.15191e-05,0.000104853,0.000138624,0.000171886,0.000203747,0.000233422,0.000260272,0.00028382,0.000303763,0.000319947,0.000332343,0.000341001,0.000346,0.000347413,0.000345273,0.000339573,0.000330282,0.000317396,0.000301002,0.000281345,0.000258897,0.000234388,0.000208812,0.000183387,0.000159479,0.000138491,0.000121741,0.000110338,0.000105065,0.000106309,0.000114012,0.000127681,0.000146435,0.000169091,0.000194277,0.000220549,0.000246505,0.000270876,0.000292586,0.00031078,0.000324815,0.00033424,0.000338762,0.000338217,0.00033255,0.000321813,0.000306173,0.000285919,0.000261481,0.000233435,0.000202499,0.000169513,0.000135415,0.000101193,6.78416e-05,3.631e-05,7.45331e-06,-1.80075e-05,-3.95163e-05,-5.67005e-05,-6.93766e-05,-7.75457e-05,-8.13785e-05,-8.11935e-05,-7.7431e-05,-7.06238e-05,-6.13674e-05,-5.02894e-05,-3.80204e-05,-2.51671e-05,-1.22873e-05,1.28857e-07,1.16731e-05,2.20249e-05,3.09495e-05,3.8289e-05,4.39459e-05,4.89845e-05,5.3138e-05,5.51e-05,5.4464e-05,5.12074e-05,4.55353e-05,3.78878e-05,2.88983e-05,1.92717e-05,9.58017e-06,0
0,7.58828e-06,1.51722e-05,2.3275e-05,3.14898e-05,3.91311e-05,4.54203e-05,4.96452e-05,5.12714e-05,4.99996e-05,4.57867e-05,3.90335e-05,3.10924e-05,2.22736e-05,1.16468e-05,-4.4972e-07,-1.35748e-05,-2.71896e-05,-4.06702e-05,-5.33287e-05,-6.44389e-05,-7.32673e-05,-7.91071e-05,-8.1313e-05,-7.93364e-05,-7.2759e-05,-6.13233e-05,-4.49573e-05,-2.37924e-05,1.8293e-06,3.13599e-05,6.40651e-05,9.90577e-05,0.000135345,0.000171886,0.000207656,0.000241706,0.000273222,0.000301567,0.000326301,0.000347182,0.000364145,0.000377257,0.000386658,0.000392502,0.000394894,0.000393853,0.000389301,0.000381091,0.000369065,0.000353148,0.000333445,0.000310344,0.000284563,0.000257176,0.000229563,0.000203316,0.000180106,0.00016152,0.000148901,0.000143204,0.000144895,0.000153901,0.000169611,0.000190952,0.000216493,0.000244599,0.00027358,0.00030184,0.000327986,0.000350892,0.00036972,0.000383891,0.000393041,0.000396958,0.000395538,0.000388759,0.000376674,0.000359429,0.000337284,0.000310644,0.000280068,0.000246279,0.000210151,0.000172675,0.000134915,9.79572e-05,6.28471e-05,3.05357e-05,1.83026e-06,-2.26422e-05,-4.24573e-05,-5.74012e-05,-6.7465e-05,-7.28277e-05,-7.38311e-05,-7.09503e-05,-6.47602e-05,-5.59024e-05,-4.50528e-05,-3.28901e-05,-2.00675e-05,-7.1877e-06,5.21807e-06,1.67043e-05,2.6919e-05,3.56029e-05,4.2582e-05,4.77523e-05,5.22499e-05,5.58301e-05,5.71662e-05,5.58893e-05,5.20356e-05,4.58675e-05,3.78677e-05,2.86882e-05,1.90253e-05,9.41924e-06,0
0,7.79594e-06,1.56878e-05,2.42149e-05,3.29669e-05,4.12221e-05,4.81437e-05,5.29539e-05,5.50598e-05,5.41216e-05,5.00805e-05,4.33563e-05,3.53769e-05,2.64776e-05,1.56966e-05,3.4107e-06,-9.89672e-06,-2.36431e-05,-3.71612e-05,-4.97207e-05,-6.05558e-05,-6.88961e-05,-7.40022e-05,-7.52013e-05,-7.19244e-05,-6.3742e-05,-5.03975e-05,-3.18346e-05,-8.21722e-06,2.00621e-05,5.23882e-05,8.7945e-05,0.000125755,0.000164731,0.000203747,0.000241706,0.000277612,0.000310638,0.000340165,0.00036581,0.000387423,0.000405054,0.000418895,0.000429209,0.000436241,0.000440146,0.000440926,0.000438413,0.000432299,0.000422212,0.00040784,0.000389078,0.000366162,0.000339763,0.000311015,0.000281474,0.000252996,0.000227569,0.000207104,0.000193232,0.000187117,0.000189324,0.000199753,0.000217652,0.000241702,0.00027017,0.000301099,0.000332513,0.000362601,0.000389851,0.000413127,0.000431667,0.000445028,0.000452999,0.000455507,0.000452546,0.000444141,0.00043035,0.000411288,0.000387167,0.000358337,0.000325318,0.000288815,0.000249709,0.000209027,0.000167895,0.000127481,8.89213e-05,5.32616e-05,2.13968e-05,-5.9714e-06,-2.83622e-05,-4.55257e-05,-5.74378e-05,-6.42814e-05,-6.64187e-05,-6.43572e-05,-5.87133e-05,-5.01752e-05,-3.9468e-05,-2.732e-05,-1.44336e-05,-1.45822e-06,1.10307e-05,2.25475e-05,3.27055e-05,4.12173e-05,4.78891e-05,5.26065e-05,5.6574e-05,5.95628e-05,6.0221e-05,5.82156e-05,5.36446e-05,4.68366e-05,3.83299e-05,2.88099e-05,1.89771e-05,9.34672e-06,0
0,8.09395e-06,1.63969e-05,2.5451e-05,3.48346e-05,4.37806e-05,5.13871e-05,5.68076e-05,5.93922e-05,5.87665e-05,5.48635e-05,4.813e-05,4.00754e-05,3.10632e-05,2.01007e-05,7.6029e-06,-5.90622e-06,-1.98025e-05,-3.33777e-05,-4.58622e-05,-5.64529e-05,-6.43452e-05,-6.87693e-05,-6.9027e-05,-6.45311e-05,-5.48434e-05,-3.97107e-05,-1.90951e-05,6.80428e-06,3.75421e-05,7.24341e-05,0.000110582,0.000150919,0.000192268,0.000233422,0.000273222,0.000310638,0.00034484,0.000375248,0.000401559,0.000423736,0.000441973,0.000456619,0.000468088,0.000476745,0.00048281,0.000486272,0.000486856,0.000484045,0.000477179,0.000465618,0.000448951,0.000427183,0.000400884,0.000371235,0.000339985,0.000309307,0.000281572,0.000259096,0.000243863,0.000237297,0.000240085,0.000252097,0.000272395,0.000299353,0.000330853,0.000364541,0.00039809,0.000429444,0.000456984,0.00047961,0.000496715,0.000508086,0.000513754,0.000513854,0.000508521,0.000497848,0.000481893,0.000460729,0.000434497,0.000403469,0.000368098,0.000329041,0.000287163,0.000243504,0.000199237,0.000155594,0.000113795,7.4973e-05,4.01095e-05,9.98094e-06,-1.48723e-05,-3.416e-05,-4.78379e-05,-5.60877e-05,-5.92871e-05,-5.79723e-05,-5.27979e-05,-4.44971e-05,-3.38431e-05,-2.16143e-05,-8.56249e-06,4.61411e-06,1.72938e-05,2.89481e-05,3.91519e-05,4.75863e-05,5.40333e-05,5.83637e-05,6.18456e-05,6.42595e-05,6.42212e-05,6.14296e-05,5.6046e-05,4.84717e-05,3.93123e-05,2.93017e-05,1.9158e-05,9.38013e-06,0
0,8.48432e-06,1.72987e-05,2.69752e-05,3.70724e-05,4.67699e-05,5.50948e-05,6.11308e-05,6.41747e-05,6.38243e-05,6.00127e-05,5.32212e-05,4.50469e-05,3.58842e-05,2.47092e-05,1.19742e-05,-1.75782e-06,-1.58241e-05,-2.94786e-05,-4.19158e-05,-5.22989e-05,-5.97927e-05,-6.36001e-05,-6.3001e-05,-5.73928e-05,-4.63315e-05,-2.957e-05,-7.09084e-06,2.08701e-05,5.38147e-05,9.09907e-05,0.000131421,0.000173953,0.00021733,0.000260272,0.000301567,0.000340165,0.000375248,0.000406292,0.00043309,0.000455741,0.000474608,0.000490224,0.000503183,0.000514003,0.000522992,0.000530137,0.000535044,0.000536942,0.000534793,0.000527516,0.000514266,0.000494717,0.000469271,0.000439142,0.000406307,0.000373319,0.000343035,0.000318269,0.000301458,0.000294352,0.000297797,0.000311617,0.000334639,0.000364843,0.000399616,0.000436093,0.00047151,0.000503517,0.000530395,0.000551145,0.000565422,0.000573365,0.000575367,0.000571854,0.000563144,0.000549411,0.000530712,0.00050706,0.000478507,0.00044522,0.000407557,0.000366099,0.000321668,0.000275296,0.000228177,0.000181593,0.000136832,9.5105e-05,5.74723e-05,2.47825e-05,-2.36471e-06,-2.36364e-05,-3.89637e-05,-4.85219e-05,-5.26983e-05,-5.20521e-05,-4.72713e-05,-3.91296e-05,-2.84454e-05,-1.60449e-05,-2.72906e-06,1.07552e-05,2.37385e-05,3.56471e-05,4.60146e-05,5.44861e-05,6.0815e-05,6.48525e-05,6.79245e-05,6.98129e-05,6.90925e-05,6.54886e-05,5.92243e-05,5.07783e-05,4.08342e-05,3.0188e-05,1.959e-05,9.53264e-06,0
0,8.96541e-06,1.83855e-05,2.8769e-05,3.96473e-05,5.01389e-05,5.91964e-05,6.58344e-05,6.93014e-05,6.91755e-05,6.53985e-05,5.84939e-05,5.01514e-05,4.07986e-05,2.93802e-05,1.63842e-05,2.40999e-06,-1.18443e-05,-2.55989e-05,-3.80167e-05,-4.82318e-05,-5.53828e-05,-5.86499e-05,-5.72948e-05,-5.07036e-05,-3.84297e-05,-2.02341e-05,3.87886e-06,3.36374e-05,6.84931e-05,0.000107631,0.000150001,0.000194377,0.00023943,0.00028382,0.000326301,0.00036581,0.000401559,0.00043309,0.000460306,0.000483461,0.000503101,0.000519972,0.000534876,0.000548513,0.000561307,0.000573268,0.000583891,0.000592114,0.00059642,0.000595129,0.000586804,0.00057065,0.00054682,0.000516549,0.000482087,0.000446474,0.000413173,0.000385641,0.000366885,0.000359079,0.000363267,0.000379226,0.000405477,0.000439484,0.00047799,0.000517464,0.00055457,0.000586593,0.00061172,0.000629134,0.0006389,0.000641685,0.000638393,0.000629838,0.000616561,0.000598811,0.000576637,0.000549981,0.000518785,0.00048309,0.000443128,0.000399382,0.0003526,0.000303781,0.000254118,0.00020492,0.000157526,0.000113209,7.30954e-05,3.81e-05,8.87766e-06,-1.41962e-05,-3.10256e-05,-4.17743e-05,-4.68329e-05,-4.67766e-05,-4.23197e-05,-3.42699e-05,-2.34855e-05,-1.08365e-05,2.83004e-06,1.67196e-05,3.0115e-05,4.23957e-05,5.3051e-05,6.16863e-05,6.80217e-05,7.1883e-05,7.46477e-05,7.60896e-05,7.47332e-05,7.03221e-05,6.31379e-05,5.37389e-05,4.28955e-05,3.14787e-05,2.02856e-05,9.8128e-06,0
0,9.53217e-06,1.96428e-05,3.08048e-05,4.25149e-05,5.38248e-05,6.36103e-05,7.08194e-05,7.46591e-05,7.46964e-05,7.08905e-05,6.38146e-05,5.52554e-05,4.56748e-05,3.39854e-05,2.07094e-05,6.47914e-06,-7.97583e-06,-2.18469e-05,-3.42704e-05,-4.4357e-05,-5.12244e-05,-5.40355e-05,-5.20391e-05,-4.4614e-05,-3.13139e-05,-1.191e-05,1.35724e-05,4.48287e-05,8.12656e-05,0.000122014,0.000165964,0.000211828,0.000258221,0.000303763,0.000347182,0.000387423,0.000423736,0.000455741,0.000483461,0.000507308,0.00052803,0.000546599,0.000564053,0.0005813,0.000598904,0.000616925,0.000634815,0.000651211,0.000663993,0.000670681,0.000669015,0.000657551,0.000636092,0.000605883,0.000569529,0.000530691,0.000493613,0.000462571,0.000441309,0.000432545,0.000437592,0.000456165,0.000486398,0.000525081,0.000568105,0.00061105,0.000649824,0.000681228,0.000703351,0.000715675,0.000718885,0.000714418,0.0007039,0.000688648,0.000669428,0.000646516,0.000619947,0.000589596,0.000555286,0.000516907,0.000474542,0.000428544,0.000379566,0.000328544,0.000276643,0.000225177,0.000175511,0.00012896,8.67035e-05,4.9706e-05,1.86711e-05,-5.98666e-06,-2.41434e-05,-3.59478e-05,-4.17871e-05,-4.22446e-05,-3.80523e-05,-3.00436e-05,-1.91091e-05,-6.1558e-06,7.92775e-06,2.23025e-05,3.62048e-05,4.89669e-05,6.00318e-05,6.89615e-05,7.54377e-05,7.92553e-05,8.18361e-05,8.29359e-05,8.10181e-05,7.58352e-05,6.77212e-05,5.73142e-05,4.54776e-05,3.31696e-05,2.12476e-05,1.02243e-05,0
0,1.01765e-05,2.10504e-05,3.30472e-05,4.56222e-05,5.77559e-05,6.82469e-05,7.59811e-05,8.01317e-05,8.02636e-05,7.63627e-05,6.90579e-05,6.02363e-05,5.03952e-05,3.8414e-05,2.48466e-05,1.03545e-05,-4.30603e-06,-1.83029e-05,-3.07523e-05,-4.07475e-05,-4.7392e-05,-4.98374e-05,-4.73254e-05,-3.92319e-05,-2.51139e-05,-4.75309e-06,2.18064e-05,5.42325e-05,9.18967e-05,0.000133888,0.000179054,0.000226063,0.000273495,0.000319947,0.000364145,0.000405054,0.000441973,0.000474608,0.000503101,0.00052803,0.000550345,0.000571262,0.000592077,0.00061392,0.000637485,0.000662874,0.000689699,0.000716376,0.00074003,0.000757079,0.000764118,0.000758801,0.000740456,0.000710346,0.000671547,0.00062853,0.000586548,0.000550923,0.000526347,0.000516245,0.000522291,0.000544142,0.000579438,0.000624092,0.000672865,0.000720139,0.000760782,0.000790943,0.000808589,0.000813661,0.000807767,0.000793481,0.000773456,0.000749641,0.000722935,0.00069348,0.00066134,0.000626376,0.000588287,0.000546792,0.000501794,0.000453485,0.000402392,0.000349364,0.000295511,0.000242122,0.000190561,0.000142162,9.8133e-05,5.94749e-05,2.69265e-05,9.34421e-07,-1.83517e-05,-3.10625e-05,-3.75765e-05,-3.84767e-05,-3.4503e-05,-2.65044e-05,-1.53938e-05,-2.1071e-06,1.24329e-05,2.73477e-05,4.18301e-05,5.51659e-05,6.67509e-05,7.61004e-05,8.28534e-05,8.6768e-05,8.93022e-05,9.01839e-05,8.78038e-05,8.1912e-05,7.28872e-05,6.14445e-05,4.85443e-05,3.52423e-05,2.24693e-05,1.07662e-05,0
0,1.08876e-05,2.25836e-05,3.54552e-05,4.89102e-05,6.18552e-05,7.30132e-05,8.12137e-05,8.5605e-05,8.57594e-05,8.16976e-05,7.41101e-05,6.49867e-05,5.48599e-05,4.25751e-05,2.87143e-05,1.39645e-05,-8.97042e-07,-1.50209e-05,-2.75098e-05,-3.7447e-05,-4.3929e-05,-4.61032e-05,-4.32095e-05,-3.46261e-05,-1.99155e-05,1.1306e-06,2.84533e-05,6.17012e-05,0.000100223,0.000143084,0.000189105,0.000236938,0.000285152,0.000332343,0.000377257,0.000418895,0.000456619,0.000490224,0.000519972,0.000546599,0.000571262,0.000595434,0.000620709,0.000648467,0.000679405,0.000713362,0.000750796,0.000790167,0.000827616,0.00085798,0.000876226,0.000878757,0.000864278,0.000834109,0.000791975,0.000743416,0.000694975,0.000653311,0.000624318,0.00061234,0.000619544,0.000645551,0.000687391,0.000739851,0.000796188,0.000849156,0.000892179,0.000920474,0.000931836,0.00092688,0.000908592,0.000881254,0.000849029,0.000814659,0.00077887,0.000741121,0.000701847,0.000661047,0.000618294,0.00057308,0.000525079,0.00047429,0.000421082,0.000366187,0.000310631,0.000255648,0.000202572,0.000152726,0.000107321,6.7372e-05,3.36375e-05,6.58589e-06,-1.3612e-05,-2.70687e-05,-3.41486e-05,-3.54262e-05,-3.1639e-05,-2.36401e-05,-1.23537e-05,1.26628e-06,1.62714e-05,3.17508e-05,4.68585e-05,6.08365e-05,7.3033e-05,8.2915e-05,9.00743e-05,9.42268e-05,9.68585e-05,9.76592e-05,9.4935e-05,8.84213e-05,7.85313e-05,6.60524e-05,5.20438e-05,3.76659e-05,2.39351e-05,1.14327e-05,0
0,1.16529e-05,2.42142e-05,3.79836e-05,5.23163e-05,6.60437e-05,7.78165e-05,8.6415e-05,9.09716e-05,9.1076e-05,8.67909e-05,7.88734e-05,6.94172e-05,5.89891e-05,4.63988e-05,3.22536e-05,1.72605e-05,2.21248e-06,-1.20308e-05,-2.45662e-05,-3.44745e-05,-4.0853e-05,-4.28522e-05,-3.97168e-05,-3.08314e-05,-1.57658e-05,5.67956e-06,3.34368e-05,6.71457e-05,0.000106147,0.000149501,0.000196031,0.000244393,0.000293174,0.000341001,0.000386658,0.000429209,0.000468088,0.000503183,0.000534876,0.000564053,0.000592077,0.000620709,0.000651946,0.000687573,0.000728071,0.000771104,0.000820518,0.000875397,0.000930378,0.000977891,0.00101053,0.00102298,0.00101316,0.000982571,0.000935854,0.00087996,0.000823071,0.000773503,0.000738657,0.000724059,0.00073256,0.000763809,0.000814127,0.000876873,0.000943325,0.00100401,0.00105033,0.00107611,0.00107886,0.00106015,0.00102503,0.000980396,0.000932768,0.000886,0.000839901,0.000791257,0.00074262,0.000694394,0.000645874,0.000596187,0.000544695,0.000491157,0.000435757,0.000379076,0.000322028,0.000265761,0.000211543,0.000160657,0.000114286,7.34359e-05,3.88636e-05,1.10465e-05,-9.83063e-06,-2.38632e-05,-3.13981e-05,-3.29933e-05,-2.93735e-05,-2.1384e-05,-9.9473e-06,3.97607e-06,1.9423e-05,3.54589e-05,5.12055e-05,6.5865e-05,7.87396e-05,8.92469e-05,9.69285e-05,0.000101452,0.000104325,0.000105188,0.000102251,9.52215e-05,8.4536e-05,7.10467e-05,5.59102e-05,4.03978e-05,2.56214e-05,1.22138e-05,0
0,1.24583e-05,2.59122e-05,4.05854e-05,5.57772e-05,7.02438e-05,8.25682e-05,9.14899e-05,9.61349e-05,9.61192e-05,9.15548e-05,8.32689e-05,7.34585e-05,6.27238e-05,4.98372e-05,3.5427e-05,2.02156e-05,5.00485e-06,-9.34226e-06,-2.19244e-05,-3.18284e-05,-3.81603e-05,-4.00812e-05,-3.68472e-05,-2.78531e-05,-1.26779e-05,8.87212e-06,3.67268e-05,7.05289e-05,0.000109629,0.000153104,0.000199804,0.000248422,0.000297592,0.000346,0.000392502,0.000436241,0.000476745,0.000514003,0.000548513,0.0005813,0.00061392,0.000648467,0.000687573,0.000734197,0.000789537,0.000839091,0.000900932,0.000974849,0.00105248,0.00112235,0.00117358,0.00119853,0.00119427,0.0011627,0.00110982,0.00104445,0.000976765,0.000917076,0.000874605,0.000856375,0.000866195,0.000903901,0.000965055,0.00104128,0.00112128,0.00119257,0.00124362,0.00126619,0.0012572,0.00121953,0.00116129,0.00109347,0.00102648,0.000966276,0.000910769,0.000845774,0.000784462,0.000726927,0.000671444,0.000616461,0.000560925,0.00050431,0.000446584,0.000388158,0.0003298,0.000272539,0.000217547,0.000166028,0.00011911,7.77592e-05,4.27111e-05,1.44358e-05,-6.87702e-06,-2.13088e-05,-2.9186e-05,-3.10435e-05,-2.75829e-05,-1.96291e-05,-8.09042e-06,6.07945e-06,2.19144e-05,3.84663e-05,5.48328e-05,7.01816e-05,8.37721e-05,9.49727e-05,0.000103272,0.000108287,0.000111536,0.000112603,0.000109591,0.000102167,9.07756e-05,7.63255e-05,6.00674e-05,4.33859e-05,2.7497e-05,1.30959e-05,0
0,1.32886e-05,2.76463e-05,4.32136e-05,5.92312e-05,7.4382e-05,8.71873e-05,9.63543e-05,0.000101012,0.000100812,9.59206e-05,8.72378e-05,7.70627e-05,6.60267e-05,5.28632e-05,3.82175e-05,2.28218e-05,7.4805e-06,-6.94766e-06,-1.95712e-05,-2.94912e-05,-3.58308e-05,-3.77693e-05,-3.458e-05,-2.56724e-05,-1.06353e-05,1.07217e-05,3.8334e-05,7.18598e-05,0.000110677,0.000153904,0.000200442,0.000249054,0.000298452,0.000347413,0.000394894,0.000440146,0.00048281,0.000522992,0.000561307,0.000598904,0.000637485,0.000679405,0.000728071,0.000789537,0.00087904,0.000918891,0.000992478,0.00109085,0.0011987,0.00129828,0.00137373,0.00141445,0.00141671,0.00138344,0.00132265,0.00124554,0.00116466,0.00109251,0.00104038,0.00101716,0.001028,0.00107326,0.00114785,0.00124141,0.0013394,0.00142525,0.00148323,0.00150185,0.00147685,0.00141273,0.0013221,0.00122231,0.00113037,0.00105731,0.00100326,0.00090464,0.00082678,0.000758472,0.000695066,0.000634053,0.000573937,0.000513909,0.000453715,0.000393571,0.000334076,0.000276106,0.000220703,0.000168959,0.000121915,8.04695e-05,4.53143e-05,1.68955e-05,-4.60298e-06,-1.92525e-05,-2.73581e-05,-2.94255e-05,-2.61233e-05,-1.82445e-05,-6.6697e-06,7.66723e-06,2.38099e-05,4.0808e-05,5.77441e-05,7.37586e-05,8.80724e-05,0.000100006,0.000108996,0.000114601,0.000118347,0.000119754,0.000116805,0.000109114,9.71213e-05,8.17808e-05,6.44312e-05,4.65706e-05,2.9525e-05,1.40617e-05,0
0,1.41289e-05,2.93857e-05,4.58228e-05,6.26207e-05,7.83919e-05,9.1603e-05,0.000100938,0.000105538,0.000105096,9.98403e-05,9.07431e-05,8.02037e-05,6.88816e-05,5.54701e-05,4.06269e-05,2.50884e-05,9.65495e-06,-4.82612e-06,-1.74812e-05,-2.74339e-05,-3.38325e-05,-3.58818e-05,-3.28783e-05,-2.42499e-05,-9.59619e-06,1.12731e-05,3.83063e-05,7.11897e-05,0.000109346,0.000151956,0.000198002,0.000246342,0.000295799,0.000345273,0.000393853,0.000440926,0.000486272,0.000530137,0.000573268,0.000616925,0.000662874,0.000713362,0.000771104,0.000839091,0.000918891,0.000961306,0.00104241,0.001152,0.00127282,0.00138487,0.00147015,0.00151651,0.0015195,0.00148227,0.00141388,0.0013271,0.00123633,0.00115593,0.00109879,0.00107487,0.00108974,0.00114331,0.00122927,0.00133543,0.00144513,0.00153967,0.00160159,0.00161839,0.0015858,0.00150938,0.00140375,0.00128888,0.00118463,0.00110515,0.00105599,0.000954193,0.00086624,0.000788097,0.000716437,0.000648861,0.000583723,0.000520004,0.000457237,0.000395431,0.000334988,0.000276604,0.000221156,0.000169597,0.000122847,8.17131e-05,4.68199e-05,1.85733e-05,-2.85892e-06,-1.75432e-05,-2.57623e-05,-2.79879e-05,-2.48472e-05,-1.70902e-05,-5.55702e-06,8.85134e-06,2.5201e-05,4.25511e-05,5.99794e-05,7.66069e-05,9.16215e-05,0.000104299,0.000114023,0.000120295,0.000124641,0.000126508,0.000123755,0.000115926,0.000103447,8.7303e-05,6.89132e-05,4.98871e-05,3.16642e-05,1.50915e-05,0
0,1.4964e-05,3.11008e-05,4.83705e-05,6.58934e-05,8.22158e-05,9.57564e-05,0.000105185,0.000109663,0.000108934,0.000103287,9.37696e-05,8.28764e-05,7.12926e-05,5.76696e-05,4.26733e-05,2.70387e-05,1.1556e-05,-2.94635e-06,-1.56201e-05,-2.56193e-05,-3.21249e-05,-3.43739e-05,-3.1692e-05,-2.3529e-05,-9.49596e-06,1.06e-05,3.67266e-05,6.86097e-05,0.000105733,0.000147359,0.000192574,0.000240358,0.000289674,0.000339573,0.000389301,0.000438413,0.000486856,0.000535044,0.000583891,0.000634815,0.000689699,0.000750796,0.000820518,0.000900932,0.000992478,0.00104241,0.00112745,0.00123847,0.00135973,0.00147283,0.00156102,0.00161277,0.00162368,0.00159642,0.00153942,0.00146471,0.0013859,0.00131649,0.00126845,0.00125076,0.00126817,0.0013201,0.00140018,0.00149673,0.00159407,0.00167493,0.00172349,0.00172869,0.00168706,0.00160411,0.00149345,0.00137351,0.00126277,0.00117477,0.00111475,0.00100333,0.000904239,0.000815667,0.000735182,0.000660568,0.00059008,0.000522506,0.000457155,0.000393811,0.000332656,0.00027418,0.000219069,0.000168106,0.000122068,8.16441e-05,4.73751e-05,1.96109e-05,-1.50664e-06,-1.60439e-05,-2.42618e-05,-2.65935e-05,-2.36177e-05,-1.60312e-05,-4.62252e-06,9.75273e-06,2.61954e-05,4.37859e-05,6.16075e-05,7.87706e-05,9.44366e-05,0.000107842,0.000118317,0.000125306,0.00013033,0.000132759,0.00013032,0.000122479,0.000109633,9.27847e-05,7.34242e-05,5.3268e-05,3.38702e-05,1.61637e-05,0
0,1.57796e-05,3.2764e-05,5.08185e-05,6.90042e-05,8.58059e-05,9.96023e-05,0.000109056,0.00011336,0.000112308,0.000106255,9.63226e-05,8.50957e-05,7.32821e-05,5.949e-05,4.43893e-05,2.87085e-05,1.32211e-05,-1.26947e-06,-1.39476e-05,-2.40046e-05,-3.06613e-05,-3.31934e-05,-3.09605e-05,-2.3438e-05,-1.02491e-05,8.80329e-06,3.37122e-05,6.42518e-05,9.99794e-05,0.000140256,0.000184292,0.000231209,0.000280131,0.000330282,0.000381091,0.000432299,0.000484045,0.000536942,0.000592114,0.000651211,0.000716376,0.000790167,0.000875397,0.000974849,0.00109085,0.001152,0.00123847,0.00134365,0.00145614,0.00156245,0.00165016,0.00171053,0.00174004,0.00174049,0.00171806,0.00168157,0.00164082,0.00160512,0.00158221,0.00157755,0.00159376,0.00163016,0.00168236,0.00174236,0.0017993,0.00184112,0.00185675,0.00183855,0.00178424,0.00169787,0.00158917,0.00147145,0.00135833,0.00126043,0.00118273,0.00105421,0.000940898,0.000840536,0.000750558,0.000668572,0.000592606,0.000521197,0.0004534,0.000388752,0.000327195,0.00026899,0.000214616,0.000164663,0.000119745,8.04179e-05,4.71208e-05,2.01363e-05,-4.27755e-07,-1.46417e-05,-2.2745e-05,-2.51294e-05,-2.23188e-05,-1.49486e-05,-3.74569e-06,1.04907e-05,2.69074e-05,4.46169e-05,6.27186e-05,8.0321e-05,9.65666e-05,0.000110656,0.000121873,0.000129603,0.000135358,0.000138428,0.000136405,0.000128669,0.000115571,9.81246e-05,7.7877e-05,5.66454e-05,3.60973e-05,1.72554e-05,0
0,1.65625e-05,3.43501e-05,5.31331e-05,7.19151e-05,8.91251e-05,0.000103109,0.000112531,0.000116616,0.000115218,0.000108759,9.84264e-05,8.68943e-05,7.48884e-05,6.09735e-05,4.58191e-05,3.01423e-05,1.46947e-05,2.48528e-07,-1.24193e-05,-2.25437e-05,-2.93914e-05,-3.22822e-05,-3.06143e-05,-2.38914e-05,-1.17505e-05,6.01121e-06,2.94154e-05,5.82912e-05,9.22786e-05,0.000130849,0.000173347,0.000219054,0.000267267,0.000317396,0.000369065,0.000422212,0.000477179,0.000534793,0.00059642,0.000663993,0.00074003,0.000827616,0.000930378,0.00105248,0.0011987,0.00127282,0.00135973,0.00145614,0.00155665,0.00165493,0.00174509,0.00182301,0.00188704,0.00193812,0.00197896,0.00201288,0.0020424,0.00206832,0.00208972,0.00210486,0.00211276,0.00211386,0.00210932,0.00209945,0.00208281,0.00205633,0.00201621,0.00195928,0.00188414,0.00179191,0.00168632,0.00157315,0.00145923,0.00135108,0.00125356,0.00110369,0.00097406,0.000861041,0.000761315,0.000672002,0.000590754,0.00051579,0.000445882,0.0003803,0.000318737,0.000261217,0.000207995,0.000159463,0.000116058,7.81905e-05,4.61887e-05,2.026e-05,4.72098e-07,-1.32524e-05,-2.11315e-05,-2.35135e-05,-2.0863e-05,-1.37473e-05,-2.82366e-06,1.1174e-05,2.74485e-05,4.51543e-05,6.34161e-05,8.13497e-05,9.8086e-05,0.000112797,0.000124721,0.000133188,0.000139699,0.000143466,0.000141939,0.000134407,0.000121169,0.000103231,8.21893e-05,5.99533e-05,3.83e-05,1.83436e-05,0
0,1.73005e-05,3.58369e-05,5.52857e-05,7.45959e-05,9.21464e-05,0.000106257,0.000115599,0.000119439,0.000117686,0.000110828,0.000100122,8.83197e-05,7.61635e-05,6.21737e-05,4.7016e-05,3.13917e-05,1.60259e-05,1.65454e-06,-1.09893e-05,-2.11894e-05,-2.8263e-05,-3.15786e-05,-3.05766e-05,-2.47918e-05,-1.38763e-05,2.37841e-06,2.40245e-05,5.09497e-05,8.28811e-05,0.000119406,0.000160011,0.000204141,0.000251272,0.000301002,0.000353148,0.00040784,0.000465618,0.000527516,0.000595129,0.000670681,0.000757079,0.00085798,0.000977891,0.00112235,0.00129828,0.00138487,0.00147283,0.00156245,0.00165493,0.00175197,0.00185545,0.00196718,0.00208864,0.00222048,0.00236161,0.0025079,0.00265073,0.00277654,0.00286862,0.00291194,0.00289944,0.00283562,0.00273368,0.00260964,0.00247745,0.00234671,0.00222244,0.0021058,0.00199517,0.00188731,0.00177866,0.00166664,0.00155075,0.00143309,0.00131822,0.00114632,0.00100025,0.000874881,0.000765934,0.000669897,0.000583975,0.000506038,0.000434565,0.000368561,0.000307471,0.000251087,0.000199442,0.000152727,0.000111199,7.51202e-05,4.47028e-05,2.00753e-05,1.26255e-06,-1.18215e-05,-1.93738e-05,-2.16975e-05,-1.91947e-05,-1.23607e-05,-1.77684e-06,1.18951e-05,2.79213e-05,4.55067e-05,6.38098e-05,8.19615e-05,9.90889e-05,0.000114341,0.000126917,0.000136094,0.000143361,0.00014785,0.000146876,0.00013963,0.000126349,0.000108023,8.62863e-05,6.31294e-05,4.0434e-05,1.94052e-05,0
0,1.79828e-05,3.72052e-05,5.72527e-05,7.70236e-05,9.48524e-05,0.000109039,0.000118268,0.000121846,0.000119742,0.000112507,0.000101462,8.94314e-05,7.71687e-05,6.3152e-05,4.80391e-05,3.25122e-05,1.72659e-05,2.99607e-06,-9.61196e-06,-1.98947e-05,-2.72234e-05,-3.10184e-05,-3.07651e-05,-2.60312e-05,-1.64855e-05,-1.91457e-06,1.77644e-05,4.24977e-05,7.21004e-05,0.000106276,0.000144653,0.000186835,0.000232473,0.000281345,0.000333445,0.000389078,0.000448951,0.000514266,0.000586804,0.000669015,0.000764118,0.000876226,0.00101053,0.00117358,0.00137373,0.00147015,0.00156102,0.00165016,0.00174509,0.00185545,0.00199125,0.00216132,0.00237186,0.00262502,0.00291704,0.00323551,0.00355648,0.00384325,0.00405044,0.00413663,0.00408301,0.00390483,0.00364116,0.00333692,0.00303005,0.00274648,0.00250005,0.00229446,0.00212572,0.00198467,0.00185987,0.00174053,0.0016193,0.00149406,0.00136839,0.0011767,0.00101601,0.000879865,0.000763069,0.000661497,0.000571917,0.00049187,0.000419564,0.000353763,0.000293687,0.000238907,0.000189251,0.000144714,0.000105382,7.13723e-05,4.27816e-05,1.96603e-05,1.99046e-06,-1.0323e-05,-1.7456e-05,-1.96658e-05,-1.72911e-05,-1.07521e-05,-5.51694e-07,1.27252e-05,2.84137e-05,4.57752e-05,6.40088e-05,8.22678e-05,9.96823e-05,0.000115385,0.000128541,0.000138378,0.000146375,0.000151586,0.000151196,0.000144294,0.000131051,0.000112434,9.01017e-05,6.61169e-05,4.24578e-05,2.04185e-05,0
0,1.86e-05,3.84385e-05,5.90151e-05,7.91818e-05,9.72343e-05,0.000111458,0.000120553,0.000123869,0.000121432,0.000113853,0.000102511,9.02962e-05,7.79722e-05,6.39742e-05,4.89501e-05,3.35601e-05,1.84655e-05,4.31901e-06,-8.24401e-06,-1.8615e-05,-2.62215e-05,-3.05372e-05,-3.10937e-05,-2.74934e-05,-1.94224e-05,-6.66365e-06,1.08945e-05,3.32546e-05,6.03165e-05,9.18952e-05,0.000127752,0.000167644,0.000211379,0.000258897,0.000310344,0.000366162,0.000427183,0.000494717,0.00057065,0.000657551,0.000758801,0.000878757,0.00102298,0.00119853,0.00141445,0.00151651,0.00161277,0.00171053,0.00182301,0.00196718,0.00216132,0.00242253,0.00276452,0.00319495,0.00371157,0.00429606,0.00490578,0.00546715,0.00587947,0.00604214,0.00590716,0.00551918,0.00497678,0.00438067,0.00380614,0.00329799,0.00287575,0.00254088,0.00228288,0.0020843,0.00192508,0.00178671,0.00165569,0.00152576,0.00139858,0.00119116,0.00101903,0.000874624,0.000752012,0.000646542,0.000554622,0.000473525,0.000401237,0.000336323,0.000277811,0.000225083,0.000177782,0.000135728,9.88486e-05,6.71225e-05,4.05417e-05,1.90816e-05,2.68349e-06,-8.75562e-06,-1.53905e-05,-1.74333e-05,-1.51593e-05,-8.91428e-06,8.78773e-07,1.37132e-05,2.89959e-05,4.60487e-05,6.41162e-05,8.23799e-05,9.99788e-05,0.000116036,0.000129688,0.000140118,0.000148796,0.000154703,0.000154898,0.000148375,0.000135235,0.000116411,9.35795e-05,6.88651e-05,4.43336e-05,2.13629e-05,0
0,1.91442e-05,3.95234e-05,6.05582e-05,8.10594e-05,9.92894e-05,0.000113523,0.000122479,0.000125546,0.000122807,0.000114926,0.000103336,9.09852e-05,7.86438e-05,6.4707e-05,4.98104e-05,3.459e-05,1.96721e-05,5.6653e-06,-6.84646e-06,-1.73102e-05,-2.52096e-05,-3.00721e-05,-3.14755e-05,-2.90565e-05,-2.25196e-05,-1.16452e-05,3.70443e-06,2.35841e-05,4.79718e-05,7.67847e-05,0.000109907,0.000147228,0.000188698,0.000234388,0.000284563,0.000339763,0.000400884,0.000469271,0.00054682,0.000636092,0.000740456,0.000864278,0.00101316,0.00119427,0.00141671,0.0015195,0.00162368,0.00174004,0.00188704,0.00208864,0.00237186,0.00276452,0.00329304,0.00397915,0.00483355,0.00584323,0.00695013,0.00802456,0.00885235,0.00918087,0.0088697,0.00805714,0.0069948,0.00589741,0.00489641,0.00405156,0.00337625,0.00285803,0.00247158,0.00218642,0.00197207,0.00180204,0.00165681,0.00152568,0.00140709,0.00118861,0.00100877,0.000859085,0.000733004,0.000625484,0.00053267,0.000451646,0.000380242,0.000316877,0.000260431,0.000210135,0.000165476,0.000126124,9.18658e-05,6.25596e-05,3.81007e-05,1.83973e-05,3.35432e-06,-7.13786e-06,-1.32133e-05,-1.50403e-05,-1.28335e-05,-6.8661e-06,2.51653e-06,1.48852e-05,2.97186e-05,4.64007e-05,6.42245e-05,8.24035e-05,0.000100091,0.000116405,0.000130461,0.000141404,0.000150693,0.000157244,0.000158003,0.000151869,0.000138873,0.000119913,9.66734e-05,7.13304e-05,4.60276e-05,2.222e-05,0
0,1.96084e-05,4.04487e-05,6.18708e-05,8.26497e-05,0.00010102,0.00011525,0.000124074,0.000126921,0.000123921,0.00011579,0.000104006,9.15683e-05,7.92519e-05,6.54143e-05,5.06771e-05,3.56513e-05,2.09276e-05,7.07057e-06,-5.38681e-06,-1.59459e-05,-2.41455e-05,-2.95644e-05,-3.18251e-05,-3.05973e-05,-2.56034e-05,-1.66224e-05,-3.49341e-06,1.38851e-05,3.55609e-05,6.15417e-05,9.18173e-05,0.000126393,0.000165333,0.000208812,0.000257176,0.000311015,0.000371235,0.000439142,0.000516549,0.000605883,0.000710346,0.000834109,0.000982571,0.0011627,0.00138344,0.00148227,0.00159642,0.00174049,0.00193812,0.00222048,0.00262502,0.00319495,0.00397915,0.00503102,0.00640179,0.00812006,0.0101447,0.0122803,0.0140772,0.0148453,0.0140811,0.0122878,0.0101556,0.00813553,0.00642423,0.00506377,0.00402494,0.003254,0.0026937,0.00229133,0.0020017,0.00178858,0.00162561,0.00149671,0.0013958,0.00117062,0.000986681,0.000834612,0.000707351,0.000599564,0.000507224,0.000427305,0.000357549,0.000296285,0.000242293,0.000194691,0.000152845,0.000116301,8.4729e-05,5.78839e-05,3.55778e-05,1.76603e-05,4.0049e-06,-5.50299e-06,-1.09777e-05,-1.2547e-05,-1.03688e-05,-4.64856e-06,4.34152e-06,1.6246e-05,3.0613e-05,4.68877e-05,6.44119e-05,8.24339e-05,0.000100124,0.000116603,0.000130966,0.00014233,0.000152144,0.000159269,0.000160544,0.000154783,0.000141952,0.000122911,9.93468e-05,7.34763e-05,4.75105e-05,2.29734e-05,0
0,1.99873e-05,4.12056e-05,6.29445e-05,8.39492e-05,0.000102432,0.000116654,0.000125368,0.000128034,0.000124827,0.000116505,0.000104586,9.21111e-05,7.98591e-05,6.61529e-05,5.15998e-05,3.67854e-05,2.22657e-05,8.56197e-06,-3.84109e-06,-1.44965e-05,-2.29946e-05,-2.89621e-05,-3.20624e-05,-3.19957e-05,-2.85002e-05,-2.13541e-05,-1.03757e-05,4.57713e-06,2.36126e-05,4.68154e-05,7.42645e-05,0.000106059,0.00014235,0.000183387,0.000229563,0.000281474,0.000339985,0.000406307,0.000482087,0.000569529,0.000671547,0.000791975,0.000935854,0.00110982,0.00132265,0.00141388,0.00153942,0.00171806,0.00197896,0.00236161,0.00291704,0.00371157,0.00483355,0.00640179,0.00857012,0.0115114,0.0153404,0.0198965,0.024303,0.0265111,0.024293,0.019878,0.0153162,0.0114859,0.00854876,0.00638998,0.00483541,0.00372847,0.00294681,0.00239901,0.00201749,0.00175276,0.00156981,0.00144592,0.00136928,0.00114091,0.000955865,0.000803847,0.000677323,0.000570738,0.000479972,0.000401956,0.000334402,0.0002756,0.000224274,0.000179467,0.000140456,0.000106692,7.77511e-05,5.3304e-05,3.30933e-05,1.69198e-05,4.63023e-06,-3.89378e-06,-8.74896e-06,-1.00272e-05,-7.83577e-06,-2.31953e-06,6.31567e-06,1.77818e-05,3.16917e-05,4.7548e-05,6.47404e-05,8.25518e-05,0.000100174,0.000116729,0.000131305,0.00014299,0.000153231,0.000160837,0.000162559,0.000157135,0.00014447,0.000125387,0.000101572,7.52732e-05,4.87581e-05,2.36092e-05,0
0,2.02763e-05,4.17869e-05,6.37728e-05,8.4956e-05,0.00010353,0.000117753,0.000126389,0.000128926,0.000125573,0.000117126,0.000105132,9.267e-05,8.05182e-05,6.697e-05,5.2618e-05,3.80234e-05,2.37089e-05,1.0156e-05,-2.19567e-06,-1.29462e-05,-2.17321e-05,-2.82227e-05,-3.21168e-05,-3.31402e-05,-3.10443e-05,-2.5605e-05,-1.66224e-05,-3.91909e-06,1.26642e-05,3.32757e-05,5.80658e-05,8.72057e-05,0.000120912,0.000159479,0.000203316,0.000252996,0.000309307,0.000373319,0.000446474,0.000530691,0.00062853,0.000743416,0.00087996,0.00104445,0.00124554,0.0013271,0.00146471,0.00168157,0.00201288,0.0025079,0.00323551,0.00429606,0.00584323,0.00812006,0.0115114,0.0165995,0.0241463,0.0347199,0.0472015,0.0553025,0.0471793,0.0346783,0.0240904,0.0165361,0.0114479,0.0080633,0.00579863,0.00426667,0.0032217,0.00250798,0.00202453,0.0017039,0.00150017,0.0013828,0.00133362,0.00110461,0.000920611,0.00077036,0.000645891,0.000541484,0.000452981,0.000377322,0.000312231,0.000256001,0.000207333,0.000165228,0.000128905,9.7744e-05,7.12509e-05,4.90292e-05,3.07661e-05,1.6222e-05,5.22146e-06,-2.35767e-06,-6.59808e-06,-7.562e-06,-5.31423e-06,5.18535e-08,8.38753e-06,1.94637e-05,3.29504e-05,4.84024e-05,6.52537e-05,8.28207e-05,0.000100316,0.000116871,0.000131566,0.000143471,0.000154029,0.00016201,0.000164091,0.000158947,0.000146429,0.000127329,0.000103328,7.66978e-05,4.97502e-05,2.41159e-05,0
0,2.04721e-05,4.21871e-05,6.43509e-05,8.56689e-05,0.000104321,0.00011856,0.00012716,0.000129627,0.000126199,0.000117696,0.000105691,9.32891e-05,8.12692e-05,6.78993e-05,5.37578e-05,3.93831e-05,2.52678e-05,1.18571e-05,-4.48845e-07,-1.1291e-05,-2.03452e-05,-2.73159e-05,-3.19303e-05,-3.39337e-05,-3.30858e-05,-2.91583e-05,-2.19339e-05,-1.12045e-05,3.23123e-06,2.15725e-05,4.40247e-05,7.08121e-05,0.000102195,0.000138491,0.000180106,0.000227569,0.000281572,0.000343035,0.000413173,0.000493613,0.000586548,0.000694975,0.000823071,0.000976765,0.00116466,0.00123633,0.0013859,0.00164082,0.0020424,0.00265073,0.00355648,0.00490578,0.00695013,0.0101447,0.0153404,0.0241463,0.0395083,0.0660236,0.106687,0.144367,0.106655,0.0659642,0.0394274,0.0240516,0.0152403,0.010047,0.00686134,0.00483097,0.00349928,0.00261378,0.00202815,0.00165256,0.00142873,0.00131787,0.00129549,0.00106749,0.000885771,0.000738175,0.000616372,0.000514529,0.00042849,0.000355235,0.000292532,0.000238699,0.00019244,0.000152739,0.00011878,8.98943e-05,6.55368e-05,4.52604e-05,2.87088e-05,1.56097e-05,5.76833e-06,-9.42458e-07,-4.59631e-06,-5.2337e-06,-2.88701e-06,2.39091e-06,1.04972e-05,2.12511e-05,3.43705e-05,4.94549e-05,6.59771e-05,8.32846e-05,0.000100611,0.000117096,0.000131821,0.000143842,0.000154601,0.000162841,0.000165179,0.00016024,0.000147836,0.000128731,0.0001046,7.77323e-05,5.04716e-05,2.44843e-05,0
0,2.05721e-05,4.2402e-05,6.46749e-05,8.60867e-05,0.000104807,0.000119085,0.000127697,0.000130162,0.000126732,0.000118245,0.000106293,9.3997e-05,8.21366e-05,6.89592e-05,5.50302e-05,4.08679e-05,2.69384e-05,1.36562e-05,1.38814e-06,-9.53978e-06,-1.88342e-05,-2.62259e-05,-3.14619e-05,-3.42992e-05,-3.44996e-05,-3.18276e-05,-2.60479e-05,-1.69258e-05,-4.22548e-06,1.22918e-05,3.28721e-05,5.77759e-05,8.72898e-05,0.000121741,0.00016152,0.000207104,0.000259096,0.000318269,0.000385641,0.000462571,0.000550923,0.000653311,0.000773503,0.000917076,0.00109251,0.00115593,0.00131649,0.00160512,0.00206832,0.00277654,0.00384325,0.00546715,0.00802456,0.0122803,0.0198965,0.0347199,0.0660236,0.135496,0.282281,0.494363,0.282244,0.135425,0.0659253,0.0346026,0.0197686,0.0121498,0.00789896,0.00535359,0.0037487,0.00270789,0.00203248,0.00160909,0.00136745,0.00126151,0.00126146,0.00103529,0.000856172,0.000711284,0.000592036,0.000492539,0.000408667,0.000337455,0.000276726,0.000224833,0.000180501,0.000142708,0.00011062,8.35415e-05,6.0889e-05,4.21794e-05,2.70231e-05,1.51211e-05,6.2608e-06,3.0735e-07,-2.81033e-06,-3.12038e-06,-6.34338e-07,4.62282e-06,1.25812e-05,2.3096e-05,3.59221e-05,5.06944e-05,6.69179e-05,8.39668e-05,0.000101094,0.000117452,0.000132122,0.000144155,0.000154997,0.000163369,0.000165851,0.000161032,0.000148696,0.000129589,0.000105378,7.83641e-05,5.09109e-05,2.47079e-05,0
0,2.05746e-05,4.24287e-05,6.47417e-05,8.6207e-05,0.000104989,0.000119332,0.000128008,0.00013054,0.000127185,0.000118789,0.000106951,9.48048e-05,8.31268e-05,7.01506e-05,5.64297e-05,4.24655e-05,2.87023e-05,1.55303e-05,3.29062e-06,-7.71489e-06,-1.7214e-05,-2.49536e-05,-3.06907e-05,-3.4185e-05,-3.51937e-05,-3.34691e-05,-2.87575e-05,-2.07998e-05,-9.33233e-06,5.91289e-06,2.52096e-05,4.88413e-05,7.71081e-05,0.000110338,0.000148901,0.000193232,0.000243863,0.000301458,0.000366885,0.000441309,0.000526347,0.000624318,0.000738657,0.000874605,0.00104038,0.00109879,0.00126845,0.00158221,0.00208972,0.00286862,0.00405044,0.00587947,0.00885235,0.0140772,0.024303,0.0472015,0.106687,0.282281,0.824451,2.18993,0.824411,0.282204,0.106579,0.047071,0.0241578,0.0139255,0.00870215,0.00573955,0.00393035,0.00277853,0.00203986,0.0015822,0.0013268,0.0012229,0.00123741,0.00101307,0.000836051,0.000693168,0.000575719,0.000477815,0.000395373,0.000325484,0.00026602,0.000215369,0.000172277,0.000135727,0.000104879,7.90184e-05,5.75409e-05,3.99376e-05,2.57938e-05,1.4788e-05,6.6901e-06,1.35349e-06,-1.29801e-06,-1.29093e-06,1.37131e-06,6.67763e-06,1.45769e-05,2.49468e-05,3.75665e-05,5.20965e-05,6.80658e-05,8.487e-05,0.000101779,0.000117958,0.000132495,0.00014444,0.000155244,0.000163619,0.000166125,0.000161334,0.000149014,0.000129899,0.000105655,7.85846e-05,5.10606e-05,2.47821e-05,0
0,2.04789e-05,4.22652e-05,6.45483e-05,8.60266e-05,0.000104863,0.000119296,0.000128089,0.000130758,0.000127555,0.000119323,0.000107661,9.57043e-05,8.42278e-05,7.14562e-05,5.79336e-05,4.41476e-05,3.05264e-05,1.74427e-05,5.22075e-06,-5.85213e-06,-1.55142e-05,-2.35175e-05,-2.96182e-05,-3.35693e-05,-3.51155e-05,-3.39921e-05,-2.99251e-05,-2.26332e-05,-1.18309e-05,2.76995e-06,2.14597e-05,4.4533e-05,7.22938e-05,0.000105065,0.000143204,0.000187117,0.000237297,0.000294352,0.000359079,0.000432545,0.000516245,0.00061234,0.000724059,0.000856375,0.00101716,0.00107487,0.00125076,0.00157755,0.00210486,0.00291194,0.00413663,0.00604214,0.00918087,0.0148453,0.0265111,0.0553025,0.144367,0.494363,2.18993,11.8175,2.18989,0.494284,0.144257,0.0551685,0.0263608,0.0146865,0.00902204,0.00589267,0.0040073,0.00281444,0.00205092,0.00157793,0.00131446,0.00120902,0.00122794,0.00100467,0.000828548,0.000686377,0.000569484,0.000472023,0.000389954,0.000320408,0.000261286,0.000211003,0.00016832,0.000132227,0.000101882,7.6567e-05,5.56632e-05,3.86463e-05,2.50833e-05,1.46338e-05,7.04911e-06,2.16604e-06,-1.05259e-07,1.98829e-07,3.06937e-06,8.49441e-06,1.64265e-05,2.67514e-05,3.92596e-05,5.36257e-05,6.93942e-05,8.59762e-05,0.000102657,0.000118612,0.000132941,0.0001447,0.000155346,0.000163595,0.000166004,0.000161146,0.000148787,0.000129659,0.000105426,7.83891e-05,5.09171e-05,2.4705e-05,0
0,2.0285e-05,4.19107e-05,6.40924e-05,8.55409e-05,0.000104423,0.000118968,0.000127928,0.000130801,0.000127823,0.000119825,0.000108397,9.66679e-05,8.54082e-05,7.28409e-05,5.95024e-05,4.58706e-05,3.23637e-05,1.93441e-05,7.12857e-06,-3.9999e-06,-1.37788e-05,-2.1954e-05,-2.827e-05,-3.24628e-05,-3.42573e-05,-3.33663e-05,-2.94939e-05,-2.23388e-05,-1.15992e-05,3.02465e-06,2.18288e-05,4.51082e-05,7.3163e-05,0.000106309,0.000144895,0.000189324,0.000240085,0.000297797,0.000363267,0.000437592,0.000522291,0.000619544,0.00073256,0.000866195,0.001028,0.00108974,0.00126817,0.00159376,0.00211276,0.00289944,0.00408301,0.00590716,0.0088697,0.0140811,0.024293,0.0471793,0.106655,0.282244,0.824411,2.18989,0.824371,0.282169,0.10655,0.0470518,0.0241503,0.013931,0.00872012,0.0057672,0.00396291,0.00281027,0.0020656,0.00159884,0.00133413,0.00122352,0.00123572,0.00101217,0.000835289,0.000692197,0.000574359,0.000475992,0.000393082,0.00032277,0.000262967,0.000212094,0.000168916,0.000132433,0.000101807,7.63189e-05,5.53498e-05,3.83674e-05,2.49268e-05,1.46712e-05,7.33216e-06,2.72465e-06,7.36291e-07,1.30898e-06,4.41436e-06,1.00245e-05,1.80803e-05,2.84606e-05,4.09541e-05,5.52376e-05,7.08621e-05,8.72483e-05,0.000103693,0.000119384,0.000133434,0.000144912,0.000155284,0.000163281,0.000165476,0.000160459,0.000148007,0.000128863,0.000104689,7.77767e-05,5.04802e-05,2.44768e-05,0
0,1.99939e-05,4.13659e-05,6.33725e-05,8.47442e-05,0.000103655,0.00011833,0.000127501,0.000130639,0.000127956,0.000120258,0.000109118,9.76493e-05,8.66188e-05,7.42525e-05,6.10812e-05,4.75775e-05,3.41551e-05,2.11745e-05,8.95385e-06,-2.21742e-06,-1.20649e-05,-2.03169e-05,-2.66953e-05,-3.09101e-05,-3.26583e-05,-3.16261e-05,-2.74942e-05,-1.99438e-05,-8.66281e-06,6.65067e-06,2.62876e-05,5.05322e-05,7.96718e-05,0.000114012,0.000153901,0.000199753,0.000252097,0.000311617,0.000379226,0.000456165,0.000544142,0.000645551,0.000763809,0.000903901,0.00107326,0.00114331,0.0013201,0.00163016,0.00211386,0.00283562,0.00390483,0.00551918,0.00805714,0.0122878,0.019878,0.0346783,0.0659642,0.135425,0.282204,0.494284,0.282169,0.135358,0.0658715,0.0345671,0.0197557,0.0121616,0.00793437,0.00540728,0.00381178,0.00276977,0.00208362,0.00164358,0.00138469,0.00126599,0.00126098,0.00103549,0.000856105,0.000710448,0.000590189,0.000489602,0.00040467,0.000332516,0.00027103,0.000218624,0.000174062,0.000136349,0.000104658,7.82829e-05,5.66094e-05,3.91081e-05,2.53284e-05,1.49002e-05,7.53437e-06,3.01892e-06,1.2103e-06,2.01709e-06,5.37779e-06,1.12336e-05,1.94986e-05,3.003e-05,4.26012e-05,5.68802e-05,7.24155e-05,8.86311e-05,0.000104832,0.000120221,0.000133924,0.00014503,0.000155018,0.000162643,0.000164514,0.000159253,0.000146665,0.000127507,0.000103444,7.67505e-05,4.97538e-05,2.41001e-05,0
0,1.96077e-05,4.06329e-05,6.23881e-05,8.36309e-05,0.000102549,0.000117361,0.000126776,0.000130232,0.000127904,0.000120565,0.000109763,9.85855e-05,8.77941e-05,7.56239e-05,6.26021e-05,4.91998e-05,3.58323e-05,2.28656e-05,1.06287e-05,-5.72302e-07,-1.04404e-05,-1.86753e-05,-2.49664e-05,-2.89887e-05,-3.04049e-05,-2.88709e-05,-2.40439e-05,-1.55908e-05,-3.19648e-06,1.3433e-05,3.45712e-05,6.04787e-05,9.14191e-05,0.000127681,0.000169611,0.000217652,0.000272395,0.000334639,0.000405477,0.000486398,0.000579438,0.000687391,0.000814127,0.000965055,0.00114785,0.00122927,0.00140018,0.00168236,0.00210932,0.00273368,0.00364116,0.00497678,0.0069948,0.0101556,0.0153162,0.0240904,0.0394274,0.0659253,0.106579,0.144257,0.10655,0.0658715,0.0393542,0.024005,0.0152258,0.0100669,0.00691366,0.00490823,0.00358961,0.00270319,0.002104,0.00170686,0.00146014,0.00133162,0.00130113,0.00107226,0.000888959,0.000739453,0.000615624,0.00051178,0.000423874,0.000348983,0.00028496,0.000230196,0.000183453,0.000143747,0.000110271,8.23406e-05,5.93619e-05,4.08174e-05,2.62587e-05,1.53065e-05,7.65055e-06,3.04782e-06,1.31565e-06,2.3185e-06,5.94876e-06,1.21026e-05,2.06527e-05,3.14209e-05,4.41526e-05,5.84962e-05,7.39893e-05,9.00538e-05,0.000106001,0.000121047,0.000134337,0.000144987,0.000154487,0.000161629,0.000163077,0.000157501,0.000144745,0.000125587,0.000101694,7.53181e-05,4.87458e-05,2.35799e-05,0
0,1.91294e-05,3.97156e-05,6.11405e-05,8.21959e-05,0.000101089,0.000116034,0.000125715,0.00012953,0.000127607,0.00012068,0.000110259,9.93998e-05,8.88558e-05,7.68765e-05,6.39872e-05,5.06611e-05,3.73205e-05,2.43444e-05,1.20811e-05,8.6278e-07,-8.98051e-06,-1.71105e-05,-2.31745e-05,-2.68054e-05,-2.76265e-05,-2.52609e-05,-1.9343e-05,-9.53073e-06,4.4862e-06,2.29819e-05,4.61982e-05,7.4357e-05,0.000107683,0.000146435,0.000190952,0.000241702,0.000299353,0.000364843,0.000439484,0.000525081,0.000624092,0.000739851,0.000876873,0.00104128,0.00124141,0.00133543,0.00149673,0.00174236,0.00209945,0.00260964,0.00333692,0.00438067,0.00589741,0.00813553,0.0114859,0.0165361,0.0240516,0.0346026,0.047071,0.0551685,0.0470518,0.0345671,0.024005,0.0164849,0.0114367,0.00809409,0.00586789,0.00436524,0.00333585,0.00262195,0.00212412,0.00177982,0.00155018,0.00141165,0.00135084,0.00111794,0.000930131,0.000776213,0.000648266,0.000540619,0.000449181,0.000370974,0.000303812,0.000246069,0.000196513,0.000154186,0.000118314,8.8252e-05,6.34403e-05,4.33868e-05,2.76546e-05,1.58602e-05,7.67384e-06,2.81827e-06,1.06516e-06,2.22525e-06,6.13314e-06,1.2627e-05,2.15252e-05,3.26012e-05,4.55611e-05,6.00239e-05,7.55092e-05,9.14322e-05,0.000107109,0.000121769,0.000134583,0.000144695,0.000153615,0.000160178,0.000161121,0.000155174,0.000142232,0.000123103,9.94488e-05,7.34925e-05,4.74685e-05,2.29237e-05,0
0,1.85635e-05,3.86201e-05,5.96333e-05,8.04361e-05,9.92606e-05,0.000114322,0.000124276,0.000128477,0.000126999,0.000120525,0.000110524,0.000100005,8.97161e-05,7.79237e-05,6.51524e-05,5.18807e-05,3.85427e-05,2.55367e-05,1.32381e-05,2.01383e-06,-7.76444e-06,-1.57117e-05,-2.1426e-05,-2.44919e-05,-2.44897e-05,-2.10087e-05,-1.36634e-05,-2.10815e-06,1.39523e-05,3.47593e-05,6.05069e-05,9.13598e-05,0.000127484,0.000169091,0.000216493,0.00027017,0.000330853,0.000399616,0.00047799,0.000568105,0.000672865,0.000796188,0.000943325,0.00112128,0.0013394,0.00144513,0.00159407,0.0017993,0.00208281,0.00247745,0.00303005,0.00380614,0.00489641,0.00642423,0.00854876,0.0114479,0.0152403,0.0197686,0.0241578,0.0263608,0.0241503,0.0197557,0.0152258,0.0114367,0.00854628,0.00643477,0.00492232,0.00384683,0.00308192,0.00253469,0.00213932,0.00185107,0.00164147,0.00149437,0.00140261,0.0011664,0.000974674,0.000816771,0.000684958,0.000573598,0.000478575,0.000396877,0.000326299,0.000265221,0.000212439,0.000167042,0.000128314,9.56687e-05,6.85995e-05,4.66545e-05,2.94201e-05,1.65156e-05,7.59419e-06,2.34306e-06,4.83144e-07,1.76358e-06,5.95125e-06,1.28153e-05,2.21081e-05,3.35442e-05,4.67802e-05,6.13981e-05,7.68935e-05,9.26716e-05,0.000108051,0.00012228,0.000134554,0.000144057,0.000152315,0.000158218,0.000158592,0.000152242,0.000139118,0.000120058,9.67227e-05,7.12928e-05,4.59391e-05,2.21419e-05,0
0,1.79156e-05,3.73549e-05,5.78736e-05,7.83517e-05,9.70537e-05,0.000112199,0.000122418,0.000127015,0.000126007,0.000120019,0.000110467,0.00010031,9.02827e-05,7.86754e-05,6.60118e-05,5.27777e-05,3.94232e-05,2.6371e-05,1.40303e-05,2.8096e-06,-6.87054e-06,-1.45715e-05,-1.98363e-05,-2.2197e-05,-2.11888e-05,-1.63679e-05,-7.33266e-06,6.25904e-06,2.46768e-05,4.81152e-05,7.6703e-05,0.000110527,0.000149673,0.000194277,0.000244599,0.000301099,0.000364541,0.000436093,0.000517464,0.00061105,0.000720139,0.000849156,0.00100401,0.00119257,0.00142525,0.00153967,0.00167493,0.00184112,0.00205633,0.00234671,0.00274648,0.00329799,0.00405156,0.00506377,0.00638998,0.0080633,0.010047,0.0121498,0.0139255,0.0146865,0.013931,0.0121616,0.0100669,0.00809409,0.00643477,0.00512515,0.00413011,0.00339095,0.00284731,0.00244586,0.00214347,0.00190826,0.00171952,0.00156672,0.00144776,0.00121073,0.0010171,0.000856752,0.000722192,0.00060789,0.000509768,0.000424837,0.00035092,0.000286442,0.000230265,0.000181556,0.000139687,0.000104155,7.45282e-05,5.04126e-05,3.143e-05,1.72114e-05,7.39675e-06,1.63794e-06,-3.98105e-07,9.70213e-07,5.43426e-06,1.26853e-05,2.24005e-05,3.42268e-05,4.7764e-05,6.25508e-05,7.80549e-05,9.36694e-05,0.000108717,0.000122464,0.00013414,0.000142968,0.000150497,0.000155681,0.000155446,0.00014868,0.000135397,0.000116467,9.35393e-05,6.87453e-05,4.418e-05,2.12475e-05,0
0,1.7193e-05,3.59317e-05,5.58723e-05,7.59478e-05,9.44618e-05,0.000109644,0.000120102,0.000125091,0.000124563,0.00011908,0.00011,0.000100222,9.04635e-05,7.90424e-05,6.64814e-05,5.32749e-05,3.98915e-05,2.67825e-05,1.43952e-05,3.18543e-06,-6.37216e-06,-1.37805e-05,-1.85236e-05,-2.00787e-05,-1.79354e-05,-1.1619e-05,-7.1588e-07,1.51045e-05,3.60755e-05,6.23305e-05,9.39155e-05,0.000130819,0.000173019,0.000220549,0.00027358,0.000332513,0.00039809,0.00047151,0.00055457,0.000649824,0.000760782,0.000892179,0.00105033,0.00124362,0.00148323,0.00160159,0.00172349,0.00185675,0.00201621,0.00222244,0.00250005,0.00287575,0.00337625,0.00402494,0.00483541,0.00579863,0.00686134,0.00789896,0.00870215,0.00902204,0.00872012,0.00793437,0.00691366,0.00586789,0.00492232,0.00413011,0.00349871,0.00301137,0.00264063,0.00235628,0.0021303,0.00194017,0.00177105,0.00161652,0.00147799,0.00124443,0.00105224,0.00089198,0.000756566,0.0006407,0.000540453,0.000452944,0.000376095,0.000308434,0.000248935,0.000196886,0.000151775,0.000113213,8.08666e-05,5.44166e-05,3.35345e-05,1.78717e-05,7.06024e-06,7.18244e-07,-1.5428e-06,-1.12609e-07,4.61928e-06,1.226e-05,2.24051e-05,3.46278e-05,4.84661e-05,6.34118e-05,7.89026e-05,9.43194e-05,0.000108991,0.000122204,0.000133225,0.000141326,0.000148077,0.000152502,0.000151642,0.000144474,0.000131079,0.000112354,8.9932e-05,6.58843e-05,4.2219e-05,2.02561e-05,0
0,1.64044e-05,3.43653e-05,5.36453e-05,7.32355e-05,9.14862e-05,0.000106644,0.000117298,0.000122656,0.000122603,0.000117634,0.000109041,9.96529e-05,9.01716e-05,7.89415e-05,6.64841e-05,5.33028e-05,3.98859e-05,2.67156e-05,1.42804e-05,3.08663e-06,-6.33364e-06,-1.34221e-05,-1.7602e-05,-1.82952e-05,-1.49465e-05,-7.05314e-06,5.80511e-06,2.39401e-05,4.75387e-05,7.66603e-05,0.000111252,0.000151183,0.0001963,0.000246505,0.00030184,0.000362601,0.000429444,0.000503517,0.000586593,0.000681228,0.000790943,0.000920474,0.00107611,0.00126619,0.00150185,0.00161839,0.00172869,0.00183855,0.00195928,0.0021058,0.00229446,0.00254088,0.00285803,0.003254,0.00372847,0.00426667,0.00483097,0.00535359,0.00573955,0.00589267,0.0057672,0.00540728,0.00490823,0.00436524,0.00384683,0.00339095,0.00301137,0.00270577,0.0024623,0.00226444,0.00209488,0.00193882,0.00178653,0.00163481,0.00148703,0.00126253,0.00107603,0.000919073,0.000785217,0.000669585,0.000568537,0.000479407,0.0004003,0.000329913,0.000267384,0.00021216,0.000163886,0.000122312,8.72243e-05,5.83974e-05,3.55647e-05,1.84074e-05,6.55514e-06,-4.05081e-07,-2.91695e-06,-1.44301e-06,3.54351e-06,1.15622e-05,2.21236e-05,3.47242e-05,4.88379e-05,6.39085e-05,7.93439e-05,9.45145e-05,0.000108757,0.000121384,0.000131703,0.000139037,0.00014498,0.000148632,0.000147157,0.000139627,0.000126186,0.000107757,8.59455e-05,6.27525e-05,4.00894e-05,1.91861e-05,0
0,1.55602e-05,3.26738e-05,5.1214e-05,7.02339e-05,8.81374e-05,0.000103196,0.000113989,0.000119675,0.000120077,0.000115617,0.000107517,9.8527e-05,8.93297e-05,7.82988e-05,6.59525e-05,5.28021e-05,3.93556e-05,2.61265e-05,1.36456e-05,2.47088e-06,-6.80726e-06,-1.35687e-05,-1.7176e-05,-1.69965e-05,-1.24328e-05,-2.95721e-06,1.18522e-05,3.22821e-05,5.84648e-05,9.03753e-05,0.000127848,0.000170618,0.000218381,0.000270876,0.000327986,0.000389851,0.000456984,0.000530395,0.00061172,0.000703351,0.000808589,0.000931836,0.00107886,0.0012572,0.00147685,0.0015858,0.00168706,0.00178424,0.00188414,0.00199517,0.00212572,0.00228288,0.00247158,0.0026937,0.00294681,0.0032217,0.00349928,0.0037487,0.00393035,0.0040073,0.00396291,0.00381178,0.00358961,0.00333585,0.00308192,0.00284731,0.00264063,0.0024623,0.00230737,0.00216788,0.00203505,0.00190141,0.00176252,0.00161808,0.00147218,0.0012626,0.00108619,0.000935881,0.000806133,0.000692684,0.000592319,0.000502695,0.000422175,0.000349691,0.000284593,0.000226531,0.000175332,0.000130914,9.31997e-05,6.20724e-05,3.73389e-05,1.87178e-05,5.84195e-06,-1.72969e-06,-4.49407e-06,-2.98595e-06,2.23776e-06,1.06087e-05,2.15523e-05,3.44883e-05,4.88272e-05,6.39666e-05,7.92869e-05,9.4151e-05,0.000107907,0.000119899,0.000129477,0.000136022,0.00014115,0.000144042,0.000141988,0.00013416,0.00012076,0.000102729,8.16362e-05,5.94012e-05,3.78298e-05,1.80584e-05,0
0,1.46723e-05,3.08791e-05,4.86059e-05,6.69702e-05,8.44373e-05,9.93123e-05,0.00011017,0.00011613,0.00011695,0.000112982,0.00010537,9.67817e-05,8.78748e-05,7.70541e-05,6.48321e-05,5.17262e-05,3.82624e-05,2.49843e-05,1.24638e-05,1.30939e-06,-7.83127e-06,-1.4278e-05,-1.73347e-05,-1.63169e-05,-1.05879e-05,4.0108e-07,1.70698e-05,3.96752e-05,6.82895e-05,0.000102797,0.000142912,0.000188224,0.000238262,0.000292586,0.000350892,0.000413127,0.00047961,0.000551145,0.000629134,0.000715675,0.000813661,0.00092688,0.00106015,0.00121953,0.00141273,0.00150938,0.00160411,0.00169787,0.00179191,0.00188731,0.00198467,0.0020843,0.00218642,0.00229133,0.00239901,0.00250798,0.00261378,0.00270789,0.00277853,0.00281444,0.00281027,0.00276977,0.00270319,0.00262195,0.00253469,0.00244586,0.00235628,0.00226444,0.00216788,0.00206425,0.00195206,0.0018311,0.00170263,0.0015693,0.00143499,0.00124509,0.00108243,0.000941634,0.000818273,0.000708822,0.000610584,0.000521611,0.000440591,0.000366736,0.00029965,0.000239214,0.000185464,0.000138499,9.83969e-05,6.51576e-05,3.86687e-05,1.86925e-05,4.8693e-06,-3.26613e-06,-6.26107e-06,-4.71969e-06,7.20055e-07,9.40469e-06,2.06775e-05,3.38847e-05,4.83775e-05,6.3511e-05,7.86428e-05,9.31327e-05,0.000106346,0.000117659,0.000126473,0.000132226,0.000136555,0.000138725,0.000136157,0.000128117,0.000114861,9.73391e-05,7.70727e-05,5.58893e-05,3.54832e-05,1.68957e-05,0
0,1.37542e-05,2.90068e-05,4.58544e-05,6.34814e-05,8.04201e-05,9.50185e-05,0.000105856,0.00011202,0.000113209,0.0001097,0.000102563,9.43733e-05,8.57613e-05,7.51634e-05,6.30837e-05,5.00426e-05,3.65814e-05,2.32708e-05,1.07207e-05,-4.13079e-07,-9.42943e-06,-1.55916e-05,-1.8149e-05,-1.63693e-05,-9.57995e-06,2.78527e-06,2.11411e-05,4.57124e-05,7.65098e-05,0.000113325,0.000155751,0.000203228,0.000255114,0.00031078,0.00036972,0.000431667,0.000496715,0.000565422,0.0006389,0.000718885,0.000807767,0.000908592,0.00102503,0.00116129,0.0013221,0.00140375,0.00149345,0.00158917,0.00168632,0.00177866,0.00185987,0.00192508,0.00197207,0.0020017,0.00201749,0.00202453,0.00202815,0.00203248,0.00203986,0.00205092,0.0020656,0.00208362,0.002104,0.00212412,0.00213932,0.00214347,0.0021303,0.00209488,0.00203505,0.00195206,0.00185033,0.00173631,0.00161676,0.00149718,0.0013808,0.00121292,0.00106613,0.000936757,0.000821471,0.000717468,0.00062259,0.000535312,0.000454676,0.000380202,0.000311772,0.000249515,0.00019369,0.000144587,0.000102441,6.73767e-05,3.93642e-05,1.82125e-05,3.57248e-06,-5.04168e-06,-8.22345e-06,-6.64168e-06,-1.01002e-06,7.93875e-06,1.94718e-05,3.28686e-05,4.74272e-05,6.2467e-05,7.73287e-05,9.13752e-05,0.000103993,0.000114597,0.00012264,0.000127621,0.000131194,0.000132706,0.000129713,0.000121567,0.000108572,9.1673e-05,7.23345e-05,5.22829e-05,3.30966e-05,1.57223e-05,0
0,1.28207e-05,2.70856e-05,4.29993e-05,5.98134e-05,7.61331e-05,9.03579e-05,0.000101082,0.000107368,0.000108861,0.000105769,9.90819e-05,9.128e-05,8.29635e-05,7.26006e-05,6.0684e-05,4.77333e-05,3.4301e-05,2.09803e-05,8.41427e-06,-2.69945e-06,-1.16117e-05,-1.7535e-05,-1.96698e-05,-1.7241e-05,-9.54487e-06,3.99951e-06,2.38003e-05,5.00507e-05,8.27017e-05,0.000121457,0.000165792,0.000215003,0.000268283,0.000324815,0.000383891,0.000445028,0.000508086,0.000573365,0.000641685,0.000714418,0.000793481,0.000881254,0.000980396,0.00109347,0.00122231,0.00128888,0.00137351,0.00147145,0.00157315,0.00166664,0.00174053,0.00178671,0.00180204,0.00178858,0.00175276,0.0017039,0.00165256,0.00160909,0.0015822,0.00157793,0.00159884,0.00164358,0.00170686,0.00177982,0.00185107,0.00190826,0.00194017,0.00193882,0.00190141,0.0018311,0.00173631,0.00162834,0.0015182,0.0014135,0.00131692,0.00117023,0.00103954,0.00092239,0.000816148,0.000718577,0.000627989,0.000543264,0.0004638,0.000389431,0.00032032,0.000256849,0.000199498,0.000148748,0.000104992,6.84706e-05,3.92394e-05,1.71523e-05,1.87257e-06,-7.1031e-06,-1.04093e-05,-8.77283e-06,-2.97536e-06,6.1797e-06,1.78926e-05,3.13851e-05,4.59112e-05,6.07628e-05,7.52717e-05,8.881e-05,0.000100791,0.000110672,0.000117958,0.00012221,0.000125096,0.000126041,0.000122733,0.000114603,0.000101993,8.58297e-05,6.75103e-05,4.86535e-05,3.07193e-05,1.45633e-05,0
0,1.18877e-05,2.5147e-05,4.00855e-05,5.60212e-05,7.16362e-05,8.53901e-05,9.59015e-05,0.000102219,0.000103941,0.00010121,9.49371e-05,8.75039e-05,7.94779e-05,6.93599e-05,5.76272e-05,4.47952e-05,3.1422e-05,1.81178e-05,5.55234e-06,-5.54211e-06,-1.43757e-05,-2.0118e-05,-2.19274e-05,-1.89923e-05,-1.05825e-05,3.89481e-06,2.48412e-05,5.24211e-05,8.6532e-05,0.000126798,0.000172589,0.000223071,0.000277284,0.00033424,0.000393041,0.000452999,0.000513754,0.000575367,0.000638393,0.0007039,0.000773456,0.000849029,0.000932768,0.00102648,0.00113037,0.00118463,0.00126277,0.00135833,0.00145923,0.00155075,0.0016193,0.00165569,0.00165681,0.00162561,0.00156981,0.00150017,0.00142873,0.00136745,0.0013268,0.00131446,0.00133413,0.00138469,0.00146014,0.00155018,0.00164147,0.00171952,0.00177105,0.00178653,0.00176252,0.00170263,0.00161676,0.0015182,0.00141958,0.00132925,0.00124984,0.00112047,0.00100476,0.000899788,0.000802969,0.000712377,0.000626697,0.000545175,0.000467544,0.00039394,0.0003248,0.000260743,0.000202463,0.00015062,0.000105749,6.82046e-05,3.81168e-05,1.53826e-05,-3.22989e-07,-9.51754e-06,-1.28708e-05,-1.11594e-05,-5.2228e-06,4.07604e-06,1.5882e-05,2.93707e-05,4.3763e-05,5.83334e-05,7.24129e-05,8.53898e-05,9.67094e-05,0.000105873,0.000112441,0.000116033,0.000118325,0.000118817,0.000115322,0.000107343,9.52421e-05,7.99199e-05,6.26958e-05,4.50756e-05,2.84016e-05,1.34438e-05,0
0,1.09716e-05,2.32247e-05,3.71625e-05,5.21673e-05,6.70012e-05,8.01909e-05,9.03896e-05,9.66422e-05,9.85078e-05,9.607e-05,9.01653e-05,8.30719e-05,7.53243e-05,6.54557e-05,5.39256e-05,4.12399e-05,2.79574e-05,1.46984e-05,2.15144e-06,-8.92485e-06,-1.77091e-05,-2.33367e-05,-2.49325e-05,-2.16558e-05,-1.2755e-05,2.37234e-06,2.41221e-05,5.26349e-05,8.77639e-05,0.000129067,0.000175826,0.000227096,0.000281787,0.000338762,0.000396958,0.000455507,0.000513854,0.000571854,0.000629838,0.000688648,0.000749641,0.000814659,0.000886,0.000966276,0.00105731,0.00110515,0.00117477,0.00126043,0.00135108,0.00143309,0.00149406,0.00152576,0.00152568,0.00149671,0.00144592,0.0013828,0.00131787,0.00126151,0.0012229,0.00120902,0.00122352,0.00126599,0.00133162,0.00141165,0.00149437,0.00156672,0.00161652,0.00163481,0.00161808,0.0015693,0.00149718,0.0014135,0.00132925,0.00125094,0.00118053,0.00106426,0.000962804,0.000869894,0.000782589,0.000699207,0.000618788,0.00054092,0.000465653,0.000393402,0.000324852,0.000260843,0.000202257,0.000149909,0.000104466,6.63754e-05,3.58337e-05,1.27741e-05,-3.11769e-06,-1.23707e-05,-1.5683e-05,-1.38714e-05,-7.82118e-06,1.55843e-06,1.33706e-05,2.67578e-05,4.09203e-05,5.51256e-05,6.87129e-05,8.10934e-05,9.17482e-05,0.000100225,0.000106139,0.000109165,0.00011098,0.000111152,0.000107611,9.992e-05,8.84505e-05,7.40627e-05,5.79903e-05,4.16245e-05,2.61931e-05,1.2388e-05,0
0,1.00891e-05,2.13535e-05,3.42829e-05,4.83203e-05,6.23094e-05,7.48495e-05,8.46381e-05,9.07259e-05,9.26441e-05,9.04237e-05,8.48293e-05,7.80366e-05,7.05462e-05,6.09242e-05,4.96094e-05,3.70942e-05,2.39322e-05,1.07463e-05,-1.76427e-06,-1.28242e-05,-2.15906e-05,-2.71749e-05,-2.86778e-05,-2.52374e-05,-1.60866e-05,-6.15526e-07,2.15677e-05,5.0586e-05,8.62599e-05,0.000128097,0.000175313,0.000226878,0.000281597,0.000338217,0.000395538,0.000452546,0.000508521,0.000563144,0.000616561,0.000669428,0.000722935,0.00077887,0.000839901,0.000910769,0.00100326,0.00105599,0.00111475,0.00118273,0.00125356,0.00131822,0.00136839,0.00139858,0.00140709,0.0013958,0.00136928,0.00133362,0.00129549,0.00126146,0.00123741,0.00122794,0.00123572,0.00126098,0.00130113,0.00135084,0.00140261,0.00144776,0.00147799,0.00148703,0.00147218,0.00143499,0.0013808,0.00131692,0.00124984,0.00118053,0.00108794,0.000998296,0.000913877,0.000833437,0.000755612,0.000679441,0.000604421,0.000530496,0.000458008,0.000387626,0.000320251,0.000256912,0.000198647,0.000146405,0.000100954,6.28189e-05,3.22482e-05,9.20373e-06,-6.62049e-06,-1.57617e-05,-1.89388e-05,-1.69975e-05,-1.08556e-05,-1.45397e-06,1.02837e-05,2.34814e-05,3.73311e-05,5.11044e-05,6.41574e-05,7.593e-05,8.59424e-05,9.37898e-05,9.91372e-05,0.000101715,0.000103189,0.000103189,9.97515e-05,9.24855e-05,8.17586e-05,6.83804e-05,5.34931e-05,3.83734e-05,2.41407e-05,1.14185e-05,0
0,9.25654e-06,1.9568e-05,3.15003e-05,4.45526e-05,5.76491e-05,6.94664e-05,7.8754e-05,8.45792e-05,8.64549e-05,8.43683e-05,7.9017e-05,7.24756e-05,6.5211e-05,5.58234e-05,4.47284e-05,3.2401e-05,1.9384e-05,6.2959e-06,-6.16271e-06,-1.72095e-05,-2.59907e-05,-3.16047e-05,-3.31384e-05,-2.97172e-05,-2.05645e-05,-5.06593e-06,1.71682e-05,4.62504e-05,8.19807e-05,0.000123835,0.000170985,0.000222343,0.000276645,0.00033255,0.000388759,0.000444141,0.000497848,0.000549411,0.000598811,0.000646516,0.00069348,0.000741121,0.000791257,0.000845774,0.00090464,0.000954193,0.00100333,0.00105421,0.00110369,0.00114632,0.0011767,0.00119116,0.00118861,0.00117062,0.00114091,0.00110461,0.00106749,0.00103529,0.00101307,0.00100467,0.00101217,0.00103549,0.00107226,0.00111794,0.0011664,0.00121073,0.00124443,0.00126253,0.0012626,0.00124509,0.00121292,0.00117023,0.00112047,0.00106426,0.000998296,0.000929434,0.00086039,0.00079158,0.000722713,0.000653479,0.000583816,0.000513993,0.00044461,0.000376551,0.0003109,0.000248832,0.00019151,0.000139982,9.50907e-05,5.74182e-05,2.72482e-05,4.56292e-06,-1.09373e-05,-1.97942e-05,-2.27393e-05,-2.06352e-05,-1.44176e-05,-5.04365e-06,6.55168e-06,1.94882e-05,3.29625e-05,4.62608e-05,5.87635e-05,6.99443e-05,7.93642e-05,8.66648e-05,9.15593e-05,9.38248e-05,9.51104e-05,9.50939e-05,9.191e-05,8.51983e-05,7.53099e-05,6.29945e-05,4.92995e-05,3.53905e-05,2.22871e-05,1.05552e-05,0
0,8.489e-06,1.79014e-05,2.88677e-05,4.0937e-05,5.3112e-05,6.41488e-05,7.28556e-05,7.83256e-05,8.00638e-05,7.80228e-05,7.28397e-05,6.64906e-05,5.941e-05,5.02339e-05,3.93528e-05,2.72212e-05,1.43657e-05,1.39338e-06,-1.1002e-05,-2.20412e-05,-3.08705e-05,-3.65863e-05,-3.82721e-05,-3.50498e-05,-2.614e-05,-1.09269e-05,1.09783e-05,3.96842e-05,7.49827e-05,0.000116337,0.000162896,0.000213546,0.000266983,0.000321813,0.000376674,0.00043035,0.000481893,0.000530712,0.000576637,0.000619947,0.00066134,0.000701847,0.00074262,0.000784462,0.00082678,0.00086624,0.000904239,0.000940898,0.00097406,0.00100025,0.00101601,0.00101903,0.00100877,0.000986681,0.000955865,0.000920611,0.000885771,0.000856172,0.000836051,0.000828548,0.000835289,0.000856105,0.000888959,0.000930131,0.000974674,0.0010171,0.00105224,0.00107603,0.00108619,0.00108243,0.00106613,0.00103954,0.00100476,0.000962804,0.000913877,0.00086039,0.00080397,0.000745275,0.000684488,0.000621721,0.000557245,0.000491592,0.000425576,0.00036025,0.000296834,0.000236612,0.000180833,0.000130609,8.68312e-05,5.01134e-05,2.07612e-05,-1.23128e-06,-1.6159e-05,-2.45642e-05,-2.71815e-05,-2.48776e-05,-1.85919e-05,-9.28172e-06,2.12179e-06,1.47482e-05,2.78107e-05,4.06194e-05,5.25857e-05,6.32199e-05,7.2125e-05,7.89863e-05,8.35607e-05,8.5666e-05,8.69234e-05,8.7049e-05,8.42618e-05,7.82197e-05,6.92448e-05,5.80199e-05,4.54969e-05,3.27362e-05,2.06686e-05,9.81451e-06,0
0,7.79998e-06,1.63842e-05,2.64349e-05,3.75444e-05,4.87898e-05,5.90069e-05,6.70674e-05,7.2099e-05,7.36087e-05,7.1524e-05,6.64291e-05,6.02055e-05,5.32578e-05,4.42591e-05,3.35745e-05,2.16352e-05,8.94737e-06,-3.89959e-06,-1.62268e-05,-2.72676e-05,-3.61786e-05,-4.20649e-05,-4.40175e-05,-4.11639e-05,-3.2729e-05,-1.80993e-05,3.11379e-06,3.10202e-05,6.54148e-05,0.000105764,0.000151219,0.000200664,0.000252785,0.000306173,0.000359429,0.000411288,0.000460729,0.00050706,0.000549981,0.000589596,0.000626376,0.000661047,0.000694394,0.000726927,0.000758472,0.000788097,0.000815667,0.000840536,0.000861041,0.000874881,0.000879865,0.000874624,0.000859085,0.000834612,0.000803847,0.00077036,0.000738175,0.000711284,0.000693168,0.000686377,0.000692197,0.000710448,0.000739453,0.000776213,0.000816771,0.000856752,0.00089198,0.000919073,0.000935881,0.000941634,0.000936757,0.00092239,0.000899788,0.000869894,0.000833437,0.00079158,0.000745275,0.000695098,0.000641409,0.000584557,0.00052504,0.000463584,0.000401158,0.000338937,0.000278232,0.000220396,0.000166725,0.00011836,7.62138e-05,4.09115e-05,1.27661e-05,-8.22351e-06,-2.2348e-05,-3.01447e-05,-3.2342e-05,-2.97979e-05,-2.34406e-05,-1.4213e-05,-3.02795e-06,9.26659e-06,2.19109e-05,3.42465e-05,4.57205e-05,5.58822e-05,6.43751e-05,7.09251e-05,7.5327e-05,7.74319e-05,7.88235e-05,7.92437e-05,7.69837e-05,7.17067e-05,6.36952e-05,5.35602e-05,4.21606e-05,3.04603e-05,1.93139e-05,9.20885e-06,0
0,7.20058e-06,1.50424e-05,2.42462e-05,3.444e-05,4.47696e-05,5.41486e-05,6.15152e-05,6.60384e-05,6.72367e-05,6.50221e-05,5.9934e-05,5.37641e-05,4.68903e-05,3.80253e-05,2.75085e-05,1.57463e-05,3.22062e-06,-9.50179e-06,-2.17639e-05,-3.28199e-05,-4.18466e-05,-4.79678e-05,-5.02918e-05,-4.79612e-05,-4.02121e-05,-2.64379e-05,-6.25108e-06,2.04637e-05,5.35131e-05,9.23807e-05,0.00013624,0.000183997,0.000234356,0.000285919,0.000337284,0.000387167,0.000434497,0.000478507,0.000518785,0.000555286,0.000588287,0.000618294,0.000645874,0.000671444,0.000695066,0.000716437,0.000735182,0.000750558,0.000761315,0.000765934,0.000763069,0.000752012,0.000733004,0.000707351,0.000677323,0.000645891,0.000616372,0.000592036,0.000575719,0.000569484,0.000574359,0.000590189,0.000615624,0.000648266,0.000684958,0.000722192,0.000756566,0.000785217,0.000806133,0.000818273,0.000821471,0.000816148,0.000802969,0.000782589,0.000755612,0.000722713,0.000684488,0.000641409,0.000593893,0.000542422,0.000487636,0.00043039,0.000371755,0.00031298,0.000255425,0.00020047,0.00014942,0.000103418,6.33701e-05,2.98963e-05,3.30448e-06,-1.64067e-05,-2.95227e-05,-3.65699e-05,-3.82605e-05,-3.54319e-05,-2.89869e-05,-1.98408e-05,-8.87527e-06,3.0949e-06,1.53455e-05,2.72554e-05,3.83103e-05,4.80987e-05,5.63024e-05,6.26831e-05,6.70675e-05,6.93326e-05,7.10141e-05,7.18683e-05,7.02464e-05,6.58046e-05,5.87779e-05,4.97032e-05,3.93511e-05,2.85999e-05,1.82424e-05,8.74573e-06,0
0,6.69891e-06,1.38966e-05,2.23384e-05,3.16804e-05,4.11299e-05,4.96747e-05,5.63203e-05,6.02822e-05,6.10987e-05,5.86755e-05,5.35155e-05,4.73266e-05,4.04635e-05,3.1681e-05,2.12936e-05,9.68186e-06,-2.69861e-06,-1.5308e-05,-2.75167e-05,-3.86068e-05,-4.77835e-05,-5.41984e-05,-5.69863e-05,-5.53132e-05,-4.84339e-05,-3.57534e-05,-1.68874e-05,8.28705e-06,3.95946e-05,7.65474e-05,0.000118356,0.000163967,0.00021213,0.000261481,0.000310644,0.000358337,0.000403469,0.00044522,0.00048309,0.000516907,0.000546792,0.00057308,0.000596187,0.000616461,0.000634053,0.000648861,0.000660568,0.000668572,0.000672002,0.000669897,0.000661497,0.000646542,0.000625484,0.000599564,0.000570738,0.000541484,0.000514529,0.000492539,0.000477815,0.000472023,0.000475992,0.000489602,0.00051178,0.000540619,0.000573598,0.00060789,0.0006407,0.000669585,0.000692684,0.000708822,0.000717468,0.000718577,0.000712377,0.000699207,0.000679441,0.000653479,0.000621721,0.000584557,0.000542422,0.000495867,0.000445616,0.000392598,0.000337938,0.000282917,0.000228901,0.00017726,0.000129281,8.6077e-05,4.85293e-05,1.72355e-05,-7.50939e-06,-2.57096e-05,-3.76432e-05,-4.38191e-05,-4.49236e-05,-4.17618e-05,-3.51999e-05,-2.61131e-05,-1.53422e-05,-3.66001e-06,8.25084e-06,1.98102e-05,3.05436e-05,4.00773e-05,4.81279e-05,5.44878e-05,5.90089e-05,6.15866e-05,6.36992e-05,6.51064e-05,6.42073e-05,6.06414e-05,5.45901e-05,4.65167e-05,3.71106e-05,2.71777e-05,1.74635e-05,8.42756e-06,0
0,6.2996e-06,1.29603e-05,2.07387e-05,2.93108e-05,3.79371e-05,4.56745e-05,5.15944e-05,5.49625e-05,5.53433e-05,5.2645e-05,4.73423e-05,4.10651e-05,3.41496e-05,2.53948e-05,1.50916e-05,3.59487e-06,-8.66749e-06,-2.11853e-05,-3.33606e-05,-4.4509e-05,-5.38705e-05,-6.06322e-05,-6.39628e-05,-6.30596e-05,-5.72028e-05,-4.58143e-05,-2.85155e-05,-5.17648e-06,2.40493e-05,5.87098e-05,9.80639e-05,0.000141116,0.000186675,0.000233435,0.000280068,0.000325318,0.000368098,0.000407557,0.000443128,0.000474542,0.000501794,0.000525079,0.000544695,0.000560925,0.000573937,0.000583723,0.00059008,0.000592606,0.000590754,0.000583975,0.000571917,0.000554622,0.00053267,0.000507224,0.000479972,0.000452981,0.00042849,0.000408667,0.000395373,0.000389954,0.000393082,0.00040467,0.000423874,0.000449181,0.000478575,0.000509768,0.000540453,0.000568537,0.000592319,0.000610584,0.00062259,0.000627989,0.000626697,0.000618788,0.000604421,0.000583816,0.000557245,0.00052504,0.000487636,0.000445616,0.000399743,0.000350978,0.000300456,0.000249451,0.000199302,0.000151339,0.000106797,6.67452e-05,3.2019e-05,3.18453e-06,-1.94818e-05,-3.59877e-05,-4.66001e-05,-5.1804e-05,-5.22509e-05,-4.87039e-05,-4.19825e-05,-3.29131e-05,-2.22875e-05,-1.08309e-05,8.19314e-07,1.21256e-05,2.26525e-05,3.20615e-05,4.00997e-05,4.65845e-05,5.13866e-05,5.44126e-05,5.70751e-05,5.91263e-05,5.90038e-05,5.6322e-05,5.1205e-05,4.40455e-05,3.54615e-05,2.62004e-05,1.6976e-05,8.25135e-06,0
0,6.0035e-06,1.22398e-05,1.94632e-05,2.73623e-05,3.52421e-05,4.22212e-05,4.74345e-05,5.01989e-05,5.01108e-05,4.70878e-05,4.15844e-05,3.51588e-05,2.81325e-05,1.93517e-05,9.08506e-06,-2.33748e-06,-1.4516e-05,-2.69715e-05,-3.91404e-05,-5.03756e-05,-5.99568e-05,-6.71119e-05,-7.10501e-05,-7.1006e-05,-6.62909e-05,-5.63489e-05,-4.0811e-05,-1.95413e-05,7.32916e-06,3.93881e-05,7.59498e-05,0.000116086,0.00015868,0.000202499,0.000246279,0.000288815,0.000329041,0.000366099,0.000399382,0.000428544,0.000453485,0.00047429,0.000491157,0.00050431,0.000513909,0.000520004,0.000522506,0.000521197,0.00051579,0.000506038,0.00049187,0.000473525,0.000451646,0.000427305,0.000401956,0.000377322,0.000355235,0.000337455,0.000325484,0.000320408,0.00032277,0.000332516,0.000348983,0.000370974,0.000396877,0.000424837,0.000452944,0.000479407,0.000502695,0.000521611,0.000535312,0.000543264,0.000545175,0.00054092,0.000530496,0.000513993,0.000491592,0.000463584,0.00043039,0.000392598,0.000350978,0.000306482,0.000260227,0.000213443,0.000167413,0.000123401,8.25731e-05,4.59318e-05,1.42602e-05,-1.19149e-05,-3.23378e-05,-4.70183e-05,-5.6208e-05,-6.03613e-05,-6.00879e-05,-5.61009e-05,-4.91659e-05,-4.00544e-05,-2.95044e-05,-1.81906e-05,-6.70339e-06,4.46154e-06,1.49057e-05,2.43222e-05,3.24838e-05,3.92273e-05,4.44356e-05,4.80207e-05,5.13219e-05,5.40753e-05,5.47479e-05,5.29235e-05,4.86682e-05,4.23095e-05,3.44049e-05,2.56589e-05,1.67678e-05,8.20874e-06,0
0,5.80741e-06,1.1733e-05,1.85161e-05,2.58507e-05,3.30775e-05,3.93689e-05,4.39185e-05,4.6094e-05,4.55273e-05,4.21513e-05,3.64068e-05,2.97868e-05,2.26018e-05,1.37475e-05,3.47252e-06,-7.91724e-06,-2.00494e-05,-3.24764e-05,-4.46703e-05,-5.60235e-05,-6.58581e-05,-7.34468e-05,-7.80433e-05,-7.8924e-05,-7.54363e-05,-6.70506e-05,-5.34113e-05,-3.43797e-05,-1.00653e-05,1.91601e-05,5.26688e-05,8.96057e-05,0.000128936,0.000169513,0.000210151,0.000249709,0.000287163,0.000321668,0.0003526,0.000379566,0.000402392,0.000421082,0.000435757,0.000446584,0.000453715,0.000457237,0.000457155,0.0004534,0.000445882,0.000434565,0.000419564,0.000401237,0.000380242,0.000357549,0.000334402,0.000312231,0.000292532,0.000276726,0.00026602,0.000261286,0.000262967,0.00027103,0.00028496,0.000303812,0.000326299,0.00035092,0.000376095,0.0004003,0.000422175,0.000440591,0.000454676,0.0004638,0.000467544,0.000465653,0.000458008,0.00044461,0.000425576,0.000401158,0.000371755,0.000337938,0.000300456,0.000260227,0.000218315,0.000175883,0.000134134,9.42466e-05,5.73034e-05,2.42318e-05,-4.24566e-06,-2.76435e-05,-4.57262e-05,-5.85029e-05,-6.62051e-05,-6.92514e-05,-6.82039e-05,-6.37211e-05,-5.65101e-05,-4.72841e-05,-3.67256e-05,-2.54581e-05,-1.40263e-05,-2.8859e-06,7.5984e-06,1.71469e-05,2.55531e-05,3.26677e-05,3.83805e-05,4.26033e-05,4.65965e-05,5.00724e-05,5.15212e-05,5.04926e-05,4.69964e-05,4.13025e-05,3.39208e-05,2.55275e-05,1.68162e-05,8.28619e-06,0
0,5.70422e-06,1.14296e-05,1.78888e-05,2.47753e-05,3.14563e-05,3.71498e-05,4.11017e-05,4.27287e-05,4.16992e-05,3.79665e-05,3.19628e-05,2.51212e-05,1.77453e-05,8.78199e-06,-1.53843e-06,-1.29323e-05,-2.50538e-05,-3.74863e-05,-4.97376e-05,-6.12398e-05,-7.13591e-05,-7.94142e-05,-8.47056e-05,-8.65544e-05,-8.4347e-05,-7.75839e-05,-6.59259e-05,-4.92348e-05,-2.76016e-05,-1.35948e-06,2.89219e-05,6.24616e-05,9.83116e-05,0.000135415,0.000172675,0.000209027,0.000243504,0.000275296,0.000303781,0.000328544,0.000349364,0.000366187,0.000379076,0.000388158,0.000393571,0.000395431,0.000393811,0.000388752,0.0003803,0.000368561,0.000353763,0.000336323,0.000316877,0.000296285,0.0002756,0.000256001,0.000238699,0.000224833,0.000215369,0.000211003,0.000212094,0.000218624,0.000230196,0.000246069,0.000265221,0.000286442,0.000308434,0.000329913,0.000349691,0.000366736,0.000380202,0.000389431,0.00039394,0.000393402,0.000387626,0.000376551,0.00036025,0.000338937,0.00031298,0.000282917,0.000249451,0.000213443,0.000175883,0.000137845,0.000100439,6.47428e-05,3.17478e-05,2.30133e-06,-2.29361e-05,-4.35195e-05,-5.92312e-05,-7.00757e-05,-7.62606e-05,-7.81649e-05,-7.62998e-05,-7.12663e-05,-6.37122e-05,-5.42922e-05,-4.36341e-05,-3.23118e-05,-2.0827e-05,-9.59874e-06,1.03774e-06,1.08256e-05,1.95743e-05,2.71435e-05,3.34251e-05,3.83268e-05,4.30253e-05,4.7204e-05,4.93717e-05,4.90432e-05,4.61762e-05,4.09926e-05,3.3968e-05,2.57656e-05,1.70886e-05,8.46537e-06,0
0,5.68304e-06,1.13113e-05,1.75606e-05,2.41187e-05,3.03713e-05,3.55727e-05,3.90145e-05,4.01582e-05,3.87089e-05,3.46421e-05,2.83863e-05,2.1319e-05,1.374e-05,4.64888e-06,-5.74068e-06,-1.71657e-05,-2.93053e-05,-4.17729e-05,-5.41105e-05,-6.57897e-05,-7.62197e-05,-8.47655e-05,-9.07747e-05,-9.36136e-05,-9.27091e-05,-8.75935e-05,-7.79472e-05,-6.36354e-05,-4.47341e-05,-2.15413e-05,5.42799e-06,3.54654e-05,6.77083e-05,0.000101193,0.000134915,0.000167895,0.000199237,0.000228177,0.000254118,0.000276643,0.000295511,0.000310631,0.000322028,0.0003298,0.000334076,0.000334988,0.000332656,0.000327195,0.000318737,0.000307471,0.000293687,0.000277811,0.000260431,0.000242293,0.000224274,0.000207333,0.00019244,0.000180501,0.000172277,0.00016832,0.000168916,0.000174062,0.000183453,0.000196513,0.000212439,0.000230265,0.000248935,0.000267384,0.000284593,0.00029965,0.000311772,0.00032032,0.0003248,0.000324852,0.000320251,0.0003109,0.000296834,0.000278232,0.000255425,0.000228901,0.000199302,0.000167413,0.000134134,0.000100439,6.73297e-05,3.57822e-05,6.69195e-06,-1.91735e-05,-4.12137e-05,-5.90208e-05,-7.2391e-05,-8.13207e-05,-8.59905e-05,-8.67375e-05,-8.40217e-05,-7.83871e-05,-7.04234e-05,-6.07293e-05,-4.98811e-05,-3.84069e-05,-2.67692e-05,-1.53548e-05,-4.47375e-06,5.63561e-06,1.47942e-05,2.28665e-05,2.97428e-05,3.53233e-05,4.0699e-05,4.552e-05,4.83119e-05,4.85561e-05,4.6165e-05,4.13231e-05,3.44861e-05,2.63183e-05,1.75435e-05,8.72381e-06,0
0,5.72967e-06,1.13529e-05,1.74994e-05,2.38479e-05,2.97952e-05,3.46231e-05,3.76611e-05,3.84103e-05,3.66102e-05,3.22597e-05,2.57857e-05,1.85143e-05,1.07433e-05,1.52611e-06,-8.93868e-06,-2.04072e-05,-3.25821e-05,-4.51047e-05,-5.755e-05,-6.94269e-05,-8.01862e-05,-8.92371e-05,-9.59728e-05,-9.98038e-05,-0.000100197,-9.67174e-05,-8.90657e-05,-7.71133e-05,-6.09247e-05,-4.07674e-05,-1.71061e-05,9.41831e-06,3.80252e-05,6.78416e-05,9.79572e-05,0.000127481,0.000155594,0.000181593,0.00020492,0.000225177,0.000242122,0.000255648,0.000265761,0.000272539,0.000276106,0.000276604,0.00027418,0.00026899,0.000261217,0.000251087,0.000238907,0.000225083,0.000210135,0.000194691,0.000179467,0.000165228,0.000152739,0.000142708,0.000135727,0.000132227,0.000132433,0.000136349,0.000143747,0.000154186,0.000167042,0.000181556,0.000196886,0.00021216,0.000226531,0.000239214,0.000249515,0.000256849,0.000260743,0.000260843,0.000256912,0.000248832,0.000236612,0.000220396,0.00020047,0.00017726,0.000151339,0.000123401,9.42466e-05,6.47428e-05,3.57822e-05,8.23621e-06,-1.70923e-05,-3.95118e-05,-5.84768e-05,-7.36118e-05,-8.47223e-05,-9.17938e-05,-9.49782e-05,-9.45714e-05,-9.09834e-05,-8.47046e-05,-7.62706e-05,-6.62289e-05,-5.51089e-05,-4.33981e-05,-3.15246e-05,-1.98478e-05,-8.65647e-06,1.82511e-06,1.14256e-05,2.0011e-05,2.74672e-05,3.36848e-05,3.96677e-05,4.50314e-05,4.83179e-05,4.89796e-05,4.6892e-05,4.22147e-05,3.53974e-05,2.71188e-05,1.81323e-05,9.03563e-06,0
0,5.82714e-06,1.15226e-05,1.76628e-05,2.39154e-05,2.96818e-05,3.42634e-05,3.70191e-05,3.74834e-05,3.54264e-05,3.0869e-05,2.42382e-05,1.68103e-05,8.88354e-06,-4.34947e-07,-1.09604e-05,-2.24667e-05,-3.46782e-05,-4.72624e-05,-5.98248e-05,-7.19094e-05,-8.30056e-05,-9.2564e-05,-0.00010002,-0.000104827,-0.000106489,-0.000104601,-9.88852e-05,-8.9221e-05,-7.56641e-05,-5.84558e-05,-3.80164e-05,-1.49253e-05,1.01125e-05,3.631e-05,6.28471e-05,8.89213e-05,0.000113795,0.000136832,0.000157526,0.000175511,0.000190561,0.000202572,0.000211543,0.000217547,0.000220703,0.000221156,0.000219069,0.000214616,0.000207995,0.000199442,0.000189251,0.000177782,0.000165476,0.000152845,0.000140456,0.000128905,0.00011878,0.00011062,0.000104879,0.000101882,0.000101807,0.000104658,0.000110271,0.000118314,0.000128314,0.000139687,0.000151775,0.000163886,0.000175332,0.000185464,0.00019369,0.000199498,0.000202463,0.000202257,0.000198647,0.00019151,0.000180833,0.000166725,0.00014942,0.000129281,0.000106797,8.25731e-05,5.73034e-05,3.17478e-05,6.69195e-06,-1.70923e-05,-3.88886e-05,-5.80742e-05,-7.41521e-05,-8.6773e-05,-9.57481e-05,-0.00010105,-0.000102802,-0.000101262,-9.67929e-05,-8.98378e-05,-8.08839e-05,-7.04337e-05,-5.89762e-05,-4.69638e-05,-3.47954e-05,-2.28073e-05,-1.12717e-05,-4.02075e-07,9.63492e-06,1.8704e-05,2.66848e-05,3.34572e-05,3.99382e-05,4.57091e-05,4.93302e-05,5.02314e-05,4.82615e-05,4.35683e-05,3.66099e-05,2.80906e-05,1.88005e-05,9.37248e-06,0
0,5.95644e-06,1.1784e-05,1.80003e-05,2.42613e-05,2.99685e-05,3.44351e-05,3.70412e-05,3.73472e-05,3.51487e-05,3.04858e-05,2.37846e-05,1.62738e-05,8.25206e-06,-1.11947e-06,-1.16691e-05,-2.31871e-05,-3.54181e-05,-4.80536e-05,-6.07274e-05,-7.30156e-05,-8.44427e-05,-9.44973e-05,-0.000102654,-0.000108401,-0.00011128,-0.000110912,-0.000107041,-9.95508e-05,-8.84926e-05,-7.4085e-05,-5.67098e-05,-3.68918e-05,-1.52678e-05,7.45331e-06,3.05357e-05,5.32616e-05,7.4973e-05,9.5105e-05,0.000113209,0.00012896,0.000142162,0.000152726,0.000160657,0.000166028,0.000168959,0.000169597,0.000168106,0.000164663,0.000159463,0.000152727,0.000144714,0.000135728,0.000126124,0.000116301,0.000106692,9.7744e-05,8.98943e-05,8.35415e-05,7.90184e-05,7.6567e-05,7.63189e-05,7.82829e-05,8.23406e-05,8.8252e-05,9.56687e-05,0.000104155,0.000113213,0.000122312,0.000130914,0.000138499,0.000144587,0.000148748,0.00015062,0.000149909,0.000146405,0.000139982,0.000130609,0.00011836,0.000103418,8.6077e-05,6.67452e-05,4.59318e-05,2.42318e-05,2.30133e-06,-1.91735e-05,-3.95118e-05,-5.80742e-05,-7.42981e-05,-8.77267e-05,-9.8032e-05,-0.000105027,-0.000108672,-0.000109064,-0.000106426,-0.000101081,-9.34319e-05,-8.39243e-05,-7.30232e-05,-6.11839e-05,-4.88295e-05,-3.63351e-05,-2.40182e-05,-1.21379e-05,-8.99855e-07,9.53119e-06,1.90169e-05,2.74294e-05,3.46377e-05,4.14733e-05,4.7485e-05,5.12557e-05,5.22011e-05,5.01554e-05,4.52686e-05,3.802e-05,2.91503e-05,1.94899e-05,9.70451e-06,0
0,6.09724e-06,1.20971e-05,1.84548e-05,2.48161e-05,3.05788e-05,3.50613e-05,3.7657e-05,3.7944e-05,3.57366e-05,3.109e-05,2.44274e-05,1.69297e-05,8.89678e-06,-4.57382e-07,-1.09733e-05,-2.24566e-05,-3.46704e-05,-4.73287e-05,-6.00909e-05,-7.2562e-05,-8.42985e-05,-9.48223e-05,-0.000103642,-0.000110279,-0.000114304,-0.000115363,-0.000113215,-0.000107752,-9.90193e-05,-8.72153e-05,-7.26886e-05,-5.59166e-05,-3.74765e-05,-1.80075e-05,1.83026e-06,2.13968e-05,4.01095e-05,5.74723e-05,7.30954e-05,8.67035e-05,9.8133e-05,0.000107321,0.000114286,0.00011911,0.000121915,0.000122847,0.000122068,0.000119745,0.000116058,0.000111199,0.000105382,9.88486e-05,9.18658e-05,8.4729e-05,7.77511e-05,7.12509e-05,6.55368e-05,6.0889e-05,5.75409e-05,5.56632e-05,5.53498e-05,5.66094e-05,5.93619e-05,6.34403e-05,6.85995e-05,7.45282e-05,8.08666e-05,8.72243e-05,9.31997e-05,9.83969e-05,0.000102441,0.000104992,0.000105749,0.000104466,0.000100954,9.50907e-05,8.68312e-05,7.62138e-05,6.33701e-05,4.85293e-05,3.2019e-05,1.42602e-05,-4.24566e-06,-2.29361e-05,-4.12137e-05,-5.84768e-05,-7.41521e-05,-8.77267e-05,-9.87771e-05,-0.000106991,-0.000112183,-0.0001143,-0.000113419,-0.000109732,-0.000103532,-9.51869e-05,-8.5111e-05,-7.37388e-05,-6.14982e-05,-4.87892e-05,-3.59675e-05,-2.33357e-05,-1.11429e-05,4.10146e-07,1.1159e-05,2.09609e-05,2.96795e-05,3.71734e-05,4.41912e-05,5.0253e-05,5.397e-05,5.4754e-05,5.24375e-05,4.71874e-05,3.95167e-05,3.02101e-05,2.01407e-05,1.00015e-05,0
0,6.22875e-06,1.24202e-05,1.89656e-05,2.5503e-05,3.14251e-05,3.605e-05,3.8776e-05,3.91908e-05,3.71195e-05,3.26266e-05,2.61293e-05,1.87597e-05,1.08182e-05,1.57095e-06,-8.8344e-06,-2.02176e-05,-3.23593e-05,-4.49935e-05,-5.78031e-05,-7.04192e-05,-8.24263e-05,-9.33757e-05,-0.000102805,-0.000110264,-0.000115347,-0.000117721,-0.000117156,-0.000113549,-0.000106938,-9.75054e-05,-8.55694e-05,-7.15666e-05,-5.60226e-05,-3.95163e-05,-2.26422e-05,-5.9714e-06,9.98094e-06,2.47825e-05,3.81e-05,4.9706e-05,5.94749e-05,6.7372e-05,7.34359e-05,7.77592e-05,8.04695e-05,8.17131e-05,8.16441e-05,8.04179e-05,7.81905e-05,7.51202e-05,7.13723e-05,6.71225e-05,6.25596e-05,5.78839e-05,5.3304e-05,4.90292e-05,4.52604e-05,4.21794e-05,3.99376e-05,3.86463e-05,3.83674e-05,3.91081e-05,4.08174e-05,4.33868e-05,4.66545e-05,5.04126e-05,5.44166e-05,5.83974e-05,6.20724e-05,6.51576e-05,6.73767e-05,6.84706e-05,6.82046e-05,6.63754e-05,6.28189e-05,5.74182e-05,5.01134e-05,4.09115e-05,2.98963e-05,1.72355e-05,3.18453e-06,-1.19149e-05,-2.76435e-05,-4.35195e-05,-5.90208e-05,-7.36118e-05,-8.6773e-05,-9.8032e-05,-0.000106991,-0.000113351,-0.000116927,-0.000117656,-0.000115597,-0.000110924,-0.000103905,-9.4881e-05,-8.42437e-05,-7.2404e-05,-5.97692e-05,-4.67207e-05,-3.35993e-05,-2.06961e-05,-8.25276e-06,3.53278e-06,1.44946e-05,2.44843e-05,3.33575e-05,4.09623e-05,4.79686e-05,5.38726e-05,5.73215e-05,5.77348e-05,5.4958e-05,4.91884e-05,4.09846e-05,3.11814e-05,2.06935e-05,1.0234e-05,0
0,6.33048e-06,1.27111e-05,1.94699e-05,2.62413e-05,3.24126e-05,3.72973e-05,4.02912e-05,4.09827e-05,3.91994e-05,3.5008e-05,2.88148e-05,2.17017e-05,1.39686e-05,4.93228e-06,-5.27062e-06,-1.64732e-05,-2.84716e-05,-4.10186e-05,-5.3818e-05,-6.6524e-05,-7.8746e-05,-9.00606e-05,-0.00010003,-0.000108227,-0.000114266,-0.000117826,-0.000118689,-0.00011675,-0.000112041,-0.000104725,-9.50956e-05,-8.35529e-05,-7.05785e-05,-5.67005e-05,-4.24573e-05,-2.83622e-05,-1.48723e-05,-2.36471e-06,8.87766e-06,1.86711e-05,2.69265e-05,3.36375e-05,3.88636e-05,4.27111e-05,4.53143e-05,4.68199e-05,4.73751e-05,4.71208e-05,4.61887e-05,4.47028e-05,4.27816e-05,4.05417e-05,3.81007e-05,3.55778e-05,3.30933e-05,3.07661e-05,2.87088e-05,2.70231e-05,2.57938e-05,2.50833e-05,2.49268e-05,2.53284e-05,2.62587e-05,2.76546e-05,2.94201e-05,3.143e-05,3.35345e-05,3.55647e-05,3.73389e-05,3.86687e-05,3.93642e-05,3.92394e-05,3.81168e-05,3.58337e-05,3.22482e-05,2.72482e-05,2.07612e-05,1.27661e-05,3.30448e-06,-7.50939e-06,-1.94818e-05,-3.23378e-05,-4.57262e-05,-5.92312e-05,-7.2391e-05,-8.47223e-05,-9.57481e-05,-0.000105027,-0.000112183,-0.000116927,-0.000119074,-0.000118559,-0.000115429,-0.000109843,-0.000102055,-9.23885e-05,-8.12183e-05,-6.89389e-05,-5.59419e-05,-4.2595e-05,-2.92272e-05,-1.61213e-05,-3.51387e-06,8.39818e-06,1.94459e-05,2.94748e-05,3.83318e-05,4.58563e-05,5.26437e-05,5.81726e-05,6.11355e-05,6.09726e-05,5.75571e-05,5.1131e-05,4.23082e-05,3.19772e-05,2.10913e-05,1.03742e-05,0
0,6.38298e-06,1.29289e-05,1.99054e-05,2.69489e-05,3.34424e-05,3.86915e-05,4.20832e-05,4.31973e-05,4.1855e-05,3.81169e-05,3.23732e-05,2.56528e-05,1.82535e-05,9.54144e-06,-3.57135e-07,-1.12874e-05,-2.30599e-05,-3.54435e-05,-4.8161e-05,-6.08871e-05,-7.32529e-05,-8.48567e-05,-9.52817e-05,-0.000104119,-0.000110997,-0.000115606,-0.000117729,-0.000117262,-0.000114224,-0.000108762,-0.000101143,-9.17365e-05,-8.09859e-05,-6.93766e-05,-5.74012e-05,-4.55257e-05,-3.416e-05,-2.36364e-05,-1.41962e-05,-5.98666e-06,9.34421e-07,6.58589e-06,1.10465e-05,1.44358e-05,1.68955e-05,1.85733e-05,1.96109e-05,2.01363e-05,2.026e-05,2.00753e-05,1.96603e-05,1.90816e-05,1.83973e-05,1.76603e-05,1.69198e-05,1.6222e-05,1.56097e-05,1.51211e-05,1.4788e-05,1.46338e-05,1.46712e-05,1.49002e-05,1.53065e-05,1.58602e-05,1.65156e-05,1.72114e-05,1.78717e-05,1.84074e-05,1.87178e-05,1.86925e-05,1.82125e-05,1.71523e-05,1.53826e-05,1.27741e-05,9.20373e-06,4.56292e-06,-1.23128e-06,-8.22351e-06,-1.64067e-05,-2.57096e-05,-3.59877e-05,-4.70183e-05,-5.85029e-05,-7.00757e-05,-8.13207e-05,-9.17938e-05,-0.00010105,-0.000108672,-0.0001143,-0.000117656,-0.000118559,-0.000116941,-0.00011285,-0.000106435,-9.79432e-05,-8.76886e-05,-7.60346e-05,-6.3365e-05,-5.00603e-05,-3.64779e-05,-2.29382e-05,-9.71795e-06,2.94908e-06,1.4865e-05,2.58567e-05,3.57626e-05,4.44216e-05,5.16656e-05,5.80206e-05,6.29559e-05,6.52191e-05,6.42854e-05,6.00707e-05,5.28748e-05,4.33751e-05,3.25158e-05,2.1282e-05,1.03975e-05,0
0,6.36857e-06,1.30352e-05,2.02126e-05,2.75451e-05,3.44145e-05,4.01168e-05,4.40239e-05,4.56985e-05,4.49457e-05,4.18116e-05,3.66633e-05,3.04736e-05,2.35363e-05,1.52656e-05,5.77771e-06,-4.78314e-06,-1.62398e-05,-2.83757e-05,-4.09297e-05,-5.35947e-05,-6.60207e-05,-7.78248e-05,-8.86074e-05,-9.79746e-05,-0.000105565,-0.000111075,-0.000114288,-0.000115091,-0.000113493,-0.000109622,-0.000103719,-9.61256e-05,-8.72511e-05,-7.75457e-05,-6.7465e-05,-5.74378e-05,-4.78379e-05,-3.89637e-05,-3.10256e-05,-2.41434e-05,-1.83517e-05,-1.3612e-05,-9.83063e-06,-6.87702e-06,-4.60298e-06,-2.85892e-06,-1.50664e-06,-4.27755e-07,4.72098e-07,1.26255e-06,1.99046e-06,2.68349e-06,3.35432e-06,4.0049e-06,4.63023e-06,5.22146e-06,5.76833e-06,6.2608e-06,6.6901e-06,7.04911e-06,7.33216e-06,7.53437e-06,7.65055e-06,7.67384e-06,7.59419e-06,7.39675e-06,7.06024e-06,6.55514e-06,5.84195e-06,4.8693e-06,3.57248e-06,1.87257e-06,-3.22989e-07,-3.11769e-06,-6.62049e-06,-1.09373e-05,-1.6159e-05,-2.2348e-05,-2.95227e-05,-3.76432e-05,-4.66001e-05,-5.6208e-05,-6.62051e-05,-7.62606e-05,-8.59905e-05,-9.49782e-05,-0.000102802,-0.000109064,-0.000113419,-0.000115597,-0.000115429,-0.00011285,-0.000107908,-0.000100757,-9.16391e-05,-8.08658e-05,-6.87947e-05,-5.58027e-05,-4.22625e-05,-2.85244e-05,-1.49025e-05,-1.66977e-06,1.09405e-05,2.27278e-05,3.35133e-05,4.31279e-05,5.14029e-05,5.81645e-05,6.38758e-05,6.8005e-05,6.93665e-05,6.74849e-05,6.23341e-05,5.42835e-05,4.40805e-05,3.27229e-05,2.12202e-05,1.02829e-05,0
0,6.27185e-06,1.29956e-05,2.03359e-05,2.79529e-05,3.52311e-05,4.14563e-05,4.59804e-05,4.83408e-05,4.83166e-05,4.59303e-05,4.15187e-05,3.59945e-05,2.96451e-05,2.19309e-05,1.29595e-05,2.86566e-06,-8.1837e-06,-1.9984e-05,-3.22881e-05,-4.48041e-05,-5.71985e-05,-6.91044e-05,-8.01372e-05,-8.99147e-05,-9.80826e-05,-0.000104341,-0.000108469,-0.000110345,-0.000109962,-0.000107427,-0.000102957,-9.68661e-05,-8.95333e-05,-8.13785e-05,-7.28277e-05,-6.42814e-05,-5.60877e-05,-4.85219e-05,-4.17743e-05,-3.59478e-05,-3.10625e-05,-2.70687e-05,-2.38632e-05,-2.13088e-05,-1.92525e-05,-1.75432e-05,-1.60439e-05,-1.46417e-05,-1.32524e-05,-1.18215e-05,-1.0323e-05,-8.75562e-06,-7.13786e-06,-5.50299e-06,-3.89378e-06,-2.35767e-06,-9.42458e-07,3.0735e-07,1.35349e-06,2.16604e-06,2.72465e-06,3.01892e-06,3.04782e-06,2.81827e-06,2.34306e-06,1.63794e-06,7.18244e-07,-4.05081e-07,-1.72969e-06,-3.26613e-06,-5.04168e-06,-7.1031e-06,-9.51754e-06,-1.23707e-05,-1.57617e-05,-1.97942e-05,-2.45642e-05,-3.01447e-05,-3.65699e-05,-4.38191e-05,-5.1804e-05,-6.03613e-05,-6.92514e-05,-7.81649e-05,-8.67375e-05,-9.45714e-05,-0.000101262,-0.000106426,-0.000109732,-0.000110924,-0.000109843,-0.000106435,-0.000100757,-9.29671e-05,-8.33108e-05,-7.21012e-05,-5.96934e-05,-4.64605e-05,-3.27701e-05,-1.89672e-05,-5.36222e-06,7.77336e-06,2.02048e-05,3.17269e-05,4.21538e-05,5.13087e-05,5.9016e-05,6.50987e-05,6.99634e-05,7.30874e-05,7.3364e-05,7.0382e-05,6.41873e-05,5.52296e-05,4.43295e-05,3.25349e-05,2.08687e-05,1.00143e-05,0
0,6.0803e-06,1.27803e-05,2.02258e-05,2.81011e-05,3.57987e-05,4.25952e-05,4.78186e-05,5.09733e-05,5.18032e-05,5.02972e-05,4.67542e-05,4.20223e-05,3.63797e-05,2.93314e-05,2.0977e-05,1.14436e-05,8.90065e-07,-1.04885e-05,-2.2456e-05,-3.47334e-05,-4.7001e-05,-5.8906e-05,-7.00761e-05,-8.01393e-05,-8.87467e-05,-9.55989e-05,-0.000100469,-0.000103226,-0.000103842,-0.000102404,-9.91042e-05,-9.42273e-05,-8.81261e-05,-8.11935e-05,-7.38311e-05,-6.64187e-05,-5.92871e-05,-5.26983e-05,-4.68329e-05,-4.17871e-05,-3.75765e-05,-3.41486e-05,-3.13981e-05,-2.9186e-05,-2.73581e-05,-2.57623e-05,-2.42618e-05,-2.2745e-05,-2.11315e-05,-1.93738e-05,-1.7456e-05,-1.53905e-05,-1.32133e-05,-1.09777e-05,-8.74896e-06,-6.59808e-06,-4.59631e-06,-2.81033e-06,-1.29801e-06,-1.05259e-07,7.36291e-07,1.2103e-06,1.31565e-06,1.06516e-06,4.83144e-07,-3.98105e-07,-1.5428e-06,-2.91695e-06,-4.49407e-06,-6.26107e-06,-8.22345e-06,-1.04093e-05,-1.28708e-05,-1.5683e-05,-1.89388e-05,-2.27393e-05,-2.71815e-05,-3.2342e-05,-3.82605e-05,-4.49236e-05,-5.22509e-05,-6.00879e-05,-6.82039e-05,-7.62998e-05,-8.40217e-05,-9.09834e-05,-9.67929e-05,-0.000101081,-0.000103532,-0.000103905,-0.000102055,-9.79432e-05,-9.16391e-05,-8.33108e-05,-7.32111e-05,-6.16562e-05,-4.90018e-05,-3.56185e-05,-2.18708e-05,-8.10041e-06,5.38396e-06,1.83101e-05,3.04394e-05,4.15604e-05,5.1479e-05,6.00105e-05,6.69741e-05,7.21922e-05,7.60227e-05,7.79626e-05,7.69963e-05,7.27918e-05,6.54797e-05,5.55979e-05,4.40415e-05,3.19012e-05,2.02004e-05,9.58123e-06,0
0,5.78469e-06,1.23654e-05,1.98404e-05,2.79266e-05,3.60312e-05,4.34239e-05,4.94063e-05,5.34436e-05,5.5235e-05,5.47266e-05,5.21712e-05,4.83471e-05,4.352e-05,3.72377e-05,2.95925e-05,2.07056e-05,1.07298e-05,-1.46358e-07,-1.16951e-05,-2.36473e-05,-3.56948e-05,-4.74964e-05,-5.8691e-05,-6.89149e-05,-7.78241e-05,-8.51183e-05,-9.05644e-05,-9.4017e-05,-9.54318e-05,-9.48717e-05,-9.25029e-05,-8.85821e-05,-8.34352e-05,-7.7431e-05,-7.09503e-05,-6.43572e-05,-5.79723e-05,-5.20521e-05,-4.67766e-05,-4.22446e-05,-3.84767e-05,-3.54262e-05,-3.29933e-05,-3.10435e-05,-2.94255e-05,-2.79879e-05,-2.65935e-05,-2.51294e-05,-2.35135e-05,-2.16975e-05,-1.96658e-05,-1.74333e-05,-1.50403e-05,-1.2547e-05,-1.00272e-05,-7.562e-06,-5.2337e-06,-3.12038e-06,-1.29093e-06,1.98829e-07,1.30898e-06,2.01709e-06,2.3185e-06,2.22525e-06,1.76358e-06,9.70213e-07,-1.12609e-07,-1.44301e-06,-2.98595e-06,-4.71969e-06,-6.64168e-06,-8.77283e-06,-1.11594e-05,-1.38714e-05,-1.69975e-05,-2.06352e-05,-2.48776e-05,-2.97979e-05,-3.54319e-05,-4.17618e-05,-4.87039e-05,-5.61009e-05,-6.37211e-05,-7.12663e-05,-7.83871e-05,-8.47046e-05,-8.98378e-05,-9.34319e-05,-9.51869e-05,-9.4881e-05,-9.23885e-05,-8.76886e-05,-8.08658e-05,-7.21012e-05,-6.16562e-05,-4.98522e-05,-3.7046e-05,-2.36075e-05,-9.89902e-06,3.73923e-06,1.69983e-05,2.96031e-05,4.13091e-05,5.18966e-05,6.1163e-05,6.89161e-05,7.49717e-05,7.91556e-05,8.1785e-05,8.23877e-05,8.00523e-05,7.4539e-05,6.60746e-05,5.52901e-05,4.31527e-05,3.07862e-05,1.91999e-05,8.97927e-06,0
0,5.37949e-06,1.17339e-05,1.91466e-05,2.73759e-05,3.58515e-05,4.38401e-05,5.06165e-05,5.56009e-05,5.844e-05,5.90277e-05,5.75627e-05,5.47479e-05,5.0833e-05,4.5406e-05,3.85523e-05,3.03884e-05,2.10636e-05,1.07623e-05,-2.9296e-07,-1.18403e-05,-2.35803e-05,-3.51817e-05,-4.62927e-05,-5.65574e-05,-6.5636e-05,-7.32273e-05,-7.90919e-05,-8.3071e-05,-8.51017e-05,-8.52231e-05,-8.35745e-05,-8.03846e-05,-7.59528e-05,-7.06238e-05,-6.47602e-05,-5.87133e-05,-5.27979e-05,-4.72713e-05,-4.23197e-05,-3.80523e-05,-3.4503e-05,-3.1639e-05,-2.93735e-05,-2.75829e-05,-2.61233e-05,-2.48472e-05,-2.36177e-05,-2.23188e-05,-2.0863e-05,-1.91947e-05,-1.72911e-05,-1.51593e-05,-1.28335e-05,-1.03688e-05,-7.83577e-06,-5.31423e-06,-2.88701e-06,-6.34338e-07,1.37131e-06,3.06937e-06,4.41436e-06,5.37779e-06,5.94876e-06,6.13314e-06,5.95125e-06,5.43426e-06,4.61928e-06,3.54351e-06,2.23776e-06,7.20055e-07,-1.01002e-06,-2.97536e-06,-5.2228e-06,-7.82118e-06,-1.08556e-05,-1.44176e-05,-1.85919e-05,-2.34406e-05,-2.89869e-05,-3.51999e-05,-4.19825e-05,-4.91659e-05,-5.65101e-05,-6.37122e-05,-7.04234e-05,-7.62706e-05,-8.08839e-05,-8.39243e-05,-8.5111e-05,-8.42437e-05,-8.12183e-05,-7.60346e-05,-6.87947e-05,-5.96934e-05,-4.90018e-05,-3.7046e-05,-2.41849e-05,-1.07876e-05,2.78427e-06,1.61908e-05,2.91209e-05,4.12943e-05,5.24589e-05,6.2386e-05,7.08639e-05,7.76946e-05,8.26935e-05,8.56938e-05,8.6981e-05,8.61253e-05,8.23314e-05,7.5464e-05,6.58542e-05,5.42283e-05,4.16195e-05,2.91717e-05,1.78638e-05,8.21065e-06,0
0,4.86321e-06,1.08763e-05,1.81214e-05,2.64072e-05,3.51942e-05,4.37521e-05,5.13296e-05,5.7299e-05,6.12476e-05,6.30086e-05,6.27182e-05,6.09986e-05,5.8079e-05,5.35849e-05,4.75948e-05,4.02212e-05,3.16116e-05,2.19487e-05,1.14525e-05,3.80628e-07,-1.09736e-05,-2.22869e-05,-3.32155e-05,-4.34107e-05,-5.25367e-05,-6.02924e-05,-6.6432e-05,-7.07849e-05,-7.32696e-05,-7.39017e-05,-7.27936e-05,-7.01457e-05,-6.62299e-05,-6.13674e-05,-5.59024e-05,-5.01752e-05,-4.44971e-05,-3.91296e-05,-3.42699e-05,-3.00436e-05,-2.65044e-05,-2.36401e-05,-2.1384e-05,-1.96291e-05,-1.82445e-05,-1.70902e-05,-1.60312e-05,-1.49486e-05,-1.37473e-05,-1.23607e-05,-1.07521e-05,-8.91428e-06,-6.8661e-06,-4.64856e-06,-2.31953e-06,5.18535e-08,2.39091e-06,4.62282e-06,6.67763e-06,8.49441e-06,1.00245e-05,1.12336e-05,1.21026e-05,1.2627e-05,1.28153e-05,1.26853e-05,1.226e-05,1.15622e-05,1.06087e-05,9.40469e-06,7.93875e-06,6.1797e-06,4.07604e-06,1.55843e-06,-1.45397e-06,-5.04365e-06,-9.28172e-06,-1.4213e-05,-1.98408e-05,-2.61131e-05,-3.29131e-05,-4.00544e-05,-4.72841e-05,-5.42922e-05,-6.07293e-05,-6.62289e-05,-7.04337e-05,-7.30232e-05,-7.37388e-05,-7.2404e-05,-6.89389e-05,-6.3365e-05,-5.58027e-05,-4.64605e-05,-3.56185e-05,-2.36075e-05,-1.07876e-05,2.47202e-06,1.58104e-05,2.88861e-05,4.13844e-05,5.30182e-05,6.35269e-05,7.26719e-05,8.02339e-05,8.60114e-05,8.98231e-05,9.15147e-05,9.13491e-05,8.89505e-05,8.36507e-05,7.54285e-05,6.47248e-05,5.2359e-05,3.94204e-05,2.70579e-05,1.62024e-05,7.28446e-06,0
0,4.23872e-06,9.79159e-06,1.67537e-05,2.49922e-05,3.40079e-05,4.3081e-05,5.14373e-05,5.84002e-05,6.34923e-05,6.64792e-05,6.74271e-05,6.68715e-05,6.50164e-05,6.15216e-05,5.64577e-05,4.99335e-05,4.20955e-05,3.31266e-05,2.32467e-05,1.27116e-05,1.81086e-06,-9.13776e-06,-1.97976e-05,-2.98261e-05,-3.88921e-05,-4.66949e-05,-5.29842e-05,-5.75785e-05,-6.03791e-05,-6.13791e-05,-6.06641e-05,-5.84059e-05,-5.48488e-05,-5.02894e-05,-4.50528e-05,-3.9468e-05,-3.38431e-05,-2.84454e-05,-2.34855e-05,-1.91091e-05,-1.53938e-05,-1.23537e-05,-9.9473e-06,-8.09042e-06,-6.6697e-06,-5.55702e-06,-4.62252e-06,-3.74569e-06,-2.82366e-06,-1.77684e-06,-5.51694e-07,8.78773e-07,2.51653e-06,4.34152e-06,6.31567e-06,8.38753e-06,1.04972e-05,1.25812e-05,1.45769e-05,1.64265e-05,1.80803e-05,1.94986e-05,2.06527e-05,2.15252e-05,2.21081e-05,2.24005e-05,2.24051e-05,2.21236e-05,2.15523e-05,2.06775e-05,1.94718e-05,1.78926e-05,1.5882e-05,1.33706e-05,1.02837e-05,6.55168e-06,2.12179e-06,-3.02795e-06,-8.87527e-06,-1.53422e-05,-2.22875e-05,-2.95044e-05,-3.67256e-05,-4.36341e-05,-4.98811e-05,-5.51089e-05,-5.89762e-05,-6.11839e-05,-6.14982e-05,-5.97692e-05,-5.59419e-05,-5.00603e-05,-4.22625e-05,-3.27701e-05,-2.18708e-05,-9.89902e-06,2.78427e-06,1.58104e-05,2.88179e-05,4.14632e-05,5.34264e-05,6.4413e-05,7.41532e-05,8.24e-05,8.89283e-05,9.35365e-05,9.60516e-05,9.63375e-05,9.46437e-05,9.0659e-05,8.38518e-05,7.43222e-05,6.26215e-05,4.96565e-05,3.65591e-05,2.44648e-05,1.42392e-05,6.21664e-06,0
0,3.5135e-06,8.48809e-06,1.50453e-05,2.31183e-05,3.22583e-05,4.17644e-05,5.08459e-05,5.87784e-05,6.50176e-05,6.92556e-05,7.14823e-05,7.21407e-05,7.14049e-05,6.8965e-05,6.48819e-05,5.92602e-05,5.22449e-05,4.40204e-05,3.48078e-05,2.48631e-05,1.44744e-05,3.9555e-06,-6.36227e-06,-1.61423e-05,-2.50577e-05,-3.28095e-05,-3.91439e-05,-4.38703e-05,-4.68748e-05,-4.81291e-05,-4.76929e-05,-4.57097e-05,-4.23952e-05,-3.80204e-05,-3.28901e-05,-2.732e-05,-2.16143e-05,-1.60449e-05,-1.08365e-05,-6.1558e-06,-2.1071e-06,1.26628e-06,3.97607e-06,6.07945e-06,7.66723e-06,8.85134e-06,9.75273e-06,1.04907e-05,1.1174e-05,1.18951e-05,1.27252e-05,1.37132e-05,1.48852e-05,1.6246e-05,1.77818e-05,1.94637e-05,2.12511e-05,2.3096e-05,2.49468e-05,2.67514e-05,2.84606e-05,3.003e-05,3.14209e-05,3.26012e-05,3.35442e-05,3.42268e-05,3.46278e-05,3.47242e-05,3.44883e-05,3.38847e-05,3.28686e-05,3.13851e-05,2.93707e-05,2.67578e-05,2.34814e-05,1.94882e-05,1.47482e-05,9.26659e-06,3.0949e-06,-3.66001e-06,-1.08309e-05,-1.81906e-05,-2.54581e-05,-3.23118e-05,-3.84069e-05,-4.33981e-05,-4.69638e-05,-4.88295e-05,-4.87892e-05,-4.67207e-05,-4.2595e-05,-3.64779e-05,-2.85244e-05,-1.89672e-05,-8.10041e-06,3.73923e-06,1.61908e-05,2.88861e-05,4.14632e-05,5.35755e-05,6.48979e-05,7.51283e-05,8.3989e-05,9.12265e-05,9.66137e-05,9.99537e-05,0.000101087,9.99024e-05,9.66444e-05,9.1076e-05,8.28092e-05,7.20685e-05,5.95132e-05,4.61261e-05,3.30652e-05,2.14329e-05,1.20116e-05,5.02976e-06,0
0,2.69985e-06,6.98386e-06,1.30123e-05,2.07908e-05,2.99303e-05,3.97599e-05,4.94803e-05,5.8324e-05,6.56799e-05,7.11638e-05,7.46838e-05,7.65857e-05,7.70083e-05,7.56683e-05,7.26142e-05,6.7944e-05,6.18007e-05,5.43692e-05,4.58723e-05,3.65676e-05,2.67427e-05,1.67094e-05,6.79469e-06,-2.66975e-06,-1.13617e-05,-1.89841e-05,-2.52814e-05,-3.00556e-05,-3.31792e-05,-3.46042e-05,-3.43658e-05,-3.25794e-05,-2.94318e-05,-2.51671e-05,-2.00675e-05,-1.44336e-05,-8.56249e-06,-2.72906e-06,2.83004e-06,7.92775e-06,1.24329e-05,1.62714e-05,1.9423e-05,2.19144e-05,2.38099e-05,2.5201e-05,2.61954e-05,2.69074e-05,2.74485e-05,2.79213e-05,2.84137e-05,2.89959e-05,2.97186e-05,3.0613e-05,3.16917e-05,3.29504e-05,3.43705e-05,3.59221e-05,3.75665e-05,3.92596e-05,4.09541e-05,4.26012e-05,4.41526e-05,4.55611e-05,4.67802e-05,4.7764e-05,4.84661e-05,4.88379e-05,4.88272e-05,4.83775e-05,4.74272e-05,4.59112e-05,4.3763e-05,4.09203e-05,3.73311e-05,3.29625e-05,2.78107e-05,2.19109e-05,1.53455e-05,8.25084e-06,8.19314e-07,-6.70339e-06,-1.40263e-05,-2.0827e-05,-2.67692e-05,-3.15246e-05,-3.47954e-05,-3.63351e-05,-3.59675e-05,-3.35993e-05,-2.92272e-05,-2.29382e-05,-1.49025e-05,-5.36222e-06,5.38396e-06,1.69983e-05,2.91209e-05,4.13844e-05,5.34264e-05,6.48979e-05,7.54688e-05,8.48313e-05,9.27021e-05,9.88253e-05,0.000102976,0.000104969,0.000104664,0.00010198,9.71653e-05,9.00644e-05,8.0437e-05,6.86314e-05,5.54066e-05,4.18069e-05,2.89961e-05,1.80227e-05,9.5696e-06,3.75253e-06,0
0,1.81491e-06,5.30738e-06,1.06866e-05,1.80345e-05,2.70321e-05,3.70493e-05,4.72893e-05,5.69491e-05,6.53545e-05,7.20447e-05,7.68433e-05,7.99945e-05,8.15976e-05,8.13908e-05,7.94076e-05,7.5736e-05,7.05145e-05,6.39264e-05,5.61955e-05,4.75806e-05,3.83694e-05,2.88722e-05,1.94128e-05,1.03186e-05,1.9073e-06,-5.52644e-06,-1.17263e-05,-1.64883e-05,-1.96732e-05,-2.1215e-05,-2.11257e-05,-1.94931e-05,-1.64751e-05,-1.22873e-05,-7.1877e-06,-1.45822e-06,4.61411e-06,1.07552e-05,1.67196e-05,2.23025e-05,2.73477e-05,3.17508e-05,3.54589e-05,3.84663e-05,4.0808e-05,4.25511e-05,4.37859e-05,4.46169e-05,4.51543e-05,4.55067e-05,4.57752e-05,4.60487e-05,4.64007e-05,4.68877e-05,4.7548e-05,4.84024e-05,4.94549e-05,5.06944e-05,5.20965e-05,5.36257e-05,5.52376e-05,5.68802e-05,5.84962e-05,6.00239e-05,6.13981e-05,6.25508e-05,6.34118e-05,6.39085e-05,6.39666e-05,6.3511e-05,6.2467e-05,6.07628e-05,5.83334e-05,5.51256e-05,5.11044e-05,4.62608e-05,4.06194e-05,3.42465e-05,2.72554e-05,1.98102e-05,1.21256e-05,4.46154e-06,-2.8859e-06,-9.59874e-06,-1.53548e-05,-1.98478e-05,-2.28073e-05,-2.40182e-05,-2.33357e-05,-2.06961e-05,-1.61213e-05,-9.71795e-06,-1.66977e-06,7.77336e-06,1.83101e-05,2.96031e-05,4.12943e-05,5.30182e-05,6.4413e-05,7.51283e-05,8.48313e-05,9.32113e-05,9.99838e-05,0.000104896,0.000107731,0.000108322,0.000106554,0.000102382,9.60652e-05,8.75344e-05,7.66973e-05,6.40204e-05,5.03501e-05,3.6773e-05,2.44366e-05,1.43142e-05,6.97525e-06,2.41904e-06,0
0,8.80619e-07,3.4976e-06,8.11595e-06,1.48963e-05,2.35973e-05,3.36426e-05,4.42505e-05,5.45935e-05,6.39418e-05,7.1761e-05,7.77899e-05,8.2169e-05,8.49539e-05,8.59002e-05,8.50225e-05,8.2395e-05,7.81472e-05,7.24579e-05,6.5549e-05,5.76786e-05,4.91337e-05,4.02231e-05,3.12676e-05,2.25903e-05,1.4505e-05,7.30362e-06,1.24263e-06,-3.46929e-06,-6.68253e-06,-8.31483e-06,-8.35578e-06,-6.86683e-06,-3.9765e-06,1.28857e-07,5.21807e-06,1.10307e-05,1.72938e-05,2.37385e-05,3.0115e-05,3.62048e-05,4.18301e-05,4.68585e-05,5.12055e-05,5.48328e-05,5.77441e-05,5.99794e-05,6.16075e-05,6.27186e-05,6.34161e-05,6.38098e-05,6.40088e-05,6.41162e-05,6.42245e-05,6.44119e-05,6.47404e-05,6.52537e-05,6.59771e-05,6.69179e-05,6.80658e-05,6.93942e-05,7.08621e-05,7.24155e-05,7.39893e-05,7.55092e-05,7.68935e-05,7.80549e-05,7.89026e-05,7.93439e-05,7.92869e-05,7.86428e-05,7.73287e-05,7.52717e-05,7.24129e-05,6.87129e-05,6.41574e-05,5.87635e-05,5.25857e-05,4.57205e-05,3.83103e-05,3.05436e-05,2.26525e-05,1.49057e-05,7.5984e-06,1.03774e-06,-4.47375e-06,-8.65647e-06,-1.12717e-05,-1.21379e-05,-1.11429e-05,-8.25276e-06,-3.51387e-06,2.94908e-06,1.09405e-05,2.02048e-05,3.04394e-05,4.13091e-05,5.24589e-05,6.35269e-05,7.41532e-05,8.3989e-05,9.27021e-05,9.99838e-05,0.000105554,0.000109169,0.00011063,0.000109792,0.000106574,0.000100972,9.32571e-05,8.34512e-05,7.16057e-05,5.82949e-05,4.44355e-05,3.11341e-05,1.94978e-05,1.04053e-05,4.30077e-06,1.06774e-06,0
0,-7.66754e-08,1.60369e-06,5.36491e-06,1.14453e-05,1.96881e-05,2.95824e-05,4.03764e-05,5.12318e-05,6.13747e-05,7.02042e-05,7.73776e-05,8.29314e-05,8.68744e-05,8.89765e-05,8.92289e-05,8.76873e-05,8.44673e-05,7.97381e-05,7.37151e-05,6.66526e-05,5.88344e-05,5.05661e-05,4.21647e-05,3.39492e-05,2.62292e-05,1.92935e-05,1.33986e-05,8.75705e-06,5.52772e-06,3.80806e-06,3.62947e-06,4.95644e-06,7.68967e-06,1.16731e-05,1.67043e-05,2.25475e-05,2.89481e-05,3.56471e-05,4.23957e-05,4.89669e-05,5.51659e-05,6.08365e-05,6.5865e-05,7.01816e-05,7.37586e-05,7.66069e-05,7.87706e-05,8.0321e-05,8.13497e-05,8.19615e-05,8.22678e-05,8.23799e-05,8.24035e-05,8.24339e-05,8.25518e-05,8.28207e-05,8.32846e-05,8.39668e-05,8.487e-05,8.59762e-05,8.72483e-05,8.86311e-05,9.00538e-05,9.14322e-05,9.26716e-05,9.36694e-05,9.43194e-05,9.45145e-05,9.4151e-05,9.31327e-05,9.13752e-05,8.881e-05,8.53898e-05,8.10934e-05,7.593e-05,6.99443e-05,6.32199e-05,5.58822e-05,4.80987e-05,4.00773e-05,3.20615e-05,2.43222e-05,1.71469e-05,1.08256e-05,5.63561e-06,1.82511e-06,-4.02075e-07,-8.99855e-07,4.10146e-07,3.53278e-06,8.39818e-06,1.4865e-05,2.27278e-05,3.17269e-05,4.15604e-05,5.18966e-05,6.2386e-05,7.26719e-05,8.24e-05,9.12265e-05,9.88253e-05,0.000104896,0.000109169,0.00011142,0.000111472,0.000109213,0.0001046,9.76718e-05,8.87163e-05,7.78421e-05,6.52367e-05,5.15673e-05,3.77991e-05,2.50341e-05,1.43154e-05,6.40901e-06,1.62631e-06,-2.59904e-07,0
0,-1.02678e-06,-3.15907e-07,2.51368e-06,7.77382e-06,1.53965e-05,2.49471e-05,3.5719e-05,4.688e-05,5.76266e-05,6.73037e-05,7.54938e-05,8.21322e-05,8.71799e-05,9.04178e-05,9.18103e-05,9.13894e-05,8.92505e-05,8.55471e-05,8.04824e-05,7.43015e-05,6.72811e-05,5.97204e-05,5.19309e-05,4.42261e-05,3.69107e-05,3.02705e-05,2.45613e-05,1.99992e-05,1.67516e-05,1.49301e-05,1.45863e-05,1.57101e-05,1.82313e-05,2.20249e-05,2.6919e-05,3.27055e-05,3.91519e-05,4.60146e-05,5.3051e-05,6.00318e-05,6.67509e-05,7.3033e-05,7.87396e-05,8.37721e-05,8.80724e-05,9.16215e-05,9.44366e-05,9.65666e-05,9.8086e-05,9.90889e-05,9.96823e-05,9.99788e-05,0.000100091,0.000100124,0.000100174,0.000100316,0.000100611,0.000101094,0.000101779,0.000102657,0.000103693,0.000104832,0.000106001,0.000107109,0.000108051,0.000108717,0.000108991,0.000108757,0.000107907,0.000106346,0.000103993,0.000100791,9.67094e-05,9.17482e-05,8.59424e-05,7.93642e-05,7.2125e-05,6.43751e-05,5.63024e-05,4.81279e-05,4.00997e-05,3.24838e-05,2.55531e-05,1.95743e-05,1.47942e-05,1.14256e-05,9.63492e-06,9.53119e-06,1.1159e-05,1.44946e-05,1.94459e-05,2.58567e-05,3.35133e-05,4.21538e-05,5.1479e-05,6.1163e-05,7.08639e-05,8.02339e-05,8.89283e-05,9.66137e-05,0.000102976,0.000107731,0.00011063,0.000111472,0.000110115,0.000106482,0.000100575,9.24755e-05,8.24874e-05,7.08008e-05,5.77261e-05,4.40028e-05,3.062e-05,1.86488e-05,9.04568e-06,2.44977e-06,-9.62803e-07,-1.52093e-06,0
0,-1.93662e-06,-2.19507e-06,-3.43435e-07,3.99605e-06,1.08446e-05,1.98529e-05,3.03742e-05,4.16011e-05,5.27192e-05,6.30349e-05,7.20685e-05,7.96604e-05,8.57239e-05,9.00495e-05,9.25716e-05,9.32929e-05,9.22827e-05,8.96711e-05,8.56426e-05,8.04263e-05,7.4286e-05,6.75104e-05,6.04017e-05,5.32656e-05,4.64008e-05,4.0089e-05,3.45849e-05,3.01075e-05,2.68323e-05,2.48846e-05,2.43353e-05,2.51992e-05,2.7435e-05,3.09495e-05,3.56029e-05,4.12173e-05,4.75863e-05,5.44861e-05,6.16863e-05,6.89615e-05,7.61004e-05,8.2915e-05,8.92469e-05,9.49727e-05,0.000100006,0.000104299,0.000107842,0.000110656,0.000112797,0.000114341,0.000115385,0.000116036,0.000116405,0.000116603,0.000116729,0.000116871,0.000117096,0.000117452,0.000117958,0.000118612,0.000119384,0.000120221,0.000121047,0.000121769,0.00012228,0.000122464,0.000122204,0.000121384,0.000119899,0.000117659,0.000114597,0.000110672,0.000105873,0.000100225,9.37898e-05,8.66648e-05,7.89863e-05,7.09251e-05,6.26831e-05,5.44878e-05,4.65845e-05,3.92273e-05,3.26677e-05,2.71435e-05,2.28665e-05,2.0011e-05,1.8704e-05,1.90169e-05,2.09609e-05,2.44843e-05,2.94748e-05,3.57626e-05,4.31279e-05,5.13087e-05,6.00105e-05,6.89161e-05,7.76946e-05,8.60114e-05,9.35365e-05,9.99537e-05,0.000104969,0.000108322,0.000109792,0.000109213,0.000106482,0.000101567,9.45133e-05,8.545e-05,7.46874e-05,6.24891e-05,4.92701e-05,3.58174e-05,2.3116e-05,1.21802e-05,3.86037e-06,-1.34072e-06,-3.37947e-06,-2.6727e-06,0
0,-2.77152e-06,-3.96241e-06,-3.10102e-06,2.4509e-07,6.18295e-06,1.44537e-05,2.4484e-05,3.551e-05,4.67281e-05,5.74271e-05,6.70831e-05,7.54531e-05,8.24038e-05,8.77352e-05,9.1349e-05,9.3214e-05,9.33664e-05,9.19065e-05,8.89917e-05,8.48279e-05,7.96591e-05,7.37572e-05,6.74106e-05,6.09137e-05,5.45566e-05,4.86151e-05,4.3342e-05,3.89585e-05,3.56475e-05,3.35474e-05,3.27479e-05,3.3288e-05,3.51554e-05,3.8289e-05,4.2582e-05,4.78891e-05,5.40333e-05,6.0815e-05,6.80217e-05,7.54377e-05,8.28534e-05,9.00743e-05,9.69285e-05,0.000103272,0.000108996,0.000114023,0.000118317,0.000121873,0.000124721,0.000126917,0.000128541,0.000129688,0.000130461,0.000130966,0.000131305,0.000131566,0.000131821,0.000132122,0.000132495,0.000132941,0.000133434,0.000133924,0.000134337,0.000134583,0.000134554,0.00013414,0.000133225,0.000131703,0.000129477,0.000126473,0.00012264,0.000117958,0.000112441,0.000106139,9.91372e-05,9.15593e-05,8.35607e-05,7.5327e-05,6.70675e-05,5.90089e-05,5.13866e-05,4.44356e-05,3.83805e-05,3.34251e-05,2.97428e-05,2.74672e-05,2.66848e-05,2.74294e-05,2.96795e-05,3.33575e-05,3.83318e-05,4.44216e-05,5.14029e-05,5.9016e-05,6.69741e-05,7.49717e-05,8.26935e-05,8.98231e-05,9.60516e-05,0.000101087,0.000104664,0.000106554,0.000106574,0.0001046,0.000100575,9.45133e-05,8.65108e-05,7.67382e-05,6.5504e-05,5.31337e-05,4.01219e-05,2.72725e-05,1.55376e-05,5.85058e-06,-1.05945e-06,-4.82913e-06,-5.53859e-06,-3.67479e-06,0
0,-3.49686e-06,-5.54451e-06,-5.6468e-06,-3.3314e-06,1.58625e-06,8.9386e-06,1.8236e-05,2.87757e-05,3.97876e-05,5.05686e-05,6.05765e-05,6.95048e-05,7.71723e-05,8.33899e-05,8.8024e-05,9.10056e-05,9.23329e-05,9.20689e-05,9.03366e-05,8.73105e-05,8.32074e-05,7.82753e-05,7.27827e-05,6.7008e-05,6.12287e-05,5.57125e-05,5.07082e-05,4.64382e-05,4.30917e-05,4.08193e-05,3.9729e-05,3.98834e-05,4.12988e-05,4.39459e-05,4.77523e-05,5.26065e-05,5.83637e-05,6.48525e-05,7.1883e-05,7.92553e-05,8.6768e-05,9.42268e-05,0.000101452,0.000108287,0.000114601,0.000120295,0.000125306,0.000129603,0.000133188,0.000136094,0.000138378,0.000140118,0.000141404,0.00014233,0.00014299,0.000143471,0.000143842,0.000144155,0.00014444,0.0001447,0.000144912,0.00014503,0.000144987,0.000144695,0.000144057,0.000142968,0.000141326,0.000139037,0.000136022,0.000132226,0.000127621,0.00012221,0.000116033,0.000109165,0.000101715,9.38248e-05,8.5666e-05,7.74319e-05,6.93326e-05,6.15866e-05,5.44126e-05,4.80207e-05,4.26033e-05,3.83268e-05,3.53233e-05,3.36848e-05,3.34572e-05,3.46377e-05,3.71734e-05,4.09623e-05,4.58563e-05,5.16656e-05,5.81645e-05,6.50987e-05,7.21922e-05,7.91556e-05,8.56938e-05,9.15147e-05,9.63375e-05,9.99024e-05,0.00010198,0.000102382,0.000100972,9.76718e-05,9.24755e-05,8.545e-05,7.67382e-05,6.65525e-05,5.51883e-05,4.30202e-05,3.05845e-05,1.86672e-05,8.15924e-06,-1.06664e-07,-5.53127e-06,-7.88651e-06,-7.36122e-06,-4.49109e-06,0
0,-4.07997e-06,-6.86976e-06,-7.86715e-06,-6.57771e-06,-2.75258e-06,3.52712e-06,1.18604e-05,2.16201e-05,3.2092e-05,4.26089e-05,5.26463e-05,6.18901e-05,7.01069e-05,7.70868e-05,8.26647e-05,8.67335e-05,8.92503e-05,9.02361e-05,8.9773e-05,8.79972e-05,8.509e-05,8.12685e-05,7.67745e-05,7.18644e-05,6.67985e-05,6.18325e-05,5.72083e-05,5.3147e-05,4.98426e-05,4.74564e-05,4.61132e-05,4.58979e-05,4.68543e-05,4.89845e-05,5.22499e-05,5.6574e-05,6.18456e-05,6.79245e-05,7.46477e-05,8.18361e-05,8.93022e-05,9.68585e-05,0.000104325,0.000111536,0.000118347,0.000124641,0.00013033,0.000135358,0.000139699,0.000143361,0.000146375,0.000148796,0.000150693,0.000152144,0.000153231,0.000154029,0.000154601,0.000154997,0.000155244,0.000155346,0.000155284,0.000155018,0.000154487,0.000153615,0.000152315,0.000150497,0.000148077,0.00014498,0.00014115,0.000136555,0.000131194,0.000125096,0.000118325,0.00011098,0.000103189,9.51104e-05,8.69234e-05,7.88235e-05,7.10141e-05,6.36992e-05,5.70751e-05,5.13219e-05,4.65965e-05,4.30253e-05,4.0699e-05,3.96677e-05,3.99382e-05,4.14733e-05,4.41912e-05,4.79686e-05,5.26437e-05,5.80206e-05,6.38758e-05,6.99634e-05,7.60227e-05,8.1785e-05,8.6981e-05,9.13491e-05,9.46437e-05,9.66444e-05,9.71653e-05,9.60652e-05,9.32571e-05,8.87163e-05,8.24874e-05,7.46874e-05,6.5504e-05,5.51883e-05,4.40401e-05,3.2485e-05,2.10031e-05,1.0329e-05,1.26919e-06,-5.45682e-06,-9.37982e-06,-1.03951e-05,-8.77893e-06,-5.09187e-06,0
0,-4.49223e-06,-7.87292e-06,-9.65375e-06,-9.33826e-06,-6.63143e-06,-1.53923e-06,5.62429e-06,1.43164e-05,2.38958e-05,3.37566e-05,4.34733e-05,5.27289e-05,6.12486e-05,6.87916e-05,7.51608e-05,8.02121e-05,8.38611e-05,8.60848e-05,8.69201e-05,8.6459e-05,8.48413e-05,8.22459e-05,7.88808e-05,7.49739e-05,7.07624e-05,6.64848e-05,6.23719e-05,5.86398e-05,5.54839e-05,5.30734e-05,5.15468e-05,5.10091e-05,5.1529e-05,5.3138e-05,5.58301e-05,5.95628e-05,6.42595e-05,6.98129e-05,7.60896e-05,8.29359e-05,9.01839e-05,9.76592e-05,0.000105188,0.000112603,0.000119754,0.000126508,0.000132759,0.000138428,0.000143466,0.00014785,0.000151586,0.000154703,0.000157244,0.000159269,0.000160837,0.00016201,0.000162841,0.000163369,0.000163619,0.000163595,0.000163281,0.000162643,0.000161629,0.000160178,0.000158218,0.000155681,0.000152502,0.000148632,0.000144042,0.000138725,0.000132706,0.000126041,0.000118817,0.000111152,0.000103189,9.50939e-05,8.7049e-05,7.92437e-05,7.18683e-05,6.51064e-05,5.91263e-05,5.40753e-05,5.00724e-05,4.7204e-05,4.552e-05,4.50314e-05,4.57091e-05,4.7485e-05,5.0253e-05,5.38726e-05,5.81726e-05,6.29559e-05,6.8005e-05,7.30874e-05,7.79626e-05,8.23877e-05,8.61253e-05,8.89505e-05,9.0659e-05,9.1076e-05,9.00644e-05,8.75344e-05,8.34512e-05,7.78421e-05,7.08008e-05,6.24891e-05,5.31337e-05,4.30202e-05,3.2485e-05,2.19175e-05,1.17587e-05,2.60279e-06,-4.84286e-06,-9.97554e-06,-1.24468e-05,-1.22552e-05,-9.73822e-06,-5.4558e-06,0
0,-4.71133e-06,-8.49987e-06,-1.0911e-05,-1.14674e-05,-9.85015e-06,-6.00786e-06,-1.77163e-07,7.18365e-06,1.5516e-05,2.43763e-05,3.34223e-05,4.23328e-05,5.0816e-05,5.86109e-05,6.54953e-05,7.12939e-05,7.58846e-05,7.9202e-05,8.12375e-05,8.20364e-05,8.16923e-05,8.03406e-05,7.81496e-05,7.5312e-05,7.20357e-05,6.85359e-05,6.50265e-05,6.17136e-05,5.87888e-05,5.64244e-05,5.47685e-05,5.39414e-05,5.40329e-05,5.51e-05,5.71662e-05,6.0221e-05,6.42212e-05,6.90925e-05,7.47332e-05,8.10181e-05,8.78038e-05,9.4935e-05,0.000102251,0.000109591,0.000116805,0.000123755,0.00013032,0.000136405,0.000141939,0.000146876,0.000151196,0.000154898,0.000158003,0.000160544,0.000162559,0.000164091,0.000165179,0.000165851,0.000166125,0.000166004,0.000165476,0.000164514,0.000163077,0.000161121,0.000158592,0.000155446,0.000151642,0.000147157,0.000141988,0.000136157,0.000129713,0.000122733,0.000115322,0.000107611,9.97515e-05,9.191e-05,8.42618e-05,7.69837e-05,7.02464e-05,6.42073e-05,5.90038e-05,5.47479e-05,5.15212e-05,4.93717e-05,4.83119e-05,4.83179e-05,4.93302e-05,5.12557e-05,5.397e-05,5.73215e-05,6.11355e-05,6.52191e-05,6.93665e-05,7.3364e-05,7.69963e-05,8.00523e-05,8.23314e-05,8.36507e-05,8.38518e-05,8.28092e-05,8.0437e-05,7.66973e-05,7.16057e-05,6.52367e-05,5.77261e-05,4.92701e-05,4.01219e-05,3.05845e-05,2.10031e-05,1.17587e-05,3.25697e-06,-4.16274e-06,-9.90036e-06,-1.34621e-05,-1.46015e-05,-1.33928e-05,-1.02048e-05,-5.57182e-06,0
0,-4.72331e-06,-8.71238e-06,-1.15641e-05,-1.28405e-05,-1.22239e-05,-9.62929e-06,-5.23352e-06,5.79716e-07,7.44301e-06,1.50584e-05,2.31213e-05,3.1332e-05,3.94057e-05,4.70792e-05,5.41194e-05,6.03311e-05,6.55637e-05,6.97162e-05,7.27387e-05,7.46313e-05,7.54415e-05,7.52585e-05,7.4207e-05,7.24396e-05,7.01293e-05,6.74618e-05,6.46278e-05,6.18167e-05,5.92105e-05,5.69779e-05,5.52701e-05,5.42167e-05,5.39224e-05,5.4464e-05,5.58893e-05,5.82156e-05,6.14296e-05,6.54886e-05,7.03221e-05,7.58352e-05,8.1912e-05,8.84213e-05,9.52215e-05,0.000102167,0.000109114,0.000115926,0.000122479,0.000128669,0.000134407,0.00013963,0.000144294,0.000148375,0.000151869,0.000154783,0.000157135,0.000158947,0.00016024,0.000161032,0.000161334,0.000161146,0.000160459,0.000159253,0.000157501,0.000155174,0.000152242,0.00014868,0.000144474,0.000139627,0.00013416,0.000128117,0.000121567,0.000114603,0.000107343,9.992e-05,9.24855e-05,8.51983e-05,7.82197e-05,7.17067e-05,6.58046e-05,6.06414e-05,5.6322e-05,5.29235e-05,5.04926e-05,4.90432e-05,4.85561e-05,4.89796e-05,5.02314e-05,5.22011e-05,5.4754e-05,5.77348e-05,6.09726e-05,6.42854e-05,6.74849e-05,7.0382e-05,7.27918e-05,7.4539e-05,7.5464e-05,7.54285e-05,7.43222e-05,7.20685e-05,6.86314e-05,6.40204e-05,5.82949e-05,5.15673e-05,4.40028e-05,3.58174e-05,2.72725e-05,1.86672e-05,1.0329e-05,2.60279e-06,-4.16274e-06,-9.63382e-06,-1.36574e-05,-1.57541e-05,-1.57512e-05,-1.37662e-05,-1.01674e-05,-5.44062e-06,0
0,-4.52433e-06,-8.49249e-06,-1.15663e-05,-1.33654e-05,-1.35987e-05,-1.21747e-05,-9.2359e-06,-4.99904e-06,3.39688e-07,6.55051e-06,1.33831e-05,2.05786e-05,2.78798e-05,3.50402e-05,4.18325e-05,4.80567e-05,5.35476e-05,5.81797e-05,6.1871e-05,6.45836e-05,6.63225e-05,6.7133e-05,6.70958e-05,6.63213e-05,6.49438e-05,6.31146e-05,6.09955e-05,5.87529e-05,5.65515e-05,5.45493e-05,5.28929e-05,5.17131e-05,5.11214e-05,5.12074e-05,5.20356e-05,5.36446e-05,5.6046e-05,5.92243e-05,6.31379e-05,6.77212e-05,7.28872e-05,7.85313e-05,8.4536e-05,9.07756e-05,9.71213e-05,0.000103447,0.000109633,0.000115571,0.000121169,0.000126349,0.000131051,0.000135235,0.000138873,0.000141952,0.00014447,0.000146429,0.000147836,0.000148696,0.000149014,0.000148787,0.000148007,0.000146665,0.000144745,0.000142232,0.000139118,0.000135397,0.000131079,0.000126186,0.00012076,0.000114861,0.000108572,0.000101993,9.52421e-05,8.84505e-05,8.17586e-05,7.53099e-05,6.92448e-05,6.36952e-05,5.87779e-05,5.45901e-05,5.1205e-05,4.86682e-05,4.69964e-05,4.61762e-05,4.6165e-05,4.6892e-05,4.82615e-05,5.01554e-05,5.24375e-05,5.4958e-05,5.75571e-05,6.00707e-05,6.23341e-05,6.41873e-05,6.54797e-05,6.60746e-05,6.58542e-05,6.47248e-05,6.26215e-05,5.95132e-05,5.54066e-05,5.03501e-05,4.44355e-05,3.77991e-05,3.062e-05,2.3116e-05,1.55376e-05,8.15924e-06,1.26919e-06,-4.84286e-06,-9.90036e-06,-1.36574e-05,-1.59185e-05,-1.67431e-05,-1.58527e-05,-1.33725e-05,-9.64042e-06,-5.07552e-06,0
0,-4.12181e-06,-7.84579e-06,-1.09063e-05,-1.29942e-05,-1.38676e-05,-1.34566e-05,-1.18083e-05,-8.99126e-06,-5.12617e-06,-3.7343e-07,5.07828e-06,1.10225e-05,1.72447e-05,2.35309e-05,2.96759e-05,3.54915e-05,4.0813e-05,4.55058e-05,4.94686e-05,5.26367e-05,5.49819e-05,5.6512e-05,5.72677e-05,5.73193e-05,5.67617e-05,5.57095e-05,5.42916e-05,5.26456e-05,5.09125e-05,4.92321e-05,4.77379e-05,4.65535e-05,4.57884e-05,4.55353e-05,4.58675e-05,4.68366e-05,4.84717e-05,5.07783e-05,5.37389e-05,5.73142e-05,6.14445e-05,6.60524e-05,7.10467e-05,7.63255e-05,8.17808e-05,8.7303e-05,9.27847e-05,9.81246e-05,0.000103231,0.000108023,0.000112434,0.000116411,0.000119913,0.000122911,0.000125387,0.000127329,0.000128731,0.000129589,0.000129899,0.000129659,0.000128863,0.000127507,0.000125587,0.000123103,0.000120058,0.000116467,0.000112354,0.000107757,0.000102729,9.73391e-05,9.1673e-05,8.58297e-05,7.99199e-05,7.40627e-05,6.83804e-05,6.29945e-05,5.80199e-05,5.35602e-05,4.97032e-05,4.65167e-05,4.40455e-05,4.23095e-05,4.13025e-05,4.09926e-05,4.13231e-05,4.22147e-05,4.35683e-05,4.52686e-05,4.71874e-05,4.91884e-05,5.1131e-05,5.28748e-05,5.42835e-05,5.52296e-05,5.55979e-05,5.52901e-05,5.42283e-05,5.2359e-05,4.96565e-05,4.61261e-05,4.18069e-05,3.6773e-05,3.11341e-05,2.50341e-05,1.86488e-05,1.21802e-05,5.85058e-06,-1.06664e-07,-5.45682e-06,-9.97554e-06,-1.34621e-05,-1.57541e-05,-1.67431e-05,-1.63903e-05,-1.49207e-05,-1.22517e-05,-8.66539e-06,-4.50246e-06,0
0,-3.53466e-06,-6.80311e-06,-9.61329e-06,-1.17336e-05,-1.29885e-05,-1.32997e-05,-1.26274e-05,-1.09858e-05,-8.43568e-06,-5.07597e-06,-1.0354e-06,3.53563e-06,8.47287e-06,1.36056e-05,1.8764e-05,2.37857e-05,2.85224e-05,3.28454e-05,3.66499e-05,3.98584e-05,4.24225e-05,4.43231e-05,4.55694e-05,4.61973e-05,4.62661e-05,4.58546e-05,4.50575e-05,4.39805e-05,4.2736e-05,4.1439e-05,4.02028e-05,3.9135e-05,3.83343e-05,3.78878e-05,3.78677e-05,3.83299e-05,3.93123e-05,4.08342e-05,4.28955e-05,4.54776e-05,4.85443e-05,5.20438e-05,5.59102e-05,6.00674e-05,6.44312e-05,6.89132e-05,7.34242e-05,7.7877e-05,8.21893e-05,8.62863e-05,9.01017e-05,9.35795e-05,9.66734e-05,9.93468e-05,0.000101572,0.000103328,0.0001046,0.000105378,0.000105655,0.000105426,0.000104689,0.000103444,0.000101694,9.94488e-05,9.67227e-05,9.35393e-05,8.9932e-05,8.59455e-05,8.16362e-05,7.70727e-05,7.23345e-05,6.75103e-05,6.26958e-05,5.79903e-05,5.34931e-05,4.92995e-05,4.54969e-05,4.21606e-05,3.93511e-05,3.71106e-05,3.54615e-05,3.44049e-05,3.39208e-05,3.3968e-05,3.44861e-05,3.53974e-05,3.66099e-05,3.802e-05,3.95167e-05,4.09846e-05,4.23082e-05,4.33751e-05,4.40805e-05,4.43295e-05,4.40415e-05,4.31527e-05,4.16195e-05,3.94204e-05,3.65591e-05,3.30652e-05,2.89961e-05,2.44366e-05,1.94978e-05,1.43154e-05,9.04568e-06,3.86037e-06,-1.05945e-06,-5.53127e-06,-9.37982e-06,-1.24468e-05,-1.46015e-05,-1.57512e-05,-1.58527e-05,-1.49207e-05,-1.30357e-05,-1.04882e-05,-7.30965e-06,-3.75867e-06,0
0,-2.79207e-06,-5.41973e-06,-7.7585e-06,-9.65321e-06,-1.09822e-05,-1.16516e-05,-1.1607e-05,-1.08327e-05,-9.34884e-06,-7.20677e-06,-4.48413e-06,-1.27913e-06,2.29486e-06,6.11489e-06,1.00539e-05,1.39859e-05,1.77914e-05,2.13619e-05,2.4604e-05,2.74427e-05,2.98236e-05,3.17141e-05,3.31038e-05,3.40035e-05,3.44436e-05,3.44722e-05,3.41516e-05,3.35555e-05,3.27657e-05,3.18682e-05,3.09503e-05,3.00971e-05,2.93889e-05,2.88983e-05,2.86882e-05,2.88099e-05,2.93017e-05,3.0188e-05,3.14787e-05,3.31696e-05,3.52423e-05,3.76659e-05,4.03978e-05,4.33859e-05,4.65706e-05,4.98871e-05,5.3268e-05,5.66454e-05,5.99533e-05,6.31294e-05,6.61169e-05,6.88651e-05,7.13304e-05,7.34763e-05,7.52732e-05,7.66978e-05,7.77323e-05,7.83641e-05,7.85846e-05,7.83891e-05,7.77767e-05,7.67505e-05,7.53181e-05,7.34925e-05,7.12928e-05,6.87453e-05,6.58843e-05,6.27525e-05,5.94012e-05,5.58893e-05,5.22829e-05,4.86535e-05,4.50756e-05,4.16245e-05,3.83734e-05,3.53905e-05,3.27362e-05,3.04603e-05,2.85999e-05,2.71777e-05,2.62004e-05,2.56589e-05,2.55275e-05,2.57656e-05,2.63183e-05,2.71188e-05,2.80906e-05,2.91503e-05,3.02101e-05,3.11814e-05,3.19772e-05,3.25158e-05,3.27229e-05,3.25349e-05,3.19012e-05,3.07862e-05,2.91717e-05,2.70579e-05,2.44648e-05,2.14329e-05,1.80227e-05,1.43142e-05,1.04053e-05,6.40901e-06,2.44977e-06,-1.34072e-06,-4.82913e-06,-7.88651e-06,-1.03951e-05,-1.22552e-05,-1.33928e-05,-1.37662e-05,-1.33725e-05,-1.22517e-05,-1.04882e-05,-8.20802e-06,-5.66208e-06,-2.88963e-06,0
0,-1.93059e-06,-3.77119e-06,-5.45348e-06,-6.88698e-06,-7.98521e-06,-8.67815e-06,-8.9176e-06,-8.67909e-06,-7.96151e-06,-6.7853e-06,-5.18982e-06,-3.23027e-06,-9.74302e-07,1.50134e-06,4.11443e-06,6.78078e-06,9.41782e-06,1.19479e-05,1.43014e-05,1.64194e-05,1.82554e-05,1.97773e-05,2.09673e-05,2.18228e-05,2.23549e-05,2.25877e-05,2.25567e-05,2.23063e-05,2.18881e-05,2.1358e-05,2.07743e-05,2.01953e-05,1.96771e-05,1.92717e-05,1.90253e-05,1.89771e-05,1.9158e-05,1.959e-05,2.02856e-05,2.12476e-05,2.24693e-05,2.39351e-05,2.56214e-05,2.7497e-05,2.9525e-05,3.16642e-05,3.38702e-05,3.60973e-05,3.83e-05,4.0434e-05,4.24578e-05,4.43336e-05,4.60276e-05,4.75105e-05,4.87581e-05,4.97502e-05,5.04716e-05,5.09109e-05,5.10606e-05,5.09171e-05,5.04802e-05,4.97538e-05,4.87458e-05,4.74685e-05,4.59391e-05,4.418e-05,4.2219e-05,4.00894e-05,3.78298e-05,3.54832e-05,3.30966e-05,3.07193e-05,2.84016e-05,2.61931e-05,2.41407e-05,2.22871e-05,2.06686e-05,1.93139e-05,1.82424e-05,1.74635e-05,1.6976e-05,1.67678e-05,1.68162e-05,1.70886e-05,1.75435e-05,1.81323e-05,1.88005e-05,1.94899e-05,2.01407e-05,2.06935e-05,2.10913e-05,2.1282e-05,2.12202e-05,2.08687e-05,2.02004e-05,1.91999e-05,1.78638e-05,1.62024e-05,1.42392e-05,1.20116e-05,9.5696e-06,6.97525e-06,4.30077e-06,1.62631e-06,-9.62803e-07,-3.37947e-06,-5.53859e-06,-7.36122e-06,-8.77893e-06,-9.73822e-06,-1.02048e-05,-1.01674e-05,-9.64042e-06,-8.66539e-06,-7.30965e-06,-5.66208e-06,-3.82448e-06,-1.944e-06,0
0,-9.88921e-07,-1.94497e-06,-2.83458e-06,-3.61585e-06,-4.24624e-06,-4.68863e-06,-4.91498e-06,-4.90804e-06,-4.6618e-06,-4.18101e-06,-3.48029e-06,-2.58278e-06,-1.51866e-06,-3.23636e-07,9.62831e-07,2.29921e-06,3.64368e-06,4.9559e-06,6.19859e-06,7.33906e-06,8.35035e-06,9.2122e-06,9.91159e-06,1.04429e-05,1.0808e-05,1.10154e-05,1.108e-05,1.10216e-05,1.08645e-05,1.06356e-05,1.03638e-05,1.00784e-05,9.8081e-06,9.58017e-06,9.41924e-06,9.34672e-06,9.38013e-06,9.53264e-06,9.8128e-06,1.02243e-05,1.07662e-05,1.14327e-05,1.22138e-05,1.30959e-05,1.40617e-05,1.50915e-05,1.61637e-05,1.72554e-05,1.83436e-05,1.94052e-05,2.04185e-05,2.13629e-05,2.222e-05,2.29734e-05,2.36092e-05,2.41159e-05,2.44843e-05,2.47079e-05,2.47821e-05,2.4705e-05,2.44768e-05,2.41001e-05,2.35799e-05,2.29237e-05,2.21419e-05,2.12475e-05,2.02561e-05,1.91861e-05,1.80584e-05,1.68957e-05,1.57223e-05,1.45633e-05,1.34438e-05,1.2388e-05,1.14185e-05,1.05552e-05,9.81451e-06,9.20885e-06,8.74573e-06,8.42756e-06,8.25135e-06,8.20874e-06,8.28619e-06,8.46537e-06,8.72381e-06,9.03563e-06,9.37248e-06,9.70451e-06,1.00015e-05,1.0234e-05,1.03742e-05,1.03975e-05,1.02829e-05,1.00143e-05,9.58123e-06,8.97927e-06,8.21065e-06,7.28446e-06,6.21664e-06,5.02976e-06,3.75253e-06,2.41904e-06,1.06774e-06,-2.59904e-07,-1.52093e-06,-2.6727e-06,-3.67479e-06,-4.49109e-06,-5.09187e-06,-5.4558e-06,-5.57182e-06,-5.44062e-06,-5.07552e-06,-4.50246e-06,-3.75867e-06,-2.88963e-06,-1.944e-06,-9.66269e-07,0
0,0,0,0,0,0,0,0,0,0,0,0,0,0,0,0,0,0,0,0,0,0,0,0,0,0,0,0,0,0,0,0,0,0,0,0,0,0,0,0,0,0,0,0,0,0,0,0,0,0,0,0,0,0,0,0,0,0,0,0,0,0,0,0,0,0,0,0,0,0,0,0,0,0,0,0,0,0,0,0,0,0,0,0,0,0,0,0,0,0,0,0,0,0,0,0,0,0,0,0,0,0,0,0,0,0,0,0,0,0,0,0,0,0,0,0,0,0,0,0
