0,0,0,0,0,0,0,0,0,0,0,0,0,0,0,0,0,0,0,0,0,0,0,0,0,0,0,0,0,0,0,0,0,0,0,0,0,0,0,0,0,0,0,0,0,0,0,0,0,0,0,0,0,0,0,0,0,0,0,0,0,0,0,0,0,0,0,0,0,0,0,0,0,0,0,0,0,0,0,0,0,0,0,0,0,0,0,0,0,0,0,0,0,0,0,0,0,0,0,0,0,0,0,0,0,0,0,0,0,0,0,0,0,0,0,0,0,0,0,0
0,-9.83844e-07,-1.77541e-06,-2.40141e-06,-2.8467e-06,-3.1033e-06,-3.17124e-06,-3.05751e-06,-2.77413e-06,-2.33631e-06,-1.7608e-06,-1.06475e-06,-2.64965e-07,6.22455e-07,1.5821e-06,2.59908e-06,3.65876e-06,4.7464e-06,5.84696e-06,6.9449e-06,8.02416e-06,9.06822e-06,1.00603e-05,1.09839e-05,1.18227e-05,1.25617e-05,1.31875e-05,1.36887e-05,1.40567e-05,1.4286e-05,1.43748e-05,1.43251e-05,1.41432e-05,1.38394e-05,1.34278e-05,1.29261e-05,1.23552e-05,1.1738e-05,1.10992e-05,1.04636e-05,9.85602e-06,9.29953e-06,8.81489e-06,8.41961e-06,8.12725e-06,7.94688e-06,7.88276e-06,7.93427e-06,8.09601e-06,8.35816e-06,8.70703e-06,9.12574e-06,9.59502e-06,1.00941e-05,1.06015e-05,1.10963e-05,1.15584e-05,1.19696e-05,1.23145e-05,1.25806e-05,1.27589e-05,1.28444e-05,1.28361e-05,1.27368e-05,1.25535e-05,1.22967e-05,1.19801e-05,1.16201e-05,1.12348e-05,1.08435e-05,1.04656e-05,1.012e-05,9.82376e-06,9.5916e-06,9.43515e-06,9.36234e-06,9.37706e-06,9.47892e-06,9.66324e-06,9.92125e-06,1.02405e-05,1.06051e-05,1.09968e-05,1.13953e-05,1.17794e-05,1.21277e-05,1.24193e-05,1.26349e-05,1.27573e-05,1.27725e-05,1.26697e-05,1.24418e-05,1.20862e-05,1.1604e-05,1.10006e-05,1.0285e-05,9.46978e-06,8.56985e-06,7.60243e-06,6.58597e-06,5.53951e-06,4.48201e-06,3.43175e-06,2.40593e-06,1.42053e-06,4.90204e-07,-3.71419e-07,-1.15145e-06,-1.83727e-06,-2.41618e-06,-2.8751e-06,-3.2006e-06,-3.37935e-06,-3.3989e-06,-3.24916e-06,-2.92409e-06,-2.42377e-06,-1.75638e-06,-9.3947e-07,0
0,-1.77541e-06,-3.2779e-06,-4.33523e-06,-5.03221e-06,-5.35657e-06,-5.3134e-06,-4.92116e-06,-4.20742e-06,-3.20491e-06,-1.94852e-06,-4.73264e-07,1.18697e-06,2.99977e-06,4.93414e-06,6.96009e-06,9.04809e-06,1.11685e-05,1.32914e-05,1.53861e-05,1.74212e-05,1.93653e-05,2.11869e-05,2.28552e-05,2.43412e-05,2.56184e-05,2.66637e-05,2.74589e-05,2.79909e-05,2.82533e-05,2.82469e-05,2.79802e-05,2.74693e-05,2.67383e-05,2.58189e-05,2.47488e-05,2.35716e-05,2.23346e-05,2.10871e-05,1.9879e-05,1.87581e-05,1.77688e-05,1.69498e-05,1.63326e-05,1.59402e-05,1.57864e-05,1.58749e-05,1.61999e-05,1.67458e-05,1.74888e-05,1.83978e-05,1.94355e-05,2.05609e-05,2.17305e-05,2.28999e-05,2.40263e-05,2.5069e-05,2.59918e-05,2.67634e-05,2.73591e-05,2.7761e-05,2.79589e-05,2.79504e-05,2.77412e-05,2.73447e-05,2.67817e-05,2.60795e-05,2.52707e-05,2.43922e-05,2.34833e-05,2.25845e-05,2.17352e-05,2.09722e-05,2.03282e-05,1.98298e-05,1.94971e-05,1.93418e-05,1.93677e-05,1.95695e-05,1.9934e-05,2.04398e-05,2.10587e-05,2.17566e-05,2.24953e-05,2.32336e-05,2.39291e-05,2.45402e-05,2.50273e-05,2.53546e-05,2.54915e-05,2.54134e-05,2.51031e-05,2.45508e-05,2.3755e-05,2.27215e-05,2.1464e-05,2.00026e-05,1.83634e-05,1.65769e-05,1.46767e-05,1.26984e-05,1.06779e-05,8.65074e-06,6.65056e-06,4.70901e-06,2.85543e-06,1.11711e-06,-4.80154e-07,-1.91125e-06,-3.15091e-06,-4.1731e-06,-4.95078e-06,-5.45647e-06,-5.66364e-06,-5.54926e-06,-5.0973e-06,-4.30313e-06,-3.17817e-06,-1.75419e-06,0
0,-2.40141e-06,-4.33523e-06,-5.75643e-06,-6.44829e-06,-6.58282e-06,-6.17816e-06,-5.27134e-06,-3.91091e-06,-2.15112e-06,-4.77285e-08,2.34446e-06,4.9728e-06,7.78709e-06,1.07391e-05,1.3782e-05,1.68697e-05,1.99563e-05,2.29959e-05,2.59425e-05,2.87503e-05,3.13745e-05,3.37717e-05,3.59011e-05,3.77258e-05,3.92135e-05,4.03383e-05,4.1082e-05,4.14349e-05,4.13969e-05,4.0979e-05,4.02028e-05,3.91013e-05,3.77184e-05,3.61079e-05,3.43319e-05,3.24592e-05,3.0563e-05,2.87176e-05,2.69962e-05,2.54674e-05,2.41928e-05,2.32238e-05,2.25998e-05,2.23468e-05,2.24757e-05,2.29828e-05,2.38497e-05,2.50445e-05,2.65237e-05,2.82338e-05,3.01143e-05,3.20998e-05,3.41227e-05,3.61158e-05,3.80146e-05,3.97592e-05,4.12963e-05,4.25802e-05,4.35747e-05,4.42536e-05,4.46013e-05,4.46137e-05,4.42979e-05,4.36726e-05,4.2767e-05,4.16203e-05,4.02803e-05,3.88016e-05,3.72438e-05,3.5669e-05,3.41394e-05,3.27145e-05,3.14488e-05,3.03894e-05,2.9574e-05,2.9029e-05,2.87688e-05,2.87949e-05,2.90958e-05,2.96475e-05,3.0415e-05,3.13529e-05,3.24083e-05,3.35222e-05,3.46323e-05,3.56756e-05,3.65905e-05,3.73194e-05,3.78108e-05,3.8021e-05,3.79156e-05,3.74708e-05,3.66736e-05,3.55225e-05,3.40267e-05,3.22063e-05,3.00905e-05,2.77165e-05,2.51283e-05,2.2374e-05,1.95047e-05,1.65724e-05,1.36283e-05,1.07218e-05,7.89969e-06,5.20602e-06,2.6826e-06,3.69832e-07,-1.69217e-06,-3.46247e-06,-4.89867e-06,-5.9571e-06,-6.59436e-06,-6.77044e-06,-6.4537e-06,-5.62768e-06,-4.29924e-06,-2.41949e-06,0
0,-2.8467e-06,-5.03221e-06,-6.44829e-06,-7.06329e-06,-6.70941e-06,-5.65758e-06,-3.97336e-06,-1.73349e-06,9.81531e-07,4.092e-06,7.5213e-06,1.11966e-05,1.50484e-05,1.90101e-05,2.30165e-05,2.7004e-05,3.09098e-05,3.46724e-05,3.82316e-05,4.15298e-05,4.45125e-05,4.71298e-05,4.9337e-05,5.10965e-05,5.23789e-05,5.31642e-05,5.3443e-05,5.32181e-05,5.25049e-05,5.13323e-05,4.97431e-05,4.77935e-05,4.55522e-05,4.30992e-05,4.05234e-05,3.79197e-05,3.5386e-05,3.30194e-05,3.09122e-05,2.91483e-05,2.77995e-05,2.69223e-05,2.65556e-05,2.67192e-05,2.74129e-05,2.8617e-05,3.02934e-05,3.23876e-05,3.48314e-05,3.75462e-05,4.04462e-05,4.34417e-05,4.64427e-05,4.93615e-05,5.21154e-05,5.46287e-05,5.68346e-05,5.86767e-05,6.01097e-05,6.11006e-05,6.16293e-05,6.16891e-05,6.12872e-05,6.04447e-05,5.9196e-05,5.75886e-05,5.56818e-05,5.35447e-05,5.12544e-05,4.8893e-05,4.65451e-05,4.42939e-05,4.22183e-05,4.03897e-05,3.88688e-05,3.77033e-05,3.69258e-05,3.65522e-05,3.65815e-05,3.69954e-05,3.77595e-05,3.88244e-05,4.01283e-05,4.15994e-05,4.31586e-05,4.47231e-05,4.62094e-05,4.75364e-05,4.86284e-05,4.94173e-05,4.98453e-05,4.9866e-05,4.94462e-05,4.85665e-05,4.72217e-05,4.54207e-05,4.31858e-05,4.05521e-05,3.75655e-05,3.42808e-05,3.07601e-05,2.70695e-05,2.32776e-05,1.94527e-05,1.56616e-05,1.19684e-05,8.43441e-06,5.11864e-06,2.07893e-06,-6.2646e-07,-2.93754e-06,-4.79199e-06,-6.12607e-06,-6.87767e-06,-6.99203e-06,-6.43056e-06,-5.07883e-06,-2.91491e-06,0
0,-3.1033e-06,-5.35657e-06,-6.58282e-06,-6.70941e-06,-5.79292e-06,-3.80113e-06,-1.08272e-06,2.24932e-06,6.08347e-06,1.03136e-05,1.48401e-05,1.95695e-05,2.4413e-05,2.92853e-05,3.41036e-05,3.87873e-05,4.32585e-05,4.74426e-05,5.12694e-05,5.46744e-05,5.76003e-05,5.9998e-05,6.18279e-05,6.30614e-05,6.36814e-05,6.36838e-05,6.30784e-05,6.18894e-05,6.01561e-05,5.79332e-05,5.52903e-05,5.23112e-05,4.90926e-05,4.57416e-05,4.23727e-05,3.91043e-05,3.60545e-05,3.33369e-05,3.10552e-05,2.92996e-05,2.81425e-05,2.76353e-05,2.78064e-05,2.86595e-05,3.01744e-05,3.23078e-05,3.49958e-05,3.81571e-05,4.1697e-05,4.55113e-05,4.94911e-05,5.35261e-05,5.75089e-05,6.13375e-05,6.49179e-05,6.81656e-05,7.10071e-05,7.33806e-05,7.52365e-05,7.65381e-05,7.72621e-05,7.7399e-05,7.69538e-05,7.59463e-05,7.44114e-05,7.23991e-05,6.99733e-05,6.72114e-05,6.42016e-05,6.1041e-05,5.7832e-05,5.46791e-05,5.16848e-05,4.89458e-05,4.65491e-05,4.45685e-05,4.30613e-05,4.20659e-05,4.16006e-05,4.16622e-05,4.22268e-05,4.32505e-05,4.46715e-05,4.64127e-05,4.8385e-05,5.04908e-05,5.2628e-05,5.46932e-05,5.65856e-05,5.82102e-05,5.94806e-05,6.03215e-05,6.06708e-05,6.04813e-05,5.9722e-05,5.83792e-05,5.64567e-05,5.39754e-05,5.09731e-05,4.75024e-05,4.36288e-05,3.94277e-05,3.49819e-05,3.03777e-05,2.57026e-05,2.10426e-05,1.64811e-05,1.20985e-05,7.97294e-06,4.18248e-06,8.06963e-07,-2.07e-06,-4.3606e-06,-5.9747e-06,-6.82532e-06,-6.70855e-06,-5.50711e-06,-3.23248e-06,0
0,-3.17124e-06,-5.3134e-06,-6.17816e-06,-5.65758e-06,-3.80113e-06,-8.09911e-07,3.16761e-06,7.7567e-06,1.28113e-05,1.8198e-05,2.37953e-05,2.94904e-05,3.51775e-05,4.07551e-05,4.61256e-05,5.11952e-05,5.58755e-05,6.00847e-05,6.37496e-05,6.6807e-05,6.92058e-05,7.09076e-05,7.18883e-05,7.21383e-05,7.16636e-05,7.04856e-05,6.8642e-05,6.61864e-05,6.31884e-05,5.97332e-05,5.59203e-05,5.18625e-05,4.7683e-05,4.35132e-05,3.94883e-05,3.57432e-05,3.24079e-05,2.96019e-05,2.743e-05,2.59771e-05,2.53044e-05,2.5447e-05,2.64118e-05,2.81777e-05,3.06968e-05,3.38965e-05,3.76841e-05,4.19506e-05,4.65763e-05,5.14355e-05,5.64019e-05,6.13526e-05,6.61715e-05,7.07523e-05,7.49994e-05,7.88295e-05,8.21712e-05,8.49652e-05,8.71638e-05,8.87307e-05,8.96418e-05,8.98845e-05,8.94595e-05,8.83812e-05,8.66786e-05,8.43965e-05,8.15951e-05,7.83503e-05,7.4752e-05,7.09031e-05,6.69159e-05,6.29093e-05,5.90047e-05,5.53213e-05,5.19718e-05,4.9058e-05,4.6666e-05,4.48633e-05,4.36953e-05,4.31836e-05,4.33253e-05,4.40927e-05,4.54353e-05,4.72814e-05,4.95415e-05,5.21118e-05,5.48782e-05,5.77204e-05,6.05155e-05,6.31422e-05,6.54842e-05,6.74332e-05,6.88924e-05,6.97789e-05,7.00262e-05,6.95869e-05,6.84339e-05,6.65622e-05,6.3989e-05,6.07532e-05,5.69137e-05,5.2547e-05,4.77433e-05,4.26028e-05,3.72309e-05,3.1735e-05,2.62207e-05,2.0791e-05,1.55461e-05,1.05849e-05,6.00909e-06,1.92563e-06,-1.55e-06,-4.29373e-06,-6.02047e-06,-6.49124e-06,-5.59578e-06,-3.37519e-06,0
0,-3.05751e-06,-4.92116e-06,-5.27134e-06,-3.97336e-06,-1.08272e-06,3.16761e-06,8.42573e-06,1.43716e-05,2.06693e-05,2.71608e-05,3.37063e-05,4.01791e-05,4.64613e-05,5.24409e-05,5.80114e-05,6.3073e-05,6.75344e-05,7.13157e-05,7.43503e-05,7.65868e-05,7.7991e-05,7.85461e-05,7.82537e-05,7.71335e-05,7.5223e-05,7.25773e-05,6.92683e-05,6.53838e-05,6.10267e-05,5.63138e-05,5.13736e-05,4.63446e-05,4.13719e-05,3.66036e-05,3.2187e-05,2.82631e-05,2.49617e-05,2.23965e-05,2.06599e-05,1.98188e-05,1.99114e-05,2.09454e-05,2.28972e-05,2.57136e-05,2.93139e-05,3.35944e-05,3.84337e-05,4.36982e-05,4.92486e-05,5.49455e-05,6.06548e-05,6.62514e-05,7.16226e-05,7.66695e-05,8.13072e-05,8.54644e-05,8.90823e-05,9.21125e-05,9.45163e-05,9.62629e-05,9.73296e-05,9.77014e-05,9.73727e-05,9.6348e-05,9.46443e-05,9.22928e-05,8.93401e-05,8.58495e-05,8.19016e-05,7.75928e-05,7.30344e-05,6.83493e-05,6.36691e-05,5.91287e-05,5.48624e-05,5.09976e-05,4.76507e-05,4.4921e-05,4.28871e-05,4.16035e-05,4.10977e-05,4.13698e-05,4.23921e-05,4.41105e-05,4.64472e-05,4.93035e-05,5.25637e-05,5.60987e-05,5.97708e-05,6.34372e-05,6.69541e-05,7.01808e-05,7.29833e-05,7.52387e-05,7.68384e-05,7.76924e-05,7.77328e-05,7.69168e-05,7.52288e-05,7.26813e-05,6.93147e-05,6.5195e-05,6.04104e-05,5.50664e-05,4.92806e-05,4.31769e-05,3.68808e-05,3.05163e-05,2.42045e-05,1.80652e-05,1.22216e-05,6.80509e-06,1.96105e-06,-1.97547e-06,-4.65875e-06,-5.82832e-06,-5.37186e-06,-3.35427e-06,0
0,-2.77413e-06,-4.20742e-06,-3.91091e-06,-1.73349e-06,2.24932e-06,7.7567e-06,1.43716e-05,2.16354e-05,2.91158e-05,3.65713e-05,4.38527e-05,5.08282e-05,5.73768e-05,6.33845e-05,6.8745e-05,7.33618e-05,7.71515e-05,8.00468e-05,8.19993e-05,8.2981e-05,8.29852e-05,8.20272e-05,8.01433e-05,7.73902e-05,7.38433e-05,6.95957e-05,6.47564e-05,5.94481e-05,5.38061e-05,4.79756e-05,4.21092e-05,3.63642e-05,3.08987e-05,2.58678e-05,2.14188e-05,1.76861e-05,1.47865e-05,1.28142e-05,1.18363e-05,1.18898e-05,1.29792e-05,1.50758e-05,1.81193e-05,2.20198e-05,2.6663e-05,3.19154e-05,3.76308e-05,4.36578e-05,4.98461e-05,5.60528e-05,6.21475e-05,6.80158e-05,7.35606e-05,7.87032e-05,8.33811e-05,8.75462e-05,9.11616e-05,9.41987e-05,9.66338e-05,9.84466e-05,9.96185e-05,0.000100133,9.99764e-05,9.91403e-05,9.76239e-05,9.54372e-05,9.26038e-05,8.91642e-05,8.51768e-05,8.07199e-05,7.58906e-05,7.08038e-05,6.55896e-05,6.03892e-05,5.53501e-05,5.06203e-05,4.63429e-05,4.26492e-05,3.96535e-05,3.7448e-05,3.60987e-05,3.56425e-05,3.60858e-05,3.74044e-05,3.95447e-05,4.24258e-05,4.59426e-05,4.99689e-05,5.4362e-05,5.89659e-05,6.36162e-05,6.81441e-05,7.23809e-05,7.61634e-05,7.93385e-05,8.17689e-05,8.33387e-05,8.39581e-05,8.35678e-05,8.21421e-05,7.96897e-05,7.62533e-05,7.19067e-05,6.67496e-05,6.0902e-05,5.44965e-05,4.76725e-05,4.057e-05,3.33271e-05,2.60812e-05,1.89739e-05,1.21593e-05,5.98417e-06,8.57266e-07,-2.82845e-06,-4.77921e-06,-4.87113e-06,-3.18619e-06,0
0,-2.33631e-06,-3.20491e-06,-2.15112e-06,9.81531e-07,6.08347e-06,1.28113e-05,2.06693e-05,2.91158e-05,3.76649e-05,4.58645e-05,5.35955e-05,6.07353e-05,6.71726e-05,7.2802e-05,7.75275e-05,8.12671e-05,8.39569e-05,8.55542e-05,8.60404e-05,8.54216e-05,8.37288e-05,8.10171e-05,7.73643e-05,7.28682e-05,6.76451e-05,6.18265e-05,5.55569e-05,4.89913e-05,4.22919e-05,3.56258e-05,2.91614e-05,2.30651e-05,1.7497e-05,1.26069e-05,8.52948e-06,5.37978e-06,3.24844e-06,2.19778e-06,2.25852e-06,3.42778e-06,5.66843e-06,8.91023e-06,1.30526e-05,1.79693e-05,2.35144e-05,2.95292e-05,3.58503e-05,4.23171e-05,4.8779e-05,5.51011e-05,6.11689e-05,6.68903e-05,7.2196e-05,7.70383e-05,8.13873e-05,8.52271e-05,8.85508e-05,9.13556e-05,9.36386e-05,9.53934e-05,9.66083e-05,9.72661e-05,9.73448e-05,9.68205e-05,9.56707e-05,9.38789e-05,9.14385e-05,8.83577e-05,8.46631e-05,8.04029e-05,7.5648e-05,7.04929e-05,6.5054e-05,5.94668e-05,5.38821e-05,4.846e-05,4.33638e-05,3.87529e-05,3.47764e-05,3.15658e-05,2.92293e-05,2.78477e-05,2.74703e-05,2.81131e-05,2.97586e-05,3.23561e-05,3.58238e-05,4.00512e-05,4.49021e-05,5.02188e-05,5.58259e-05,6.15345e-05,6.71478e-05,7.24664e-05,7.72949e-05,8.14483e-05,8.47594e-05,8.70861e-05,8.83175e-05,8.83792e-05,8.72367e-05,8.48963e-05,8.14039e-05,7.68404e-05,7.13158e-05,6.49611e-05,5.79202e-05,5.03417e-05,4.23737e-05,3.41627e-05,2.58619e-05,1.77957e-05,1.03811e-05,4.0937e-06,-6.14243e-07,-3.40451e-06,-4.13228e-06,-2.88964e-06,0
0,-1.7608e-06,-1.94852e-06,-4.77285e-08,4.092e-06,1.03136e-05,1.8198e-05,2.71608e-05,3.65713e-05,4.58645e-05,5.46177e-05,6.24566e-05,6.93861e-05,7.53202e-05,8.01714e-05,8.38638e-05,8.63404e-05,8.75683e-05,8.75407e-05,8.62792e-05,8.38331e-05,8.02782e-05,7.57148e-05,7.02649e-05,6.40688e-05,5.72817e-05,5.00707e-05,4.26109e-05,3.50825e-05,2.76669e-05,2.05437e-05,1.38868e-05,7.86021e-06,2.61448e-06,-1.71805e-06,-5.02737e-06,-7.2299e-06,-8.27209e-06,-8.13334e-06,-6.82771e-06,-4.40426e-06,-9.45887e-07,3.43369e-06,8.59462e-06,1.43772e-05,2.06093e-05,2.71149e-05,3.3722e-05,4.02712e-05,4.66224e-05,5.26598e-05,5.82953e-05,6.34696e-05,6.81501e-05,7.23283e-05,7.6014e-05,7.92294e-05,8.20024e-05,8.43601e-05,8.63233e-05,8.79023e-05,8.9094e-05,8.98816e-05,9.02352e-05,9.01149e-05,8.94751e-05,8.82696e-05,8.64573e-05,8.40087e-05,8.0911e-05,7.71735e-05,7.28312e-05,6.79468e-05,6.26116e-05,5.69442e-05,5.10871e-05,4.52022e-05,3.94644e-05,3.40545e-05,2.91513e-05,2.49235e-05,2.15226e-05,1.90759e-05,1.76811e-05,1.74022e-05,1.8267e-05,2.02661e-05,2.33525e-05,2.74434e-05,3.24221e-05,3.81409e-05,4.44248e-05,5.1076e-05,5.78786e-05,6.46053e-05,7.10241e-05,7.6906e-05,8.20343e-05,8.62127e-05,8.92745e-05,9.10896e-05,9.15707e-05,9.06762e-05,8.84109e-05,8.48237e-05,8.00013e-05,7.40612e-05,6.71411e-05,5.93893e-05,5.09542e-05,4.19783e-05,3.2732e-05,2.3589e-05,1.50418e-05,7.64133e-06,1.90988e-06,-1.75958e-06,-3.19214e-06,-2.48309e-06,0
0,-1.06475e-06,-4.73264e-07,2.34446e-06,7.5213e-06,1.48401e-05,2.37953e-05,3.37063e-05,4.38527e-05,5.35955e-05,6.24566e-05,7.01451e-05,7.64793e-05,8.15424e-05,8.52622e-05,8.75888e-05,8.84994e-05,8.80018e-05,8.6135e-05,8.29688e-05,7.86021e-05,7.31598e-05,6.67891e-05,5.96557e-05,5.19394e-05,4.38302e-05,3.55239e-05,2.72188e-05,1.9111e-05,1.13915e-05,4.2418e-06,-2.17004e-06,-7.69316e-06,-1.21981e-05,-1.5581e-05,-1.77666e-05,-1.87123e-05,-1.84099e-05,-1.6887e-05,-1.42072e-05,-1.04684e-05,-5.79987e-06,-3.56867e-07,5.68541e-06,1.21398e-05,1.88157e-05,2.55284e-05,3.21074e-05,3.84044e-05,4.42996e-05,4.97054e-05,5.45686e-05,5.88694e-05,6.2618e-05,6.58492e-05,6.86157e-05,7.098e-05,7.30062e-05,7.47524e-05,7.62641e-05,7.75689e-05,7.86735e-05,7.95626e-05,8.01998e-05,8.05303e-05,8.0486e-05,7.99914e-05,7.89701e-05,7.73525e-05,7.50832e-05,7.21277e-05,6.84779e-05,6.41571e-05,5.9222e-05,5.37637e-05,4.7906e-05,4.18017e-05,3.56275e-05,2.95764e-05,2.38498e-05,1.86485e-05,1.41639e-05,1.05696e-05,8.01334e-06,6.6115e-06,6.44357e-06,7.54912e-06,9.92595e-06,1.35296e-05,1.8274e-05,2.40335e-05,3.06458e-05,3.79153e-05,4.56188e-05,5.35111e-05,6.13326e-05,6.88178e-05,7.57052e-05,8.17469e-05,8.672e-05,9.04351e-05,9.27456e-05,9.3553e-05,9.281e-05,9.05205e-05,8.67357e-05,8.15472e-05,7.50772e-05,6.74657e-05,5.88559e-05,4.94407e-05,3.94904e-05,2.94481e-05,1.9883e-05,1.1428e-05,4.68425e-06,1.09431e-07,-2.08241e-06,-1.98287e-06,0
0,-2.64965e-07,1.18697e-06,4.9728e-06,1.11966e-05,1.95695e-05,2.94904e-05,4.01791e-05,5.08282e-05,6.07353e-05,6.93861e-05,7.64793e-05,8.19509e-05,8.58658e-05,8.82021e-05,8.89433e-05,8.81098e-05,8.57587e-05,8.19822e-05,7.69043e-05,7.06768e-05,6.34745e-05,5.54904e-05,4.69303e-05,3.80081e-05,2.89411e-05,1.99459e-05,1.12338e-05,3.00752e-06,-4.54336e-06,-1.1246e-05,-1.69484e-05,-2.15232e-05,-2.48719e-05,-2.69275e-05,-2.7658e-05,-2.7068e-05,-2.51996e-05,-2.21321e-05,-1.79801e-05,-1.28898e-05,-7.03393e-06,-6.04948e-07,6.1929e-06,1.31526e-05,2.00739e-05,2.67723e-05,3.30881e-05,3.88927e-05,4.40943e-05,4.86403e-05,5.25173e-05,5.57482e-05,5.83876e-05,6.05141e-05,6.22226e-05,6.36139e-05,6.47868e-05,6.58284e-05,6.68072e-05,6.77678e-05,6.87268e-05,6.96714e-05,7.05606e-05,7.13277e-05,7.18852e-05,7.21311e-05,7.19564e-05,7.12534e-05,6.99244e-05,6.78901e-05,6.50969e-05,6.15237e-05,5.71866e-05,5.21412e-05,4.64836e-05,4.03479e-05,3.39022e-05,2.73422e-05,2.08832e-05,1.47504e-05,9.16983e-06,4.35741e-06,5.10142e-07,-2.2027e-06,-3.64669e-06,-3.72796e-06,-2.3972e-06,3.47906e-07,4.46172e-06,9.85118e-06,1.63776e-05,2.38598e-05,3.20785e-05,4.07823e-05,4.96947e-05,5.85231e-05,6.69689e-05,7.47386e-05,8.15556e-05,8.71715e-05,9.13772e-05,9.40108e-05,9.49644e-05,9.41864e-05,9.16805e-05,8.75016e-05,8.17474e-05,7.45471e-05,6.60798e-05,5.64975e-05,4.60744e-05,3.5309e-05,2.4845e-05,1.54009e-05,7.66438e-06,2.16736e-06,-8.27831e-07,-1.40204e-06,0
0,6.22455e-07,2.99977e-06,7.78709e-06,1.50484e-05,2.4413e-05,3.51775e-05,4.64613e-05,5.73768e-05,6.71726e-05,7.53202e-05,8.15424e-05,8.58658e-05,8.84275e-05,8.92007e-05,8.82145e-05,8.55422e-05,8.12982e-05,7.56329e-05,6.87276e-05,6.07876e-05,5.2036e-05,4.27073e-05,3.30416e-05,2.32792e-05,1.36562e-05,4.39997e-06,-4.27444e-06,-1.21685e-05,-1.91036e-05,-2.49255e-05,-2.95074e-05,-3.27542e-05,-3.46052e-05,-3.50375e-05,-3.40669e-05,-3.17492e-05,-2.81789e-05,-2.34873e-05,-1.78383e-05,-1.1423e-05,-4.45258e-06,2.84994e-06,1.02591e-05,1.75568e-05,2.4542e-05,3.10397e-05,3.69087e-05,4.20477e-05,4.63986e-05,4.99474e-05,5.27222e-05,5.47891e-05,5.62452e-05,5.721e-05,5.78159e-05,5.81982e-05,5.84849e-05,5.87882e-05,5.91967e-05,5.97695e-05,6.05326e-05,6.14772e-05,6.256e-05,6.37062e-05,6.48137e-05,6.57595e-05,6.64073e-05,6.66163e-05,6.62504e-05,6.5188e-05,6.33307e-05,6.06119e-05,5.70034e-05,5.25204e-05,4.72237e-05,4.12203e-05,3.46604e-05,2.77322e-05,2.06553e-05,1.36706e-05,7.03074e-06,9.88303e-07,-4.21484e-06,-8.3583e-06,-1.12527e-05,-1.27475e-05,-1.27379e-05,-1.1169e-05,-8.03861e-06,-3.39858e-06,2.64592e-06,9.93847e-06,1.82751e-05,2.74094e-05,3.70595e-05,4.69164e-05,5.66541e-05,6.59412e-05,7.44532e-05,8.18857e-05,8.79668e-05,9.24685e-05,9.52158e-05,9.60929e-05,9.50462e-05,9.20827e-05,8.7266e-05,8.07087e-05,7.2622e-05,6.31177e-05,5.24407e-05,4.11261e-05,2.98851e-05,1.95227e-05,1.08192e-05,4.38969e-06,5.54136e-07,-7.50004e-07,0
0,1.5821e-06,4.93414e-06,1.07391e-05,1.90101e-05,2.92853e-05,4.07551e-05,5.24409e-05,6.33845e-05,7.2802e-05,8.01714e-05,8.52622e-05,8.82021e-05,8.92007e-05,8.82384e-05,8.5399e-05,8.08157e-05,7.4665e-05,6.71586e-05,5.85352e-05,4.90512e-05,3.89735e-05,2.85715e-05,1.81116e-05,7.85152e-06,-1.96394e-06,-1.11064e-05,-1.93677e-05,-2.65629e-05,-3.2534e-05,-3.71535e-05,-4.03277e-05,-4.20001e-05,-4.21537e-05,-4.08133e-05,-3.80453e-05,-3.39575e-05,-2.86962e-05,-2.2442e-05,-1.5404e-05,-7.8123e-06,9.08326e-08,8.06043e-06,1.58591e-05,2.32673e-05,3.00926e-05,3.61782e-05,4.14093e-05,4.57174e-05,4.90819e-05,5.15293e-05,5.3129e-05,5.39875e-05,5.42399e-05,5.40408e-05,5.35538e-05,5.2941e-05,5.23534e-05,5.19222e-05,5.17513e-05,5.19116e-05,5.24373e-05,5.33245e-05,5.45308e-05,5.59777e-05,5.75549e-05,5.91253e-05,6.0533e-05,6.1611e-05,6.21918e-05,6.21165e-05,6.12456e-05,5.94683e-05,5.67113e-05,5.29456e-05,4.81917e-05,4.25216e-05,3.60583e-05,2.89729e-05,2.14784e-05,1.38211e-05,6.27082e-06,-8.91586e-07,-7.38601e-06,-1.29457e-05,-1.7329e-05,-2.03295e-05,-2.17853e-05,-2.15856e-05,-1.96755e-05,-1.6059e-05,-1.07996e-05,-4.01972e-06,4.1023e-06,1.33363e-05,2.34063e-05,3.39986e-05,4.47707e-05,5.53631e-05,6.54117e-05,7.45616e-05,8.24813e-05,8.88763e-05,9.35014e-05,9.61707e-05,9.67643e-05,9.52313e-05,9.15896e-05,8.59214e-05,7.84571e-05,6.92675e-05,5.85506e-05,4.68614e-05,3.49702e-05,2.37665e-05,1.41277e-05,6.76064e-06,2.0525e-06,-3.27333e-08,0
0,2.59908e-06,6.96009e-06,1.3782e-05,2.30165e-05,3.41036e-05,4.61256e-05,5.80114e-05,6.8745e-05,7.75275e-05,8.38638e-05,8.75888e-05,8.89433e-05,8.82145e-05,8.5399e-05,8.06424e-05,7.41434e-05,6.61433e-05,5.69151e-05,4.67519e-05,3.59566e-05,2.48325e-05,1.36757e-05,2.76869e-06,-7.62373e-06,-1.72585e-05,-2.59168e-05,-3.3407e-05,-3.95674e-05,-4.42687e-05,-4.74174e-05,-4.8959e-05,-4.88802e-05,-4.7211e-05,-4.40257e-05,-3.94416e-05,-3.36169e-05,-2.67464e-05,-1.90551e-05,-1.07908e-05,-2.21447e-06,6.40937e-06,1.48237e-05,2.27894e-05,3.00954e-05,3.65671e-05,4.20738e-05,4.65334e-05,4.99143e-05,5.22355e-05,5.35628e-05,5.40039e-05,5.37001e-05,5.28179e-05,5.15382e-05,5.00465e-05,4.85227e-05,4.71322e-05,4.60176e-05,4.5292e-05,4.50345e-05,4.52862e-05,4.60488e-05,4.7284e-05,4.89156e-05,5.08316e-05,5.28901e-05,5.49245e-05,5.67519e-05,5.81819e-05,5.90268e-05,5.91121e-05,5.82871e-05,5.64351e-05,5.34822e-05,4.94048e-05,4.42338e-05,3.80573e-05,3.10192e-05,2.33154e-05,1.51866e-05,6.90856e-06,-1.21938e-06,-8.8877e-06,-1.57904e-05,-2.16386e-05,-2.61734e-05,-2.91768e-05,-3.04812e-05,-2.99763e-05,-2.76133e-05,-2.3408e-05,-1.74408e-05,-9.85522e-06,-8.54672e-07,9.30238e-06,2.03091e-05,3.18189e-05,4.34554e-05,5.48252e-05,6.55313e-05,7.51885e-05,8.34387e-05,8.99662e-05,9.45112e-05,9.6881e-05,9.69578e-05,9.47023e-05,9.01537e-05,8.35479e-05,7.49052e-05,6.43618e-05,5.24769e-05,4.00694e-05,2.81095e-05,1.75745e-05,9.27018e-06,3.66099e-06,7.46483e-07,0
0,3.65876e-06,9.04809e-06,1.68697e-05,2.7004e-05,3.87873e-05,5.11952e-05,6.3073e-05,7.33618e-05,8.12671e-05,8.63404e-05,8.84994e-05,8.81098e-05,8.55422e-05,8.08157e-05,7.41434e-05,6.57922e-05,5.60683e-05,4.53028e-05,3.38382e-05,2.20161e-05,1.01671e-05,-1.39679e-06,-1.23874e-05,-2.25441e-05,-3.16364e-05,-3.94652e-05,-4.58646e-05,-5.0704e-05,-5.38896e-05,-5.53678e-05,-5.5127e-05,-5.31998e-05,-4.96644e-05,-4.46437e-05,-3.83037e-05,-3.08492e-05,-2.25179e-05,-1.35721e-05,-4.28995e-06,5.04606e-06,1.41597e-05,2.27923e-05,3.07135e-05,3.77302e-05,4.36945e-05,4.85084e-05,5.21269e-05,5.45576e-05,5.58583e-05,5.61313e-05,5.55167e-05,5.41832e-05,5.23185e-05,5.01197e-05,4.77831e-05,4.54956e-05,4.34267e-05,4.17219e-05,4.04971e-05,3.9835e-05,3.97817e-05,4.03454e-05,4.14955e-05,4.31635e-05,4.52446e-05,4.76009e-05,5.00666e-05,5.24538e-05,5.45607e-05,5.61809e-05,5.71138e-05,5.71756e-05,5.62105e-05,5.41013e-05,5.07788e-05,4.6229e-05,4.04983e-05,3.36948e-05,2.59869e-05,1.75983e-05,8.79958e-06,-1.02932e-07,-8.78059e-06,-1.68972e-05,-2.41241e-05,-3.01553e-05,-3.47205e-05,-3.75967e-05,-3.86176e-05,-3.76796e-05,-3.47465e-05,-2.98507e-05,-2.30931e-05,-1.46412e-05,-4.7255e-06,6.36605e-06,1.82947e-05,3.06799e-05,4.31107e-05,5.51587e-05,6.63934e-05,7.63993e-05,8.47928e-05,9.12397e-05,9.54704e-05,9.72927e-05,9.66001e-05,9.33772e-05,8.78519e-05,7.99817e-05,6.98249e-05,5.79291e-05,4.51486e-05,3.25283e-05,2.11451e-05,1.19105e-05,5.37577e-06,1.58595e-06,0
0,4.7464e-06,1.11685e-05,1.99563e-05,3.09098e-05,4.32585e-05,5.58755e-05,6.75344e-05,7.71515e-05,8.39569e-05,8.75683e-05,8.80018e-05,8.57587e-05,8.12982e-05,7.4665e-05,6.61433e-05,5.60683e-05,4.48079e-05,3.2746e-05,2.02662e-05,7.73895e-06,-4.48872e-06,-1.61002e-05,-2.68135e-05,-3.63834e-05,-4.46019e-05,-5.12989e-05,-5.63423e-05,-5.96389e-05,-6.11358e-05,-6.08222e-05,-5.87316e-05,-5.4943e-05,-4.95809e-05,-4.28144e-05,-3.48535e-05,-2.59436e-05,-1.63578e-05,-6.38704e-06,3.67023e-06,1.35204e-05,2.28862e-05,3.15183e-05,3.92049e-05,4.57801e-05,5.11296e-05,5.51934e-05,5.79663e-05,5.94953e-05,5.98739e-05,5.92359e-05,5.77457e-05,5.55896e-05,5.29659e-05,5.00752e-05,4.71127e-05,4.42604e-05,4.16812e-05,3.95143e-05,3.78714e-05,3.6834e-05,3.64513e-05,3.67386e-05,3.76766e-05,3.92104e-05,4.12504e-05,4.36733e-05,4.63252e-05,4.90257e-05,5.1574e-05,5.3757e-05,5.53588e-05,5.61713e-05,5.60063e-05,5.47072e-05,5.21601e-05,4.83043e-05,4.31394e-05,3.67306e-05,2.92096e-05,2.07723e-05,1.16726e-05,2.21218e-06,-7.27268e-06,-1.64259e-05,-2.48885e-05,-3.23146e-05,-3.83873e-05,-4.28325e-05,-4.54297e-05,-4.60207e-05,-4.45151e-05,-4.08936e-05,-3.52092e-05,-2.75859e-05,-1.82168e-05,-7.36057e-06,4.66392e-06,1.74847e-05,3.06859e-05,4.382e-05,5.64223e-05,6.80283e-05,7.81927e-05,8.65093e-05,9.26307e-05,9.62854e-05,9.7292e-05,9.55692e-05,9.13254e-05,8.44421e-05,7.48831e-05,6.31662e-05,5.01666e-05,3.69936e-05,2.48218e-05,1.46726e-05,7.19297e-06,2.48431e-06,0
0,5.84696e-06,1.32914e-05,2.29959e-05,3.46724e-05,4.74426e-05,6.00847e-05,7.13157e-05,8.00468e-05,8.55542e-05,8.75407e-05,8.6135e-05,8.19822e-05,7.56329e-05,6.71586e-05,5.69151e-05,4.53028e-05,3.2746e-05,1.96727e-05,6.49755e-06,-6.39162e-06,-1.86436e-05,-2.99494e-05,-4.00446e-05,-4.87098e-05,-5.57691e-05,-6.10892e-05,-6.45779e-05,-6.61841e-05,-6.58984e-05,-6.37546e-05,-5.98305e-05,-5.42495e-05,-4.71793e-05,-3.883e-05,-2.94489e-05,-1.93144e-05,-8.72576e-06,2.00706e-06,1.2576e-05,2.26872e-05,3.20733e-05,4.05043e-05,4.77964e-05,5.38184e-05,5.84952e-05,6.18082e-05,6.37928e-05,6.45329e-05,6.41537e-05,6.28126e-05,6.06894e-05,5.7977e-05,5.48716e-05,5.15652e-05,4.82389e-05,4.50578e-05,4.21676e-05,3.9692e-05,3.77315e-05,3.63619e-05,3.56332e-05,3.55686e-05,3.61627e-05,3.73802e-05,3.91547e-05,4.13872e-05,4.39474e-05,4.66748e-05,4.93827e-05,5.1864e-05,5.38994e-05,5.52671e-05,5.57549e-05,5.51725e-05,5.33648e-05,5.02242e-05,4.57012e-05,3.98124e-05,3.26452e-05,2.43581e-05,1.51774e-05,5.38838e-06,-4.67645e-06,-1.46526e-05,-2.41606e-05,-3.28243e-05,-4.02878e-05,-4.62315e-05,-5.03851e-05,-5.2538e-05,-5.25463e-05,-5.0338e-05,-4.59141e-05,-3.93502e-05,-3.0795e-05,-2.04685e-05,-8.65874e-06,4.28282e-06,1.79487e-05,3.18853e-05,4.56063e-05,5.86093e-05,7.03962e-05,8.04946e-05,8.84811e-05,9.40037e-05,9.68003e-05,9.67148e-05,9.39267e-05,8.82285e-05,7.94723e-05,6.81274e-05,5.50722e-05,4.14678e-05,2.85803e-05,1.75428e-05,9.1064e-06,3.43935e-06,0
0,6.9449e-06,1.53861e-05,2.59425e-05,3.82316e-05,5.12694e-05,6.37496e-05,7.43503e-05,8.19993e-05,8.60404e-05,8.62792e-05,8.29688e-05,7.69043e-05,6.87276e-05,5.85352e-05,4.67519e-05,3.38382e-05,2.02662e-05,6.49755e-06,-7.03401e-06,-1.99361e-05,-3.1866e-05,-4.25343e-05,-5.17053e-05,-5.91948e-05,-6.4867e-05,-6.86315e-05,-7.044e-05,-7.02863e-05,-6.82051e-05,-6.42735e-05,-5.86116e-05,-5.13829e-05,-4.27927e-05,-3.30851e-05,-2.25371e-05,-1.14506e-05,-1.41458e-07,1.10722e-05,2.18833e-05,3.20084e-05,4.12003e-05,4.92574e-05,5.60315e-05,6.14322e-05,6.54275e-05,6.80414e-05,6.93485e-05,6.94661e-05,6.85443e-05,6.67561e-05,6.42863e-05,6.13224e-05,5.80468e-05,5.46298e-05,5.12263e-05,4.79732e-05,4.49888e-05,4.2373e-05,4.02084e-05,3.85606e-05,3.74785e-05,3.69932e-05,3.71162e-05,3.78366e-05,3.91181e-05,4.08955e-05,4.30726e-05,4.55207e-05,4.808e-05,5.05623e-05,5.27571e-05,5.44402e-05,5.53851e-05,5.53755e-05,5.42201e-05,5.17666e-05,4.79158e-05,4.26323e-05,3.59534e-05,2.79924e-05,1.89381e-05,9.04891e-06,-1.35796e-06,-1.19207e-05,-2.22508e-05,-3.19513e-05,-4.06365e-05,-4.79488e-05,-5.35743e-05,-5.72542e-05,-5.87942e-05,-5.807e-05,-5.50305e-05,-4.96995e-05,-4.21763e-05,-3.26351e-05,-2.13241e-05,-8.56302e-06,5.26143e-06,1.97031e-05,3.42675e-05,4.84276e-05,6.16431e-05,7.33845e-05,8.31579e-05,9.05319e-05,9.51616e-05,9.68096e-05,9.56189e-05,9.12823e-05,8.35234e-05,7.27434e-05,5.98043e-05,4.59027e-05,3.23871e-05,2.0501e-05,1.11055e-05,4.44687e-06,0
0,8.02416e-06,1.74212e-05,2.87503e-05,4.15298e-05,5.46744e-05,6.6807e-05,7.65868e-05,8.2981e-05,8.54216e-05,8.38331e-05,7.86021e-05,7.06768e-05,6.07876e-05,4.90512e-05,3.59566e-05,2.20161e-05,7.73895e-06,-6.39162e-06,-1.99361e-05,-3.25109e-05,-4.37941e-05,-5.35275e-05,-6.15141e-05,-6.76132e-05,-7.17349e-05,-7.38356e-05,-7.39137e-05,-7.20074e-05,-6.81946e-05,-6.25924e-05,-5.53586e-05,-4.66907e-05,-3.68246e-05,-2.60303e-05,-1.4605e-05,-2.86441e-06,8.86929e-06,2.02803e-05,3.10727e-05,4.09835e-05,4.97942e-05,5.73394e-05,6.35126e-05,6.82678e-05,7.1618e-05,7.36291e-05,7.4412e-05,7.4112e-05,7.28968e-05,7.09456e-05,6.84377e-05,6.55442e-05,6.24215e-05,5.92069e-05,5.60181e-05,5.29536e-05,5.00954e-05,4.75122e-05,4.52631e-05,4.33995e-05,4.19672e-05,4.10052e-05,4.05437e-05,4.06002e-05,4.11744e-05,4.22426e-05,4.37518e-05,4.56162e-05,4.7714e-05,4.98881e-05,5.1949e-05,5.36817e-05,5.48553e-05,5.52363e-05,5.46037e-05,5.27647e-05,4.95716e-05,4.49365e-05,3.88423e-05,3.13512e-05,2.26069e-05,1.28313e-05,2.31608e-06,-8.59058e-06,-1.95015e-05,-3.001e-05,-3.97098e-05,-4.82141e-05,-5.51728e-05,-6.02853e-05,-6.33115e-05,-6.40778e-05,-6.24824e-05,-5.84969e-05,-5.21684e-05,-4.36208e-05,-3.30552e-05,-2.07503e-05,-7.06046e-06,7.58842e-06,2.27077e-05,3.77592e-05,5.21741e-05,6.53763e-05,7.681e-05,8.59693e-05,9.2427e-05,9.5861e-05,9.63732e-05,9.3548e-05,8.6965e-05,7.69381e-05,6.42918e-05,5.02393e-05,3.61984e-05,2.35184e-05,1.31742e-05,5.49985e-06,0
0,9.06822e-06,1.93653e-05,3.13745e-05,4.45125e-05,5.76003e-05,6.92058e-05,7.7991e-05,8.29852e-05,8.37288e-05,8.02782e-05,7.31598e-05,6.34745e-05,5.2036e-05,3.89735e-05,2.48325e-05,1.01671e-05,-4.48872e-06,-1.86436e-05,-3.1866e-05,-4.37941e-05,-5.41392e-05,-6.26847e-05,-6.92806e-05,-7.38357e-05,-7.63106e-05,-7.67103e-05,-7.50796e-05,-7.14997e-05,-6.60875e-05,-5.89957e-05,-5.04129e-05,-4.05636e-05,-2.97055e-05,-1.81251e-05,-6.13067e-06,5.95862e-06,1.78244e-05,2.91628e-05,3.96985e-05,4.91972e-05,5.74761e-05,6.44117e-05,6.99429e-05,7.407e-05,7.68505e-05,7.83899e-05,7.88308e-05,7.83399e-05,7.70948e-05,7.52715e-05,7.30342e-05,7.0527e-05,6.78699e-05,6.51578e-05,6.24616e-05,5.98334e-05,5.73118e-05,5.49285e-05,5.27141e-05,5.0703e-05,4.89357e-05,4.74587e-05,4.63221e-05,4.55743e-05,4.52554e-05,4.53885e-05,4.59719e-05,4.69706e-05,4.83113e-05,4.98782e-05,5.15139e-05,5.30232e-05,5.41815e-05,5.47472e-05,5.44767e-05,5.31428e-05,5.05527e-05,4.65664e-05,4.11118e-05,3.41958e-05,2.59112e-05,1.6436e-05,6.02751e-06,-4.98942e-06,-1.62393e-05,-2.73156e-05,-3.78014e-05,-4.72902e-05,-5.54038e-05,-6.18074e-05,-6.62209e-05,-6.84271e-05,-6.82763e-05,-6.56898e-05,-6.06626e-05,-5.32654e-05,-4.36477e-05,-3.20397e-05,-1.87541e-05,-4.18443e-06,1.11996e-05,2.68633e-05,4.2223e-05,5.66694e-05,6.95955e-05,8.04283e-05,8.86621e-05,9.389e-05,9.61712e-05,9.4976e-05,8.97269e-05,8.06319e-05,6.84563e-05,5.44088e-05,3.99602e-05,2.65572e-05,1.52896e-05,6.588e-06,0
0,1.00603e-05,2.11869e-05,3.37717e-05,4.71298e-05,5.9998e-05,7.09076e-05,7.85461e-05,8.20272e-05,8.10171e-05,7.57148e-05,6.67891e-05,5.54904e-05,4.27073e-05,2.85715e-05,1.36757e-05,-1.39679e-06,-1.61002e-05,-2.99494e-05,-4.25343e-05,-5.35275e-05,-6.26847e-05,-6.98397e-05,-7.4896e-05,-7.78166e-05,-7.86141e-05,-7.73422e-05,-7.40898e-05,-6.89771e-05,-6.21549e-05,-5.38042e-05,-4.41371e-05,-3.3396e-05,-2.18513e-05,-9.79675e-06,2.45888e-06,1.46021e-05,2.63278e-05,3.73526e-05,4.74292e-05,5.63584e-05,6.39983e-05,7.02702e-05,7.51598e-05,7.87135e-05,8.10307e-05,8.22525e-05,8.25473e-05,8.20966e-05,8.10797e-05,7.96613e-05,7.79812e-05,7.61485e-05,7.42387e-05,7.22963e-05,7.03393e-05,6.83672e-05,6.63704e-05,6.43392e-05,6.22729e-05,6.0186e-05,5.8112e-05,5.61042e-05,5.42324e-05,5.25772e-05,5.12211e-05,5.02381e-05,4.96819e-05,4.95755e-05,4.99007e-05,5.0592e-05,5.15333e-05,5.25588e-05,5.34598e-05,5.39953e-05,5.3908e-05,5.29424e-05,5.08659e-05,4.74894e-05,4.26863e-05,3.64074e-05,2.86909e-05,1.96655e-05,9.54745e-06,-1.37008e-06,-1.27322e-05,-2.41418e-05,-3.51811e-05,-4.54329e-05,-5.44999e-05,-6.2021e-05,-6.76839e-05,-7.12335e-05,-7.24776e-05,-7.1291e-05,-6.76183e-05,-6.14773e-05,-5.29631e-05,-4.22528e-05,-2.96096e-05,-1.5385e-05,-1.68957e-08,1.59767e-05,3.20122e-05,4.74609e-05,6.16773e-05,7.40317e-05,8.39465e-05,9.09323e-05,9.50079e-05,9.55269e-05,9.17441e-05,8.37452e-05,7.22148e-05,5.83348e-05,4.36095e-05,2.95714e-05,1.74228e-05,7.69755e-06,0
0,1.09839e-05,2.28552e-05,3.59011e-05,4.9337e-05,6.18279e-05,7.18883e-05,7.82537e-05,8.01433e-05,7.73643e-05,7.02649e-05,5.96557e-05,4.69303e-05,3.30416e-05,1.81116e-05,2.76869e-06,-1.23874e-05,-2.68135e-05,-4.00446e-05,-5.17053e-05,-6.15141e-05,-6.92806e-05,-7.4896e-05,-7.83222e-05,-7.95784e-05,-7.87292e-05,-7.58745e-05,-7.11432e-05,-6.46888e-05,-5.66887e-05,-4.73443e-05,-3.6882e-05,-2.55528e-05,-1.36303e-05,-1.40536e-06,1.08216e-05,2.27518e-05,3.41011e-05,4.46136e-05,5.40757e-05,6.23271e-05,6.92691e-05,7.48686e-05,7.91569e-05,8.22236e-05,8.4206e-05,8.52751e-05,8.56191e-05,8.54269e-05,8.48725e-05,8.41018e-05,8.32241e-05,8.23067e-05,8.13757e-05,8.04205e-05,7.94023e-05,7.82652e-05,7.69484e-05,7.53992e-05,7.35832e-05,7.14935e-05,6.9155e-05,6.66263e-05,6.39959e-05,6.13761e-05,5.88921e-05,5.66695e-05,5.48201e-05,5.34277e-05,5.25344e-05,5.21307e-05,5.21487e-05,5.246e-05,5.288e-05,5.31772e-05,5.30881e-05,5.23368e-05,5.06571e-05,4.78158e-05,4.36347e-05,3.80094e-05,3.09226e-05,2.24511e-05,1.2765e-05,2.11982e-06,-9.15751e-06,-2.06877e-05,-3.20606e-05,-4.28571e-05,-5.26696e-05,-6.11193e-05,-6.78692e-05,-7.26337e-05,-7.51848e-05,-7.53558e-05,-7.30447e-05,-6.82184e-05,-6.09179e-05,-5.12645e-05,-3.94665e-05,-2.58251e-05,-1.07364e-05,5.31139e-06,2.17486e-05,3.7942e-05,5.32211e-05,6.69116e-05,7.83732e-05,8.70394e-05,9.28939e-05,9.51742e-05,9.29608e-05,8.62027e-05,7.54841e-05,6.19366e-05,4.70768e-05,3.25078e-05,1.95389e-05,8.81151e-06,0
0,1.18227e-05,2.43412e-05,3.77258e-05,5.10965e-05,6.30614e-05,7.21383e-05,7.71335e-05,7.73902e-05,7.28682e-05,6.40688e-05,5.19394e-05,3.80081e-05,2.32792e-05,7.85152e-06,-7.62373e-06,-2.25441e-05,-3.63834e-05,-4.87098e-05,-5.91948e-05,-6.76132e-05,-7.38357e-05,-7.78166e-05,-7.95784e-05,-7.91966e-05,-7.67854e-05,-7.24869e-05,-6.64636e-05,-5.88953e-05,-4.99772e-05,-3.99221e-05,-2.8961e-05,-1.73437e-05,-5.33718e-06,6.77952e-06,1.8723e-05,3.02165e-05,4.10031e-05,5.08592e-05,5.96076e-05,6.71283e-05,7.33656e-05,7.83297e-05,8.2094e-05,8.47863e-05,8.65759e-05,8.7657e-05,8.82309e-05,8.84874e-05,8.85891e-05,8.86583e-05,8.8769e-05,8.89441e-05,8.91578e-05,8.93434e-05,8.94046e-05,8.92298e-05,8.87075e-05,8.7741e-05,8.62624e-05,8.4242e-05,8.1695e-05,7.86831e-05,7.53118e-05,7.17224e-05,6.80809e-05,6.45631e-05,6.13383e-05,5.8551e-05,5.63057e-05,5.46515e-05,5.35731e-05,5.2985e-05,5.27333e-05,5.26033e-05,5.23334e-05,5.1635e-05,5.02155e-05,4.7804e-05,4.41758e-05,3.91747e-05,3.27296e-05,2.48648e-05,1.5702e-05,5.45517e-06,-5.58226e-06,-1.70554e-05,-2.85693e-05,-3.97109e-05,-5.00708e-05,-5.92602e-05,-6.69261e-05,-7.27601e-05,-7.65051e-05,-7.79596e-05,-7.69804e-05,-7.34876e-05,-6.74697e-05,-5.89918e-05,-4.8205e-05,-3.53543e-05,-2.07853e-05,-4.94514e-06,1.16233e-05,2.82963e-05,4.4393e-05,5.92075e-05,7.20481e-05,8.22791e-05,8.98571e-05,9.39082e-05,9.33346e-05,8.79383e-05,7.81849e-05,6.51331e-05,5.0289e-05,3.53084e-05,2.15984e-05,9.9102e-06,0
0,1.25617e-05,2.56184e-05,3.92135e-05,5.23789e-05,6.36814e-05,7.16636e-05,7.5223e-05,7.38433e-05,6.76451e-05,5.72817e-05,4.38302e-05,2.89411e-05,1.36562e-05,-1.96394e-06,-1.72585e-05,-3.16364e-05,-4.46019e-05,-5.57691e-05,-6.4867e-05,-7.17349e-05,-7.63106e-05,-7.86141e-05,-7.87292e-05,-7.67854e-05,-7.29424e-05,-6.73782e-05,-6.02819e-05,-5.185e-05,-4.22867e-05,-3.18059e-05,-2.06331e-05,-9.00715e-06,2.82084e-06,1.4592e-05,2.6047e-05,3.69371e-05,4.70364e-05,5.61558e-05,6.41551e-05,7.09533e-05,7.65337e-05,8.09453e-05,8.42972e-05,8.67484e-05,8.84926e-05,8.97403e-05,9.06989e-05,9.15536e-05,9.24514e-05,9.3488e-05,9.47011e-05,9.60694e-05,9.75166e-05,9.89222e-05,0.000100135,0.000100991,0.00010133,0.000101014,9.99408e-05,9.80591e-05,9.53726e-05,9.19441e-05,8.78922e-05,8.33839e-05,7.86216e-05,7.38274e-05,6.92239e-05,6.50143e-05,6.13629e-05,5.83777e-05,5.60969e-05,5.4481e-05,5.34113e-05,5.26957e-05,5.20816e-05,5.12755e-05,4.99663e-05,4.78533e-05,4.46722e-05,4.02207e-05,3.43778e-05,2.71176e-05,1.85137e-05,8.73674e-06,-1.95677e-06,-1.32413e-05,-2.47429e-05,-3.60619e-05,-4.67941e-05,-5.65492e-05,-6.49655e-05,-7.17198e-05,-7.65339e-05,-7.91783e-05,-7.94752e-05,-7.73029e-05,-7.26015e-05,-6.5382e-05,-5.5737e-05,-4.38523e-05,-3.00165e-05,-1.46269e-05,1.81228e-06,1.87001e-05,3.53592e-05,5.10663e-05,6.50903e-05,7.67364e-05,8.59449e-05,9.17381e-05,9.28402e-05,8.88992e-05,8.02466e-05,6.78472e-05,5.31731e-05,3.79127e-05,2.35592e-05,1.0972e-05,0
0,1.31875e-05,2.66637e-05,4.03383e-05,5.31642e-05,6.36838e-05,7.04856e-05,7.25773e-05,6.95957e-05,6.18265e-05,5.00707e-05,3.55239e-05,1.99459e-05,4.39997e-06,-1.11064e-05,-2.59168e-05,-3.94652e-05,-5.12989e-05,-6.10892e-05,-6.86315e-05,-7.38356e-05,-7.67103e-05,-7.73422e-05,-7.58745e-05,-7.24869e-05,-6.73782e-05,-6.0755e-05,-5.28235e-05,-4.37878e-05,-3.38503e-05,-2.32157e-05,-1.2094e-05,-7.03723e-07,1.07286e-05,2.19713e-05,3.27951e-05,4.29826e-05,5.23412e-05,6.07156e-05,6.80003e-05,7.41483e-05,7.91762e-05,8.31636e-05,8.62467e-05,8.86066e-05,9.04529e-05,9.20042e-05,9.34679e-05,9.50205e-05,9.67908e-05,9.88482e-05,0.000101197,0.000103774,0.000106459,0.000109083,0.000111447,0.000113338,0.000114555,0.000114919,0.000114299,0.000112621,0.000109875,0.000106124,0.000101495,9.61749e-05,9.03964e-05,8.44213e-05,7.85192e-05,7.29456e-05,6.79199e-05,6.36048e-05,6.00903e-05,5.73827e-05,5.54006e-05,5.39788e-05,5.28795e-05,5.18118e-05,5.04549e-05,4.84868e-05,4.56126e-05,4.15916e-05,3.62596e-05,2.9545e-05,2.14762e-05,1.21812e-05,1.87823e-06,-9.13949e-06,-2.05239e-05,-3.1894e-05,-4.28577e-05,-5.30301e-05,-6.20485e-05,-6.95826e-05,-7.53407e-05,-7.90729e-05,-8.05742e-05,-7.96872e-05,-7.63089e-05,-7.03996e-05,-6.1995e-05,-5.12204e-05,-3.83037e-05,-2.35851e-05,-7.52073e-06,9.32315e-06,2.62863e-05,4.26414e-05,5.76314e-05,7.05137e-05,8.12254e-05,8.8695e-05,9.1473e-05,8.90499e-05,8.1612e-05,7.00103e-05,5.56604e-05,4.02616e-05,2.53782e-05,1.19745e-05,0
0,1.36887e-05,2.74589e-05,4.1082e-05,5.3443e-05,6.30784e-05,6.8642e-05,6.92683e-05,6.47564e-05,5.55569e-05,4.26109e-05,2.72188e-05,1.12338e-05,-4.27444e-06,-1.93677e-05,-3.3407e-05,-4.58646e-05,-5.63423e-05,-6.45779e-05,-7.044e-05,-7.39137e-05,-7.50796e-05,-7.40898e-05,-7.11432e-05,-6.64636e-05,-6.02819e-05,-5.28235e-05,-4.43023e-05,-3.4919e-05,-2.48638e-05,-1.43215e-05,-3.47699e-06,7.48076e-06,1.83571e-05,2.89537e-05,3.90748e-05,4.85367e-05,5.71789e-05,6.48774e-05,7.15556e-05,7.71934e-05,8.18311e-05,8.55683e-05,8.85572e-05,9.099e-05,9.30821e-05,9.50523e-05,9.71023e-05,9.93967e-05,0.000102047,0.0001051,0.00010853,0.000112243,0.000116082,0.00011984,0.000123278,0.000126146,0.000128203,0.00012924,0.000129099,0.000127682,0.000124969,0.000121015,0.000115952,0.000109981,0.000103358,9.63734e-05,8.93358e-05,8.25435e-05,7.62625e-05,7.07031e-05,6.60014e-05,6.22065e-05,5.92734e-05,5.7066e-05,5.53664e-05,5.38929e-05,5.23242e-05,5.0327e-05,4.75862e-05,4.38327e-05,3.88679e-05,3.2582e-05,2.49633e-05,1.61e-05,6.17305e-06,-4.55791e-06,-1.57736e-05,-2.71165e-05,-3.82119e-05,-4.86869e-05,-5.81849e-05,-6.63759e-05,-7.29621e-05,-7.76813e-05,-8.03081e-05,-8.06571e-05,-7.85883e-05,-7.4016e-05,-6.69226e-05,-5.73736e-05,-4.55342e-05,-3.16832e-05,-1.62208e-05,3.31426e-07,1.73423e-05,3.4094e-05,4.98166e-05,6.37319e-05,7.57883e-05,8.48336e-05,8.92517e-05,8.83766e-05,8.22411e-05,7.15666e-05,5.76899e-05,4.22995e-05,2.7014e-05,1.28954e-05,0
0,1.40567e-05,2.79909e-05,4.14349e-05,5.32181e-05,6.18894e-05,6.61864e-05,6.53838e-05,5.94481e-05,4.89913e-05,3.50825e-05,1.9111e-05,3.00752e-06,-1.21685e-05,-2.65629e-05,-3.95674e-05,-5.0704e-05,-5.96389e-05,-6.61841e-05,-7.02863e-05,-7.20074e-05,-7.14997e-05,-6.89771e-05,-6.46888e-05,-5.88953e-05,-5.185e-05,-4.37878e-05,-3.4919e-05,-2.54301e-05,-1.54883e-05,-5.24814e-06,5.14014e-06,1.5525e-05,2.57501e-05,3.56551e-05,4.50801e-05,5.38742e-05,6.19068e-05,6.90792e-05,7.5336e-05,8.06731e-05,8.51424e-05,8.88503e-05,9.19511e-05,9.46352e-05,9.71127e-05,9.95942e-05,0.000102271,0.000105294,0.000108762,0.000112703,0.000117076,0.000121763,0.000126586,0.000131311,0.000135674,0.000139394,0.000142206,0.000143872,0.000144211,0.000143106,0.000140522,0.000136507,0.000131192,0.000124782,0.000117546,0.000109797,0.000101866,9.40851e-05,8.67532e-05,8.01179e-05,7.43526e-05,6.95421e-05,6.56749e-05,6.26436e-05,6.02534e-05,5.82392e-05,5.62878e-05,5.40663e-05,5.12512e-05,4.75574e-05,4.27633e-05,3.67303e-05,2.94144e-05,2.08694e-05,1.12416e-05,7.57496e-07,-1.0294e-05,-2.15821e-05,-3.27543e-05,-4.34554e-05,-5.33413e-05,-6.20894e-05,-6.94033e-05,-7.50159e-05,-7.86895e-05,-8.02178e-05,-7.94307e-05,-7.62029e-05,-7.04677e-05,-6.22337e-05,-5.16036e-05,-3.87921e-05,-2.41385e-05,-8.11117e-06,8.69815e-06,2.55932e-05,4.18042e-05,5.65302e-05,6.9746e-05,8.02338e-05,8.62208e-05,8.68894e-05,8.2115e-05,7.24766e-05,5.92126e-05,4.39784e-05,2.84286e-05,1.37136e-05,0
0,1.4286e-05,2.82533e-05,4.13969e-05,5.25049e-05,6.01561e-05,6.31884e-05,6.10267e-05,5.38061e-05,4.22919e-05,2.76669e-05,1.13915e-05,-4.54336e-06,-1.91036e-05,-3.2534e-05,-4.42687e-05,-5.38896e-05,-6.11358e-05,-6.58984e-05,-6.82051e-05,-6.81946e-05,-6.60875e-05,-6.21549e-05,-5.66887e-05,-4.99772e-05,-4.22867e-05,-3.38503e-05,-2.48638e-05,-1.54883e-05,-5.85687e-06,3.91548e-06,1.37222e-05,2.34563e-05,3.30051e-05,4.22491e-05,5.1065e-05,5.93329e-05,6.69468e-05,7.38257e-05,7.99242e-05,8.52417e-05,8.98262e-05,9.37747e-05,9.72275e-05,0.000100358,0.000103359,0.000106424,0.000109728,0.000113414,0.000117568,0.000122214,0.000127306,0.000132722,0.000138276,0.000143726,0.000148794,0.000153187,0.000156619,0.000158835,0.000159634,0.000158883,0.000156532,0.000152615,0.000147259,0.000140665,0.000133105,0.0001249,0.000116393,0.00010793,9.98322e-05,9.23677e-05,8.57345e-05,8.00435e-05,7.53099e-05,7.14528e-05,6.8303e-05,6.56175e-05,6.31018e-05,6.04356e-05,5.73013e-05,5.34121e-05,4.85372e-05,4.25216e-05,3.52989e-05,2.68955e-05,1.7428e-05,7.09157e-06,-3.85571e-06,-1.5112e-05,-2.63512e-05,-3.72408e-05,-4.74554e-05,-5.66863e-05,-6.46461e-05,-7.10698e-05,-7.57152e-05,-7.83629e-05,-7.88202e-05,-7.69288e-05,-7.25787e-05,-6.57254e-05,-5.64116e-05,-4.47873e-05,-3.11273e-05,-1.58409e-05,5.28287e-07,1.73165e-05,3.37662e-05,4.90661e-05,6.32336e-05,7.5001e-05,8.24516e-05,8.46247e-05,8.12386e-05,7.27206e-05,6.01937e-05,4.52596e-05,2.95895e-05,1.44105e-05,0
0,1.43748e-05,2.82469e-05,4.0979e-05,5.13323e-05,5.79332e-05,5.97332e-05,5.63138e-05,4.79756e-05,3.56258e-05,2.05437e-05,4.2418e-06,-1.1246e-05,-2.49255e-05,-3.71535e-05,-4.74174e-05,-5.53678e-05,-6.08222e-05,-6.37546e-05,-6.42735e-05,-6.25924e-05,-5.89957e-05,-5.38042e-05,-4.73443e-05,-3.99221e-05,-3.18059e-05,-2.32157e-05,-1.43215e-05,-5.24814e-06,3.91548e-06,1.31036e-05,2.22611e-05,3.13316e-05,4.02505e-05,4.89408e-05,5.73152e-05,6.52814e-05,7.27511e-05,7.96513e-05,8.59341e-05,9.15861e-05,9.6634e-05,0.000101146,0.00010523,0.000109025,0.000112691,0.000116396,0.000120297,0.000124527,0.000129175,0.000134272,0.000139784,0.000145605,0.000151564,0.000157428,0.000162924,0.000167757,0.000171635,0.000174292,0.000175512,0.000175148,0.000173132,0.000169488,0.000164325,0.000157838,0.000150289,0.000141993,0.00013329,0.000124524,0.000116016,0.00010804,0.0001008,9.44187e-05,8.89295e-05,8.42732e-05,8.03066e-05,7.68157e-05,7.35352e-05,7.01718e-05,6.64302e-05,6.2039e-05,5.67744e-05,5.04796e-05,4.30777e-05,3.45774e-05,2.50712e-05,1.47262e-05,3.77045e-06,-7.52503e-06,-1.88639e-05,-2.99413e-05,-4.04562e-05,-5.01205e-05,-5.86623e-05,-6.58267e-05,-7.13744e-05,-7.50805e-05,-7.67373e-05,-7.6161e-05,-7.32047e-05,-6.77764e-05,-5.98618e-05,-4.95476e-05,-3.7043e-05,-2.26942e-05,-6.98943e-06,9.44886e-06,2.58866e-05,4.15144e-05,5.64077e-05,6.92657e-05,7.80428e-05,8.16463e-05,7.9642e-05,7.23005e-05,6.0616e-05,4.61169e-05,3.04718e-05,1.49708e-05,0
0,1.43251e-05,2.79802e-05,4.02028e-05,4.97431e-05,5.52903e-05,5.59203e-05,5.13736e-05,4.21092e-05,2.91614e-05,1.38868e-05,-2.17004e-06,-1.69484e-05,-2.95074e-05,-4.03277e-05,-4.8959e-05,-5.5127e-05,-5.87316e-05,-5.98305e-05,-5.86116e-05,-5.53586e-05,-5.04129e-05,-4.41371e-05,-3.6882e-05,-2.8961e-05,-2.06331e-05,-1.2094e-05,-3.47699e-06,5.14014e-06,1.37222e-05,2.22611e-05,3.07598e-05,3.92184e-05,4.76231e-05,5.5941e-05,6.41187e-05,7.2087e-05,7.9768e-05,8.7085e-05,9.39733e-05,0.000100389,0.000106317,0.000111775,0.000116815,0.000121522,0.000126008,0.000130405,0.000134847,0.000139464,0.000144357,0.000149585,0.00015515,0.000160987,0.00016696,0.00017287,0.000178468,0.00018347,0.000187589,0.000190555,0.000192142,0.000192188,0.000190611,0.000187417,0.0001827,0.000176636,0.000169469,0.000161493,0.000153027,0.000144396,0.000135897,0.000127786,0.000120255,0.00011342,0.000107318,0.000101906,9.70654e-05,9.26191e-05,8.83429e-05,8.39875e-05,7.92988e-05,7.40409e-05,6.8016e-05,6.10824e-05,5.31667e-05,4.42705e-05,3.44695e-05,2.3907e-05,1.27818e-05,1.33299e-06,-1.01762e-05,-2.14729e-05,-3.22866e-05,-4.23559e-05,-5.14317e-05,-5.92762e-05,-6.56606e-05,-7.03623e-05,-7.31666e-05,-7.38715e-05,-7.23003e-05,-6.83198e-05,-6.18633e-05,-5.29573e-05,-4.17455e-05,-2.85088e-05,-1.36756e-05,2.18104e-06,1.836e-05,3.40649e-05,4.94447e-05,6.31823e-05,7.31193e-05,7.80451e-05,7.73814e-05,7.12416e-05,6.04807e-05,4.65375e-05,3.10589e-05,1.53833e-05,0
0,1.41432e-05,2.74693e-05,3.91013e-05,4.77935e-05,5.23112e-05,5.18625e-05,4.63446e-05,3.63642e-05,2.30651e-05,7.86021e-06,-7.69316e-06,-2.15232e-05,-3.27542e-05,-4.20001e-05,-4.88802e-05,-5.31998e-05,-5.4943e-05,-5.42495e-05,-5.13829e-05,-4.66907e-05,-4.05636e-05,-3.3396e-05,-2.55528e-05,-1.73437e-05,-9.00715e-06,-7.03723e-07,7.48076e-06,1.5525e-05,2.34563e-05,3.13316e-05,3.92184e-05,4.71772e-05,5.5248e-05,6.34422e-05,7.17387e-05,8.00862e-05,8.84091e-05,9.66157e-05,0.000104609,0.000112294,0.000119592,0.000126444,0.000132822,0.000138733,0.00014422,0.000149364,0.000154278,0.000159092,0.000163937,0.000168923,0.000174116,0.000179521,0.000185068,0.000190614,0.000195952,0.000200826,0.000204961,0.000208089,0.000209976,0.000210449,0.00020941,0.000206847,0.000202834,0.000197523,0.000191131,0.000183919,0.000176167,0.000168155,0.000160135,0.000152318,0.000144855,0.000137836,0.000131283,0.000125158,0.000119372,0.000113788,0.00010824,0.000102542,9.65038e-05,8.99484e-05,8.27259e-05,7.47287e-05,6.59028e-05,5.62541e-05,4.58497e-05,3.48132e-05,2.33155e-05,1.15624e-05,-2.18979e-07,-1.1793e-05,-2.2925e-05,-3.33871e-05,-4.29598e-05,-5.14299e-05,-5.85864e-05,-6.4217e-05,-6.81076e-05,-7.00459e-05,-6.98329e-05,-6.73009e-05,-6.23367e-05,-5.49105e-05,-4.51027e-05,-3.31285e-05,-1.9353e-05,-4.29449e-06,1.13873e-05,2.6919e-05,4.25378e-05,5.69261e-05,6.78299e-05,7.39379e-05,7.45387e-05,6.95922e-05,5.98089e-05,4.65236e-05,3.13441e-05,1.56415e-05,0
0,1.38394e-05,2.67383e-05,3.77184e-05,4.55522e-05,4.90926e-05,4.7683e-05,4.13719e-05,3.08987e-05,1.7497e-05,2.61448e-06,-1.21981e-05,-2.48719e-05,-3.46052e-05,-4.21537e-05,-4.7211e-05,-4.96644e-05,-4.95809e-05,-4.71793e-05,-4.27927e-05,-3.68246e-05,-2.97055e-05,-2.18513e-05,-1.36303e-05,-5.33718e-06,2.82084e-06,1.07286e-05,1.83571e-05,2.57501e-05,3.30051e-05,4.02505e-05,4.76231e-05,5.5248e-05,6.32213e-05,7.15988e-05,8.03902e-05,8.9558e-05,9.90211e-05,0.000108662,0.000118334,0.000127873,0.00013711,0.000145883,0.000154052,0.000161515,0.000168224,0.000174194,0.000179509,0.00018431,0.000188777,0.000193102,0.000197449,0.000201929,0.000206571,0.000211315,0.000216014,0.000220452,0.000224372,0.000227511,0.000229628,0.000230539,0.000230129,0.000228371,0.000225316,0.000221091,0.000215877,0.000209891,0.000203358,0.000196487,0.000189457,0.000182401,0.000175399,0.000168484,0.000161644,0.000154837,0.000147997,0.000141041,0.00013388,0.000126415,0.000118549,0.00011019,0.00010126,9.17083e-05,8.15155e-05,7.07042e-05,5.93407e-05,4.75331e-05,3.54252e-05,2.3188e-05,1.10085e-05,-9.19663e-07,-1.24039e-05,-2.32564e-05,-3.32945e-05,-4.23367e-05,-5.01977e-05,-5.66829e-05,-6.15867e-05,-6.46944e-05,-6.57925e-05,-6.46858e-05,-6.12215e-05,-5.53184e-05,-4.69971e-05,-3.64083e-05,-2.38525e-05,-9.78899e-06,5.17043e-06,2.02846e-05,3.58914e-05,5.06887e-05,6.23444e-05,6.94643e-05,7.12194e-05,6.74234e-05,5.86408e-05,4.60925e-05,3.13311e-05,1.57438e-05,0
0,1.34278e-05,2.58189e-05,3.61079e-05,4.30992e-05,4.57416e-05,4.35132e-05,3.66036e-05,2.58678e-05,1.26069e-05,-1.71805e-06,-1.5581e-05,-2.69275e-05,-3.50375e-05,-4.08133e-05,-4.40257e-05,-4.46437e-05,-4.28144e-05,-3.883e-05,-3.30851e-05,-2.60303e-05,-1.81251e-05,-9.79675e-06,-1.40536e-06,6.77952e-06,1.4592e-05,2.19713e-05,2.89537e-05,3.56551e-05,4.22491e-05,4.89408e-05,5.5941e-05,6.34422e-05,7.15988e-05,8.05124e-05,9.02226e-05,0.000100703,0.000111861,0.000123544,0.000135541,0.0001476,0.000159433,0.000170744,0.000181244,0.000190688,0.000198902,0.000205816,0.000211474,0.000216041,0.000219772,0.000222976,0.000225962,0.000228988,0.000232222,0.000235713,0.000239394,0.000243096,0.000246583,0.000249592,0.000251874,0.000253229,0.000253531,0.000252734,0.000250874,0.000248054,0.000244417,0.000240125,0.00023533,0.000230148,0.000224651,0.000218853,0.000212727,0.000206211,0.000199235,0.000191737,0.000183676,0.000175038,0.000165833,0.000156085,0.00014582,0.000135065,0.000123842,0.000112177,0.000100104,8.76726e-05,7.49553e-05,6.20475e-05,4.90662e-05,3.61445e-05,2.34255e-05,1.1055e-05,-8.22757e-07,-1.2067e-05,-2.25388e-05,-3.2096e-05,-4.05861e-05,-4.78403e-05,-5.36689e-05,-5.78628e-05,-6.0202e-05,-6.04715e-05,-5.84856e-05,-5.41181e-05,-4.73344e-05,-3.82231e-05,-2.70206e-05,-1.41248e-05,-9.44736e-08,1.43689e-05,2.97154e-05,4.46727e-05,5.68477e-05,6.47831e-05,6.75495e-05,6.48265e-05,5.70354e-05,4.52764e-05,3.10334e-05,1.5694e-05,0
0,1.29261e-05,2.47488e-05,3.43319e-05,4.05234e-05,4.23727e-05,3.94883e-05,3.2187e-05,2.14188e-05,8.52948e-06,-5.02737e-06,-1.77666e-05,-2.7658e-05,-3.40669e-05,-3.80453e-05,-3.94416e-05,-3.83037e-05,-3.48535e-05,-2.94489e-05,-2.25371e-05,-1.4605e-05,-6.13067e-06,2.45888e-06,1.08216e-05,1.8723e-05,2.6047e-05,3.27951e-05,3.90748e-05,4.50801e-05,5.1065e-05,5.73152e-05,6.41187e-05,7.17387e-05,8.03902e-05,9.02226e-05,0.000101307,0.000113627,0.000127077,0.000141462,0.000156497,0.000171821,0.000187005,0.000201578,0.000215064,0.000227025,0.000237118,0.000245154,0.000251129,0.000255239,0.000257849,0.000259434,0.000260504,0.000261519,0.000262829,0.000264623,0.000266929,0.000269627,0.000272494,0.000275259,0.000277654,0.00027946,0.000280538,0.000280834,0.000280376,0.000279247,0.000277561,0.000275421,0.000272889,0.000269962,0.000266562,0.000262546,0.000257724,0.000251899,0.000244907,0.000236648,0.000227111,0.000216371,0.000204574,0.000191906,0.000178562,0.000164722,0.000150539,0.000136138,0.00012162,0.000107073,9.25787e-05,7.82209e-05,6.40876e-05,5.02707e-05,3.68639e-05,2.39593e-05,1.16462e-05,1.12709e-08,-1.08575e-05,-2.08643e-05,-2.98972e-05,-3.782e-05,-4.44669e-05,-4.96423e-05,-5.31273e-05,-5.4695e-05,-5.41348e-05,-5.12818e-05,-4.60521e-05,-3.84763e-05,-2.87283e-05,-1.7144e-05,-4.22574e-06,9.37073e-06,2.42175e-05,3.90844e-05,5.15341e-05,6.00665e-05,6.36718e-05,6.19105e-05,5.50678e-05,4.4121e-05,3.04746e-05,1.55011e-05,0
0,1.23552e-05,2.35716e-05,3.24592e-05,3.79197e-05,3.91043e-05,3.57432e-05,2.82631e-05,1.76861e-05,5.37978e-06,-7.2299e-06,-1.87123e-05,-2.7068e-05,-3.17492e-05,-3.39575e-05,-3.36169e-05,-3.08492e-05,-2.59436e-05,-1.93144e-05,-1.14506e-05,-2.86441e-06,5.95862e-06,1.46021e-05,2.27518e-05,3.02165e-05,3.69371e-05,4.29826e-05,4.85367e-05,5.38742e-05,5.93329e-05,6.52814e-05,7.2087e-05,8.00862e-05,8.9558e-05,0.000100703,0.000113627,0.000128328,0.00014469,0.000162473,0.000181315,0.000200731,0.000220126,0.00023882,0.000256093,0.000271253,0.000283727,0.000293157,0.00029947,0.000302905,0.00030398,0.000303405,0.00030196,0.000300381,0.000299247,0.000298926,0.000299546,0.000301031,0.000303151,0.000305604,0.000308087,0.000310353,0.000312251,0.00031373,0.000314826,0.000315626,0.000316223,0.000316664,0.000316911,0.000316814,0.000316104,0.000314416,0.000311341,0.000306485,0.000299546,0.000290367,0.000278973,0.000265562,0.000250467,0.000234093,0.000216857,0.000199136,0.000181244,0.000163425,0.000145859,0.000128675,0.000111966,9.58009e-05,8.02346e-05,6.53122e-05,5.10718e-05,3.75455e-05,2.47605e-05,1.27428e-05,1.52263e-06,-8.85753e-06,-1.8333e-05,-2.68076e-05,-3.41467e-05,-4.01754e-05,-4.4684e-05,-4.7442e-05,-4.82211e-05,-4.68259e-05,-4.31293e-05,-3.71092e-05,-2.88804e-05,-1.87177e-05,-7.06526e-06,5.47147e-06,1.95941e-05,3.41255e-05,4.65998e-05,5.54944e-05,5.97403e-05,5.87977e-05,5.2827e-05,4.26845e-05,2.96872e-05,1.51784e-05,0
0,1.1738e-05,2.23346e-05,3.0563e-05,3.5386e-05,3.60545e-05,3.24079e-05,2.49617e-05,1.47865e-05,3.24844e-06,-8.27209e-06,-1.84099e-05,-2.51996e-05,-2.81789e-05,-2.86962e-05,-2.67464e-05,-2.25179e-05,-1.63578e-05,-8.72576e-06,-1.41458e-07,8.86929e-06,1.78244e-05,2.63278e-05,3.41011e-05,4.10031e-05,4.70364e-05,5.23412e-05,5.71789e-05,6.19068e-05,6.69468e-05,7.27511e-05,7.9768e-05,8.84091e-05,9.90211e-05,0.000111861,0.000127077,0.00014469,0.00016458,0.000186474,0.000209932,0.000234344,0.00025893,0.000282763,0.000304817,0.000324063,0.000339604,0.000350834,0.000357572,0.000360119,0.000359206,0.000355865,0.000351251,0.00034646,0.000342373,0.000339563,0.000338267,0.000338423,0.000339761,0.00034191,0.000344497,0.000347236,0.000349966,0.000352657,0.000355384,0.000358268,0.00036141,0.000364816,0.000368344,0.000371664,0.000374263,0.000375487,0.00037462,0.000370995,0.000364112,0.00035373,0.000339924,0.000323066,0.000303755,0.000282698,0.000260601,0.000238086,0.000215657,0.000193692,0.000172452,0.000152104,0.000132746,0.000114426,9.71579e-05,8.09323e-05,6.57247e-05,5.15e-05,3.82172e-05,2.58352e-05,1.432e-05,3.6549e-06,-6.14904e-06,-1.5042e-05,-2.29274e-05,-2.96582e-05,-3.50416e-05,-3.88511e-05,-4.08492e-05,-4.08177e-05,-3.8594e-05,-3.41095e-05,-2.74246e-05,-1.87554e-05,-8.48788e-06,2.82554e-06,1.60217e-05,2.99848e-05,4.22348e-05,5.12463e-05,5.59142e-05,5.56192e-05,5.04122e-05,4.10343e-05,2.8711e-05,1.47439e-05,0
0,1.10992e-05,2.10871e-05,2.87176e-05,3.30194e-05,3.33369e-05,2.96019e-05,2.23965e-05,1.28142e-05,2.19778e-06,-8.13334e-06,-1.6887e-05,-2.21321e-05,-2.34873e-05,-2.2442e-05,-1.90551e-05,-1.35721e-05,-6.38704e-06,2.00706e-06,1.10722e-05,2.02803e-05,2.91628e-05,3.73526e-05,4.46136e-05,5.08592e-05,5.61558e-05,6.07156e-05,6.48774e-05,6.90792e-05,7.38257e-05,7.96513e-05,8.7085e-05,9.66157e-05,0.000108662,0.000123544,0.000141462,0.000162473,0.000186474,0.000213173,0.000242075,0.000272454,0.000303343,0.000333533,0.000361625,0.000386135,0.000405695,0.000419321,0.000426664,0.000428103,0.000424674,0.000417863,0.000409337,0.000400673,0.000393136,0.000387539,0.000384213,0.000383069,0.00038373,0.00038569,0.000388462,0.000391694,0.000395221,0.000399064,0.000403384,0.00040839,0.000414237,0.000420925,0.000428208,0.00043555,0.00044213,0.000446907,0.000448752,0.000446614,0.000439709,0.000427674,0.000410655,0.000389287,0.000364556,0.000337593,0.000309479,0.000281135,0.000253274,0.000226408,0.000200868,0.000176848,0.000154435,0.000133642,0.000114432,9.67309e-05,8.04439e-05,6.5462e-05,5.167e-05,3.89543e-05,2.72117e-05,1.63612e-05,6.35519e-06,-2.80846e-06,-1.10769e-05,-1.83378e-05,-2.4422e-05,-2.91151e-05,-3.21785e-05,-3.33797e-05,-3.25286e-05,-2.95174e-05,-2.43582e-05,-1.72126e-05,-8.40996e-06,1.55158e-06,1.36472e-05,2.68287e-05,3.86141e-05,4.74944e-05,5.23513e-05,5.25094e-05,4.79287e-05,3.92454e-05,2.75924e-05,1.42188e-05,0
0,1.04636e-05,1.9879e-05,2.69962e-05,3.09122e-05,3.10552e-05,2.743e-05,2.06599e-05,1.18363e-05,2.25852e-06,-6.82771e-06,-1.42072e-05,-1.79801e-05,-1.78383e-05,-1.5404e-05,-1.07908e-05,-4.28995e-06,3.67023e-06,1.2576e-05,2.18833e-05,3.10727e-05,3.96985e-05,4.74292e-05,5.40757e-05,5.96076e-05,6.41551e-05,6.80003e-05,7.15556e-05,7.5336e-05,7.99242e-05,8.59341e-05,9.39733e-05,0.000104609,0.000118334,0.000135541,0.000156497,0.000181315,0.000209932,0.000242075,0.000277229,0.00031459,0.000353026,0.000391041,0.000426788,0.000458167,0.000483104,0.000500001,0.000508234,0.000508306,0.0005017,0.000490547,0.000477226,0.000463958,0.000452493,0.00044392,0.000438632,0.00043643,0.000436723,0.00043877,0.000441897,0.00044565,0.000449869,0.000454675,0.000460383,0.000467376,0.000475945,0.000486133,0.000497613,0.000509615,0.000520929,0.00053001,0.00053516,0.000534788,0.000527697,0.000513337,0.000491959,0.000464601,0.000432847,0.000398432,0.000362929,0.000327599,0.000293365,0.000260848,0.00023042,0.00020227,0.000176452,0.000152923,0.000131578,0.000112268,9.4821e-05,7.90467e-05,6.47515e-05,5.17452e-05,3.98525e-05,2.89244e-05,1.8851e-05,9.57443e-06,1.09882e-06,-6.5036e-06,-1.3094e-05,-1.84773e-05,-2.2422e-05,-2.46897e-05,-2.50717e-05,-2.34295e-05,-1.97337e-05,-1.40974e-05,-6.79639e-06,1.72466e-06,1.25803e-05,2.47933e-05,3.58901e-05,4.43956e-05,4.92012e-05,4.96003e-05,4.54838e-05,3.73963e-05,2.63813e-05,1.36271e-05,0
0,9.85602e-06,1.87581e-05,2.54674e-05,2.91483e-05,2.92996e-05,2.59771e-05,1.98188e-05,1.18898e-05,3.42778e-06,-4.40426e-06,-1.04684e-05,-1.28898e-05,-1.1423e-05,-7.8123e-06,-2.21447e-06,5.04606e-06,1.35204e-05,2.26872e-05,3.20084e-05,4.09835e-05,4.91972e-05,5.63584e-05,6.23271e-05,6.71283e-05,7.09533e-05,7.41483e-05,7.71934e-05,8.06731e-05,8.52417e-05,9.15861e-05,0.000100389,0.000112294,0.000127873,0.0001476,0.000171821,0.000200731,0.000234344,0.000272454,0.00031459,0.000359945,0.000407297,0.000454905,0.000500425,0.000540936,0.000573249,0.000594694,0.000604214,0.000602541,0.000591848,0.000575206,0.000555982,0.000537266,0.000521425,0.000509853,0.000502937,0.00050023,0.000500765,0.000503411,0.000507191,0.000511503,0.000516205,0.000521588,0.000528236,0.000536832,0.000547923,0.000561692,0.000577771,0.00059513,0.000612079,0.000626402,0.000635624,0.000637386,0.000629875,0.000612232,0.000584846,0.000549392,0.000508432,0.000464599,0.000420088,0.000376514,0.000334962,0.000296099,0.000260278,0.000227634,0.000198149,0.000171698,0.000148091,0.000127094,0.000108445,9.18716e-05,7.70978e-05,6.38558e-05,5.18967e-05,4.10024e-05,3.09992e-05,2.1771e-05,1.32702e-05,5.5245e-06,-1.36308e-06,-7.22339e-06,-1.18398e-05,-1.4977e-05,-1.64165e-05,-1.59982e-05,-1.36601e-05,-9.4731e-06,-3.66513e-06,3.37061e-06,1.28863e-05,2.39767e-05,3.41845e-05,4.2084e-05,4.65985e-05,4.70157e-05,4.31815e-05,3.55661e-05,2.51297e-05,1.29941e-05,0
0,9.29953e-06,1.77688e-05,2.41928e-05,2.77995e-05,2.81425e-05,2.53044e-05,1.99114e-05,1.29792e-05,5.66843e-06,-9.45887e-07,-5.79987e-06,-7.03393e-06,-4.45258e-06,9.08326e-08,6.40937e-06,1.41597e-05,2.28862e-05,3.20733e-05,4.12003e-05,4.97942e-05,5.74761e-05,6.39983e-05,6.92691e-05,7.33656e-05,7.65337e-05,7.91762e-05,8.18311e-05,8.51424e-05,8.98262e-05,9.6634e-05,0.000106317,0.000119592,0.00013711,0.000159433,0.000187005,0.000220126,0.00025893,0.000303343,0.000353026,0.000407297,0.000464997,0.000524291,0.000582399,0.000635358,0.000678147,0.000705996,0.000717252,0.000713167,0.000697033,0.000673301,0.000646717,0.000621539,0.00060092,0.000586574,0.000578761,0.000576572,0.000578404,0.000582503,0.000587423,0.000592338,0.000597154,0.00060244,0.000609218,0.000618664,0.000631768,0.000648998,0.000670022,0.000693535,0.000717251,0.000738071,0.000752453,0.000756937,0.000748768,0.000726539,0.000690749,0.000644079,0.00059086,0.000535096,0.00047971,0.000426589,0.000376847,0.000331069,0.000289493,0.00025213,0.00021884,0.000189388,0.000163477,0.000140776,0.000120932,0.000103584,8.8375e-05,7.49614e-05,6.30217e-05,5.22703e-05,4.24706e-05,3.3448e-05,2.51018e-05,1.74127e-05,1.04434e-05,4.33132e-06,-7.29045e-07,-4.51364e-06,-6.80408e-06,-7.42813e-06,-6.30043e-06,-3.45855e-06,9.11257e-07,6.46286e-06,1.45821e-05,2.4434e-05,3.35826e-05,4.06647e-05,4.46566e-05,4.48658e-05,4.11187e-05,3.3831e-05,2.38893e-05,1.23458e-05,0
0,8.81489e-06,1.69498e-05,2.32238e-05,2.69223e-05,2.76353e-05,2.5447e-05,2.09454e-05,1.50758e-05,8.91023e-06,3.43369e-06,-3.56867e-07,-6.04948e-07,2.84994e-06,8.06043e-06,1.48237e-05,2.27923e-05,3.15183e-05,4.05043e-05,4.92574e-05,5.73394e-05,6.44117e-05,7.02702e-05,7.48686e-05,7.83297e-05,8.09453e-05,8.31636e-05,8.55683e-05,8.88503e-05,9.37747e-05,0.000101146,0.000111775,0.000126444,0.000145883,0.000170744,0.000201578,0.00023882,0.000282763,0.000333533,0.000391041,0.000454905,0.000524291,0.000597623,0.000672041,0.000742521,0.000801019,0.000837881,0.00085112,0.000843324,0.000819631,0.000786491,0.000750561,0.00071766,0.000691937,0.000675424,0.000668051,0.000668105,0.000672958,0.000679872,0.000686689,0.000692259,0.000696575,0.000700654,0.000706208,0.0007152,0.000729345,0.000749619,0.000775852,0.000806466,0.000838439,0.000867517,0.000888702,0.00089696,0.000888082,0.00085962,0.0008119,0.00074908,0.000679201,0.000608334,0.000540036,0.000476155,0.000417547,0.000364512,0.000317036,0.000274917,0.000237843,0.000205437,0.00017728,0.000152933,0.00013195,0.000113885,9.83026e-05,8.4787e-05,7.29496e-05,6.24417e-05,5.29668e-05,4.42946e-05,3.62718e-05,2.88312e-05,2.19926e-05,1.58571e-05,1.05904e-05,6.3971e-06,3.48645e-06,2.03249e-06,2.13366e-06,3.77626e-06,6.80751e-06,1.09225e-05,1.76342e-05,2.61737e-05,3.41286e-05,4.02091e-05,4.34628e-05,4.32422e-05,3.93803e-05,3.22609e-05,2.27092e-05,1.17073e-05,0
0,8.41961e-06,1.63326e-05,2.25998e-05,2.65556e-05,2.78064e-05,2.64118e-05,2.28972e-05,1.81193e-05,1.30526e-05,8.59462e-06,5.68541e-06,6.1929e-06,1.02591e-05,1.58591e-05,2.27894e-05,3.07135e-05,3.92049e-05,4.77964e-05,5.60315e-05,6.35126e-05,6.99429e-05,7.51598e-05,7.91569e-05,8.2094e-05,8.42972e-05,8.62467e-05,8.85572e-05,9.19511e-05,9.72275e-05,0.00010523,0.000116815,0.000132822,0.000154052,0.000181244,0.000215064,0.000256093,0.000304817,0.000361625,0.000426788,0.000500425,0.000582399,0.000672041,0.000767413,0.000863438,0.00094779,0.000996753,0.00101124,0.000997161,0.000962547,0.000916608,0.000868576,0.000826348,0.000795339,0.00077786,0.000773191,0.000778284,0.000788887,0.000800749,0.000810628,0.0008169,0.000819724,0.00082082,0.000822975,0.000829379,0.000842893,0.00086534,0.000896913,0.000935783,0.000978027,0.00101789,0.00104842,0.00106238,0.00105337,0.00101696,0.00095219,0.000864514,0.00077149,0.000681756,0.000598627,0.00052313,0.000455371,0.000395088,0.000341855,0.000295179,0.000254529,0.000219358,0.000189118,0.00016326,0.000141247,0.000122553,0.000106673,9.31266e-05,8.1466e-05,7.12867e-05,6.2239e-05,5.4041e-05,4.64906e-05,3.94732e-05,3.2965e-05,2.70273e-05,2.17918e-05,1.74363e-05,1.41516e-05,1.21032e-05,1.1392e-05,1.20176e-05,1.38511e-05,1.66214e-05,2.19602e-05,2.91572e-05,3.5824e-05,4.07511e-05,4.30741e-05,4.22136e-05,3.8036e-05,3.09163e-05,2.16336e-05,1.11023e-05,0
0,8.12725e-06,1.59402e-05,2.23468e-05,2.67192e-05,2.86595e-05,2.81777e-05,2.57136e-05,2.20198e-05,1.79693e-05,1.43772e-05,1.21398e-05,1.31526e-05,1.75568e-05,2.32673e-05,3.00954e-05,3.77302e-05,4.57801e-05,5.38184e-05,6.14322e-05,6.82678e-05,7.407e-05,7.87135e-05,8.22236e-05,8.47863e-05,8.67484e-05,8.86066e-05,9.099e-05,9.46352e-05,0.000100358,0.000109025,0.000121522,0.000138733,0.000161515,0.000190688,0.000227025,0.000271253,0.000324063,0.000386135,0.000458167,0.000540936,0.000635358,0.000742521,0.000863438,0.000997273,0.00113173,0.00119307,0.00120508,0.00117994,0.00112922,0.00106557,0.00100161,0.000947994,0.00091177,0.000895457,0.000897177,0.000911747,0.000932377,0.000952492,0.000967213,0.000974227,0.000973977,0.000969286,0.000964602,0.000965008,0.000975149,0.000998204,0.00103502,0.00108357,0.00113883,0.0011931,0.00123686,0.00125995,0.00125289,0.0012079,0.00111962,0.000988713,0.000863392,0.000751248,0.000652225,0.000565065,0.000488507,0.000421457,0.000362968,0.000312196,0.000268371,0.000230771,0.000198715,0.000171553,0.000148665,0.000129457,0.000113365,9.98555e-05,8.84326e-05,7.86462e-05,7.0102e-05,6.24745e-05,5.55171e-05,4.90718e-05,4.30716e-05,3.75364e-05,3.25598e-05,2.82861e-05,2.48791e-05,2.24859e-05,2.11985e-05,2.10185e-05,2.18308e-05,2.33889e-05,2.74325e-05,3.33012e-05,3.86274e-05,4.22864e-05,4.35151e-05,4.18234e-05,3.7137e-05,2.98461e-05,2.07004e-05,1.05513e-05,0
0,7.94688e-06,1.57864e-05,2.24757e-05,2.74129e-05,3.01744e-05,3.06968e-05,2.93139e-05,2.6663e-05,2.35144e-05,2.06093e-05,1.88157e-05,2.00739e-05,2.4542e-05,3.00926e-05,3.65671e-05,4.36945e-05,5.11296e-05,5.84952e-05,6.54275e-05,7.1618e-05,7.68505e-05,8.10307e-05,8.4206e-05,8.65759e-05,8.84926e-05,9.04529e-05,9.30821e-05,9.71127e-05,0.000103359,0.000112691,0.000126008,0.00014422,0.000168224,0.000198902,0.000237118,0.000283727,0.000339604,0.000405695,0.000483104,0.000573249,0.000678147,0.000801019,0.00094779,0.00113173,0.0013908,0.00144175,0.00144152,0.00139776,0.0013235,0.00123524,0.00115005,0.00108237,0.00104144,0.00102986,0.00104386,0.00107489,0.00111222,0.00114572,0.00116803,0.00117581,0.00116998,0.00115508,0.00113814,0.00112716,0.00112954,0.00115056,0.00119214,0.00125213,0.0013241,0.00139787,0.00146061,0.00149846,0.00149827,0.00144841,0.00133514,0.00111148,0.000945477,0.000810621,0.000696888,0.00059939,0.000515231,0.000442447,0.000379569,0.00032542,0.000279002,0.000239435,0.000205922,0.000177724,0.000154154,0.000134566,0.00011835,0.000104936,9.37938e-05,8.44388e-05,7.64443e-05,6.94498e-05,6.31723e-05,5.74149e-05,5.20702e-05,4.71168e-05,4.26071e-05,3.86468e-05,3.5365e-05,3.28806e-05,3.12657e-05,3.05124e-05,3.05081e-05,3.10208e-05,3.3886e-05,3.84821e-05,4.24573e-05,4.4773e-05,4.47772e-05,4.20882e-05,3.67142e-05,2.90851e-05,1.99392e-05,1.00715e-05,0
0,7.88276e-06,1.58749e-05,2.29828e-05,2.8617e-05,3.23078e-05,3.38965e-05,3.35944e-05,3.19154e-05,2.95292e-05,2.71149e-05,2.55284e-05,2.67723e-05,3.10397e-05,3.61782e-05,4.20738e-05,4.85084e-05,5.51934e-05,6.18082e-05,6.80414e-05,7.36291e-05,7.83899e-05,8.22525e-05,8.52751e-05,8.7657e-05,8.97403e-05,9.20042e-05,9.50523e-05,9.95942e-05,0.000106424,0.000116396,0.000130405,0.000149364,0.000174194,0.000205816,0.000245154,0.000293157,0.000350834,0.000419321,0.000500001,0.000594694,0.000705996,0.000837881,0.000996753,0.00119307,0.00144175,0.00149498,0.00149362,0.0014465,0.0013683,0.00127733,0.00119229,0.00112882,0.00109663,0.00109806,0.00112817,0.00117658,0.00123027,0.00127672,0.00130657,0.00131527,0.00130356,0.00127697,0.00124439,0.00121627,0.00120243,0.00121013,0.00124255,0.00129789,0.00136937,0.00144578,0.00151283,0.001555,0.00155793,0.00151103,0.00141132,0.00118236,0.00100082,0.000852687,0.000728933,0.000623986,0.00053425,0.000457248,0.000391156,0.000334552,0.000286263,0.000245286,0.000210735,0.000181809,0.000157772,0.000137945,0.000121691,0.000108418,9.75757e-05,8.86626e-05,8.12305e-05,7.48952e-05,6.93463e-05,6.43548e-05,5.97772e-05,5.55522e-05,5.169e-05,4.82533e-05,4.53301e-05,4.30019e-05,4.13105e-05,4.02272e-05,3.96298e-05,3.92905e-05,4.11266e-05,4.45432e-05,4.71972e-05,4.81342e-05,4.68203e-05,4.29972e-05,3.67774e-05,2.86533e-05,1.93702e-05,9.67586e-06,0
0,7.93427e-06,1.61999e-05,2.38497e-05,3.02934e-05,3.49958e-05,3.76841e-05,3.84337e-05,3.76308e-05,3.58503e-05,3.3722e-05,3.21074e-05,3.30881e-05,3.69087e-05,4.14093e-05,4.65334e-05,5.21269e-05,5.79663e-05,6.37928e-05,6.93485e-05,7.4412e-05,7.88308e-05,8.25473e-05,8.56191e-05,8.82309e-05,9.06989e-05,9.34679e-05,9.71023e-05,0.000102271,0.000109728,0.000120297,0.000134847,0.000154278,0.000179509,0.000211474,0.000251129,0.00029947,0.000357572,0.000426664,0.000508234,0.000604214,0.000717252,0.00085112,0.00101124,0.00120508,0.00144152,0.00149362,0.00149763,0.00146185,0.00139998,0.00132892,0.00126593,0.00122547,0.00121659,0.00124141,0.0012949,0.00136618,0.00144096,0.00150467,0.0015455,0.00155682,0.00153851,0.00149677,0.00144262,0.0013893,0.00134937,0.00133205,0.00134153,0.00137629,0.00142951,0.00149007,0.00154411,0.00157695,0.00157532,0.00152982,0.00143738,0.00121323,0.00102867,0.000875498,0.000746916,0.000637955,0.000545051,0.000465599,0.000397631,0.000339596,0.000290225,0.000248438,0.000213297,0.000183963,0.000159679,0.000139749,0.000123529,0.000110424,9.98789e-05,9.13889e-05,8.44985e-05,7.8812e-05,7.40015e-05,6.98143e-05,6.6076e-05,6.26886e-05,5.96205e-05,5.68886e-05,5.45343e-05,5.2594e-05,5.10694e-05,4.98998e-05,4.8942e-05,4.79614e-05,4.89423e-05,5.13035e-05,5.27019e-05,5.22634e-05,4.9575e-05,4.45138e-05,3.73153e-05,2.85551e-05,1.90041e-05,9.37254e-06,0
0,8.09601e-06,1.67458e-05,2.50445e-05,3.23876e-05,3.81571e-05,4.19506e-05,4.36982e-05,4.36578e-05,4.23171e-05,4.02712e-05,3.84044e-05,3.88927e-05,4.20477e-05,4.57174e-05,4.99143e-05,5.45576e-05,5.94953e-05,6.45329e-05,6.94661e-05,7.4112e-05,7.83399e-05,8.20966e-05,8.54269e-05,8.84874e-05,9.15536e-05,9.50205e-05,9.93967e-05,0.000105294,0.000113414,0.000124527,0.000139464,0.000159092,0.00018431,0.000216041,0.000255239,0.000302905,0.000360119,0.000428103,0.000508306,0.000602541,0.000713167,0.000843324,0.000997161,0.00117994,0.00139776,0.0014465,0.00146185,0.00145062,0.00142345,0.00139328,0.00137329,0.00137476,0.00140501,0.00146583,0.00155277,0.00165537,0.00175873,0.00184619,0.00190283,0.00191904,0.00189308,0.00183175,0.00174858,0.00166023,0.00158239,0.0015264,0.00149744,0.00149436,0.00151076,0.00153671,0.00156053,0.00157045,0.00155616,0.00151032,0.00142989,0.00121431,0.00103322,0.000880702,0.0007516,0.000641776,0.00054802,0.000467854,0.000399329,0.000340875,0.000291193,0.000249181,0.000213881,0.000184446,0.000160117,0.000140203,0.000124072,0.00011114,0.000100865,9.27512e-05,8.6351e-05,8.12686e-05,7.71695e-05,7.37859e-05,7.09195e-05,6.84398e-05,6.62745e-05,6.43939e-05,6.27887e-05,6.14437e-05,6.03118e-05,5.92899e-05,5.82032e-05,5.67989e-05,5.71139e-05,5.85669e-05,5.88057e-05,5.70296e-05,5.29469e-05,4.65782e-05,3.82967e-05,2.87801e-05,1.88416e-05,9.16494e-06,0
0,8.35816e-06,1.74888e-05,2.65237e-05,3.48314e-05,4.1697e-05,4.65763e-05,4.92486e-05,4.98461e-05,4.8779e-05,4.66224e-05,4.42996e-05,4.40943e-05,4.63986e-05,4.90819e-05,5.22355e-05,5.58583e-05,5.98739e-05,6.41537e-05,6.85443e-05,7.28968e-05,7.70948e-05,8.10797e-05,8.48725e-05,8.85891e-05,9.24514e-05,9.67908e-05,0.000102047,0.000108762,0.000117568,0.000129175,0.000144357,0.000163937,0.000188777,0.000219772,0.000257849,0.00030398,0.000359206,0.000424674,0.0005017,0.000591848,0.000697033,0.000819631,0.000962547,0.00112922,0.0013235,0.0013683,0.00139998,0.00142345,0.00144531,0.00147312,0.00151459,0.00157661,0.00166397,0.0017779,0.00191458,0.00206406,0.00221052,0.00233424,0.00241561,0.00244033,0.00240424,0.00231511,0.00219027,0.00205128,0.00191813,0.00180499,0.00171845,0.00165809,0.00161855,0.00159197,0.00157001,0.00154508,0.00151094,0.00146298,0.00139838,0.00119413,0.00102016,0.000871896,0.000745319,0.000637056,0.00054434,0.000464926,0.000396981,0.000338988,0.000289674,0.000247948,0.000212865,0.000183591,0.000159386,0.000139581,0.000123569,0.000110792,0.000100737,9.29299e-05,8.6942e-05,8.23901e-05,7.89433e-05,7.63277e-05,7.43285e-05,7.27876e-05,7.15951e-05,7.06744e-05,6.99631e-05,6.93895e-05,6.88502e-05,6.81911e-05,6.71956e-05,6.55824e-05,6.5426e-05,6.61324e-05,6.53305e-05,6.22848e-05,5.68222e-05,4.91109e-05,3.9673e-05,2.93036e-05,1.88739e-05,9.05171e-06,0
0,8.70703e-06,1.83978e-05,2.82338e-05,3.75462e-05,4.55113e-05,5.14355e-05,5.49455e-05,5.60528e-05,5.51011e-05,5.26598e-05,4.97054e-05,4.86403e-05,4.99474e-05,5.15293e-05,5.35628e-05,5.61313e-05,5.92359e-05,6.28126e-05,6.67561e-05,7.09456e-05,7.52715e-05,7.96613e-05,8.41018e-05,8.86583e-05,9.3488e-05,9.88482e-05,0.0001051,0.000112703,0.000122214,0.000134272,0.000149585,0.000168923,0.000193102,0.000222976,0.000259434,0.000303405,0.000355865,0.000417863,0.000490547,0.000575206,0.000673301,0.000786491,0.000916608,0.00106557,0.00123524,0.00127733,0.00132892,0.00139328,0.00147312,0.00157083,0.00168879,0.00182956,0.0019954,0.00218688,0.00240044,0.00262587,0.00284464,0.00303082,0.00315574,0.00319626,0.00314383,0.00300897,0.0028169,0.00259829,0.00238048,0.00218223,0.00201247,0.00187204,0.00175696,0.00166171,0.0015814,0.00151267,0.00145324,0.00140101,0.00135325,0.00116126,0.000995913,0.00085366,0.000731327,0.000626144,0.000535744,0.000458126,0.000391602,0.000334738,0.000286312,0.000245268,0.000210691,0.000181777,0.000157816,0.000138176,0.000122287,0.000109627,9.97224e-05,9.21338e-05,8.64613e-05,8.23445e-05,7.94659e-05,7.75542e-05,7.63853e-05,7.57791e-05,7.55915e-05,7.57007e-05,7.59899e-05,7.63274e-05,7.65481e-05,7.64395e-05,7.57344e-05,7.41141e-05,7.36765e-05,7.3803e-05,7.20943e-05,6.78709e-05,6.10729e-05,5.20168e-05,4.13808e-05,3.0089e-05,1.90835e-05,9.02712e-06,0
0,9.12574e-06,1.94355e-05,3.01143e-05,4.04462e-05,4.94911e-05,5.64019e-05,6.06548e-05,6.21475e-05,6.11689e-05,5.82953e-05,5.45686e-05,5.25173e-05,5.27222e-05,5.3129e-05,5.40039e-05,5.55167e-05,5.77457e-05,6.06894e-05,6.42863e-05,6.84377e-05,7.30342e-05,7.79812e-05,8.32241e-05,8.8769e-05,9.47011e-05,0.000101197,0.00010853,0.000117076,0.000127306,0.000139784,0.00015515,0.000174116,0.000197449,0.000225962,0.000260504,0.00030196,0.000351251,0.000409337,0.000477226,0.000555982,0.000646717,0.000750561,0.000868576,0.00100161,0.00115005,0.00119229,0.00126593,0.00137329,0.00151459,0.00168879,0.0018948,0.00213258,0.00240327,0.00270763,0.00304269,0.00339685,0.00374542,0.00404903,0.00425885,0.00433115,0.00424752,0.00402682,0.00371386,0.00335934,0.00300492,0.00267714,0.00238813,0.00213979,0.00192884,0.00175101,0.00160354,0.00148567,0.00139761,0.00133864,0.00130559,0.00112428,0.00096699,0.000830848,0.000713208,0.000611696,0.00052422,0.00044896,0.000384346,0.00032902,0.000281811,0.000241703,0.000207816,0.000179384,0.000155734,0.000136277,0.000120487,0.000107888,9.80519e-05,9.05822e-05,8.51173e-05,8.13274e-05,7.89167e-05,7.76242e-05,7.72233e-05,7.75178e-05,7.83333e-05,7.9505e-05,8.08622e-05,8.22113e-05,8.3322e-05,8.39176e-05,8.36738e-05,8.22265e-05,8.16843e-05,8.13936e-05,7.89188e-05,7.36266e-05,6.55629e-05,5.51903e-05,4.33455e-05,3.10896e-05,1.94458e-05,9.08157e-06,0
0,9.59502e-06,2.05609e-05,3.20998e-05,4.34417e-05,5.35261e-05,6.13526e-05,6.62514e-05,6.80158e-05,6.68903e-05,6.34696e-05,5.88694e-05,5.57482e-05,5.47891e-05,5.39875e-05,5.37001e-05,5.41832e-05,5.55896e-05,5.7977e-05,6.13224e-05,6.55442e-05,7.0527e-05,7.61485e-05,8.23067e-05,8.89441e-05,9.60694e-05,0.000103774,0.000112243,0.000121763,0.000132722,0.000145605,0.000160987,0.000179521,0.000201929,0.000228988,0.000261519,0.000300381,0.00034646,0.000400673,0.000463958,0.000537266,0.000621539,0.00071766,0.000826348,0.000947994,0.00108237,0.00112882,0.00122547,0.00137476,0.00157661,0.00182956,0.00213258,0.00248676,0.00289579,0.00336429,0.00389284,0.00446957,0.00505944,0.0055957,0.00598299,0.0061243,0.00597366,0.00557615,0.00502885,0.00442872,0.00384526,0.00331651,0.00285651,0.00246516,0.00213646,0.00186411,0.00164413,0.00147518,0.0013571,0.00128863,0.00126556,0.00109088,0.000939246,0.000807902,0.000694329,0.000596264,0.000511707,0.000438909,0.00037635,0.000322712,0.000276853,0.000237789,0.000204669,0.000176761,0.000153435,0.000134141,0.000118403,0.000105797,9.59407e-05,8.84881e-05,8.31208e-05,7.95463e-05,7.74966e-05,7.67274e-05,7.70153e-05,7.81533e-05,7.99413e-05,8.21743e-05,8.46292e-05,8.70505e-05,8.91406e-05,9.05557e-05,9.09091e-05,8.97858e-05,8.9294e-05,8.87367e-05,8.56354e-05,7.93935e-05,7.01539e-05,5.85196e-05,4.5485e-05,3.22514e-05,1.99304e-05,9.20231e-06,0
0,1.00941e-05,2.17305e-05,3.41227e-05,4.64427e-05,5.75089e-05,6.61715e-05,7.16226e-05,7.35606e-05,7.2196e-05,6.81501e-05,6.2618e-05,5.83876e-05,5.62452e-05,5.42399e-05,5.28179e-05,5.23185e-05,5.29659e-05,5.48716e-05,5.80468e-05,6.24215e-05,6.78699e-05,7.42387e-05,8.13757e-05,8.91578e-05,9.75166e-05,0.000106459,0.000116082,0.000126586,0.000138276,0.000151564,0.00016696,0.000185068,0.000206571,0.000232222,0.000262829,0.000299247,0.000342373,0.000393136,0.000452493,0.000521425,0.00060092,0.000691937,0.000795339,0.00091177,0.00104144,0.00109663,0.00121659,0.00140501,0.00166397,0.0019954,0.00240327,0.00289579,0.00348666,0.00419342,0.00503078,0.005996,0.00704477,0.0080617,0.00884489,0.00914994,0.00883931,0.00804845,0.00702089,0.00595955,0.00498265,0.00413824,0.00343254,0.00285289,0.00238181,0.00200398,0.00170852,0.00148881,0.00134063,0.00125986,0.00124048,0.0010667,0.000917079,0.000788269,0.000677385,0.000581949,0.000499839,0.000429241,0.000368596,0.000316573,0.000272027,0.000233983,0.000201608,0.000174197,0.000151156,0.000131977,0.000116229,0.000103539,9.35759e-05,8.60441e-05,8.06719e-05,7.72073e-05,7.54145e-05,7.50703e-05,7.59595e-05,7.78685e-05,8.05757e-05,8.38396e-05,8.73869e-05,9.09018e-05,9.40197e-05,9.63281e-05,9.73759e-05,9.66933e-05,9.63787e-05,9.56863e-05,9.209e-05,8.50212e-05,7.47101e-05,6.18916e-05,4.77132e-05,3.35158e-05,2.0503e-05,9.37434e-06,0
0,1.06015e-05,2.28999e-05,3.61158e-05,4.93615e-05,6.13375e-05,7.07523e-05,7.66695e-05,7.87032e-05,7.70383e-05,7.23283e-05,6.58492e-05,6.05141e-05,5.721e-05,5.40408e-05,5.15382e-05,5.01197e-05,5.00752e-05,5.15652e-05,5.46298e-05,5.92069e-05,6.51578e-05,7.22963e-05,8.04205e-05,8.93434e-05,9.89222e-05,0.000109083,0.00011984,0.000131311,0.000143726,0.000157428,0.00017287,0.000190614,0.000211315,0.000235713,0.000264623,0.000298926,0.000339563,0.000387539,0.00044392,0.000509853,0.000586574,0.000675424,0.00077786,0.000895457,0.00102986,0.00109806,0.00124141,0.00146583,0.0017779,0.00218688,0.00270763,0.00336429,0.00419342,0.00524471,0.00657441,0.00822336,0.0101672,0.0122287,0.0139737,0.0147222,0.0139737,0.0122255,0.010156,0.00819922,0.00653512,0.00519209,0.00413377,0.00330757,0.00266566,0.00217122,0.00179821,0.00152892,0.00135113,0.00125549,0.00123351,0.00105449,0.000902883,0.000774002,0.000664103,0.000570179,0.000489778,0.000420885,0.00036182,0.000311177,0.000267776,0.000230625,0.000198895,0.000171899,0.000149068,0.000129932,0.000114103,0.000101255,9.11075e-05,8.34137e-05,7.7949e-05,7.45033e-05,7.28746e-05,7.28634e-05,7.4266e-05,7.68657e-05,8.04228e-05,8.46632e-05,8.92668e-05,9.38602e-05,9.80138e-05,0.000101248,0.000103046,0.000102883,0.00010284,0.00010212,9.81463e-05,9.03715e-05,7.91024e-05,6.5196e-05,4.99441e-05,3.48226e-05,2.11271e-05,9.58125e-06,0
0,1.10963e-05,2.40263e-05,3.80146e-05,5.21154e-05,6.49179e-05,7.49994e-05,8.13072e-05,8.33811e-05,8.13873e-05,7.6014e-05,6.86157e-05,6.22226e-05,5.78159e-05,5.35538e-05,5.00465e-05,4.77831e-05,4.71127e-05,4.82389e-05,5.12263e-05,5.60181e-05,6.24616e-05,7.03393e-05,7.94023e-05,8.94046e-05,0.000100135,0.000111447,0.000123278,0.000135674,0.000148794,0.000162924,0.000178468,0.000195952,0.000216014,0.000239394,0.000266929,0.000299546,0.000338267,0.000384213,0.000438632,0.000502937,0.000578761,0.000668051,0.000773191,0.000897177,0.00104386,0.00112817,0.0012949,0.00155277,0.00191458,0.00240044,0.00304269,0.00389284,0.00503078,0.00657441,0.00868413,0.0115455,0.0152897,0.0197734,0.0241343,0.0263325,0.0241414,0.0197836,0.015296,0.0115404,0.00866189,0.00653321,0.00497404,0.00382918,0.00298465,0.00236224,0.00190964,0.00159181,0.00138496,0.00127265,0.0012433,0.0010539,0.000896918,0.000765662,0.000655161,0.000561634,0.000482147,0.000414381,0.000356465,0.00030688,0.000264375,0.000227924,0.000196688,0.000169985,0.000147266,0.000128091,0.00011211,9.90396e-05,8.86449e-05,8.0726e-05,7.5103e-05,7.1606e-05,7.00669e-05,7.03101e-05,7.21446e-05,7.53532e-05,7.96813e-05,8.48253e-05,9.04228e-05,9.60466e-05,0.000101206,0.000105356,0.00010792,0.000108316,0.000108605,0.000107936,0.000103687,9.53205e-05,8.32122e-05,6.83286e-05,5.20944e-05,3.61122e-05,2.17661e-05,9.8062e-06,0
0,1.15584e-05,2.5069e-05,3.97592e-05,5.46287e-05,6.81656e-05,7.88295e-05,8.54644e-05,8.75462e-05,8.52271e-05,7.92294e-05,7.098e-05,6.36139e-05,5.81982e-05,5.2941e-05,4.85227e-05,4.54956e-05,4.42604e-05,4.50578e-05,4.79732e-05,5.29536e-05,5.98334e-05,6.83672e-05,7.82652e-05,8.92298e-05,0.000100991,0.000113338,0.000126146,0.000139394,0.000153187,0.000167757,0.00018347,0.000200826,0.000220452,0.000243096,0.000269627,0.000301031,0.000338423,0.000383069,0.00043643,0.00050023,0.000576572,0.000668105,0.000778284,0.000911747,0.00107489,0.00117658,0.00136618,0.00165537,0.00206406,0.00262587,0.00339685,0.00446957,0.005996,0.00822336,0.0115455,0.0165567,0.024032,0.0345518,0.0470061,0.0551106,0.0470209,0.0345766,0.0240585,0.0165747,0.0115458,0.00820007,0.00594878,0.00440473,0.00332678,0.00256693,0.00203349,0.00166818,0.00143308,0.00130361,0.0012647,0.00106206,0.00089766,0.000762545,0.000650324,0.000556333,0.000477085,0.000409906,0.000352709,0.000303831,0.000261941,0.000225965,0.000195044,0.000168494,0.000145779,0.000126483,0.000110286,9.69424e-05,8.62586e-05,7.80758e-05,7.22545e-05,6.86618e-05,6.71603e-05,6.75973e-05,6.9794e-05,7.35336e-05,7.85489e-05,8.45105e-05,9.10176e-05,9.75947e-05,0.000103695,0.000108715,0.00011202,0.000112977,0.000113623,0.000113058,0.000108612,9.97602e-05,8.69333e-05,7.11944e-05,5.4087e-05,3.73284e-05,2.23848e-05,1.00328e-05,0
0,1.19696e-05,2.59918e-05,4.12963e-05,5.68346e-05,7.10071e-05,8.21712e-05,8.90823e-05,9.11616e-05,8.85508e-05,8.20024e-05,7.30062e-05,6.47868e-05,5.84849e-05,5.23534e-05,4.71322e-05,4.34267e-05,4.16812e-05,4.21676e-05,4.49888e-05,5.00954e-05,5.73118e-05,6.63704e-05,7.69484e-05,8.87075e-05,0.00010133,0.000114555,0.000128203,0.000142206,0.000156619,0.000171635,0.000187589,0.000204961,0.000224372,0.000246583,0.000272494,0.000303151,0.000339761,0.00038373,0.000436723,0.000500765,0.000578404,0.000672958,0.000788887,0.000932377,0.00111222,0.00123027,0.00144096,0.00175873,0.00221052,0.00284464,0.00374542,0.00505944,0.00704477,0.0101672,0.0152897,0.024032,0.0393481,0.065839,0.1065,0.144199,0.106522,0.0658776,0.0393941,0.0240735,0.015314,0.0101646,0.00701084,0.00499746,0.00366684,0.00276733,0.00215528,0.00174502,0.0014836,0.00133832,0.00129051,0.00107459,0.000902517,0.000763152,0.00064876,0.000553839,0.000474377,0.000407369,0.000350513,0.000302016,0.000260462,0.000224731,0.000193939,0.000167398,0.00014458,0.000125087,0.000108624,9.49769e-05,8.39858e-05,7.5527e-05,6.94955e-05,6.57897e-05,6.42987e-05,6.48891e-05,6.73926e-05,7.15925e-05,7.72103e-05,8.3894e-05,9.12094e-05,9.86382e-05,0.000105585,0.000111394,0.000115379,0.000116863,0.000117859,0.000117421,0.000112841,0.000103599,9.01738e-05,7.37098e-05,5.58531e-05,3.84206e-05,2.2951e-05,1.02458e-05,0
0,1.23145e-05,2.67634e-05,4.25802e-05,5.86767e-05,7.33806e-05,8.49652e-05,9.21125e-05,9.41987e-05,9.13556e-05,8.43601e-05,7.47524e-05,6.58284e-05,5.87882e-05,5.19222e-05,4.60176e-05,4.17219e-05,3.95143e-05,3.9692e-05,4.2373e-05,4.75122e-05,5.49285e-05,6.43392e-05,7.53992e-05,8.7741e-05,0.000101014,0.000114919,0.00012924,0.000143872,0.000158835,0.000174292,0.000190555,0.000208089,0.000227511,0.000249592,0.000275259,0.000305604,0.00034191,0.00038569,0.00043877,0.000503411,0.000582503,0.000679872,0.000800749,0.000952492,0.00114572,0.00127672,0.00150467,0.00184619,0.00233424,0.00303082,0.00404903,0.0055957,0.0080617,0.0122287,0.0197734,0.0345518,0.065839,0.13532,0.282128,0.494242,0.282156,0.135369,0.0659005,0.0346124,0.0198185,0.0122449,0.00804106,0.00553834,0.00396489,0.00293855,0.00225749,0.00180849,0.00152495,0.00136722,0.00131347,0.001087,0.000908717,0.000765782,0.000649429,0.000553521,0.00047364,0.000406529,0.000349721,0.00030132,0.000259844,0.000224137,0.000193295,0.000166626,0.000143607,0.000123853,0.000107092,9.31316e-05,8.18391e-05,7.31187e-05,6.68921e-05,6.30825e-05,6.1599e-05,6.23227e-05,6.50925e-05,6.96904e-05,7.58274e-05,8.31315e-05,9.11402e-05,9.92992e-05,0.000106972,0.00011346,0.000118035,0.000119982,0.000121291,0.00012098,0.000116309,0.000106763,9.28571e-05,7.58044e-05,5.73341e-05,3.93454e-05,2.3437e-05,1.04322e-05,0
0,1.25806e-05,2.73591e-05,4.35747e-05,6.01097e-05,7.52365e-05,8.71638e-05,9.45163e-05,9.66338e-05,9.36386e-05,8.63233e-05,7.62641e-05,6.68072e-05,5.91967e-05,5.17513e-05,4.5292e-05,4.04971e-05,3.78714e-05,3.77315e-05,4.02084e-05,4.52631e-05,5.27141e-05,6.22729e-05,7.35832e-05,8.62624e-05,9.99408e-05,0.000114299,0.000129099,0.000144211,0.000159634,0.000175512,0.000192142,0.000209976,0.000229628,0.000251874,0.000277654,0.000308087,0.000344497,0.000388462,0.000441897,0.000507191,0.000587423,0.000686689,0.000810628,0.000967213,0.00116803,0.00130657,0.0015455,0.00190283,0.00241561,0.00315574,0.00425885,0.00598299,0.00884489,0.0139737,0.0241343,0.0470061,0.1065,0.282128,0.824342,2.18987,0.824372,0.282183,0.10657,0.0470779,0.0241921,0.0140024,0.00883372,0.00592961,0.00417163,0.00305332,0.00232333,0.00184717,0.00154868,0.00138374,0.00132822,0.00109591,0.000914115,0.000769067,0.000651457,0.000554809,0.000474497,0.000407124,0.00035014,0.00030159,0.000259959,0.00022407,0.00019301,0.000166086,0.00014278,0.000122719,0.000105644,9.13811e-05,7.98159e-05,7.08721e-05,6.449e-05,6.0609e-05,5.91511e-05,6.00058e-05,6.30147e-05,6.7956e-05,7.45305e-05,8.2349e-05,9.09255e-05,9.96775e-05,0.000107936,0.000114971,0.000120019,0.000122339,0.000123902,0.000123698,0.000118965,0.000109191,9.49228e-05,7.74225e-05,5.84836e-05,4.0068e-05,2.38206e-05,1.05814e-05,0
0,1.27589e-05,2.7761e-05,4.42536e-05,6.11006e-05,7.65381e-05,8.87307e-05,9.62629e-05,9.84466e-05,9.53934e-05,8.79023e-05,7.75689e-05,6.77678e-05,5.97695e-05,5.19116e-05,4.50345e-05,3.9835e-05,3.6834e-05,3.63619e-05,3.85606e-05,4.33995e-05,5.0703e-05,6.0186e-05,7.14935e-05,8.4242e-05,9.80591e-05,0.000112621,0.000127682,0.000143106,0.000158883,0.000175148,0.000192188,0.000210449,0.000230539,0.000253229,0.00027946,0.000310353,0.000347236,0.000391694,0.00044565,0.000511503,0.000592338,0.000692259,0.0008169,0.000974227,0.00117581,0.00131527,0.00155682,0.00191904,0.00244033,0.00319626,0.00433115,0.0061243,0.00914994,0.0147222,0.0263325,0.0551106,0.144199,0.494242,2.18987,11.8174,2.18989,0.494295,0.144268,0.0551831,0.0263923,0.0147538,0.00914167,0.00607262,0.00424325,0.00309008,0.00234137,0.00185482,0.0015513,0.0013855,0.00133242,0.00109983,0.000917729,0.000772348,0.000654389,0.000557382,0.000476706,0.000408966,0.000351612,0.00030269,0.000260685,0.000224419,0.000192984,0.000165689,0.000142024,0.000121622,0.000104235,8.96973e-05,7.79071e-05,6.87978e-05,6.23189e-05,5.8417e-05,5.70189e-05,5.80153e-05,6.12456e-05,6.64814e-05,7.34128e-05,8.16362e-05,9.06474e-05,9.98432e-05,0.000108533,0.000115963,0.000121352,0.000123938,0.000125679,0.000125548,0.000120771,0.000110842,9.6327e-05,7.85237e-05,5.92683e-05,4.05639e-05,2.40861e-05,1.0686e-05,0
0,1.28444e-05,2.79589e-05,4.46013e-05,6.16293e-05,7.72621e-05,8.96418e-05,9.73296e-05,9.96185e-05,9.66083e-05,8.9094e-05,7.86735e-05,6.87268e-05,6.05326e-05,5.24373e-05,4.52862e-05,3.97817e-05,3.64513e-05,3.56332e-05,3.74785e-05,4.19672e-05,4.89357e-05,5.8112e-05,6.9155e-05,8.1695e-05,9.53726e-05,0.000109875,0.000124969,0.000140522,0.000156532,0.000173132,0.000190611,0.00020941,0.000230129,0.000253531,0.000280538,0.000312251,0.000349966,0.000395221,0.000449869,0.000516205,0.000597154,0.000696575,0.000819724,0.000973977,0.00116998,0.00130356,0.00153851,0.00189308,0.00240424,0.00314383,0.00424752,0.00597366,0.00883931,0.0139737,0.0241414,0.0470209,0.106522,0.282156,0.824372,2.18989,0.824398,0.282203,0.106583,0.0470834,0.0241917,0.0139978,0.00882677,0.00592123,0.00416187,0.00304164,0.00230944,0.00183197,0.00153464,0.00137446,0.00132714,0.00109939,0.000919909,0.000775804,0.000658295,0.000561241,0.000480227,0.000411989,0.000354059,0.000304534,0.000261933,0.000225099,0.000193136,0.000165364,0.000141277,0.000120513,0.000102827,8.80583e-05,7.61047e-05,6.69011e-05,6.03967e-05,5.65357e-05,5.5241e-05,5.63973e-05,5.9836e-05,6.53194e-05,7.25266e-05,8.10419e-05,9.03489e-05,9.98319e-05,0.000108789,0.000116454,0.000122039,0.000124774,0.000126608,0.000126508,0.000121702,0.000111687,9.70429e-05,7.90845e-05,5.96688e-05,4.0819e-05,2.42247e-05,1.07417e-05,0
0,1.28361e-05,2.79504e-05,4.46137e-05,6.16891e-05,7.7399e-05,8.98845e-05,9.77014e-05,0.000100133,9.72661e-05,8.98816e-05,7.95626e-05,6.96714e-05,6.14772e-05,5.33245e-05,4.60488e-05,4.03454e-05,3.67386e-05,3.55686e-05,3.69932e-05,4.10052e-05,4.74587e-05,5.61042e-05,6.66263e-05,7.86831e-05,9.19441e-05,0.000106124,0.000121015,0.000136507,0.000152615,0.000169488,0.000187417,0.000206847,0.000228371,0.000252734,0.000280834,0.00031373,0.000352657,0.000399064,0.000454675,0.000521588,0.00060244,0.000700654,0.00082082,0.000969286,0.00115508,0.00127697,0.00149677,0.00183175,0.00231511,0.00300897,0.00402682,0.00557615,0.00804845,0.0122255,0.0197836,0.0345766,0.0658776,0.135369,0.282183,0.494295,0.282203,0.135405,0.0659225,0.0346208,0.0198155,0.0122343,0.00802638,0.00552197,0.00394734,0.00291912,0.0022357,0.0017857,0.00150507,0.00135598,0.00131629,0.00109701,0.000922156,0.000780341,0.000663705,0.000566678,0.000485202,0.000416242,0.000357473,0.000307084,0.000263651,0.000226053,0.000193414,0.000165063,0.0001405,0.000119363,0.000101403,8.64533e-05,7.44058e-05,6.51859e-05,5.87323e-05,5.49776e-05,5.38318e-05,5.51666e-05,5.88002e-05,6.44824e-05,7.18813e-05,8.05724e-05,9.00325e-05,9.96421e-05,0.000108698,0.000116436,0.00012207,0.000124835,0.000126676,0.000126567,0.000121745,0.000111716,9.70618e-05,7.9098e-05,5.96807e-05,4.08306e-05,2.42349e-05,1.07482e-05,0
0,1.27368e-05,2.77412e-05,4.42979e-05,6.12872e-05,7.69538e-05,8.94595e-05,9.73727e-05,9.99764e-05,9.73448e-05,9.02352e-05,8.01998e-05,7.05606e-05,6.256e-05,5.45308e-05,4.7284e-05,4.14955e-05,3.76766e-05,3.61627e-05,3.71162e-05,4.05437e-05,4.63221e-05,5.42324e-05,6.39959e-05,7.53118e-05,8.78922e-05,0.000101495,0.000115952,0.000131192,0.000147259,0.000164325,0.0001827,0.000202834,0.000225316,0.000250874,0.000280376,0.000314826,0.000355384,0.000403384,0.000460383,0.000528236,0.000609218,0.000706208,0.000822975,0.000964602,0.00113814,0.00124439,0.00144262,0.00174858,0.00219027,0.0028169,0.00371386,0.00502885,0.00702089,0.010156,0.015296,0.0240585,0.0393941,0.0659005,0.10657,0.144268,0.106583,0.0659225,0.0394197,0.0240799,0.015305,0.0101457,0.0069878,0.00497442,0.00364541,0.00274722,0.00213596,0.0017276,0.00147175,0.00133747,0.00130561,0.00109626,0.000926673,0.000787303,0.000671418,0.000574148,0.000491873,0.000421837,0.000361891,0.000310336,0.000265817,0.000227252,0.000193789,0.000164764,0.000139678,0.000118163,9.99586e-05,8.48838e-05,7.28137e-05,6.36549e-05,5.7326e-05,5.37386e-05,5.27819e-05,5.43076e-05,5.8116e-05,6.39424e-05,7.14443e-05,8.01916e-05,8.96606e-05,9.92367e-05,0.000108226,0.000115877,0.000121418,0.000124101,0.000125871,0.000125718,0.000120902,0.000110936,9.63931e-05,7.85751e-05,5.93142e-05,4.06071e-05,2.41227e-05,1.07082e-05,0
0,1.25535e-05,2.73447e-05,4.36726e-05,6.04447e-05,7.59463e-05,8.83812e-05,9.6348e-05,9.91403e-05,9.68205e-05,9.01149e-05,8.05303e-05,7.13277e-05,6.37062e-05,5.59777e-05,4.89156e-05,4.31635e-05,3.92104e-05,3.73802e-05,3.78366e-05,4.06002e-05,4.55743e-05,5.25772e-05,6.13761e-05,7.17224e-05,8.33839e-05,9.61749e-05,0.000109981,0.000124782,0.000140665,0.000157838,0.000176636,0.000197523,0.000221091,0.000248054,0.000279247,0.000315626,0.000358268,0.00040839,0.000467376,0.000536832,0.000618664,0.0007152,0.000829379,0.000965008,0.00112716,0.00121627,0.0013893,0.00166023,0.00205128,0.00259829,0.00335934,0.00442872,0.00595955,0.00819922,0.0115404,0.0165747,0.0240735,0.0346124,0.0470779,0.0551831,0.0470834,0.0346208,0.0240799,0.0165738,0.0115274,0.00817171,0.00591825,0.00437806,0.00330711,0.00255491,0.00202867,0.0016707,0.00144457,0.00132668,0.00130123,0.00110091,0.000935758,0.000798061,0.000682224,0.000584081,0.000500454,0.000428862,0.000367333,0.000314277,0.000268405,0.000228673,0.000194245,0.000164461,0.000138815,0.000116923,9.85066e-05,8.33614e-05,7.13359e-05,6.23084e-05,5.61682e-05,5.27976e-05,5.20575e-05,5.37742e-05,5.77264e-05,6.36334e-05,7.11434e-05,7.98246e-05,8.91594e-05,9.85467e-05,0.000107312,0.000114728,0.000120049,0.000122551,0.000124186,0.000123968,0.00011919,0.00010937,9.50653e-05,7.75441e-05,5.85943e-05,4.01679e-05,2.39007e-05,1.06281e-05,0
0,1.22967e-05,2.67817e-05,4.2767e-05,5.9196e-05,7.44114e-05,8.66786e-05,9.46443e-05,9.76239e-05,9.56707e-05,8.94751e-05,8.0486e-05,7.18852e-05,6.48137e-05,5.75549e-05,5.08316e-05,4.52446e-05,4.12504e-05,3.91547e-05,3.91181e-05,4.11744e-05,4.52554e-05,5.12211e-05,5.88921e-05,6.80809e-05,7.86216e-05,9.03964e-05,0.000103358,0.000117546,0.000133105,0.000150289,0.000169469,0.000191131,0.000215877,0.000244417,0.000277561,0.000316223,0.00036141,0.000414237,0.000475945,0.000547923,0.000631768,0.000729345,0.000842893,0.000975149,0.00112954,0.00120243,0.00134937,0.00158239,0.00191813,0.00238048,0.00300492,0.00384526,0.00498265,0.00653512,0.00866189,0.0115458,0.015314,0.0198185,0.0241921,0.0263923,0.0241917,0.0198155,0.015305,0.0115274,0.00863279,0.00649674,0.00493944,0.00380401,0.00297358,0.00236704,0.00192998,0.00162636,0.00143207,0.00133026,0.00130826,0.00111402,0.000951175,0.000813583,0.000696608,0.000596679,0.000510985,0.000437279,0.00037373,0.000318836,0.000271359,0.000230278,0.000194764,0.000164152,0.000137919,0.000115661,9.70668e-05,8.1902e-05,6.99792e-05,6.11402e-05,5.52366e-05,5.21143e-05,5.16003e-05,5.3491e-05,5.75413e-05,6.34544e-05,7.08714e-05,7.93632e-05,8.84251e-05,9.74778e-05,0.000105876,0.000112926,0.000117919,0.000120165,0.000121621,0.000121336,0.000116643,0.000107062,9.3126e-05,7.60505e-05,5.75599e-05,3.95425e-05,2.35881e-05,1.05169e-05,0
0,1.19801e-05,2.60795e-05,4.16203e-05,5.75886e-05,7.23991e-05,8.43965e-05,9.22928e-05,9.54372e-05,9.38789e-05,8.82696e-05,7.99914e-05,7.21311e-05,6.57595e-05,5.91253e-05,5.28901e-05,4.76009e-05,4.36733e-05,4.13872e-05,4.08955e-05,4.22426e-05,4.53885e-05,5.02381e-05,5.66695e-05,6.45631e-05,7.38274e-05,8.44213e-05,9.63734e-05,0.000109797,0.0001249,0.000141993,0.000161493,0.000183919,0.000209891,0.000240125,0.000275421,0.000316664,0.000364816,0.000420925,0.000486133,0.000561692,0.000648998,0.000749619,0.00086534,0.000998204,0.00115056,0.00121013,0.00133205,0.0015264,0.00180499,0.00218223,0.00267714,0.00331651,0.00413824,0.00519209,0.00653321,0.00820007,0.0101646,0.0122449,0.0140024,0.0147538,0.0139978,0.0122343,0.0101457,0.00817171,0.00649674,0.00515189,0.00410127,0.00329087,0.00267033,0.00219987,0.00185058,0.00160209,0.00143979,0.0013523,0.00132963,0.00113711,0.000973599,0.000834048,0.00071448,0.000611723,0.00052321,0.000446839,0.000380868,0.000323845,0.000274555,0.000231987,0.000195304,0.000163825,0.000137,0.000114392,9.56573e-05,8.05176e-05,6.87435e-05,6.01324e-05,5.44925e-05,5.16277e-05,5.13272e-05,5.33548e-05,5.74413e-05,6.32747e-05,7.04924e-05,7.86732e-05,8.7332e-05,9.59192e-05,0.000103827,0.000110407,0.000114991,0.00011693,0.00011819,0.000117859,0.000113316,0.000104078,9.06419e-05,7.41563e-05,5.62626e-05,3.87693e-05,2.32095e-05,1.03863e-05,0
0,1.16201e-05,2.52707e-05,4.02803e-05,5.56818e-05,6.99733e-05,8.15951e-05,8.93401e-05,9.26038e-05,9.14385e-05,8.64573e-05,7.89701e-05,7.19564e-05,6.64073e-05,6.0533e-05,5.49245e-05,5.00666e-05,4.63252e-05,4.39474e-05,4.30726e-05,4.37518e-05,4.59719e-05,4.96819e-05,5.48201e-05,6.13383e-05,6.92239e-05,7.85192e-05,8.93358e-05,0.000101866,0.000116393,0.00013329,0.000153027,0.000176167,0.000203358,0.00023533,0.000272889,0.000316911,0.000368344,0.000428208,0.000497613,0.000577771,0.000670022,0.000775852,0.000896913,0.00103502,0.00119214,0.00124255,0.00134153,0.00149744,0.00171845,0.00201247,0.00238813,0.00285651,0.00343254,0.00413377,0.00497404,0.00594878,0.00701084,0.00804106,0.00883372,0.00914167,0.00882677,0.00802638,0.0069878,0.00591825,0.00493944,0.00410127,0.00341015,0.00285233,0.00240847,0.00206066,0.00179483,0.00160045,0.0014692,0.00139344,0.00136529,0.00116962,0.00100223,0.000858579,0.000734992,0.000628454,0.000536483,0.000457019,0.00038834,0.000329002,0.000277784,0.000233665,0.000195787,0.000163441,0.000136045,0.000113123,9.42848e-05,7.92079e-05,6.76133e-05,5.92496e-05,5.38768e-05,5.12541e-05,5.11305e-05,5.32375e-05,5.72822e-05,6.29407e-05,6.98507e-05,7.76045e-05,8.57431e-05,9.37542e-05,0.000101076,0.000107108,0.000111234,0.000112849,0.000113927,0.000113596,0.000109284,0.000100503,8.7698e-05,7.19382e-05,5.47652e-05,3.7894e-05,2.27935e-05,1.02497e-05,0
0,1.12348e-05,2.43922e-05,3.88016e-05,5.35447e-05,6.72114e-05,7.83503e-05,8.58495e-05,8.91642e-05,8.83577e-05,8.40087e-05,7.73525e-05,7.12534e-05,6.66163e-05,6.1611e-05,5.67519e-05,5.24538e-05,4.90257e-05,4.66748e-05,4.55207e-05,4.56162e-05,4.69706e-05,4.95755e-05,5.34277e-05,5.8551e-05,6.50143e-05,7.29456e-05,8.25435e-05,9.40851e-05,0.00010793,0.000124524,0.000144396,0.000168155,0.000196487,0.000230148,0.000269962,0.000316814,0.000371664,0.00043555,0.000509615,0.00059513,0.000693535,0.000806466,0.000935783,0.00108357,0.00125213,0.00129789,0.00137629,0.00149436,0.00165809,0.00187204,0.00213979,0.00246516,0.00285289,0.00330757,0.00382918,0.00440473,0.00499746,0.00553834,0.00592961,0.00607262,0.00592123,0.00552197,0.00497442,0.00437806,0.00380401,0.00329087,0.00285233,0.00248751,0.00218931,0.00194963,0.00176147,0.00161911,0.00151729,0.00145036,0.00141188,0.00120868,0.00103462,0.000885137,0.000756474,0.000645532,0.000549751,0.000467009,0.000395541,0.000333866,0.000280739,0.000235107,0.000196086,0.00016293,0.000135018,0.000111832,9.29345e-05,7.79511e-05,6.65518e-05,5.84337e-05,5.33072e-05,5.08861e-05,5.08802e-05,5.29899e-05,5.69019e-05,6.22842e-05,6.87802e-05,7.60014e-05,8.35215e-05,9.08715e-05,9.75407e-05,0.000102984,0.000106639,0.000107948,0.000108887,0.000108627,0.000104646,9.64401e-05,8.43956e-05,6.94853e-05,5.31388e-05,3.69674e-05,2.23712e-05,1.01212e-05,0
0,1.08435e-05,2.34833e-05,3.72438e-05,5.12544e-05,6.42016e-05,7.4752e-05,8.19016e-05,8.51768e-05,8.46631e-05,8.0911e-05,7.50832e-05,6.99244e-05,6.62504e-05,6.21918e-05,5.81819e-05,5.45607e-05,5.1574e-05,4.93827e-05,4.808e-05,4.7714e-05,4.83113e-05,4.99007e-05,5.25344e-05,5.63057e-05,6.13629e-05,6.79199e-05,7.62625e-05,8.67532e-05,9.98322e-05,0.000116016,0.000135897,0.000160135,0.000189457,0.000224651,0.000266562,0.000316104,0.000374263,0.00044213,0.000520929,0.000612079,0.000717251,0.000838439,0.000978027,0.00113883,0.0013241,0.00136937,0.00142951,0.00151076,0.00161855,0.00175696,0.00192884,0.00213646,0.00238181,0.00266566,0.00298465,0.00332678,0.00366684,0.00396489,0.00417163,0.00424325,0.00416187,0.00394734,0.00364541,0.00330711,0.00297358,0.00267033,0.00240847,0.00218931,0.00200919,0.0018629,0.0017453,0.0016516,0.00157688,0.00151587,0.0014631,0.00124931,0.00106683,0.000910617,0.000776509,0.000661097,0.0005616,0.000475751,0.000401691,0.000337879,0.000283026,0.000236048,0.000196026,0.00016218,0.00013385,0.000110472,9.15628e-05,7.66973e-05,6.54942e-05,5.75997e-05,5.26762e-05,5.03941e-05,5.04268e-05,5.24477e-05,5.61277e-05,6.11321e-05,6.71156e-05,7.37151e-05,8.05421e-05,8.71765e-05,9.31629e-05,9.80143e-05,0.000101223,0.000102279,0.000103154,0.000103061,9.95221e-05,9.20138e-05,8.08501e-05,6.68966e-05,5.14605e-05,3.60431e-05,2.19749e-05,1.00152e-05,0
0,1.04656e-05,2.25845e-05,3.5669e-05,4.8893e-05,6.1041e-05,7.09031e-05,7.75928e-05,8.07199e-05,8.04029e-05,7.71735e-05,7.21277e-05,6.78901e-05,6.5188e-05,6.21165e-05,5.90268e-05,5.61809e-05,5.3757e-05,5.1864e-05,5.05623e-05,4.98881e-05,4.98782e-05,5.0592e-05,5.21307e-05,5.46515e-05,5.83777e-05,6.36048e-05,7.07031e-05,8.01179e-05,9.23677e-05,0.00010804,0.000127786,0.000152318,0.000182401,0.000218853,0.000262546,0.000314416,0.000375487,0.000446907,0.00053001,0.000626402,0.000738071,0.000867517,0.00101789,0.0011931,0.00139787,0.00144578,0.00149007,0.00153671,0.00159197,0.00166171,0.00175101,0.00186411,0.00200398,0.00217122,0.00236224,0.00256693,0.00276733,0.00293855,0.00305332,0.00309008,0.00304164,0.00291912,0.00274722,0.00255491,0.00236704,0.00219987,0.00206066,0.00194963,0.0018629,0.00179469,0.00173869,0.00168841,0.00163741,0.00157966,0.00151034,0.00128486,0.00109374,0.000931118,0.000792152,0.000672943,0.000570391,0.000482036,0.000405907,0.000340402,0.000284195,0.000236173,0.000195392,0.000161043,0.000132433,0.000108958,9.0092e-05,7.5364e-05,6.43451e-05,5.66349e-05,5.18522e-05,4.96287e-05,4.96069e-05,5.14388e-05,5.47859e-05,5.9317e-05,6.47041e-05,7.06149e-05,7.67039e-05,8.26029e-05,8.79142e-05,9.22091e-05,9.50338e-05,9.59238e-05,9.68393e-05,9.70268e-05,9.4053e-05,8.73621e-05,7.71869e-05,6.42765e-05,4.98094e-05,3.5175e-05,2.16358e-05,9.94539e-06,0
0,1.012e-05,2.17352e-05,3.41394e-05,4.65451e-05,5.7832e-05,6.69159e-05,7.30344e-05,7.58906e-05,7.5648e-05,7.28312e-05,6.84779e-05,6.50969e-05,6.33307e-05,6.12456e-05,5.91121e-05,5.71138e-05,5.53588e-05,5.38994e-05,5.27571e-05,5.1949e-05,5.15139e-05,5.15333e-05,5.21487e-05,5.35731e-05,5.60969e-05,6.00903e-05,6.60014e-05,7.43526e-05,8.57345e-05,0.0001008,0.000120255,0.000144855,0.000175399,0.000212727,0.000257724,0.000311341,0.00037462,0.000448752,0.00053516,0.000635624,0.000752453,0.000888702,0.00104842,0.00123686,0.00146061,0.00151283,0.00154411,0.00156053,0.00157001,0.0015814,0.00160354,0.00164413,0.00170852,0.00179821,0.00190964,0.00203349,0.00215528,0.00225749,0.00232333,0.00234137,0.00230944,0.0022357,0.00213596,0.00202867,0.00192998,0.00185058,0.00179483,0.00176147,0.0017453,0.00173869,0.00173275,0.00171818,0.00168615,0.00162946,0.00154383,0.00130775,0.0011096,0.000942372,0.000800269,0.000678777,0.000574446,0.000484637,0.000407297,0.00034079,0.000283781,0.000235149,0.000193944,0.000159342,0.000130628,0.000107171,8.84093e-05,7.38346e-05,6.2978e-05,5.53999e-05,5.06825e-05,4.84263e-05,4.82502e-05,4.97925e-05,5.27122e-05,5.66885e-05,6.14167e-05,6.66002e-05,7.19399e-05,7.71215e-05,8.18049e-05,8.56181e-05,8.81579e-05,8.89998e-05,9.00826e-05,9.06804e-05,8.83962e-05,8.26346e-05,7.35374e-05,6.17312e-05,4.82637e-05,3.44141e-05,2.13825e-05,9.92365e-06,0
0,9.82376e-06,2.09722e-05,3.27145e-05,4.42939e-05,5.46791e-05,6.29093e-05,6.83493e-05,7.08038e-05,7.04929e-05,6.79468e-05,6.41571e-05,6.15237e-05,6.06119e-05,5.94683e-05,5.82871e-05,5.71756e-05,5.61713e-05,5.52671e-05,5.44402e-05,5.36817e-05,5.30232e-05,5.25588e-05,5.246e-05,5.2985e-05,5.4481e-05,5.73827e-05,6.22065e-05,6.95421e-05,8.00435e-05,9.44187e-05,0.00011342,0.000137836,0.000168484,0.000206211,0.000251899,0.000306485,0.000370995,0.000446614,0.000534788,0.000637386,0.000756937,0.00089696,0.00106238,0.00125995,0.00149846,0.001555,0.00157695,0.00157045,0.00154508,0.00151267,0.00148567,0.00147518,0.00148881,0.00152892,0.00159181,0.00166818,0.00174502,0.00180849,0.00184717,0.00185482,0.00183197,0.0017857,0.0017276,0.0016707,0.00162636,0.00160209,0.00160045,0.00161911,0.0016516,0.00168841,0.00171818,0.00172896,0.00170979,0.00165251,0.00155375,0.00131017,0.00110865,0.000940277,0.000797964,0.000676541,0.000572287,0.000482482,0.000405075,0.000338466,0.000281355,0.000232657,0.000191437,0.000156881,0.000128271,0.000104961,8.637e-05,7.19621e-05,6.12396e-05,5.37338e-05,4.90001e-05,4.66172e-05,4.61894e-05,4.73495e-05,4.97623e-05,5.3124e-05,5.71588e-05,6.16099e-05,6.62263e-05,7.07476e-05,7.48894e-05,7.83322e-05,8.07178e-05,8.16551e-05,8.305e-05,8.41947e-05,8.27217e-05,7.79866e-05,7.00335e-05,5.93638e-05,4.68963e-05,3.38061e-05,2.12394e-05,9.95944e-06,0
0,9.5916e-06,2.03282e-05,3.14488e-05,4.22183e-05,5.16848e-05,5.90047e-05,6.36691e-05,6.55896e-05,6.5054e-05,6.26116e-05,5.9222e-05,5.71866e-05,5.70034e-05,5.67113e-05,5.64351e-05,5.62105e-05,5.60063e-05,5.57549e-05,5.53851e-05,5.48553e-05,5.41815e-05,5.34598e-05,5.288e-05,5.27333e-05,5.34113e-05,5.54006e-05,5.92734e-05,6.56749e-05,7.53099e-05,8.89295e-05,0.000107318,0.000131283,0.000161644,0.000199235,0.000244907,0.000299546,0.000364112,0.000439709,0.000527697,0.000629875,0.000748768,0.000888082,0.00105337,0.00125289,0.00149827,0.00155793,0.00157532,0.00155616,0.00151094,0.00145324,0.00139761,0.0013571,0.00134063,0.00135113,0.00138496,0.00143308,0.0014836,0.00152495,0.00154868,0.0015513,0.00153464,0.00150507,0.00147175,0.00144457,0.00143207,0.00143979,0.0014692,0.00151729,0.00157688,0.00163741,0.00168615,0.00170979,0.00169621,0.00163695,0.00153061,0.00128435,0.0010857,0.000921525,0.000783084,0.000664774,0.000562877,0.000474809,0.00039867,0.000332991,0.000276577,0.000228421,0.000187643,0.000153463,0.000125181,0.000102158,8.38048e-05,6.95757e-05,5.89568e-05,5.14625e-05,4.66328e-05,4.40354e-05,4.32699e-05,4.3973e-05,4.58227e-05,4.8539e-05,5.18798e-05,5.56304e-05,5.95884e-05,6.35454e-05,6.72682e-05,7.04841e-05,7.28724e-05,7.4067e-05,7.59284e-05,7.77565e-05,7.72052e-05,7.3573e-05,6.68023e-05,5.72698e-05,4.57716e-05,3.3389e-05,2.12247e-05,1.00591e-05,0
0,9.43515e-06,1.98298e-05,3.03894e-05,4.03897e-05,4.89458e-05,5.53213e-05,5.91287e-05,6.03892e-05,5.94668e-05,5.69442e-05,5.37637e-05,5.21412e-05,5.25204e-05,5.29456e-05,5.34822e-05,5.41013e-05,5.47072e-05,5.51725e-05,5.53755e-05,5.52363e-05,5.47472e-05,5.39953e-05,5.31772e-05,5.26033e-05,5.26957e-05,5.39788e-05,5.7066e-05,6.26436e-05,7.14528e-05,8.42732e-05,0.000101906,0.000125158,0.000154837,0.000191737,0.000236648,0.000290367,0.00035373,0.000427674,0.000513337,0.000612232,0.000726539,0.00085962,0.00101696,0.0012079,0.00144841,0.00151103,0.00152982,0.00151032,0.00146298,0.00140101,0.00133864,0.00128863,0.00125986,0.00125549,0.00127265,0.00130361,0.00133832,0.00136722,0.00138374,0.0013855,0.00137446,0.00135598,0.00133747,0.00132668,0.00133026,0.0013523,0.00139344,0.00145036,0.00151587,0.00157966,0.00162946,0.00165251,0.00163695,0.00157332,0.00146067,0.00122185,0.00103699,0.000884441,0.000754776,0.000642944,0.000545826,0.000461302,0.00038781,0.000324125,0.00026923,0.000222241,0.000182372,0.000148904,0.000121178,9.85778e-05,8.053e-05,6.64918e-05,5.59483e-05,4.84103e-05,4.3415e-05,4.05305e-05,3.9362e-05,3.95591e-05,4.08205e-05,4.28957e-05,4.55794e-05,4.87004e-05,5.21036e-05,5.56284e-05,5.90871e-05,6.22455e-05,6.4812e-05,6.64361e-05,6.89196e-05,7.15589e-05,7.20212e-05,6.9542e-05,6.39599e-05,5.5532e-05,4.4942e-05,3.31906e-05,2.13498e-05,1.02254e-05,0
0,9.36234e-06,1.94971e-05,2.9574e-05,3.88688e-05,4.65491e-05,5.19718e-05,5.48624e-05,5.53501e-05,5.38821e-05,5.10871e-05,4.7906e-05,4.64836e-05,4.72237e-05,4.81917e-05,4.94048e-05,5.07788e-05,5.21601e-05,5.33648e-05,5.42201e-05,5.46037e-05,5.44767e-05,5.3908e-05,5.30881e-05,5.23334e-05,5.20816e-05,5.28795e-05,5.53664e-05,6.02534e-05,6.8303e-05,8.03066e-05,9.70654e-05,0.000119372,0.000147997,0.000183676,0.000227111,0.000278973,0.000339924,0.000410655,0.000491959,0.000584846,0.000690749,0.0008119,0.00095219,0.00111962,0.00133514,0.00141132,0.00143738,0.00142989,0.00139838,0.00135325,0.00130559,0.00126556,0.00124048,0.00123351,0.0012433,0.0012647,0.00129051,0.00131347,0.00132822,0.00133242,0.00132714,0.00131629,0.00130561,0.00130123,0.00130826,0.00132963,0.00136529,0.00141188,0.0014631,0.00151034,0.00154383,0.00155375,0.00153061,0.00146067,0.00128514,0.00111408,0.000962734,0.000830283,0.000714033,0.000611686,0.000521499,0.000442143,0.000372558,0.000311853,0.000259242,0.000214011,0.00017549,0.000143048,0.000116089,9.40419e-05,7.63623e-05,6.25281e-05,5.20382e-05,4.44136e-05,3.92011e-05,3.59804e-05,3.43723e-05,3.40474e-05,3.47319e-05,3.62089e-05,3.83122e-05,4.09133e-05,4.39011e-05,4.71576e-05,5.05325e-05,5.38213e-05,5.67513e-05,5.89779e-05,6.22312e-05,6.57926e-05,6.73356e-05,6.60279e-05,6.16064e-05,5.42171e-05,4.44452e-05,3.32271e-05,2.16181e-05,1.04569e-05,0
0,9.37706e-06,1.93418e-05,2.9029e-05,3.77033e-05,4.45685e-05,4.9058e-05,5.09976e-05,5.06203e-05,4.846e-05,4.52022e-05,4.18017e-05,4.03479e-05,4.12203e-05,4.25216e-05,4.42338e-05,4.6229e-05,4.83043e-05,5.02242e-05,5.17666e-05,5.27647e-05,5.31428e-05,5.29424e-05,5.23368e-05,5.1635e-05,5.12755e-05,5.18118e-05,5.38929e-05,5.82392e-05,6.56175e-05,7.68157e-05,9.26191e-05,0.000113788,0.000141041,0.000175038,0.000216371,0.000265562,0.000323066,0.000389287,0.000464601,0.000549392,0.000644079,0.00074908,0.000864514,0.000988713,0.00111148,0.00118236,0.00121323,0.00121431,0.00119413,0.00116126,0.00112428,0.00109088,0.0010667,0.00105449,0.0010539,0.00106206,0.00107459,0.001087,0.00109591,0.00109983,0.00109939,0.00109701,0.00109626,0.00110091,0.00111402,0.00113711,0.00116962,0.00120868,0.00124931,0.00128486,0.00130775,0.00131017,0.00128435,0.00122185,0.00111408,0.000993187,0.000874823,0.000764527,0.000663796,0.000572721,0.000490942,0.000417971,0.000353289,0.000296372,0.000246691,0.000203717,0.000166921,0.000135779,0.000109771,8.83889e-05,7.11341e-05,5.75198e-05,4.70725e-05,3.93363e-05,3.38795e-05,3.03036e-05,2.82538e-05,2.74288e-05,2.75876e-05,2.85496e-05,3.01881e-05,3.24148e-05,3.5158e-05,3.8335e-05,4.18241e-05,4.54405e-05,4.89197e-05,5.19134e-05,5.60674e-05,6.06375e-05,6.32972e-05,6.31449e-05,5.98205e-05,5.33714e-05,4.43018e-05,3.35017e-05,2.20244e-05,1.07485e-05,0
0,9.47892e-06,1.93677e-05,2.87688e-05,3.69258e-05,4.30613e-05,4.6666e-05,4.76507e-05,4.63429e-05,4.33638e-05,3.94644e-05,3.56275e-05,3.39022e-05,3.46604e-05,3.60583e-05,3.80573e-05,4.04983e-05,4.31394e-05,4.57012e-05,4.79158e-05,4.95716e-05,5.05527e-05,5.08659e-05,5.06571e-05,5.02155e-05,4.99663e-05,5.04549e-05,5.23242e-05,5.62878e-05,6.31018e-05,7.35352e-05,8.83429e-05,0.00010824,0.00013388,0.000165833,0.000204574,0.000250467,0.000303755,0.000364556,0.000432847,0.000508432,0.00059086,0.000679201,0.00077149,0.000863392,0.000945477,0.00100082,0.00102867,0.00103322,0.00102016,0.000995913,0.00096699,0.000939246,0.000917079,0.000902883,0.000896918,0.00089766,0.000902517,0.000908717,0.000914115,0.000917729,0.000919909,0.000922156,0.000926673,0.000935758,0.000951175,0.000973599,0.00100223,0.00103462,0.00106683,0.00109374,0.0011096,0.00110865,0.0010857,0.00103699,0.000962734,0.000874823,0.000783015,0.000692983,0.000607623,0.000528307,0.000455621,0.000389741,0.000330615,0.000278054,0.000231776,0.00019144,0.000156661,0.000127029,0.000102118,8.14912e-05,6.47103e-05,5.1336e-05,4.09348e-05,3.30849e-05,2.7386e-05,2.34704e-05,2.10149e-05,1.9752e-05,1.94765e-05,2.00454e-05,2.13699e-05,2.33986e-05,2.60924e-05,2.93956e-05,3.32053e-05,3.73458e-05,4.15507e-05,4.54586e-05,5.06194e-05,5.62538e-05,6.00311e-05,6.09811e-05,5.86557e-05,5.30191e-05,4.45142e-05,3.40044e-05,2.25554e-05,1.10907e-05,0
0,9.66324e-06,1.95695e-05,2.87949e-05,3.65522e-05,4.20659e-05,4.48633e-05,4.4921e-05,4.26492e-05,3.87529e-05,3.40545e-05,2.95764e-05,2.73422e-05,2.77322e-05,2.89729e-05,3.10192e-05,3.36948e-05,3.67306e-05,3.98124e-05,4.26323e-05,4.49365e-05,4.65664e-05,4.74894e-05,4.78158e-05,4.7804e-05,4.78533e-05,4.84868e-05,5.0327e-05,5.40663e-05,6.04356e-05,7.01718e-05,8.39875e-05,0.000102542,0.000126415,0.000156085,0.000191906,0.000234093,0.000282698,0.000337593,0.000398432,0.000464599,0.000535096,0.000608334,0.000681756,0.000751248,0.000810621,0.000852687,0.000875498,0.000880702,0.000871896,0.00085366,0.000830848,0.000807902,0.000788269,0.000774002,0.000765662,0.000762545,0.000763152,0.000765782,0.000769067,0.000772348,0.000775804,0.000780341,0.000787303,0.000798061,0.000813583,0.000834048,0.000858579,0.000885137,0.000910617,0.000931118,0.000942372,0.000940277,0.000921525,0.000884441,0.000830283,0.000764527,0.000692983,0.00062007,0.000548706,0.000480699,0.000417115,0.000358548,0.00030528,0.000257386,0.000214796,0.000177337,0.000144765,0.000116788,9.30736e-05,7.32696e-05,5.70043e-05,4.38966e-05,3.35619e-05,2.56218e-05,1.97151e-05,1.55116e-05,1.27251e-05,1.11255e-05,1.05447e-05,1.08769e-05,1.20682e-05,1.40983e-05,1.69535e-05,2.05959e-05,2.49313e-05,2.97822e-05,3.48707e-05,3.98138e-05,4.60556e-05,5.2774e-05,5.76318e-05,5.95945e-05,5.81375e-05,5.31602e-05,4.5066e-05,3.4712e-05,2.31897e-05,1.14707e-05,0
0,9.92125e-06,1.9934e-05,2.90958e-05,3.65815e-05,4.16006e-05,4.36953e-05,4.28871e-05,3.96535e-05,3.47764e-05,2.91513e-05,2.38498e-05,2.08832e-05,2.06553e-05,2.14784e-05,2.33154e-05,2.59869e-05,2.92096e-05,3.26452e-05,3.59534e-05,3.88423e-05,4.11118e-05,4.26863e-05,4.36347e-05,4.41758e-05,4.46722e-05,4.56126e-05,4.75862e-05,5.12512e-05,5.73013e-05,6.64302e-05,7.92988e-05,9.65038e-05,0.000118549,0.00014582,0.000178562,0.000216857,0.000260601,0.000309479,0.000362929,0.000420088,0.00047971,0.000540036,0.000598627,0.000652225,0.000696888,0.000728933,0.000746916,0.0007516,0.000745319,0.000731327,0.000713208,0.000694329,0.000677385,0.000664103,0.000655161,0.000650324,0.00064876,0.000649429,0.000651457,0.000654389,0.000658295,0.000663705,0.000671418,0.000682224,0.000696608,0.00071448,0.000734992,0.000756474,0.000776509,0.000792152,0.000800269,0.000797964,0.000783084,0.000754776,0.000714033,0.000663796,0.000607623,0.000548706,0.000489523,0.000431852,0.000376909,0.000325488,0.00027807,0.000234912,0.000196108,0.000161628,0.000131354,0.000105103,8.26436e-05,6.37056e-05,4.7992e-05,3.51853e-05,2.49564e-05,1.69761e-05,1.0928e-05,6.52365e-06,3.5171e-06,1.71683e-06,9.92165e-07,1.27163e-06,2.53183e-06,4.77694e-06,8.01041e-06,1.22023e-05,1.72566e-05,2.29845e-05,2.90873e-05,3.51534e-05,4.25135e-05,5.02964e-05,5.61591e-05,5.90096e-05,5.82618e-05,5.37706e-05,4.59229e-05,3.5589e-05,2.38985e-05,1.18723e-05,0
0,1.02405e-05,2.04398e-05,2.96475e-05,3.69954e-05,4.16622e-05,4.31836e-05,4.16035e-05,3.7448e-05,3.15658e-05,2.49235e-05,1.86485e-05,1.47504e-05,1.36706e-05,1.38211e-05,1.51866e-05,1.75983e-05,2.07723e-05,2.43581e-05,2.79924e-05,3.13512e-05,3.41958e-05,3.64074e-05,3.80094e-05,3.91747e-05,4.02207e-05,4.15916e-05,4.38327e-05,4.75574e-05,5.34121e-05,6.2039e-05,7.40409e-05,8.99484e-05,0.00011019,0.000135065,0.000164722,0.000199136,0.000238086,0.000281135,0.000327599,0.000376514,0.000426589,0.000476155,0.00052313,0.000565065,0.00059939,0.000623986,0.000637955,0.000641776,0.000637056,0.000626144,0.000611696,0.000596264,0.000581949,0.000570179,0.000561634,0.000556333,0.000553839,0.000553521,0.000554809,0.000557382,0.000561241,0.000566678,0.000574148,0.000584081,0.000596679,0.000611723,0.000628454,0.000645532,0.000661097,0.000672943,0.000678777,0.000676541,0.000664774,0.000642944,0.000611686,0.000572721,0.000528307,0.000480699,0.000431852,0.000383322,0.000336278,0.000291559,0.000249741,0.000211188,0.000176107,0.000144581,0.000116602,9.20877e-05,7.08988e-05,5.28508e-05,3.77213e-05,2.52593e-05,1.51943e-05,7.24939e-06,1.15586e-06,-3.33092e-06,-6.4158e-06,-8.25191e-06,-8.93484e-06,-8.50546e-06,-6.96254e-06,-4.28486e-06,-4.60911e-07,4.47763e-06,1.04233e-05,1.71664e-05,2.43797e-05,3.16181e-05,4.00928e-05,4.88803e-05,5.56346e-05,5.92164e-05,5.89949e-05,5.4803e-05,4.70336e-05,3.65893e-05,2.46473e-05,1.2277e-05,0
0,1.06051e-05,2.10587e-05,3.0415e-05,3.77595e-05,4.22268e-05,4.33253e-05,4.10977e-05,3.60987e-05,2.92293e-05,2.15226e-05,1.41639e-05,9.16983e-06,7.03074e-06,6.27082e-06,6.90856e-06,8.79958e-06,1.16726e-05,1.51774e-05,1.89381e-05,2.26069e-05,2.59112e-05,2.86909e-05,3.09226e-05,3.27296e-05,3.43778e-05,3.62596e-05,3.88679e-05,4.27633e-05,4.85372e-05,5.67744e-05,6.8016e-05,8.27259e-05,0.00010126,0.000123842,0.000150539,0.000181244,0.000215657,0.000253274,0.000293365,0.000334962,0.000376847,0.000417547,0.000455371,0.000488507,0.000515231,0.00053425,0.000545051,0.00054802,0.00054434,0.000535744,0.00052422,0.000511707,0.000499839,0.000489778,0.000482147,0.000477085,0.000474377,0.00047364,0.000474497,0.000476706,0.000480227,0.000485202,0.000491873,0.000500454,0.000510985,0.00052321,0.000536483,0.000549751,0.0005616,0.000570391,0.000574446,0.000572287,0.000562877,0.000545826,0.000521499,0.000490942,0.000455621,0.000417115,0.000376909,0.000336278,0.00029625,0.000257621,0.00022098,0.000186745,0.000155195,0.000126498,0.000100735,7.7913e-05,5.79799e-05,4.08311e-05,2.63174e-05,1.42535e-05,4.42789e-06,-3.38355e-06,-9.40176e-06,-1.38276e-05,-1.68257e-05,-1.85132e-05,-1.8954e-05,-1.81637e-05,-1.61231e-05,-1.28021e-05,-8.1903e-06,-2.33047e-06,4.64912e-06,1.251e-05,2.08905e-05,2.93079e-05,3.88512e-05,4.85435e-05,5.60413e-05,6.01708e-05,6.02753e-05,5.61889e-05,4.83326e-05,3.76579e-05,2.53972e-05,1.26644e-05,0
0,1.09968e-05,2.17566e-05,3.13529e-05,3.88244e-05,4.32505e-05,4.40927e-05,4.13698e-05,3.56425e-05,2.78477e-05,1.90759e-05,1.05696e-05,4.35741e-06,9.88303e-07,-8.91586e-07,-1.21938e-06,-1.02932e-07,2.21218e-06,5.38838e-06,9.04891e-06,1.28313e-05,1.6436e-05,1.96655e-05,2.24511e-05,2.48648e-05,2.71176e-05,2.9545e-05,3.2582e-05,3.67303e-05,4.25216e-05,5.04796e-05,6.10824e-05,7.47287e-05,9.17083e-05,0.000112177,0.000136138,0.000163425,0.000193692,0.000226408,0.000260848,0.000296099,0.000331069,0.000364512,0.000395088,0.000421457,0.000442447,0.000457248,0.000465599,0.000467854,0.000464926,0.000458126,0.00044896,0.000438909,0.000429241,0.000420885,0.000414381,0.000409906,0.000407369,0.000406529,0.000407124,0.000408966,0.000411989,0.000416242,0.000421837,0.000428862,0.000437279,0.000446839,0.000457019,0.000467009,0.000475751,0.000482036,0.000484637,0.000482482,0.000474809,0.000461302,0.000442143,0.000417971,0.000389741,0.000358548,0.000325488,0.000291559,0.000257621,0.000224376,0.000192385,0.000162077,0.000133774,0.000107705,8.40225e-05,6.28114e-05,4.40963e-05,2.78465e-05,1.39815e-05,2.37839e-06,-7.11781e-06,-1.46804e-05,-2.04843e-05,-2.46888e-05,-2.7421e-05,-2.87656e-05,-2.87598e-05,-2.74e-05,-2.46563e-05,-2.04984e-05,-1.49256e-05,-8.00094e-06,1.18449e-07,9.15873e-06,1.87193e-05,2.82785e-05,3.88022e-05,4.92618e-05,5.73247e-05,6.1797e-05,6.2017e-05,5.78421e-05,4.97429e-05,3.87335e-05,2.61062e-05,1.30137e-05,0
0,1.13953e-05,2.24953e-05,3.24083e-05,4.01283e-05,4.46715e-05,4.54353e-05,4.23921e-05,3.60858e-05,2.74703e-05,1.76811e-05,8.01334e-06,5.10142e-07,-4.21484e-06,-7.38601e-06,-8.8877e-06,-8.78059e-06,-7.27268e-06,-4.67645e-06,-1.35796e-06,2.31608e-06,6.02751e-06,9.54745e-06,1.2765e-05,1.5702e-05,1.85137e-05,2.14762e-05,2.49633e-05,2.94144e-05,3.52989e-05,4.30777e-05,5.31667e-05,6.59028e-05,8.15155e-05,0.000100104,0.00012162,0.000145859,0.000172452,0.000200868,0.00023042,0.000260278,0.000289493,0.000317036,0.000341855,0.000362968,0.000379569,0.000391156,0.000397631,0.000399329,0.000396981,0.000391602,0.000384346,0.00037635,0.000368596,0.00036182,0.000356465,0.000352709,0.000350513,0.000349721,0.00035014,0.000351612,0.000354059,0.000357473,0.000361891,0.000367333,0.00037373,0.000380868,0.00038834,0.000395541,0.000401691,0.000405907,0.000407297,0.000405075,0.00039867,0.00038781,0.000372558,0.000353289,0.000330615,0.00030528,0.00027807,0.000249741,0.00022098,0.000192385,0.000164463,0.000137632,0.000112235,8.85461e-05,6.67734e-05,4.70671e-05,2.95188e-05,1.41636e-05,9.83005e-07,-1.00889e-05,-1.91552e-05,-2.63423e-05,-3.17826e-05,-3.55972e-05,-3.78802e-05,-3.86882e-05,-3.80378e-05,-3.59125e-05,-3.228e-05,-2.71176e-05,-2.04432e-05,-1.23481e-05,-3.0251e-06,7.21165e-06,1.79201e-05,2.85399e-05,3.99156e-05,5.09714e-05,5.93958e-05,6.39915e-05,6.41129e-05,5.9663e-05,5.11798e-05,3.97517e-05,2.67319e-05,1.33038e-05,0
0,1.17794e-05,2.32336e-05,3.35222e-05,4.15994e-05,4.64127e-05,4.72814e-05,4.41105e-05,3.74044e-05,2.81131e-05,1.74022e-05,6.6115e-06,-2.2027e-06,-8.3583e-06,-1.29457e-05,-1.57904e-05,-1.68972e-05,-1.64259e-05,-1.46526e-05,-1.19207e-05,-8.59058e-06,-4.98942e-06,-1.37008e-06,2.11982e-06,5.45517e-06,8.73674e-06,1.21812e-05,1.61e-05,2.08694e-05,2.68955e-05,3.45774e-05,4.42705e-05,5.62541e-05,7.07042e-05,8.76726e-05,0.000107073,0.000128675,0.000152104,0.000176848,0.00020227,0.000227634,0.00025213,0.000274917,0.000295179,0.000312196,0.00032542,0.000334552,0.000339596,0.000340875,0.000338988,0.000334738,0.00032902,0.000322712,0.000316573,0.000311177,0.00030688,0.000303831,0.000302016,0.00030132,0.00030159,0.00030269,0.000304534,0.000307084,0.000310336,0.000314277,0.000318836,0.000323845,0.000329002,0.000333866,0.000337879,0.000340402,0.00034079,0.000338466,0.000332991,0.000324125,0.000311853,0.000296372,0.000278054,0.000257386,0.000234912,0.000211188,0.000186745,0.000162077,0.000137632,0.000113807,9.09533e-05,6.9374e-05,4.93238e-05,3.10058e-05,1.45686e-05,1.03588e-07,-1.23537e-05,-2.28189e-05,-3.13494e-05,-3.80297e-05,-4.29547e-05,-4.62123e-05,-4.78679e-05,-4.79561e-05,-4.64787e-05,-4.34142e-05,-3.87351e-05,-3.24345e-05,-2.45569e-05,-1.52285e-05,-4.68322e-06,6.72103e-06,1.85002e-05,3.00574e-05,4.21204e-05,5.35727e-05,6.21363e-05,6.66287e-05,6.64412e-05,6.15427e-05,5.25548e-05,4.06473e-05,2.72328e-05,1.35151e-05,0
0,1.21277e-05,2.39291e-05,3.46323e-05,4.31586e-05,4.8385e-05,4.95415e-05,4.64472e-05,3.95447e-05,2.97586e-05,1.8267e-05,6.44357e-06,-3.64669e-06,-1.12527e-05,-1.7329e-05,-2.16386e-05,-2.41241e-05,-2.48885e-05,-2.41606e-05,-2.22508e-05,-1.95015e-05,-1.62393e-05,-1.27322e-05,-9.15751e-06,-5.58226e-06,-1.95677e-06,1.87823e-06,6.17305e-06,1.12416e-05,1.7428e-05,2.50712e-05,3.44695e-05,4.58497e-05,5.93407e-05,7.49553e-05,9.25787e-05,0.000111966,0.000132746,0.000154435,0.000176452,0.000198149,0.00021884,0.000237843,0.000254529,0.000268371,0.000279002,0.000286263,0.000290225,0.000291193,0.000289674,0.000286312,0.000281811,0.000276853,0.000272027,0.000267776,0.000264375,0.000261941,0.000260462,0.000259844,0.000259959,0.000260685,0.000261933,0.000263651,0.000265817,0.000268405,0.000271359,0.000274555,0.000277784,0.000280739,0.000283026,0.000284195,0.000283781,0.000281355,0.000276577,0.00026923,0.000259242,0.000246691,0.000231776,0.000214796,0.000196108,0.000176107,0.000155195,0.000133774,0.000112235,9.09533e-05,7.02802e-05,5.0541e-05,3.20257e-05,1.49804e-05,-3.99679e-07,-1.3976e-05,-2.5668e-05,-3.5449e-05,-4.33373e-05,-4.93818e-05,-5.36453e-05,-5.61876e-05,-5.70515e-05,-5.62554e-05,-5.37932e-05,-4.9645e-05,-4.37961e-05,-3.62631e-05,-2.71236e-05,-1.65445e-05,-4.8049e-06,7.69224e-06,2.0422e-05,3.27553e-05,4.53092e-05,5.69358e-05,6.54048e-05,6.95668e-05,6.88705e-05,6.33691e-05,5.37798e-05,4.13581e-05,2.75706e-05,1.36298e-05,0
0,1.24193e-05,2.45402e-05,3.56756e-05,4.47231e-05,5.04908e-05,5.21118e-05,4.93035e-05,4.24258e-05,3.23561e-05,2.02661e-05,7.54912e-06,-3.72796e-06,-1.27475e-05,-2.03295e-05,-2.61734e-05,-3.01553e-05,-3.23146e-05,-3.28243e-05,-3.19513e-05,-3.001e-05,-2.73156e-05,-2.41418e-05,-2.06877e-05,-1.70554e-05,-1.32413e-05,-9.13949e-06,-4.55791e-06,7.57496e-07,7.09157e-06,1.47262e-05,2.3907e-05,3.48132e-05,4.75331e-05,6.20475e-05,7.82209e-05,9.58009e-05,0.000114426,0.000133642,0.000152923,0.000171698,0.000189388,0.000205437,0.000219358,0.000230771,0.000239435,0.000245286,0.000248438,0.000249181,0.000247948,0.000245268,0.000241703,0.000237789,0.000233983,0.000230625,0.000227924,0.000225965,0.000224731,0.000224137,0.00022407,0.000224419,0.000225099,0.000226053,0.000227252,0.000228673,0.000230278,0.000231987,0.000233665,0.000235107,0.000236048,0.000236173,0.000235149,0.000232657,0.000228421,0.000222241,0.000214011,0.000203717,0.00019144,0.000177337,0.000161628,0.000144581,0.000126498,0.000107705,8.85461e-05,6.9374e-05,5.0541e-05,3.2388e-05,1.52319e-05,-6.47089e-07,-1.5017e-05,-2.77019e-05,-3.85849e-05,-4.76052e-05,-5.47493e-05,-6.00367e-05,-6.35041e-05,-6.51891e-05,-6.51176e-05,-6.32979e-05,-5.97229e-05,-5.43816e-05,-4.72789e-05,-3.84618e-05,-2.80469e-05,-1.62463e-05,-3.38612e-06,1.00859e-05,2.3607e-05,3.65214e-05,4.93443e-05,6.09076e-05,6.90434e-05,7.26547e-05,7.12663e-05,6.50314e-05,5.47715e-05,4.18275e-05,2.7712e-05,1.36331e-05,0
0,1.26349e-05,2.50273e-05,3.65905e-05,4.62094e-05,5.2628e-05,5.48782e-05,5.25637e-05,4.59426e-05,3.58238e-05,2.33525e-05,9.92595e-06,-2.3972e-06,-1.27379e-05,-2.17853e-05,-2.91768e-05,-3.47205e-05,-3.83873e-05,-4.02878e-05,-4.06365e-05,-3.97098e-05,-3.78014e-05,-3.51811e-05,-3.20606e-05,-2.85693e-05,-2.47429e-05,-2.05239e-05,-1.57736e-05,-1.0294e-05,-3.85571e-06,3.77045e-06,1.27818e-05,2.33155e-05,3.54252e-05,4.90662e-05,6.40876e-05,8.02346e-05,9.71579e-05,0.000114432,0.000131578,0.000148091,0.000163477,0.00017728,0.000189118,0.000198715,0.000205922,0.000210735,0.000213297,0.000213881,0.000212865,0.000210691,0.000207816,0.000204669,0.000201608,0.000198895,0.000196688,0.000195044,0.000193939,0.000193295,0.00019301,0.000192984,0.000193136,0.000193414,0.000193789,0.000194245,0.000194764,0.000195304,0.000195787,0.000196086,0.000196026,0.000195392,0.000193944,0.000191437,0.000187643,0.000182372,0.00017549,0.000166921,0.000156661,0.000144765,0.000131354,0.000116602,0.000100735,8.40225e-05,6.67734e-05,4.93238e-05,3.20257e-05,1.52319e-05,-7.19976e-07,-1.55244e-05,-2.89215e-05,-4.07071e-05,-5.0737e-05,-5.89241e-05,-6.52298e-05,-6.96511e-05,-7.22044e-05,-7.29108e-05,-7.17853e-05,-6.88325e-05,-6.40506e-05,-5.74446e-05,-4.90458e-05,-3.89371e-05,-2.72789e-05,-1.43311e-05,-4.67581e-07,1.38214e-05,2.79401e-05,4.12134e-05,5.40647e-05,6.53185e-05,7.28855e-05,7.57391e-05,7.34975e-05,6.64259e-05,5.5455e-05,4.2007e-05,2.76301e-05,1.35139e-05,0
0,1.27573e-05,2.53546e-05,3.73194e-05,4.75364e-05,5.46932e-05,5.77204e-05,5.60987e-05,4.99689e-05,4.00512e-05,2.74434e-05,1.35296e-05,3.47906e-07,-1.1169e-05,-2.15856e-05,-3.04812e-05,-3.75967e-05,-4.28325e-05,-4.62315e-05,-4.79488e-05,-4.82141e-05,-4.72902e-05,-4.54329e-05,-4.28571e-05,-3.97109e-05,-3.60619e-05,-3.1894e-05,-2.71165e-05,-2.15821e-05,-1.5112e-05,-7.52503e-06,1.33299e-06,1.15624e-05,2.3188e-05,3.61445e-05,5.02707e-05,6.53122e-05,8.09323e-05,9.67309e-05,0.000112268,0.000127094,0.000140776,0.000152933,0.00016326,0.000171553,0.000177724,0.000181809,0.000183963,0.000184446,0.000183591,0.000181777,0.000179384,0.000176761,0.000174197,0.000171899,0.000169985,0.000168494,0.000167398,0.000166626,0.000166086,0.000165689,0.000165364,0.000165063,0.000164764,0.000164461,0.000164152,0.000163825,0.000163441,0.00016293,0.00016218,0.000161043,0.000159342,0.000156881,0.000153463,0.000148904,0.000143048,0.000135779,0.000127029,0.000116788,0.000105103,9.20877e-05,7.7913e-05,6.28114e-05,4.70671e-05,3.10058e-05,1.49804e-05,-6.47089e-07,-1.55244e-05,-2.93279e-05,-4.17783e-05,-5.2652e-05,-6.17852e-05,-6.90721e-05,-7.44561e-05,-7.79172e-05,-7.94576e-05,-7.90875e-05,-7.6817e-05,-7.26533e-05,-6.66065e-05,-5.87036e-05,-4.90081e-05,-3.76441e-05,-2.48189e-05,-1.08412e-05,3.86879e-06,1.8782e-05,3.32762e-05,4.66652e-05,5.92929e-05,6.99902e-05,7.67624e-05,7.86707e-05,7.54413e-05,6.74601e-05,5.57673e-05,4.18593e-05,2.73063e-05,1.32654e-05,0
0,1.27725e-05,2.54915e-05,3.78108e-05,4.86284e-05,5.65856e-05,6.05155e-05,5.97708e-05,5.4362e-05,4.49021e-05,3.24221e-05,1.8274e-05,4.46172e-06,-8.03861e-06,-1.96755e-05,-2.99763e-05,-3.86176e-05,-4.54297e-05,-5.03851e-05,-5.35743e-05,-5.51728e-05,-5.54038e-05,-5.44999e-05,-5.26696e-05,-5.00708e-05,-4.67941e-05,-4.28577e-05,-3.82119e-05,-3.27543e-05,-2.63512e-05,-1.88639e-05,-1.01762e-05,-2.18979e-07,1.10085e-05,2.34255e-05,3.68639e-05,5.10718e-05,6.57247e-05,8.04439e-05,9.4821e-05,0.000108445,0.000120932,0.00013195,0.000141247,0.000148665,0.000154154,0.000157772,0.000159679,0.000160117,0.000159386,0.000157816,0.000155734,0.000153435,0.000151156,0.000149068,0.000147266,0.000145779,0.00014458,0.000143607,0.00014278,0.000142024,0.000141277,0.0001405,0.000139678,0.000138815,0.000137919,0.000137,0.000136045,0.000135018,0.00013385,0.000132433,0.000130628,0.000128271,0.000125181,0.000121178,0.000116089,0.000109771,0.000102118,9.30736e-05,8.26436e-05,7.08988e-05,5.79799e-05,4.40963e-05,2.95188e-05,1.45686e-05,-3.99679e-07,-1.5017e-05,-2.89215e-05,-4.17783e-05,-5.32966e-05,-6.32407e-05,-7.14349e-05,-7.77613e-05,-8.21514e-05,-8.45744e-05,-8.50232e-05,-8.35032e-05,-8.00254e-05,-7.46054e-05,-6.72714e-05,-5.80783e-05,-4.71271e-05,-3.45861e-05,-2.07115e-05,-5.86029e-06,9.50416e-06,2.48197e-05,3.94454e-05,5.26938e-05,6.4842e-05,7.47423e-05,8.05103e-05,8.13106e-05,7.6989e-05,6.80569e-05,5.56603e-05,4.1359e-05,2.67306e-05,1.28853e-05,0
0,1.26697e-05,2.54134e-05,3.8021e-05,4.94173e-05,5.82102e-05,6.31422e-05,6.34372e-05,5.89659e-05,5.02188e-05,3.81409e-05,2.40335e-05,9.85118e-06,-3.39858e-06,-1.6059e-05,-2.76133e-05,-3.76796e-05,-4.60207e-05,-5.2538e-05,-5.72542e-05,-6.02853e-05,-6.18074e-05,-6.2021e-05,-6.11193e-05,-5.92602e-05,-5.65492e-05,-5.30301e-05,-4.86869e-05,-4.34554e-05,-3.72408e-05,-2.99413e-05,-2.14729e-05,-1.1793e-05,-9.19663e-07,1.1055e-05,2.39593e-05,3.75455e-05,5.15e-05,6.5462e-05,7.90467e-05,9.18716e-05,0.000103584,0.000113885,0.000122553,0.000129457,0.000134566,0.000137945,0.000139749,0.000140203,0.000139581,0.000138176,0.000136277,0.000134141,0.000131977,0.000129932,0.000128091,0.000126483,0.000125087,0.000123853,0.000122719,0.000121622,0.000120513,0.000119363,0.000118163,0.000116923,0.000115661,0.000114392,0.000113123,0.000111832,0.000110472,0.000108958,0.000107171,0.000104961,0.000102158,9.85778e-05,9.40419e-05,8.83889e-05,8.14912e-05,7.32696e-05,6.37056e-05,5.28508e-05,4.08311e-05,2.78465e-05,1.41636e-05,1.03588e-07,-1.3976e-05,-2.77019e-05,-4.07071e-05,-5.2652e-05,-6.32407e-05,-7.22326e-05,-7.94465e-05,-8.47584e-05,-8.80939e-05,-8.94161e-05,-8.87148e-05,-8.59956e-05,-8.12759e-05,-7.4586e-05,-6.59779e-05,-5.55393e-05,-4.34123e-05,-2.98123e-05,-1.50439e-05,4.89767e-07,1.62872e-05,3.17605e-05,4.62592e-05,5.91047e-05,7.05216e-05,7.93983e-05,8.39757e-05,8.35349e-05,7.80496e-05,6.81574e-05,5.51028e-05,4.0495e-05,2.59027e-05,1.23761e-05,0
0,1.24418e-05,2.51031e-05,3.79156e-05,4.98453e-05,5.94806e-05,6.54842e-05,6.69541e-05,6.36162e-05,5.58259e-05,4.44248e-05,3.06458e-05,1.63776e-05,2.64592e-06,-1.07996e-05,-2.3408e-05,-3.47465e-05,-4.45151e-05,-5.25463e-05,-5.87942e-05,-6.33115e-05,-6.62209e-05,-6.76839e-05,-6.78692e-05,-6.69261e-05,-6.49655e-05,-6.20485e-05,-5.81849e-05,-5.33413e-05,-4.74554e-05,-4.04562e-05,-3.22866e-05,-2.2925e-05,-1.24039e-05,-8.22757e-07,1.16462e-05,2.47605e-05,3.82172e-05,5.167e-05,6.47515e-05,7.70978e-05,8.8375e-05,9.83026e-05,0.000106673,0.000113365,0.00011835,0.000121691,0.000123529,0.000124072,0.000123569,0.000122287,0.000120487,0.000118403,0.000116229,0.000114103,0.00011211,0.000110286,0.000108624,0.000107092,0.000105644,0.000104235,0.000102827,0.000101403,9.99586e-05,9.85066e-05,9.70668e-05,9.56573e-05,9.42848e-05,9.29345e-05,9.15628e-05,9.0092e-05,8.84093e-05,8.637e-05,8.38048e-05,8.053e-05,7.63623e-05,7.11341e-05,6.47103e-05,5.70043e-05,4.7992e-05,3.77213e-05,2.63174e-05,1.39815e-05,9.83005e-07,-1.23537e-05,-2.5668e-05,-3.85849e-05,-5.0737e-05,-6.17852e-05,-7.14349e-05,-7.94465e-05,-8.56391e-05,-8.98882e-05,-9.21183e-05,-9.2292e-05,-9.04005e-05,-8.64556e-05,-8.04868e-05,-7.25443e-05,-6.27089e-05,-5.11055e-05,-3.792e-05,-2.34152e-05,-7.94263e-06,8.05294e-06,2.40386e-05,3.94094e-05,5.35155e-05,6.56984e-05,7.61437e-05,8.37912e-05,8.70201e-05,8.52387e-05,7.85532e-05,6.77234e-05,5.40814e-05,3.92697e-05,2.48316e-05,1.17453e-05,0
0,1.20862e-05,2.45508e-05,3.74708e-05,4.9866e-05,6.03215e-05,6.74332e-05,7.01808e-05,6.81441e-05,6.15345e-05,5.1076e-05,3.79153e-05,2.38598e-05,9.93847e-06,-4.01972e-06,-1.74408e-05,-2.98507e-05,-4.08936e-05,-5.0338e-05,-5.807e-05,-6.40778e-05,-6.84271e-05,-7.12335e-05,-7.26337e-05,-7.27601e-05,-7.17198e-05,-6.95826e-05,-6.63759e-05,-6.20894e-05,-5.66863e-05,-5.01205e-05,-4.23559e-05,-3.33871e-05,-2.32564e-05,-1.2067e-05,1.12709e-08,1.27428e-05,2.58352e-05,3.89543e-05,5.17452e-05,6.38558e-05,7.49614e-05,8.4787e-05,9.31266e-05,9.98555e-05,0.000104936,0.000108418,0.000110424,0.00011114,0.000110792,0.000109627,0.000107888,0.000105797,0.000103539,0.000101255,9.90396e-05,9.69424e-05,9.49769e-05,9.31316e-05,9.13811e-05,8.96973e-05,8.80583e-05,8.64533e-05,8.48838e-05,8.33614e-05,8.1902e-05,8.05176e-05,7.92079e-05,7.79511e-05,7.66973e-05,7.5364e-05,7.38346e-05,7.19621e-05,6.95757e-05,6.64918e-05,6.25281e-05,5.75198e-05,5.1336e-05,4.38966e-05,3.51853e-05,2.52593e-05,1.42535e-05,2.37839e-06,-1.00889e-05,-2.28189e-05,-3.5449e-05,-4.76052e-05,-5.89241e-05,-6.90721e-05,-7.77613e-05,-8.47584e-05,-8.98882e-05,-9.30306e-05,-9.41134e-05,-9.31042e-05,-9.00007e-05,-8.48258e-05,-7.76267e-05,-6.84787e-05,-5.74957e-05,-4.48427e-05,-3.07505e-05,-1.55282e-05,4.29593e-07,1.66426e-05,3.25549e-05,4.75547e-05,6.10036e-05,7.22742e-05,8.15272e-05,8.77677e-05,8.9524e-05,8.63392e-05,7.84521e-05,6.67376e-05,5.26007e-05,3.76995e-05,2.35356e-05,1.10044e-05,0
0,1.1604e-05,2.3755e-05,3.66736e-05,4.94462e-05,6.06708e-05,6.88924e-05,7.29833e-05,7.23809e-05,6.71478e-05,5.78786e-05,4.56188e-05,3.20785e-05,1.82751e-05,4.1023e-06,-9.85522e-06,-2.30931e-05,-3.52092e-05,-4.59141e-05,-5.50305e-05,-6.24824e-05,-6.82763e-05,-7.24776e-05,-7.51848e-05,-7.65051e-05,-7.65339e-05,-7.53407e-05,-7.29621e-05,-6.94033e-05,-6.46461e-05,-5.86623e-05,-5.14317e-05,-4.29598e-05,-3.32945e-05,-2.25388e-05,-1.08575e-05,1.52263e-06,1.432e-05,2.72117e-05,3.98525e-05,5.18967e-05,6.30217e-05,7.29496e-05,8.1466e-05,8.84326e-05,9.37938e-05,9.75757e-05,9.98789e-05,0.000100865,0.000100737,9.97224e-05,9.80519e-05,9.59407e-05,9.35759e-05,9.11075e-05,8.86449e-05,8.62586e-05,8.39858e-05,8.18391e-05,7.98159e-05,7.79071e-05,7.61047e-05,7.44058e-05,7.28137e-05,7.13359e-05,6.99792e-05,6.87435e-05,6.76133e-05,6.65518e-05,6.54942e-05,6.43451e-05,6.2978e-05,6.12396e-05,5.89568e-05,5.59483e-05,5.20382e-05,4.70725e-05,4.09348e-05,3.35619e-05,2.49564e-05,1.51943e-05,4.42789e-06,-7.11781e-06,-1.91552e-05,-3.13494e-05,-4.33373e-05,-5.47493e-05,-6.52298e-05,-7.44561e-05,-8.21514e-05,-8.80939e-05,-9.21183e-05,-9.41134e-05,-9.4016e-05,-9.18024e-05,-8.74825e-05,-8.10956e-05,-7.27113e-05,-6.24347e-05,-5.04157e-05,-3.68611e-05,-2.20461e-05,-6.32277e-06,9.87671e-06,2.60449e-05,4.16126e-05,5.59723e-05,6.85087e-05,7.86356e-05,8.65022e-05,9.11914e-05,9.13892e-05,8.67769e-05,7.77222e-05,6.52037e-05,5.06825e-05,3.58134e-05,2.20405e-05,1.01689e-05,0
0,1.10006e-05,2.27215e-05,3.55225e-05,4.85665e-05,6.04813e-05,6.97789e-05,7.52387e-05,7.61634e-05,7.24664e-05,6.46053e-05,5.35111e-05,4.07823e-05,2.74094e-05,1.33363e-05,-8.54672e-07,-1.46412e-05,-2.75859e-05,-3.93502e-05,-4.96995e-05,-5.84969e-05,-6.56898e-05,-7.1291e-05,-7.53558e-05,-7.79596e-05,-7.91783e-05,-7.90729e-05,-7.76813e-05,-7.50159e-05,-7.10698e-05,-6.58267e-05,-5.92762e-05,-5.14299e-05,-4.23367e-05,-3.2096e-05,-2.08643e-05,-8.85753e-06,3.6549e-06,1.63612e-05,2.89244e-05,4.10024e-05,5.22703e-05,6.24417e-05,7.12867e-05,7.86462e-05,8.44388e-05,8.86626e-05,9.13889e-05,9.27512e-05,9.29299e-05,9.21338e-05,9.05822e-05,8.84881e-05,8.60441e-05,8.34137e-05,8.0726e-05,7.80758e-05,7.5527e-05,7.31187e-05,7.08721e-05,6.87978e-05,6.69011e-05,6.51859e-05,6.36549e-05,6.23084e-05,6.11402e-05,6.01324e-05,5.92496e-05,5.84337e-05,5.75997e-05,5.66349e-05,5.53999e-05,5.37338e-05,5.14625e-05,4.84103e-05,4.44136e-05,3.93363e-05,3.30849e-05,2.56218e-05,1.69761e-05,7.24939e-06,-3.38355e-06,-1.46804e-05,-2.63423e-05,-3.80297e-05,-4.93818e-05,-6.00367e-05,-6.96511e-05,-7.79172e-05,-8.45744e-05,-8.94161e-05,-9.2292e-05,-9.31042e-05,-9.18024e-05,-8.83773e-05,-8.28556e-05,-7.52979e-05,-6.58007e-05,-5.45022e-05,-4.15905e-05,-2.7314e-05,-1.19894e-05,3.99331e-06,2.01721e-05,3.6022e-05,5.0972e-05,6.44303e-05,7.58158e-05,8.45936e-05,9.09134e-05,9.3946e-05,9.25406e-05,8.65162e-05,7.63619e-05,6.31451e-05,4.83639e-05,3.36511e-05,2.03791e-05,9.25731e-06,0
0,1.0285e-05,2.1464e-05,3.40267e-05,4.72217e-05,5.9722e-05,7.00262e-05,7.68384e-05,7.93385e-05,7.72949e-05,7.10241e-05,6.13326e-05,4.96947e-05,3.70595e-05,2.34063e-05,9.30238e-06,-4.7255e-06,-1.82168e-05,-3.0795e-05,-4.21763e-05,-5.21684e-05,-6.06626e-05,-6.76183e-05,-7.30447e-05,-7.69804e-05,-7.94752e-05,-8.05742e-05,-8.03081e-05,-7.86895e-05,-7.57152e-05,-7.13744e-05,-6.56606e-05,-5.85864e-05,-5.01977e-05,-4.05861e-05,-2.98972e-05,-1.8333e-05,-6.14904e-06,6.35519e-06,1.8851e-05,3.09992e-05,4.24706e-05,5.29668e-05,6.2239e-05,7.0102e-05,7.64443e-05,8.12305e-05,8.44985e-05,8.6351e-05,8.6942e-05,8.64613e-05,8.51173e-05,8.31208e-05,8.06719e-05,7.7949e-05,7.5103e-05,7.22545e-05,6.94955e-05,6.68921e-05,6.449e-05,6.23189e-05,6.03967e-05,5.87323e-05,5.7326e-05,5.61682e-05,5.52366e-05,5.44925e-05,5.38768e-05,5.33072e-05,5.26762e-05,5.18522e-05,5.06825e-05,4.90001e-05,4.66328e-05,4.3415e-05,3.92011e-05,3.38795e-05,2.7386e-05,1.97151e-05,1.0928e-05,1.15586e-06,-9.40176e-06,-2.04843e-05,-3.17826e-05,-4.29547e-05,-5.36453e-05,-6.35041e-05,-7.22044e-05,-7.94576e-05,-8.50232e-05,-8.87148e-05,-9.04005e-05,-9.00007e-05,-8.74825e-05,-8.28556e-05,-7.61682e-05,-6.75067e-05,-5.6998e-05,-4.48155e-05,-3.11857e-05,-1.63965e-05,-8.01508e-07,1.51786e-05,3.10616e-05,4.63161e-05,6.03812e-05,7.26928e-05,8.27146e-05,8.99713e-05,9.46232e-05,9.5937e-05,9.29269e-05,8.55452e-05,7.43908e-05,6.06022e-05,4.56946e-05,3.12603e-05,1.85884e-05,8.2898e-06,0
0,9.46978e-06,2.00026e-05,3.22063e-05,4.54207e-05,5.83792e-05,6.95869e-05,7.76924e-05,8.17689e-05,8.14483e-05,7.6906e-05,6.88178e-05,5.85231e-05,4.69164e-05,3.39986e-05,2.03091e-05,6.36605e-06,-7.36057e-06,-2.04685e-05,-3.26351e-05,-4.36208e-05,-5.32654e-05,-6.14773e-05,-6.82184e-05,-7.34876e-05,-7.73029e-05,-7.96872e-05,-8.06571e-05,-8.02178e-05,-7.83629e-05,-7.50805e-05,-7.03623e-05,-6.4217e-05,-5.66829e-05,-4.78403e-05,-3.782e-05,-2.68076e-05,-1.5042e-05,-2.80846e-06,9.57443e-06,2.1771e-05,3.3448e-05,4.42946e-05,5.4041e-05,6.24745e-05,6.94498e-05,7.48952e-05,7.8812e-05,8.12686e-05,8.23901e-05,8.23445e-05,8.13274e-05,7.95463e-05,7.72073e-05,7.45033e-05,7.1606e-05,6.86618e-05,6.57897e-05,6.30825e-05,6.0609e-05,5.8417e-05,5.65357e-05,5.49776e-05,5.37386e-05,5.27976e-05,5.21143e-05,5.16277e-05,5.12541e-05,5.08861e-05,5.03941e-05,4.96287e-05,4.84263e-05,4.66172e-05,4.40354e-05,4.05305e-05,3.59804e-05,3.03036e-05,2.34704e-05,1.55116e-05,6.52365e-06,-3.33092e-06,-1.38276e-05,-2.46888e-05,-3.55972e-05,-4.62123e-05,-5.61876e-05,-6.51891e-05,-7.29108e-05,-7.90875e-05,-8.35032e-05,-8.59956e-05,-8.64556e-05,-8.48258e-05,-8.10956e-05,-7.52979e-05,-6.75067e-05,-5.78375e-05,-4.64501e-05,-3.35533e-05,-1.94108e-05,-4.34543e-06,1.12589e-05,2.69602e-05,4.2267e-05,5.66536e-05,6.95815e-05,8.05257e-05,8.90039e-05,9.46075e-05,9.75146e-05,9.70934e-05,9.25205e-05,8.38737e-05,7.18467e-05,5.76295e-05,4.27336e-05,2.86943e-05,1.67078e-05,7.28744e-06,0
0,8.56985e-06,1.83634e-05,3.00905e-05,4.31858e-05,5.64567e-05,6.84339e-05,7.77328e-05,8.33387e-05,8.47594e-05,8.20343e-05,7.57052e-05,6.69689e-05,5.66541e-05,4.47707e-05,3.18189e-05,1.82947e-05,4.66392e-06,-8.65874e-06,-2.13241e-05,-3.30552e-05,-4.36477e-05,-5.29631e-05,-6.09179e-05,-6.74697e-05,-7.26015e-05,-7.63089e-05,-7.85883e-05,-7.94307e-05,-7.88202e-05,-7.67373e-05,-7.31666e-05,-6.81076e-05,-6.15867e-05,-5.36689e-05,-4.44669e-05,-3.41467e-05,-2.29274e-05,-1.10769e-05,1.09882e-06,1.32702e-05,2.51018e-05,3.62718e-05,4.64906e-05,5.55171e-05,6.31723e-05,6.93463e-05,7.40015e-05,7.71695e-05,7.89433e-05,7.94659e-05,7.89167e-05,7.74966e-05,7.54145e-05,7.28746e-05,7.00669e-05,6.71603e-05,6.42987e-05,6.1599e-05,5.91511e-05,5.70189e-05,5.5241e-05,5.38318e-05,5.27819e-05,5.20575e-05,5.16003e-05,5.13272e-05,5.11305e-05,5.08802e-05,5.04268e-05,4.96069e-05,4.82502e-05,4.61894e-05,4.32699e-05,3.9362e-05,3.43723e-05,2.82538e-05,2.10149e-05,1.27251e-05,3.5171e-06,-6.4158e-06,-1.68257e-05,-2.7421e-05,-3.78802e-05,-4.78679e-05,-5.70515e-05,-6.51176e-05,-7.17853e-05,-7.6817e-05,-8.00254e-05,-8.12759e-05,-8.04868e-05,-7.76267e-05,-7.27113e-05,-6.58007e-05,-5.6998e-05,-4.64501e-05,-3.43501e-05,-2.09412e-05,-6.5201e-06,8.56155e-06,2.38984e-05,3.90377e-05,5.3491e-05,6.67508e-05,7.83131e-05,8.77019e-05,9.44972e-05,9.83607e-05,9.94942e-05,9.73682e-05,9.13169e-05,8.15315e-05,6.87827e-05,5.42914e-05,3.95453e-05,2.6008e-05,1.47769e-05,6.27085e-06,0
0,7.60243e-06,1.65769e-05,2.77165e-05,4.05521e-05,5.39754e-05,6.65622e-05,7.69168e-05,8.39581e-05,8.70861e-05,8.62127e-05,8.17469e-05,7.47386e-05,6.59412e-05,5.53631e-05,4.34554e-05,3.06799e-05,1.74847e-05,4.28282e-06,-8.56302e-06,-2.07503e-05,-3.20397e-05,-4.22528e-05,-5.12645e-05,-5.89918e-05,-6.5382e-05,-7.03996e-05,-7.4016e-05,-7.62029e-05,-7.69288e-05,-7.6161e-05,-7.38715e-05,-7.00459e-05,-6.46944e-05,-5.78628e-05,-4.96423e-05,-4.01754e-05,-2.96582e-05,-1.83378e-05,-6.5036e-06,5.5245e-06,1.74127e-05,2.88312e-05,3.94732e-05,4.90718e-05,5.74149e-05,6.43548e-05,6.98143e-05,7.37859e-05,7.63277e-05,7.75542e-05,7.76242e-05,7.67274e-05,7.50703e-05,7.28634e-05,7.03101e-05,6.75973e-05,6.48891e-05,6.23227e-05,6.00058e-05,5.80153e-05,5.63973e-05,5.51666e-05,5.43076e-05,5.37742e-05,5.3491e-05,5.33548e-05,5.32375e-05,5.29899e-05,5.24477e-05,5.14388e-05,4.97925e-05,4.73495e-05,4.3973e-05,3.95591e-05,3.40474e-05,2.74288e-05,1.9752e-05,1.11255e-05,1.71683e-06,-8.25191e-06,-1.85132e-05,-2.87656e-05,-3.86882e-05,-4.79561e-05,-5.62554e-05,-6.32979e-05,-6.88325e-05,-7.26533e-05,-7.46054e-05,-7.4586e-05,-7.25443e-05,-6.84787e-05,-6.24347e-05,-5.45022e-05,-4.48155e-05,-3.35533e-05,-2.09412e-05,-7.25313e-06,7.18725e-06,2.20076e-05,3.67916e-05,5.10877e-05,6.44229e-05,7.63205e-05,8.63215e-05,9.4008e-05,9.90271e-05,0.000101113,0.000100493,9.6739e-05,8.93328e-05,7.85648e-05,6.52631e-05,5.06581e-05,3.61957e-05,2.32555e-05,1.28332e-05,5.25912e-06,0
0,6.58597e-06,1.46767e-05,2.51283e-05,3.75655e-05,5.09731e-05,6.3989e-05,7.52288e-05,8.35678e-05,8.83175e-05,8.92745e-05,8.672e-05,8.15556e-05,7.44532e-05,6.54117e-05,5.48252e-05,4.31107e-05,3.06859e-05,1.79487e-05,5.26143e-06,-7.06046e-06,-1.87541e-05,-2.96096e-05,-3.94665e-05,-4.8205e-05,-5.5737e-05,-6.1995e-05,-6.69226e-05,-7.04677e-05,-7.25787e-05,-7.32047e-05,-7.23003e-05,-6.98329e-05,-6.57925e-05,-6.0202e-05,-5.31273e-05,-4.4684e-05,-3.50416e-05,-2.4422e-05,-1.3094e-05,-1.36308e-06,1.04434e-05,2.19926e-05,3.2965e-05,4.30716e-05,5.20702e-05,5.97772e-05,6.6076e-05,7.09195e-05,7.43285e-05,7.63853e-05,7.72233e-05,7.70153e-05,7.59595e-05,7.4266e-05,7.21446e-05,6.9794e-05,6.73926e-05,6.50925e-05,6.30147e-05,6.12456e-05,5.9836e-05,5.88002e-05,5.8116e-05,5.77264e-05,5.75413e-05,5.74413e-05,5.72822e-05,5.69019e-05,5.61277e-05,5.47859e-05,5.27122e-05,4.97623e-05,4.58227e-05,4.08205e-05,3.47319e-05,2.75876e-05,1.94765e-05,1.05447e-05,9.92165e-07,-8.93484e-06,-1.8954e-05,-2.87598e-05,-3.80378e-05,-4.64787e-05,-5.37932e-05,-5.97229e-05,-6.40506e-05,-6.66065e-05,-6.72714e-05,-6.59779e-05,-6.27089e-05,-5.74957e-05,-5.04157e-05,-4.15905e-05,-3.11857e-05,-1.94108e-05,-6.5201e-06,7.18725e-06,2.13683e-05,3.56401e-05,4.95869e-05,6.27708e-05,7.47468e-05,8.50799e-05,9.33656e-05,9.92503e-05,0.000102451,0.000102774,0.00010047,9.52068e-05,8.6604e-05,7.50328e-05,6.13587e-05,4.68013e-05,3.27481e-05,2.04864e-05,1.091e-05,4.26886e-06,0
0,5.53951e-06,1.26984e-05,2.2374e-05,3.42808e-05,4.75024e-05,6.07532e-05,7.26813e-05,8.21421e-05,8.83792e-05,9.10896e-05,9.04351e-05,8.71715e-05,8.18857e-05,7.45616e-05,6.55313e-05,5.51587e-05,4.382e-05,3.18853e-05,1.97031e-05,7.58842e-06,-4.18443e-06,-1.5385e-05,-2.58251e-05,-3.53543e-05,-4.38523e-05,-5.12204e-05,-5.73736e-05,-6.22337e-05,-6.57254e-05,-6.77764e-05,-6.83198e-05,-6.73009e-05,-6.46858e-05,-6.04715e-05,-5.4695e-05,-4.7442e-05,-3.88511e-05,-2.91151e-05,-1.84773e-05,-7.22339e-06,4.33132e-06,1.58571e-05,2.70273e-05,3.75364e-05,4.71168e-05,5.55522e-05,6.26886e-05,6.84398e-05,7.27876e-05,7.57791e-05,7.75178e-05,7.81533e-05,7.78685e-05,7.68657e-05,7.53532e-05,7.35336e-05,7.15925e-05,6.96904e-05,6.7956e-05,6.64814e-05,6.53194e-05,6.44824e-05,6.39424e-05,6.36334e-05,6.34544e-05,6.32747e-05,6.29407e-05,6.22842e-05,6.11321e-05,5.9317e-05,5.66885e-05,5.3124e-05,4.8539e-05,4.28957e-05,3.62089e-05,2.85496e-05,2.00454e-05,1.08769e-05,1.27163e-06,-8.50546e-06,-1.81637e-05,-2.74e-05,-3.59125e-05,-4.34142e-05,-4.9645e-05,-5.43816e-05,-5.74446e-05,-5.87036e-05,-5.80783e-05,-5.55393e-05,-5.11055e-05,-4.48427e-05,-3.68611e-05,-2.7314e-05,-1.63965e-05,-4.34543e-06,8.56155e-06,2.20076e-05,3.56401e-05,4.90767e-05,6.19141e-05,7.37406e-05,8.41501e-05,9.27593e-05,9.9225e-05,0.000103261,0.000104655,0.00010328,9.94077e-05,9.27947e-05,8.31816e-05,7.10036e-05,5.71431e-05,4.27901e-05,2.92605e-05,1.77437e-05,9.03506e-06,3.31354e-06,0
0,4.48201e-06,1.06779e-05,1.95047e-05,3.07601e-05,4.36288e-05,5.69137e-05,6.93147e-05,7.96897e-05,8.72367e-05,9.15707e-05,9.27456e-05,9.13772e-05,8.79668e-05,8.24813e-05,7.51885e-05,6.63934e-05,5.64223e-05,4.56063e-05,3.42675e-05,2.27077e-05,1.11996e-05,-1.68957e-08,-1.07364e-05,-2.07853e-05,-3.00165e-05,-3.83037e-05,-4.55342e-05,-5.16036e-05,-5.64116e-05,-5.98618e-05,-6.18633e-05,-6.23367e-05,-6.12215e-05,-5.84856e-05,-5.41348e-05,-4.82211e-05,-4.08492e-05,-3.21785e-05,-2.2422e-05,-1.18398e-05,-7.29045e-07,1.05904e-05,2.17918e-05,3.25598e-05,4.26071e-05,5.169e-05,5.96205e-05,6.62745e-05,7.15951e-05,7.55915e-05,7.83333e-05,7.99413e-05,8.05757e-05,8.04228e-05,7.96813e-05,7.85489e-05,7.72103e-05,7.58274e-05,7.45305e-05,7.34128e-05,7.25266e-05,7.18813e-05,7.14443e-05,7.11434e-05,7.08714e-05,7.04924e-05,6.98507e-05,6.87802e-05,6.71156e-05,6.47041e-05,6.14167e-05,5.71588e-05,5.18798e-05,4.55794e-05,3.83122e-05,3.01881e-05,2.13699e-05,1.20682e-05,2.53183e-06,-6.96254e-06,-1.61231e-05,-2.46563e-05,-3.228e-05,-3.87351e-05,-4.37961e-05,-4.72789e-05,-4.90458e-05,-4.90081e-05,-4.71271e-05,-4.34123e-05,-3.792e-05,-3.07505e-05,-2.20461e-05,-1.19894e-05,-8.01508e-07,1.12589e-05,2.38984e-05,3.67916e-05,4.95869e-05,6.19141e-05,7.33947e-05,8.36537e-05,9.23341e-05,9.91113e-05,0.000103707,0.000105905,0.000105558,0.0001026,9.73173e-05,8.95448e-05,7.9129e-05,6.65501e-05,5.26881e-05,3.86875e-05,2.57824e-05,1.50625e-05,7.22971e-06,2.40316e-06,0
0,3.43175e-06,8.65074e-06,1.65724e-05,2.70695e-05,3.94277e-05,5.2547e-05,6.5195e-05,7.62533e-05,8.48963e-05,9.06762e-05,9.3553e-05,9.40108e-05,9.24685e-05,8.88763e-05,8.34387e-05,7.63993e-05,6.80283e-05,5.86093e-05,4.84276e-05,3.77592e-05,2.68633e-05,1.59767e-05,5.31139e-06,-4.94514e-06,-1.46269e-05,-2.35851e-05,-3.16832e-05,-3.87921e-05,-4.47873e-05,-4.95476e-05,-5.29573e-05,-5.49105e-05,-5.53184e-05,-5.41181e-05,-5.12818e-05,-4.68259e-05,-4.08177e-05,-3.33797e-05,-2.46897e-05,-1.4977e-05,-4.51364e-06,6.3971e-06,1.74363e-05,2.82861e-05,3.86468e-05,4.82533e-05,5.68886e-05,6.43939e-05,7.06744e-05,7.57007e-05,7.9505e-05,8.21743e-05,8.38396e-05,8.46632e-05,8.48253e-05,8.45105e-05,8.3894e-05,8.31315e-05,8.2349e-05,8.16362e-05,8.10419e-05,8.05724e-05,8.01916e-05,7.98246e-05,7.93632e-05,7.86732e-05,7.76045e-05,7.60014e-05,7.37151e-05,7.06149e-05,6.66002e-05,6.16099e-05,5.56304e-05,4.87004e-05,4.09133e-05,3.24148e-05,2.33986e-05,1.40983e-05,4.77694e-06,-4.28486e-06,-1.28021e-05,-2.04984e-05,-2.71176e-05,-3.24345e-05,-3.62631e-05,-3.84618e-05,-3.89371e-05,-3.76441e-05,-3.45861e-05,-2.98123e-05,-2.34152e-05,-1.55282e-05,-6.32277e-06,3.99331e-06,1.51786e-05,2.69602e-05,3.90377e-05,5.10877e-05,6.27708e-05,7.37406e-05,8.36537e-05,9.21819e-05,9.90241e-05,0.000103919,0.000106655,0.00010708,0.00010511,0.000100731,9.42312e-05,8.55147e-05,7.45172e-05,6.17456e-05,4.80606e-05,3.4548e-05,2.23536e-05,1.24685e-05,5.50877e-06,1.54432e-06,0
0,2.40593e-06,6.65056e-06,1.36283e-05,2.32776e-05,3.49819e-05,4.77433e-05,6.04104e-05,7.19067e-05,8.14039e-05,8.84109e-05,9.281e-05,9.49644e-05,9.52158e-05,9.35014e-05,8.99662e-05,8.47928e-05,7.81927e-05,7.03962e-05,6.16431e-05,5.21741e-05,4.2223e-05,3.20122e-05,2.17486e-05,1.16233e-05,1.81228e-06,-7.52073e-06,-1.62208e-05,-2.41385e-05,-3.11273e-05,-3.7043e-05,-4.17455e-05,-4.51027e-05,-4.69971e-05,-4.73344e-05,-4.60521e-05,-4.31293e-05,-3.8594e-05,-3.25286e-05,-2.50717e-05,-1.64165e-05,-6.80408e-06,3.48645e-06,1.41516e-05,2.48791e-05,3.5365e-05,4.53301e-05,5.45343e-05,6.27887e-05,6.99631e-05,7.59899e-05,8.08622e-05,8.46292e-05,8.73869e-05,8.92668e-05,9.04228e-05,9.10176e-05,9.12094e-05,9.11402e-05,9.09255e-05,9.06474e-05,9.03489e-05,9.00325e-05,8.96606e-05,8.91594e-05,8.84251e-05,8.7332e-05,8.57431e-05,8.35215e-05,8.05421e-05,7.67039e-05,7.19399e-05,6.62263e-05,5.95884e-05,5.21036e-05,4.39011e-05,3.5158e-05,2.60924e-05,1.69535e-05,8.01041e-06,-4.60911e-07,-8.1903e-06,-1.49256e-05,-2.04432e-05,-2.45569e-05,-2.71236e-05,-2.80469e-05,-2.72789e-05,-2.48189e-05,-2.07115e-05,-1.50439e-05,-7.94263e-06,4.29593e-07,9.87671e-06,2.01721e-05,3.10616e-05,4.2267e-05,5.3491e-05,6.44229e-05,7.47468e-05,8.41501e-05,9.23341e-05,9.90241e-05,0.00010398,0.000107003,0.000107949,0.000106724,0.000103297,9.76945e-05,9.0201e-05,8.0773e-05,6.94204e-05,5.66603e-05,4.33197e-05,3.0416e-05,1.90039e-05,9.97931e-06,3.88113e-06,7.40659e-07,0
0,1.42053e-06,4.70901e-06,1.07218e-05,1.94527e-05,3.03777e-05,4.26028e-05,5.50664e-05,6.67496e-05,7.68404e-05,8.48237e-05,9.05205e-05,9.41864e-05,9.60929e-05,9.61707e-05,9.45112e-05,9.12397e-05,8.65093e-05,8.04946e-05,7.33845e-05,6.53763e-05,5.66694e-05,4.74609e-05,3.7942e-05,2.82963e-05,1.87001e-05,9.32315e-06,3.31426e-07,-8.11117e-06,-1.58409e-05,-2.26942e-05,-2.85088e-05,-3.31285e-05,-3.64083e-05,-3.82231e-05,-3.84763e-05,-3.71092e-05,-3.41095e-05,-2.95174e-05,-2.34295e-05,-1.59982e-05,-7.42813e-06,2.03249e-06,1.21032e-05,2.24859e-05,3.28806e-05,4.30019e-05,5.2594e-05,6.14437e-05,6.93895e-05,7.63274e-05,8.22113e-05,8.70505e-05,9.09018e-05,9.38602e-05,9.60466e-05,9.75947e-05,9.86382e-05,9.92992e-05,9.96775e-05,9.98432e-05,9.98319e-05,9.96421e-05,9.92367e-05,9.85467e-05,9.74778e-05,9.59192e-05,9.37542e-05,9.08715e-05,8.71765e-05,8.26029e-05,7.71215e-05,7.07476e-05,6.35454e-05,5.56284e-05,4.71576e-05,3.8335e-05,2.93956e-05,2.05959e-05,1.22023e-05,4.47763e-06,-2.33047e-06,-8.00094e-06,-1.23481e-05,-1.52285e-05,-1.65445e-05,-1.62463e-05,-1.43311e-05,-1.08412e-05,-5.86029e-06,4.89767e-07,8.05294e-06,1.66426e-05,2.60449e-05,3.6022e-05,4.63161e-05,5.66536e-05,6.67508e-05,7.63205e-05,8.50799e-05,9.27593e-05,9.91113e-05,0.000103919,0.000107003,0.00010823,0.000107511,0.000104809,0.000100133,9.35376e-05,8.52922e-05,7.53942e-05,6.3912e-05,5.13585e-05,3.85156e-05,2.63262e-05,1.57541e-05,7.6055e-06,2.35123e-06,-6.26656e-09,0
0,4.90204e-07,2.85543e-06,7.89969e-06,1.56616e-05,2.57026e-05,3.72309e-05,4.92806e-05,6.0902e-05,7.13158e-05,8.00013e-05,8.67357e-05,9.16805e-05,9.50462e-05,9.67643e-05,9.6881e-05,9.54704e-05,9.26307e-05,8.84811e-05,8.31579e-05,7.681e-05,6.95955e-05,6.16773e-05,5.32211e-05,4.4393e-05,3.53592e-05,2.62863e-05,1.73423e-05,8.69815e-06,5.28287e-07,-6.98943e-06,-1.36756e-05,-1.9353e-05,-2.38525e-05,-2.70206e-05,-2.87283e-05,-2.88804e-05,-2.74246e-05,-2.43582e-05,-1.97337e-05,-1.36601e-05,-6.30043e-06,2.13366e-06,1.1392e-05,2.11985e-05,3.12657e-05,4.13105e-05,5.10694e-05,6.03118e-05,6.88502e-05,7.65481e-05,8.3322e-05,8.91406e-05,9.40197e-05,9.80138e-05,0.000101206,0.000103695,0.000105585,0.000106972,0.000107936,0.000108533,0.000108789,0.000108698,0.000108226,0.000107312,0.000105876,0.000103827,0.000101076,9.75407e-05,9.31629e-05,8.79142e-05,8.18049e-05,7.48894e-05,6.72682e-05,5.90871e-05,5.05325e-05,4.18241e-05,3.32053e-05,2.49313e-05,1.72566e-05,1.04233e-05,4.64912e-06,1.18449e-07,-3.0251e-06,-4.68322e-06,-4.8049e-06,-3.38612e-06,-4.67581e-07,3.86879e-06,9.50416e-06,1.62872e-05,2.40386e-05,3.25549e-05,4.16126e-05,5.0972e-05,6.03812e-05,6.95815e-05,7.83131e-05,8.63215e-05,9.33656e-05,9.9225e-05,0.000103707,0.000106655,0.000107949,0.000107511,0.000105308,0.000101343,9.56564e-05,8.83223e-05,7.95789e-05,6.94541e-05,5.80613e-05,4.5897e-05,3.36898e-05,2.23052e-05,1.26185e-05,5.35316e-06,9.21072e-07,-6.95876e-07,0
0,-3.71419e-07,1.11711e-06,5.20602e-06,1.19684e-05,2.10426e-05,3.1735e-05,4.31769e-05,5.44965e-05,6.49611e-05,7.40612e-05,8.15472e-05,8.75016e-05,9.20827e-05,9.52313e-05,9.69578e-05,9.72927e-05,9.62854e-05,9.40037e-05,9.05319e-05,8.59693e-05,8.04283e-05,7.40317e-05,6.69116e-05,5.92075e-05,5.10663e-05,4.26414e-05,3.4094e-05,2.55932e-05,1.73165e-05,9.44886e-06,2.18104e-06,-4.29449e-06,-9.78899e-06,-1.41248e-05,-1.7144e-05,-1.87177e-05,-1.87554e-05,-1.72126e-05,-1.40974e-05,-9.4731e-06,-3.45855e-06,3.77626e-06,1.20176e-05,2.10185e-05,3.05124e-05,4.02272e-05,4.98998e-05,5.92899e-05,6.81911e-05,7.64395e-05,8.39176e-05,9.05557e-05,9.63281e-05,0.000101248,0.000105356,0.000108715,0.000111394,0.00011346,0.000114971,0.000115963,0.000116454,0.000116436,0.000115877,0.000114728,0.000112926,0.000110407,0.000107108,0.000102984,9.80143e-05,9.22091e-05,8.56181e-05,7.83322e-05,7.04841e-05,6.22455e-05,5.38213e-05,4.54405e-05,3.73458e-05,2.97822e-05,2.29845e-05,1.71664e-05,1.251e-05,9.15873e-06,7.21165e-06,6.72103e-06,7.69224e-06,1.00859e-05,1.38214e-05,1.8782e-05,2.48197e-05,3.17605e-05,3.94094e-05,4.75547e-05,5.59723e-05,6.44303e-05,7.26928e-05,8.05257e-05,8.77019e-05,9.4008e-05,9.92503e-05,0.000103261,0.000105905,0.00010708,0.000106724,0.000104809,0.000101343,9.63619e-05,8.99282e-05,8.2121e-05,7.31373e-05,6.30249e-05,5.19308e-05,4.03249e-05,2.88768e-05,1.8374e-05,9.60801e-06,3.22723e-06,-4.07347e-07,-1.32725e-06,0
0,-1.15145e-06,-4.80154e-07,2.6826e-06,8.43441e-06,1.64811e-05,2.62207e-05,3.68808e-05,4.76725e-05,5.79202e-05,6.71411e-05,7.50772e-05,8.17474e-05,8.7266e-05,9.15896e-05,9.47023e-05,9.66001e-05,9.7292e-05,9.68003e-05,9.51616e-05,9.2427e-05,8.86621e-05,8.39465e-05,7.83732e-05,7.20481e-05,6.50903e-05,5.76314e-05,4.98166e-05,4.18042e-05,3.37662e-05,2.58866e-05,1.836e-05,1.13873e-05,5.17043e-06,-9.44736e-08,-4.22574e-06,-7.06526e-06,-8.48788e-06,-8.40996e-06,-6.79639e-06,-3.66513e-06,9.11257e-07,6.80751e-06,1.38511e-05,2.18308e-05,3.05081e-05,3.96298e-05,4.8942e-05,5.82032e-05,6.71956e-05,7.57344e-05,8.36738e-05,9.09091e-05,9.73759e-05,0.000103046,0.00010792,0.00011202,0.000115379,0.000118035,0.000120019,0.000121352,0.000122039,0.00012207,0.000121418,0.000120049,0.000117919,0.000114991,0.000111234,0.000106639,0.000101223,9.50338e-05,8.81579e-05,8.07178e-05,7.28724e-05,6.4812e-05,5.67513e-05,4.89197e-05,4.15507e-05,3.48707e-05,2.90873e-05,2.43797e-05,2.08905e-05,1.87193e-05,1.79201e-05,1.85002e-05,2.0422e-05,2.3607e-05,2.79401e-05,3.32762e-05,3.94454e-05,4.62592e-05,5.35155e-05,6.10036e-05,6.85087e-05,7.58158e-05,8.27146e-05,8.90039e-05,9.44972e-05,9.90271e-05,0.000102451,0.000104655,0.000105558,0.00010511,0.000103297,0.000100133,9.56564e-05,8.99282e-05,8.30202e-05,7.50097e-05,6.60395e-05,5.61723e-05,4.55764e-05,3.46857e-05,2.41073e-05,1.45528e-05,6.73506e-06,1.23512e-06,-1.62941e-06,-1.89782e-06,0
0,-1.83727e-06,-1.91125e-06,3.69832e-07,5.11864e-06,1.20985e-05,2.0791e-05,3.05163e-05,4.057e-05,5.03417e-05,5.93893e-05,6.74657e-05,7.45471e-05,8.07087e-05,8.59214e-05,9.01537e-05,9.33772e-05,9.55692e-05,9.67148e-05,9.68096e-05,9.5861e-05,9.389e-05,9.09323e-05,8.70394e-05,8.22791e-05,7.67364e-05,7.05137e-05,6.37319e-05,5.65302e-05,4.90661e-05,4.15144e-05,3.40649e-05,2.6919e-05,2.02846e-05,1.43689e-05,9.37073e-06,5.47147e-06,2.82554e-06,1.55158e-06,1.72466e-06,3.37061e-06,6.46286e-06,1.09225e-05,1.66214e-05,2.33889e-05,3.10208e-05,3.92905e-05,4.79614e-05,5.67989e-05,6.55824e-05,7.41141e-05,8.22265e-05,8.97858e-05,9.66933e-05,0.000102883,0.000108316,0.000112977,0.000116863,0.000119982,0.000122339,0.000123938,0.000124774,0.000124835,0.000124101,0.000122551,0.000120165,0.00011693,0.000112849,0.000107948,0.000102279,9.59238e-05,8.89998e-05,8.16551e-05,7.4067e-05,6.64361e-05,5.89779e-05,5.19134e-05,4.54586e-05,3.98138e-05,3.51534e-05,3.16181e-05,2.93079e-05,2.82785e-05,2.85399e-05,3.00574e-05,3.27553e-05,3.65214e-05,4.12134e-05,4.66652e-05,5.26938e-05,5.91047e-05,6.56984e-05,7.22742e-05,7.86356e-05,8.45936e-05,8.99713e-05,9.46075e-05,9.83607e-05,0.000101113,0.000102774,0.00010328,0.0001026,0.000100731,9.76945e-05,9.35376e-05,8.83223e-05,8.2121e-05,7.50097e-05,6.7059e-05,5.83475e-05,4.89536e-05,3.90488e-05,2.90212e-05,1.94138e-05,1.08658e-05,4.01767e-06,-6.0969e-07,-2.73549e-06,-2.40218e-06,0
0,-2.41618e-06,-3.15091e-06,-1.69217e-06,2.07893e-06,7.97294e-06,1.55461e-05,2.42045e-05,3.33271e-05,4.23737e-05,5.09542e-05,5.88559e-05,6.60798e-05,7.2622e-05,7.84571e-05,8.35479e-05,8.78519e-05,9.13254e-05,9.39267e-05,9.56189e-05,9.63732e-05,9.61712e-05,9.50079e-05,9.28939e-05,8.98571e-05,8.59449e-05,8.12254e-05,7.57883e-05,6.9746e-05,6.32336e-05,5.64077e-05,4.94447e-05,4.25378e-05,3.58914e-05,2.97154e-05,2.42175e-05,1.95941e-05,1.60217e-05,1.36472e-05,1.25803e-05,1.28863e-05,1.45821e-05,1.76342e-05,2.19602e-05,2.74325e-05,3.3886e-05,4.11266e-05,4.89423e-05,5.71139e-05,6.5426e-05,7.36765e-05,8.16843e-05,8.9294e-05,9.63787e-05,0.00010284,0.000108605,0.000113623,0.000117859,0.000121291,0.000123902,0.000125679,0.000126608,0.000126676,0.000125871,0.000124186,0.000121621,0.00011819,0.000113927,0.000108887,0.000103154,9.68393e-05,9.00826e-05,8.305e-05,7.59284e-05,6.89196e-05,6.22312e-05,5.60674e-05,5.06194e-05,4.60556e-05,4.25135e-05,4.00928e-05,3.88512e-05,3.88022e-05,3.99156e-05,4.21204e-05,4.53092e-05,4.93443e-05,5.40647e-05,5.92929e-05,6.4842e-05,7.05216e-05,7.61437e-05,8.15272e-05,8.65022e-05,9.09134e-05,9.46232e-05,9.75146e-05,9.94942e-05,0.000100493,0.00010047,9.94077e-05,9.73173e-05,9.42312e-05,9.0201e-05,8.52922e-05,7.95789e-05,7.31373e-05,6.60395e-05,5.83475e-05,5.01063e-05,4.14216e-05,3.24001e-05,2.33784e-05,1.48368e-05,7.34704e-06,1.48416e-06,-2.28448e-06,-3.70908e-06,-2.83131e-06,0
0,-2.8751e-06,-4.1731e-06,-3.46247e-06,-6.2646e-07,4.18248e-06,1.05849e-05,1.80652e-05,2.60812e-05,3.41627e-05,4.19783e-05,4.94407e-05,5.64975e-05,6.31177e-05,6.92675e-05,7.49052e-05,7.99817e-05,8.44421e-05,8.82285e-05,9.12823e-05,9.3548e-05,9.4976e-05,9.55269e-05,9.51742e-05,9.39082e-05,9.17381e-05,8.8695e-05,8.48336e-05,8.02338e-05,7.5001e-05,6.92657e-05,6.31823e-05,5.69261e-05,5.06887e-05,4.46727e-05,3.90844e-05,3.41255e-05,2.99848e-05,2.68287e-05,2.47933e-05,2.39767e-05,2.4434e-05,2.61737e-05,2.91572e-05,3.33012e-05,3.84821e-05,4.45432e-05,5.13035e-05,5.85669e-05,6.61324e-05,7.3803e-05,8.13936e-05,8.87367e-05,9.56863e-05,0.00010212,0.000107936,0.000113058,0.000117421,0.00012098,0.000123698,0.000125548,0.000126508,0.000126567,0.000125718,0.000123968,0.000121336,0.000117859,0.000113596,0.000108627,0.000103061,9.70268e-05,9.06804e-05,8.41947e-05,7.77565e-05,7.15589e-05,6.57926e-05,6.06375e-05,5.62538e-05,5.2774e-05,5.02964e-05,4.88803e-05,4.85435e-05,4.92618e-05,5.09714e-05,5.35727e-05,5.69358e-05,6.09076e-05,6.53185e-05,6.99902e-05,7.47423e-05,7.93983e-05,8.37912e-05,8.77677e-05,9.11914e-05,9.3946e-05,9.5937e-05,9.70934e-05,9.73682e-05,9.6739e-05,9.52068e-05,9.27947e-05,8.95448e-05,8.55147e-05,8.0773e-05,7.53942e-05,6.94541e-05,6.30249e-05,5.61723e-05,4.89536e-05,4.14216e-05,3.36417e-05,2.5696e-05,1.78188e-05,1.04321e-05,4.04582e-06,-8.23416e-07,-3.75533e-06,-4.52591e-06,-3.17227e-06,0
0,-3.2006e-06,-4.95078e-06,-4.89867e-06,-2.93754e-06,8.06963e-07,6.00909e-06,1.22216e-05,1.89739e-05,2.58619e-05,3.2732e-05,3.94904e-05,4.60744e-05,5.24407e-05,5.85506e-05,6.43618e-05,6.98249e-05,7.48831e-05,7.94723e-05,8.35234e-05,8.6965e-05,8.97269e-05,9.17441e-05,9.29608e-05,9.33346e-05,9.28402e-05,9.1473e-05,8.92517e-05,8.62208e-05,8.24516e-05,7.80428e-05,7.31193e-05,6.78299e-05,6.23444e-05,5.68477e-05,5.15341e-05,4.65998e-05,4.22348e-05,3.86141e-05,3.58901e-05,3.41845e-05,3.35826e-05,3.41286e-05,3.5824e-05,3.86274e-05,4.24573e-05,4.71972e-05,5.27019e-05,5.88057e-05,6.53305e-05,7.20943e-05,7.89188e-05,8.56354e-05,9.209e-05,9.81463e-05,0.000103687,0.000108612,0.000112841,0.000116309,0.000118965,0.000120771,0.000121702,0.000121745,0.000120902,0.00011919,0.000116643,0.000113316,0.000109284,0.000104646,9.95221e-05,9.4053e-05,8.83962e-05,8.27217e-05,7.72052e-05,7.20212e-05,6.73356e-05,6.32972e-05,6.00311e-05,5.76318e-05,5.61591e-05,5.56346e-05,5.60413e-05,5.73247e-05,5.93958e-05,6.21363e-05,6.54048e-05,6.90434e-05,7.28855e-05,7.67624e-05,8.05103e-05,8.39757e-05,8.70201e-05,8.9524e-05,9.13892e-05,9.25406e-05,9.29269e-05,9.25205e-05,9.13169e-05,8.93328e-05,8.6604e-05,8.31816e-05,7.9129e-05,7.45172e-05,6.94204e-05,6.3912e-05,5.80613e-05,5.19308e-05,4.55764e-05,3.90488e-05,3.24001e-05,2.5696e-05,1.90264e-05,1.24273e-05,6.2767e-06,1.03012e-06,-2.8475e-06,-4.97673e-06,-5.15422e-06,-3.40858e-06,0
0,-3.37935e-06,-5.45647e-06,-5.9571e-06,-4.79199e-06,-2.07e-06,1.92563e-06,6.80509e-06,1.21593e-05,1.77957e-05,2.3589e-05,2.94481e-05,3.5309e-05,4.11261e-05,4.68614e-05,5.24769e-05,5.79291e-05,6.31662e-05,6.81274e-05,7.27434e-05,7.69381e-05,8.06319e-05,8.37452e-05,8.62027e-05,8.79383e-05,8.88992e-05,8.90499e-05,8.83766e-05,8.68894e-05,8.46247e-05,8.16463e-05,7.80451e-05,7.39379e-05,6.94643e-05,6.47831e-05,6.00665e-05,5.54944e-05,5.12463e-05,4.74944e-05,4.43956e-05,4.2084e-05,4.06647e-05,4.02091e-05,4.07511e-05,4.22864e-05,4.4773e-05,4.81342e-05,5.22634e-05,5.70296e-05,6.22848e-05,6.78709e-05,7.36266e-05,7.93935e-05,8.50212e-05,9.03715e-05,9.53205e-05,9.97602e-05,0.000103599,0.000106763,0.000109191,0.000110842,0.000111687,0.000111716,0.000110936,0.00010937,0.000107062,0.000104078,0.000100503,9.64401e-05,9.20138e-05,8.73621e-05,8.26346e-05,7.79866e-05,7.3573e-05,6.9542e-05,6.60279e-05,6.31449e-05,6.09811e-05,5.95945e-05,5.90096e-05,5.92164e-05,6.01708e-05,6.1797e-05,6.39915e-05,6.66287e-05,6.95668e-05,7.26547e-05,7.57391e-05,7.86707e-05,8.13106e-05,8.35349e-05,8.52387e-05,8.63392e-05,8.67769e-05,8.65162e-05,8.55452e-05,8.38737e-05,8.15315e-05,7.85648e-05,7.50328e-05,7.10036e-05,6.65501e-05,6.17456e-05,5.66603e-05,5.13585e-05,4.5897e-05,4.03249e-05,3.46857e-05,2.90212e-05,2.33784e-05,1.78188e-05,1.24273e-05,7.31825e-06,2.47285e-06,-1.61203e-06,-4.51574e-06,-5.89334e-06,-5.55666e-06,-3.52142e-06,0
0,-3.3989e-06,-5.66364e-06,-6.59436e-06,-6.12607e-06,-4.3606e-06,-1.55e-06,1.96105e-06,5.98417e-06,1.03811e-05,1.50418e-05,1.9883e-05,2.4845e-05,2.98851e-05,3.49702e-05,4.00694e-05,4.51486e-05,5.01666e-05,5.50722e-05,5.98043e-05,6.42918e-05,6.84563e-05,7.22148e-05,7.54841e-05,7.81849e-05,8.02466e-05,8.1612e-05,8.22411e-05,8.2115e-05,8.12386e-05,7.9642e-05,7.73814e-05,7.45387e-05,7.12194e-05,6.75495e-05,6.36718e-05,5.97403e-05,5.59142e-05,5.23513e-05,4.92012e-05,4.65985e-05,4.46566e-05,4.34628e-05,4.30741e-05,4.35151e-05,4.47772e-05,4.68203e-05,4.9575e-05,5.29469e-05,5.68222e-05,6.10729e-05,6.55629e-05,7.01539e-05,7.47101e-05,7.91024e-05,8.32122e-05,8.69333e-05,9.01738e-05,9.28571e-05,9.49228e-05,9.6327e-05,9.70429e-05,9.70618e-05,9.63931e-05,9.50653e-05,9.3126e-05,9.06419e-05,8.7698e-05,8.43956e-05,8.08501e-05,7.71869e-05,7.35374e-05,7.00335e-05,6.68023e-05,6.39599e-05,6.16064e-05,5.98205e-05,5.86557e-05,5.81375e-05,5.82618e-05,5.89949e-05,6.02753e-05,6.2017e-05,6.41129e-05,6.64412e-05,6.88705e-05,7.12663e-05,7.34975e-05,7.54413e-05,7.6989e-05,7.80496e-05,7.85532e-05,7.84521e-05,7.77222e-05,7.63619e-05,7.43908e-05,7.18467e-05,6.87827e-05,6.52631e-05,6.13587e-05,5.71431e-05,5.26881e-05,4.80606e-05,4.33197e-05,3.85156e-05,3.36898e-05,2.88768e-05,2.41073e-05,1.94138e-05,1.48368e-05,1.04321e-05,6.2767e-06,2.47285e-06,-8.50752e-07,-3.77431e-06,-5.74453e-06,-6.44396e-06,-5.6936e-06,-3.49152e-06,0
0,-3.24916e-06,-5.54926e-06,-6.77044e-06,-6.87767e-06,-5.9747e-06,-4.29373e-06,-1.97547e-06,8.57266e-07,4.0937e-06,7.64133e-06,1.1428e-05,1.54009e-05,1.95227e-05,2.37665e-05,2.81095e-05,3.25283e-05,3.69936e-05,4.14678e-05,4.59027e-05,5.02393e-05,5.44088e-05,5.83348e-05,6.19366e-05,6.51331e-05,6.78472e-05,7.00103e-05,7.15666e-05,7.24766e-05,7.27206e-05,7.23005e-05,7.12416e-05,6.95922e-05,6.74234e-05,6.48265e-05,6.19105e-05,5.87977e-05,5.56192e-05,5.25094e-05,4.96003e-05,4.70157e-05,4.48658e-05,4.32422e-05,4.22136e-05,4.18234e-05,4.20882e-05,4.29972e-05,4.45138e-05,4.65782e-05,4.91109e-05,5.20168e-05,5.51903e-05,5.85196e-05,6.18916e-05,6.5196e-05,6.83286e-05,7.11944e-05,7.37098e-05,7.58044e-05,7.74225e-05,7.85237e-05,7.90845e-05,7.9098e-05,7.85751e-05,7.75441e-05,7.60505e-05,7.41563e-05,7.19382e-05,6.94853e-05,6.68966e-05,6.42765e-05,6.17312e-05,5.93638e-05,5.72698e-05,5.5532e-05,5.42171e-05,5.33714e-05,5.30191e-05,5.31602e-05,5.37706e-05,5.4803e-05,5.61889e-05,5.78421e-05,5.9663e-05,6.15427e-05,6.33691e-05,6.50314e-05,6.64259e-05,6.74601e-05,6.80569e-05,6.81574e-05,6.77234e-05,6.67376e-05,6.52037e-05,6.31451e-05,6.06022e-05,5.76295e-05,5.42914e-05,5.06581e-05,4.68013e-05,4.27901e-05,3.86875e-05,3.4548e-05,3.0416e-05,2.63262e-05,2.23052e-05,1.8374e-05,1.45528e-05,1.08658e-05,7.34704e-06,4.04582e-06,1.03012e-06,-1.61203e-06,-3.77431e-06,-5.33784e-06,-6.44587e-06,-6.56805e-06,-5.52814e-06,-3.30186e-06,0
0,-2.92409e-06,-5.0973e-06,-6.4537e-06,-6.99203e-06,-6.82532e-06,-6.02047e-06,-4.65875e-06,-2.82845e-06,-6.14243e-07,1.90988e-06,4.68425e-06,7.66438e-06,1.08192e-05,1.41277e-05,1.75745e-05,2.11451e-05,2.48218e-05,2.85803e-05,3.23871e-05,3.61984e-05,3.99602e-05,4.36095e-05,4.70768e-05,5.0289e-05,5.31731e-05,5.56604e-05,5.76899e-05,5.92126e-05,6.01937e-05,6.0616e-05,6.04807e-05,5.98089e-05,5.86408e-05,5.70354e-05,5.50678e-05,5.2827e-05,5.04122e-05,4.79287e-05,4.54838e-05,4.31815e-05,4.11187e-05,3.93803e-05,3.8036e-05,3.7137e-05,3.67142e-05,3.67774e-05,3.73153e-05,3.82967e-05,3.9673e-05,4.13808e-05,4.33455e-05,4.5485e-05,4.77132e-05,4.99441e-05,5.20944e-05,5.4087e-05,5.58531e-05,5.73341e-05,5.84836e-05,5.92683e-05,5.96688e-05,5.96807e-05,5.93142e-05,5.85943e-05,5.75599e-05,5.62626e-05,5.47652e-05,5.31388e-05,5.14605e-05,4.98094e-05,4.82637e-05,4.68963e-05,4.57716e-05,4.4942e-05,4.44452e-05,4.43018e-05,4.45142e-05,4.5066e-05,4.59229e-05,4.70336e-05,4.83326e-05,4.97429e-05,5.11798e-05,5.25548e-05,5.37798e-05,5.47715e-05,5.5455e-05,5.57673e-05,5.56603e-05,5.51028e-05,5.40814e-05,5.26007e-05,5.06825e-05,4.83639e-05,4.56946e-05,4.27336e-05,3.95453e-05,3.61957e-05,3.27481e-05,2.92605e-05,2.57824e-05,2.23536e-05,1.90039e-05,1.57541e-05,1.26185e-05,9.60801e-06,6.73506e-06,4.01767e-06,1.48416e-06,-8.23416e-07,-2.8475e-06,-4.51574e-06,-5.74453e-06,-6.44587e-06,-6.53776e-06,-6.21449e-06,-5.03231e-06,-2.94089e-06,0
0,-2.42377e-06,-4.30313e-06,-5.62768e-06,-6.43056e-06,-6.70855e-06,-6.49124e-06,-5.82832e-06,-4.77921e-06,-3.40451e-06,-1.75958e-06,1.09431e-07,2.16736e-06,4.38969e-06,6.76064e-06,9.27018e-06,1.19105e-05,1.46726e-05,1.75428e-05,2.0501e-05,2.35184e-05,2.65572e-05,2.95714e-05,3.25078e-05,3.53084e-05,3.79127e-05,4.02616e-05,4.22995e-05,4.39784e-05,4.52596e-05,4.61169e-05,4.65375e-05,4.65236e-05,4.60925e-05,4.52764e-05,4.4121e-05,4.26845e-05,4.10343e-05,3.92454e-05,3.73963e-05,3.55661e-05,3.3831e-05,3.22609e-05,3.09163e-05,2.98461e-05,2.90851e-05,2.86533e-05,2.85551e-05,2.87801e-05,2.93036e-05,3.0089e-05,3.10896e-05,3.22514e-05,3.35158e-05,3.48226e-05,3.61122e-05,3.73284e-05,3.84206e-05,3.93454e-05,4.0068e-05,4.05639e-05,4.0819e-05,4.08306e-05,4.06071e-05,4.01679e-05,3.95425e-05,3.87693e-05,3.7894e-05,3.69674e-05,3.60431e-05,3.5175e-05,3.44141e-05,3.38061e-05,3.3389e-05,3.31906e-05,3.32271e-05,3.35017e-05,3.40044e-05,3.4712e-05,3.5589e-05,3.65893e-05,3.76579e-05,3.87335e-05,3.97517e-05,4.06473e-05,4.13581e-05,4.18275e-05,4.2007e-05,4.18593e-05,4.1359e-05,4.0495e-05,3.92697e-05,3.76995e-05,3.58134e-05,3.36511e-05,3.12603e-05,2.86943e-05,2.6008e-05,2.32555e-05,2.04864e-05,1.77437e-05,1.50625e-05,1.24685e-05,9.97931e-06,7.6055e-06,5.35316e-06,3.22723e-06,1.23512e-06,-6.0969e-07,-2.28448e-06,-3.75533e-06,-4.97673e-06,-5.89334e-06,-6.44396e-06,-6.56805e-06,-6.21449e-06,-5.3524e-06,-4.19429e-06,-2.4061e-06,0
0,-1.75638e-06,-3.17817e-06,-4.29924e-06,-5.07883e-06,-5.50711e-06,-5.59578e-06,-5.37186e-06,-4.87113e-06,-4.13228e-06,-3.19214e-06,-2.08241e-06,-8.27831e-07,5.54136e-07,2.0525e-06,3.66099e-06,5.37577e-06,7.19297e-06,9.1064e-06,1.11055e-05,1.31742e-05,1.52896e-05,1.74228e-05,1.95389e-05,2.15984e-05,2.35592e-05,2.53782e-05,2.7014e-05,2.84286e-05,2.95895e-05,3.04718e-05,3.10589e-05,3.13441e-05,3.13311e-05,3.10334e-05,3.04746e-05,2.96872e-05,2.8711e-05,2.75924e-05,2.63813e-05,2.51297e-05,2.38893e-05,2.27092e-05,2.16336e-05,2.07004e-05,1.99392e-05,1.93702e-05,1.90041e-05,1.88416e-05,1.88739e-05,1.90835e-05,1.94458e-05,1.99304e-05,2.0503e-05,2.11271e-05,2.17661e-05,2.23848e-05,2.2951e-05,2.3437e-05,2.38206e-05,2.40861e-05,2.42247e-05,2.42349e-05,2.41227e-05,2.39007e-05,2.35881e-05,2.32095e-05,2.27935e-05,2.23712e-05,2.19749e-05,2.16358e-05,2.13825e-05,2.12394e-05,2.12247e-05,2.13498e-05,2.16181e-05,2.20244e-05,2.25554e-05,2.31897e-05,2.38985e-05,2.46473e-05,2.53972e-05,2.61062e-05,2.67319e-05,2.72328e-05,2.75706e-05,2.7712e-05,2.76301e-05,2.73063e-05,2.67306e-05,2.59027e-05,2.48316e-05,2.35356e-05,2.20405e-05,2.03791e-05,1.85884e-05,1.67078e-05,1.47769e-05,1.28332e-05,1.091e-05,9.03506e-06,7.22971e-06,5.50877e-06,3.88113e-06,2.35123e-06,9.21072e-07,-4.07347e-07,-1.62941e-06,-2.73549e-06,-3.70908e-06,-4.52591e-06,-5.15422e-06,-5.55666e-06,-5.6936e-06,-5.52814e-06,-5.03231e-06,-4.19429e-06,-3.02597e-06,-1.7078e-06,0
0,-9.3947e-07,-1.75419e-06,-2.41949e-06,-2.91491e-06,-3.23248e-06,-3.37519e-06,-3.35427e-06,-3.18619e-06,-2.88964e-06,-2.48309e-06,-1.98287e-06,-1.40204e-06,-7.50004e-07,-3.27333e-08,7.46483e-07,1.58595e-06,2.48431e-06,3.43935e-06,4.44687e-06,5.49985e-06,6.588e-06,7.69755e-06,8.81151e-06,9.9102e-06,1.0972e-05,1.19745e-05,1.28954e-05,1.37136e-05,1.44105e-05,1.49708e-05,1.53833e-05,1.56415e-05,1.57438e-05,1.5694e-05,1.55011e-05,1.51784e-05,1.47439e-05,1.42188e-05,1.36271e-05,1.29941e-05,1.23458e-05,1.17073e-05,1.11023e-05,1.05513e-05,1.00715e-05,9.67586e-06,9.37254e-06,9.16494e-06,9.05171e-06,9.02712e-06,9.08157e-06,9.20231e-06,9.37434e-06,9.58125e-06,9.8062e-06,1.00328e-05,1.02458e-05,1.04322e-05,1.05814e-05,1.0686e-05,1.07417e-05,1.07482e-05,1.07082e-05,1.06281e-05,1.05169e-05,1.03863e-05,1.02497e-05,1.01212e-05,1.00152e-05,9.94539e-06,9.92365e-06,9.95944e-06,1.00591e-05,1.02254e-05,1.04569e-05,1.07485e-05,1.10907e-05,1.14707e-05,1.18723e-05,1.2277e-05,1.26644e-05,1.30137e-05,1.33038e-05,1.35151e-05,1.36298e-05,1.36331e-05,1.35139e-05,1.32654e-05,1.28853e-05,1.23761e-05,1.17453e-05,1.10044e-05,1.01689e-05,9.25731e-06,8.2898e-06,7.28744e-06,6.27085e-06,5.25912e-06,4.26886e-06,3.31354e-06,2.40316e-06,1.54432e-06,7.40659e-07,-6.26656e-09,-6.95876e-07,-1.32725e-06,-1.89782e-06,-2.40218e-06,-2.83131e-06,-3.17227e-06,-3.40858e-06,-3.52142e-06,-3.49152e-06,-3.30186e-06,-2.94089e-06,-2.4061e-06,-1.7078e-06,-8.7324e-07,0
0,0,0,0,0,0,0,0,0,0,0,0,0,0,0,0,0,0,0,0,0,0,0,0,0,0,0,0,0,0,0,0,0,0,0,0,0,0,0,0,0,0,0,0,0,0,0,0,0,0,0,0,0,0,0,0,0,0,0,0,0,0,0,0,0,0,0,0,0,0,0,0,0,0,0,0,0,0,0,0,0,0,0,0,0,0,0,0,0,0,0,0,0,0,0,0,0,0,0,0,0,0,0,0,0,0,0,0,0,0,0,0,0,0,0,0,0,0,0,0
