0,0,0,0,0,0,0,0,0,0,0,0,0,0,0,0,0,0,0,0,0,0,0,0,0,0,0,0,0,0,0,0,0,0,0,0,0,0,0,0,0,0,0,0,0,0,0,0,0,0,0,0,0,0,0,0,0,0,0,0,0,0,0,0,0,0,0,0,0,0,0,0,0,0,0,0,0,0,0,0,0,0,0,0,0,0,0,0,0,0,0,0,0,0,0,0,0,0,0,0,0,0,0,0,0,0,0,0,0,0,0,0,0,0,0,0,0,0,0,0
0,-3.75414e-07,-8.33929e-07,-1.37789e-06,-2.00789e-06,-2.71548e-06,-3.48635e-06,-4.30267e-06,-5.14493e-06,-5.99337e-06,-6.82914e-06,-7.63525e-06,-8.39735e-06,-9.10421e-06,-9.7481e-06,-1.03248e-05,-1.08335e-05,-1.12762e-05,-1.16576e-05,-1.19838e-05,-1.2262e-05,-1.24994e-05,-1.27029e-05,-1.28782e-05,-1.30301e-05,-1.31616e-05,-1.32746e-05,-1.33695e-05,-1.34462e-05,-1.35036e-05,-1.3541e-05,-1.35576e-05,-1.35533e-05,-1.35288e-05,-1.34859e-05,-1.34275e-05,-1.33579e-05,-1.32823e-05,-1.3207e-05,-1.31394e-05,-1.30873e-05,-1.30587e-05,-1.30618e-05,-1.31041e-05,-1.31924e-05,-1.33321e-05,-1.35267e-05,-1.37779e-05,-1.40846e-05,-1.44435e-05,-1.48482e-05,-1.52903e-05,-1.57586e-05,-1.62404e-05,-1.67218e-05,-1.71881e-05,-1.76251e-05,-1.80192e-05,-1.83587e-05,-1.86339e-05,-1.88379e-05,-1.89665e-05,-1.90187e-05,-1.89961e-05,-1.89031e-05,-1.87461e-05,-1.85334e-05,-1.82742e-05,-1.79786e-05,-1.76569e-05,-1.73189e-05,-1.69741e-05,-1.66309e-05,-1.62967e-05,-1.59775e-05,-1.56783e-05,-1.54024e-05,-1.5152e-05,-1.49279e-05,-1.47299e-05,-1.45566e-05,-1.44059e-05,-1.4275e-05,-1.41607e-05,-1.40597e-05,-1.39685e-05,-1.38843e-05,-1.38044e-05,-1.3727e-05,-1.36507e-05,-1.35749e-05,-1.34992e-05,-1.34236e-05,-1.33477e-05,-1.32707e-05,-1.31906e-05,-1.31042e-05,-1.30063e-05,-1.28901e-05,-1.27469e-05,-1.25664e-05,-1.23374e-05,-1.20485e-05,-1.16887e-05,-1.1249e-05,-1.07229e-05,-1.01073e-05,-9.40393e-06,-8.61885e-06,-7.76336e-06,-6.85357e-06,-5.90998e-06,-4.95661e-06,-4.01988e-06,-3.12696e-06,-2.30373e-06,-1.57203e-06,-9.46094e-07,-4.27783e-07,0
0,-8.33929e-07,-1.84746e-06,-3.05166e-06,-4.41238e-06,-5.90686e-06,-7.50254e-06,-9.16158e-06,-1.08442e-05,-1.25116e-05,-1.41279e-05,-1.56616e-05,-1.70877e-05,-1.83876e-05,-1.95499e-05,-2.05705e-05,-2.14515e-05,-2.22008e-05,-2.28303e-05,-2.33545e-05,-2.37893e-05,-2.41498e-05,-2.44498e-05,-2.47007e-05,-2.4911e-05,-2.50861e-05,-2.52287e-05,-2.53394e-05,-2.54171e-05,-2.546e-05,-2.54667e-05,-2.54363e-05,-2.53695e-05,-2.52689e-05,-2.51394e-05,-2.49881e-05,-2.48244e-05,-2.46601e-05,-2.45086e-05,-2.43848e-05,-2.43044e-05,-2.42834e-05,-2.43373e-05,-2.44804e-05,-2.47251e-05,-2.50805e-05,-2.55525e-05,-2.61423e-05,-2.68463e-05,-2.76558e-05,-2.85567e-05,-2.95299e-05,-3.05521e-05,-3.15963e-05,-3.26333e-05,-3.3633e-05,-3.4566e-05,-3.54047e-05,-3.6125e-05,-3.67077e-05,-3.71387e-05,-3.741e-05,-3.75195e-05,-3.74712e-05,-3.7274e-05,-3.69415e-05,-3.64906e-05,-3.59408e-05,-3.53127e-05,-3.46275e-05,-3.3906e-05,-3.31677e-05,-3.24303e-05,-3.17097e-05,-3.1019e-05,-3.03689e-05,-2.97672e-05,-2.92194e-05,-2.87281e-05,-2.82936e-05,-2.7914e-05,-2.75856e-05,-2.73032e-05,-2.70605e-05,-2.68507e-05,-2.66672e-05,-2.65033e-05,-2.63538e-05,-2.62143e-05,-2.60819e-05,-2.59552e-05,-2.58338e-05,-2.5718e-05,-2.5608e-05,-2.55034e-05,-2.54015e-05,-2.52971e-05,-2.51814e-05,-2.50416e-05,-2.48606e-05,-2.46176e-05,-2.4289e-05,-2.38497e-05,-2.32752e-05,-2.25431e-05,-2.16361e-05,-2.05431e-05,-1.92619e-05,-1.77998e-05,-1.61742e-05,-1.44132e-05,-1.25541e-05,-1.06429e-05,-8.73126e-06,-6.87426e-06,-5.12629e-06,-3.536e-06,-2.1396e-06,-9.51958e-07,0
0,-1.37789e-06,-3.05166e-06,-5.01271e-06,-7.22133e-06,-9.60335e-06,-1.21014e-05,-1.4653e-05,-1.71954e-05,-1.96692e-05,-2.20218e-05,-2.42093e-05,-2.61981e-05,-2.79659e-05,-2.9502e-05,-3.08061e-05,-3.18877e-05,-3.2764e-05,-3.34576e-05,-3.39937e-05,-3.43984e-05,-3.46961e-05,-3.49078e-05,-3.50504e-05,-3.51359e-05,-3.51717e-05,-3.51614e-05,-3.51054e-05,-3.50026e-05,-3.48514e-05,-3.46509e-05,-3.44023e-05,-3.41095e-05,-3.37797e-05,-3.34236e-05,-3.30554e-05,-3.26928e-05,-3.23561e-05,-3.20678e-05,-3.18519e-05,-3.17329e-05,-3.17346e-05,-3.18793e-05,-3.21864e-05,-3.26715e-05,-3.33452e-05,-3.42119e-05,-3.52691e-05,-3.65068e-05,-3.79072e-05,-3.94446e-05,-4.10864e-05,-4.27936e-05,-4.45228e-05,-4.62274e-05,-4.78603e-05,-4.93755e-05,-5.0731e-05,-5.18899e-05,-5.2823e-05,-5.35092e-05,-5.39366e-05,-5.41028e-05,-5.40139e-05,-5.36843e-05,-5.3135e-05,-5.23925e-05,-5.14874e-05,-5.04523e-05,-4.9321e-05,-4.8127e-05,-4.69021e-05,-4.56762e-05,-4.44761e-05,-4.33248e-05,-4.2242e-05,-4.12429e-05,-4.03387e-05,-3.95364e-05,-3.8839e-05,-3.82458e-05,-3.77525e-05,-3.73523e-05,-3.70356e-05,-3.67917e-05,-3.6609e-05,-3.6476e-05,-3.63818e-05,-3.63175e-05,-3.62757e-05,-3.62517e-05,-3.62425e-05,-3.62468e-05,-3.62639e-05,-3.62925e-05,-3.63291e-05,-3.63667e-05,-3.63933e-05,-3.63907e-05,-3.63343e-05,-3.6193e-05,-3.59306e-05,-3.55074e-05,-3.48831e-05,-3.40197e-05,-3.28849e-05,-3.14556e-05,-2.97208e-05,-2.76837e-05,-2.53635e-05,-2.27956e-05,-2.00313e-05,-1.71359e-05,-1.41861e-05,-1.12665e-05,-8.46421e-06,-5.86197e-06,-3.52894e-06,-1.58178e-06,0
0,-2.00789e-06,-4.41238e-06,-7.22133e-06,-1.03878e-05,-1.37504e-05,-1.72112e-05,-2.06778e-05,-2.40625e-05,-2.72858e-05,-3.02805e-05,-3.29938e-05,-3.53886e-05,-3.74439e-05,-3.91545e-05,-4.05298e-05,-4.15909e-05,-4.23682e-05,-4.28978e-05,-4.32181e-05,-4.33665e-05,-4.33773e-05,-4.32788e-05,-4.30932e-05,-4.28361e-05,-4.25166e-05,-4.21394e-05,-4.17057e-05,-4.12152e-05,-4.06682e-05,-4.00669e-05,-3.94168e-05,-3.87278e-05,-3.80146e-05,-3.72966e-05,-3.65981e-05,-3.59469e-05,-3.5374e-05,-3.49124e-05,-3.45954e-05,-3.44559e-05,-3.45244e-05,-3.48278e-05,-3.53879e-05,-3.62201e-05,-3.73323e-05,-3.87232e-05,-4.03823e-05,-4.22888e-05,-4.4412e-05,-4.67113e-05,-4.91377e-05,-5.16346e-05,-5.41407e-05,-5.65916e-05,-5.89229e-05,-6.10731e-05,-6.29858e-05,-6.46128e-05,-6.59155e-05,-6.68669e-05,-6.74519e-05,-6.76675e-05,-6.75224e-05,-6.70361e-05,-6.6237e-05,-6.5161e-05,-6.38495e-05,-6.23473e-05,-6.07015e-05,-5.8959e-05,-5.71658e-05,-5.53654e-05,-5.3598e-05,-5.18995e-05,-5.03011e-05,-4.88287e-05,-4.75024e-05,-4.63367e-05,-4.53402e-05,-4.45156e-05,-4.38605e-05,-4.33676e-05,-4.30253e-05,-4.28188e-05,-4.27314e-05,-4.27449e-05,-4.28417e-05,-4.30052e-05,-4.3221e-05,-4.34777e-05,-4.37667e-05,-4.40823e-05,-4.442e-05,-4.47761e-05,-4.51448e-05,-4.55169e-05,-4.58771e-05,-4.62026e-05,-4.6462e-05,-4.66149e-05,-4.6613e-05,-4.64019e-05,-4.59246e-05,-4.51252e-05,-4.39538e-05,-4.23707e-05,-4.03513e-05,-3.78891e-05,-3.49987e-05,-3.17173e-05,-2.8104e-05,-2.42396e-05,-2.02233e-05,-1.61692e-05,-1.22005e-05,-8.4421e-06,-5.11393e-06,-2.31753e-06,0
0,-2.71548e-06,-5.90686e-06,-9.60335e-06,-1.37504e-05,-1.81904e-05,-2.26281e-05,-2.69754e-05,-3.11203e-05,-3.4967e-05,-3.84395e-05,-4.14825e-05,-4.40624e-05,-4.61664e-05,-4.78014e-05,-4.89912e-05,-4.97731e-05,-5.01939e-05,-5.03054e-05,-5.01601e-05,-4.98077e-05,-4.92919e-05,-4.86485e-05,-4.79048e-05,-4.70798e-05,-4.61854e-05,-4.52278e-05,-4.42106e-05,-4.31364e-05,-4.20094e-05,-4.08373e-05,-3.96325e-05,-3.84136e-05,-3.72048e-05,-3.60365e-05,-3.49441e-05,-3.39669e-05,-3.31466e-05,-3.25259e-05,-3.21464e-05,-3.20468e-05,-3.22613e-05,-3.28177e-05,-3.37359e-05,-3.50266e-05,-3.66898e-05,-3.87141e-05,-4.10764e-05,-4.37415e-05,-4.66628e-05,-4.9783e-05,-5.30355e-05,-5.63468e-05,-5.96387e-05,-6.28313e-05,-6.58458e-05,-6.86081e-05,-7.10512e-05,-7.31182e-05,-7.47642e-05,-7.59579e-05,-7.6682e-05,-7.69337e-05,-7.67237e-05,-7.60753e-05,-7.50225e-05,-7.36085e-05,-7.18835e-05,-6.99027e-05,-6.77245e-05,-6.54084e-05,-6.30137e-05,-6.0598e-05,-5.82155e-05,-5.59165e-05,-5.37459e-05,-5.17425e-05,-4.99385e-05,-4.8359e-05,-4.70212e-05,-4.59349e-05,-4.51024e-05,-4.45187e-05,-4.41726e-05,-4.40471e-05,-4.41211e-05,-4.43704e-05,-4.47697e-05,-4.52938e-05,-4.5919e-05,-4.66247e-05,-4.73936e-05,-4.8212e-05,-4.90691e-05,-4.99554e-05,-5.08609e-05,-5.17723e-05,-5.26705e-05,-5.35283e-05,-5.43079e-05,-5.49609e-05,-5.5428e-05,-5.56413e-05,-5.55277e-05,-5.50129e-05,-5.40275e-05,-5.25125e-05,-5.04249e-05,-4.7743e-05,-4.447e-05,-4.06366e-05,-3.63025e-05,-3.1556e-05,-2.65127e-05,-2.13124e-05,-1.6115e-05,-1.12207e-05,-6.85839e-06,-3.14518e-06,0
0,-3.48635e-06,-7.50254e-06,-1.21014e-05,-1.72112e-05,-2.26281e-05,-2.80963e-05,-3.32208e-05,-3.79697e-05,-4.22396e-05,-4.59554e-05,-4.90693e-05,-5.156e-05,-5.34309e-05,-5.47069e-05,-5.54312e-05,-5.56605e-05,-5.54598e-05,-5.48975e-05,-5.40406e-05,-5.29504e-05,-5.16799e-05,-5.02722e-05,-4.87599e-05,-4.71661e-05,-4.55063e-05,-4.37906e-05,-4.20266e-05,-4.02222e-05,-3.83878e-05,-3.65388e-05,-3.46964e-05,-3.28891e-05,-3.11518e-05,-2.95256e-05,-2.80568e-05,-2.67945e-05,-2.57891e-05,-2.50899e-05,-2.47429e-05,-2.47886e-05,-2.52598e-05,-2.61799e-05,-2.75614e-05,-2.94047e-05,-3.16972e-05,-3.44129e-05,-3.75126e-05,-4.09445e-05,-4.46451e-05,-4.85407e-05,-5.25496e-05,-5.65843e-05,-6.05548e-05,-6.43708e-05,-6.79457e-05,-7.11989e-05,-7.4059e-05,-7.64659e-05,-7.83727e-05,-7.97472e-05,-8.05716e-05,-8.08434e-05,-8.05742e-05,-7.97885e-05,-7.85228e-05,-7.68232e-05,-7.47441e-05,-7.23464e-05,-6.96954e-05,-6.68593e-05,-6.39075e-05,-6.0909e-05,-5.79309e-05,-5.50368e-05,-5.2286e-05,-4.97315e-05,-4.74195e-05,-4.53881e-05,-4.36669e-05,-4.22762e-05,-4.12268e-05,-4.05205e-05,-4.01498e-05,-4.00994e-05,-4.03471e-05,-4.0865e-05,-4.16216e-05,-4.25839e-05,-4.37188e-05,-4.49951e-05,-4.63847e-05,-4.78634e-05,-4.94105e-05,-5.10078e-05,-5.26377e-05,-5.42806e-05,-5.59118e-05,-5.74983e-05,-5.89967e-05,-6.0351e-05,-6.1493e-05,-6.2343e-05,-6.28132e-05,-6.28126e-05,-6.22523e-05,-6.10525e-05,-5.91492e-05,-5.65001e-05,-5.30901e-05,-4.8935e-05,-4.40844e-05,-3.86234e-05,-3.26727e-05,-2.63892e-05,-2.00973e-05,-1.41113e-05,-8.71211e-06,-4.0422e-06,0
0,-4.30267e-06,-9.16158e-06,-1.4653e-05,-2.06778e-05,-2.69754e-05,-3.32208e-05,-3.91161e-05,-4.42447e-05,-4.86748e-05,-5.23456e-05,-5.52292e-05,-5.73268e-05,-5.8665e-05,-5.92923e-05,-5.92744e-05,-5.86891e-05,-5.76201e-05,-5.61523e-05,-5.43661e-05,-5.2334e-05,-5.01181e-05,-4.77685e-05,-4.5324e-05,-4.28134e-05,-4.02576e-05,-3.76728e-05,-3.5073e-05,-3.24734e-05,-2.98926e-05,-2.73547e-05,-2.48903e-05,-2.25373e-05,-2.03399e-05,-1.83481e-05,-1.66154e-05,-1.51969e-05,-1.4147e-05,-1.35163e-05,-1.33491e-05,-1.36815e-05,-1.45384e-05,-1.59328e-05,-1.78636e-05,-2.03158e-05,-2.32597e-05,-2.66516e-05,-3.04345e-05,-3.45397e-05,-3.88885e-05,-4.33943e-05,-4.79653e-05,-5.2507e-05,-5.6925e-05,-6.11281e-05,-6.50306e-05,-6.85548e-05,-7.16332e-05,-7.42102e-05,-7.62428e-05,-7.77017e-05,-7.85712e-05,-7.88492e-05,-7.85462e-05,-7.76846e-05,-7.62979e-05,-7.44293e-05,-7.21304e-05,-6.94604e-05,-6.64846e-05,-6.32728e-05,-5.98985e-05,-5.64369e-05,-5.29637e-05,-4.95531e-05,-4.62766e-05,-4.3201e-05,-4.0387e-05,-3.78878e-05,-3.57478e-05,-3.40013e-05,-3.26724e-05,-3.1774e-05,-3.13082e-05,-3.12663e-05,-3.16303e-05,-3.23733e-05,-3.34621e-05,-3.48588e-05,-3.6523e-05,-3.84139e-05,-4.04925e-05,-4.27225e-05,-4.50711e-05,-4.75084e-05,-5.00058e-05,-5.25341e-05,-5.50602e-05,-5.75438e-05,-5.99345e-05,-6.21695e-05,-6.41724e-05,-6.58541e-05,-6.7115e-05,-6.78491e-05,-6.79501e-05,-6.73181e-05,-6.58668e-05,-6.353e-05,-6.02686e-05,-5.60746e-05,-5.09761e-05,-4.50403e-05,-3.83781e-05,-3.12649e-05,-2.40195e-05,-1.70239e-05,-1.06189e-05,-4.98178e-06,0
0,-5.14493e-06,-1.08442e-05,-1.71954e-05,-2.40625e-05,-3.11203e-05,-3.79697e-05,-4.42447e-05,-4.96933e-05,-5.39777e-05,-5.7286e-05,-5.96234e-05,-6.10226e-05,-6.15393e-05,-6.12488e-05,-6.02405e-05,-5.86131e-05,-5.64687e-05,-5.39071e-05,-5.10216e-05,-4.78954e-05,-4.45993e-05,-4.11916e-05,-3.77189e-05,-3.42174e-05,-3.07158e-05,-2.72386e-05,-2.38081e-05,-2.04485e-05,-1.71868e-05,-1.40558e-05,-1.10938e-05,-8.34562e-06,-5.86107e-06,-3.69399e-06,-1.89992e-06,-5.33585e-07,3.53865e-07,7.17751e-07,5.22567e-07,-2.55632e-07,-1.62732e-06,-3.58821e-06,-6.11859e-06,-9.18342e-06,-1.2733e-05,-1.67046e-05,-2.10238e-05,-2.56075e-05,-3.0366e-05,-3.52062e-05,-4.00339e-05,-4.4757e-05,-4.92875e-05,-5.35439e-05,-5.74528e-05,-6.09505e-05,-6.39833e-05,-6.65083e-05,-6.84936e-05,-6.99174e-05,-7.07684e-05,-7.10448e-05,-7.07539e-05,-6.99117e-05,-6.85426e-05,-6.66793e-05,-6.43623e-05,-6.16399e-05,-5.85679e-05,-5.52089e-05,-5.16318e-05,-4.79102e-05,-4.41218e-05,-4.03461e-05,-3.66628e-05,-3.31499e-05,-2.98816e-05,-2.69265e-05,-2.43453e-05,-2.21899e-05,-2.05015e-05,-1.93096e-05,-1.86316e-05,-1.84721e-05,-1.88239e-05,-1.9668e-05,-2.09758e-05,-2.27102e-05,-2.48282e-05,-2.7283e-05,-3.00266e-05,-3.30114e-05,-3.61916e-05,-3.95234e-05,-4.29649e-05,-4.64739e-05,-5.00053e-05,-5.3509e-05,-5.69255e-05,-6.01842e-05,-6.32013e-05,-6.58794e-05,-6.81094e-05,-6.97737e-05,-7.07513e-05,-7.09242e-05,-7.01847e-05,-6.84422e-05,-6.56292e-05,-6.17072e-05,-5.6671e-05,-5.05545e-05,-4.35212e-05,-3.57996e-05,-2.77666e-05,-1.98724e-05,-1.25224e-05,-5.93601e-06,0
0,-5.99337e-06,-1.25116e-05,-1.96692e-05,-2.72858e-05,-3.4967e-05,-4.22396e-05,-4.86748e-05,-5.39777e-05,-5.80283e-05,-6.06523e-05,-6.21396e-05,-6.25604e-05,-6.2002e-05,-6.05663e-05,-5.83658e-05,-5.55187e-05,-5.21439e-05,-4.83553e-05,-4.42585e-05,-3.99473e-05,-3.55024e-05,-3.09918e-05,-2.64717e-05,-2.19881e-05,-1.75798e-05,-1.3281e-05,-9.12388e-06,-5.14094e-06,-1.3672e-06,2.15874e-06,5.39412e-06,8.2922e-06,1.08033e-05,1.28764e-05,1.44616e-05,1.55126e-05,1.59894e-05,1.58616e-05,1.51105e-05,1.37317e-05,1.17357e-05,9.14962e-06,6.01614e-06,2.39291e-06,-1.64939e-06,-6.02959e-06,-1.06589e-05,-1.54444e-05,-2.02921e-05,-2.51104e-05,-2.98127e-05,-3.43199e-05,-3.85623e-05,-4.24802e-05,-4.60245e-05,-4.91562e-05,-5.1846e-05,-5.40723e-05,-5.58205e-05,-5.70816e-05,-5.78505e-05,-5.81258e-05,-5.79094e-05,-5.72063e-05,-5.60257e-05,-5.43818e-05,-5.22948e-05,-4.97924e-05,-4.69106e-05,-4.36942e-05,-4.01975e-05,-3.64834e-05,-3.26229e-05,-2.86934e-05,-2.47772e-05,-2.0959e-05,-1.73238e-05,-1.39543e-05,-1.09284e-05,-8.31724e-06,-6.18268e-06,-4.57568e-06,-3.53477e-06,-3.08496e-06,-3.23727e-06,-3.9887e-06,-5.3229e-06,-7.21141e-06,-9.61548e-06,-1.24883e-05,-1.57772e-05,-1.94263e-05,-2.33782e-05,-2.75752e-05,-3.19599e-05,-3.64746e-05,-4.10596e-05,-4.56508e-05,-5.01774e-05,-5.45586e-05,-5.87022e-05,-6.2503e-05,-6.58438e-05,-6.85978e-05,-7.06324e-05,-7.1815e-05,-7.20191e-05,-7.11309e-05,-6.90547e-05,-6.57174e-05,-6.10717e-05,-5.51413e-05,-4.79929e-05,-3.98844e-05,-3.12423e-05,-2.25808e-05,-1.43703e-05,-6.87808e-06,0
0,-6.82914e-06,-1.41279e-05,-2.20218e-05,-3.02805e-05,-3.84395e-05,-4.59554e-05,-5.23456e-05,-5.7286e-05,-6.06523e-05,-6.25046e-05,-6.28721e-05,-6.208e-05,-6.02435e-05,-5.7489e-05,-5.39492e-05,-4.976e-05,-4.50555e-05,-3.99635e-05,-3.4602e-05,-2.90767e-05,-2.34801e-05,-1.7892e-05,-1.23802e-05,-7.00297e-06,-1.81041e-06,3.15278e-06,7.84537e-06,1.22277e-05,1.62602e-05,1.99024e-05,2.31129e-05,2.58493e-05,2.80696e-05,2.97338e-05,3.08058e-05,3.12563e-05,3.10653e-05,3.02243e-05,2.87392e-05,2.66311e-05,2.39374e-05,2.07115e-05,1.70218e-05,1.2949e-05,8.58372e-06,4.02257e-06,-6.35991e-07,-5.29565e-06,-9.86617e-06,-1.42669e-05,-1.84291e-05,-2.22983e-05,-2.5834e-05,-2.90099e-05,-3.18122e-05,-3.42372e-05,-3.62883e-05,-3.79732e-05,-3.93008e-05,-4.02782e-05,-4.09088e-05,-4.11918e-05,-4.11213e-05,-4.06875e-05,-3.98786e-05,-3.86833e-05,-3.70929e-05,-3.5105e-05,-3.27256e-05,-2.99716e-05,-2.6872e-05,-2.3469e-05,-1.98177e-05,-1.59849e-05,-1.20483e-05,-8.09363e-06,-4.21234e-06,-4.98758e-07,2.95295e-06,6.05179e-06,8.71282e-06,1.08599e-05,1.24281e-05,1.33657e-05,1.36359e-05,1.32178e-05,1.21066e-05,1.03134e-05,7.86438e-06,4.79876e-06,1.16694e-06,-2.97193e-06,-7.55238e-06,-1.25047e-05,-1.77562e-05,-2.32321e-05,-2.88555e-05,-3.45454e-05,-4.02157e-05,-4.57727e-05,-5.11132e-05,-5.6123e-05,-6.0677e-05,-6.46401e-05,-6.78708e-05,-7.02249e-05,-7.15618e-05,-7.17485e-05,-7.06643e-05,-6.82041e-05,-6.42756e-05,-5.87637e-05,-5.17286e-05,-4.34432e-05,-3.43721e-05,-2.50858e-05,-1.61171e-05,-7.78389e-06,0
0,-7.63525e-06,-1.56616e-05,-2.42093e-05,-3.29938e-05,-4.14825e-05,-4.90693e-05,-5.52292e-05,-5.96234e-05,-6.21396e-05,-6.28721e-05,-6.20571e-05,-5.98712e-05,-5.66052e-05,-5.24081e-05,-4.74293e-05,-4.18206e-05,-3.5731e-05,-2.9303e-05,-2.26685e-05,-1.59472e-05,-9.24596e-06,-2.65859e-06,3.73293e-06,9.85734e-06,1.56526e-05,2.10645e-05,2.60448e-05,3.05503e-05,3.45417e-05,3.79826e-05,4.08397e-05,4.30828e-05,4.46857e-05,4.56274e-05,4.58944e-05,4.54826e-05,4.43991e-05,4.26649e-05,4.03159e-05,3.74038e-05,3.3996e-05,3.01744e-05,2.60329e-05,2.16743e-05,1.72058e-05,1.27347e-05,8.3628e-06,4.18228e-06,2.70924e-07,-3.31095e-06,-6.52272e-06,-9.34412e-06,-1.17745e-05,-1.38304e-05,-1.55422e-05,-1.69494e-05,-1.80958e-05,-1.90238e-05,-1.97699e-05,-2.03606e-05,-2.08096e-05,-2.1116e-05,-2.1265e-05,-2.12291e-05,-2.09711e-05,-2.04481e-05,-1.9616e-05,-1.84341e-05,-1.68697e-05,-1.49022e-05,-1.25259e-05,-9.75242e-06,-6.61143e-06,-3.15084e-06,5.64399e-07,4.45418e-06,8.42589e-06,1.23775e-05,1.6201e-05,1.97863e-05,2.30245e-05,2.58121e-05,2.80538e-05,2.96662e-05,3.05802e-05,3.07433e-05,3.01213e-05,2.86994e-05,2.64817e-05,2.34912e-05,1.97681e-05,1.53675e-05,1.03575e-05,4.8161e-06,-1.17096e-06,-7.51222e-06,-1.41116e-05,-2.0869e-05,-2.76795e-05,-3.44326e-05,-4.10105e-05,-4.72871e-05,-5.31275e-05,-5.83882e-05,-6.29194e-05,-6.65687e-05,-6.91851e-05,-7.06229e-05,-7.07419e-05,-6.93954e-05,-6.63432e-05,-6.14333e-05,-5.4705e-05,-4.64324e-05,-3.71052e-05,-2.73399e-05,-1.77262e-05,-8.63313e-06,0
0,-8.39735e-06,-1.70877e-05,-2.61981e-05,-3.53886e-05,-4.40624e-05,-5.156e-05,-5.73268e-05,-6.10226e-05,-6.25604e-05,-6.208e-05,-5.98712e-05,-5.62275e-05,-5.13956e-05,-4.56474e-05,-3.91412e-05,-3.20433e-05,-2.4519e-05,-1.6727e-05,-8.81608e-06,-9.2282e-07,6.82915e-06,1.43295e-05,2.14811e-05,2.81993e-05,3.44114e-05,4.00561e-05,4.50822e-05,4.94482e-05,5.31211e-05,5.60757e-05,5.82944e-05,5.9767e-05,6.04909e-05,6.04725e-05,5.97279e-05,5.82847e-05,5.61837e-05,5.34797e-05,5.02427e-05,4.65575e-05,4.25225e-05,3.82477e-05,3.38506e-05,2.94522e-05,2.51716e-05,2.11202e-05,1.73963e-05,1.40794e-05,1.12263e-05,8.86796e-06,7.00823e-06,5.62438e-06,4.66952e-06,4.07687e-06,3.76547e-06,3.64703e-06,3.6333e-06,3.64334e-06,3.61019e-06,3.48625e-06,3.24697e-06,2.89267e-06,2.44819e-06,1.96058e-06,1.49512e-06,1.12988e-06,9.49549e-07,1.03879e-06,1.47583e-06,2.32657e-06,3.63969e-06,5.44292e-06,7.74056e-06,1.05125e-05,1.37145e-05,1.72793e-05,2.11195e-05,2.51305e-05,2.91944e-05,3.31842e-05,3.69684e-05,4.04152e-05,4.33974e-05,4.57963e-05,4.75057e-05,4.84357e-05,4.85155e-05,4.76959e-05,4.59506e-05,4.32772e-05,3.96967e-05,3.52523e-05,3.00072e-05,2.40421e-05,1.7452e-05,1.03431e-05,2.83024e-06,-4.96528e-06,-1.29169e-05,-2.08933e-05,-2.87579e-05,-3.63686e-05,-4.3577e-05,-5.0229e-05,-5.61661e-05,-6.12285e-05,-6.52594e-05,-6.81092e-05,-6.96037e-05,-6.94422e-05,-6.73726e-05,-6.32013e-05,-5.69362e-05,-4.88398e-05,-3.94145e-05,-2.93117e-05,-1.91707e-05,-9.41005e-06,0
0,-9.10421e-06,-1.83876e-05,-2.79659e-05,-3.74439e-05,-4.61664e-05,-5.34309e-05,-5.8665e-05,-6.15393e-05,-6.2002e-05,-6.02435e-05,-5.66052e-05,-5.13956e-05,-4.49354e-05,-3.75753e-05,-2.94919e-05,-2.08701e-05,-1.18946e-05,-2.74405e-06,6.41266e-06,1.54188e-05,2.41313e-05,3.2422e-05,4.01782e-05,4.73032e-05,5.37166e-05,5.9354e-05,6.41666e-05,6.81211e-05,7.11978e-05,7.33905e-05,7.47048e-05,7.51582e-05,7.47789e-05,7.36071e-05,7.16945e-05,6.91056e-05,6.59186e-05,6.22253e-05,5.81314e-05,5.37552e-05,4.92251e-05,4.46765e-05,4.02472e-05,3.60713e-05,3.22736e-05,2.89629e-05,2.62259e-05,2.4122e-05,2.2679e-05,2.18909e-05,2.17179e-05,2.20879e-05,2.29012e-05,2.40367e-05,2.53593e-05,2.67297e-05,2.80133e-05,2.90895e-05,2.98601e-05,3.0256e-05,3.02413e-05,2.98158e-05,2.90143e-05,2.79037e-05,2.65783e-05,2.51528e-05,2.37546e-05,2.25159e-05,2.15645e-05,2.10168e-05,2.09709e-05,2.15006e-05,2.26518e-05,2.44398e-05,2.68484e-05,2.9831e-05,3.33118e-05,3.71894e-05,4.13408e-05,4.5626e-05,4.98929e-05,5.39833e-05,5.77373e-05,6.09996e-05,6.3624e-05,6.54789e-05,6.6451e-05,6.64498e-05,6.54108e-05,6.32973e-05,6.01022e-05,5.58478e-05,5.05843e-05,4.43881e-05,3.73577e-05,2.96105e-05,2.12786e-05,1.25046e-05,3.43912e-06,-5.76199e-06,-1.49388e-05,-2.39279e-05,-3.25629e-05,-4.06747e-05,-4.80934e-05,-5.46508e-05,-6.01869e-05,-6.45618e-05,-6.74464e-05,-6.85084e-05,-6.74882e-05,-6.41512e-05,-5.84684e-05,-5.06821e-05,-4.12962e-05,-3.09868e-05,-2.04345e-05,-1.01039e-05,0
0,-9.7481e-06,-1.95499e-05,-2.9502e-05,-3.91545e-05,-4.78014e-05,-5.47069e-05,-5.92923e-05,-6.12488e-05,-6.05663e-05,-5.7489e-05,-5.24081e-05,-4.56474e-05,-3.75753e-05,-2.86213e-05,-1.8988e-05,-8.88466e-06,1.47968e-06,1.1902e-05,2.21894e-05,3.21619e-05,4.16555e-05,5.05236e-05,5.86397e-05,6.58977e-05,7.2214e-05,7.7527e-05,8.17975e-05,8.50075e-05,8.71588e-05,8.82715e-05,8.83823e-05,8.75429e-05,8.58187e-05,8.32886e-05,8.00443e-05,7.61904e-05,7.18445e-05,6.71364e-05,6.22071e-05,5.72068e-05,5.22912e-05,4.76175e-05,4.3338e-05,3.95944e-05,3.65105e-05,3.41853e-05,3.26868e-05,3.20468e-05,3.22578e-05,3.32712e-05,3.49988e-05,3.73161e-05,4.00682e-05,4.30787e-05,4.61589e-05,4.91189e-05,5.17791e-05,5.39811e-05,5.55967e-05,5.6536e-05,5.67523e-05,5.62444e-05,5.50563e-05,5.32736e-05,5.10181e-05,4.84399e-05,4.57087e-05,4.30038e-05,4.05041e-05,3.83788e-05,3.67786e-05,3.58281e-05,3.56204e-05,3.62124e-05,3.7623e-05,3.98324e-05,4.27835e-05,4.63844e-05,5.05124e-05,5.50191e-05,5.97362e-05,6.4481e-05,6.90631e-05,7.32907e-05,7.69766e-05,7.99444e-05,8.20346e-05,8.311e-05,8.30605e-05,8.18072e-05,7.93061e-05,7.5549e-05,7.05642e-05,6.44148e-05,5.71961e-05,4.90308e-05,4.00645e-05,3.04603e-05,2.03935e-05,1.00474e-05,-3.90256e-07,-1.07294e-05,-2.07796e-05,-3.0351e-05,-3.92562e-05,-4.73133e-05,-5.43503e-05,-6.02136e-05,-6.44785e-05,-6.67746e-05,-6.68369e-05,-6.43931e-05,-5.93758e-05,-5.20017e-05,-4.27685e-05,-3.23674e-05,-2.15121e-05,-1.07092e-05,0
0,-1.03248e-05,-2.05705e-05,-3.08061e-05,-4.05298e-05,-4.89912e-05,-5.54312e-05,-5.92744e-05,-6.02405e-05,-5.83658e-05,-5.39492e-05,-4.74293e-05,-3.91412e-05,-2.94919e-05,-1.8988e-05,-7.86251e-06,3.6455e-06,1.52978e-05,2.68629e-05,3.81203e-05,4.88654e-05,5.89126e-05,6.80992e-05,7.62878e-05,8.33686e-05,8.92613e-05,9.39149e-05,9.73077e-05,9.94457e-05,0.00010036,0.000100105,9.87554e-05,9.64019e-05,9.31521e-05,8.91268e-05,8.44596e-05,7.92962e-05,7.37931e-05,6.81164e-05,6.24399e-05,5.69418e-05,5.18002e-05,4.71879e-05,4.32656e-05,4.01751e-05,3.80314e-05,3.69162e-05,3.68717e-05,3.7896e-05,3.99409e-05,4.29113e-05,4.66684e-05,5.10346e-05,5.58015e-05,6.07395e-05,6.56098e-05,7.01768e-05,7.42204e-05,7.75482e-05,8.00059e-05,8.14851e-05,8.19293e-05,8.13359e-05,7.97563e-05,7.72917e-05,7.40878e-05,7.03261e-05,6.62145e-05,6.19764e-05,5.78394e-05,5.40246e-05,5.0736e-05,4.81512e-05,4.64139e-05,4.56279e-05,4.58529e-05,4.71028e-05,4.93458e-05,5.25065e-05,5.64695e-05,6.10845e-05,6.6172e-05,7.15303e-05,7.69419e-05,8.21812e-05,8.70211e-05,9.12407e-05,9.46321e-05,9.70076e-05,9.82063e-05,9.81003e-05,9.65997e-05,9.36569e-05,8.92679e-05,8.34731e-05,7.63549e-05,6.8034e-05,5.86636e-05,4.84232e-05,3.75119e-05,2.61414e-05,1.45307e-05,2.90139e-06,-8.52567e-06,-1.95332e-05,-2.99096e-05,-3.9452e-05,-4.79701e-05,-5.5291e-05,-6.09126e-05,-6.44311e-05,-6.55812e-05,-6.40572e-05,-5.97548e-05,-5.28633e-05,-4.3869e-05,-3.34709e-05,-2.24087e-05,-1.12259e-05,0
0,-1.08335e-05,-2.14515e-05,-3.18877e-05,-4.15909e-05,-4.97731e-05,-5.56605e-05,-5.86891e-05,-5.86131e-05,-5.55187e-05,-4.976e-05,-4.18206e-05,-3.20433e-05,-2.08701e-05,-8.88466e-06,3.6455e-06,1.64471e-05,2.92482e-05,4.17852e-05,5.38088e-05,6.50891e-05,7.54214e-05,8.46305e-05,9.25741e-05,9.91463e-05,0.000104278,0.000107939,0.000110134,0.000110901,0.000110309,0.000108453,0.00010545,0.000101435,9.65587e-05,9.09859e-05,8.48912e-05,7.84593e-05,7.18827e-05,6.536e-05,5.90924e-05,5.32802e-05,4.81169e-05,4.37836e-05,4.04413e-05,3.82235e-05,3.72286e-05,3.75135e-05,3.90879e-05,4.1911e-05,4.589e-05,5.08821e-05,5.66983e-05,6.31106e-05,6.98612e-05,7.6674e-05,8.32674e-05,8.93677e-05,9.47224e-05,9.91123e-05,0.000102362,0.00010435,0.00010501,0.000104338,0.000102391,9.92799e-05,9.5169e-05,9.02639e-05,8.48035e-05,7.90485e-05,7.32694e-05,6.77348e-05,6.26993e-05,5.83932e-05,5.50121e-05,5.27096e-05,5.1591e-05,5.17099e-05,5.30668e-05,5.56103e-05,5.92399e-05,6.38109e-05,6.91403e-05,7.50139e-05,8.11934e-05,8.74242e-05,9.34434e-05,9.89878e-05,0.000103802,0.000107646,0.000110306,0.000111598,0.000111381,0.000109559,0.000106084,0.000100964,9.42586e-05,8.60759e-05,7.65686e-05,6.59267e-05,5.43691e-05,4.2135e-05,2.9476e-05,1.66493e-05,3.91158e-06,-8.4855e-06,-2.02989e-05,-3.12976e-05,-4.12665e-05,-5.00104e-05,-5.6955e-05,-6.1668e-05,-6.38892e-05,-6.32848e-05,-5.97169e-05,-5.33482e-05,-4.46514e-05,-3.43285e-05,-2.31391e-05,-1.16587e-05,0
0,-1.12762e-05,-2.22008e-05,-3.2764e-05,-4.23682e-05,-5.01939e-05,-5.54598e-05,-5.76201e-05,-5.64687e-05,-5.21439e-05,-4.50555e-05,-3.5731e-05,-2.4519e-05,-1.18946e-05,1.47968e-06,1.52978e-05,2.92482e-05,4.3022e-05,5.63217e-05,6.88688e-05,8.04107e-05,9.07278e-05,9.9639e-05,0.000107006,0.000112734,0.000116779,0.000119138,0.000119851,0.000119,0.000116695,0.000113079,0.000108314,0.00010258,9.60716e-05,8.89947e-05,8.1562e-05,7.39928e-05,6.65104e-05,5.9339e-05,5.27003e-05,4.68085e-05,4.18645e-05,3.80486e-05,3.55132e-05,3.43751e-05,3.4708e-05,3.65367e-05,3.98328e-05,4.45127e-05,5.04378e-05,5.74178e-05,6.52171e-05,7.35629e-05,8.2156e-05,9.06834e-05,9.88316e-05,0.0001063,0.000112815,0.000118139,0.000122086,0.000124522,0.000125378,0.000124647,0.000122386,0.000118712,0.000113797,0.000107862,0.000101168,9.40009e-05,8.66655e-05,7.947e-05,7.2714e-05,6.66762e-05,6.16034e-05,5.76997e-05,5.51195e-05,5.39609e-05,5.42633e-05,5.60067e-05,5.91138e-05,6.34541e-05,6.88499e-05,7.50829e-05,8.19019e-05,8.90311e-05,9.61778e-05,0.000103042,0.000109323,0.000114732,0.000119,0.000121887,0.000123192,0.000122762,0.000120501,0.000116371,0.000110397,0.000102663,9.33126e-05,8.25363e-05,7.05667e-05,5.76669e-05,4.41206e-05,3.0222e-05,1.62683e-05,2.55158e-06,-1.06464e-05,-2.30592e-05,-3.44403e-05,-4.45676e-05,-5.27948e-05,-5.86641e-05,-6.19243e-05,-6.2219e-05,-5.93808e-05,-5.35486e-05,-4.51815e-05,-3.49822e-05,-2.37263e-05,-1.20172e-05,0
0,-1.16576e-05,-2.28303e-05,-3.34576e-05,-4.28978e-05,-5.03054e-05,-5.48975e-05,-5.61523e-05,-5.39071e-05,-4.83553e-05,-3.99635e-05,-2.9303e-05,-1.6727e-05,-2.74405e-06,1.1902e-05,2.68629e-05,4.17852e-05,5.63217e-05,7.01409e-05,8.29375e-05,9.44409e-05,0.000104424,0.000112708,0.000119168,0.000123735,0.000126395,0.000127186,0.000126195,0.000123549,0.000119408,0.000113964,0.000107425,0.000100016,9.19711e-05,8.3533e-05,7.49468e-05,6.64596e-05,5.83174e-05,5.07619e-05,4.40264e-05,3.83298e-05,3.38706e-05,3.08193e-05,2.93104e-05,2.94352e-05,3.12351e-05,3.46968e-05,3.97495e-05,4.62643e-05,5.4057e-05,6.28934e-05,7.24968e-05,8.25582e-05,9.27481e-05,0.000102729,0.00011217,0.000120757,0.000128208,0.000134282,0.000138787,0.000141589,0.000142614,0.000141853,0.00013936,0.000135249,0.000129692,0.000122912,0.000115178,0.00010679,9.80729e-05,8.93644e-05,8.09997e-05,7.32998e-05,6.65583e-05,6.10292e-05,5.69168e-05,5.43677e-05,5.34656e-05,5.42291e-05,5.66123e-05,6.05083e-05,6.57539e-05,7.21367e-05,7.94024e-05,8.7263e-05,9.5405e-05,0.000103498,0.000111205,0.000118191,0.000124134,0.000128736,0.000131737,0.000132922,0.000132135,0.000129284,0.000124348,0.000117376,0.000108488,9.78663e-05,8.57476e-05,7.24124e-05,5.81726e-05,4.33597e-05,2.83132e-05,1.33705e-05,-1.14122e-06,-1.49131e-05,-2.76602e-05,-3.91275e-05,-4.85937e-05,-5.55759e-05,-5.9835e-05,-6.09951e-05,-5.88639e-05,-5.35601e-05,-4.55315e-05,-3.54817e-05,-2.42e-05,-1.23144e-05,0
0,-1.19838e-05,-2.33545e-05,-3.39937e-05,-4.32181e-05,-5.01601e-05,-5.40406e-05,-5.43661e-05,-5.10216e-05,-4.42585e-05,-3.4602e-05,-2.26685e-05,-8.81608e-06,6.41266e-06,2.21894e-05,3.81203e-05,5.38088e-05,6.88688e-05,8.29375e-05,9.56876e-05,0.000106838,0.000116163,0.000123498,0.000128743,0.000131866,0.000132895,0.000131918,0.000129074,0.000124543,0.000118539,0.000111299,0.000103078,9.41412e-05,8.47568e-05,7.51962e-05,6.5729e-05,5.66212e-05,4.81321e-05,4.05112e-05,3.39933e-05,2.87921e-05,2.50941e-05,2.30502e-05,2.27681e-05,2.4306e-05,2.76661e-05,3.2792e-05,3.95673e-05,4.78178e-05,5.73158e-05,6.77881e-05,7.89252e-05,9.0393e-05,0.000101845,0.000112934,0.000123326,0.000132713,0.000140817,0.000147407,0.000152298,0.000155361,0.000156522,0.00015577,0.000153149,0.000148764,0.000142775,0.000135395,0.000126882,0.000117538,0.000107694,9.77004e-05,8.79183e-05,7.87016e-05,7.03843e-05,6.32669e-05,5.7603e-05,5.35898e-05,5.13595e-05,5.09757e-05,5.24318e-05,5.56532e-05,6.05014e-05,6.67802e-05,7.42428e-05,8.25999e-05,9.15274e-05,0.000100676,0.000109677,0.00011816,0.000125754,0.000132108,0.0001369,0.000139852,0.000140742,0.000139416,0.000135796,0.000129883,0.000121762,0.000111593,9.96072e-05,8.60919e-05,7.13815e-05,5.58412e-05,3.98528e-05,2.38021e-05,8.06611e-06,-6.99677e-06,-2.10561e-05,-3.3817e-05,-4.44782e-05,-5.25298e-05,-5.77455e-05,-5.97317e-05,-5.82742e-05,-5.34753e-05,-4.57752e-05,-3.58803e-05,-2.45936e-05,-1.2566e-05,0
0,-1.2262e-05,-2.37893e-05,-3.43984e-05,-4.33665e-05,-4.98077e-05,-5.29504e-05,-5.2334e-05,-4.78954e-05,-3.99473e-05,-2.90767e-05,-1.59472e-05,-9.2282e-07,1.54188e-05,3.21619e-05,4.88654e-05,6.50891e-05,8.04107e-05,9.44409e-05,0.000106838,0.00011732,0.000125675,0.000131763,0.000135524,0.000136971,0.000136189,0.000133322,0.000128566,0.000122157,0.000114362,0.000105464,9.57567e-05,8.55374e-05,7.51021e-05,6.47416e-05,5.47396e-05,4.53705e-05,3.68968e-05,2.9565e-05,2.36011e-05,1.92041e-05,1.65385e-05,1.57271e-05,1.68431e-05,1.99042e-05,2.48685e-05,3.16328e-05,4.00338e-05,4.9853e-05,6.08233e-05,7.26394e-05,8.49687e-05,9.74641e-05,0.000109776,0.000121566,0.000132513,0.00014233,0.000150764,0.000157603,0.000162684,0.000165888,0.000167148,0.000166447,0.000163818,0.000159347,0.000153169,0.000145472,0.000136494,0.000126515,0.000115856,0.00010487,9.39274e-05,8.34037e-05,7.36655e-05,6.50542e-05,5.78706e-05,5.23622e-05,4.87129e-05,4.70359e-05,4.73709e-05,4.96838e-05,5.38703e-05,5.97608e-05,6.71271e-05,7.56896e-05,8.51256e-05,9.50767e-05,0.000105158,0.000114967,0.000124097,0.000132147,0.000138738,0.000143528,0.000146227,0.000146612,0.00014454,0.000139953,0.000132886,0.000123466,0.000111901,9.84775e-05,8.35421e-05,6.7487e-05,5.07339e-05,3.37165e-05,1.68654e-05,5.93695e-07,-1.47159e-05,-2.87215e-05,-4.05351e-05,-4.96163e-05,-5.57495e-05,-5.85234e-05,-5.77029e-05,-5.3377e-05,-4.59821e-05,-3.62309e-05,-2.49421e-05,-1.27891e-05,0
0,-1.24994e-05,-2.41498e-05,-3.46961e-05,-4.33773e-05,-4.92919e-05,-5.16799e-05,-5.01181e-05,-4.45993e-05,-3.55024e-05,-2.34801e-05,-9.24596e-06,6.82915e-06,2.41313e-05,4.16555e-05,5.89126e-05,7.54214e-05,9.07278e-05,0.000104424,0.000116163,0.000125675,0.000132772,0.000137356,0.000139417,0.000139026,0.00013633,0.000131538,0.000124906,0.000116727,0.000107313,9.69907e-05,8.60842e-05,7.49149e-05,6.37941e-05,5.30218e-05,4.28846e-05,3.36543e-05,2.55854e-05,1.89113e-05,1.38398e-05,1.05455e-05,9.16316e-06,9.77961e-06,1.2427e-05,1.70778e-05,2.36419e-05,3.19676e-05,4.18452e-05,5.30141e-05,6.51734e-05,7.79933e-05,9.11287e-05,0.000104232,0.000116968,0.000129018,0.000140097,0.000149952,0.00015837,0.000165177,0.000170238,0.000173456,0.000174772,0.000174164,0.00017165,0.000167287,0.000161177,0.000153469,0.00014436,0.000134097,0.000122975,0.000111329,9.95258e-05,8.79522e-05,7.69967e-05,6.70343e-05,5.84088e-05,5.14166e-05,4.62941e-05,4.32077e-05,4.22482e-05,4.34293e-05,4.6689e-05,5.18937e-05,5.88443e-05,6.72827e-05,7.68989e-05,8.73383e-05,9.82097e-05,0.000109094,0.000119557,0.000129156,0.000137463,0.000144075,0.000148635,0.000150848,0.000150497,0.000147457,0.000141701,0.000133306,0.000122448,0.000109396,9.44958e-05,7.81595e-05,6.08416e-05,4.30217e-05,2.51845e-05,7.80113e-06,-8.68755e-06,-2.38856e-05,-3.68109e-05,-4.68874e-05,-5.39066e-05,-5.7436e-05,-5.72189e-05,-5.33324e-05,-4.62125e-05,-3.65821e-05,-2.52792e-05,-1.30009e-05,0
0,-1.27029e-05,-2.44498e-05,-3.49078e-05,-4.32788e-05,-4.86485e-05,-5.02722e-05,-4.77685e-05,-4.11916e-05,-3.09918e-05,-1.7892e-05,-2.65859e-06,1.43295e-05,3.2422e-05,5.05236e-05,6.80992e-05,8.46305e-05,9.9639e-05,0.000112708,0.000123498,0.000131763,0.000137356,0.000140232,0.000140442,0.000138126,0.0001335,0.000126839,0.000118462,0.000108711,9.79439e-05,8.65162e-05,7.47753e-05,6.30541e-05,5.1668e-05,4.09139e-05,3.10698e-05,2.23935e-05,1.51216e-05,9.46514e-06,5.60475e-06,3.68364e-06,3.79993e-06,5.99917e-06,1.0268e-05,1.65304e-05,2.46465e-05,3.44158e-05,4.55838e-05,5.78522e-05,7.08915e-05,8.4356e-05,9.78984e-05,0.000111184,0.000123902,0.000135775,0.000146564,0.00015607,0.000164133,0.000170629,0.000175462,0.000178564,0.000179888,0.000179408,0.000177122,0.000173054,0.00016726,0.000159836,0.000150929,0.000140734,0.000129504,0.000117542,0.000105199,9.28572e-05,8.09181e-05,6.97821e-05,5.98301e-05,5.14045e-05,4.47931e-05,4.02167e-05,3.78207e-05,3.76713e-05,3.97552e-05,4.39829e-05,5.01937e-05,5.81609e-05,6.75988e-05,7.81689e-05,8.94866e-05,0.000101129,0.000112645,0.000123565,0.000133419,0.000141752,0.000148141,0.00015222,0.000153696,0.000152367,0.000148135,0.000141014,0.000131133,0.000118726,0.000104129,8.77597e-05,7.00962e-05,5.16587e-05,3.29837e-05,1.46019e-05,-2.9837e-06,-1.93171e-05,-3.33145e-05,-4.43583e-05,-5.22413e-05,-5.65044e-05,-5.68656e-05,-5.33894e-05,-4.65133e-05,-3.69748e-05,-2.56346e-05,-1.3217e-05,0
0,-1.28782e-05,-2.47007e-05,-3.50504e-05,-4.30932e-05,-4.79048e-05,-4.87599e-05,-4.5324e-05,-3.77189e-05,-2.64717e-05,-1.23802e-05,3.73293e-06,2.14811e-05,4.01782e-05,5.86397e-05,7.62878e-05,9.25741e-05,0.000107006,0.000119168,0.000128743,0.000135524,0.000139417,0.000140442,0.000138723,0.000134476,0.000127989,0.000119605,0.000109699,9.86601e-05,8.68789e-05,7.47321e-05,6.25763e-05,5.07437e-05,3.9541e-05,2.925e-05,2.01285e-05,1.24106e-05,6.30563e-06,1.9946e-06,-3.75245e-07,-6.97602e-07,1.085e-06,4.97375e-06,1.09079e-05,1.87619e-05,2.83466e-05,3.94144e-05,5.16689e-05,6.47783e-05,7.83909e-05,9.21527e-05,0.000105724,0.000118792,0.000131085,0.000142378,0.000152491,0.000161294,0.000168691,0.000174617,0.000179028,0.000181888,0.000183168,0.000182838,0.000180872,0.000177255,0.000171992,0.000165116,0.000156708,0.000146902,0.000135894,0.000123943,0.000111369,9.85402e-05,8.58599e-05,7.37455e-05,6.26085e-05,5.28322e-05,4.47533e-05,3.8646e-05,3.47111e-05,3.30698e-05,3.37619e-05,3.67476e-05,4.19112e-05,4.90664e-05,5.79617e-05,6.82859e-05,7.96733e-05,9.17105e-05,0.000103944,0.000115889,0.000127047,0.000136918,0.000145024,0.00015093,0.000154266,0.000154749,0.000152201,0.000146563,0.0001379,0.000126401,0.000112372,9.62238e-05,7.84475e-05,5.95946e-05,4.02487e-05,2.09982e-05,2.4102e-06,-1.49944e-05,-3.00236e-05,-4.20115e-05,-5.07458e-05,-5.5733e-05,-5.66596e-05,-5.35742e-05,-4.69157e-05,-3.74389e-05,-2.60324e-05,-1.3451e-05,0
0,-1.30301e-05,-2.4911e-05,-3.51359e-05,-4.28361e-05,-4.70798e-05,-4.71661e-05,-4.28134e-05,-3.42174e-05,-2.19881e-05,-7.00297e-06,9.85734e-06,2.81993e-05,4.73032e-05,6.58977e-05,8.33686e-05,9.91463e-05,0.000112734,0.000123735,0.000131866,0.000136971,0.000139026,0.000138126,0.000134476,0.000128371,0.000120174,0.00011029,9.91464e-05,8.71691e-05,7.47696e-05,6.23328e-05,5.02111e-05,3.87229e-05,2.81534e-05,1.87574e-05,1.07624e-05,4.37023e-06,-2.4395e-07,-2.93459e-06,-3.59168e-06,-2.14829e-06,1.41111e-06,7.04323e-06,1.46406e-05,2.40301e-05,3.49753e-05,4.71848e-05,6.03243e-05,7.40331e-05,8.79431e-05,0.000101698,0.000114972,0.000127486,0.000139013,0.00014939,0.000158508,0.000166312,0.000172781,0.00017792,0.000181739,0.000184242,0.000185419,0.000185238,0.00018365,0.000180597,0.000176024,0.000169897,0.000162224,0.000153067,0.000142554,0.000130891,0.000118357,0.000105295,9.2102e-05,7.92035e-05,6.70344e-05,5.60134e-05,4.65212e-05,3.88826e-05,3.33522e-05,3.01059e-05,2.92379e-05,3.07607e-05,3.46082e-05,4.06404e-05,4.86477e-05,5.83559e-05,6.94296e-05,8.14774e-05,9.40571e-05,0.000106684,0.000118843,0.000130005,0.000139644,0.000147263,0.000152419,0.000154748,0.000153987,0.000149992,0.000142753,0.000132399,0.000119192,0.000103518,8.58689e-05,6.6816e-05,4.69819e-05,2.70087e-05,7.52662e-06,-1.08759e-05,-2.68928e-05,-3.9804e-05,-4.93851e-05,-5.5099e-05,-5.65922e-05,-5.38908e-05,-4.74331e-05,-3.79923e-05,-2.64886e-05,-1.37125e-05,0
0,-1.31616e-05,-2.50861e-05,-3.51717e-05,-4.25166e-05,-4.61854e-05,-4.55063e-05,-4.02576e-05,-3.07158e-05,-1.75798e-05,-1.81041e-06,1.56526e-05,3.44114e-05,5.37166e-05,7.2214e-05,8.92613e-05,0.000104278,0.000116779,0.000126395,0.000132895,0.000136189,0.00013633,0.0001335,0.000127989,0.000120174,0.000110488,9.9394e-05,8.73608e-05,7.48394e-05,6.22495e-05,4.99698e-05,3.83345e-05,2.76344e-05,1.81213e-05,1.00128e-05,3.4976e-06,-1.26139e-06,-4.12745e-06,-4.99308e-06,-3.7863e-06,-4.78865e-07,4.9048e-06,1.22798e-05,2.14958e-05,3.23359e-05,4.45212e-05,5.77209e-05,7.15671e-05,8.56749e-05,9.96638e-05,0.00011318,0.000125917,0.00013763,0.000148146,0.000157366,0.00016526,0.000171851,0.000177201,0.000181386,0.000184477,0.000186522,0.000187532,0.000187475,0.000186277,0.000183837,0.000180041,0.000174783,0.000167993,0.000159654,0.000149826,0.000138651,0.000126361,0.000113268,9.97535e-05,8.62449e-05,7.31931e-05,6.10453e-05,5.02207e-05,4.10893e-05,3.3955e-05,2.90459e-05,2.65083e-05,2.64067e-05,2.87259e-05,3.3375e-05,4.01917e-05,4.89455e-05,5.93409e-05,7.10201e-05,8.35655e-05,9.65063e-05,0.000109327,0.00012148,0.000132408,0.000141563,0.000148434,0.000152577,0.000153642,0.000151396,0.000145745,0.00013674,0.000124587,0.000109632,9.23508e-05,7.33212e-05,5.31944e-05,3.26592e-05,1.24059e-05,-6.90959e-06,-2.38632e-05,-3.76761e-05,-4.81044e-05,-5.4558e-05,-5.66325e-05,-5.4323e-05,-4.80617e-05,-3.86396e-05,-2.70112e-05,-1.40074e-05,0
0,-1.32746e-05,-2.52287e-05,-3.51614e-05,-4.21394e-05,-4.52278e-05,-4.37906e-05,-3.76728e-05,-2.72386e-05,-1.3281e-05,3.15278e-06,2.10645e-05,4.00561e-05,5.9354e-05,7.7527e-05,9.39149e-05,0.000107939,0.000119138,0.000127186,0.000131918,0.000133322,0.000131538,0.000126839,0.000119605,0.00011029,9.9394e-05,8.74282e-05,7.48902e-05,6.22424e-05,4.98983e-05,3.82154e-05,2.74959e-05,1.79904e-05,9.90618e-06,3.4152e-06,-1.33873e-06,-4.23559e-06,-5.1786e-06,-4.09771e-06,-9.56445e-07,4.23882e-06,1.1429e-05,2.04939e-05,3.12466e-05,4.34334e-05,5.6739e-05,7.07988e-05,8.52161e-05,9.95853e-05,0.000113516,0.000126658,0.000138725,0.000149509,0.000158888,0.000166829,0.000173379,0.000178643,0.000182763,0.000185891,0.000188161,0.000189664,0.000190436,0.000190445,0.000189598,0.00018775,0.000184728,0.000180357,0.000174489,0.000167031,0.000157968,0.000147382,0.000135451,0.000122455,0.000108753,9.47702e-05,8.09661e-05,6.78099e-05,5.57519e-05,4.52001e-05,3.65016e-05,2.993e-05,2.56792e-05,2.38619e-05,2.45115e-05,2.75858e-05,3.29714e-05,4.04863e-05,4.98816e-05,6.0842e-05,7.29869e-05,8.58727e-05,9.89983e-05,0.000111816,0.000123748,0.000134208,0.000142629,0.000148494,0.000151366,0.00015092,0.00014697,0.000139482,0.000128586,0.000114576,9.78951e-05,7.91136e-05,5.88981e-05,3.79744e-05,1.70866e-05,-3.04383e-06,-2.08731e-05,-3.55607e-05,-4.68377e-05,-5.40507e-05,-5.67327e-05,-5.48371e-05,-4.87821e-05,-3.93727e-05,-2.75991e-05,-1.43371e-05,0
0,-1.33695e-05,-2.53394e-05,-3.51054e-05,-4.17057e-05,-4.42106e-05,-4.20266e-05,-3.5073e-05,-2.38081e-05,-9.12388e-06,7.84537e-06,2.60448e-05,4.50822e-05,6.41666e-05,8.17975e-05,9.73077e-05,0.000110134,0.000119851,0.000126195,0.000129074,0.000128566,0.000124906,0.000118462,0.000109699,9.91464e-05,8.73608e-05,7.48902e-05,6.22479e-05,4.98923e-05,3.8215e-05,2.75383e-05,1.81185e-05,1.01549e-05,3.80137e-06,-8.22325e-07,-3.62099e-06,-4.51837e-06,-3.45613e-06,-3.97753e-07,4.66357e-06,1.16944e-05,2.06097e-05,3.12631e-05,4.34409e-05,5.68613e-05,7.11807e-05,8.60068e-05,0.000100919,0.000115493,0.000129328,0.000142078,0.000153471,0.00016333,0.000171582,0.000178254,0.000183464,0.000187395,0.000190266,0.000192303,0.000193701,0.000194597,0.000195052,0.000195038,0.000194443,0.000193086,0.00019074,0.000187164,0.000182139,0.000175498,0.000167159,0.000157143,0.000145582,0.000132718,0.00011889,0.000104515,9.00561e-05,7.59982e-05,6.28145e-05,5.09424e-05,4.07629e-05,3.25868e-05,2.66475e-05,2.30985e-05,2.20164e-05,2.34042e-05,2.71957e-05,3.32583e-05,4.13933e-05,5.13355e-05,6.27506e-05,7.52345e-05,8.83154e-05,0.00010146,0.000114087,0.000125587,0.000135347,0.000142788,0.000147392,0.000148743,0.000146557,0.000140706,0.000131236,0.000118373,0.000102511,8.41968e-05,6.40995e-05,4.29699e-05,2.15974e-05,7.63955e-07,-1.78675e-05,-3.33938e-05,-4.55168e-05,-5.3511e-05,-5.68349e-05,-5.53872e-05,-4.9562e-05,-4.01725e-05,-2.82432e-05,-1.46988e-05,0
0,-1.34462e-05,-2.54171e-05,-3.50026e-05,-4.12152e-05,-4.31364e-05,-4.02222e-05,-3.24734e-05,-2.04485e-05,-5.14094e-06,1.22277e-05,3.05503e-05,4.94482e-05,6.81211e-05,8.50075e-05,9.94457e-05,0.000110901,0.000119,0.000123549,0.000124543,0.000122157,0.000116727,0.000108711,9.86601e-05,8.71691e-05,7.48394e-05,6.22424e-05,4.98923e-05,3.82275e-05,2.76032e-05,1.82918e-05,1.04922e-05,4.34252e-06,-6.35881e-08,-2.6625e-06,-3.40864e-06,-2.26762e-06,7.85038e-07,5.75935e-06,1.26416e-05,2.13821e-05,3.18819e-05,4.39808e-05,5.74503e-05,7.19919e-05,8.72427e-05,0.00010279,0.000118193,0.000133009,0.000146826,0.000159292,0.000170146,0.000179232,0.000186511,0.000192063,0.000196064,0.000198768,0.000200465,0.000201447,0.000201969,0.000202212,0.000202264,0.000202103,0.000201606,0.00020056,0.000198691,0.000195703,0.000191314,0.000185296,0.000177508,0.000167919,0.00015662,0.00014382,0.000129841,0.00011509,0.00010003,8.5155e-05,7.09522e-05,5.78788e-05,4.63389e-05,3.66693e-05,2.91314e-05,2.39103e-05,2.11165e-05,2.07912e-05,2.29107e-05,2.73895e-05,3.40803e-05,4.27712e-05,5.31819e-05,6.49582e-05,7.76702e-05,9.08144e-05,0.000103822,0.000116075,0.000126933,0.000135762,0.000141975,0.000145067,0.000144657,0.000140519,0.000132604,0.000121056,0.000106209,8.85705e-05,6.87957e-05,4.76476e-05,2.59506e-05,4.53962e-06,-1.4806e-05,-3.11222e-05,-4.40801e-05,-5.28742e-05,-5.68771e-05,-5.592e-05,-5.03602e-05,-4.10108e-05,-2.89276e-05,-1.50856e-05,0
0,-1.35036e-05,-2.546e-05,-3.48514e-05,-4.06682e-05,-4.20094e-05,-3.83878e-05,-2.98926e-05,-1.71868e-05,-1.3672e-06,1.62602e-05,3.45417e-05,5.31211e-05,7.11978e-05,8.71588e-05,0.00010036,0.000110309,0.000116695,0.000119408,0.000118539,0.000114362,0.000107313,9.79439e-05,8.68789e-05,7.47696e-05,6.22495e-05,4.98983e-05,3.8215e-05,2.76032e-05,1.83665e-05,1.07153e-05,4.78024e-06,6.31059e-07,-1.70356e-06,-2.21758e-06,-9.13452e-07,2.20597e-06,7.13871e-06,1.38782e-05,2.24025e-05,3.26594e-05,4.45507e-05,5.7918e-05,7.25326e-05,8.80921e-05,0.000104225,0.000120506,0.000136476,0.000151675,0.00016567,0.0001781,0.000188694,0.000197304,0.000203912,0.000208629,0.00021168,0.000213373,0.000214059,0.00021409,0.000213775,0.000213338,0.000212894,0.000212433,0.000211823,0.00021083,0.000209144,0.000206426,0.000202344,0.000196625,0.000189081,0.000179646,0.000168378,0.000155468,0.00014122,0.000126035,0.000110376,9.47365e-05,7.96116e-05,6.54664e-05,5.27155e-05,4.17081e-05,3.27209e-05,2.59571e-05,2.15501e-05,1.9569e-05,2.00252e-05,2.28748e-05,2.80196e-05,3.53025e-05,4.45012e-05,5.53193e-05,6.73802e-05,8.02232e-05,9.33076e-05,0.000106025,0.000117719,0.000127719,0.000135377,0.000140109,0.000141439,0.00013904,0.000132765,0.000122667,0.000109003,9.22284e-05,7.29713e-05,5.19921e-05,3.01378e-05,8.28712e-06,-1.16696e-05,-2.87115e-05,-4.24799e-05,-5.20842e-05,-5.6801e-05,-5.63807e-05,-5.1131e-05,-4.18538e-05,-2.96308e-05,-1.54878e-05,0
0,-1.3541e-05,-2.54667e-05,-3.46509e-05,-4.00669e-05,-4.08373e-05,-3.65388e-05,-2.73547e-05,-1.40558e-05,2.15874e-06,1.99024e-05,3.79826e-05,5.60757e-05,7.33905e-05,8.82715e-05,0.000100105,0.000108453,0.000113079,0.000113964,0.000111299,0.000105464,9.69907e-05,8.65162e-05,7.47321e-05,6.23328e-05,4.99698e-05,3.82154e-05,2.75383e-05,1.82918e-05,1.07153e-05,4.94567e-06,1.03737e-06,-1.01395e-06,-1.24674e-06,2.8828e-07,3.5446e-06,8.48909e-06,1.51031e-05,2.33761e-05,3.32923e-05,4.48135e-05,5.786e-05,7.22927e-05,8.78997e-05,0.00010439,0.000121396,0.000138486,0.000155186,0.000171012,0.000185508,0.00019828,0.000209036,0.000217614,0.000223992,0.000228294,0.000230771,0.000231769,0.000231689,0.000230934,0.00022986,0.000228733,0.000227695,0.000226752,0.000225771,0.000224505,0.000222622,0.000219751,0.000215533,0.000209664,0.000201932,0.00019225,0.000180665,0.000167359,0.000152631,0.000136878,0.000120563,0.000104176,8.8209e-05,7.31234e-05,5.93303e-05,4.71764e-05,3.69379e-05,2.88214e-05,2.29691e-05,1.94663e-05,1.83486e-05,1.96067e-05,2.31861e-05,2.89829e-05,3.68343e-05,4.65074e-05,5.7687e-05,6.99672e-05,8.28496e-05,9.57495e-05,0.000108014,0.000118948,0.000127858,0.000134089,0.000137078,0.000136401,0.000131806,0.000123248,0.000110903,9.51578e-05,7.65986e-05,5.59701e-05,3.41286e-05,1.19857e-05,-8.46447e-06,-2.6151e-05,-4.06888e-05,-5.11001e-05,-5.65576e-05,-5.67189e-05,-5.18284e-05,-4.2665e-05,-3.03282e-05,-1.58934e-05,0
0,-1.35576e-05,-2.54363e-05,-3.44023e-05,-3.94168e-05,-3.96325e-05,-3.46964e-05,-2.48903e-05,-1.10938e-05,5.39412e-06,2.31129e-05,4.08397e-05,5.82944e-05,7.47048e-05,8.83823e-05,9.87554e-05,0.00010545,0.000108314,0.000107425,0.000103078,9.57567e-05,8.60842e-05,7.47753e-05,6.25763e-05,5.02111e-05,3.83345e-05,2.74959e-05,1.81185e-05,1.04922e-05,4.78024e-06,1.03737e-06,-7.64598e-07,-7.07258e-07,1.10362e-06,4.56348e-06,9.58765e-06,1.61215e-05,2.41416e-05,3.36473e-05,4.46458e-05,5.71315e-05,7.10627e-05,8.63399e-05,0.000102787,0.000120142,0.000138054,0.000156092,0.00017377,0.000190576,0.000206012,0.000219639,0.000231117,0.000240241,0.000246961,0.000251386,0.00025377,0.00025448,0.000253951,0.000252625,0.000250904,0.00024909,0.000247357,0.000245728,0.000244079,0.000242157,0.000239621,0.000236088,0.000231188,0.000224607,0.000216136,0.000205691,0.000193326,0.000179233,0.000163721,0.000147192,0.000130106,0.000112948,9.61975e-05,8.02983e-05,6.56426e-05,5.25579e-05,4.13028e-05,3.2071e-05,2.4998e-05,2.01712e-05,1.7639e-05,1.74164e-05,1.94862e-05,2.37931e-05,3.02336e-05,3.864e-05,4.87651e-05,6.02672e-05,7.27022e-05,8.55239e-05,9.80969e-05,0.000109721,0.000119667,0.000127225,0.000131755,0.000132735,0.000129815,0.00012285,0.000111921,9.73402e-05,7.96386e-05,5.95313e-05,3.78709e-05,1.55896e-05,-5.22357e-06,-2.34561e-05,-3.87033e-05,-4.9901e-05,-5.61127e-05,-5.68933e-05,-5.2411e-05,-4.34087e-05,-3.09945e-05,-1.62893e-05,0
0,-1.35533e-05,-2.53695e-05,-3.41095e-05,-3.87278e-05,-3.84136e-05,-3.28891e-05,-2.25373e-05,-8.34562e-06,8.2922e-06,2.58493e-05,4.30828e-05,5.9767e-05,7.51582e-05,8.75429e-05,9.64019e-05,0.000101435,0.00010258,0.000100016,9.41412e-05,8.55374e-05,7.49149e-05,6.30541e-05,5.07437e-05,3.87229e-05,2.76344e-05,1.79904e-05,1.01549e-05,4.34252e-06,6.31059e-07,-1.01395e-06,-7.07258e-07,1.39112e-06,5.10982e-06,1.02949e-05,1.6831e-05,2.46519e-05,3.37419e-05,4.4126e-05,5.58519e-05,6.89665e-05,8.34878e-05,9.93777e-05,0.000116518,0.000134694,0.000153586,0.000172775,0.000191762,0.000209999,0.000226933,0.000242051,0.000254938,0.000265314,0.000273064,0.000278255,0.000281117,0.000282018,0.00028141,0.000279771,0.000277538,0.000275053,0.000272522,0.00026999,0.000267346,0.000264342,0.00026064,0.000255862,0.000249645,0.000241696,0.00023183,0.000219995,0.000206282,0.000190916,0.000174232,0.000156646,0.000138621,0.00012063,0.000103129,8.65334e-05,7.11978e-05,5.7412e-05,4.5399e-05,3.53218e-05,2.7293e-05,2.13874e-05,1.76534e-05,1.61199e-05,1.67979e-05,1.96755e-05,2.47049e-05,3.17844e-05,4.07379e-05,5.12947e-05,6.3075e-05,7.5584e-05,8.82181e-05,0.000100286,0.000111041,0.000119731,0.000125646,0.000128182,0.00012689,0.000121524,0.000112069,9.87542e-05,8.20441e-05,6.26119e-05,4.12938e-05,1.90299e-05,-2.00561e-06,-2.06693e-05,-3.65459e-05,-4.84887e-05,-5.54503e-05,-5.68758e-05,-5.28453e-05,-4.40531e-05,-3.16052e-05,-1.66624e-05,0
0,-1.35288e-05,-2.52689e-05,-3.37797e-05,-3.80146e-05,-3.72048e-05,-3.11518e-05,-2.03399e-05,-5.86107e-06,1.08033e-05,2.80696e-05,4.46857e-05,6.04909e-05,7.47789e-05,8.58187e-05,9.31521e-05,9.65587e-05,9.60716e-05,9.19711e-05,8.47568e-05,7.51021e-05,6.37941e-05,5.1668e-05,3.9541e-05,2.81534e-05,1.81213e-05,9.90618e-06,3.80137e-06,-6.35881e-08,-1.70356e-06,-1.24674e-06,1.10362e-06,5.10982e-06,1.05381e-05,1.71909e-05,2.49299e-05,3.36881e-05,4.34704e-05,5.43427e-05,6.64116e-05,7.97968e-05,9.45985e-05,0.000110864,0.000128557,0.000147532,0.000167518,0.000188118,0.000208823,0.000229038,0.000248133,0.000265498,0.0002806,0.000293046,0.000302621,0.000309309,0.000313292,0.000314917,0.000314642,0.000312971,0.00031038,0.000307249,0.000303818,0.000300159,0.000296177,0.000291638,0.000286216,0.000279552,0.000271314,0.000261252,0.000249241,0.000235294,0.000219571,0.000202356,0.000184034,0.000165047,0.000145864,0.000126943,0.000108706,9.15192e-05,7.56834e-05,6.14307e-05,4.89294e-05,3.82934e-05,2.95963e-05,2.28857e-05,1.8197e-05,1.5562e-05,1.50113e-05,1.6569e-05,2.02386e-05,2.59827e-05,3.36972e-05,4.31869e-05,5.41438e-05,6.61343e-05,7.86001e-05,9.08723e-05,0.000102203,0.000111809,0.000118928,0.000122881,0.000123129,0.000119328,0.000111364,9.93787e-05,8.37635e-05,6.5139e-05,4.43122e-05,2.2219e-05,1.10792e-06,-1.7858e-05,-3.42643e-05,-4.68887e-05,-5.45749e-05,-5.66539e-05,-5.31086e-05,-4.4573e-05,-3.21392e-05,-1.70006e-05,0
0,-1.34859e-05,-2.51394e-05,-3.34236e-05,-3.72966e-05,-3.60365e-05,-2.95256e-05,-1.83481e-05,-3.69399e-06,1.28764e-05,2.97338e-05,4.56274e-05,6.04725e-05,7.36071e-05,8.32886e-05,8.91268e-05,9.09859e-05,8.89947e-05,8.3533e-05,7.51962e-05,6.47416e-05,5.30218e-05,4.09139e-05,2.925e-05,1.87574e-05,1.00128e-05,3.4152e-06,-8.22325e-07,-2.6625e-06,-2.21758e-06,2.8828e-07,4.56348e-06,1.02949e-05,1.71909e-05,2.50163e-05,3.36182e-05,4.29386e-05,5.30153e-05,6.39697e-05,7.59844e-05,8.92722e-05,0.000104039,0.000120442,0.000138553,0.000158321,0.000179547,0.000201869,0.000224769,0.000247598,0.000269625,0.000290102,0.00030834,0.000323782,0.000336066,0.000345058,0.00035086,0.000353778,0.000354271,0.000352864,0.000350075,0.000346327,0.000341899,0.00033689,0.000331225,0.000324685,0.000316961,0.000307728,0.000296704,0.000283713,0.000268721,0.000251849,0.000233363,0.000213644,0.000193149,0.000172365,0.000151768,0.000131794,0.000112816,9.51334e-05,7.89712e-05,6.44826e-05,5.17611e-05,4.08542e-05,3.17804e-05,2.45468e-05,1.91639e-05,1.56559e-05,1.40644e-05,1.44423e-05,1.6839e-05,2.12775e-05,2.77255e-05,3.60647e-05,4.60637e-05,5.73584e-05,6.94457e-05,8.16925e-05,9.33623e-05,0.000103658,0.000111777,0.000116977,0.000118638,0.000116324,0.000109827,9.9197e-05,8.47469e-05,6.70363e-05,4.68326e-05,2.50556e-05,4.01773e-06,-1.51107e-05,-3.1929e-05,-4.51493e-05,-5.35117e-05,-5.62325e-05,-5.31915e-05,-4.49515e-05,-3.258e-05,-1.72939e-05,0
0,-1.34275e-05,-2.49881e-05,-3.30554e-05,-3.65981e-05,-3.49441e-05,-2.80568e-05,-1.66154e-05,-1.89992e-06,1.44616e-05,3.08058e-05,4.58944e-05,5.97279e-05,7.16945e-05,8.00443e-05,8.44596e-05,8.48912e-05,8.1562e-05,7.49468e-05,6.5729e-05,5.47396e-05,4.28846e-05,3.10698e-05,2.01285e-05,1.07624e-05,3.4976e-06,-1.33873e-06,-3.62099e-06,-3.40864e-06,-9.13452e-07,3.5446e-06,9.58765e-06,1.6831e-05,2.49299e-05,3.36182e-05,4.27356e-05,5.22421e-05,6.22184e-05,7.2854e-05,8.44226e-05,9.72487e-05,0.000111665,0.000127968,0.000146366,0.000166932,0.000189565,0.00021396,0.000239595,0.000265758,0.000291589,0.000316158,0.000338565,0.000358034,0.000373999,0.000386165,0.000394523,0.000399326,0.000401024,0.000400176,0.000397346,0.000393013,0.000387496,0.000380925,0.00037324,0.000364233,0.000353616,0.000341099,0.000326473,0.000309664,0.000290772,0.000270071,0.000247983,0.000225027,0.000201765,0.000178743,0.000156449,0.000135285,0.000115554,9.74664e-05,8.11446e-05,6.66414e-05,5.39554e-05,4.30511e-05,3.38783e-05,2.63916e-05,2.05668e-05,1.64119e-05,1.39715e-05,1.33205e-05,1.45485e-05,1.77346e-05,2.29153e-05,3.00493e-05,3.8984e-05,4.94299e-05,6.09472e-05,7.29493e-05,8.47239e-05,9.54731e-05,0.000104369,0.000110618,0.000113531,0.000112588,0.000107492,9.82022e-05,8.49511e-05,6.82307e-05,4.87601e-05,2.74321e-05,6.61304e-06,-1.25318e-05,-2.96293e-05,-4.33387e-05,-5.23052e-05,-5.56336e-05,-5.30979e-05,-4.51817e-05,-3.29172e-05,-1.75349e-05,0
0,-1.33579e-05,-2.48244e-05,-3.26928e-05,-3.59469e-05,-3.39669e-05,-2.67945e-05,-1.51969e-05,-5.33585e-07,1.55126e-05,3.12563e-05,4.54826e-05,5.82847e-05,6.91056e-05,7.61904e-05,7.92962e-05,7.84593e-05,7.39928e-05,6.64596e-05,5.66212e-05,4.53705e-05,3.36543e-05,2.23935e-05,1.24106e-05,4.37023e-06,-1.26139e-06,-4.23559e-06,-4.51837e-06,-2.26762e-06,2.20597e-06,8.48909e-06,1.61215e-05,2.46519e-05,3.36881e-05,4.29386e-05,5.22421e-05,6.15827e-05,7.10917e-05,8.10354e-05,9.17901e-05,0.000103807,0.000117569,0.000133533,0.00015208,0.000173445,0.000197662,0.000224507,0.000253475,0.000283776,0.000314391,0.000344156,0.000371891,0.000396527,0.000417234,0.000433504,0.000445186,0.000452468,0.000455799,0.000455785,0.00045306,0.000448168,0.000441482,0.000433156,0.000423135,0.000411211,0.000397104,0.000380564,0.000361466,0.000339872,0.000316065,0.00029053,0.000263904,0.0002369,0.000210222,0.000184494,0.000160212,0.000137722,0.000117232,9.88306e-05,8.25104e-05,6.81987e-05,5.5781e-05,4.51239e-05,3.60977e-05,2.85959e-05,2.25525e-05,1.79532e-05,1.48392e-05,1.33016e-05,1.34646e-05,1.54584e-05,1.93845e-05,2.52762e-05,3.30597e-05,4.25227e-05,5.32945e-05,6.48427e-05,7.64901e-05,8.74509e-05,9.68841e-05,0.00010396,0.000107933,0.000108208,0.000104407,9.64023e-05,8.43458e-05,6.86588e-05,5.00053e-05,2.92416e-05,8.77868e-06,-1.02346e-05,-2.74678e-05,-4.1541e-05,-5.10166e-05,-5.48951e-05,-5.28454e-05,-4.52669e-05,-3.31469e-05,-1.77193e-05,0
0,-1.32823e-05,-2.46601e-05,-3.23561e-05,-3.5374e-05,-3.31466e-05,-2.57891e-05,-1.4147e-05,3.53865e-07,1.59894e-05,3.10653e-05,4.43991e-05,5.61837e-05,6.59186e-05,7.18445e-05,7.37931e-05,7.18827e-05,6.65104e-05,5.83174e-05,4.81321e-05,3.68968e-05,2.55854e-05,1.51216e-05,6.30563e-06,-2.4395e-07,-4.12745e-06,-5.1786e-06,-3.45613e-06,7.85038e-07,7.13871e-06,1.51031e-05,2.41416e-05,3.37419e-05,4.34704e-05,5.30153e-05,6.22184e-05,7.10917e-05,7.98203e-05,8.87509e-05,9.83688e-05,0.000109262,0.000122078,0.000137465,0.000156007,0.00017815,0.000204111,0.000233798,0.00026674,0.000302074,0.000338579,0.000374792,0.000409165,0.000440247,0.000466862,0.000488229,0.000504026,0.000514371,0.000519735,0.000520799,0.000518299,0.000512871,0.000504947,0.0004947,0.000482063,0.000466795,0.000448604,0.000427271,0.000402764,0.000375319,0.000345459,0.000313955,0.000281741,0.00024979,0.000218997,0.000190079,0.000163526,0.000139601,0.00011837,9.97583e-05,8.35968e-05,6.96628e-05,5.77116e-05,4.75021e-05,3.88182e-05,3.14884e-05,2.54014e-05,2.05169e-05,1.68693e-05,1.45611e-05,1.37459e-05,1.45999e-05,1.72846e-05,2.19038e-05,2.84605e-05,3.68197e-05,4.66822e-05,5.75759e-05,6.88673e-05,7.97932e-05,8.95128e-05,9.71734e-05,0.000101984,0.000103291,0.000100639,9.38248e-05,8.29197e-05,6.82738e-05,5.04916e-05,3.03853e-05,1.04027e-05,-8.3349e-06,-2.55537e-05,-3.98509e-05,-4.972e-05,-5.40682e-05,-5.24639e-05,-4.52204e-05,-3.32721e-05,-1.78465e-05,0
0,-1.3207e-05,-2.45086e-05,-3.20678e-05,-3.49124e-05,-3.25259e-05,-2.50899e-05,-1.35163e-05,7.17751e-07,1.58616e-05,3.02243e-05,4.26649e-05,5.34797e-05,6.22253e-05,6.71364e-05,6.81164e-05,6.536e-05,5.9339e-05,5.07619e-05,4.05112e-05,2.9565e-05,1.89113e-05,9.46514e-06,1.9946e-06,-2.93459e-06,-4.99308e-06,-4.09771e-06,-3.97753e-07,5.75935e-06,1.38782e-05,2.33761e-05,3.36473e-05,4.4126e-05,5.43427e-05,6.39697e-05,7.2854e-05,8.10354e-05,8.87509e-05,9.64256e-05,0.000104651,0.000114156,0.000125759,0.000140322,0.000158674,0.000181525,0.000209348,0.000242251,0.000279852,0.000321215,0.000364876,0.000408983,0.000451505,0.000490491,0.000524314,0.000551852,0.000572579,0.000586555,0.000594306,0.000596643,0.000594454,0.000588502,0.000579291,0.000566999,0.000551507,0.000532503,0.000509637,0.000482695,0.000451746,0.00041724,0.000380016,0.000341232,0.000302221,0.000264313,0.000228652,0.000196064,0.000167006,0.000141591,0.000119684,0.00010099,8.51421e-05,7.17438e-05,6.04098e-05,5.07871e-05,4.25734e-05,3.55331e-05,2.95109e-05,2.44405e-05,2.03478e-05,1.73438e-05,1.5607e-05,1.53538e-05,1.68e-05,2.01146e-05,2.5373e-05,3.25151e-05,4.13133e-05,5.13592e-05,6.20686e-05,7.27106e-05,8.24555e-05,9.04404e-05,9.58439e-05,9.79626e-05,9.628e-05,9.05213e-05,8.0685e-05,6.70512e-05,5.0162e-05,3.078e-05,1.13835e-05,-6.94312e-06,-2.39968e-05,-3.83678e-05,-4.84978e-05,-5.32144e-05,-5.19938e-05,-4.50642e-05,-3.33023e-05,-1.79188e-05,0
0,-1.31394e-05,-2.43848e-05,-3.18519e-05,-3.45954e-05,-3.21464e-05,-2.47429e-05,-1.33491e-05,5.22567e-07,1.51105e-05,2.87392e-05,4.03159e-05,5.02427e-05,5.81314e-05,6.22071e-05,6.24399e-05,5.90924e-05,5.27003e-05,4.40264e-05,3.39933e-05,2.36011e-05,1.38398e-05,5.60475e-06,-3.75245e-07,-3.59168e-06,-3.7863e-06,-9.56445e-07,4.66357e-06,1.26416e-05,2.24025e-05,3.32923e-05,4.46458e-05,5.58519e-05,6.64116e-05,7.59844e-05,8.44226e-05,9.17901e-05,9.83688e-05,0.000104651,0.000111325,0.000119247,0.000129408,0.000142893,0.000160811,0.000184209,0.000213918,0.000250362,0.000293334,0.000341848,0.000394145,0.000447861,0.000500328,0.00054893,0.000591455,0.000626349,0.000652858,0.000671005,0.000681437,0.000685177,0.000683337,0.000676862,0.000666339,0.000651929,0.000633406,0.000610313,0.000582174,0.000548734,0.000510163,0.000467172,0.000421015,0.000373375,0.000326135,0.00028111,0.000239774,0.000203074,0.000171367,0.000144514,0.000122072,0.000103463,8.80761e-05,7.53302e-05,6.46976e-05,5.57197e-05,4.80164e-05,4.12959e-05,3.53645e-05,3.01334e-05,2.56207e-05,2.19437e-05,1.93017e-05,1.79459e-05,1.81392e-05,2.0109e-05,2.39968e-05,2.98126e-05,3.73983e-05,4.64093e-05,5.63149e-05,6.6423e-05,7.5925e-05,8.39599e-05,8.96886e-05,9.23722e-05,9.14446e-05,8.65702e-05,7.76818e-05,6.49931e-05,4.89842e-05,3.03643e-05,1.16369e-05,-6.15779e-06,-2.29003e-05,-3.71903e-05,-4.74357e-05,-5.24014e-05,-5.14828e-05,-4.4828e-05,-3.32527e-05,-1.79421e-05,0
0,-1.30873e-05,-2.43044e-05,-3.17329e-05,-3.44559e-05,-3.20468e-05,-2.47886e-05,-1.36815e-05,-2.55632e-07,1.37317e-05,2.66311e-05,3.74038e-05,4.65575e-05,5.37552e-05,5.72068e-05,5.69418e-05,5.32802e-05,4.68085e-05,3.83298e-05,2.87921e-05,1.92041e-05,1.05455e-05,3.68364e-06,-6.97602e-07,-2.14829e-06,-4.78865e-07,4.23882e-06,1.16944e-05,2.13821e-05,3.26594e-05,4.48135e-05,5.71315e-05,6.89665e-05,7.97968e-05,8.92722e-05,9.72487e-05,0.000103807,0.000109262,0.000114156,0.000119247,0.000125496,0.000134043,0.000146187,0.000163346,0.000186978,0.000218422,0.000258611,0.000307674,0.000364629,0.000427344,0.000492776,0.000557393,0.000617691,0.000670688,0.000714292,0.00074749,0.000770318,0.000783647,0.000788832,0.000787324,0.000780314,0.000768493,0.000751963,0.00073031,0.000702818,0.000668783,0.000627838,0.000580235,0.000527009,0.000469965,0.0004115,0.000354263,0.000300746,0.000252872,0.000211709,0.000177391,0.000149328,0.000126613,0.000108296,9.34997e-05,8.14574e-05,7.15176e-05,6.31364e-05,5.58746e-05,4.93992e-05,4.34887e-05,3.80376e-05,3.30582e-05,2.8673e-05,2.50976e-05,2.26116e-05,2.15172e-05,2.20915e-05,2.45339e-05,2.89175e-05,3.51489e-05,4.29453e-05,5.18308e-05,6.11568e-05,7.01442e-05,7.79444e-05,8.37136e-05,8.66912e-05,8.62741e-05,8.20784e-05,7.398e-05,6.21321e-05,4.69551e-05,2.9103e-05,1.11015e-05,-6.05935e-06,-2.23547e-05,-3.64098e-05,-4.66178e-05,-5.1699e-05,-5.09836e-05,-4.45468e-05,-3.31432e-05,-1.79247e-05,0
0,-1.30587e-05,-2.42834e-05,-3.17346e-05,-3.45244e-05,-3.22613e-05,-2.52598e-05,-1.45384e-05,-1.62732e-06,1.17357e-05,2.39374e-05,3.3996e-05,4.25225e-05,4.92251e-05,5.22912e-05,5.18002e-05,4.81169e-05,4.18645e-05,3.38706e-05,2.50941e-05,1.65385e-05,9.16316e-06,3.79993e-06,1.085e-06,1.41111e-06,4.9048e-06,1.1429e-05,2.06097e-05,3.18819e-05,4.45507e-05,5.786e-05,7.10627e-05,8.34878e-05,9.45985e-05,0.000104039,0.000111665,0.000117569,0.000122078,0.000125759,0.000129408,0.000134043,0.000140902,0.000151455,0.000167416,0.000190727,0.00022344,0.000267333,0.000323179,0.000390092,0.000465455,0.000545283,0.000624858,0.000699469,0.000765116,0.000819024,0.000859905,0.000887895,0.000904243,0.000910814,0.000909549,0.000901985,0.000888935,0.00087038,0.000845593,0.000813444,0.00077284,0.000723188,0.000664795,0.000599091,0.000528621,0.000456767,0.00038726,0.000323557,0.000268218,0.00022244,0.000185898,0.000157146,0.00013458,0.000116799,0.000102666,9.12713e-05,8.1884e-05,7.39138e-05,6.68923e-05,6.04666e-05,5.44005e-05,4.85795e-05,4.30121e-05,3.78243e-05,3.3243e-05,2.95681e-05,2.7132e-05,2.62511e-05,2.71727e-05,3.00235e-05,3.47676e-05,4.11797e-05,4.88378e-05,5.71394e-05,6.53411e-05,7.26165e-05,7.81291e-05,8.11101e-05,8.09338e-05,7.71801e-05,6.96794e-05,5.85321e-05,4.41031e-05,2.69913e-05,9.74322e-06,-6.70526e-06,-2.24329e-05,-3.61057e-05,-4.61212e-05,-5.11755e-05,-5.05503e-05,-4.4259e-05,-3.29971e-05,-1.78771e-05,0
0,-1.30618e-05,-2.43373e-05,-3.18793e-05,-3.48278e-05,-3.28177e-05,-2.61799e-05,-1.59328e-05,-3.58821e-06,9.14962e-06,2.07115e-05,3.01744e-05,3.82477e-05,4.46765e-05,4.76175e-05,4.71879e-05,4.37836e-05,3.80486e-05,3.08193e-05,2.30502e-05,1.57271e-05,9.77961e-06,5.99917e-06,4.97375e-06,7.04323e-06,1.22798e-05,2.04939e-05,3.12631e-05,4.39808e-05,5.7918e-05,7.22927e-05,8.63399e-05,9.93777e-05,0.000110864,0.000120442,0.000127968,0.000133533,0.000137465,0.000140322,0.000142893,0.000146187,0.000151455,0.000160235,0.000174442,0.000196507,0.000229444,0.000276512,0.000339734,0.000418463,0.000509375,0.000607136,0.000705362,0.000797687,0.000878747,0.000944909,0.000994603,0.00102821,0.00104758,0.00105536,0.00105418,0.00104605,0.00103192,0.00101157,0.000983765,0.000946746,0.000898802,0.000838947,0.000767481,0.000686326,0.000599014,0.000510306,0.000425474,0.000349391,0.000285587,0.000235445,0.000197765,0.000169317,0.000147503,0.000130482,0.000116959,0.000105982,9.68233e-05,8.89042e-05,8.17663e-05,7.50605e-05,6.85503e-05,6.2118e-05,5.57693e-05,4.96298e-05,4.39307e-05,3.89829e-05,3.51377e-05,3.27385e-05,3.2068e-05,3.32955e-05,3.64331e-05,4.13062e-05,4.75434e-05,5.45892e-05,6.17403e-05,6.8201e-05,7.31534e-05,7.58339e-05,7.5608e-05,7.20338e-05,6.4908e-05,5.42878e-05,4.04884e-05,2.40559e-05,7.55759e-06,-8.12638e-06,-2.31857e-05,-3.63407e-05,-4.60122e-05,-5.0893e-05,-5.02352e-05,-4.40036e-05,-3.28394e-05,-1.78111e-05,0
0,-1.31041e-05,-2.44804e-05,-3.21864e-05,-3.53879e-05,-3.37359e-05,-2.75614e-05,-1.78636e-05,-6.11859e-06,6.01614e-06,1.70218e-05,2.60329e-05,3.38506e-05,4.02472e-05,4.3338e-05,4.32656e-05,4.04413e-05,3.55132e-05,2.93104e-05,2.27681e-05,1.68431e-05,1.2427e-05,1.0268e-05,1.09079e-05,1.46406e-05,2.14958e-05,3.12466e-05,4.34409e-05,5.74503e-05,7.25326e-05,8.78997e-05,0.000102787,0.000116518,0.000128557,0.000138553,0.000146366,0.00015208,0.000156007,0.000158674,0.000160811,0.000163346,0.000167416,0.000174442,0.000186298,0.000205674,0.000236701,0.000285403,0.000356411,0.000449372,0.00055978,0.000680292,0.000802161,0.000916727,0.0010168,0.00109768,0.00115751,0.00119717,0.00121947,0.00122814,0.00122683,0.00121815,0.00120322,0.00118146,0.00115091,0.00110885,0.00105263,0.000980625,0.000893029,0.000792364,0.000683496,0.000573109,0.000468687,0.00037721,0.000303783,0.000250298,0.000214123,0.000187658,0.0001673,0.000151095,0.000137864,0.000126802,0.0001173,0.00010886,0.000101074,9.36171e-05,8.62631e-05,7.88929e-05,7.1506e-05,6.42208e-05,5.72633e-05,5.09432e-05,4.56171e-05,4.16415e-05,3.93199e-05,3.8851e-05,4.02833e-05,4.34841e-05,4.81272e-05,5.37032e-05,5.9552e-05,6.49153e-05,6.90042e-05,7.10734e-05,7.0494e-05,6.68167e-05,5.98174e-05,4.95211e-05,3.62012e-05,2.03546e-05,4.57103e-06,-1.03251e-05,-2.46389e-05,-3.71575e-05,-4.63425e-05,-5.09044e-05,-5.0086e-05,-4.38185e-05,-3.26956e-05,-1.77394e-05,0
0,-1.31924e-05,-2.47251e-05,-3.26715e-05,-3.62201e-05,-3.50266e-05,-2.94047e-05,-2.03158e-05,-9.18342e-06,2.39291e-06,1.2949e-05,2.16743e-05,2.94522e-05,3.60713e-05,3.95944e-05,4.01751e-05,3.82235e-05,3.43751e-05,2.94352e-05,2.4306e-05,1.99042e-05,1.70778e-05,1.65304e-05,1.87619e-05,2.40301e-05,3.23359e-05,4.34334e-05,5.68613e-05,7.19919e-05,8.80921e-05,0.00010439,0.000120142,0.000134694,0.000147532,0.000158321,0.000166932,0.000173445,0.00017815,0.000181525,0.000184209,0.000186978,0.000190727,0.000196507,0.000205674,0.0002204,0.000245203,0.000291763,0.000370789,0.00048144,0.000616953,0.00076695,0.000919333,0.00106228,0.00118616,0.00128491,0.00135652,0.00140269,0.00142768,0.00143684,0.00143515,0.00142605,0.00141078,0.00138823,0.00135536,0.00130808,0.00124237,0.0011556,0.00104769,0.000921874,0.000784825,0.000645904,0.000515745,0.000404442,0.00031973,0.000265179,0.000237184,0.000214954,0.000196451,0.000180624,0.000166895,0.00015485,0.000144119,0.000134346,0.000125197,0.000116383,0.000107685,9.8979e-05,9.02489e-05,8.15945e-05,7.32232e-05,6.54291e-05,5.85583e-05,5.29638e-05,4.8954e-05,4.67416e-05,4.63981e-05,4.78222e-05,5.07262e-05,5.46434e-05,5.89585e-05,6.29565e-05,6.58871e-05,6.70354e-05,6.57925e-05,6.17162e-05,5.4576e-05,4.43765e-05,3.13581e-05,1.59743e-05,8.39688e-07,-1.32747e-05,-2.67923e-05,-3.85764e-05,-4.71463e-05,-5.12505e-05,-5.01428e-05,-4.37375e-05,-3.25897e-05,-1.76744e-05,0
0,-1.33321e-05,-2.50805e-05,-3.33452e-05,-3.73323e-05,-3.66898e-05,-3.16972e-05,-2.32597e-05,-1.2733e-05,-1.64939e-06,8.58372e-06,1.72058e-05,2.51716e-05,3.22736e-05,3.65105e-05,3.80314e-05,3.72286e-05,3.4708e-05,3.12351e-05,2.76661e-05,2.48685e-05,2.36419e-05,2.46465e-05,2.83466e-05,3.49753e-05,4.45212e-05,5.6739e-05,7.11807e-05,8.72427e-05,0.000104225,0.000121396,0.000138054,0.000153586,0.000167518,0.000179547,0.000189565,0.000197662,0.000204111,0.000209348,0.000213918,0.000218422,0.00022344,0.000229444,0.000236701,0.000245203,0.000254758,0.000289867,0.000377836,0.000511773,0.000680635,0.000869658,0.00106211,0.00124186,0.00139598,0.00151673,0.00160217,0.0016554,0.00168283,0.00169206,0.00168985,0.00168066,0.00166577,0.00164329,0.00160866,0.00155589,0.00147901,0.00137387,0.00123982,0.00108094,0.000906311,0.000729019,0.000564118,0.000426096,0.000326735,0.0002741,0.000273644,0.000255743,0.000238078,0.000221173,0.000205435,0.000191004,0.000177808,0.000165645,0.00015425,0.000143356,0.000132739,0.000122252,0.000111847,0.00010159,9.16524e-05,8.22957e-05,7.38373e-05,6.66088e-05,6.09055e-05,5.69374e-05,5.47843e-05,5.43643e-05,5.54193e-05,5.75214e-05,6.01e-05,6.24881e-05,6.39822e-05,6.391e-05,6.16962e-05,5.69207e-05,4.93606e-05,3.90134e-05,2.60963e-05,1.10265e-05,-3.55313e-06,-1.6921e-05,-2.96189e-05,-4.05943e-05,-4.84386e-05,-5.19575e-05,-5.04362e-05,-4.37892e-05,-3.25433e-05,-1.76275e-05,0
0,-1.35267e-05,-2.55525e-05,-3.42119e-05,-3.87232e-05,-3.87141e-05,-3.44129e-05,-2.66516e-05,-1.67046e-05,-6.02959e-06,4.02257e-06,1.27347e-05,2.11202e-05,2.89629e-05,3.41853e-05,3.69162e-05,3.75135e-05,3.65367e-05,3.46968e-05,3.2792e-05,3.16328e-05,3.19676e-05,3.44158e-05,3.94144e-05,4.71848e-05,5.77209e-05,7.07988e-05,8.60068e-05,0.00010279,0.000120506,0.000138486,0.000156092,0.000172775,0.000188118,0.000201869,0.00021396,0.000224507,0.000233798,0.000242251,0.000250362,0.000258611,0.000267333,0.000276512,0.000285403,0.000291763,0.000289867,0.000323354,0.000416837,0.000561643,0.000744642,0.000948932,0.00115579,0.00134748,0.00151023,0.00163621,0.00172409,0.00177792,0.00180514,0.00181414,0.00181219,0.00180403,0.00179109,0.00177136,0.00173993,0.00168999,0.00161438,0.00150757,0.00136782,0.00119883,0.0010103,0.000816952,0.00063611,0.000484765,0.000377135,0.000323558,0.000331087,0.000315382,0.000295389,0.000274556,0.000254446,0.000235702,0.000218479,0.000202666,0.000188017,0.000174249,0.000161098,0.000148367,0.000135958,0.000123878,0.000112244,0.000101265,9.12107e-05,8.23709e-05,7.50098e-05,6.93168e-05,6.5364e-05,6.30759e-05,6.22146e-05,6.23851e-05,6.30607e-05,6.36257e-05,6.34312e-05,6.18581e-05,5.83781e-05,5.26077e-05,4.43465e-05,3.35976e-05,2.05666e-05,5.64161e-06,-8.50116e-06,-2.11846e-05,-3.30667e-05,-4.31847e-05,-5.02143e-05,-5.30358e-05,-5.09853e-05,-4.39948e-05,-3.25739e-05,-1.76087e-05,0
0,-1.37779e-05,-2.61423e-05,-3.52691e-05,-4.03823e-05,-4.10764e-05,-3.75126e-05,-3.04345e-05,-2.10238e-05,-1.06589e-05,-6.35991e-07,8.3628e-06,1.73963e-05,2.62259e-05,3.26868e-05,3.68717e-05,3.90879e-05,3.98328e-05,3.97495e-05,3.95673e-05,4.00338e-05,4.18452e-05,4.55838e-05,5.16689e-05,6.03243e-05,7.15671e-05,8.52161e-05,0.000100919,0.000118193,0.000136476,0.000155186,0.00017377,0.000191762,0.000208823,0.000224769,0.000239595,0.000253475,0.00026674,0.000279852,0.000293334,0.000307674,0.000323179,0.000339734,0.000356411,0.000370789,0.000377836,0.000416837,0.000515413,0.000664883,0.000852001,0.00106004,0.00127077,0.00146726,0.00163649,0.00177125,0.00187029,0.00193712,0.00197792,0.00199936,0.00200697,0.00200419,0.001992,0.00196889,0.0019311,0.00187308,0.0017887,0.00167295,0.00152426,0.00134629,0.00114881,0.000946669,0.000757434,0.000598326,0.000483731,0.000423889,0.000424633,0.000399592,0.000370753,0.000341674,0.000314089,0.000288714,0.000265695,0.000244866,0.000225912,0.000208464,0.000192175,0.000176766,0.000162055,0.00014797,0.000134551,0.000121933,0.000110319,9.99369e-05,9.10012e-05,8.36622e-05,7.79684e-05,7.38366e-05,7.1039e-05,6.92074e-05,6.78567e-05,6.64248e-05,6.4324e-05,6.09981e-05,5.59787e-05,4.89328e-05,3.96966e-05,2.82923e-05,1.49249e-05,-3.75072e-08,-1.38805e-05,-2.59651e-05,-3.70611e-05,-4.62989e-05,-5.24483e-05,-5.44793e-05,-5.17967e-05,-4.43668e-05,-3.26942e-05,-1.76257e-05,0
0,-1.40846e-05,-2.68463e-05,-3.65068e-05,-4.22888e-05,-4.37415e-05,-4.09445e-05,-3.45397e-05,-2.56075e-05,-1.54444e-05,-5.29565e-06,4.18228e-06,1.40794e-05,2.4122e-05,3.20468e-05,3.7896e-05,4.1911e-05,4.45127e-05,4.62643e-05,4.78178e-05,4.9853e-05,5.30141e-05,5.78522e-05,6.47783e-05,7.40331e-05,8.56749e-05,9.95853e-05,0.000115493,0.000133009,0.000151675,0.000171012,0.000190576,0.000209999,0.000229038,0.000247598,0.000265758,0.000283776,0.000302074,0.000321215,0.000341848,0.000364629,0.000390092,0.000418463,0.000449372,0.00048144,0.000511773,0.000561643,0.000664883,0.000813592,0.000996037,0.00119791,0.00140412,0.00160095,0.001778,0.0019293,0.00205306,0.00215037,0.00222342,0.00227405,0.00230308,0.00231055,0.00229626,0.00226002,0.0022013,0.0021187,0.00200997,0.00187312,0.0017083,0.00151962,0.00131613,0.00111112,0.000920076,0.000758116,0.000637798,0.000567956,0.000553269,0.00050838,0.000463769,0.000421745,0.000383381,0.000348981,0.000318394,0.000291227,0.000266974,0.00024511,0.000225151,0.000206696,0.00018945,0.000173238,0.000158002,0.000143785,0.000130699,0.000118896,0.00010852,9.9664e-05,9.23379e-05,8.64374e-05,8.17339e-05,7.78791e-05,7.4427e-05,7.08704e-05,6.66879e-05,6.13954e-05,5.45955e-05,4.60186e-05,3.55512e-05,2.32475e-05,9.32376e-06,-5.86333e-06,-1.95558e-05,-3.11455e-05,-4.15082e-05,-4.98679e-05,-5.50962e-05,-5.62652e-05,-5.28641e-05,-4.49088e-05,-3.29111e-05,-1.76837e-05,0
0,-1.44435e-05,-2.76558e-05,-3.79072e-05,-4.4412e-05,-4.66628e-05,-4.46451e-05,-3.88885e-05,-3.0366e-05,-2.02921e-05,-9.86617e-06,2.70924e-07,1.12263e-05,2.2679e-05,3.22578e-05,3.99409e-05,4.589e-05,5.04378e-05,5.4057e-05,5.73158e-05,6.08233e-05,6.51734e-05,7.08915e-05,7.83909e-05,8.79431e-05,9.96638e-05,0.000113516,0.000129328,0.000146826,0.00016567,0.000185508,0.000206012,0.000226933,0.000248133,0.000269625,0.000291589,0.000314391,0.000338579,0.000364876,0.000394145,0.000427344,0.000465455,0.000509375,0.00055978,0.000616953,0.000680635,0.000744642,0.000852001,0.000996037,0.00116781,0.00135739,0.00155518,0.00175301,0.00194484,0.00212662,0.00229538,0.00244776,0.00257877,0.00268143,0.00274783,0.00277145,0.00274977,0.00268518,0.00258362,0.00245185,0.00229544,0.00211842,0.00192445,0.00171851,0.00150805,0.00130293,0.00111428,0.000952902,0.000827871,0.000745788,0.000710428,0.000637512,0.000571283,0.000512191,0.000460123,0.000414595,0.000374912,0.000340287,0.000309919,0.000283053,0.000259018,0.000237257,0.000217337,0.000198957,0.000181943,0.000166225,0.000151814,0.000138762,0.000127127,0.000116931,0.00010813,0.000100584,9.40549e-05,8.82068e-05,8.26293e-05,7.68708e-05,7.04804e-05,6.30533e-05,5.4273e-05,4.39451e-05,3.20188e-05,1.85925e-05,3.90423e-06,-1.16909e-05,-2.53867e-05,-3.65979e-05,-4.62989e-05,-5.3806e-05,-5.80968e-05,-5.83553e-05,-5.41681e-05,-4.56149e-05,-3.32256e-05,-1.7785e-05,0
0,-1.48482e-05,-2.85567e-05,-3.94446e-05,-4.67113e-05,-4.9783e-05,-4.85407e-05,-4.33943e-05,-3.52062e-05,-2.51104e-05,-1.42669e-05,-3.31095e-06,8.86796e-06,2.18909e-05,3.32712e-05,4.29113e-05,5.08821e-05,5.74178e-05,6.28934e-05,6.77881e-05,7.26394e-05,7.79933e-05,8.4356e-05,9.21527e-05,0.000101698,0.00011318,0.000126658,0.000142078,0.000159292,0.0001781,0.00019828,0.000219639,0.000242051,0.000265498,0.000290102,0.000316158,0.000344156,0.000374792,0.000408983,0.000447861,0.000492776,0.000545283,0.000607136,0.000680292,0.00076695,0.000869658,0.000948932,0.00106004,0.00119791,0.00135739,0.00153443,0.00172678,0.00193374,0.00215521,0.0023899,0.00263338,0.00287608,0.00310228,0.00329085,0.00341868,0.00346703,0.00342865,0.00331102,0.00313232,0.00291405,0.00267502,0.00242885,0.00218442,0.00194761,0.00172314,0.00151555,0.00132951,0.0011696,0.00104007,0.000944654,0.000886332,0.000779947,0.000688059,0.000608976,0.000541109,0.000482953,0.000433101,0.000390251,0.000353229,0.000320995,0.000292656,0.000267471,0.000244851,0.000224355,0.000205675,0.000188619,0.000173078,0.000158995,0.000146326,0.00013501,0.000124931,0.000115907,0.000107678,9.99155e-05,9.22403e-05,8.42562e-05,7.55855e-05,6.59084e-05,5.49975e-05,4.27436e-05,2.9169e-05,1.44272e-05,-1.21134e-06,-1.73848e-05,-3.12341e-05,-4.21891e-05,-5.13137e-05,-5.80137e-05,-6.13741e-05,-6.06974e-05,-5.56776e-05,-4.64697e-05,-3.36323e-05,-1.79289e-05,0
0,-1.52903e-05,-2.95299e-05,-4.10864e-05,-4.91377e-05,-5.30355e-05,-5.25496e-05,-4.79653e-05,-4.00339e-05,-2.98127e-05,-1.84291e-05,-6.52272e-06,7.00823e-06,2.17179e-05,3.49988e-05,4.66684e-05,5.66983e-05,6.52171e-05,7.24968e-05,7.89252e-05,8.49687e-05,9.11287e-05,9.78984e-05,0.000105724,0.000114972,0.000125917,0.000138725,0.000153471,0.000170146,0.000188694,0.000209036,0.000231117,0.000254938,0.0002806,0.00030834,0.000338565,0.000371891,0.000409165,0.000451505,0.000500328,0.000557393,0.000624858,0.000705362,0.000802161,0.000919333,0.00106211,0.00115579,0.00127077,0.00140412,0.00155518,0.00172678,0.00192524,0.00215882,0.00243494,0.00275669,0.00311908,0.00350572,0.00388649,0.00421811,0.0044501,0.00453881,0.00446632,0.00425114,0.00393652,0.00357104,0.00319504,0.00283564,0.00250764,0.00221681,0.00196323,0.00174405,0.00155553,0.0013945,0.00125931,0.00115027,0.00106945,0.000927104,0.000807654,0.000707185,0.000622523,0.000551046,0.000490547,0.000439159,0.000395288,0.000357587,0.000324922,0.000296355,0.000271134,0.000248666,0.000228507,0.00021033,0.0001939,0.000179039,0.000165593,0.000153403,0.000142276,0.000131976,0.000122212,0.000112658,0.000102962,9.2782e-05,8.18151e-05,6.98302e-05,5.66951e-05,4.2393e-05,2.70283e-05,1.08185e-05,-5.92487e-06,-2.28248e-05,-3.69658e-05,-4.77855e-05,-5.64275e-05,-6.23819e-05,-6.48406e-05,-6.32273e-05,-5.73506e-05,-4.74495e-05,-3.41204e-05,-1.81117e-05,0
0,-1.57586e-05,-3.05521e-05,-4.27936e-05,-5.16346e-05,-5.63468e-05,-5.65843e-05,-5.2507e-05,-4.4757e-05,-3.43199e-05,-2.22983e-05,-9.34412e-06,5.62438e-06,2.20879e-05,3.73161e-05,5.10346e-05,6.31106e-05,7.35629e-05,8.25582e-05,9.0393e-05,9.74641e-05,0.000104232,0.000111184,0.000118792,0.000127486,0.00013763,0.000149509,0.00016333,0.000179232,0.000197304,0.000217614,0.000240241,0.000265314,0.000293046,0.000323782,0.000358034,0.000396527,0.000440247,0.000490491,0.00054893,0.000617691,0.000699469,0.000797687,0.000916727,0.00106228,0.00124186,0.00134748,0.00146726,0.00160095,0.00175301,0.00193374,0.00215882,0.00244681,0.00281511,0.00327469,0.00382414,0.00444285,0.00508376,0.00566858,0.0060935,0.00625728,0.00611345,0.00570937,0.00514607,0.0045255,0.00392275,0.00338145,0.00292001,0.00253994,0.0022328,0.00198537,0.00178345,0.0016148,0.00147105,0.00134851,0.00124806,0.00107012,0.000923363,0.000801707,0.000700433,0.000615808,0.000544837,0.000485083,0.00043454,0.000391553,0.00035475,0.000323004,0.000295397,0.000271191,0.000249799,0.000230763,0.000213714,0.00019835,0.000184399,0.000171599,0.000159671,0.000148317,0.000137214,0.000126028,0.000114433,0.000102138,8.89161e-05,7.46259e-05,5.92338e-05,4.28207e-05,2.55788e-05,7.79678e-06,-1.01658e-05,-2.791e-05,-4.24614e-05,-5.32583e-05,-6.1514e-05,-6.67963e-05,-6.84007e-05,-6.58721e-05,-5.91365e-05,-4.85233e-05,-3.46736e-05,-1.83272e-05,0
0,-1.62404e-05,-3.15963e-05,-4.45228e-05,-5.41407e-05,-5.96387e-05,-6.05548e-05,-5.6925e-05,-4.92875e-05,-3.85623e-05,-2.5834e-05,-1.17745e-05,4.66952e-06,2.29012e-05,4.00682e-05,5.58015e-05,6.98612e-05,8.2156e-05,9.27481e-05,0.000101845,0.000109776,0.000116968,0.000123902,0.000131085,0.000139013,0.000148146,0.000158888,0.000171582,0.000186511,0.000203912,0.000223992,0.000246961,0.000273064,0.000302621,0.000336066,0.000373999,0.000417234,0.000466862,0.000524314,0.000591455,0.000670688,0.000765116,0.000878747,0.0010168,0.00118616,0.00139598,0.00151023,0.00163649,0.001778,0.00194484,0.00215521,0.00243494,0.00281511,0.00332773,0.00399985,0.00484507,0.00585042,0.00695594,0.00802986,0.00885719,0.00918607,0.00887781,0.00807222,0.00702122,0.00593825,0.00495213,0.00411944,0.00345072,0.00293175,0.00253707,0.00223776,0.00200634,0.00182008,0.00166313,0.00152731,0.00141177,0.00120107,0.00102914,0.000887921,0.000771284,0.000674488,0.00059382,0.000526326,0.000469629,0.000421795,0.000381239,0.000346659,0.000316986,0.000291343,0.000269012,0.000249401,0.000232015,0.000216425,0.00020224,0.000189092,0.000176613,0.000164439,0.000152209,0.000139578,0.000126243,0.000111963,9.65818e-05,8.00495e-05,6.24313e-05,4.39077e-05,2.4762e-05,5.35777e-06,-1.38921e-05,-3.25611e-05,-4.76153e-05,-5.84876e-05,-6.64503e-05,-7.11417e-05,-7.19548e-05,-6.85527e-05,-6.09784e-05,-4.96545e-05,-3.52716e-05,-1.85669e-05,0
0,-1.67218e-05,-3.26333e-05,-4.62274e-05,-5.65916e-05,-6.28313e-05,-6.43708e-05,-6.11281e-05,-5.35439e-05,-4.24802e-05,-2.90099e-05,-1.38304e-05,4.07687e-06,2.40367e-05,4.30787e-05,6.07395e-05,7.6674e-05,9.06834e-05,0.000102729,0.000112934,0.000121566,0.000129018,0.000135775,0.000142378,0.00014939,0.000157366,0.000166829,0.000178254,0.000192063,0.000208629,0.000228294,0.000251386,0.000278255,0.000309309,0.000345058,0.000386165,0.000433504,0.000488229,0.000551852,0.000626349,0.000714292,0.000819024,0.000944909,0.00109768,0.00128491,0.00151673,0.00163621,0.00177125,0.0019293,0.00212662,0.0023899,0.00275669,0.00327469,0.00399985,0.00499268,0.00630975,0.00798262,0.00997138,0.0120815,0.0138646,0.0146322,0.0138825,0.0121186,0.0100296,0.00806286,0.0064107,0.00511008,0.00412691,0.00340329,0.00287892,0.00249934,0.00221908,0.00200301,0.00182703,0.00167803,0.00155281,0.00131394,0.00112034,0.000962247,0.000832311,0.000724943,0.000635826,0.000561582,0.000499525,0.000447491,0.000403719,0.000366759,0.000335413,0.000308681,0.000285726,0.000265832,0.000248383,0.000232828,0.000218662,0.000205409,0.000192617,0.000179851,0.000166711,0.000152841,0.000137957,0.000121861,0.000104468,8.58159e-05,6.6066e-05,4.54971e-05,2.44837e-05,3.46577e-06,-1.70884e-05,-3.67208e-05,-5.23388e-05,-6.3365e-05,-7.11206e-05,-7.53056e-05,-7.54032e-05,-7.11878e-05,-6.28161e-05,-5.08028e-05,-3.58914e-05,-1.88206e-05,0
0,-1.71881e-05,-3.3633e-05,-4.78603e-05,-5.89229e-05,-6.58458e-05,-6.79457e-05,-6.50306e-05,-5.74528e-05,-4.60245e-05,-3.18122e-05,-1.55422e-05,3.76547e-06,2.53593e-05,4.61589e-05,6.56098e-05,8.32674e-05,9.88316e-05,0.00011217,0.000123326,0.000132513,0.000140097,0.000146564,0.000152491,0.000158508,0.00016526,0.000173379,0.000183464,0.000196064,0.00021168,0.000230771,0.00025377,0.000281117,0.000313292,0.00035086,0.000394523,0.000445186,0.000504026,0.000572579,0.000652858,0.00074749,0.000859905,0.000994603,0.00115751,0.00135652,0.00160217,0.00172409,0.00187029,0.00205306,0.00229538,0.00263338,0.00311908,0.00382414,0.00484507,0.00630975,0.00838016,0.0112355,0.0149951,0.0195019,0.0238816,0.0260877,0.0238932,0.019527,0.0150367,0.0112966,0.0084624,0.00641252,0.00496503,0.00395561,0.00325486,0.00276581,0.0024174,0.00215933,0.00195844,0.00179627,0.00166677,0.00140518,0.00119417,0.00102249,0.000881792,0.000765822,0.000669803,0.000590029,0.000523585,0.000468136,0.000421784,0.000382968,0.000350383,0.000322929,0.000299663,0.000279762,0.000262496,0.000247204,0.000233273,0.000220128,0.000207231,0.000194084,0.000180248,0.000165353,0.00014913,0.000131423,0.000112213,9.16178e-05,6.98916e-05,4.74065e-05,2.46247e-05,2.06049e-06,-1.97621e-05,-4.03519e-05,-5.65603e-05,-6.7796e-05,-7.54191e-05,-7.91824e-05,-7.86496e-05,-7.36974e-05,-6.45886e-05,-5.19268e-05,-3.65082e-05,-1.90774e-05,0
0,-1.76251e-05,-3.4566e-05,-4.93755e-05,-6.10731e-05,-6.86081e-05,-7.11989e-05,-6.85548e-05,-6.09505e-05,-4.91562e-05,-3.42372e-05,-1.69494e-05,3.64703e-06,2.67297e-05,4.91189e-05,7.01768e-05,8.93677e-05,0.0001063,0.000120757,0.000132713,0.00014233,0.000149952,0.00015607,0.000161294,0.000166312,0.000171851,0.000178643,0.000187395,0.000198768,0.000213373,0.000231769,0.00025448,0.000282018,0.000314917,0.000353778,0.000399326,0.000452468,0.000514371,0.000586555,0.000671005,0.000770318,0.000887895,0.00102821,0.00119717,0.00140269,0.0016554,0.00177792,0.00193712,0.00215037,0.00244776,0.00287608,0.00350572,0.00444285,0.00585042,0.00798262,0.0112355,0.016201,0.0236489,0.0341523,0.0465957,0.054692,0.0465981,0.0341599,0.0236664,0.0162345,0.0112905,0.00806296,0.00595664,0.0045718,0.00365072,0.00302794,0.00259644,0.00228712,0.00205692,0.00188184,0.00175257,0.00147384,0.00124977,0.00106789,0.000919093,0.000796609,0.000695335,0.000611344,0.000541564,0.000483543,0.000435292,0.000395167,0.000361787,0.000333968,0.00031068,0.000291011,0.000274133,0.000259284,0.000245757,0.000232886,0.000220057,0.000206715,0.00019238,0.000176673,0.000159335,0.000140251,0.000119457,9.71455e-05,7.36546e-05,4.94422e-05,2.50512e-05,1.06557e-06,-2.19377e-05,-4.34345e-05,-6.02246e-05,-7.17009e-05,-7.92527e-05,-8.26764e-05,-8.1605e-05,-7.60058e-05,-6.62375e-05,-5.29857e-05,-3.70976e-05,-1.93262e-05,0
0,-1.80192e-05,-3.54047e-05,-5.0731e-05,-6.29858e-05,-7.10512e-05,-7.4059e-05,-7.16332e-05,-6.39833e-05,-5.1846e-05,-3.62883e-05,-1.80958e-05,3.6333e-06,2.80133e-05,5.17791e-05,7.42204e-05,9.47224e-05,0.000112815,0.000128208,0.000140817,0.000150764,0.00015837,0.000164133,0.000168691,0.000172781,0.000177201,0.000182763,0.000190266,0.000200465,0.000214059,0.000231689,0.000253951,0.00028141,0.000314642,0.000354271,0.000401024,0.000455799,0.000519735,0.000594306,0.000681437,0.000783647,0.000904243,0.00104758,0.00121947,0.00142768,0.00168283,0.00180514,0.00197792,0.00222342,0.00257877,0.00310228,0.00388649,0.00508376,0.00695594,0.00997138,0.0149951,0.0236489,0.0388886,0.0653172,0.105932,0.143604,0.105924,0.0653046,0.0388787,0.0236515,0.0150201,0.0100271,0.00704662,0.0052083,0.00403818,0.00327004,0.00274963,0.00238579,0.00212503,0.00193797,0.00181192,0.00152107,0.0012879,0.00109895,0.000944521,0.000817501,0.000712563,0.000625638,0.000553558,0.000493802,0.000444324,0.000403426,0.000369669,0.000341811,0.000318754,0.000299508,0.000283167,0.000268886,0.000255875,0.000243394,0.000230762,0.000217374,0.000202719,0.000186405,0.000168186,0.000147977,0.000125864,0.000102106,7.7112e-05,5.14146e-05,2.56281e-05,3.98263e-07,-2.36501e-05,-4.59616e-05,-6.32913e-05,-7.50152e-05,-8.25429e-05,-8.57047e-05,-8.41909e-05,-7.80453e-05,-6.77096e-05,-5.3942e-05,-3.76363e-05,-1.95562e-05,0
0,-1.83587e-05,-3.6125e-05,-5.18899e-05,-6.46128e-05,-7.31182e-05,-7.64659e-05,-7.42102e-05,-6.65083e-05,-5.40723e-05,-3.79732e-05,-1.90238e-05,3.64334e-06,2.90895e-05,5.39811e-05,7.75482e-05,9.91123e-05,0.000118139,0.000134282,0.000147407,0.000157603,0.000165177,0.000170629,0.000174617,0.00017792,0.000181386,0.000185891,0.000192303,0.000201447,0.00021409,0.000230934,0.000252625,0.000279771,0.000312971,0.000352864,0.000400176,0.000455785,0.000520799,0.000596643,0.000685177,0.000788832,0.000910814,0.00105536,0.00122814,0.00143684,0.00169206,0.00181414,0.00199936,0.00227405,0.00268143,0.00329085,0.00421811,0.00566858,0.00802986,0.0120815,0.0195019,0.0341523,0.0653172,0.134692,0.281422,0.493491,0.281403,0.134661,0.0652825,0.0341272,0.0195004,0.0121158,0.00810712,0.00578902,0.00437454,0.00347034,0.00286858,0.00245527,0.00216707,0.00196994,0.00184817,0.00154933,0.00131033,0.00111693,0.000959,0.000829179,0.000722002,0.000633317,0.000559902,0.000499196,0.000449121,0.000407944,0.000374191,0.000346574,0.000323946,0.000305261,0.000289549,0.000275901,0.000263463,0.000251434,0.000239084,0.000225766,0.000210943,0.000194218,0.000175351,0.000154284,0.000131145,0.000106244,8.00482e-05,5.31532e-05,2.62313e-05,-2.06251e-08,-2.49369e-05,-4.79348e-05,-6.57322e-05,-7.76888e-05,-8.52264e-05,-8.81992e-05,-8.63417e-05,-7.97586e-05,-6.89594e-05,-5.47633e-05,-3.81045e-05,-1.97581e-05,0
0,-1.86339e-05,-3.67077e-05,-5.2823e-05,-6.59155e-05,-7.47642e-05,-7.83727e-05,-7.62428e-05,-6.84936e-05,-5.58205e-05,-3.93008e-05,-1.97699e-05,3.61019e-06,2.98601e-05,5.55967e-05,8.00059e-05,0.000102362,0.000122086,0.000138787,0.000152298,0.000162684,0.000170238,0.000175462,0.000179028,0.000181739,0.000184477,0.000188161,0.000193701,0.000201969,0.000213775,0.00022986,0.000250904,0.000277538,0.00031038,0.000350075,0.000397346,0.00045306,0.000518299,0.000594454,0.000683337,0.000787324,0.000909549,0.00105418,0.00122683,0.00143515,0.00168985,0.00181219,0.00200697,0.00230308,0.00274783,0.00341868,0.0044501,0.0060935,0.00885719,0.0138646,0.0238816,0.0465957,0.105932,0.281422,0.823531,2.189,0.823506,0.281378,0.105881,0.0465524,0.0238628,0.013885,0.00892557,0.00621085,0.00460884,0.00360467,0.0029443,0.00249549,0.00218758,0.00198329,0.0018649,0.00156136,0.00131912,0.00112337,0.000963672,0.000832513,0.000724332,0.000634927,0.000561043,0.0005001,0.000449999,0.000408988,0.000375569,0.000348426,0.000326375,0.000308333,0.000293287,0.000280283,0.000268422,0.000256862,0.000244836,0.00023167,0.000216811,0.000199856,0.000180574,0.000158926,0.00013507,0.000109354,8.22909e-05,5.45203e-05,2.67588e-05,-2.57804e-07,-2.58321e-05,-4.93591e-05,-6.75287e-05,-7.96857e-05,-8.72559e-05,-9.01082e-05,-8.8007e-05,-8.11013e-05,-6.99514e-05,-5.54237e-05,-3.84859e-05,-1.99243e-05,0
0,-1.88379e-05,-3.71387e-05,-5.35092e-05,-6.68669e-05,-7.59579e-05,-7.97472e-05,-7.77017e-05,-6.99174e-05,-5.70816e-05,-4.02782e-05,-2.03606e-05,3.48625e-06,3.0256e-05,5.6536e-05,8.14851e-05,0.00010435,0.000124522,0.000141589,0.000155361,0.000165888,0.000173456,0.000178564,0.000181888,0.000184242,0.000186522,0.000189664,0.000194597,0.000202212,0.000213338,0.000228733,0.00024909,0.000275053,0.000307249,0.000346327,0.000393013,0.000448168,0.000512871,0.000588502,0.000676862,0.000780314,0.000901985,0.00104605,0.00121815,0.00142605,0.00168066,0.00180403,0.00200419,0.00231055,0.00277145,0.00346703,0.00453881,0.00625728,0.00918607,0.0146322,0.0260877,0.054692,0.143604,0.493491,2.189,11.8165,2.18897,0.493445,0.14355,0.0546444,0.0260645,0.0146484,0.00925107,0.0063723,0.00469649,0.00365335,0.00296971,0.00250629,0.00218987,0.00198212,0.00186467,0.0015592,0.00131586,0.00111949,0.000959506,0.000828273,0.000720177,0.000630983,0.000557417,0.000496885,0.000447276,0.000406828,0.000374028,0.000347544,0.000326175,0.000308814,0.000294426,0.000282032,0.00027071,0.000259597,0.000247905,0.000234948,0.000220166,0.000203153,0.000183685,0.000161736,0.000137484,0.000111299,8.37222e-05,5.54211e-05,2.71398e-05,-3.60325e-07,-2.63608e-05,-5.024e-05,-6.867e-05,-8.09825e-05,-8.86004e-05,-9.13971e-05,-8.91529e-05,-8.20432e-05,-7.06611e-05,-5.59055e-05,-3.87692e-05,-2.00496e-05,0
0,-1.89665e-05,-3.741e-05,-5.39366e-05,-6.74519e-05,-7.6682e-05,-8.05716e-05,-7.85712e-05,-7.07684e-05,-5.78505e-05,-4.09088e-05,-2.08096e-05,3.24697e-06,3.02413e-05,5.67523e-05,8.19293e-05,0.00010501,0.000125378,0.000142614,0.000156522,0.000167148,0.000174772,0.000179888,0.000183168,0.000185419,0.000187532,0.000190436,0.000195052,0.000202264,0.000212894,0.000227695,0.000247357,0.000272522,0.000303818,0.000341899,0.000387496,0.000441482,0.000504947,0.000579291,0.000666339,0.000768493,0.000888935,0.00103192,0.00120322,0.00141078,0.00166577,0.00179109,0.001992,0.00229626,0.00274977,0.00342865,0.00446632,0.00611345,0.00887781,0.0138825,0.0238932,0.0465981,0.105924,0.281403,0.823506,2.18897,0.823485,0.281365,0.10588,0.0465614,0.0238793,0.0139048,0.00894479,0.0062265,0.0046191,0.00360874,0.00294211,0.00248757,0.00217503,0.00196769,0.00184813,0.00154354,0.00130118,0.00110589,0.000947023,0.000816923,0.00070995,0.000621854,0.000549352,0.000489842,0.000441209,0.000401686,0.000369757,0.000344086,0.000323469,0.000306796,0.000293027,0.000281181,0.000270334,0.000259621,0.000248254,0.000235547,0.000220941,0.000204034,0.000184606,0.000162638,0.000138314,0.000112014,8.42862e-05,5.58103e-05,2.73406e-05,-3.50957e-07,-2.65351e-05,-5.05803e-05,-6.9151e-05,-8.15685e-05,-8.92451e-05,-9.20492e-05,-8.97627e-05,-8.25692e-05,-7.10759e-05,-5.61994e-05,-3.89486e-05,-2.0131e-05,0
0,-1.90187e-05,-3.75195e-05,-5.41028e-05,-6.76675e-05,-7.69337e-05,-8.08434e-05,-7.88492e-05,-7.10448e-05,-5.81258e-05,-4.11918e-05,-2.1116e-05,2.89267e-06,2.98158e-05,5.62444e-05,8.13359e-05,0.000104338,0.000124647,0.000141853,0.00015577,0.000166447,0.000174164,0.000179408,0.000182838,0.000185238,0.000187475,0.000190445,0.000195038,0.000202103,0.000212433,0.000226752,0.000245728,0.00026999,0.000300159,0.00033689,0.000380925,0.000433156,0.0004947,0.000566999,0.000651929,0.000751963,0.00087038,0.00101157,0.00118146,0.00138823,0.00164329,0.00177136,0.00196889,0.00226002,0.00268518,0.00331102,0.00425114,0.00570937,0.00807222,0.0121186,0.019527,0.0341599,0.0653046,0.134661,0.281378,0.493445,0.281365,0.134639,0.0652819,0.0341462,0.0195335,0.0121554,0.00814564,0.00582061,0.00439545,0.00347875,0.00286425,0.00243922,0.00214151,0.00193807,0.00181386,0.0015135,0.00127463,0.00108236,0.000926201,0.000798546,0.000693793,0.000607711,0.000537026,0.000479145,0.000431959,0.000393708,0.000362885,0.000338164,0.000318354,0.000302359,0.000289157,0.000277786,0.00026734,0.000256972,0.000245914,0.000233492,0.000219159,0.000202519,0.000183355,0.000161647,0.000137574,0.000111508,8.39919e-05,5.56949e-05,2.7366e-05,-2.26515e-07,-2.63534e-05,-5.03796e-05,-6.89723e-05,-8.14446e-05,-8.91909e-05,-9.20654e-05,-8.98368e-05,-8.26791e-05,-7.11955e-05,-5.63048e-05,-3.90234e-05,-2.01681e-05,0
0,-1.89961e-05,-3.74712e-05,-5.40139e-05,-6.75224e-05,-7.67237e-05,-8.05742e-05,-7.85462e-05,-7.07539e-05,-5.79094e-05,-4.11213e-05,-2.1265e-05,2.44819e-06,2.90143e-05,5.50563e-05,7.97563e-05,0.000102391,0.000122386,0.00013936,0.000153149,0.000163818,0.00017165,0.000177122,0.000180872,0.00018365,0.000186277,0.000189598,0.000194443,0.000201606,0.000211823,0.000225771,0.000244079,0.000267346,0.000296177,0.000331225,0.00037324,0.000423135,0.000482063,0.000551507,0.000633406,0.00073031,0.000845593,0.000983765,0.00115091,0.00135536,0.00160866,0.00173993,0.0019311,0.0022013,0.00258362,0.00313232,0.00393652,0.00514607,0.00702122,0.0100296,0.0150367,0.0236664,0.0388787,0.0652825,0.105881,0.14355,0.10588,0.0652819,0.0388834,0.0236821,0.0150697,0.0100857,0.00710379,0.00525553,0.00406964,0.00328266,0.00274276,0.00236089,0.00208546,0.00188868,0.00175885,0.00146706,0.00123489,0.00104811,0.000896581,0.000772908,0.000671615,0.000588546,0.000520479,0.000464856,0.000419596,0.000382965,0.00035348,0.000329843,0.000310893,0.000295568,0.000282885,0.000271922,0.00026181,0.000251744,0.000240985,0.00022889,0.00021493,0.000198719,0.000180042,0.000158867,0.000135359,0.000109868,8.29103e-05,5.51316e-05,2.7258e-05,4.07536e-08,-2.58012e-05,-4.96348e-05,-6.81399e-05,-8.06234e-05,-8.84546e-05,-9.14634e-05,-8.9392e-05,-8.23873e-05,-7.10308e-05,-5.62292e-05,-3.8998e-05,-2.01628e-05,0
0,-1.89031e-05,-3.7274e-05,-5.36843e-05,-6.70361e-05,-7.60753e-05,-7.97885e-05,-7.76846e-05,-6.99117e-05,-5.72063e-05,-4.06875e-05,-2.12291e-05,1.96058e-06,2.79037e-05,5.32736e-05,7.72917e-05,9.92799e-05,0.000118712,0.000135249,0.000148764,0.000159347,0.000167287,0.000173054,0.000177255,0.000180597,0.000183837,0.00018775,0.000193086,0.00020056,0.00021083,0.000224505,0.000242157,0.000264342,0.000291638,0.000324685,0.000364233,0.000411211,0.000466795,0.000532503,0.000610313,0.000702818,0.000813444,0.000946746,0.00110885,0.00130808,0.00155589,0.00168999,0.00187308,0.0021187,0.00245185,0.00291405,0.00357104,0.0045255,0.00593825,0.00806286,0.0112966,0.0162345,0.0236515,0.0341272,0.0465524,0.0546444,0.0465614,0.0341462,0.0236821,0.0162786,0.0113558,0.00813836,0.00603003,0.00463249,0.00369088,0.00304311,0.00258544,0.00225182,0.00200189,0.00181382,0.00167964,0.00140183,0.00118038,0.00100212,0.000857543,0.000739652,0.000643222,0.000564266,0.000499674,0.000446968,0.000404129,0.000369473,0.000341564,0.000319152,0.000301127,0.000286481,0.000274289,0.000263687,0.000253868,0.000244079,0.000233632,0.000221922,0.000208446,0.000192831,0.000174859,0.000154483,0.000131839,0.000107242,8.1168e-05,5.42211e-05,2.70907e-05,4.98995e-07,-2.4854e-05,-4.8342e-05,-6.66665e-05,-7.91297e-05,-8.70677e-05,-9.02775e-05,-8.84607e-05,-8.17214e-05,-7.06031e-05,-5.59872e-05,-3.88811e-05,-2.01193e-05,0
0,-1.87461e-05,-3.69415e-05,-5.3135e-05,-6.6237e-05,-7.50225e-05,-7.85228e-05,-7.62979e-05,-6.85426e-05,-5.60257e-05,-3.98786e-05,-2.09711e-05,1.49512e-06,2.65783e-05,5.10181e-05,7.40878e-05,9.5169e-05,0.000113797,0.000129692,0.000142775,0.000153169,0.000161177,0.00016726,0.000171992,0.000176024,0.000180041,0.000184728,0.00019074,0.000198691,0.000209144,0.000222622,0.000239621,0.00026064,0.000286216,0.000316961,0.000353616,0.000397104,0.000448604,0.000509637,0.000582174,0.000668783,0.00077284,0.000898802,0.00105263,0.00124237,0.00147901,0.00161438,0.0017887,0.00200997,0.00229544,0.00267502,0.00319504,0.00392275,0.00495213,0.0064107,0.0084624,0.0112905,0.0150201,0.0195004,0.0238628,0.0260645,0.0238793,0.0195335,0.0150697,0.0113558,0.0085415,0.00650069,0.0050497,0.00402481,0.00329924,0.00277966,0.0023991,0.00211119,0.00188626,0.00170854,0.00157367,0.00131605,0.00110996,0.000943691,0.000808678,0.000698555,0.000608507,0.000534826,0.000474596,0.000425479,0.000385559,0.000353235,0.000327147,0.000306114,0.000289098,0.000275164,0.000263464,0.000253212,0.000243676,0.000234174,0.00022408,0.000212836,0.000199971,0.000185125,0.000168074,0.000148749,0.000127248,0.000103836,7.89364e-05,5.30982e-05,2.69619e-05,1.21029e-06,-2.34822e-05,-4.65e-05,-6.45735e-05,-7.70005e-05,-8.50767e-05,-8.85563e-05,-8.70889e-05,-8.07206e-05,-6.99425e-05,-5.55996e-05,-3.86852e-05,-2.00429e-05,0
0,-1.85334e-05,-3.64906e-05,-5.23925e-05,-6.5161e-05,-7.36085e-05,-7.68232e-05,-7.44293e-05,-6.66793e-05,-5.43818e-05,-3.86833e-05,-2.04481e-05,1.12988e-06,2.51528e-05,4.84399e-05,7.03261e-05,9.02639e-05,0.000107862,0.000122912,0.000135395,0.000145472,0.000153469,0.000159836,0.000165116,0.000169897,0.000174783,0.000180357,0.000187164,0.000195703,0.000206426,0.000219751,0.000236088,0.000255862,0.000279552,0.000307728,0.000341099,0.000380564,0.000427271,0.000482695,0.000548734,0.000627838,0.000723188,0.000838947,0.000980625,0.0011556,0.00137387,0.00150757,0.00167295,0.00187312,0.00211842,0.00242885,0.00283564,0.00338145,0.00411944,0.00511008,0.00641252,0.00806296,0.0100271,0.0121158,0.013885,0.0146484,0.0139048,0.0121554,0.0100857,0.00813836,0.00650069,0.00520536,0.00421571,0.00347357,0.0029206,0.00250608,0.00218909,0.00193917,0.00173634,0.00157057,0.00144058,0.00120958,0.00102364,0.000872933,0.000750154,0.000649797,0.000567636,0.000500366,0.000445356,0.00040047,0.000363943,0.000334296,0.000310269,0.000290777,0.000274871,0.000261711,0.00025054,0.000240665,0.000231446,0.000222281,0.000212615,0.000201945,0.000189833,0.000175934,0.000160014,0.000141974,0.000121866,9.98949e-05,7.64183e-05,5.19205e-05,2.69833e-05,2.2427e-06,-2.16575e-05,-4.41139e-05,-6.18925e-05,-7.42863e-05,-8.25418e-05,-8.63624e-05,-8.53344e-05,-7.94333e-05,-6.90859e-05,-5.50915e-05,-3.84251e-05,-1.99403e-05,0
0,-1.82742e-05,-3.59408e-05,-5.14874e-05,-6.38495e-05,-7.18835e-05,-7.47441e-05,-7.21304e-05,-6.43623e-05,-5.22948e-05,-3.70929e-05,-1.9616e-05,9.49549e-07,2.37546e-05,4.57087e-05,6.62145e-05,8.48035e-05,0.000101168,0.000115178,0.000126882,0.000136494,0.00014436,0.000150929,0.000156708,0.000162224,0.000167993,0.000174489,0.000182139,0.000191314,0.000202344,0.000215533,0.000231188,0.000249645,0.000271314,0.000296704,0.000326473,0.000361466,0.000402764,0.000451746,0.000510163,0.000580235,0.000664795,0.000767481,0.000893029,0.00104769,0.00123982,0.00136782,0.00152426,0.0017083,0.00192445,0.00218442,0.00250764,0.00292001,0.00345072,0.00412691,0.00496503,0.00595664,0.00704662,0.00810712,0.00892557,0.00925107,0.00894479,0.00814564,0.00710379,0.00603003,0.0050497,0.00421571,0.00353576,0.00299465,0.00256822,0.00223103,0.00196032,0.0017384,0.00155381,0.0014017,0.00128318,0.0010846,0.000923116,0.000791155,0.000682978,0.000594152,0.000521196,0.000461326,0.000412276,0.000372175,0.000339454,0.000312786,0.000291041,0.000273248,0.000258568,0.000246268,0.000235699,0.000226271,0.000217443,0.000208705,0.000199577,0.000189613,0.000178413,0.00016564,0.00015105,0.000134506,0.000116005,9.56864e-05,7.38325e-05,5.08548e-05,2.72695e-05,3.66162e-06,-1.93583e-05,-4.11995e-05,-5.86679e-05,-7.10504e-05,-7.95361e-05,-8.37695e-05,-8.32641e-05,-7.79148e-05,-6.80746e-05,-5.44907e-05,-3.81167e-05,-1.98185e-05,0
0,-1.79786e-05,-3.53127e-05,-5.04523e-05,-6.23473e-05,-6.99027e-05,-7.23464e-05,-6.94604e-05,-6.16399e-05,-4.97924e-05,-3.5105e-05,-1.84341e-05,1.03879e-06,2.25159e-05,4.30038e-05,6.19764e-05,7.90485e-05,9.40009e-05,0.00010679,0.000117538,0.000126515,0.000134097,0.000140734,0.000146902,0.000153067,0.000159654,0.000167031,0.000175498,0.000185296,0.000196625,0.000209664,0.000224607,0.000241696,0.000261252,0.000283713,0.000309664,0.000339872,0.000375319,0.00041724,0.000467172,0.000527009,0.000599091,0.000686326,0.000792364,0.000921874,0.00108094,0.00119883,0.00134629,0.00151962,0.00171851,0.00194761,0.00221681,0.00253994,0.00293175,0.00340329,0.00395561,0.0045718,0.0052083,0.00578902,0.00621085,0.0063723,0.0062265,0.00582061,0.00525553,0.00463249,0.00402481,0.00347357,0.00299465,0.00258831,0.00224699,0.00196045,0.00171899,0.00151527,0.00134525,0.00120851,0.00110782,0.000945846,0.000811905,0.00070098,0.000609099,0.000533066,0.000470259,0.000418497,0.000375942,0.000341028,0.000312416,0.000288959,0.000269675,0.000253723,0.000240389,0.000229055,0.000219189,0.000210313,0.000201989,0.000193803,0.000185353,0.000176249,0.000166126,0.000154656,0.000141575,0.000126708,0.000109989,9.14858e-05,7.13993e-05,5.00639e-05,2.79273e-05,5.52145e-06,-1.65764e-05,-3.77865e-05,-5.49583e-05,-6.73696e-05,-7.61442e-05,-8.08606e-05,-8.0952e-05,-7.62251e-05,-6.69528e-05,-5.38259e-05,-3.77764e-05,-1.96844e-05,0
0,-1.76569e-05,-3.46275e-05,-4.9321e-05,-6.07015e-05,-6.77245e-05,-6.96954e-05,-6.64846e-05,-5.85679e-05,-4.69106e-05,-3.27256e-05,-1.68697e-05,1.47583e-06,2.15645e-05,4.05041e-05,5.78394e-05,7.32694e-05,8.66655e-05,9.80729e-05,0.000107694,0.000115856,0.000122975,0.000129504,0.000135894,0.000142554,0.000149826,0.000157968,0.000167159,0.000177508,0.000189081,0.000201932,0.000216136,0.00023183,0.000249241,0.000268721,0.000290772,0.000316065,0.000345459,0.000380016,0.000421015,0.000469965,0.000528621,0.000599014,0.000683496,0.000784825,0.000906311,0.0010103,0.00114881,0.00131613,0.00150805,0.00172314,0.00196323,0.0022328,0.00253707,0.00287892,0.00325486,0.00365072,0.00403818,0.00437454,0.00460884,0.00469649,0.0046191,0.00439545,0.00406964,0.00369088,0.00329924,0.0029206,0.00256822,0.00224699,0.00195767,0.00169993,0.00147384,0.00128051,0.00112217,0.00100204,0.000924012,0.00080032,0.000695163,0.000606192,0.000531302,0.000468593,0.000416346,0.000373011,0.000337198,0.000307666,0.000283322,0.000263209,0.000246503,0.000232504,0.000220624,0.000210371,0.00020133,0.000193138,0.000185463,0.000177981,0.000170368,0.000162291,0.000153412,0.000143408,0.000131994,0.000118947,0.000104139,8.7558e-05,6.93248e-05,4.96943e-05,2.90455e-05,7.85819e-06,-1.33214e-05,-3.39216e-05,-5.08369e-05,-6.33331e-05,-7.24605e-05,-7.77256e-05,-7.84762e-05,-7.44259e-05,-6.57644e-05,-5.31253e-05,-3.74195e-05,-1.95444e-05,0
0,-1.73189e-05,-3.3906e-05,-4.8127e-05,-5.8959e-05,-6.54084e-05,-6.68593e-05,-6.32728e-05,-5.52089e-05,-4.36942e-05,-2.99716e-05,-1.49022e-05,2.32657e-06,2.10168e-05,3.83788e-05,5.40246e-05,6.77348e-05,7.947e-05,8.93644e-05,9.77004e-05,0.00010487,0.000111329,0.000117542,0.000123943,0.000130891,0.000138651,0.000147382,0.000157143,0.000167919,0.000179646,0.00019225,0.000205691,0.000219995,0.000235294,0.000251849,0.000270071,0.00029053,0.000313955,0.000341232,0.000373375,0.0004115,0.000456767,0.000510306,0.000573109,0.000645904,0.000729019,0.000816952,0.000946669,0.00111112,0.00130293,0.00151555,0.00174405,0.00198537,0.00223776,0.00249934,0.00276581,0.00302794,0.00327004,0.00347034,0.00360467,0.00365335,0.00360874,0.00347875,0.00328266,0.00304311,0.00277966,0.00250608,0.00223103,0.00196045,0.00169993,0.00145601,0.00123623,0.00104841,0.000899818,0.000796606,0.000743387,0.000656523,0.000579083,0.00051132,0.000452917,0.0004032,0.000361297,0.000326252,0.000297098,0.000272907,0.00025282,0.000236066,0.000221979,0.000209997,0.000199661,0.0001906,0.000182516,0.000175156,0.000168289,0.000161681,0.000155077,0.000148192,0.000140715,0.000132322,0.000122697,0.000111572,9.87506e-05,8.41433e-05,6.77891e-05,4.9866e-05,3.06871e-05,1.06839e-05,-9.62433e-06,-2.96694e-05,-4.63917e-05,-5.90409e-05,-6.85863e-05,-7.44583e-05,-7.59159e-05,-7.25783e-05,-6.4552e-05,-5.24148e-05,-3.70596e-05,-1.94036e-05,0
0,-1.69741e-05,-3.31677e-05,-4.69021e-05,-5.71658e-05,-6.30137e-05,-6.39075e-05,-5.98985e-05,-5.16318e-05,-4.01975e-05,-2.6872e-05,-1.25259e-05,3.63969e-06,2.09709e-05,3.67786e-05,5.0736e-05,6.26993e-05,7.2714e-05,8.09997e-05,8.79183e-05,9.39274e-05,9.95258e-05,0.000105199,0.000111369,0.000118357,0.000126361,0.000135451,0.000145582,0.00015662,0.000168378,0.000180665,0.000193326,0.000206282,0.000219571,0.000233363,0.000247983,0.000263904,0.000281741,0.000302221,0.000326135,0.000354263,0.00038726,0.000425474,0.000468687,0.000515745,0.000564118,0.00063611,0.000757434,0.000920076,0.00111428,0.00132951,0.00155553,0.00178345,0.00200634,0.00221908,0.0024174,0.00259644,0.00274963,0.00286858,0.0029443,0.00296971,0.00294211,0.00286425,0.00274276,0.00258544,0.0023991,0.00218909,0.00196032,0.00171899,0.00147384,0.00123623,0.00101906,0.000835038,0.000695147,0.000607748,0.000578149,0.000523266,0.000470048,0.000421029,0.000377392,0.000339467,0.000307068,0.000279725,0.000256819,0.000237685,0.000221669,0.000208167,0.000196657,0.000186704,0.00017797,0.000170199,0.000163199,0.000156823,0.00015093,0.000145367,0.00013994,0.000134406,0.000128469,0.000121799,0.00011405,0.0001049,9.40864e-05,8.14447e-05,6.69353e-05,5.06638e-05,3.28833e-05,1.3983e-05,-5.539e-06,-2.51128e-05,-4.17238e-05,-5.46015e-05,-6.46277e-05,-7.11535e-05,-7.33488e-05,-7.07403e-05,-6.33541e-05,-5.1717e-05,-3.67075e-05,-1.92661e-05,0
0,-1.66309e-05,-3.24303e-05,-4.56762e-05,-5.53654e-05,-6.0598e-05,-6.0909e-05,-5.64369e-05,-4.79102e-05,-3.64834e-05,-2.3469e-05,-9.75242e-06,5.44292e-06,2.15006e-05,3.58281e-05,4.81512e-05,5.83932e-05,6.66762e-05,7.32998e-05,7.87016e-05,8.34037e-05,8.79522e-05,9.28572e-05,9.85402e-05,0.000105295,0.000113268,0.000122455,0.000132718,0.00014382,0.000155468,0.000167359,0.000179233,0.000190916,0.000202356,0.000213644,0.000225027,0.0002369,0.00024979,0.000264313,0.00028111,0.000300746,0.000323557,0.000349391,0.00037721,0.000404442,0.000426096,0.000484765,0.000598326,0.000758116,0.000952902,0.0011696,0.0013945,0.0016148,0.00182008,0.00200301,0.00215933,0.00228712,0.00238579,0.00245527,0.00249549,0.00250629,0.00248757,0.00243922,0.00236089,0.00225182,0.00211119,0.00193917,0.0017384,0.00151527,0.00128051,0.00104841,0.000835038,0.000655963,0.000524363,0.000450055,0.000439271,0.000408322,0.000373647,0.000339425,0.000307814,0.000279761,0.000255508,0.000234895,0.000217542,0.000202972,0.000190687,0.000180218,0.000171162,0.000163196,0.000156086,0.000149678,0.000143878,0.000138627,0.000133867,0.00012951,0.000125414,0.000121365,0.000117079,0.000112207,0.000106372,9.91991e-05,9.03603e-05,7.96184e-05,6.68625e-05,5.2133e-05,3.5631e-05,1.77112e-05,-1.14189e-06,-2.03508e-05,-3.69448e-05,-5.01288e-05,-6.06914e-05,-6.79035e-05,-7.08485e-05,-6.89646e-05,-6.22044e-05,-5.10499e-05,-3.63709e-05,-1.91339e-05,0
0,-1.62967e-05,-3.17097e-05,-4.44761e-05,-5.3598e-05,-5.82155e-05,-5.79309e-05,-5.29637e-05,-4.41218e-05,-3.26229e-05,-1.98177e-05,-6.61143e-06,7.74056e-06,2.26518e-05,3.56204e-05,4.64139e-05,5.50121e-05,6.16034e-05,6.65583e-05,7.03843e-05,7.36655e-05,7.69967e-05,8.09181e-05,8.58599e-05,9.2102e-05,9.97535e-05,0.000108753,0.00011889,0.000129841,0.00014122,0.000152631,0.000163721,0.000174232,0.000184034,0.000193149,0.000201765,0.000210222,0.000218997,0.000228652,0.000239774,0.000252872,0.000268218,0.000285587,0.000303783,0.00031973,0.000326735,0.000377135,0.000483731,0.000637798,0.000827871,0.00104007,0.00125931,0.00147105,0.00166313,0.00182703,0.00195844,0.00205692,0.00212503,0.00216707,0.00218758,0.00218987,0.00217503,0.00214151,0.00208546,0.00200189,0.00188626,0.00173634,0.00155381,0.00134525,0.00112217,0.000899818,0.000695147,0.000524363,0.000401049,0.000335387,0.000334776,0.000317045,0.000293696,0.000269403,0.000246469,0.000225937,0.000208146,0.00019304,0.000180348,0.000169696,0.000160685,0.000152939,0.000146146,0.000140073,0.000134572,0.000129574,0.000125067,0.000121064,0.000117575,0.000114565,0.000111927,0.000109468,0.000106902,0.000103862,9.99318e-05,9.46846e-05,8.77311e-05,7.87684e-05,6.7622e-05,5.42768e-05,3.88918e-05,2.17967e-05,3.47036e-06,-1.54958e-05,-3.21731e-05,-4.57381e-05,-5.68816e-05,-6.47955e-05,-6.84812e-05,-6.72965e-05,-6.11297e-05,-5.04265e-05,-3.60541e-05,-1.90076e-05,0
0,-1.59775e-05,-3.1019e-05,-4.33248e-05,-5.18995e-05,-5.59165e-05,-5.50368e-05,-4.95531e-05,-4.03461e-05,-2.86934e-05,-1.59849e-05,-3.15084e-06,1.05125e-05,2.44398e-05,3.62124e-05,4.56279e-05,5.27096e-05,5.76997e-05,6.10292e-05,6.32669e-05,6.50542e-05,6.70343e-05,6.97821e-05,7.37455e-05,7.92035e-05,8.62449e-05,9.47702e-05,0.000104515,0.00011509,0.000126035,0.000136878,0.000147192,0.000156646,0.000165047,0.000172365,0.000178743,0.000184494,0.000190079,0.000196064,0.000203074,0.000211709,0.00022244,0.000235445,0.000250298,0.000265179,0.0002741,0.000323558,0.000423889,0.000567956,0.000745788,0.000944654,0.00115027,0.00134851,0.00152731,0.00167803,0.00179627,0.00188184,0.00193797,0.00196994,0.00198329,0.00198212,0.00196769,0.00193807,0.00188868,0.00181382,0.00170854,0.00157057,0.0014017,0.00120851,0.00100204,0.000796606,0.000607748,0.000450055,0.000335387,0.000272254,0.000267854,0.000250976,0.000231432,0.000212176,0.000194557,0.000179141,0.000166048,0.000155139,0.00014613,0.000138671,0.000132406,0.000127015,0.000122247,0.000117933,0.000113992,0.000110422,0.000107271,0.000104614,0.000102506,0.000100951,9.98643e-05,9.90601e-05,9.82417e-05,9.70176e-05,9.49316e-05,9.15067e-05,8.62974e-05,7.89432e-05,6.92163e-05,5.70574e-05,4.25948e-05,2.61433e-05,8.18479e-06,-1.06691e-05,-2.75299e-05,-4.15419e-05,-5.3296e-05,-6.19076e-05,-6.63039e-05,-6.57727e-05,-6.01495e-05,-4.9854e-05,-3.57577e-05,-1.88861e-05,0
0,-1.56783e-05,-3.03689e-05,-4.2242e-05,-5.03011e-05,-5.37459e-05,-5.2286e-05,-4.62766e-05,-3.66628e-05,-2.47772e-05,-1.20483e-05,5.64399e-07,1.37145e-05,2.68484e-05,3.7623e-05,4.58529e-05,5.1591e-05,5.51195e-05,5.69168e-05,5.7603e-05,5.78706e-05,5.84088e-05,5.98301e-05,6.26085e-05,6.70344e-05,7.31931e-05,8.09661e-05,9.00561e-05,0.00010003,0.000110376,0.000120563,0.000130106,0.000138621,0.000145864,0.000151768,0.000156449,0.000160212,0.000163526,0.000167006,0.000171367,0.000177391,0.000185898,0.000197765,0.000214123,0.000237184,0.000273644,0.000331087,0.000424633,0.000553269,0.000710428,0.000886332,0.00106945,0.00124806,0.00141177,0.00155281,0.00166677,0.00175257,0.00181192,0.00184817,0.0018649,0.00186467,0.00184813,0.00181386,0.00175885,0.00167964,0.00157367,0.00144058,0.00128318,0.00110782,0.000924012,0.000743387,0.000578149,0.000439271,0.000334776,0.000267854,0.000232205,0.000206358,0.000185118,0.00016718,0.000152145,0.000139768,0.000129772,0.00012182,0.000115537,0.000110541,0.000106478,0.000103051,0.000100042,9.73271e-05,9.48705e-05,9.2716e-05,9.09591e-05,8.97119e-05,8.9062e-05,8.90327e-05,8.95497e-05,9.04206e-05,9.13307e-05,9.18579e-05,9.15058e-05,8.97505e-05,8.6097e-05,8.01372e-05,7.16017e-05,6.03996e-05,4.66404e-05,3.06352e-05,1.28773e-05,-5.99556e-06,-2.31333e-05,-3.76456e-05,-5.00218e-05,-5.93064e-05,-6.4362e-05,-6.44196e-05,-5.92751e-05,-4.9334e-05,-3.54791e-05,-1.87664e-05,0
0,-1.54024e-05,-2.97672e-05,-4.12429e-05,-4.88287e-05,-5.17425e-05,-4.97315e-05,-4.3201e-05,-3.31499e-05,-2.0959e-05,-8.09363e-06,4.45418e-06,1.72793e-05,2.9831e-05,3.98324e-05,4.71028e-05,5.17099e-05,5.39609e-05,5.43677e-05,5.35898e-05,5.23622e-05,5.14166e-05,5.14045e-05,5.28322e-05,5.60134e-05,6.10453e-05,6.78099e-05,7.59982e-05,8.5155e-05,9.47365e-05,0.000104176,0.000112948,0.00012063,0.000126943,0.000131794,0.000135285,0.000137722,0.000139601,0.000141591,0.000144514,0.000149328,0.000157146,0.000169317,0.000187658,0.000214954,0.000255743,0.000315382,0.000399592,0.00050838,0.000637512,0.000779947,0.000927104,0.00107012,0.00120107,0.00131394,0.00140518,0.00147384,0.00152107,0.00154933,0.00156136,0.0015592,0.00154354,0.0015135,0.00146706,0.00140183,0.00131605,0.00120958,0.0010846,0.000945846,0.00080032,0.000656523,0.000523266,0.000408322,0.000317045,0.000250976,0.000206358,0.000174633,0.000150876,0.000132591,0.000118444,0.000107597,9.94192e-05,9.33712e-05,8.89644e-05,8.576e-05,8.33826e-05,8.15363e-05,8.00192e-05,7.87297e-05,7.76622e-05,7.68894e-05,7.65339e-05,7.67294e-05,7.75775e-05,7.91062e-05,8.12354e-05,8.37562e-05,8.63279e-05,8.84941e-05,8.97187e-05,8.94357e-05,8.71092e-05,8.22942e-05,7.46929e-05,6.41959e-05,5.09067e-05,3.51434e-05,1.7419e-05,-1.59795e-06,-1.90941e-05,-3.41427e-05,-4.71326e-05,-5.70443e-05,-6.26879e-05,-6.32524e-05,-5.85097e-05,-4.88628e-05,-3.52122e-05,-1.86447e-05,0
0,-1.5152e-05,-2.92194e-05,-4.03387e-05,-4.75024e-05,-4.99385e-05,-4.74195e-05,-4.0387e-05,-2.98816e-05,-1.73238e-05,-4.21234e-06,8.42589e-06,2.11195e-05,3.33118e-05,4.27835e-05,4.93458e-05,5.30668e-05,5.42633e-05,5.34656e-05,5.13595e-05,4.87129e-05,4.62941e-05,4.47931e-05,4.47533e-05,4.65212e-05,5.02207e-05,5.57519e-05,6.28145e-05,7.09522e-05,7.96116e-05,8.8209e-05,9.61975e-05,0.000103129,0.000108706,0.000112816,0.000115554,0.000117232,0.00011837,0.000119684,0.000122072,0.000126613,0.00013458,0.000147503,0.0001673,0.000196451,0.000238078,0.000295389,0.000370753,0.000463769,0.000571283,0.000688059,0.000807654,0.000923363,0.00102914,0.00112034,0.00119417,0.00124977,0.0012879,0.00131033,0.00131912,0.00131586,0.00130118,0.00127463,0.00123489,0.00118038,0.00110996,0.00102364,0.000923116,0.000811905,0.000695163,0.000579083,0.000470048,0.000373647,0.000293696,0.000231432,0.000185118,0.000150876,0.000125395,0.000106381,9.22869e-05,8.20216e-05,7.47511e-05,6.97933e-05,6.65685e-05,6.45847e-05,6.34388e-05,6.28261e-05,6.25481e-05,6.2514e-05,6.27321e-05,6.3289e-05,6.4318e-05,6.59579e-05,6.83082e-05,7.13865e-05,7.50937e-05,7.91945e-05,8.33156e-05,8.69642e-05,8.95667e-05,9.0521e-05,8.92598e-05,8.53138e-05,7.83699e-05,6.83142e-05,5.52566e-05,3.95324e-05,2.16819e-05,2.40863e-06,-1.55105e-05,-3.11114e-05,-4.46852e-05,-5.51574e-05,-6.12996e-05,-6.22754e-05,-5.78484e-05,-4.84315e-05,-3.49486e-05,-1.85157e-05,0
0,-1.49279e-05,-2.87281e-05,-3.95364e-05,-4.63367e-05,-4.8359e-05,-4.53881e-05,-3.78878e-05,-2.69265e-05,-1.39543e-05,-4.98758e-07,1.23775e-05,2.51305e-05,3.71894e-05,4.63844e-05,5.25065e-05,5.56103e-05,5.60067e-05,5.42291e-05,5.09757e-05,4.70359e-05,4.32077e-05,4.02167e-05,3.8646e-05,3.88826e-05,4.10893e-05,4.52001e-05,5.09424e-05,5.78788e-05,6.54664e-05,7.31234e-05,8.02983e-05,8.65334e-05,9.15192e-05,9.51334e-05,9.74664e-05,9.88306e-05,9.97583e-05,0.00010099,0.000103463,0.000108296,0.000116799,0.000130482,0.000151095,0.000180624,0.000221173,0.000274556,0.000341674,0.000421745,0.000512191,0.000608976,0.000707185,0.000801707,0.000887921,0.000962247,0.00102249,0.00106789,0.00109895,0.00111693,0.00112337,0.00111949,0.00110589,0.00108236,0.00104811,0.00100212,0.000943691,0.000872933,0.000791155,0.00070098,0.000606192,0.00051132,0.000421029,0.000339425,0.000269403,0.000212176,0.00016718,0.000132591,0.000106381,8.68013e-05,7.24621e-05,6.22638e-05,5.5315e-05,5.08722e-05,4.83069e-05,4.70926e-05,4.68063e-05,4.71337e-05,4.78742e-05,4.89391e-05,5.03396e-05,5.21635e-05,5.45403e-05,5.75992e-05,6.14229e-05,6.60047e-05,7.12154e-05,7.67847e-05,8.2302e-05,8.72376e-05,9.09838e-05,9.29103e-05,9.24289e-05,8.90591e-05,8.24862e-05,7.26054e-05,5.9545e-05,4.36674e-05,2.5546e-05,5.92223e-06,-1.24635e-05,-2.86107e-05,-4.27173e-05,-5.36646e-05,-6.0201e-05,-6.14819e-05,-5.72792e-05,-4.80272e-05,-3.4678e-05,-1.83739e-05,0
0,-1.47299e-05,-2.82936e-05,-3.8839e-05,-4.53402e-05,-4.70212e-05,-4.36669e-05,-3.57478e-05,-2.43453e-05,-1.09284e-05,2.95295e-06,1.6201e-05,2.91944e-05,4.13408e-05,5.05124e-05,5.64695e-05,5.92399e-05,5.91138e-05,5.66123e-05,5.24318e-05,4.73709e-05,4.22482e-05,3.78207e-05,3.47111e-05,3.33522e-05,3.3955e-05,3.65016e-05,4.07629e-05,4.63389e-05,5.27155e-05,5.93303e-05,6.56426e-05,7.11978e-05,7.56834e-05,7.89712e-05,8.11446e-05,8.25104e-05,8.35968e-05,8.51421e-05,8.80761e-05,9.34997e-05,0.000102666,0.000116959,0.000137864,0.000166895,0.000205435,0.000254446,0.000314089,0.000383381,0.000460123,0.000541109,0.000622523,0.000700433,0.000771284,0.000832311,0.000881792,0.000919093,0.000944521,0.000959,0.000963672,0.000959506,0.000947023,0.000926201,0.000896581,0.000857543,0.000808678,0.000750154,0.000682978,0.000609099,0.000531302,0.000452917,0.000377392,0.000307814,0.000246469,0.000194557,0.000152145,0.000118444,9.22869e-05,7.24621e-05,5.78584e-05,4.75007e-05,4.0542e-05,3.62468e-05,3.39803e-05,3.32079e-05,3.34995e-05,3.45368e-05,3.61166e-05,3.81477e-05,4.06361e-05,4.36603e-05,4.73342e-05,5.17642e-05,5.70033e-05,6.30092e-05,6.96127e-05,7.6502e-05,8.32266e-05,8.92212e-05,9.38493e-05,9.64611e-05,9.64593e-05,9.33654e-05,8.68771e-05,7.69115e-05,6.36268e-05,4.74205e-05,2.89043e-05,8.85871e-06,-1.00138e-05,-2.66785e-05,-4.12464e-05,-5.25669e-05,-5.93815e-05,-6.08554e-05,-5.67842e-05,-4.76343e-05,-3.43893e-05,-1.82137e-05,0
0,-1.45566e-05,-2.7914e-05,-3.82458e-05,-4.45156e-05,-4.59349e-05,-4.22762e-05,-3.40013e-05,-2.21899e-05,-8.31724e-06,6.05179e-06,1.97863e-05,3.31842e-05,4.5626e-05,5.50191e-05,6.10845e-05,6.38109e-05,6.34541e-05,6.05083e-05,5.56532e-05,4.96838e-05,4.34293e-05,3.76713e-05,3.30698e-05,3.01059e-05,2.90459e-05,2.993e-05,3.25868e-05,3.66693e-05,4.17081e-05,4.71764e-05,5.25579e-05,5.7412e-05,6.14307e-05,6.44826e-05,6.66414e-05,6.81987e-05,6.96628e-05,7.17438e-05,7.53302e-05,8.14574e-05,9.12713e-05,0.000105982,0.000126802,0.00015485,0.000191004,0.000235702,0.000288714,0.000348981,0.000414595,0.000482953,0.000551046,0.000615808,0.000674488,0.000724943,0.000765822,0.000796609,0.000817501,0.000829179,0.000832513,0.000828273,0.000816923,0.000798546,0.000772908,0.000739652,0.000698555,0.000649797,0.000594152,0.000533066,0.000468593,0.0004032,0.000339467,0.000279761,0.000225937,0.000179141,0.000139768,0.000107597,8.20216e-05,6.22638e-05,4.75007e-05,3.69332e-05,2.98148e-05,2.54646e-05,2.32771e-05,2.27329e-05,2.341e-05,2.49936e-05,2.72804e-05,3.01743e-05,3.36709e-05,3.78307e-05,4.2742e-05,4.84776e-05,5.50499e-05,6.23713e-05,7.02255e-05,7.8255e-05,8.59687e-05,9.27687e-05,9.79969e-05,0.000100994,0.000101166,9.80493e-05,9.13681e-05,8.10736e-05,6.73634e-05,5.06771e-05,3.16682e-05,1.11553e-05,-8.19927e-06,-2.53301e-05,-4.02696e-05,-5.18484e-05,-5.88181e-05,-6.03709e-05,-5.63407e-05,-4.72353e-05,-3.40714e-05,-1.803e-05,0
0,-1.44059e-05,-2.75856e-05,-3.77525e-05,-4.38605e-05,-4.51024e-05,-4.12268e-05,-3.26724e-05,-2.05015e-05,-6.18268e-06,8.71282e-06,2.30245e-05,3.69684e-05,4.98929e-05,5.97362e-05,6.6172e-05,6.91403e-05,6.88499e-05,6.57539e-05,6.05014e-05,5.38703e-05,4.6689e-05,3.97552e-05,3.37619e-05,2.92379e-05,2.65083e-05,2.56792e-05,2.66475e-05,2.91314e-05,3.27209e-05,3.69379e-05,4.13028e-05,4.5399e-05,4.89294e-05,5.17611e-05,5.39554e-05,5.5781e-05,5.77116e-05,6.04098e-05,6.46976e-05,7.15176e-05,8.1884e-05,9.68233e-05,0.0001173,0.000144119,0.000177808,0.000218479,0.000265695,0.000318394,0.000374912,0.000433101,0.000490547,0.000544837,0.00059382,0.000635826,0.000669803,0.000695335,0.000712563,0.000722002,0.000724332,0.000720177,0.00070995,0.000693793,0.000671615,0.000643222,0.000608507,0.000567636,0.000521196,0.000470259,0.000416346,0.000361297,0.000307068,0.000255508,0.000208146,0.000166048,0.000129772,9.94192e-05,7.47511e-05,5.5315e-05,4.0542e-05,2.98148e-05,2.25098e-05,1.80271e-05,1.58137e-05,1.53837e-05,1.63359e-05,1.83668e-05,2.1276e-05,2.49618e-05,2.94049e-05,3.46415e-05,4.07258e-05,4.76878e-05,5.54908e-05,6.39947e-05,7.2931e-05,8.18949e-05,9.03561e-05,9.76896e-05,0.000103224,0.000106302,0.000106344,0.000102917,9.57831e-05,8.49384e-05,7.06286e-05,5.33405e-05,3.37702e-05,1.27727e-05,-7.03364e-06,-2.45583e-05,-3.97642e-05,-5.14777e-05,-5.84767e-05,-5.99969e-05,-5.59239e-05,-4.68131e-05,-3.37143e-05,-1.78184e-05,0
0,-1.4275e-05,-2.73032e-05,-3.73523e-05,-4.33676e-05,-4.45187e-05,-4.05205e-05,-3.1774e-05,-1.93096e-05,-4.57568e-06,1.08599e-05,2.58121e-05,4.04152e-05,5.39833e-05,6.4481e-05,7.15303e-05,7.50139e-05,7.50829e-05,7.21367e-05,6.67802e-05,5.97608e-05,5.18937e-05,4.39829e-05,3.67476e-05,3.07607e-05,2.64067e-05,2.38619e-05,2.30985e-05,2.39103e-05,2.59571e-05,2.88214e-05,3.2071e-05,3.53218e-05,3.82934e-05,4.08542e-05,4.30511e-05,4.51239e-05,4.75021e-05,5.07871e-05,5.57197e-05,6.31364e-05,7.39138e-05,8.89042e-05,0.00010886,0.000134346,0.000165645,0.000202666,0.000244866,0.000291227,0.000340287,0.000390251,0.000439159,0.000485083,0.000526326,0.000561582,0.000590029,0.000611344,0.000625638,0.000633317,0.000634927,0.000630983,0.000621854,0.000607711,0.000588546,0.000564266,0.000534826,0.000500366,0.000461326,0.000418497,0.000373011,0.000326252,0.000279725,0.000234895,0.00019304,0.000155139,0.00012182,9.33712e-05,6.97933e-05,5.08722e-05,3.62468e-05,2.54646e-05,1.80271e-05,1.34254e-05,1.11715e-05,1.08246e-05,1.20134e-05,1.44516e-05,1.7944e-05,2.23825e-05,2.77298e-05,3.39917e-05,4.11817e-05,4.92798e-05,5.81936e-05,6.77258e-05,7.75534e-05,8.72248e-05,9.61747e-05,0.000103758,0.0001093,0.000112157,0.000111778,0.000107772,9.99504e-05,8.83642e-05,7.33134e-05,5.53348e-05,3.51667e-05,1.36962e-05,-6.50716e-06,-2.43344e-05,-3.96902e-05,-5.14102e-05,-5.83151e-05,-5.96987e-05,-5.55083e-05,-4.6352e-05,-3.33102e-05,-1.75763e-05,0
0,-1.41607e-05,-2.70605e-05,-3.70356e-05,-4.30253e-05,-4.41726e-05,-4.01498e-05,-3.13082e-05,-1.86316e-05,-3.53477e-06,1.24281e-05,2.80538e-05,4.33974e-05,5.77373e-05,6.90631e-05,7.69419e-05,8.11934e-05,8.19019e-05,7.94024e-05,7.42428e-05,6.71271e-05,5.88443e-05,5.01937e-05,4.19112e-05,3.46082e-05,2.87259e-05,2.45115e-05,2.20164e-05,2.11165e-05,2.15501e-05,2.29691e-05,2.4998e-05,2.7293e-05,2.95963e-05,3.17804e-05,3.38783e-05,3.60977e-05,3.88182e-05,4.25734e-05,4.80164e-05,5.58746e-05,6.68923e-05,8.17663e-05,0.000101074,0.000125197,0.00015425,0.000188017,0.000225912,0.000266974,0.000309919,0.000353229,0.000395288,0.00043454,0.000469629,0.000499525,0.000523585,0.000541564,0.000553558,0.000559902,0.000561043,0.000557417,0.000549352,0.000537026,0.000520479,0.000499674,0.000474596,0.000445356,0.000412276,0.000375942,0.000337198,0.000297098,0.000256819,0.000217542,0.000180348,0.00014613,0.000115537,8.89644e-05,6.65685e-05,4.83069e-05,3.39803e-05,2.32771e-05,1.58137e-05,1.11715e-05,8.93122e-06,8.70279e-06,1.01496e-05,1.30053e-05,1.70814e-05,2.22618e-05,2.84875e-05,3.57295e-05,4.39547e-05,5.30878e-05,6.29766e-05,7.3364e-05,8.38731e-05,9.40087e-05,0.000103177,0.000110722,0.000115976,0.000118321,0.000117249,0.000112421,0.000103708,9.12248e-05,7.53287e-05,5.66072e-05,3.58383e-05,1.3935e-05,-6.58818e-06,-2.46117e-05,-3.99933e-05,-5.15924e-05,-5.82867e-05,-5.94403e-05,-5.50705e-05,-4.58396e-05,-3.28544e-05,-1.7303e-05,0
0,-1.40597e-05,-2.68507e-05,-3.67917e-05,-4.28188e-05,-4.40471e-05,-4.00994e-05,-3.12663e-05,-1.84721e-05,-3.08496e-06,1.33657e-05,2.96662e-05,4.57963e-05,6.09996e-05,7.32907e-05,8.21812e-05,8.74242e-05,8.90311e-05,8.7263e-05,8.25999e-05,7.56896e-05,6.72827e-05,5.81609e-05,4.90664e-05,4.06404e-05,3.3375e-05,2.75858e-05,2.34042e-05,2.07912e-05,1.9569e-05,1.94663e-05,2.01712e-05,2.13874e-05,2.28857e-05,2.45468e-05,2.63916e-05,2.85959e-05,3.14884e-05,3.55331e-05,4.12959e-05,4.93992e-05,6.04666e-05,7.50605e-05,9.36171e-05,0.000116383,0.000143356,0.000174249,0.000208464,0.00024511,0.000283053,0.000320995,0.000357587,0.000391553,0.000421795,0.000447491,0.000468136,0.000483543,0.000493802,0.000499196,0.0005001,0.000496885,0.000489842,0.000479145,0.000464856,0.000446968,0.000425479,0.00040047,0.000372175,0.000341028,0.000307666,0.000272907,0.000237685,0.000202972,0.000169696,0.000138671,0.000110541,8.576e-05,6.45847e-05,4.70926e-05,3.32079e-05,2.27329e-05,1.53837e-05,1.08246e-05,8.70279e-06,8.6788e-06,1.04515e-05,1.37752e-05,1.84665e-05,2.43993e-05,3.14893e-05,3.96682e-05,4.88519e-05,5.89066e-05,6.96181e-05,8.06701e-05,9.16345e-05,0.000101978,0.000111088,0.000118306,0.000122986,0.000124548,0.000122537,0.000116677,0.000106909,9.34127e-05,7.66071e-05,5.71281e-05,3.57884e-05,1.35196e-05,-7.2264e-06,-2.53284e-05,-4.06092e-05,-5.19653e-05,-5.83436e-05,-5.91884e-05,-5.45915e-05,-4.52681e-05,-3.23463e-05,-1.69997e-05,0
0,-1.39685e-05,-2.66672e-05,-3.6609e-05,-4.27314e-05,-4.41211e-05,-4.03471e-05,-3.16303e-05,-1.88239e-05,-3.23727e-06,1.36359e-05,3.05802e-05,4.75057e-05,6.3624e-05,7.69766e-05,8.70211e-05,9.34434e-05,9.61778e-05,9.5405e-05,9.15274e-05,8.51256e-05,7.68989e-05,6.75988e-05,5.79617e-05,4.86477e-05,4.01917e-05,3.29714e-05,2.71957e-05,2.29107e-05,2.00252e-05,1.83486e-05,1.7639e-05,1.76534e-05,1.8197e-05,1.91639e-05,2.05668e-05,2.25525e-05,2.54014e-05,2.95109e-05,3.53645e-05,4.34887e-05,5.44005e-05,6.85503e-05,8.62631e-05,0.000107685,0.000132739,0.000161098,0.000192175,0.000225151,0.000259018,0.000292656,0.000324922,0.00035475,0.000381239,0.000403719,0.000421784,0.000435292,0.000444324,0.000449121,0.000449999,0.000447276,0.000441209,0.000431959,0.000419596,0.000404129,0.000385559,0.000363943,0.000339454,0.000312416,0.000283322,0.00025282,0.000221669,0.000190687,0.000160685,0.000132406,0.000106478,8.33826e-05,6.34388e-05,4.68063e-05,3.34995e-05,2.341e-05,1.63359e-05,1.20134e-05,1.01496e-05,1.04515e-05,1.2651e-05,1.65205e-05,2.18788e-05,2.85863e-05,3.65297e-05,4.55977e-05,5.56522e-05,6.64991e-05,7.78631e-05,8.93714e-05,0.000100551,0.000110838,0.000119611,0.000126223,0.00013006,0.000130591,0.000127428,0.000120366,0.00010942,9.48399e-05,7.71027e-05,5.68898e-05,3.50414e-05,1.24987e-05,-8.3573e-06,-2.64132e-05,-4.14688e-05,-5.24693e-05,-5.84411e-05,-5.8915e-05,-5.40583e-05,-4.46359e-05,-3.17894e-05,-1.66702e-05,0
0,-1.38843e-05,-2.65033e-05,-3.6476e-05,-4.27449e-05,-4.43704e-05,-4.0865e-05,-3.23733e-05,-1.9668e-05,-3.9887e-06,1.32178e-05,3.07433e-05,4.84357e-05,6.54789e-05,7.99444e-05,9.12407e-05,9.89878e-05,0.000103042,0.000103498,0.000100676,9.50767e-05,8.73383e-05,7.81689e-05,6.82859e-05,5.83559e-05,4.89455e-05,4.04863e-05,3.32583e-05,2.73895e-05,2.28748e-05,1.96067e-05,1.74164e-05,1.61199e-05,1.5562e-05,1.56559e-05,1.64119e-05,1.79532e-05,2.05169e-05,2.44405e-05,3.01334e-05,3.80376e-05,4.85795e-05,6.2118e-05,7.88929e-05,9.8979e-05,0.000122252,0.000148367,0.000176766,0.000206696,0.000237257,0.000267471,0.000296355,0.000323004,0.000346659,0.000366759,0.000382968,0.000395167,0.000403426,0.000407944,0.000408988,0.000406828,0.000401686,0.000393708,0.000382965,0.000369473,0.000353235,0.000334296,0.000312786,0.000288959,0.000263209,0.000236066,0.000208167,0.000180218,0.000152939,0.000127015,0.000103051,8.15363e-05,6.28261e-05,4.71337e-05,3.45368e-05,2.49936e-05,1.83668e-05,1.44516e-05,1.30053e-05,1.37752e-05,1.65205e-05,2.10267e-05,2.71109e-05,3.46156e-05,4.33945e-05,5.32905e-05,6.41103e-05,7.56e-05,8.74261e-05,9.91651e-05,0.000110307,0.000120269,0.000128431,0.000134171,0.000136919,0.000136207,0.000131719,0.000123329,0.00011113,9.54389e-05,7.67906e-05,5.59041e-05,3.36383e-05,1.0934e-05,-9.90758e-06,-2.77907e-05,-4.25033e-05,-5.30492e-05,-5.85416e-05,-5.86002e-05,-5.34662e-05,-4.39477e-05,-3.1192e-05,-1.63204e-05,0
0,-1.38044e-05,-2.63538e-05,-3.63818e-05,-4.28417e-05,-4.47697e-05,-4.16216e-05,-3.34621e-05,-2.09758e-05,-5.3229e-06,1.21066e-05,3.01213e-05,4.85155e-05,6.6451e-05,8.20346e-05,9.46321e-05,0.000103802,0.000109323,0.000111205,0.000109677,0.000105158,9.82097e-05,8.94866e-05,7.96733e-05,6.94296e-05,5.93409e-05,4.98816e-05,4.13933e-05,3.40803e-05,2.80196e-05,2.31861e-05,1.94862e-05,1.67979e-05,1.50113e-05,1.40644e-05,1.39715e-05,1.48392e-05,1.68693e-05,2.03478e-05,2.56207e-05,3.30582e-05,4.30121e-05,5.57693e-05,7.1506e-05,9.02489e-05,0.000111847,0.000135958,0.000162055,0.00018945,0.000217337,0.000244851,0.000271134,0.000295397,0.000316986,0.000335413,0.000350383,0.000361787,0.000369669,0.000374191,0.000375569,0.000374028,0.000369757,0.000362885,0.00035348,0.000341564,0.000327147,0.000310269,0.000291041,0.000269675,0.000246503,0.000221979,0.000196657,0.000171162,0.000146146,0.000122247,0.000100042,8.00192e-05,6.25481e-05,4.78742e-05,3.61166e-05,2.72804e-05,2.1276e-05,1.7944e-05,1.70814e-05,1.84665e-05,2.18788e-05,2.71109e-05,3.39723e-05,4.22834e-05,5.18615e-05,6.2502e-05,7.39568e-05,8.59154e-05,9.79915e-05,0.000109719,0.000120561,0.00012993,0.000137218,0.000141841,0.000143286,0.000141157,0.000135216,0.000125421,0.000111941,9.51611e-05,7.56638e-05,5.41984e-05,3.16325e-05,8.89496e-06,-1.18012e-05,-2.93876e-05,-4.36502e-05,-5.3659e-05,-5.86177e-05,-5.82344e-05,-5.28191e-05,-4.32151e-05,-3.05666e-05,-1.59584e-05,0
0,-1.3727e-05,-2.62143e-05,-3.63175e-05,-4.30052e-05,-4.52938e-05,-4.25839e-05,-3.48588e-05,-2.27102e-05,-7.21141e-06,1.03134e-05,2.86994e-05,4.76959e-05,6.64498e-05,8.311e-05,9.70076e-05,0.000107646,0.000114732,0.000118191,0.00011816,0.000114967,0.000109094,0.000101129,9.17105e-05,8.14774e-05,7.10201e-05,6.0842e-05,5.13355e-05,4.27712e-05,3.53025e-05,2.89829e-05,2.37931e-05,1.96755e-05,1.6569e-05,1.44423e-05,1.33205e-05,1.33016e-05,1.45611e-05,1.73438e-05,2.19437e-05,2.8673e-05,3.78243e-05,4.96298e-05,6.42208e-05,8.15945e-05,0.00010159,0.000123878,0.00014797,0.000173238,0.000198957,0.000224355,0.000248666,0.000271191,0.000291343,0.000308681,0.000322929,0.000333968,0.000341811,0.000346574,0.000348426,0.000347544,0.000344086,0.000338164,0.000329843,0.000319152,0.000306114,0.000290777,0.000273248,0.000253723,0.000232504,0.000209997,0.000186704,0.000163196,0.000140073,0.000117933,9.73271e-05,7.87297e-05,6.2514e-05,4.89391e-05,3.81477e-05,3.01743e-05,2.49618e-05,2.23825e-05,2.22618e-05,2.43993e-05,2.85863e-05,3.46156e-05,4.22834e-05,5.13835e-05,6.16947e-05,7.2965e-05,8.4894e-05,9.712e-05,0.000109212,0.000120672,0.00013095,0.000139462,0.000145631,0.000148922,0.000148888,0.000145212,0.00013774,0.000126515,0.000111778,9.39758e-05,7.37307e-05,5.18116e-05,2.90835e-05,6.45235e-06,-1.39659e-05,-3.11384e-05,-4.4858e-05,-5.42654e-05,-5.8655e-05,-5.78198e-05,-5.21305e-05,-4.24563e-05,-2.99297e-05,-1.55937e-05,0
0,-1.36507e-05,-2.60819e-05,-3.62757e-05,-4.3221e-05,-4.5919e-05,-4.37188e-05,-3.6523e-05,-2.48282e-05,-9.61548e-06,7.86438e-06,2.64817e-05,4.59506e-05,6.54108e-05,8.30605e-05,9.82063e-05,0.000110306,0.000119,0.000124134,0.000125754,0.000124097,0.000119557,0.000112645,0.000103944,9.40571e-05,8.35655e-05,7.29869e-05,6.27506e-05,5.31819e-05,4.45012e-05,3.68343e-05,3.02336e-05,2.47049e-05,2.02386e-05,1.6839e-05,1.45485e-05,1.34646e-05,1.37459e-05,1.5607e-05,1.93017e-05,2.50976e-05,3.3243e-05,4.39307e-05,5.72633e-05,7.32232e-05,9.16524e-05,0.000112244,0.000134551,0.000158002,0.000181943,0.000205675,0.000228507,0.000249799,0.000269012,0.000285726,0.000299663,0.00031068,0.000318754,0.000323946,0.000326375,0.000326175,0.000323469,0.000318354,0.000310893,0.000301127,0.000289098,0.000274871,0.000258568,0.000240389,0.000220624,0.000199661,0.00017797,0.000156086,0.000134572,0.000113992,9.48705e-05,7.76622e-05,6.27321e-05,5.03396e-05,4.06361e-05,3.36709e-05,2.94049e-05,2.77298e-05,2.84875e-05,3.14893e-05,3.65297e-05,4.33945e-05,5.18615e-05,6.16947e-05,7.26339e-05,8.43813e-05,9.65894e-05,0.000108853,0.000120707,0.000131635,0.000141084,0.000148493,0.000153324,0.000155104,0.00015346,0.000148158,0.000139132,0.000126504,0.000110584,9.18683e-05,7.10114e-05,4.8789e-05,2.6052e-05,3.67233e-06,-1.63386e-05,-3.29913e-05,-4.60909e-05,-5.48509e-05,-5.8654e-05,-5.73705e-05,-5.14225e-05,-4.16948e-05,-2.93004e-05,-1.52371e-05,0
0,-1.35749e-05,-2.59552e-05,-3.62517e-05,-4.34777e-05,-4.66247e-05,-4.49951e-05,-3.84139e-05,-2.7283e-05,-1.24883e-05,4.79876e-06,2.34912e-05,4.32772e-05,6.32973e-05,8.18072e-05,9.81003e-05,0.000111598,0.000121887,0.000128736,0.000132108,0.000132147,0.000129156,0.000123565,0.000115889,0.000106684,9.65063e-05,8.58727e-05,7.52345e-05,6.49582e-05,5.53193e-05,4.65074e-05,3.864e-05,3.17844e-05,2.59827e-05,2.12775e-05,1.77346e-05,1.54584e-05,1.45999e-05,1.53538e-05,1.79459e-05,2.26116e-05,2.95681e-05,3.89829e-05,5.09432e-05,6.54291e-05,8.22957e-05,0.000101265,0.000121933,0.000143785,0.000166225,0.000188619,0.00021033,0.000230763,0.000249401,0.000265832,0.000279762,0.000291011,0.000299508,0.000305261,0.000308333,0.000308814,0.000306796,0.000302359,0.000295568,0.000286481,0.000275164,0.000261711,0.000246268,0.000229055,0.000210371,0.0001906,0.000170199,0.000149678,0.000129574,0.000110422,9.2716e-05,7.68894e-05,6.3289e-05,5.21635e-05,4.36603e-05,3.78307e-05,3.46415e-05,3.39917e-05,3.57295e-05,3.96682e-05,4.55977e-05,5.32905e-05,6.2502e-05,7.2965e-05,8.43813e-05,9.64119e-05,0.00010867,0.000120716,0.000132064,0.000142192,0.00015056,0.000156641,0.000159951,0.000160085,0.000156751,0.000149801,0.000139253,0.000125301,0.000108317,8.88372e-05,6.75337e-05,4.51776e-05,2.25939e-05,6.10854e-07,-1.88713e-05,-3.49115e-05,-4.73314e-05,-5.54158e-05,-5.86298e-05,-5.6912e-05,-5.07244e-05,-4.09579e-05,-2.86992e-05,-1.48992e-05,0
0,-1.34992e-05,-2.58338e-05,-3.62425e-05,-4.37667e-05,-4.73936e-05,-4.63847e-05,-4.04925e-05,-3.00266e-05,-1.57772e-05,1.16694e-06,1.97681e-05,3.96967e-05,6.01022e-05,7.93061e-05,9.65997e-05,0.000111381,0.000123192,0.000131737,0.0001369,0.000138738,0.000137463,0.000133419,0.000127047,0.000118843,0.000109327,9.89983e-05,8.83154e-05,7.76702e-05,6.73802e-05,5.7687e-05,4.87651e-05,4.07379e-05,3.36972e-05,2.77255e-05,2.29153e-05,1.93845e-05,1.72846e-05,1.68e-05,1.81392e-05,2.15172e-05,2.7132e-05,3.51377e-05,4.56171e-05,5.85583e-05,7.38373e-05,9.12107e-05,0.000110319,0.000130699,0.000151814,0.000173078,0.0001939,0.000213714,0.000232015,0.000248383,0.000262496,0.000274133,0.000283167,0.000289549,0.000293287,0.000294426,0.000293027,0.000289157,0.000282885,0.000274289,0.000263464,0.00025054,0.000235699,0.000219189,0.00020133,0.000182516,0.000163199,0.000143878,0.000125067,0.000107271,9.09591e-05,7.65339e-05,6.4318e-05,5.45403e-05,4.73342e-05,4.2742e-05,4.07258e-05,4.11817e-05,4.39547e-05,4.88519e-05,5.56522e-05,6.41103e-05,7.39568e-05,8.4894e-05,9.65894e-05,0.00010867,0.000120717,0.000132273,0.000142841,0.00015191,0.000158966,0.00016353,0.000165179,0.000163584,0.000158537,0.000149973,0.000137987,0.000122841,0.000104955,8.4892e-05,6.33295e-05,4.10215e-05,1.87561e-05,-2.69069e-06,-2.15338e-05,-3.68844e-05,-4.85815e-05,-5.59774e-05,-5.86111e-05,-5.64785e-05,-5.00705e-05,-4.02745e-05,-2.81464e-05,-1.45902e-05,0
0,-1.34236e-05,-2.5718e-05,-3.62468e-05,-4.40823e-05,-4.8212e-05,-4.78634e-05,-4.27225e-05,-3.30114e-05,-1.94263e-05,-2.97193e-06,1.53675e-05,3.52523e-05,5.58478e-05,7.5549e-05,9.36569e-05,0.000109559,0.000122762,0.000132922,0.000139852,0.000143528,0.000144075,0.000141752,0.000136918,0.000130005,0.00012148,0.000111816,0.00010146,9.08144e-05,8.02232e-05,6.99672e-05,6.02672e-05,5.12947e-05,4.31869e-05,3.60647e-05,3.00493e-05,2.52762e-05,2.19038e-05,2.01146e-05,2.0109e-05,2.20915e-05,2.62511e-05,3.27385e-05,4.16415e-05,5.29638e-05,6.66088e-05,8.23709e-05,9.99369e-05,0.000118896,0.000138762,0.000158995,0.000179039,0.00019835,0.000216425,0.000232828,0.000247204,0.000259284,0.000268886,0.000275901,0.000280283,0.000282032,0.000281181,0.000277786,0.000271922,0.000263687,0.000253212,0.000240665,0.000226271,0.000210313,0.000193138,0.000175156,0.000156823,0.000138627,0.000121064,0.000104614,8.97119e-05,7.67294e-05,6.59579e-05,5.75992e-05,5.17642e-05,4.84776e-05,4.76878e-05,4.92798e-05,5.30878e-05,5.89066e-05,6.64991e-05,7.56e-05,8.59154e-05,9.712e-05,0.000108853,0.000120716,0.000132273,0.000143056,0.000152578,0.000160348,0.000165895,0.000168795,0.000168695,0.000165346,0.00015862,0.000148533,0.000135249,0.000119083,0.000100491,8.00515e-05,5.8432e-05,3.63582e-05,1.45724e-05,-6.20817e-06,-2.43161e-05,-3.89159e-05,-4.98621e-05,-5.65682e-05,-5.86372e-05,-5.61104e-05,-4.94967e-05,-3.96724e-05,-2.76598e-05,-1.43185e-05,0
0,-1.33477e-05,-2.5608e-05,-3.62639e-05,-4.442e-05,-4.90691e-05,-4.94105e-05,-4.50711e-05,-3.61916e-05,-2.33782e-05,-7.55238e-06,1.03575e-05,3.00072e-05,5.05843e-05,7.05642e-05,8.92679e-05,0.000106084,0.000120501,0.000132135,0.000140742,0.000146227,0.000148635,0.000148141,0.000145024,0.000139644,0.000132408,0.000123748,0.000114087,0.000103822,9.33076e-05,8.28496e-05,7.27022e-05,6.3075e-05,5.41438e-05,4.60637e-05,3.8984e-05,3.30597e-05,2.84605e-05,2.5373e-05,2.39968e-05,2.45339e-05,2.71727e-05,3.2068e-05,3.93199e-05,4.8954e-05,6.09055e-05,7.50098e-05,9.10012e-05,0.00010852,0.000127127,0.000146326,0.000165593,0.000184399,0.00020224,0.000218662,0.000233273,0.000245757,0.000255875,0.000263463,0.000268422,0.00027071,0.000270334,0.00026734,0.00026181,0.000253868,0.000243676,0.000231446,0.000217443,0.000201989,0.000185463,0.000168289,0.00015093,0.000133867,0.000117575,0.000102506,8.9062e-05,7.75775e-05,6.83082e-05,6.14229e-05,5.70033e-05,5.50499e-05,5.54908e-05,5.81936e-05,6.29766e-05,6.96181e-05,7.78631e-05,8.74261e-05,9.79915e-05,0.000109212,0.000120707,0.000132064,0.000142841,0.000152578,0.000160807,0.000167074,0.000170959,0.000172102,0.000170225,0.000165156,0.000156847,0.000145382,0.000130983,0.000114009,9.49364e-05,7.43414e-05,5.28728e-05,3.12169e-05,1.00627e-05,-9.93533e-06,-2.72273e-05,-4.10297e-05,-5.12093e-05,-5.72318e-05,-5.87534e-05,-5.58491e-05,-4.90365e-05,-3.91753e-05,-2.72535e-05,-1.409e-05,0
0,-1.32707e-05,-2.55034e-05,-3.62925e-05,-4.47761e-05,-4.99554e-05,-5.10078e-05,-4.75084e-05,-3.95234e-05,-2.75752e-05,-1.25047e-05,4.8161e-06,2.40421e-05,4.43881e-05,6.44148e-05,8.34731e-05,0.000100964,0.000116371,0.000129284,0.000139416,0.000146612,0.000150848,0.00015222,0.00015093,0.000147263,0.000141563,0.000134208,0.000125587,0.000116075,0.000106025,9.57495e-05,8.55239e-05,7.5584e-05,6.61343e-05,5.73584e-05,4.94299e-05,4.25227e-05,3.68197e-05,3.25151e-05,2.98126e-05,2.89175e-05,3.00235e-05,3.32955e-05,3.8851e-05,4.67416e-05,5.69374e-05,6.93168e-05,8.36622e-05,9.9664e-05,0.000116931,0.00013501,0.000153403,0.000171599,0.000189092,0.000205409,0.000220128,0.000232886,0.000243394,0.000251434,0.000256862,0.000259597,0.000259621,0.000256972,0.000251744,0.000244079,0.000234174,0.000222281,0.000208705,0.000193803,0.000177981,0.000161681,0.000145367,0.00012951,0.000114565,0.000100951,8.90327e-05,7.91062e-05,7.13865e-05,6.60047e-05,6.30092e-05,6.23713e-05,6.39947e-05,6.77258e-05,7.3364e-05,8.06701e-05,8.93714e-05,9.91651e-05,0.000109719,0.000120672,0.000131635,0.000142192,0.00015191,0.000160348,0.000167074,0.00017168,0.000173806,0.00017316,0.000169541,0.00016285,0.000153108,0.000140459,0.000125171,0.000107628,8.83148e-05,6.77935e-05,4.66813e-05,2.56176e-05,5.23311e-06,-1.38819e-05,-3.02926e-05,-4.32641e-05,-5.26694e-05,-5.80172e-05,-5.90055e-05,-5.57329e-05,-4.87176e-05,-3.88001e-05,-2.69355e-05,-1.39071e-05,0
0,-1.31906e-05,-2.54015e-05,-3.63291e-05,-4.51448e-05,-5.08609e-05,-5.26377e-05,-5.00058e-05,-4.29649e-05,-3.19599e-05,-1.77562e-05,-1.17096e-06,1.7452e-05,3.73577e-05,5.71961e-05,7.63549e-05,9.42586e-05,0.000110397,0.000124348,0.000135796,0.00014454,0.000150497,0.000153696,0.000154266,0.000152419,0.000148434,0.000142629,0.000135347,0.000126933,0.000117719,0.000108014,9.80969e-05,8.82181e-05,7.86001e-05,6.94457e-05,6.09472e-05,5.32945e-05,4.66822e-05,4.13133e-05,3.73983e-05,3.51489e-05,3.47676e-05,3.64331e-05,4.02833e-05,4.63981e-05,5.47843e-05,6.5364e-05,7.79684e-05,9.23379e-05,0.00010813,0.000124931,0.000142276,0.000159671,0.000176613,0.000192617,0.000207231,0.000220057,0.000230762,0.000239084,0.000244836,0.000247905,0.000248254,0.000245914,0.000240985,0.000233632,0.00022408,0.000212615,0.000199577,0.000185353,0.000170368,0.000155077,0.00013994,0.000125414,0.000111927,9.98643e-05,8.95497e-05,8.12354e-05,7.50937e-05,7.12154e-05,6.96127e-05,7.02255e-05,7.2931e-05,7.75534e-05,8.38731e-05,9.16345e-05,0.000100551,0.000110307,0.000120561,0.00013095,0.000141084,0.00015056,0.000158966,0.000165895,0.000170959,0.000173806,0.000174141,0.000171742,0.000166479,0.000158321,0.000147348,0.000133751,0.000117827,9.99737e-05,8.06669e-05,6.04453e-05,3.9885e-05,1.95727e-05,7.87764e-08,-1.80695e-05,-3.35476e-05,-4.56641e-05,-5.42915e-05,-5.89716e-05,-5.94336e-05,-5.57907e-05,-4.85574e-05,-3.8554e-05,-2.67067e-05,-1.37685e-05,0
0,-1.31042e-05,-2.52971e-05,-3.63667e-05,-4.55169e-05,-5.17723e-05,-5.42806e-05,-5.25341e-05,-4.64739e-05,-3.64746e-05,-2.32321e-05,-7.51222e-06,1.03431e-05,2.96105e-05,4.90308e-05,6.8034e-05,8.60759e-05,0.000102663,0.000117376,0.000129883,0.000139953,0.000147457,0.000152367,0.000154749,0.000154748,0.000152577,0.000148494,0.000142788,0.000135762,0.000127719,0.000118948,0.000109721,0.000100286,9.08723e-05,8.16925e-05,7.29493e-05,6.48427e-05,5.75759e-05,5.13592e-05,4.64093e-05,4.29453e-05,4.11797e-05,4.13062e-05,4.34841e-05,4.78222e-05,5.43643e-05,6.30759e-05,7.38366e-05,8.64374e-05,0.000100584,0.000115907,0.000131976,0.000148317,0.000164439,0.000179851,0.000194084,0.000206715,0.000217374,0.000225766,0.00023167,0.000234948,0.000235547,0.000233492,0.00022889,0.000221922,0.000212836,0.000201945,0.000189613,0.000176249,0.000162291,0.000148192,0.000134406,0.000121365,0.000109468,9.90601e-05,9.04206e-05,8.37562e-05,7.91945e-05,7.67847e-05,7.6502e-05,7.8255e-05,8.18949e-05,8.72248e-05,9.40087e-05,0.000101978,0.000110838,0.000120269,0.00012993,0.000139462,0.000148493,0.000156641,0.00016353,0.000168795,0.000172102,0.00017316,0.000171742,0.000167694,0.000160947,0.000151531,0.000139572,0.000125291,0.000109004,9.1104e-05,7.20483e-05,5.23411e-05,3.25115e-05,1.30906e-05,-5.41076e-06,-2.25248e-05,-3.70306e-05,-4.82741e-05,-5.61197e-05,-6.01328e-05,-6.00648e-05,-5.60377e-05,-4.85596e-05,-3.84329e-05,-2.65596e-05,-1.36685e-05,0
0,-1.30063e-05,-2.51814e-05,-3.63933e-05,-4.58771e-05,-5.26705e-05,-5.59118e-05,-5.50602e-05,-5.00053e-05,-4.10596e-05,-2.88555e-05,-1.41116e-05,2.83024e-06,2.12786e-05,4.00645e-05,5.86636e-05,7.65686e-05,9.33126e-05,0.000108488,0.000121762,0.000132886,0.000141701,0.000148135,0.000152201,0.000153987,0.000153642,0.000151366,0.000147392,0.000141975,0.000135377,0.000127858,0.000119667,0.000111041,0.000102203,9.33623e-05,8.47239e-05,7.64901e-05,6.88673e-05,6.20686e-05,5.63149e-05,5.18308e-05,4.88378e-05,4.75434e-05,4.81272e-05,5.07262e-05,5.54193e-05,6.22146e-05,7.1039e-05,8.17339e-05,9.40549e-05,0.000107678,0.000122212,0.000137214,0.000152209,0.000166711,0.000180248,0.00019238,0.000202719,0.000210943,0.000216811,0.000220166,0.000220941,0.000219159,0.00021493,0.000208446,0.000199971,0.000189833,0.000178413,0.000166126,0.000153412,0.000140715,0.000128469,0.000117079,0.000106902,9.82417e-05,9.13307e-05,8.63279e-05,8.33156e-05,8.2302e-05,8.32266e-05,8.59687e-05,9.03561e-05,9.61747e-05,0.000103177,0.000111088,0.000119611,0.000128431,0.000137218,0.000145631,0.000153324,0.000159951,0.000165179,0.000168695,0.000170225,0.000169541,0.000166479,0.000160947,0.000152934,0.000142513,0.000129842,0.000115163,9.87909e-05,8.11038e-05,6.25306e-05,4.35338e-05,2.45921e-05,6.18117e-06,-1.12446e-05,-2.72712e-05,-4.07736e-05,-5.11281e-05,-5.81837e-05,-6.15212e-05,-6.09078e-05,-5.64706e-05,-4.87117e-05,-3.84196e-05,-2.64781e-05,-1.35971e-05,0
0,-1.28901e-05,-2.50416e-05,-3.63907e-05,-4.62026e-05,-5.35283e-05,-5.74983e-05,-5.75438e-05,-5.3509e-05,-4.56508e-05,-3.45454e-05,-2.0869e-05,-4.96528e-06,1.25046e-05,3.04603e-05,4.84232e-05,6.59267e-05,8.25363e-05,9.78663e-05,0.000111593,0.000123466,0.000133306,0.000141014,0.000146563,0.000149992,0.000151396,0.00015092,0.000148743,0.000145067,0.000140109,0.000134089,0.000127225,0.000119731,0.000111809,0.000103658,9.54731e-05,8.74509e-05,7.97932e-05,7.27106e-05,6.6423e-05,6.11568e-05,5.71394e-05,5.45892e-05,5.37032e-05,5.46434e-05,5.75214e-05,6.23851e-05,6.92074e-05,7.78791e-05,8.82068e-05,9.99155e-05,0.000112658,0.000126028,0.000139578,0.000152841,0.000165353,0.000176673,0.000186405,0.000194218,0.000199856,0.000203153,0.000204034,0.000202519,0.000198719,0.000192831,0.000185125,0.000175934,0.00016564,0.000154656,0.000143408,0.000132322,0.000121799,0.000112207,0.000103862,9.70176e-05,9.18579e-05,8.84941e-05,8.69642e-05,8.72376e-05,8.92212e-05,9.27687e-05,9.76896e-05,0.000103758,0.000110722,0.000118306,0.000126223,0.000134171,0.000141841,0.000148922,0.000155104,0.000160085,0.000163584,0.000165346,0.000165156,0.00016285,0.000158321,0.000151531,0.000142513,0.000131372,0.000118285,0.000103497,8.73119e-05,7.00831e-05,5.22029e-05,3.40884e-05,1.61672e-05,-1.13736e-06,-1.74222e-05,-3.23197e-05,-4.47924e-05,-5.42401e-05,-6.04903e-05,-6.31331e-05,-6.19473e-05,-5.70642e-05,-4.89832e-05,-3.84839e-05,-2.64377e-05,-1.35405e-05,0
0,-1.27469e-05,-2.48606e-05,-3.63343e-05,-4.6462e-05,-5.43079e-05,-5.89967e-05,-5.99345e-05,-5.69255e-05,-5.01774e-05,-4.02157e-05,-2.76795e-05,-1.29169e-05,3.43912e-06,2.03935e-05,3.75119e-05,5.43691e-05,7.05667e-05,8.57476e-05,9.96072e-05,0.000111901,0.000122448,0.000131133,0.0001379,0.000142753,0.000145745,0.00014697,0.000146557,0.000144657,0.000141439,0.000137078,0.000131755,0.000125646,0.000118928,0.000111777,0.000104369,9.68841e-05,8.95128e-05,8.24555e-05,7.5925e-05,7.01442e-05,6.53411e-05,6.17403e-05,5.9552e-05,5.89585e-05,6.01e-05,6.30607e-05,6.78567e-05,7.4427e-05,8.26293e-05,9.22403e-05,0.000102962,0.000114433,0.000126243,0.000137957,0.00014913,0.000159335,0.000168186,0.000175351,0.000180574,0.000183685,0.000184606,0.000183355,0.000180042,0.000174859,0.000168074,0.000160014,0.00015105,0.000141575,0.000131994,0.000122697,0.00011405,0.000106372,9.99318e-05,9.49316e-05,9.15058e-05,8.97187e-05,8.95667e-05,9.09838e-05,9.38493e-05,9.79969e-05,0.000103224,0.0001093,0.000115976,0.000122986,0.00013006,0.000136919,0.000143286,0.000148888,0.00015346,0.000156751,0.000158537,0.00015862,0.000156847,0.000153108,0.000147348,0.000139572,0.000129842,0.000118285,0.000105082,9.04679e-05,7.4726e-05,5.81775e-05,4.11737e-05,2.40856e-05,7.29226e-06,-8.8307e-06,-2.39244e-05,-3.76593e-05,-4.90774e-05,-5.75961e-05,-6.3017e-05,-6.49355e-05,-6.31409e-05,-5.77708e-05,-4.93258e-05,-3.85828e-05,-2.64065e-05,-1.34817e-05,0
0,-1.25664e-05,-2.46176e-05,-3.6193e-05,-4.66149e-05,-5.49609e-05,-6.0351e-05,-6.21695e-05,-6.01842e-05,-5.45586e-05,-4.57727e-05,-3.44326e-05,-2.08933e-05,-5.76199e-06,1.00474e-05,2.61414e-05,4.2135e-05,5.76669e-05,7.24124e-05,8.60919e-05,9.84775e-05,0.000109396,0.000118726,0.000126401,0.000132399,0.00013674,0.000139482,0.000140706,0.000140519,0.00013904,0.000136401,0.000132735,0.000128182,0.000122881,0.000116977,0.000110618,0.00010396,9.71734e-05,9.04404e-05,8.39599e-05,7.79444e-05,7.26165e-05,6.8201e-05,6.49153e-05,6.29565e-05,6.24881e-05,6.36257e-05,6.64248e-05,7.08704e-05,7.68708e-05,8.42562e-05,9.2782e-05,0.000102138,0.000111963,0.000121861,0.000131423,0.000140251,0.000147977,0.000154284,0.000158926,0.000161736,0.000162638,0.000161647,0.000158867,0.000154483,0.000148749,0.000141974,0.000134506,0.000126708,0.000118947,0.000111572,0.0001049,9.91991e-05,9.46846e-05,9.15067e-05,8.97505e-05,8.94357e-05,9.0521e-05,9.29103e-05,9.64611e-05,0.000100994,0.000106302,0.000112157,0.000118321,0.000124548,0.000130591,0.000136207,0.000141157,0.000145212,0.000148158,0.000149801,0.000149973,0.000148533,0.000145382,0.000140459,0.000133751,0.000125291,0.000115163,0.000103497,9.04679e-05,7.62923e-05,6.1224e-05,4.55478e-05,2.95731e-05,1.36266e-05,-1.95621e-06,-1.68409e-05,-3.07048e-05,-4.32485e-05,-5.35857e-05,-6.11473e-05,-6.57063e-05,-6.68632e-05,-6.44185e-05,-5.85198e-05,-4.96748e-05,-3.86633e-05,-2.63469e-05,-1.34011e-05,0
0,-1.23374e-05,-2.4289e-05,-3.59306e-05,-4.6613e-05,-5.5428e-05,-6.1493e-05,-6.41724e-05,-6.32013e-05,-5.87022e-05,-5.11132e-05,-4.10105e-05,-2.87579e-05,-1.49388e-05,-3.90256e-07,1.45307e-05,2.9476e-05,4.41206e-05,5.81726e-05,7.13815e-05,8.35421e-05,9.44958e-05,0.000104129,0.000112372,0.000119192,0.000124587,0.000128586,0.000131236,0.000132604,0.000132765,0.000131806,0.000129815,0.00012689,0.000123129,0.000118638,0.000113531,0.000107933,0.000101984,9.58439e-05,8.96886e-05,8.37136e-05,7.81291e-05,7.31534e-05,6.90042e-05,6.58871e-05,6.39822e-05,6.34312e-05,6.4324e-05,6.66879e-05,7.04804e-05,7.55855e-05,8.18151e-05,8.89161e-05,9.65818e-05,0.000104468,0.000112213,0.000119457,0.000125864,0.000131145,0.00013507,0.000137484,0.000138314,0.000137574,0.000135359,0.000131839,0.000127248,0.000121866,0.000116005,0.000109989,0.000104139,9.87506e-05,9.40864e-05,9.03603e-05,8.77311e-05,8.62974e-05,8.6097e-05,8.71092e-05,8.92598e-05,9.24289e-05,9.64593e-05,0.000101166,0.000106344,0.000111778,0.000117249,0.000122537,0.000127428,0.000131719,0.000135216,0.00013774,0.000139132,0.000139253,0.000137987,0.000135249,0.000130983,0.000125171,0.000117827,0.000109004,9.87909e-05,8.73119e-05,7.4726e-05,6.1224e-05,4.70265e-05,3.23802e-05,1.75548e-05,2.8371e-06,-1.14748e-05,-2.50799e-05,-3.76837e-05,-4.90092e-05,-5.8236e-05,-6.48062e-05,-6.84649e-05,-6.88185e-05,-6.5683e-05,-5.9221e-05,-4.99524e-05,-3.86643e-05,-2.62179e-05,-1.32783e-05,0
0,-1.20485e-05,-2.38497e-05,-3.55074e-05,-4.64019e-05,-5.56413e-05,-6.2343e-05,-6.58541e-05,-6.58794e-05,-6.2503e-05,-5.6123e-05,-4.72871e-05,-3.63686e-05,-2.39279e-05,-1.07294e-05,2.90139e-06,1.66493e-05,3.0222e-05,4.33597e-05,5.58412e-05,6.7487e-05,7.81595e-05,8.77597e-05,9.62238e-05,0.000103518,0.000109632,0.000114576,0.000118373,0.000121056,0.000122667,0.000123248,0.00012285,0.000121524,0.000119328,0.000116324,0.000112588,0.000108208,0.000103291,9.79626e-05,9.23722e-05,8.66912e-05,8.11101e-05,7.58339e-05,7.10734e-05,6.70354e-05,6.391e-05,6.18581e-05,6.09981e-05,6.13954e-05,6.30533e-05,6.59084e-05,6.98302e-05,7.46259e-05,8.00495e-05,8.58159e-05,9.16178e-05,9.71455e-05,0.000102106,0.000106244,0.000109354,0.000111299,0.000112014,0.000111508,0.000109868,0.000107242,0.000103836,9.98949e-05,9.56864e-05,9.14858e-05,8.7558e-05,8.41433e-05,8.14447e-05,7.96184e-05,7.87684e-05,7.89432e-05,8.01372e-05,8.22942e-05,8.53138e-05,8.90591e-05,9.33654e-05,9.80493e-05,0.000102917,0.000107772,0.000112421,0.000116677,0.000120366,0.000123329,0.000125421,0.000126515,0.000126504,0.000125301,0.000122841,0.000119083,0.000114009,0.000107628,9.99737e-05,9.1104e-05,8.11038e-05,7.00831e-05,5.81775e-05,4.55478e-05,3.23802e-05,1.88857e-05,5.29784e-06,-8.12986e-06,-2.11293e-05,-3.34251e-05,-4.47434e-05,-5.48235e-05,-6.29067e-05,-6.8447e-05,-7.11641e-05,-7.06749e-05,-6.68154e-05,-5.97687e-05,-5.00718e-05,-3.85211e-05,-2.59773e-05,-1.30931e-05,0
0,-1.16887e-05,-2.32752e-05,-3.48831e-05,-4.59246e-05,-5.55277e-05,-6.28132e-05,-6.7115e-05,-6.81094e-05,-6.58438e-05,-6.0677e-05,-5.31275e-05,-4.3577e-05,-3.25629e-05,-2.07796e-05,-8.52567e-06,3.91158e-06,1.62683e-05,2.83132e-05,3.98528e-05,5.07339e-05,6.08416e-05,7.00962e-05,7.84475e-05,8.58689e-05,9.23508e-05,9.78951e-05,0.000102511,0.000106209,0.000109003,0.000110903,0.000111921,0.000112069,0.000111364,0.000109827,0.000107492,0.000104407,0.000100639,9.628e-05,9.14446e-05,8.62741e-05,8.09338e-05,7.5608e-05,7.0494e-05,6.57925e-05,6.16962e-05,5.83781e-05,5.59787e-05,5.45955e-05,5.4273e-05,5.49975e-05,5.66951e-05,5.92338e-05,6.24313e-05,6.6066e-05,6.98916e-05,7.36546e-05,7.7112e-05,8.00482e-05,8.22909e-05,8.37222e-05,8.42862e-05,8.39919e-05,8.29103e-05,8.1168e-05,7.89364e-05,7.64183e-05,7.38325e-05,7.13993e-05,6.93248e-05,6.77891e-05,6.69353e-05,6.68625e-05,6.7622e-05,6.92163e-05,7.16017e-05,7.46929e-05,7.83699e-05,8.24862e-05,8.68771e-05,9.13681e-05,9.57831e-05,9.99504e-05,0.000103708,0.000106909,0.00010942,0.00011113,0.000111941,0.000111778,0.000110584,0.000108317,0.000104955,0.000100491,9.49364e-05,8.83148e-05,8.06669e-05,7.20483e-05,6.25306e-05,5.22029e-05,4.11737e-05,2.95731e-05,1.75548e-05,5.29784e-06,-6.99373e-06,-1.90927e-05,-3.07532e-05,-4.1718e-05,-5.1728e-05,-6.0534e-05,-6.74381e-05,-7.19088e-05,-7.3646e-05,-7.22825e-05,-6.76806e-05,-6.00485e-05,-4.99428e-05,-3.81693e-05,-2.55853e-05,-1.28271e-05,0
0,-1.1249e-05,-2.25431e-05,-3.40197e-05,-4.51252e-05,-5.50129e-05,-6.28126e-05,-6.78491e-05,-6.97737e-05,-6.85978e-05,-6.46401e-05,-5.83882e-05,-5.0229e-05,-4.06747e-05,-3.0351e-05,-1.95332e-05,-8.4855e-06,2.55158e-06,1.33705e-05,2.38021e-05,3.37165e-05,4.30217e-05,5.16587e-05,5.95946e-05,6.6816e-05,7.33212e-05,7.91136e-05,8.41968e-05,8.85705e-05,9.22284e-05,9.51578e-05,9.73402e-05,9.87542e-05,9.93787e-05,9.9197e-05,9.82022e-05,9.64023e-05,9.38248e-05,9.05213e-05,8.65702e-05,8.20784e-05,7.71801e-05,7.20338e-05,6.68167e-05,6.17162e-05,5.69207e-05,5.26077e-05,4.89328e-05,4.60186e-05,4.39451e-05,4.27436e-05,4.2393e-05,4.28207e-05,4.39077e-05,4.54971e-05,4.74065e-05,4.94422e-05,5.14146e-05,5.31532e-05,5.45203e-05,5.54211e-05,5.58103e-05,5.56949e-05,5.51316e-05,5.42211e-05,5.30982e-05,5.19205e-05,5.08548e-05,5.00639e-05,4.96943e-05,4.9866e-05,5.06638e-05,5.2133e-05,5.42768e-05,5.70574e-05,6.03996e-05,6.41959e-05,6.83142e-05,7.26054e-05,7.69115e-05,8.10736e-05,8.49384e-05,8.83642e-05,9.12248e-05,9.34127e-05,9.48399e-05,9.54389e-05,9.51611e-05,9.39758e-05,9.18683e-05,8.88372e-05,8.4892e-05,8.00515e-05,7.43414e-05,6.77935e-05,6.04453e-05,5.23411e-05,4.35338e-05,3.40884e-05,2.40856e-05,1.36266e-05,2.8371e-06,-8.12986e-06,-1.90927e-05,-2.98428e-05,-4.01493e-05,-4.97668e-05,-5.84465e-05,-6.59484e-05,-7.16377e-05,-7.50026e-05,-7.57304e-05,-7.34768e-05,-6.81359e-05,-5.99442e-05,-4.94779e-05,-3.75492e-05,-2.50066e-05,-1.24648e-05,0
0,-1.07229e-05,-2.16361e-05,-3.28849e-05,-4.39538e-05,-5.40275e-05,-6.22523e-05,-6.79501e-05,-7.07513e-05,-7.06324e-05,-6.78708e-05,-6.29194e-05,-5.61661e-05,-4.80934e-05,-3.92562e-05,-2.99096e-05,-2.02989e-05,-1.06464e-05,-1.14122e-06,8.06611e-06,1.68654e-05,2.51845e-05,3.29837e-05,4.02487e-05,4.69819e-05,5.31944e-05,5.88981e-05,6.40995e-05,6.87957e-05,7.29713e-05,7.65986e-05,7.96386e-05,8.20441e-05,8.37635e-05,8.47469e-05,8.49511e-05,8.43458e-05,8.29197e-05,8.0685e-05,7.76818e-05,7.398e-05,6.96794e-05,6.4908e-05,5.98174e-05,5.4576e-05,4.93606e-05,4.43465e-05,3.96966e-05,3.55512e-05,3.20188e-05,2.9169e-05,2.70283e-05,2.55788e-05,2.4762e-05,2.44837e-05,2.46247e-05,2.50512e-05,2.56281e-05,2.62313e-05,2.67588e-05,2.71398e-05,2.73406e-05,2.7366e-05,2.7258e-05,2.70907e-05,2.69619e-05,2.69833e-05,2.72695e-05,2.79273e-05,2.90455e-05,3.06871e-05,3.28833e-05,3.5631e-05,3.88918e-05,4.25948e-05,4.66404e-05,5.09067e-05,5.52566e-05,5.9545e-05,6.36268e-05,6.73634e-05,7.06286e-05,7.33134e-05,7.53287e-05,7.66071e-05,7.71027e-05,7.67906e-05,7.56638e-05,7.37307e-05,7.10114e-05,6.75337e-05,6.33295e-05,5.8432e-05,5.28728e-05,4.66813e-05,3.9885e-05,3.25115e-05,2.45921e-05,1.61672e-05,7.29226e-06,-1.95621e-06,-1.14748e-05,-2.11293e-05,-3.07532e-05,-4.01493e-05,-4.90953e-05,-5.73529e-05,-6.46805e-05,-7.08481e-05,-7.52898e-05,-7.75219e-05,-7.72264e-05,-7.40893e-05,-6.80407e-05,-5.93463e-05,-4.85987e-05,-3.66103e-05,-2.42133e-05,-1.19947e-05,0
0,-1.01073e-05,-2.05431e-05,-3.14556e-05,-4.23707e-05,-5.25125e-05,-6.10525e-05,-6.73181e-05,-7.09242e-05,-7.1815e-05,-7.02249e-05,-6.65687e-05,-6.12285e-05,-5.46508e-05,-4.73133e-05,-3.9452e-05,-3.12976e-05,-2.30592e-05,-1.49131e-05,-6.99677e-06,5.93695e-07,7.80113e-06,1.46019e-05,2.09982e-05,2.70087e-05,3.26592e-05,3.79744e-05,4.29699e-05,4.76476e-05,5.19921e-05,5.59701e-05,5.95313e-05,6.26119e-05,6.5139e-05,6.70363e-05,6.82307e-05,6.86588e-05,6.82738e-05,6.70512e-05,6.49931e-05,6.21321e-05,5.85321e-05,5.42878e-05,4.95211e-05,4.43765e-05,3.90134e-05,3.35976e-05,2.82923e-05,2.32475e-05,1.85925e-05,1.44272e-05,1.08185e-05,7.79678e-06,5.35777e-06,3.46577e-06,2.06049e-06,1.06557e-06,3.98263e-07,-2.06251e-08,-2.57804e-07,-3.60325e-07,-3.50957e-07,-2.26515e-07,4.07536e-08,4.98995e-07,1.21029e-06,2.2427e-06,3.66162e-06,5.52145e-06,7.85819e-06,1.06839e-05,1.3983e-05,1.77112e-05,2.17967e-05,2.61433e-05,3.06352e-05,3.51434e-05,3.95324e-05,4.36674e-05,4.74205e-05,5.06771e-05,5.33405e-05,5.53348e-05,5.66072e-05,5.71281e-05,5.68898e-05,5.59041e-05,5.41984e-05,5.18116e-05,4.8789e-05,4.51776e-05,4.10215e-05,3.63582e-05,3.12169e-05,2.56176e-05,1.95727e-05,1.30906e-05,6.18117e-06,-1.13736e-06,-8.8307e-06,-1.68409e-05,-2.50799e-05,-3.34251e-05,-4.1718e-05,-4.97668e-05,-5.73529e-05,-6.42413e-05,-7.01961e-05,-7.49988e-05,-7.81672e-05,-7.9254e-05,-7.79437e-05,-7.39583e-05,-6.72659e-05,-5.81595e-05,-4.72414e-05,-3.5315e-05,-2.31873e-05,-1.14108e-05,0
0,-9.40393e-06,-1.92619e-05,-2.97208e-05,-4.03513e-05,-5.04249e-05,-5.91492e-05,-6.58668e-05,-7.01847e-05,-7.20191e-05,-7.15618e-05,-6.91851e-05,-6.52594e-05,-6.01869e-05,-5.43503e-05,-4.79701e-05,-4.12665e-05,-3.44403e-05,-2.76602e-05,-2.10561e-05,-1.47159e-05,-8.68755e-06,-2.9837e-06,2.4102e-06,7.52662e-06,1.24059e-05,1.70866e-05,2.15974e-05,2.59506e-05,3.01378e-05,3.41286e-05,3.78709e-05,4.12938e-05,4.43122e-05,4.68326e-05,4.87601e-05,5.00053e-05,5.04916e-05,5.0162e-05,4.89842e-05,4.69551e-05,4.41031e-05,4.04884e-05,3.62012e-05,3.13581e-05,2.60963e-05,2.05666e-05,1.49249e-05,9.32376e-06,3.90423e-06,-1.21134e-06,-5.92487e-06,-1.01658e-05,-1.38921e-05,-1.70884e-05,-1.97621e-05,-2.19377e-05,-2.36501e-05,-2.49369e-05,-2.58321e-05,-2.63608e-05,-2.65351e-05,-2.63534e-05,-2.58012e-05,-2.4854e-05,-2.34822e-05,-2.16575e-05,-1.93583e-05,-1.65764e-05,-1.33214e-05,-9.62433e-06,-5.539e-06,-1.14189e-06,3.47036e-06,8.18479e-06,1.28773e-05,1.7419e-05,2.16819e-05,2.5546e-05,2.89043e-05,3.16682e-05,3.37702e-05,3.51667e-05,3.58383e-05,3.57884e-05,3.50414e-05,3.36383e-05,3.16325e-05,2.90835e-05,2.6052e-05,2.25939e-05,1.87561e-05,1.45724e-05,1.00627e-05,5.23311e-06,7.87764e-08,-5.41076e-06,-1.12446e-05,-1.74222e-05,-2.39244e-05,-3.07048e-05,-3.76837e-05,-4.47434e-05,-5.1728e-05,-5.84465e-05,-6.46805e-05,-7.01961e-05,-7.47596e-05,-7.81627e-05,-8.00435e-05,-7.99932e-05,-7.77048e-05,-7.29398e-05,-6.57036e-05,-5.63099e-05,-4.53617e-05,-3.36419e-05,-2.19214e-05,-1.07126e-05,0
0,-8.61885e-06,-1.77998e-05,-2.76837e-05,-3.78891e-05,-4.7743e-05,-5.65001e-05,-6.353e-05,-6.84422e-05,-7.11309e-05,-7.17485e-05,-7.06229e-05,-6.81092e-05,-6.45618e-05,-6.02136e-05,-5.5291e-05,-5.00104e-05,-4.45676e-05,-3.91275e-05,-3.3817e-05,-2.87215e-05,-2.38856e-05,-1.93171e-05,-1.49944e-05,-1.08759e-05,-6.90959e-06,-3.04383e-06,7.63955e-07,4.53962e-06,8.28712e-06,1.19857e-05,1.55896e-05,1.90299e-05,2.2219e-05,2.50556e-05,2.74321e-05,2.92416e-05,3.03853e-05,3.078e-05,3.03643e-05,2.9103e-05,2.69913e-05,2.40559e-05,2.03546e-05,1.59743e-05,1.10265e-05,5.64161e-06,-3.75072e-08,-5.86333e-06,-1.16909e-05,-1.73848e-05,-2.28248e-05,-2.791e-05,-3.25611e-05,-3.67208e-05,-4.03519e-05,-4.34345e-05,-4.59616e-05,-4.79348e-05,-4.93591e-05,-5.024e-05,-5.05803e-05,-5.03796e-05,-4.96348e-05,-4.8342e-05,-4.65e-05,-4.41139e-05,-4.11995e-05,-3.77865e-05,-3.39216e-05,-2.96694e-05,-2.51128e-05,-2.03508e-05,-1.54958e-05,-1.06691e-05,-5.99556e-06,-1.59795e-06,2.40863e-06,5.92223e-06,8.85871e-06,1.11553e-05,1.27727e-05,1.36962e-05,1.3935e-05,1.35196e-05,1.24987e-05,1.0934e-05,8.89496e-06,6.45235e-06,3.67233e-06,6.10854e-07,-2.69069e-06,-6.20817e-06,-9.93533e-06,-1.38819e-05,-1.80695e-05,-2.25248e-05,-2.72712e-05,-3.23197e-05,-3.76593e-05,-4.32485e-05,-4.90092e-05,-5.48235e-05,-6.0534e-05,-6.59484e-05,-7.08481e-05,-7.49988e-05,-7.81627e-05,-8.01068e-05,-8.07045e-05,-7.95524e-05,-7.63561e-05,-7.09177e-05,-6.32743e-05,-5.37511e-05,-4.29391e-05,-3.15876e-05,-2.04208e-05,-9.90562e-06,0
0,-7.76336e-06,-1.61742e-05,-2.53635e-05,-3.49987e-05,-4.447e-05,-5.30901e-05,-6.02686e-05,-6.56292e-05,-6.90547e-05,-7.06643e-05,-7.07419e-05,-6.96037e-05,-6.74464e-05,-6.44785e-05,-6.09126e-05,-5.6955e-05,-5.27948e-05,-4.85937e-05,-4.44782e-05,-4.05351e-05,-3.68109e-05,-3.33145e-05,-3.00236e-05,-2.68928e-05,-2.38632e-05,-2.08731e-05,-1.78675e-05,-1.4806e-05,-1.16696e-05,-8.46447e-06,-5.22357e-06,-2.00561e-06,1.10792e-06,4.01773e-06,6.61304e-06,8.77868e-06,1.04027e-05,1.13835e-05,1.16369e-05,1.11015e-05,9.74322e-06,7.55759e-06,4.57103e-06,8.39688e-07,-3.55313e-06,-8.50116e-06,-1.38805e-05,-1.95558e-05,-2.53867e-05,-3.12341e-05,-3.69658e-05,-4.24614e-05,-4.76153e-05,-5.23388e-05,-5.65603e-05,-6.02246e-05,-6.32913e-05,-6.57322e-05,-6.75287e-05,-6.867e-05,-6.9151e-05,-6.89723e-05,-6.81399e-05,-6.66665e-05,-6.45735e-05,-6.18925e-05,-5.86679e-05,-5.49583e-05,-5.08369e-05,-4.63917e-05,-4.17238e-05,-3.69448e-05,-3.21731e-05,-2.75299e-05,-2.31333e-05,-1.90941e-05,-1.55105e-05,-1.24635e-05,-1.00138e-05,-8.19927e-06,-7.03364e-06,-6.50716e-06,-6.58818e-06,-7.2264e-06,-8.3573e-06,-9.90758e-06,-1.18012e-05,-1.39659e-05,-1.63386e-05,-1.88713e-05,-2.15338e-05,-2.43161e-05,-2.72273e-05,-3.02926e-05,-3.35476e-05,-3.70306e-05,-4.07736e-05,-4.47924e-05,-4.90774e-05,-5.35857e-05,-5.8236e-05,-6.29067e-05,-6.74381e-05,-7.16377e-05,-7.52898e-05,-7.81672e-05,-8.00435e-05,-8.07045e-05,-7.99576e-05,-7.77711e-05,-7.37762e-05,-6.78109e-05,-5.99337e-05,-5.04685e-05,-3.99794e-05,-2.91685e-05,-1.87034e-05,-9.00182e-06,0
0,-6.85357e-06,-1.44132e-05,-2.27956e-05,-3.17173e-05,-4.06366e-05,-4.8935e-05,-5.60746e-05,-6.17072e-05,-6.57174e-05,-6.82041e-05,-6.93954e-05,-6.94422e-05,-6.85084e-05,-6.67746e-05,-6.44311e-05,-6.1668e-05,-5.86641e-05,-5.55759e-05,-5.25298e-05,-4.96163e-05,-4.68874e-05,-4.43583e-05,-4.20115e-05,-3.9804e-05,-3.76761e-05,-3.55607e-05,-3.33938e-05,-3.11222e-05,-2.87115e-05,-2.6151e-05,-2.34561e-05,-2.06693e-05,-1.7858e-05,-1.51107e-05,-1.25318e-05,-1.02346e-05,-8.3349e-06,-6.94312e-06,-6.15779e-06,-6.05935e-06,-6.70526e-06,-8.12638e-06,-1.03251e-05,-1.32747e-05,-1.6921e-05,-2.11846e-05,-2.59651e-05,-3.11455e-05,-3.65979e-05,-4.21891e-05,-4.77855e-05,-5.32583e-05,-5.84876e-05,-6.3365e-05,-6.7796e-05,-7.17009e-05,-7.50152e-05,-7.76888e-05,-7.96857e-05,-8.09825e-05,-8.15685e-05,-8.14446e-05,-8.06234e-05,-7.91297e-05,-7.70005e-05,-7.42863e-05,-7.10504e-05,-6.73696e-05,-6.33331e-05,-5.90409e-05,-5.46015e-05,-5.01288e-05,-4.57381e-05,-4.15419e-05,-3.76456e-05,-3.41427e-05,-3.11114e-05,-2.86107e-05,-2.66785e-05,-2.53301e-05,-2.45583e-05,-2.43344e-05,-2.46117e-05,-2.53284e-05,-2.64132e-05,-2.77907e-05,-2.93876e-05,-3.11384e-05,-3.29913e-05,-3.49115e-05,-3.68844e-05,-3.89159e-05,-4.10297e-05,-4.32641e-05,-4.56641e-05,-4.82741e-05,-5.11281e-05,-5.42401e-05,-5.75961e-05,-6.11473e-05,-6.48062e-05,-6.8447e-05,-7.19088e-05,-7.50026e-05,-7.75219e-05,-7.9254e-05,-7.99932e-05,-7.95524e-05,-7.77711e-05,-7.45151e-05,-6.98803e-05,-6.35789e-05,-5.56771e-05,-4.64819e-05,-3.65159e-05,-2.64209e-05,-1.67997e-05,-8.01888e-06,0
0,-5.90998e-06,-1.25541e-05,-2.00313e-05,-2.8104e-05,-3.63025e-05,-4.40844e-05,-5.09761e-05,-5.6671e-05,-6.10717e-05,-6.42756e-05,-6.63432e-05,-6.73726e-05,-6.74882e-05,-6.68369e-05,-6.55812e-05,-6.38892e-05,-6.19243e-05,-5.9835e-05,-5.77455e-05,-5.57495e-05,-5.39066e-05,-5.22413e-05,-5.07458e-05,-4.93851e-05,-4.81044e-05,-4.68377e-05,-4.55168e-05,-4.40801e-05,-4.24799e-05,-4.06888e-05,-3.87033e-05,-3.65459e-05,-3.42643e-05,-3.1929e-05,-2.96293e-05,-2.74678e-05,-2.55537e-05,-2.39968e-05,-2.29003e-05,-2.23547e-05,-2.24329e-05,-2.31857e-05,-2.46389e-05,-2.67923e-05,-2.96189e-05,-3.30667e-05,-3.70611e-05,-4.15082e-05,-4.62989e-05,-5.13137e-05,-5.64275e-05,-6.1514e-05,-6.64503e-05,-7.11206e-05,-7.54191e-05,-7.92527e-05,-8.25429e-05,-8.52264e-05,-8.72559e-05,-8.86004e-05,-8.92451e-05,-8.91909e-05,-8.84546e-05,-8.70677e-05,-8.50767e-05,-8.25418e-05,-7.95361e-05,-7.61442e-05,-7.24605e-05,-6.85863e-05,-6.46277e-05,-6.06914e-05,-5.68816e-05,-5.3296e-05,-5.00218e-05,-4.71326e-05,-4.46852e-05,-4.27173e-05,-4.12464e-05,-4.02696e-05,-3.97642e-05,-3.96902e-05,-3.99933e-05,-4.06092e-05,-4.14688e-05,-4.25033e-05,-4.36502e-05,-4.4858e-05,-4.60909e-05,-4.73314e-05,-4.85815e-05,-4.98621e-05,-5.12093e-05,-5.26694e-05,-5.42915e-05,-5.61197e-05,-5.81837e-05,-6.04903e-05,-6.3017e-05,-6.57063e-05,-6.84649e-05,-7.11641e-05,-7.3646e-05,-7.57304e-05,-7.72264e-05,-7.79437e-05,-7.77048e-05,-7.63561e-05,-7.37762e-05,-6.98803e-05,-6.46288e-05,-5.82284e-05,-5.0543e-05,-4.18478e-05,-3.26099e-05,-2.34005e-05,-1.47517e-05,-6.97998e-06,0
0,-4.95661e-06,-1.06429e-05,-1.71359e-05,-2.42396e-05,-3.1556e-05,-3.86234e-05,-4.50403e-05,-5.05545e-05,-5.51413e-05,-5.87637e-05,-6.14333e-05,-6.32013e-05,-6.41512e-05,-6.43931e-05,-6.40572e-05,-6.32848e-05,-6.2219e-05,-6.09951e-05,-5.97317e-05,-5.85234e-05,-5.7436e-05,-5.65044e-05,-5.5733e-05,-5.5099e-05,-5.4558e-05,-5.40507e-05,-5.3511e-05,-5.28742e-05,-5.20842e-05,-5.11001e-05,-4.9901e-05,-4.84887e-05,-4.68887e-05,-4.51493e-05,-4.33387e-05,-4.1541e-05,-3.98509e-05,-3.83678e-05,-3.71903e-05,-3.64098e-05,-3.61057e-05,-3.63407e-05,-3.71575e-05,-3.85764e-05,-4.05943e-05,-4.31847e-05,-4.62989e-05,-4.98679e-05,-5.3806e-05,-5.80137e-05,-6.23819e-05,-6.67963e-05,-7.11417e-05,-7.53056e-05,-7.91824e-05,-8.26764e-05,-8.57047e-05,-8.81992e-05,-9.01082e-05,-9.13971e-05,-9.20492e-05,-9.20654e-05,-9.14634e-05,-9.02775e-05,-8.85563e-05,-8.63624e-05,-8.37695e-05,-8.08606e-05,-7.77256e-05,-7.44583e-05,-7.11535e-05,-6.79035e-05,-6.47955e-05,-6.19076e-05,-5.93064e-05,-5.70443e-05,-5.51574e-05,-5.36646e-05,-5.25669e-05,-5.18484e-05,-5.14777e-05,-5.14102e-05,-5.15924e-05,-5.19653e-05,-5.24693e-05,-5.30492e-05,-5.3659e-05,-5.42654e-05,-5.48509e-05,-5.54158e-05,-5.59774e-05,-5.65682e-05,-5.72318e-05,-5.80172e-05,-5.89716e-05,-6.01328e-05,-6.15212e-05,-6.31331e-05,-6.49355e-05,-6.68632e-05,-6.88185e-05,-7.06749e-05,-7.22825e-05,-7.34768e-05,-7.40893e-05,-7.39583e-05,-7.29398e-05,-7.09177e-05,-6.78109e-05,-6.35789e-05,-5.82284e-05,-5.1819e-05,-4.46165e-05,-3.66597e-05,-2.83499e-05,-2.01811e-05,-1.26122e-05,-5.91288e-06,0
0,-4.01988e-06,-8.73126e-06,-1.41861e-05,-2.02233e-05,-2.65127e-05,-3.26727e-05,-3.83781e-05,-4.35212e-05,-4.79929e-05,-5.17286e-05,-5.4705e-05,-5.69362e-05,-5.84684e-05,-5.93758e-05,-5.97548e-05,-5.97169e-05,-5.93808e-05,-5.88639e-05,-5.82742e-05,-5.77029e-05,-5.72189e-05,-5.68656e-05,-5.66596e-05,-5.65922e-05,-5.66325e-05,-5.67327e-05,-5.68349e-05,-5.68771e-05,-5.6801e-05,-5.65576e-05,-5.61127e-05,-5.54503e-05,-5.45749e-05,-5.35117e-05,-5.23052e-05,-5.10166e-05,-4.972e-05,-4.84978e-05,-4.74357e-05,-4.66178e-05,-4.61212e-05,-4.60122e-05,-4.63425e-05,-4.71463e-05,-4.84386e-05,-5.02143e-05,-5.24483e-05,-5.50962e-05,-5.80968e-05,-6.13741e-05,-6.48406e-05,-6.84007e-05,-7.19548e-05,-7.54032e-05,-7.86496e-05,-8.1605e-05,-8.41909e-05,-8.63417e-05,-8.8007e-05,-8.91529e-05,-8.97627e-05,-8.98368e-05,-8.9392e-05,-8.84607e-05,-8.70889e-05,-8.53344e-05,-8.32641e-05,-8.0952e-05,-7.84762e-05,-7.59159e-05,-7.33488e-05,-7.08485e-05,-6.84812e-05,-6.63039e-05,-6.4362e-05,-6.26879e-05,-6.12996e-05,-6.0201e-05,-5.93815e-05,-5.88181e-05,-5.84767e-05,-5.83151e-05,-5.82867e-05,-5.83436e-05,-5.84411e-05,-5.85416e-05,-5.86177e-05,-5.8655e-05,-5.8654e-05,-5.86298e-05,-5.86111e-05,-5.86372e-05,-5.87534e-05,-5.90055e-05,-5.94336e-05,-6.00648e-05,-6.09078e-05,-6.19473e-05,-6.31409e-05,-6.44185e-05,-6.5683e-05,-6.68154e-05,-6.76806e-05,-6.81359e-05,-6.80407e-05,-6.72659e-05,-6.57036e-05,-6.32743e-05,-5.99337e-05,-5.56771e-05,-5.0543e-05,-4.46165e-05,-3.8031e-05,-3.10476e-05,-2.38497e-05,-1.6852e-05,-1.04423e-05,-4.84872e-06,0
0,-3.12696e-06,-6.87426e-06,-1.12665e-05,-1.61692e-05,-2.13124e-05,-2.63892e-05,-3.12649e-05,-3.57996e-05,-3.98844e-05,-4.34432e-05,-4.64324e-05,-4.88398e-05,-5.06821e-05,-5.20017e-05,-5.28633e-05,-5.33482e-05,-5.35486e-05,-5.35601e-05,-5.34753e-05,-5.3377e-05,-5.33324e-05,-5.33894e-05,-5.35742e-05,-5.38908e-05,-5.4323e-05,-5.48371e-05,-5.53872e-05,-5.592e-05,-5.63807e-05,-5.67189e-05,-5.68933e-05,-5.68758e-05,-5.66539e-05,-5.62325e-05,-5.56336e-05,-5.48951e-05,-5.40682e-05,-5.32144e-05,-5.24014e-05,-5.1699e-05,-5.11755e-05,-5.0893e-05,-5.09044e-05,-5.12505e-05,-5.19575e-05,-5.30358e-05,-5.44793e-05,-5.62652e-05,-5.83553e-05,-6.06974e-05,-6.32273e-05,-6.58721e-05,-6.85527e-05,-7.11878e-05,-7.36974e-05,-7.60058e-05,-7.80453e-05,-7.97586e-05,-8.11013e-05,-8.20432e-05,-8.25692e-05,-8.26791e-05,-8.23873e-05,-8.17214e-05,-8.07206e-05,-7.94333e-05,-7.79148e-05,-7.62251e-05,-7.44259e-05,-7.25783e-05,-7.07403e-05,-6.89646e-05,-6.72965e-05,-6.57727e-05,-6.44196e-05,-6.32524e-05,-6.22754e-05,-6.14819e-05,-6.08554e-05,-6.03709e-05,-5.99969e-05,-5.96987e-05,-5.94403e-05,-5.91884e-05,-5.8915e-05,-5.86002e-05,-5.82344e-05,-5.78198e-05,-5.73705e-05,-5.6912e-05,-5.64785e-05,-5.61104e-05,-5.58491e-05,-5.57329e-05,-5.57907e-05,-5.60377e-05,-5.64706e-05,-5.70642e-05,-5.77708e-05,-5.85198e-05,-5.9221e-05,-5.97687e-05,-6.00485e-05,-5.99442e-05,-5.93463e-05,-5.81595e-05,-5.63099e-05,-5.37511e-05,-5.04685e-05,-4.64819e-05,-4.18478e-05,-3.66597e-05,-3.10476e-05,-2.51756e-05,-1.92441e-05,-1.35139e-05,-8.30793e-06,-3.82023e-06,0
0,-2.30373e-06,-5.12629e-06,-8.46421e-06,-1.22005e-05,-1.6115e-05,-2.00973e-05,-2.40195e-05,-2.77666e-05,-3.12423e-05,-3.43721e-05,-3.71052e-05,-3.94145e-05,-4.12962e-05,-4.27685e-05,-4.3869e-05,-4.46514e-05,-4.51815e-05,-4.55315e-05,-4.57752e-05,-4.59821e-05,-4.62125e-05,-4.65133e-05,-4.69157e-05,-4.74331e-05,-4.80617e-05,-4.87821e-05,-4.9562e-05,-5.03602e-05,-5.1131e-05,-5.18284e-05,-5.2411e-05,-5.28453e-05,-5.31086e-05,-5.31915e-05,-5.30979e-05,-5.28454e-05,-5.24639e-05,-5.19938e-05,-5.14828e-05,-5.09836e-05,-5.05503e-05,-5.02352e-05,-5.0086e-05,-5.01428e-05,-5.04362e-05,-5.09853e-05,-5.17967e-05,-5.28641e-05,-5.41681e-05,-5.56776e-05,-5.73506e-05,-5.91365e-05,-6.09784e-05,-6.28161e-05,-6.45886e-05,-6.62375e-05,-6.77096e-05,-6.89594e-05,-6.99514e-05,-7.06611e-05,-7.10759e-05,-7.11955e-05,-7.10308e-05,-7.06031e-05,-6.99425e-05,-6.90859e-05,-6.80746e-05,-6.69528e-05,-6.57644e-05,-6.4552e-05,-6.33541e-05,-6.22044e-05,-6.11297e-05,-6.01495e-05,-5.92751e-05,-5.85097e-05,-5.78484e-05,-5.72792e-05,-5.67842e-05,-5.63407e-05,-5.59239e-05,-5.55083e-05,-5.50705e-05,-5.45915e-05,-5.40583e-05,-5.34662e-05,-5.28191e-05,-5.21305e-05,-5.14225e-05,-5.07244e-05,-5.00705e-05,-4.94967e-05,-4.90365e-05,-4.87176e-05,-4.85574e-05,-4.85596e-05,-4.87117e-05,-4.89832e-05,-4.93258e-05,-4.96748e-05,-4.99524e-05,-5.00718e-05,-4.99428e-05,-4.94779e-05,-4.85987e-05,-4.72414e-05,-4.53617e-05,-4.29391e-05,-3.99794e-05,-3.65159e-05,-3.26099e-05,-2.83499e-05,-2.38497e-05,-1.92441e-05,-1.46824e-05,-1.02728e-05,-6.2755e-06,-2.85902e-06,0
0,-1.57203e-06,-3.536e-06,-5.86197e-06,-8.4421e-06,-1.12207e-05,-1.41113e-05,-1.70239e-05,-1.98724e-05,-2.25808e-05,-2.50858e-05,-2.73399e-05,-2.93117e-05,-3.09868e-05,-3.23674e-05,-3.34709e-05,-3.43285e-05,-3.49822e-05,-3.54817e-05,-3.58803e-05,-3.62309e-05,-3.65821e-05,-3.69748e-05,-3.74389e-05,-3.79923e-05,-3.86396e-05,-3.93727e-05,-4.01725e-05,-4.10108e-05,-4.18538e-05,-4.2665e-05,-4.34087e-05,-4.40531e-05,-4.4573e-05,-4.49515e-05,-4.51817e-05,-4.52669e-05,-4.52204e-05,-4.50642e-05,-4.4828e-05,-4.45468e-05,-4.4259e-05,-4.40036e-05,-4.38185e-05,-4.37375e-05,-4.37892e-05,-4.39948e-05,-4.43668e-05,-4.49088e-05,-4.56149e-05,-4.64697e-05,-4.74495e-05,-4.85233e-05,-4.96545e-05,-5.08028e-05,-5.19268e-05,-5.29857e-05,-5.3942e-05,-5.47633e-05,-5.54237e-05,-5.59055e-05,-5.61994e-05,-5.63048e-05,-5.62292e-05,-5.59872e-05,-5.55996e-05,-5.50915e-05,-5.44907e-05,-5.38259e-05,-5.31253e-05,-5.24148e-05,-5.1717e-05,-5.10499e-05,-5.04265e-05,-4.9854e-05,-4.9334e-05,-4.88628e-05,-4.84315e-05,-4.80272e-05,-4.76343e-05,-4.72353e-05,-4.68131e-05,-4.6352e-05,-4.58396e-05,-4.52681e-05,-4.46359e-05,-4.39477e-05,-4.32151e-05,-4.24563e-05,-4.16948e-05,-4.09579e-05,-4.02745e-05,-3.96724e-05,-3.91753e-05,-3.88001e-05,-3.8554e-05,-3.84329e-05,-3.84196e-05,-3.84839e-05,-3.85828e-05,-3.86633e-05,-3.86643e-05,-3.85211e-05,-3.81693e-05,-3.75492e-05,-3.66103e-05,-3.5315e-05,-3.36419e-05,-3.15876e-05,-2.91685e-05,-2.64209e-05,-2.34005e-05,-2.01811e-05,-1.6852e-05,-1.35139e-05,-1.02728e-05,-7.23084e-06,-4.4048e-06,-1.99191e-06,0
0,-9.46094e-07,-2.1396e-06,-3.52894e-06,-5.11393e-06,-6.85839e-06,-8.71211e-06,-1.06189e-05,-1.25224e-05,-1.43703e-05,-1.61171e-05,-1.77262e-05,-1.91707e-05,-2.04345e-05,-2.15121e-05,-2.24087e-05,-2.31391e-05,-2.37263e-05,-2.42e-05,-2.45936e-05,-2.49421e-05,-2.52792e-05,-2.56346e-05,-2.60324e-05,-2.64886e-05,-2.70112e-05,-2.75991e-05,-2.82432e-05,-2.89276e-05,-2.96308e-05,-3.03282e-05,-3.09945e-05,-3.16052e-05,-3.21392e-05,-3.258e-05,-3.29172e-05,-3.31469e-05,-3.32721e-05,-3.33023e-05,-3.32527e-05,-3.31432e-05,-3.29971e-05,-3.28394e-05,-3.26956e-05,-3.25897e-05,-3.25433e-05,-3.25739e-05,-3.26942e-05,-3.29111e-05,-3.32256e-05,-3.36323e-05,-3.41204e-05,-3.46736e-05,-3.52716e-05,-3.58914e-05,-3.65082e-05,-3.70976e-05,-3.76363e-05,-3.81045e-05,-3.84859e-05,-3.87692e-05,-3.89486e-05,-3.90234e-05,-3.8998e-05,-3.88811e-05,-3.86852e-05,-3.84251e-05,-3.81167e-05,-3.77764e-05,-3.74195e-05,-3.70596e-05,-3.67075e-05,-3.63709e-05,-3.60541e-05,-3.57577e-05,-3.54791e-05,-3.52122e-05,-3.49486e-05,-3.4678e-05,-3.43893e-05,-3.40714e-05,-3.37143e-05,-3.33102e-05,-3.28544e-05,-3.23463e-05,-3.17894e-05,-3.1192e-05,-3.05666e-05,-2.99297e-05,-2.93004e-05,-2.86992e-05,-2.81464e-05,-2.76598e-05,-2.72535e-05,-2.69355e-05,-2.67067e-05,-2.65596e-05,-2.64781e-05,-2.64377e-05,-2.64065e-05,-2.63469e-05,-2.62179e-05,-2.59773e-05,-2.55853e-05,-2.50066e-05,-2.42133e-05,-2.31873e-05,-2.19214e-05,-2.04208e-05,-1.87034e-05,-1.67997e-05,-1.47517e-05,-1.26122e-05,-1.04423e-05,-8.30793e-06,-6.2755e-06,-4.4048e-06,-2.73948e-06,-1.23556e-06,0
0,-4.27783e-07,-9.51958e-07,-1.58178e-06,-2.31753e-06,-3.14518e-06,-4.0422e-06,-4.98178e-06,-5.93601e-06,-6.87808e-06,-7.78389e-06,-8.63313e-06,-9.41005e-06,-1.01039e-05,-1.07092e-05,-1.12259e-05,-1.16587e-05,-1.20172e-05,-1.23144e-05,-1.2566e-05,-1.27891e-05,-1.30009e-05,-1.3217e-05,-1.3451e-05,-1.37125e-05,-1.40074e-05,-1.43371e-05,-1.46988e-05,-1.50856e-05,-1.54878e-05,-1.58934e-05,-1.62893e-05,-1.66624e-05,-1.70006e-05,-1.72939e-05,-1.75349e-05,-1.77193e-05,-1.78465e-05,-1.79188e-05,-1.79421e-05,-1.79247e-05,-1.78771e-05,-1.78111e-05,-1.77394e-05,-1.76744e-05,-1.76275e-05,-1.76087e-05,-1.76257e-05,-1.76837e-05,-1.7785e-05,-1.79289e-05,-1.81117e-05,-1.83272e-05,-1.85669e-05,-1.88206e-05,-1.90774e-05,-1.93262e-05,-1.95562e-05,-1.97581e-05,-1.99243e-05,-2.00496e-05,-2.0131e-05,-2.01681e-05,-2.01628e-05,-2.01193e-05,-2.00429e-05,-1.99403e-05,-1.98185e-05,-1.96844e-05,-1.95444e-05,-1.94036e-05,-1.92661e-05,-1.91339e-05,-1.90076e-05,-1.88861e-05,-1.87664e-05,-1.86447e-05,-1.85157e-05,-1.83739e-05,-1.82137e-05,-1.803e-05,-1.78184e-05,-1.75763e-05,-1.7303e-05,-1.69997e-05,-1.66702e-05,-1.63204e-05,-1.59584e-05,-1.55937e-05,-1.52371e-05,-1.48992e-05,-1.45902e-05,-1.43185e-05,-1.409e-05,-1.39071e-05,-1.37685e-05,-1.36685e-05,-1.35971e-05,-1.35405e-05,-1.34817e-05,-1.34011e-05,-1.32783e-05,-1.30931e-05,-1.28271e-05,-1.24648e-05,-1.19947e-05,-1.14108e-05,-1.07126e-05,-9.90562e-06,-9.00182e-06,-8.01888e-06,-6.97998e-06,-5.91288e-06,-4.84872e-06,-3.82023e-06,-2.85902e-06,-1.99191e-06,-1.23556e-06,-5.88844e-07,0
0,0,0,0,0,0,0,0,0,0,0,0,0,0,0,0,0,0,0,0,0,0,0,0,0,0,0,0,0,0,0,0,0,0,0,0,0,0,0,0,0,0,0,0,0,0,0,0,0,0,0,0,0,0,0,0,0,0,0,0,0,0,0,0,0,0,0,0,0,0,0,0,0,0,0,0,0,0,0,0,0,0,0,0,0,0,0,0,0,0,0,0,0,0,0,0,0,0,0,0,0,0,0,0,0,0,0,0,0,0,0,0,0,0,0,0,0,0,0,0
