0,0,0,0,0,0,0,0,0,0,0,0,0,0,0,0,0,0,0,0,0,0,0,0,0,0,0,0,0,0,0,0,0,0,0,0,0,0,0,0,0,0,0,0,0,0,0,0,0,0,0,0,0,0,0,0,0,0,0,0,0,0,0,0,0,0,0,0,0,0,0,0,0,0,0,0,0,0,0,0,0,0,0,0,0,0,0,0,0,0,0,0,0,0,0,0,0,0,0,0,0,0,0,0,0,0,0,0,0,0,0,0,0,0,0,0,0,0,0,0
0,1.47091e-06,2.87239e-06,4.22865e-06,5.51442e-06,6.69558e-06,7.73666e-06,8.60515e-06,9.27389e-06,9.72246e-06,9.93769e-06,9.9139e-06,9.65267e-06,9.16257e-06,8.45853e-06,7.56129e-06,6.49651e-06,5.29396e-06,3.98659e-06,2.60952e-06,1.19911e-06,-2.08055e-07,-1.57604e-06,-2.87052e-06,-4.05965e-06,-5.11487e-06,-6.0117e-06,-6.73041e-06,-7.25668e-06,-7.58198e-06,-7.70401e-06,-7.62672e-06,-7.36031e-06,-6.92088e-06,-6.32981e-06,-5.61303e-06,-4.79989e-06,-3.92199e-06,-3.01182e-06,-2.1014e-06,-1.22091e-06,-3.9743e-07,3.46035e-07,9.91397e-07,1.52595e-06,1.94257e-06,2.23959e-06,2.42041e-06,2.49291e-06,2.46869e-06,2.36223e-06,2.18999e-06,1.96961e-06,1.71909e-06,1.45611e-06,1.19743e-06,9.58457e-07,7.52774e-07,5.91879e-07,4.84917e-07,4.38477e-07,4.56435e-07,5.39831e-07,6.86782e-07,8.92455e-07,1.14909e-06,1.44611e-06,1.77034e-06,2.10634e-06,2.43686e-06,2.74346e-06,3.00726e-06,3.20981e-06,3.33402e-06,3.3652e-06,3.292e-06,3.10728e-06,2.80891e-06,2.4002e-06,1.89021e-06,1.29364e-06,6.30459e-07,-7.48097e-08,-7.94032e-07,-1.49668e-06,-2.15117e-06,-2.72627e-06,-3.19256e-06,-3.52367e-06,-3.69755e-06,-3.69739e-06,-3.51234e-06,-3.13808e-06,-2.57697e-06,-1.83812e-06,-9.37127e-07,1.04314e-07,1.259e-06,2.49498e-06,3.77644e-06,5.06479e-06,6.31982e-06,7.50103e-06,8.56909e-06,9.48729e-06,1.0223e-05,1.07494e-05,1.10462e-05,1.11012e-05,1.09107e-05,1.048e-05,9.82325e-06,8.96263e-06,7.92753e-06,6.75274e-06,5.47614e-06,4.13548e-06,2.76402e-06,1.38441e-06,0
0,2.87239e-06,5.71592e-06,8.37179e-06,1.08558e-05,1.30952e-05,1.50203e-05,1.6571e-05,1.77004e-05,1.83762e-05,1.8581e-05,1.83123e-05,1.75815e-05,1.64131e-05,1.48436e-05,1.29196e-05,1.06966e-05,8.23731e-06,5.60928e-06,2.8834e-06,1.3187e-07,-2.57374e-06,-5.16426e-06,-7.57469e-06,-9.7459e-06,-1.16261e-05,-1.31724e-05,-1.43518e-05,-1.51425e-05,-1.55346e-05,-1.55303e-05,-1.51444e-05,-1.44033e-05,-1.33446e-05,-1.20158e-05,-1.04719e-05,-8.77388e-06,-6.98591e-06,-5.17254e-06,-3.39616e-06,-1.71431e-06,-1.7743e-07,1.17304e-06,2.306e-06,3.20141e-06,3.85041e-06,4.25487e-06,4.42641e-06,4.38502e-06,4.15747e-06,3.77554e-06,3.27423e-06,2.69014e-06,2.05995e-06,1.41913e-06,8.00898e-07,2.35381e-07,-2.51032e-07,-6.36181e-07,-9.02513e-07,-1.03737e-06,-1.03323e-06,-8.87898e-07,-6.04654e-07,-1.92349e-07,3.34592e-07,9.5629e-07,1.6477e-06,2.37914e-06,3.11703e-06,3.82495e-06,4.465e-06,4.99941e-06,5.39232e-06,5.61177e-06,5.63162e-06,5.43341e-06,5.00794e-06,4.35646e-06,3.49136e-06,2.43627e-06,1.22561e-06,-9.66141e-08,-1.47839e-06,-2.86191e-06,-4.18603e-06,-5.38893e-06,-6.4109e-06,-7.19693e-06,-7.69917e-06,-7.87896e-06,-7.70855e-06,-7.17233e-06,-6.26759e-06,-5.00481e-06,-3.40757e-06,-1.51199e-06,6.34168e-07,2.97276e-06,5.43689e-06,7.95284e-06,1.04423e-05,1.2825e-05,1.50213e-05,1.69557e-05,1.85591e-05,1.97724e-05,2.05492e-05,2.08575e-05,2.06822e-05,2.00254e-05,1.8907e-05,1.73641e-05,1.54487e-05,1.32261e-05,1.07702e-05,8.15822e-06,5.46337e-06,2.74413e-06,0
0,4.22865e-06,8.37179e-06,1.23784e-05,1.59187e-05,1.9022e-05,2.15873e-05,2.35359e-05,2.48127e-05,2.53874e-05,2.5252e-05,2.44205e-05,2.29261e-05,2.08198e-05,1.81683e-05,1.50516e-05,1.15602e-05,7.79316e-06,3.85462e-06,-1.48604e-07,-4.10998e-06,-7.92599e-06,-1.14988e-05,-1.47387e-05,-1.75667e-05,-1.99162e-05,-2.17353e-05,-2.2988e-05,-2.36557e-05,-2.37376e-05,-2.3251e-05,-2.22308e-05,-2.07283e-05,-1.88099e-05,-1.6554e-05,-1.40486e-05,-1.13874e-05,-8.66625e-06,-5.97906e-06,-3.41398e-06,-1.04988e-06,1.04667e-06,2.82365e-06,4.24509e-06,5.29159e-06,5.96e-06,6.26226e-06,6.22367e-06,5.88056e-06,5.27773e-06,4.46588e-06,3.49898e-06,2.43197e-06,1.31877e-06,2.10583e-07,-8.45349e-07,-1.80672e-06,-2.63683e-06,-3.30502e-06,-3.78703e-06,-4.0652e-06,-4.12867e-06,-3.97358e-06,-3.60328e-06,-3.02853e-06,-2.26762e-06,-1.34645e-06,-2.98334e-07,8.36376e-07,2.01109e-06,3.17417e-06,4.27052e-06,5.24375e-06,6.03856e-06,6.60354e-06,6.89404e-06,6.87501e-06,6.52354e-06,5.831e-06,4.80449e-06,3.46757e-06,1.86006e-06,3.69951e-08,-1.93324e-06,-3.97157e-06,-5.99144e-06,-7.90251e-06,-9.61447e-06,-1.1041e-05,-1.21034e-05,-1.27343e-05,-1.288e-05,-1.25035e-05,-1.15859e-05,-1.01275e-05,-8.14833e-06,-5.68792e-06,-2.80439e-06,4.26964e-07,3.91566e-06,7.55868e-06,1.12435e-05,1.48519e-05,1.82638e-05,2.13617e-05,2.40354e-05,2.61862e-05,2.77317e-05,2.8609e-05,2.87784e-05,2.82249e-05,2.696e-05,2.50215e-05,2.24724e-05,1.93988e-05,1.59057e-05,1.21114e-05,8.13821e-06,4.10561e-06,0
0,5.51442e-06,1.08558e-05,1.59187e-05,2.05325e-05,2.42279e-05,2.71081e-05,2.90913e-05,3.01332e-05,3.02232e-05,2.93809e-05,2.76516e-05,2.51038e-05,2.18255e-05,1.79215e-05,1.35104e-05,8.72113e-06,3.68981e-06,-1.44388e-06,-6.54026e-06,-1.14632e-05,-1.60837e-05,-2.02829e-05,-2.39557e-05,-2.70133e-05,-2.93855e-05,-3.10231e-05,-3.18995e-05,-3.20111e-05,-3.13779e-05,-3.00428e-05,-2.80706e-05,-2.55452e-05,-2.2567e-05,-1.92491e-05,-1.5713e-05,-1.20834e-05,-8.48383e-06,-5.03126e-06,-1.83159e-06,1.02433e-06,3.46389e-06,5.43485e-06,6.90635e-06,7.86882e-06,8.33274e-06,8.32656e-06,7.89388e-06,7.09021e-06,5.97953e-06,4.63088e-06,3.11527e-06,1.50293e-06,-1.38912e-07,-1.74775e-06,-3.26699e-06,-4.64673e-06,-5.84419e-06,-6.82387e-06,-7.55765e-06,-8.0247e-06,-8.21158e-06,-8.11234e-06,-7.72874e-06,-7.07061e-06,-6.15624e-06,-5.01276e-06,-3.67638e-06,-2.19239e-06,-6.14711e-07,9.95038e-07,2.56906e-06,4.03559e-06,5.32163e-06,6.35631e-06,7.07445e-06,7.42033e-06,7.35128e-06,6.84088e-06,5.88153e-06,4.48608e-06,2.68858e-06,5.43849e-07,-1.87403e-06,-4.47418e-06,-7.15239e-06,-9.79523e-06,-1.22847e-05,-1.45032e-05,-1.63386e-05,-1.76889e-05,-1.84668e-05,-1.86039e-05,-1.80533e-05,-1.67924e-05,-1.48244e-05,-1.21789e-05,-8.91141e-06,-5.10231e-06,-8.54703e-07,3.70849e-06,8.44817e-06,1.32135e-05,1.7847e-05,2.21898e-05,2.60879e-05,2.93979e-05,3.19928e-05,3.37675e-05,3.46434e-05,3.45725e-05,3.35397e-05,3.15654e-05,2.87054e-05,2.50514e-05,2.0729e-05,1.58933e-05,1.07524e-05,5.45223e-06,0
0,6.69558e-06,1.30952e-05,1.9022e-05,2.42279e-05,2.84643e-05,3.126e-05,3.28565e-05,3.32446e-05,3.24564e-05,3.05571e-05,2.7639e-05,2.38164e-05,1.92219e-05,1.40028e-05,8.3174e-06,2.33177e-06,-3.7844e-06,-9.86164e-06,-1.57347e-05,-2.12468e-05,-2.62532e-05,-3.06256e-05,-3.4255e-05,-3.70552e-05,-3.89654e-05,-3.99518e-05,-4.00091e-05,-3.91604e-05,-3.74572e-05,-3.49768e-05,-3.18204e-05,-2.81093e-05,-2.39801e-05,-1.95797e-05,-1.50596e-05,-1.057e-05,-6.25371e-06,-2.24066e-06,1.35681e-06,4.44795e-06,6.96621e-06,8.87068e-06,1.0146e-05,1.08013e-05,1.08673e-05,1.03938e-05,9.44483e-06,8.09544e-06,6.4269e-06,4.52312e-06,2.46722e-06,3.38829e-07,-1.78806e-06,-3.84644e-06,-5.77711e-06,-7.52894e-06,-9.0588e-06,-1.03312e-05,-1.1318e-05,-1.19977e-05,-1.23554e-05,-1.2383e-05,-1.20788e-05,-1.14485e-05,-1.05061e-05,-9.27395e-06,-7.78464e-06,-6.08095e-06,-4.21641e-06,-2.25496e-06,-2.6994e-07,1.65775e-06,3.44233e-06,4.99655e-06,6.23575e-06,7.08224e-06,7.46989e-06,7.34833e-06,6.68683e-06,5.47724e-06,3.736e-06,1.50497e-06,-1.149e-06,-4.13576e-06,-7.34473e-06,-1.06489e-05,-1.39098e-05,-1.69828e-05,-1.97236e-05,-2.19942e-05,-2.36689e-05,-2.46403e-05,-2.48239e-05,-2.41627e-05,-2.26302e-05,-2.0232e-05,-1.70068e-05,-1.30259e-05,-8.39132e-06,-3.23288e-06,2.29531e-06,8.01989e-06,1.37537e-05,1.93021e-05,2.44698e-05,2.90676e-05,3.29198e-05,3.58709e-05,3.77916e-05,3.8585e-05,3.81907e-05,3.65899e-05,3.38085e-05,2.99213e-05,2.50542e-05,1.94163e-05,1.32438e-05,6.75627e-06,0
0,7.73666e-06,1.50203e-05,2.15873e-05,2.71081e-05,3.126e-05,3.38706e-05,3.46323e-05,3.39519e-05,3.19275e-05,2.8687e-05,2.43805e-05,1.91744e-05,1.32476e-05,6.78831e-06,-9.51848e-09,-6.94964e-06,-1.38374e-05,-2.04836e-05,-2.6709e-05,-3.23483e-05,-3.72543e-05,-4.13021e-05,-4.43924e-05,-4.64548e-05,-4.74502e-05,-4.7372e-05,-4.62469e-05,-4.4134e-05,-4.1123e-05,-3.73311e-05,-3.28987e-05,-2.79841e-05,-2.27577e-05,-1.73948e-05,-1.20692e-05,-6.94622e-06,-2.17639e-06,2.11026e-06,5.80843e-06,8.84074e-06,1.11592e-05,1.27451e-05,1.36077e-05,1.37815e-05,1.3322e-05,1.23015e-05,1.08042e-05,8.92128e-06,6.74656e-06,4.37236e-06,1.88645e-06,-6.30338e-07,-3.10563e-06,-5.47627e-06,-7.68836e-06,-9.69685e-06,-1.14647e-05,-1.29618e-05,-1.4164e-05,-1.50522e-05,-1.56116e-05,-1.58317e-05,-1.57061e-05,-1.52335e-05,-1.44186e-05,-1.32739e-05,-1.18209e-05,-1.00921e-05,-8.13188e-06,-5.99739e-06,-3.75845e-06,-1.49643e-06,6.97753e-07,2.72682e-06,4.49108e-06,5.89319e-06,6.84324e-06,7.26401e-06,7.09597e-06,6.30174e-06,4.86968e-06,2.81641e-06,1.88048e-07,-2.93995e-06,-6.46442e-06,-1.02576e-05,-1.41715e-05,-1.80436e-05,-2.17036e-05,-2.49806e-05,-2.77106e-05,-2.97444e-05,-3.09544e-05,-3.12407e-05,-3.05365e-05,-2.88113e-05,-2.60736e-05,-2.23708e-05,-1.77889e-05,-1.24495e-05,-6.50702e-06,-1.43453e-07,6.43707e-06,1.30147e-05,1.93611e-05,2.52466e-05,3.04485e-05,3.47584e-05,3.79896e-05,3.99843e-05,4.06203e-05,3.98178e-05,3.75467e-05,3.3835e-05,2.87813e-05,2.25788e-05,1.5546e-05,7.98514e-06,0
0,8.60515e-06,1.6571e-05,2.35359e-05,2.90913e-05,3.28565e-05,3.46323e-05,3.44702e-05,3.23469e-05,2.8801e-05,2.40345e-05,1.82588e-05,1.16909e-05,4.55096e-06,-2.94003e-06,-1.05627e-05,-1.81021e-05,-2.53515e-05,-3.21157e-05,-3.82155e-05,-4.34912e-05,-4.78076e-05,-5.10566e-05,-5.31618e-05,-5.40805e-05,-5.38059e-05,-5.23678e-05,-4.98323e-05,-4.62995e-05,-4.19004e-05,-3.67922e-05,-3.11523e-05,-2.51716e-05,-1.90464e-05,-1.29713e-05,-7.13087e-06,-1.69265e-06,3.199e-06,7.42793e-06,1.09095e-05,1.35921e-05,1.54572e-05,1.6517e-05,1.68117e-05,1.64045e-05,1.53764e-05,1.38208e-05,1.18379e-05,9.52912e-06,6.99344e-06,4.32322e-06,1.6019e-06,-1.09761e-06,-3.71355e-06,-6.1951e-06,-8.50152e-06,-1.06008e-05,-1.2468e-05,-1.40835e-05,-1.54311e-05,-1.64966e-05,-1.72671e-05,-1.77299e-05,-1.78728e-05,-1.76853e-05,-1.71597e-05,-1.62932e-05,-1.50906e-05,-1.35664e-05,-1.17478e-05,-9.676e-06,-7.40777e-06,-5.01524e-06,-2.58501e-06,-2.15756e-07,1.98523e-06,3.90656e-06,5.43805e-06,6.47653e-06,6.93189e-06,6.73284e-06,5.83225e-06,4.21161e-06,1.88438e-06,-1.10213e-06,-4.66644e-06,-8.69435e-06,-1.30422e-05,-1.75419e-05,-2.20077e-05,-2.62437e-05,-3.00532e-05,-3.32474e-05,-3.56548e-05,-3.71291e-05,-3.75569e-05,-3.6863e-05,-3.50141e-05,-3.20214e-05,-2.79402e-05,-2.2869e-05,-1.69461e-05,-1.03463e-05,-3.27468e-06,4.03844e-06,1.13449e-05,1.8386e-05,2.49001e-05,3.06306e-05,3.53337e-05,3.87862e-05,4.07927e-05,4.11944e-05,3.98789e-05,3.67473e-05,3.18049e-05,2.52901e-05,1.75944e-05,9.10551e-06,0
0,9.27389e-06,1.77004e-05,2.48127e-05,3.01332e-05,3.32446e-05,3.39519e-05,3.23469e-05,2.87747e-05,2.35166e-05,1.71529e-05,9.95019e-06,2.16569e-06,-5.95229e-06,-1.4164e-05,-2.22392e-05,-2.99594e-05,-3.71207e-05,-4.35372e-05,-4.90443e-05,-5.35028e-05,-5.6802e-05,-5.88636e-05,-5.96446e-05,-5.91395e-05,-5.73812e-05,-5.44413e-05,-5.04281e-05,-4.54836e-05,-3.97783e-05,-3.35052e-05,-2.6872e-05,-2.00931e-05,-1.33804e-05,-6.93491e-06,-9.38747e-07,4.4522e-06,9.11356e-06,1.29562e-05,1.59278e-05,1.80126e-05,1.92291e-05,1.96256e-05,1.92756e-05,1.82709e-05,1.67154e-05,1.47188e-05,1.23906e-05,9.83496e-06,7.14724e-06,4.41087e-06,1.696e-06,-9.41004e-07,-3.45701e-06,-5.82084e-06,-8.01136e-06,-1.00152e-05,-1.18242e-05,-1.34329e-05,-1.48361e-05,-1.60271e-05,-1.69957e-05,-1.77279e-05,-1.82056e-05,-1.84078e-05,-1.83122e-05,-1.78977e-05,-1.71481e-05,-1.60547e-05,-1.46209e-05,-1.28644e-05,-1.08203e-05,-8.5423e-06,-6.10303e-06,-3.59293e-06,-1.11779e-06,1.20509e-06,3.25184e-06,4.89802e-06,6.0251e-06,6.52746e-06,6.31922e-06,5.34068e-06,3.56394e-06,9.97244e-07,-2.31231e-06,-6.27795e-06,-1.07747e-05,-1.5643e-05,-2.06948e-05,-2.57211e-05,-3.0502e-05,-3.48162e-05,-3.84527e-05,-4.12205e-05,-4.29578e-05,-4.35401e-05,-4.2886e-05,-4.09602e-05,-3.77761e-05,-3.33952e-05,-2.79251e-05,-2.15166e-05,-1.43596e-05,-6.67759e-06,1.27798e-06,9.23465e-06,1.6906e-05,2.39993e-05,3.0222e-05,3.52894e-05,3.89311e-05,4.08987e-05,4.08791e-05,3.86005e-05,3.4047e-05,2.74747e-05,1.93312e-05,1.0086e-05,0
0,9.72246e-06,1.83762e-05,2.53874e-05,3.02232e-05,3.24564e-05,3.19275e-05,2.8801e-05,2.35166e-05,1.66669e-05,8.74728e-06,2.69861e-07,-8.48786e-06,-1.72685e-05,-2.58319e-05,-3.39541e-05,-4.14291e-05,-4.80712e-05,-5.3718e-05,-5.82332e-05,-6.151e-05,-6.34738e-05,-6.40851e-05,-6.33423e-05,-6.12822e-05,-5.79814e-05,-5.35542e-05,-4.81503e-05,-4.19497e-05,-3.51567e-05,-2.79919e-05,-2.06837e-05,-1.34583e-05,-6.5305e-06,-9.47236e-08,5.68311e-06,1.06717e-05,1.47785e-05,1.7952e-05,2.01806e-05,2.14905e-05,2.19409e-05,2.16173e-05,2.0625e-05,1.90808e-05,1.71061e-05,1.48198e-05,1.23329e-05,9.74405e-06,7.13635e-06,4.57621e-06,2.11292e-06,-2.20457e-07,-2.40532e-06,-4.4351e-06,-6.31238e-06,-8.04576e-06,-9.64656e-06,-1.11257e-05,-1.24907e-05,-1.37433e-05,-1.48777e-05,-1.58791e-05,-1.67241e-05,-1.73814e-05,-1.78137e-05,-1.79808e-05,-1.78435e-05,-1.73676e-05,-1.65283e-05,-1.53151e-05,-1.37352e-05,-1.18162e-05,-9.60861e-06,-7.18541e-06,-4.64149e-06,-2.0908e-06,3.37758e-07,2.50579e-06,4.27214e-06,5.50036e-06,6.0669e-06,5.86921e-06,4.83363e-06,2.92223e-06,1.38255e-07,-3.47049e-06,-7.81065e-06,-1.27451e-05,-1.80974e-05,-2.36591e-05,-2.9199e-05,-3.44746e-05,-3.92434e-05,-4.32753e-05,-4.63638e-05,-4.83351e-05,-4.90567e-05,-4.84421e-05,-4.64546e-05,-4.31084e-05,-3.84681e-05,-3.2647e-05,-2.58038e-05,-1.81389e-05,-9.88958e-06,-1.3244e-06,7.26326e-06,1.55616e-05,2.32465e-05,2.9985e-05,3.5441e-05,3.91502e-05,4.05792e-05,3.93714e-05,3.54553e-05,2.90735e-05,2.07073e-05,1.08986e-05,0
0,9.93769e-06,1.8581e-05,2.5252e-05,2.93809e-05,3.05571e-05,2.8687e-05,2.40345e-05,1.71529e-05,8.74728e-06,-4.83019e-07,-9.99533e-06,-1.94165e-05,-2.85034e-05,-3.70362e-05,-4.48139e-05,-5.16575e-05,-5.74127e-05,-6.19527e-05,-6.51801e-05,-6.70295e-05,-6.74699e-05,-6.65066e-05,-6.41828e-05,-6.05801e-05,-5.58177e-05,-5.00505e-05,-4.34644e-05,-3.62709e-05,-2.86992e-05,-2.09875e-05,-1.33727e-05,-6.08095e-06,6.82979e-07,6.74396e-06,1.19639e-05,1.62465e-05,1.95403e-05,2.18375e-05,2.31721e-05,2.36141e-05,2.32627e-05,2.2238e-05,2.06724e-05,1.87015e-05,1.64567e-05,1.40585e-05,1.16111e-05,9.19969e-06,6.88831e-06,4.72005e-06,2.7182e-06,8.88416e-07,-7.78247e-07,-2.30196e-06,-3.71038e-06,-5.03484e-06,-6.30661e-06,-7.55323e-06,-8.79527e-06,-1.00436e-05,-1.1297e-05,-1.25414e-05,-1.37491e-05,-1.48798e-05,-1.58829e-05,-1.67003e-05,-1.72706e-05,-1.75338e-05,-1.7437e-05,-1.69388e-05,-1.60153e-05,-1.46637e-05,-1.29057e-05,-1.07896e-05,-8.39104e-06,-5.81146e-06,-3.17557e-06,-6.26689e-07,1.67944e-06,3.58231e-06,4.92546e-06,5.56606e-06,5.38465e-06,4.29438e-06,2.24919e-06,-7.50019e-07,-4.65165e-06,-9.35276e-06,-1.47016e-05,-2.05035e-05,-2.65296e-05,-3.25279e-05,-3.82357e-05,-4.33928e-05,-4.77544e-05,-5.11019e-05,-5.32531e-05,-5.40693e-05,-5.346e-05,-5.13861e-05,-4.78608e-05,-4.29494e-05,-3.6767e-05,-2.9477e-05,-2.12869e-05,-1.24442e-05,-3.23045e-06,6.04459e-06,1.5048e-05,2.34215e-05,3.06577e-05,3.60804e-05,3.9039e-05,3.90655e-05,3.60012e-05,3.00443e-05,2.16839e-05,1.15201e-05,0
0,9.9139e-06,1.83123e-05,2.44205e-05,2.76516e-05,2.7639e-05,2.43805e-05,1.82588e-05,9.95019e-06,2.69861e-07,-9.99533e-06,-2.02203e-05,-2.99547e-05,-3.89777e-05,-4.71132e-05,-5.41963e-05,-6.00859e-05,-6.46688e-05,-6.78618e-05,-6.96133e-05,-6.99052e-05,-6.87536e-05,-6.62106e-05,-6.23645e-05,-5.73397e-05,-5.12948e-05,-4.44193e-05,-3.69284e-05,-2.9056e-05,-2.1046e-05,-1.31428e-05,-5.58061e-06,1.427e-06,7.69637e-06,1.30821e-05,1.7483e-05,2.08451e-05,2.31626e-05,2.44749e-05,2.48612e-05,2.44336e-05,2.33272e-05,2.16909e-05,1.96769e-05,1.74319e-05,1.50891e-05,1.27626e-05,1.05427e-05,8.49482e-06,6.65885e-06,5.05089e-06,3.6658e-06,2.48075e-06,1.45913e-06,5.54803e-07,-2.83635e-07,-1.10868e-06,-1.96986e-06,-2.90997e-06,-3.96164e-06,-5.14436e-06,-6.46225e-06,-7.90257e-06,-9.4353e-06,-1.10139e-05,-1.25769e-05,-1.40517e-05,-1.53577e-05,-1.64122e-05,-1.71356e-05,-1.74572e-05,-1.73216e-05,-1.66933e-05,-1.55621e-05,-1.39467e-05,-1.18966e-05,-9.49278e-06,-6.84697e-06,-4.09805e-06,-1.40701e-06,1.05028e-06,3.09211e-06,4.54126e-06,5.23625e-06,5.04269e-06,3.86391e-06,1.64993e-06,-1.59593e-06,-5.8137e-06,-1.08869e-05,-1.66464e-05,-2.28781e-05,-2.9333e-05,-3.574e-05,-4.18195e-05,-4.7297e-05,-5.19164e-05,-5.54506e-05,-5.7711e-05,-5.85538e-05,-5.78847e-05,-5.56613e-05,-5.18945e-05,-4.66478e-05,-4.00373e-05,-3.22285e-05,-2.34337e-05,-1.39064e-05,-3.93294e-06,6.17645e-06,1.59705e-05,2.47828e-05,3.18309e-05,3.63399e-05,3.7713e-05,3.5679e-05,3.03622e-05,2.2233e-05,1.19326e-05,0
0,9.65267e-06,1.75815e-05,2.29261e-05,2.51038e-05,2.38164e-05,1.91744e-05,1.16909e-05,2.16569e-06,-8.48786e-06,-1.94165e-05,-2.99547e-05,-3.96341e-05,-4.81933e-05,-5.55708e-05,-6.16374e-05,-6.62945e-05,-6.94749e-05,-7.11438e-05,-7.12987e-05,-6.99701e-05,-6.72219e-05,-6.31514e-05,-5.78895e-05,-5.15987e-05,-4.44711e-05,-3.67234e-05,-2.85913e-05,-2.03212e-05,-1.21615e-05,-4.35166e-06,2.88775e-06,9.36546e-06,1.49284e-05,1.94684e-05,2.2927e-05,2.52963e-05,2.66175e-05,2.69757e-05,2.64924e-05,2.53162e-05,2.36114e-05,2.15473e-05,1.92876e-05,1.6981e-05,1.47546e-05,1.27082e-05,1.09127e-05,9.40892e-06,8.20969e-06,7.30276e-06,6.65473e-06,6.21564e-06,5.92363e-06,5.70969e-06,5.50211e-06,5.23072e-06,4.83093e-06,4.24742e-06,3.43747e-06,2.37389e-06,1.04737e-06,-5.31978e-07,-2.33395e-06,-4.3087e-06,-6.38834e-06,-8.48971e-06,-1.05183e-05,-1.2373e-05,-1.3952e-05,-1.51585e-05,-1.59076e-05,-1.61322e-05,-1.57892e-05,-1.48643e-05,-1.33764e-05,-1.13797e-05,-8.96491e-06,-6.25744e-06,-3.41378e-06,-6.15272e-07,1.94048e-06,4.05026e-06,5.51743e-06,6.16483e-06,5.84758e-06,4.46465e-06,1.9682e-06,-1.63008e-06,-6.25651e-06,-1.1777e-05,-1.80026e-05,-2.46987e-05,-3.15971e-05,-3.84096e-05,-4.48422e-05,-5.06094e-05,-5.54464e-05,-5.912e-05,-6.14364e-05,-6.22475e-05,-6.14552e-05,-5.90136e-05,-5.49309e-05,-4.92696e-05,-4.21463e-05,-3.37291e-05,-2.42327e-05,-1.3906e-05,-3.0423e-06,7.85347e-06,1.8011e-05,2.65523e-05,3.25818e-05,3.53663e-05,3.45038e-05,3.00194e-05,2.23385e-05,1.21235e-05,0
0,9.16257e-06,1.64131e-05,2.08198e-05,2.18255e-05,1.92219e-05,1.32476e-05,4.55096e-06,-5.95229e-06,-1.72685e-05,-2.85034e-05,-3.89777e-05,-4.81933e-05,-5.59394e-05,-6.22547e-05,-6.70493e-05,-7.02696e-05,-7.18971e-05,-7.19465e-05,-7.04645e-05,-6.75295e-05,-6.32508e-05,-5.77674e-05,-5.12476e-05,-4.3886e-05,-3.59007e-05,-2.75273e-05,-1.90128e-05,-1.06066e-05,-2.55125e-06,4.92817e-06,1.1634e-05,1.74055e-05,2.2127e-05,2.57325e-05,2.82092e-05,2.95957e-05,2.99786e-05,2.94848e-05,2.82723e-05,2.65185e-05,2.44083e-05,2.21223e-05,1.98264e-05,1.7663e-05,1.57451e-05,1.41528e-05,1.29323e-05,1.20978e-05,1.1634e-05,1.15015e-05,1.16409e-05,1.19789e-05,1.2433e-05,1.29161e-05,1.33416e-05,1.36267e-05,1.36961e-05,1.34859e-05,1.29458e-05,1.20427e-05,1.0762e-05,9.1104e-06,7.11568e-06,4.82727e-06,2.31494e-06,-3.33452e-07,-3.01527e-06,-5.61744e-06,-8.02175e-06,-1.01108e-05,-1.17745e-05,-1.2917e-05,-1.34633e-05,-1.33659e-05,-1.26101e-05,-1.12188e-05,-9.25518e-06,-6.82316e-06,-4.06553e-06,-1.15923e-06,1.69232e-06,4.26953e-06,6.34917e-06,7.71832e-06,8.18891e-06,7.6115e-06,5.88729e-06,2.97728e-06,-1.09241e-06,-6.22948e-06,-1.22787e-05,-1.90294e-05,-2.62264e-05,-3.3583e-05,-4.07957e-05,-4.75587e-05,-5.35773e-05,-5.85804e-05,-6.23296e-05,-6.46269e-05,-6.53208e-05,-6.431e-05,-6.15461e-05,-5.70366e-05,-5.08454e-05,-4.30934e-05,-3.39567e-05,-2.36624e-05,-1.24009e-05,-7.1726e-07,1.05364e-05,2.04042e-05,2.78812e-05,3.20983e-05,3.25112e-05,2.9025e-05,2.19959e-05,1.20868e-05,0
0,8.45853e-06,1.48436e-05,1.81683e-05,1.79215e-05,1.40028e-05,6.78831e-06,-2.94003e-06,-1.4164e-05,-2.58319e-05,-3.70362e-05,-4.71132e-05,-5.55708e-05,-6.22547e-05,-6.73055e-05,-7.06775e-05,-7.23652e-05,-7.23996e-05,-7.08448e-05,-6.77954e-05,-6.33746e-05,-5.77328e-05,-5.10457e-05,-4.35125e-05,-3.53528e-05,-2.68023e-05,-1.81069e-05,-9.51544e-06,-1.27105e-06,6.39877e-06,1.32919e-05,1.92414e-05,2.41236e-05,2.78646e-05,3.04437e-05,3.18939e-05,3.2299e-05,3.17869e-05,3.05205e-05,2.86866e-05,2.64828e-05,2.41051e-05,2.17361e-05,1.95348e-05,1.76296e-05,1.6113e-05,1.50406e-05,1.44319e-05,1.42736e-05,1.45242e-05,1.512e-05,1.59807e-05,1.70154e-05,1.81273e-05,1.92187e-05,2.01947e-05,2.09663e-05,2.14535e-05,2.15882e-05,2.13164e-05,2.06006e-05,1.9422e-05,1.77822e-05,1.57041e-05,1.32326e-05,1.04336e-05,7.3931e-06,4.21452e-06,1.01517e-06,-2.07815e-06,-4.93458e-06,-7.42539e-06,-9.43093e-06,-1.0848e-05,-1.1597e-05,-1.16297e-05,-1.09347e-05,-9.54293e-06,-7.53026e-06,-5.01759e-06,-2.16807e-06,8.1902e-07,3.71774e-06,6.28774e-06,8.2887e-06,9.49603e-06,9.71653e-06,8.80273e-06,6.66474e-06,3.27854e-06,-1.31012e-06,-6.98645e-06,-1.35718e-05,-2.0833e-05,-2.84945e-05,-3.62524e-05,-4.379e-05,-5.07911e-05,-5.6954e-05,-6.20022e-05,-6.56934e-05,-6.78266e-05,-6.82478e-05,-6.6854e-05,-6.35975e-05,-5.84883e-05,-5.15974e-05,-4.30576e-05,-3.30635e-05,-2.17135e-05,-9.5412e-06,2.55123e-06,1.35536e-05,2.23695e-05,2.80004e-05,2.97555e-05,2.74044e-05,2.12124e-05,1.18219e-05,0
0,7.56129e-06,1.29196e-05,1.50516e-05,1.35104e-05,8.3174e-06,-9.51848e-09,-1.05627e-05,-2.22392e-05,-3.39541e-05,-4.48139e-05,-5.41963e-05,-6.16374e-05,-6.70493e-05,-7.06775e-05,-7.25242e-05,-7.26337e-05,-7.10862e-05,-6.79934e-05,-6.34941e-05,-5.7752e-05,-5.09528e-05,-4.33019e-05,-3.5022e-05,-2.63492e-05,-1.7528e-05,-8.80545e-06,-4.23264e-07,7.39096e-06,1.4433e-05,2.05313e-05,2.55558e-05,2.94243e-05,3.21075e-05,3.36305e-05,3.40706e-05,3.35525e-05,3.22394e-05,3.03227e-05,2.80085e-05,2.55047e-05,2.30084e-05,2.06943e-05,1.87058e-05,1.71497e-05,1.6093e-05,1.55635e-05,1.55529e-05,1.60217e-05,1.69054e-05,1.81213e-05,1.95745e-05,2.11639e-05,2.27871e-05,2.43436e-05,2.57384e-05,2.68841e-05,2.77025e-05,2.81269e-05,2.81034e-05,2.75929e-05,2.65728e-05,2.50386e-05,2.30055e-05,2.05088e-05,1.76049e-05,1.43705e-05,1.09013e-05,7.30993e-06,3.72282e-06,2.75544e-07,-2.89252e-06,-5.64474e-06,-7.85476e-06,-9.41462e-06,-1.02431e-05,-1.02937e-05,-9.56181e-06,-8.08939e-06,-5.96803e-06,-3.33811e-06,-3.84677e-07,2.6705e-06,5.58033e-06,8.08676e-06,9.937e-06,1.09006e-05,1.07856e-05,9.45333e-06,6.82895e-06,2.90876e-06,-2.23781e-06,-8.47087e-06,-1.55872e-05,-2.33311e-05,-3.14078e-05,-3.94982e-05,-4.72736e-05,-5.44099e-05,-6.05997e-05,-6.55629e-05,-6.90547e-05,-7.08726e-05,-7.08625e-05,-6.8923e-05,-6.50107e-05,-5.91448e-05,-5.14108e-05,-4.19637e-05,-3.08039e-05,-1.8426e-05,-5.75359e-06,6.1743e-06,1.61907e-05,2.31809e-05,2.63087e-05,2.51986e-05,2.00066e-05,1.13347e-05,0
0,6.49651e-06,1.06966e-05,1.15602e-05,8.72113e-06,2.33177e-06,-6.94964e-06,-1.81021e-05,-2.99594e-05,-4.14291e-05,-5.16575e-05,-6.00859e-05,-6.62945e-05,-7.02696e-05,-7.23652e-05,-7.26337e-05,-7.11692e-05,-6.80995e-05,-6.35803e-05,-5.77899e-05,-5.0926e-05,-4.32026e-05,-3.4847e-05,-2.60966e-05,-1.71948e-05,-8.38628e-06,9.0237e-08,8.00901e-06,1.5166e-05,2.13874e-05,2.65385e-05,3.05301e-05,3.33245e-05,3.49375e-05,3.54379e-05,3.49437e-05,3.36145e-05,3.16411e-05,2.92334e-05,2.66069e-05,2.39692e-05,2.15077e-05,1.93796e-05,1.77046e-05,1.65614e-05,1.59872e-05,1.59804e-05,1.65052e-05,1.7499e-05,1.88792e-05,2.05503e-05,2.24111e-05,2.43592e-05,2.62953e-05,2.81261e-05,2.97654e-05,3.11355e-05,3.21677e-05,3.28024e-05,3.29905e-05,3.26939e-05,3.18872e-05,3.05587e-05,2.87128e-05,2.63707e-05,2.35726e-05,2.03779e-05,1.68658e-05,1.31345e-05,9.29993e-06,5.49245e-06,1.85288e-06,-1.47338e-06,-4.34358e-06,-6.62609e-06,-8.20964e-06,-9.01292e-06,-8.99348e-06,-8.15533e-06,-6.55407e-06,-4.2989e-06,-1.55086e-06,1.48312e-06,4.56017e-06,7.415e-06,9.77625e-06,1.13842e-05,1.20087e-05,1.14658e-05,9.63147e-06,6.45153e-06,1.94677e-06,-3.78679e-06,-1.05827e-05,-1.82129e-05,-2.64e-05,-3.48316e-05,-4.3175e-05,-5.10923e-05,-5.8253e-05,-6.43464e-05,-6.90905e-05,-7.22401e-05,-7.35941e-05,-7.30009e-05,-7.03654e-05,-6.56544e-05,-5.89033e-05,-5.02215e-05,-3.95034e-05,-2.71851e-05,-1.41881e-05,-1.55513e-06,9.49966e-06,1.77625e-05,2.22586e-05,2.24627e-05,1.84078e-05,1.06365e-05,0
0,5.29396e-06,8.23731e-06,7.79316e-06,3.68981e-06,-3.7844e-06,-1.38374e-05,-2.53515e-05,-3.71207e-05,-4.80712e-05,-5.74127e-05,-6.46688e-05,-6.94749e-05,-7.18971e-05,-7.23996e-05,-7.10862e-05,-6.80995e-05,-6.36116e-05,-5.78171e-05,-5.09275e-05,-4.31674e-05,-3.47703e-05,-2.59767e-05,-1.70294e-05,-8.17028e-06,3.65627e-07,8.35621e-06,1.55997e-05,2.19228e-05,2.71879e-05,3.13012e-05,3.42173e-05,3.5943e-05,3.65378e-05,3.61107e-05,3.48141e-05,3.28348e-05,3.03818e-05,2.76733e-05,2.49231e-05,2.2327e-05,2.00527e-05,1.82307e-05,1.69495e-05,1.62548e-05,1.6151e-05,1.66064e-05,1.75603e-05,1.89308e-05,2.06233e-05,2.25378e-05,2.45752e-05,2.66416e-05,2.86513e-05,3.05275e-05,3.22028e-05,3.3618e-05,3.47213e-05,3.54671e-05,3.58155e-05,3.57325e-05,3.51907e-05,3.41708e-05,3.26631e-05,3.067e-05,2.82089e-05,2.53137e-05,2.20378e-05,1.84549e-05,1.46594e-05,1.07662e-05,6.90713e-06,3.22712e-06,-1.22651e-07,-2.99302e-06,-5.24683e-06,-6.76967e-06,-7.48076e-06,-7.3429e-06,-6.37027e-06,-4.63338e-06,-2.26e-06,5.68243e-07,3.62374e-06,6.64512e-06,9.35286e-06,1.14673e-05,1.27276e-05,1.29102e-05,1.1845e-05,9.4281e-06,5.63021e-06,4.99865e-07,-5.83851e-06,-1.31913e-05,-2.13062e-05,-2.98857e-05,-3.86018e-05,-4.71107e-05,-5.50676e-05,-6.21384e-05,-6.80112e-05,-7.24045e-05,-7.50758e-05,-7.58277e-05,-7.45159e-05,-7.10561e-05,-6.54321e-05,-5.77035e-05,-4.76509e-05,-3.56379e-05,-2.25643e-05,-9.45267e-06,2.45966e-06,1.18799e-05,1.77063e-05,1.92649e-05,1.64552e-05,9.74413e-06,0
0,3.98659e-06,5.60928e-06,3.85462e-06,-1.44388e-06,-9.86164e-06,-2.04836e-05,-3.21157e-05,-4.35372e-05,-5.3718e-05,-6.19527e-05,-6.78618e-05,-7.11438e-05,-7.19465e-05,-7.08448e-05,-6.79934e-05,-6.35803e-05,-5.78171e-05,-5.09312e-05,-4.31596e-05,-3.4745e-05,-2.59319e-05,-1.6964e-05,-8.08042e-06,4.88066e-07,8.52445e-06,1.58314e-05,2.22381e-05,2.76073e-05,3.18422e-05,3.48919e-05,3.67555e-05,3.7483e-05,3.71736e-05,3.59709e-05,3.40543e-05,3.16284e-05,2.89101e-05,2.61146e-05,2.34425e-05,2.10676e-05,1.91275e-05,1.77179e-05,1.68901e-05,1.66527e-05,1.69759e-05,1.77991e-05,1.90397e-05,2.06021e-05,2.23869e-05,2.42979e-05,2.62478e-05,2.81612e-05,2.99761e-05,3.16429e-05,3.31224e-05,3.43828e-05,3.53971e-05,3.61399e-05,3.65858e-05,3.67079e-05,3.64783e-05,3.58687e-05,3.48531e-05,3.34104e-05,3.15284e-05,2.92078e-05,2.64667e-05,2.33437e-05,1.99015e-05,1.62278e-05,1.24351e-05,8.65777e-06,5.04657e-06,1.76093e-06,-1.04135e-06,-3.21586e-06,-4.64416e-06,-5.24598e-06,-4.98986e-06,-3.90108e-06,-2.06568e-06,3.69915e-07,3.20431e-06,6.19127e-06,9.05418e-06,1.15036e-05,1.32568e-05,1.40574e-05,1.3694e-05,1.20156e-05,8.94301e-06,4.47517e-06,-1.30949e-06,-8.25728e-06,-1.61478e-05,-2.4706e-05,-3.36163e-05,-4.2538e-05,-5.11192e-05,-5.90111e-05,-6.58789e-05,-7.14119e-05,-7.53322e-05,-7.74021e-05,-7.74318e-05,-7.52881e-05,-7.09033e-05,-6.42846e-05,-5.50933e-05,-4.36101e-05,-3.06971e-05,-1.73352e-05,-4.76057e-06,5.67689e-06,1.27643e-05,1.56839e-05,1.41965e-05,8.67929e-06,0
0,2.60952e-06,2.8834e-06,-1.48604e-07,-6.54026e-06,-1.57347e-05,-2.6709e-05,-3.82155e-05,-4.90443e-05,-5.82332e-05,-6.51801e-05,-6.96133e-05,-7.12987e-05,-7.04645e-05,-6.77954e-05,-6.34941e-05,-5.77899e-05,-5.09275e-05,-4.31596e-05,-3.47401e-05,-2.59205e-05,-1.69465e-05,-8.05565e-06,5.26153e-07,8.58808e-06,1.59391e-05,2.24136e-05,2.78772e-05,3.2233e-05,3.54271e-05,3.74523e-05,3.83504e-05,3.82112e-05,3.71685e-05,3.53927e-05,3.30816e-05,3.04474e-05,2.77034e-05,2.5051e-05,2.26662e-05,2.06905e-05,1.92228e-05,1.83171e-05,1.79825e-05,1.8188e-05,1.88698e-05,1.99404e-05,2.12999e-05,2.28452e-05,2.44796e-05,2.61198e-05,2.76997e-05,2.91727e-05,3.05106e-05,3.17006e-05,3.27412e-05,3.36369e-05,3.43931e-05,3.50109e-05,3.54841e-05,3.57964e-05,3.59203e-05,3.58185e-05,3.54458e-05,3.47533e-05,3.36934e-05,3.22257e-05,3.03239e-05,2.79819e-05,2.52194e-05,2.20866e-05,1.86654e-05,1.50693e-05,1.14396e-05,7.93784e-06,4.73631e-06,2.00522e-06,-1.0117e-07,-1.45898e-06,-1.98809e-06,-1.66318e-06,-5.21155e-07,1.33598e-06,3.74345e-06,6.48131e-06,9.28703e-06,1.18721e-05,1.39414e-05,1.52141e-05,1.54435e-05,1.44353e-05,1.20621e-05,8.27286e-06,3.09737e-06,-3.35495e-06,-1.09013e-05,-1.9296e-05,-2.82436e-05,-3.74138e-05,-4.64562e-05,-5.50147e-05,-6.27394e-05,-6.92978e-05,-7.43829e-05,-7.77223e-05,-7.90859e-05,-7.82947e-05,-7.52309e-05,-6.98487e-05,-6.16865e-05,-5.09354e-05,-3.84068e-05,-2.50208e-05,-1.19895e-05,-6.96274e-07,7.55335e-06,1.18076e-05,1.16872e-05,7.46791e-06,0
0,1.19911e-06,1.3187e-07,-4.10998e-06,-1.14632e-05,-2.12468e-05,-3.23483e-05,-4.34912e-05,-5.35028e-05,-6.151e-05,-6.70295e-05,-6.99052e-05,-6.99701e-05,-6.75295e-05,-6.33746e-05,-5.7752e-05,-5.0926e-05,-4.31674e-05,-3.4745e-05,-2.59205e-05,-1.69444e-05,-8.05393e-06,5.29314e-07,8.60156e-06,1.598e-05,2.25065e-05,2.80528e-05,3.2525e-05,3.58689e-05,3.8074e-05,3.91755e-05,3.92547e-05,3.84359e-05,3.68801e-05,3.47765e-05,3.23308e-05,2.97522e-05,2.72397e-05,2.49689e-05,2.30816e-05,2.16773e-05,2.08092e-05,2.04837e-05,2.06646e-05,2.12806e-05,2.22348e-05,2.34166e-05,2.47137e-05,2.60223e-05,2.72565e-05,2.83541e-05,2.92799e-05,3.00251e-05,3.0605e-05,3.1053e-05,3.1414e-05,3.17367e-05,3.20659e-05,3.24356e-05,3.28633e-05,3.33461e-05,3.38588e-05,3.43543e-05,3.47664e-05,3.50144e-05,3.50096e-05,3.46637e-05,3.38977e-05,3.26513e-05,3.08916e-05,2.86203e-05,2.58787e-05,2.27493e-05,1.93542e-05,1.58489e-05,1.24134e-05,9.23873e-06,6.51192e-06,4.39984e-06,3.03302e-06,2.49146e-06,2.79367e-06,3.89023e-06,5.66265e-06,7.92792e-06,1.04487e-05,1.29483e-05,1.51296e-05,1.66958e-05,1.73723e-05,1.6927e-05,1.5187e-05,1.20522e-05,7.5026e-06,1.6001e-06,-5.5149e-06,-1.36319e-05,-2.24826e-05,-3.17544e-05,-4.11064e-05,-5.01826e-05,-5.8626e-05,-6.60888e-05,-7.22425e-05,-7.6786e-05,-7.94541e-05,-8.00263e-05,-7.83375e-05,-7.42897e-05,-6.72968e-05,-5.74568e-05,-4.5521e-05,-3.23321e-05,-1.90561e-05,-7.08625e-06,2.20014e-06,7.73072e-06,8.98844e-06,6.1395e-06,0
0,-2.08055e-07,-2.57374e-06,-7.92599e-06,-1.60837e-05,-2.62532e-05,-3.72543e-05,-4.78076e-05,-5.6802e-05,-6.34738e-05,-6.74699e-05,-6.87536e-05,-6.72219e-05,-6.32508e-05,-5.77328e-05,-5.09528e-05,-4.32026e-05,-3.47703e-05,-2.59319e-05,-1.69465e-05,-8.05393e-06,5.27099e-07,8.59985e-06,1.5991e-05,2.25527e-05,2.81657e-05,3.27428e-05,3.62333e-05,3.86263e-05,3.99533e-05,4.02888e-05,3.97485e-05,3.84843e-05,3.66765e-05,3.45233e-05,3.2228e-05,2.99856e-05,2.79697e-05,2.63204e-05,2.51355e-05,2.44652e-05,2.43106e-05,2.46273e-05,2.53322e-05,2.6314e-05,2.74456e-05,2.85974e-05,2.96504e-05,3.0507e-05,3.10994e-05,3.13949e-05,3.13972e-05,3.11443e-05,3.07029e-05,3.01607e-05,2.96169e-05,2.91715e-05,2.89152e-05,2.89201e-05,2.92315e-05,2.98631e-05,3.0793e-05,3.19646e-05,3.32886e-05,3.46492e-05,3.5912e-05,3.69346e-05,3.75781e-05,3.772e-05,3.72655e-05,3.61588e-05,3.43907e-05,3.20033e-05,2.90906e-05,2.57939e-05,2.22935e-05,1.87957e-05,1.55165e-05,1.2664e-05,1.04196e-05,8.92059e-06,8.24593e-06,8.40569e-06,9.33629e-06,1.09016e-05,1.29e-05,1.50775e-05,1.71451e-05,1.88001e-05,1.97478e-05,1.97243e-05,1.85159e-05,1.59754e-05,1.20329e-05,6.70084e-06,7.36431e-08,-7.67875e-06,-1.6321e-05,-2.55658e-05,-3.50884e-05,-4.4541e-05,-5.35664e-05,-6.18093e-05,-6.89263e-05,-7.45942e-05,-7.85184e-05,-8.0442e-05,-8.01563e-05,-7.75134e-05,-7.18033e-05,-6.30295e-05,-5.18774e-05,-3.90985e-05,-2.57927e-05,-1.33396e-05,-3.1657e-06,3.55232e-06,6.16597e-06,4.72641e-06,0
0,-1.57604e-06,-5.16426e-06,-1.14988e-05,-2.02829e-05,-3.06256e-05,-4.13021e-05,-5.10566e-05,-5.88636e-05,-6.40851e-05,-6.65066e-05,-6.62106e-05,-6.31514e-05,-5.77674e-05,-5.10457e-05,-4.33019e-05,-3.4847e-05,-2.59767e-05,-1.6964e-05,-8.05565e-06,5.29314e-07,8.59985e-06,1.59925e-05,2.25717e-05,2.82304e-05,3.28922e-05,3.6514e-05,3.90885e-05,4.06471e-05,4.12602e-05,4.1037e-05,4.0121e-05,3.86839e-05,3.69158e-05,3.50137e-05,3.31679e-05,3.15487e-05,3.02941e-05,2.94993e-05,2.92108e-05,2.94232e-05,3.00819e-05,3.10897e-05,3.23167e-05,3.36139e-05,3.48277e-05,3.58145e-05,3.64545e-05,3.66624e-05,3.63957e-05,3.56582e-05,3.44995e-05,3.3011e-05,3.1318e-05,2.95692e-05,2.79243e-05,2.65404e-05,2.55597e-05,2.50966e-05,2.52282e-05,2.59869e-05,2.73558e-05,2.92684e-05,3.16111e-05,3.42305e-05,3.69424e-05,3.95455e-05,4.18352e-05,4.36197e-05,4.47355e-05,4.50611e-05,4.45289e-05,4.31321e-05,4.09285e-05,3.80373e-05,3.46321e-05,3.09286e-05,2.71672e-05,2.35943e-05,2.04413e-05,1.79041e-05,1.61255e-05,1.51804e-05,1.50676e-05,1.57065e-05,1.69413e-05,1.85509e-05,2.02651e-05,2.17844e-05,2.28032e-05,2.3033e-05,2.22245e-05,2.01867e-05,1.6801e-05,1.20298e-05,5.91849e-06,-1.40756e-06,-9.75171e-06,-1.8858e-05,-2.84249e-05,-3.81201e-05,-4.75937e-05,-5.64898e-05,-6.44572e-05,-7.11572e-05,-7.62721e-05,-7.95139e-05,-8.06351e-05,-7.94414e-05,-7.51007e-05,-6.75239e-05,-5.73272e-05,-4.51602e-05,-3.20387e-05,-1.9306e-05,-8.41438e-06,-6.2607e-07,3.28854e-06,3.2631e-06,0
0,-2.87052e-06,-7.57469e-06,-1.47387e-05,-2.39557e-05,-3.4255e-05,-4.43924e-05,-5.31618e-05,-5.96446e-05,-6.33423e-05,-6.41828e-05,-6.23645e-05,-5.78895e-05,-5.12476e-05,-4.35125e-05,-3.5022e-05,-2.60966e-05,-1.70294e-05,-8.08042e-06,5.26153e-07,8.60156e-06,1.5991e-05,2.25717e-05,2.82517e-05,3.29692e-05,3.66934e-05,3.94259e-05,4.12022e-05,4.20927e-05,4.22027e-05,4.16692e-05,4.06561e-05,3.93457e-05,3.79284e-05,3.65893e-05,3.54954e-05,3.47825e-05,3.45438e-05,3.48223e-05,3.56068e-05,3.68331e-05,3.83889e-05,4.01243e-05,4.18651e-05,4.3428e-05,4.46374e-05,4.53412e-05,4.54243e-05,4.48199e-05,4.35162e-05,4.15588e-05,3.90487e-05,3.61357e-05,3.30086e-05,2.98819e-05,2.69802e-05,2.45227e-05,2.27067e-05,2.16927e-05,2.15926e-05,2.24593e-05,2.42819e-05,2.69841e-05,3.04271e-05,3.44177e-05,3.87194e-05,4.30682e-05,4.71895e-05,5.08179e-05,5.37152e-05,5.56888e-05,5.66061e-05,5.64053e-05,5.51007e-05,5.27828e-05,4.9612e-05,4.58071e-05,4.1628e-05,3.73555e-05,3.32687e-05,2.9622e-05,2.66234e-05,2.44167e-05,2.30685e-05,2.25614e-05,2.27939e-05,2.35876e-05,2.4701e-05,2.58479e-05,2.67206e-05,2.70139e-05,2.64492e-05,2.47962e-05,2.189e-05,1.7643e-05,1.20504e-05,5.1894e-06,-2.7866e-06,-1.16588e-05,-2.11556e-05,-3.0967e-05,-4.07572e-05,-5.01774e-05,-5.88751e-05,-6.65031e-05,-7.27269e-05,-7.72336e-05,-7.97421e-05,-8.00158e-05,-7.71044e-05,-7.08298e-05,-6.1739e-05,-5.03717e-05,-3.7644e-05,-2.48415e-05,-1.34188e-05,-4.70292e-06,4.26236e-07,1.78525e-06,0
0,-4.05965e-06,-9.7459e-06,-1.75667e-05,-2.70133e-05,-3.70552e-05,-4.64548e-05,-5.40805e-05,-5.91395e-05,-6.12822e-05,-6.05801e-05,-5.73397e-05,-5.15987e-05,-4.3886e-05,-3.53528e-05,-2.63492e-05,-1.71948e-05,-8.17028e-06,4.88066e-07,8.58808e-06,1.598e-05,2.25527e-05,2.82304e-05,3.29692e-05,3.67554e-05,3.96049e-05,4.15629e-05,4.27052e-05,4.31369e-05,4.29919e-05,4.24278e-05,4.162e-05,4.0752e-05,4.00039e-05,3.95391e-05,3.94915e-05,3.99531e-05,4.09653e-05,4.2513e-05,4.45241e-05,4.68736e-05,4.93925e-05,5.18809e-05,5.41238e-05,5.59087e-05,5.70437e-05,5.73733e-05,5.67927e-05,5.5258e-05,5.27923e-05,4.94865e-05,4.54957e-05,4.10313e-05,3.63481e-05,3.17289e-05,2.74663e-05,2.38441e-05,2.11174e-05,1.94957e-05,1.91269e-05,2.00866e-05,2.23704e-05,2.5892e-05,3.04869e-05,3.59207e-05,4.1903e-05,4.8105e-05,5.41799e-05,5.97855e-05,6.46066e-05,6.83759e-05,7.08922e-05,7.20339e-05,7.17672e-05,7.01485e-05,6.73191e-05,6.34952e-05,5.89505e-05,5.39957e-05,4.89541e-05,4.4136e-05,3.98149e-05,3.6205e-05,3.34446e-05,3.15849e-05,3.05862e-05,3.03215e-05,3.05871e-05,3.11198e-05,3.1619e-05,3.17713e-05,3.12758e-05,2.98684e-05,2.73414e-05,2.35589e-05,1.84653e-05,1.20875e-05,4.53168e-06,-4.02549e-06,-1.33484e-05,-2.31557e-05,-3.3133e-05,-4.29452e-05,-5.2246e-05,-6.0686e-05,-6.79209e-05,-7.3619e-05,-7.74715e-05,-7.92048e-05,-7.7755e-05,-7.28609e-05,-6.50027e-05,-5.46054e-05,-4.24725e-05,-2.9812e-05,-1.80576e-05,-8.57905e-06,-2.35111e-06,3.29015e-07,0
0,-5.11487e-06,-1.16261e-05,-1.99162e-05,-2.93855e-05,-3.89654e-05,-4.74502e-05,-5.38059e-05,-5.73812e-05,-5.79814e-05,-5.58177e-05,-5.12948e-05,-4.44711e-05,-3.59007e-05,-2.68023e-05,-1.7528e-05,-8.38628e-06,3.65627e-07,8.52445e-06,1.59391e-05,2.25065e-05,2.81657e-05,3.28922e-05,3.66934e-05,3.96049e-05,4.16882e-05,4.30303e-05,4.37425e-05,4.39594e-05,4.38356e-05,4.35412e-05,4.32535e-05,4.31472e-05,4.33821e-05,4.409e-05,4.53628e-05,4.72417e-05,4.97103e-05,5.26923e-05,5.60534e-05,5.96094e-05,6.31375e-05,6.63927e-05,6.91252e-05,7.10995e-05,7.21132e-05,7.20132e-05,7.07091e-05,6.81833e-05,6.44955e-05,5.97831e-05,5.42559e-05,4.81867e-05,4.18964e-05,3.57366e-05,3.00687e-05,2.52416e-05,2.15702e-05,1.93134e-05,1.86573e-05,1.97001e-05,2.24445e-05,2.67944e-05,3.25587e-05,3.94615e-05,4.71577e-05,5.52532e-05,6.33285e-05,7.09648e-05,7.77694e-05,8.34001e-05,8.75862e-05,9.01447e-05,9.09913e-05,9.01444e-05,8.77219e-05,8.39319e-05,7.90566e-05,7.34306e-05,6.74164e-05,6.13766e-05,5.56475e-05,5.05131e-05,4.61852e-05,4.27871e-05,4.03465e-05,3.87946e-05,3.79741e-05,3.76538e-05,3.75495e-05,3.73482e-05,3.67349e-05,3.54176e-05,3.31509e-05,2.97532e-05,2.51188e-05,1.92235e-05,1.21234e-05,3.94852e-06,-5.10661e-06,-1.47955e-05,-2.4832e-05,-3.49013e-05,-4.467e-05,-5.37941e-05,-6.19258e-05,-6.87216e-05,-7.38509e-05,-7.70093e-05,-7.70243e-05,-7.35601e-05,-6.70349e-05,-5.77567e-05,-4.64063e-05,-3.40968e-05,-2.2218e-05,-1.21601e-05,-4.97563e-06,-1.06991e-06,0
0,-6.0117e-06,-1.31724e-05,-2.17353e-05,-3.10231e-05,-3.99518e-05,-4.7372e-05,-5.23678e-05,-5.44413e-05,-5.35542e-05,-5.00505e-05,-4.44193e-05,-3.67234e-05,-2.75273e-05,-1.81069e-05,-8.80545e-06,9.0237e-08,8.35621e-06,1.58314e-05,2.24136e-05,2.80528e-05,3.27428e-05,3.6514e-05,3.94259e-05,4.15629e-05,4.30303e-05,4.39524e-05,4.44707e-05,4.47418e-05,4.49333e-05,4.52181e-05,4.57657e-05,4.67318e-05,4.8246e-05,5.03997e-05,5.32353e-05,5.67374e-05,6.08287e-05,6.53707e-05,7.01689e-05,7.49836e-05,7.95446e-05,8.35687e-05,8.6779e-05,8.89247e-05,8.97995e-05,8.92573e-05,8.72256e-05,8.37142e-05,7.88193e-05,7.27227e-05,6.56866e-05,5.80419e-05,5.01731e-05,4.24983e-05,3.5446e-05,2.94301e-05,2.48244e-05,2.19381e-05,2.09949e-05,2.21166e-05,2.53125e-05,3.04762e-05,3.73902e-05,4.57368e-05,5.51164e-05,6.50705e-05,7.51092e-05,8.47392e-05,9.34934e-05,0.000100957,0.000106794,0.00011076,0.000112721,0.000112656,0.000110657,0.000106919,0.000101727,9.54337e-05,8.84336e-05,8.11361e-05,7.39353e-05,6.71822e-05,6.11606e-05,5.60674e-05,5.20008e-05,4.89559e-05,4.68287e-05,4.54284e-05,4.44958e-05,4.37276e-05,4.28026e-05,4.14089e-05,3.92687e-05,3.61591e-05,3.19265e-05,2.64954e-05,1.98703e-05,1.21317e-05,3.42812e-06,-6.03439e-06,-1.60037e-05,-2.61924e-05,-3.62869e-05,-4.59551e-05,-5.48531e-05,-6.26319e-05,-6.89465e-05,-7.34675e-05,-7.49207e-05,-7.29045e-05,-6.77831e-05,-5.97479e-05,-4.93501e-05,-3.75923e-05,-2.57992e-05,-1.53589e-05,-7.38321e-06,-2.37721e-06,0
0,-6.73041e-06,-1.43518e-05,-2.2988e-05,-3.18995e-05,-4.00091e-05,-4.62469e-05,-4.98323e-05,-5.04281e-05,-4.81503e-05,-4.34644e-05,-3.69284e-05,-2.85913e-05,-1.90128e-05,-9.51544e-06,-4.23264e-07,8.00901e-06,1.55997e-05,2.22381e-05,2.78772e-05,3.2525e-05,3.62333e-05,3.90885e-05,4.12022e-05,4.27052e-05,4.37425e-05,4.44707e-05,4.50545e-05,4.56646e-05,4.64722e-05,4.76433e-05,4.93295e-05,5.16574e-05,5.47176e-05,5.8553e-05,6.31504e-05,6.84343e-05,7.42658e-05,8.04461e-05,8.67253e-05,9.28155e-05,9.84076e-05,0.00010319,0.000106868,0.000109185,0.000109936,0.000108988,0.000106288,0.000101871,9.58667e-05,8.8497e-05,8.00699e-05,7.09684e-05,6.16349e-05,5.25489e-05,4.42026e-05,3.70722e-05,3.15891e-05,2.81119e-05,2.69017e-05,2.8103e-05,3.17316e-05,3.76703e-05,4.56745e-05,5.53851e-05,6.63493e-05,7.8047e-05,8.99212e-05,0.00010141,0.000111977,0.000121144,0.000128512,0.000133783,0.000136778,0.000137436,0.000135823,0.000132117,0.0001266,0.000119636,0.000111643,0.00010307,9.43617e-05,8.59293e-05,7.81252e-05,7.12181e-05,6.53779e-05,6.06666e-05,5.70392e-05,5.43522e-05,5.23801e-05,5.08379e-05,4.94072e-05,4.77643e-05,4.56062e-05,4.26737e-05,3.8769e-05,3.37672e-05,2.76205e-05,2.03579e-05,1.20784e-05,2.94291e-06,-6.83636e-06,-1.70054e-05,-2.72773e-05,-3.73387e-05,-4.68565e-05,-5.54836e-05,-6.28673e-05,-6.86601e-05,-7.14931e-05,-7.09099e-05,-6.72303e-05,-6.05329e-05,-5.12347e-05,-4.02154e-05,-2.87156e-05,-1.80983e-05,-9.51528e-06,-3.56088e-06,0
0,-7.25668e-06,-1.51425e-05,-2.36557e-05,-3.20111e-05,-3.91604e-05,-4.4134e-05,-4.62995e-05,-4.54836e-05,-4.19497e-05,-3.62709e-05,-2.9056e-05,-2.03212e-05,-1.06066e-05,-1.27105e-06,7.39096e-06,1.5166e-05,2.19228e-05,2.76073e-05,3.2233e-05,3.58689e-05,3.86263e-05,4.06471e-05,4.20927e-05,4.31369e-05,4.39594e-05,4.47418e-05,4.56646e-05,4.69032e-05,4.86233e-05,5.09736e-05,5.40776e-05,5.80237e-05,6.28546e-05,6.85586e-05,7.50628e-05,8.22303e-05,8.98622e-05,9.77046e-05,0.00010546,0.000112803,0.000119396,0.000124912,0.000129052,0.000131558,0.000132239,0.000130975,0.000127732,0.00012257,0.000115644,0.000107206,9.76018e-05,8.72561e-05,7.66599e-05,6.63471e-05,5.68674e-05,4.87555e-05,4.24979e-05,3.8501e-05,3.70624e-05,3.83485e-05,4.23803e-05,4.90293e-05,5.80234e-05,6.89623e-05,8.1342e-05,9.45845e-05,0.000108072,0.000121181,0.000133318,0.000143947,0.000152622,0.000159,0.000162859,0.000164108,0.000162785,0.00015905,0.000153178,0.000145534,0.000136552,0.000126709,0.000116489,0.000106358,9.67278e-05,8.79349e-05,8.02188e-05,7.37097e-05,6.84248e-05,6.4274e-05,6.10729e-05,5.85634e-05,5.64393e-05,5.43735e-05,5.2046e-05,4.91681e-05,4.55028e-05,4.08786e-05,3.51971e-05,2.84346e-05,2.06386e-05,1.19208e-05,2.44869e-06,-7.56296e-06,-1.786e-05,-2.81548e-05,-3.8132e-05,-4.74537e-05,-5.57663e-05,-6.27117e-05,-6.68338e-05,-6.76339e-05,-6.53987e-05,-6.01004e-05,-5.20211e-05,-4.19078e-05,-3.08998e-05,-2.03136e-05,-1.13207e-05,-4.5922e-06,0
0,-7.58198e-06,-1.55346e-05,-2.37376e-05,-3.13779e-05,-3.74572e-05,-4.1123e-05,-4.19004e-05,-3.97783e-05,-3.51567e-05,-2.86992e-05,-2.1046e-05,-1.21615e-05,-2.55125e-06,6.39877e-06,1.4433e-05,2.13874e-05,2.71879e-05,3.18422e-05,3.54271e-05,3.8074e-05,3.99533e-05,4.12602e-05,4.22027e-05,4.29919e-05,4.38356e-05,4.49333e-05,4.64722e-05,4.86233e-05,5.15362e-05,5.53325e-05,6.00981e-05,6.58739e-05,7.2648e-05,8.03489e-05,8.88417e-05,9.79294e-05,0.000107358,0.000116826,0.000126,0.000134529,0.000142065,0.000148277,0.000152872,0.00015561,0.000156313,0.000154879,0.000151293,0.000145629,0.000138061,0.000128859,0.00011839,0.000107108,9.5541e-05,8.42657e-05,7.38824e-05,6.49788e-05,5.80933e-05,5.36782e-05,5.20666e-05,5.34455e-05,5.78402e-05,6.51094e-05,7.49524e-05,8.69284e-05,0.000100484,0.000114989,0.000129771,0.000144158,0.000157509,0.000169252,0.000178901,0.000186083,0.000190549,0.000192182,0.000190995,0.000187131,0.00018085,0.000172513,0.000162558,0.000151476,0.000139781,0.000127977,0.000116529,0.000105833,9.6192e-05,8.78038e-05,8.07492e-05,7.49954e-05,7.04056e-05,6.67569e-05,6.3764e-05,6.11062e-05,5.84552e-05,5.55007e-05,5.19729e-05,4.76585e-05,4.24112e-05,3.61556e-05,2.88863e-05,2.06636e-05,1.16063e-05,1.88481e-06,-8.2852e-06,-1.86483e-05,-2.89137e-05,-3.87594e-05,-4.7839e-05,-5.57905e-05,-6.10794e-05,-6.31771e-05,-6.23514e-05,-5.84769e-05,-5.17031e-05,-4.26383e-05,-3.23055e-05,-2.19551e-05,-1.27576e-05,-5.44672e-06,0
0,-7.70401e-06,-1.55303e-05,-2.3251e-05,-3.00428e-05,-3.49768e-05,-3.73311e-05,-3.67922e-05,-3.35052e-05,-2.79919e-05,-2.09875e-05,-1.31428e-05,-4.35166e-06,4.92817e-06,1.32919e-05,2.05313e-05,2.65385e-05,3.13012e-05,3.48919e-05,3.74523e-05,3.91755e-05,4.02888e-05,4.1037e-05,4.16692e-05,4.24278e-05,4.35412e-05,4.52181e-05,4.76433e-05,5.09736e-05,5.53325e-05,6.08049e-05,6.74294e-05,7.5192e-05,8.40202e-05,9.37794e-05,0.000104273,0.000115247,0.000126401,0.000137396,0.000147876,0.000157482,0.00016587,0.000172726,0.000177778,0.00018081,0.000181668,0.000180271,0.000176615,0.000170782,0.000162948,0.000153384,0.000142463,0.000130648,0.000118489,0.000106593,9.56017e-05,8.61489e-05,7.88219e-05,7.41173e-05,7.24023e-05,7.3884e-05,7.85904e-05,8.63652e-05,9.68781e-05,0.000109647,0.000124072,0.000139475,0.00015514,0.000170359,0.000184462,0.000196855,0.000207037,0.000214622,0.000219347,0.00022108,0.000219819,0.000215686,0.000208924,0.000199879,0.00018898,0.00017672,0.000163626,0.000150227,0.000137026,0.000124468,0.000112913,0.000102621,9.37364e-05,8.62854e-05,8.01842e-05,7.52523e-05,7.12344e-05,6.78254e-05,6.46984e-05,6.15307e-05,5.80273e-05,5.39393e-05,4.90768e-05,4.33152e-05,3.65971e-05,2.89297e-05,2.03807e-05,1.10723e-05,1.17645e-06,-9.08928e-06,-1.9465e-05,-2.96521e-05,-3.93181e-05,-4.8105e-05,-5.44078e-05,-5.76826e-05,-5.81931e-05,-5.57281e-05,-5.03098e-05,-4.24053e-05,-3.29102e-05,-2.299e-05,-1.37948e-05,-6.10515e-06,0
0,-7.62672e-06,-1.51444e-05,-2.22308e-05,-2.80706e-05,-3.18204e-05,-3.28987e-05,-3.11523e-05,-2.6872e-05,-2.06837e-05,-1.33727e-05,-5.58061e-06,2.88775e-06,1.1634e-05,1.92414e-05,2.55558e-05,3.05301e-05,3.42173e-05,3.67555e-05,3.83504e-05,3.92547e-05,3.97485e-05,4.0121e-05,4.06561e-05,4.162e-05,4.32535e-05,4.57657e-05,4.93295e-05,5.40776e-05,6.00981e-05,6.74294e-05,7.6055e-05,8.58994e-05,9.6825e-05,0.000108633,0.000121067,0.000133822,0.00014656,0.00015892,0.00017054,0.000181072,0.000190196,0.000197632,0.000203146,0.00020656,0.000207751,0.000206657,0.00020328,0.000197698,0.00019007,0.000180648,0.000169785,0.000157936,0.000145648,0.000133547,0.000122302,0.00011259,0.000105043,0.0001002,9.84627e-05,0.000100058,0.000105015,0.00011316,0.00012413,0.000137401,0.000152326,0.000168187,0.000184235,0.00019974,0.000214026,0.0002265,0.000236668,0.000244156,0.000248707,0.000250186,0.000248583,0.000244005,0.00023667,0.000226899,0.000215102,0.000201755,0.000187379,0.000172513,0.000157682,0.000143363,0.000129968,0.000117808,0.000107088,9.78959e-05,9.0203e-05,8.3878e-05,7.87034e-05,7.43996e-05,7.06507e-05,6.71313e-05,6.35304e-05,5.9571e-05,5.50255e-05,4.97242e-05,4.35597e-05,3.6487e-05,2.85211e-05,1.97332e-05,1.02479e-05,2.39788e-07,-1.00681e-05,-2.04068e-05,-3.0465e-05,-3.98963e-05,-4.70338e-05,-5.13322e-05,-5.30678e-05,-5.19577e-05,-4.79057e-05,-4.12385e-05,-3.27163e-05,-2.34046e-05,-1.44135e-05,-6.55413e-06,0
0,-7.36031e-06,-1.44033e-05,-2.07283e-05,-2.55452e-05,-2.81093e-05,-2.79841e-05,-2.51716e-05,-2.00931e-05,-1.34583e-05,-6.08095e-06,1.427e-06,9.36546e-06,1.74055e-05,2.41236e-05,2.94243e-05,3.33245e-05,3.5943e-05,3.7483e-05,3.82112e-05,3.84359e-05,3.84843e-05,3.86839e-05,3.93457e-05,4.0752e-05,4.31472e-05,4.67318e-05,5.16574e-05,5.80237e-05,6.58739e-05,7.5192e-05,8.58994e-05,9.78536e-05,0.00011085,0.000124624,0.000138866,0.000153229,0.000167347,0.000180854,0.000193401,0.000204671,0.00021439,0.000222333,0.000228325,0.000232235,0.00023398,0.000233515,0.000230844,0.000226021,0.000219167,0.000210489,0.000200293,0.000188995,0.000177122,0.000165297,0.000154209,0.000144567,0.000137047,0.000132234,0.000130566,0.000132287,0.000137426,0.000145789,0.000156977,0.000170418,0.000185423,0.000201234,0.000217083,0.000232237,0.000246037,0.000257918,0.000267427,0.000274224,0.000278083,0.000278887,0.000276625,0.00027139,0.000263373,0.00025286,0.000240223,0.000225905,0.000210404,0.000194246,0.000177959,0.000162042,0.000146937,0.000133005,0.000120503,0.000109577,0.000100258,9.24679e-05,8.60345e-05,8.07124e-05,7.62071e-05,7.22003e-05,6.83745e-05,6.44337e-05,6.01197e-05,5.52234e-05,4.95914e-05,4.31284e-05,3.5797e-05,2.76166e-05,1.86612e-05,9.05884e-06,-1.00931e-06,-1.13097e-05,-2.1559e-05,-3.14294e-05,-3.92006e-05,-4.43403e-05,-4.71548e-05,-4.73055e-05,-4.45894e-05,-3.91981e-05,-3.17522e-05,-2.32047e-05,-1.46079e-05,-6.78681e-06,0
0,-6.92088e-06,-1.33446e-05,-1.88099e-05,-2.2567e-05,-2.39801e-05,-2.27577e-05,-1.90464e-05,-1.33804e-05,-6.5305e-06,6.82979e-07,7.69637e-06,1.49284e-05,2.2127e-05,2.78646e-05,3.21075e-05,3.49375e-05,3.65378e-05,3.71736e-05,3.71685e-05,3.68801e-05,3.66765e-05,3.69158e-05,3.79284e-05,4.00039e-05,4.33821e-05,4.8246e-05,5.47176e-05,6.28546e-05,7.2648e-05,8.40202e-05,9.6825e-05,0.00011085,0.00012582,0.000141413,0.000157267,0.000173002,0.000188242,0.00020263,0.000215853,0.000227646,0.000237804,0.00024618,0.000252674,0.000257222,0.000259785,0.000260339,0.000258874,0.000255405,0.000249989,0.000242754,0.000233927,0.000223855,0.000213015,0.000202008,0.000191529,0.000182317,0.000175094,0.000170492,0.000168987,0.000170848,0.000176099,0.00018452,0.000195668,0.000208921,0.00022354,0.000238735,0.00025373,0.000267811,0.000280361,0.000290882,0.00029899,0.000304417,0.000306994,0.000306639,0.000303354,0.000297219,0.000288395,0.000277119,0.000263711,0.00024856,0.000232119,0.000214882,0.00019736,0.000180054,0.000163426,0.00014787,0.000133691,0.000121091,0.000110158,0.000100871,9.31091e-05,8.667e-05,8.12895e-05,7.66667e-05,7.24876e-05,6.84465e-05,6.4263e-05,5.96958e-05,5.45508e-05,4.8686e-05,4.2014e-05,3.45022e-05,2.61733e-05,1.7106e-05,7.43602e-06,-2.6436e-06,-1.28832e-05,-2.29806e-05,-3.11699e-05,-3.69455e-05,-4.06619e-05,-4.19418e-05,-4.04909e-05,-3.63737e-05,-3.00716e-05,-2.24159e-05,-1.43859e-05,-6.80322e-06,0
0,-6.32981e-06,-1.20158e-05,-1.6554e-05,-1.92491e-05,-1.95797e-05,-1.73948e-05,-1.29713e-05,-6.93491e-06,-9.47236e-08,6.74396e-06,1.30821e-05,1.94684e-05,2.57325e-05,3.04437e-05,3.36305e-05,3.54379e-05,3.61107e-05,3.59709e-05,3.53927e-05,3.47765e-05,3.45233e-05,3.50137e-05,3.65893e-05,3.95391e-05,4.409e-05,5.03997e-05,5.8553e-05,6.85586e-05,8.03489e-05,9.37794e-05,0.000108633,0.000124624,0.000141413,0.000158617,0.000175834,0.000192662,0.000208727,0.000223701,0.000237325,0.000249411,0.000259846,0.000268584,0.000275622,0.000280977,0.000284666,0.000286684,0.000287,0.000285566,0.000282346,0.000277351,0.000270689,0.000262598,0.000253477,0.000243882,0.000234502,0.000226103,0.000219457,0.000215251,0.00021401,0.000216026,0.000221321,0.000229642,0.000240489,0.000253178,0.000266915,0.000280881,0.000294302,0.000306508,0.000316959,0.000325258,0.000331137,0.000334433,0.000335067,0.000333016,0.000328304,0.000321002,0.00031123,0.000299165,0.000285056,0.000269221,0.000252044,0.000233966,0.00021546,0.000197012,0.000179086,0.0001621,0.000146396,0.000132225,0.000119732,0.000108955,9.98307e-05,9.22035e-05,8.58492e-05,8.04937e-05,7.58366e-05,7.15718e-05,6.74062e-05,6.3074e-05,5.83471e-05,5.30423e-05,4.70254e-05,4.02141e-05,3.25804e-05,2.41527e-05,1.50186e-05,5.32711e-06,-4.71074e-06,-1.48244e-05,-2.32094e-05,-2.93999e-05,-3.38162e-05,-3.60613e-05,-3.57663e-05,-3.28811e-05,-2.77519e-05,-2.10834e-05,-1.37688e-05,-6.61033e-06,0
0,-5.61303e-06,-1.04719e-05,-1.40486e-05,-1.5713e-05,-1.50596e-05,-1.20692e-05,-7.13087e-06,-9.38747e-07,5.68311e-06,1.19639e-05,1.7483e-05,2.2927e-05,2.82092e-05,3.18939e-05,3.40706e-05,3.49437e-05,3.48141e-05,3.40543e-05,3.30816e-05,3.23308e-05,3.2228e-05,3.31679e-05,3.54954e-05,3.94915e-05,4.53628e-05,5.32353e-05,6.31504e-05,7.50628e-05,8.88417e-05,0.000104273,0.000121067,0.000138866,0.000157267,0.000175834,0.000194131,0.000211747,0.000228323,0.000243578,0.000257325,0.000269475,0.000280033,0.000289072,0.000296712,0.00030307,0.000308231,0.000312213,0.000314954,0.000316323,0.000316152,0.000314293,0.000310686,0.000305418,0.000298769,0.000291227,0.000283462,0.000276271,0.000270482,0.000266857,0.00026598,0.000268176,0.000273459,0.000281533,0.000291827,0.000303575,0.000315917,0.000328001,0.00033907,0.000348521,0.000355934,0.000361061,0.000363795,0.000364127,0.000362099,0.000357769,0.000351195,0.000342435,0.000331558,0.00031867,0.000303927,0.000287553,0.000269845,0.000251169,0.000231943,0.000212617,0.000193643,0.000175447,0.000158401,0.000142799,0.000128838,0.000116616,0.000106126,9.72693e-05,8.9866e-05,8.36778e-05,7.84267e-05,7.38159e-05,6.95485e-05,6.5343e-05,6.09449e-05,5.61362e-05,5.07411e-05,4.46313e-05,3.77301e-05,3.00164e-05,2.1529e-05,1.23705e-05,2.70971e-06,-7.21954e-06,-1.558e-05,-2.19575e-05,-2.68547e-05,-2.98741e-05,-3.05913e-05,-2.8857e-05,-2.48906e-05,-1.92693e-05,-1.27906e-05,-6.22174e-06,0
0,-4.79989e-06,-8.77388e-06,-1.13874e-05,-1.20834e-05,-1.057e-05,-6.94622e-06,-1.69265e-06,4.4522e-06,1.06717e-05,1.62465e-05,2.08451e-05,2.52963e-05,2.95957e-05,3.2299e-05,3.35525e-05,3.36145e-05,3.28348e-05,3.16284e-05,3.04474e-05,2.97522e-05,2.99856e-05,3.15487e-05,3.47825e-05,3.99531e-05,4.72417e-05,5.67374e-05,6.84343e-05,8.22303e-05,9.79294e-05,0.000115247,0.000133822,0.000153229,0.000173002,0.000192662,0.000211747,0.000229845,0.000246628,0.000261874,0.000275487,0.000287494,0.000298036,0.000307336,0.000315653,0.000323232,0.000330242,0.000336736,0.000342614,0.000347639,0.000351472,0.000353753,0.000354196,0.000352681,0.000349327,0.000344522,0.00033891,0.000333321,0.000328665,0.000325797,0.000325383,0.000327792,0.000333031,0.000340741,0.000350255,0.000360698,0.000371123,0.000380639,0.000388516,0.000394253,0.000397595,0.000398502,0.000397087,0.000393545,0.000388081,0.000380854,0.00037196,0.000361438,0.000349291,0.00033553,0.000320201,0.000303416,0.000285365,0.00026632,0.000246626,0.00022668,0.000206909,0.000187735,0.000169548,0.000152675,0.000137366,0.000123771,0.000111946,0.000101845,9.33436e-05,8.62431e-05,8.02962e-05,7.5224e-05,7.07344e-05,6.65387e-05,6.23644e-05,5.79658e-05,5.31319e-05,4.76937e-05,4.15295e-05,3.45709e-05,2.68091e-05,1.82997e-05,9.16677e-06,-3.95862e-07,-8.52299e-06,-1.48616e-05,-2.00124e-05,-2.35963e-05,-2.51533e-05,-2.44536e-05,-2.16017e-05,-1.70507e-05,-1.14962e-05,-5.65714e-06,0
0,-3.92199e-06,-6.98591e-06,-8.66625e-06,-8.48383e-06,-6.25371e-06,-2.17639e-06,3.199e-06,9.11356e-06,1.47785e-05,1.95403e-05,2.31626e-05,2.66175e-05,2.99786e-05,3.17869e-05,3.22394e-05,3.16411e-05,3.03818e-05,2.89101e-05,2.77034e-05,2.72397e-05,2.79697e-05,3.02941e-05,3.45438e-05,4.09653e-05,4.97103e-05,6.08287e-05,7.42658e-05,8.98622e-05,0.000107358,0.000126401,0.00014656,0.000167347,0.000188242,0.000208727,0.000228323,0.000246628,0.000263352,0.000278345,0.000291611,0.000303309,0.000313734,0.000323274,0.000332359,0.000341387,0.000350643,0.000360231,0.000370022,0.000379647,0.000388554,0.000396106,0.000401719,0.000404996,0.000405838,0.000404504,0.000401599,0.000398004,0.000394735,0.000392783,0.000392928,0.000395601,0.000400798,0.000408076,0.000416629,0.000425433,0.000433418,0.00043964,0.000443412,0.000444373,0.000442493,0.000438013,0.000431342,0.000422943,0.00041322,0.000402455,0.000390776,0.000378183,0.000364591,0.000349891,0.000333999,0.000316896,0.000298649,0.000279423,0.000259475,0.000239138,0.000218798,0.000198864,0.000179733,0.00016176,0.000145235,0.000130363,0.000117255,0.000105926,9.63031e-05,8.82345e-05,8.15092e-05,7.5873e-05,7.10466e-05,6.6742e-05,6.26767e-05,5.85852e-05,5.42287e-05,4.94035e-05,4.39483e-05,3.77517e-05,3.07594e-05,2.29814e-05,1.44968e-05,5.45684e-06,-2.24796e-06,-8.33346e-06,-1.35116e-05,-1.74395e-05,-1.96429e-05,-1.98311e-05,-1.801e-05,-1.45157e-05,-9.93965e-06,-4.94131e-06,0
0,-3.01182e-06,-5.17254e-06,-5.97906e-06,-5.03126e-06,-2.24066e-06,2.11026e-06,7.42793e-06,1.29562e-05,1.7952e-05,2.18375e-05,2.44749e-05,2.69757e-05,2.94848e-05,3.05205e-05,3.03227e-05,2.92334e-05,2.76733e-05,2.61146e-05,2.5051e-05,2.49689e-05,2.63204e-05,2.94993e-05,3.48223e-05,4.2513e-05,5.26923e-05,6.53707e-05,8.04461e-05,9.77046e-05,0.000116826,0.000137396,0.00015892,0.000180854,0.00020263,0.000223701,0.000243578,0.000261874,0.000278345,0.000292915,0.000305696,0.000316983,0.000327233,0.000337021,0.000346969,0.000357666,0.000369559,0.000382843,0.000397377,0.000412651,0.000427845,0.000441964,0.000454031,0.000463284,0.000469335,0.000472268,0.000472646,0.00047142,0.000469766,0.000468864,0.000469659,0.000472673,0.000477883,0.000484728,0.000492205,0.000499077,0.000504098,0.000506248,0.000504895,0.000499872,0.000491456,0.000480265,0.0004671,0.000452766,0.000437919,0.000422968,0.000408053,0.000393095,0.000377882,0.000362156,0.000345685,0.000328303,0.000309944,0.000290659,0.000270607,0.00025005,0.000229325,0.000208815,0.000188915,0.00017,0.000152395,0.000136352,0.000122035,0.000109516,9.87745e-05,8.9708e-05,8.2145e-05,7.5861e-05,7.05956e-05,6.60687e-05,6.19953e-05,5.80978e-05,5.41172e-05,4.98221e-05,4.50184e-05,3.95569e-05,3.33425e-05,2.6342e-05,1.85909e-05,1.01975e-05,3.07651e-06,-2.56166e-06,-7.55119e-06,-1.16016e-05,-1.42446e-05,-1.51507e-05,-1.42453e-05,-1.17596e-05,-8.18162e-06,-4.10302e-06,0
0,-2.1014e-06,-3.39616e-06,-3.41398e-06,-1.83159e-06,1.35681e-06,5.80843e-06,1.09095e-05,1.59278e-05,2.01806e-05,2.31721e-05,2.48612e-05,2.64924e-05,2.82723e-05,2.86866e-05,2.80085e-05,2.66069e-05,2.49231e-05,2.34425e-05,2.26662e-05,2.30816e-05,2.51355e-05,2.92108e-05,3.56068e-05,4.45241e-05,5.60534e-05,7.01689e-05,8.67253e-05,0.00010546,0.000126,0.000147876,0.00017054,0.000193401,0.000215853,0.000237325,0.000257325,0.000275487,0.000291611,0.000305696,0.000317955,0.000328816,0.000338897,0.000348962,0.000359856,0.000372402,0.000387276,0.000404845,0.000425005,0.000447103,0.000469988,0.000492199,0.000512242,0.000528863,0.000541293,0.000549387,0.000553655,0.00055516,0.000555308,0.000555553,0.000557082,0.000560547,0.000565903,0.000572413,0.000578793,0.00058349,0.00058501,0.000582218,0.000574556,0.000562121,0.00054561,0.000526153,0.000505068,0.000483607,0.000462727,0.000442963,0.000424412,0.000406836,0.000389837,0.000372976,0.000355855,0.000338158,0.000319687,0.000300373,0.000280281,0.000259594,0.000238595,0.000217636,0.000197103,0.00017738,0.00015882,0.000141713,0.000126272,0.000112621,0.000100789,9.07213e-05,8.22878e-05,7.5296e-05,6.95084e-05,6.46585e-05,6.04651e-05,5.66457e-05,5.29286e-05,4.90628e-05,4.48282e-05,4.00447e-05,3.45819e-05,2.83682e-05,2.13983e-05,1.3739e-05,7.32993e-06,2.30567e-06,-2.29804e-06,-6.25717e-06,-9.12874e-06,-1.05666e-05,-1.04369e-05,-8.87998e-06,-6.28632e-06,-3.17361e-06,0
0,-1.22091e-06,-1.71431e-06,-1.04988e-06,1.02433e-06,4.44795e-06,8.84074e-06,1.35921e-05,1.80126e-05,2.14905e-05,2.36141e-05,2.44336e-05,2.53162e-05,2.65185e-05,2.64828e-05,2.55047e-05,2.39692e-05,2.2327e-05,2.10676e-05,2.06905e-05,2.16773e-05,2.44652e-05,2.94232e-05,3.68331e-05,4.68736e-05,5.96094e-05,7.49836e-05,9.28155e-05,0.000112803,0.000134529,0.000157482,0.000181072,0.000204671,0.000227646,0.000249411,0.000269475,0.000287494,0.000303309,0.000316983,0.000328816,0.000339348,0.00034934,0.000359738,0.000371619,0.000386099,0.000404186,0.000426556,0.000453263,0.000483527,0.000515784,0.000547957,0.000577847,0.000603546,0.000623768,0.000638067,0.000646893,0.000651476,0.00065356,0.000654999,0.000657336,0.000661412,0.000667154,0.000673566,0.000678948,0.00068129,0.00067873,0.000669968,0.000654545,0.000632924,0.000606384,0.000576751,0.000546045,0.000516099,0.000488244,0.000463111,0.000440634,0.000420271,0.000401349,0.000383217,0.000365307,0.000347165,0.00032847,0.000309046,0.000288866,0.000268038,0.00024679,0.000225437,0.000204349,0.000183913,0.000164499,0.000146428,0.000129953,0.000115242,0.00010237,9.13254e-05,8.20172e-05,7.42851e-05,6.79167e-05,6.26622e-05,5.82493e-05,5.43972e-05,5.08284e-05,4.72798e-05,4.35132e-05,3.93252e-05,3.45569e-05,2.91041e-05,2.29256e-05,1.60496e-05,1.04434e-05,6.1663e-06,2.11955e-06,-1.55055e-06,-4.444e-06,-6.21988e-06,-6.70701e-06,-5.97284e-06,-4.31861e-06,-2.18553e-06,0
0,-3.9743e-07,-1.7743e-07,1.04667e-06,3.46389e-06,6.96621e-06,1.11592e-05,1.54572e-05,1.92291e-05,2.19409e-05,2.32627e-05,2.33272e-05,2.36114e-05,2.44083e-05,2.41051e-05,2.30084e-05,2.15077e-05,2.00527e-05,1.91275e-05,1.92228e-05,2.08092e-05,2.43106e-05,3.00819e-05,3.83889e-05,4.93925e-05,6.31375e-05,7.95446e-05,9.84076e-05,0.000119396,0.000142065,0.00016587,0.000190196,0.00021439,0.000237804,0.000259846,0.000280033,0.000298036,0.000313734,0.000327233,0.000338897,0.00034934,0.000359424,0.000370238,0.000383078,0.000399395,0.000420687,0.000448202,0.000482388,0.000522398,0.000566128,0.000610649,0.000652798,0.000689767,0.000719573,0.000741364,0.00075552,0.000763522,0.000767604,0.000770215,0.000773415,0.000778335,0.000784856,0.000791598,0.000796247,0.000796117,0.000788808,0.000772779,0.000747712,0.000714591,0.000675503,0.000633242,0.000590786,0.000550758,0.000514961,0.000484069,0.00045762,0.000434448,0.000413501,0.000393917,0.000374989,0.000356153,0.000336992,0.000317244,0.000296802,0.000275708,0.000254135,0.000232359,0.00021073,0.000189627,0.000169429,0.000150479,0.000133059,0.000117371,0.000103529,9.15577e-05,8.13999e-05,7.29253e-05,6.59457e-05,6.02296e-05,5.55172e-05,5.15338e-05,4.80027e-05,4.46559e-05,4.12448e-05,3.75506e-05,3.33939e-05,2.86449e-05,2.32324e-05,1.71509e-05,1.23995e-05,8.96609e-06,5.61583e-06,2.40935e-06,-3.11581e-07,-2.23198e-06,-3.16604e-06,-3.12787e-06,-2.34113e-06,-1.17086e-06,0
0,3.46035e-07,1.17304e-06,2.82365e-06,5.43485e-06,8.87068e-06,1.27451e-05,1.6517e-05,1.96256e-05,2.16173e-05,2.2238e-05,2.16909e-05,2.15473e-05,2.21223e-05,2.17361e-05,2.06943e-05,1.93796e-05,1.82307e-05,1.77179e-05,1.83171e-05,2.04837e-05,2.46273e-05,3.10897e-05,4.01243e-05,5.18809e-05,6.63927e-05,8.35687e-05,0.00010319,0.000124912,0.000148277,0.000172726,0.000197632,0.000222333,0.00024618,0.000268584,0.000289072,0.000307336,0.000323274,0.000337021,0.000348962,0.000359738,0.000370238,0.000381608,0.000395282,0.000413042,0.000437063,0.000469663,0.000512227,0.00056393,0.000621891,0.000681952,0.000739592,0.000790762,0.000832525,0.000863479,0.000883916,0.000895686,0.000901736,0.000905391,0.000909487,0.000915586,0.000923499,0.000931276,0.000935681,0.000933027,0.000920124,0.000895089,0.000857816,0.000810034,0.000754981,0.000696799,0.000639803,0.000587719,0.000543004,0.000506323,0.000476374,0.000450596,0.000427542,0.000406243,0.000385939,0.000366014,0.000345996,0.000325565,0.000304554,0.000282948,0.000260869,0.000238555,0.000216327,0.000194552,0.000173607,0.000153844,0.000135562,0.000118988,0.000104262,9.14381e-05,8.04846e-05,7.12962e-05,6.37059e-05,5.75e-05,5.24321e-05,4.82376e-05,4.46452e-05,4.13886e-05,3.82166e-05,3.49027e-05,3.12552e-05,2.71269e-05,2.24237e-05,1.71122e-05,1.32297e-05,1.0698e-05,8.14874e-06,5.55187e-06,3.17864e-06,1.29926e-06,9.18929e-08,-4.25e-07,-4.11564e-07,-1.59909e-07,0
0,9.91397e-07,2.306e-06,4.24509e-06,6.90635e-06,1.0146e-05,1.36077e-05,1.68117e-05,1.92756e-05,2.0625e-05,2.06724e-05,1.96769e-05,1.92876e-05,1.98264e-05,1.95348e-05,1.87058e-05,1.77046e-05,1.69495e-05,1.68901e-05,1.79825e-05,2.06646e-05,2.53322e-05,3.23167e-05,4.18651e-05,5.41238e-05,6.91252e-05,8.6779e-05,0.000106868,0.000129052,0.000152872,0.000177778,0.000203146,0.000228325,0.000252674,0.000275622,0.000296712,0.000315653,0.000332359,0.000346969,0.000359856,0.000371619,0.000383078,0.000395282,0.000409601,0.000427965,0.000453324,0.000490056,0.000541794,0.000607754,0.000683766,0.00076381,0.000841427,0.000910845,0.000967822,0.00101021,0.00103817,0.00105408,0.00106194,0.00106636,0.00107135,0.00107911,0.00108935,0.00109927,0.00110423,0.00109906,0.00107941,0.00104292,0.000989822,0.000922929,0.000847119,0.000768436,0.000693064,0.000626319,0.000571689,0.000529925,0.000498188,0.000470213,0.000444866,0.000421421,0.000399204,0.000377622,0.000356195,0.000334575,0.000312556,0.000290076,0.000267213,0.000244163,0.000221214,0.000198712,0.00017702,0.000156489,0.000137422,0.000120057,0.000104549,9.09677e-05,7.92998e-05,6.94567e-05,6.12878e-05,5.4594e-05,4.91425e-05,4.46799e-05,4.09447e-05,3.76775e-05,3.4631e-05,3.15794e-05,2.83267e-05,2.47164e-05,2.06398e-05,1.60429e-05,1.30077e-05,1.13986e-05,9.71826e-06,7.84489e-06,5.96995e-06,4.30252e-06,2.99209e-06,2.06857e-06,1.41952e-06,8.1998e-07,0
0,1.52595e-06,3.20141e-06,5.29159e-06,7.86882e-06,1.08013e-05,1.37815e-05,1.64045e-05,1.82709e-05,1.90808e-05,1.87015e-05,1.74319e-05,1.6981e-05,1.7663e-05,1.76296e-05,1.71497e-05,1.65614e-05,1.62548e-05,1.66527e-05,1.8188e-05,2.12806e-05,2.6314e-05,3.36139e-05,4.3428e-05,5.59087e-05,7.10995e-05,8.89247e-05,0.000109185,0.000131558,0.00015561,0.00018081,0.00020656,0.000232235,0.000257222,0.000280977,0.00030307,0.000323232,0.000341387,0.000357666,0.000372402,0.000386099,0.000399395,0.000413042,0.000427965,0.000445608,0.000469105,0.000506873,0.000568493,0.000652442,0.000752073,0.000858482,0.000962439,0.00105581,0.0011326,0.00118958,0.00122678,0.00124728,0.0012566,0.00126129,0.00126709,0.00127722,0.00129123,0.00130498,0.00131175,0.00130412,0.00127606,0.00122455,0.00115036,0.00105795,0.000954532,0.00084881,0.000749581,0.000664451,0.000598677,0.000553872,0.000525531,0.000495243,0.000466963,0.000440646,0.000415751,0.000391751,0.000368198,0.000344743,0.000321158,0.000297343,0.000273333,0.00024928,0.000225434,0.000202108,0.000179643,0.000158372,0.000138591,0.000120533,0.000104355,9.01318e-05,7.78549e-05,6.74445e-05,5.87591e-05,5.16099e-05,4.57753e-05,4.10137e-05,3.70754e-05,3.37124e-05,3.06875e-05,2.77821e-05,2.48044e-05,2.15972e-05,1.80452e-05,1.4082e-05,1.1842e-05,1.11414e-05,1.03624e-05,9.29286e-06,8.03855e-06,6.73402e-06,5.48104e-06,4.30036e-06,3.11038e-06,1.74541e-06,0
0,1.94257e-06,3.85041e-06,5.96e-06,8.33274e-06,1.08673e-05,1.3322e-05,1.53764e-05,1.67154e-05,1.71061e-05,1.64567e-05,1.50891e-05,1.47546e-05,1.57451e-05,1.6113e-05,1.6093e-05,1.59872e-05,1.6151e-05,1.69759e-05,1.88698e-05,2.22348e-05,2.74456e-05,3.48277e-05,4.46374e-05,5.70437e-05,7.21132e-05,8.97995e-05,0.000109936,0.000132239,0.000156313,0.000181668,0.000207751,0.00023398,0.000259785,0.000284666,0.000308231,0.000330242,0.000350643,0.000369559,0.000387276,0.000404186,0.000420687,0.000437063,0.000453324,0.000469105,0.0004839,0.000513862,0.000586812,0.000694873,0.000826578,0.000968675,0.00110811,0.0012336,0.00133675,0.0014129,0.00146176,0.00148742,0.00149759,0.0015017,0.00150816,0.00152172,0.00154168,0.00156185,0.00157231,0.0015623,0.00152331,0.00145145,0.00134844,0.00122117,0.00108022,0.00093802,0.000806891,0.000697604,0.000618289,0.00057381,0.000565854,0.000527863,0.000495154,0.000464933,0.000436363,0.000408991,0.00038244,0.000356387,0.000330586,0.000304902,0.000279324,0.000253954,0.000228996,0.000204721,0.000181435,0.000159441,0.000139012,0.000120364,0.000103639,8.8904e-05,7.61446e-05,6.52787e-05,5.61659e-05,4.86219e-05,4.24327e-05,3.73674e-05,3.31891e-05,2.96645e-05,2.6571e-05,2.37041e-05,2.08833e-05,1.79587e-05,1.48172e-05,1.13881e-05,9.86582e-06,1.00298e-05,1.01516e-05,9.93289e-06,9.39145e-06,8.57698e-06,7.52696e-06,6.23363e-06,4.62918e-06,2.5976e-06,0
0,2.23959e-06,4.25487e-06,6.26226e-06,8.32656e-06,1.03938e-05,1.23015e-05,1.38208e-05,1.47188e-05,1.48198e-05,1.40585e-05,1.27626e-05,1.27082e-05,1.41528e-05,1.50406e-05,1.55635e-05,1.59804e-05,1.66064e-05,1.77991e-05,1.99404e-05,2.34166e-05,2.85974e-05,3.58145e-05,4.53412e-05,5.73733e-05,7.20132e-05,8.92573e-05,0.000108988,0.000130975,0.000154879,0.000180271,0.000206657,0.000233515,0.000260339,0.000286684,0.000312213,0.000336736,0.000360231,0.000382843,0.000404845,0.000426556,0.000448202,0.000469663,0.000490056,0.000506873,0.000513862,0.000544098,0.000622096,0.000738397,0.000879924,0.00103211,0.00118094,0.00131448,0.00142399,0.00150474,0.00155668,0.00158447,0.00159656,0.00160306,0.00161276,0.00163019,0.00165391,0.00167665,0.00168739,0.00167467,0.00162985,0.00154944,0.00143594,0.00129711,0.00114435,0.000990732,0.000849204,0.00073131,0.000646391,0.000601297,0.000600919,0.000565965,0.000529988,0.000495003,0.000461564,0.000429682,0.000399136,0.000369635,0.000340912,0.000312788,0.000285192,0.000258172,0.000231872,0.000206511,0.000182347,0.000159643,0.000138632,0.000119499,0.000102359,8.72547e-05,7.41552e-05,6.29651e-05,5.35362e-05,4.5682e-05,3.91917e-05,3.38427e-05,2.94111e-05,2.56798e-05,2.24451e-05,1.95215e-05,1.67464e-05,1.3985e-05,1.11345e-05,8.12813e-06,7.22811e-06,8.1881e-06,9.18106e-06,9.82933e-06,1.00628e-05,9.83952e-06,9.11899e-06,7.8475e-06,5.9544e-06,3.36277e-06,0
0,2.42041e-06,4.42641e-06,6.22367e-06,7.89388e-06,9.44483e-06,1.08042e-05,1.18379e-05,1.23906e-05,1.23329e-05,1.16111e-05,1.05427e-05,1.09127e-05,1.29323e-05,1.44319e-05,1.55529e-05,1.65052e-05,1.75603e-05,1.90397e-05,2.12999e-05,2.47137e-05,2.96504e-05,3.64545e-05,4.54243e-05,5.67927e-05,7.07091e-05,8.72256e-05,0.000106288,0.000127732,0.000151293,0.000176615,0.00020328,0.000230844,0.000258874,0.000287,0.000314954,0.000342614,0.000370022,0.000397377,0.000425005,0.000453263,0.000482388,0.000512227,0.000541794,0.000568493,0.000586812,0.000622096,0.00070208,0.000818297,0.000958878,0.00111064,0.00126091,0.00139893,0.00151681,0.00161029,0.00167914,0.001727,0.0017603,0.00178627,0.00181051,0.00183483,0.00185635,0.00186815,0.00186129,0.00182749,0.00176151,0.00166266,0.00153503,0.00138664,0.00122809,0.00107096,0.000926648,0.000805442,0.000716059,0.000665278,0.000657556,0.000616759,0.000573765,0.000531671,0.000491627,0.000453873,0.00041824,0.000384407,0.000352051,0.000320918,0.000290866,0.000261869,0.000234004,0.000207426,0.000182333,0.000158933,0.000137409,0.000117901,0.000100482,8.51595e-05,7.18729e-05,6.05031e-05,5.08854e-05,4.28241e-05,3.61064e-05,3.0515e-05,2.58381e-05,2.18758e-05,1.84457e-05,1.53857e-05,1.25568e-05,9.84602e-06,7.16819e-06,4.46835e-06,4.08345e-06,5.7529e-06,7.56376e-06,9.06757e-06,1.01094e-05,1.05516e-05,1.02654e-05,9.13613e-06,7.07469e-06,4.03215e-06,0
0,2.49291e-06,4.38502e-06,5.88056e-06,7.09021e-06,8.09544e-06,8.92128e-06,9.52912e-06,9.83496e-06,9.74405e-06,9.19969e-06,8.49482e-06,9.40892e-06,1.20978e-05,1.42736e-05,1.60217e-05,1.7499e-05,1.89308e-05,2.06021e-05,2.28452e-05,2.60223e-05,3.0507e-05,3.66624e-05,4.48199e-05,5.5258e-05,6.81833e-05,8.37142e-05,0.000101871,0.00012257,0.000145629,0.000170782,0.000197698,0.000226021,0.000255405,0.000285566,0.000316323,0.000347639,0.000379647,0.000412651,0.000447103,0.000483527,0.000522398,0.00056393,0.000607754,0.000652442,0.000694873,0.000738397,0.000818297,0.000928651,0.00106102,0.0012059,0.00135396,0.00149718,0.00162958,0.00174773,0.00185068,0.00193938,0.00201542,0.00207952,0.00213046,0.00216471,0.00217733,0.00216332,0.00211909,0.0020435,0.00193823,0.00180767,0.00165832,0.00149802,0.00133519,0.00117821,0.00103509,0.000913284,0.00081954,0.000759613,0.000737641,0.000682193,0.000627225,0.000574995,0.000526321,0.000481243,0.000439429,0.000400419,0.000363766,0.000329109,0.000296206,0.000264945,0.000235322,0.000207417,0.000181358,0.000157287,0.000135326,0.000115555,9.79961e-05,8.26091e-05,6.92923e-05,5.78936e-05,4.82231e-05,4.0069e-05,3.32116e-05,2.74356e-05,2.25392e-05,1.83402e-05,1.46789e-05,1.14198e-05,8.45225e-06,5.69036e-06,3.0734e-06,5.65494e-07,5.83861e-07,2.86467e-06,5.42239e-06,7.7474e-06,9.60497e-06,1.0761e-05,1.09911e-05,1.01073e-05,7.9882e-06,4.60185e-06,0
0,2.46869e-06,4.15747e-06,5.27773e-06,5.97953e-06,6.4269e-06,6.74656e-06,6.99344e-06,7.14724e-06,7.13635e-06,6.88831e-06,6.65885e-06,8.20969e-06,1.1634e-05,1.45242e-05,1.69054e-05,1.88792e-05,2.06233e-05,2.23869e-05,2.44796e-05,2.72565e-05,3.10994e-05,3.63957e-05,4.35162e-05,5.27923e-05,6.44955e-05,7.88193e-05,9.58667e-05,0.000115644,0.000138061,0.000162948,0.00019007,0.000219167,0.000249989,0.000282346,0.000316152,0.000351472,0.000388554,0.000427845,0.000469988,0.000515784,0.000566128,0.000621891,0.000683766,0.000752073,0.000826578,0.000879924,0.000958878,0.00106102,0.00118287,0.00132021,0.00146861,0.00162397,0.00178301,0.00194327,0.00210249,0.00225719,0.00240127,0.00252522,0.00261703,0.0026649,0.00266096,0.00260396,0.00249936,0.00235731,0.00218991,0.00200886,0.00182398,0.00164272,0.00147047,0.00131126,0.00116853,0.00104578,0.000946917,0.000876102,0.000837209,0.000760484,0.000689202,0.000624013,0.000564814,0.000511085,0.000462125,0.000417215,0.000375714,0.00033711,0.000301042,0.000267292,0.000235766,0.00020646,0.000179422,0.000154718,0.000132401,0.000112481,9.492e-05,7.96184e-05,6.64253e-05,5.51464e-05,4.55596e-05,3.74308e-05,3.05282e-05,2.46353e-05,1.95584e-05,1.5132e-05,1.12204e-05,7.71668e-06,4.54159e-06,1.64111e-06,-1.01569e-06,-3.4394e-06,-3.12822e-06,-3.39273e-07,2.88255e-06,5.97662e-06,8.63512e-06,1.05292e-05,1.13344e-05,1.07803e-05,8.70148e-06,5.07237e-06,0
0,2.36223e-06,3.77554e-06,4.46588e-06,4.63088e-06,4.52312e-06,4.37236e-06,4.32322e-06,4.41087e-06,4.57621e-06,4.72005e-06,5.05089e-06,7.30276e-06,1.15015e-05,1.512e-05,1.81213e-05,2.05503e-05,2.25378e-05,2.42979e-05,2.61198e-05,2.83541e-05,3.13949e-05,3.56582e-05,4.15588e-05,4.94865e-05,5.97831e-05,7.27227e-05,8.8497e-05,0.000107206,0.000128859,0.000153384,0.000180648,0.000210489,0.000242754,0.000277351,0.000314293,0.000353753,0.000396106,0.000441964,0.000492199,0.000547957,0.000610649,0.000681952,0.00076381,0.000858482,0.000968675,0.00103211,0.00111064,0.0012059,0.00132021,0.00145572,0.00161395,0.00179568,0.00200097,0.00222859,0.0024744,0.00272899,0.00297557,0.0031898,0.00334327,0.00341099,0.00338041,0.0032567,0.00305989,0.00281723,0.00255551,0.00229613,0.00205307,0.00183338,0.0016389,0.00146858,0.00132051,0.00119351,0.00108793,0.0010058,0.000950397,0.000847979,0.000757262,0.000676975,0.000605792,0.000542399,0.000485571,0.000434233,0.000387492,0.000344652,0.000305208,0.000268827,0.000235314,0.000204573,0.00017657,0.000151288,0.000128701,0.000108745,9.13106e-05,7.62341e-05,6.3307e-05,5.22866e-05,4.2912e-05,3.49216e-05,2.80677e-05,2.2129e-05,1.69179e-05,1.22848e-05,8.11755e-06,4.33925e-06,9.04266e-07,-2.20631e-06,-4.98946e-06,-7.42538e-06,-6.92519e-06,-3.73062e-06,6.66806e-08,3.86527e-06,7.29185e-06,9.9265e-06,1.13436e-05,1.11838e-05,9.22816e-06,5.44804e-06,0
0,2.18999e-06,3.27423e-06,3.49898e-06,3.11527e-06,2.46722e-06,1.88645e-06,1.6019e-06,1.696e-06,2.11292e-06,2.7182e-06,3.6658e-06,6.65473e-06,1.16409e-05,1.59807e-05,1.95745e-05,2.24111e-05,2.45752e-05,2.62478e-05,2.76997e-05,2.92799e-05,3.13972e-05,3.44995e-05,3.90487e-05,4.54957e-05,5.42559e-05,6.56866e-05,8.00699e-05,9.76018e-05,0.00011839,0.000142463,0.000169785,0.000200293,0.000233927,0.000270689,0.000310686,0.000354196,0.000401719,0.000454031,0.000512242,0.000577847,0.000652798,0.000739592,0.000841427,0.000962439,0.00110811,0.00118094,0.00126091,0.00135396,0.00146861,0.00161395,0.00179826,0.00202819,0.00230825,0.00263935,0.00301599,0.00342208,0.00382693,0.00418431,0.00443851,0.00453977,0.00446563,0.00423362,0.00389034,0.00349113,0.00308429,0.00270363,0.00236767,0.0020823,0.00184493,0.00164857,0.0014852,0.00134816,0.00123349,0.00114043,0.001071,0.000940379,0.000828392,0.00073173,0.000647689,0.000574039,0.000508937,0.000450888,0.000398708,0.000351493,0.000308582,0.000269518,0.000234,0.00020184,0.000172913,0.00014712,0.00012435,0.000104461,8.72688e-05,7.25391e-05,6.00012e-05,4.93589e-05,4.03087e-05,3.25571e-05,2.58372e-05,1.99203e-05,1.46228e-05,9.80967e-06,5.39188e-06,1.32269e-06,-2.40874e-06,-5.78423e-06,-8.76391e-06,-1.12939e-05,-1.06976e-05,-7.19424e-06,-2.91059e-06,1.5207e-06,5.66901e-06,9.02866e-06,1.1074e-05,1.13533e-05,9.58739e-06,5.7363e-06,0
0,1.96961e-06,2.69014e-06,2.43197e-06,1.50293e-06,3.38829e-07,-6.30338e-07,-1.09761e-06,-9.41004e-07,-2.20457e-07,8.88416e-07,2.48075e-06,6.21564e-06,1.19789e-05,1.70154e-05,2.11639e-05,2.43592e-05,2.66416e-05,2.81612e-05,2.91727e-05,3.00251e-05,3.11443e-05,3.3011e-05,3.61357e-05,4.10313e-05,4.81867e-05,5.80419e-05,7.09684e-05,8.72561e-05,0.000107108,0.000130648,0.000157936,0.000188995,0.000223855,0.000262598,0.000305418,0.000352681,0.000404996,0.000463284,0.000528863,0.000603546,0.000689767,0.000790762,0.000910845,0.00105581,0.0012336,0.00131448,0.00139893,0.00149718,0.00162397,0.00179568,0.00202819,0.00233565,0.00272935,0.00321556,0.00379094,0.00443496,0.00510055,0.00570758,0.00614827,0.00631667,0.00616317,0.00573524,0.00513775,0.00447888,0.00384026,0.00327044,0.00279011,0.00240067,0.00209225,0.00184987,0.00165792,0.00150317,0.00137639,0.00127306,0.00119322,0.00103346,0.000899544,0.000786077,0.000688922,0.000604874,0.000531432,0.000466651,0.000409038,0.000357468,0.000311121,0.000269413,0.000231939,0.000198416,0.000168631,0.0001424,0.00011953,9.97982e-05,8.2941e-05,6.86539e-05,5.6601e-05,4.643e-05,3.77917e-05,3.03589e-05,2.38428e-05,1.80052e-05,1.2665e-05,7.6999e-06,3.04322e-06,-1.32219e-06,-5.37228e-06,-9.05102e-06,-1.22802e-05,-1.49695e-05,-1.43558e-05,-1.06307e-05,-5.94577e-06,-9.56129e-07,3.85833e-06,7.91265e-06,1.05844e-05,1.1329e-05,9.80232e-06,5.94692e-06,0
0,1.71909e-06,2.05995e-06,1.31877e-06,-1.38912e-07,-1.78806e-06,-3.10563e-06,-3.71355e-06,-3.45701e-06,-2.40532e-06,-7.78247e-07,1.45913e-06,5.92363e-06,1.2433e-05,1.81273e-05,2.27871e-05,2.62953e-05,2.86513e-05,2.99761e-05,3.05106e-05,3.0605e-05,3.07029e-05,3.1318e-05,3.30086e-05,3.63481e-05,4.18964e-05,5.01731e-05,6.16349e-05,7.66599e-05,9.5541e-05,0.000118489,0.000145648,0.000177122,0.000213015,0.000253477,0.000298769,0.000349327,0.000405838,0.000469335,0.000541293,0.000623768,0.000719573,0.000832525,0.000967822,0.0011326,0.00133675,0.00142399,0.00151681,0.00162958,0.00178301,0.00200097,0.00230825,0.00272935,0.00328761,0.00400287,0.00488493,0.00592006,0.00704874,0.00813891,0.00897388,0.00929946,0.00897564,0.0081431,0.00705693,0.005935,0.00491029,0.00404222,0.00334268,0.00279806,0.00238351,0.00207124,0.00183521,0.00165379,0.00151122,0.00139824,0.00131196,0.00112343,0.000967956,0.000838026,0.000728075,0.000633921,0.000552401,0.000481119,0.000418272,0.00036252,0.000312882,0.000268654,0.00022933,0.000194536,0.000163976,0.000137382,0.000114482,9.4973e-05,7.85157e-05,6.47341e-05,5.32273e-05,4.35868e-05,3.54171e-05,2.8356e-05,2.20919e-05,1.63756e-05,1.10269e-05,5.93498e-06,1.05397e-06,-3.60484e-06,-7.98336e-06,-1.19881e-05,-1.55022e-05,-1.83982e-05,-1.78299e-05,-1.39574e-05,-8.94847e-06,-3.47333e-06,1.9465e-06,6.65384e-06,9.93455e-06,1.11531e-05,9.89854e-06,6.09127e-06,0
0,1.45611e-06,1.41913e-06,2.10583e-07,-1.74775e-06,-3.84644e-06,-5.47627e-06,-6.1951e-06,-5.82084e-06,-4.4351e-06,-2.30196e-06,5.54803e-07,5.70969e-06,1.29161e-05,1.92187e-05,2.43436e-05,2.81261e-05,3.05275e-05,3.16429e-05,3.17006e-05,3.1053e-05,3.01607e-05,2.95692e-05,2.98819e-05,3.17289e-05,3.57366e-05,4.24983e-05,5.25489e-05,6.63471e-05,8.42657e-05,0.000106593,0.000133547,0.000165297,0.000202008,0.000243882,0.000291227,0.000344522,0.000404504,0.000472268,0.000549387,0.000638067,0.000741364,0.000863479,0.00101021,0.00118958,0.0014129,0.00150474,0.00161029,0.00174773,0.00194327,0.00222859,0.00263935,0.00321556,0.00400287,0.00505253,0.00641532,0.00812079,0.0101297,0.0122489,0.0140311,0.0147886,0.0140202,0.0122301,0.0101088,0.00810556,0.00641381,0.0050715,0.0040457,0.00328058,0.00271912,0.00231092,0.00201433,0.00179666,0.00163414,0.00151176,0.0014229,0.00120714,0.00103134,0.00088595,0.000764018,0.000660425,0.000571376,0.000494046,0.000426338,0.000366706,0.000314024,0.000267472,0.000226451,0.000190505,0.00015926,0.000132372,0.000109492,9.02435e-05,7.42154e-05,6.09631e-05,5.00234e-05,4.09335e-05,3.32527e-05,2.65846e-05,2.05943e-05,1.50213e-05,9.68501e-06,4.48464e-06,-6.06464e-07,-5.55038e-06,-1.02567e-05,-1.45959e-05,-1.84136e-05,-2.15458e-05,-2.10682e-05,-1.7108e-05,-1.1842e-05,-5.94956e-06,1.29792e-08,5.32358e-06,9.18286e-06,1.08682e-05,9.90267e-06,6.18159e-06,0
0,1.19743e-06,8.00898e-07,-8.45349e-07,-3.26699e-06,-5.77711e-06,-7.68836e-06,-8.50152e-06,-8.01136e-06,-6.31238e-06,-3.71038e-06,-2.83635e-07,5.50211e-06,1.33416e-05,2.01947e-05,2.57384e-05,2.97654e-05,3.22028e-05,3.31224e-05,3.27412e-05,3.1414e-05,2.96169e-05,2.79243e-05,2.69802e-05,2.74663e-05,3.00687e-05,3.5446e-05,4.42026e-05,5.68674e-05,7.38824e-05,9.56017e-05,0.000122302,0.000154209,0.000191529,0.000234502,0.000283462,0.00033891,0.000401599,0.000472646,0.000553655,0.000646893,0.00075552,0.000883916,0.00103817,0.00122678,0.00146176,0.00155668,0.00167914,0.00185068,0.00210249,0.0024744,0.00301599,0.00379094,0.00488493,0.00641532,0.00853662,0.0114248,0.0151999,0.019708,0.024079,0.0262702,0.0240568,0.0196687,0.0151526,0.0113811,0.00850814,0.00641154,0.00491103,0.00384644,0.00309451,0.00256496,0.00219233,0.00192933,0.00174268,0.0016108,0.00152262,0.00128214,0.00108797,0.000928655,0.000795952,0.000683889,0.000588093,0.000505349,0.000433293,0.000370195,0.000314794,0.00026617,0.000223641,0.000186679,0.000154839,0.00012771,0.000104876,8.58929e-05,7.02836e-05,5.75417e-05,4.71467e-05,3.8585e-05,3.13743e-05,2.50855e-05,1.93618e-05,1.39312e-05,8.61213e-06,3.31244e-06,-1.97731e-06,-7.19486e-06,-1.22199e-05,-1.68893e-05,-2.10137e-05,-2.4394e-05,-2.40351e-05,-2.00314e-05,-1.45631e-05,-8.31462e-06,-1.8712e-06,3.98754e-06,8.3844e-06,1.05156e-05,9.84118e-06,6.23031e-06,0
0,9.58457e-07,2.35381e-07,-1.80672e-06,-4.64673e-06,-7.52894e-06,-9.69685e-06,-1.06008e-05,-1.00152e-05,-8.04576e-06,-5.03484e-06,-1.10868e-06,5.23072e-06,1.36267e-05,2.09663e-05,2.68841e-05,3.11355e-05,3.3618e-05,3.43828e-05,3.36369e-05,3.17367e-05,2.91715e-05,2.65404e-05,2.45227e-05,2.38441e-05,2.52416e-05,2.94301e-05,3.70722e-05,4.87555e-05,6.49788e-05,8.61489e-05,0.00011259,0.000144567,0.000182317,0.000226103,0.000276271,0.000333321,0.000398004,0.00047142,0.00055516,0.000651476,0.000763522,0.000895686,0.00105408,0.00124728,0.00148742,0.00158447,0.001727,0.00193938,0.00225719,0.00272899,0.00342208,0.00443496,0.00592006,0.00812079,0.0114248,0.01642,0.023877,0.0343738,0.0468019,0.0548806,0.0467707,0.034318,0.0238079,0.0163521,0.0113722,0.00809512,0.00592815,0.00447798,0.0034957,0.00282475,0.00236482,0.00204985,0.00183575,0.001694,0.0016087,0.00134676,0.00113671,0.000965377,0.0008234,0.000704056,0.000602469,0.000515082,0.000439299,0.00037323,0.000315497,0.000265095,0.000221272,0.000183436,0.000151086,0.000123752,0.00010096,8.22108e-05,6.6969e-05,5.46748e-05,4.47574e-05,3.6659e-05,2.98596e-05,2.39012e-05,1.84069e-05,1.30941e-05,7.77974e-06,2.37905e-06,-3.10235e-06,-8.58058e-06,-1.39086e-05,-1.88931e-05,-2.33126e-05,-2.69366e-05,-2.67077e-05,-2.2689e-05,-1.70607e-05,-1.05092e-05,-3.64405e-06,2.70446e-06,7.58959e-06,1.01339e-05,9.73923e-06,6.24947e-06,0
0,7.52774e-07,-2.51032e-07,-2.63683e-06,-5.84419e-06,-9.0588e-06,-1.14647e-05,-1.2468e-05,-1.18242e-05,-9.64656e-06,-6.30661e-06,-1.96986e-06,4.83093e-06,1.36961e-05,2.14535e-05,2.77025e-05,3.21677e-05,3.47213e-05,3.53971e-05,3.43931e-05,3.20659e-05,2.89152e-05,2.55597e-05,2.27067e-05,2.11174e-05,2.15702e-05,2.48244e-05,3.15891e-05,4.24979e-05,5.80933e-05,7.88219e-05,0.000105043,0.000137047,0.000175094,0.000219457,0.000270482,0.000328665,0.000394735,0.000469766,0.000555308,0.00065356,0.000767604,0.000901736,0.00106194,0.0012566,0.00149759,0.00159656,0.0017603,0.00201542,0.00240127,0.00297557,0.00382693,0.00510055,0.00704874,0.0101297,0.0151999,0.023877,0.039118,0.0655325,0.106127,0.143781,0.10609,0.0654649,0.0390331,0.0237909,0.0151285,0.0100861,0.00704107,0.00513161,0.00389475,0.00307474,0.00252468,0.00215611,0.00191348,0.00176157,0.00167974,0.00140005,0.00117691,0.000995704,0.000846132,0.000720844,0.00061454,0.000523379,0.000444568,0.000376084,0.000316453,0.000264598,0.000219709,0.000181145,0.000148359,0.000120835,9.80546e-05,7.94714e-05,6.45065e-05,5.25556e-05,4.3007e-05,3.52661e-05,2.87818e-05,2.30714e-05,1.77408e-05,1.24983e-05,7.15922e-06,1.64494e-06,-4.02618e-06,-9.75171e-06,-1.53616e-05,-2.06364e-05,-2.53271e-05,-2.91757e-05,-2.90723e-05,-2.50527e-05,-1.92941e-05,-1.24839e-05,-5.25269e-06,1.52558e-06,6.84316e-06,9.75787e-06,9.61982e-06,6.2502e-06,0
0,5.91879e-07,-6.36181e-07,-3.30502e-06,-6.82387e-06,-1.03312e-05,-1.29618e-05,-1.40835e-05,-1.34329e-05,-1.11257e-05,-7.55323e-06,-2.90997e-06,4.24742e-06,1.34859e-05,2.15882e-05,2.81269e-05,3.28024e-05,3.54671e-05,3.61399e-05,3.50109e-05,3.24356e-05,2.89201e-05,2.50966e-05,2.16927e-05,1.94957e-05,1.93134e-05,2.19381e-05,2.81119e-05,3.8501e-05,5.36782e-05,7.41173e-05,0.0001002,0.000132234,0.000170492,0.000215251,0.000266857,0.000325797,0.000392783,0.000468864,0.000555553,0.000654999,0.000770215,0.000905391,0.00106636,0.00126129,0.0015017,0.00160306,0.00178627,0.00207952,0.00252522,0.0031898,0.00418431,0.00570758,0.00813891,0.0122489,0.019708,0.0343738,0.0655325,0.134887,0.281593,0.493645,0.281552,0.134812,0.0654382,0.0342767,0.0196249,0.0121936,0.00812052,0.00573023,0.00424806,0.00329196,0.00266158,0.00224519,0.00197654,0.00181469,0.00173508,0.00144153,0.00120823,0.00101942,0.000864046,0.000734245,0.000624382,0.000530385,0.000449306,0.00037901,0.000317948,0.000264987,0.000219272,0.000180126,0.000146968,0.000119251,9.64252e-05,7.79115e-05,6.30985e-05,5.13504e-05,4.20254e-05,3.45011e-05,2.82028e-05,2.26286e-05,1.73712e-05,1.21312e-05,6.723e-06,1.07273e-06,-4.79086e-06,-1.07502e-05,-1.66165e-05,-2.2149e-05,-2.70759e-05,-3.11168e-05,-3.11213e-05,-2.71014e-05,-2.12311e-05,-1.41987e-05,-6.65297e-06,4.94252e-07,6.1834e-06,9.41747e-06,9.50302e-06,6.24232e-06,0
0,4.84917e-07,-9.02513e-07,-3.78703e-06,-7.55765e-06,-1.1318e-05,-1.4164e-05,-1.54311e-05,-1.48361e-05,-1.24907e-05,-8.79527e-06,-3.96164e-06,3.43747e-06,1.29458e-05,2.13164e-05,2.81034e-05,3.29905e-05,3.58155e-05,3.65858e-05,3.54841e-05,3.28633e-05,2.92315e-05,2.52282e-05,2.15926e-05,1.91269e-05,1.86573e-05,2.09949e-05,2.69017e-05,3.70624e-05,5.20666e-05,7.24023e-05,9.84627e-05,0.000130566,0.000168987,0.00021401,0.00026598,0.000325383,0.000392928,0.000469659,0.000557082,0.000657336,0.000773415,0.000909487,0.00107135,0.00126709,0.00150816,0.00161276,0.00181051,0.00213046,0.00261703,0.00334327,0.00443851,0.00614827,0.00897388,0.0140311,0.024079,0.0468019,0.106127,0.281593,0.823678,2.18913,0.823636,0.281516,0.106029,0.0467006,0.0239914,0.0139713,0.00895134,0.00616794,0.00450168,0.00344896,0.00276287,0.00231291,0.00202498,0.00185442,0.0017742,0.00147078,0.00123038,0.00103634,0.000877029,0.000744225,0.000632028,0.000536193,0.000453651,0.000382185,0.000320188,0.000266486,0.000220195,0.000180615,0.000147144,0.00011922,9.62734e-05,7.77089e-05,6.28972e-05,5.11838e-05,4.1909e-05,3.44332e-05,2.81663e-05,2.25939e-05,1.72995e-05,1.19787e-05,6.4453e-06,6.2914e-07,-5.43313e-06,-1.16125e-05,-1.77059e-05,-2.34564e-05,-2.85755e-05,-3.2766e-05,-3.28491e-05,-2.8819e-05,-2.28461e-05,-1.5621e-05,-7.80913e-06,-3.54196e-07,5.64167e-06,9.13741e-06,9.4054e-06,6.23394e-06,0
0,4.38477e-07,-1.03737e-06,-4.0652e-06,-8.0247e-06,-1.19977e-05,-1.50522e-05,-1.64966e-05,-1.60271e-05,-1.37433e-05,-1.00436e-05,-5.14436e-06,2.37389e-06,1.20427e-05,2.06006e-05,2.75929e-05,3.26939e-05,3.57325e-05,3.67079e-05,3.57964e-05,3.33461e-05,2.98631e-05,2.59869e-05,2.24593e-05,2.00866e-05,1.97001e-05,2.21166e-05,2.8103e-05,3.83485e-05,5.34455e-05,7.3884e-05,0.000100058,0.000132287,0.000170848,0.000216026,0.000268176,0.000327792,0.000395601,0.000472673,0.000560547,0.000661412,0.000778335,0.000915586,0.00107911,0.00127722,0.00152172,0.00163019,0.00183483,0.00216471,0.0026649,0.00341099,0.00453977,0.00631667,0.00929946,0.0147886,0.0262702,0.0548806,0.143781,0.493645,2.18913,11.8166,2.18909,0.49357,0.143685,0.0547813,0.0261847,0.0147311,0.00927944,0.00633921,0.0046064,0.00352102,0.00281621,0.00235391,0.0020572,0.00188041,0.0017961,0.0014871,0.00124283,0.00104608,0.000884836,0.000750632,0.000637401,0.000540783,0.00045763,0.000385672,0.000323264,0.000269207,0.000222602,0.000182742,0.000149018,0.000120866,9.77147e-05,7.89669e-05,6.39905e-05,5.21271e-05,4.27118e-05,3.50992e-05,2.86929e-05,2.29732e-05,1.75193e-05,1.20244e-05,6.30264e-06,2.8645e-07,-5.98213e-06,-1.23665e-05,-1.8654e-05,-2.45774e-05,-2.98372e-05,-3.41264e-05,-3.42503e-05,-3.01918e-05,-2.41184e-05,-1.67253e-05,-8.69329e-06,-9.92502e-07,5.24199e-06,8.93651e-06,9.33954e-06,6.23122e-06,0
0,4.56435e-07,-1.03323e-06,-4.12867e-06,-8.21158e-06,-1.23554e-05,-1.56116e-05,-1.72671e-05,-1.69957e-05,-1.48777e-05,-1.1297e-05,-6.46225e-06,1.04737e-06,1.0762e-05,1.9422e-05,2.65728e-05,3.18872e-05,3.51907e-05,3.64783e-05,3.59203e-05,3.38588e-05,3.0793e-05,2.73558e-05,2.42819e-05,2.23704e-05,2.24445e-05,2.53125e-05,3.17316e-05,4.23803e-05,5.78402e-05,7.85904e-05,0.000105015,0.000137426,0.000176099,0.000221321,0.000273459,0.000333031,0.000400798,0.000477883,0.000565903,0.000667154,0.000784856,0.000923499,0.00108935,0.00129123,0.00154168,0.00165391,0.00185635,0.00217733,0.00266096,0.00338041,0.00446563,0.00616317,0.00897564,0.0140202,0.0240568,0.0467707,0.10609,0.281552,0.823636,2.18909,0.823596,0.281481,0.106,0.0466788,0.0239792,0.0139707,0.00896372,0.00619348,0.00453898,0.00349494,0.00281315,0.00236258,0.00206947,0.00189017,0.00179893,0.00148922,0.00124472,0.00104804,0.000887038,0.000753161,0.000640284,0.000544003,0.00046114,0.000389402,0.000327133,0.000273128,0.000226488,0.000186512,0.000152602,0.000124206,0.000100767,8.17026e-05,6.63927e-05,5.41901e-05,4.44383e-05,3.64977e-05,2.97758e-05,2.37547e-05,1.80145e-05,1.22493e-05,6.27424e-06,2.35858e-08,-6.45778e-06,-1.30295e-05,-1.94745e-05,-2.55209e-05,-3.08649e-05,-3.51958e-05,-3.53171e-05,-3.12069e-05,-2.50311e-05,-1.7492e-05,-9.28525e-06,-1.4016e-06,5.00068e-06,8.82729e-06,9.31366e-06,6.23813e-06,0
0,5.39831e-07,-8.87898e-07,-3.97358e-06,-8.11234e-06,-1.2383e-05,-1.58317e-05,-1.77299e-05,-1.77279e-05,-1.58791e-05,-1.25414e-05,-7.90257e-06,-5.31978e-07,9.1104e-06,1.77822e-05,2.50386e-05,3.05587e-05,3.41708e-05,3.58687e-05,3.58185e-05,3.43543e-05,3.19646e-05,2.92684e-05,2.69841e-05,2.5892e-05,2.67944e-05,3.04762e-05,3.76703e-05,4.90293e-05,6.51094e-05,8.63652e-05,0.00011316,0.000145789,0.00018452,0.000229642,0.000281533,0.000340741,0.000408076,0.000484728,0.000572413,0.000673566,0.000791598,0.000931276,0.00109927,0.00130498,0.00156185,0.00167665,0.00186815,0.00216332,0.00260396,0.0032567,0.00423362,0.00573524,0.0081431,0.0122301,0.0196687,0.034318,0.0654649,0.134812,0.281516,0.49357,0.281481,0.134749,0.0653853,0.0342378,0.0196035,0.0121931,0.00814317,0.00577634,0.00431509,0.00337443,0.00275176,0.00233438,0.00205663,0.00187935,0.00178021,0.00147548,0.00123493,0.00104143,0.000883064,0.000751384,0.000640341,0.000545579,0.000463949,0.000393177,0.000331622,0.000278095,0.000231716,0.000191804,0.000157789,0.000129146,0.000105348,8.58435e-05,7.00406e-05,5.7318e-05,4.7041e-05,3.85879e-05,3.13795e-05,2.49077e-05,1.8759e-05,1.26315e-05,6.34231e-06,-1.73216e-07,-6.86986e-06,-1.36074e-05,-2.01694e-05,-2.62852e-05,-3.16531e-05,-3.5966e-05,-3.60387e-05,-3.18517e-05,-2.55707e-05,-1.79078e-05,-9.57258e-06,-1.57084e-06,4.92609e-06,8.81562e-06,9.33134e-06,6.2563e-06,0
0,6.86782e-07,-6.04654e-07,-3.60328e-06,-7.72874e-06,-1.20788e-05,-1.57061e-05,-1.78728e-05,-1.82056e-05,-1.67241e-05,-1.37491e-05,-9.4353e-06,-2.33395e-06,7.11568e-06,1.57041e-05,2.30055e-05,2.87128e-05,3.26631e-05,3.48531e-05,3.54458e-05,3.47664e-05,3.32886e-05,3.16111e-05,3.04271e-05,3.04869e-05,3.25587e-05,3.73902e-05,4.56745e-05,5.80234e-05,7.49524e-05,9.68781e-05,0.00012413,0.000156977,0.000195668,0.000240489,0.000291827,0.000350255,0.000416629,0.000492205,0.000578793,0.000678948,0.000796247,0.000935681,0.00110423,0.00131175,0.00157231,0.00168739,0.00186129,0.00211909,0.00249936,0.00305989,0.00389034,0.00513775,0.00705693,0.0101088,0.0151526,0.0238079,0.0390331,0.0654382,0.106029,0.143685,0.106,0.0653853,0.0389676,0.0237435,0.0151035,0.0100872,0.00707087,0.00519017,0.00397881,0.00317758,0.0026369,0.00226723,0.00201367,0.00184308,0.00173758,0.00144433,0.00121236,0.00102549,0.000872338,0.000744839,0.000637183,0.000545166,0.00046574,0.000396699,0.000336448,0.00028384,0.000238032,0.000198381,0.000164359,0.000135485,0.000111278,9.12309e-05,7.47966e-05,6.13934e-05,5.04217e-05,4.12893e-05,3.34402e-05,2.63833e-05,1.97172e-05,1.31467e-05,6.49237e-06,-3.10154e-07,-7.21777e-06,-1.40942e-05,-2.07286e-05,-2.68575e-05,-3.21879e-05,-3.64226e-05,-3.64016e-05,-3.21141e-05,-2.57274e-05,-1.79656e-05,-9.551e-06,-1.49843e-06,5.0182e-06,8.90048e-06,9.39134e-06,6.28495e-06,0
0,8.92455e-07,-1.92349e-07,-3.02853e-06,-7.07061e-06,-1.14485e-05,-1.52335e-05,-1.76853e-05,-1.84078e-05,-1.73814e-05,-1.48798e-05,-1.10139e-05,-4.3087e-06,4.82727e-06,1.32326e-05,2.05088e-05,2.63707e-05,3.067e-05,3.34104e-05,3.47533e-05,3.50144e-05,3.46492e-05,3.42305e-05,3.44177e-05,3.59207e-05,3.94615e-05,4.57368e-05,5.53851e-05,6.89623e-05,8.69284e-05,0.000109647,0.000137401,0.000170418,0.000208921,0.000253178,0.000303575,0.000360698,0.000425433,0.000499077,0.00058349,0.00068129,0.000796117,0.000933027,0.00109906,0.00130412,0.0015623,0.00167467,0.00182749,0.0020435,0.00235731,0.00281723,0.00349113,0.00447888,0.005935,0.00810556,0.0113811,0.0163521,0.0237909,0.0342767,0.0467006,0.0547813,0.0466788,0.0342378,0.0237435,0.0163075,0.0113512,0.00810091,0.00596261,0.00454056,0.0035828,0.00292967,0.00247851,0.00216233,0.00193763,0.00177788,0.00166985,0.00139494,0.00117646,0.00099976,0.000854476,0.000733175,0.000630467,0.000542421,0.000466165,0.000399613,0.000341256,0.000290011,0.000245091,0.000205912,0.000172,0.000142934,0.000118293,9.76308e-05,8.04568e-05,6.62429e-05,5.4437e-05,4.4487e-05,3.58691e-05,2.81166e-05,2.08448e-05,1.37689e-05,6.71353e-06,-3.85973e-07,-7.49098e-06,-1.44729e-05,-2.11314e-05,-2.72157e-05,-3.24477e-05,-3.65466e-05,-3.63905e-05,-3.19839e-05,-2.54964e-05,-1.76656e-05,-9.22516e-06,-1.1919e-06,5.26831e-06,9.07376e-06,9.48757e-06,6.32084e-06,0
0,1.14909e-06,3.34592e-07,-2.26762e-06,-6.15624e-06,-1.05061e-05,-1.44186e-05,-1.71597e-05,-1.83122e-05,-1.78137e-05,-1.58829e-05,-1.25769e-05,-6.38834e-06,2.31494e-06,1.04336e-05,1.76049e-05,2.35726e-05,2.82089e-05,3.15284e-05,3.36934e-05,3.50096e-05,3.5912e-05,3.69424e-05,3.87194e-05,4.1903e-05,4.71577e-05,5.51164e-05,6.63493e-05,8.1342e-05,0.000100484,0.000124072,0.000152326,0.000185423,0.00022354,0.000266915,0.000315917,0.000371123,0.000433418,0.000504098,0.00058501,0.00067873,0.000788808,0.000920124,0.00107941,0.00127606,0.00152331,0.00162985,0.00176151,0.00193823,0.00218991,0.00255551,0.00308429,0.00384026,0.00491029,0.00641381,0.00850814,0.0113722,0.0151285,0.0196249,0.0239914,0.0261847,0.0239792,0.0196035,0.0151035,0.0113512,0.00849988,0.00642652,0.00494949,0.0039068,0.0031731,0.00265617,0.00228918,0.00202439,0.0018291,0.00168327,0.00157794,0.00132787,0.00112752,0.000964383,0.000829481,0.000716287,0.000620003,0.000537084,0.000464911,0.000401567,0.000345664,0.000296208,0.000252492,0.000214,0.000180331,0.000151136,0.000126067,0.00010475,8.67649e-05,7.16486e-05,5.89071e-05,4.80378e-05,3.85574e-05,3.00299e-05,2.20919e-05,1.44716e-05,6.99882e-06,-3.92409e-07,-7.67014e-06,-1.4717e-05,-2.13478e-05,-2.73297e-05,-3.24054e-05,-3.63165e-05,-3.59909e-05,-3.14547e-05,-2.48793e-05,-1.70171e-05,-8.60965e-06,-6.68806e-07,5.65876e-06,9.32024e-06,9.60912e-06,6.35839e-06,0
0,1.44611e-06,9.5629e-07,-1.34645e-06,-5.01276e-06,-9.27395e-06,-1.32739e-05,-1.62932e-05,-1.78977e-05,-1.79808e-05,-1.67003e-05,-1.40517e-05,-8.48971e-06,-3.33452e-07,7.3931e-06,1.43705e-05,2.03779e-05,2.53137e-05,2.92078e-05,3.22257e-05,3.46637e-05,3.69346e-05,3.95455e-05,4.30682e-05,4.8105e-05,5.52532e-05,6.50705e-05,7.8047e-05,9.45845e-05,0.000114989,0.000139475,0.000168187,0.000201234,0.000238735,0.000280881,0.000328001,0.000380639,0.00043964,0.000506248,0.000582218,0.000669968,0.000772779,0.000895089,0.00104292,0.00122455,0.00145145,0.00154944,0.00166266,0.00180767,0.00200886,0.00229613,0.00270363,0.00327044,0.00404222,0.0050715,0.00641154,0.00809512,0.0100861,0.0121936,0.0139713,0.0147311,0.0139707,0.0121931,0.0100872,0.00810091,0.00642652,0.00510072,0.00408942,0.00333585,0.00278235,0.00237825,0.00208195,0.00186112,0.00169266,0.00156252,0.0014653,0.00124536,0.00106699,0.000920257,0.000797874,0.000694425,0.00060584,0.000529052,0.00046176,0.00040226,0.000349312,0.000302034,0.000259814,0.000222221,0.000188936,0.000159694,0.000134232,0.000112257,9.34298e-05,7.73625e-05,6.36275e-05,5.178e-05,4.13836e-05,3.20384e-05,2.34062e-05,1.523e-05,7.34567e-06,-3.14933e-07,-7.72879e-06,-1.47932e-05,-2.1342e-05,-2.71658e-05,-3.20327e-05,-3.57119e-05,-3.51927e-05,-3.05268e-05,-2.38871e-05,-1.60396e-05,-7.73015e-06,4.27846e-08,6.16282e-06,9.61774e-06,9.74051e-06,6.38982e-06,0
0,1.77034e-06,1.6477e-06,-2.98334e-07,-3.67638e-06,-7.78464e-06,-1.18209e-05,-1.50906e-05,-1.71481e-05,-1.78435e-05,-1.72706e-05,-1.53577e-05,-1.05183e-05,-3.01527e-06,4.21452e-06,1.09013e-05,1.68658e-05,2.20378e-05,2.64667e-05,3.03239e-05,3.38977e-05,3.75781e-05,4.18352e-05,4.71895e-05,5.41799e-05,6.33285e-05,7.51092e-05,8.99212e-05,0.000108072,0.000129771,0.00015514,0.000184235,0.000217083,0.00025373,0.000294302,0.00033907,0.000388516,0.000443412,0.000504895,0.000574556,0.000654545,0.000747712,0.000857816,0.000989822,0.00115036,0.00134844,0.00143594,0.00153503,0.00165832,0.00182398,0.00205307,0.00236767,0.00279011,0.00334268,0.0040457,0.00491103,0.00592815,0.00704107,0.00812052,0.00895134,0.00927944,0.00896372,0.00814317,0.00707087,0.00596261,0.00494949,0.00408942,0.00339347,0.00284809,0.00242938,0.00211108,0.00186874,0.00168203,0.00153609,0.00142218,0.00133766,0.00115124,0.000997428,0.000869069,0.000760735,0.000668234,0.000588307,0.000518423,0.000456638,0.000401487,0.000351901,0.000307127,0.000266656,0.000230153,0.000197393,0.0001682,0.000142404,0.000119803,0.000100145,8.31226e-05,6.83829e-05,5.55441e-05,4.42218e-05,3.40559e-05,2.47363e-05,1.60224e-05,7.75616e-06,-1.33784e-07,-7.63547e-06,-1.46639e-05,-2.10761e-05,-2.66897e-05,-3.13032e-05,-3.47176e-05,-3.39931e-05,-2.92107e-05,-2.25422e-05,-1.47652e-05,-6.62445e-06,9.03891e-07,6.74481e-06,9.93752e-06,9.86218e-06,6.40546e-06,0
0,2.10634e-06,2.37914e-06,8.36376e-07,-2.19239e-06,-6.08095e-06,-1.00921e-05,-1.35664e-05,-1.60547e-05,-1.73676e-05,-1.75338e-05,-1.64122e-05,-1.2373e-05,-5.61744e-06,1.01517e-06,7.30993e-06,1.31345e-05,1.84549e-05,2.33437e-05,2.79819e-05,3.26513e-05,3.772e-05,4.36197e-05,5.08179e-05,5.97855e-05,7.09648e-05,8.47392e-05,0.00010141,0.000121181,0.000144158,0.000170359,0.00019974,0.000232237,0.000267811,0.000306508,0.000348521,0.000394253,0.000444373,0.000499872,0.000562121,0.000632924,0.000714591,0.000810034,0.000922929,0.00105795,0.00122117,0.00129711,0.00138664,0.00149802,0.00164272,0.00183338,0.0020823,0.00240067,0.00279806,0.00328058,0.00384644,0.00447798,0.00513161,0.00573023,0.00616794,0.00633921,0.00619348,0.00577634,0.00519017,0.00454056,0.0039068,0.00333585,0.00284809,0.002446,0.002122,0.00186407,0.00165946,0.0014971,0.00136899,0.00127091,0.00120232,0.00105054,0.000922272,0.000813159,0.000719626,0.00063872,0.000568006,0.0005055,0.000449624,0.000399162,0.000353223,0.000311188,0.000272661,0.000237409,0.000205301,0.00017626,0.00015021,0.000127046,0.000106607,8.86705e-05,7.29614e-05,5.91645e-05,4.69504e-05,3.60013e-05,2.60366e-05,1.68327e-05,8.23729e-06,1.74679e-07,-7.3564e-06,-1.42914e-05,-2.05138e-05,-2.5872e-05,-3.01982e-05,-3.33281e-05,-3.24014e-05,-2.75302e-05,-2.08812e-05,-1.32399e-05,-5.34311e-06,1.86469e-06,7.36067e-06,1.02451e-05,9.95114e-06,6.39415e-06,0
0,2.43686e-06,3.11703e-06,2.01109e-06,-6.14711e-07,-4.21641e-06,-8.13188e-06,-1.17478e-05,-1.46209e-05,-1.65283e-05,-1.7437e-05,-1.71356e-05,-1.3952e-05,-8.02175e-06,-2.07815e-06,3.72282e-06,9.29993e-06,1.46594e-05,1.99015e-05,2.52194e-05,3.08916e-05,3.72655e-05,4.47355e-05,5.37152e-05,6.46066e-05,7.77694e-05,9.34934e-05,0.000111977,0.000133318,0.000157509,0.000184462,0.000214026,0.000246037,0.000280361,0.000316959,0.000355934,0.000397595,0.000442493,0.000491456,0.00054561,0.000606384,0.000675503,0.000754981,0.000847119,0.000954532,0.00108022,0.00114435,0.00122809,0.00133519,0.00147047,0.0016389,0.00184493,0.00209225,0.00238351,0.00271912,0.00309451,0.0034957,0.00389475,0.00424806,0.00450168,0.0046064,0.00453898,0.00431509,0.00397881,0.0035828,0.0031731,0.00278235,0.00242938,0.002122,0.00186074,0.00164224,0.00146192,0.00131577,0.00120135,0.00111816,0.00106724,0.000948852,0.000845461,0.000755273,0.000676439,0.000607158,0.000545758,0.000490765,0.000440943,0.000395317,0.000353165,0.000314002,0.000277543,0.000243654,0.000212306,0.000183517,0.000157309,0.000133671,0.000112536,9.37672e-05,7.71677e-05,6.24902e-05,4.94608e-05,3.78047e-05,2.72705e-05,1.76517e-05,8.80082e-06,6.3626e-07,-6.8584e-06,-1.36415e-05,-1.96256e-05,-2.46925e-05,-2.87105e-05,-3.15519e-05,-3.04424e-05,-2.55253e-05,-1.89569e-05,-1.15245e-05,-3.94959e-06,2.86514e-06,7.95904e-06,1.05012e-05,9.98198e-06,6.34382e-06,0
0,2.74346e-06,3.82495e-06,3.17417e-06,9.95038e-07,-2.25496e-06,-5.99739e-06,-9.676e-06,-1.28644e-05,-1.53151e-05,-1.69388e-05,-1.74572e-05,-1.51585e-05,-1.01108e-05,-4.93458e-06,2.75544e-07,5.49245e-06,1.07662e-05,1.62278e-05,2.20866e-05,2.86203e-05,3.61588e-05,4.50611e-05,5.56888e-05,6.83759e-05,8.34001e-05,0.000100957,0.000121144,0.000143947,0.000169252,0.000196855,0.0002265,0.000257918,0.000290882,0.000325258,0.000361061,0.000398502,0.000438013,0.000480265,0.000526153,0.000576751,0.000633242,0.000696799,0.000768436,0.00084881,0.00093802,0.000990732,0.00107096,0.00117821,0.00131126,0.00146858,0.00164857,0.00184987,0.00207124,0.00231092,0.00256496,0.00282475,0.00307474,0.00329196,0.00344896,0.00352102,0.00349494,0.00337443,0.00317758,0.00292967,0.00265617,0.00237825,0.00211108,0.00186407,0.00164224,0.0014479,0.00128225,0.00114654,0.00104269,0.000973168,0.000940214,0.000851787,0.000770981,0.000698237,0.00063317,0.000574936,0.0005225,0.000474814,0.000430933,0.000390089,0.000351711,0.000315438,0.000281088,0.000248626,0.000218116,0.00018967,0.000163406,0.000139405,0.000117689,9.82068e-05,8.08358e-05,6.53951e-05,5.16651e-05,3.94123e-05,2.84137e-05,1.84785e-05,9.46255e-06,1.27674e-06,-6.11227e-06,-1.26877e-05,-1.83929e-05,-2.3145e-05,-2.68493e-05,-2.94154e-05,-2.81594e-05,-2.32546e-05,-1.68389e-05,-9.69488e-06,-2.51934e-06,3.83645e-06,8.4829e-06,1.06639e-05,9.9281e-06,6.24216e-06,0
0,3.00726e-06,4.465e-06,4.27052e-06,2.56906e-06,-2.6994e-07,-3.75845e-06,-7.40777e-06,-1.08203e-05,-1.37352e-05,-1.60153e-05,-1.73216e-05,-1.59076e-05,-1.17745e-05,-7.42539e-06,-2.89252e-06,1.85288e-06,6.90713e-06,1.24351e-05,1.86654e-05,2.58787e-05,3.43907e-05,4.45289e-05,5.66061e-05,7.08922e-05,8.75862e-05,0.000106794,0.000128512,0.000152622,0.000178901,0.000207037,0.000236668,0.000267427,0.00029899,0.000331137,0.000363795,0.000397087,0.000431342,0.0004671,0.000505068,0.000546045,0.000590786,0.000639803,0.000693064,0.000749581,0.000806891,0.000849204,0.000926648,0.00103509,0.00116853,0.00132051,0.0014852,0.00165792,0.00183521,0.00201433,0.00219233,0.00236482,0.00252468,0.00266158,0.00276287,0.00281621,0.00281315,0.00275176,0.0026369,0.00247851,0.00228918,0.00208195,0.00186874,0.00165946,0.00146192,0.00128225,0.00112565,0.000997164,0.000901862,0.000844456,0.000828223,0.000764322,0.000702392,0.000644616,0.000591673,0.000543389,0.000499172,0.000458281,0.000419986,0.000383679,0.000348917,0.000315439,0.000283159,0.000252131,0.000222505,0.000194483,0.000168269,0.000144032,0.000121875,0.000101828,8.38377e-05,6.77852e-05,5.35012e-05,4.07905e-05,2.94561e-05,1.93204e-05,1.02408e-05,2.11919e-06,-5.09634e-06,-1.14152e-05,-1.68126e-05,-2.12412e-05,-2.46436e-05,-2.69658e-05,-2.56167e-05,-2.07958e-05,-1.46142e-05,-7.84069e-06,-1.13805e-06,4.7033e-06,8.87199e-06,1.06901e-05,9.76326e-06,6.0774e-06,0
0,3.20981e-06,4.99941e-06,5.24375e-06,4.03559e-06,1.65775e-06,-1.49643e-06,-5.01524e-06,-8.5423e-06,-1.18162e-05,-1.46637e-05,-1.66933e-05,-1.61322e-05,-1.2917e-05,-9.43093e-06,-5.64474e-06,-1.47338e-06,3.22712e-06,8.65777e-06,1.50693e-05,2.27493e-05,3.20033e-05,4.31321e-05,5.64053e-05,7.20339e-05,9.01447e-05,0.00011076,0.000133783,0.000159,0.000186083,0.000214622,0.000244156,0.000274224,0.000304417,0.000334433,0.000364127,0.000393545,0.000422943,0.000452766,0.000483607,0.000516099,0.000550758,0.000587719,0.000626319,0.000664451,0.000697604,0.00073131,0.000805442,0.000913284,0.00104578,0.00119351,0.00134816,0.00150317,0.00165379,0.00179666,0.00192933,0.00204985,0.00215611,0.00224519,0.00231291,0.00235391,0.00236258,0.00233438,0.00226723,0.00216233,0.00202439,0.00186112,0.00168203,0.0014971,0.00131577,0.00114654,0.000997164,0.000875006,0.000787084,0.000739584,0.00073684,0.000690215,0.000642341,0.000596363,0.00055342,0.000513626,0.000476595,0.000441749,0.000408491,0.000376319,0.000344883,0.000314007,0.000283685,0.000254047,0.000225322,0.00019779,0.000171732,0.000147396,0.000124959,0.00010452,8.60897e-05,6.96034e-05,5.49365e-05,4.19275e-05,3.04015e-05,2.01914e-05,1.11541e-05,3.18069e-06,-3.80029e-06,-9.82492e-06,-1.49004e-05,-1.90145e-05,-2.21453e-05,-2.42727e-05,-2.28995e-05,-1.82456e-05,-1.2385e-05,-6.06306e-06,1.01403e-07,5.38703e-06,9.06571e-06,1.05381e-05,9.46329e-06,5.83925e-06,0
0,3.33402e-06,5.39232e-06,6.03856e-06,5.32163e-06,3.44233e-06,6.97753e-07,-2.58501e-06,-6.10303e-06,-9.60861e-06,-1.29057e-05,-1.55621e-05,-1.57892e-05,-1.34633e-05,-1.0848e-05,-7.85476e-06,-4.34358e-06,-1.22651e-07,5.04657e-06,1.14396e-05,1.93542e-05,2.90906e-05,4.09285e-05,5.51007e-05,7.17672e-05,9.09913e-05,0.000112721,0.000136778,0.000162859,0.000190549,0.000219347,0.000248707,0.000278083,0.000306994,0.000335067,0.000362099,0.000388081,0.00041322,0.000437919,0.000462727,0.000488244,0.000514961,0.000543004,0.000571689,0.000598677,0.000618289,0.000646391,0.000716059,0.00081954,0.000946917,0.00108793,0.00123349,0.00137639,0.00151122,0.00163414,0.00174268,0.00183575,0.00191348,0.00197654,0.00202498,0.0020572,0.00206947,0.00205663,0.00201367,0.00193763,0.0018291,0.00169266,0.00153609,0.00136899,0.00120135,0.00104269,0.000901862,0.000787084,0.000705884,0.000664795,0.000669366,0.000631181,0.000592054,0.000554514,0.00051931,0.000486401,0.000455375,0.000425681,0.000396776,0.00036822,0.000339726,0.000311182,0.000282647,0.000254315,0.000226482,0.000199494,0.000173699,0.00014941,0.000126867,0.000106227,8.75552e-05,7.08311e-05,5.5968e-05,4.2832e-05,3.12659e-05,2.11097e-05,1.22176e-05,4.46854e-06,-2.22896e-06,-7.9374e-06,-1.26948e-05,-1.6522e-05,-1.94299e-05,-2.14288e-05,-2.01134e-05,-1.57175e-05,-1.02661e-05,-4.47075e-06,1.10303e-06,5.80967e-06,9.00672e-06,1.01709e-05,9.00796e-06,5.51976e-06,0
0,3.3652e-06,5.61177e-06,6.60354e-06,6.35631e-06,4.99655e-06,2.72682e-06,-2.15756e-07,-3.59293e-06,-7.18541e-06,-1.07896e-05,-1.39467e-05,-1.48643e-05,-1.33659e-05,-1.1597e-05,-9.41462e-06,-6.62609e-06,-2.99302e-06,1.76093e-06,7.93784e-06,1.58489e-05,2.57939e-05,3.80373e-05,5.27828e-05,7.01485e-05,9.01444e-05,0.000112656,0.000137436,0.000164108,0.000192182,0.00022108,0.000250186,0.000278887,0.000306639,0.000333016,0.000357769,0.000380854,0.000402455,0.000422968,0.000442963,0.000463111,0.000484069,0.000506323,0.000529925,0.000553872,0.00057381,0.000601297,0.000665278,0.000759613,0.000876102,0.0010058,0.00114043,0.00127306,0.00139824,0.00151176,0.0016108,0.001694,0.00176157,0.00181469,0.00185442,0.00188041,0.00189017,0.00187935,0.00184308,0.00177788,0.00168327,0.00156252,0.00142218,0.00127091,0.00111816,0.000973168,0.000844456,0.000739584,0.000664795,0.000624705,0.000624351,0.000585663,0.000550913,0.000519044,0.000489592,0.000462056,0.000435849,0.000410368,0.000385071,0.000359547,0.00033355,0.000307019,0.000280061,0.000252925,0.00022596,0.000199565,0.000174141,0.000150051,0.000127586,0.000106948,8.82426e-05,7.1486e-05,5.66195e-05,4.35304e-05,3.20738e-05,2.20936e-05,1.3439e-05,5.97619e-06,-4.06049e-07,-5.79531e-06,-1.02583e-05,-1.38454e-05,-1.65967e-05,-1.85475e-05,-1.73816e-05,-1.33377e-05,-8.37989e-06,-3.17507e-06,1.77278e-06,5.89852e-06,8.64477e-06,9.55855e-06,8.38288e-06,5.11425e-06,0
0,3.292e-06,5.63162e-06,6.89404e-06,7.07445e-06,6.23575e-06,4.49108e-06,1.98523e-06,-1.11779e-06,-4.64149e-06,-8.39104e-06,-1.18966e-05,-1.33764e-05,-1.26101e-05,-1.16297e-05,-1.02431e-05,-8.20964e-06,-5.24683e-06,-1.04135e-06,4.73631e-06,1.24134e-05,2.22935e-05,3.46321e-05,4.9612e-05,6.73191e-05,8.77219e-05,0.000110657,0.000135823,0.000162785,0.000190995,0.000219819,0.000248583,0.000276625,0.000303354,0.000328304,0.000351195,0.00037196,0.000390776,0.000408053,0.000424412,0.000440634,0.00045762,0.000476374,0.000498188,0.000525531,0.000565854,0.000600919,0.000657556,0.000737641,0.000837209,0.000950397,0.001071,0.00119322,0.00131196,0.0014229,0.00152262,0.0016087,0.00167974,0.00173508,0.0017742,0.0017961,0.00179893,0.00178021,0.00173758,0.00166985,0.00157794,0.0014653,0.00133766,0.00120232,0.00106724,0.000940214,0.000828223,0.00073684,0.000669366,0.000624351,0.000583098,0.000547653,0.000516698,0.0004891,0.00046398,0.000440555,0.000418089,0.000395916,0.000373482,0.000350392,0.000326431,0.000301574,0.000275971,0.000249912,0.000223785,0.000198031,0.000173088,0.000149355,0.000127158,0.000106728,8.82012e-05,7.1617e-05,5.69366e-05,4.40609e-05,3.28525e-05,2.31557e-05,1.48135e-05,7.67904e-06,1.62274e-06,-3.46575e-06,-7.67822e-06,-1.10906e-05,-1.37665e-05,-1.57601e-05,-1.48399e-05,-1.12399e-05,-6.85042e-06,-2.28388e-06,2.02425e-06,5.59118e-06,7.94067e-06,8.68103e-06,7.58122e-06,4.62214e-06,0
0,3.10728e-06,5.43341e-06,6.87501e-06,7.42033e-06,7.08224e-06,5.89319e-06,3.90656e-06,1.20509e-06,-2.0908e-06,-5.81146e-06,-9.49278e-06,-1.13797e-05,-1.12188e-05,-1.09347e-05,-1.02937e-05,-9.01292e-06,-6.76967e-06,-3.21586e-06,2.00522e-06,9.23873e-06,1.87957e-05,3.09286e-05,4.58071e-05,6.34952e-05,8.39319e-05,0.000106919,0.000132117,0.00015905,0.000187131,0.000215686,0.000244005,0.00027139,0.000297219,0.000321002,0.000342435,0.000361438,0.000378183,0.000393095,0.000406836,0.000420271,0.000434448,0.000450596,0.000470213,0.000495243,0.000527863,0.000565965,0.000616759,0.000682193,0.000760484,0.000847979,0.000940379,0.00103346,0.00112343,0.00120714,0.00128214,0.00134676,0.00140005,0.00144153,0.00147078,0.0014871,0.00148922,0.00147548,0.00144433,0.00139494,0.00132787,0.00124536,0.00115124,0.00105054,0.000948852,0.000851787,0.000764322,0.000690215,0.000631181,0.000585663,0.000547653,0.000515515,0.000487926,0.000463732,0.000441925,0.0004216,0.000401946,0.000382263,0.000361997,0.000340772,0.000318401,0.000294894,0.000270433,0.000245339,0.000220031,0.000194973,0.000170627,0.000147412,0.000125672,0.000105655,8.75124e-05,7.12963e-05,5.69782e-05,4.44659e-05,3.36248e-05,2.42972e-05,1.63187e-05,9.53073e-06,3.78735e-06,-1.04091e-06,-5.06642e-06,-8.38509e-06,-1.10776e-05,-1.32108e-05,-1.26313e-05,-9.55842e-06,-5.7967e-06,-1.89489e-06,1.78468e-06,4.84047e-06,6.87005e-06,7.5311e-06,6.60523e-06,4.04752e-06,0
0,2.80891e-06,5.00794e-06,6.52354e-06,7.35128e-06,7.46989e-06,6.84324e-06,5.43805e-06,3.25184e-06,3.37758e-07,-3.17557e-06,-6.84697e-06,-8.96491e-06,-9.25518e-06,-9.54293e-06,-9.56181e-06,-8.99348e-06,-7.48076e-06,-4.64416e-06,-1.0117e-07,6.51192e-06,1.55165e-05,2.71672e-05,4.1628e-05,5.89505e-05,7.90566e-05,0.000101727,0.0001266,0.000153178,0.00018085,0.000208924,0.00023667,0.000263373,0.000288395,0.00031123,0.000331558,0.000349291,0.000364591,0.000377882,0.000389837,0.000401349,0.000413501,0.000427542,0.000444866,0.000466963,0.000495154,0.000529988,0.000573765,0.000627225,0.000689202,0.000757262,0.000828392,0.000899544,0.000967956,0.00103134,0.00108797,0.00113671,0.00117691,0.00120823,0.00123038,0.00124283,0.00124472,0.00123493,0.00121236,0.00117646,0.00112752,0.00106699,0.000997428,0.000922272,0.000845461,0.000770981,0.000702392,0.000642341,0.000592054,0.000550913,0.000516698,0.000487926,0.000463386,0.00044199,0.000422739,0.000404715,0.000387101,0.000369206,0.000350499,0.000330634,0.000309459,0.000287015,0.000263514,0.000239299,0.000214807,0.000190513,0.000166887,0.000144352,0.000123255,0.000103847,8.62798e-05,7.06089e-05,5.68073e-05,4.47838e-05,3.44023e-05,2.55015e-05,1.79105e-05,1.14603e-05,5.99238e-06,1.36265e-06,-2.55623e-06,-5.87378e-06,-8.68097e-06,-1.10497e-05,-1.08982e-05,-8.42085e-06,-5.32512e-06,-2.08888e-06,1.00072e-06,3.61895e-06,5.42658e-06,6.11607e-06,5.46725e-06,3.39962e-06,0
0,2.4002e-06,4.35646e-06,5.831e-06,6.84088e-06,7.34833e-06,7.26401e-06,6.47653e-06,4.89802e-06,2.50579e-06,-6.26689e-07,-4.09805e-06,-6.25744e-06,-6.82316e-06,-7.53026e-06,-8.08939e-06,-8.15533e-06,-7.3429e-06,-5.24598e-06,-1.45898e-06,4.39984e-06,1.2664e-05,2.35943e-05,3.73555e-05,5.39957e-05,7.34306e-05,9.54337e-05,0.000119636,0.000145534,0.000172513,0.000199879,0.000226899,0.00025286,0.000277119,0.000299165,0.00031867,0.00033553,0.000349891,0.000362156,0.000372976,0.000383217,0.000393917,0.000406243,0.000421421,0.000440646,0.000464933,0.000495003,0.000531671,0.000574995,0.000624013,0.000676975,0.00073173,0.000786077,0.000838026,0.00088595,0.000928655,0.000965377,0.000995704,0.00101942,0.00103634,0.00104608,0.00104804,0.00104143,0.00102549,0.00099976,0.000964383,0.000920257,0.000869069,0.000813159,0.000755273,0.000698237,0.000644616,0.000596363,0.000554514,0.000519044,0.0004891,0.000463732,0.00044199,0.000422939,0.000405667,0.000389318,0.000373125,0.000356446,0.000338796,0.000319876,0.000299575,0.000277969,0.000255293,0.000231908,0.000208256,0.00018481,0.000162033,0.000140338,0.00012006,0.000101439,8.46167e-05,6.96415e-05,5.64808e-05,4.50391e-05,3.51771e-05,2.67291e-05,1.95189e-05,1.33708e-05,8.11779e-06,3.60672e-06,-2.98324e-07,-3.71346e-06,-6.73261e-06,-9.42541e-06,-9.7747e-06,-7.93992e-06,-5.52212e-06,-2.92329e-06,-3.5643e-07,1.92267e-06,3.62429e-06,4.45914e-06,4.19023e-06,2.69288e-06,0
0,1.89021e-06,3.49136e-06,4.80449e-06,5.88153e-06,6.68683e-06,7.09597e-06,6.93189e-06,6.0251e-06,4.27214e-06,1.67944e-06,-1.40701e-06,-3.41378e-06,-4.06553e-06,-5.01759e-06,-5.96803e-06,-6.55407e-06,-6.37027e-06,-4.98986e-06,-1.98809e-06,3.03302e-06,1.04196e-05,2.04413e-05,3.32687e-05,4.89541e-05,6.74164e-05,8.84336e-05,0.000111643,0.000136552,0.000162558,0.00018898,0.000215102,0.000240223,0.000263711,0.000285056,0.000303927,0.000320201,0.000333999,0.000345685,0.000355855,0.000365307,0.000374989,0.000385939,0.000399204,0.000415751,0.000436363,0.000461564,0.000491627,0.000526321,0.000564814,0.000605792,0.000647689,0.000688922,0.000728075,0.000764018,0.000795952,0.0008234,0.000846132,0.000864046,0.000877029,0.000884836,0.000887038,0.000883064,0.000872338,0.000854476,0.000829481,0.000797874,0.000760735,0.000719626,0.000676439,0.00063317,0.000591673,0.00055342,0.00051931,0.000489592,0.00046398,0.000441925,0.000422739,0.000405667,0.000389931,0.00037478,0.000359534,0.000343631,0.000326656,0.00030837,0.000288711,0.00026779,0.000245865,0.000223304,0.000200544,0.000178047,0.000156253,0.000135551,0.000116251,9.85716e-05,8.26337e-05,6.84705e-05,5.60386e-05,4.52352e-05,3.59163e-05,2.79133e-05,2.10474e-05,1.51402e-05,1.00218e-05,5.53613e-06,1.54565e-06,-2.06512e-06,-5.38571e-06,-8.47644e-06,-9.37781e-06,-8.20571e-06,-6.44736e-06,-4.42675e-06,-2.28712e-06,-2.26419e-07,1.49883e-06,2.59965e-06,2.80758e-06,1.94675e-06,0
0,1.29364e-06,2.43627e-06,3.46757e-06,4.48608e-06,5.47724e-06,6.30174e-06,6.73284e-06,6.52746e-06,5.50036e-06,3.58231e-06,1.05028e-06,-6.15272e-07,-1.15923e-06,-2.16807e-06,-3.33811e-06,-4.2989e-06,-4.63338e-06,-3.90108e-06,-1.66318e-06,2.49146e-06,8.92059e-06,1.79041e-05,2.9622e-05,4.4136e-05,6.13766e-05,8.11361e-05,0.00010307,0.000126709,0.000151476,0.00017672,0.000201755,0.000225905,0.00024856,0.000269221,0.000287553,0.000303416,0.000316896,0.000328303,0.000338158,0.000347165,0.000356153,0.000366014,0.000377622,0.000391751,0.000408991,0.000429682,0.000453873,0.000481243,0.000511085,0.000542399,0.000574039,0.000604874,0.000633921,0.000660425,0.000683889,0.000704056,0.000720844,0.000734245,0.000744225,0.000750632,0.000753161,0.000751384,0.000744839,0.000733175,0.000716287,0.000694425,0.000668234,0.00063872,0.000607158,0.000574936,0.000543389,0.000513626,0.000486401,0.000462056,0.000440555,0.0004216,0.000404715,0.000389318,0.00037478,0.000360475,0.000345838,0.000330404,0.000313845,0.000295993,0.000276839,0.000256531,0.000235343,0.000213645,0.00019186,0.000170424,0.000149745,0.000130177,0.000111992,9.53773e-05,8.04265e-05,6.71519e-05,5.54958e-05,4.53471e-05,3.65579e-05,2.89591e-05,2.23733e-05,1.66245e-05,1.15459e-05,6.98551e-06,2.81096e-06,-1.08533e-06,-4.78159e-06,-8.32241e-06,-9.79969e-06,-9.27867e-06,-8.12812e-06,-6.59508e-06,-4.76074e-06,-2.77939e-06,-8.92649e-07,5.92431e-07,1.36227e-06,1.1851e-06,0
0,6.30459e-07,1.22561e-06,1.86006e-06,2.68858e-06,3.736e-06,4.86968e-06,5.83225e-06,6.31922e-06,6.0669e-06,4.92546e-06,3.09211e-06,1.94048e-06,1.69232e-06,8.1902e-07,-3.84677e-07,-1.55086e-06,-2.26e-06,-2.06568e-06,-5.21155e-07,2.79367e-06,8.24593e-06,1.61255e-05,2.66234e-05,3.98149e-05,5.56475e-05,7.39353e-05,9.43617e-05,0.000116489,0.000139781,0.000163626,0.000187379,0.000210404,0.000232119,0.000252044,0.000269845,0.000285365,0.000298649,0.000309944,0.000319687,0.00032847,0.000336992,0.000345996,0.000356195,0.000368198,0.00038244,0.000399136,0.00041824,0.000439429,0.000462125,0.000485571,0.000508937,0.000531432,0.000552401,0.000571376,0.000588093,0.000602469,0.00061454,0.000624382,0.000632028,0.000637401,0.000640284,0.000640341,0.000637183,0.000630467,0.000620003,0.00060584,0.000588307,0.000568006,0.000545758,0.0005225,0.000499172,0.000476595,0.000455375,0.000435849,0.000418089,0.000401946,0.000387101,0.000373125,0.000359534,0.000345838,0.000331594,0.000316447,0.000300166,0.000282655,0.000263964,0.000244272,0.000223868,0.000203113,0.000182407,0.000162152,0.000142712,0.000124396,0.000107432,9.19678e-05,7.80649e-05,6.57119e-05,5.4836e-05,4.53182e-05,3.70097e-05,2.97445e-05,2.33517e-05,1.76635e-05,1.25228e-05,7.78803e-06,3.33928e-06,-9.16633e-07,-5.04041e-06,-9.05555e-06,-1.11001e-05,-1.11838e-05,-1.05552e-05,-9.38897e-06,-7.71516e-06,-5.66108e-06,-3.47298e-06,-1.494e-06,-9.46369e-08,4.3532e-07,0
0,-7.48097e-08,-9.66141e-08,3.69951e-08,5.43849e-07,1.50497e-06,2.81641e-06,4.21161e-06,5.34068e-06,5.86921e-06,5.56606e-06,4.54126e-06,4.05026e-06,4.26953e-06,3.71774e-06,2.6705e-06,1.48312e-06,5.68243e-07,3.69915e-07,1.33598e-06,3.89023e-06,8.40569e-06,1.51804e-05,2.44167e-05,3.6205e-05,5.05131e-05,6.71822e-05,8.59293e-05,0.000106358,0.000127977,0.000150227,0.000172513,0.000194246,0.000214882,0.000233966,0.000251169,0.00026632,0.000279423,0.000290659,0.000300373,0.000309046,0.000317244,0.000325565,0.000334575,0.000344743,0.000356387,0.000369635,0.000384407,0.000400419,0.000417215,0.000434233,0.000450888,0.000466651,0.000481119,0.000494046,0.000505349,0.000515082,0.000523379,0.000530385,0.000536193,0.000540783,0.000544003,0.000545579,0.000545166,0.000542421,0.000537084,0.000529052,0.000518423,0.0005055,0.000490765,0.000474814,0.000458281,0.000441749,0.000425681,0.000410368,0.000395916,0.000382263,0.000369206,0.000356446,0.000343631,0.000330404,0.000316447,0.000301519,0.000285483,0.000268321,0.000250134,0.000231131,0.000211605,0.000191903,0.000172395,0.000153437,0.000135343,0.000118369,0.000102696,8.84248e-05,7.55854e-05,6.41421e-05,5.40081e-05,4.50601e-05,3.71516e-05,3.01254e-05,2.38224e-05,1.80895e-05,1.27853e-05,7.78564e-06,2.98891e-06,-1.67767e-06,-6.25219e-06,-1.0733e-05,-1.33006e-05,-1.39064e-05,-1.36809e-05,-1.27338e-05,-1.1058e-05,-8.77237e-06,-6.14779e-06,-3.58017e-06,-1.50618e-06,-2.7285e-07,0
0,-7.94032e-07,-1.47839e-06,-1.93324e-06,-1.87403e-06,-1.149e-06,1.88048e-07,1.88438e-06,3.56394e-06,4.83363e-06,5.38465e-06,5.23625e-06,5.51743e-06,6.34917e-06,6.28774e-06,5.58033e-06,4.56017e-06,3.62374e-06,3.20431e-06,3.74345e-06,5.66265e-06,9.33629e-06,1.50676e-05,2.30685e-05,3.34446e-05,4.61852e-05,6.11606e-05,7.81252e-05,9.67278e-05,0.000116529,0.000137026,0.000157682,0.000177959,0.00019736,0.00021546,0.000231943,0.000246626,0.000259475,0.000270607,0.000280281,0.000288866,0.000296802,0.000304554,0.000312556,0.000321158,0.000330586,0.000340912,0.000352051,0.000363766,0.000375714,0.000387492,0.000398708,0.000409038,0.000418272,0.000426338,0.000433293,0.000439299,0.000444568,0.000449306,0.000453651,0.00045763,0.00046114,0.000463949,0.00046574,0.000466165,0.000464911,0.00046176,0.000456638,0.000449624,0.000440943,0.000430933,0.000419986,0.000408491,0.000396776,0.000385071,0.000373482,0.000361997,0.000350499,0.000338796,0.000326656,0.000313845,0.000300166,0.000285483,0.000269754,0.000253028,0.000235454,0.000217263,0.000198745,0.000180225,0.000162033,0.000144474,0.000127807,0.00011223,9.78721e-05,8.47921e-05,7.2986e-05,6.23968e-05,5.29278e-05,4.44555e-05,3.68419e-05,2.99435e-05,2.36197e-05,1.77378e-05,1.21784e-05,6.84019e-06,1.64544e-06,-3.45365e-06,-8.46882e-06,-1.33708e-05,-1.63802e-05,-1.73905e-05,-1.7419e-05,-1.65214e-05,-1.46697e-05,-1.19942e-05,-8.80958e-06,-5.57923e-06,-2.81213e-06,-9.08729e-07,0
0,-1.49668e-06,-2.86191e-06,-3.97157e-06,-4.47418e-06,-4.13576e-06,-2.93995e-06,-1.10213e-06,9.97244e-07,2.92223e-06,4.29438e-06,5.04269e-06,6.16483e-06,7.71832e-06,8.2887e-06,8.08676e-06,7.415e-06,6.64512e-06,6.19127e-06,6.48131e-06,7.92792e-06,1.09016e-05,1.57065e-05,2.25614e-05,3.15849e-05,4.27871e-05,5.60674e-05,7.12181e-05,8.79349e-05,0.000105833,0.000124468,0.000143363,0.000162042,0.000180054,0.000197012,0.000212617,0.00022668,0.000239138,0.00025005,0.000259594,0.000268038,0.000275708,0.000282948,0.000290076,0.000297343,0.000304902,0.000312788,0.000320918,0.000329109,0.00033711,0.000344652,0.000351493,0.000357468,0.00036252,0.000366706,0.000370195,0.00037323,0.000376084,0.00037901,0.000382185,0.000385672,0.000389402,0.000393177,0.000396699,0.000399613,0.000401567,0.00040226,0.000401487,0.000399162,0.000395317,0.000390089,0.000383679,0.000376319,0.00036822,0.000359547,0.000350392,0.000340772,0.000330634,0.000319876,0.00030837,0.000295993,0.000282655,0.000268321,0.000253028,0.000236888,0.000220085,0.000202861,0.000185499,0.00016829,0.000151519,0.000135436,0.00012024,0.000106072,9.30107e-05,8.10729e-05,7.02257e-05,6.03957e-05,5.14818e-05,4.33666e-05,3.59262e-05,2.90375e-05,2.2584e-05,1.64591e-05,1.05706e-05,4.84477e-06,-7.68228e-07,-6.28795e-06,-1.16976e-05,-1.69394e-05,-2.02735e-05,-2.15386e-05,-2.16471e-05,-2.06139e-05,-1.84086e-05,-1.51927e-05,-1.13427e-05,-7.40108e-06,-3.95192e-06,-1.44222e-06,0
0,-2.15117e-06,-4.18603e-06,-5.99144e-06,-7.15239e-06,-7.34473e-06,-6.46442e-06,-4.66644e-06,-2.31231e-06,1.38255e-07,2.24919e-06,3.86391e-06,5.84758e-06,8.18891e-06,9.49603e-06,9.937e-06,9.77625e-06,9.35286e-06,9.05418e-06,9.28703e-06,1.04487e-05,1.29e-05,1.69413e-05,2.27939e-05,3.05862e-05,4.03465e-05,5.20008e-05,6.53779e-05,8.02188e-05,9.6192e-05,0.000112913,0.000129968,0.000146937,0.000163426,0.000179086,0.000193643,0.000206909,0.000218798,0.000229325,0.000238595,0.00024679,0.000254135,0.000260869,0.000267213,0.000273333,0.000279324,0.000285192,0.000290866,0.000296206,0.000301042,0.000305208,0.000308582,0.000311121,0.000312882,0.000314024,0.000314794,0.000315497,0.000316453,0.000317948,0.000320188,0.000323264,0.000327133,0.000331622,0.000336448,0.000341256,0.000345664,0.000349312,0.000351901,0.000353223,0.000353165,0.000351711,0.000348917,0.000344883,0.000339726,0.00033355,0.000326431,0.000318401,0.000309459,0.000299575,0.000288711,0.000276839,0.000263964,0.000250134,0.000235454,0.000220085,0.000204234,0.000188147,0.000172084,0.000156301,0.00014103,0.000126463,0.000112741,9.99495e-05,8.81185e-05,7.72302e-05,6.72284e-05,5.80303e-05,4.95373e-05,4.16449e-05,3.425e-05,2.72559e-05,2.05751e-05,1.41323e-05,7.86616e-06,1.73408e-06,-4.28329e-06,-1.01756e-05,-1.58968e-05,-2.13616e-05,-2.48712e-05,-2.62146e-05,-2.62107e-05,-2.48497e-05,-2.21173e-05,-1.82256e-05,-1.36289e-05,-8.95692e-06,-4.86775e-06,-1.84537e-06,0
0,-2.72627e-06,-5.38893e-06,-7.90251e-06,-9.79523e-06,-1.06489e-05,-1.02576e-05,-8.69435e-06,-6.27795e-06,-3.47049e-06,-7.50019e-07,1.64993e-06,4.46465e-06,7.6115e-06,9.71653e-06,1.09006e-05,1.13842e-05,1.14673e-05,1.15036e-05,1.18721e-05,1.29483e-05,1.50775e-05,1.85509e-05,2.35876e-05,3.03215e-05,3.87946e-05,4.89559e-05,6.06666e-05,7.37097e-05,8.78038e-05,0.000102621,0.000117808,0.000133005,0.00014787,0.0001621,0.000175447,0.000187735,0.000198864,0.000208815,0.000217636,0.000225437,0.000232359,0.000238555,0.000244163,0.00024928,0.000253954,0.000258172,0.000261869,0.000264945,0.000267292,0.000268827,0.000269518,0.000269413,0.000268654,0.000267472,0.00026617,0.000265095,0.000264598,0.000264987,0.000266486,0.000269207,0.000273128,0.000278095,0.00028384,0.000290011,0.000296208,0.000302034,0.000307127,0.000311188,0.000314002,0.000315438,0.000315439,0.000314007,0.000311182,0.000307019,0.000301574,0.000294894,0.000287015,0.000277969,0.00026779,0.000256531,0.000244272,0.000231131,0.000217263,0.000202861,0.000188147,0.000173354,0.000158714,0.00014444,0.000130709,0.000117657,0.000105366,9.38709e-05,8.31615e-05,7.31916e-05,6.38905e-05,5.51738e-05,4.69535e-05,3.91451e-05,3.16725e-05,2.44705e-05,1.74855e-05,1.06762e-05,4.01534e-06,-2.50701e-06,-8.87864e-06,-1.50592e-05,-2.09746e-05,-2.6514e-05,-3.00228e-05,-3.12487e-05,-3.09302e-05,-2.90501e-05,-2.56295e-05,-2.09491e-05,-1.55532e-05,-1.01637e-05,-5.50754e-06,-2.09381e-06,0
0,-3.19256e-06,-6.4109e-06,-9.61447e-06,-1.22847e-05,-1.39098e-05,-1.41715e-05,-1.30422e-05,-1.07747e-05,-7.81065e-06,-4.65165e-06,-1.59593e-06,1.9682e-06,5.88729e-06,8.80273e-06,1.07856e-05,1.20087e-05,1.27276e-05,1.32568e-05,1.39414e-05,1.51296e-05,1.71451e-05,2.02651e-05,2.4701e-05,3.05871e-05,3.79741e-05,4.68287e-05,5.70392e-05,6.84248e-05,8.07492e-05,9.37364e-05,0.000107088,0.000120503,0.000133691,0.000146396,0.000158401,0.000169548,0.000179733,0.000188915,0.000197103,0.000204349,0.00021073,0.000216327,0.000221214,0.000225434,0.000228996,0.000231872,0.000234004,0.000235322,0.000235766,0.000235314,0.000234,0.000231939,0.00022933,0.000226451,0.000223641,0.000221272,0.000219709,0.000219272,0.000220195,0.000222602,0.000226488,0.000231716,0.000238032,0.000245091,0.000252492,0.000259814,0.000266656,0.000272661,0.000277543,0.000281088,0.000283159,0.000283685,0.000282647,0.000280061,0.000275971,0.000270433,0.000263514,0.000255293,0.000245865,0.000235343,0.000223868,0.000211605,0.000198745,0.000185499,0.000172084,0.000158714,0.000145585,0.000132861,0.000120666,0.000109077,9.81266e-05,8.78057e-05,7.80714e-05,6.88589e-05,6.00922e-05,5.16944e-05,4.35959e-05,3.57392e-05,2.80806e-05,2.05905e-05,1.32521e-05,6.06026e-06,-9.77321e-07,-7.83764e-06,-1.44776e-05,-2.08282e-05,-2.67899e-05,-3.22299e-05,-3.55424e-05,-3.6444e-05,-3.5608e-05,-3.30277e-05,-2.87783e-05,-2.32244e-05,-1.70098e-05,-1.09482e-05,-5.82766e-06,-2.16809e-06,0
0,-3.52367e-06,-7.19693e-06,-1.1041e-05,-1.45032e-05,-1.69828e-05,-1.80436e-05,-1.75419e-05,-1.5643e-05,-1.27451e-05,-9.35276e-06,-5.8137e-06,-1.63008e-06,2.97728e-06,6.66474e-06,9.45333e-06,1.14658e-05,1.29102e-05,1.40574e-05,1.52141e-05,1.66958e-05,1.88001e-05,2.17844e-05,2.58479e-05,3.11198e-05,3.76538e-05,4.54284e-05,5.43522e-05,6.4274e-05,7.49954e-05,8.62854e-05,9.78959e-05,0.000109577,0.000121091,0.000132225,0.000142799,0.000152675,0.00016176,0.00017,0.00017738,0.000183913,0.000189627,0.000194552,0.000198712,0.000202108,0.000204721,0.000206511,0.000207426,0.000207417,0.00020646,0.000204573,0.00020184,0.000198416,0.000194536,0.000190505,0.000186679,0.000183436,0.000181145,0.000180126,0.000180615,0.000182742,0.000186512,0.000191804,0.000198381,0.000205912,0.000214,0.000222221,0.000230153,0.000237409,0.000243654,0.000248626,0.000252131,0.000254047,0.000254315,0.000252925,0.000249912,0.000245339,0.000239299,0.000231908,0.000223304,0.000213645,0.000203113,0.000191903,0.000180225,0.00016829,0.000156301,0.00014444,0.000132861,0.000121678,0.000110962,0.000100739,9.09959e-05,8.16898e-05,7.27556e-05,6.41198e-05,5.57113e-05,4.74696e-05,3.93511e-05,3.13309e-05,2.34021e-05,1.55735e-05,7.86608e-06,3.11528e-07,-7.04832e-06,-1.41588e-05,-2.0948e-05,-2.73213e-05,-3.31571e-05,-3.83058e-05,-4.12163e-05,-4.15852e-05,-4.00377e-05,-3.65952e-05,-3.14038e-05,-2.4925e-05,-1.79067e-05,-1.12511e-05,-5.79516e-06,-2.05469e-06,0
0,-3.69755e-06,-7.69917e-06,-1.21034e-05,-1.63386e-05,-1.97236e-05,-2.17036e-05,-2.20077e-05,-2.06948e-05,-1.80974e-05,-1.47016e-05,-1.08869e-05,-6.25651e-06,-1.09241e-06,3.27854e-06,6.82895e-06,9.63147e-06,1.1845e-05,1.3694e-05,1.54435e-05,1.73723e-05,1.97478e-05,2.28032e-05,2.67206e-05,3.1619e-05,3.75495e-05,4.44958e-05,5.23801e-05,6.10729e-05,7.04056e-05,8.01842e-05,9.0203e-05,0.000100258,0.000110158,0.000119732,0.000128838,0.000137366,0.000145235,0.000152395,0.00015882,0.000164499,0.000169429,0.000173607,0.00017702,0.000179643,0.000181435,0.000182347,0.000182333,0.000181358,0.000179422,0.00017657,0.000172913,0.000168631,0.000163976,0.00015926,0.000154839,0.000151086,0.000148359,0.000146968,0.000147144,0.000149018,0.000152602,0.000157789,0.000164359,0.000172,0.000180331,0.000188936,0.000197393,0.000205301,0.000212306,0.000218116,0.000222505,0.000225322,0.000226482,0.00022596,0.000223785,0.000220031,0.000214807,0.000208256,0.000200544,0.00019186,0.000182407,0.000172395,0.000162033,0.000151519,0.00014103,0.000130709,0.000120666,0.000110962,0.000101619,9.26194e-05,8.39146e-05,7.54366e-05,6.71095e-05,5.88623e-05,5.06382e-05,4.24014e-05,3.41407e-05,2.58683e-05,1.76166e-05,9.43377e-06,1.37863e-06,-6.48213e-06,-1.40745e-05,-2.13151e-05,-2.81063e-05,-3.43322e-05,-3.9854e-05,-4.45104e-05,-4.6812e-05,-4.64484e-05,-4.40133e-05,-3.95735e-05,-3.33607e-05,-2.59421e-05,-1.81708e-05,-1.10293e-05,-5.38948e-06,-1.74673e-06,0
0,-3.69739e-06,-7.87896e-06,-1.27343e-05,-1.76889e-05,-2.19942e-05,-2.49806e-05,-2.62437e-05,-2.57211e-05,-2.36591e-05,-2.05035e-05,-1.66464e-05,-1.1777e-05,-6.22948e-06,-1.31012e-06,2.90876e-06,6.45153e-06,9.4281e-06,1.20156e-05,1.44353e-05,1.6927e-05,1.97243e-05,2.3033e-05,2.70139e-05,3.17713e-05,3.73482e-05,4.37276e-05,5.08379e-05,5.85634e-05,6.67569e-05,7.52523e-05,8.3878e-05,9.24679e-05,0.000100871,0.000108955,0.000116616,0.000123771,0.000130363,0.000136352,0.000141713,0.000146428,0.000150479,0.000153844,0.000156489,0.000158372,0.000159441,0.000159643,0.000158933,0.000157287,0.000154718,0.000151288,0.00014712,0.0001424,0.000137382,0.000132372,0.00012771,0.000123752,0.000120835,0.000119251,0.00011922,0.000120866,0.000124206,0.000129146,0.000135485,0.000142934,0.000151136,0.000159694,0.0001682,0.00017626,0.000183517,0.00018967,0.000194483,0.00019779,0.000199494,0.000199565,0.000198031,0.000194973,0.000190513,0.00018481,0.000178047,0.000170424,0.000162152,0.000153437,0.000144474,0.000135436,0.000126463,0.000117657,0.000109077,0.000100739,9.26194e-05,8.46653e-05,7.68024e-05,6.89496e-05,6.10315e-05,5.29895e-05,4.479e-05,3.64292e-05,2.79328e-05,1.93529e-05,1.07622e-05,2.24712e-06,-6.0976e-06,-1.41731e-05,-2.18768e-05,-2.91003e-05,-3.57254e-05,-4.1619e-05,-4.6631e-05,-5.05947e-05,-5.20893e-05,-5.08111e-05,-4.7339e-05,-4.18004e-05,-3.45247e-05,-2.61899e-05,-1.77508e-05,-1.02586e-05,-4.60345e-06,-1.24442e-06,0
0,-3.51234e-06,-7.70855e-06,-1.288e-05,-1.84668e-05,-2.36689e-05,-2.77106e-05,-3.00532e-05,-3.0502e-05,-2.9199e-05,-2.65296e-05,-2.28781e-05,-1.80026e-05,-1.22787e-05,-6.98645e-06,-2.23781e-06,1.94677e-06,5.63021e-06,8.94301e-06,1.20621e-05,1.5187e-05,1.85159e-05,2.22245e-05,2.64492e-05,3.12758e-05,3.67349e-05,4.28026e-05,4.94072e-05,5.64393e-05,6.3764e-05,7.12344e-05,7.87034e-05,8.60345e-05,9.31091e-05,9.98307e-05,0.000106126,0.000111946,0.000117255,0.000122035,0.000126272,0.000129953,0.000133059,0.000135562,0.000137422,0.000138591,0.000139012,0.000138632,0.000137409,0.000135326,0.000132401,0.000128701,0.00012435,0.00011953,0.000114482,0.000109492,0.000104876,0.00010096,9.80546e-05,9.64252e-05,9.62734e-05,9.77147e-05,0.000100767,0.000105348,0.000111278,0.000118293,0.000126067,0.000134232,0.000142404,0.00015021,0.000157309,0.000163406,0.000168269,0.000171732,0.000173699,0.000174141,0.000173088,0.000170627,0.000166887,0.000162033,0.000156253,0.000149745,0.000142712,0.000135343,0.000127807,0.00012024,0.000112741,0.000105366,9.81266e-05,9.09959e-05,8.39146e-05,7.68024e-05,6.95708e-05,6.21371e-05,5.44368e-05,4.64331e-05,3.81233e-05,2.95405e-05,2.07502e-05,1.18454e-05,2.93772e-06,-5.85022e-06,-1.43917e-05,-2.25596e-05,-3.02276e-05,-3.72674e-05,-4.35448e-05,-4.89156e-05,-5.32238e-05,-5.6304e-05,-5.68116e-05,-5.44628e-05,-4.98375e-05,-4.31375e-05,-3.47981e-05,-2.56091e-05,-1.66194e-05,-8.93424e-06,-3.44373e-06,-5.55027e-07,0
0,-3.13808e-06,-7.17233e-06,-1.25035e-05,-1.86039e-05,-2.46403e-05,-2.97444e-05,-3.32474e-05,-3.48162e-05,-3.44746e-05,-3.25279e-05,-2.9333e-05,-2.46987e-05,-1.90294e-05,-1.35718e-05,-8.47087e-06,-3.78679e-06,4.99865e-07,4.47517e-06,8.27286e-06,1.20522e-05,1.59754e-05,2.01867e-05,2.47962e-05,2.98684e-05,3.54176e-05,4.14089e-05,4.77643e-05,5.43735e-05,6.11062e-05,6.78254e-05,7.43996e-05,8.07124e-05,8.667e-05,9.22035e-05,9.72693e-05,0.000101845,0.000105926,0.000109516,0.000112621,0.000115242,0.000117371,0.000118988,0.000120057,0.000120533,0.000120364,0.000119499,0.000117901,0.000115555,0.000112481,0.000108745,0.000104461,9.97982e-05,9.4973e-05,9.02435e-05,8.58929e-05,8.22108e-05,7.94714e-05,7.79115e-05,7.77089e-05,7.89669e-05,8.17026e-05,8.58435e-05,9.12309e-05,9.76308e-05,0.00010475,0.000112257,0.000119803,0.000127046,0.000133671,0.000139405,0.000144032,0.000147396,0.00014941,0.000150051,0.000149355,0.000147412,0.000144352,0.000140338,0.000135551,0.000130177,0.000124396,0.000118369,0.00011223,0.000106072,9.99495e-05,9.38709e-05,8.78057e-05,8.16898e-05,7.54366e-05,6.89496e-05,6.21371e-05,5.49254e-05,4.72703e-05,3.91648e-05,3.06426e-05,2.17765e-05,1.26734e-05,3.46538e-06,-5.69953e-06,-1.46667e-05,-2.32821e-05,-3.13957e-05,-3.88627e-05,-4.55403e-05,-5.1284e-05,-5.59444e-05,-5.93658e-05,-6.13901e-05,-6.07564e-05,-5.7214e-05,-5.13584e-05,-4.34764e-05,-3.41139e-05,-2.41696e-05,-1.47751e-05,-7.07166e-06,-1.93051e-06,3.07312e-07,0
0,-2.57697e-06,-6.26759e-06,-1.15859e-05,-1.80533e-05,-2.48239e-05,-3.09544e-05,-3.56548e-05,-3.84527e-05,-3.92434e-05,-3.82357e-05,-3.574e-05,-3.15971e-05,-2.62264e-05,-2.0833e-05,-1.55872e-05,-1.05827e-05,-5.83851e-06,-1.30949e-06,3.09737e-06,7.5026e-06,1.20329e-05,1.6801e-05,2.189e-05,2.73414e-05,3.31509e-05,3.92687e-05,4.56062e-05,5.2046e-05,5.84552e-05,6.46984e-05,7.06507e-05,7.62071e-05,8.12895e-05,8.58492e-05,8.9866e-05,9.33436e-05,9.63031e-05,9.87745e-05,0.000100789,0.00010237,0.000103529,0.000104262,0.000104549,0.000104355,0.000103639,0.000102359,0.000100482,9.79961e-05,9.492e-05,9.13106e-05,8.72688e-05,8.2941e-05,7.85157e-05,7.42154e-05,7.02836e-05,6.6969e-05,6.45065e-05,6.30985e-05,6.28972e-05,6.39905e-05,6.63927e-05,7.00406e-05,7.47966e-05,8.04568e-05,8.67649e-05,9.34298e-05,0.000100145,0.000106607,0.000112536,0.000117689,0.000121875,0.000124959,0.000126867,0.000127586,0.000127158,0.000125672,0.000123255,0.00012006,0.000116251,0.000111992,0.000107432,0.000102696,9.78721e-05,9.30107e-05,8.81185e-05,8.31615e-05,7.80714e-05,7.27556e-05,6.71095e-05,6.10315e-05,5.44368e-05,4.72703e-05,3.95163e-05,3.12032e-05,2.24046e-05,1.32343e-05,3.8389e-06,-5.61301e-06,-1.49415e-05,-2.39652e-05,-3.25083e-05,-4.04039e-05,-4.74944e-05,-5.36283e-05,-5.86568e-05,-6.24308e-05,-6.48009e-05,-6.56225e-05,-6.37257e-05,-5.89052e-05,-5.17843e-05,-4.27428e-05,-3.24386e-05,-2.18717e-05,-1.22414e-05,-4.70542e-06,-9.68023e-08,1.32219e-06,0
0,-1.83812e-06,-5.00481e-06,-1.01275e-05,-1.67924e-05,-2.41627e-05,-3.12407e-05,-3.71291e-05,-4.12205e-05,-4.32753e-05,-4.33928e-05,-4.18195e-05,-3.84096e-05,-3.3583e-05,-2.84945e-05,-2.33311e-05,-1.82129e-05,-1.31913e-05,-8.25728e-06,-3.35495e-06,1.6001e-06,6.70084e-06,1.20298e-05,1.7643e-05,2.35589e-05,2.97532e-05,3.61591e-05,4.26737e-05,4.91681e-05,5.55007e-05,6.15307e-05,6.71313e-05,7.22003e-05,7.66667e-05,8.04937e-05,8.36778e-05,8.62431e-05,8.82345e-05,8.9708e-05,9.07213e-05,9.13254e-05,9.15577e-05,9.14381e-05,9.09677e-05,9.01318e-05,8.8904e-05,8.72547e-05,8.51595e-05,8.26091e-05,7.96184e-05,7.62341e-05,7.25391e-05,6.86539e-05,6.47341e-05,6.09631e-05,5.75417e-05,5.46748e-05,5.25556e-05,5.13504e-05,5.11838e-05,5.21271e-05,5.41901e-05,5.7318e-05,6.13934e-05,6.62429e-05,7.16486e-05,7.73625e-05,8.31226e-05,8.86705e-05,9.37672e-05,9.82068e-05,0.000101828,0.00010452,0.000106227,0.000106948,0.000106728,0.000105655,0.000103847,0.000101439,9.85716e-05,9.53773e-05,9.19678e-05,8.84248e-05,8.47921e-05,8.10729e-05,7.72302e-05,7.31916e-05,6.88589e-05,6.41198e-05,5.88623e-05,5.29895e-05,4.64331e-05,3.91648e-05,3.12032e-05,2.26161e-05,1.35178e-05,4.06224e-06,-5.56733e-06,-1.51703e-05,-2.45405e-05,-3.34758e-05,-4.17848e-05,-4.929e-05,-5.58267e-05,-6.12408e-05,-6.53846e-05,-6.81152e-05,-6.92952e-05,-6.87992e-05,-6.55549e-05,-5.94132e-05,-5.10358e-05,-4.09003e-05,-2.97734e-05,-1.87458e-05,-9.06637e-06,-1.88816e-06,2.01287e-06,2.46364e-06,0
0,-9.37127e-07,-3.40757e-06,-8.14833e-06,-1.48244e-05,-2.26302e-05,-3.05365e-05,-3.75569e-05,-4.29578e-05,-4.63638e-05,-4.77544e-05,-4.7297e-05,-4.48422e-05,-4.07957e-05,-3.62524e-05,-3.14078e-05,-2.64e-05,-2.13062e-05,-1.61478e-05,-1.09013e-05,-5.5149e-06,7.36431e-08,5.91849e-06,1.20504e-05,1.84653e-05,2.51188e-05,3.19265e-05,3.8769e-05,4.55028e-05,5.19729e-05,5.80273e-05,6.35304e-05,6.83745e-05,7.24876e-05,7.58366e-05,7.84267e-05,8.02962e-05,8.15092e-05,8.2145e-05,8.22878e-05,8.20172e-05,8.13999e-05,8.04846e-05,7.92998e-05,7.78549e-05,7.61446e-05,7.41552e-05,7.18729e-05,6.92923e-05,6.64253e-05,6.3307e-05,6.00012e-05,5.6601e-05,5.32273e-05,5.00234e-05,4.71467e-05,4.47574e-05,4.3007e-05,4.20254e-05,4.1909e-05,4.27118e-05,4.44383e-05,4.7041e-05,5.04217e-05,5.4437e-05,5.89071e-05,6.36275e-05,6.83829e-05,7.29614e-05,7.71677e-05,8.08358e-05,8.38377e-05,8.60897e-05,8.75552e-05,8.82426e-05,8.82012e-05,8.75124e-05,8.62798e-05,8.46167e-05,8.26337e-05,8.04265e-05,7.80649e-05,7.55854e-05,7.2986e-05,7.02257e-05,6.72284e-05,6.38905e-05,6.00922e-05,5.57113e-05,5.06382e-05,4.479e-05,3.81233e-05,3.06426e-05,2.24046e-05,1.35178e-05,4.13663e-06,-5.54794e-06,-1.53206e-05,-2.49544e-05,-3.42232e-05,-4.29107e-05,-5.08164e-05,-5.77581e-05,-6.35702e-05,-6.81011e-05,-7.121e-05,-7.27654e-05,-7.26473e-05,-7.07546e-05,-6.61186e-05,-5.86559e-05,-4.90746e-05,-3.79509e-05,-2.61544e-05,-1.48516e-05,-5.32085e-06,1.31139e-06,4.344e-06,3.7011e-06,0
0,1.04314e-07,-1.51199e-06,-5.68792e-06,-1.21789e-05,-2.0232e-05,-2.88113e-05,-3.6863e-05,-4.35401e-05,-4.83351e-05,-5.11019e-05,-5.19164e-05,-5.06094e-05,-4.75587e-05,-4.379e-05,-3.94982e-05,-3.48316e-05,-2.98857e-05,-2.4706e-05,-1.9296e-05,-1.36319e-05,-7.67875e-06,-1.40756e-06,5.1894e-06,1.20875e-05,1.92235e-05,2.64954e-05,3.37672e-05,4.08786e-05,4.76585e-05,5.39393e-05,5.9571e-05,6.44337e-05,6.84465e-05,7.15718e-05,7.38159e-05,7.5224e-05,7.5873e-05,7.5861e-05,7.5296e-05,7.42851e-05,7.29253e-05,7.12962e-05,6.94567e-05,6.74445e-05,6.52787e-05,6.29651e-05,6.05031e-05,5.78936e-05,5.51464e-05,5.22866e-05,4.93589e-05,4.643e-05,4.35868e-05,4.09335e-05,3.8585e-05,3.6659e-05,3.52661e-05,3.45011e-05,3.44332e-05,3.50992e-05,3.64977e-05,3.85879e-05,4.12893e-05,4.4487e-05,4.80378e-05,5.178e-05,5.55441e-05,5.91645e-05,6.24902e-05,6.53951e-05,6.77852e-05,6.96034e-05,7.08311e-05,7.1486e-05,7.1617e-05,7.12963e-05,7.06089e-05,6.96415e-05,6.84705e-05,6.71519e-05,6.57119e-05,6.41421e-05,6.23968e-05,6.03957e-05,5.80303e-05,5.51738e-05,5.16944e-05,4.74696e-05,4.24014e-05,3.64292e-05,2.95405e-05,2.17765e-05,1.32343e-05,4.06224e-06,-5.54794e-06,-1.53728e-05,-2.51705e-05,-3.46945e-05,-4.37054e-05,-5.19792e-05,-5.93127e-05,-6.55248e-05,-7.04545e-05,-7.39582e-05,-7.59066e-05,-7.61849e-05,-7.46954e-05,-7.13657e-05,-6.53358e-05,-5.65955e-05,-4.59042e-05,-3.39354e-05,-2.16508e-05,-1.02757e-05,-1.09599e-06,4.81066e-06,6.83395e-06,5.00039e-06,0
0,1.259e-06,6.34168e-07,-2.80439e-06,-8.91141e-06,-1.70068e-05,-2.60736e-05,-3.50141e-05,-4.2886e-05,-4.90567e-05,-5.32531e-05,-5.54506e-05,-5.54464e-05,-5.35773e-05,-5.07911e-05,-4.72736e-05,-4.3175e-05,-3.86018e-05,-3.36163e-05,-2.82436e-05,-2.24826e-05,-1.6321e-05,-9.75171e-06,-2.7866e-06,4.53168e-06,1.21234e-05,1.98703e-05,2.76205e-05,3.51971e-05,4.24112e-05,4.90768e-05,5.50255e-05,6.01197e-05,6.4263e-05,6.74062e-05,6.95485e-05,7.07344e-05,7.10466e-05,7.05956e-05,6.95084e-05,6.79167e-05,6.59457e-05,6.37059e-05,6.12878e-05,5.87591e-05,5.61659e-05,5.35362e-05,5.08854e-05,4.82231e-05,4.55596e-05,4.2912e-05,4.03087e-05,3.77917e-05,3.54171e-05,3.32527e-05,3.13743e-05,2.98596e-05,2.87818e-05,2.82028e-05,2.81663e-05,2.86929e-05,2.97758e-05,3.13795e-05,3.34402e-05,3.58691e-05,3.85574e-05,4.13836e-05,4.42218e-05,4.69504e-05,4.94608e-05,5.16651e-05,5.35012e-05,5.49365e-05,5.5968e-05,5.66195e-05,5.69366e-05,5.69782e-05,5.68073e-05,5.64808e-05,5.60386e-05,5.54958e-05,5.4836e-05,5.40081e-05,5.29278e-05,5.14818e-05,4.95373e-05,4.69535e-05,4.35959e-05,3.93511e-05,3.41407e-05,2.79328e-05,2.07502e-05,1.26734e-05,3.8389e-06,-5.56733e-06,-1.53206e-05,-2.51705e-05,-3.48555e-05,-4.41162e-05,-5.27065e-05,-6.04016e-05,-6.70013e-05,-7.2331e-05,-7.62394e-05,-7.85956e-05,-7.92869e-05,-7.82194e-05,-7.53222e-05,-7.05554e-05,-6.31712e-05,-5.32386e-05,-4.15704e-05,-2.89315e-05,-1.63632e-05,-5.12952e-06,3.49955e-06,8.51588e-06,9.41394e-06,6.32485e-06,0
0,2.49498e-06,2.97276e-06,4.26964e-07,-5.10231e-06,-1.30259e-05,-2.23708e-05,-3.20214e-05,-4.09602e-05,-4.84421e-05,-5.40693e-05,-5.7711e-05,-5.912e-05,-5.85804e-05,-5.6954e-05,-5.44099e-05,-5.10923e-05,-4.71107e-05,-4.2538e-05,-3.74138e-05,-3.17544e-05,-2.55658e-05,-1.8858e-05,-1.16588e-05,-4.02549e-06,3.94852e-06,1.21317e-05,2.03579e-05,2.84346e-05,3.61556e-05,4.33152e-05,4.97242e-05,5.52234e-05,5.96958e-05,6.3074e-05,6.5343e-05,6.65387e-05,6.6742e-05,6.60687e-05,6.46585e-05,6.26622e-05,6.02296e-05,5.75e-05,5.4594e-05,5.16099e-05,4.86219e-05,4.5682e-05,4.28241e-05,4.0069e-05,3.74308e-05,3.49216e-05,3.25571e-05,3.03589e-05,2.8356e-05,2.65846e-05,2.50855e-05,2.39012e-05,2.30714e-05,2.26286e-05,2.25939e-05,2.29732e-05,2.37547e-05,2.49077e-05,2.63833e-05,2.81166e-05,3.00299e-05,3.20384e-05,3.40559e-05,3.60013e-05,3.78047e-05,3.94123e-05,4.07905e-05,4.19275e-05,4.2832e-05,4.35304e-05,4.40609e-05,4.44659e-05,4.47838e-05,4.50391e-05,4.52352e-05,4.53471e-05,4.53182e-05,4.50601e-05,4.44555e-05,4.33666e-05,4.16449e-05,3.91451e-05,3.57392e-05,3.13309e-05,2.58683e-05,1.93529e-05,1.18454e-05,3.46538e-06,-5.61301e-06,-1.51703e-05,-2.49544e-05,-3.46945e-05,-4.41162e-05,-5.2954e-05,-6.09621e-05,-6.79203e-05,-7.36372e-05,-7.79498e-05,-8.07212e-05,-8.18374e-05,-8.12067e-05,-7.87601e-05,-7.44571e-05,-6.82935e-05,-5.96358e-05,-4.86356e-05,-3.61584e-05,-2.30518e-05,-1.04202e-05,4.54975e-07,8.34295e-06,1.23249e-05,1.20111e-05,7.63641e-06,0
0,3.77644e-06,5.43689e-06,3.91566e-06,-8.54703e-07,-8.39132e-06,-1.77889e-05,-2.79402e-05,-3.77761e-05,-4.64546e-05,-5.346e-05,-5.85538e-05,-6.14364e-05,-6.23296e-05,-6.20022e-05,-6.05997e-05,-5.8253e-05,-5.50676e-05,-5.11192e-05,-4.64562e-05,-4.11064e-05,-3.50884e-05,-2.84249e-05,-2.11556e-05,-1.33484e-05,-5.10661e-06,3.42812e-06,1.20784e-05,2.06386e-05,2.88863e-05,3.65971e-05,4.35597e-05,4.95914e-05,5.45508e-05,5.83471e-05,6.09449e-05,6.23644e-05,6.26767e-05,6.19953e-05,6.04651e-05,5.82493e-05,5.55172e-05,5.24321e-05,4.91425e-05,4.57753e-05,4.24327e-05,3.91917e-05,3.61064e-05,3.32116e-05,3.05282e-05,2.80677e-05,2.58372e-05,2.38428e-05,2.20919e-05,2.05943e-05,1.93618e-05,1.84069e-05,1.77408e-05,1.73712e-05,1.72995e-05,1.75193e-05,1.80145e-05,1.8759e-05,1.97172e-05,2.08448e-05,2.20919e-05,2.34062e-05,2.47363e-05,2.60366e-05,2.72705e-05,2.84137e-05,2.94561e-05,3.04015e-05,3.12659e-05,3.20738e-05,3.28525e-05,3.36248e-05,3.44023e-05,3.51771e-05,3.59163e-05,3.65579e-05,3.70097e-05,3.71516e-05,3.68419e-05,3.59262e-05,3.425e-05,3.16725e-05,2.80806e-05,2.34021e-05,1.76166e-05,1.07622e-05,2.93772e-06,-5.69953e-06,-1.49415e-05,-2.45405e-05,-3.42232e-05,-4.37054e-05,-5.27065e-05,-6.09621e-05,-6.82322e-05,-7.43073e-05,-7.90097e-05,-8.21924e-05,-8.3737e-05,-8.35508e-05,-8.15666e-05,-7.77442e-05,-7.2076e-05,-6.45955e-05,-5.47849e-05,-4.28785e-05,-2.97905e-05,-1.64396e-05,-3.97469e-06,6.32846e-06,1.33008e-05,1.61303e-05,1.45508e-05,8.89681e-06,0
0,5.06479e-06,7.95284e-06,7.55868e-06,3.70849e-06,-3.23288e-06,-1.24495e-05,-2.2869e-05,-3.33952e-05,-4.31084e-05,-5.13861e-05,-5.78847e-05,-6.22475e-05,-6.46269e-05,-6.56934e-05,-6.55629e-05,-6.43464e-05,-6.21384e-05,-5.90111e-05,-5.50147e-05,-5.01826e-05,-4.4541e-05,-3.81201e-05,-3.0967e-05,-2.31557e-05,-1.47955e-05,-6.03439e-06,2.94291e-06,1.19208e-05,2.06636e-05,2.89297e-05,3.6487e-05,4.31284e-05,4.8686e-05,5.30423e-05,5.61362e-05,5.79658e-05,5.85852e-05,5.80978e-05,5.66457e-05,5.43972e-05,5.15338e-05,4.82376e-05,4.46799e-05,4.10137e-05,3.73674e-05,3.38427e-05,3.0515e-05,2.74356e-05,2.46353e-05,2.2129e-05,1.99203e-05,1.80052e-05,1.63756e-05,1.50213e-05,1.39312e-05,1.30941e-05,1.24983e-05,1.21312e-05,1.19787e-05,1.20244e-05,1.22493e-05,1.26315e-05,1.31467e-05,1.37689e-05,1.44716e-05,1.523e-05,1.60224e-05,1.68327e-05,1.76517e-05,1.84785e-05,1.93204e-05,2.01914e-05,2.11097e-05,2.20936e-05,2.31557e-05,2.42972e-05,2.55015e-05,2.67291e-05,2.79133e-05,2.89591e-05,2.97445e-05,3.01254e-05,2.99435e-05,2.90375e-05,2.72559e-05,2.44705e-05,2.05905e-05,1.55735e-05,9.43377e-06,2.24712e-06,-5.85022e-06,-1.46667e-05,-2.39652e-05,-3.34758e-05,-4.29107e-05,-5.19792e-05,-6.04016e-05,-6.79203e-05,-7.43073e-05,-7.93687e-05,-8.29448e-05,-8.4909e-05,-8.51653e-05,-8.36458e-05,-8.03114e-05,-7.51533e-05,-6.81992e-05,-5.95207e-05,-4.87148e-05,-3.60966e-05,-2.26217e-05,-9.26484e-06,2.80095e-06,1.23289e-05,1.82329e-05,1.98224e-05,1.69587e-05,1.00687e-05,0
0,6.31982e-06,1.04423e-05,1.12435e-05,8.44817e-06,2.29531e-06,-6.50702e-06,-1.69461e-05,-2.79251e-05,-3.84681e-05,-4.78608e-05,-5.56613e-05,-6.14552e-05,-6.53208e-05,-6.78266e-05,-6.90547e-05,-6.90905e-05,-6.80112e-05,-6.58789e-05,-6.27394e-05,-5.8626e-05,-5.35664e-05,-4.75937e-05,-4.07572e-05,-3.3133e-05,-2.4832e-05,-1.60037e-05,-6.83636e-06,2.44869e-06,1.16063e-05,2.03807e-05,2.85211e-05,3.5797e-05,4.2014e-05,4.70254e-05,5.07411e-05,5.31319e-05,5.42287e-05,5.41172e-05,5.29286e-05,5.08284e-05,4.80027e-05,4.46452e-05,4.09447e-05,3.70754e-05,3.31891e-05,2.94111e-05,2.58381e-05,2.25392e-05,1.95584e-05,1.69179e-05,1.46228e-05,1.2665e-05,1.10269e-05,9.68501e-06,8.61213e-06,7.77974e-06,7.15922e-06,6.723e-06,6.4453e-06,6.30264e-06,6.27424e-06,6.34231e-06,6.49237e-06,6.71353e-06,6.99882e-06,7.34567e-06,7.75616e-06,8.23729e-06,8.80082e-06,9.46255e-06,1.02408e-05,1.11541e-05,1.22176e-05,1.3439e-05,1.48135e-05,1.63187e-05,1.79105e-05,1.95189e-05,2.10474e-05,2.23733e-05,2.33517e-05,2.38224e-05,2.36197e-05,2.2584e-05,2.05751e-05,1.74855e-05,1.32521e-05,7.86608e-06,1.37863e-06,-6.0976e-06,-1.43917e-05,-2.32821e-05,-3.25083e-05,-4.17848e-05,-5.08164e-05,-5.93127e-05,-6.70013e-05,-7.36372e-05,-7.90097e-05,-8.29448e-05,-8.53052e-05,-8.59885e-05,-8.49245e-05,-8.20737e-05,-7.74276e-05,-7.10112e-05,-6.28883e-05,-5.31681e-05,-4.15592e-05,-2.84528e-05,-1.48349e-05,-1.71918e-06,9.71949e-06,1.8286e-05,2.29965e-05,2.32925e-05,1.91629e-05,1.11167e-05,0
0,7.50103e-06,1.2825e-05,1.48519e-05,1.32135e-05,8.01989e-06,-1.43453e-07,-1.03463e-05,-2.15166e-05,-3.2647e-05,-4.29494e-05,-5.18945e-05,-5.90136e-05,-6.431e-05,-6.82478e-05,-7.08726e-05,-7.22401e-05,-7.24045e-05,-7.14119e-05,-6.92978e-05,-6.60888e-05,-6.18093e-05,-5.64898e-05,-5.01774e-05,-4.29452e-05,-3.49013e-05,-2.61924e-05,-1.70054e-05,-7.56296e-06,1.88481e-06,1.10723e-05,1.97332e-05,2.76166e-05,3.45022e-05,4.02141e-05,4.46313e-05,4.76937e-05,4.94035e-05,4.98221e-05,4.90628e-05,4.72798e-05,4.46559e-05,4.13886e-05,3.76775e-05,3.37124e-05,2.96645e-05,2.56798e-05,2.18758e-05,1.83402e-05,1.5132e-05,1.22848e-05,9.80967e-06,7.6999e-06,5.93498e-06,4.48464e-06,3.31244e-06,2.37905e-06,1.64494e-06,1.07273e-06,6.2914e-07,2.8645e-07,2.35858e-08,-1.73216e-07,-3.10154e-07,-3.85973e-07,-3.92409e-07,-3.14933e-07,-1.33784e-07,1.74679e-07,6.3626e-07,1.27674e-06,2.11919e-06,3.18069e-06,4.46854e-06,5.97619e-06,7.67904e-06,9.53073e-06,1.14603e-05,1.33708e-05,1.51402e-05,1.66245e-05,1.76635e-05,1.80895e-05,1.77378e-05,1.64591e-05,1.41323e-05,1.06762e-05,6.06026e-06,3.11528e-07,-6.48213e-06,-1.41731e-05,-2.25596e-05,-3.13957e-05,-4.04039e-05,-4.929e-05,-5.77581e-05,-6.55248e-05,-7.2331e-05,-7.79498e-05,-8.21924e-05,-8.4909e-05,-8.59885e-05,-8.5356e-05,-8.29706e-05,-7.88241e-05,-7.29408e-05,-6.53805e-05,-5.62428e-05,-4.56725e-05,-3.34849e-05,-2.01384e-05,-6.63603e-06,5.98964e-06,1.65844e-05,2.40267e-05,2.74506e-05,2.64365e-05,2.10966e-05,1.20089e-05,0
0,8.56909e-06,1.50213e-05,1.82638e-05,1.7847e-05,1.37537e-05,6.43707e-06,-3.27468e-06,-1.43596e-05,-2.58038e-05,-3.6767e-05,-4.66478e-05,-5.49309e-05,-6.15461e-05,-6.6854e-05,-7.08625e-05,-7.35941e-05,-7.50758e-05,-7.53322e-05,-7.43829e-05,-7.22425e-05,-6.89263e-05,-6.44572e-05,-5.88751e-05,-5.2246e-05,-4.467e-05,-3.62869e-05,-2.72773e-05,-1.786e-05,-8.2852e-06,1.17645e-06,1.02479e-05,1.86612e-05,2.61733e-05,3.25804e-05,3.77301e-05,4.15295e-05,4.39483e-05,4.50184e-05,4.48282e-05,4.35132e-05,4.12448e-05,3.82166e-05,3.4631e-05,3.06875e-05,2.6571e-05,2.24451e-05,1.84457e-05,1.46789e-05,1.12204e-05,8.11755e-06,5.39188e-06,3.04322e-06,1.05397e-06,-6.06464e-07,-1.97731e-06,-3.10235e-06,-4.02618e-06,-4.79086e-06,-5.43313e-06,-5.98213e-06,-6.45778e-06,-6.86986e-06,-7.21777e-06,-7.49098e-06,-7.67014e-06,-7.72879e-06,-7.63547e-06,-7.3564e-06,-6.8584e-06,-6.11227e-06,-5.09634e-06,-3.80029e-06,-2.22896e-06,-4.06049e-07,1.62274e-06,3.78735e-06,5.99238e-06,8.11779e-06,1.00218e-05,1.15459e-05,1.25228e-05,1.27853e-05,1.21784e-05,1.05706e-05,7.86616e-06,4.01534e-06,-9.77321e-07,-7.04832e-06,-1.40745e-05,-2.18768e-05,-3.02276e-05,-3.88627e-05,-4.74944e-05,-5.58267e-05,-6.35702e-05,-7.04545e-05,-7.62394e-05,-8.07212e-05,-8.3737e-05,-8.51653e-05,-8.49245e-05,-8.29706e-05,-7.9295e-05,-7.39227e-05,-6.69125e-05,-5.83592e-05,-4.83966e-05,-3.72007e-05,-2.46865e-05,-1.1368e-05,1.7521e-06,1.36435e-05,2.31957e-05,2.93799e-05,3.14606e-05,2.91583e-05,2.27001e-05,1.27172e-05,0
0,9.48729e-06,1.69557e-05,2.13617e-05,2.21898e-05,1.93021e-05,1.30147e-05,4.03844e-06,-6.67759e-06,-1.81389e-05,-2.9477e-05,-4.00373e-05,-4.92696e-05,-5.70366e-05,-6.35975e-05,-6.8923e-05,-7.30009e-05,-7.58277e-05,-7.74021e-05,-7.77223e-05,-7.6786e-05,-7.45942e-05,-7.11572e-05,-6.65031e-05,-6.0686e-05,-5.37941e-05,-4.59551e-05,-3.73387e-05,-2.81548e-05,-1.86483e-05,-9.08928e-06,2.39788e-07,9.05884e-06,1.7106e-05,2.41527e-05,3.00164e-05,3.45709e-05,3.77517e-05,3.95569e-05,4.00447e-05,3.93252e-05,3.75506e-05,3.49027e-05,3.15794e-05,2.77821e-05,2.37041e-05,1.95215e-05,1.53857e-05,1.14198e-05,7.71668e-06,4.33925e-06,1.32269e-06,-1.32219e-06,-3.60484e-06,-5.55038e-06,-7.19486e-06,-8.58058e-06,-9.75171e-06,-1.07502e-05,-1.16125e-05,-1.23665e-05,-1.30295e-05,-1.36074e-05,-1.40942e-05,-1.44729e-05,-1.4717e-05,-1.47932e-05,-1.46639e-05,-1.42914e-05,-1.36415e-05,-1.26877e-05,-1.14152e-05,-9.82492e-06,-7.9374e-06,-5.79531e-06,-3.46575e-06,-1.04091e-06,1.36265e-06,3.60672e-06,5.53613e-06,6.98551e-06,7.78803e-06,7.78564e-06,6.84019e-06,4.84477e-06,1.73408e-06,-2.50701e-06,-7.83764e-06,-1.41588e-05,-2.13151e-05,-2.91003e-05,-3.72674e-05,-4.55403e-05,-5.36283e-05,-6.12408e-05,-6.81011e-05,-7.39582e-05,-7.85956e-05,-8.18374e-05,-8.35508e-05,-8.36458e-05,-8.20737e-05,-7.88241e-05,-7.39227e-05,-6.74295e-05,-5.94386e-05,-5.00786e-05,-3.9514e-05,-2.7947e-05,-1.53822e-05,-2.37378e-06,1.00954e-05,2.10203e-05,2.93558e-05,3.41825e-05,3.49022e-05,3.13727e-05,2.39228e-05,1.32193e-05,0
0,1.0223e-05,1.85591e-05,2.40354e-05,2.60879e-05,2.44698e-05,1.93611e-05,1.13449e-05,1.27798e-06,-9.88958e-06,-2.12869e-05,-3.22285e-05,-4.21463e-05,-5.08454e-05,-5.84883e-05,-6.50107e-05,-7.03654e-05,-7.45159e-05,-7.74318e-05,-7.90859e-05,-7.94541e-05,-7.85184e-05,-7.62721e-05,-7.27269e-05,-6.79209e-05,-6.19258e-05,-5.48531e-05,-4.68565e-05,-3.8132e-05,-2.89137e-05,-1.9465e-05,-1.00681e-05,-1.00931e-06,7.43602e-06,1.50186e-05,2.1529e-05,2.68091e-05,3.07594e-05,3.33425e-05,3.45819e-05,3.45569e-05,3.33939e-05,3.12552e-05,2.83267e-05,2.48044e-05,2.08833e-05,1.67464e-05,1.25568e-05,8.45225e-06,4.54159e-06,9.04266e-07,-2.40874e-06,-5.37228e-06,-7.98336e-06,-1.02567e-05,-1.22199e-05,-1.39086e-05,-1.53616e-05,-1.66165e-05,-1.77059e-05,-1.8654e-05,-1.94745e-05,-2.01694e-05,-2.07286e-05,-2.11314e-05,-2.13478e-05,-2.1342e-05,-2.10761e-05,-2.05138e-05,-1.96256e-05,-1.83929e-05,-1.68126e-05,-1.49004e-05,-1.26948e-05,-1.02583e-05,-7.67822e-06,-5.06642e-06,-2.55623e-06,-2.98324e-07,1.54565e-06,2.81096e-06,3.33928e-06,2.98891e-06,1.64544e-06,-7.68228e-07,-4.28329e-06,-8.87864e-06,-1.44776e-05,-2.0948e-05,-2.81063e-05,-3.57254e-05,-4.35448e-05,-5.1284e-05,-5.86568e-05,-6.53846e-05,-7.121e-05,-7.59066e-05,-7.92869e-05,-8.12067e-05,-8.15666e-05,-8.03114e-05,-7.74276e-05,-7.29408e-05,-6.69125e-05,-5.94386e-05,-5.06476e-05,-4.06999e-05,-2.97867e-05,-1.81285e-05,-5.80811e-06,6.59951e-06,1.81544e-05,2.78999e-05,3.48757e-05,3.82841e-05,3.76666e-05,3.30089e-05,2.47253e-05,1.34985e-05,0
0,1.07494e-05,1.97724e-05,2.61862e-05,2.93979e-05,2.90676e-05,2.52466e-05,1.8386e-05,9.23465e-06,-1.3244e-06,-1.24442e-05,-2.34337e-05,-3.37291e-05,-4.30934e-05,-5.15974e-05,-5.91448e-05,-6.56544e-05,-7.10561e-05,-7.52881e-05,-7.82947e-05,-8.00263e-05,-8.0442e-05,-7.95139e-05,-7.72336e-05,-7.3619e-05,-6.87216e-05,-6.26319e-05,-5.54836e-05,-4.74537e-05,-3.87594e-05,-2.96521e-05,-2.04068e-05,-1.13097e-05,-2.6436e-06,5.32711e-06,1.23705e-05,1.82997e-05,2.29814e-05,2.6342e-05,2.83682e-05,2.91041e-05,2.86449e-05,2.71269e-05,2.47164e-05,2.15972e-05,1.79587e-05,1.3985e-05,9.84602e-06,5.69036e-06,1.64111e-06,-2.20631e-06,-5.78423e-06,-9.05102e-06,-1.19881e-05,-1.45959e-05,-1.68893e-05,-1.88931e-05,-2.06364e-05,-2.2149e-05,-2.34564e-05,-2.45774e-05,-2.55209e-05,-2.62852e-05,-2.68575e-05,-2.72157e-05,-2.73297e-05,-2.71658e-05,-2.66897e-05,-2.5872e-05,-2.46925e-05,-2.3145e-05,-2.12412e-05,-1.90145e-05,-1.6522e-05,-1.38454e-05,-1.10906e-05,-8.38509e-06,-5.87378e-06,-3.71346e-06,-2.06512e-06,-1.08533e-06,-9.16633e-07,-1.67767e-06,-3.45365e-06,-6.28795e-06,-1.01756e-05,-1.50592e-05,-2.08282e-05,-2.73213e-05,-3.43322e-05,-4.1619e-05,-4.89156e-05,-5.59444e-05,-6.24308e-05,-6.81152e-05,-7.27654e-05,-7.61849e-05,-7.82194e-05,-7.87601e-05,-7.77442e-05,-7.51533e-05,-7.10112e-05,-6.53805e-05,-5.83592e-05,-5.00786e-05,-4.06999e-05,-3.04123e-05,-1.94286e-05,-7.97978e-06,3.78642e-06,1.53004e-05,2.56905e-05,3.40702e-05,3.95806e-05,4.15528e-05,3.96638e-05,3.40134e-05,2.50807e-05,1.35453e-05,0
0,1.10462e-05,2.05492e-05,2.77317e-05,3.19928e-05,3.29198e-05,3.04485e-05,2.49001e-05,1.6906e-05,7.26326e-06,-3.23045e-06,-1.39064e-05,-2.42327e-05,-3.39567e-05,-4.30576e-05,-5.14108e-05,-5.89033e-05,-6.54321e-05,-7.09033e-05,-7.52309e-05,-7.83375e-05,-8.01563e-05,-8.06351e-05,-7.97421e-05,-7.74715e-05,-7.38509e-05,-6.89465e-05,-6.28673e-05,-5.57663e-05,-4.7839e-05,-3.93181e-05,-3.0465e-05,-2.1559e-05,-1.28832e-05,-4.71074e-06,2.70971e-06,9.16677e-06,1.44968e-05,1.85909e-05,2.13983e-05,2.29256e-05,2.32324e-05,2.24237e-05,2.06398e-05,1.80452e-05,1.48172e-05,1.11345e-05,7.16819e-06,3.0734e-06,-1.01569e-06,-4.98946e-06,-8.76391e-06,-1.22802e-05,-1.55022e-05,-1.84136e-05,-2.10137e-05,-2.33126e-05,-2.53271e-05,-2.70759e-05,-2.85755e-05,-2.98372e-05,-3.08649e-05,-3.16531e-05,-3.21879e-05,-3.24477e-05,-3.24054e-05,-3.20327e-05,-3.13032e-05,-3.01982e-05,-2.87105e-05,-2.68493e-05,-2.46436e-05,-2.21453e-05,-1.94299e-05,-1.65967e-05,-1.37665e-05,-1.10776e-05,-8.68097e-06,-6.73261e-06,-5.38571e-06,-4.78159e-06,-5.04041e-06,-6.25219e-06,-8.46882e-06,-1.16976e-05,-1.58968e-05,-2.09746e-05,-2.67899e-05,-3.31571e-05,-3.9854e-05,-4.6631e-05,-5.32238e-05,-5.93658e-05,-6.48009e-05,-6.92952e-05,-7.26473e-05,-7.46954e-05,-7.53222e-05,-7.44571e-05,-7.2076e-05,-6.81992e-05,-6.28883e-05,-5.62428e-05,-4.83966e-05,-3.9514e-05,-2.97867e-05,-1.94286e-05,-8.66994e-06,2.25397e-06,1.31439e-05,2.34751e-05,3.24705e-05,3.93328e-05,4.33153e-05,4.3879e-05,4.08261e-05,3.43515e-05,2.49764e-05,1.33573e-05,0
0,1.11012e-05,2.08575e-05,2.8609e-05,3.37675e-05,3.58709e-05,3.47584e-05,3.06306e-05,2.39993e-05,1.55616e-05,6.04459e-06,-3.93294e-06,-1.3906e-05,-2.36624e-05,-3.30635e-05,-4.19637e-05,-5.02215e-05,-5.77035e-05,-6.42846e-05,-6.98487e-05,-7.42897e-05,-7.75134e-05,-7.94414e-05,-8.00158e-05,-7.92048e-05,-7.70093e-05,-7.34675e-05,-6.86601e-05,-6.27117e-05,-5.57905e-05,-4.8105e-05,-3.98963e-05,-3.14294e-05,-2.29806e-05,-1.48244e-05,-7.21954e-06,-3.95862e-07,5.45684e-06,1.01975e-05,1.3739e-05,1.60496e-05,1.71509e-05,1.71122e-05,1.60429e-05,1.4082e-05,1.13881e-05,8.12813e-06,4.46835e-06,5.65494e-07,-3.4394e-06,-7.42538e-06,-1.12939e-05,-1.49695e-05,-1.83982e-05,-2.15458e-05,-2.4394e-05,-2.69366e-05,-2.91757e-05,-3.11168e-05,-3.2766e-05,-3.41264e-05,-3.51958e-05,-3.5966e-05,-3.64226e-05,-3.65466e-05,-3.63165e-05,-3.57119e-05,-3.47176e-05,-3.33281e-05,-3.15519e-05,-2.94154e-05,-2.69658e-05,-2.42727e-05,-2.14288e-05,-1.85475e-05,-1.57601e-05,-1.32108e-05,-1.10497e-05,-9.42541e-06,-8.47644e-06,-8.32241e-06,-9.05555e-06,-1.0733e-05,-1.33708e-05,-1.69394e-05,-2.13616e-05,-2.6514e-05,-3.22299e-05,-3.83058e-05,-4.45104e-05,-5.05947e-05,-5.6304e-05,-6.13901e-05,-6.56225e-05,-6.87992e-05,-7.07546e-05,-7.13657e-05,-7.05554e-05,-6.82935e-05,-6.45955e-05,-5.95207e-05,-5.31681e-05,-4.56725e-05,-3.72007e-05,-2.7947e-05,-1.81285e-05,-7.97978e-06,2.25397e-06,1.2327e-05,2.20007e-05,3.08702e-05,3.82712e-05,4.35073e-05,4.59487e-05,4.51795e-05,4.11109e-05,3.40095e-05,2.44138e-05,1.29395e-05,0
0,1.09107e-05,2.06822e-05,2.87784e-05,3.46434e-05,3.77916e-05,3.79896e-05,3.53337e-05,3.0222e-05,2.32465e-05,1.5048e-05,6.17645e-06,-3.0423e-06,-1.24009e-05,-2.17135e-05,-3.08039e-05,-3.95034e-05,-4.76509e-05,-5.50933e-05,-6.16865e-05,-6.72968e-05,-7.18033e-05,-7.51007e-05,-7.71044e-05,-7.7755e-05,-7.70243e-05,-7.49207e-05,-7.14931e-05,-6.68338e-05,-6.10794e-05,-5.44078e-05,-4.70338e-05,-3.92006e-05,-3.11699e-05,-2.32094e-05,-1.558e-05,-8.52299e-06,-2.24796e-06,3.07651e-06,7.32993e-06,1.04434e-05,1.23995e-05,1.32297e-05,1.30077e-05,1.1842e-05,9.86582e-06,7.22811e-06,4.08345e-06,5.83861e-07,-3.12822e-06,-6.92519e-06,-1.06976e-05,-1.43558e-05,-1.78299e-05,-2.10682e-05,-2.40351e-05,-2.67077e-05,-2.90723e-05,-3.11213e-05,-3.28491e-05,-3.42503e-05,-3.53171e-05,-3.60387e-05,-3.64016e-05,-3.63905e-05,-3.59909e-05,-3.51927e-05,-3.39931e-05,-3.24014e-05,-3.04424e-05,-2.81594e-05,-2.56167e-05,-2.28995e-05,-2.01134e-05,-1.73816e-05,-1.48399e-05,-1.26313e-05,-1.08982e-05,-9.7747e-06,-9.37781e-06,-9.79969e-06,-1.11001e-05,-1.33006e-05,-1.63802e-05,-2.02735e-05,-2.48712e-05,-3.00228e-05,-3.55424e-05,-4.12163e-05,-4.6812e-05,-5.20893e-05,-5.68116e-05,-6.07564e-05,-6.37257e-05,-6.55549e-05,-6.61186e-05,-6.53358e-05,-6.31712e-05,-5.96358e-05,-5.47849e-05,-4.87148e-05,-4.15592e-05,-3.34849e-05,-2.46865e-05,-1.53822e-05,-5.80811e-06,3.78642e-06,1.31439e-05,2.20007e-05,3.00816e-05,3.72337e-05,4.28826e-05,4.64363e-05,4.73779e-05,4.54007e-05,4.05025e-05,3.29948e-05,2.34093e-05,1.23042e-05,0
0,1.048e-05,2.00254e-05,2.82249e-05,3.45725e-05,3.8585e-05,3.99843e-05,3.87862e-05,3.52894e-05,2.9985e-05,2.34215e-05,1.59705e-05,7.85347e-06,-7.1726e-07,-9.5412e-06,-1.8426e-05,-2.71851e-05,-3.56379e-05,-4.36101e-05,-5.09354e-05,-5.74568e-05,-6.30295e-05,-6.75239e-05,-7.08298e-05,-7.28609e-05,-7.35601e-05,-7.29045e-05,-7.09099e-05,-6.76339e-05,-6.31771e-05,-5.76826e-05,-5.13322e-05,-4.43403e-05,-3.69455e-05,-2.93999e-05,-2.19575e-05,-1.48616e-05,-8.33346e-06,-2.56166e-06,2.30567e-06,6.1663e-06,8.96609e-06,1.0698e-05,1.13986e-05,1.11414e-05,1.00298e-05,8.1881e-06,5.7529e-06,2.86467e-06,-3.39273e-07,-3.73062e-06,-7.19424e-06,-1.06307e-05,-1.39574e-05,-1.7108e-05,-2.00314e-05,-2.2689e-05,-2.50527e-05,-2.71014e-05,-2.8819e-05,-3.01918e-05,-3.12069e-05,-3.18517e-05,-3.21141e-05,-3.19839e-05,-3.14547e-05,-3.05268e-05,-2.92107e-05,-2.75302e-05,-2.55253e-05,-2.32546e-05,-2.07958e-05,-1.82456e-05,-1.57175e-05,-1.33377e-05,-1.12399e-05,-9.55842e-06,-8.42085e-06,-7.93992e-06,-8.20571e-06,-9.27867e-06,-1.11838e-05,-1.39064e-05,-1.73905e-05,-2.15386e-05,-2.62146e-05,-3.12487e-05,-3.6444e-05,-4.15852e-05,-4.64484e-05,-5.08111e-05,-5.44628e-05,-5.7214e-05,-5.89052e-05,-5.94132e-05,-5.86559e-05,-5.65955e-05,-5.32386e-05,-4.86356e-05,-4.28785e-05,-3.60966e-05,-2.84528e-05,-2.01384e-05,-1.1368e-05,-2.37378e-06,6.59951e-06,1.53004e-05,2.34751e-05,3.08702e-05,3.72337e-05,4.2321e-05,4.61131e-05,4.79893e-05,4.75313e-05,4.452e-05,3.90123e-05,3.13363e-05,2.19929e-05,1.14705e-05,0
0,9.82325e-06,1.8907e-05,2.696e-05,3.35397e-05,3.81907e-05,4.06203e-05,4.07927e-05,3.89311e-05,3.5441e-05,3.06577e-05,2.47828e-05,1.8011e-05,1.05364e-05,2.55123e-06,-5.75359e-06,-1.41881e-05,-2.25643e-05,-3.06971e-05,-3.84068e-05,-4.5521e-05,-5.18774e-05,-5.73272e-05,-6.1739e-05,-6.50027e-05,-6.70349e-05,-6.77831e-05,-6.72303e-05,-6.53987e-05,-6.23514e-05,-5.81931e-05,-5.30678e-05,-4.71548e-05,-4.06619e-05,-3.38162e-05,-2.68547e-05,-2.00124e-05,-1.35116e-05,-7.55119e-06,-2.29804e-06,2.11955e-06,5.61583e-06,8.14874e-06,9.71826e-06,1.03624e-05,1.01516e-05,9.18106e-06,7.56376e-06,5.42239e-06,2.88255e-06,6.66806e-08,-2.91059e-06,-5.94577e-06,-8.94847e-06,-1.1842e-05,-1.45631e-05,-1.70607e-05,-1.92941e-05,-2.12311e-05,-2.28461e-05,-2.41184e-05,-2.50311e-05,-2.55707e-05,-2.57274e-05,-2.54964e-05,-2.48793e-05,-2.38871e-05,-2.25422e-05,-2.08812e-05,-1.89569e-05,-1.68389e-05,-1.46142e-05,-1.2385e-05,-1.02661e-05,-8.37989e-06,-6.85042e-06,-5.7967e-06,-5.32512e-06,-5.52212e-06,-6.44736e-06,-8.12812e-06,-1.05552e-05,-1.36809e-05,-1.7419e-05,-2.16471e-05,-2.62107e-05,-3.09302e-05,-3.5608e-05,-4.00377e-05,-4.40133e-05,-4.7339e-05,-4.98375e-05,-5.13584e-05,-5.17843e-05,-5.10358e-05,-4.90746e-05,-4.59042e-05,-4.15704e-05,-3.61584e-05,-2.97905e-05,-2.26217e-05,-1.48349e-05,-6.63603e-06,1.7521e-06,1.00954e-05,1.81544e-05,2.56905e-05,3.24705e-05,3.82712e-05,4.28826e-05,4.61131e-05,4.77896e-05,4.80651e-05,4.63712e-05,4.25477e-05,3.66794e-05,2.9083e-05,2.02077e-05,1.04637e-05,0
0,8.96263e-06,1.73641e-05,2.50215e-05,3.15654e-05,3.65899e-05,3.98178e-05,4.11944e-05,4.08987e-05,3.91502e-05,3.60804e-05,3.18309e-05,2.65523e-05,2.04042e-05,1.35536e-05,6.1743e-06,-1.55513e-06,-9.45267e-06,-1.73352e-05,-2.50208e-05,-3.23321e-05,-3.90985e-05,-4.51602e-05,-5.03717e-05,-5.46054e-05,-5.77567e-05,-5.97479e-05,-6.05329e-05,-6.01004e-05,-5.84769e-05,-5.57281e-05,-5.19577e-05,-4.73055e-05,-4.19418e-05,-3.60613e-05,-2.98741e-05,-2.35963e-05,-1.74395e-05,-1.16016e-05,-6.25717e-06,-1.55055e-06,2.40935e-06,5.55187e-06,7.84489e-06,9.29286e-06,9.93289e-06,9.82933e-06,9.06757e-06,7.7474e-06,5.97662e-06,3.86527e-06,1.5207e-06,-9.56129e-07,-3.47333e-06,-5.94956e-06,-8.31462e-06,-1.05092e-05,-1.24839e-05,-1.41987e-05,-1.5621e-05,-1.67253e-05,-1.7492e-05,-1.79078e-05,-1.79656e-05,-1.76656e-05,-1.70171e-05,-1.60396e-05,-1.47652e-05,-1.32399e-05,-1.15245e-05,-9.69488e-06,-7.84069e-06,-6.06306e-06,-4.47075e-06,-3.17507e-06,-2.28388e-06,-1.89489e-06,-2.08888e-06,-2.92329e-06,-4.42675e-06,-6.59508e-06,-9.38897e-06,-1.27338e-05,-1.65214e-05,-2.06139e-05,-2.48497e-05,-2.90501e-05,-3.30277e-05,-3.65952e-05,-3.95735e-05,-4.18004e-05,-4.31375e-05,-4.34764e-05,-4.27428e-05,-4.09003e-05,-3.79509e-05,-3.39354e-05,-2.89315e-05,-2.30518e-05,-1.64396e-05,-9.26484e-06,-1.71918e-06,5.98964e-06,1.36435e-05,2.10203e-05,2.78999e-05,3.40702e-05,3.93328e-05,4.35073e-05,4.64363e-05,4.79893e-05,4.80651e-05,4.65953e-05,4.38962e-05,3.95268e-05,3.35692e-05,2.63022e-05,1.81076e-05,9.31394e-06,0
0,7.92753e-06,1.54487e-05,2.24724e-05,2.87054e-05,3.38085e-05,3.75467e-05,3.98789e-05,4.08791e-05,4.05792e-05,3.9039e-05,3.63399e-05,3.25818e-05,2.78812e-05,2.23695e-05,1.61907e-05,9.49966e-06,2.45966e-06,-4.76057e-06,-1.19895e-05,-1.90561e-05,-2.57927e-05,-3.20387e-05,-3.7644e-05,-4.24725e-05,-4.64063e-05,-4.93501e-05,-5.12347e-05,-5.20211e-05,-5.17031e-05,-5.03098e-05,-4.79057e-05,-4.45894e-05,-4.04909e-05,-3.57663e-05,-3.05913e-05,-2.51533e-05,-1.96429e-05,-1.42446e-05,-9.12874e-06,-4.444e-06,-3.11581e-07,3.17864e-06,5.96995e-06,8.03855e-06,9.39145e-06,1.00628e-05,1.01094e-05,9.60497e-06,8.63512e-06,7.29185e-06,5.66901e-06,3.85833e-06,1.9465e-06,1.29792e-08,-1.8712e-06,-3.64405e-06,-5.25269e-06,-6.65297e-06,-7.80913e-06,-8.69329e-06,-9.28525e-06,-9.57258e-06,-9.551e-06,-9.22516e-06,-8.60965e-06,-7.73015e-06,-6.62445e-06,-5.34311e-06,-3.94959e-06,-2.51934e-06,-1.13805e-06,1.01403e-07,1.10303e-06,1.77278e-06,2.02425e-06,1.78468e-06,1.00072e-06,-3.5643e-07,-2.28712e-06,-4.76074e-06,-7.71516e-06,-1.1058e-05,-1.46697e-05,-1.84086e-05,-2.21173e-05,-2.56295e-05,-2.87783e-05,-3.14038e-05,-3.33607e-05,-3.45247e-05,-3.47981e-05,-3.41139e-05,-3.24386e-05,-2.97734e-05,-2.61544e-05,-2.16508e-05,-1.63632e-05,-1.04202e-05,-3.97469e-06,2.80095e-06,9.71949e-06,1.65844e-05,2.31957e-05,2.93558e-05,3.48757e-05,3.95806e-05,4.33153e-05,4.59487e-05,4.73779e-05,4.75313e-05,4.63712e-05,4.38962e-05,4.01448e-05,3.55347e-05,2.97718e-05,2.30774e-05,1.57553e-05,8.05489e-06,0
0,6.75274e-06,1.32261e-05,1.93988e-05,2.50514e-05,2.99213e-05,3.3835e-05,3.67473e-05,3.86005e-05,3.93714e-05,3.90655e-05,3.7713e-05,3.53663e-05,3.20983e-05,2.80004e-05,2.31809e-05,1.77625e-05,1.18799e-05,5.67689e-06,-6.96274e-07,-7.08625e-06,-1.33396e-05,-1.9306e-05,-2.48415e-05,-2.9812e-05,-3.40968e-05,-3.75923e-05,-4.02154e-05,-4.19078e-05,-4.26383e-05,-4.24053e-05,-4.12385e-05,-3.91981e-05,-3.63737e-05,-3.28811e-05,-2.8857e-05,-2.44536e-05,-1.98311e-05,-1.51507e-05,-1.05666e-05,-6.21988e-06,-2.23198e-06,1.29926e-06,4.30252e-06,6.73402e-06,8.57698e-06,9.83952e-06,1.05516e-05,1.0761e-05,1.05292e-05,9.9265e-06,9.02866e-06,7.91265e-06,6.65384e-06,5.32358e-06,3.98754e-06,2.70446e-06,1.52558e-06,4.94252e-07,-3.54196e-07,-9.92502e-07,-1.4016e-06,-1.57084e-06,-1.49843e-06,-1.1919e-06,-6.68806e-07,4.27846e-08,9.03891e-07,1.86469e-06,2.86514e-06,3.83645e-06,4.7033e-06,5.38703e-06,5.80967e-06,5.89852e-06,5.59118e-06,4.84047e-06,3.61895e-06,1.92267e-06,-2.26419e-07,-2.77939e-06,-5.66108e-06,-8.77237e-06,-1.19942e-05,-1.51927e-05,-1.82256e-05,-2.09491e-05,-2.32244e-05,-2.4925e-05,-2.59421e-05,-2.61899e-05,-2.56091e-05,-2.41696e-05,-2.18717e-05,-1.87458e-05,-1.48516e-05,-1.02757e-05,-5.12952e-06,4.54975e-07,6.32846e-06,1.23289e-05,1.8286e-05,2.40267e-05,2.93799e-05,3.41825e-05,3.82841e-05,4.15528e-05,4.3879e-05,4.51795e-05,4.54007e-05,4.452e-05,4.25477e-05,3.95268e-05,3.55347e-05,3.06829e-05,2.54003e-05,1.95043e-05,1.3219e-05,6.72206e-06,0
0,5.47614e-06,1.07702e-05,1.59057e-05,2.0729e-05,2.50542e-05,2.87813e-05,3.18049e-05,3.4047e-05,3.54553e-05,3.60012e-05,3.5679e-05,3.45038e-05,3.25112e-05,2.97555e-05,2.63087e-05,2.22586e-05,1.77063e-05,1.27643e-05,7.55335e-06,2.20014e-06,-3.1657e-06,-8.41438e-06,-1.34188e-05,-1.80576e-05,-2.2218e-05,-2.57992e-05,-2.87156e-05,-3.08998e-05,-3.23055e-05,-3.29102e-05,-3.27163e-05,-3.17522e-05,-3.00716e-05,-2.77519e-05,-2.48906e-05,-2.16017e-05,-1.801e-05,-1.42453e-05,-1.04369e-05,-6.70701e-06,-3.16604e-06,9.18929e-08,2.99209e-06,5.48104e-06,7.52696e-06,9.11899e-06,1.02654e-05,1.09911e-05,1.13344e-05,1.13436e-05,1.1074e-05,1.05844e-05,9.93455e-06,9.18286e-06,8.3844e-06,7.58959e-06,6.84316e-06,6.1834e-06,5.64167e-06,5.24199e-06,5.00068e-06,4.92609e-06,5.0182e-06,5.26831e-06,5.65876e-06,6.16282e-06,6.74481e-06,7.36067e-06,7.95904e-06,8.4829e-06,8.87199e-06,9.06571e-06,9.00672e-06,8.64477e-06,7.94067e-06,6.87005e-06,5.42658e-06,3.62429e-06,1.49883e-06,-8.92649e-07,-3.47298e-06,-6.14779e-06,-8.80958e-06,-1.13427e-05,-1.36289e-05,-1.55532e-05,-1.70098e-05,-1.79067e-05,-1.81708e-05,-1.77508e-05,-1.66194e-05,-1.47751e-05,-1.22414e-05,-9.06637e-06,-5.32085e-06,-1.09599e-06,3.49955e-06,8.34295e-06,1.33008e-05,1.82329e-05,2.29965e-05,2.74506e-05,3.14606e-05,3.49022e-05,3.76666e-05,3.96638e-05,4.08261e-05,4.11109e-05,4.05025e-05,3.90123e-05,3.66794e-05,3.35692e-05,2.97718e-05,2.54003e-05,2.05867e-05,1.56869e-05,1.05687e-05,5.35045e-06,0
0,4.13548e-06,8.15822e-06,1.21114e-05,1.58933e-05,1.94163e-05,2.25788e-05,2.52901e-05,2.74747e-05,2.90735e-05,3.00443e-05,3.03622e-05,3.00194e-05,2.9025e-05,2.74044e-05,2.51986e-05,2.24627e-05,1.92649e-05,1.56839e-05,1.18076e-05,7.73072e-06,3.55232e-06,-6.2607e-07,-4.70292e-06,-8.57905e-06,-1.21601e-05,-1.53589e-05,-1.80983e-05,-2.03136e-05,-2.19551e-05,-2.299e-05,-2.34046e-05,-2.32047e-05,-2.24159e-05,-2.10834e-05,-1.92693e-05,-1.70507e-05,-1.45157e-05,-1.17596e-05,-8.87998e-06,-5.97284e-06,-3.12787e-06,-4.25e-07,2.06857e-06,4.30036e-06,6.23363e-06,7.8475e-06,9.13613e-06,1.01073e-05,1.07803e-05,1.11838e-05,1.13533e-05,1.1329e-05,1.11531e-05,1.08682e-05,1.05156e-05,1.01339e-05,9.75787e-06,9.41747e-06,9.13741e-06,8.93651e-06,8.82729e-06,8.81562e-06,8.90048e-06,9.07376e-06,9.32024e-06,9.61774e-06,9.93752e-06,1.02451e-05,1.05012e-05,1.06639e-05,1.06901e-05,1.05381e-05,1.01709e-05,9.55855e-06,8.68103e-06,7.5311e-06,6.11607e-06,4.45914e-06,2.59965e-06,5.92431e-07,-1.494e-06,-3.58017e-06,-5.57923e-06,-7.40108e-06,-8.95692e-06,-1.01637e-05,-1.09482e-05,-1.12511e-05,-1.10293e-05,-1.02586e-05,-8.93424e-06,-7.07166e-06,-4.70542e-06,-1.88816e-06,1.31139e-06,4.81066e-06,8.51588e-06,1.23249e-05,1.61303e-05,1.98224e-05,2.32925e-05,2.64365e-05,2.91583e-05,3.13727e-05,3.30089e-05,3.40134e-05,3.43515e-05,3.40095e-05,3.29948e-05,3.13363e-05,2.9083e-05,2.63022e-05,2.30774e-05,1.95043e-05,1.56869e-05,1.17308e-05,7.87077e-06,3.97173e-06,0
0,2.76402e-06,5.46337e-06,8.13821e-06,1.07524e-05,1.32438e-05,1.5546e-05,1.75944e-05,1.93312e-05,2.07073e-05,2.16839e-05,2.2233e-05,2.23385e-05,2.19959e-05,2.12124e-05,2.00066e-05,1.84078e-05,1.64552e-05,1.41965e-05,1.16872e-05,8.98844e-06,6.16597e-06,3.28854e-06,4.26236e-07,-2.35111e-06,-4.97563e-06,-7.38321e-06,-9.51528e-06,-1.13207e-05,-1.27576e-05,-1.37948e-05,-1.44135e-05,-1.46079e-05,-1.43859e-05,-1.37688e-05,-1.27906e-05,-1.14962e-05,-9.93965e-06,-8.18162e-06,-6.28632e-06,-4.31861e-06,-2.34113e-06,-4.11564e-07,1.41952e-06,3.11038e-06,4.62918e-06,5.9544e-06,7.07469e-06,7.9882e-06,8.70148e-06,9.22816e-06,9.58739e-06,9.80232e-06,9.89854e-06,9.90267e-06,9.84118e-06,9.73923e-06,9.61982e-06,9.50302e-06,9.4054e-06,9.33954e-06,9.31366e-06,9.33134e-06,9.39134e-06,9.48757e-06,9.60912e-06,9.74051e-06,9.86218e-06,9.95114e-06,9.98198e-06,9.9281e-06,9.76326e-06,9.46329e-06,9.00796e-06,8.38288e-06,7.58122e-06,6.60523e-06,5.46725e-06,4.19023e-06,2.80758e-06,1.36227e-06,-9.46369e-08,-1.50618e-06,-2.81213e-06,-3.95192e-06,-4.86775e-06,-5.50754e-06,-5.82766e-06,-5.79516e-06,-5.38948e-06,-4.60345e-06,-3.44373e-06,-1.93051e-06,-9.68023e-08,2.01287e-06,4.344e-06,6.83395e-06,9.41394e-06,1.20111e-05,1.45508e-05,1.69587e-05,1.91629e-05,2.10966e-05,2.27001e-05,2.39228e-05,2.47253e-05,2.50807e-05,2.49764e-05,2.44138e-05,2.34093e-05,2.19929e-05,2.02077e-05,1.81076e-05,1.57553e-05,1.3219e-05,1.05687e-05,7.87077e-06,5.18142e-06,2.61057e-06,0
0,1.38441e-06,2.74413e-06,4.10561e-06,5.45223e-06,6.75627e-06,7.98514e-06,9.10551e-06,1.0086e-05,1.08986e-05,1.15201e-05,1.19326e-05,1.21235e-05,1.20868e-05,1.18219e-05,1.13347e-05,1.06365e-05,9.74413e-06,8.67929e-06,7.46791e-06,6.1395e-06,4.72641e-06,3.2631e-06,1.78525e-06,3.29015e-07,-1.06991e-06,-2.37721e-06,-3.56088e-06,-4.5922e-06,-5.44672e-06,-6.10515e-06,-6.55413e-06,-6.78681e-06,-6.80322e-06,-6.61033e-06,-6.22174e-06,-5.65714e-06,-4.94131e-06,-4.10302e-06,-3.17361e-06,-2.18553e-06,-1.17086e-06,-1.59909e-07,8.1998e-07,1.74541e-06,2.5976e-06,3.36277e-06,4.03215e-06,4.60185e-06,5.07237e-06,5.44804e-06,5.7363e-06,5.94692e-06,6.09127e-06,6.18159e-06,6.23031e-06,6.24947e-06,6.2502e-06,6.24232e-06,6.23394e-06,6.23122e-06,6.23813e-06,6.2563e-06,6.28495e-06,6.32084e-06,6.35839e-06,6.38982e-06,6.40546e-06,6.39415e-06,6.34382e-06,6.24216e-06,6.0774e-06,5.83925e-06,5.51976e-06,5.11425e-06,4.62214e-06,4.04752e-06,3.39962e-06,2.69288e-06,1.94675e-06,1.1851e-06,4.3532e-07,-2.7285e-07,-9.08729e-07,-1.44222e-06,-1.84537e-06,-2.09381e-06,-2.16809e-06,-2.05469e-06,-1.74673e-06,-1.24442e-06,-5.55027e-07,3.07312e-07,1.32219e-06,2.46364e-06,3.7011e-06,5.00039e-06,6.32485e-06,7.63641e-06,8.89681e-06,1.00687e-05,1.11167e-05,1.20089e-05,1.27172e-05,1.32193e-05,1.34985e-05,1.35453e-05,1.33573e-05,1.29395e-05,1.23042e-05,1.14705e-05,1.04637e-05,9.31394e-06,8.05489e-06,6.72206e-06,5.35045e-06,3.97173e-06,2.61057e-06,1.2801e-06,0
0,0,0,0,0,0,0,0,0,0,0,0,0,0,0,0,0,0,0,0,0,0,0,0,0,0,0,0,0,0,0,0,0,0,0,0,0,0,0,0,0,0,0,0,0,0,0,0,0,0,0,0,0,0,0,0,0,0,0,0,0,0,0,0,0,0,0,0,0,0,0,0,0,0,0,0,0,0,0,0,0,0,0,0,0,0,0,0,0,0,0,0,0,0,0,0,0,0,0,0,0,0,0,0,0,0,0,0,0,0,0,0,0,0,0,0,0,0,0,0
