0,0,0,0,0,0,0,0,0,0,0,0,0,0,0,0,0,0,0,0,0,0,0,0,0,0,0,0,0,0,0,0,0,0,0,0,0,0,0,0,0,0,0,0,0,0,0,0,0,0,0,0,0,0,0,0,0,0,0,0,0,0,0,0,0,0,0,0,0,0,0,0,0,0,0,0,0,0,0,0,0,0,0,0,0,0,0,0,0,0,0,0,0,0,0,0,0,0,0,0,0,0,0,0,0,0,0,0,0,0,0,0,0,0,0,0,0,0,0,0
0,0,0,0,0,0,0,0,0,0,0,0,0,0,0,0,0,0,0,0,0,0,0,0,0,0,0,0,0,0,0,0,0,0,0,0,0,0,0,2.93809e-50,1.23352e-48,3.61179e-47,7.48149e-46,1.14688e-44,1.35861e-43,1.28142e-42,9.82954e-42,6.23086e-41,3.3049e-40,1.48175e-39,5.66402e-39,1.85985e-38,5.28172e-38,1.30531e-37,2.8234e-37,5.37272e-37,9.03569e-37,1.3482e-36,1.79026e-36,2.12039e-36,2.24311e-36,2.12039e-36,1.79026e-36,1.3482e-36,9.03569e-37,5.37272e-37,2.8234e-37,1.30531e-37,5.28172e-38,1.85985e-38,5.66402e-39,1.48175e-39,3.3049e-40,6.23086e-41,9.82954e-42,1.28142e-42,1.35861e-43,1.14688e-44,7.48149e-46,3.61179e-47,1.23352e-48,2.93809e-50,0,0,0,0,0,0,0,0,0,0,0,0,0,0,0,0,0,0,0,0,0,0,0,0,0,0,0,0,0,0,0,0,0,0,0,0,0,0
0,0,0,0,0,0,0,0,0,0,0,0,0,0,0,0,0,0,0,0,0,0,0,0,0,0,0,0,0,0,0,0,0,0,0,0,0,0,7.25113e-50,3.19441e-48,9.82375e-47,2.14247e-45,3.46612e-44,4.34383e-43,4.34534e-42,3.54451e-41,2.39564e-40,1.35849e-39,6.52935e-39,2.68272e-38,9.49318e-38,2.91271e-37,7.79666e-37,1.83119e-36,3.79368e-36,6.96576e-36,1.13837e-35,1.66169e-35,2.17266e-35,2.54976e-35,2.6891e-35,2.54976e-35,2.17266e-35,1.66169e-35,1.13837e-35,6.96576e-36,3.79368e-36,1.83119e-36,7.79666e-37,2.91271e-37,9.49318e-38,2.68272e-38,6.52935e-39,1.35849e-39,2.39564e-40,3.54451e-41,4.34534e-42,4.34383e-43,3.46612e-44,2.14247e-45,9.82375e-47,3.19441e-48,7.25113e-50,0,0,0,0,0,0,0,0,0,0,0,0,0,0,0,0,0,0,0,0,0,0,0,0,0,0,0,0,0,0,0,0,0,0,0,0,0
0,0,0,0,0,0,0,0,0,0,0,0,0,0,0,0,0,0,0,0,0,0,0,0,0,0,0,0,0,0,0,0,0,0,0,0,0,1.63172e-49,7.52909e-48,2.42617e-46,5.55767e-45,9.4641e-44,1.25113e-42,1.32321e-41,1.1438e-40,8.21186e-40,4.95843e-39,2.5437e-38,1.11817e-37,4.24308e-37,1.39918e-36,4.03402e-36,1.0227e-35,2.29202e-35,4.56334e-35,8.10727e-35,1.29029e-34,1.84561e-34,2.37881e-34,2.76799e-34,2.91102e-34,2.76799e-34,2.37881e-34,1.84561e-34,1.29029e-34,8.10727e-35,4.56334e-35,2.29202e-35,1.0227e-35,4.03402e-36,1.39918e-36,4.24308e-37,1.11817e-37,2.5437e-38,4.95843e-39,8.21186e-40,1.1438e-40,1.32321e-41,1.25113e-42,9.4641e-44,5.55767e-45,2.42617e-46,7.52909e-48,1.63172e-49,0,0,0,0,0,0,0,0,0,0,0,0,0,0,0,0,0,0,0,0,0,0,0,0,0,0,0,0,0,0,0,0,0,0,0,0
0,0,0,0,0,0,0,0,0,0,0,0,0,0,0,0,0,0,0,0,0,0,0,0,0,0,0,0,0,0,0,0,0,0,0,0,3.35715e-49,1.6198e-47,5.45894e-46,1.31073e-44,2.34418e-43,3.26113e-42,3.63704e-41,3.32238e-40,2.52617e-39,1.61897e-38,8.83451e-38,4.13974e-37,1.67803e-36,5.92255e-36,1.83113e-35,4.9875e-35,1.20311e-34,2.58314e-34,4.95919e-34,8.54855e-34,1.3279e-33,1.86441e-33,2.3717e-33,2.73824e-33,2.87226e-33,2.73824e-33,2.3717e-33,1.86441e-33,1.3279e-33,8.54855e-34,4.95919e-34,2.58314e-34,1.20311e-34,4.9875e-35,1.83113e-35,5.92255e-36,1.67803e-36,4.13974e-37,8.83451e-38,1.61897e-38,2.52617e-39,3.32238e-40,3.63704e-41,3.26113e-42,2.34418e-43,1.31073e-44,5.45894e-46,1.6198e-47,3.35716e-49,0,0,0,0,0,0,0,0,0,0,0,0,0,0,0,0,0,0,0,0,0,0,0,0,0,0,0,0,0,0,0,0,0,0,0
0,0,0,0,0,0,0,0,0,0,0,0,0,0,0,0,0,0,0,0,0,0,0,0,0,0,0,0,0,0,0,0,0,0,0,6.33194e-49,3.18983e-47,1.12236e-45,2.81938e-44,5.28506e-43,7.72046e-42,9.05875e-41,8.72304e-40,7.00561e-39,4.75183e-38,2.74986e-37,1.36917e-36,5.90825e-36,2.22396e-35,7.34581e-35,2.14095e-34,5.53497e-34,1.27564e-33,2.63315e-33,4.88913e-33,8.19739e-33,1.24528e-32,1.71879e-32,2.16024e-32,2.47624e-32,2.59125e-32,2.47624e-32,2.16024e-32,1.71879e-32,1.24528e-32,8.19739e-33,4.88913e-33,2.63315e-33,1.27564e-33,5.53497e-34,2.14095e-34,7.34581e-35,2.22396e-35,5.90825e-36,1.36917e-36,2.74986e-37,4.75183e-38,7.00561e-39,8.72304e-40,9.05875e-41,7.72046e-42,5.28506e-43,2.81938e-44,1.12237e-45,3.18985e-47,6.33202e-49,0,0,0,0,0,0,0,0,0,0,0,0,0,0,0,0,0,0,0,0,0,0,0,0,0,0,0,0,0,0,0,0,0,0
0,0,0,0,0,0,0,0,0,0,0,0,0,0,0,0,0,0,0,0,0,0,0,0,0,0,0,0,0,0,0,0,0,0,1.09772e-48,5.76586e-47,2.11476e-45,5.54817e-44,1.08811e-42,1.66583e-41,2.05208e-40,2.07836e-39,1.75884e-38,1.25944e-37,7.70839e-37,4.0666e-36,1.86256e-35,7.45369e-35,2.62149e-34,8.14718e-34,2.24904e-33,5.542e-33,1.22477e-32,2.43822e-32,4.39015e-32,7.17532e-32,1.06787e-31,1.45091e-31,1.8034e-31,2.05356e-31,2.14422e-31,2.05356e-31,1.8034e-31,1.45091e-31,1.06787e-31,7.17532e-32,4.39015e-32,2.43822e-32,1.22477e-32,5.542e-33,2.24904e-33,8.14718e-34,2.62149e-34,7.45369e-35,1.86256e-35,4.0666e-36,7.70839e-37,1.25944e-37,1.75884e-38,2.07836e-39,2.05208e-40,1.66584e-41,1.08811e-42,5.54819e-44,2.11477e-45,5.76596e-47,1.09776e-48,0,0,0,0,0,0,0,0,0,0,0,0,0,0,0,0,0,0,0,0,0,0,0,0,0,0,0,0,0,0,0,0,0
0,0,0,0,0,0,0,0,0,0,0,0,0,0,0,0,0,0,0,0,0,0,0,0,0,0,0,0,0,0,0,0,0,1.75382e-48,9.59289e-47,3.66223e-45,1.00189e-43,2.0523e-42,3.28699e-41,4.24301e-40,4.51075e-39,4.01376e-38,3.02725e-37,1.95491e-36,1.08997e-35,5.28464e-35,2.24214e-34,8.37226e-34,2.76614e-33,8.12755e-33,2.1341e-32,5.03119e-32,1.06968e-31,2.05952e-31,3.60462e-31,5.75441e-31,8.40341e-31,1.1253e-30,1.38441e-30,1.56684e-30,1.6327e-30,1.56684e-30,1.38441e-30,1.1253e-30,8.40341e-31,5.75441e-31,3.60462e-31,2.05952e-31,1.06968e-31,5.03119e-32,2.1341e-32,8.12755e-33,2.76614e-33,8.37226e-34,2.24214e-34,5.28464e-35,1.08997e-35,1.95491e-36,3.02725e-37,4.01376e-38,4.51075e-39,4.24301e-40,3.287e-41,2.05231e-42,1.0019e-43,3.66232e-45,9.59336e-47,1.75398e-48,0,0,0,0,0,0,0,0,0,0,0,0,0,0,0,0,0,0,0,0,0,0,0,0,0,0,0,0,0,0,0,0
0,0,0,0,0,0,0,0,0,0,0,0,0,0,0,0,0,0,0,0,0,0,0,0,0,0,0,0,0,0,0,0,2.58937e-48,1.47313e-46,5.84593e-45,1.66527e-43,3.55746e-42,5.95095e-41,8.03571e-40,8.95056e-39,8.35802e-38,6.62604e-37,4.50488e-36,2.64854e-35,1.35612e-34,6.08498e-34,2.40617e-33,8.42888e-33,2.62871e-32,7.33356e-32,1.83862e-31,4.16097e-31,8.53594e-31,1.59355e-30,2.71696e-30,4.24405e-30,6.09026e-30,8.04678e-30,9.80612e-30,1.10358e-29,1.14781e-29,1.10358e-29,9.80612e-30,8.04678e-30,6.09026e-30,4.24405e-30,2.71696e-30,1.59355e-30,8.53594e-31,4.16097e-31,1.83862e-31,7.33356e-32,2.62871e-32,8.42888e-33,2.40617e-33,6.08498e-34,1.35612e-34,2.64854e-35,4.50488e-36,6.62604e-37,8.35803e-38,8.95057e-39,8.03573e-40,5.95099e-41,3.55751e-42,1.66532e-43,5.84632e-45,1.47332e-46,2.59002e-48,0,0,0,0,0,0,0,0,0,0,0,0,0,0,0,0,0,0,0,0,0,0,0,0,0,0,0,0,0,0,0
0,0,0,0,0,0,0,0,0,0,0,0,0,0,0,0,0,0,0,0,0,0,0,0,0,0,0,0,0,0,0,3.54278e-48,2.09408e-46,8.6274e-45,2.55553e-43,5.68537e-42,9.91849e-41,1.3988e-39,1.62969e-38,1.59419e-37,1.32596e-36,9.47242e-36,5.86042e-35,3.16218e-34,1.49726e-33,6.25548e-33,2.31787e-32,7.65394e-32,2.26292e-31,6.01735e-31,1.44543e-30,3.14972e-30,6.25122e-30,1.13418e-29,1.88746e-29,2.88961e-29,4.08004e-29,5.32424e-29,6.43165e-29,7.20047e-29,7.47607e-29,7.20047e-29,6.43165e-29,5.32424e-29,4.08004e-29,2.88961e-29,1.88746e-29,1.13418e-29,6.25122e-30,3.14972e-30,1.44543e-30,6.01735e-31,2.26292e-31,7.65394e-32,2.31787e-32,6.25548e-33,1.49726e-33,3.16218e-34,5.86042e-35,9.47242e-36,1.32597e-36,1.59419e-37,1.6297e-38,1.39882e-39,9.91869e-41,5.68562e-42,2.55576e-43,8.62895e-45,2.09481e-46,3.54505e-48,0,0,0,0,0,0,0,0,0,0,0,0,0,0,0,0,0,0,0,0,0,0,0,0,0,0,0,0,0,0
0,0,0,0,0,0,0,0,0,0,0,0,0,0,0,0,0,0,0,0,0,0,0,0,0,0,0,0,0,0,4.5053e-48,2.76386e-46,1.18078e-44,3.63244e-43,8.40477e-42,1.52704e-40,2.24595e-39,2.73276e-38,2.79583e-37,2.43559e-36,1.82498e-35,1.18593e-34,6.73046e-34,3.35615e-33,1.47845e-32,5.78235e-32,2.01735e-31,6.30676e-31,1.77457e-30,4.51348e-30,1.04202e-29,2.19246e-29,4.22005e-29,7.4568e-29,1.21341e-28,1.82339e-28,2.53629e-28,3.27191e-28,3.92048e-28,4.36794e-28,4.52785e-28,4.36794e-28,3.92048e-28,3.27191e-28,2.53629e-28,1.82339e-28,1.21341e-28,7.4568e-29,4.22005e-29,2.19246e-29,1.04202e-29,4.51348e-30,1.77457e-30,6.30676e-31,2.01735e-31,5.78235e-32,1.47845e-32,3.35615e-33,6.73046e-34,1.18593e-34,1.82498e-35,2.43559e-36,2.79584e-37,2.7328e-38,2.24602e-39,1.52714e-40,8.40581e-42,3.63334e-43,1.18135e-44,2.76634e-46,4.51253e-48,0,0,0,0,0,0,0,0,0,0,0,0,0,0,0,0,0,0,0,0,0,0,0,0,0,0,0,0,0
0,0,0,0,0,0,0,0,0,0,0,0,0,0,0,0,0,0,0,0,0,0,0,0,0,0,0,0,0,5.34226e-48,3.39791e-46,1.50365e-44,4.79829e-43,1.15326e-41,2.17937e-40,3.33833e-39,4.23604e-38,4.52576e-37,4.12291e-36,3.23496e-35,2.20428e-34,1.31344e-33,6.88502e-33,3.19201e-32,1.31525e-31,4.83865e-31,1.59635e-30,4.74329e-30,1.27469e-29,3.11094e-29,6.92267e-29,1.40997e-28,2.63792e-28,4.5484e-28,7.24916e-28,1.07071e-27,1.46882e-27,1.87478e-27,2.22959e-27,2.47296e-27,2.55969e-27,2.47296e-27,2.22959e-27,1.87478e-27,1.46882e-27,1.07071e-27,7.24916e-28,4.5484e-28,2.63792e-28,1.40997e-28,6.92267e-29,3.11094e-29,1.27469e-29,4.74329e-30,1.59635e-30,4.83865e-31,1.31525e-31,3.19201e-32,6.88503e-33,1.31345e-33,2.20429e-34,3.23497e-35,4.12294e-36,4.52585e-37,4.23622e-38,3.33861e-39,2.17975e-40,1.15366e-41,4.80147e-43,1.50551e-44,3.40556e-46,5.3633e-48,0,0,0,0,0,0,0,0,0,0,0,0,0,0,0,0,0,0,0,0,0,0,0,0,0,0,0,0
0,0,0,0,0,0,0,0,0,0,0,0,0,0,0,0,0,0,0,0,0,0,0,0,0,0,0,0,5.92777e-48,3.90487e-46,1.7879e-44,5.91147e-43,1.47414e-41,2.89393e-40,4.61083e-39,6.09342e-38,6.78904e-37,6.45809e-36,5.29811e-35,3.77948e-34,2.36065e-33,1.29867e-32,6.32576e-32,2.74125e-31,1.06156e-30,3.68941e-30,1.15555e-29,3.27502e-29,8.433e-29,1.98064e-28,4.25939e-28,8.41753e-28,1.5339e-27,2.58544e-27,4.04208e-27,5.87567e-27,7.95753e-27,1.00575e-26,1.1878e-26,1.31202e-26,1.35617e-26,1.31202e-26,1.1878e-26,1.00575e-26,7.95753e-27,5.87567e-27,4.04208e-27,2.58544e-27,1.5339e-27,8.41753e-28,4.25939e-28,1.98064e-28,8.433e-29,3.27502e-29,1.15555e-29,3.68941e-30,1.06156e-30,2.74125e-31,6.32576e-32,1.29867e-32,2.36065e-33,3.7795e-34,5.29818e-35,6.45827e-36,6.78944e-37,6.09418e-38,4.61198e-39,2.89534e-40,1.47551e-41,5.92165e-43,1.79349e-44,3.92649e-46,5.98402e-48,0,0,0,0,0,0,0,0,0,0,0,0,0,0,0,0,0,0,0,0,0,0,0,0,0,0,0
0,0,0,0,0,0,0,0,0,0,0,0,0,0,0,0,0,0,0,0,0,0,0,0,0,0,0,6.18027e-48,4.2113e-46,1.99272e-44,6.8188e-43,1.76218e-41,3.58949e-40,5.94137e-39,8.16713e-38,9.47676e-37,9.4004e-36,8.0519e-35,6.00459e-34,3.92539e-33,2.26283e-32,1.15622e-31,5.26111e-31,2.1412e-30,7.82664e-30,2.57976e-29,7.6982e-29,2.08788e-28,5.16663e-28,1.17096e-27,2.43947e-27,4.68786e-27,8.33644e-27,1.3759e-26,2.1131e-26,3.02663e-26,4.0507e-26,5.07334e-26,5.95339e-26,6.55093e-26,6.76279e-26,6.55093e-26,5.95339e-26,5.07334e-26,4.0507e-26,3.02663e-26,2.1131e-26,1.3759e-26,8.33644e-27,4.68786e-27,2.43947e-27,1.17096e-27,5.16663e-28,2.08788e-28,7.6982e-29,2.57976e-29,7.82664e-30,2.1412e-30,5.26111e-31,1.15622e-31,2.26284e-32,3.92542e-33,6.0047e-34,8.05223e-35,9.40121e-36,9.47845e-37,8.17005e-38,5.9455e-39,3.5942e-40,1.76645e-41,6.84864e-43,2.00814e-44,4.26762e-46,6.31925e-48,0,0,0,0,0,0,0,0,0,0,0,0,0,0,0,0,0,0,0,0,0,0,0,0,0,0
0,0,0,0,0,0,0,0,0,0,0,0,0,0,0,0,0,0,0,0,0,0,0,0,0,0,6.07249e-48,4.27338e-46,2.08686e-44,7.38091e-43,1.97437e-41,4.16805e-40,7.15876e-39,1.02235e-37,1.23394e-36,1.27471e-35,1.13848e-34,8.86324e-34,6.05597e-33,3.65287e-32,1.95508e-31,9.32761e-31,3.98378e-30,1.52927e-29,5.29694e-29,1.6618e-28,4.7402e-28,1.234e-27,2.94272e-27,6.45184e-27,1.30508e-26,2.44367e-26,4.24841e-26,6.87676e-26,1.03889e-25,1.4679e-25,1.94321e-25,2.41352e-25,2.81552e-25,3.08726e-25,3.18339e-25,3.08726e-25,2.81552e-25,2.41352e-25,1.94321e-25,1.4679e-25,1.03889e-25,6.87676e-26,4.24841e-26,2.44367e-26,1.30508e-26,6.45184e-27,2.94272e-27,1.234e-27,4.7402e-28,1.6618e-28,5.29694e-29,1.52927e-29,3.98378e-30,9.32763e-31,1.95509e-31,3.65291e-32,6.05613e-33,8.86378e-34,1.13863e-34,1.27505e-35,1.23458e-36,1.02337e-37,7.1722e-39,4.18241e-40,1.98659e-41,7.46126e-43,2.12607e-44,4.40907e-46,6.39119e-48,0,0,0,0,0,0,0,0,0,0,0,0,0,0,0,0,0,0,0,0,0,0,0,0,0
0,0,0,0,0,0,0,0,0,0,0,0,0,0,0,0,0,0,0,0,0,0,0,0,0,5.63671e-48,4.0864e-46,2.05543e-44,7.50194e-43,2.07428e-41,4.53262e-40,8.06839e-39,1.19568e-37,1.49934e-36,1.61113e-35,1.49855e-34,1.21639e-33,8.67557e-33,5.46842e-32,3.06168e-31,1.52952e-30,6.84617e-30,2.75633e-29,1.00193e-28,3.30046e-28,9.88845e-28,2.70451e-27,6.777e-27,1.56148e-26,3.31975e-26,6.53425e-26,1.19446e-25,2.03369e-25,3.23337e-25,4.81135e-25,6.71366e-25,8.79891e-25,1.08451e-24,1.25834e-24,1.37537e-24,1.41669e-24,1.37537e-24,1.25834e-24,1.08451e-24,8.79891e-25,6.71366e-25,4.81135e-25,3.23337e-25,2.03369e-25,1.19446e-25,6.53425e-26,3.31975e-26,1.56148e-26,6.777e-27,2.70451e-27,9.88845e-28,3.30046e-28,1.00194e-28,2.75633e-29,6.84619e-30,1.52953e-30,3.06174e-31,5.46865e-32,8.67638e-33,1.21663e-33,1.49913e-34,1.61236e-35,1.50152e-36,1.19891e-37,8.10824e-39,4.57264e-40,2.10636e-41,7.70137e-43,2.14766e-44,4.38971e-46,6.31652e-48,0,0,0,0,0,0,0,0,0,0,0,0,0,0,0,0,0,0,0,0,0,0,0,0
0,0,0,0,0,0,0,0,0,0,0,0,0,0,0,0,0,0,0,0,0,0,0,0,4.97108e-48,3.6958e-46,1.90836e-44,7.16977e-43,2.04523e-41,4.61875e-40,8.50958e-39,1.30697e-37,1.70072e-36,1.89878e-35,1.83712e-34,1.55298e-33,1.1548e-32,7.59729e-32,4.44424e-31,2.32196e-30,1.0879e-29,4.58827e-29,1.74829e-28,6.03987e-28,1.89856e-27,5.44924e-27,1.43319e-26,3.46619e-26,7.73559e-26,1.5984e-25,3.06772e-25,5.48504e-25,9.1612e-25,1.43279e-24,2.10272e-24,2.9008e-24,3.76727e-24,4.61117e-24,5.32416e-24,5.80246e-24,5.97102e-24,5.80246e-24,5.32416e-24,4.61117e-24,3.76727e-24,2.9008e-24,2.10272e-24,1.43279e-24,9.1612e-25,5.48504e-25,3.06772e-25,1.5984e-25,7.73559e-26,3.46619e-26,1.43319e-26,5.44925e-27,1.89856e-27,6.03987e-28,1.74829e-28,4.58829e-29,1.08791e-29,2.32203e-30,4.44454e-31,7.59837e-32,1.15513e-32,1.55387e-33,1.83917e-34,1.90281e-35,1.70742e-36,1.31631e-37,8.61769e-39,4.72113e-40,2.12286e-41,7.62745e-43,2.10955e-44,4.32617e-46,6.32271e-48,0,0,0,0,0,0,0,0,0,0,0,0,0,0,0,0,0,0,0,0,0,0,0
0,0,0,0,0,0,0,0,0,0,0,0,0,0,0,0,0,0,0,0,0,0,0,4.21877e-48,3.18832e-46,1.67935e-44,6.46527e-43,1.89652e-41,4.41575e-40,8.40493e-39,1.33589e-37,1.80156e-36,2.08726e-35,2.09829e-34,1.84515e-33,1.4289e-32,9.8008e-32,5.98351e-31,3.2658e-30,1.59988e-29,7.06082e-29,2.8172e-28,1.01968e-27,3.35947e-27,1.01091e-26,2.78789e-26,7.07052e-26,1.65472e-25,3.58547e-25,7.21641e-25,1.35324e-24,2.37097e-24,3.89119e-24,5.99536e-24,8.68883e-24,1.18637e-23,1.52815e-23,1.85883e-23,2.13687e-23,2.3228e-23,2.38822e-23,2.3228e-23,2.13687e-23,1.85883e-23,1.52815e-23,1.18637e-23,8.68883e-24,5.99536e-24,3.89119e-24,2.37097e-24,1.35324e-24,7.21641e-25,3.58547e-25,1.65472e-25,7.07052e-26,2.78789e-26,1.01091e-26,3.35948e-27,1.01969e-27,2.81723e-28,7.06098e-29,1.59996e-29,3.26615e-30,5.98482e-31,9.80513e-32,1.43015e-32,1.84823e-33,2.10487e-34,2.09931e-35,1.82033e-36,1.36052e-37,8.67416e-39,4.65706e-40,2.07017e-41,7.43894e-43,2.08725e-44,4.40895e-46,6.72813e-48,0,0,0,0,0,0,0,0,0,0,0,0,0,0,0,0,0,0,0,0,0,0
0,0,0,0,0,0,0,0,0,0,0,0,0,0,0,0,0,0,0,0,0,0,3.53697e-48,2.67291e-46,1.41847e-44,5.54616e-43,1.66254e-41,3.97348e-40,7.7892e-39,1.27824e-37,1.78336e-36,2.14105e-35,2.23355e-34,2.0408e-33,1.6441e-32,1.17444e-31,7.47531e-31,4.25789e-30,2.17881e-29,1.00523e-28,4.19579e-28,1.58963e-27,5.48444e-27,1.72877e-26,4.99509e-26,1.32738e-25,3.25493e-25,7.38965e-25,1.55827e-24,3.06158e-24,5.6207e-24,9.66786e-24,1.56169e-23,2.37399e-23,3.40208e-23,4.60276e-23,5.88576e-23,7.1201e-23,8.15367e-23,8.84298e-23,9.08521e-23,8.84298e-23,8.15367e-23,7.1201e-23,5.88576e-23,4.60276e-23,3.40208e-23,2.37399e-23,1.56169e-23,9.66786e-24,5.6207e-24,3.06158e-24,1.55827e-24,7.38965e-25,3.25493e-25,1.32738e-25,4.99509e-26,1.72877e-26,5.48447e-27,1.58966e-27,4.19594e-28,1.00531e-28,2.17917e-29,4.25935e-30,7.48039e-31,1.17599e-31,1.64823e-32,2.05035e-33,2.25263e-34,2.17386e-35,1.83147e-36,1.33789e-37,8.40675e-39,4.49904e-40,2.02242e-41,7.47055e-43,2.18866e-44,4.87885e-46,7.89382e-48,0,0,0,0,0,0,0,0,0,0,0,0,0,0,0,0,0,0,0,0,0
0,0,0,0,0,0,0,0,0,0,0,0,0,0,0,0,0,0,0,0,0,3.06463e-48,2.25726e-46,1.18112e-44,4.61127e-43,1.39499e-41,3.39217e-40,6.80646e-39,1.14836e-37,1.65254e-36,2.05142e-35,2.21706e-34,2.10198e-33,1.75954e-32,1.30761e-31,8.66842e-31,5.14774e-30,2.74892e-29,1.32464e-28,5.77904e-28,2.28992e-27,8.26702e-27,2.72774e-26,8.2519e-26,2.29613e-25,5.89572e-25,1.40149e-24,3.0942e-24,6.36457e-24,1.22332e-23,2.20318e-23,3.72722e-23,5.93601e-23,8.91653e-23,1.26523e-22,1.6981e-22,2.1578e-22,2.59799e-22,2.96533e-22,3.20979e-22,3.2956e-22,3.20979e-22,2.96533e-22,2.59799e-22,2.1578e-22,1.6981e-22,1.26523e-22,8.91653e-23,5.93601e-23,3.72722e-23,2.20318e-23,1.22332e-23,6.36457e-24,3.0942e-24,1.40149e-24,5.89573e-25,2.29613e-25,8.25194e-26,2.72777e-26,8.26725e-27,2.29006e-27,5.77978e-28,1.32499e-28,2.75039e-29,5.15316e-30,8.68595e-31,1.31259e-31,1.77192e-32,2.12878e-33,2.26744e-34,2.13306e-35,1.76574e-36,1.28138e-37,8.11486e-39,4.45238e-40,2.08766e-41,8.1517e-43,2.53776e-44,5.98366e-46,1.01484e-47,0,0,0,0,0,0,0,0,0,0,0,0,0,0,0,0,0,0,0,0
0,0,0,0,0,0,0,0,0,0,0,0,0,0,0,0,0,0,0,0,2.89608e-48,2.02623e-46,1.01636e-44,3.85699e-43,1.15119e-41,2.79902e-40,5.67679e-39,9.76084e-38,1.44015e-36,1.84098e-35,2.05536e-34,2.01787e-33,1.75237e-32,1.3531e-31,9.33215e-31,5.77225e-30,3.2138e-29,1.61613e-28,7.36383e-28,3.0495e-27,1.15121e-26,3.97361e-26,1.25786e-25,3.66296e-25,9.84345e-25,2.44881e-24,5.65758e-24,1.21767e-23,2.44883e-23,4.6147e-23,8.16981e-23,1.36198e-22,2.14233e-22,3.18489e-22,4.48115e-22,5.97362e-22,7.5508e-22,9.05549e-22,1.0308e-21,1.11401e-21,1.14319e-21,1.11401e-21,1.0308e-21,9.05549e-22,7.5508e-22,5.97362e-22,4.48115e-22,3.18489e-22,2.14233e-22,1.36198e-22,8.16981e-23,4.6147e-23,2.44883e-23,1.21767e-23,5.65758e-24,2.44881e-24,9.84348e-25,3.66299e-25,1.25788e-25,3.9738e-26,1.15133e-26,3.05014e-27,7.36698e-28,1.6175e-28,3.21908e-29,5.79026e-30,9.38643e-31,1.36751e-31,1.78598e-32,2.08639e-33,2.17692e-34,2.02739e-35,1.68534e-36,1.24999e-37,8.24356e-39,4.78439e-40,2.39164e-41,9.93044e-43,3.24893e-44,7.91798e-46,1.36944e-47,0,0,0,0,0,0,0,0,0,0,0,0,0,0,0,0,0,0,0
0,0,0,0,0,0,0,0,0,0,0,0,0,0,0,0,0,0,0,3.06463e-48,2.02623e-46,9.57524e-45,3.43772e-43,9.81861e-42,2.31982e-40,4.645e-39,7.99622e-38,1.19445e-36,1.5588e-35,1.7874e-34,1.81001e-33,1.62633e-32,1.30228e-31,9.33083e-31,6.00442e-30,3.4822e-29,1.82586e-28,8.68227e-28,3.75511e-27,1.48143e-26,5.34624e-26,1.77003e-25,5.39203e-25,1.51592e-24,3.94532e-24,9.53505e-24,2.14655e-23,4.51493e-23,8.89831e-23,1.6477e-22,2.87357e-22,4.73e-22,7.36175e-22,1.08498e-21,1.51595e-21,2.00978e-21,2.52977e-21,3.02459e-21,3.43575e-21,3.70861e-21,3.80427e-21,3.70861e-21,3.43575e-21,3.02459e-21,2.52977e-21,2.00978e-21,1.51595e-21,1.08498e-21,7.36175e-22,4.73e-22,2.87357e-22,1.6477e-22,8.89831e-23,4.51493e-23,2.14655e-23,9.53508e-24,3.94535e-24,1.51594e-24,5.39223e-25,1.77017e-25,5.34714e-26,1.48194e-26,3.75771e-27,8.69399e-28,1.83058e-28,3.49909e-29,6.05817e-30,9.48252e-31,1.34012e-31,1.70947e-32,1.97017e-33,2.05652e-34,1.95058e-35,1.68469e-36,1.32168e-37,9.31729e-39,5.77745e-40,3.05213e-41,1.31666e-42,4.39452e-44,1.07549e-45,1.85126e-47,0,0,0,0,0,0,0,0,0,0,0,0,0,0,0,0,0,0
0,0,0,0,0,0,0,0,0,0,0,0,0,0,0,0,0,0,3.53697e-48,2.25726e-46,1.01636e-44,3.43772e-43,9.21379e-42,2.05333e-40,3.92764e-39,6.56814e-38,9.69389e-37,1.26842e-35,1.47507e-34,1.5277e-33,1.41229e-32,1.16841e-31,8.67527e-31,5.7977e-30,3.49772e-29,1.91037e-28,9.47258e-28,4.27588e-27,1.76182e-26,6.64438e-26,2.2998e-25,7.32632e-25,2.15423e-24,5.86402e-24,1.4822e-23,3.4894e-23,7.67435e-23,1.58144e-22,3.06186e-22,5.58404e-22,9.61438e-22,1.56582e-21,2.41603e-21,3.53621e-21,4.91421e-21,6.48825e-21,8.14212e-21,9.7137e-21,1.10184e-20,1.18839e-20,1.21872e-20,1.18839e-20,1.10184e-20,9.7137e-21,8.14212e-21,6.48825e-21,4.91421e-21,3.53621e-21,2.41603e-21,1.56582e-21,9.61438e-22,5.58404e-22,3.06186e-22,1.58144e-22,7.67436e-23,3.48942e-23,1.48222e-23,5.86419e-24,2.15437e-24,7.32731e-25,2.30045e-25,6.64816e-26,1.7638e-26,4.28512e-27,9.51127e-28,1.92487e-28,3.54624e-29,5.94251e-30,9.0597e-31,1.25888e-31,1.60031e-32,1.87112e-33,2.02331e-34,2.02828e-35,1.87634e-36,1.57972e-37,1.18338e-38,7.66253e-40,4.1461e-41,1.80083e-42,5.97159e-44,1.43863e-45,2.42948e-47,0,0,0,0,0,0,0,0,0,0,0,0,0,0,0,0,0
0,0,0,0,0,0,0,0,0,0,0,0,0,0,0,0,0,4.21877e-48,2.67291e-46,1.18112e-44,3.85699e-43,9.81861e-42,2.05333e-40,3.67133e-39,5.77338e-38,8.12716e-37,1.03291e-35,1.18797e-34,1.23556e-33,1.16055e-32,9.83807e-32,7.52881e-31,5.20711e-30,3.26034e-29,1.85194e-28,9.56475e-28,4.50232e-27,1.93632e-26,7.62743e-26,2.75901e-25,9.18856e-25,2.82519e-24,8.04234e-24,2.12579e-23,5.23305e-23,1.20334e-22,2.59242e-22,5.24734e-22,1.00055e-21,1.80153e-21,3.06936e-21,4.95675e-21,7.59762e-21,1.10641e-20,1.53182e-20,2.01706e-20,2.52657e-20,3.01062e-20,3.41248e-20,3.67908e-20,3.77253e-20,3.67908e-20,3.41248e-20,3.01062e-20,2.52657e-20,2.01706e-20,1.53182e-20,1.10641e-20,7.59762e-21,4.95675e-21,3.06936e-21,1.80154e-21,1.00055e-21,5.24735e-22,2.59243e-22,1.20335e-22,5.23316e-23,2.12589e-23,8.04321e-24,2.82584e-24,9.1929e-25,2.7616e-25,7.64136e-26,1.94305e-26,4.53154e-27,9.67887e-28,1.89197e-28,3.38619e-29,5.561e-30,8.41628e-31,1.18158e-31,1.55058e-32,1.91302e-33,2.2184e-34,2.39609e-35,2.36836e-36,2.09331e-37,1.6127e-38,1.05414e-39,5.67542e-41,2.42812e-42,7.8779e-44,1.84938e-45,3.04367e-47,0,0,0,0,0,0,0,0,0,0,0,0,0,0,0,0
0,0,0,0,0,0,0,0,0,0,0,0,0,0,0,0,4.97108e-48,3.18832e-46,1.41847e-44,4.61127e-43,1.15119e-41,2.31982e-40,3.92764e-39,5.77338e-38,7.5671e-37,9.01722e-36,9.87784e-35,9.97976e-34,9.28146e-33,7.9148e-32,6.16591e-31,4.37786e-30,2.83027e-29,1.66646e-28,8.94581e-28,4.38517e-27,1.96664e-26,8.0865e-26,3.05553e-25,1.06355e-24,3.41881e-24,1.01767e-23,2.81295e-23,7.24098e-23,1.74098e-22,3.92131e-22,8.29786e-22,1.6542e-21,3.11452e-21,5.55052e-21,9.38045e-21,1.50556e-20,2.29735e-20,3.33517e-20,4.60827e-20,6.06098e-20,7.58755e-20,9.0393e-20,1.02457e-19,1.10466e-19,1.13275e-19,1.10466e-19,1.02457e-19,9.0393e-20,7.58755e-20,6.06098e-20,4.60827e-20,3.33517e-20,2.29735e-20,1.50556e-20,9.38045e-21,5.55052e-21,3.11452e-21,1.65421e-21,8.29791e-22,3.92137e-22,1.74104e-22,7.2416e-23,2.81348e-23,1.01807e-23,3.42152e-24,1.0652e-24,3.06465e-25,8.13182e-26,1.98701e-26,4.46782e-27,9.2485e-28,1.76633e-28,3.12651e-29,5.16577e-30,8.03896e-31,1.18799e-31,1.67244e-32,2.23065e-33,2.77859e-34,3.16818e-35,3.2349e-36,2.89463e-37,2.22223e-38,1.43151e-39,7.54122e-41,3.14311e-42,9.90878e-44,2.25729e-45,3.61146e-47,0,0,0,0,0,0,0,0,0,0,0,0,0,0,0
0,0,0,0,0,0,0,0,0,0,0,0,0,0,0,5.63671e-48,3.6958e-46,1.67935e-44,5.54616e-43,1.39499e-41,2.79902e-40,4.645e-39,6.56814e-38,8.12716e-37,9.01722e-36,9.16178e-35,8.65476e-34,7.65763e-33,6.3455e-32,4.90116e-31,3.50693e-30,2.31248e-29,1.4004e-28,7.77549e-28,3.95709e-27,1.84711e-26,7.9187e-26,3.12334e-25,1.13575e-24,3.81614e-24,1.18773e-23,3.43325e-23,9.24239e-23,2.32381e-22,5.47297e-22,1.21092e-21,2.5241e-21,4.96975e-21,9.26464e-21,1.63856e-20,2.75386e-20,4.40335e-20,6.70387e-20,9.72174e-20,1.343e-19,1.76703e-19,2.21365e-19,2.63931e-19,2.99368e-19,3.22926e-19,3.31192e-19,3.22926e-19,2.99368e-19,2.63931e-19,2.21365e-19,1.76703e-19,1.343e-19,9.72174e-20,6.70387e-20,4.40335e-20,2.75386e-20,1.63857e-20,9.26466e-21,4.96978e-21,2.52413e-21,1.21096e-21,5.47334e-22,2.32416e-22,9.24539e-23,3.43555e-23,1.18931e-23,3.82597e-24,1.14128e-24,3.15164e-25,8.04989e-26,1.90228e-26,4.1674e-27,8.50114e-28,1.62659e-28,2.94786e-29,5.11076e-30,8.52671e-31,1.36572e-31,2.07549e-32,2.93875e-33,3.79946e-34,4.39993e-35,4.48467e-36,3.95735e-37,2.97248e-38,1.86457e-39,9.53951e-41,3.85627e-42,1.17838e-43,2.60178e-45,4.04456e-47,0,0,0,0,0,0,0,0,0,0,0,0,0,0
0,0,0,0,0,0,0,0,0,0,0,0,0,0,6.07249e-48,4.0864e-46,1.90836e-44,6.46527e-43,1.66254e-41,3.39217e-40,5.67679e-39,7.99622e-38,9.69389e-37,1.03291e-35,9.87784e-35,8.65476e-34,7.07631e-33,5.46892e-32,4.01513e-31,2.79336e-30,1.82892e-29,1.11828e-28,6.34523e-28,3.32733e-27,1.60908e-26,7.17219e-26,2.94809e-25,1.11888e-24,3.9277e-24,1.27794e-23,3.86297e-23,1.08766e-22,2.86031e-22,7.04565e-22,1.63033e-21,3.55405e-21,7.31904e-21,1.42744e-20,2.64232e-20,4.65065e-20,7.79339e-20,1.24454e-19,1.89476e-19,2.75039e-19,3.8056e-19,5.01687e-19,6.29739e-19,7.52186e-19,8.54402e-19,9.22481e-19,9.46394e-19,9.22481e-19,8.54402e-19,7.52186e-19,6.29739e-19,5.01687e-19,3.8056e-19,2.75039e-19,1.89476e-19,1.24454e-19,7.79339e-20,4.65066e-20,2.64233e-20,1.42745e-20,7.31919e-21,3.55423e-21,1.63052e-21,7.0475e-22,2.86191e-22,1.08889e-22,3.87157e-23,1.28338e-23,3.95902e-24,1.13529e-24,3.02635e-25,7.51229e-26,1.74363e-26,3.81126e-27,7.92482e-28,1.58513e-28,3.07496e-29,5.78729e-30,1.04687e-30,1.7899e-31,2.83734e-32,4.09475e-33,5.29539e-34,6.05247e-35,6.03623e-36,5.18467e-37,3.77968e-38,2.2978e-39,1.13876e-40,4.45918e-42,1.32023e-43,2.82545e-45,4.26918e-47,0,0,0,0,0,0,0,0,0,0,0,0,0
0,0,0,0,0,0,0,0,0,0,0,0,0,6.18027e-48,4.27338e-46,2.05543e-44,7.16977e-43,1.89652e-41,3.97348e-40,6.80646e-39,9.76084e-38,1.19445e-36,1.26842e-35,1.18797e-34,9.97976e-34,7.65763e-33,5.46892e-32,3.69759e-31,2.39396e-30,1.48905e-29,8.85948e-29,4.99936e-28,2.65191e-27,1.31304e-26,6.0409e-26,2.57643e-25,1.01799e-24,3.72817e-24,1.26717e-23,4.00455e-23,1.17928e-22,3.24425e-22,8.36025e-22,2.02378e-21,4.61529e-21,9.9437e-21,2.02936e-20,3.93241e-20,7.24949e-20,1.27341e-19,2.13346e-19,3.41111e-19,5.20525e-19,7.57868e-19,1.0522e-18,1.3919e-18,1.75284e-18,2.0995e-18,2.38988e-18,2.58375e-18,2.65194e-18,2.58375e-18,2.38988e-18,2.0995e-18,1.75284e-18,1.3919e-18,1.0522e-18,7.57868e-19,5.20525e-19,3.41111e-19,2.13346e-19,1.27341e-19,7.24953e-20,3.93247e-20,2.02943e-20,9.94459e-21,4.61625e-21,2.0247e-21,8.36819e-22,3.25044e-22,1.18366e-22,4.0327e-23,1.28367e-23,3.81658e-24,1.06129e-24,2.7704e-25,6.83506e-26,1.60989e-26,3.66328e-27,8.1334e-28,1.76704e-28,3.72991e-29,7.53289e-30,1.42858e-30,2.49901e-31,3.97159e-32,5.66318e-33,7.16777e-34,7.97223e-35,7.71227e-36,6.41532e-37,4.52665e-38,2.66357e-39,1.27813e-40,4.84877e-42,1.39154e-43,2.88833e-45,4.24481e-47,0,0,0,0,0,0,0,0,0,0,0,0
0,0,0,0,0,0,0,0,0,0,0,0,5.92777e-48,4.2113e-46,2.08686e-44,7.50194e-43,2.04523e-41,4.41575e-40,7.7892e-39,1.14836e-37,1.44015e-36,1.5588e-35,1.47507e-34,1.23556e-33,9.28146e-33,6.3455e-32,4.01513e-31,2.39396e-30,1.36707e-29,7.55578e-29,4.04954e-28,2.09228e-27,1.03195e-26,4.8114e-26,2.10471e-25,8.59715e-25,3.27134e-24,1.15888e-23,3.82434e-23,1.17733e-22,3.38794e-22,9.13494e-22,2.31401e-21,5.52244e-21,1.2452e-20,2.66001e-20,5.3971e-20,1.04236e-19,1.91957e-19,3.3748e-19,5.66823e-19,9.09642e-19,1.39441e-18,2.04041e-18,2.84738e-18,3.78523e-18,4.78798e-18,5.75618e-18,6.57063e-18,7.11598e-18,7.30805e-18,7.11598e-18,6.57063e-18,5.75618e-18,4.78798e-18,3.78523e-18,2.84738e-18,2.04041e-18,1.39441e-18,9.09642e-19,5.66823e-19,3.37481e-19,1.91958e-19,1.04238e-19,5.39744e-20,2.66043e-20,1.24565e-20,5.52672e-21,2.31772e-21,9.16416e-22,3.40881e-22,1.19094e-22,3.90549e-23,1.20325e-23,3.49394e-24,9.62234e-25,2.53796e-25,6.48974e-26,1.62699e-26,4.01925e-27,9.73595e-28,2.28051e-28,5.07214e-29,1.05226e-29,2.00586e-30,3.47153e-31,5.40208e-32,7.49481e-33,9.19713e-34,9.90023e-35,9.26289e-36,7.4519e-37,5.08702e-38,2.89761e-39,1.34694e-40,4.95361e-42,1.37908e-43,2.77839e-45,3.96699e-47,0,0,0,0,0,0,0,0,0,0,0
0,0,0,0,0,0,0,0,0,0,0,5.34226e-48,3.90487e-46,1.99272e-44,7.38091e-43,2.07428e-41,4.61875e-40,8.40493e-39,1.27824e-37,1.65254e-36,1.84098e-35,1.7874e-34,1.5277e-33,1.16055e-32,7.9148e-32,4.90116e-31,2.79336e-30,1.48905e-29,7.55578e-29,3.70803e-28,1.77725e-27,8.32589e-27,3.78523e-26,1.65207e-25,6.85057e-25,2.67792e-24,9.82099e-24,3.37133e-23,1.08276e-22,3.25603e-22,9.18304e-22,2.43434e-21,6.08116e-21,1.43547e-20,3.21077e-20,6.82314e-20,1.38085e-19,2.66649e-19,4.92028e-19,8.68299e-19,1.4659e-18,2.36693e-18,3.65272e-18,5.38198e-18,7.5614e-18,1.01153e-17,1.28662e-17,1.55389e-17,1.77982e-17,1.93161e-17,1.98516e-17,1.93161e-17,1.77982e-17,1.55389e-17,1.28662e-17,1.01153e-17,7.5614e-18,5.38198e-18,3.65272e-18,2.36693e-18,1.4659e-18,8.68303e-19,4.92035e-19,2.6666e-19,1.381e-19,6.82494e-20,3.21271e-20,1.43734e-20,6.09753e-21,2.4473e-21,9.27644e-22,3.31764e-22,1.12005e-22,3.57898e-23,1.08857e-23,3.18091e-24,9.03909e-25,2.52831e-25,7.00878e-26,1.92021e-26,5.13511e-27,1.31697e-27,3.18185e-28,7.1334e-29,1.46645e-29,2.73887e-30,4.61226e-31,6.9563e-32,9.3355e-33,1.10723e-33,1.15184e-34,1.04183e-35,8.10713e-37,5.35694e-38,2.95586e-39,1.33208e-40,4.75324e-42,1.2848e-43,2.50968e-45,3.47139e-47,0,0,0,0,0,0,0,0,0,0
0,0,0,0,0,0,0,0,0,0,4.5053e-48,3.39791e-46,1.7879e-44,6.8188e-43,1.97437e-41,4.53262e-40,8.50958e-39,1.33589e-37,1.78336e-36,2.05142e-35,2.05536e-34,1.81001e-33,1.41229e-32,9.83807e-32,6.16591e-31,3.50693e-30,1.82892e-29,8.85948e-29,4.04954e-28,1.77725e-27,7.60748e-27,3.20535e-26,1.32916e-25,5.3804e-25,2.10163e-24,7.83639e-24,2.76736e-23,9.21204e-23,2.88446e-22,8.49346e-22,2.35433e-21,6.15489e-21,1.52115e-20,3.56341e-20,7.93327e-20,1.68274e-19,3.40797e-19,6.60102e-19,1.22414e-18,2.1745e-18,3.69944e-18,6.02385e-18,9.37772e-18,1.39376e-17,1.97444e-17,2.66142e-17,3.40763e-17,4.13778e-17,4.75841e-17,5.17696e-17,5.32491e-17,5.17696e-17,4.75841e-17,4.13778e-17,3.40763e-17,2.66142e-17,1.97444e-17,1.39376e-17,9.37772e-18,6.02385e-18,3.69945e-18,2.17452e-18,1.22417e-18,6.60147e-19,3.40859e-19,1.68348e-19,7.94128e-20,3.57117e-20,1.52795e-20,6.20895e-21,2.3936e-21,8.7551e-22,3.0449e-22,1.01199e-22,3.24204e-23,1.0131e-23,3.12702e-24,9.61252e-25,2.9403e-25,8.85247e-26,2.57918e-26,7.1434e-27,1.85216e-27,4.44224e-28,9.76597e-29,1.95392e-29,3.53637e-30,5.75809e-31,8.38888e-32,1.08728e-32,1.24577e-33,1.25262e-34,1.09585e-35,8.25424e-37,5.28367e-38,2.82663e-39,1.23606e-40,4.28319e-42,1.1229e-43,2.12075e-45,2.83469e-47,0,0,0,0,0,0,0,0,0
0,0,0,0,0,0,0,0,0,3.54278e-48,2.76386e-46,1.50365e-44,5.91147e-43,1.76218e-41,4.16805e-40,8.06839e-39,1.30697e-37,1.80156e-36,2.14105e-35,2.21706e-34,2.01787e-33,1.62633e-32,1.16841e-31,7.52881e-31,4.37786e-30,2.31248e-29,1.11828e-28,4.99936e-28,2.09228e-27,8.32589e-27,3.20535e-26,1.21248e-25,4.54586e-25,1.6877e-24,6.14972e-24,2.17294e-23,7.36386e-23,2.37476e-22,7.25475e-22,2.09555e-21,5.72342e-21,1.47993e-20,3.63021e-20,8.4676e-20,1.88275e-19,3.99957e-19,8.13266e-19,1.58498e-18,2.96264e-18,5.31146e-18,9.12809e-18,1.50212e-17,2.36343e-17,3.54914e-17,5.07685e-17,6.90371e-17,8.90691e-17,1.08826e-16,1.25724e-16,1.37168e-16,1.41221e-16,1.37168e-16,1.25724e-16,1.08826e-16,8.90691e-17,6.90371e-17,5.07685e-17,3.54914e-17,2.36344e-17,1.50212e-17,9.12813e-18,5.31153e-18,2.96276e-18,1.58515e-18,8.13506e-19,4.00246e-19,1.88588e-19,8.49798e-20,3.65688e-20,1.50122e-20,5.87891e-21,2.19997e-21,7.90209e-22,2.74619e-22,9.33964e-23,3.14801e-23,1.06137e-23,3.58219e-24,1.19892e-24,3.91523e-25,1.22561e-25,3.62105e-26,9.97522e-27,2.5389e-27,5.92876e-28,1.26305e-28,2.44268e-29,4.2686e-30,6.70879e-31,9.4361e-32,1.18131e-32,1.30821e-33,1.27234e-34,1.0775e-35,7.86301e-37,4.88033e-38,2.5336e-39,1.076e-40,3.61717e-42,9.17226e-44,1.6708e-45,2.15332e-47,0,0,0,0,0,0,0,0
0,0,0,0,0,0,0,0,2.58937e-48,2.09408e-46,1.18078e-44,4.79829e-43,1.47414e-41,3.58949e-40,7.15876e-39,1.19568e-37,1.70072e-36,2.08726e-35,2.23355e-34,2.10198e-33,1.75237e-32,1.30228e-31,8.67527e-31,5.20711e-30,2.83027e-29,1.4004e-28,6.34523e-28,2.65191e-27,1.03195e-26,3.78523e-26,1.32916e-25,4.54586e-25,1.53766e-24,5.18731e-24,1.74273e-23,5.77645e-23,1.86583e-22,5.80885e-22,1.72971e-21,4.90515e-21,1.3226e-20,3.39156e-20,8.28241e-20,1.92996e-19,4.30016e-19,9.17918e-19,1.87998e-18,3.69764e-18,6.98586e-18,1.26723e-17,2.2049e-17,3.6743e-17,5.85332e-17,8.89512e-17,1.28659e-16,1.76711e-16,2.29958e-16,2.82938e-16,3.28563e-16,3.59608e-16,3.70632e-16,3.59608e-16,3.28563e-16,2.82938e-16,2.29958e-16,1.76711e-16,1.28659e-16,8.89512e-17,5.85333e-17,3.67431e-17,2.20492e-17,1.26725e-17,6.98629e-18,3.69829e-18,1.88086e-18,9.18989e-19,4.31176e-19,1.94124e-19,8.38153e-20,3.47083e-20,1.38071e-20,5.2977e-21,1.97516e-21,7.23372e-22,2.63515e-22,9.64311e-23,3.55188e-23,1.3062e-23,4.72246e-24,1.64935e-24,5.47815e-25,1.70912e-25,4.96263e-26,1.33178e-26,3.28514e-27,7.41425e-28,1.52458e-28,2.84476e-29,4.79688e-30,7.2777e-31,9.88738e-32,1.19646e-32,1.28172e-33,1.20683e-34,9.90251e-36,7.00733e-37,4.22086e-38,2.12825e-39,8.76934e-41,2.85208e-42,6.97821e-44,1.22335e-45,1.51722e-47,0,0,0,0,0,0,0
0,0,0,0,0,0,0,1.75382e-48,1.47313e-46,8.6274e-45,3.63244e-43,1.15326e-41,2.89393e-40,5.94137e-39,1.02235e-37,1.49934e-36,1.89878e-35,2.09829e-34,2.0408e-33,1.75954e-32,1.3531e-31,9.33083e-31,5.7977e-30,3.26034e-29,1.66646e-28,7.77549e-28,3.32733e-27,1.31304e-26,4.8114e-26,1.65207e-25,5.3804e-25,1.6877e-24,5.18731e-24,1.58624e-23,4.86548e-23,1.49446e-22,4.55299e-22,1.35888e-21,3.93009e-21,1.09321e-20,2.91275e-20,7.42273e-20,1.80964e-19,4.22572e-19,9.46573e-19,2.0369e-18,4.21486e-18,8.39031e-18,1.60638e-17,2.95535e-17,5.21719e-17,8.82089e-17,1.4252e-16,2.19516e-16,3.2149e-16,4.46534e-16,5.86715e-16,7.27566e-16,8.49792e-16,9.33399e-16,9.63167e-16,9.33399e-16,8.49792e-16,7.27566e-16,5.86715e-16,4.46534e-16,3.2149e-16,2.19516e-16,1.4252e-16,8.82091e-17,5.21723e-17,2.95544e-17,1.60653e-17,8.39259e-18,4.21796e-18,2.04067e-18,9.50673e-19,4.26559e-19,1.84465e-19,7.70272e-20,3.11827e-20,1.23255e-20,4.80684e-21,1.87255e-21,7.36114e-22,2.92833e-22,1.17047e-22,4.6317e-23,1.78328e-23,6.57578e-24,2.29346e-24,7.49544e-25,2.27951e-25,6.41625e-26,1.66413e-26,3.96141e-27,8.62323e-28,1.71027e-28,3.07908e-29,5.01221e-30,7.3459e-31,9.64779e-32,1.12947e-32,1.1715e-33,1.06885e-34,8.50519e-36,5.84125e-37,3.41749e-38,1.67196e-39,6.66584e-41,2.09229e-42,4.92882e-44,8.30009e-46,9.88857e-48,0,0,0,0,0,0
0,0,0,0,0,0,1.09772e-48,9.59289e-47,5.84593e-45,2.55553e-43,8.40477e-42,2.17937e-40,4.61083e-39,8.16713e-38,1.23394e-36,1.61113e-35,1.83712e-34,1.84515e-33,1.6441e-32,1.30761e-31,9.33215e-31,6.00442e-30,3.49772e-29,1.85194e-28,8.94581e-28,3.95709e-27,1.60908e-26,6.0409e-26,2.10471e-25,6.85057e-25,2.10163e-24,6.14972e-24,1.74273e-23,4.86548e-23,1.35884e-22,3.82788e-22,1.08596e-21,3.07351e-21,8.57191e-21,2.33052e-20,6.13106e-20,1.55437e-19,3.79146e-19,8.89717e-19,2.00976e-18,4.37302e-18,9.16914e-18,1.85236e-17,3.60285e-17,6.73771e-17,1.20927e-16,2.07828e-16,3.41153e-16,5.33418e-16,7.92157e-16,1.11409e-15,1.47969e-15,1.85104e-15,2.17605e-15,2.39967e-15,2.47954e-15,2.39967e-15,2.17605e-15,1.85104e-15,1.47969e-15,1.11409e-15,7.92157e-16,5.33418e-16,3.41154e-16,2.07828e-16,1.20928e-16,6.73799e-17,3.60334e-17,1.85311e-17,9.17954e-18,4.38576e-18,2.02362e-18,9.03179e-19,3.9094e-19,1.64848e-19,6.82121e-20,2.79893e-20,1.15301e-20,4.81822e-21,2.0492e-21,8.81162e-22,3.77589e-22,1.58476e-22,6.41212e-23,2.46979e-23,8.97132e-24,3.05192e-24,9.67158e-25,2.84279e-25,7.72112e-26,1.93106e-26,4.43234e-27,9.30553e-28,1.78086e-28,3.09551e-29,4.86833e-30,6.8984e-31,8.76616e-32,9.93735e-33,9.98819e-34,8.83797e-35,6.82575e-36,4.55339e-37,2.58495e-38,1.22374e-39,4.70899e-41,1.42338e-42,3.22223e-44,5.20352e-46,5.94592e-48,0,0,0,0,0
0,0,0,0,0,6.33194e-49,5.76586e-47,3.66223e-45,1.66527e-43,5.68537e-42,1.52704e-40,3.33833e-39,6.09342e-38,9.47676e-37,1.27471e-35,1.49855e-34,1.55298e-33,1.4289e-32,1.17444e-31,8.66842e-31,5.77225e-30,3.4822e-29,1.91037e-28,9.56475e-28,4.38517e-27,1.84711e-26,7.17219e-26,2.57643e-25,8.59715e-25,2.67792e-24,7.83639e-24,2.17294e-23,5.77645e-23,1.49446e-22,3.82788e-22,9.85897e-22,2.57588e-21,6.82016e-21,1.81338e-20,4.78308e-20,1.238e-19,3.12032e-19,7.6242e-19,1.80197e-18,4.1159e-18,9.08158e-18,1.93483e-17,3.9771e-17,7.87734e-17,1.50076e-16,2.74408e-16,4.80305e-16,8.02476e-16,1.27589e-15,1.92435e-15,2.74434e-15,3.68899e-15,4.66024e-15,5.51841e-15,6.11279e-15,6.32577e-15,6.11279e-15,5.51841e-15,4.66024e-15,3.68899e-15,2.74434e-15,1.92435e-15,1.27589e-15,8.02477e-16,4.80307e-16,2.74412e-16,1.50084e-16,7.87886e-17,3.9795e-17,1.93818e-17,9.12287e-18,4.1609e-18,1.8456e-18,8.00472e-19,3.42254e-19,1.45882e-19,6.27929e-20,2.75912e-20,1.24197e-20,5.68933e-21,2.61372e-21,1.18333e-21,5.19586e-22,2.1848e-22,8.71563e-23,3.2759e-23,1.15407e-23,3.79462e-24,1.16026e-24,3.28808e-25,8.60897e-26,2.07598e-26,4.59609e-27,9.31218e-28,1.7209e-28,2.89042e-29,4.39554e-30,6.02696e-31,7.41653e-32,8.14762e-33,7.94231e-34,6.82093e-35,5.11682e-36,3.31211e-37,1.81953e-38,8.31439e-40,3.08125e-41,8.95176e-43,1.94412e-44,3.00618e-46,3.28997e-48,0,0,0,0
0,0,0,0,3.35715e-49,3.18983e-47,2.11476e-45,1.00189e-43,3.55746e-42,9.91849e-41,2.24595e-39,4.23604e-38,6.78904e-37,9.4004e-36,1.13848e-34,1.21639e-33,1.1548e-32,9.8008e-32,7.47531e-31,5.14774e-30,3.2138e-29,1.82586e-28,9.47258e-28,4.50232e-27,1.96664e-26,7.9187e-26,2.94809e-25,1.01799e-24,3.27134e-24,9.82099e-24,2.76736e-23,7.36386e-23,1.86583e-22,4.55299e-22,1.08596e-21,2.57588e-21,6.17534e-21,1.51116e-20,3.77465e-20,9.54153e-20,2.41084e-19,6.01914e-19,1.47237e-18,3.50942e-18,8.12352e-18,1.82235e-17,3.95545e-17,8.2937e-17,1.67684e-16,3.26191e-16,6.08932e-16,1.08774e-15,1.8534e-15,3.00218e-15,4.60682e-15,6.67282e-15,9.09133e-15,1.1612e-14,1.38632e-14,1.5434e-14,1.59991e-14,1.5434e-14,1.38632e-14,1.1612e-14,9.09133e-15,6.67282e-15,4.60682e-15,3.00218e-15,1.85341e-15,1.08775e-15,6.08945e-16,3.26216e-16,1.6773e-16,8.30099e-17,3.9658e-17,1.83527e-17,8.2647e-18,3.64577e-18,1.5905e-18,6.95027e-19,3.08668e-19,1.40995e-19,6.64971e-20,3.21494e-20,1.5688e-20,7.58712e-21,3.57784e-21,1.6244e-21,7.03523e-22,2.88711e-22,1.11698e-22,4.05749e-23,1.37901e-23,4.37096e-24,1.28811e-24,3.51882e-25,8.88397e-26,2.06669e-26,4.41642e-27,8.64202e-28,1.54339e-28,2.50682e-29,3.68907e-30,4.89841e-31,5.84153e-32,6.22367e-33,5.88813e-34,4.91146e-35,3.57498e-36,2.23933e-37,1.18746e-38,5.22587e-40,1.86149e-41,5.18895e-43,1.0795e-44,1.59618e-46,1.67091e-48,0,0,0
0,0,0,1.63172e-49,1.6198e-47,1.12236e-45,5.54817e-44,2.0523e-42,5.95095e-41,1.3988e-39,2.73276e-38,4.52576e-37,6.45809e-36,8.0519e-35,8.86324e-34,8.67557e-33,7.59729e-32,5.98351e-31,4.25789e-30,2.74892e-29,1.61613e-28,8.68227e-28,4.27588e-27,1.93632e-26,8.0865e-26,3.12334e-25,1.11888e-24,3.72817e-24,1.15888e-23,3.37133e-23,9.21204e-23,2.37476e-22,5.80885e-22,1.35888e-21,3.07351e-21,6.82016e-21,1.51116e-20,3.40207e-20,7.87375e-20,1.8763e-19,4.56607e-19,1.11991e-18,2.73256e-18,6.56553e-18,1.54239e-17,3.52585e-17,7.81677e-17,1.67621e-16,3.46811e-16,6.9052e-16,1.31921e-15,2.41051e-15,4.19814e-15,6.94301e-15,1.08617e-14,1.60098e-14,2.21455e-14,2.8639e-14,3.45093e-14,3.86402e-14,4.01326e-14,3.86402e-14,3.45093e-14,2.8639e-14,2.21455e-14,1.60098e-14,1.08617e-14,6.94301e-15,4.19815e-15,2.41053e-15,1.31924e-15,6.9059e-16,3.4694e-16,1.67834e-16,7.84779e-17,3.56512e-17,1.5854e-17,6.97868e-18,3.08704e-18,1.39638e-18,6.55316e-19,3.20591e-19,1.62164e-19,8.3348e-20,4.26802e-20,2.14083e-20,1.0386e-20,4.82972e-21,2.13915e-21,8.98125e-22,3.56075e-22,1.32863e-22,4.65142e-23,1.52334e-23,4.6534e-24,1.32204e-24,3.48307e-25,8.4849e-26,1.90552e-26,3.93318e-27,7.43844e-28,1.2847e-28,2.01928e-29,2.87762e-30,3.70269e-31,4.28199e-32,4.42731e-33,4.06781e-34,3.29204e-35,2.31873e-36,1.40194e-37,7.15968e-39,3.02858e-40,1.03509e-41,2.76417e-43,5.50103e-45,7.76867e-47,7.76962e-49,0,0
0,0,7.25113e-50,7.52909e-48,5.45894e-46,2.81938e-44,1.08811e-42,3.28699e-41,8.03571e-40,1.62969e-38,2.79583e-37,4.12291e-36,5.29811e-35,6.00459e-34,6.05597e-33,5.46842e-32,4.44424e-31,3.2658e-30,2.17881e-29,1.32464e-28,7.36383e-28,3.75511e-27,1.76182e-26,7.62743e-26,3.05553e-25,1.13575e-24,3.9277e-24,1.26717e-23,3.82434e-23,1.08276e-22,2.88446e-22,7.25475e-22,1.72971e-21,3.93009e-21,8.57191e-21,1.81338e-20,3.77465e-20,7.87375e-20,1.67816e-19,3.70825e-19,8.52688e-19,2.02357e-18,4.88153e-18,1.17823e-17,2.80911e-17,6.55562e-17,1.48827e-16,3.27285e-16,6.94878e-16,1.41999e-15,2.78379e-15,5.21715e-15,9.31153e-15,1.57629e-14,2.52013e-14,3.78842e-14,5.33102e-14,6.99217e-14,8.51475e-14,9.59659e-14,9.98937e-14,9.59659e-14,8.51475e-14,6.99217e-14,5.33102e-14,3.78842e-14,2.52013e-14,1.57629e-14,9.31155e-15,5.21719e-15,2.78388e-15,1.42017e-15,6.95231e-16,3.27887e-16,1.49731e-16,6.67219e-17,2.93718e-17,1.30023e-17,5.91486e-18,2.81819e-18,1.41631e-18,7.43755e-19,3.99816e-19,2.15155e-19,1.13818e-19,5.84372e-20,2.8872e-20,1.36475e-20,6.14572e-21,2.62753e-21,1.0633e-21,4.06105e-22,1.4597e-22,4.92383e-23,1.55423e-23,4.57781e-24,1.25454e-24,3.18969e-25,7.50213e-26,1.6275e-26,3.24683e-27,5.93819e-28,9.92427e-29,1.51041e-29,2.08557e-30,2.60198e-31,2.9197e-32,2.93122e-33,2.61264e-34,2.04579e-35,1.39074e-36,8.09767e-38,3.97471e-39,1.61314e-40,5.28156e-42,1.34928e-43,2.5656e-45,3.45664e-47,3.29923e-49,0
0,2.93809e-50,3.19441e-48,2.42617e-46,1.31073e-44,5.28506e-43,1.66583e-41,4.24301e-40,8.95056e-39,1.59419e-37,2.43559e-36,3.23496e-35,3.77948e-34,3.92539e-33,3.65287e-32,3.06168e-31,2.32196e-30,1.59988e-29,1.00523e-28,5.77904e-28,3.0495e-27,1.48143e-26,6.64438e-26,2.75901e-25,1.06355e-24,3.81614e-24,1.27794e-23,4.00455e-23,1.17733e-22,3.25603e-22,8.49346e-22,2.09555e-21,4.90515e-21,1.09321e-20,2.33052e-20,4.78308e-20,9.54153e-20,1.8763e-19,3.70825e-19,7.5335e-19,1.60324e-18,3.59737e-18,8.43257e-18,2.02591e-17,4.88842e-17,1.16572e-16,2.71697e-16,6.14618e-16,1.34337e-15,2.82657e-15,5.70456e-15,1.10002e-14,2.01829e-14,3.50783e-14,5.74792e-14,8.83605e-14,1.26795e-13,1.6901e-13,2.08321e-13,2.36564e-13,2.46877e-13,2.36564e-13,2.08321e-13,1.6901e-13,1.26795e-13,8.83605e-14,5.74792e-14,3.50783e-14,2.0183e-14,1.10003e-14,5.70477e-15,2.82703e-15,1.34428e-15,6.16261e-16,2.74264e-16,1.19974e-16,5.26307e-17,2.37874e-17,1.1371e-17,5.81705e-18,3.15162e-18,1.76309e-18,9.91597e-19,5.49446e-19,2.96063e-19,1.53913e-19,7.68169e-20,3.66805e-20,1.6711e-20,7.24517e-21,2.98167e-21,1.1617e-21,4.27338e-22,1.48007e-22,4.81269e-23,1.46504e-23,4.16311e-24,1.10115e-24,2.7033e-25,6.14205e-26,1.28779e-26,2.48429e-27,4.39607e-28,7.11279e-29,1.04869e-29,1.40371e-30,1.69887e-31,1.85055e-32,1.80188e-33,1.55366e-34,1.17401e-35,7.68478e-37,4.30008e-38,2.02488e-39,7.87184e-41,2.46539e-42,6.01761e-44,1.09202e-45,1.40222e-47,0
0,1.23352e-48,9.82375e-47,5.55767e-45,2.34418e-43,7.72046e-42,2.05208e-40,4.51075e-39,8.35802e-38,1.32596e-36,1.82498e-35,2.20428e-34,2.36065e-33,2.26283e-32,1.95508e-31,1.52952e-30,1.0879e-29,7.06082e-29,4.19579e-28,2.28992e-27,1.15121e-26,5.34624e-26,2.2998e-25,9.18856e-25,3.41881e-24,1.18773e-23,3.86297e-23,1.17928e-22,3.38794e-22,9.18304e-22,2.35433e-21,5.72342e-21,1.3226e-20,2.91275e-20,6.13106e-20,1.238e-19,2.41084e-19,4.56607e-19,8.52688e-19,1.60324e-18,3.11867e-18,6.43799e-18,1.42487e-17,3.34129e-17,8.08966e-17,1.96913e-16,4.72388e-16,1.10325e-15,2.49204e-15,5.42027e-15,1.13059e-14,2.25193e-14,4.26375e-14,7.63631e-14,1.28694e-13,2.02966e-13,2.97866e-13,4.04492e-13,5.05609e-13,5.79198e-13,6.06251e-13,5.79198e-13,5.05609e-13,4.04492e-13,2.97866e-13,2.02966e-13,1.28694e-13,7.63632e-14,4.26376e-14,2.25195e-14,1.13063e-14,5.42135e-15,2.49431e-15,1.10757e-15,4.79529e-16,2.06737e-16,9.17226e-17,4.34454e-17,2.24271e-17,1.24837e-17,7.25226e-18,4.25166e-18,2.45677e-18,1.38044e-18,7.48929e-19,3.90852e-19,1.95771e-19,9.39431e-20,4.311e-20,1.88806e-20,7.874e-21,3.11916e-21,1.17052e-21,4.14958e-22,1.38568e-22,4.34608e-23,1.27657e-23,3.50147e-24,8.94285e-25,2.12074e-25,4.65644e-26,9.43926e-27,1.76147e-27,3.01689e-28,4.72739e-29,6.75453e-30,8.76771e-31,1.02974e-31,1.08755e-32,1.02414e-33,8.51961e-35,6.1975e-36,3.89782e-37,2.09202e-38,9.43475e-40,3.50804e-41,1.04957e-42,2.44475e-44,4.2292e-46,0
0,3.61179e-47,2.14247e-45,9.4641e-44,3.26113e-42,9.05875e-41,2.07836e-39,4.01376e-38,6.62604e-37,9.47242e-36,1.18593e-34,1.31344e-33,1.29867e-32,1.15622e-31,9.32761e-31,6.84617e-30,4.58827e-29,2.8172e-28,1.58963e-27,8.26702e-27,3.97361e-26,1.77003e-25,7.32632e-25,2.82519e-24,1.01767e-23,3.43325e-23,1.08766e-22,3.24425e-22,9.13494e-22,2.43434e-21,6.15489e-21,1.47993e-20,3.39156e-20,7.42273e-20,1.55437e-19,3.12032e-19,6.01914e-19,1.11991e-18,2.02357e-18,3.59737e-18,6.43799e-18,1.20008e-17,2.41479e-17,5.32853e-17,1.26732e-16,3.12991e-16,7.74597e-16,1.87619e-15,4.40168e-15,9.94679e-15,2.1551e-14,4.45588e-14,8.74778e-14,1.62186e-13,2.82332e-13,4.5864e-13,6.90821e-13,9.58616e-13,1.21801e-12,1.40965e-12,1.48065e-12,1.40965e-12,1.21801e-12,9.58616e-13,6.90821e-13,4.5864e-13,2.82332e-13,1.62186e-13,8.74779e-14,4.45591e-14,2.1552e-14,9.94913e-15,4.407e-15,1.88711e-15,7.94047e-16,3.41248e-16,1.5777e-16,8.14077e-17,4.64749e-17,2.809e-17,1.71868e-17,1.03446e-17,6.0386e-18,3.3983e-18,1.83974e-18,9.57411e-19,4.7872e-19,2.29822e-19,1.05809e-19,4.66406e-20,1.96434e-20,7.88555e-21,3.00916e-21,1.08848e-21,3.72121e-22,1.19879e-22,3.62834e-23,1.02875e-23,2.72456e-24,6.72109e-25,1.54001e-25,3.26844e-26,6.4073e-27,1.15688e-27,1.91821e-28,2.91171e-29,4.03269e-30,5.07754e-31,5.77956e-32,5.90125e-33,5.35963e-34,4.29081e-35,2.99814e-36,1.80816e-37,9.29212e-39,4.00716e-40,1.42305e-41,4.06222e-43,9.01779e-45,0
0,7.48149e-46,3.46612e-44,1.25113e-42,3.63704e-41,8.72304e-40,1.75884e-38,3.02725e-37,4.50488e-36,5.86042e-35,6.73046e-34,6.88502e-33,6.32576e-32,5.26111e-31,3.98378e-30,2.75633e-29,1.74829e-28,1.01968e-27,5.48444e-27,2.72774e-26,1.25786e-25,5.39203e-25,2.15423e-24,8.04234e-24,2.81295e-23,9.24239e-23,2.86031e-22,8.36025e-22,2.31401e-21,6.08116e-21,1.52115e-20,3.63021e-20,8.28241e-20,1.80964e-19,3.79146e-19,7.6242e-19,1.47237e-18,2.73256e-18,4.88153e-18,8.43257e-18,1.42487e-17,2.41479e-17,4.29028e-17,8.42901e-17,1.87879e-16,4.61718e-16,1.18014e-15,2.9828e-15,7.31832e-15,1.73007e-14,3.91989e-14,8.46792e-14,1.73445e-13,3.34841e-13,6.05373e-13,1.01798e-12,1.5807e-12,2.24982e-12,2.9142e-12,3.41383e-12,3.60069e-12,3.41383e-12,2.9142e-12,2.24982e-12,1.5807e-12,1.01798e-12,6.05373e-13,3.34841e-13,1.73445e-13,8.46798e-14,3.92006e-14,1.73053e-14,7.32982e-15,3.00892e-15,1.23179e-15,5.43343e-16,2.7646e-16,1.62079e-16,1.02718e-16,6.60171e-17,4.15073e-17,2.51576e-17,1.4637e-17,8.17403e-18,4.38646e-18,2.26458e-18,1.12548e-18,5.3846e-19,2.47815e-19,1.09563e-19,4.64438e-20,1.88317e-20,7.28418e-21,2.68001e-21,9.3507e-22,3.08441e-22,9.58955e-23,2.80169e-23,7.66948e-24,1.96155e-24,4.67422e-25,1.03492e-25,2.12329e-26,4.02561e-27,7.03329e-28,1.1291e-28,1.66045e-29,2.22944e-30,2.71908e-31,2.99077e-32,2.94383e-33,2.57193e-34,1.97698e-35,1.32412e-36,7.64343e-38,3.75472e-39,1.54602e-40,5.2369e-42,1.42413e-43,0
0,1.14688e-44,4.34383e-43,1.32321e-41,3.32238e-40,7.00561e-39,1.25944e-37,1.95491e-36,2.64854e-35,3.16218e-34,3.35615e-33,3.19201e-32,2.74125e-31,2.1412e-30,1.52927e-29,1.00193e-28,6.03987e-28,3.35947e-27,1.72877e-26,8.2519e-26,3.66296e-25,1.51592e-24,5.86402e-24,2.12579e-23,7.24098e-23,2.32381e-22,7.04565e-22,2.02378e-21,5.52244e-21,1.43547e-20,3.56341e-20,8.4676e-20,1.92996e-19,4.22572e-19,8.89717e-19,1.80197e-18,3.50942e-18,6.56553e-18,1.17823e-17,2.02591e-17,3.34129e-17,5.32853e-17,8.42901e-17,1.40259e-16,2.68151e-16,6.1873e-16,1.6293e-15,4.33759e-15,1.12467e-14,2.8099e-14,6.72261e-14,1.53119e-13,3.29993e-13,6.68528e-13,1.2642e-12,2.21462e-12,3.56499e-12,5.22909e-12,6.9304e-12,8.2371e-12,8.73134e-12,8.2371e-12,6.9304e-12,5.22909e-12,3.56499e-12,2.21462e-12,1.2642e-12,6.68528e-13,3.29993e-13,1.5312e-13,6.72288e-14,2.81069e-14,1.12689e-14,4.39506e-15,1.76109e-15,8.5831e-16,5.20134e-16,3.52336e-16,2.41375e-16,1.5977e-16,1.00832e-16,6.06208e-17,3.48181e-17,1.91711e-17,1.01496e-17,5.17797e-18,2.54893e-18,1.21126e-18,5.55433e-19,2.45498e-19,1.04403e-19,4.2621e-20,1.66573e-20,6.21398e-21,2.20579e-21,7.42695e-22,2.36451e-22,7.09601e-23,2.00138e-23,5.28968e-24,1.30646e-24,3.00713e-25,6.43331e-26,1.27584e-26,2.33927e-27,3.9546e-28,6.14655e-29,8.75688e-30,1.13816e-30,1.34054e-31,1.42057e-32,1.34432e-33,1.12707e-34,8.30004e-36,5.31823e-37,2.93318e-38,1.37517e-39,5.39884e-41,1.74119e-42,0
0,1.35861e-43,4.34534e-42,1.1438e-40,2.52617e-39,4.75183e-38,7.70839e-37,1.08997e-35,1.35612e-34,1.49726e-33,1.47845e-32,1.31525e-31,1.06156e-30,7.82664e-30,5.29694e-29,3.30046e-28,1.89856e-27,1.01091e-26,4.99509e-26,2.29613e-25,9.84345e-25,3.94532e-24,1.4822e-23,5.23305e-23,1.74098e-22,5.47297e-22,1.63033e-21,4.61529e-21,1.2452e-20,3.21077e-20,7.93327e-20,1.88275e-19,4.30016e-19,9.46573e-19,2.00976e-18,4.1159e-18,8.12352e-18,1.54239e-17,2.80911e-17,4.88842e-17,8.08966e-17,1.26732e-16,1.87879e-16,2.68151e-16,3.96252e-16,7.24352e-16,1.9405e-15,5.53921e-15,1.54651e-14,4.1545e-14,1.06603e-13,2.59599e-13,5.95993e-13,1.28097e-12,2.55811e-12,4.70784e-12,7.91359e-12,1.20347e-11,1.63971e-11,1.98337e-11,2.11514e-11,1.98337e-11,1.63971e-11,1.20347e-11,7.91359e-12,4.70784e-12,2.55811e-12,1.28097e-12,5.95993e-13,2.596e-13,1.06607e-13,4.15556e-14,1.54999e-14,5.64764e-15,2.25028e-15,1.45163e-15,1.10904e-15,8.35859e-16,5.912e-16,3.90982e-16,2.43377e-16,1.43677e-16,8.09606e-17,4.37666e-17,2.2785e-17,1.14541e-17,5.56954e-18,2.62152e-18,1.19432e-18,5.26168e-19,2.23802e-19,9.17019e-20,3.60994e-20,1.3612e-20,4.90069e-21,1.67911e-21,5.45722e-22,1.67704e-22,4.85794e-23,1.32256e-23,3.37441e-24,8.04667e-25,1.78864e-25,3.69657e-26,7.08481e-27,1.256e-27,2.05413e-28,3.09052e-29,4.25878e-30,5.34148e-31,6.05678e-32,6.16626e-33,5.59575e-34,4.4916e-35,3.16235e-36,1.93482e-37,1.01787e-38,4.54756e-40,1.69857e-41,0
0,1.28142e-42,3.54451e-41,8.21186e-40,1.61897e-38,2.74986e-37,4.0666e-36,5.28464e-35,6.08498e-34,6.25548e-33,5.78235e-32,4.83865e-31,3.68941e-30,2.57976e-29,1.6618e-28,9.88845e-28,5.44924e-27,2.78789e-26,1.32738e-25,5.89572e-25,2.44881e-24,9.53505e-24,3.4894e-23,1.20334e-22,3.92131e-22,1.21092e-21,3.55405e-21,9.9437e-21,2.66001e-20,6.82314e-20,1.68274e-19,3.99957e-19,9.17918e-19,2.0369e-18,4.37302e-18,9.08158e-18,1.82235e-17,3.52585e-17,6.55562e-17,1.16572e-16,1.96913e-16,3.12991e-16,4.61718e-16,6.1873e-16,7.24352e-16,6.64211e-16,1.74948e-15,5.63812e-15,1.77307e-14,5.31392e-14,1.5072e-13,4.02215e-13,1.00381e-12,2.32748e-12,4.97713e-12,9.73483e-12,1.72531e-11,2.74192e-11,3.86392e-11,4.77543e-11,5.13093e-11,4.77543e-11,3.86392e-11,2.74192e-11,1.72531e-11,9.73483e-12,4.97713e-12,2.32748e-12,1.00381e-12,4.02216e-13,1.50722e-13,5.31473e-14,1.77649e-14,5.77938e-15,2.32589e-15,3.00915e-15,2.70696e-15,2.10095e-15,1.47059e-15,9.51437e-16,5.77869e-16,3.32982e-16,1.83405e-16,9.70911e-17,4.95979e-17,2.45192e-17,1.17524e-17,5.46701e-18,2.46852e-18,1.08117e-18,4.58678e-19,1.88091e-19,7.43607e-20,2.82567e-20,1.0287e-20,3.57579e-21,1.18278e-21,3.71059e-22,1.10052e-22,3.07643e-23,8.0822e-24,1.98999e-24,4.57998e-25,9.82803e-26,1.96145e-26,3.63179e-27,6.22316e-28,9.84277e-29,1.43104e-29,1.90124e-30,2.29364e-31,2.49643e-32,2.43511e-33,2.11389e-34,1.62087e-35,1.08882e-36,6.34946e-38,3.18086e-39,1.35075e-40,0
0,9.82954e-42,2.39564e-40,4.95843e-39,8.83451e-38,1.36917e-36,1.86256e-35,2.24214e-34,2.40617e-33,2.31787e-32,2.01735e-31,1.59635e-30,1.15555e-29,7.6982e-29,4.7402e-28,2.70451e-27,1.43319e-26,7.07052e-26,3.25493e-25,1.40149e-24,5.65758e-24,2.14655e-23,7.67435e-23,2.59242e-22,8.29786e-22,2.5241e-21,7.31904e-21,2.02936e-20,5.3971e-20,1.38085e-19,3.40797e-19,8.13266e-19,1.87998e-18,4.21486e-18,9.16914e-18,1.93483e-17,3.95545e-17,7.81677e-17,1.48827e-16,2.71697e-16,4.72388e-16,7.74597e-16,1.18014e-15,1.6293e-15,1.9405e-15,1.74948e-15,4.91177e-15,1.67168e-14,5.49456e-14,1.70976e-13,5.01143e-13,1.37725e-12,3.53043e-12,8.3905e-12,1.83587e-11,3.66793e-11,6.62788e-11,1.07138e-10,1.53063e-10,1.90916e-10,2.05806e-10,1.90916e-10,1.53063e-10,1.07138e-10,6.62788e-11,3.66793e-11,1.83587e-11,8.3905e-12,3.53043e-12,1.37725e-12,5.01147e-13,1.70994e-13,5.50283e-14,1.70819e-14,6.47009e-15,8.19192e-15,7.17689e-15,5.37499e-15,3.63115e-15,2.27307e-15,1.33966e-15,7.51139e-16,4.03593e-16,2.08908e-16,1.04579e-16,5.07734e-17,2.39541e-17,1.09942e-17,4.9106e-18,2.13353e-18,9.0061e-19,3.68655e-19,1.45969e-19,5.57405e-20,2.04606e-20,7.1945e-21,2.41489e-21,7.71098e-22,2.33452e-22,6.68023e-23,1.80135e-23,4.56454e-24,1.08402e-24,2.40672e-25,4.98308e-26,9.5989e-27,1.71618e-27,2.84094e-28,4.33747e-29,6.07358e-30,7.75328e-31,8.9687e-32,9.34301e-33,8.70888e-34,7.21448e-35,5.27277e-36,3.37272e-37,1.87119e-38,8.89895e-40,0
0,6.23086e-41,1.35849e-39,2.5437e-38,4.13974e-37,5.90825e-36,7.45369e-35,8.37226e-34,8.42888e-33,7.65394e-32,6.30676e-31,4.74329e-30,3.27502e-29,2.08788e-28,1.234e-27,6.777e-27,3.46619e-26,1.65472e-25,7.38965e-25,3.0942e-24,1.21767e-23,4.51493e-23,1.58144e-22,5.24734e-22,1.6542e-21,4.96975e-21,1.42744e-20,3.93241e-20,1.04236e-19,2.66649e-19,6.60102e-19,1.58498e-18,3.69764e-18,8.39031e-18,1.85236e-17,3.9771e-17,8.2937e-17,1.67621e-16,3.27285e-16,6.14618e-16,1.10325e-15,1.87619e-15,2.9828e-15,4.33759e-15,5.53921e-15,5.63812e-15,1.67168e-14,5.78693e-14,1.92817e-13,6.08169e-13,1.80743e-12,5.03865e-12,1.31083e-11,3.16324e-11,7.03028e-11,1.42691e-10,2.61856e-10,4.29431e-10,6.21088e-10,7.81362e-10,8.44986e-10,7.81362e-10,6.21088e-10,4.29431e-10,2.61856e-10,1.42691e-10,7.03028e-11,3.16324e-11,1.31083e-11,5.03865e-12,1.80744e-12,6.08219e-13,1.93047e-13,5.88832e-14,2.10347e-14,2.33786e-14,1.9067e-14,1.35429e-14,8.76165e-15,5.28566e-15,3.01597e-15,1.64308e-15,8.6035e-16,4.35089e-16,2.13275e-16,1.01609e-16,4.71393e-17,2.13215e-17,9.40694e-18,4.0474e-18,1.69659e-18,6.91695e-19,2.73636e-19,1.04737e-19,3.86608e-20,1.37139e-20,4.65806e-21,1.50958e-21,4.65174e-22,1.35851e-22,3.74853e-23,9.74461e-24,2.38015e-24,5.44855e-25,1.16614e-25,2.32812e-26,4.32569e-27,7.46278e-28,1.19111e-28,1.74938e-29,2.35083e-30,2.87398e-31,3.178e-32,3.15973e-33,2.80718e-34,2.21388e-35,1.53888e-36,9.35409e-38,4.91928e-39,0
0,3.3049e-40,6.52935e-39,1.11817e-37,1.67803e-36,2.22396e-35,2.62149e-34,2.76614e-33,2.62871e-32,2.26292e-31,1.77457e-30,1.27469e-29,8.433e-29,5.16663e-28,2.94272e-27,1.56148e-26,7.73559e-26,3.58547e-25,1.55827e-24,6.36457e-24,2.44883e-23,8.89831e-23,3.06186e-22,1.00055e-21,3.11452e-21,9.26464e-21,2.64232e-20,7.24949e-20,1.91957e-19,4.92028e-19,1.22414e-18,2.96264e-18,6.98586e-18,1.60638e-17,3.60285e-17,7.87734e-17,1.67684e-16,3.46811e-16,6.94878e-16,1.34337e-15,2.49204e-15,4.40168e-15,7.31832e-15,1.12467e-14,1.54651e-14,1.77307e-14,5.49456e-14,1.92817e-13,6.50122e-13,2.07637e-12,6.25381e-12,1.76843e-11,4.67089e-11,1.14534e-10,2.58841e-10,5.3446e-10,9.97764e-10,1.66319e-09,2.43978e-09,3.1006e-09,3.36594e-09,3.1006e-09,2.43978e-09,1.66319e-09,9.97764e-10,5.3446e-10,2.58841e-10,1.14534e-10,4.67089e-11,1.76843e-11,6.25384e-12,2.07651e-12,6.50744e-13,1.95554e-13,6.65666e-14,6.52886e-14,4.93596e-14,3.31463e-14,2.04937e-14,1.18984e-14,6.56692e-15,3.47395e-15,1.77185e-15,8.75095e-16,4.19889e-16,1.9622e-16,8.94682e-17,3.9851e-17,1.73506e-17,7.38353e-18,3.06876e-18,1.24387e-18,4.90638e-19,1.87815e-19,6.95478e-20,2.4825e-20,8.5105e-21,2.79179e-21,8.73209e-22,2.5953e-22,7.3065e-23,1.94267e-23,4.86477e-24,1.14444e-24,2.5232e-25,5.20173e-26,1.00053e-26,1.7916e-27,2.97629e-28,4.56364e-29,6.42366e-30,8.25538e-31,9.63405e-32,1.01529e-32,9.60733e-34,8.114e-35,6.07728e-36,4.00867e-37,2.30555e-38,0
0,1.48175e-39,2.68272e-38,4.24308e-37,5.92255e-36,7.34581e-35,8.14718e-34,8.12755e-33,7.33356e-32,6.01735e-31,4.51348e-30,3.11094e-29,1.98064e-28,1.17096e-27,6.45184e-27,3.31975e-26,1.5984e-25,7.21641e-25,3.06158e-24,1.22332e-23,4.6147e-23,1.6477e-22,5.58404e-22,1.80153e-21,5.55052e-21,1.63856e-20,4.65065e-20,1.27341e-19,3.3748e-19,8.68299e-19,2.1745e-18,5.31146e-18,1.26723e-17,2.95535e-17,6.73771e-17,1.50076e-16,3.26191e-16,6.9052e-16,1.41999e-15,2.82657e-15,5.42027e-15,9.94679e-15,1.73007e-14,2.8099e-14,4.1545e-14,5.31392e-14,1.70976e-13,6.08169e-13,2.07637e-12,6.72074e-12,2.05355e-11,5.89754e-11,1.58375e-10,3.95272e-10,9.10126e-10,1.91605e-09,3.64795e-09,6.19738e-09,9.24541e-09,1.18951e-08,1.2975e-08,1.18951e-08,9.24541e-09,6.19738e-09,3.64795e-09,1.91605e-09,9.10126e-10,3.95272e-10,1.58375e-10,5.89754e-11,2.05356e-11,6.7211e-12,2.07798e-12,6.15249e-13,2.01012e-13,1.7584e-13,1.23354e-13,7.82854e-14,4.62318e-14,2.58204e-14,1.37795e-14,7.07664e-15,3.51528e-15,1.69543e-15,7.9625e-16,3.64949e-16,1.63513e-16,7.16992e-17,3.0789e-17,1.29487e-17,5.33038e-18,2.14511e-18,8.42277e-19,3.2185e-19,1.19314e-19,4.27608e-20,1.47607e-20,4.88924e-21,1.54825e-21,4.6707e-22,1.33791e-22,3.62786e-23,9.28609e-24,2.23793e-24,5.06584e-25,1.07465e-25,2.13191e-26,3.94673e-27,6.79576e-28,1.08302e-28,1.58916e-29,2.13591e-30,2.6161e-31,2.90488e-32,2.90872e-33,2.6121e-34,2.09158e-35,1.48407e-36,9.24258e-38,0
0,5.66402e-39,9.49318e-38,1.39918e-36,1.83113e-35,2.14095e-34,2.24904e-33,2.1341e-32,1.83862e-31,1.44543e-30,1.04202e-29,6.92267e-29,4.25939e-28,2.43947e-27,1.30508e-26,6.53425e-26,3.06772e-25,1.35324e-24,5.6207e-24,2.20318e-23,8.16981e-23,2.87357e-22,9.61438e-22,3.06936e-21,9.38045e-21,2.75386e-20,7.79339e-20,2.13346e-19,5.66823e-19,1.4659e-18,3.69944e-18,9.12809e-18,2.2049e-17,5.21719e-17,1.20927e-16,2.74408e-16,6.08932e-16,1.31921e-15,2.78379e-15,5.70456e-15,1.13059e-14,2.1551e-14,3.91989e-14,6.72261e-14,1.06603e-13,1.5072e-13,5.01143e-13,1.80743e-12,6.25381e-12,2.05355e-11,6.37336e-11,1.86154e-10,5.09116e-10,1.29585e-09,3.04693e-09,6.55766e-09,1.27714e-08,2.21872e-08,3.37772e-08,4.41264e-08,4.843e-08,4.41264e-08,3.37772e-08,2.21872e-08,1.27714e-08,6.55766e-09,3.04693e-09,1.29585e-09,5.09116e-10,1.86154e-10,6.37338e-11,2.05364e-11,6.25777e-12,1.82488e-12,5.75225e-13,4.53399e-13,2.95776e-13,1.77496e-13,1.00132e-13,5.37969e-14,2.77618e-14,1.38426e-14,6.69799e-15,3.15528e-15,1.45071e-15,6.52248e-16,2.87194e-16,1.23974e-16,5.24985e-17,2.18117e-17,8.88741e-18,3.54768e-18,1.38498e-18,5.27511e-19,1.95438e-19,7.01918e-20,2.4347e-20,8.12504e-21,2.59883e-21,7.93817e-22,2.30766e-22,6.36443e-23,1.66046e-23,4.08723e-24,9.46912e-25,2.06014e-25,4.2003e-26,8.00893e-27,1.42364e-27,2.34804e-28,3.57522e-29,5.00089e-30,6.39469e-31,7.43878e-32,7.8334e-33,7.4296e-34,6.31327e-35,4.77949e-36,3.19399e-37,0
0,1.85985e-38,2.91271e-37,4.03402e-36,4.9875e-35,5.53497e-34,5.542e-33,5.03119e-32,4.16097e-31,3.14972e-30,2.19246e-29,1.40997e-28,8.41753e-28,4.68786e-27,2.44367e-26,1.19446e-25,5.48504e-25,2.37097e-24,9.66786e-24,3.72722e-23,1.36198e-22,4.73e-22,1.56582e-21,4.95675e-21,1.50556e-20,4.40335e-20,1.24454e-19,3.41111e-19,9.09642e-19,2.36693e-18,6.02385e-18,1.50212e-17,3.6743e-17,8.82089e-17,2.07828e-16,4.80305e-16,1.08774e-15,2.41051e-15,5.21715e-15,1.10002e-14,2.25193e-14,4.45588e-14,8.46792e-14,1.53119e-13,2.59599e-13,4.02215e-13,1.37725e-12,5.03865e-12,1.76843e-11,5.89754e-11,1.86154e-10,5.53844e-10,1.5455e-09,4.02072e-09,9.67979e-09,2.1365e-08,4.27218e-08,7.62166e-08,1.18941e-07,1.58423e-07,1.75308e-07,1.58423e-07,1.18941e-07,7.62166e-08,4.27218e-08,2.1365e-08,9.67979e-09,4.02072e-09,1.5455e-09,5.53844e-10,1.86154e-10,5.89774e-11,1.76936e-11,5.07941e-12,1.5506e-12,1.11181e-12,6.76418e-13,3.84293e-13,2.07231e-13,1.07155e-13,5.34939e-14,2.5908e-14,1.22164e-14,5.62347e-15,2.5323e-15,1.11734e-15,4.83677e-16,2.05602e-16,8.58717e-17,3.52448e-17,1.4211e-17,5.62404e-18,2.18121e-18,8.27196e-19,3.0588e-19,1.09919e-19,3.82441e-20,1.28337e-20,4.1376e-21,1.27682e-21,3.75804e-22,1.05154e-22,2.78889e-23,6.99198e-24,1.65298e-24,3.67667e-25,7.67825e-26,1.50255e-26,2.74679e-27,4.66944e-28,7.34566e-29,1.0643e-29,1.41365e-30,1.71341e-31,1.88634e-32,1.87749e-33,1.68124e-34,1.34764e-35,9.58201e-37,0
0,5.28172e-38,7.79666e-37,1.0227e-35,1.20311e-34,1.27564e-33,1.22477e-32,1.06968e-31,8.53594e-31,6.25122e-30,4.22005e-29,2.63792e-28,1.5339e-27,8.33644e-27,4.24841e-26,2.03369e-25,9.1612e-25,3.89119e-24,1.56169e-23,5.93601e-23,2.14233e-22,7.36175e-22,2.41603e-21,7.59762e-21,2.29735e-20,6.70387e-20,1.89476e-19,5.20525e-19,1.39441e-18,3.65272e-18,9.37772e-18,2.36343e-17,5.85332e-17,1.4252e-16,3.41153e-16,8.02476e-16,1.8534e-15,4.19814e-15,9.31153e-15,2.01829e-14,4.26375e-14,8.74778e-14,1.73445e-13,3.29993e-13,5.95993e-13,1.00381e-12,3.53043e-12,1.31083e-11,4.67089e-11,1.58375e-10,5.09116e-10,1.5455e-09,4.40936e-09,1.17542e-08,2.90633e-08,6.60332e-08,1.36188e-07,2.50846e-07,4.03707e-07,5.5143e-07,6.17232e-07,5.5143e-07,4.03707e-07,2.50846e-07,1.36188e-07,6.60332e-08,2.90633e-08,1.17542e-08,4.40936e-09,1.5455e-09,5.09116e-10,1.58379e-10,4.67292e-11,1.31979e-11,3.91294e-12,2.57503e-12,1.46613e-12,7.90021e-13,4.07723e-13,2.03098e-13,9.8167e-14,4.62162e-14,2.12528e-14,9.56673e-15,4.22236e-15,1.82961e-15,7.79138e-16,3.26324e-16,1.34484e-16,5.4544e-17,2.17652e-17,8.53847e-18,3.28852e-18,1.24091e-18,4.57544e-19,1.64314e-19,5.72637e-20,1.92914e-20,6.25778e-21,1.94706e-21,5.78978e-22,1.63987e-22,4.41048e-23,1.12328e-23,2.70227e-24,6.12671e-25,1.30643e-25,2.61491e-26,4.89837e-27,8.54952e-28,1.38379e-28,2.0675e-29,2.83881e-30,3.56646e-31,4.08188e-32,4.23746e-33,3.97225e-34,3.34686e-35,2.51179e-36,0
0,1.30531e-37,1.83119e-36,2.29202e-35,2.58314e-34,2.63315e-33,2.43822e-32,2.05952e-31,1.59355e-30,1.13418e-29,7.4568e-29,4.5484e-28,2.58544e-27,1.3759e-26,6.87676e-26,3.23337e-25,1.43279e-24,5.99536e-24,2.37399e-23,8.91653e-23,3.18489e-22,1.08498e-21,3.53621e-21,1.10641e-20,3.33517e-20,9.72174e-20,2.75039e-19,7.57868e-19,2.04041e-18,5.38198e-18,1.39376e-17,3.54914e-17,8.89512e-17,2.19516e-16,5.33418e-16,1.27589e-15,3.00218e-15,6.94301e-15,1.57629e-14,3.50783e-14,7.63631e-14,1.62186e-13,3.34841e-13,6.68528e-13,1.28097e-12,2.32748e-12,8.3905e-12,3.16324e-11,1.14534e-10,3.95272e-10,1.29585e-09,4.02072e-09,1.17542e-08,3.21967e-08,8.20518e-08,1.92764e-07,4.12347e-07,7.89601e-07,1.32128e-06,1.86663e-06,2.12488e-06,1.86663e-06,1.32128e-06,7.89601e-07,4.12347e-07,1.92764e-07,8.20518e-08,3.21967e-08,1.17542e-08,4.02072e-09,1.29586e-09,3.95281e-10,1.14575e-10,3.18169e-11,9.18144e-12,5.592e-12,2.9915e-12,1.53267e-12,7.5839e-13,3.64468e-13,1.70785e-13,7.82524e-14,3.51333e-14,1.54816e-14,6.70389e-15,2.8555e-15,1.19732e-15,4.94499e-16,2.01233e-16,8.06971e-17,3.18813e-17,1.24003e-17,4.74244e-18,1.78004e-18,6.5406e-19,2.34535e-19,8.17799e-20,2.76218e-20,9.00113e-21,2.81892e-21,8.4526e-22,2.41833e-22,6.58094e-23,1.69852e-23,4.14725e-24,9.55783e-25,2.07478e-25,4.2341e-26,8.09974e-27,1.44616e-27,2.39879e-28,3.68018e-29,5.19974e-30,6.73771e-31,7.97395e-32,8.58386e-33,8.37033e-34,7.36212e-35,5.78804e-36,0
0,2.8234e-37,3.79368e-36,4.56334e-35,4.95919e-34,4.88913e-33,4.39015e-32,3.60462e-31,2.71696e-30,1.88746e-29,1.21341e-28,7.24916e-28,4.04208e-27,2.1131e-26,1.03889e-25,4.81135e-25,2.10272e-24,8.68883e-24,3.40208e-23,1.26523e-22,4.48115e-22,1.51595e-21,4.91421e-21,1.53182e-20,4.60827e-20,1.343e-19,3.8056e-19,1.0522e-18,2.84738e-18,7.5614e-18,1.97444e-17,5.07685e-17,1.28659e-16,3.2149e-16,7.92157e-16,1.92435e-15,4.60682e-15,1.08617e-14,2.52013e-14,5.74792e-14,1.28694e-13,2.82332e-13,6.05373e-13,1.2642e-12,2.55811e-12,4.97713e-12,1.83587e-11,7.03028e-11,2.58841e-10,9.10126e-10,3.04693e-09,9.67979e-09,2.90633e-08,8.20518e-08,2.16392e-07,5.28447e-07,1.18065e-06,2.37168e-06,4.17329e-06,6.17663e-06,7.21886e-06,6.17663e-06,4.17329e-06,2.37168e-06,1.18065e-06,5.28447e-07,2.16392e-07,8.20518e-08,2.90633e-08,9.6798e-09,3.04694e-09,9.10143e-10,2.5892e-10,7.06561e-11,1.98809e-11,1.12969e-11,5.70397e-12,2.78738e-12,1.32565e-12,6.15921e-13,2.80314e-13,1.25209e-13,5.49698e-14,2.37461e-14,1.0102e-14,4.23507e-15,1.75055e-15,7.137e-16,2.87068e-16,1.13918e-16,4.45892e-17,1.72035e-17,6.53509e-18,2.43991e-18,8.9319e-19,3.19635e-19,1.11425e-19,3.76927e-20,1.23238e-20,3.87896e-21,1.1709e-21,3.37763e-22,9.2809e-23,2.42207e-23,5.98789e-24,1.39908e-24,3.08314e-25,6.39582e-26,1.24542e-26,2.26678e-27,3.8389e-28,6.02326e-29,8.71922e-30,1.15984e-30,1.41216e-31,1.56768e-32,1.58064e-33,1.4418e-34,1.17899e-35,0
0,5.37272e-37,6.96576e-36,8.10727e-35,8.54855e-34,8.19739e-33,7.17532e-32,5.75441e-31,4.24405e-30,2.88961e-29,1.82339e-28,1.07071e-27,5.87567e-27,3.02663e-26,1.4679e-25,6.71366e-25,2.9008e-24,1.18637e-23,4.60276e-23,1.6981e-22,5.97362e-22,2.00978e-21,6.48825e-21,2.01706e-20,6.06098e-20,1.76703e-19,5.01687e-19,1.3919e-18,3.78523e-18,1.01153e-17,2.66142e-17,6.90371e-17,1.76711e-16,4.46534e-16,1.11409e-15,2.74434e-15,6.67282e-15,1.60098e-14,3.78842e-14,8.83605e-14,2.02966e-13,4.5864e-13,1.01798e-12,2.21462e-12,4.70784e-12,9.73483e-12,3.66793e-11,1.42691e-10,5.3446e-10,1.91605e-09,6.55766e-09,2.1365e-08,6.60332e-08,1.92764e-07,5.28447e-07,1.34988e-06,3.17719e-06,6.77488e-06,1.27361e-05,2.014e-05,2.45912e-05,2.014e-05,1.27361e-05,6.77488e-06,3.17719e-06,1.34988e-06,5.28447e-07,1.92764e-07,6.60332e-08,2.1365e-08,6.55766e-09,1.91608e-09,5.34599e-10,1.43316e-10,3.93862e-11,2.10476e-11,1.00826e-11,4.71806e-12,2.16365e-12,9.74567e-13,4.31842e-13,1.88459e-13,8.10682e-14,3.4395e-14,1.43998e-14,5.95105e-15,2.42844e-15,9.7868e-16,3.89561e-16,1.53146e-16,5.94443e-17,2.27674e-17,8.59504e-18,3.19297e-18,1.16457e-18,4.15812e-19,1.44843e-19,4.90359e-20,1.60696e-20,5.0772e-21,1.5406e-21,4.47333e-22,1.23882e-22,3.26231e-23,8.14773e-24,1.92539e-24,4.29601e-25,9.03333e-26,1.78506e-26,3.30111e-27,5.68775e-28,9.09181e-29,1.34287e-29,1.82557e-30,2.27567e-31,2.59158e-32,2.68644e-33,2.5255e-34,2.13346e-35,0
0,9.03569e-37,1.13837e-35,1.29029e-34,1.3279e-33,1.24528e-32,1.06787e-31,8.40341e-31,6.09026e-30,4.08004e-29,2.53629e-28,1.46882e-27,7.95753e-27,4.0507e-26,1.94321e-25,8.79891e-25,3.76727e-24,1.52815e-23,5.88576e-23,2.1578e-22,7.5508e-22,2.52977e-21,8.14212e-21,2.52657e-20,7.58755e-20,2.21365e-19,6.29739e-19,1.75284e-18,4.78798e-18,1.28662e-17,3.40763e-17,8.90691e-17,2.29958e-16,5.86715e-16,1.47969e-15,3.68899e-15,9.09133e-15,2.21455e-14,5.33102e-14,1.26795e-13,2.97866e-13,6.90821e-13,1.5807e-12,3.56499e-12,7.91359e-12,1.72531e-11,6.62788e-11,2.61856e-10,9.97764e-10,3.64795e-09,1.27714e-08,4.27218e-08,1.36188e-07,4.12347e-07,1.18065e-06,3.17719e-06,7.96191e-06,1.83033e-05,3.75862e-05,6.54522e-05,8.62433e-05,6.54522e-05,3.75862e-05,1.83033e-05,7.96191e-06,3.17719e-06,1.18065e-06,4.12347e-07,1.36188e-07,4.27218e-08,1.27714e-08,3.648e-09,9.97988e-10,2.62868e-10,7.06912e-11,3.58233e-11,1.63809e-11,7.37605e-12,3.2751e-12,1.43526e-12,6.21168e-13,2.65601e-13,1.12231e-13,4.68744e-14,1.93534e-14,7.89978e-15,3.1881e-15,1.27209e-15,5.01831e-16,1.95697e-16,7.54151e-17,2.87017e-17,1.07765e-17,3.98558e-18,1.44875e-18,5.16131e-19,1.7961e-19,6.08229e-20,1.9963e-20,6.32487e-21,1.9268e-21,5.6232e-22,1.56684e-22,4.15572e-23,1.04635e-23,2.49505e-24,5.62269e-25,1.1952e-25,2.38984e-26,4.47647e-27,7.82039e-28,1.26894e-28,1.9048e-29,2.63519e-30,3.34766e-31,3.89137e-32,4.12464e-33,3.97263e-34,3.4447e-35,0
0,1.3482e-36,1.66169e-35,1.84561e-34,1.86441e-33,1.71879e-32,1.45091e-31,1.1253e-30,8.04678e-30,5.32424e-29,3.27191e-28,1.87478e-27,1.00575e-26,5.07334e-26,2.41352e-25,1.08451e-24,4.61117e-24,1.85883e-23,7.1201e-23,2.59799e-22,9.05549e-22,3.02459e-21,9.7137e-21,3.01062e-20,9.0393e-20,2.63931e-19,7.52186e-19,2.0995e-18,5.75618e-18,1.55389e-17,4.13778e-17,1.08826e-16,2.82938e-16,7.27566e-16,1.85104e-15,4.66024e-15,1.1612e-14,2.8639e-14,6.99217e-14,1.6901e-13,4.04492e-13,9.58616e-13,2.24982e-12,5.22909e-12,1.20347e-11,2.74192e-11,1.07138e-10,4.29431e-10,1.66319e-09,6.19738e-09,2.21872e-08,7.62166e-08,2.50846e-07,7.89601e-07,2.37168e-06,6.77488e-06,1.83033e-05,4.62739e-05,0.000107034,0.000214768,0.000323829,0.000214768,0.000107034,4.62739e-05,1.83033e-05,6.77488e-06,2.37168e-06,7.89601e-07,2.50846e-07,7.62166e-08,2.21872e-08,6.19745e-09,1.66351e-09,4.30921e-10,1.13676e-10,5.51254e-11,2.42382e-11,1.05663e-11,4.56615e-12,1.95564e-12,8.29931e-13,3.48904e-13,1.45274e-13,5.98968e-14,2.44499e-14,9.87965e-15,3.95129e-15,1.56391e-15,6.1248e-16,2.37291e-16,9.09113e-17,3.44212e-17,1.28666e-17,4.74102e-18,1.71842e-18,6.11002e-19,2.12411e-19,7.1929e-20,2.36312e-20,7.50165e-21,2.29189e-21,6.71393e-22,1.8794e-22,5.01169e-23,1.26965e-23,3.04843e-24,6.9221e-25,1.48368e-25,2.99359e-26,5.66259e-27,9.9981e-28,1.64102e-28,2.49408e-29,3.497e-30,4.5074e-31,5.32247e-32,5.73858e-33,5.6306e-34,4.9808e-35,0
0,1.79026e-36,2.17266e-35,2.37881e-34,2.3717e-33,2.16024e-32,1.8034e-31,1.38441e-30,9.80612e-30,6.43165e-29,3.92048e-28,2.22959e-27,1.1878e-26,5.95339e-26,2.81552e-25,1.25834e-24,5.32416e-24,2.13687e-23,8.15367e-23,2.96533e-22,1.0308e-21,3.43575e-21,1.10184e-20,3.41248e-20,1.02457e-19,2.99368e-19,8.54402e-19,2.38988e-18,6.57063e-18,1.77982e-17,4.75841e-17,1.25724e-16,3.28563e-16,8.49792e-16,2.17605e-15,5.51841e-15,1.38632e-14,3.45093e-14,8.51475e-14,2.08321e-13,5.05609e-13,1.21801e-12,2.9142e-12,6.9304e-12,1.63971e-11,3.86392e-11,1.53063e-10,6.21088e-10,2.43978e-09,9.24541e-09,3.37772e-08,1.18941e-07,4.03707e-07,1.32128e-06,4.17329e-06,1.27361e-05,3.75862e-05,0.000107034,0.000290328,0.000715838,0.00136348,0.000715838,0.000290328,0.000107034,3.75862e-05,1.27361e-05,4.17329e-06,1.32128e-06,4.03707e-07,1.18941e-07,3.37772e-08,9.2455e-09,2.44022e-09,6.23068e-10,1.61796e-10,7.58641e-11,3.23624e-11,1.37611e-11,5.82474e-12,2.45151e-12,1.02502e-12,4.25455e-13,1.75199e-13,7.1541e-14,2.89562e-14,1.1613e-14,4.61356e-15,1.81515e-15,7.07071e-16,2.72622e-16,1.03998e-16,3.92264e-17,1.46144e-17,5.37019e-18,1.94224e-18,6.89527e-19,2.39506e-19,8.10928e-20,2.66571e-20,8.473e-21,2.59371e-21,7.61781e-22,2.13925e-22,5.72614e-23,1.45692e-23,3.51501e-24,8.02435e-25,1.73003e-25,3.51296e-26,6.69118e-27,1.19031e-27,1.9696e-28,3.01981e-29,4.27444e-30,5.56622e-31,6.6461e-32,7.25251e-33,7.20982e-34,6.4682e-35,0
0,2.12039e-36,2.54976e-35,2.76799e-34,2.73824e-33,2.47624e-32,2.05356e-31,1.56684e-30,1.10358e-29,7.20047e-29,4.36794e-28,2.47296e-27,1.31202e-26,6.55093e-26,3.08726e-25,1.37537e-24,5.80246e-24,2.3228e-23,8.84298e-23,3.20979e-22,1.11401e-21,3.70861e-21,1.18839e-20,3.67908e-20,1.10466e-19,3.22926e-19,9.22481e-19,2.58375e-18,7.11598e-18,1.93161e-17,5.17696e-17,1.37168e-16,3.59608e-16,9.33399e-16,2.39967e-15,6.11279e-15,1.5434e-14,3.86402e-14,9.59659e-14,2.36564e-13,5.79198e-13,1.40965e-12,3.41383e-12,8.2371e-12,1.98337e-11,4.77543e-11,1.90916e-10,7.81362e-10,3.1006e-09,1.18951e-08,4.41264e-08,1.58423e-07,5.5143e-07,1.86663e-06,6.17663e-06,2.014e-05,6.54522e-05,0.000214768,0.000715838,0.00236108,0.0066618,0.00236108,0.000715838,0.000214768,6.54522e-05,2.014e-05,6.17663e-06,1.86663e-06,5.5143e-07,1.58423e-07,4.41264e-08,1.18952e-08,3.10112e-09,7.83719e-10,2.01346e-10,9.24007e-11,3.86586e-11,1.61797e-11,6.75924e-12,2.81372e-12,1.16557e-12,4.79953e-13,1.96287e-13,7.96736e-14,3.2079e-14,1.28059e-14,5.06661e-15,1.98608e-15,7.71114e-16,2.96439e-16,1.12785e-16,4.24413e-17,1.57801e-17,5.78862e-18,2.09074e-18,7.41527e-19,2.57423e-19,8.71474e-20,2.86558e-20,9.11482e-21,2.79332e-21,8.21651e-22,2.31172e-22,6.20158e-23,1.58192e-23,3.82756e-24,8.76566e-25,1.89645e-25,3.86551e-26,7.39308e-27,1.32106e-27,2.19652e-28,3.38535e-29,4.81896e-30,6.3137e-31,7.58858e-32,8.34055e-33,8.35631e-34,7.55978e-35,0
0,2.24311e-36,2.6891e-35,2.91102e-34,2.87226e-33,2.59125e-32,2.14422e-31,1.6327e-30,1.14781e-29,7.47607e-29,4.52785e-28,2.55969e-27,1.35617e-26,6.76279e-26,3.18339e-25,1.41669e-24,5.97102e-24,2.38822e-23,9.08521e-23,3.2956e-22,1.14319e-21,3.80427e-21,1.21872e-20,3.77253e-20,1.13275e-19,3.31192e-19,9.46394e-19,2.65194e-18,7.30805e-18,1.98516e-17,5.32491e-17,1.41221e-16,3.70632e-16,9.63167e-16,2.47954e-15,6.32577e-15,1.59991e-14,4.01326e-14,9.98937e-14,2.46877e-13,6.06251e-13,1.48065e-12,3.60069e-12,8.73134e-12,2.11514e-11,5.13093e-11,2.05806e-10,8.44986e-10,3.36594e-09,1.2975e-08,4.843e-08,1.75308e-07,6.17232e-07,2.12488e-06,7.21886e-06,2.45912e-05,8.62433e-05,0.000323829,0.00136348,0.0066618,0.0378804,0.0066618,0.00136348,0.000323829,8.62433e-05,2.45912e-05,7.21886e-06,2.12488e-06,6.17232e-07,1.75308e-07,4.843e-08,1.29751e-08,3.36649e-09,8.47485e-10,2.16881e-10,9.87875e-11,4.10524e-11,1.70878e-11,7.10646e-12,2.94715e-12,1.21696e-12,4.9976e-13,2.03911e-13,8.26004e-14,3.31984e-14,1.3232e-14,5.22793e-15,2.04678e-15,7.93799e-16,3.04856e-16,1.15885e-16,4.35732e-17,1.61898e-17,5.93549e-18,2.1428e-18,7.59738e-19,2.63694e-19,8.92653e-20,2.93549e-20,9.33934e-21,2.86318e-21,8.42619e-22,2.37218e-22,6.36847e-23,1.62587e-23,3.93763e-24,9.02723e-25,1.95529e-25,3.99048e-26,7.64254e-27,1.36766e-27,2.27766e-28,3.51649e-29,5.01501e-30,6.58389e-31,7.9307e-32,8.73735e-33,8.77653e-34,7.96203e-35,0
0,2.12039e-36,2.54976e-35,2.76799e-34,2.73824e-33,2.47624e-32,2.05356e-31,1.56684e-30,1.10358e-29,7.20047e-29,4.36794e-28,2.47296e-27,1.31202e-26,6.55093e-26,3.08726e-25,1.37537e-24,5.80246e-24,2.3228e-23,8.84298e-23,3.20979e-22,1.11401e-21,3.70861e-21,1.18839e-20,3.67908e-20,1.10466e-19,3.22926e-19,9.22481e-19,2.58375e-18,7.11598e-18,1.93161e-17,5.17696e-17,1.37168e-16,3.59608e-16,9.33399e-16,2.39967e-15,6.11279e-15,1.5434e-14,3.86402e-14,9.59659e-14,2.36564e-13,5.79198e-13,1.40965e-12,3.41383e-12,8.2371e-12,1.98337e-11,4.77543e-11,1.90916e-10,7.81362e-10,3.1006e-09,1.18951e-08,4.41264e-08,1.58423e-07,5.5143e-07,1.86663e-06,6.17663e-06,2.014e-05,6.54522e-05,0.000214768,0.000715838,0.00236108,0.0066618,0.00236108,0.000715838,0.000214768,6.54522e-05,2.014e-05,6.17663e-06,1.86663e-06,5.5143e-07,1.58423e-07,4.41264e-08,1.18952e-08,3.10112e-09,7.83719e-10,2.01346e-10,9.24007e-11,3.86586e-11,1.61797e-11,6.75924e-12,2.81372e-12,1.16557e-12,4.79953e-13,1.96287e-13,7.96736e-14,3.2079e-14,1.28059e-14,5.06661e-15,1.98608e-15,7.71114e-16,2.96439e-16,1.12785e-16,4.24413e-17,1.57801e-17,5.78862e-18,2.09074e-18,7.41527e-19,2.57423e-19,8.71474e-20,2.86558e-20,9.11482e-21,2.79332e-21,8.21651e-22,2.31172e-22,6.20158e-23,1.58192e-23,3.82756e-24,8.76566e-25,1.89645e-25,3.86551e-26,7.39308e-27,1.32106e-27,2.19652e-28,3.38535e-29,4.81896e-30,6.3137e-31,7.58858e-32,8.34055e-33,8.35631e-34,7.55978e-35,0
0,1.79026e-36,2.17266e-35,2.37881e-34,2.3717e-33,2.16024e-32,1.8034e-31,1.38441e-30,9.80612e-30,6.43165e-29,3.92048e-28,2.22959e-27,1.1878e-26,5.95339e-26,2.81552e-25,1.25834e-24,5.32416e-24,2.13687e-23,8.15367e-23,2.96533e-22,1.0308e-21,3.43575e-21,1.10184e-20,3.41248e-20,1.02457e-19,2.99368e-19,8.54402e-19,2.38988e-18,6.57063e-18,1.77982e-17,4.75841e-17,1.25724e-16,3.28563e-16,8.49792e-16,2.17605e-15,5.51841e-15,1.38632e-14,3.45093e-14,8.51475e-14,2.08321e-13,5.05609e-13,1.21801e-12,2.9142e-12,6.9304e-12,1.63971e-11,3.86392e-11,1.53063e-10,6.21088e-10,2.43978e-09,9.24541e-09,3.37772e-08,1.18941e-07,4.03707e-07,1.32128e-06,4.17329e-06,1.27361e-05,3.75862e-05,0.000107034,0.000290328,0.000715838,0.00136348,0.000715838,0.000290328,0.000107034,3.75862e-05,1.27361e-05,4.17329e-06,1.32128e-06,4.03707e-07,1.18941e-07,3.37772e-08,9.2455e-09,2.44022e-09,6.23068e-10,1.61796e-10,7.58641e-11,3.23624e-11,1.37611e-11,5.82474e-12,2.45151e-12,1.02502e-12,4.25455e-13,1.75199e-13,7.1541e-14,2.89562e-14,1.1613e-14,4.61356e-15,1.81515e-15,7.07071e-16,2.72622e-16,1.03998e-16,3.92264e-17,1.46144e-17,5.37019e-18,1.94224e-18,6.89527e-19,2.39506e-19,8.10928e-20,2.66571e-20,8.473e-21,2.59371e-21,7.61781e-22,2.13925e-22,5.72614e-23,1.45692e-23,3.51501e-24,8.02435e-25,1.73003e-25,3.51296e-26,6.69118e-27,1.19031e-27,1.9696e-28,3.01981e-29,4.27444e-30,5.56622e-31,6.6461e-32,7.25251e-33,7.20982e-34,6.4682e-35,0
0,1.3482e-36,1.66169e-35,1.84561e-34,1.86441e-33,1.71879e-32,1.45091e-31,1.1253e-30,8.04678e-30,5.32424e-29,3.27191e-28,1.87478e-27,1.00575e-26,5.07334e-26,2.41352e-25,1.08451e-24,4.61117e-24,1.85883e-23,7.1201e-23,2.59799e-22,9.05549e-22,3.02459e-21,9.7137e-21,3.01062e-20,9.0393e-20,2.63931e-19,7.52186e-19,2.0995e-18,5.75618e-18,1.55389e-17,4.13778e-17,1.08826e-16,2.82938e-16,7.27566e-16,1.85104e-15,4.66024e-15,1.1612e-14,2.8639e-14,6.99217e-14,1.6901e-13,4.04492e-13,9.58616e-13,2.24982e-12,5.22909e-12,1.20347e-11,2.74192e-11,1.07138e-10,4.29431e-10,1.66319e-09,6.19738e-09,2.21872e-08,7.62166e-08,2.50846e-07,7.89601e-07,2.37168e-06,6.77488e-06,1.83033e-05,4.62739e-05,0.000107034,0.000214768,0.000323829,0.000214768,0.000107034,4.62739e-05,1.83033e-05,6.77488e-06,2.37168e-06,7.89601e-07,2.50846e-07,7.62166e-08,2.21872e-08,6.19745e-09,1.66351e-09,4.30921e-10,1.13676e-10,5.51254e-11,2.42382e-11,1.05663e-11,4.56615e-12,1.95564e-12,8.29931e-13,3.48904e-13,1.45274e-13,5.98968e-14,2.44499e-14,9.87965e-15,3.95129e-15,1.56391e-15,6.1248e-16,2.37291e-16,9.09113e-17,3.44212e-17,1.28666e-17,4.74102e-18,1.71842e-18,6.11002e-19,2.12411e-19,7.1929e-20,2.36312e-20,7.50165e-21,2.29189e-21,6.71393e-22,1.8794e-22,5.01169e-23,1.26965e-23,3.04843e-24,6.9221e-25,1.48368e-25,2.99359e-26,5.66259e-27,9.9981e-28,1.64102e-28,2.49408e-29,3.497e-30,4.5074e-31,5.32247e-32,5.73858e-33,5.6306e-34,4.9808e-35,0
0,9.03569e-37,1.13837e-35,1.29029e-34,1.3279e-33,1.24528e-32,1.06787e-31,8.40341e-31,6.09026e-30,4.08004e-29,2.53629e-28,1.46882e-27,7.95753e-27,4.0507e-26,1.94321e-25,8.79891e-25,3.76727e-24,1.52815e-23,5.88576e-23,2.1578e-22,7.5508e-22,2.52977e-21,8.14212e-21,2.52657e-20,7.58755e-20,2.21365e-19,6.29739e-19,1.75284e-18,4.78798e-18,1.28662e-17,3.40763e-17,8.90691e-17,2.29958e-16,5.86715e-16,1.47969e-15,3.68899e-15,9.09133e-15,2.21455e-14,5.33102e-14,1.26795e-13,2.97866e-13,6.90821e-13,1.5807e-12,3.56499e-12,7.91359e-12,1.72531e-11,6.62788e-11,2.61856e-10,9.97764e-10,3.64795e-09,1.27714e-08,4.27218e-08,1.36188e-07,4.12347e-07,1.18065e-06,3.17719e-06,7.96191e-06,1.83033e-05,3.75862e-05,6.54522e-05,8.62433e-05,6.54522e-05,3.75862e-05,1.83033e-05,7.96191e-06,3.17719e-06,1.18065e-06,4.12347e-07,1.36188e-07,4.27218e-08,1.27714e-08,3.648e-09,9.97988e-10,2.62868e-10,7.06912e-11,3.58233e-11,1.63809e-11,7.37605e-12,3.2751e-12,1.43526e-12,6.21168e-13,2.65601e-13,1.12231e-13,4.68744e-14,1.93534e-14,7.89978e-15,3.1881e-15,1.27209e-15,5.01831e-16,1.95697e-16,7.54151e-17,2.87017e-17,1.07765e-17,3.98558e-18,1.44875e-18,5.16131e-19,1.7961e-19,6.08229e-20,1.9963e-20,6.32487e-21,1.9268e-21,5.6232e-22,1.56684e-22,4.15572e-23,1.04635e-23,2.49505e-24,5.62269e-25,1.1952e-25,2.38984e-26,4.47647e-27,7.82039e-28,1.26894e-28,1.9048e-29,2.63519e-30,3.34766e-31,3.89137e-32,4.12464e-33,3.97263e-34,3.4447e-35,0
0,5.37272e-37,6.96576e-36,8.10727e-35,8.54855e-34,8.19739e-33,7.17532e-32,5.75441e-31,4.24405e-30,2.88961e-29,1.82339e-28,1.07071e-27,5.87567e-27,3.02663e-26,1.4679e-25,6.71366e-25,2.9008e-24,1.18637e-23,4.60276e-23,1.6981e-22,5.97362e-22,2.00978e-21,6.48825e-21,2.01706e-20,6.06098e-20,1.76703e-19,5.01687e-19,1.3919e-18,3.78523e-18,1.01153e-17,2.66142e-17,6.90371e-17,1.76711e-16,4.46534e-16,1.11409e-15,2.74434e-15,6.67282e-15,1.60098e-14,3.78842e-14,8.83605e-14,2.02966e-13,4.5864e-13,1.01798e-12,2.21462e-12,4.70784e-12,9.73483e-12,3.66793e-11,1.42691e-10,5.3446e-10,1.91605e-09,6.55766e-09,2.1365e-08,6.60332e-08,1.92764e-07,5.28447e-07,1.34988e-06,3.17719e-06,6.77488e-06,1.27361e-05,2.014e-05,2.45912e-05,2.014e-05,1.27361e-05,6.77488e-06,3.17719e-06,1.34988e-06,5.28447e-07,1.92764e-07,6.60332e-08,2.1365e-08,6.55766e-09,1.91608e-09,5.34599e-10,1.43316e-10,3.93862e-11,2.10476e-11,1.00826e-11,4.71806e-12,2.16365e-12,9.74567e-13,4.31842e-13,1.88459e-13,8.10682e-14,3.4395e-14,1.43998e-14,5.95105e-15,2.42844e-15,9.7868e-16,3.89561e-16,1.53146e-16,5.94443e-17,2.27674e-17,8.59504e-18,3.19297e-18,1.16457e-18,4.15812e-19,1.44843e-19,4.90359e-20,1.60696e-20,5.0772e-21,1.5406e-21,4.47333e-22,1.23882e-22,3.26231e-23,8.14773e-24,1.92539e-24,4.29601e-25,9.03333e-26,1.78506e-26,3.30111e-27,5.68775e-28,9.09181e-29,1.34287e-29,1.82557e-30,2.27567e-31,2.59158e-32,2.68644e-33,2.5255e-34,2.13346e-35,0
0,2.8234e-37,3.79368e-36,4.56334e-35,4.95919e-34,4.88913e-33,4.39015e-32,3.60462e-31,2.71696e-30,1.88746e-29,1.21341e-28,7.24916e-28,4.04208e-27,2.1131e-26,1.03889e-25,4.81135e-25,2.10272e-24,8.68883e-24,3.40208e-23,1.26523e-22,4.48115e-22,1.51595e-21,4.91421e-21,1.53182e-20,4.60827e-20,1.343e-19,3.8056e-19,1.0522e-18,2.84738e-18,7.5614e-18,1.97444e-17,5.07685e-17,1.28659e-16,3.2149e-16,7.92157e-16,1.92435e-15,4.60682e-15,1.08617e-14,2.52013e-14,5.74792e-14,1.28694e-13,2.82332e-13,6.05373e-13,1.2642e-12,2.55811e-12,4.97713e-12,1.83587e-11,7.03028e-11,2.58841e-10,9.10126e-10,3.04693e-09,9.67979e-09,2.90633e-08,8.20518e-08,2.16392e-07,5.28447e-07,1.18065e-06,2.37168e-06,4.17329e-06,6.17663e-06,7.21886e-06,6.17663e-06,4.17329e-06,2.37168e-06,1.18065e-06,5.28447e-07,2.16392e-07,8.20518e-08,2.90633e-08,9.6798e-09,3.04694e-09,9.10143e-10,2.5892e-10,7.06561e-11,1.98809e-11,1.12969e-11,5.70397e-12,2.78738e-12,1.32565e-12,6.15921e-13,2.80314e-13,1.25209e-13,5.49698e-14,2.37461e-14,1.0102e-14,4.23507e-15,1.75055e-15,7.137e-16,2.87068e-16,1.13918e-16,4.45892e-17,1.72035e-17,6.53509e-18,2.43991e-18,8.9319e-19,3.19635e-19,1.11425e-19,3.76927e-20,1.23238e-20,3.87896e-21,1.1709e-21,3.37763e-22,9.2809e-23,2.42207e-23,5.98789e-24,1.39908e-24,3.08314e-25,6.39582e-26,1.24542e-26,2.26678e-27,3.8389e-28,6.02326e-29,8.71922e-30,1.15984e-30,1.41216e-31,1.56768e-32,1.58064e-33,1.4418e-34,1.17899e-35,0
0,1.30531e-37,1.83119e-36,2.29202e-35,2.58314e-34,2.63315e-33,2.43822e-32,2.05952e-31,1.59355e-30,1.13418e-29,7.4568e-29,4.5484e-28,2.58544e-27,1.3759e-26,6.87676e-26,3.23337e-25,1.43279e-24,5.99536e-24,2.37399e-23,8.91653e-23,3.18489e-22,1.08498e-21,3.53621e-21,1.10641e-20,3.33517e-20,9.72174e-20,2.75039e-19,7.57868e-19,2.04041e-18,5.38198e-18,1.39376e-17,3.54914e-17,8.89512e-17,2.19516e-16,5.33418e-16,1.27589e-15,3.00218e-15,6.94301e-15,1.57629e-14,3.50783e-14,7.63632e-14,1.62186e-13,3.34841e-13,6.68528e-13,1.28097e-12,2.32748e-12,8.3905e-12,3.16324e-11,1.14534e-10,3.95272e-10,1.29585e-09,4.02072e-09,1.17542e-08,3.21967e-08,8.20518e-08,1.92764e-07,4.12347e-07,7.89601e-07,1.32128e-06,1.86663e-06,2.12488e-06,1.86663e-06,1.32128e-06,7.89601e-07,4.12347e-07,1.92764e-07,8.20518e-08,3.21967e-08,1.17542e-08,4.02072e-09,1.29586e-09,3.95281e-10,1.14575e-10,3.18169e-11,9.18144e-12,5.592e-12,2.9915e-12,1.53267e-12,7.5839e-13,3.64468e-13,1.70785e-13,7.82524e-14,3.51333e-14,1.54816e-14,6.70389e-15,2.8555e-15,1.19732e-15,4.94499e-16,2.01233e-16,8.06971e-17,3.18813e-17,1.24003e-17,4.74244e-18,1.78004e-18,6.5406e-19,2.34535e-19,8.17799e-20,2.76218e-20,9.00113e-21,2.81892e-21,8.4526e-22,2.41833e-22,6.58094e-23,1.69852e-23,4.14725e-24,9.55783e-25,2.07478e-25,4.2341e-26,8.09974e-27,1.44616e-27,2.39879e-28,3.68018e-29,5.19974e-30,6.73771e-31,7.97395e-32,8.58386e-33,8.37033e-34,7.36212e-35,5.78804e-36,0
0,5.28172e-38,7.79666e-37,1.0227e-35,1.20311e-34,1.27564e-33,1.22477e-32,1.06968e-31,8.53594e-31,6.25122e-30,4.22005e-29,2.63792e-28,1.5339e-27,8.33644e-27,4.24841e-26,2.03369e-25,9.1612e-25,3.89119e-24,1.56169e-23,5.93601e-23,2.14233e-22,7.36175e-22,2.41603e-21,7.59762e-21,2.29735e-20,6.70387e-20,1.89476e-19,5.20525e-19,1.39441e-18,3.65272e-18,9.37772e-18,2.36344e-17,5.85333e-17,1.4252e-16,3.41154e-16,8.02477e-16,1.85341e-15,4.19815e-15,9.31155e-15,2.0183e-14,4.26376e-14,8.74779e-14,1.73445e-13,3.29993e-13,5.95993e-13,1.00381e-12,3.53043e-12,1.31083e-11,4.67089e-11,1.58375e-10,5.09116e-10,1.5455e-09,4.40936e-09,1.17542e-08,2.90633e-08,6.60332e-08,1.36188e-07,2.50846e-07,4.03707e-07,5.5143e-07,6.17232e-07,5.5143e-07,4.03707e-07,2.50846e-07,1.36188e-07,6.60332e-08,2.90633e-08,1.17542e-08,4.40936e-09,1.5455e-09,5.09116e-10,1.58379e-10,4.67292e-11,1.31979e-11,3.91294e-12,2.57503e-12,1.46613e-12,7.90022e-13,4.07723e-13,2.03099e-13,9.81671e-14,4.62163e-14,2.12529e-14,9.56674e-15,4.22237e-15,1.82961e-15,7.79138e-16,3.26324e-16,1.34484e-16,5.4544e-17,2.17652e-17,8.53847e-18,3.28852e-18,1.24091e-18,4.57544e-19,1.64314e-19,5.72637e-20,1.92914e-20,6.25778e-21,1.94706e-21,5.78978e-22,1.63987e-22,4.41048e-23,1.12328e-23,2.70227e-24,6.12671e-25,1.30643e-25,2.61491e-26,4.89837e-27,8.54952e-28,1.38379e-28,2.0675e-29,2.83881e-30,3.56646e-31,4.08188e-32,4.23746e-33,3.97225e-34,3.34686e-35,2.51179e-36,0
0,1.85985e-38,2.91271e-37,4.03402e-36,4.9875e-35,5.53497e-34,5.542e-33,5.03119e-32,4.16097e-31,3.14972e-30,2.19246e-29,1.40997e-28,8.41753e-28,4.68786e-27,2.44367e-26,1.19446e-25,5.48504e-25,2.37097e-24,9.66786e-24,3.72722e-23,1.36198e-22,4.73e-22,1.56582e-21,4.95675e-21,1.50556e-20,4.40335e-20,1.24454e-19,3.41111e-19,9.09642e-19,2.36693e-18,6.02385e-18,1.50212e-17,3.67431e-17,8.82091e-17,2.07828e-16,4.80307e-16,1.08775e-15,2.41053e-15,5.21719e-15,1.10003e-14,2.25195e-14,4.45591e-14,8.46798e-14,1.5312e-13,2.596e-13,4.02216e-13,1.37725e-12,5.03865e-12,1.76843e-11,5.89754e-11,1.86154e-10,5.53844e-10,1.5455e-09,4.02072e-09,9.6798e-09,2.1365e-08,4.27218e-08,7.62166e-08,1.18941e-07,1.58423e-07,1.75308e-07,1.58423e-07,1.18941e-07,7.62166e-08,4.27218e-08,2.1365e-08,9.6798e-09,4.02072e-09,1.5455e-09,5.53844e-10,1.86154e-10,5.89774e-11,1.76936e-11,5.07941e-12,1.5506e-12,1.11181e-12,6.76421e-13,3.84295e-13,2.07232e-13,1.07155e-13,5.34942e-14,2.59081e-14,1.22165e-14,5.62349e-15,2.53231e-15,1.11734e-15,4.83678e-16,2.05603e-16,8.58718e-17,3.52448e-17,1.4211e-17,5.62404e-18,2.18121e-18,8.27196e-19,3.0588e-19,1.09919e-19,3.82441e-20,1.28337e-20,4.1376e-21,1.27682e-21,3.75804e-22,1.05154e-22,2.78889e-23,6.99198e-24,1.65298e-24,3.67667e-25,7.67825e-26,1.50255e-26,2.74679e-27,4.66944e-28,7.34566e-29,1.0643e-29,1.41365e-30,1.71341e-31,1.88634e-32,1.87749e-33,1.68124e-34,1.34764e-35,9.58201e-37,0
0,5.66402e-39,9.49318e-38,1.39918e-36,1.83113e-35,2.14095e-34,2.24904e-33,2.1341e-32,1.83862e-31,1.44543e-30,1.04202e-29,6.92267e-29,4.25939e-28,2.43947e-27,1.30508e-26,6.53425e-26,3.06772e-25,1.35324e-24,5.6207e-24,2.20318e-23,8.16981e-23,2.87357e-22,9.61438e-22,3.06936e-21,9.38045e-21,2.75386e-20,7.79339e-20,2.13346e-19,5.66823e-19,1.4659e-18,3.69945e-18,9.12813e-18,2.20492e-17,5.21723e-17,1.20928e-16,2.74412e-16,6.08945e-16,1.31924e-15,2.78388e-15,5.70477e-15,1.13063e-14,2.1552e-14,3.92006e-14,6.72288e-14,1.06607e-13,1.50722e-13,5.01147e-13,1.80744e-12,6.25384e-12,2.05356e-11,6.37338e-11,1.86154e-10,5.09116e-10,1.29586e-09,3.04694e-09,6.55766e-09,1.27714e-08,2.21872e-08,3.37772e-08,4.41264e-08,4.843e-08,4.41264e-08,3.37772e-08,2.21872e-08,1.27714e-08,6.55766e-09,3.04694e-09,1.29586e-09,5.09116e-10,1.86154e-10,6.3734e-11,2.05365e-11,6.2578e-12,1.82489e-12,5.7523e-13,4.53409e-13,2.95785e-13,1.77502e-13,1.00135e-13,5.37985e-14,2.77625e-14,1.38429e-14,6.69811e-15,3.15532e-15,1.45073e-15,6.52254e-16,2.87196e-16,1.23974e-16,5.24987e-17,2.18117e-17,8.88742e-18,3.54768e-18,1.38498e-18,5.27511e-19,1.95438e-19,7.01918e-20,2.4347e-20,8.12504e-21,2.59883e-21,7.93817e-22,2.30766e-22,6.36443e-23,1.66046e-23,4.08723e-24,9.46912e-25,2.06014e-25,4.2003e-26,8.00893e-27,1.42364e-27,2.34804e-28,3.57522e-29,5.00089e-30,6.39469e-31,7.43878e-32,7.8334e-33,7.4296e-34,6.31327e-35,4.77949e-36,3.19399e-37,0
0,1.48175e-39,2.68272e-38,4.24308e-37,5.92255e-36,7.34581e-35,8.14718e-34,8.12755e-33,7.33356e-32,6.01735e-31,4.51348e-30,3.11094e-29,1.98064e-28,1.17096e-27,6.45184e-27,3.31975e-26,1.5984e-25,7.21641e-25,3.06158e-24,1.22332e-23,4.6147e-23,1.6477e-22,5.58404e-22,1.80154e-21,5.55052e-21,1.63857e-20,4.65066e-20,1.27341e-19,3.37481e-19,8.68303e-19,2.17452e-18,5.31153e-18,1.26725e-17,2.95544e-17,6.73799e-17,1.50084e-16,3.26216e-16,6.9059e-16,1.42017e-15,2.82703e-15,5.42135e-15,9.94913e-15,1.73053e-14,2.81069e-14,4.15556e-14,5.31473e-14,1.70994e-13,6.08219e-13,2.07651e-12,6.7211e-12,2.05364e-11,5.89774e-11,1.58379e-10,3.95281e-10,9.10143e-10,1.91608e-09,3.648e-09,6.19745e-09,9.2455e-09,1.18952e-08,1.29751e-08,1.18952e-08,9.2455e-09,6.19745e-09,3.648e-09,1.91608e-09,9.10143e-10,3.95281e-10,1.58379e-10,5.89774e-11,2.05365e-11,6.72145e-12,2.07812e-12,6.15301e-13,2.01036e-13,1.75874e-13,1.23379e-13,7.82999e-14,4.62392e-14,2.58238e-14,1.3781e-14,7.07725e-15,3.51552e-15,1.69552e-15,7.96282e-16,3.64959e-16,1.63516e-16,7.17003e-17,3.07893e-17,1.29488e-17,5.3304e-18,2.14511e-18,8.42279e-19,3.2185e-19,1.19314e-19,4.27608e-20,1.47608e-20,4.88924e-21,1.54825e-21,4.6707e-22,1.33791e-22,3.62786e-23,9.28609e-24,2.23793e-24,5.06584e-25,1.07465e-25,2.13191e-26,3.94673e-27,6.79576e-28,1.08302e-28,1.58916e-29,2.13591e-30,2.6161e-31,2.90488e-32,2.90872e-33,2.6121e-34,2.09158e-35,1.48407e-36,9.24258e-38,0
0,3.3049e-40,6.52935e-39,1.11817e-37,1.67803e-36,2.22396e-35,2.62149e-34,2.76614e-33,2.62871e-32,2.26292e-31,1.77457e-30,1.27469e-29,8.433e-29,5.16663e-28,2.94272e-27,1.56148e-26,7.73559e-26,3.58547e-25,1.55827e-24,6.36457e-24,2.44883e-23,8.89831e-23,3.06186e-22,1.00055e-21,3.11452e-21,9.26466e-21,2.64233e-20,7.24953e-20,1.91958e-19,4.92035e-19,1.22417e-18,2.96276e-18,6.98629e-18,1.60653e-17,3.60334e-17,7.87886e-17,1.6773e-16,3.4694e-16,6.95231e-16,1.34428e-15,2.49431e-15,4.407e-15,7.32982e-15,1.12689e-14,1.54999e-14,1.77649e-14,5.50283e-14,1.93047e-13,6.50744e-13,2.07798e-12,6.25777e-12,1.76936e-11,4.67292e-11,1.14575e-10,2.5892e-10,5.34599e-10,9.97988e-10,1.66351e-09,2.44022e-09,3.10112e-09,3.36649e-09,3.10112e-09,2.44022e-09,1.66351e-09,9.97988e-10,5.34599e-10,2.5892e-10,1.14575e-10,4.67292e-11,1.76936e-11,6.2578e-12,2.07812e-12,6.51366e-13,1.95787e-13,6.66656e-14,6.53979e-14,4.94283e-14,3.31819e-14,2.05102e-14,1.19055e-14,6.56983e-15,3.47509e-15,1.77227e-15,8.75249e-16,4.19943e-16,1.96238e-16,8.94739e-17,3.98528e-17,1.7351e-17,7.38366e-18,3.0688e-18,1.24388e-18,4.9064e-19,1.87815e-19,6.95479e-20,2.48251e-20,8.51051e-21,2.79179e-21,8.73209e-22,2.5953e-22,7.3065e-23,1.94267e-23,4.86477e-24,1.14444e-24,2.5232e-25,5.20173e-26,1.00053e-26,1.7916e-27,2.97629e-28,4.56364e-29,6.42366e-30,8.25538e-31,9.63405e-32,1.01529e-32,9.60733e-34,8.114e-35,6.07728e-36,4.00867e-37,2.30555e-38,0
0,6.23086e-41,1.35849e-39,2.5437e-38,4.13974e-37,5.90825e-36,7.45369e-35,8.37226e-34,8.42888e-33,7.65394e-32,6.30676e-31,4.74329e-30,3.27502e-29,2.08788e-28,1.234e-27,6.777e-27,3.46619e-26,1.65472e-25,7.38965e-25,3.0942e-24,1.21767e-23,4.51493e-23,1.58144e-22,5.24735e-22,1.65421e-21,4.96978e-21,1.42745e-20,3.93247e-20,1.04238e-19,2.6666e-19,6.60147e-19,1.58515e-18,3.69829e-18,8.39259e-18,1.85311e-17,3.9795e-17,8.30099e-17,1.67834e-16,3.27887e-16,6.16261e-16,1.10757e-15,1.88711e-15,3.00892e-15,4.39506e-15,5.64764e-15,5.77938e-15,1.70819e-14,5.88832e-14,1.95554e-13,6.15249e-13,1.82488e-12,5.07941e-12,1.31979e-11,3.18169e-11,7.06561e-11,1.43316e-10,2.62868e-10,4.30921e-10,6.23068e-10,7.83719e-10,8.47485e-10,7.83719e-10,6.23068e-10,4.30921e-10,2.62868e-10,1.43316e-10,7.06561e-11,3.18169e-11,1.31979e-11,5.07941e-12,1.82489e-12,6.15301e-13,1.95787e-13,5.9909e-14,2.14426e-14,2.3715e-14,1.92423e-14,1.36222e-14,8.79479e-15,5.29887e-15,3.02105e-15,1.64498e-15,8.61034e-16,4.35329e-16,2.13357e-16,1.01636e-16,4.71477e-17,2.1324e-17,9.40766e-18,4.04759e-18,1.69664e-18,6.91708e-19,2.73639e-19,1.04738e-19,3.86609e-20,1.37139e-20,4.65807e-21,1.50958e-21,4.65174e-22,1.35851e-22,3.74853e-23,9.74461e-24,2.38015e-24,5.44855e-25,1.16614e-25,2.32812e-26,4.32569e-27,7.46278e-28,1.19111e-28,1.74938e-29,2.35083e-30,2.87398e-31,3.178e-32,3.15973e-33,2.80718e-34,2.21388e-35,1.53888e-36,9.35409e-38,4.91928e-39,0
0,9.82954e-42,2.39564e-40,4.95843e-39,8.83451e-38,1.36917e-36,1.86256e-35,2.24214e-34,2.40617e-33,2.31787e-32,2.01735e-31,1.59635e-30,1.15555e-29,7.6982e-29,4.7402e-28,2.70451e-27,1.43319e-26,7.07052e-26,3.25493e-25,1.40149e-24,5.65758e-24,2.14655e-23,7.67436e-23,2.59243e-22,8.29791e-22,2.52413e-21,7.31919e-21,2.02943e-20,5.39744e-20,1.381e-19,3.40859e-19,8.13506e-19,1.88086e-18,4.21796e-18,9.17954e-18,1.93818e-17,3.9658e-17,7.84779e-17,1.49731e-16,2.74264e-16,4.79529e-16,7.94047e-16,1.23179e-15,1.76109e-15,2.25028e-15,2.32589e-15,6.47009e-15,2.10347e-14,6.65666e-14,2.01012e-13,5.75225e-13,1.5506e-12,3.91294e-12,9.18144e-12,1.98809e-11,3.93862e-11,7.06912e-11,1.13676e-10,1.61796e-10,2.01346e-10,2.16881e-10,2.01346e-10,1.61796e-10,1.13676e-10,7.06912e-11,3.93862e-11,1.98809e-11,9.18144e-12,3.91294e-12,1.5506e-12,5.7523e-13,2.01036e-13,6.66656e-14,2.14426e-14,8.13574e-15,9.13219e-15,7.56861e-15,5.52774e-15,3.6888e-15,2.29439e-15,1.34742e-15,7.53912e-16,4.04566e-16,2.09242e-16,1.0469e-16,5.08094e-17,2.39653e-17,1.09975e-17,4.91155e-18,2.13379e-18,9.00676e-19,3.68671e-19,1.45973e-19,5.57413e-20,2.04608e-20,7.19453e-21,2.41489e-21,7.71099e-22,2.33452e-22,6.68023e-23,1.80135e-23,4.56454e-24,1.08402e-24,2.40672e-25,4.98308e-26,9.5989e-27,1.71618e-27,2.84094e-28,4.33747e-29,6.07358e-30,7.75328e-31,8.9687e-32,9.34301e-33,8.70888e-34,7.21448e-35,5.27277e-36,3.37272e-37,1.87119e-38,8.89895e-40,0
0,1.28142e-42,3.54451e-41,8.21186e-40,1.61897e-38,2.74986e-37,4.0666e-36,5.28464e-35,6.08498e-34,6.25548e-33,5.78235e-32,4.83865e-31,3.68941e-30,2.57976e-29,1.6618e-28,9.88845e-28,5.44925e-27,2.78789e-26,1.32738e-25,5.89573e-25,2.44881e-24,9.53508e-24,3.48942e-23,1.20335e-22,3.92137e-22,1.21096e-21,3.55423e-21,9.94459e-21,2.66043e-20,6.82494e-20,1.68348e-19,4.00246e-19,9.18989e-19,2.04067e-18,4.38576e-18,9.12287e-18,1.83527e-17,3.56512e-17,6.67219e-17,1.19974e-16,2.06737e-16,3.41248e-16,5.43343e-16,8.5831e-16,1.45163e-15,3.00915e-15,8.19192e-15,2.33786e-14,6.52886e-14,1.7584e-13,4.53399e-13,1.11181e-12,2.57503e-12,5.592e-12,1.12969e-11,2.10476e-11,3.58233e-11,5.51254e-11,7.58641e-11,9.24007e-11,9.87875e-11,9.24007e-11,7.58641e-11,5.51254e-11,3.58233e-11,2.10476e-11,1.12969e-11,5.592e-12,2.57503e-12,1.11181e-12,4.53409e-13,1.75874e-13,6.53979e-14,2.3715e-14,9.13219e-15,5.05744e-15,3.38684e-15,2.33431e-15,1.55205e-15,9.80062e-16,5.87918e-16,3.36485e-16,1.84612e-16,9.74991e-17,4.97326e-17,2.45624e-17,1.17657e-17,5.47097e-18,2.46965e-18,1.08148e-18,4.58756e-19,1.8811e-19,7.4365e-20,2.82577e-20,1.02872e-20,3.57583e-21,1.18279e-21,3.7106e-22,1.10052e-22,3.07643e-23,8.0822e-24,1.98999e-24,4.57999e-25,9.82803e-26,1.96145e-26,3.63179e-27,6.22316e-28,9.84277e-29,1.43104e-29,1.90124e-30,2.29364e-31,2.49643e-32,2.43511e-33,2.11389e-34,1.62087e-35,1.08882e-36,6.34946e-38,3.18086e-39,1.35075e-40,0
0,1.35861e-43,4.34534e-42,1.1438e-40,2.52617e-39,4.75183e-38,7.70839e-37,1.08997e-35,1.35612e-34,1.49726e-33,1.47845e-32,1.31525e-31,1.06156e-30,7.82664e-30,5.29694e-29,3.30046e-28,1.89856e-27,1.01091e-26,4.99509e-26,2.29613e-25,9.84348e-25,3.94535e-24,1.48222e-23,5.23316e-23,1.74104e-22,5.47334e-22,1.63052e-21,4.61625e-21,1.24565e-20,3.21271e-20,7.94128e-20,1.88588e-19,4.31176e-19,9.50673e-19,2.02362e-18,4.1609e-18,8.2647e-18,1.5854e-17,2.93718e-17,5.26307e-17,9.17226e-17,1.5777e-16,2.7646e-16,5.20134e-16,1.10904e-15,2.70696e-15,7.17689e-15,1.9067e-14,4.93596e-14,1.23354e-13,2.95776e-13,6.76418e-13,1.46613e-12,2.9915e-12,5.70397e-12,1.00826e-11,1.63809e-11,2.42382e-11,3.23624e-11,3.86586e-11,4.10524e-11,3.86586e-11,3.23624e-11,2.42382e-11,1.63809e-11,1.00826e-11,5.70397e-12,2.9915e-12,1.46613e-12,6.76421e-13,2.95785e-13,1.23379e-13,4.94283e-14,1.92423e-14,7.56861e-15,3.38684e-15,1.80093e-15,1.0818e-15,6.78389e-16,4.21792e-16,2.54206e-16,1.47449e-16,8.22575e-17,4.42044e-17,2.29293e-17,1.15003e-17,5.5838e-18,2.62575e-18,1.19552e-18,5.26492e-19,2.23885e-19,9.1722e-20,3.6104e-20,1.3613e-20,4.90089e-21,1.67915e-21,5.45729e-22,1.67705e-22,4.85796e-23,1.32256e-23,3.37441e-24,8.04667e-25,1.78864e-25,3.69657e-26,7.08481e-27,1.256e-27,2.05413e-28,3.09052e-29,4.25878e-30,5.34148e-31,6.05678e-32,6.16626e-33,5.59575e-34,4.4916e-35,3.16235e-36,1.93482e-37,1.01787e-38,4.54756e-40,1.69857e-41,0
0,1.14688e-44,4.34383e-43,1.32321e-41,3.32238e-40,7.00561e-39,1.25944e-37,1.95491e-36,2.64854e-35,3.16218e-34,3.35615e-33,3.19201e-32,2.74125e-31,2.1412e-30,1.52927e-29,1.00194e-28,6.03987e-28,3.35948e-27,1.72877e-26,8.25194e-26,3.66299e-25,1.51594e-24,5.86419e-24,2.12589e-23,7.2416e-23,2.32416e-22,7.0475e-22,2.0247e-21,5.52672e-21,1.43734e-20,3.57117e-20,8.49798e-20,1.94124e-19,4.26559e-19,9.03179e-19,1.8456e-18,3.64577e-18,6.97868e-18,1.30023e-17,2.37874e-17,4.34454e-17,8.14077e-17,1.62079e-16,3.52336e-16,8.35859e-16,2.10095e-15,5.37499e-15,1.35429e-14,3.31463e-14,7.82854e-14,1.77496e-13,3.84293e-13,7.90021e-13,1.53267e-12,2.78738e-12,4.71806e-12,7.37605e-12,1.05663e-11,1.37611e-11,1.61797e-11,1.70878e-11,1.61797e-11,1.37611e-11,1.05663e-11,7.37605e-12,4.71806e-12,2.78738e-12,1.53267e-12,7.90022e-13,3.84295e-13,1.77502e-13,7.82999e-14,3.31819e-14,1.36222e-14,5.52774e-15,2.33431e-15,1.0818e-15,5.61738e-16,3.18267e-16,1.87648e-16,1.10814e-16,6.41459e-17,3.6042e-17,1.95872e-17,1.02874e-17,5.22221e-18,2.56262e-18,1.21532e-18,5.56585e-19,2.45809e-19,1.04483e-19,4.26402e-20,1.66617e-20,6.21492e-21,2.20598e-21,7.42731e-22,2.36457e-22,7.09612e-23,2.0014e-23,5.2897e-24,1.30647e-24,3.00713e-25,6.43332e-26,1.27584e-26,2.33927e-27,3.9546e-28,6.14655e-29,8.75688e-30,1.13816e-30,1.34054e-31,1.42057e-32,1.34432e-33,1.12707e-34,8.30004e-36,5.31823e-37,2.93318e-38,1.37517e-39,5.39884e-41,1.74119e-42,0
0,7.48149e-46,3.46612e-44,1.25113e-42,3.63704e-41,8.72304e-40,1.75884e-38,3.02725e-37,4.50488e-36,5.86042e-35,6.73046e-34,6.88503e-33,6.32576e-32,5.26111e-31,3.98378e-30,2.75633e-29,1.74829e-28,1.01969e-27,5.48447e-27,2.72777e-26,1.25788e-25,5.39223e-25,2.15437e-24,8.04321e-24,2.81348e-23,9.24539e-23,2.86191e-22,8.36819e-22,2.31772e-21,6.09753e-21,1.52795e-20,3.65688e-20,8.38153e-20,1.84465e-19,3.9094e-19,8.00472e-19,1.5905e-18,3.08704e-18,5.91486e-18,1.1371e-17,2.24271e-17,4.64749e-17,1.02718e-16,2.41375e-16,5.912e-16,1.47059e-15,3.63115e-15,8.76165e-15,2.04937e-14,4.62318e-14,1.00132e-13,2.07231e-13,4.07723e-13,7.5839e-13,1.32565e-12,2.16365e-12,3.2751e-12,4.56615e-12,5.82474e-12,6.75924e-12,7.10646e-12,6.75924e-12,5.82474e-12,4.56615e-12,3.2751e-12,2.16365e-12,1.32565e-12,7.5839e-13,4.07723e-13,2.07232e-13,1.00135e-13,4.62392e-14,2.05102e-14,8.79479e-15,3.6888e-15,1.55205e-15,6.78389e-16,3.18267e-16,1.62143e-16,8.82082e-17,4.96476e-17,2.80884e-17,1.56703e-17,8.52941e-18,4.5052e-18,2.30292e-18,1.13739e-18,5.42003e-19,2.4882e-19,1.09834e-19,4.65129e-20,1.88484e-20,7.28796e-21,2.68082e-21,9.35232e-22,3.08472e-22,9.59009e-23,2.80178e-23,7.66962e-24,1.96157e-24,4.67425e-25,1.03492e-25,2.1233e-26,4.02561e-27,7.0333e-28,1.1291e-28,1.66045e-29,2.22944e-30,2.71908e-31,2.99077e-32,2.94383e-33,2.57193e-34,1.97698e-35,1.32412e-36,7.64343e-38,3.75472e-39,1.54602e-40,5.2369e-42,1.42413e-43,0
0,3.61179e-47,2.14247e-45,9.4641e-44,3.26113e-42,9.05875e-41,2.07836e-39,4.01376e-38,6.62604e-37,9.47242e-36,1.18593e-34,1.31345e-33,1.29867e-32,1.15622e-31,9.32763e-31,6.84619e-30,4.58829e-29,2.81723e-28,1.58966e-27,8.26725e-27,3.9738e-26,1.77017e-25,7.32731e-25,2.82584e-24,1.01807e-23,3.43555e-23,1.08889e-22,3.25044e-22,9.16416e-22,2.4473e-21,6.20895e-21,1.50122e-20,3.47083e-20,7.70272e-20,1.64848e-19,3.42254e-19,6.95027e-19,1.39638e-18,2.81819e-18,5.81705e-18,1.24837e-17,2.809e-17,6.60171e-17,1.5977e-16,3.90982e-16,9.51437e-16,2.27307e-15,5.28566e-15,1.18984e-14,2.58204e-14,5.37969e-14,1.07155e-13,2.03098e-13,3.64468e-13,6.15921e-13,9.74567e-13,1.43526e-12,1.95564e-12,2.45151e-12,2.81372e-12,2.94715e-12,2.81372e-12,2.45151e-12,1.95564e-12,1.43526e-12,9.74567e-13,6.15921e-13,3.64468e-13,2.03099e-13,1.07155e-13,5.37985e-14,2.58238e-14,1.19055e-14,5.29887e-15,2.29439e-15,9.80062e-16,4.21792e-16,1.87648e-16,8.82082e-17,4.41226e-17,2.32135e-17,1.25595e-17,6.83257e-18,3.675e-18,1.93309e-18,9.87763e-19,4.88187e-19,2.32642e-19,1.06609e-19,4.68555e-20,1.96981e-20,7.89865e-21,3.01212e-21,1.08911e-21,3.72246e-22,1.19902e-22,3.62874e-23,1.02881e-23,2.72466e-24,6.72123e-25,1.54003e-25,3.26847e-26,6.40733e-27,1.15688e-27,1.91821e-28,2.91171e-29,4.0327e-30,5.07754e-31,5.77956e-32,5.90125e-33,5.35963e-34,4.29081e-35,2.99814e-36,1.80816e-37,9.29212e-39,4.00716e-40,1.42305e-41,4.06222e-43,9.01779e-45,0
0,1.23352e-48,9.82375e-47,5.55767e-45,2.34418e-43,7.72046e-42,2.05208e-40,4.51075e-39,8.35803e-38,1.32597e-36,1.82498e-35,2.20429e-34,2.36065e-33,2.26284e-32,1.95509e-31,1.52953e-30,1.08791e-29,7.06098e-29,4.19594e-28,2.29006e-27,1.15133e-26,5.34714e-26,2.30045e-25,9.1929e-25,3.42152e-24,1.18931e-23,3.87157e-23,1.18366e-22,3.40881e-22,9.27644e-22,2.3936e-21,5.87891e-21,1.38071e-20,3.11827e-20,6.82121e-20,1.45882e-19,3.08668e-19,6.55316e-19,1.41631e-18,3.15162e-18,7.25226e-18,1.71868e-17,4.15073e-17,1.00832e-16,2.43377e-16,5.77869e-16,1.33966e-15,3.01597e-15,6.56692e-15,1.37795e-14,2.77618e-14,5.34939e-14,9.8167e-14,1.70785e-13,2.80314e-13,4.31842e-13,6.21168e-13,8.29931e-13,1.02502e-12,1.16557e-12,1.21696e-12,1.16557e-12,1.02502e-12,8.29931e-13,6.21168e-13,4.31842e-13,2.80314e-13,1.70785e-13,9.81671e-14,5.34942e-14,2.77625e-14,1.3781e-14,6.56983e-15,3.02105e-15,1.34742e-15,5.87918e-16,2.54206e-16,1.10814e-16,4.96476e-17,2.32135e-17,1.13786e-17,5.79796e-18,3.02005e-18,1.57922e-18,8.16611e-19,4.12991e-19,2.02698e-19,9.6008e-20,4.36943e-20,1.9037e-20,7.91355e-21,3.12857e-21,1.17262e-21,4.15399e-22,1.38655e-22,4.34767e-23,1.27684e-23,3.50191e-24,8.9435e-25,2.12083e-25,4.65656e-26,9.4394e-27,1.76148e-27,3.01691e-28,4.72741e-29,6.75454e-30,8.76772e-31,1.02974e-31,1.08755e-32,1.02414e-33,8.51961e-35,6.1975e-36,3.89782e-37,2.09202e-38,9.43475e-40,3.50804e-41,1.04957e-42,2.44475e-44,4.2292e-46,0
0,2.93809e-50,3.19441e-48,2.42617e-46,1.31073e-44,5.28506e-43,1.66584e-41,4.24301e-40,8.95057e-39,1.59419e-37,2.43559e-36,3.23497e-35,3.7795e-34,3.92542e-33,3.65291e-32,3.06174e-31,2.32203e-30,1.59996e-29,1.00531e-28,5.77978e-28,3.05014e-27,1.48194e-26,6.64816e-26,2.7616e-25,1.0652e-24,3.82597e-24,1.28338e-23,4.0327e-23,1.19094e-22,3.31764e-22,8.7551e-22,2.19997e-21,5.2977e-21,1.23255e-20,2.79893e-20,6.27929e-20,1.40995e-19,3.20591e-19,7.43755e-19,1.76309e-18,4.25166e-18,1.03446e-17,2.51576e-17,6.06208e-17,1.43677e-16,3.32982e-16,7.51139e-16,1.64308e-15,3.47395e-15,7.07664e-15,1.38426e-14,2.5908e-14,4.62162e-14,7.82524e-14,1.25209e-13,1.88459e-13,2.65601e-13,3.48904e-13,4.25455e-13,4.79953e-13,4.9976e-13,4.79953e-13,4.25455e-13,3.48904e-13,2.65601e-13,1.88459e-13,1.25209e-13,7.82524e-14,4.62163e-14,2.59081e-14,1.38429e-14,7.07725e-15,3.47509e-15,1.64498e-15,7.53912e-16,3.36485e-16,1.47449e-16,6.41459e-17,2.80884e-17,1.25595e-17,5.79796e-18,2.77221e-18,1.36444e-18,6.8245e-19,3.41688e-19,1.68901e-19,8.15125e-20,3.80783e-20,1.71051e-20,7.35003e-21,3.00795e-21,1.16789e-21,4.28706e-22,1.48289e-22,4.81817e-23,1.46603e-23,4.16477e-24,1.10141e-24,2.70368e-25,6.14256e-26,1.28785e-26,2.48437e-27,4.39615e-28,7.11287e-29,1.04869e-29,1.40371e-30,1.69887e-31,1.85055e-32,1.80188e-33,1.55366e-34,1.17401e-35,7.68478e-37,4.30008e-38,2.02488e-39,7.87184e-41,2.46539e-42,6.01761e-44,1.09202e-45,1.40222e-47,0
0,0,7.25113e-50,7.52909e-48,5.45894e-46,2.81938e-44,1.08811e-42,3.287e-41,8.03573e-40,1.6297e-38,2.79584e-37,4.12294e-36,5.29818e-35,6.0047e-34,6.05613e-33,5.46865e-32,4.44454e-31,3.26615e-30,2.17917e-29,1.32499e-28,7.36698e-28,3.75771e-27,1.7638e-26,7.64136e-26,3.06465e-25,1.14128e-24,3.95902e-24,1.28367e-23,3.90549e-23,1.12005e-22,3.0449e-22,7.90209e-22,1.97516e-21,4.80684e-21,1.15301e-20,2.75912e-20,6.64971e-20,1.62164e-19,3.99816e-19,9.91597e-19,2.45677e-18,6.0386e-18,1.4637e-17,3.48181e-17,8.09606e-17,1.83405e-16,4.03593e-16,8.6035e-16,1.77185e-15,3.51528e-15,6.69799e-15,1.22164e-14,2.12528e-14,3.51333e-14,5.49698e-14,8.10682e-14,1.12231e-13,1.45274e-13,1.75199e-13,1.96287e-13,2.03911e-13,1.96287e-13,1.75199e-13,1.45274e-13,1.12231e-13,8.10682e-14,5.49698e-14,3.51333e-14,2.12529e-14,1.22165e-14,6.69811e-15,3.51552e-15,1.77227e-15,8.61034e-16,4.04566e-16,1.84612e-16,8.22575e-17,3.6042e-17,1.56703e-17,6.83257e-18,3.02005e-18,1.36444e-18,6.31831e-19,2.98613e-19,1.42592e-19,6.79064e-20,3.18352e-20,1.45261e-20,6.39179e-21,2.69245e-21,1.07939e-21,4.09847e-22,1.46785e-22,4.94039e-23,1.55737e-23,4.58337e-24,1.25546e-24,3.19108e-25,7.50411e-26,1.62777e-26,3.24715e-27,5.93855e-28,9.92463e-29,1.51045e-29,2.0856e-30,2.60201e-31,2.91972e-32,2.93124e-33,2.61264e-34,2.04579e-35,1.39074e-36,8.09767e-38,3.97471e-39,1.61314e-40,5.28156e-42,1.34928e-43,2.5656e-45,3.45664e-47,3.29923e-49,0
0,0,0,1.63172e-49,1.6198e-47,1.12237e-45,5.54819e-44,2.05231e-42,5.95099e-41,1.39882e-39,2.7328e-38,4.52585e-37,6.45827e-36,8.05223e-35,8.86378e-34,8.67638e-33,7.59837e-32,5.98482e-31,4.25935e-30,2.75039e-29,1.6175e-28,8.69399e-28,4.28512e-27,1.94305e-26,8.13182e-26,3.15164e-25,1.13529e-24,3.81658e-24,1.20325e-23,3.57898e-23,1.01199e-22,2.74619e-22,7.23372e-22,1.87255e-21,4.81822e-21,1.24197e-20,3.21494e-20,8.3348e-20,2.15155e-19,5.49446e-19,1.38044e-18,3.3983e-18,8.17403e-18,1.91711e-17,4.37666e-17,9.70911e-17,2.08908e-16,4.35089e-16,8.75095e-16,1.69543e-15,3.15528e-15,5.62347e-15,9.56673e-15,1.54816e-14,2.37461e-14,3.4395e-14,4.68744e-14,5.98968e-14,7.1541e-14,7.96736e-14,8.26004e-14,7.96736e-14,7.1541e-14,5.98968e-14,4.68744e-14,3.4395e-14,2.37461e-14,1.54816e-14,9.56674e-15,5.62349e-15,3.15532e-15,1.69552e-15,8.75249e-16,4.35329e-16,2.09242e-16,9.74991e-17,4.42044e-17,1.95872e-17,8.52941e-18,3.675e-18,1.57922e-18,6.8245e-19,2.98613e-19,1.32696e-19,5.97293e-20,2.7013e-20,1.21328e-20,5.34415e-21,2.28188e-21,9.35339e-22,3.65172e-22,1.34944e-22,4.69589e-23,1.5322e-23,4.66984e-24,1.32488e-24,3.48761e-25,8.49164e-26,1.90644e-26,3.93436e-27,7.43981e-28,1.28485e-28,2.01943e-29,2.87775e-30,3.70279e-31,4.28207e-32,4.42736e-33,4.06784e-34,3.29206e-35,2.31874e-36,1.40194e-37,7.15969e-39,3.02858e-40,1.0351e-41,2.76417e-43,5.50103e-45,7.76868e-47,7.76963e-49,0,0
0,0,0,0,3.35716e-49,3.18985e-47,2.11477e-45,1.0019e-43,3.55751e-42,9.91869e-41,2.24602e-39,4.23622e-38,6.78944e-37,9.40121e-36,1.13863e-34,1.21663e-33,1.15513e-32,9.80513e-32,7.48039e-31,5.15316e-30,3.21908e-29,1.83058e-28,9.51127e-28,4.53154e-27,1.98701e-26,8.04989e-26,3.02635e-25,1.06129e-24,3.49394e-24,1.08857e-23,3.24204e-23,9.33964e-23,2.63515e-22,7.36114e-22,2.0492e-21,5.68933e-21,1.5688e-20,4.26802e-20,1.13818e-19,2.96063e-19,7.48929e-19,1.83974e-18,4.38646e-18,1.01496e-17,2.2785e-17,4.95979e-17,1.04579e-16,2.13275e-16,4.19889e-16,7.9625e-16,1.45071e-15,2.5323e-15,4.22236e-15,6.70389e-15,1.0102e-14,1.43998e-14,1.93534e-14,2.44499e-14,2.89562e-14,3.2079e-14,3.31984e-14,3.2079e-14,2.89562e-14,2.44499e-14,1.93534e-14,1.43998e-14,1.0102e-14,6.70389e-15,4.22237e-15,2.53231e-15,1.45073e-15,7.96282e-16,4.19943e-16,2.13357e-16,1.0469e-16,4.97326e-17,2.29293e-17,1.02874e-17,4.5052e-18,1.93309e-18,8.16611e-19,3.41688e-19,1.42592e-19,5.97293e-20,2.52058e-20,1.07028e-20,4.54191e-21,1.9055e-21,7.80544e-22,3.08494e-22,1.16452e-22,4.16412e-23,1.4013e-23,4.41432e-24,1.29595e-24,3.53196e-25,8.90436e-26,2.06962e-26,4.42029e-27,8.64674e-28,1.54391e-28,2.50736e-29,3.68958e-30,4.89885e-31,5.84186e-32,6.22391e-33,5.88828e-34,4.91154e-35,3.57502e-36,2.23935e-37,1.18746e-38,5.22589e-40,1.86149e-41,5.18896e-43,1.0795e-44,1.59618e-46,1.67091e-48,0,0,0
0,0,0,0,0,6.33202e-49,5.76596e-47,3.66232e-45,1.66532e-43,5.68562e-42,1.52714e-40,3.33861e-39,6.09418e-38,9.47845e-37,1.27505e-35,1.49913e-34,1.55387e-33,1.43015e-32,1.17599e-31,8.68595e-31,5.79026e-30,3.49909e-29,1.92487e-28,9.67887e-28,4.46782e-27,1.90228e-26,7.51229e-26,2.7704e-25,9.62234e-25,3.18091e-24,1.0131e-23,3.14801e-23,9.64311e-23,2.92833e-22,8.81162e-22,2.61372e-21,7.58712e-21,2.14083e-20,5.84372e-20,1.53913e-19,3.90852e-19,9.57411e-19,2.26458e-18,5.17797e-18,1.14541e-17,2.45192e-17,5.07734e-17,1.01609e-16,1.9622e-16,3.64949e-16,6.52248e-16,1.11734e-15,1.82961e-15,2.8555e-15,4.23507e-15,5.95105e-15,7.89978e-15,9.87965e-15,1.1613e-14,1.28059e-14,1.3232e-14,1.28059e-14,1.1613e-14,9.87965e-15,7.89978e-15,5.95105e-15,4.23507e-15,2.8555e-15,1.82961e-15,1.11734e-15,6.52254e-16,3.64959e-16,1.96238e-16,1.01636e-16,5.08094e-17,2.45624e-17,1.15003e-17,5.22221e-18,2.30292e-18,9.87763e-19,4.12991e-19,1.68901e-19,6.79064e-20,2.7013e-20,1.07028e-20,4.24241e-21,1.68202e-21,6.63075e-22,2.57177e-22,9.69154e-23,3.50557e-23,1.20442e-23,3.89724e-24,1.17967e-24,3.32212e-25,8.6642e-26,2.08425e-26,4.60751e-27,9.32669e-28,1.72259e-28,2.89222e-29,4.39729e-30,6.02851e-31,7.41777e-32,8.14851e-33,7.94289e-34,6.82126e-35,5.11699e-36,3.31219e-37,1.81956e-38,8.31448e-40,3.08128e-41,8.95181e-43,1.94413e-44,3.00619e-46,3.28997e-48,0,0,0,0
0,0,0,0,0,0,1.09776e-48,9.59336e-47,5.84632e-45,2.55576e-43,8.40581e-42,2.17975e-40,4.61198e-39,8.17005e-38,1.23458e-36,1.61236e-35,1.83917e-34,1.84823e-33,1.64823e-32,1.31259e-31,9.38643e-31,6.05817e-30,3.54624e-29,1.89197e-28,9.2485e-28,4.1674e-27,1.74363e-26,6.83506e-26,2.53796e-25,9.03909e-25,3.12702e-24,1.06137e-23,3.55188e-23,1.17047e-22,3.77589e-22,1.18333e-21,3.57784e-21,1.0386e-20,2.8872e-20,7.68169e-20,1.95771e-19,4.7872e-19,1.12548e-18,2.54893e-18,5.56954e-18,1.17524e-17,2.39541e-17,4.71393e-17,8.94682e-17,1.63513e-16,2.87194e-16,4.83677e-16,7.79138e-16,1.19732e-15,1.75055e-15,2.42844e-15,3.1881e-15,3.95129e-15,4.61356e-15,5.06661e-15,5.22793e-15,5.06661e-15,4.61356e-15,3.95129e-15,3.1881e-15,2.42844e-15,1.75055e-15,1.19732e-15,7.79138e-16,4.83678e-16,2.87196e-16,1.63516e-16,8.94739e-17,4.71477e-17,2.39653e-17,1.17657e-17,5.5838e-18,2.56262e-18,1.13739e-18,4.88187e-19,2.02698e-19,8.15125e-20,3.18352e-20,1.21328e-20,4.54191e-21,1.68202e-21,6.194e-22,2.26902e-22,8.22224e-23,2.91645e-23,9.99733e-24,3.27091e-24,1.01051e-24,2.92226e-25,7.85575e-26,1.9521e-26,4.46262e-27,9.34558e-28,1.78571e-28,3.10089e-29,4.87376e-30,6.90338e-31,8.77029e-32,9.94044e-33,9.99025e-34,8.83919e-35,6.82638e-36,4.55368e-37,2.58506e-38,1.22377e-39,4.7091e-41,1.42341e-42,3.22226e-44,5.20356e-46,5.94595e-48,0,0,0,0,0
0,0,0,0,0,0,0,1.75398e-48,1.47332e-46,8.62895e-45,3.63334e-43,1.15366e-41,2.89534e-40,5.9455e-39,1.02337e-37,1.50152e-36,1.90281e-35,2.10487e-34,2.05035e-33,1.77192e-32,1.36751e-31,9.48252e-31,5.94251e-30,3.38619e-29,1.76633e-28,8.50114e-28,3.81126e-27,1.60989e-26,6.48974e-26,2.52831e-25,9.61252e-25,3.58219e-24,1.3062e-23,4.6317e-23,1.58476e-22,5.19586e-22,1.6244e-21,4.82972e-21,1.36475e-20,3.66805e-20,9.39431e-20,2.29822e-19,5.3846e-19,1.21126e-18,2.62152e-18,5.46701e-18,1.09942e-17,2.13215e-17,3.9851e-17,7.16992e-17,1.23974e-16,2.05602e-16,3.26324e-16,4.94499e-16,7.137e-16,9.7868e-16,1.27209e-15,1.56391e-15,1.81515e-15,1.98608e-15,2.04678e-15,1.98608e-15,1.81515e-15,1.56391e-15,1.27209e-15,9.7868e-16,7.137e-16,4.94499e-16,3.26324e-16,2.05603e-16,1.23974e-16,7.17003e-17,3.98528e-17,2.1324e-17,1.09975e-17,5.47097e-18,2.62575e-18,1.21532e-18,5.42003e-19,2.32642e-19,9.6008e-20,3.80783e-20,1.45261e-20,5.34415e-21,1.9055e-21,6.63075e-22,2.26902e-22,7.67819e-23,2.57104e-23,8.47098e-24,2.71684e-24,8.37202e-25,2.44741e-25,6.71322e-26,1.71254e-26,4.03401e-27,8.72313e-28,1.72286e-28,3.09357e-29,5.02738e-30,7.36031e-31,9.66017e-32,1.13043e-32,1.17216e-33,1.06925e-34,8.50736e-36,5.84227e-37,3.4179e-38,1.6721e-39,6.66624e-41,2.09238e-42,4.92897e-44,8.30028e-46,9.88873e-48,0,0,0,0,0,0
0,0,0,0,0,0,0,0,2.59002e-48,2.09481e-46,1.18135e-44,4.80147e-43,1.47551e-41,3.5942e-40,7.1722e-39,1.19891e-37,1.70742e-36,2.09931e-35,2.25263e-34,2.12878e-33,1.78598e-32,1.34012e-31,9.0597e-31,5.561e-30,3.12651e-29,1.62659e-28,7.92482e-28,3.66328e-27,1.62699e-26,7.00878e-26,2.9403e-25,1.19892e-24,4.72246e-24,1.78328e-23,6.41212e-23,2.1848e-22,7.03523e-22,2.13915e-21,6.14572e-21,1.6711e-20,4.311e-20,1.05809e-19,2.47815e-19,5.55433e-19,1.19432e-18,2.46852e-18,4.9106e-18,9.40694e-18,1.73506e-17,3.0789e-17,5.24985e-17,8.58717e-17,1.34484e-16,2.01233e-16,2.87068e-16,3.89561e-16,5.01831e-16,6.1248e-16,7.07071e-16,7.71114e-16,7.93799e-16,7.71114e-16,7.07071e-16,6.1248e-16,5.01831e-16,3.89561e-16,2.87068e-16,2.01233e-16,1.34484e-16,8.58718e-17,5.24987e-17,3.07893e-17,1.7351e-17,9.40766e-18,4.91155e-18,2.46965e-18,1.19552e-18,5.56585e-19,2.4882e-19,1.06609e-19,4.36943e-20,1.71051e-20,6.39179e-21,2.28188e-21,7.80544e-22,2.57177e-22,8.22224e-23,2.57104e-23,7.908e-24,2.39387e-24,7.0897e-25,2.03156e-25,5.55782e-26,1.43294e-26,3.44314e-27,7.64049e-28,1.55422e-28,2.88016e-29,4.83533e-30,7.31554e-31,9.92099e-32,1.19915e-32,1.28363e-33,1.20804e-34,9.90921e-36,7.01057e-37,4.22221e-38,2.12872e-39,8.77071e-41,2.85239e-42,6.97876e-44,1.22342e-45,1.51728e-47,0,0,0,0,0,0,0
0,0,0,0,0,0,0,0,0,3.54505e-48,2.76634e-46,1.50551e-44,5.92165e-43,1.76645e-41,4.18241e-40,8.10824e-39,1.31631e-37,1.82033e-36,2.17386e-35,2.26744e-34,2.08639e-33,1.70947e-32,1.25888e-31,8.41628e-31,5.16577e-30,2.94786e-29,1.58513e-28,8.1334e-28,4.01925e-27,1.92021e-26,8.85247e-26,3.91523e-25,1.64935e-24,6.57578e-24,2.46979e-23,8.71563e-23,2.88711e-22,8.98125e-22,2.62753e-21,7.24517e-21,1.88806e-20,4.66406e-20,1.09563e-19,2.45498e-19,5.26168e-19,1.08117e-18,2.13353e-18,4.0474e-18,7.38353e-18,1.29487e-17,2.18117e-17,3.52448e-17,5.4544e-17,8.06971e-17,1.13918e-16,1.53146e-16,1.95697e-16,2.37291e-16,2.72622e-16,2.96439e-16,3.04856e-16,2.96439e-16,2.72622e-16,2.37291e-16,1.95697e-16,1.53146e-16,1.13918e-16,8.06971e-17,5.4544e-17,3.52448e-17,2.18117e-17,1.29488e-17,7.38366e-18,4.04759e-18,2.13379e-18,1.08148e-18,5.26492e-19,2.45809e-19,1.09834e-19,4.68555e-20,1.9037e-20,7.35003e-21,2.69245e-21,9.35339e-22,3.08494e-22,9.69154e-23,2.91645e-23,8.47098e-24,2.39387e-24,6.61841e-25,1.79041e-25,4.70884e-26,1.19025e-26,2.85235e-27,6.39569e-28,1.32659e-28,2.52148e-29,4.35735e-30,6.79927e-31,9.51925e-32,1.18817e-32,1.31324e-33,1.27562e-34,1.07938e-35,7.87234e-37,4.88431e-38,2.53503e-39,1.07643e-40,3.61818e-42,9.17411e-44,1.67105e-45,2.15354e-47,0,0,0,0,0,0,0,0
0,0,0,0,0,0,0,0,0,0,4.51253e-48,3.40556e-46,1.79349e-44,6.84864e-43,1.98659e-41,4.57264e-40,8.61769e-39,1.36052e-37,1.83147e-36,2.13306e-35,2.17692e-34,1.97017e-33,1.60031e-32,1.18158e-31,8.03896e-31,5.11076e-30,3.07496e-29,1.76704e-28,9.73595e-28,5.13511e-27,2.57918e-26,1.22561e-25,5.47815e-25,2.29346e-24,8.97132e-24,3.2759e-23,1.11698e-22,3.56075e-22,1.0633e-21,2.98167e-21,7.874e-21,1.96434e-20,4.64438e-20,1.04403e-19,2.23802e-19,4.58678e-19,9.0061e-19,1.69659e-18,3.06876e-18,5.33038e-18,8.88741e-18,1.4211e-17,2.17652e-17,3.18813e-17,4.45892e-17,5.94443e-17,7.54151e-17,9.09113e-17,1.03998e-16,1.12785e-16,1.15885e-16,1.12785e-16,1.03998e-16,9.09113e-17,7.54151e-17,5.94443e-17,4.45892e-17,3.18813e-17,2.17652e-17,1.4211e-17,8.88742e-18,5.3304e-18,3.0688e-18,1.69664e-18,9.00676e-19,4.58756e-19,2.23885e-19,1.04483e-19,4.65129e-20,1.96981e-20,7.91355e-21,3.00795e-21,1.07939e-21,3.65172e-22,1.16452e-22,3.50557e-23,9.99733e-24,2.71684e-24,7.0897e-25,1.79041e-25,4.39779e-26,1.05016e-26,2.42085e-27,5.32341e-28,1.10121e-28,2.11431e-29,3.72369e-30,5.95587e-31,8.5769e-32,1.1033e-32,1.25792e-33,1.26079e-34,1.10066e-35,8.27887e-37,5.29448e-38,2.83063e-39,1.23728e-40,4.28617e-42,1.12345e-43,2.12151e-45,2.8354e-47,0,0,0,0,0,0,0,0,0
0,0,0,0,0,0,0,0,0,0,0,5.3633e-48,3.92649e-46,2.00814e-44,7.46126e-43,2.10636e-41,4.72113e-40,8.67416e-39,1.33789e-37,1.76574e-36,2.02739e-35,2.05652e-34,1.87112e-33,1.55058e-32,1.18799e-31,8.52671e-31,5.78729e-30,3.72991e-29,2.28051e-28,1.31697e-27,7.1434e-27,3.62105e-26,1.70912e-25,7.49544e-25,3.05192e-24,1.15407e-23,4.05749e-23,1.32863e-22,4.06105e-22,1.1617e-21,3.11916e-21,7.88555e-21,1.88317e-20,4.2621e-20,9.17019e-20,1.88091e-19,3.68655e-19,6.91695e-19,1.24387e-18,2.14511e-18,3.54768e-18,5.62404e-18,8.53847e-18,1.24003e-17,1.72035e-17,2.27674e-17,2.87017e-17,3.44212e-17,3.92264e-17,4.24413e-17,4.35732e-17,4.24413e-17,3.92264e-17,3.44212e-17,2.87017e-17,2.27674e-17,1.72035e-17,1.24003e-17,8.53847e-18,5.62404e-18,3.54768e-18,2.14511e-18,1.24388e-18,6.91708e-19,3.68671e-19,1.8811e-19,9.1722e-20,4.26402e-20,1.88484e-20,7.89865e-21,3.12857e-21,1.16789e-21,4.09847e-22,1.34944e-22,4.16412e-23,1.20442e-23,3.27091e-24,8.37202e-25,2.03156e-25,4.70884e-26,1.05016e-26,2.26319e-27,4.70688e-28,9.37438e-29,1.76586e-29,3.10144e-30,5.00879e-31,7.34634e-32,9.67892e-33,1.13414e-33,1.17049e-34,1.05315e-35,8.16678e-37,5.38387e-38,2.96609e-39,1.33529e-40,4.76128e-42,1.28634e-43,2.51184e-45,3.47348e-47,0,0,0,0,0,0,0,0,0,0
0,0,0,0,0,0,0,0,0,0,0,0,5.98402e-48,4.26762e-46,2.12607e-44,7.70137e-43,2.12286e-41,4.65706e-40,8.40675e-39,1.28138e-37,1.68534e-36,1.95058e-35,2.02331e-34,1.91302e-33,1.67244e-32,1.36572e-31,1.04687e-30,7.53289e-30,5.07214e-29,3.18185e-28,1.85216e-27,9.97522e-27,4.96263e-26,2.27951e-25,9.67158e-25,3.79462e-24,1.37901e-23,4.65142e-23,1.4597e-22,4.27338e-22,1.17052e-21,3.00916e-21,7.28418e-21,1.66573e-20,3.60994e-20,7.43607e-20,1.45969e-19,2.73636e-19,4.90638e-19,8.42277e-19,1.38498e-18,2.18121e-18,3.28852e-18,4.74244e-18,6.53509e-18,8.59504e-18,1.07765e-17,1.28666e-17,1.46144e-17,1.57801e-17,1.61898e-17,1.57801e-17,1.46144e-17,1.28666e-17,1.07765e-17,8.59504e-18,6.53509e-18,4.74244e-18,3.28852e-18,2.18121e-18,1.38498e-18,8.42279e-19,4.9064e-19,2.73639e-19,1.45973e-19,7.4365e-20,3.6104e-20,1.66617e-20,7.28796e-21,3.01212e-21,1.17262e-21,4.28706e-22,1.46785e-22,4.69589e-23,1.4013e-23,3.89724e-24,1.01051e-24,2.44741e-25,5.55782e-26,1.19025e-26,2.42085e-27,4.70688e-28,8.77734e-29,1.56617e-29,2.65123e-30,4.20272e-31,6.14638e-32,8.17228e-33,9.74537e-34,1.0292e-34,9.50807e-36,7.58491e-37,5.14878e-38,2.92174e-39,1.3547e-40,4.97356e-42,1.383e-43,2.78403e-45,3.97261e-47,0,0,0,0,0,0,0,0,0,0,0
0,0,0,0,0,0,0,0,0,0,0,0,0,6.31925e-48,4.40907e-46,2.14766e-44,7.62745e-43,2.07017e-41,4.49904e-40,8.11486e-39,1.24999e-37,1.68469e-36,2.02828e-35,2.2184e-34,2.23065e-33,2.07549e-32,1.7899e-31,1.42858e-30,1.05226e-29,7.1334e-29,4.44224e-28,2.5389e-27,1.33178e-26,6.41625e-26,2.84279e-25,1.16026e-24,4.37096e-24,1.52334e-23,4.92383e-23,1.48007e-22,4.14958e-22,1.08848e-21,2.68001e-21,6.21398e-21,1.3612e-20,2.82567e-20,5.57405e-20,1.04737e-19,1.87815e-19,3.2185e-19,5.27511e-19,8.27196e-19,1.24091e-18,1.78004e-18,2.43991e-18,3.19297e-18,3.98558e-18,4.74102e-18,5.37019e-18,5.78862e-18,5.93549e-18,5.78862e-18,5.37019e-18,4.74102e-18,3.98558e-18,3.19297e-18,2.43991e-18,1.78004e-18,1.24091e-18,8.27196e-19,5.27511e-19,3.2185e-19,1.87815e-19,1.04738e-19,5.57413e-20,2.82577e-20,1.3613e-20,6.21492e-21,2.68082e-21,1.08911e-21,4.15399e-22,1.48289e-22,4.94039e-23,1.5322e-23,4.41432e-24,1.17967e-24,2.92226e-25,6.71322e-26,1.43294e-26,2.85235e-27,5.32341e-28,9.37438e-29,1.56617e-29,2.48742e-30,3.74204e-31,5.28133e-32,6.89587e-33,8.19821e-34,8.73209e-35,8.20251e-36,6.68923e-37,4.65748e-38,2.71612e-39,1.2955e-40,4.89453e-42,1.40076e-43,2.9019e-45,4.25871e-47,0,0,0,0,0,0,0,0,0,0,0,0
0,0,0,0,0,0,0,0,0,0,0,0,0,0,6.39119e-48,4.38971e-46,2.10955e-44,7.43894e-43,2.02242e-41,4.45238e-40,8.24356e-39,1.32168e-37,1.87634e-36,2.39609e-35,2.77859e-34,2.93875e-33,2.83734e-32,2.49901e-31,2.00586e-30,1.46645e-29,9.76597e-29,5.92876e-28,3.28514e-27,1.66413e-26,7.72112e-26,3.28808e-25,1.28811e-24,4.6534e-24,1.55423e-23,4.81269e-23,1.38568e-22,3.72121e-22,9.3507e-22,2.20579e-21,4.90069e-21,1.0287e-20,2.04606e-20,3.86608e-20,6.95478e-20,1.19314e-19,1.95438e-19,3.0588e-19,4.57544e-19,6.5406e-19,8.9319e-19,1.16457e-18,1.44875e-18,1.71842e-18,1.94224e-18,2.09074e-18,2.1428e-18,2.09074e-18,1.94224e-18,1.71842e-18,1.44875e-18,1.16457e-18,8.9319e-19,6.5406e-19,4.57544e-19,3.0588e-19,1.95438e-19,1.19314e-19,6.95479e-20,3.86609e-20,2.04608e-20,1.02872e-20,4.90089e-21,2.20598e-21,9.35232e-22,3.72246e-22,1.38655e-22,4.81817e-23,1.55737e-23,4.66984e-24,1.29595e-24,3.32212e-25,7.85575e-26,1.71254e-26,3.44314e-27,6.39569e-28,1.10121e-28,1.76586e-29,2.65123e-30,3.74204e-31,4.96707e-32,6.16803e-33,7.0862e-34,7.41564e-35,6.94317e-36,5.70673e-37,4.03635e-38,2.40382e-39,1.17475e-40,4.55654e-42,1.34035e-43,2.85578e-45,4.30105e-47,0,0,0,0,0,0,0,0,0,0,0,0,0
0,0,0,0,0,0,0,0,0,0,0,0,0,0,0,6.31652e-48,4.32617e-46,2.08725e-44,7.47055e-43,2.08766e-41,4.78439e-40,9.31729e-39,1.57972e-37,2.36836e-36,3.16818e-35,3.79946e-34,4.09475e-33,3.97159e-32,3.47153e-31,2.73887e-30,1.95392e-29,1.26305e-28,7.41425e-28,3.96141e-27,1.93106e-26,8.60897e-26,3.51882e-25,1.32204e-24,4.57781e-24,1.46504e-23,4.34608e-23,1.19879e-22,3.08441e-22,7.42695e-22,1.67911e-21,3.57579e-21,7.1945e-21,1.37139e-20,2.4825e-20,4.27608e-20,7.01918e-20,1.09919e-19,1.64314e-19,2.34535e-19,3.19635e-19,4.15812e-19,5.16131e-19,6.11002e-19,6.89527e-19,7.41527e-19,7.59738e-19,7.41527e-19,6.89527e-19,6.11002e-19,5.16131e-19,4.15812e-19,3.19635e-19,2.34535e-19,1.64314e-19,1.09919e-19,7.01918e-20,4.27608e-20,2.48251e-20,1.37139e-20,7.19453e-21,3.57583e-21,1.67915e-21,7.42731e-22,3.08472e-22,1.19902e-22,4.34767e-23,1.46603e-23,4.58337e-24,1.32488e-24,3.53196e-25,8.6642e-26,1.9521e-26,4.03401e-27,7.64049e-28,1.32659e-28,2.11431e-29,3.10144e-30,4.20272e-31,5.28133e-32,6.16803e-33,6.68275e-34,6.66639e-35,6.04031e-36,4.88025e-37,3.43971e-38,2.06311e-39,1.02322e-40,4.04871e-42,1.21917e-43,2.66482e-45,4.11254e-47,0,0,0,0,0,0,0,0,0,0,0,0,0,0
0,0,0,0,0,0,0,0,0,0,0,0,0,0,0,0,6.32271e-48,4.40895e-46,2.18866e-44,8.1517e-43,2.39164e-41,5.77745e-40,1.18338e-38,2.09331e-37,3.2349e-36,4.39993e-35,5.29539e-34,5.66318e-33,5.40208e-32,4.61226e-31,3.53637e-30,2.44268e-29,1.52458e-28,8.62323e-28,4.43234e-27,2.07598e-26,8.88397e-26,3.48307e-25,1.25454e-24,4.16311e-24,1.27657e-23,3.62834e-23,9.58955e-23,2.36451e-22,5.45722e-22,1.18278e-21,2.41489e-21,4.65806e-21,8.5105e-21,1.47607e-20,2.4347e-20,3.82441e-20,5.72637e-20,8.17799e-20,1.11425e-19,1.44843e-19,1.7961e-19,2.12411e-19,2.39506e-19,2.57423e-19,2.63694e-19,2.57423e-19,2.39506e-19,2.12411e-19,1.7961e-19,1.44843e-19,1.11425e-19,8.17799e-20,5.72637e-20,3.82441e-20,2.4347e-20,1.47608e-20,8.51051e-21,4.65807e-21,2.41489e-21,1.18279e-21,5.45729e-22,2.36457e-22,9.59009e-23,3.62874e-23,1.27684e-23,4.16477e-24,1.25546e-24,3.48761e-25,8.90436e-26,2.08425e-26,4.46262e-27,8.72313e-28,1.55422e-28,2.52148e-29,3.72369e-30,5.00879e-31,6.14638e-32,6.89587e-33,7.0862e-34,6.66639e-35,5.71308e-36,4.4106e-37,3.01284e-38,1.77727e-39,8.78165e-41,3.49715e-42,1.0679e-43,2.37935e-45,3.74663e-47,0,0,0,0,0,0,0,0,0,0,0,0,0,0,0
0,0,0,0,0,0,0,0,0,0,0,0,0,0,0,0,0,6.72813e-48,4.87885e-46,2.53776e-44,9.93044e-43,3.05213e-41,7.66253e-40,1.6127e-38,2.89463e-37,4.48467e-36,6.05247e-35,7.16777e-34,7.49481e-33,6.9563e-32,5.75809e-31,4.2686e-30,2.84476e-29,1.71027e-28,9.30553e-28,4.59609e-27,2.06669e-26,8.4849e-26,3.18969e-25,1.10115e-24,3.50147e-24,1.02875e-23,2.80169e-23,7.09601e-23,1.67704e-22,3.71059e-22,7.71098e-22,1.50958e-21,2.79179e-21,4.88924e-21,8.12504e-21,1.28337e-20,1.92914e-20,2.76218e-20,3.76927e-20,4.90359e-20,6.08229e-20,7.1929e-20,8.10928e-20,8.71474e-20,8.92653e-20,8.71474e-20,8.10928e-20,7.1929e-20,6.08229e-20,4.90359e-20,3.76927e-20,2.76218e-20,1.92914e-20,1.28337e-20,8.12504e-21,4.88924e-21,2.79179e-21,1.50958e-21,7.71099e-22,3.7106e-22,1.67705e-22,7.09612e-23,2.80178e-23,1.02881e-23,3.50191e-24,1.10141e-24,3.19108e-25,8.49164e-26,2.06962e-26,4.60751e-27,9.34558e-28,1.72286e-28,2.88016e-29,4.35735e-30,5.95587e-31,7.34634e-32,8.17228e-33,8.19821e-34,7.41564e-35,6.04031e-36,4.4106e-37,2.85827e-38,1.61506e-39,7.74567e-41,3.03546e-42,9.23453e-44,2.06998e-45,3.2946e-47,0,0,0,0,0,0,0,0,0,0,0,0,0,0,0,0
0,0,0,0,0,0,0,0,0,0,0,0,0,0,0,0,0,0,7.89382e-48,5.98366e-46,3.24893e-44,1.31666e-42,4.1461e-41,1.05414e-39,2.22223e-38,3.95735e-37,6.03623e-36,7.97223e-35,9.19713e-34,9.3355e-33,8.38888e-32,6.70879e-31,4.79688e-30,3.07908e-29,1.78086e-28,9.31218e-28,4.41642e-27,1.90552e-26,7.50213e-26,2.7033e-25,8.94285e-25,2.72456e-24,7.66948e-24,2.00138e-23,4.85794e-23,1.10052e-22,2.33452e-22,4.65174e-22,8.73209e-22,1.54825e-21,2.59883e-21,4.1376e-21,6.25778e-21,9.00113e-21,1.23238e-20,1.60696e-20,1.9963e-20,2.36312e-20,2.66571e-20,2.86558e-20,2.93549e-20,2.86558e-20,2.66571e-20,2.36312e-20,1.9963e-20,1.60696e-20,1.23238e-20,9.00113e-21,6.25778e-21,4.1376e-21,2.59883e-21,1.54825e-21,8.73209e-22,4.65174e-22,2.33452e-22,1.10052e-22,4.85796e-23,2.0014e-23,7.66962e-24,2.72466e-24,8.9435e-25,2.70368e-25,7.50411e-26,1.90644e-26,4.42029e-27,9.32669e-28,1.78571e-28,3.09357e-29,4.83533e-30,6.79927e-31,8.5769e-32,9.67892e-33,9.74537e-34,8.73209e-35,6.94317e-36,4.88025e-37,3.01284e-38,1.61506e-39,7.37081e-41,2.77371e-42,8.20415e-44,1.81127e-45,2.86517e-47,0,0,0,0,0,0,0,0,0,0,0,0,0,0,0,0,0
0,0,0,0,0,0,0,0,0,0,0,0,0,0,0,0,0,0,0,1.01484e-47,7.91798e-46,4.39452e-44,1.80083e-42,5.67542e-41,1.43151e-39,2.97248e-38,5.18467e-37,7.71227e-36,9.90023e-35,1.10723e-33,1.08728e-32,9.4361e-32,7.2777e-31,5.01221e-30,3.09551e-29,1.7209e-28,8.64202e-28,3.93318e-27,1.6275e-26,6.14205e-26,2.12074e-25,6.72109e-25,1.96155e-24,5.28968e-24,1.32256e-23,3.07643e-23,6.68023e-23,1.35851e-22,2.5953e-22,4.6707e-22,7.93817e-22,1.27682e-21,1.94706e-21,2.81892e-21,3.87896e-21,5.0772e-21,6.32487e-21,7.50165e-21,8.473e-21,9.11482e-21,9.33934e-21,9.11482e-21,8.473e-21,7.50165e-21,6.32487e-21,5.0772e-21,3.87896e-21,2.81892e-21,1.94706e-21,1.27682e-21,7.93817e-22,4.6707e-22,2.5953e-22,1.35851e-22,6.68023e-23,3.07643e-23,1.32256e-23,5.2897e-24,1.96157e-24,6.72123e-25,2.12083e-25,6.14256e-26,1.62777e-26,3.93436e-27,8.64674e-28,1.72259e-28,3.10089e-29,5.02738e-30,7.31554e-31,9.51925e-32,1.1033e-32,1.13414e-33,1.0292e-34,8.20251e-36,5.70673e-37,3.43971e-38,1.77727e-39,7.74567e-41,2.77371e-42,7.8315e-44,1.66467e-45,2.55964e-47,0,0,0,0,0,0,0,0,0,0,0,0,0,0,0,0,0,0
0,0,0,0,0,0,0,0,0,0,0,0,0,0,0,0,0,0,0,0,1.36944e-47,1.07549e-45,5.97159e-44,2.42812e-42,7.54122e-41,1.86457e-39,3.77968e-38,6.41532e-37,9.26289e-36,1.15184e-34,1.24577e-33,1.18131e-32,9.88738e-32,7.3459e-31,4.86833e-30,2.89042e-29,1.54339e-28,7.43844e-28,3.24683e-27,1.28779e-26,4.65644e-26,1.54001e-25,4.67422e-25,1.30646e-24,3.37441e-24,8.0822e-24,1.80135e-23,3.74853e-23,7.3065e-23,1.33791e-22,2.30766e-22,3.75804e-22,5.78978e-22,8.4526e-22,1.1709e-21,1.5406e-21,1.9268e-21,2.29189e-21,2.59371e-21,2.79332e-21,2.86318e-21,2.79332e-21,2.59371e-21,2.29189e-21,1.9268e-21,1.5406e-21,1.1709e-21,8.4526e-22,5.78978e-22,3.75804e-22,2.30766e-22,1.33791e-22,7.3065e-23,3.74853e-23,1.80135e-23,8.0822e-24,3.37441e-24,1.30647e-24,4.67425e-25,1.54003e-25,4.65656e-26,1.28785e-26,3.24715e-27,7.43981e-28,1.54391e-28,2.89222e-29,4.87376e-30,7.36031e-31,9.92099e-32,1.18817e-32,1.25792e-33,1.17049e-34,9.50807e-36,6.68923e-37,4.03635e-38,2.06311e-39,8.78165e-41,3.03546e-42,8.20415e-44,1.66467e-45,2.44927e-47,0,0,0,0,0,0,0,0,0,0,0,0,0,0,0,0,0,0,0
0,0,0,0,0,0,0,0,0,0,0,0,0,0,0,0,0,0,0,0,0,1.85126e-47,1.43863e-45,7.8779e-44,3.14311e-42,9.53951e-41,2.2978e-39,4.52665e-38,7.4519e-37,1.04183e-35,1.25262e-34,1.30821e-33,1.19646e-32,9.64779e-32,6.8984e-31,4.39554e-30,2.50682e-29,1.2847e-28,5.93819e-28,2.48429e-27,9.43926e-27,3.26844e-26,1.03492e-25,3.00713e-25,8.04667e-25,1.98999e-24,4.56454e-24,9.74461e-24,1.94267e-23,3.62786e-23,6.36443e-23,1.05154e-22,1.63987e-22,2.41833e-22,3.37763e-22,4.47333e-22,5.6232e-22,6.71393e-22,7.61781e-22,8.21651e-22,8.42619e-22,8.21651e-22,7.61781e-22,6.71393e-22,5.6232e-22,4.47333e-22,3.37763e-22,2.41833e-22,1.63987e-22,1.05154e-22,6.36443e-23,3.62786e-23,1.94267e-23,9.74461e-24,4.56454e-24,1.98999e-24,8.04667e-25,3.00713e-25,1.03492e-25,3.26847e-26,9.4394e-27,2.48437e-27,5.93855e-28,1.28485e-28,2.50736e-29,4.39729e-30,6.90338e-31,9.66017e-32,1.19915e-32,1.31324e-33,1.26079e-34,1.05315e-35,7.58491e-37,4.65748e-38,2.40382e-39,1.02322e-40,3.49715e-42,9.23453e-44,1.81127e-45,2.55964e-47,0,0,0,0,0,0,0,0,0,0,0,0,0,0,0,0,0,0,0,0
0,0,0,0,0,0,0,0,0,0,0,0,0,0,0,0,0,0,0,0,0,0,2.42948e-47,1.84938e-45,9.90878e-44,3.85627e-42,1.13876e-40,2.66357e-39,5.08702e-38,8.10713e-37,1.09585e-35,1.27234e-34,1.28172e-33,1.12947e-32,8.76616e-32,6.02696e-31,3.68907e-30,2.01928e-29,9.92427e-29,4.39607e-28,1.76147e-27,6.4073e-27,2.12329e-26,6.43331e-26,1.78864e-25,4.57998e-25,1.08402e-24,2.38015e-24,4.86477e-24,9.28609e-24,1.66046e-23,2.78889e-23,4.41048e-23,6.58094e-23,9.2809e-23,1.23882e-22,1.56684e-22,1.8794e-22,2.13925e-22,2.31172e-22,2.37218e-22,2.31172e-22,2.13925e-22,1.8794e-22,1.56684e-22,1.23882e-22,9.2809e-23,6.58094e-23,4.41048e-23,2.78889e-23,1.66046e-23,9.28609e-24,4.86477e-24,2.38015e-24,1.08402e-24,4.57999e-25,1.78864e-25,6.43332e-26,2.1233e-26,6.40733e-27,1.76148e-27,4.39615e-28,9.92463e-29,2.01943e-29,3.68958e-30,6.02851e-31,8.77029e-32,1.13043e-32,1.28363e-33,1.27562e-34,1.10066e-35,8.16678e-37,5.14878e-38,2.71612e-39,1.17475e-40,4.04871e-42,1.0679e-43,2.06998e-45,2.86517e-47,0,0,0,0,0,0,0,0,0,0,0,0,0,0,0,0,0,0,0,0,0
0,0,0,0,0,0,0,0,0,0,0,0,0,0,0,0,0,0,0,0,0,0,0,3.04367e-47,2.25729e-45,1.17838e-43,4.45918e-42,1.27813e-40,2.89761e-39,5.35694e-38,8.25424e-37,1.0775e-35,1.20683e-34,1.1715e-33,9.93735e-33,7.41653e-32,4.89841e-31,2.87762e-30,1.51041e-29,7.11279e-29,3.01689e-28,1.15688e-27,4.02561e-27,1.27584e-26,3.69657e-26,9.82803e-26,2.40672e-25,5.44855e-25,1.14444e-24,2.23793e-24,4.08723e-24,6.99198e-24,1.12328e-23,1.69852e-23,2.42207e-23,3.26231e-23,4.15572e-23,5.01169e-23,5.72614e-23,6.20158e-23,6.36847e-23,6.20158e-23,5.72614e-23,5.01169e-23,4.15572e-23,3.26231e-23,2.42207e-23,1.69852e-23,1.12328e-23,6.99198e-24,4.08723e-24,2.23793e-24,1.14444e-24,5.44855e-25,2.40672e-25,9.82803e-26,3.69657e-26,1.27584e-26,4.02561e-27,1.15688e-27,3.01691e-28,7.11287e-29,1.51045e-29,2.87775e-30,4.89885e-31,7.41777e-32,9.94044e-33,1.17216e-33,1.20804e-34,1.07938e-35,8.27887e-37,5.38387e-38,2.92174e-39,1.2955e-40,4.55654e-42,1.21917e-43,2.37935e-45,3.2946e-47,0,0,0,0,0,0,0,0,0,0,0,0,0,0,0,0,0,0,0,0,0,0
0,0,0,0,0,0,0,0,0,0,0,0,0,0,0,0,0,0,0,0,0,0,0,0,3.61146e-47,2.60178e-45,1.32023e-43,4.84877e-42,1.34694e-40,2.95586e-39,5.28367e-38,7.86301e-37,9.90251e-36,1.06885e-34,9.98819e-34,8.14762e-33,5.84153e-32,3.70269e-31,2.08557e-30,1.04869e-29,4.72739e-29,1.91821e-28,7.03329e-28,2.33927e-27,7.08481e-27,1.96145e-26,4.98308e-26,1.16614e-25,2.5232e-25,5.06584e-25,9.46912e-25,1.65298e-24,2.70227e-24,4.14725e-24,5.98789e-24,8.14773e-24,1.04635e-23,1.26965e-23,1.45692e-23,1.58192e-23,1.62587e-23,1.58192e-23,1.45692e-23,1.26965e-23,1.04635e-23,8.14773e-24,5.98789e-24,4.14725e-24,2.70227e-24,1.65298e-24,9.46912e-25,5.06584e-25,2.5232e-25,1.16614e-25,4.98308e-26,1.96145e-26,7.08481e-27,2.33927e-27,7.0333e-28,1.91821e-28,4.72741e-29,1.04869e-29,2.0856e-30,3.70279e-31,5.84186e-32,8.14851e-33,9.99025e-34,1.06925e-34,9.90921e-36,7.87234e-37,5.29448e-38,2.96609e-39,1.3547e-40,4.89453e-42,1.34035e-43,2.66482e-45,3.74663e-47,0,0,0,0,0,0,0,0,0,0,0,0,0,0,0,0,0,0,0,0,0,0,0
0,0,0,0,0,0,0,0,0,0,0,0,0,0,0,0,0,0,0,0,0,0,0,0,0,4.04456e-47,2.82545e-45,1.39154e-43,4.95361e-42,1.33208e-40,2.82663e-39,4.88033e-38,7.00733e-37,8.50519e-36,8.83797e-35,7.94231e-34,6.22367e-33,4.28199e-32,2.60198e-31,1.40371e-30,6.75453e-30,2.91171e-29,1.1291e-28,3.9546e-28,1.256e-27,3.63179e-27,9.5989e-27,2.32812e-26,5.20173e-26,1.07465e-25,2.06014e-25,3.67667e-25,6.12671e-25,9.55783e-25,1.39908e-24,1.92539e-24,2.49505e-24,3.04843e-24,3.51501e-24,3.82756e-24,3.93763e-24,3.82756e-24,3.51501e-24,3.04843e-24,2.49505e-24,1.92539e-24,1.39908e-24,9.55783e-25,6.12671e-25,3.67667e-25,2.06014e-25,1.07465e-25,5.20173e-26,2.32812e-26,9.5989e-27,3.63179e-27,1.256e-27,3.9546e-28,1.1291e-28,2.91171e-29,6.75454e-30,1.40371e-30,2.60201e-31,4.28207e-32,6.22391e-33,7.94289e-34,8.83919e-35,8.50736e-36,7.01057e-37,4.88431e-38,2.83063e-39,1.33529e-40,4.97356e-42,1.40076e-43,2.85578e-45,4.11254e-47,0,0,0,0,0,0,0,0,0,0,0,0,0,0,0,0,0,0,0,0,0,0,0,0
0,0,0,0,0,0,0,0,0,0,0,0,0,0,0,0,0,0,0,0,0,0,0,0,0,0,4.26918e-47,2.88833e-45,1.37908e-43,4.75324e-42,1.23606e-40,2.5336e-39,4.22086e-38,5.84125e-37,6.82575e-36,6.82093e-35,5.88813e-34,4.42731e-33,2.9197e-32,1.69887e-31,8.76771e-31,4.03269e-30,1.66045e-29,6.14655e-29,2.05413e-28,6.22316e-28,1.71618e-27,4.32569e-27,1.00053e-26,2.13191e-26,4.2003e-26,7.67825e-26,1.30643e-25,2.07478e-25,3.08314e-25,4.29601e-25,5.62269e-25,6.9221e-25,8.02435e-25,8.76566e-25,9.02723e-25,8.76566e-25,8.02435e-25,6.9221e-25,5.62269e-25,4.29601e-25,3.08314e-25,2.07478e-25,1.30643e-25,7.67825e-26,4.2003e-26,2.13191e-26,1.00053e-26,4.32569e-27,1.71618e-27,6.22316e-28,2.05413e-28,6.14655e-29,1.66045e-29,4.0327e-30,8.76772e-31,1.69887e-31,2.91972e-32,4.42736e-33,5.88828e-34,6.82126e-35,6.82638e-36,5.84227e-37,4.22221e-38,2.53503e-39,1.23728e-40,4.76128e-42,1.383e-43,2.9019e-45,4.30105e-47,0,0,0,0,0,0,0,0,0,0,0,0,0,0,0,0,0,0,0,0,0,0,0,0,0
0,0,0,0,0,0,0,0,0,0,0,0,0,0,0,0,0,0,0,0,0,0,0,0,0,0,0,4.24481e-47,2.77839e-45,1.2848e-43,4.28319e-42,1.076e-40,2.12825e-39,3.41749e-38,4.55339e-37,5.11682e-36,4.91146e-35,4.06781e-34,2.93122e-33,1.85055e-32,1.02974e-31,5.07754e-31,2.22944e-30,8.75688e-30,3.09052e-29,9.84277e-29,2.84094e-28,7.46278e-28,1.7916e-27,3.94673e-27,8.00893e-27,1.50255e-26,2.61491e-26,4.2341e-26,6.39582e-26,9.03333e-26,1.1952e-25,1.48368e-25,1.73003e-25,1.89645e-25,1.95529e-25,1.89645e-25,1.73003e-25,1.48368e-25,1.1952e-25,9.03333e-26,6.39582e-26,4.2341e-26,2.61491e-26,1.50255e-26,8.00893e-27,3.94673e-27,1.7916e-27,7.46278e-28,2.84094e-28,9.84277e-29,3.09052e-29,8.75688e-30,2.22944e-30,5.07754e-31,1.02974e-31,1.85055e-32,2.93124e-33,4.06784e-34,4.91154e-35,5.11699e-36,4.55368e-37,3.4179e-38,2.12872e-39,1.07643e-40,4.28617e-42,1.28634e-43,2.78403e-45,4.25871e-47,0,0,0,0,0,0,0,0,0,0,0,0,0,0,0,0,0,0,0,0,0,0,0,0,0,0
0,0,0,0,0,0,0,0,0,0,0,0,0,0,0,0,0,0,0,0,0,0,0,0,0,0,0,0,3.96699e-47,2.50968e-45,1.1229e-43,3.61717e-42,8.76934e-41,1.67196e-39,2.58495e-38,3.31211e-37,3.57498e-36,3.29204e-35,2.61264e-34,1.80188e-33,1.08755e-32,5.77956e-32,2.71908e-31,1.13816e-30,4.25878e-30,1.43104e-29,4.33747e-29,1.19111e-28,2.97629e-28,6.79576e-28,1.42364e-27,2.74679e-27,4.89837e-27,8.09974e-27,1.24542e-26,1.78506e-26,2.38984e-26,2.99359e-26,3.51296e-26,3.86551e-26,3.99048e-26,3.86551e-26,3.51296e-26,2.99359e-26,2.38984e-26,1.78506e-26,1.24542e-26,8.09974e-27,4.89837e-27,2.74679e-27,1.42364e-27,6.79576e-28,2.97629e-28,1.19111e-28,4.33747e-29,1.43104e-29,4.25878e-30,1.13816e-30,2.71908e-31,5.77956e-32,1.08755e-32,1.80188e-33,2.61264e-34,3.29206e-35,3.57502e-36,3.31219e-37,2.58506e-38,1.6721e-39,8.77071e-41,3.61818e-42,1.12345e-43,2.51184e-45,3.97261e-47,0,0,0,0,0,0,0,0,0,0,0,0,0,0,0,0,0,0,0,0,0,0,0,0,0,0,0
0,0,0,0,0,0,0,0,0,0,0,0,0,0,0,0,0,0,0,0,0,0,0,0,0,0,0,0,0,3.47139e-47,2.12075e-45,9.17226e-44,2.85208e-42,6.66584e-41,1.22374e-39,1.81953e-38,2.23933e-37,2.31873e-36,2.04579e-35,1.55366e-34,1.02414e-33,5.90125e-33,2.99077e-32,1.34054e-31,5.34148e-31,1.90124e-30,6.07358e-30,1.74938e-29,4.56364e-29,1.08302e-28,2.34804e-28,4.66944e-28,8.54952e-28,1.44616e-27,2.26678e-27,3.30111e-27,4.47647e-27,5.66259e-27,6.69118e-27,7.39308e-27,7.64254e-27,7.39308e-27,6.69118e-27,5.66259e-27,4.47647e-27,3.30111e-27,2.26678e-27,1.44616e-27,8.54952e-28,4.66944e-28,2.34804e-28,1.08302e-28,4.56364e-29,1.74938e-29,6.07358e-30,1.90124e-30,5.34148e-31,1.34054e-31,2.99077e-32,5.90125e-33,1.02414e-33,1.55366e-34,2.04579e-35,2.31874e-36,2.23935e-37,1.81956e-38,1.22377e-39,6.66624e-41,2.85239e-42,9.17411e-44,2.12151e-45,3.47348e-47,0,0,0,0,0,0,0,0,0,0,0,0,0,0,0,0,0,0,0,0,0,0,0,0,0,0,0,0
0,0,0,0,0,0,0,0,0,0,0,0,0,0,0,0,0,0,0,0,0,0,0,0,0,0,0,0,0,0,2.83469e-47,1.6708e-45,6.97821e-44,2.09229e-42,4.70899e-41,8.31439e-40,1.18746e-38,1.40194e-37,1.39074e-36,1.17401e-35,8.51961e-35,5.35963e-34,2.94383e-33,1.42057e-32,6.05678e-32,2.29364e-31,7.75328e-31,2.35083e-30,6.42366e-30,1.58916e-29,3.57522e-29,7.34566e-29,1.38379e-28,2.39879e-28,3.8389e-28,5.68775e-28,7.82039e-28,9.9981e-28,1.19031e-27,1.32106e-27,1.36766e-27,1.32106e-27,1.19031e-27,9.9981e-28,7.82039e-28,5.68775e-28,3.8389e-28,2.39879e-28,1.38379e-28,7.34566e-29,3.57522e-29,1.58916e-29,6.42366e-30,2.35083e-30,7.75328e-31,2.29364e-31,6.05678e-32,1.42057e-32,2.94383e-33,5.35963e-34,8.51961e-35,1.17401e-35,1.39074e-36,1.40194e-37,1.18746e-38,8.31448e-40,4.7091e-41,2.09238e-42,6.97876e-44,1.67105e-45,2.8354e-47,0,0,0,0,0,0,0,0,0,0,0,0,0,0,0,0,0,0,0,0,0,0,0,0,0,0,0,0,0
0,0,0,0,0,0,0,0,0,0,0,0,0,0,0,0,0,0,0,0,0,0,0,0,0,0,0,0,0,0,0,2.15332e-47,1.22335e-45,4.92882e-44,1.42338e-42,3.08125e-41,5.22587e-40,7.15968e-39,8.09767e-38,7.68478e-37,6.1975e-36,4.29081e-35,2.57193e-34,1.34432e-33,6.16626e-33,2.49643e-32,8.9687e-32,2.87398e-31,8.25538e-31,2.13591e-30,5.00089e-30,1.0643e-29,2.0675e-29,3.68018e-29,6.02326e-29,9.09181e-29,1.26894e-28,1.64102e-28,1.9696e-28,2.19652e-28,2.27766e-28,2.19652e-28,1.9696e-28,1.64102e-28,1.26894e-28,9.09181e-29,6.02326e-29,3.68018e-29,2.0675e-29,1.0643e-29,5.00089e-30,2.13591e-30,8.25538e-31,2.87398e-31,8.9687e-32,2.49643e-32,6.16626e-33,1.34432e-33,2.57193e-34,4.29081e-35,6.1975e-36,7.68478e-37,8.09767e-38,7.15969e-39,5.22589e-40,3.08128e-41,1.42341e-42,4.92897e-44,1.22342e-45,2.15354e-47,0,0,0,0,0,0,0,0,0,0,0,0,0,0,0,0,0,0,0,0,0,0,0,0,0,0,0,0,0,0
0,0,0,0,0,0,0,0,0,0,0,0,0,0,0,0,0,0,0,0,0,0,0,0,0,0,0,0,0,0,0,0,1.51722e-47,8.30009e-46,3.22223e-44,8.95176e-43,1.86149e-41,3.02858e-40,3.97471e-39,4.30008e-38,3.89782e-37,2.99814e-36,1.97698e-35,1.12707e-34,5.59575e-34,2.43511e-33,9.34301e-33,3.178e-32,9.63405e-32,2.6161e-31,6.39469e-31,1.41365e-30,2.83881e-30,5.19974e-30,8.71922e-30,1.34287e-29,1.9048e-29,2.49408e-29,3.01981e-29,3.38535e-29,3.51649e-29,3.38535e-29,3.01981e-29,2.49408e-29,1.9048e-29,1.34287e-29,8.71922e-30,5.19974e-30,2.83881e-30,1.41365e-30,6.39469e-31,2.6161e-31,9.63405e-32,3.178e-32,9.34301e-33,2.43511e-33,5.59575e-34,1.12707e-34,1.97698e-35,2.99814e-36,3.89782e-37,4.30008e-38,3.97471e-39,3.02858e-40,1.86149e-41,8.95181e-43,3.22226e-44,8.30028e-46,1.51728e-47,0,0,0,0,0,0,0,0,0,0,0,0,0,0,0,0,0,0,0,0,0,0,0,0,0,0,0,0,0,0,0
0,0,0,0,0,0,0,0,0,0,0,0,0,0,0,0,0,0,0,0,0,0,0,0,0,0,0,0,0,0,0,0,0,9.88857e-48,5.20352e-46,1.94412e-44,5.18895e-43,1.03509e-41,1.61314e-40,2.02488e-39,2.09202e-38,1.80816e-37,1.32412e-36,8.30004e-36,4.4916e-35,2.11389e-34,8.70888e-34,3.15973e-33,1.01529e-32,2.90488e-32,7.43878e-32,1.71341e-31,3.56646e-31,6.73771e-31,1.15984e-30,1.82557e-30,2.63519e-30,3.497e-30,4.27444e-30,4.81896e-30,5.01501e-30,4.81896e-30,4.27444e-30,3.497e-30,2.63519e-30,1.82557e-30,1.15984e-30,6.73771e-31,3.56646e-31,1.71341e-31,7.43878e-32,2.90488e-32,1.01529e-32,3.15973e-33,8.70888e-34,2.11389e-34,4.4916e-35,8.30004e-36,1.32412e-36,1.80816e-37,2.09202e-38,2.02488e-39,1.61314e-40,1.0351e-41,5.18896e-43,1.94413e-44,5.20356e-46,9.88873e-48,0,0,0,0,0,0,0,0,0,0,0,0,0,0,0,0,0,0,0,0,0,0,0,0,0,0,0,0,0,0,0,0
0,0,0,0,0,0,0,0,0,0,0,0,0,0,0,0,0,0,0,0,0,0,0,0,0,0,0,0,0,0,0,0,0,0,5.94592e-48,3.00618e-46,1.0795e-44,2.76417e-43,5.28156e-42,7.87184e-41,9.43475e-40,9.29212e-39,7.64343e-38,5.31823e-37,3.16235e-36,1.62087e-35,7.21448e-35,2.80718e-34,9.60733e-34,2.90872e-33,7.8334e-33,1.88634e-32,4.08188e-32,7.97395e-32,1.41216e-31,2.27567e-31,3.34766e-31,4.5074e-31,5.56622e-31,6.3137e-31,6.58389e-31,6.3137e-31,5.56622e-31,4.5074e-31,3.34766e-31,2.27567e-31,1.41216e-31,7.97395e-32,4.08188e-32,1.88634e-32,7.8334e-33,2.90872e-33,9.60733e-34,2.80718e-34,7.21448e-35,1.62087e-35,3.16235e-36,5.31823e-37,7.64343e-38,9.29212e-39,9.43475e-40,7.87184e-41,5.28156e-42,2.76417e-43,1.0795e-44,3.00619e-46,5.94595e-48,0,0,0,0,0,0,0,0,0,0,0,0,0,0,0,0,0,0,0,0,0,0,0,0,0,0,0,0,0,0,0,0,0
0,0,0,0,0,0,0,0,0,0,0,0,0,0,0,0,0,0,0,0,0,0,0,0,0,0,0,0,0,0,0,0,0,0,0,3.28997e-48,1.59618e-46,5.50103e-45,1.34928e-43,2.46539e-42,3.50804e-41,4.00716e-40,3.75472e-39,2.93318e-38,1.93482e-37,1.08882e-36,5.27277e-36,2.21388e-35,8.114e-35,2.6121e-34,7.4296e-34,1.87749e-33,4.23746e-33,8.58386e-33,1.56768e-32,2.59158e-32,3.89137e-32,5.32247e-32,6.6461e-32,7.58858e-32,7.9307e-32,7.58858e-32,6.6461e-32,5.32247e-32,3.89137e-32,2.59158e-32,1.56768e-32,8.58386e-33,4.23746e-33,1.87749e-33,7.4296e-34,2.6121e-34,8.114e-35,2.21388e-35,5.27277e-36,1.08882e-36,1.93482e-37,2.93318e-38,3.75472e-39,4.00716e-40,3.50804e-41,2.46539e-42,1.34928e-43,5.50103e-45,1.59618e-46,3.28997e-48,0,0,0,0,0,0,0,0,0,0,0,0,0,0,0,0,0,0,0,0,0,0,0,0,0,0,0,0,0,0,0,0,0,0
0,0,0,0,0,0,0,0,0,0,0,0,0,0,0,0,0,0,0,0,0,0,0,0,0,0,0,0,0,0,0,0,0,0,0,0,1.67091e-48,7.76867e-47,2.5656e-45,6.01761e-44,1.04957e-42,1.42305e-41,1.54602e-40,1.37517e-39,1.01787e-38,6.34946e-38,3.37272e-37,1.53888e-36,6.07728e-36,2.09158e-35,6.31327e-35,1.68124e-34,3.97225e-34,8.37033e-34,1.58064e-33,2.68644e-33,4.12464e-33,5.73858e-33,7.25251e-33,8.34055e-33,8.73735e-33,8.34055e-33,7.25251e-33,5.73858e-33,4.12464e-33,2.68644e-33,1.58064e-33,8.37033e-34,3.97225e-34,1.68124e-34,6.31327e-35,2.09158e-35,6.07728e-36,1.53888e-36,3.37272e-37,6.34946e-38,1.01787e-38,1.37517e-39,1.54602e-40,1.42305e-41,1.04957e-42,6.01761e-44,2.5656e-45,7.76868e-47,1.67091e-48,0,0,0,0,0,0,0,0,0,0,0,0,0,0,0,0,0,0,0,0,0,0,0,0,0,0,0,0,0,0,0,0,0,0,0
0,0,0,0,0,0,0,0,0,0,0,0,0,0,0,0,0,0,0,0,0,0,0,0,0,0,0,0,0,0,0,0,0,0,0,0,0,7.76962e-49,3.45664e-47,1.09202e-45,2.44475e-44,4.06222e-43,5.2369e-42,5.39884e-41,4.54756e-40,3.18086e-39,1.87119e-38,9.35409e-38,4.00867e-37,1.48407e-36,4.77949e-36,1.34764e-35,3.34686e-35,7.36212e-35,1.4418e-34,2.5255e-34,3.97263e-34,5.6306e-34,7.20982e-34,8.35631e-34,8.77653e-34,8.35631e-34,7.20982e-34,5.6306e-34,3.97263e-34,2.5255e-34,1.4418e-34,7.36212e-35,3.34686e-35,1.34764e-35,4.77949e-36,1.48407e-36,4.00867e-37,9.35409e-38,1.87119e-38,3.18086e-39,4.54756e-40,5.39884e-41,5.2369e-42,4.06222e-43,2.44475e-44,1.09202e-45,3.45664e-47,7.76963e-49,0,0,0,0,0,0,0,0,0,0,0,0,0,0,0,0,0,0,0,0,0,0,0,0,0,0,0,0,0,0,0,0,0,0,0,0
0,0,0,0,0,0,0,0,0,0,0,0,0,0,0,0,0,0,0,0,0,0,0,0,0,0,0,0,0,0,0,0,0,0,0,0,0,0,3.29923e-49,1.40222e-47,4.2292e-46,9.01779e-45,1.42413e-43,1.74119e-42,1.69857e-41,1.35075e-40,8.89895e-40,4.91928e-39,2.30555e-38,9.24258e-38,3.19399e-37,9.58201e-37,2.51179e-36,5.78804e-36,1.17899e-35,2.13346e-35,3.4447e-35,4.9808e-35,6.4682e-35,7.55978e-35,7.96203e-35,7.55978e-35,6.4682e-35,4.9808e-35,3.4447e-35,2.13346e-35,1.17899e-35,5.78804e-36,2.51179e-36,9.58201e-37,3.19399e-37,9.24258e-38,2.30555e-38,4.91928e-39,8.89895e-40,1.35075e-40,1.69857e-41,1.74119e-42,1.42413e-43,9.01779e-45,4.2292e-46,1.40222e-47,3.29923e-49,0,0,0,0,0,0,0,0,0,0,0,0,0,0,0,0,0,0,0,0,0,0,0,0,0,0,0,0,0,0,0,0,0,0,0,0,0
0,0,0,0,0,0,0,0,0,0,0,0,0,0,0,0,0,0,0,0,0,0,0,0,0,0,0,0,0,0,0,0,0,0,0,0,0,0,0,0,0,0,0,0,0,0,0,0,0,0,0,0,0,0,0,0,0,0,0,0,0,0,0,0,0,0,0,0,0,0,0,0,0,0,0,0,0,0,0,0,0,0,0,0,0,0,0,0,0,0,0,0,0,0,0,0,0,0,0,0,0,0,0,0,0,0,0,0,0,0,0,0,0,0,0,0,0,0,0,0
