0,0,0,0,0,0,0,0,0,0,0,0,0,0,0,0,0,0,0,0,0,0,0,0,0,0,0,0,0,0,0,0,0,0,0,0,0,0,0,0,0,0,0,0,0,0,0,0,0,0,0,0,0,0,0,0,0,0,0,0,0,0,0,0,0,0,0,0,0,0,0,0,0,0,0,0,0,0,0,0,0,0,0,0,0,0,0,0,0,0,0,0,0,0,0,0,0,0,0,0,0,0,0,0,0,0,0,0,0,0,0,0,0,0,0,0,0,0,0,0
0,1.00828e-06,2.01068e-06,3.00076e-06,3.94115e-06,4.78577e-06,5.48837e-06,6.00817e-06,6.31348e-06,6.38383e-06,6.2108e-06,5.79817e-06,5.16117e-06,4.32543e-06,3.32532e-06,2.20211e-06,1.0018e-06,-2.27066e-07,-1.43569e-06,-2.57719e-06,-3.60864e-06,-4.49285e-06,-5.19985e-06,-5.70805e-06,-6.00492e-06,-6.08737e-06,-5.96161e-06,-5.64263e-06,-5.15331e-06,-4.52319e-06,-3.78692e-06,-2.98258e-06,-2.14988e-06,-1.32833e-06,-5.5556e-07,1.34236e-07,7.1161e-07,1.15285e-06,1.44066e-06,1.56449e-06,1.52057e-06,1.31158e-06,9.46147e-07,4.38058e-07,-1.94644e-07,-9.30675e-07,-1.74655e-06,-2.61763e-06,-3.51906e-06,-4.42668e-06,-5.3177e-06,-6.17132e-06,-6.96909e-06,-7.69518e-06,-8.33647e-06,-8.88248e-06,-9.32527e-06,-9.65923e-06,-9.88086e-06,-9.98848e-06,-9.98212e-06,-9.86332e-06,-9.63505e-06,-9.3017e-06,-8.8691e-06,-8.34464e-06,-7.73739e-06,-7.05816e-06,-6.31968e-06,-5.53659e-06,-4.7254e-06,-3.90442e-06,-3.09343e-06,-2.31333e-06,-1.58565e-06,-9.31867e-07,-3.7267e-07,7.2854e-08,3.88116e-07,5.59896e-07,5.79188e-07,4.41935e-07,1.49629e-07,-2.90286e-07,-8.64252e-07,-1.5527e-06,-2.33044e-06,-3.16735e-06,-4.02935e-06,-4.87964e-06,-5.6801e-06,-6.39295e-06,-6.98238e-06,-7.41626e-06,-7.66777e-06,-7.71681e-06,-7.55129e-06,-7.16797e-06,-6.57302e-06,-5.78212e-06,-4.82015e-06,-3.72033e-06,-2.52295e-06,-1.27373e-06,-2.17333e-08,1.18295e-06,2.29166e-06,3.25965e-06,4.04853e-06,4.62836e-06,4.97949e-06,5.09376e-06,4.97521e-06,4.63997e-06,4.11529e-06,3.43743e-06,2.64833e-06,1.79062e-06,9.00758e-07,0
0,2.01068e-06,4.05471e-06,6.01882e-06,7.84856e-06,9.44741e-06,1.07248e-05,1.16058e-05,1.20367e-05,1.19876e-05,1.14533e-05,1.04524e-05,9.02504e-06,7.23046e-06,5.14327e-06,2.84961e-06,4.42875e-07,-1.9806e-06,-4.32588e-06,-6.50355e-06,-8.43341e-06,-1.00477e-05,-1.12939e-05,-1.21363e-05,-1.25575e-05,-1.25585e-05,-1.21587e-05,-1.13939e-05,-1.0315e-05,-8.98492e-06,-7.47583e-06,-5.86536e-06,-4.23316e-06,-2.65727e-06,-1.21074e-06,4.13387e-08,1.04426e-06,1.75559e-06,2.14624e-06,2.20101e-06,1.91831e-06,1.30938e-06,3.96924e-07,-7.86565e-07,-2.20088e-06,-3.80023e-06,-5.5355e-06,-7.35633e-06,-9.21307e-06,-1.10585e-05,-1.2849e-05,-1.4546e-05,-1.61158e-05,-1.75307e-05,-1.87684e-05,-1.98118e-05,-2.06488e-05,-2.12714e-05,-2.1675e-05,-2.18584e-05,-2.18225e-05,-2.15709e-05,-2.11089e-05,-2.0444e-05,-1.9586e-05,-1.85468e-05,-1.73417e-05,-1.59889e-05,-1.45103e-05,-1.29318e-05,-1.12833e-05,-9.59856e-06,-7.91521e-06,-6.27377e-06,-4.71691e-06,-3.28822e-06,-2.03067e-06,-9.85e-07,-1.87798e-07,3.30345e-07,5.467e-07,4.48069e-07,3.21872e-08,-6.91266e-07,-1.70014e-06,-2.95981e-06,-4.42385e-06,-6.03522e-06,-7.72808e-06,-9.43021e-06,-1.10658e-05,-1.25584e-05,-1.38347e-05,-1.48273e-05,-1.54786e-05,-1.57431e-05,-1.55905e-05,-1.50073e-05,-1.39984e-05,-1.25873e-05,-1.08161e-05,-8.74384e-06,-6.44481e-06,-4.00532e-06,-1.52013e-06,9.11919e-07,3.19258e-06,5.22912e-06,6.93916e-06,8.25519e-06,9.12853e-06,9.53243e-06,9.46413e-06,8.94563e-06,8.02279e-06,6.76245e-06,5.24693e-06,3.56553e-06,1.80205e-06,0
0,3.00076e-06,6.01882e-06,8.99326e-06,1.16203e-05,1.3821e-05,1.54645e-05,1.64533e-05,1.67273e-05,1.62654e-05,1.50838e-05,1.32326e-05,1.07918e-05,7.86629e-06,4.57947e-06,1.06761e-06,-2.52675e-06,-6.06117e-06,-9.3994e-06,-1.2417e-05,-1.50064e-05,-1.7081e-05,-1.85783e-05,-1.94619e-05,-1.97231e-05,-1.938e-05,-1.84763e-05,-1.70792e-05,-1.52757e-05,-1.31679e-05,-1.08689e-05,-8.49682e-06,-6.16948e-06,-3.99945e-06,-2.08906e-06,-5.26402e-07,6.17917e-07,1.29297e-06,1.46868e-06,1.1359e-06,3.05571e-07,-9.93056e-07,-2.71489e-06,-4.80201e-06,-7.18699e-06,-9.79639e-06,-1.25542e-05,-1.53849e-05,-1.82165e-05,-2.09825e-05,-2.36239e-05,-2.609e-05,-2.83392e-05,-3.03386e-05,-3.20638e-05,-3.34977e-05,-3.46298e-05,-3.54546e-05,-3.59707e-05,-3.61797e-05,-3.60854e-05,-3.56932e-05,-3.50098e-05,-3.40436e-05,-3.28046e-05,-3.13055e-05,-2.9562e-05,-2.75939e-05,-2.54261e-05,-2.30894e-05,-2.06209e-05,-1.80642e-05,-1.547e-05,-1.28946e-05,-1.03996e-05,-8.04978e-06,-5.91135e-06,-4.04922e-06,-2.52426e-06,-1.39023e-06,-6.90733e-07,-4.56349e-07,-7.0211e-07,-1.42552e-06,-2.6053e-06,-4.2009e-06,-6.15305e-06,-8.38509e-06,-1.08054e-05,-1.33106e-05,-1.57893e-05,-1.8127e-05,-2.02106e-05,-2.19333e-05,-2.32001e-05,-2.39319e-05,-2.40697e-05,-2.35781e-05,-2.24478e-05,-2.06971e-05,-1.83719e-05,-1.55451e-05,-1.23142e-05,-8.79738e-06,-5.12941e-06,-1.4553e-06,2.07614e-06,5.31947e-06,8.14002e-06,1.04211e-05,1.20705e-05,1.30267e-05,1.32627e-05,1.27897e-05,1.16577e-05,9.95392e-06,7.79759e-06,5.33051e-06,2.7036e-06,0
0,3.94115e-06,7.84856e-06,1.16203e-05,1.50148e-05,1.75843e-05,1.93044e-05,2.00746e-05,1.98516e-05,1.86459e-05,1.65163e-05,1.35628e-05,9.91965e-06,5.747e-06,1.22306e-06,-3.46446e-06,-8.12662e-06,-1.25813e-05,-1.66604e-05,-2.02169e-05,-2.31299e-05,-2.53093e-05,-2.66989e-05,-2.72777e-05,-2.70604e-05,-2.60957e-05,-2.44639e-05,-2.22726e-05,-1.9651e-05,-1.67446e-05,-1.37074e-05,-1.06956e-05,-7.85993e-06,-5.33972e-06,-3.25663e-06,-1.71023e-06,-7.74523e-07,-4.95873e-07,-8.92453e-07,-1.955e-06,-3.64887e-06,-5.91712e-06,-8.68449e-06,-1.18619e-05,-1.53514e-05,-1.90505e-05,-2.28576e-05,-2.66752e-05,-3.04137e-05,-3.39942e-05,-3.73497e-05,-4.04262e-05,-4.31826e-05,-4.559e-05,-4.763e-05,-4.92934e-05,-5.05779e-05,-5.14863e-05,-5.20245e-05,-5.22e-05,-5.20206e-05,-5.14938e-05,-5.06264e-05,-4.94248e-05,-4.78954e-05,-4.60459e-05,-4.38868e-05,-4.14322e-05,-3.87025e-05,-3.57252e-05,-3.25366e-05,-2.91829e-05,-2.57203e-05,-2.22154e-05,-1.87438e-05,-1.53887e-05,-1.22382e-05,-9.38248e-06,-6.90931e-06,-4.90046e-06,-3.42705e-06,-2.54528e-06,-2.29252e-06,-2.68403e-06,-3.71051e-06,-5.33682e-06,-7.50181e-06,-1.01195e-05,-1.30817e-05,-1.62613e-05,-1.95172e-05,-2.27002e-05,-2.56582e-05,-2.82438e-05,-3.03199e-05,-3.17668e-05,-3.24874e-05,-3.24125e-05,-3.15052e-05,-2.97632e-05,-2.72212e-05,-2.39501e-05,-2.00558e-05,-1.56759e-05,-1.09744e-05,-6.13523e-06,-1.35431e-06,3.16959e-06,7.24447e-06,1.0695e-05,1.33721e-05,1.51621e-05,1.59945e-05,1.58485e-05,1.47581e-05,1.28135e-05,1.01605e-05,7.00275e-06,3.57398e-06,0
0,4.78577e-06,9.44741e-06,1.3821e-05,1.75843e-05,2.04036e-05,2.18416e-05,2.20203e-05,2.09424e-05,1.86756e-05,1.53421e-05,1.1107e-05,6.16818e-06,7.45816e-07,-4.92797e-06,-1.06191e-05,-1.61012e-05,-2.11647e-05,-2.56248e-05,-2.9328e-05,-3.21581e-05,-3.40391e-05,-3.49384e-05,-3.48663e-05,-3.38751e-05,-3.20562e-05,-2.95349e-05,-2.64649e-05,-2.30206e-05,-1.93892e-05,-1.57619e-05,-1.23255e-05,-9.25412e-06,-6.70161e-06,-4.79571e-06,-3.63315e-06,-3.27677e-06,-3.75425e-06,-5.05866e-06,-7.15066e-06,-9.96212e-06,-1.34009e-05,-1.73565e-05,-2.1706e-05,-2.63208e-05,-3.10721e-05,-3.58367e-05,-4.05016e-05,-4.49675e-05,-4.91518e-05,-5.29892e-05,-5.64321e-05,-5.94496e-05,-6.20258e-05,-6.41571e-05,-6.58493e-05,-6.71147e-05,-6.79693e-05,-6.843e-05,-6.85126e-05,-6.823e-05,-6.75915e-05,-6.66026e-05,-6.52649e-05,-6.35775e-05,-6.15382e-05,-5.91459e-05,-5.64026e-05,-5.33159e-05,-4.99021e-05,-4.61878e-05,-4.22129e-05,-3.80311e-05,-3.37109e-05,-2.93354e-05,-2.50004e-05,-2.08122e-05,-1.68836e-05,-1.33294e-05,-1.02614e-05,-7.78242e-06,-5.98043e-06,-4.92331e-06,-4.65378e-06,-5.18565e-06,-6.50112e-06,-8.54968e-06,-1.12486e-05,-1.44848e-05,-1.81188e-05,-2.19892e-05,-2.59195e-05,-2.97244e-05,-3.32179e-05,-3.62213e-05,-3.85705e-05,-4.01241e-05,-4.07702e-05,-4.04319e-05,-3.90728e-05,-3.66999e-05,-3.33655e-05,-2.91669e-05,-2.42439e-05,-1.87749e-05,-1.297e-05,-7.06224e-06,-1.29812e-06,4.07441e-06,8.81784e-06,1.27175e-05,1.5594e-05,1.73145e-05,1.78037e-05,1.70543e-05,1.51345e-05,1.21878e-05,8.49746e-06,4.37323e-06,0
0,5.48837e-06,1.07248e-05,1.54645e-05,1.93044e-05,2.18416e-05,2.2831e-05,2.20343e-05,1.97687e-05,1.61839e-05,1.14809e-05,5.89861e-06,-2.99898e-07,-6.83852e-06,-1.34397e-05,-1.98353e-05,-2.57769e-05,-3.10447e-05,-3.54556e-05,-3.88692e-05,-4.11921e-05,-4.23808e-05,-4.24415e-05,-4.14297e-05,-3.94461e-05,-3.66319e-05,-3.31617e-05,-2.9236e-05,-2.50712e-05,-2.08902e-05,-1.6912e-05,-1.33427e-05,-1.03657e-05,-8.13506e-06,-6.76893e-06,-6.34596e-06,-6.90328e-06,-8.43677e-06,-1.09032e-05,-1.42242e-05,-1.82919e-05,-2.29754e-05,-2.81279e-05,-3.35946e-05,-3.92203e-05,-4.48557e-05,-5.0364e-05,-5.56258e-05,-6.05418e-05,-6.50358e-05,-6.9054e-05,-7.2565e-05,-7.55569e-05,-7.80346e-05,-8.00159e-05,-8.15272e-05,-8.26e-05,-8.32665e-05,-8.3557e-05,-8.34967e-05,-8.31042e-05,-8.239e-05,-8.1357e-05,-8.00001e-05,-7.83081e-05,-7.62656e-05,-7.38551e-05,-7.1061e-05,-6.78721e-05,-6.4286e-05,-6.03123e-05,-5.59757e-05,-5.13189e-05,-4.64037e-05,-4.1312e-05,-3.61447e-05,-3.10191e-05,-2.60655e-05,-2.14222e-05,-1.7229e-05,-1.36208e-05,-1.07203e-05,-8.63051e-06,-7.42898e-06,-7.16169e-06,-7.83906e-06,-9.43341e-06,-1.18782e-05,-1.50693e-05,-1.88676e-05,-2.31044e-05,-2.7587e-05,-3.21064e-05,-3.64455e-05,-4.03881e-05,-4.3728e-05,-4.62777e-05,-4.78776e-05,-4.84032e-05,-4.77728e-05,-4.59522e-05,-4.29591e-05,-3.88645e-05,-3.37925e-05,-2.79175e-05,-2.1458e-05,-1.46692e-05,-7.83238e-06,-1.24246e-06,4.80533e-06,1.00299e-05,1.41789e-05,1.70436e-05,1.84733e-05,1.83915e-05,1.67647e-05,1.37644e-05,9.73435e-06,5.06051e-06,0
0,6.00817e-06,1.16058e-05,1.64533e-05,2.00746e-05,2.20203e-05,2.20343e-05,2.01344e-05,1.64093e-05,1.13421e-05,5.2202e-06,-1.64647e-06,-8.9377e-06,-1.63345e-05,-2.353e-05,-3.02403e-05,-3.62146e-05,-4.12429e-05,-4.51637e-05,-4.78682e-05,-4.93035e-05,-4.94724e-05,-4.8433e-05,-4.62943e-05,-4.32108e-05,-3.93758e-05,-3.50117e-05,-3.03604e-05,-2.56726e-05,-2.11959e-05,-1.71645e-05,-1.37887e-05,-1.12463e-05,-9.67516e-06,-9.16902e-06,-9.77427e-06,-1.14901e-05,-1.42704e-05,-1.80285e-05,-2.26423e-05,-2.79626e-05,-3.38207e-05,-4.00377e-05,-4.64328e-05,-5.28321e-05,-5.90752e-05,-6.50219e-05,-7.05564e-05,-7.55901e-05,-8.00626e-05,-8.39407e-05,-8.72164e-05,-8.99033e-05,-9.20321e-05,-9.36456e-05,-9.47936e-05,-9.55279e-05,-9.58982e-05,-9.59481e-05,-9.5712e-05,-9.52137e-05,-9.44646e-05,-9.3464e-05,-9.21993e-05,-9.0648e-05,-8.87796e-05,-8.65587e-05,-8.3949e-05,-8.09171e-05,-7.74375e-05,-7.34969e-05,-6.90987e-05,-6.42668e-05,-5.90484e-05,-5.35154e-05,-4.77646e-05,-4.19161e-05,-3.61095e-05,-3.04993e-05,-2.52481e-05,-2.05191e-05,-1.6468e-05,-1.3234e-05,-1.09327e-05,-9.64779e-06,-9.42612e-06,-1.02729e-05,-1.21495e-05,-1.49736e-05,-1.86207e-05,-2.29281e-05,-2.77006e-05,-3.27179e-05,-3.77427e-05,-4.25303e-05,-4.68385e-05,-5.04376e-05,-5.31205e-05,-5.47127e-05,-5.50804e-05,-5.41393e-05,-5.18597e-05,-4.82714e-05,-4.34654e-05,-3.7593e-05,-3.08623e-05,-2.35309e-05,-1.58966e-05,-8.28548e-06,-1.03764e-06,5.50762e-06,1.10275e-05,1.52314e-05,1.78786e-05,1.87006e-05,1.76162e-05,1.48032e-05,1.06462e-05,5.59922e-06,0
0,6.31348e-06,1.20367e-05,1.67273e-05,1.98516e-05,2.09424e-05,1.97687e-05,1.64093e-05,1.12179e-05,4.61237e-06,-2.85847e-06,-1.08277e-05,-1.8937e-05,-2.68453e-05,-3.42382e-05,-4.08377e-05,-4.64112e-05,-5.07786e-05,-5.38179e-05,-5.54675e-05,-5.57277e-05,-5.46583e-05,-5.23749e-05,-4.90434e-05,-4.48722e-05,-4.01026e-05,-3.49981e-05,-2.98329e-05,-2.48796e-05,-2.03973e-05,-1.66204e-05,-1.37481e-05,-1.19373e-05,-1.12957e-05,-1.18794e-05,-1.36918e-05,-1.66858e-05,-2.0768e-05,-2.58053e-05,-3.16327e-05,-3.80627e-05,-4.4895e-05,-5.19261e-05,-5.8959e-05,-6.58115e-05,-7.23234e-05,-7.83618e-05,-8.3825e-05,-8.86438e-05,-9.27817e-05,-9.62319e-05,-9.90146e-05,-0.000101171,-0.00010276,-0.000103848,-0.000104507,-0.000104809,-0.000104818,-0.000104589,-0.000104166,-0.000103574,-0.000102826,-0.000101918,-0.000100829,-9.95279e-05,-9.79689e-05,-9.60999e-05,-9.38643e-05,-9.12066e-05,-8.80769e-05,-8.4437e-05,-8.02654e-05,-7.55622e-05,-7.03534e-05,-6.46935e-05,-5.86669e-05,-5.23866e-05,-4.59923e-05,-3.96455e-05,-3.35229e-05,-2.78089e-05,-2.26864e-05,-1.83277e-05,-1.4885e-05,-1.24819e-05,-1.12052e-05,-1.10998e-05,-1.2164e-05,-1.43479e-05,-1.75537e-05,-2.16379e-05,-2.64167e-05,-3.16716e-05,-3.71581e-05,-4.26146e-05,-4.77729e-05,-5.23686e-05,-5.61528e-05,-5.89029e-05,-6.04329e-05,-6.06036e-05,-5.93311e-05,-5.6593e-05,-5.24333e-05,-4.6964e-05,-4.03636e-05,-3.28722e-05,-2.47835e-05,-1.64335e-05,-8.18759e-06,-4.26205e-07,6.47019e-06,1.21354e-05,1.60994e-05,1.79834e-05,1.7649e-05,1.5249e-05,1.11834e-05,5.96023e-06,0
0,6.38383e-06,1.19876e-05,1.62654e-05,1.86459e-05,1.86756e-05,1.61839e-05,1.13421e-05,4.61237e-06,-3.38324e-06,-1.20249e-05,-2.08213e-05,-2.94039e-05,-3.74354e-05,-4.46178e-05,-5.07005e-05,-5.54882e-05,-5.88469e-05,-6.07075e-05,-6.10668e-05,-5.9985e-05,-5.75827e-05,-5.40341e-05,-4.95594e-05,-4.44148e-05,-3.88817e-05,-3.32542e-05,-2.78264e-05,-2.28794e-05,-1.86694e-05,-1.54162e-05,-1.32946e-05,-1.24273e-05,-1.2881e-05,-1.46653e-05,-1.77342e-05,-2.19907e-05,-2.72935e-05,-3.34656e-05,-4.0304e-05,-4.75905e-05,-5.51023e-05,-6.26225e-05,-6.99491e-05,-7.69035e-05,-8.33366e-05,-8.91332e-05,-9.42139e-05,-9.85362e-05,-0.000102092,-0.000104902,-0.000107018,-0.000108505,-0.000109448,-0.000109934,-0.000110054,-0.000109893,-0.000109527,-0.000109019,-0.000108415,-0.000107747,-0.000107025,-0.000106241,-0.000105372,-0.000104376,-0.000103198,-0.000101771,-0.000100024,-9.78815e-05,-9.52717e-05,-9.21328e-05,-8.84183e-05,-8.41027e-05,-7.91874e-05,-7.37039e-05,-6.77167e-05,-6.13238e-05,-5.46551e-05,-4.78688e-05,-4.11457e-05,-3.46817e-05,-2.86785e-05,-2.33343e-05,-1.88333e-05,-1.5336e-05,-1.29697e-05,-1.18212e-05,-1.19307e-05,-1.3288e-05,-1.58311e-05,-1.94469e-05,-2.39742e-05,-2.92095e-05,-3.49135e-05,-4.08202e-05,-4.6647e-05,-5.21055e-05,-5.69138e-05,-6.08076e-05,-6.35532e-05,-6.49579e-05,-6.48813e-05,-6.32437e-05,-6.00337e-05,-5.53116e-05,-4.92112e-05,-4.19372e-05,-3.37584e-05,-2.49988e-05,-1.6025e-05,-7.23417e-06,9.58955e-07,7.99034e-06,1.32607e-05,1.6294e-05,1.68674e-05,1.5079e-05,1.13164e-05,6.12359e-06,0
0,6.2108e-06,1.14533e-05,1.50838e-05,1.65163e-05,1.53421e-05,1.14809e-05,5.2202e-06,-2.85847e-06,-1.20249e-05,-2.15621e-05,-3.08468e-05,-3.95269e-05,-4.72956e-05,-5.3894e-05,-5.91163e-05,-6.28186e-05,-6.49241e-05,-6.54246e-05,-6.4379e-05,-6.19095e-05,-5.81951e-05,-5.34639e-05,-4.79832e-05,-4.20479e-05,-3.5968e-05,-3.00561e-05,-2.46127e-05,-1.99145e-05,-1.62013e-05,-1.36666e-05,-1.24495e-05,-1.26298e-05,-1.42262e-05,-1.71973e-05,-2.14463e-05,-2.68276e-05,-3.31557e-05,-4.02162e-05,-4.77767e-05,-5.55986e-05,-6.34481e-05,-7.11068e-05,-7.83797e-05,-8.51029e-05,-9.11483e-05,-9.64261e-05,-0.000100886,-0.000104514,-0.000107333,-0.000109392,-0.000110766,-0.000111545,-0.00011183,-0.000111724,-0.000111329,-0.000110737,-0.00011003,-0.000109274,-0.000108517,-0.00010779,-0.000107102,-0.000106445,-0.000105792,-0.000105098,-0.000104302,-0.000103329,-0.000102098,-0.000100521,-9.85083e-05,-9.59802e-05,-9.28677e-05,-8.91214e-05,-8.4717e-05,-7.96607e-05,-7.39923e-05,-6.77877e-05,-6.11589e-05,-5.42511e-05,-4.72386e-05,-4.03181e-05,-3.37003e-05,-2.75998e-05,-2.22253e-05,-1.7768e-05,-1.4392e-05,-1.22247e-05,-1.13493e-05,-1.17985e-05,-1.35517e-05,-1.65331e-05,-2.06138e-05,-2.56147e-05,-3.13131e-05,-3.745e-05,-4.37403e-05,-4.98829e-05,-5.55732e-05,-6.05153e-05,-6.4435e-05,-6.70923e-05,-6.82932e-05,-6.79012e-05,-6.58459e-05,-6.21299e-05,-5.68324e-05,-5.0109e-05,-4.21872e-05,-3.33578e-05,-2.3964e-05,-1.43921e-05,-5.17434e-06,3.02963e-06,9.52465e-06,1.37281e-05,1.53142e-05,1.43005e-05,1.10362e-05,6.07936e-06,0
0,5.79817e-06,1.04524e-05,1.32326e-05,1.35628e-05,1.1107e-05,5.89861e-06,-1.64647e-06,-1.08277e-05,-2.08213e-05,-3.08468e-05,-4.02933e-05,-4.8695e-05,-5.58452e-05,-6.15447e-05,-6.56436e-05,-6.80568e-05,-6.87691e-05,-6.78349e-05,-6.5374e-05,-6.15661e-05,-5.66426e-05,-5.08768e-05,-4.45725e-05,-3.80519e-05,-3.1642e-05,-2.56606e-05,-2.04031e-05,-1.61298e-05,-1.3054e-05,-1.13339e-05,-1.10658e-05,-1.22818e-05,-1.49499e-05,-1.89781e-05,-2.42211e-05,-3.04898e-05,-3.75621e-05,-4.51952e-05,-5.31381e-05,-6.11434e-05,-6.89786e-05,-7.64351e-05,-8.33361e-05,-8.95418e-05,-9.49527e-05,-9.95098e-05,-0.000103194,-0.000106023,-0.000108045,-0.000109335,-0.000109986,-0.000110104,-0.000109799,-0.000109181,-0.000108355,-0.000107414,-0.000106437,-0.000105488,-0.000104614,-0.000103843,-0.000103185,-0.00010263,-0.000102153,-0.000101707,-0.000101235,-0.000100659,-9.98958e-05,-9.88505e-05,-9.7427e-05,-9.55313e-05,-9.30785e-05,-8.99989e-05,-8.62452e-05,-8.17975e-05,-7.66691e-05,-7.09095e-05,-6.46058e-05,-5.78824e-05,-5.08976e-05,-4.38387e-05,-3.69145e-05,-3.03462e-05,-2.4357e-05,-1.91614e-05,-1.49534e-05,-1.18967e-05,-1.01147e-05,-9.68317e-06,-1.06242e-05,-1.29035e-05,-1.64292e-05,-2.10542e-05,-2.65805e-05,-3.27658e-05,-3.93324e-05,-4.59773e-05,-5.23844e-05,-5.82363e-05,-6.32286e-05,-6.70821e-05,-6.95569e-05,-7.04638e-05,-6.96761e-05,-6.71375e-05,-6.28685e-05,-5.69684e-05,-4.96124e-05,-4.10428e-05,-3.15541e-05,-2.15668e-05,-1.1645e-05,-2.50373e-06,5.07842e-06,1.0414e-05,1.30646e-05,1.29489e-05,1.0353e-05,5.8276e-06,0
0,5.16117e-06,9.02504e-06,1.07918e-05,9.91965e-06,6.16818e-06,-2.99898e-07,-8.9377e-06,-1.8937e-05,-2.94039e-05,-3.95269e-05,-4.8695e-05,-5.64942e-05,-6.26798e-05,-6.72043e-05,-6.99691e-05,-7.09478e-05,-7.01854e-05,-6.77949e-05,-6.39512e-05,-5.88838e-05,-5.28663e-05,-4.62065e-05,-3.92334e-05,-3.22844e-05,-2.56915e-05,-1.97673e-05,-1.47915e-05,-1.0999e-05,-8.56964e-06,-7.62061e-06,-8.20241e-06,-1.02982e-05,-1.38268e-05,-1.8649e-05,-2.4577e-05,-3.1386e-05,-3.88266e-05,-4.66386e-05,-5.4564e-05,-6.23584e-05,-6.9802e-05,-7.67072e-05,-8.29243e-05,-8.83453e-05,-9.29041e-05,-9.6576e-05,-9.93734e-05,-0.000101342,-0.000102553,-0.000103101,-0.000103088,-0.000102629,-0.000101834,-0.000100812,-9.96597e-05,-9.84642e-05,-9.72974e-05,-9.6216e-05,-9.5261e-05,-9.44573e-05,-9.38136e-05,-9.33227e-05,-9.29614e-05,-9.26909e-05,-9.24569e-05,-9.2191e-05,-9.18122e-05,-9.12294e-05,-9.03456e-05,-8.90619e-05,-8.72837e-05,-8.49271e-05,-8.1925e-05,-7.82342e-05,-7.38412e-05,-6.87664e-05,-6.30681e-05,-5.68431e-05,-5.02258e-05,-4.33847e-05,-3.65167e-05,-2.9839e-05,-2.35799e-05,-1.79673e-05,-1.32173e-05,-9.52306e-06,-7.04329e-06,-5.89318e-06,-6.13653e-06,-7.78051e-06,-1.0773e-05,-1.50025e-05,-2.03011e-05,-2.64501e-05,-3.31872e-05,-4.02167e-05,-4.72204e-05,-5.38703e-05,-5.98417e-05,-6.4827e-05,-6.85489e-05,-7.07742e-05,-7.13253e-05,-7.00913e-05,-6.70353e-05,-6.21995e-05,-5.57036e-05,-4.77359e-05,-3.85418e-05,-2.84906e-05,-1.81828e-05,-8.36389e-06,1.25584e-07,6.50453e-06,1.02214e-05,1.10837e-05,9.2955e-06,5.37796e-06,0
0,4.32543e-06,7.23046e-06,7.86629e-06,5.747e-06,7.45816e-07,-6.83852e-06,-1.63345e-05,-2.68453e-05,-3.74354e-05,-4.72956e-05,-5.58452e-05,-6.26798e-05,-6.76324e-05,-7.07772e-05,-7.20689e-05,-7.15368e-05,-6.92812e-05,-6.54665e-05,-6.03141e-05,-5.40926e-05,-4.71075e-05,-3.96891e-05,-3.21804e-05,-2.49231e-05,-1.82439e-05,-1.24411e-05,-7.77107e-06,-4.4374e-06,-2.58183e-06,-2.27845e-06,-3.5315e-06,-6.2771e-06,-1.03887e-05,-1.56858e-05,-2.19458e-05,-2.89171e-05,-3.63337e-05,-4.39291e-05,-5.14492e-05,-5.86642e-05,-6.5377e-05,-7.14299e-05,-7.67077e-05,-8.11392e-05,-8.4695e-05,-8.73843e-05,-8.92498e-05,-9.0361e-05,-9.08074e-05,-9.06917e-05,-9.01228e-05,-8.921e-05,-8.80579e-05,-8.67625e-05,-8.54086e-05,-8.40685e-05,-8.28009e-05,-8.16513e-05,-8.06523e-05,-7.98242e-05,-7.91748e-05,-7.87002e-05,-7.83839e-05,-7.81965e-05,-7.80956e-05,-7.80251e-05,-7.79161e-05,-7.76879e-05,-7.72507e-05,-7.6509e-05,-7.53659e-05,-7.37296e-05,-7.1519e-05,-6.8671e-05,-6.51469e-05,-6.09383e-05,-5.60718e-05,-5.06124e-05,-4.46643e-05,-3.83696e-05,-3.19044e-05,-2.54727e-05,-1.92978e-05,-1.36118e-05,-8.64433e-06,-4.60997e-06,-1.69648e-06,-5.34753e-08,2.17087e-07,-9.31708e-07,-3.48701e-06,-7.37438e-06,-1.2459e-05,-1.85497e-05,-2.54055e-05,-3.27449e-05,-4.0256e-05,-4.76091e-05,-5.44692e-05,-6.051e-05,-6.54274e-05,-6.89532e-05,-7.08678e-05,-7.10122e-05,-6.92978e-05,-6.57135e-05,-6.03302e-05,-5.33022e-05,-4.47106e-05,-3.49154e-05,-2.45312e-05,-1.43072e-05,-5.12108e-06,2.16998e-06,6.90821e-06,8.78528e-06,7.908e-06,4.74883e-06,0
0,3.32532e-06,5.14327e-06,4.57947e-06,1.22306e-06,-4.92797e-06,-1.34397e-05,-2.353e-05,-3.42382e-05,-4.46178e-05,-5.3894e-05,-6.15447e-05,-6.72043e-05,-7.07772e-05,-7.24566e-05,-7.22504e-05,-7.02402e-05,-6.65744e-05,-6.14602e-05,-5.51551e-05,-4.79561e-05,-4.01887e-05,-3.21952e-05,-2.43217e-05,-1.69047e-05,-1.02573e-05,-4.65612e-06,-3.28861e-07,2.55597e-06,3.89663e-06,3.66224e-06,1.89296e-06,-1.30403e-06,-5.7623e-06,-1.12673e-05,-1.75701e-05,-2.44023e-05,-3.14912e-05,-3.85746e-05,-4.54133e-05,-5.18011e-05,-5.75724e-05,-6.26061e-05,-6.68265e-05,-7.02018e-05,-7.27396e-05,-7.44816e-05,-7.5496e-05,-7.58707e-05,-7.57053e-05,-7.51045e-05,-7.41716e-05,-7.30045e-05,-7.16913e-05,-7.03086e-05,-6.89208e-05,-6.758e-05,-6.63268e-05,-6.5192e-05,-6.41976e-05,-6.3358e-05,-6.26807e-05,-6.2166e-05,-6.18068e-05,-6.15867e-05,-6.14796e-05,-6.14474e-05,-6.14399e-05,-6.1394e-05,-6.12349e-05,-6.08782e-05,-6.0233e-05,-5.92068e-05,-5.77111e-05,-5.56682e-05,-5.30178e-05,-4.97245e-05,-4.57833e-05,-4.12253e-05,-3.61204e-05,-3.05785e-05,-2.4748e-05,-1.88115e-05,-1.29787e-05,-7.47736e-06,-2.54165e-06,1.59997e-06,4.73791e-06,6.69398e-06,7.33274e-06,6.57084e-06,4.38369e-06,8.09207e-07,-4.05177e-06,-1.00381e-05,-1.69341e-05,-2.44773e-05,-3.23688e-05,-4.02847e-05,-4.78888e-05,-5.48455e-05,-6.08338e-05,-6.55604e-05,-6.87732e-05,-7.02733e-05,-6.99271e-05,-6.76745e-05,-6.3537e-05,-5.76211e-05,-4.98794e-05,-4.06229e-05,-3.04539e-05,-2.00993e-05,-1.04472e-05,-2.40896e-06,3.26431e-06,6.14999e-06,6.2484e-06,3.96621e-06,0
0,2.20211e-06,2.84961e-06,1.06761e-06,-3.46446e-06,-1.06191e-05,-1.98353e-05,-3.02403e-05,-4.08377e-05,-5.07005e-05,-5.91163e-05,-6.56436e-05,-6.99691e-05,-7.20689e-05,-7.22504e-05,-7.05718e-05,-6.716e-05,-6.22028e-05,-5.59402e-05,-4.86542e-05,-4.06586e-05,-3.2288e-05,-2.38858e-05,-1.57916e-05,-8.32843e-06,-1.78895e-06,3.57692e-06,7.57368e-06,1.00696e-05,1.10027e-05,1.03835e-05,8.29276e-06,4.87557e-06,3.31297e-07,-5.0997e-06,-1.11514e-05,-1.75484e-05,-2.40218e-05,-3.03237e-05,-3.62388e-05,-4.15932e-05,-4.62594e-05,-5.01578e-05,-5.32549e-05,-5.5559e-05,-5.71131e-05,-5.79875e-05,-5.82708e-05,-5.80623e-05,-5.74637e-05,-5.65731e-05,-5.54802e-05,-5.42627e-05,-5.2985e-05,-5.16976e-05,-5.04387e-05,-4.92357e-05,-4.81077e-05,-4.70682e-05,-4.61272e-05,-4.52929e-05,-4.45722e-05,-4.3971e-05,-4.34927e-05,-4.3137e-05,-4.28968e-05,-4.27566e-05,-4.26895e-05,-4.26561e-05,-4.26031e-05,-4.24642e-05,-4.21619e-05,-4.16103e-05,-4.07204e-05,-3.94059e-05,-3.75902e-05,-3.52139e-05,-3.22423e-05,-2.86721e-05,-2.45371e-05,-1.99112e-05,-1.49095e-05,-9.68651e-06,-4.43091e-06,6.42342e-07,5.30246e-06,9.31528e-06,1.24568e-05,1.4527e-05,1.53626e-05,1.48482e-05,1.29254e-05,9.59731e-06,4.9316e-06,-9.41427e-07,-7.83323e-06,-1.55043e-05,-2.36735e-05,-3.20295e-05,-4.02422e-05,-4.79759e-05,-5.49023e-05,-6.07132e-05,-6.51339e-05,-6.79352e-05,-6.8946e-05,-6.80633e-05,-6.52615e-05,-6.0598e-05,-5.39054e-05,-4.54297e-05,-3.57419e-05,-2.55225e-05,-1.56442e-05,-7.04838e-06,-5.61721e-07,3.28618e-06,4.3851e-06,3.06237e-06,0
0,1.0018e-06,4.42875e-07,-2.52675e-06,-8.12662e-06,-1.61012e-05,-2.57769e-05,-3.62146e-05,-4.64112e-05,-5.54882e-05,-6.28186e-05,-6.80568e-05,-7.09478e-05,-7.15368e-05,-7.02402e-05,-6.716e-05,-6.246e-05,-5.63577e-05,-4.91139e-05,-4.10239e-05,-3.24069e-05,-2.35957e-05,-1.49255e-05,-6.72134e-06,7.13854e-07,7.11254e-06,1.22546e-05,1.59782e-05,1.81879e-05,1.88596e-05,1.80411e-05,1.58488e-05,1.2459e-05,8.09622e-06,3.0178e-06,-2.50253e-06,-8.192e-06,-1.37949e-05,-1.90863e-05,-2.38828e-05,-2.8049e-05,-3.15001e-05,-3.42006e-05,-3.616e-05,-3.74248e-05,-3.80701e-05,-3.81896e-05,-3.7886e-05,-3.72624e-05,-3.6415e-05,-3.54278e-05,-3.43691e-05,-3.32901e-05,-3.22255e-05,-3.11953e-05,-3.02078e-05,-2.9263e-05,-2.8357e-05,-2.74849e-05,-2.66441e-05,-2.58364e-05,-2.50684e-05,-2.43517e-05,-2.37015e-05,-2.31337e-05,-2.26627e-05,-2.2297e-05,-2.20365e-05,-2.18688e-05,-2.17672e-05,-2.1689e-05,-2.15759e-05,-2.13556e-05,-2.09451e-05,-2.02559e-05,-1.92007e-05,-1.77009e-05,-1.56955e-05,-1.31487e-05,-1.00579e-05,-6.45929e-06,-2.43154e-06,1.90394e-06,6.3856e-06,1.08181e-05,1.49814e-05,1.86434e-05,2.15729e-05,2.35551e-05,2.4405e-05,2.3981e-05,2.21946e-05,1.90182e-05,1.4488e-05,8.70446e-06,1.82853e-06,-5.92502e-06,-1.42964e-05,-2.29912e-05,-3.16922e-05,-4.00714e-05,-4.78018e-05,-5.45703e-05,-6.00895e-05,-6.411e-05,-6.64322e-05,-6.69171e-05,-6.5497e-05,-6.21828e-05,-5.66897e-05,-4.9193e-05,-4.02191e-05,-3.03828e-05,-2.0517e-05,-1.15682e-05,-4.41807e-06,3.09161e-07,2.39389e-06,2.07432e-06,0
0,-2.27066e-07,-1.9806e-06,-6.06117e-06,-1.25813e-05,-2.11647e-05,-3.10447e-05,-4.12429e-05,-5.07786e-05,-5.88469e-05,-6.49241e-05,-6.87691e-05,-7.01854e-05,-6.92812e-05,-6.65744e-05,-6.22028e-05,-5.63577e-05,-4.92743e-05,-4.12234e-05,-3.2502e-05,-2.3424e-05,-1.43114e-05,-5.48288e-06,2.75693e-06,1.01297e-05,1.63959e-05,2.13661e-05,2.49112e-05,2.69699e-05,2.7552e-05,2.6738e-05,2.46729e-05,2.15571e-05,1.76318e-05,1.31629e-05,8.4228e-06,3.67298e-06,-8.52021e-07,-4.95745e-06,-8.49726e-06,-1.13785e-05,-1.35614e-05,-1.50548e-05,-1.59089e-05,-1.62054e-05,-1.60461e-05,-1.55419e-05,-1.48028e-05,-1.39285e-05,-1.30027e-05,-1.20888e-05,-1.12283e-05,-1.04415e-05,-9.73022e-06,-9.08172e-06,-8.47331e-06,-7.87765e-06,-7.26761e-06,-6.62062e-06,-5.92204e-06,-5.16739e-06,-4.36318e-06,-3.52656e-06,-2.68358e-06,-1.86645e-06,-1.10987e-06,-4.46826e-07,9.5872e-08,5.01982e-07,7.69675e-07,9.14509e-07,9.71106e-07,9.9321e-07,1.05184e-06,1.23142e-06,1.62393e-06,2.32128e-06,3.40643e-06,4.94389e-06,6.97044e-06,9.48704e-06,1.24528e-05,1.57819e-05,1.93439e-05,2.29683e-05,2.64521e-05,2.95714e-05,3.2095e-05,3.37998e-05,3.44858e-05,3.39907e-05,3.22016e-05,2.90641e-05,2.45867e-05,1.88423e-05,1.19654e-05,4.14591e-06,-4.37912e-06,-1.33357e-05,-2.24238e-05,-3.13292e-05,-3.97341e-05,-4.73293e-05,-5.38246e-05,-5.89598e-05,-6.25165e-05,-6.43286e-05,-6.42926e-05,-6.23771e-05,-5.81834e-05,-5.18159e-05,-4.37485e-05,-3.45161e-05,-2.48904e-05,-1.5799e-05,-8.15585e-06,-2.66364e-06,3.54523e-07,1.04206e-06,0
0,-1.43569e-06,-4.32588e-06,-9.3994e-06,-1.66604e-05,-2.56248e-05,-3.54556e-05,-4.51637e-05,-5.38179e-05,-6.07075e-05,-6.54246e-05,-6.78349e-05,-6.77949e-05,-6.54665e-05,-6.14602e-05,-5.59402e-05,-4.91139e-05,-4.12234e-05,-3.25379e-05,-2.33456e-05,-1.39464e-05,-4.64319e-06,4.26718e-06,1.25048e-05,1.98181e-05,2.59959e-05,3.08785e-05,3.4367e-05,3.64302e-05,3.71067e-05,3.65029e-05,3.47861e-05,3.21724e-05,2.89121e-05,2.5271e-05,2.15127e-05,1.78801e-05,1.45804e-05,1.17736e-05,9.56494e-06,8.00368e-06,7.08534e-06,6.75902e-06,6.9376e-06,7.50991e-06,8.35357e-06,9.34715e-06,1.03807e-05,1.1364e-05,1.22315e-05,1.29449e-05,1.34925e-05,1.38865e-05,1.41582e-05,1.43524e-05,1.4521e-05,1.47167e-05,1.49872e-05,1.53709e-05,1.58929e-05,1.65631e-05,1.73751e-05,1.83072e-05,1.93242e-05,2.038e-05,2.1422e-05,2.23956e-05,2.32491e-05,2.39392e-05,2.44358e-05,2.47269e-05,2.48211e-05,2.47503e-05,2.4569e-05,2.43521e-05,2.41903e-05,2.41827e-05,2.44283e-05,2.50151e-05,2.60101e-05,2.74484e-05,2.93257e-05,3.15918e-05,3.41493e-05,3.68555e-05,3.95285e-05,4.1958e-05,4.39183e-05,4.51841e-05,4.55466e-05,4.48289e-05,4.28991e-05,3.96812e-05,3.51605e-05,2.9386e-05,2.24682e-05,1.45739e-05,5.91766e-06,-3.24799e-06,-1.26432e-05,-2.19717e-05,-3.09312e-05,-3.92237e-05,-4.65646e-05,-5.2693e-05,-5.73812e-05,-6.04447e-05,-6.17526e-05,-6.12371e-05,-5.83911e-05,-5.32511e-05,-4.62373e-05,-3.77945e-05,-2.86163e-05,-1.95889e-05,-1.16352e-05,-5.51771e-06,-1.65275e-06,6.81654e-09,0
0,-2.57719e-06,-6.50355e-06,-1.2417e-05,-2.02169e-05,-2.9328e-05,-3.88692e-05,-4.78682e-05,-5.54675e-05,-6.10668e-05,-6.4379e-05,-6.5374e-05,-6.39512e-05,-6.03141e-05,-5.51551e-05,-4.86542e-05,-4.10239e-05,-3.2502e-05,-2.33456e-05,-1.38254e-05,-4.21949e-06,5.19342e-06,1.41422e-05,2.23735e-05,2.96624e-05,3.58246e-05,4.07267e-05,4.42962e-05,4.65263e-05,4.74782e-05,4.72776e-05,4.61061e-05,4.41885e-05,4.17762e-05,3.91282e-05,3.64928e-05,3.40891e-05,3.20934e-05,3.06284e-05,2.97586e-05,2.94909e-05,2.97797e-05,3.05371e-05,3.1645e-05,3.29696e-05,3.43752e-05,3.5737e-05,3.69511e-05,3.79418e-05,3.86656e-05,3.9111e-05,3.92964e-05,3.9265e-05,3.90784e-05,3.88095e-05,3.85346e-05,3.83273e-05,3.82515e-05,3.83577e-05,3.86789e-05,3.9229e-05,4.00022e-05,4.09739e-05,4.21025e-05,4.33322e-05,4.45974e-05,4.58267e-05,4.69486e-05,4.78972e-05,4.86177e-05,4.90723e-05,4.92444e-05,4.91428e-05,4.88027e-05,4.82855e-05,4.76749e-05,4.70714e-05,4.65832e-05,4.63156e-05,4.63596e-05,4.67799e-05,4.76046e-05,4.88171e-05,5.03521e-05,5.20952e-05,5.38879e-05,5.55366e-05,5.68253e-05,5.75315e-05,5.74428e-05,5.63734e-05,5.41784e-05,5.07653e-05,4.61015e-05,4.02167e-05,3.32018e-05,2.52031e-05,1.6415e-05,7.06911e-06,-2.57539e-06,-1.22428e-05,-2.16502e-05,-3.05166e-05,-3.85708e-05,-4.55593e-05,-5.12544e-05,-5.54629e-05,-5.80349e-05,-5.88741e-05,-5.73717e-05,-5.35041e-05,-4.76407e-05,-4.01315e-05,-3.15791e-05,-2.28092e-05,-1.47312e-05,-8.14639e-06,-3.55073e-06,-9.90796e-07,0
0,-3.60864e-06,-8.43341e-06,-1.50064e-05,-2.31299e-05,-3.21581e-05,-4.11921e-05,-4.93035e-05,-5.57277e-05,-5.9985e-05,-6.19095e-05,-6.15661e-05,-5.88838e-05,-5.40926e-05,-4.79561e-05,-4.06586e-05,-3.24069e-05,-2.3424e-05,-1.39464e-05,-4.21949e-06,5.50548e-06,1.49773e-05,2.3952e-05,3.22019e-05,3.9527e-05,4.5766e-05,5.08076e-05,5.45994e-05,5.71529e-05,5.85449e-05,5.8913e-05,5.8446e-05,5.73703e-05,5.59319e-05,5.43775e-05,5.29357e-05,5.17991e-05,5.11116e-05,5.09598e-05,5.13697e-05,5.23103e-05,5.37009e-05,5.54235e-05,5.7337e-05,5.9293e-05,6.11498e-05,6.27859e-05,6.41087e-05,6.50606e-05,6.56209e-05,6.58042e-05,6.56559e-05,6.52456e-05,6.46591e-05,6.39899e-05,6.33319e-05,6.27719e-05,6.23841e-05,6.22257e-05,6.23341e-05,6.27259e-05,6.33961e-05,6.43195e-05,6.54524e-05,6.6735e-05,6.80952e-05,6.94528e-05,7.0724e-05,7.18274e-05,7.26899e-05,7.32528e-05,7.3478e-05,7.33522e-05,7.2891e-05,7.21394e-05,7.11702e-05,7.00791e-05,6.8977e-05,6.79792e-05,6.71935e-05,6.67072e-05,6.65749e-05,6.68089e-05,6.73723e-05,6.81774e-05,6.90884e-05,6.99295e-05,7.04968e-05,7.05739e-05,6.99493e-05,6.84329e-05,6.58721e-05,6.21639e-05,5.7263e-05,5.11854e-05,4.40072e-05,3.58592e-05,2.69187e-05,1.73996e-05,7.54135e-06,-2.40105e-06,-1.21662e-05,-2.14939e-05,-3.01318e-05,-3.78413e-05,-4.44032e-05,-4.96244e-05,-5.33458e-05,-5.54509e-05,-5.52379e-05,-5.26337e-05,-4.79643e-05,-4.14853e-05,-3.37009e-05,-2.53605e-05,-1.73392e-05,-1.04555e-05,-5.26873e-06,-1.91264e-06,0
0,-4.49285e-06,-1.00477e-05,-1.7081e-05,-2.53093e-05,-3.40391e-05,-4.23808e-05,-4.94724e-05,-5.46583e-05,-5.75827e-05,-5.81951e-05,-5.66426e-05,-5.28663e-05,-4.71075e-05,-4.01887e-05,-3.2288e-05,-2.35957e-05,-1.43114e-05,-4.64319e-06,5.19342e-06,1.49773e-05,2.44858e-05,3.35008e-05,4.1818e-05,4.9258e-05,5.56774e-05,6.09807e-05,6.51289e-05,6.81446e-05,7.01128e-05,7.11758e-05,7.1523e-05,7.1376e-05,7.09706e-05,7.05376e-05,7.02834e-05,7.03743e-05,7.09235e-05,7.19847e-05,7.35516e-05,7.5562e-05,7.79086e-05,8.04523e-05,8.30383e-05,8.55119e-05,8.77334e-05,8.959e-05,9.1004e-05,9.19371e-05,9.23901e-05,9.23998e-05,9.20322e-05,9.13752e-05,9.05293e-05,8.9599e-05,8.86854e-05,8.78794e-05,8.72569e-05,8.68759e-05,8.6774e-05,8.69682e-05,8.74552e-05,8.82122e-05,8.91987e-05,9.0358e-05,9.16205e-05,9.29063e-05,9.41297e-05,9.52036e-05,9.60458e-05,9.65847e-05,9.67662e-05,9.65595e-05,9.59617e-05,9.50011e-05,9.37364e-05,9.22538e-05,9.06605e-05,8.9074e-05,8.76109e-05,8.63726e-05,8.54326e-05,8.48246e-05,8.45346e-05,8.44968e-05,8.45954e-05,8.46708e-05,8.45314e-05,8.39686e-05,8.27741e-05,8.0758e-05,7.77642e-05,7.36845e-05,6.84668e-05,6.2119e-05,5.47085e-05,4.63559e-05,3.7227e-05,2.7522e-05,1.7464e-05,7.28914e-06,-2.76243e-06,-1.24532e-05,-2.15534e-05,-2.98447e-05,-3.71238e-05,-4.32064e-05,-4.79332e-05,-5.11766e-05,-5.21522e-05,-5.07499e-05,-4.72642e-05,-4.18616e-05,-3.49451e-05,-2.71768e-05,-1.93795e-05,-1.23677e-05,-6.74578e-06,-2.72479e-06,0
0,-5.19985e-06,-1.12939e-05,-1.85783e-05,-2.66989e-05,-3.49384e-05,-4.24415e-05,-4.8433e-05,-5.23749e-05,-5.40341e-05,-5.34639e-05,-5.08768e-05,-4.62065e-05,-3.96891e-05,-3.21952e-05,-2.38858e-05,-1.49255e-05,-5.48288e-06,4.26718e-06,1.41422e-05,2.3952e-05,3.35008e-05,4.25935e-05,5.10446e-05,5.86891e-05,6.53951e-05,7.10755e-05,7.56972e-05,7.92862e-05,8.19284e-05,8.37641e-05,8.49769e-05,8.57791e-05,8.63931e-05,8.70319e-05,8.78807e-05,8.90813e-05,9.07213e-05,9.28283e-05,9.53715e-05,9.82677e-05,0.000101393,0.000104599,0.000107725,0.000110621,0.000113155,0.000115227,0.000116778,0.000117786,0.000118269,0.00011828,0.000117897,0.000117212,0.000116331,0.000115355,0.000114381,0.000113491,0.000112755,0.000112223,0.000111929,0.000111887,0.000112098,0.000112544,0.000113194,0.000114003,0.000114914,0.00011586,0.000116765,0.000117548,0.000118129,0.000118435,0.000118403,0.000117991,0.000117183,0.000115991,0.000114458,0.000112658,0.000110687,0.00010866,0.000106691,0.000104888,0.000103334,0.000102075,0.000101111,0.000100392,9.98159e-05,9.92365e-05,9.84717e-05,9.73203e-05,9.55785e-05,9.30583e-05,8.96043e-05,8.51075e-05,7.95143e-05,7.28309e-05,6.5122e-05,5.65048e-05,4.71399e-05,3.72195e-05,2.69556e-05,1.65692e-05,6.28155e-06,-3.69204e-06,-1.31459e-05,-2.18857e-05,-2.97297e-05,-3.65101e-05,-4.20759e-05,-4.62983e-05,-4.83202e-05,-4.801e-05,-4.5645e-05,-4.13128e-05,-3.53179e-05,-2.82287e-05,-2.08009e-05,-1.38259e-05,-7.93341e-06,-3.3991e-06,0
0,-5.70805e-06,-1.21363e-05,-1.94619e-05,-2.72777e-05,-3.48663e-05,-4.14297e-05,-4.62943e-05,-4.90434e-05,-4.95594e-05,-4.79832e-05,-4.45725e-05,-3.92334e-05,-3.21804e-05,-2.43217e-05,-1.57916e-05,-6.72134e-06,2.75693e-06,1.25048e-05,2.23735e-05,3.22019e-05,4.1818e-05,5.10446e-05,5.97082e-05,6.76513e-05,7.47456e-05,8.09042e-05,8.60917e-05,9.03301e-05,9.36987e-05,9.63297e-05,9.83964e-05,0.000100098,0.000101643,0.000103227,0.000105016,0.000107134,0.00010965,0.000112575,0.000115865,0.000119427,0.000123133,0.000126835,0.000130381,0.00013363,0.000136465,0.000138805,0.000140605,0.000141857,0.000142591,0.000142865,0.000142754,0.000142346,0.000141733,0.000141,0.000140223,0.000139467,0.000138779,0.000138197,0.000137744,0.000137432,0.000137263,0.000137231,0.000137321,0.00013751,0.000137766,0.000138044,0.000138294,0.000138456,0.000138464,0.000138255,0.00013777,0.000136965,0.000135813,0.000134315,0.0001325,0.000130425,0.000128173,0.000125847,0.000123553,0.000121393,0.000119451,0.000117773,0.000116367,0.000115186,0.000114137,0.000113079,0.000111835,0.000110209,0.000108,0.000105023,0.000101126,9.62017e-05,9.02012e-05,8.31341e-05,7.50693e-05,6.61276e-05,5.64714e-05,4.62924e-05,3.57978e-05,2.51994e-05,1.47038e-05,4.50682e-06,-5.20938e-06,-1.42762e-05,-2.25374e-05,-2.98475e-05,-3.6072e-05,-4.109e-05,-4.39823e-05,-4.46114e-05,-4.32553e-05,-3.99364e-05,-3.48684e-05,-2.85247e-05,-2.15837e-05,-1.47962e-05,-8.798e-06,-3.91452e-06,0
0,-6.00492e-06,-1.25575e-05,-1.97231e-05,-2.70604e-05,-3.38751e-05,-3.94461e-05,-4.32108e-05,-4.48722e-05,-4.44148e-05,-4.20479e-05,-3.80519e-05,-3.22844e-05,-2.49231e-05,-1.69047e-05,-8.32843e-06,7.13854e-07,1.01297e-05,1.98181e-05,2.96624e-05,3.9527e-05,4.9258e-05,5.86891e-05,6.76513e-05,7.59863e-05,8.35601e-05,9.02778e-05,9.60933e-05,0.000101017,0.000105115,0.000108506,0.00011135,0.000113832,0.000116145,0.000118472,0.000120968,0.000123744,0.000126861,0.000130325,0.000134093,0.000138075,0.000142153,0.000146191,0.000150054,0.000153621,0.000156795,0.00015951,0.000161737,0.000163476,0.000164759,0.000165635,0.000166166,0.000166417,0.000166447,0.000166311,0.000166048,0.000165688,0.00016525,0.000164746,0.000164184,0.00016357,0.000162913,0.00016222,0.000161503,0.000160769,0.000160021,0.000159258,0.000158464,0.000157617,0.000156681,0.000155617,0.00015438,0.000152932,0.000151248,0.000149319,0.000147162,0.000144819,0.000142356,0.000139855,0.00013741,0.000135109,0.000133022,0.000131189,0.00012961,0.000128236,0.000126968,0.000125664,0.000124146,0.000122217,0.000119677,0.000116342,0.000112064,0.000106742,0.000100332,9.28554e-05,8.43901e-05,7.50681e-05,6.50619e-05,5.45702e-05,4.38038e-05,3.29722e-05,2.22738e-05,1.18895e-05,1.98082e-06,-7.30899e-06,-1.5851e-05,-2.35266e-05,-3.02245e-05,-3.584e-05,-3.94018e-05,-4.0783e-05,-4.02811e-05,-3.78705e-05,-3.36862e-05,-2.81109e-05,-2.17398e-05,-1.52691e-05,-9.3223e-06,-4.25811e-06,0
0,-6.08737e-06,-1.25585e-05,-1.938e-05,-2.60957e-05,-3.20562e-05,-3.66319e-05,-3.93758e-05,-4.01026e-05,-3.88817e-05,-3.5968e-05,-3.1642e-05,-2.56915e-05,-1.82439e-05,-1.02573e-05,-1.78895e-06,7.11254e-06,1.63959e-05,2.59959e-05,3.58246e-05,4.5766e-05,5.56774e-05,6.53951e-05,7.47456e-05,8.35601e-05,9.16904e-05,9.90239e-05,0.000105496,0.000111098,0.000115878,0.000119937,0.000123418,0.000126493,0.000129346,0.000132149,0.000135053,0.000138169,0.000141564,0.000145252,0.000149203,0.000153346,0.000157586,0.000161812,0.000165917,0.000169804,0.000173398,0.000176653,0.000179547,0.000182083,0.000184281,0.000186169,0.000187779,0.000189132,0.000190243,0.000191112,0.000191728,0.00019207,0.000192114,0.00019184,0.000191235,0.000190296,0.00018904,0.000187496,0.000185706,0.000183721,0.000181597,0.000179383,0.000177121,0.000174837,0.000172544,0.000170237,0.000167902,0.000165516,0.000163063,0.000160532,0.000157931,0.000155287,0.000152646,0.000150071,0.000147632,0.000145395,0.000143411,0.000141698,0.000140239,0.00013897,0.000137776,0.000136505,0.000134967,0.000132959,0.000130274,0.00012673,0.000122178,0.000116525,0.000109737,0.000101848,9.29539e-05,8.32041e-05,7.2789e-05,6.19233e-05,5.08299e-05,3.97248e-05,2.88057e-05,1.82454e-05,8.18912e-06,-1.2422e-06,-9.94703e-06,-1.78361e-05,-2.48263e-05,-3.08367e-05,-3.48526e-05,-3.67733e-05,-3.6936e-05,-3.52866e-05,-3.18973e-05,-2.70687e-05,-2.13127e-05,-1.52601e-05,-9.50619e-06,-4.42558e-06,0
0,-5.96161e-06,-1.21587e-05,-1.84763e-05,-2.44639e-05,-2.95349e-05,-3.31617e-05,-3.50117e-05,-3.49981e-05,-3.32542e-05,-3.00561e-05,-2.56606e-05,-1.97673e-05,-1.24411e-05,-4.65612e-06,3.57692e-06,1.22546e-05,2.13661e-05,3.08785e-05,4.07267e-05,5.08076e-05,6.09807e-05,7.10755e-05,8.09042e-05,9.02778e-05,9.90239e-05,0.000107004,0.000114127,0.000120358,0.000125723,0.000130303,0.000134224,0.000137648,0.00014075,0.000143706,0.00014667,0.000149768,0.000153083,0.000156654,0.00016048,0.000164526,0.00016873,0.000173019,0.000177319,0.000181566,0.000185709,0.000189716,0.000193571,0.000197266,0.000200799,0.000204164,0.00020734,0.000210292,0.000212967,0.000215293,0.00021719,0.000218571,0.000219358,0.000219486,0.000218916,0.000217638,0.000215675,0.000213084,0.000209949,0.000206378,0.000202488,0.0001984,0.000194226,0.000190058,0.00018597,0.000182008,0.000178197,0.000174545,0.000171049,0.000167706,0.000164518,0.0001615,0.000158679,0.000156093,0.000153787,0.000151799,0.000150148,0.000148825,0.000147784,0.000146932,0.000146129,0.000145199,0.000143932,0.000142107,0.000139507,0.000135942,0.000131264,0.000125383,0.000118279,0.000110003,0.00010067,9.04564e-05,7.95771e-05,6.8272e-05,5.67853e-05,4.5349e-05,3.41692e-05,2.34183e-05,1.32324e-05,3.71422e-06,-5.05979e-06,-1.30302e-05,-2.01452e-05,-2.63538e-05,-3.06049e-05,-3.28385e-05,-3.34512e-05,-3.23812e-05,-2.9657e-05,-2.55107e-05,-2.03746e-05,-1.48089e-05,-9.3665e-06,-4.42145e-06,0
0,-5.64263e-06,-1.13939e-05,-1.70792e-05,-2.22726e-05,-2.64649e-05,-2.9236e-05,-3.03604e-05,-2.98329e-05,-2.78264e-05,-2.46127e-05,-2.04031e-05,-1.47915e-05,-7.77107e-06,-3.28861e-07,7.57368e-06,1.59782e-05,2.49112e-05,3.4367e-05,4.42962e-05,5.45994e-05,6.51289e-05,7.56972e-05,8.60917e-05,9.60933e-05,0.000105496,0.000114127,0.000121861,0.000128634,0.000134442,0.000139347,0.000143462,0.00014694,0.000149958,0.000152702,0.000155345,0.000158037,0.000160898,0.000164005,0.000167404,0.000171104,0.000175095,0.000179348,0.000183833,0.000188518,0.000193377,0.00019839,0.000203537,0.000208794,0.000214121,0.00021946,0.000224726,0.000229805,0.000234556,0.00023882,0.000242425,0.000245207,0.000247016,0.000247735,0.000247293,0.000245668,0.000242896,0.000239067,0.000234319,0.000228825,0.000222783,0.000216397,0.000209866,0.000203365,0.000197042,0.000191006,0.000185334,0.000180072,0.000175241,0.000170848,0.000166897,0.000163393,0.000160346,0.000157772,0.000155685,0.00015409,0.000152973,0.000152286,0.000151944,0.000151815,0.000151723,0.000151453,0.000150766,0.000149413,0.000147157,0.000143794,0.00013917,0.000133198,0.00012587,0.000117255,0.000107495,9.67939e-05,8.54019e-05,7.35915e-05,6.16376e-05,4.9798e-05,3.82971e-05,2.73162e-05,1.699e-05,7.40976e-06,-1.36914e-06,-9.31551e-06,-1.64103e-05,-2.26362e-05,-2.69114e-05,-2.92288e-05,-3.00628e-05,-2.93653e-05,-2.71421e-05,-2.3574e-05,-1.90226e-05,-1.39765e-05,-8.93599e-06,-4.25865e-06,0
0,-5.15331e-06,-1.0315e-05,-1.52757e-05,-1.9651e-05,-2.30206e-05,-2.50712e-05,-2.56726e-05,-2.48796e-05,-2.28794e-05,-1.99145e-05,-1.61298e-05,-1.0999e-05,-4.4374e-06,2.55597e-06,1.00696e-05,1.81879e-05,2.69699e-05,3.64302e-05,4.65263e-05,5.71529e-05,6.81446e-05,7.92862e-05,9.03301e-05,0.000101017,0.000111098,0.000120358,0.000128634,0.000135823,0.000141897,0.000146894,0.000150917,0.00015412,0.00015669,0.000158834,0.000160757,0.000162652,0.000164685,0.000166994,0.00016968,0.000172815,0.000176446,0.0001806,0.000185292,0.000190527,0.000196301,0.000202602,0.0002094,0.00021664,0.000224237,0.000232066,0.000239958,0.000247705,0.000255059,0.000261753,0.00026751,0.000272066,0.000275189,0.000276699,0.000276487,0.000274519,0.000270846,0.000265598,0.000258976,0.000251236,0.000242668,0.000233579,0.000224266,0.000215003,0.000206023,0.000197511,0.000189603,0.000182391,0.000175925,0.00017023,0.000165316,0.00016118,0.000157821,0.000155231,0.000153398,0.000152292,0.00015186,0.000152011,0.000152613,0.000153485,0.000154404,0.000155106,0.00015531,0.000154726,0.000153089,0.00015017,0.000145804,0.000139904,0.00013247,0.000123588,0.00011343,0.000102235,9.02915e-05,7.79128e-05,6.5414e-05,5.30882e-05,4.11883e-05,2.99146e-05,1.94096e-05,9.7608e-06,1.00852e-06,-6.84079e-06,-1.38001e-05,-1.98878e-05,-2.39945e-05,-2.61753e-05,-2.69997e-05,-2.64532e-05,-2.45414e-05,-2.14134e-05,-1.73736e-05,-1.28425e-05,-8.26136e-06,-3.95777e-06,0
0,-4.52319e-06,-8.98492e-06,-1.31679e-05,-1.67446e-05,-1.93892e-05,-2.08902e-05,-2.11959e-05,-2.03973e-05,-1.86694e-05,-1.62013e-05,-1.3054e-05,-8.56964e-06,-2.58183e-06,3.89663e-06,1.10027e-05,1.88596e-05,2.7552e-05,3.71067e-05,4.74782e-05,5.85449e-05,7.01128e-05,8.19284e-05,9.36987e-05,0.000105115,0.000115878,0.000125723,0.000134442,0.000141897,0.000148028,0.000152857,0.000156481,0.000159061,0.000160808,0.000161959,0.00016277,0.000163488,0.000164345,0.000165548,0.000167272,0.00016966,0.000172826,0.000176857,0.000181814,0.000187741,0.000194652,0.000202538,0.000211351,0.000221,0.00023134,0.000242167,0.000253217,0.000264167,0.000274649,0.000284266,0.000292619,0.000299327,0.000304063,0.000306574,0.000306703,0.000304405,0.000299749,0.000292914,0.000284176,0.000273886,0.000262446,0.000250276,0.000237792,0.000225375,0.000213355,0.000202001,0.000191515,0.000182035,0.000173648,0.000166398,0.000160304,0.000155363,0.000151563,0.00014888,0.000147276,0.000146691,0.000147031,0.00014816,0.000149894,0.000151998,0.000154188,0.000156145,0.000157528,0.000158002,0.000157256,0.000155031,0.000151142,0.000145492,0.000138087,0.000129032,0.000118526,0.000106845,9.43225e-05,8.1319e-05,6.81977e-05,5.52963e-05,4.29062e-05,3.12568e-05,2.05085e-05,1.07537e-05,2.02518e-06,-5.68995e-06,-1.24339e-05,-1.8261e-05,-2.20345e-05,-2.38787e-05,-2.44715e-05,-2.38513e-05,-2.20452e-05,-1.91924e-05,-1.5557e-05,-1.14997e-05,-7.4005e-06,-3.54578e-06,0
0,-3.78692e-06,-7.47583e-06,-1.08689e-05,-1.37074e-05,-1.57619e-05,-1.6912e-05,-1.71645e-05,-1.66204e-05,-1.54162e-05,-1.36666e-05,-1.13339e-05,-7.62061e-06,-2.27845e-06,3.66224e-06,1.03835e-05,1.80411e-05,2.6738e-05,3.65029e-05,4.72776e-05,5.8913e-05,7.11758e-05,8.37641e-05,9.63297e-05,0.000108506,0.000119937,0.000130303,0.000139347,0.000146894,0.000152857,0.000157243,0.000160153,0.000161764,0.000162319,0.000162106,0.000161437,0.000160635,0.00016001,0.000159851,0.000160415,0.000161927,0.00016457,0.000168494,0.00017381,0.000180594,0.000188877,0.000198646,0.00020983,0.000222295,0.000235829,0.000250139,0.000264852,0.00027952,0.000293635,0.000306658,0.000318044,0.000327283,0.000333933,0.000337657,0.000338247,0.000335642,0.000329933,0.000321357,0.00031028,0.000297163,0.000282535,0.00026695,0.000250952,0.000235042,0.000219656,0.000205148,0.000191788,0.000179764,0.000169196,0.000160151,0.000152657,0.000146714,0.000142307,0.000139399,0.000137936,0.00013783,0.000138952,0.000141122,0.000144103,0.000147599,0.000151261,0.000154702,0.000157517,0.000159306,0.000159707,0.000158417,0.000155221,0.000150007,0.00014278,0.000133659,0.00012287,0.000110728,9.76121e-05,8.3937e-05,7.01201e-05,5.65522e-05,4.35722e-05,3.14486e-05,2.03698e-05,1.04429e-05,1.70162e-06,-5.87958e-06,-1.23674e-05,-1.78502e-05,-2.11616e-05,-2.24986e-05,-2.26581e-05,-2.17472e-05,-1.98354e-05,-1.70746e-05,-1.37083e-05,-1.00495e-05,-6.41924e-06,-3.05449e-06,0
0,-2.98258e-06,-5.86536e-06,-8.49682e-06,-1.06956e-05,-1.23255e-05,-1.33427e-05,-1.37887e-05,-1.37481e-05,-1.32946e-05,-1.24495e-05,-1.10658e-05,-8.20241e-06,-3.5315e-06,1.89296e-06,8.29276e-06,1.58488e-05,2.46729e-05,3.47861e-05,4.61061e-05,5.8446e-05,7.1523e-05,8.49769e-05,9.83964e-05,0.00011135,0.000123418,0.000134224,0.000143462,0.000150917,0.000156481,0.000160153,0.000162043,0.000162357,0.000161383,0.00015947,0.000157006,0.000154398,0.000152046,0.000150334,0.000149608,0.000150175,0.000152294,0.000156174,0.000161974,0.000169797,0.000179688,0.000191626,0.000205514,0.000221168,0.000238306,0.000256541,0.000275384,0.00029425,0.000312479,0.000329369,0.000344216,0.000356358,0.000365225,0.000370381,0.000371557,0.000368674,0.000361853,0.000351398,0.000337776,0.000321582,0.000303487,0.000284194,0.000264393,0.000244712,0.000225698,0.000207792,0.000191327,0.000176537,0.000163571,0.000152513,0.000143402,0.000136245,0.000131027,0.000127711,0.000126231,0.000126484,0.000128312,0.000131498,0.000135751,0.000140715,0.000145971,0.000151059,0.000155496,0.000158812,0.000160578,0.000160439,0.000158139,0.000153542,0.000146644,0.000137573,0.000126579,0.000114014,0.000100306,8.59252e-05,7.13485e-05,5.70266e-05,4.33543e-05,3.06483e-05,1.91346e-05,8.94497e-06,1.23212e-07,-7.36077e-06,-1.35919e-05,-1.86888e-05,-2.14505e-05,-2.21468e-05,-2.17006e-05,-2.03e-05,-1.80759e-05,-1.5215e-05,-1.19614e-05,-8.59607e-06,-5.38759e-06,-2.51873e-06,0
0,-2.14988e-06,-4.23316e-06,-6.16948e-06,-7.85993e-06,-9.25412e-06,-1.03657e-05,-1.12463e-05,-1.19373e-05,-1.24273e-05,-1.26298e-05,-1.22818e-05,-1.02982e-05,-6.2771e-06,-1.30403e-06,4.87557e-06,1.2459e-05,2.15571e-05,3.21724e-05,4.41885e-05,5.73703e-05,7.1376e-05,8.57791e-05,0.000100098,0.000113832,0.000126493,0.000137648,0.00014694,0.00015412,0.000159061,0.000161764,0.000162357,0.000161086,0.000158295,0.000154409,0.000149903,0.000145279,0.000141038,0.000137661,0.000135591,0.000135217,0.000136871,0.000140817,0.000147256,0.000156313,0.000168042,0.000182411,0.000199296,0.000218463,0.000239562,0.000262111,0.000285501,0.000309004,0.000331795,0.000352996,0.000371721,0.000387138,0.000398527,0.000405338,0.000407231,0.000404109,0.000396122,0.000383656,0.000367299,0.000347795,0.000325981,0.000302731,0.000278889,0.000255224,0.000232392,0.000210916,0.000191187,0.000173471,0.000157939,0.000144683,0.00013375,0.000125156,0.000118894,0.000114933,0.000113212,0.000113621,0.000115989,0.000120066,0.000125519,0.00013193,0.000138812,0.000145622,0.000151799,0.000156788,0.000160087,0.000161275,0.000160046,0.000156229,0.000149804,0.0001409,0.000129787,0.00011685,0.000102565,8.74592e-05,7.20714e-05,5.69171e-05,4.24534e-05,2.90535e-05,1.69897e-05,6.42791e-06,-2.56839e-06,-1.00251e-05,-1.60379e-05,-2.07495e-05,-2.29183e-05,-2.28829e-05,-2.16951e-05,-1.9633e-05,-1.69046e-05,-1.37517e-05,-1.04414e-05,-7.24093e-06,-4.37602e-06,-1.97445e-06,0
0,-1.32833e-06,-2.65727e-06,-3.99945e-06,-5.33972e-06,-6.70161e-06,-8.13506e-06,-9.67516e-06,-1.12957e-05,-1.2881e-05,-1.42262e-05,-1.49499e-05,-1.38268e-05,-1.03887e-05,-5.7623e-06,3.31297e-07,8.09622e-06,1.76318e-05,2.89121e-05,4.17762e-05,5.59319e-05,7.09706e-05,8.63931e-05,0.000101643,0.000116145,0.000129346,0.00014075,0.000149958,0.00015669,0.000160808,0.000162319,0.000161383,0.000158295,0.00015347,0.000147417,0.000140709,0.000133951,0.000127752,0.000122693,0.000119312,0.000118078,0.000119388,0.000123557,0.000130816,0.000141309,0.000155092,0.000172122,0.000192249,0.000215198,0.000240553,0.000267745,0.000296047,0.000324584,0.00035236,0.000378301,0.000401321,0.000420392,0.00043462,0.000443321,0.000446072,0.00044275,0.000433544,0.000418933,0.000399648,0.000376607,0.00035084,0.000323408,0.000295332,0.000267524,0.00024075,0.000215607,0.000192527,0.000171794,0.00015358,0.000137977,0.000125034,0.000114773,0.000107203,0.000102313,0.00010006,0.000100344,0.000102994,0.000107742,0.000114218,0.000121954,0.000130391,0.000138908,0.000146853,0.000153586,0.000158519,0.000161156,0.000161131,0.000158229,0.000152404,0.000143778,0.000132633,0.000119385,0.000104552,8.87165e-05,7.24822e-05,5.64309e-05,4.10867e-05,2.6885e-05,1.41525e-05,3.09773e-06,-6.187e-06,-1.37141e-05,-1.95817e-05,-2.39497e-05,-2.55263e-05,-2.47133e-05,-2.26899e-05,-1.98288e-05,-1.64268e-05,-1.27997e-05,-9.25886e-06,-6.07747e-06,-3.45172e-06,-1.4568e-06,0
0,-5.5556e-07,-1.21074e-06,-2.08906e-06,-3.25663e-06,-4.79571e-06,-6.76893e-06,-9.16902e-06,-1.18794e-05,-1.46653e-05,-1.71973e-05,-1.89781e-05,-1.8649e-05,-1.56858e-05,-1.12673e-05,-5.0997e-06,3.0178e-06,1.31629e-05,2.5271e-05,3.91282e-05,5.43775e-05,7.05376e-05,8.70319e-05,0.000103227,0.000118472,0.000132149,0.000143706,0.000152702,0.000158834,0.000161959,0.000162106,0.00015947,0.000154409,0.000147417,0.000139098,0.000130128,0.000121224,0.0001131,0.000106442,0.000101873,9.9938e-05,0.00010109,0.000105681,0.000113967,0.0001261,0.000142134,0.000162019,0.000185582,0.000212518,0.000242362,0.000274467,0.000308,0.000341941,0.000375111,0.000406227,0.000433976,0.000457103,0.000474514,0.000485361,0.00048912,0.00048564,0.00047515,0.000458242,0.000435814,0.00040899,0.000379024,0.000347193,0.000314709,0.000282638,0.000251853,0.00022301,0.000196559,0.00017278,0.000151822,0.000133761,0.000118633,0.000106471,9.73054e-05,9.11579e-05,8.80201e-05,8.78238e-05,9.04118e-05,9.55155e-05,0.000102743,0.000111578,0.000121399,0.000131505,0.000141155,0.000149616,0.000156208,0.000160353,0.000161613,0.000159721,0.000154595,0.000146342,0.000135249,0.000121753,0.000106413,8.98616e-05,7.27638e-05,5.57692e-05,3.94708e-05,2.43705e-05,1.0855e-05,-8.16969e-07,-1.05159e-05,-1.82319e-05,-2.40563e-05,-2.81581e-05,-2.91854e-05,-2.75935e-05,-2.46845e-05,-2.09261e-05,-1.67115e-05,-1.24457e-05,-8.50415e-06,-5.1867e-06,-2.6753e-06,-9.98402e-07,0
0,1.34236e-07,4.13387e-08,-5.26402e-07,-1.71023e-06,-3.63315e-06,-6.34596e-06,-9.77427e-06,-1.36918e-05,-1.77342e-05,-2.14463e-05,-2.42211e-05,-2.4577e-05,-2.19458e-05,-1.75701e-05,-1.11514e-05,-2.50253e-06,8.4228e-06,2.15127e-05,3.64928e-05,5.29357e-05,7.02834e-05,8.78807e-05,0.000105016,0.000120968,0.000135053,0.00014667,0.000155345,0.000160757,0.00016277,0.000161437,0.000157006,0.000149903,0.000140709,0.000130128,0.000118947,0.000107992,9.80856e-05,9.00082e-05,8.44658e-05,8.20662e-05,8.33053e-05,8.85625e-05,9.81023e-05,0.00011208,0.000130544,0.000153436,0.000180579,0.000211651,0.000246158,0.000283401,0.000322452,0.000362154,0.000401142,0.000437901,0.000470861,0.000498504,0.000519489,0.000532776,0.000537715,0.000534112,0.000522248,0.000502846,0.000477008,0.000446101,0.000411642,0.000375162,0.000338087,0.000301647,0.000266814,0.000234284,0.0002045,0.000177699,0.000153981,0.000133377,0.000115905,0.0001016,9.05255e-05,8.27512e-05,7.83238e-05,7.72251e-05,7.9334e-05,8.43966e-05,9.2011e-05,0.000101627,0.000112566,0.000124048,0.000135246,0.000145329,0.000153522,0.000159159,0.000161725,0.000160888,0.000156525,0.000148719,0.00013775,0.000124071,0.000108272,9.10328e-05,7.30744e-05,5.51118e-05,3.78063e-05,2.17281e-05,7.32754e-06,-5.08086e-06,-1.53231e-05,-2.33586e-05,-2.9263e-05,-3.32058e-05,-3.37631e-05,-3.14333e-05,-2.76329e-05,-2.29204e-05,-1.77893e-05,-1.27447e-05,-8.24409e-06,-4.63362e-06,-2.09807e-06,-6.278e-07,0
0,7.1161e-07,1.04426e-06,6.17917e-07,-7.74523e-07,-3.27677e-06,-6.90328e-06,-1.14901e-05,-1.66858e-05,-2.19907e-05,-2.68276e-05,-3.04898e-05,-3.1386e-05,-2.89171e-05,-2.44023e-05,-1.75484e-05,-8.192e-06,3.67298e-06,1.78801e-05,3.40891e-05,5.17991e-05,7.03743e-05,8.90813e-05,0.000107134,0.000123744,0.000138169,0.000149768,0.000158037,0.000162652,0.000163488,0.000160635,0.000154398,0.000145279,0.000133951,0.000121224,0.000107992,9.51917e-05,8.37469e-05,7.45269e-05,6.83085e-05,6.57499e-05,6.73767e-05,7.35792e-05,8.46201e-05,0.000100646,0.000121699,0.00014772,0.000178539,0.000213846,0.000253149,0.000295724,0.000340576,0.000386421,0.000431702,0.000474651,0.000513398,0.000546109,0.000571149,0.000587232,0.000593549,0.000589851,0.000576477,0.00055431,0.000524696,0.000489302,0.000449961,0.000408501,0.000366598,0.000325656,0.000286741,0.000250563,0.000217518,0.000187759,0.000161296,0.000138086,0.00011811,0.000101409,8.80853e-05,7.82781e-05,7.21104e-05,6.96359e-05,7.07893e-05,7.53485e-05,8.29153e-05,9.29156e-05,0.000104619,0.000117178,0.000129676,0.000141188,0.000150843,0.000157881,0.000161705,0.000161915,0.000158335,0.000151016,0.000140226,0.000126423,0.000110219,9.23334e-05,7.35373e-05,5.46054e-05,3.62646e-05,1.91522e-05,3.78378e-06,-9.46698e-06,-2.0376e-05,-2.88647e-05,-3.49848e-05,-3.88969e-05,-3.90939e-05,-3.61042e-05,-3.14478e-05,-2.57666e-05,-1.96529e-05,-1.37196e-05,-8.51976e-06,-4.46488e-06,-1.75994e-06,-3.68284e-07,0
0,1.15285e-06,1.75559e-06,1.29297e-06,-4.95873e-07,-3.75425e-06,-8.43677e-06,-1.42704e-05,-2.0768e-05,-2.72935e-05,-3.31557e-05,-3.75621e-05,-3.88266e-05,-3.63337e-05,-3.14912e-05,-2.40218e-05,-1.37949e-05,-8.52021e-07,1.45804e-05,3.20934e-05,5.11116e-05,7.09235e-05,9.07213e-05,0.00010965,0.000126861,0.000141564,0.000153083,0.000160898,0.000164685,0.000164345,0.00016001,0.000152046,0.000141038,0.000127752,0.0001131,9.80856e-05,8.37469e-05,7.11024e-05,6.10999e-05,5.45749e-05,5.22222e-05,5.4582e-05,6.20411e-05,7.48462e-05,9.31259e-05,0.000116913,0.000146157,0.000180716,0.000220324,0.00026453,0.00031263,0.000363596,0.000416034,0.00046819,0.000518012,0.000563278,0.00060177,0.00063148,0.000650811,0.00065875,0.000654973,0.00063988,0.000614557,0.000580649,0.000540196,0.000495418,0.000448505,0.000401425,0.000355777,0.000312711,0.000272919,0.000236699,0.000204066,0.000174887,0.000149011,0.000126361,0.000106983,9.10383e-05,7.87561e-05,7.03608e-05,6.60004e-05,6.56833e-05,6.92333e-05,7.62677e-05,8.61974e-05,9.82499e-05,0.000111512,0.000124985,0.000137653,0.000148549,0.000156821,0.000161786,0.000162972,0.000160147,0.000153321,0.00014274,0.00012886,0.000112307,9.38262e-05,7.42335e-05,5.43552e-05,3.4978e-05,1.68027e-05,4.0871e-07,-1.37698e-05,-2.54551e-05,-3.45248e-05,-4.09993e-05,-4.50217e-05,-4.49896e-05,-4.14484e-05,-3.60082e-05,-2.93835e-05,-2.22603e-05,-1.53611e-05,-9.34604e-06,-4.70752e-06,-1.68819e-06,-2.37062e-07,0
0,1.44066e-06,2.14624e-06,1.46868e-06,-8.92453e-07,-5.05866e-06,-1.09032e-05,-1.80285e-05,-2.58053e-05,-3.34656e-05,-4.02162e-05,-4.51952e-05,-4.66386e-05,-4.39291e-05,-3.85746e-05,-3.03237e-05,-1.90863e-05,-4.95745e-06,1.17736e-05,3.06284e-05,5.09598e-05,7.19847e-05,9.28283e-05,0.000112575,0.000130325,0.000145252,0.000156654,0.000164005,0.000166994,0.000165548,0.000159851,0.000150334,0.000137661,0.000122693,0.000106442,9.00082e-05,7.45269e-05,6.10999e-05,5.07419e-05,4.43349e-05,4.25968e-05,4.60687e-05,5.51191e-05,6.99659e-05,9.07095e-05,0.00011737,0.000149915,0.000188258,0.000232219,0.000281441,0.000335292,0.000392758,0.000452364,0.000512155,0.000569754,0.000622514,0.000667735,0.000702936,0.000726118,0.000735992,0.000732128,0.000715006,0.000685956,0.000647009,0.000600671,0.00054965,0.000496586,0.000443801,0.000393114,0.000345751,0.000302343,0.000263026,0.000227603,0.000195733,0.000167109,0.00014158,0.000119202,0.000100219,8.49808e-05,7.38424e-05,6.70659e-05,6.47471e-05,6.67652e-05,7.27593e-05,8.21316e-05,9.40731e-05,0.000107612,0.000121674,0.000135156,0.000147001,0.000156268,0.000162189,0.00016422,0.000162068,0.000155699,0.00014533,0.000131403,0.000114549,9.55328e-05,7.52004e-05,5.44217e-05,3.40347e-05,1.47977e-05,-2.65007e-06,-1.78152e-05,-3.0365e-05,-4.01293e-05,-4.70909e-05,-5.13675e-05,-5.12506e-05,-4.72887e-05,-4.11676e-05,-3.36607e-05,-2.55383e-05,-1.76313e-05,-1.07126e-05,-5.36902e-06,-1.89697e-06,-2.44841e-07,0
0,1.56449e-06,2.20101e-06,1.1359e-06,-1.955e-06,-7.15066e-06,-1.42242e-05,-2.26423e-05,-3.16327e-05,-4.0304e-05,-4.77767e-05,-5.31381e-05,-5.4564e-05,-5.14492e-05,-4.54133e-05,-3.62388e-05,-2.38828e-05,-8.49726e-06,9.56494e-06,2.97586e-05,5.13697e-05,7.35516e-05,9.53715e-05,0.000115865,0.000134093,0.000149203,0.00016048,0.000167404,0.00016968,0.000167272,0.000160415,0.000149608,0.000135591,0.000119312,0.000101873,8.44658e-05,6.83085e-05,5.45749e-05,4.43349e-05,3.85051e-05,3.78158e-05,4.27973e-05,5.3789e-05,7.09678e-05,9.43947e-05,0.000124072,0.000159995,0.000202166,0.00025054,0.000304923,0.000364824,0.000429306,0.000496852,0.000565301,0.000631904,0.000693488,0.00074674,0.000788557,0.000816407,0.000828631,0.000824652,0.000805039,0.000771441,0.000726382,0.00067297,0.00061454,0.000554301,0.000495015,0.000438765,0.000386836,0.000339744,0.000297376,0.000259226,0.000224663,0.000193168,0.000164492,0.000138716,0.00011621,9.74898e-05,8.3071e-05,7.33462e-05,6.85038e-05,6.84782e-05,7.29303e-05,8.12542e-05,9.26079e-05,0.000105966,0.000120186,0.000134087,0.000146529,0.000156487,0.000163116,0.000165801,0.000164188,0.000158195,0.000148006,0.000134043,0.000116929,9.74372e-05,7.64342e-05,5.48213e-05,3.34779e-05,1.32108e-05,-5.28708e-06,-2.14672e-05,-3.49427e-05,-4.54939e-05,-5.30613e-05,-5.77305e-05,-5.76767e-05,-5.34389e-05,-4.6763e-05,-3.84655e-05,-2.93892e-05,-2.04667e-05,-1.25862e-05,-6.4383e-06,-2.38756e-06,-3.95778e-07,0
0,1.52057e-06,1.91831e-06,3.05571e-07,-3.64887e-06,-9.96212e-06,-1.82919e-05,-2.79626e-05,-3.80627e-05,-4.75905e-05,-5.55986e-05,-6.11434e-05,-6.23584e-05,-5.86642e-05,-5.18011e-05,-4.15932e-05,-2.8049e-05,-1.13785e-05,8.00368e-06,2.94909e-05,5.23103e-05,7.5562e-05,9.82677e-05,0.000119427,0.000138075,0.000153346,0.000164526,0.000171104,0.000172815,0.00016966,0.000161927,0.000150175,0.000135217,0.000118078,9.9938e-05,8.20662e-05,6.57499e-05,5.22222e-05,4.25968e-05,3.78158e-05,3.86139e-05,4.55055e-05,5.8794e-05,7.86065e-05,0.000104953,0.000137805,0.000177191,0.00022325,0.000276137,0.000335895,0.000402263,0.000474464,0.000550998,0.000629506,0.000706798,0.000779043,0.000842129,0.000892126,0.000925779,0.000940923,0.000936769,0.000914,0.000874677,0.000821974,0.000759789,0.000692276,0.000623385,0.000556437,0.000493831,0.0004369,0.000385964,0.000340542,0.000299695,0.000262393,0.000227833,0.000195641,0.00016595,0.000139334,0.000116545,9.82925e-05,8.51044e-05,7.72521e-05,7.4712e-05,7.71558e-05,8.39637e-05,9.42607e-05,0.000106972,0.000120896,0.000134784,0.000147423,0.000157716,0.000164748,0.00016784,0.000166581,0.000160841,0.000150765,0.00013675,0.000119403,9.9493e-05,7.78959e-05,5.55317e-05,3.33091e-05,1.20727e-05,-7.43978e-06,-2.46307e-05,-3.90626e-05,-5.04661e-05,-5.87373e-05,-6.39239e-05,-6.40768e-05,-5.97132e-05,-5.26238e-05,-4.36516e-05,-3.36967e-05,-2.37839e-05,-1.49141e-05,-7.8877e-06,-3.14931e-06,-6.87794e-07,0
0,1.31158e-06,1.30938e-06,-9.93056e-07,-5.91712e-06,-1.34009e-05,-2.29754e-05,-3.38207e-05,-4.4895e-05,-5.51023e-05,-6.34481e-05,-6.89786e-05,-6.9802e-05,-6.5377e-05,-5.75724e-05,-4.62594e-05,-3.15001e-05,-1.35614e-05,7.08534e-06,2.97797e-05,5.37009e-05,7.79086e-05,0.000101393,0.000123133,0.000142153,0.000157586,0.00016873,0.000175095,0.000176446,0.000172826,0.00016457,0.000152294,0.000136871,0.000119388,0.00010109,8.33053e-05,6.73767e-05,5.4582e-05,4.60687e-05,4.27973e-05,4.55055e-05,5.46922e-05,7.06276e-05,9.33872e-05,0.000122915,0.000159127,0.000202071,0.000252107,0.000309678,0.000375137,0.000448555,0.000529433,0.000616373,0.000706847,0.000797146,0.0008826,0.000958037,0.00101841,0.00105946,0.00107832,0.0010739,0.00104702,0.00100031,0.000937788,0.000864423,0.000785459,0.000705818,0.000629551,0.000559448,0.000496864,0.000441812,0.000393281,0.000349726,0.000309581,0.00027167,0.000235453,0.000201133,0.000169657,0.000142129,0.000119481,0.000102356,9.10717e-05,8.56157e-05,8.56471e-05,9.05199e-05,9.93222e-05,0.000110935,0.000124104,0.000137526,0.000149929,0.000160159,0.000167244,0.000170448,0.000169311,0.000163657,0.000153592,0.000139482,0.00012191,0.000101633,7.95209e-05,5.64999e-05,3.34947e-05,1.13757e-05,-9.08571e-06,-2.7251e-05,-4.26376e-05,-5.49293e-05,-6.39764e-05,-6.97855e-05,-7.02767e-05,-6.59349e-05,-5.85808e-05,-4.90668e-05,-3.83335e-05,-2.74847e-05,-1.7628e-05,-9.67561e-06,-4.16108e-06,-1.11316e-06,0
0,9.46147e-07,3.96924e-07,-2.71489e-06,-8.68449e-06,-1.73565e-05,-2.81279e-05,-4.00377e-05,-5.19261e-05,-6.26225e-05,-7.11068e-05,-7.64351e-05,-7.67072e-05,-7.14299e-05,-6.26061e-05,-5.01578e-05,-3.42006e-05,-1.50548e-05,6.75902e-06,3.05371e-05,5.54235e-05,8.04523e-05,0.000104599,0.000126835,0.000146191,0.000161812,0.000173019,0.000179348,0.0001806,0.000176857,0.000168494,0.000156174,0.000140817,0.000123557,0.000105681,8.85625e-05,7.35792e-05,6.20411e-05,5.51191e-05,5.3789e-05,5.8794e-05,7.06276e-05,8.95412e-05,0.000115572,0.000148592,0.000188396,0.000234952,0.000289091,0.000351636,0.000423299,0.000504577,0.000595402,0.000694638,0.000799647,0.000906126,0.00100833,0.00109964,0.00117348,0.00122419,0.00124791,0.0012431,0.00121078,0.0011543,0.00107891,0.000990978,0.000897236,0.000803911,0.000716016,0.00063683,0.000567689,0.000508129,0.000456378,0.000410057,0.000366901,0.00032527,0.000284359,0.000244341,0.00020699,0.000173947,0.000146353,0.00012489,0.000109848,0.000101171,9.847e-05,0.000101055,0.000107972,0.00011806,0.000130026,0.000142525,0.000154243,0.000163985,0.000170735,0.000173718,0.00017243,0.000166658,0.000156468,0.000142193,0.000124386,0.00010378,8.12294e-05,5.76522e-05,3.39754e-05,1.10813e-05,-1.02369e-05,-2.93102e-05,-4.56184e-05,-5.8803e-05,-6.86698e-05,-7.51821e-05,-7.61254e-05,-7.19436e-05,-6.44736e-05,-5.45605e-05,-4.31675e-05,-3.14622e-05,-2.06488e-05,-1.17496e-05,-5.39311e-06,-1.65934e-06,0
0,4.38058e-07,-7.86565e-07,-4.80201e-06,-1.18619e-05,-2.1706e-05,-3.35946e-05,-4.64328e-05,-5.8959e-05,-6.99491e-05,-7.83797e-05,-8.33361e-05,-8.29243e-05,-7.67077e-05,-6.68265e-05,-5.32549e-05,-3.616e-05,-1.59089e-05,6.9376e-06,3.1645e-05,5.7337e-05,8.30383e-05,0.000107725,0.000130381,0.000150054,0.000165917,0.000177319,0.000183833,0.000185292,0.000181814,0.00017381,0.000161974,0.000147256,0.000130816,0.000113967,9.81023e-05,8.46201e-05,7.48462e-05,6.99659e-05,7.09678e-05,7.86065e-05,9.33872e-05,0.000115572,0.000145203,0.000182115,0.000225879,0.000275835,0.000334224,0.000402281,0.000480943,0.000571184,0.000673598,0.000787577,0.000910537,0.00103752,0.00116137,0.00127355,0.00136527,0.00142888,0.0014591,0.00145375,0.00141408,0.00134452,0.00125192,0.00114467,0.00103151,0.000920431,0.000817742,0.000727336,0.000650443,0.000585868,0.000530732,0.000481519,0.000435111,0.000389383,0.000343087,0.000295528,0.000250842,0.00021141,0.00017839,0.000152314,0.00013332,0.000121232,0.000115575,0.000115595,0.000120292,0.000128469,0.000138805,0.000149929,0.000160507,0.000169319,0.000175326,0.000177725,0.000175985,0.000169858,0.000159379,0.000144842,0.000126769,0.000105858,8.2938e-05,5.89058e-05,3.46763e-05,1.11297e-05,-1.09322e-05,-3.08216e-05,-4.79897e-05,-6.2042e-05,-7.2743e-05,-8.00124e-05,-8.14995e-05,-7.76009e-05,-7.01574e-05,-5.99908e-05,-4.80691e-05,-3.56063e-05,-2.38908e-05,-1.40495e-05,-6.80908e-06,-2.30992e-06,0
0,-1.94644e-07,-2.20088e-06,-7.18699e-06,-1.53514e-05,-2.63208e-05,-3.92203e-05,-5.28321e-05,-6.58115e-05,-7.69035e-05,-8.51029e-05,-8.95418e-05,-8.83453e-05,-8.11392e-05,-7.02018e-05,-5.5559e-05,-3.74248e-05,-1.62054e-05,7.50991e-06,3.29696e-05,5.9293e-05,8.55119e-05,0.000110621,0.00013363,0.000153621,0.000169804,0.000181566,0.000188518,0.000190527,0.000187741,0.000180594,0.000169797,0.000156313,0.000141309,0.0001261,0.00011208,0.000100646,9.31259e-05,9.07095e-05,9.43947e-05,0.000104953,0.000122915,0.000148592,0.000182115,0.000223478,0.000272197,0.000324101,0.000386974,0.000461662,0.000548649,0.000649341,0.000765368,0.000897157,0.00104252,0.00119586,0.00134821,0.0014883,0.00160425,0.0016855,0.00172464,0.00171857,0.00166888,0.00158147,0.00146556,0.00133229,0.00119321,0.00105876,0.000936992,0.000832556,0.000746416,0.000676225,0.000617465,0.000565063,0.000514971,0.000464965,0.000413547,0.000354351,0.000300233,0.000253596,0.000214885,0.000184124,0.000161144,0.000145579,0.000136835,0.000134084,0.00013628,0.000142198,0.000150503,0.000159818,0.000168806,0.000176244,0.000181089,0.000182528,0.000180012,0.000173273,0.000162314,0.000147398,0.000129006,0.0001078,8.45692e-05,6.01785e-05,3.55171e-05,1.14491e-05,-1.12289e-05,-3.18224e-05,-4.97646e-05,-6.46325e-05,-7.6154e-05,-8.42072e-05,-8.63056e-05,-8.2794e-05,-7.55072e-05,-6.52296e-05,-5.29159e-05,-3.9809e-05,-2.72664e-05,-1.65113e-05,-8.36828e-06,-3.04571e-06,0
0,-9.30675e-07,-3.80023e-06,-9.79639e-06,-1.90505e-05,-3.10721e-05,-4.48557e-05,-5.90752e-05,-7.23234e-05,-8.33366e-05,-9.11483e-05,-9.49527e-05,-9.29041e-05,-8.4695e-05,-7.27396e-05,-5.71131e-05,-3.80701e-05,-1.60461e-05,8.35357e-06,3.43752e-05,6.11498e-05,8.77334e-05,0.000113155,0.000136465,0.000156795,0.000173398,0.000185709,0.000193377,0.000196301,0.000194652,0.000188877,0.000179688,0.000168042,0.000155092,0.000142134,0.000130544,0.000121699,0.000116913,0.00011737,0.000124072,0.000137805,0.000159127,0.000188396,0.000225879,0.000272197,0.000330239,0.000377119,0.000445663,0.000529653,0.000627304,0.000740397,0.000872352,0.00102559,0.00119905,0.00138663,0.00157704,0.00175519,0.00190464,0.00201051,0.00206223,0.00205527,0.00199171,0.00187964,0.00173163,0.00156281,0.00138869,0.00122313,0.00107652,0.000954444,0.000857296,0.00078086,0.000718103,0.000661718,0.000606747,0.000552396,0.000502251,0.000418775,0.000353161,0.00029923,0.000255054,0.000219822,0.000192988,0.000173983,0.000162091,0.000156414,0.000155865,0.000159208,0.000165108,0.0001722,0.000179164,0.000184794,0.000188061,0.000188159,0.000184538,0.000176916,0.000165275,0.000149844,0.000131065,0.000109556,8.60596e-05,6.13979e-05,3.64215e-05,1.19648e-05,-1.1194e-05,-3.23665e-05,-5.09785e-05,-6.65875e-05,-7.8891e-05,-8.77284e-05,-9.04804e-05,-8.74381e-05,-8.04222e-05,-7.0167e-05,-5.75982e-05,-4.39688e-05,-3.06897e-05,-1.90696e-05,-1.00277e-05,-3.84575e-06,0
0,-1.74655e-06,-5.5355e-06,-1.25542e-05,-2.28576e-05,-3.58367e-05,-5.0364e-05,-6.50219e-05,-7.83618e-05,-8.91332e-05,-9.64261e-05,-9.95098e-05,-9.6576e-05,-8.73843e-05,-7.44816e-05,-5.79875e-05,-3.81896e-05,-1.55419e-05,9.34715e-06,3.5737e-05,6.27859e-05,8.959e-05,0.000115227,0.000138805,0.00015951,0.000176653,0.000189716,0.00019839,0.000202602,0.000202538,0.000198646,0.000191626,0.000182411,0.000172122,0.000162019,0.000153436,0.00014772,0.000146157,0.000149915,0.000159995,0.000177191,0.000202071,0.000234952,0.000275835,0.000324101,0.000377119,0.000426749,0.000500935,0.000590517,0.000691759,0.000805972,0.000937429,0.0010902,0.00126495,0.00145667,0.00165421,0.00184151,0.00200039,0.00211407,0.00217042,0.00216413,0.00209748,0.00197957,0.00182441,0.00164856,0.00146863,0.00129897,0.00114989,0.00102642,0.000927997,0.000849485,0.000783234,0.000722028,0.000662052,0.00060518,0.000560535,0.00047676,0.000406106,0.000347048,0.000298328,0.000259085,0.000228627,0.000206258,0.000191178,0.000182434,0.000178916,0.000179387,0.000182529,0.000187007,0.000191534,0.000194943,0.000196233,0.000194623,0.000189572,0.000180798,0.000168265,0.000152175,0.000132928,0.000111095,8.73652e-05,6.25078e-05,3.73242e-05,1.2607e-05,-1.08968e-05,-3.25168e-05,-5.16828e-05,-6.79418e-05,-8.0968e-05,-9.05664e-05,-9.39902e-05,-9.14768e-05,-8.48267e-05,-7.47144e-05,-6.20218e-05,-4.79949e-05,-3.40806e-05,-2.16608e-05,-1.17441e-05,-4.68833e-06,0
0,-2.61763e-06,-7.35633e-06,-1.53849e-05,-2.66752e-05,-4.05016e-05,-5.56258e-05,-7.05564e-05,-8.3825e-05,-9.42139e-05,-0.000100886,-0.000103194,-9.93734e-05,-8.92498e-05,-7.5496e-05,-5.82708e-05,-3.7886e-05,-1.48028e-05,1.03807e-05,3.69511e-05,6.41087e-05,9.1004e-05,0.000116778,0.000140605,0.000161737,0.000179547,0.000193571,0.000203537,0.0002094,0.000211351,0.00020983,0.000205514,0.000199296,0.000192249,0.000185582,0.000180579,0.000178539,0.000180716,0.000188258,0.000202166,0.00022325,0.000252107,0.000289091,0.000334224,0.000386974,0.000445663,0.000500935,0.000584197,0.000684303,0.000795044,0.000915899,0.00105057,0.00120388,0.00137816,0.00157032,0.00177065,0.00196357,0.00213032,0.00225267,0.00231671,0.0023157,0.00225125,0.00213273,0.00197505,0.00179572,0.0016119,0.00143781,0.00128303,0.00115164,0.0010425,0.00095068,0.0008698,0.000794839,0.000724626,0.000663253,0.000620001,0.000534517,0.000460414,0.000397429,0.000344849,0.000301945,0.00026801,0.00024229,0.000223933,0.000211953,0.000205231,0.000202538,0.000202587,0.000204086,0.000205797,0.000206601,0.000205547,0.000201886,0.000195103,0.000184919,0.000171293,0.000154398,0.000134597,0.000112408,8.84632e-05,6.34717e-05,3.8176e-05,1.33164e-05,-1.04024e-05,-3.23392e-05,-5.19384e-05,-6.87459e-05,-8.24199e-05,-9.27367e-05,-9.68285e-05,-9.48812e-05,-8.86712e-05,-7.88059e-05,-6.61108e-05,-5.18089e-05,-3.73668e-05,-2.42254e-05,-1.34756e-05,-5.55191e-06,0
0,-3.51906e-06,-9.21307e-06,-1.82165e-05,-3.04137e-05,-4.49675e-05,-6.05418e-05,-7.55901e-05,-8.86438e-05,-9.85362e-05,-0.000104514,-0.000106023,-0.000101342,-9.0361e-05,-7.58707e-05,-5.80623e-05,-3.72624e-05,-1.39285e-05,1.1364e-05,3.79418e-05,6.50606e-05,9.19371e-05,0.000117786,0.000141857,0.000163476,0.000182083,0.000197266,0.000208794,0.00021664,0.000221,0.000222295,0.000221168,0.000218463,0.000215198,0.000212518,0.000211651,0.000213846,0.000220324,0.000232219,0.00025054,0.000276137,0.000309678,0.000351636,0.000402281,0.000461662,0.000529653,0.000590517,0.000684303,0.000798477,0.000924199,0.0010583,0.00120283,0.00136246,0.00154083,0.00173706,0.00194362,0.00214627,0.00232613,0.0024633,0.00254121,0.00255043,0.00249091,0.00237183,0.00220915,0.00202185,0.00182801,0.0016419,0.00147237,0.00132268,0.00119154,0.00107516,0.000969779,0.000873955,0.000790064,0.000724375,0.000685642,0.000596377,0.000518516,0.000451694,0.000395323,0.000348738,0.000311227,0.000282001,0.000260169,0.000244717,0.000234521,0.000228368,0.000225005,0.00022319,0.000221743,0.000219607,0.000215883,0.000209872,0.000201087,0.000189267,0.000174363,0.000156528,0.000136086,0.000113503,8.93519e-05,6.42737e-05,3.89457e-05,1.40477e-05,-9.76745e-06,-3.18975e-05,-5.18108e-05,-6.9061e-05,-8.32982e-05,-9.42755e-05,-9.90129e-05,-9.7648e-05,-9.19313e-05,-8.23984e-05,-6.98085e-05,-5.53477e-05,-4.04861e-05,-2.67098e-05,-1.5183e-05,-6.41588e-06,0
0,-4.42668e-06,-1.10585e-05,-2.09825e-05,-3.39942e-05,-4.91518e-05,-6.50358e-05,-8.00626e-05,-9.27817e-05,-0.000102092,-0.000107333,-0.000108045,-0.000102553,-9.08074e-05,-7.57053e-05,-5.74637e-05,-3.6415e-05,-1.30027e-05,1.22315e-05,3.86656e-05,6.56209e-05,9.23901e-05,0.000118269,0.000142591,0.000164759,0.000184281,0.000200799,0.000214121,0.000224237,0.00023134,0.000235829,0.000238306,0.000239562,0.000240553,0.000242362,0.000246158,0.000253149,0.00026453,0.000281441,0.000304923,0.000335895,0.000375137,0.000423299,0.000480943,0.000548649,0.000627304,0.000691759,0.000795044,0.000924199,0.00106844,0.00122212,0.00138527,0.00156187,0.00175634,0.00196977,0.00219683,0.00242458,0.00263338,0.00280018,0.00290344,0.00292867,0.00287276,0.00274501,0.00256411,0.0023526,0.00213141,0.00191621,0.00171596,0.00153359,0.00136807,0.00121718,0.00108016,0.000959367,0.000860613,0.000791878,0.00076087,0.000665936,0.000583029,0.0005115,0.000450692,0.000399906,0.000358379,0.000325263,0.000299607,0.000280359,0.000266379,0.000256463,0.00024939,0.000243966,0.000239074,0.000233717,0.00022706,0.000218454,0.000207449,0.000193803,0.000177468,0.000158578,0.000137419,0.000114406,9.00476e-05,6.4917e-05,3.96206e-05,1.47711e-05,-9.03735e-06,-3.12493e-05,-5.13653e-05,-6.89545e-05,-8.36659e-05,-9.52356e-05,-0.000100581,-9.97963e-05,-9.46057e-05,-8.54708e-05,-7.30776e-05,-5.85633e-05,-4.33876e-05,-2.90678e-05,-1.68315e-05,-7.26122e-06,0
0,-5.3177e-06,-1.2849e-05,-2.36239e-05,-3.73497e-05,-5.29892e-05,-6.9054e-05,-8.39407e-05,-9.62319e-05,-0.000104902,-0.000109392,-0.000109335,-0.000103101,-9.06917e-05,-7.51045e-05,-5.65731e-05,-3.54278e-05,-1.20888e-05,1.29449e-05,3.9111e-05,6.58042e-05,9.23998e-05,0.00011828,0.000142865,0.000165635,0.000186169,0.000204164,0.00021946,0.000232066,0.000242167,0.000250139,0.000256541,0.000262111,0.000267745,0.000274467,0.000283401,0.000295724,0.00031263,0.000335292,0.000364824,0.000402263,0.000448555,0.000504577,0.000571184,0.000649341,0.000740397,0.000805972,0.000915899,0.0010583,0.00122212,0.00140053,0.00159231,0.00180085,0.00203117,0.002286,0.00256181,0.002846,0.00311613,0.00334217,0.00349233,0.00354192,0.00348235,0.00332491,0.00309583,0.00282664,0.00254545,0.00227206,0.00201694,0.00178322,0.00157011,0.00137648,0.00120368,0.00105672,0.000943566,0.000872749,0.000850291,0.00074678,0.000656444,0.000578383,0.000511765,0.00045574,0.0004094,0.000371771,0.000341796,0.000318348,0.000300243,0.000286269,0.000275223,0.000265951,0.00025739,0.000248607,0.000238827,0.000227451,0.000214071,0.000198465,0.000180588,0.000160557,0.000138622,0.000115148,9.05799e-05,6.54207e-05,4.02039e-05,1.54716e-05,-8.24558e-06,-3.04446e-05,-5.06641e-05,-6.84955e-05,-8.35931e-05,-9.56819e-05,-0.000101587,-0.000101364,-9.67133e-05,-8.8022e-05,-7.58989e-05,-6.14234e-05,-4.60322e-05,-3.1261e-05,-1.83904e-05,-8.07092e-06,0
0,-6.17132e-06,-1.4546e-05,-2.609e-05,-4.04262e-05,-5.64321e-05,-7.2565e-05,-8.72164e-05,-9.90146e-05,-0.000107018,-0.000110766,-0.000109986,-0.000103088,-9.01228e-05,-7.41716e-05,-5.54802e-05,-3.43691e-05,-1.12283e-05,1.34925e-05,3.92964e-05,6.56559e-05,9.20322e-05,0.000117897,0.000142754,0.000166166,0.000187779,0.00020734,0.000224726,0.000239958,0.000253217,0.000264852,0.000275384,0.000285501,0.000296047,0.000308,0.000322452,0.000340576,0.000363596,0.000392758,0.000429306,0.000474464,0.000529433,0.000595402,0.000673598,0.000765368,0.000872352,0.000937429,0.00105057,0.00120283,0.00138527,0.00159231,0.00182338,0.0020826,0.00237648,0.00270995,0.00308138,0.00347746,0.00386926,0.00421202,0.00445186,0.00454142,0.00446077,0.00422908,0.00389273,0.00350441,0.00310761,0.0027303,0.00238569,0.0020767,0.0018014,0.0015579,0.00134736,0.00117494,0.00104839,0.000975104,0.000958727,0.000841978,0.000740588,0.000653275,0.000578837,0.000516095,0.000463858,0.000420915,0.000386027,0.000357933,0.000335366,0.000317074,0.00030185,0.000288564,0.000276199,0.000263873,0.000250867,0.000236632,0.000220797,0.00020316,0.000183682,0.000162462,0.000139719,0.000115765,9.09865e-05,6.58152e-05,4.07119e-05,1.6147e-05,-7.41411e-06,-2.95242e-05,-4.9764e-05,-6.77522e-05,-8.31532e-05,-9.56867e-05,-0.000102096,-0.000102404,-9.82898e-05,-9.00684e-05,-7.82699e-05,-6.39099e-05,-4.83923e-05,-3.32594e-05,-1.98345e-05,-8.83029e-06,0
0,-6.96909e-06,-1.61158e-05,-2.83392e-05,-4.31826e-05,-5.94496e-05,-7.55569e-05,-8.99033e-05,-0.000101171,-0.000108505,-0.000111545,-0.000110104,-0.000102629,-8.921e-05,-7.30045e-05,-5.42627e-05,-3.32901e-05,-1.04415e-05,1.38865e-05,3.9265e-05,6.52456e-05,9.13752e-05,0.000117212,0.000142346,0.000166417,0.000189132,0.000210292,0.000229805,0.000247705,0.000264167,0.00027952,0.00029425,0.000309004,0.000324584,0.000341941,0.000362154,0.000386421,0.000416034,0.000452364,0.000496852,0.000550998,0.000616373,0.000694638,0.000787577,0.000897157,0.00102559,0.0010902,0.00120388,0.00136246,0.00156187,0.00180085,0.0020826,0.00241502,0.00280906,0.003275,0.00381597,0.00441899,0.00504451,0.00561908,0.00604011,0.00620478,0.00606415,0.0056635,0.00510269,0.00448257,0.0038762,0.00332388,0.00284025,0.00242452,0.00206966,0.0017689,0.00151934,0.0013226,0.00118315,0.00110521,0.00108937,0.000953011,0.000835916,0.000735992,0.000651328,0.000580151,0.000520796,0.000471676,0.000431269,0.000398112,0.000370801,0.000348005,0.000328488,0.000311123,0.000294919,0.000279039,0.000262806,0.000245716,0.00022743,0.000207767,0.000186688,0.000164278,0.000140724,0.000116292,9.13078e-05,6.61369e-05,4.11692e-05,1.68052e-05,-6.55509e-06,-2.85203e-05,-4.87155e-05,-6.6789e-05,-8.24198e-05,-9.53261e-05,-0.00010218,-0.00010298,-9.93837e-05,-9.16403e-05,-8.0202e-05,-6.60178e-05,-5.04511e-05,-3.5041e-05,-2.11436e-05,-9.52711e-06,0
0,-7.69518e-06,-1.75307e-05,-3.03386e-05,-4.559e-05,-6.20258e-05,-7.80346e-05,-9.20321e-05,-0.00010276,-0.000109448,-0.00011183,-0.000109799,-0.000101834,-8.80579e-05,-7.16913e-05,-5.2985e-05,-3.22255e-05,-9.73022e-06,1.41582e-05,3.90784e-05,6.46591e-05,9.05293e-05,0.000116331,0.000141733,0.000166447,0.000190243,0.000212967,0.000234556,0.000255059,0.000274649,0.000293635,0.000312479,0.000331795,0.00035236,0.000375111,0.000401142,0.000431702,0.00046819,0.000512155,0.000565301,0.000629506,0.000706847,0.000799647,0.000910537,0.00104252,0.00119905,0.00126495,0.00137816,0.00154083,0.00175634,0.00203117,0.00237648,0.00280906,0.0033509,0.00402602,0.00485253,0.00582721,0.00690132,0.00795195,0.00876857,0.00909945,0.00880314,0.00801546,0.00698395,0.00591722,0.00493864,0.00409906,0.00340449,0.00283957,0.00238291,0.00201562,0.00172486,0.00150412,0.00135113,0.00126475,0.00124196,0.00107871,0.00094087,0.000824841,0.000727531,0.000646253,0.00057864,0.000522578,0.000476156,0.00043763,0.000405409,0.000378047,0.000354245,0.000332858,0.000312906,0.000293575,0.000274226,0.000254387,0.000233746,0.000212138,0.000189524,0.000165974,0.000141644,0.000116756,9.1582e-05,6.64239e-05,4.16052e-05,1.74602e-05,-5.67308e-06,-2.74576e-05,-4.75621e-05,-6.56655e-05,-8.14634e-05,-9.46766e-05,-0.000101916,-0.00010316,-0.000100052,-9.27784e-05,-8.17181e-05,-6.77527e-05,-5.22011e-05,-3.65911e-05,-2.23025e-05,-1.01516e-05,0
0,-8.33647e-06,-1.87684e-05,-3.20638e-05,-4.763e-05,-6.41571e-05,-8.00159e-05,-9.36456e-05,-0.000103848,-0.000109934,-0.000111724,-0.000109181,-0.000100812,-8.67625e-05,-7.03086e-05,-5.16976e-05,-3.11953e-05,-9.08172e-06,1.43524e-05,3.88095e-05,6.39899e-05,8.9599e-05,0.000115355,0.000141,0.000166311,0.000191112,0.000215293,0.00023882,0.000261753,0.000284266,0.000306658,0.000329369,0.000352996,0.000378301,0.000406227,0.000437901,0.000474651,0.000518012,0.000569754,0.000631904,0.000706798,0.000797146,0.000906126,0.00103752,0.00119586,0.00138663,0.00145667,0.00157032,0.00173706,0.00196977,0.002286,0.00270995,0.003275,0.00402602,0.00501911,0.00631421,0.0079523,0.00990527,0.0119888,0.0137604,0.0145326,0.013801,0.0120636,0.010003,0.00806004,0.00641993,0.0051137,0.00410357,0.00333211,0.00274489,0.00229863,0.0019626,0.0017167,0.00154835,0.00144904,0.00141156,0.00121461,0.00105154,0.000916449,0.000804546,0.000711895,0.000635214,0.000571721,0.000519018,0.000475023,0.00043791,0.000406084,0.000378159,0.000352952,0.000329473,0.000306922,0.000284683,0.000262306,0.0002395,0.000216109,0.000192092,0.000167503,0.000142471,0.000117177,9.18421e-05,6.67119e-05,4.20497e-05,1.81294e-05,-4.76758e-06,-2.63544e-05,-4.63406e-05,-6.44349e-05,-8.03501e-05,-9.38115e-05,-0.00010138,-0.000103017,-0.000100357,-9.35305e-05,-8.28486e-05,-6.91287e-05,-5.36429e-05,-3.79018e-05,-2.33006e-05,-1.06965e-05,0
0,-8.88248e-06,-1.98118e-05,-3.34977e-05,-4.92934e-05,-6.58493e-05,-8.15272e-05,-9.47936e-05,-0.000104507,-0.000110054,-0.000111329,-0.000108355,-9.96597e-05,-8.54086e-05,-6.89208e-05,-5.04387e-05,-3.02078e-05,-8.47331e-06,1.4521e-05,3.85346e-05,6.33319e-05,8.86854e-05,0.000114381,0.000140223,0.000166048,0.000191728,0.00021719,0.000242425,0.00026751,0.000292619,0.000318044,0.000344216,0.000371721,0.000401321,0.000433976,0.000470861,0.000513398,0.000563278,0.000622514,0.000693488,0.000779043,0.0008826,0.00100833,0.00116137,0.00134821,0.00157704,0.00165421,0.00177065,0.00194362,0.00219683,0.00256181,0.00308138,0.00381597,0.00485253,0.00631421,0.00836464,0.0111901,0.0149196,0.0194051,0.023778,0.0259933,0.0238212,0.0194851,0.0150254,0.0113092,0.00848571,0.00642875,0.00495512,0.00390311,0.0031502,0.00260971,0.00222247,0.00194893,0.00176283,0.00164656,0.00158828,0.0013529,0.00116177,0.00100592,0.000878437,0.000773872,0.000687872,0.000616891,0.00055799,0.000508704,0.000466949,0.000430959,0.000399249,0.000370578,0.000343937,0.000318525,0.000293736,0.000269136,0.000244443,0.000219508,0.000194284,0.000168811,0.000143189,0.000117564,9.2113e-05,6.70314e-05,4.253e-05,1.88303e-05,-3.83548e-06,-2.52245e-05,-4.50822e-05,-6.31441e-05,-7.91395e-05,-9.27992e-05,-0.000100642,-0.000102621,-0.000100361,-9.39469e-05,-8.36293e-05,-7.01659e-05,-5.4783e-05,-3.89703e-05,-2.41314e-05,-1.11563e-05,0
0,-9.32527e-06,-2.06488e-05,-3.46298e-05,-5.05779e-05,-6.71147e-05,-8.26e-05,-9.55279e-05,-0.000104809,-0.000109893,-0.000110737,-0.000107414,-9.84642e-05,-8.40685e-05,-6.758e-05,-4.92357e-05,-2.9263e-05,-7.87765e-06,1.47167e-05,3.83273e-05,6.27719e-05,8.78794e-05,0.000113491,0.000139467,0.000165688,0.00019207,0.000218571,0.000245207,0.000272066,0.000299327,0.000327283,0.000356358,0.000387138,0.000420392,0.000457103,0.000498504,0.000546109,0.00060177,0.000667735,0.00074674,0.000842129,0.000958037,0.00109964,0.00127355,0.0014883,0.00175519,0.00184151,0.00196357,0.00214627,0.00242458,0.002846,0.00347746,0.00441899,0.00582721,0.0079523,0.0111901,0.0161361,0.0235661,0.0340594,0.0465048,0.0546162,0.0465482,0.0341406,0.0236755,0.0162627,0.0113236,0.00808507,0.00595397,0.00453578,0.00358027,0.00293012,0.00248541,0.00218142,0.00197558,0.00184007,0.00175814,0.00148323,0.00126377,0.00108733,0.00094462,0.000828582,0.000733739,0.00065576,0.000591156,0.000537083,0.000491196,0.00045156,0.000416582,0.00038496,0.000355657,0.000327862,0.000300971,0.000274555,0.000248338,0.000222169,0.000195994,0.000169837,0.000143774,0.000117919,9.24115e-05,6.74055e-05,4.30682e-05,1.95781e-05,-2.87319e-06,-2.40783e-05,-4.38125e-05,-6.18333e-05,-7.7884e-05,-9.17006e-05,-9.97695e-05,-0.000102038,-0.000100125,-9.40781e-05,-8.40974e-05,-7.08875e-05,-5.56321e-05,-3.97981e-05,-2.47915e-05,-1.15279e-05,0
0,-9.65923e-06,-2.12714e-05,-3.54546e-05,-5.14863e-05,-6.79693e-05,-8.32665e-05,-9.58982e-05,-0.000104818,-0.000109527,-0.00011003,-0.000106437,-9.72974e-05,-8.28009e-05,-6.63268e-05,-4.81077e-05,-2.8357e-05,-7.26761e-06,1.49872e-05,3.82515e-05,6.23841e-05,8.72569e-05,0.000112755,0.000138779,0.00016525,0.000192114,0.000219358,0.000247016,0.000275189,0.000304063,0.000333933,0.000365225,0.000398527,0.00043462,0.000474514,0.000519489,0.000571149,0.00063148,0.000702936,0.000788557,0.000892126,0.00101841,0.00117348,0.00136527,0.00160425,0.00190464,0.00200039,0.00213032,0.00232613,0.00263338,0.00311613,0.00386926,0.00504451,0.00690132,0.00990527,0.0149196,0.0235661,0.0388023,0.0652343,0.105862,0.143556,0.105904,0.0653149,0.0389131,0.0236977,0.0150631,0.0100535,0.00704868,0.0051864,0.00400081,0.00323138,0.00272562,0.00238969,0.00216361,0.00200925,0.00190503,0.00159406,0.00134917,0.00115448,0.000998429,0.000872452,0.000770031,0.000686122,0.000616744,0.000558716,0.000509465,0.000466904,0.000429344,0.000395426,0.000364082,0.000334488,0.000306033,0.00027829,0.000250979,0.000223944,0.000197123,0.000170522,0.000144198,0.000118236,9.27465e-05,6.785e-05,4.36804e-05,2.03838e-05,-1.87836e-06,-2.2925e-05,-4.25531e-05,-6.05362e-05,-7.66278e-05,-9.05683e-05,-9.88191e-05,-0.000101325,-9.97024e-05,-9.39709e-05,-8.42892e-05,-7.13181e-05,-5.62034e-05,-4.03895e-05,-2.52803e-05,-1.18092e-05,0
0,-9.88086e-06,-2.1675e-05,-3.59707e-05,-5.20245e-05,-6.843e-05,-8.3557e-05,-9.59481e-05,-0.000104589,-0.000109019,-0.000109274,-0.000105488,-9.6216e-05,-8.16513e-05,-6.5192e-05,-4.70682e-05,-2.74849e-05,-6.62062e-06,1.53709e-05,3.83577e-05,6.22257e-05,8.68759e-05,0.000112223,0.000138197,0.000164746,0.00019184,0.000219486,0.000247735,0.000276699,0.000306574,0.000337657,0.000370381,0.000405338,0.000443321,0.000485361,0.000532776,0.000587232,0.000650811,0.000726118,0.000816407,0.000925779,0.00105946,0.00122419,0.00142888,0.0016855,0.00201051,0.00211407,0.00225267,0.0024633,0.00280018,0.00334217,0.00421202,0.00561908,0.00795195,0.0119888,0.0194051,0.0340594,0.0652343,0.134625,0.281377,0.493475,0.281418,0.134705,0.0653456,0.0341945,0.0195561,0.0121483,0.00811383,0.00577811,0.00436293,0.00347868,0.00291481,0.00254859,0.00230413,0.00213433,0.00201339,0.00167455,0.00141026,0.00120179,0.00103576,0.000902407,0.0007944,0.000706152,0.000633314,0.000572451,0.000520821,0.000476227,0.000436907,0.00040146,0.000368791,0.00033806,0.00030865,0.000280126,0.000252204,0.000224717,0.000197591,0.000170818,0.000144435,0.000118507,9.31206e-05,6.83732e-05,4.43759e-05,2.12536e-05,-8.51048e-07,-2.17731e-05,-4.13218e-05,-5.92802e-05,-7.54073e-05,-8.94454e-05,-9.78386e-05,-0.000100531,-9.91408e-05,-9.36665e-05,-8.42374e-05,-7.14806e-05,-5.65107e-05,-4.07508e-05,-2.55992e-05,-1.19998e-05,0
0,-9.98848e-06,-2.18584e-05,-3.61797e-05,-5.22e-05,-6.85126e-05,-8.34967e-05,-9.5712e-05,-0.000104166,-0.000108415,-0.000108517,-0.000104614,-9.5261e-05,-8.06523e-05,-6.41976e-05,-4.61272e-05,-2.66441e-05,-5.92204e-06,1.58929e-05,3.86789e-05,6.23341e-05,8.6774e-05,0.000111929,0.000137744,0.000164184,0.000191235,0.000218916,0.000247293,0.000276487,0.000306703,0.000338247,0.000371557,0.000407231,0.000446072,0.00048912,0.000537715,0.000593549,0.00065875,0.000735992,0.000828631,0.000940923,0.00107832,0.00124791,0.0014591,0.00172464,0.00206223,0.00217042,0.00231671,0.00254121,0.00290344,0.00349233,0.00445186,0.00604011,0.00876857,0.0137604,0.023778,0.0465048,0.105862,0.281377,0.823517,2.18902,0.823558,0.281456,0.105974,0.0466421,0.0239333,0.0139257,0.00893724,0.00620634,0.00461041,0.0036374,0.00302797,0.00263754,0.00237923,0.00219999,0.0020711,0.00171646,0.00144131,0.00122521,0.00105371,0.000916311,0.000805252,0.000714641,0.000639929,0.00057755,0.000524677,0.000479056,0.000438887,0.000402748,0.000369525,0.00033837,0.000308655,0.000279934,0.000251912,0.000224412,0.000197346,0.000170691,0.000144466,0.000118723,9.35318e-05,6.89769e-05,4.51574e-05,2.21884e-05,2.05582e-07,-2.06311e-05,-4.0134e-05,-5.80873e-05,-7.42503e-05,-8.8365e-05,-9.68646e-05,-9.96951e-05,-9.8477e-05,-9.31983e-05,-8.39698e-05,-7.13956e-05,-5.65672e-05,-4.08889e-05,-2.57506e-05,-1.21e-05,0
0,-9.98212e-06,-2.18225e-05,-3.60854e-05,-5.20206e-05,-6.823e-05,-8.31042e-05,-9.52137e-05,-0.000103574,-0.000107747,-0.00010779,-0.000103843,-9.44573e-05,-7.98242e-05,-6.3358e-05,-4.52929e-05,-2.58364e-05,-5.16739e-06,1.65631e-05,3.9229e-05,6.27259e-05,8.69682e-05,0.000111887,0.000137432,0.00016357,0.000190296,0.000217638,0.000245668,0.000274519,0.000304405,0.000335642,0.000368674,0.000404109,0.00044275,0.00048564,0.000534112,0.000589851,0.000654973,0.000732128,0.000824652,0.000936769,0.0010739,0.0012431,0.00145375,0.00171857,0.00205527,0.00216413,0.0023157,0.00255043,0.00292867,0.00354192,0.00454142,0.00620478,0.00909945,0.0145326,0.0259933,0.0546162,0.143556,0.493475,2.18902,11.8166,2.18906,0.493554,0.143668,0.0547543,0.0261492,0.0146978,0.00926653,0.00636777,0.00469541,0.00368207,0.00304924,0.00264507,0.00237967,0.00219849,0.00207183,0.00171563,0.00143957,0.0012229,0.00105099,0.000913283,0.000801971,0.000711149,0.000636273,0.000573782,0.000520858,0.000475255,0.000435177,0.000399202,0.000366216,0.00033536,0.000305998,0.000277672,0.000250072,0.000223005,0.000196369,0.000170124,0.00014428,0.000118877,9.39754e-05,6.96577e-05,4.60213e-05,2.31837e-05,1.285e-06,-1.95084e-05,-3.9002e-05,-5.69734e-05,-7.31766e-05,-8.73498e-05,-9.59223e-05,-9.88433e-05,-9.77373e-05,-9.25905e-05,-8.3507e-05,-7.10794e-05,-5.63841e-05,-4.08108e-05,-2.57381e-05,-1.21111e-05,0
0,-9.86332e-06,-2.15709e-05,-3.56932e-05,-5.14938e-05,-6.75915e-05,-8.239e-05,-9.44646e-05,-0.000102826,-0.000107025,-0.000107102,-0.000103185,-9.38136e-05,-7.91748e-05,-6.26807e-05,-4.45722e-05,-2.50684e-05,-4.36318e-06,1.73751e-05,4.00022e-05,6.33961e-05,8.74552e-05,0.000112098,0.000137263,0.000162913,0.00018904,0.000215675,0.000242896,0.000270846,0.000299749,0.000329933,0.000361853,0.000396122,0.000433544,0.00047515,0.000522248,0.000576477,0.00063988,0.000715006,0.000805039,0.000914,0.00104702,0.00121078,0.00141408,0.00166888,0.00199171,0.00209748,0.00225125,0.00249091,0.00287276,0.00348235,0.00446077,0.00606415,0.00880314,0.013801,0.0238212,0.0465482,0.105904,0.281418,0.823558,2.18906,0.823599,0.281498,0.106017,0.0466853,0.0239738,0.0139599,0.00896054,0.0062141,0.00459894,0.00360513,0.00297634,0.00257147,0.00230679,0.00213123,0.00201631,0.00167282,0.00140575,0.00119549,0.00102819,0.000893845,0.000785016,0.000696081,0.000622696,0.000561448,0.000509622,0.000465042,0.000425958,0.000390974,0.000358983,0.000329126,0.000300755,0.000273397,0.000246723,0.000220523,0.000194676,0.000169129,0.000143881,0.000118966,9.44461e-05,7.0408e-05,4.69589e-05,2.42299e-05,2.37741e-06,-1.84151e-05,-3.79363e-05,-5.59496e-05,-7.21978e-05,-8.64124e-05,-9.50253e-05,-9.799e-05,-9.69363e-05,-9.18574e-05,-8.28622e-05,-7.05432e-05,-5.59705e-05,-4.05225e-05,-2.55653e-05,-1.20347e-05,0
0,-9.63505e-06,-2.11089e-05,-3.50098e-05,-5.06264e-05,-6.66026e-05,-8.1357e-05,-9.3464e-05,-0.000101918,-0.000106241,-0.000106445,-0.00010263,-9.33227e-05,-7.87002e-05,-6.2166e-05,-4.3971e-05,-2.43517e-05,-3.52656e-06,1.83072e-05,4.09739e-05,6.43195e-05,8.82122e-05,0.000112544,0.000137231,0.00016222,0.000187496,0.000213084,0.000239067,0.000265598,0.000292914,0.000321357,0.000351398,0.000383656,0.000418933,0.000458242,0.000502846,0.00055431,0.000614557,0.000685956,0.000771441,0.000874677,0.00100031,0.0011543,0.00134452,0.00158147,0.00187964,0.00197957,0.00213273,0.00237183,0.00274501,0.00332491,0.00422908,0.0056635,0.00801546,0.0120636,0.0194851,0.0341406,0.0653149,0.134705,0.281456,0.493554,0.281498,0.134786,0.0654275,0.0342749,0.0196306,0.0122107,0.00815615,0.00579218,0.00434222,0.00342031,0.00282127,0.00242856,0.00217203,0.00200831,0.00191217,0.00159354,0.00134392,0.00114607,0.000987698,0.00085986,0.000755871,0.000670634,0.000600178,0.000541355,0.000491636,0.00044897,0.000411688,0.000378438,0.000348133,0.000319914,0.00029312,0.000267259,0.000241979,0.000217046,0.000192321,0.000167736,0.000143282,0.000118993,9.49383e-05,7.12169e-05,4.79567e-05,2.53133e-05,3.47012e-06,-1.73616e-05,-3.6945e-05,-5.50214e-05,-7.13175e-05,-8.55552e-05,-9.41754e-05,-9.71374e-05,-9.60771e-05,-9.10032e-05,-8.20408e-05,-6.97931e-05,-5.53325e-05,-4.00297e-05,-2.52364e-05,-1.18729e-05,0
0,-9.3017e-06,-2.0444e-05,-3.40436e-05,-4.94248e-05,-6.52649e-05,-8.00001e-05,-9.21993e-05,-0.000100829,-0.000105372,-0.000105792,-0.000102153,-9.29614e-05,-7.83839e-05,-6.18068e-05,-4.34927e-05,-2.37015e-05,-2.68358e-06,1.93242e-05,4.21025e-05,6.54524e-05,8.91987e-05,0.000113194,0.000137321,0.000161503,0.000185706,0.000209949,0.000234319,0.000258976,0.000284176,0.00031028,0.000337776,0.000367299,0.000399648,0.000435814,0.000477008,0.000524696,0.000580649,0.000647009,0.000726382,0.000821974,0.000937788,0.00107891,0.00125192,0.00146556,0.00173163,0.00182441,0.00197505,0.00220915,0.00256411,0.00309583,0.00389273,0.00510269,0.00698395,0.010003,0.0150254,0.0236755,0.0389131,0.0653456,0.105974,0.143668,0.106017,0.0654275,0.0390243,0.0238045,0.0151604,0.0101337,0.0071025,0.00520413,0.00397454,0.00315748,0.00260693,0.00223677,0.00199429,0.00184634,0.00177242,0.00148706,0.00126085,0.00107966,0.000933308,0.000814269,0.000716852,0.000636659,0.000570216,0.000514727,0.000467908,0.000427873,0.000393057,0.000362163,0.00033413,0.000308099,0.000283391,0.000259489,0.000236013,0.000212701,0.00018939,0.000166,0.000142513,0.000118968,9.54466e-05,7.20707e-05,4.89972e-05,2.64162e-05,4.54812e-06,-1.63587e-05,-3.60334e-05,-5.4189e-05,-7.05313e-05,-8.47705e-05,-9.33632e-05,-9.62757e-05,-9.51513e-05,-9.00224e-05,-8.10404e-05,-6.88299e-05,-5.44732e-05,-3.93367e-05,-2.47554e-05,-1.16284e-05,0
0,-8.8691e-06,-1.9586e-05,-3.28046e-05,-4.78954e-05,-6.35775e-05,-7.83081e-05,-9.0648e-05,-9.95279e-05,-0.000104376,-0.000105098,-0.000101707,-9.26909e-05,-7.81965e-05,-6.15867e-05,-4.3137e-05,-2.31337e-05,-1.86645e-06,2.038e-05,4.33322e-05,6.6735e-05,9.0358e-05,0.000114003,0.00013751,0.000160769,0.000183721,0.000206378,0.000228825,0.000251236,0.000273886,0.000297163,0.000321582,0.000347795,0.000376607,0.00040899,0.000446101,0.000489302,0.000540196,0.000600671,0.00067297,0.000759789,0.000864423,0.000990978,0.00114467,0.00133229,0.00156281,0.00164856,0.00179572,0.00202185,0.0023526,0.00282664,0.00350441,0.00448257,0.00591722,0.00806004,0.0113092,0.0162627,0.0236977,0.0341945,0.0466421,0.0547543,0.0466853,0.0342749,0.0238045,0.0163829,0.01143,0.00817072,0.0060103,0.00455379,0.00355241,0.00285276,0.00236114,0.00202055,0.001796,0.00166521,0.00161308,0.00136482,0.00116484,0.00100244,0.000869709,0.000760691,0.000670802,0.000596427,0.000534652,0.000483075,0.000439688,0.000402788,0.000370925,0.000342863,0.000317563,0.000294159,0.000271951,0.000250387,0.000229052,0.000207652,0.000185997,0.00016399,0.00014161,0.000118901,9.59652e-05,7.29531e-05,5.00596e-05,2.75179e-05,5.59482e-06,-1.54165e-05,-3.52041e-05,-5.34471e-05,-6.98272e-05,-8.4041e-05,-9.25684e-05,-9.53841e-05,-9.41401e-05,-8.89001e-05,-7.98516e-05,-6.76499e-05,-5.33936e-05,-3.84473e-05,-2.4127e-05,-1.13041e-05,0
0,-8.34464e-06,-1.85468e-05,-3.13055e-05,-4.60459e-05,-6.15382e-05,-7.62656e-05,-8.87796e-05,-9.79689e-05,-0.000103198,-0.000104302,-0.000101235,-9.24569e-05,-7.80956e-05,-6.14796e-05,-4.28968e-05,-2.26627e-05,-1.10987e-06,2.1422e-05,4.45974e-05,6.80952e-05,9.16205e-05,0.000114914,0.000137766,0.000160021,0.000181597,0.000202488,0.000222783,0.000242668,0.000262446,0.000282535,0.000303487,0.000325981,0.00035084,0.000379024,0.000411642,0.000449961,0.000495418,0.00054965,0.00061454,0.000692276,0.000785459,0.000897236,0.00103151,0.00119321,0.00138869,0.00146863,0.0016119,0.00182801,0.00213141,0.00254545,0.00310761,0.0038762,0.00493864,0.00641993,0.00848571,0.0113236,0.0150631,0.0195561,0.0239333,0.0261492,0.0239738,0.0196306,0.0151604,0.01143,0.00858819,0.00650797,0.00500517,0.00391767,0.00312379,0.00253957,0.00211061,0.00180368,0.00159913,0.00148461,0.00145042,0.00123851,0.00106451,0.000920856,0.000801808,0.000702936,0.000620736,0.000552366,0.000495468,0.000448039,0.000408343,0.000374862,0.000346254,0.000321341,0.000299096,0.00027864,0.000259238,0.000240297,0.00022136,0.000202091,0.000182273,0.000161789,0.000140615,0.000118806,9.64868e-05,7.38449e-05,5.11198e-05,2.85958e-05,6.59293e-06,-1.45437e-05,-3.44558e-05,-5.27847e-05,-6.91854e-05,-8.33405e-05,-9.17608e-05,-9.4432e-05,-9.30156e-05,-8.76138e-05,-7.84593e-05,-6.62456e-05,-5.2093e-05,-3.73652e-05,-2.3356e-05,-1.09037e-05,0
0,-7.73739e-06,-1.73417e-05,-2.9562e-05,-4.38868e-05,-5.91459e-05,-7.38551e-05,-8.65587e-05,-9.60999e-05,-0.000101771,-0.000103329,-0.000100659,-9.2191e-05,-7.80251e-05,-6.14474e-05,-4.27566e-05,-2.2297e-05,-4.46826e-07,2.23956e-05,4.58267e-05,6.94528e-05,9.29063e-05,0.00011586,0.000138044,0.000159258,0.000179383,0.0001984,0.000216397,0.000233579,0.000250276,0.00026695,0.000284194,0.000302731,0.000323408,0.000347193,0.000375162,0.000408501,0.000448505,0.000496586,0.000554301,0.000623385,0.000705818,0.000803911,0.000920431,0.00105876,0.00122313,0.00129897,0.00143781,0.0016419,0.00191621,0.00227206,0.0027303,0.00332388,0.00409906,0.0051137,0.00642875,0.00808507,0.0100535,0.0121483,0.0139257,0.0146978,0.0139599,0.0122107,0.0101337,0.00817072,0.00650797,0.00517695,0.00413998,0.0033395,0.00272123,0.00224301,0.00187652,0.00160547,0.00142178,0.00132104,0.00129842,0.00111841,0.000967493,0.000840684,0.000734071,0.000644523,0.000569478,0.000506783,0.00045458,0.000411226,0.000375235,0.000345251,0.000320028,0.000298428,0.000279426,0.000262115,0.000245717,0.000229587,0.000213215,0.000196222,0.000178356,0.000159481,0.000139571,0.000118693,9.70012e-05,7.47237e-05,5.21512e-05,2.96255e-05,7.52561e-06,-1.37467e-05,-3.3783e-05,-5.21843e-05,-6.85782e-05,-8.26339e-05,-9.09013e-05,-9.33798e-05,-9.17418e-05,-8.6135e-05,-7.68441e-05,-6.46073e-05,-5.05701e-05,-3.60944e-05,-2.24486e-05,-1.04315e-05,0
0,-7.05816e-06,-1.59889e-05,-2.75939e-05,-4.14322e-05,-5.64026e-05,-7.1061e-05,-8.3949e-05,-9.38643e-05,-0.000100024,-0.000102098,-9.98958e-05,-9.18122e-05,-7.79161e-05,-6.14399e-05,-4.26895e-05,-2.20365e-05,9.5872e-08,2.32491e-05,4.69486e-05,7.0724e-05,9.41297e-05,0.000116765,0.000138294,0.000158464,0.000177121,0.000194226,0.000209866,0.000224266,0.000237792,0.000250952,0.000264393,0.000278889,0.000295332,0.000314709,0.000338087,0.000366598,0.000401425,0.000443801,0.000495015,0.000556437,0.000629551,0.000716016,0.000817742,0.000936992,0.00107652,0.00114989,0.00128303,0.00147237,0.00171596,0.00201694,0.00238569,0.00284025,0.00340449,0.00410357,0.00495512,0.00595397,0.00704868,0.00811383,0.00893724,0.00926653,0.00896054,0.00815615,0.0071025,0.0060103,0.00500517,0.00413998,0.00342208,0.00283654,0.00236166,0.00197788,0.00167209,0.0014383,0.00127575,0.00118555,0.00116691,0.00101192,0.000879446,0.000766331,0.00066999,0.000588275,0.000519358,0.000461634,0.000413654,0.000374072,0.000341608,0.000315037,0.000293183,0.000274929,0.000259234,0.000245153,0.000231852,0.000218624,0.000204899,0.000190248,0.000174384,0.00015715,0.000138517,0.00011857,9.74944e-05,7.5564e-05,5.31256e-05,3.05829e-05,8.37772e-06,-1.30284e-05,-3.31749e-05,-5.16223e-05,-6.79709e-05,-8.18786e-05,-8.99433e-05,-9.21812e-05,-9.02777e-05,-8.44309e-05,-7.49844e-05,-6.27249e-05,-4.88241e-05,-3.46407e-05,-2.14123e-05,-9.89279e-06,0
0,-6.31968e-06,-1.45103e-05,-2.54261e-05,-3.87025e-05,-5.33159e-05,-6.78721e-05,-8.09171e-05,-9.12066e-05,-9.78815e-05,-0.000100521,-9.88505e-05,-9.12294e-05,-7.76879e-05,-6.1394e-05,-4.26561e-05,-2.18688e-05,5.01982e-07,2.39392e-05,4.78972e-05,7.18274e-05,9.52036e-05,0.000117548,0.000138456,0.000157617,0.000174837,0.000190058,0.000203365,0.000215003,0.000225375,0.000235042,0.000244712,0.000255224,0.000267524,0.000282638,0.000301647,0.000325656,0.000355777,0.000393114,0.000438765,0.000493831,0.000559448,0.00063683,0.000727336,0.000832556,0.000954444,0.00102642,0.00115164,0.00132268,0.00153359,0.00178322,0.0020767,0.00242452,0.00283957,0.00333211,0.00390311,0.00453578,0.0051864,0.00577811,0.00620634,0.00636777,0.0062141,0.00579218,0.00520413,0.00455379,0.00391767,0.0033395,0.00283654,0.0024092,0.00204983,0.00174949,0.0015022,0.00130663,0.0011654,0.00108258,0.00106049,0.000922807,0.000803472,0.000700369,0.000611733,0.000536053,0.000472,0.000418359,0.00037398,0.000337738,0.000308508,0.000285156,0.000266549,0.000251571,0.00023915,0.000228287,0.00021808,0.000207754,0.000196675,0.00018436,0.000170482,0.000154867,0.000137485,0.000118438,9.79474e-05,7.63375e-05,5.4014e-05,3.1445e-05,9.13739e-06,-1.23867e-05,-3.26149e-05,-5.1068e-05,-6.73219e-05,-8.10253e-05,-8.88343e-05,-9.07855e-05,-8.85785e-05,-8.24676e-05,-7.28587e-05,-6.05894e-05,-4.68566e-05,-3.30119e-05,-2.02565e-05,-9.29404e-06,0
0,-5.53659e-06,-1.29318e-05,-2.30894e-05,-3.57252e-05,-4.99021e-05,-6.4286e-05,-7.74375e-05,-8.80769e-05,-9.52717e-05,-9.85083e-05,-9.7427e-05,-9.03456e-05,-7.72507e-05,-6.12349e-05,-4.26031e-05,-2.17672e-05,7.69675e-07,2.44358e-05,4.86177e-05,7.26899e-05,9.60458e-05,0.000118129,0.000138464,0.000156681,0.000172544,0.00018597,0.000197042,0.000206023,0.000213355,0.000219656,0.000225698,0.000232392,0.00024075,0.000251853,0.000266814,0.000286741,0.000312711,0.000345751,0.000386836,0.0004369,0.000496864,0.000567689,0.000650443,0.000746416,0.000857296,0.000927997,0.0010425,0.00119154,0.00136807,0.00157011,0.0018014,0.00206966,0.00238291,0.00274489,0.0031502,0.00358027,0.00400081,0.00436293,0.00461041,0.00469541,0.00459894,0.00434222,0.00397454,0.00355241,0.00312379,0.00272123,0.00236166,0.00204983,0.00178309,0.00155608,0.00136455,0.00120754,0.0010877,0.00100985,0.000978512,0.000851119,0.000739977,0.000643413,0.000560037,0.000488666,0.000428251,0.000377818,0.000336412,0.000303058,0.000276732,0.000256358,0.000240819,0.00022898,0.000219723,0.000211983,0.000204788,0.000197286,0.000188777,0.000178723,0.000166759,0.000152691,0.000136493,0.000118288,9.83371e-05,7.70147e-05,5.47885e-05,3.21922e-05,9.79773e-06,-1.18135e-05,-3.20795e-05,-5.04845e-05,-6.65832e-05,-8.002e-05,-8.75182e-05,-8.91397e-05,-8.65997e-05,-8.02121e-05,-7.0448e-05,-5.81953e-05,-4.46729e-05,-3.12193e-05,-1.89934e-05,-8.64315e-06,0
0,-4.7254e-06,-1.12833e-05,-2.06209e-05,-3.25366e-05,-4.61878e-05,-6.03123e-05,-7.34969e-05,-8.4437e-05,-9.21328e-05,-9.59802e-05,-9.55313e-05,-8.90619e-05,-7.6509e-05,-6.08782e-05,-4.24642e-05,-2.1689e-05,9.14509e-07,2.47269e-05,4.90723e-05,7.32528e-05,9.65847e-05,0.000118435,0.000138255,0.000155617,0.000170237,0.000182008,0.000191006,0.000197511,0.000202001,0.000205148,0.000207792,0.000210916,0.000215607,0.00022301,0.000234284,0.000250563,0.000272919,0.000302343,0.000339744,0.000385964,0.000441812,0.000508129,0.000585868,0.000676225,0.00078086,0.000849485,0.00095068,0.00107516,0.00121718,0.00137648,0.0015579,0.0017689,0.00201562,0.00229863,0.00260971,0.00293012,0.00323138,0.00347868,0.0036374,0.00368207,0.00360513,0.00342031,0.00315748,0.00285276,0.00253957,0.00224301,0.00197788,0.00174949,0.00155608,0.00139222,0.00125217,0.00113254,0.00103371,0.000959559,0.000916018,0.000793711,0.000687023,0.000594342,0.00051435,0.000445956,0.000388228,0.000340316,0.00030138,0.000270537,0.000246824,0.000229196,0.000216529,0.000207655,0.000201402,0.000196635,0.000192303,0.000187482,0.000181402,0.000173473,0.000163296,0.000150662,0.00013555,0.000118108,9.8637e-05,7.75662e-05,5.54246e-05,3.28105e-05,1.03586e-05,-1.12935e-05,-3.15382e-05,-4.98282e-05,-6.57024e-05,-7.88053e-05,-8.59381e-05,-8.71921e-05,-8.42993e-05,-7.76362e-05,-6.7739e-05,-5.55431e-05,-4.22835e-05,-2.92789e-05,-1.76383e-05,-7.94962e-06,0
0,-3.90442e-06,-9.59856e-06,-1.80642e-05,-2.91829e-05,-4.22129e-05,-5.59757e-05,-6.90987e-05,-8.02654e-05,-8.84183e-05,-9.28677e-05,-9.30785e-05,-8.72837e-05,-7.53659e-05,-6.0233e-05,-4.21619e-05,-2.15759e-05,9.71106e-07,2.48211e-05,4.92444e-05,7.3478e-05,9.67662e-05,0.000118403,0.00013777,0.00015438,0.000167902,0.000178197,0.000185334,0.000189603,0.000191515,0.000191788,0.000191327,0.000191187,0.000192527,0.000196559,0.0002045,0.000217518,0.000236699,0.000263026,0.000297376,0.000340542,0.000393281,0.000456378,0.000530732,0.000617465,0.000718103,0.000783234,0.0008698,0.000969779,0.00108016,0.00120368,0.00134736,0.00151934,0.00172486,0.0019626,0.00222247,0.00248541,0.00272562,0.00291481,0.00302797,0.00304924,0.00297634,0.00282127,0.00260693,0.00236114,0.00211061,0.00187652,0.00167209,0.0015022,0.00136455,0.00125217,0.00115649,0.00107053,0.00099125,0.000920681,0.000865448,0.000745369,0.000641057,0.000550806,0.000473181,0.000407047,0.00035149,0.00030572,0.000268965,0.000240401,0.000219105,0.000204039,0.000194066,0.000187978,0.000184541,0.000182552,0.000180885,0.000178545,0.000174699,0.000168711,0.000160151,0.000148802,0.000134651,0.000117876,9.88197e-05,7.79658e-05,5.59036e-05,3.32933e-05,1.08283e-05,-1.08029e-05,-3.09533e-05,-4.90506e-05,-6.46237e-05,-7.73234e-05,-8.40388e-05,-8.48951e-05,-8.16421e-05,-7.47193e-05,-6.47264e-05,-5.26409e-05,-3.97062e-05,-2.72119e-05,-1.62101e-05,-7.22473e-06,0
0,-3.09343e-06,-7.91521e-06,-1.547e-05,-2.57203e-05,-3.80311e-05,-5.13189e-05,-6.42668e-05,-7.55622e-05,-8.41027e-05,-8.91214e-05,-8.99989e-05,-8.49271e-05,-7.37296e-05,-5.92068e-05,-4.16103e-05,-2.13556e-05,9.9321e-07,2.47503e-05,4.91428e-05,7.33522e-05,9.65595e-05,0.000117991,0.000136965,0.000152932,0.000165516,0.000174545,0.000180072,0.000182391,0.000182035,0.000179764,0.000176537,0.000173471,0.000171794,0.00017278,0.000177699,0.000187759,0.000204066,0.000227603,0.000259226,0.000299695,0.000349726,0.000410057,0.000481519,0.000565063,0.000661718,0.000722028,0.000794839,0.000873955,0.000959367,0.00105672,0.00117494,0.0013226,0.00150412,0.0017167,0.00194893,0.00218142,0.00238969,0.00254859,0.00263754,0.00264507,0.00257147,0.00242856,0.00223677,0.00202055,0.00180368,0.00160547,0.0014383,0.00130663,0.00120754,0.00113254,0.00107053,0.00101122,0.000948363,0.000881911,0.000818733,0.00070013,0.000597843,0.000509891,0.000434587,0.000370688,0.000317284,0.000273632,0.000239023,0.000212684,0.000193723,0.000181111,0.00017369,0.000170214,0.000169395,0.000169962,0.000170725,0.000170623,0.000168774,0.000164501,0.000157355,0.000147114,0.000133783,0.000117569,9.88602e-05,7.81933e-05,5.62154e-05,3.3644e-05,1.12251e-05,-1.03094e-05,-3.02806e-05,-4.80988e-05,-6.32906e-05,-7.55189e-05,-8.17708e-05,-8.22095e-05,-7.86024e-05,-7.14516e-05,-6.14158e-05,-4.95069e-05,-3.69667e-05,-2.50457e-05,-1.47316e-05,-6.4816e-06,0
0,-2.31333e-06,-6.27377e-06,-1.28946e-05,-2.22154e-05,-3.37109e-05,-4.64037e-05,-5.90484e-05,-7.03534e-05,-7.91874e-05,-8.4717e-05,-8.62452e-05,-8.1925e-05,-7.1519e-05,-5.77111e-05,-4.07204e-05,-2.09451e-05,1.05184e-06,2.4569e-05,4.88027e-05,7.2891e-05,9.59617e-05,0.000117183,0.000135813,0.000151248,0.000163063,0.000171049,0.000175241,0.000175925,0.000173648,0.000169196,0.000163571,0.000157939,0.00015358,0.000151822,0.000153981,0.000161296,0.000174887,0.000195733,0.000224663,0.000262393,0.000309581,0.000366901,0.000435111,0.000514971,0.000606747,0.000662052,0.000724626,0.000790064,0.000860613,0.000943566,0.00104839,0.00118315,0.00135113,0.00154835,0.00176283,0.00197558,0.00216361,0.00230413,0.00237923,0.00237967,0.00230679,0.00217203,0.00199429,0.001796,0.00159913,0.00142178,0.00127575,0.0011654,0.0010877,0.00103371,0.00099125,0.000948363,0.000896749,0.000834648,0.000768967,0.000652363,0.000553346,0.00046883,0.000396698,0.000335643,0.000284819,0.000243583,0.000211317,0.000187316,0.000170727,0.000160533,0.000155566,0.000154545,0.000156138,0.000159021,0.000161949,0.000163813,0.00016369,0.000160878,0.000154916,0.000145591,0.000132926,0.000117164,9.8739e-05,7.82379e-05,5.63612e-05,3.38776e-05,1.15774e-05,-9.77241e-06,-2.94706e-05,-4.69186e-05,-6.16486e-05,-7.33423e-05,-7.90937e-05,-7.91077e-05,-7.51683e-05,-6.78374e-05,-5.78262e-05,-4.61709e-05,-3.40999e-05,-2.2814e-05,-1.32294e-05,-5.73513e-06,0
0,-1.58565e-06,-4.71691e-06,-1.03996e-05,-1.87438e-05,-2.93354e-05,-4.1312e-05,-5.35154e-05,-6.46935e-05,-7.37039e-05,-7.96607e-05,-8.17975e-05,-7.82342e-05,-6.8671e-05,-5.56682e-05,-3.94059e-05,-2.02559e-05,1.23142e-06,2.43521e-05,4.82855e-05,7.21394e-05,9.50011e-05,0.000115991,0.000134315,0.000149319,0.000160532,0.000167706,0.000170848,0.00017023,0.000166398,0.000160151,0.000152513,0.000144683,0.000137977,0.000133761,0.000133377,0.000138086,0.000149011,0.000167109,0.000193168,0.000227833,0.00027167,0.00032527,0.000389383,0.000464965,0.000552396,0.00060518,0.000663253,0.000724375,0.000791878,0.000872749,0.000975104,0.00110521,0.00126475,0.00144904,0.00164656,0.00184007,0.00200925,0.00213433,0.00219999,0.00219849,0.00213123,0.00200831,0.00184634,0.00166521,0.00148461,0.00132104,0.00118555,0.00108258,0.00100985,0.000959559,0.000920681,0.000881911,0.000834648,0.000775419,0.000709503,0.000597015,0.000504465,0.000425658,0.000358209,0.000301027,0.00025351,0.000215212,0.000185654,0.000164226,0.000150131,0.000142376,0.000139792,0.000141081,0.000144877,0.00014982,0.000154629,0.000158161,0.000159471,0.000157845,0.000152826,0.000144213,0.000132059,0.000116644,9.84458e-05,7.81004e-05,5.63549e-05,3.40209e-05,1.19239e-05,-9.14449e-06,-2.84708e-05,-4.54571e-05,-5.96492e-05,-7.0754e-05,-7.59804e-05,-7.55779e-05,-7.13447e-05,-6.38976e-05,-5.39917e-05,-4.26753e-05,-3.11504e-05,-2.05572e-05,-1.17341e-05,-5.00184e-06,0
0,-9.31867e-07,-3.28822e-06,-8.04978e-06,-1.53887e-05,-2.50004e-05,-3.61447e-05,-4.77646e-05,-5.86669e-05,-6.77167e-05,-7.39923e-05,-7.66691e-05,-7.38412e-05,-6.51469e-05,-5.30178e-05,-3.75902e-05,-1.92007e-05,1.62393e-06,2.41903e-05,4.76749e-05,7.11702e-05,9.37364e-05,0.000114458,0.0001325,0.000147162,0.000157931,0.000164518,0.000166897,0.000165316,0.000160304,0.000152657,0.000143402,0.00013375,0.000125034,0.000118633,0.000115905,0.00011811,0.000126361,0.00014158,0.000164492,0.000195641,0.000235453,0.000284359,0.000343087,0.000413547,0.000502251,0.000560535,0.000620001,0.000685642,0.00076087,0.000850291,0.000958727,0.00108937,0.00124196,0.00141156,0.00158828,0.00175814,0.00190503,0.00201339,0.0020711,0.00207183,0.00201631,0.00191217,0.00177242,0.00161308,0.00145042,0.00129842,0.00116691,0.00106049,0.000978512,0.000916018,0.000865448,0.000818733,0.000768967,0.000709503,0.000617813,0.000529487,0.000450029,0.000379854,0.00031875,0.000266552,0.000223149,0.000188386,0.000161969,0.000143404,0.000131965,0.000126694,0.000126435,0.000129886,0.000135667,0.000142401,0.000148788,0.000153674,0.00015611,0.000155386,0.000151059,0.000142956,0.000131162,0.000115997,9.79821e-05,7.77952e-05,5.62238e-05,3.41127e-05,1.23118e-05,-8.37369e-06,-2.72289e-05,-4.36663e-05,-5.72535e-05,-6.77279e-05,-7.24207e-05,-7.16273e-05,-6.71559e-05,-5.96717e-05,-4.99626e-05,-3.90755e-05,-2.81723e-05,-1.83217e-05,-1.02794e-05,-4.29946e-06,0
0,-3.7267e-07,-2.03067e-06,-5.91135e-06,-1.22382e-05,-2.08122e-05,-3.10191e-05,-4.19161e-05,-5.23866e-05,-6.13238e-05,-6.77877e-05,-7.09095e-05,-6.87664e-05,-6.09383e-05,-4.97245e-05,-3.52139e-05,-1.77009e-05,2.32128e-06,2.41827e-05,4.70714e-05,7.00791e-05,9.22538e-05,0.000112658,0.000130425,0.000144819,0.000155287,0.0001615,0.000163393,0.00016118,0.000155363,0.000146714,0.000136245,0.000125156,0.000114773,0.000106471,0.0001016,0.000101409,0.000106983,0.000119202,0.000138716,0.00016595,0.000201133,0.000244341,0.000295528,0.000354351,0.000418775,0.00047676,0.000534517,0.000596377,0.000665936,0.00074678,0.000841978,0.000953011,0.00107871,0.00121461,0.0013529,0.00148323,0.00159406,0.00167455,0.00171646,0.00171563,0.00167282,0.00159354,0.00148706,0.00136482,0.00123851,0.00111841,0.00101192,0.000922807,0.000851119,0.000793711,0.000745369,0.00070013,0.000652363,0.000597015,0.000529487,0.000459851,0.000393513,0.000332851,0.000278994,0.00023257,0.000193941,0.000163243,0.000140368,0.00012494,0.000116306,0.000113552,0.000115545,0.000120994,0.000128524,0.000136761,0.00014441,0.000150326,0.000153573,0.000153464,0.000149586,0.000141798,0.000130224,0.000115225,9.73621e-05,7.73502e-05,5.60074e-05,3.4201e-05,1.27938e-05,-7.40743e-06,-2.56972e-05,-4.15082e-05,-5.44367e-05,-6.42562e-05,-6.84251e-05,-6.72846e-05,-6.26477e-05,-5.52188e-05,-4.58059e-05,-3.54397e-05,-2.5228e-05,-1.61588e-05,-8.90131e-06,-3.6465e-06,0
0,7.2854e-08,-9.85e-07,-4.04922e-06,-9.38248e-06,-1.68836e-05,-2.60655e-05,-3.61095e-05,-4.59923e-05,-5.46551e-05,-6.11589e-05,-6.46058e-05,-6.30681e-05,-5.60718e-05,-4.57833e-05,-3.22423e-05,-1.56955e-05,3.40643e-06,2.44283e-05,4.65832e-05,6.8977e-05,9.06605e-05,0.000110687,0.000128173,0.000142356,0.000152646,0.000158679,0.000160346,0.000157821,0.000151563,0.000142307,0.000131027,0.000118894,0.000107203,9.73054e-05,9.05255e-05,8.80853e-05,9.10383e-05,0.000100219,0.00011621,0.000139334,0.000169657,0.00020699,0.000250842,0.000300233,0.000353161,0.000406106,0.000460414,0.000518516,0.000583029,0.000656444,0.000740588,0.000835916,0.00094087,0.00105154,0.00116177,0.00126377,0.00134917,0.00141026,0.00144131,0.00143957,0.00140575,0.00134392,0.00126085,0.00116484,0.00106451,0.000967493,0.000879446,0.000803472,0.000739977,0.000687023,0.000641057,0.000597843,0.000553346,0.000504465,0.000450029,0.000393513,0.000338277,0.000286653,0.000240179,0.000199881,0.000166425,0.000140159,0.000121117,0.00010902,0.00010328,0.000103027,0.00010716,0.000114411,0.00012343,0.000132866,0.000141448,0.000148062,0.000151807,0.000152034,0.000148369,0.000140715,0.000129238,0.000114338,9.66127e-05,7.68052e-05,5.57547e-05,3.43397e-05,1.34235e-05,-6.19736e-06,-2.38376e-05,-3.89588e-05,-5.11929e-05,-6.03527e-05,-6.40275e-05,-6.26027e-05,-5.78883e-05,-5.06174e-05,-4.1604e-05,-3.18471e-05,-2.23873e-05,-1.41233e-05,-7.63696e-06,-3.06151e-06,0
0,3.88116e-07,-1.87798e-07,-2.52426e-06,-6.90931e-06,-1.33294e-05,-2.14222e-05,-3.04993e-05,-3.96455e-05,-4.78688e-05,-5.42511e-05,-5.78824e-05,-5.68431e-05,-5.06124e-05,-4.12253e-05,-2.86721e-05,-1.31487e-05,4.94389e-06,2.50151e-05,4.63156e-05,6.79792e-05,8.9074e-05,0.00010866,0.000125847,0.000139855,0.000150071,0.000156093,0.000157772,0.000155231,0.00014888,0.000139399,0.000127711,0.000114933,0.000102313,9.11579e-05,8.27512e-05,7.82781e-05,7.87561e-05,8.49808e-05,9.74898e-05,0.000116545,0.000142129,0.000173947,0.00021141,0.000253596,0.00029923,0.000347048,0.000397429,0.000451694,0.0005115,0.000578383,0.000653275,0.000735992,0.000824841,0.000916449,0.00100592,0.00108733,0.00115448,0.00120179,0.00122521,0.0012229,0.00119549,0.00114607,0.00107966,0.00100244,0.000920856,0.000840684,0.000766331,0.000700369,0.000643413,0.000594342,0.000550806,0.000509891,0.00046883,0.000425658,0.000379854,0.000332851,0.000286653,0.000243099,0.000203669,0.000169485,0.000141331,0.000119659,0.000104588,9.58967e-05,9.30453e-05,9.52029e-05,0.000101304,0.000110119,0.000120335,0.000130643,0.000139822,0.000146805,0.000150743,0.00015104,0.000147372,0.000139691,0.000128207,0.000113358,9.57704e-05,7.62079e-05,5.55196e-05,3.45831e-05,1.42499e-05,-4.70511e-06,-2.16268e-05,-3.60137e-05,-4.75386e-05,-5.6056e-05,-5.92874e-05,-5.76587e-05,-5.2968e-05,-4.59646e-05,-3.74531e-05,-2.83858e-05,-1.9724e-05,-1.22712e-05,-6.52308e-06,-2.56228e-06,0
0,5.59896e-07,3.30345e-07,-1.39023e-06,-4.90046e-06,-1.02614e-05,-1.7229e-05,-2.52481e-05,-3.35229e-05,-4.11457e-05,-4.72386e-05,-5.08976e-05,-5.02258e-05,-4.46643e-05,-3.61204e-05,-2.45371e-05,-1.00579e-05,6.97044e-06,2.60101e-05,4.63596e-05,6.71935e-05,8.76109e-05,0.000106691,0.000123553,0.00013741,0.000147632,0.000153787,0.000155685,0.000153398,0.000147276,0.000137936,0.000126231,0.000113212,0.00010006,8.80201e-05,7.83238e-05,7.21104e-05,7.03608e-05,7.38424e-05,8.3071e-05,9.82925e-05,0.000119481,0.000146353,0.00017839,0.000214885,0.000255054,0.000298328,0.000344849,0.000395323,0.000450692,0.000511765,0.000578837,0.000651328,0.000727531,0.000804546,0.000878437,0.00094462,0.000998429,0.00103576,0.00105371,0.00105099,0.00102819,0.000987698,0.000933308,0.000869709,0.000801808,0.000734071,0.00066999,0.000611733,0.000560037,0.00051435,0.000473181,0.000434587,0.000396698,0.000358209,0.00031875,0.000278994,0.000240179,0.000203669,0.000170726,0.000142391,0.000119434,0.000102321,9.11867e-05,8.58361e-05,8.57539e-05,9.01413e-05,9.79713e-05,0.00010806,0.00011915,0.000129991,0.000139425,0.000146455,0.000150297,0.000150418,0.000146555,0.000138711,0.000127139,0.000112312,9.48771e-05,7.56088e-05,5.53546e-05,3.49791e-05,1.53106e-05,-2.90846e-06,-1.90622e-05,-3.26924e-05,-4.35164e-05,-5.14314e-05,-5.42903e-05,-5.25537e-05,-4.79973e-05,-4.13727e-05,-3.34596e-05,-2.51492e-05,-1.73135e-05,-1.06575e-05,-5.59412e-06,-2.16494e-06,0
0,5.79188e-07,5.467e-07,-6.90733e-07,-3.42705e-06,-7.78242e-06,-1.36208e-05,-2.05191e-05,-2.78089e-05,-3.46817e-05,-4.03181e-05,-4.38387e-05,-4.33847e-05,-3.83696e-05,-3.05785e-05,-1.99112e-05,-6.45929e-06,9.48704e-06,2.74484e-05,4.67799e-05,6.67072e-05,8.63726e-05,0.000104888,0.000121393,0.000135109,0.000145395,0.000151799,0.00015409,0.000152292,0.000146691,0.00013783,0.000126484,0.000113621,0.000100344,8.78238e-05,7.72251e-05,6.96359e-05,6.60004e-05,6.70659e-05,7.33462e-05,8.51044e-05,0.000102356,0.00012489,0.000152314,0.000184124,0.000219822,0.000259085,0.000301945,0.000348738,0.000399906,0.00045574,0.000516095,0.000580151,0.000646253,0.000711895,0.000773872,0.000828582,0.000872452,0.000902407,0.000916311,0.000913283,0.000893845,0.00085986,0.000814269,0.000760691,0.000702936,0.000644523,0.000588275,0.000536053,0.000488666,0.000445956,0.000407047,0.000370688,0.000335643,0.000301027,0.000266552,0.00023257,0.000199881,0.000169485,0.000142391,0.000119484,0.000101441,8.86701e-05,8.12792e-05,7.90625e-05,8.15131e-05,8.78567e-05,9.71066e-05,0.000108133,0.000119745,0.000130767,0.000140121,0.00014689,0.000150368,0.000150097,0.000145875,0.00013776,0.000126045,0.000111229,9.39735e-05,7.50535e-05,5.53031e-05,3.55624e-05,1.66253e-05,-8.07449e-07,-1.61666e-05,-2.90419e-05,-3.91973e-05,-4.65718e-05,-4.91468e-05,-4.74103e-05,-4.31034e-05,-3.69654e-05,-2.97359e-05,-2.2232e-05,-1.52288e-05,-9.33257e-06,-4.88032e-06,-1.88295e-06,0
0,4.41935e-07,4.48069e-07,-4.56349e-07,-2.54528e-06,-5.98043e-06,-1.07203e-05,-1.6468e-05,-2.26864e-05,-2.86785e-05,-3.37003e-05,-3.69145e-05,-3.65167e-05,-3.19044e-05,-2.4748e-05,-1.49095e-05,-2.43154e-06,1.24528e-05,2.93257e-05,4.76046e-05,6.65749e-05,8.54326e-05,0.000103334,0.000119451,0.000133022,0.000143411,0.000150148,0.000152973,0.00015186,0.000147031,0.000138952,0.000128312,0.000115989,0.000102994,9.04118e-05,7.9334e-05,7.07893e-05,6.56833e-05,6.47471e-05,6.85038e-05,7.72521e-05,9.10717e-05,0.000109848,0.00013332,0.000161144,0.000192988,0.000228627,0.00026801,0.000311227,0.000358379,0.0004094,0.000463858,0.000520796,0.00057864,0.000635214,0.000687872,0.000733739,0.000770031,0.0007944,0.000805252,0.000801971,0.000785016,0.000755871,0.000716852,0.000670802,0.000620736,0.000569478,0.000519358,0.000472,0.000428251,0.000388228,0.00035149,0.000317284,0.000284819,0.00025351,0.000223149,0.000193941,0.000166425,0.000141331,0.000119434,0.000101441,8.78923e-05,7.91032e-05,7.51194e-05,7.57035e-05,8.03435e-05,8.82855e-05,9.85853e-05,0.000110175,0.00012194,0.000132791,0.000141742,0.000147966,0.000150845,0.000149996,0.000145285,0.000136819,0.000124929,0.000110131,9.30921e-05,7.45757e-05,5.53923e-05,3.63467e-05,1.8189e-05,1.57039e-06,-1.29919e-05,-2.51388e-05,-3.46809e-05,-4.15964e-05,-4.39902e-05,-4.23687e-05,-3.84255e-05,-3.28724e-05,-2.63948e-05,-1.97248e-05,-1.35363e-05,-8.33979e-06,-4.4057e-06,-1.72615e-06,0
0,1.49629e-07,3.21872e-08,-7.0211e-07,-2.29252e-06,-4.92331e-06,-8.63051e-06,-1.3234e-05,-1.83277e-05,-2.33343e-05,-2.75998e-05,-3.03462e-05,-2.9839e-05,-2.54727e-05,-1.88115e-05,-9.68651e-06,1.90394e-06,1.57819e-05,3.15918e-05,4.88171e-05,6.68089e-05,8.48246e-05,0.000102075,0.000117773,0.000131189,0.000141698,0.000148825,0.000152286,0.000152011,0.00014816,0.000141122,0.000131498,0.000120066,0.000107742,9.55155e-05,8.43966e-05,7.53485e-05,6.92333e-05,6.67652e-05,6.84782e-05,7.4712e-05,8.56157e-05,0.000101171,0.000121232,0.000145579,0.000173983,0.000206258,0.00024229,0.000282001,0.000325263,0.000371771,0.000420915,0.000471676,0.000522578,0.000571721,0.000616891,0.00065576,0.000686122,0.000706152,0.000714641,0.000711149,0.000696081,0.000670634,0.000636659,0.000596427,0.000552366,0.000506783,0.000461634,0.000418359,0.000377818,0.000340316,0.00030572,0.000273632,0.000243583,0.000215212,0.000188386,0.000163243,0.000140159,0.000119659,0.000102321,8.86701e-05,7.91032e-05,7.38225e-05,7.27968e-05,7.57452e-05,8.21451e-05,9.12618e-05,0.000102197,0.000113952,0.000125496,0.000135837,0.000144086,0.000149515,0.000151596,0.000150024,0.000144729,0.000135864,0.000123788,0.00010903,9.22493e-05,7.41891e-05,5.56255e-05,3.73186e-05,1.9967e-05,4.16621e-06,-9.62183e-06,-2.10901e-05,-3.00942e-05,-3.66476e-05,-3.8972e-05,-3.75814e-05,-3.41084e-05,-2.92231e-05,-2.35435e-05,-1.7709e-05,-1.22914e-05,-7.71194e-06,-4.18606e-06,-1.69987e-06,0
0,-2.90286e-07,-6.91266e-07,-1.42552e-06,-2.68403e-06,-4.65378e-06,-7.42898e-06,-1.09327e-05,-1.4885e-05,-1.88333e-05,-2.22253e-05,-2.4357e-05,-2.35799e-05,-1.92978e-05,-1.29787e-05,-4.43091e-06,6.3856e-06,1.93439e-05,3.41493e-05,5.03521e-05,6.73723e-05,8.45346e-05,0.000101111,0.000116367,0.00012961,0.000140239,0.000147784,0.000151944,0.000152613,0.000149894,0.000144103,0.000135751,0.000125519,0.000114218,0.000102743,9.2011e-05,8.29153e-05,7.62677e-05,7.27593e-05,7.29303e-05,7.71558e-05,8.56471e-05,9.847e-05,0.000115575,0.000136835,0.000162091,0.000191178,0.000223933,0.000260169,0.000299607,0.000341796,0.000386027,0.000431269,0.000476156,0.000519018,0.00055799,0.000591156,0.000616744,0.000633314,0.000639929,0.000636273,0.000622696,0.000600178,0.000570216,0.000534652,0.000495468,0.00045458,0.000413654,0.00037398,0.000336412,0.00030138,0.000268965,0.000239023,0.000211317,0.000185654,0.000161969,0.000140368,0.000121117,0.000104588,9.11867e-05,8.12792e-05,7.51194e-05,7.27968e-05,7.42003e-05,7.90042e-05,8.66756e-05,9.65023e-05,0.000107638,0.000119157,0.00013012,0.000139636,0.000146921,0.000151347,0.000152474,0.000150074,0.000144135,0.000134852,0.000122602,0.000107916,9.14389e-05,7.38812e-05,5.59764e-05,3.84328e-05,2.18912e-05,6.88824e-06,-6.17115e-06,-1.70308e-05,-2.55882e-05,-3.18862e-05,-3.42551e-05,-3.32055e-05,-3.02952e-05,-2.61389e-05,-2.12769e-05,-1.62513e-05,-1.15346e-05,-7.46851e-06,-4.22735e-06,-1.80412e-06,0
0,-8.64252e-07,-1.70014e-06,-2.6053e-06,-3.71051e-06,-5.18565e-06,-7.16169e-06,-9.64779e-06,-1.24819e-05,-1.5336e-05,-1.7768e-05,-1.91614e-05,-1.79673e-05,-1.36118e-05,-7.47736e-06,6.42342e-07,1.08181e-05,2.29683e-05,3.68555e-05,5.20952e-05,6.81774e-05,8.44968e-05,0.000100392,0.000115186,0.000128236,0.00013897,0.000146932,0.000151815,0.000153485,0.000151998,0.000147599,0.000140715,0.00013193,0.000121954,0.000111578,0.000101627,9.29156e-05,8.61974e-05,8.21316e-05,8.12542e-05,8.39637e-05,9.05199e-05,0.000101055,0.000115595,0.000134084,0.000156414,0.000182434,0.000211953,0.000244717,0.000280359,0.000318348,0.000357933,0.000398112,0.00043763,0.000475023,0.000508704,0.000537083,0.000558716,0.000572451,0.00057755,0.000573782,0.000561448,0.000541355,0.000514727,0.000483075,0.000448039,0.000411226,0.000374072,0.000337738,0.000303058,0.000270537,0.000240401,0.000212684,0.000187316,0.000164226,0.000143404,0.00012494,0.00010902,9.58967e-05,8.58361e-05,7.90625e-05,7.57035e-05,7.57452e-05,7.90042e-05,8.5116e-05,9.35437e-05,0.000103604,0.000114506,0.000125407,0.000135461,0.00014388,0.000149987,0.000153248,0.000153314,0.000150024,0.00014342,0.000133726,0.000121331,0.000106758,9.06265e-05,7.3608e-05,5.63854e-05,3.96095e-05,2.38599e-05,9.6127e-06,-2.78334e-06,-1.31201e-05,-2.13316e-05,-2.74843e-05,-3.00071e-05,-2.93953e-05,-2.71192e-05,-2.37263e-05,-1.96716e-05,-1.53987e-05,-1.12876e-05,-7.61332e-06,-4.52434e-06,-2.03315e-06,0
0,-1.5527e-06,-2.95981e-06,-4.2009e-06,-5.33682e-06,-6.50112e-06,-7.83906e-06,-9.42612e-06,-1.12052e-05,-1.29697e-05,-1.4392e-05,-1.49534e-05,-1.32173e-05,-8.64433e-06,-2.54165e-06,5.30246e-06,1.49814e-05,2.64521e-05,3.95285e-05,5.38879e-05,6.90884e-05,8.45954e-05,9.98159e-05,0.000114137,0.000126968,0.000137776,0.000146129,0.000151723,0.000154404,0.000154188,0.000151261,0.000145971,0.000138812,0.000130391,0.000121399,0.000112566,0.000104619,9.82499e-05,9.40731e-05,9.26079e-05,9.42607e-05,9.93222e-05,0.000107972,0.000120292,0.00013628,0.000155865,0.000178916,0.000205231,0.000234521,0.000266379,0.000300243,0.000335366,0.000370801,0.000405409,0.00043791,0.000466949,0.000491196,0.000509465,0.000520821,0.000524677,0.000520858,0.000509622,0.000491636,0.000467908,0.000439688,0.000408343,0.000375235,0.000341608,0.000308508,0.000276732,0.000246824,0.000219105,0.000193723,0.000170727,0.000150131,0.000131965,0.000116306,0.00010328,9.30453e-05,8.57539e-05,8.15131e-05,8.03435e-05,8.21451e-05,8.66756e-05,9.35437e-05,0.000102218,0.000112053,0.00012232,0.000132259,0.000141124,0.000148229,0.000152997,0.00015499,0.000153936,0.000149739,0.00014248,0.000132407,0.00011991,0.000105495,8.97473e-05,7.32929e-05,5.67592e-05,4.07358e-05,2.57399e-05,1.21878e-05,3.7494e-07,-9.53403e-06,-1.75038e-05,-2.36165e-05,-2.63902e-05,-2.62928e-05,-2.46957e-05,-2.20695e-05,-1.87795e-05,-1.51739e-05,-1.15504e-05,-8.13277e-06,-5.05984e-06,-2.37514e-06,0
0,-2.33044e-06,-4.42385e-06,-6.15305e-06,-7.50181e-06,-8.54968e-06,-9.43341e-06,-1.02729e-05,-1.10998e-05,-1.18212e-05,-1.22247e-05,-1.18967e-05,-9.52306e-06,-4.60997e-06,1.59997e-06,9.31528e-06,1.86434e-05,2.95714e-05,4.1958e-05,5.55366e-05,6.99295e-05,8.46708e-05,9.92365e-05,0.000113079,0.000125664,0.000136505,0.000145199,0.000151453,0.000155106,0.000156145,0.000154702,0.000151059,0.000145622,0.000138908,0.000131505,0.000124048,0.000117178,0.000111512,0.000107612,0.000105966,0.000106972,0.000110935,0.00011806,0.000128469,0.000142198,0.000159208,0.000179387,0.000202538,0.000228368,0.000256463,0.000286269,0.000317074,0.000348005,0.000378047,0.000406084,0.000430959,0.00045156,0.000466904,0.000476227,0.000479056,0.000475255,0.000465042,0.00044897,0.000427873,0.000402788,0.000374862,0.000345251,0.000315037,0.000285156,0.000256358,0.000229196,0.000204039,0.000181111,0.000160533,0.000142376,0.000126694,0.000113552,0.000103027,9.52029e-05,9.01413e-05,8.78567e-05,8.82855e-05,9.12618e-05,9.65023e-05,0.000103604,0.000112053,0.000121247,0.00013053,0.000139226,0.000146685,0.000152322,0.000155655,0.000156331,0.00015415,0.000149068,0.000141198,0.000130798,0.000118251,0.000104039,8.8706e-05,7.28278e-05,5.69729e-05,4.16691e-05,2.73719e-05,1.44407e-05,3.12195e-06,-6.45699e-06,-1.42844e-05,-2.04508e-05,-2.35524e-05,-2.40194e-05,-2.31139e-05,-2.12235e-05,-1.86231e-05,-1.5572e-05,-1.22994e-05,-8.99513e-06,-5.80457e-06,-2.81232e-06,0
0,-3.16735e-06,-6.03522e-06,-8.38509e-06,-1.01195e-05,-1.12486e-05,-1.18782e-05,-1.21495e-05,-1.2164e-05,-1.19307e-05,-1.13493e-05,-1.01147e-05,-7.04329e-06,-1.69648e-06,4.73791e-06,1.24568e-05,2.15729e-05,3.2095e-05,4.39183e-05,5.68253e-05,7.04968e-05,8.45314e-05,9.84717e-05,0.000111835,0.000124146,0.000134967,0.000143932,0.000150766,0.00015531,0.000157528,0.000157517,0.000155496,0.000151799,0.000146853,0.000141155,0.000135246,0.000129676,0.000124985,0.000121674,0.000120186,0.000120896,0.000124104,0.000130026,0.000138805,0.000150503,0.000165108,0.000182529,0.000202587,0.000225005,0.00024939,0.000275223,0.00030185,0.000328488,0.000354245,0.000378159,0.000399249,0.000416582,0.000429344,0.000436907,0.000438887,0.000435177,0.000425958,0.000411688,0.000393057,0.000370925,0.000346254,0.000320028,0.000293183,0.000266549,0.000240819,0.000216529,0.000194066,0.00017369,0.000155566,0.000139792,0.000126435,0.000115545,0.00010716,0.000101304,9.79713e-05,9.71066e-05,9.85853e-05,0.000102197,0.000107638,0.000114506,0.00012232,0.00013053,0.000138552,0.000145796,0.000151707,0.000155793,0.00015766,0.000157031,0.000153763,0.000147855,0.000139441,0.000128782,0.000116245,0.000102277,8.73813e-05,7.20781e-05,5.68771e-05,4.22452e-05,2.85795e-05,1.61869e-05,5.27118e-06,-4.07073e-06,-1.18432e-05,-1.81373e-05,-2.16178e-05,-2.26667e-05,-2.24304e-05,-2.12095e-05,-1.91919e-05,-1.65588e-05,-1.3487e-05,-1.01507e-05,-6.7177e-06,-3.32142e-06,0
0,-4.02935e-06,-7.72808e-06,-1.08054e-05,-1.30817e-05,-1.44848e-05,-1.50693e-05,-1.49736e-05,-1.43479e-05,-1.3288e-05,-1.17985e-05,-9.68317e-06,-5.89318e-06,-5.34753e-08,6.69398e-06,1.4527e-05,2.35551e-05,3.37998e-05,4.51841e-05,5.75315e-05,7.05739e-05,8.39686e-05,9.73203e-05,0.000110209,0.000122217,0.000132959,0.000142107,0.000149413,0.000154726,0.000158002,0.000159306,0.000158812,0.000156788,0.000153586,0.000149616,0.000145329,0.000141188,0.000137653,0.000135156,0.000134087,0.000134784,0.000137526,0.000142525,0.000149929,0.000159818,0.0001722,0.000187007,0.000204086,0.00022319,0.000243966,0.000265951,0.000288564,0.000311123,0.000332858,0.000352952,0.000370578,0.00038496,0.000395426,0.00040146,0.000402748,0.000399202,0.000390974,0.000378438,0.000362163,0.000342863,0.000321341,0.000298428,0.000274929,0.000251571,0.00022898,0.000207655,0.000187978,0.000170214,0.000154545,0.000141081,0.000129886,0.000120994,0.000114411,0.000110119,0.00010806,0.000108133,0.000110175,0.000113952,0.000119157,0.000125407,0.000132259,0.000139226,0.000145796,0.000151466,0.000155767,0.000158293,0.000158727,0.000156856,0.000152585,0.000145943,0.000137074,0.000126233,0.000113764,0.00010008,8.56328e-05,7.08912e-05,5.63067e-05,4.22884e-05,2.918e-05,1.72423e-05,6.64339e-06,-2.5426e-06,-1.03284e-05,-1.67986e-05,-2.06771e-05,-2.22898e-05,-2.26629e-05,-2.20106e-05,-2.04407e-05,-1.80703e-05,-1.50418e-05,-1.15331e-05,-7.74818e-06,-3.87443e-06,0
0,-4.87964e-06,-9.43021e-06,-1.33106e-05,-1.62613e-05,-1.81188e-05,-1.88676e-05,-1.86207e-05,-1.75537e-05,-1.58311e-05,-1.35517e-05,-1.06242e-05,-6.13653e-06,2.17087e-07,7.33274e-06,1.53626e-05,2.4405e-05,3.44858e-05,4.55466e-05,5.74428e-05,6.99493e-05,8.27741e-05,9.55785e-05,0.000108,0.000119677,0.000130274,0.000139507,0.000147157,0.000153089,0.000157256,0.000159707,0.000160578,0.000160087,0.000158519,0.000156208,0.000153522,0.000150843,0.000148549,0.000147001,0.000146529,0.000147423,0.000149929,0.000154243,0.000160507,0.000168806,0.000179164,0.000191534,0.000205797,0.000221743,0.000239074,0.00025739,0.000276199,0.000294919,0.000312906,0.000329473,0.000343937,0.000355657,0.000364082,0.000368791,0.000369525,0.000366216,0.000358983,0.000348133,0.00033413,0.000317563,0.000299096,0.000279426,0.000259234,0.00023915,0.000219723,0.000201402,0.000184541,0.000169395,0.000156138,0.000144877,0.000135667,0.000128524,0.00012343,0.000120335,0.00011915,0.000119745,0.00012194,0.000125496,0.00013012,0.000135461,0.000141124,0.000146685,0.000151707,0.000155767,0.000158476,0.000159504,0.000158597,0.000155596,0.000150442,0.00014318,0.00013396,0.000123021,0.000110679,9.73068e-05,8.33115e-05,6.91076e-05,5.50928e-05,4.1624e-05,2.89978e-05,1.74361e-05,7.07933e-06,-2.01344e-06,-9.8559e-06,-1.65199e-05,-2.07801e-05,-2.2901e-05,-2.37872e-05,-2.35706e-05,-2.22897e-05,-2.0014e-05,-1.68717e-05,-1.30618e-05,-8.83668e-06,-4.4398e-06,0
0,-5.6801e-06,-1.10658e-05,-1.57893e-05,-1.95172e-05,-2.19892e-05,-2.31044e-05,-2.29281e-05,-2.16379e-05,-1.94469e-05,-1.65331e-05,-1.29035e-05,-7.78051e-06,-9.31708e-07,6.57084e-06,1.48482e-05,2.3981e-05,3.39907e-05,4.48289e-05,5.63734e-05,6.84329e-05,8.0758e-05,9.30583e-05,0.000105023,0.000116342,0.00012673,0.000135942,0.000143794,0.00015017,0.000155031,0.000158417,0.000160439,0.000161275,0.000161156,0.000160353,0.000159159,0.000157881,0.000156821,0.000156268,0.000156487,0.000157716,0.000160159,0.000163985,0.000169319,0.000176244,0.000184794,0.000194943,0.000206601,0.000219607,0.000233717,0.000248607,0.000263873,0.000279039,0.000293575,0.000306922,0.000318525,0.000327862,0.000334488,0.00033806,0.00033837,0.00033536,0.000329126,0.000319914,0.000308099,0.000294159,0.00027864,0.000262115,0.000245153,0.000228287,0.000211983,0.000196635,0.000182552,0.000169962,0.000159021,0.00014982,0.000142401,0.000136761,0.000132866,0.000130643,0.000129991,0.000130767,0.000132791,0.000135837,0.000139636,0.00014388,0.000148229,0.000152322,0.000155793,0.000158293,0.000159504,0.000159158,0.000157056,0.000153075,0.000147184,0.000139437,0.000129976,0.000119021,0.000106859,9.38222e-05,8.02719e-05,6.65739e-05,5.30771e-05,4.00928e-05,2.78782e-05,1.66245e-05,6.45243e-06,-2.58624e-06,-1.04995e-05,-1.73411e-05,-2.19303e-05,-2.44665e-05,-2.57354e-05,-2.57944e-05,-2.46266e-05,-2.22729e-05,-1.88667e-05,-1.46453e-05,-9.91824e-06,-4.9838e-06,0
0,-6.39295e-06,-1.25584e-05,-1.8127e-05,-2.27002e-05,-2.59195e-05,-2.7587e-05,-2.77006e-05,-2.64167e-05,-2.39742e-05,-2.06138e-05,-1.64292e-05,-1.0773e-05,-3.48701e-06,4.38369e-06,1.29254e-05,2.21946e-05,3.22016e-05,4.28991e-05,5.41784e-05,6.58721e-05,7.77642e-05,8.96043e-05,0.000101126,0.000112064,0.000122178,0.000131264,0.00013917,0.000145804,0.000151142,0.000155221,0.000158139,0.000160046,0.000161131,0.000161613,0.000161725,0.000161705,0.000161786,0.000162189,0.000163116,0.000164748,0.000167244,0.000170735,0.000175326,0.000181089,0.000188061,0.000196233,0.000205547,0.000215883,0.00022706,0.000238827,0.000250867,0.000262806,0.000274226,0.000284683,0.000293736,0.000300971,0.000306033,0.00030865,0.000308655,0.000305998,0.000300755,0.00029312,0.000283391,0.000271951,0.000259238,0.000245717,0.000231852,0.00021808,0.000204788,0.000192303,0.000180885,0.000170725,0.000161949,0.000154629,0.000148788,0.00014441,0.000141448,0.000139822,0.000139425,0.000140121,0.000141742,0.000144086,0.000146921,0.000149987,0.000152997,0.000155655,0.00015766,0.000158727,0.000158597,0.000157056,0.000153942,0.000149163,0.000142699,0.000134607,0.000125017,0.000114127,0.000102191,8.95044e-05,7.63853e-05,6.31565e-05,5.01251e-05,3.75645e-05,2.57008e-05,1.4703e-05,4.68008e-06,-4.31631e-06,-1.22828e-05,-1.92512e-05,-2.40805e-05,-2.69049e-05,-2.83971e-05,-2.85508e-05,-2.73109e-05,-2.47093e-05,-2.09044e-05,-1.61856e-05,-1.09253e-05,-5.47222e-06,0
0,-6.98238e-06,-1.38347e-05,-2.02106e-05,-2.56582e-05,-2.97244e-05,-3.21064e-05,-3.27179e-05,-3.16716e-05,-2.92095e-05,-2.56147e-05,-2.10542e-05,-1.50025e-05,-7.37438e-06,8.09207e-07,9.59731e-06,1.90182e-05,2.90641e-05,3.96812e-05,5.07653e-05,6.21639e-05,7.36845e-05,8.51075e-05,9.62017e-05,0.000106742,0.000116525,0.000125383,0.000133198,0.000139904,0.000145492,0.000150007,0.000153542,0.000156229,0.000158229,0.000159721,0.000160888,0.000161915,0.000162972,0.00016422,0.000165801,0.00016784,0.000170448,0.000173718,0.000177725,0.000182528,0.000188159,0.000194623,0.000201886,0.000209872,0.000218454,0.000227451,0.000236632,0.000245716,0.000254387,0.000262306,0.000269136,0.000274555,0.00027829,0.000280126,0.000279934,0.000277672,0.000273397,0.000267259,0.000259489,0.000250387,0.000240297,0.000229587,0.000218624,0.000207754,0.000197286,0.000187482,0.000178545,0.000170623,0.000163813,0.000158161,0.000153674,0.000150326,0.000148062,0.000146805,0.000146455,0.00014689,0.000147966,0.000149515,0.000151347,0.000153248,0.00015499,0.000156331,0.000157031,0.000156856,0.000155596,0.000153075,0.000149163,0.000143782,0.00013692,0.000128626,0.000119015,0.000108262,9.65901e-05,8.42597e-05,7.15526e-05,5.87549e-05,4.61394e-05,3.39503e-05,2.23912e-05,1.16171e-05,1.73276e-06,-7.20405e-06,-1.51742e-05,-2.21851e-05,-2.71328e-05,-3.00892e-05,-3.16228e-05,-3.1678e-05,-3.01798e-05,-2.71719e-05,-2.28552e-05,-1.75826e-05,-1.17911e-05,-5.87205e-06,0
0,-7.41626e-06,-1.48273e-05,-2.19333e-05,-2.82438e-05,-3.32179e-05,-3.64455e-05,-3.77427e-05,-3.71581e-05,-3.49135e-05,-3.13131e-05,-2.65805e-05,-2.03011e-05,-1.2459e-05,-4.05177e-06,4.9316e-06,1.4488e-05,2.45867e-05,3.51605e-05,4.61015e-05,5.7263e-05,6.84668e-05,7.95143e-05,9.02012e-05,0.000100332,0.000109737,0.000118279,0.00012587,0.00013247,0.000138087,0.00014278,0.000146644,0.000149804,0.000152404,0.000154595,0.000156525,0.000158335,0.000160147,0.000162068,0.000164188,0.000166581,0.000169311,0.00017243,0.000175985,0.000180012,0.000184538,0.000189572,0.000195103,0.000201087,0.000207449,0.000214071,0.000220797,0.00022743,0.000233746,0.0002395,0.000244443,0.000248338,0.000250979,0.000252204,0.000251912,0.000250072,0.000246723,0.000241979,0.000236013,0.000229052,0.00022136,0.000213215,0.000204899,0.000196675,0.000188777,0.000181402,0.000174699,0.000168774,0.00016369,0.000159471,0.00015611,0.000153573,0.000151807,0.000150743,0.000150297,0.000150368,0.000150845,0.000151596,0.000152474,0.000153314,0.000153936,0.00015415,0.000153763,0.000152585,0.000150442,0.000147184,0.000142699,0.00013692,0.000129829,0.00012147,0.000111938,0.000101385,9.00057e-05,7.80322e-05,6.57155e-05,5.33126e-05,4.10707e-05,2.92134e-05,1.79301e-05,7.36994e-06,-2.35999e-06,-1.11909e-05,-1.90846e-05,-2.60238e-05,-3.09409e-05,-3.38506e-05,-3.52297e-05,-3.49897e-05,-3.30556e-05,-2.95023e-05,-2.45892e-05,-1.87397e-05,-1.24532e-05,-6.15326e-06,0
0,-7.66777e-06,-1.54786e-05,-2.32001e-05,-3.03199e-05,-3.62213e-05,-4.03881e-05,-4.25303e-05,-4.26146e-05,-4.08202e-05,-3.745e-05,-3.27658e-05,-2.64501e-05,-1.85497e-05,-1.00381e-05,-9.41427e-07,8.70446e-06,1.88423e-05,2.9386e-05,4.02167e-05,5.11854e-05,6.2119e-05,7.28309e-05,8.31341e-05,9.28554e-05,0.000101848,0.000110003,0.000117255,0.000123588,0.000129032,0.000133659,0.000137573,0.0001409,0.000143778,0.000146342,0.000148719,0.000151016,0.000153321,0.000155699,0.000158195,0.000160841,0.000163657,0.000166658,0.000169858,0.000173273,0.000176916,0.000180798,0.000184919,0.000189267,0.000193803,0.000198465,0.00020316,0.000207767,0.000212138,0.000216109,0.000219508,0.000222169,0.000223944,0.000224717,0.000224412,0.000223005,0.000220523,0.000217046,0.000212701,0.000207652,0.000202091,0.000196222,0.000190248,0.00018436,0.000178723,0.000173473,0.000168711,0.000164501,0.000160878,0.000157845,0.000155386,0.000153464,0.000152034,0.00015104,0.000150418,0.000150097,0.000149996,0.000150024,0.000150074,0.000150024,0.000149739,0.000149068,0.000147855,0.000145943,0.00014318,0.000139437,0.000134607,0.000128626,0.00012147,0.000113168,0.000103802,9.34989e-05,8.24336e-05,7.08126e-05,5.88644e-05,4.68252e-05,3.49249e-05,2.3375e-05,1.23589e-05,2.02643e-06,-7.50725e-06,-1.61586e-05,-2.38693e-05,-3.05977e-05,-3.53146e-05,-3.79855e-05,-3.90098e-05,-3.82843e-05,-3.57541e-05,-3.15435e-05,-2.59823e-05,-1.95682e-05,-1.28567e-05,-6.2905e-06,0
0,-7.71681e-06,-1.57431e-05,-2.39319e-05,-3.17668e-05,-3.85705e-05,-4.3728e-05,-4.68385e-05,-4.77729e-05,-4.6647e-05,-4.37403e-05,-3.93324e-05,-3.31872e-05,-2.54055e-05,-1.69341e-05,-7.83323e-06,1.82853e-06,1.19654e-05,2.24682e-05,3.32018e-05,4.40072e-05,5.47085e-05,6.5122e-05,7.50693e-05,8.43901e-05,9.29539e-05,0.00010067,0.000107495,0.00011343,0.000118526,0.00012287,0.000126579,0.000129787,0.000132633,0.000135249,0.00013775,0.000140226,0.00014274,0.00014533,0.000148006,0.000150765,0.000153592,0.000156468,0.000159379,0.000162314,0.000165275,0.000168265,0.000171293,0.000174363,0.000177468,0.000180588,0.000183682,0.000186688,0.000189524,0.000192092,0.000194284,0.000195994,0.000197123,0.000197591,0.000197346,0.000196369,0.000194676,0.000192321,0.00018939,0.000185997,0.000182273,0.000178356,0.000174384,0.000170482,0.000166759,0.000163296,0.000160151,0.000157355,0.000154916,0.000152826,0.000151059,0.000149586,0.000148369,0.000147372,0.000146555,0.000145875,0.000145285,0.000144729,0.000144135,0.00014342,0.00014248,0.000141198,0.000139441,0.000137074,0.00013396,0.000129976,0.000125017,0.000119015,0.000111938,0.000103802,9.46706e-05,8.46577e-05,7.39184e-05,6.26426e-05,5.10435e-05,3.93445e-05,2.77668e-05,1.65173e-05,5.78052e-06,-4.28717e-06,-1.35585e-05,-2.19332e-05,-2.93325e-05,-3.56934e-05,-4.00284e-05,-4.22641e-05,-4.2739e-05,-4.1354e-05,-3.80935e-05,-3.31472e-05,-2.69234e-05,-1.99928e-05,-1.29575e-05,-6.2645e-06,0
0,-7.55129e-06,-1.55905e-05,-2.40697e-05,-3.24874e-05,-4.01241e-05,-4.62777e-05,-5.04376e-05,-5.23686e-05,-5.21055e-05,-4.98829e-05,-4.59773e-05,-4.02167e-05,-3.27449e-05,-2.44773e-05,-1.55043e-05,-5.92502e-06,4.14591e-06,1.45739e-05,2.52031e-05,3.58592e-05,4.63559e-05,5.65048e-05,6.61276e-05,7.50681e-05,8.32041e-05,9.04564e-05,9.67939e-05,0.000102235,0.000106845,0.000110728,0.000114014,0.00011685,0.000119385,0.000121753,0.000124071,0.000126423,0.00012886,0.000131403,0.000134043,0.00013675,0.000139482,0.000142193,0.000144842,0.000147398,0.000149844,0.000152175,0.000154398,0.000156528,0.000158578,0.000160557,0.000162462,0.000164278,0.000165974,0.000167503,0.000168811,0.000169837,0.000170522,0.000170818,0.000170691,0.000170124,0.000169129,0.000167736,0.000166,0.00016399,0.000161789,0.000159481,0.00015715,0.000154867,0.000152691,0.000150662,0.000148802,0.000147114,0.000145591,0.000144213,0.000142956,0.000141798,0.000140715,0.000139691,0.000138711,0.00013776,0.000136819,0.000135864,0.000134852,0.000133726,0.000132407,0.000130798,0.000128782,0.000126233,0.000123021,0.000119021,0.000114127,0.000108262,0.000101385,9.34989e-05,8.46577e-05,7.49612e-05,6.45536e-05,5.36149e-05,4.23503e-05,3.09785e-05,1.9719e-05,8.78134e-06,-1.64327e-06,-1.13875e-05,-2.03093e-05,-2.82911e-05,-3.52358e-05,-4.10626e-05,-4.48311e-05,-4.64411e-05,-4.61879e-05,-4.39952e-05,-3.9904e-05,-3.41817e-05,-2.73193e-05,-1.99552e-05,-1.27248e-05,-6.06327e-06,0
0,-7.16797e-06,-1.50073e-05,-2.35781e-05,-3.24125e-05,-4.07702e-05,-4.78776e-05,-5.31205e-05,-5.61528e-05,-5.69138e-05,-5.55732e-05,-5.23844e-05,-4.72204e-05,-4.0256e-05,-3.23688e-05,-2.36735e-05,-1.42964e-05,-4.37912e-06,5.91766e-06,1.6415e-05,2.69187e-05,3.7227e-05,4.71399e-05,5.64714e-05,6.50619e-05,7.2789e-05,7.95771e-05,8.54019e-05,9.02915e-05,9.43225e-05,9.76121e-05,0.000100306,0.000102565,0.000104552,0.000106413,0.000108272,0.000110219,0.000112307,0.000114549,0.000116929,0.000119403,0.00012191,0.000124386,0.000126769,0.000129006,0.000131065,0.000132928,0.000134597,0.000136086,0.000137419,0.000138622,0.000139719,0.000140724,0.000141644,0.000142471,0.000143189,0.000143774,0.000144198,0.000144435,0.000144466,0.00014428,0.000143881,0.000143282,0.000142513,0.00014161,0.000140615,0.000139571,0.000138517,0.000137485,0.000136493,0.00013555,0.000134651,0.000133783,0.000132926,0.000132059,0.000131162,0.000130224,0.000129238,0.000128207,0.000127139,0.000126045,0.000124929,0.000123788,0.000122602,0.000121331,0.00011991,0.000118251,0.000116245,0.000113764,0.000110679,0.000106859,0.000102191,9.65901e-05,9.00057e-05,8.24336e-05,7.39184e-05,6.45536e-05,5.44784e-05,4.38697e-05,3.29322e-05,2.18863e-05,1.09567e-05,3.60769e-07,-9.69918e-06,-1.90421e-05,-2.75104e-05,-3.49701e-05,-4.13089e-05,-4.64336e-05,-4.94577e-05,-5.02677e-05,-4.91331e-05,-4.60183e-05,-4.10358e-05,-3.45389e-05,-2.71008e-05,-1.94179e-05,-1.2143e-05,-5.68294e-06,0
0,-6.57302e-06,-1.39984e-05,-2.24478e-05,-3.15052e-05,-4.04319e-05,-4.84032e-05,-5.47127e-05,-5.89029e-05,-6.08076e-05,-6.05153e-05,-5.82363e-05,-5.38703e-05,-4.76091e-05,-4.02847e-05,-3.20295e-05,-2.29912e-05,-1.33357e-05,-3.24799e-06,7.06911e-06,1.73996e-05,2.7522e-05,3.72195e-05,4.62924e-05,5.45702e-05,6.19233e-05,6.8272e-05,7.35915e-05,7.79128e-05,8.1319e-05,8.3937e-05,8.59252e-05,8.74592e-05,8.87165e-05,8.98616e-05,9.10328e-05,9.23334e-05,9.38262e-05,9.55328e-05,9.74372e-05,9.9493e-05,0.000101633,0.00010378,0.000105858,0.0001078,0.000109556,0.000111095,0.000112408,0.000113503,0.000114406,0.000115148,0.000115765,0.000116292,0.000116756,0.000117177,0.000117564,0.000117919,0.000118236,0.000118507,0.000118723,0.000118877,0.000118966,0.000118993,0.000118968,0.000118901,0.000118806,0.000118693,0.00011857,0.000118438,0.000118288,0.000118108,0.000117876,0.000117569,0.000117164,0.000116644,0.000115997,0.000115225,0.000114338,0.000113358,0.000112312,0.000111229,0.000110131,0.00010903,0.000107916,0.000106758,0.000105495,0.000104039,0.000102277,0.00010008,9.73068e-05,9.38222e-05,8.95044e-05,8.42597e-05,7.80322e-05,7.08126e-05,6.26426e-05,5.36149e-05,4.38697e-05,3.35875e-05,2.29784e-05,1.22707e-05,1.69892e-06,-8.5075e-06,-1.81327e-05,-2.69808e-05,-3.48795e-05,-4.16812e-05,-4.72626e-05,-5.15248e-05,-5.36426e-05,-5.35034e-05,-5.13683e-05,-4.72578e-05,-4.13674e-05,-3.41402e-05,-2.62263e-05,-1.83663e-05,-1.12128e-05,-5.12815e-06,0
0,-5.78212e-06,-1.25873e-05,-2.06971e-05,-2.97632e-05,-3.90728e-05,-4.77728e-05,-5.50804e-05,-6.04329e-05,-6.35532e-05,-6.4435e-05,-6.32286e-05,-5.98417e-05,-5.44692e-05,-4.78888e-05,-4.02422e-05,-3.16922e-05,-2.24238e-05,-1.26432e-05,-2.57539e-06,7.54135e-06,1.7464e-05,2.69556e-05,3.57978e-05,4.38038e-05,5.08299e-05,5.67853e-05,6.16376e-05,6.5414e-05,6.81977e-05,7.01201e-05,7.13485e-05,7.20714e-05,7.24822e-05,7.27638e-05,7.30744e-05,7.35373e-05,7.42335e-05,7.52004e-05,7.64342e-05,7.78959e-05,7.95209e-05,8.12294e-05,8.2938e-05,8.45692e-05,8.60596e-05,8.73652e-05,8.84632e-05,8.93519e-05,9.00476e-05,9.05799e-05,9.09865e-05,9.13078e-05,9.1582e-05,9.18421e-05,9.2113e-05,9.24115e-05,9.27465e-05,9.31206e-05,9.35318e-05,9.39754e-05,9.44461e-05,9.49383e-05,9.54466e-05,9.59652e-05,9.64868e-05,9.70012e-05,9.74944e-05,9.79474e-05,9.83371e-05,9.8637e-05,9.88197e-05,9.88602e-05,9.8739e-05,9.84458e-05,9.79821e-05,9.73621e-05,9.66127e-05,9.57704e-05,9.48771e-05,9.39735e-05,9.30921e-05,9.22493e-05,9.14389e-05,9.06265e-05,8.97473e-05,8.8706e-05,8.73813e-05,8.56328e-05,8.33115e-05,8.02719e-05,7.63853e-05,7.15526e-05,6.57155e-05,5.88644e-05,5.10435e-05,4.23503e-05,3.29322e-05,2.29784e-05,1.27098e-05,2.36683e-06,-7.80284e-06,-1.75555e-05,-2.66609e-05,-3.49092e-05,-4.21156e-05,-4.8123e-05,-5.28033e-05,-5.60581e-05,-5.71323e-05,-5.59283e-05,-5.27145e-05,-4.75806e-05,-4.08121e-05,-3.29409e-05,-2.46843e-05,-1.68102e-05,-9.95168e-06,-4.41202e-06,0
0,-4.82015e-06,-1.08161e-05,-1.83719e-05,-2.72212e-05,-3.66999e-05,-4.59522e-05,-5.41393e-05,-6.06036e-05,-6.49579e-05,-6.70923e-05,-6.70821e-05,-6.4827e-05,-6.051e-05,-5.48455e-05,-4.79759e-05,-4.00714e-05,-3.13292e-05,-2.19717e-05,-1.22428e-05,-2.40105e-06,7.28914e-06,1.65692e-05,2.51994e-05,3.29722e-05,3.97248e-05,4.5349e-05,4.9798e-05,5.30882e-05,5.52963e-05,5.65522e-05,5.70266e-05,5.69171e-05,5.64309e-05,5.57692e-05,5.51118e-05,5.46054e-05,5.43552e-05,5.44217e-05,5.48213e-05,5.55317e-05,5.64999e-05,5.76522e-05,5.89058e-05,6.01785e-05,6.13979e-05,6.25078e-05,6.34717e-05,6.42737e-05,6.4917e-05,6.54207e-05,6.58152e-05,6.61369e-05,6.64239e-05,6.67119e-05,6.70314e-05,6.74055e-05,6.785e-05,6.83732e-05,6.89769e-05,6.96577e-05,7.0408e-05,7.12169e-05,7.20707e-05,7.29531e-05,7.38449e-05,7.47237e-05,7.5564e-05,7.63375e-05,7.70147e-05,7.75662e-05,7.79658e-05,7.81933e-05,7.82379e-05,7.81004e-05,7.77952e-05,7.73502e-05,7.68052e-05,7.62079e-05,7.56088e-05,7.50535e-05,7.45757e-05,7.41891e-05,7.38812e-05,7.3608e-05,7.32929e-05,7.28278e-05,7.20781e-05,7.08912e-05,6.91076e-05,6.65739e-05,6.31565e-05,5.87549e-05,5.33126e-05,4.68252e-05,3.93445e-05,3.09785e-05,2.18863e-05,1.22707e-05,2.36683e-06,-7.57019e-06,-1.72777e-05,-2.64977e-05,-3.49864e-05,-4.25225e-05,-4.89131e-05,-5.39966e-05,-5.76465e-05,-5.97727e-05,-5.96984e-05,-5.73545e-05,-5.30301e-05,-4.68936e-05,-3.93232e-05,-3.09337e-05,-2.24951e-05,-1.47836e-05,-8.39342e-06,-3.55578e-06,0
0,-3.72033e-06,-8.74384e-06,-1.55451e-05,-2.39501e-05,-3.33655e-05,-4.29591e-05,-5.18597e-05,-5.93311e-05,-6.48813e-05,-6.82932e-05,-6.95569e-05,-6.85489e-05,-6.54274e-05,-6.08338e-05,-5.49023e-05,-4.78018e-05,-3.97341e-05,-3.09312e-05,-2.16502e-05,-1.21662e-05,-2.76243e-06,6.28155e-06,1.47038e-05,2.22738e-05,2.88057e-05,3.41692e-05,3.82971e-05,4.11883e-05,4.29062e-05,4.35722e-05,4.33543e-05,4.24534e-05,4.10867e-05,3.94708e-05,3.78063e-05,3.62646e-05,3.4978e-05,3.40347e-05,3.34779e-05,3.33091e-05,3.34947e-05,3.39754e-05,3.46763e-05,3.55171e-05,3.64215e-05,3.73242e-05,3.8176e-05,3.89457e-05,3.96206e-05,4.02039e-05,4.07119e-05,4.11692e-05,4.16052e-05,4.20497e-05,4.253e-05,4.30682e-05,4.36804e-05,4.43759e-05,4.51574e-05,4.60213e-05,4.69589e-05,4.79567e-05,4.89972e-05,5.00596e-05,5.11198e-05,5.21512e-05,5.31256e-05,5.4014e-05,5.47885e-05,5.54246e-05,5.59036e-05,5.62154e-05,5.63612e-05,5.63549e-05,5.62238e-05,5.60074e-05,5.57547e-05,5.55196e-05,5.53546e-05,5.53031e-05,5.53923e-05,5.56255e-05,5.59764e-05,5.63854e-05,5.67592e-05,5.69729e-05,5.68771e-05,5.63067e-05,5.50928e-05,5.30771e-05,5.01251e-05,4.61394e-05,4.10707e-05,3.49249e-05,2.77668e-05,1.9719e-05,1.09567e-05,1.69892e-06,-7.80284e-06,-1.72777e-05,-2.64487e-05,-3.50446e-05,-4.28115e-05,-4.95209e-05,-5.49767e-05,-5.90197e-05,-6.15318e-05,-6.24382e-05,-6.11493e-05,-5.76357e-05,-5.22184e-05,-4.51495e-05,-3.68976e-05,-2.81496e-05,-1.97107e-05,-1.23442e-05,-6.58695e-06,-2.58785e-06,0
0,-2.52295e-06,-6.44481e-06,-1.23142e-05,-2.00558e-05,-2.91669e-05,-3.88645e-05,-4.82714e-05,-5.6593e-05,-6.32437e-05,-6.79012e-05,-7.04638e-05,-7.07742e-05,-6.89532e-05,-6.55604e-05,-6.07132e-05,-5.45703e-05,-4.73293e-05,-3.92237e-05,-3.05166e-05,-2.14939e-05,-1.24532e-05,-3.69204e-06,4.50682e-06,1.18895e-05,1.82454e-05,2.34183e-05,2.73162e-05,2.99146e-05,3.12568e-05,3.14486e-05,3.06483e-05,2.90535e-05,2.6885e-05,2.43705e-05,2.17281e-05,1.91522e-05,1.68027e-05,1.47977e-05,1.32108e-05,1.20727e-05,1.13757e-05,1.10813e-05,1.11297e-05,1.14491e-05,1.19648e-05,1.2607e-05,1.33164e-05,1.40477e-05,1.47711e-05,1.54716e-05,1.6147e-05,1.68052e-05,1.74602e-05,1.81294e-05,1.88303e-05,1.95781e-05,2.03838e-05,2.12536e-05,2.21884e-05,2.31837e-05,2.42299e-05,2.53133e-05,2.64162e-05,2.75179e-05,2.85958e-05,2.96255e-05,3.05829e-05,3.1445e-05,3.21922e-05,3.28105e-05,3.32933e-05,3.3644e-05,3.38776e-05,3.40209e-05,3.41127e-05,3.4201e-05,3.43397e-05,3.45831e-05,3.49791e-05,3.55624e-05,3.63467e-05,3.73186e-05,3.84328e-05,3.96095e-05,4.07358e-05,4.16691e-05,4.22452e-05,4.22884e-05,4.1624e-05,4.00928e-05,3.75645e-05,3.39503e-05,2.92134e-05,2.3375e-05,1.65173e-05,8.78134e-06,3.60769e-07,-8.5075e-06,-1.75555e-05,-2.64977e-05,-3.50446e-05,-4.2916e-05,-4.98519e-05,-5.56225e-05,-6.0035e-05,-6.29398e-05,-6.42343e-05,-6.38662e-05,-6.134e-05,-5.66759e-05,-5.0234e-05,-4.23504e-05,-3.35769e-05,-2.46579e-05,-1.6413e-05,-9.57095e-06,-4.59429e-06,-1.54272e-06,0
0,-1.27373e-06,-4.00532e-06,-8.79738e-06,-1.56759e-05,-2.42439e-05,-3.37925e-05,-4.34654e-05,-5.24333e-05,-6.00337e-05,-6.58459e-05,-6.96761e-05,-7.13253e-05,-7.08678e-05,-6.87732e-05,-6.51339e-05,-6.00895e-05,-5.38246e-05,-4.65646e-05,-3.85708e-05,-3.01318e-05,-2.15534e-05,-1.31459e-05,-5.20938e-06,1.98082e-06,8.18912e-06,1.32324e-05,1.699e-05,1.94096e-05,2.05085e-05,2.03698e-05,1.91346e-05,1.69897e-05,1.41525e-05,1.0855e-05,7.32754e-06,3.78378e-06,4.0871e-07,-2.65007e-06,-5.28708e-06,-7.43978e-06,-9.08571e-06,-1.02369e-05,-1.09322e-05,-1.12289e-05,-1.1194e-05,-1.08968e-05,-1.04024e-05,-9.76745e-06,-9.03735e-06,-8.24558e-06,-7.41411e-06,-6.55509e-06,-5.67308e-06,-4.76758e-06,-3.83548e-06,-2.87319e-06,-1.87836e-06,-8.51048e-07,2.05582e-07,1.285e-06,2.37741e-06,3.47012e-06,4.54812e-06,5.59482e-06,6.59293e-06,7.52561e-06,8.37772e-06,9.13739e-06,9.79773e-06,1.03586e-05,1.08283e-05,1.12251e-05,1.15774e-05,1.19239e-05,1.23118e-05,1.27938e-05,1.34235e-05,1.42499e-05,1.53106e-05,1.66253e-05,1.8189e-05,1.9967e-05,2.18912e-05,2.38599e-05,2.57399e-05,2.73719e-05,2.85795e-05,2.918e-05,2.89978e-05,2.78782e-05,2.57008e-05,2.23912e-05,1.79301e-05,1.23589e-05,5.78052e-06,-1.64327e-06,-9.69918e-06,-1.81327e-05,-2.66609e-05,-3.49864e-05,-4.28115e-05,-4.98519e-05,-5.58481e-05,-6.05755e-05,-6.38525e-05,-6.55461e-05,-6.55763e-05,-6.39193e-05,-6.01799e-05,-5.4435e-05,-4.70861e-05,-3.85494e-05,-2.94479e-05,-2.05646e-05,-1.27113e-05,-6.56112e-06,-2.48804e-06,-4.594e-07,0
0,-2.17333e-08,-1.52013e-06,-5.12941e-06,-1.09744e-05,-1.87749e-05,-2.79175e-05,-3.7593e-05,-4.6964e-05,-5.53116e-05,-6.21299e-05,-6.71375e-05,-7.00913e-05,-7.10122e-05,-7.02733e-05,-6.79352e-05,-6.411e-05,-5.89598e-05,-5.2693e-05,-4.55593e-05,-3.78413e-05,-2.98447e-05,-2.18857e-05,-1.42762e-05,-7.30899e-06,-1.2422e-06,3.71422e-06,7.40976e-06,9.7608e-06,1.07537e-05,1.04429e-05,8.94497e-06,6.42791e-06,3.09773e-06,-8.16969e-07,-5.08086e-06,-9.46698e-06,-1.37698e-05,-1.78152e-05,-2.14672e-05,-2.46307e-05,-2.7251e-05,-2.93102e-05,-3.08216e-05,-3.18224e-05,-3.23665e-05,-3.25168e-05,-3.23392e-05,-3.18975e-05,-3.12493e-05,-3.04446e-05,-2.95242e-05,-2.85203e-05,-2.74576e-05,-2.63544e-05,-2.52245e-05,-2.40783e-05,-2.2925e-05,-2.17731e-05,-2.06311e-05,-1.95084e-05,-1.84151e-05,-1.73616e-05,-1.63587e-05,-1.54165e-05,-1.45437e-05,-1.37467e-05,-1.30284e-05,-1.23867e-05,-1.18135e-05,-1.12935e-05,-1.08029e-05,-1.03094e-05,-9.77241e-06,-9.14449e-06,-8.37369e-06,-7.40743e-06,-6.19736e-06,-4.70511e-06,-2.90846e-06,-8.07449e-07,1.57039e-06,4.16621e-06,6.88824e-06,9.6127e-06,1.21878e-05,1.44407e-05,1.61869e-05,1.72423e-05,1.74361e-05,1.66245e-05,1.4703e-05,1.16171e-05,7.36994e-06,2.02643e-06,-4.28717e-06,-1.13875e-05,-1.90421e-05,-2.69808e-05,-3.49092e-05,-4.25225e-05,-4.95209e-05,-5.56225e-05,-6.05755e-05,-6.41688e-05,-6.62394e-05,-6.66782e-05,-6.54346e-05,-6.2518e-05,-5.76385e-05,-5.09323e-05,-4.28406e-05,-3.38505e-05,-2.46399e-05,-1.60086e-05,-8.73792e-06,-3.42629e-06,-3.48243e-07,6.20262e-07,0
0,1.18295e-06,9.11919e-07,-1.4553e-06,-6.13523e-06,-1.297e-05,-2.1458e-05,-3.08623e-05,-4.03636e-05,-4.92112e-05,-5.68324e-05,-6.28685e-05,-6.70353e-05,-6.92978e-05,-6.99271e-05,-6.8946e-05,-6.64322e-05,-6.25165e-05,-5.73812e-05,-5.12544e-05,-4.44032e-05,-3.71238e-05,-2.97297e-05,-2.25374e-05,-1.5851e-05,-9.94703e-06,-5.05979e-06,-1.36914e-06,1.00852e-06,2.02518e-06,1.70162e-06,1.23212e-07,-2.56839e-06,-6.187e-06,-1.05159e-05,-1.53231e-05,-2.0376e-05,-2.54551e-05,-3.0365e-05,-3.49427e-05,-3.90626e-05,-4.26376e-05,-4.56184e-05,-4.79897e-05,-4.97646e-05,-5.09785e-05,-5.16828e-05,-5.19384e-05,-5.18108e-05,-5.13653e-05,-5.06641e-05,-4.9764e-05,-4.87155e-05,-4.75621e-05,-4.63406e-05,-4.50822e-05,-4.38125e-05,-4.25531e-05,-4.13218e-05,-4.0134e-05,-3.9002e-05,-3.79363e-05,-3.6945e-05,-3.60334e-05,-3.52041e-05,-3.44558e-05,-3.3783e-05,-3.31749e-05,-3.26149e-05,-3.20795e-05,-3.15382e-05,-3.09533e-05,-3.02806e-05,-2.94706e-05,-2.84708e-05,-2.72289e-05,-2.56972e-05,-2.38376e-05,-2.16268e-05,-1.90622e-05,-1.61666e-05,-1.29919e-05,-9.62183e-06,-6.17115e-06,-2.78334e-06,3.7494e-07,3.12195e-06,5.27118e-06,6.64339e-06,7.07933e-06,6.45243e-06,4.68008e-06,1.73276e-06,-2.35999e-06,-7.50725e-06,-1.35585e-05,-2.03093e-05,-2.75104e-05,-3.48795e-05,-4.21156e-05,-4.89131e-05,-5.49767e-05,-6.0035e-05,-6.38525e-05,-6.62394e-05,-6.7059e-05,-6.62334e-05,-6.37466e-05,-5.96449e-05,-5.37472e-05,-4.62473e-05,-3.76188e-05,-2.84056e-05,-1.93202e-05,-1.11566e-05,-4.64321e-06,-2.87681e-07,1.74115e-06,1.65353e-06,0
0,2.29166e-06,3.19258e-06,2.07614e-06,-1.35431e-06,-7.06224e-06,-1.46692e-05,-2.35309e-05,-3.28722e-05,-4.19372e-05,-5.0109e-05,-5.69684e-05,-6.21995e-05,-6.57135e-05,-6.76745e-05,-6.80633e-05,-6.69171e-05,-6.43286e-05,-6.04447e-05,-5.54629e-05,-4.96244e-05,-4.32064e-05,-3.65101e-05,-2.98475e-05,-2.35266e-05,-1.78361e-05,-1.30302e-05,-9.31551e-06,-6.84079e-06,-5.68995e-06,-5.87958e-06,-7.36077e-06,-1.00251e-05,-1.37141e-05,-1.82319e-05,-2.33586e-05,-2.88647e-05,-3.45248e-05,-4.01293e-05,-4.54939e-05,-5.04661e-05,-5.49293e-05,-5.8803e-05,-6.2042e-05,-6.46325e-05,-6.65875e-05,-6.79418e-05,-6.87459e-05,-6.9061e-05,-6.89545e-05,-6.84955e-05,-6.77522e-05,-6.6789e-05,-6.56655e-05,-6.44349e-05,-6.31441e-05,-6.18333e-05,-6.05362e-05,-5.92802e-05,-5.80873e-05,-5.69734e-05,-5.59496e-05,-5.50214e-05,-5.4189e-05,-5.34471e-05,-5.27847e-05,-5.21843e-05,-5.16223e-05,-5.1068e-05,-5.04845e-05,-4.98282e-05,-4.90506e-05,-4.80988e-05,-4.69186e-05,-4.54571e-05,-4.36663e-05,-4.15082e-05,-3.89588e-05,-3.60137e-05,-3.26924e-05,-2.90419e-05,-2.51388e-05,-2.10901e-05,-1.70308e-05,-1.31201e-05,-9.53403e-06,-6.45699e-06,-4.07073e-06,-2.5426e-06,-2.01344e-06,-2.58624e-06,-4.31631e-06,-7.20405e-06,-1.11909e-05,-1.61586e-05,-2.19332e-05,-2.82911e-05,-3.49701e-05,-4.16812e-05,-4.8123e-05,-5.39966e-05,-5.90197e-05,-6.29398e-05,-6.55461e-05,-6.66782e-05,-6.62334e-05,-6.41707e-05,-6.05124e-05,-5.53446e-05,-4.85988e-05,-4.05178e-05,-3.15941e-05,-2.24097e-05,-1.36892e-05,-6.19692e-06,-5.89204e-07,2.72914e-06,3.6961e-06,2.59876e-06,0
0,3.25965e-06,5.22912e-06,5.31947e-06,3.16959e-06,-1.29812e-06,-7.83238e-06,-1.58966e-05,-2.47835e-05,-3.37584e-05,-4.21872e-05,-4.96124e-05,-5.57036e-05,-6.03302e-05,-6.3537e-05,-6.52615e-05,-6.5497e-05,-6.42926e-05,-6.17526e-05,-5.80349e-05,-5.33458e-05,-4.79332e-05,-4.20759e-05,-3.6072e-05,-3.02245e-05,-2.48263e-05,-2.01452e-05,-1.64103e-05,-1.38001e-05,-1.24339e-05,-1.23674e-05,-1.35919e-05,-1.60379e-05,-1.95817e-05,-2.40563e-05,-2.9263e-05,-3.49848e-05,-4.09993e-05,-4.70909e-05,-5.30613e-05,-5.87373e-05,-6.39764e-05,-6.86698e-05,-7.2743e-05,-7.6154e-05,-7.8891e-05,-8.0968e-05,-8.24199e-05,-8.32982e-05,-8.36659e-05,-8.35931e-05,-8.31532e-05,-8.24198e-05,-8.14634e-05,-8.03501e-05,-7.91395e-05,-7.7884e-05,-7.66278e-05,-7.54073e-05,-7.42503e-05,-7.31766e-05,-7.21978e-05,-7.13175e-05,-7.05313e-05,-6.98272e-05,-6.91854e-05,-6.85782e-05,-6.79709e-05,-6.73219e-05,-6.65832e-05,-6.57024e-05,-6.46237e-05,-6.32906e-05,-6.16486e-05,-5.96492e-05,-5.72535e-05,-5.44367e-05,-5.11929e-05,-4.75386e-05,-4.35164e-05,-3.91973e-05,-3.46809e-05,-3.00942e-05,-2.55882e-05,-2.13316e-05,-1.75038e-05,-1.42844e-05,-1.18432e-05,-1.03284e-05,-9.8559e-06,-1.04995e-05,-1.22828e-05,-1.51742e-05,-1.90846e-05,-2.38693e-05,-2.93325e-05,-3.52358e-05,-4.13089e-05,-4.72626e-05,-5.28033e-05,-5.76465e-05,-6.15318e-05,-6.42343e-05,-6.55763e-05,-6.54346e-05,-6.37466e-05,-6.05124e-05,-5.57953e-05,-4.97198e-05,-4.23443e-05,-3.39359e-05,-2.49866e-05,-1.60943e-05,-7.97179e-06,-1.33186e-06,3.25735e-06,5.49995e-06,5.43644e-06,3.41745e-06,0
0,4.04853e-06,6.93916e-06,8.14002e-06,7.24447e-06,4.07441e-06,-1.24246e-06,-8.28548e-06,-1.64335e-05,-2.49988e-05,-3.33578e-05,-4.10428e-05,-4.77359e-05,-5.33022e-05,-5.76211e-05,-6.0598e-05,-6.21828e-05,-6.23771e-05,-6.12371e-05,-5.88741e-05,-5.54509e-05,-5.11766e-05,-4.62983e-05,-4.109e-05,-3.584e-05,-3.08367e-05,-2.63538e-05,-2.26362e-05,-1.98878e-05,-1.8261e-05,-1.78502e-05,-1.86888e-05,-2.07495e-05,-2.39497e-05,-2.81581e-05,-3.32058e-05,-3.88969e-05,-4.50217e-05,-5.13675e-05,-5.77305e-05,-6.39239e-05,-6.97855e-05,-7.51821e-05,-8.00124e-05,-8.42072e-05,-8.77284e-05,-9.05664e-05,-9.27367e-05,-9.42755e-05,-9.52356e-05,-9.56819e-05,-9.56867e-05,-9.53261e-05,-9.46766e-05,-9.38115e-05,-9.27992e-05,-9.17006e-05,-9.05683e-05,-8.94454e-05,-8.8365e-05,-8.73498e-05,-8.64124e-05,-8.55552e-05,-8.47705e-05,-8.4041e-05,-8.33405e-05,-8.26339e-05,-8.18786e-05,-8.10253e-05,-8.002e-05,-7.88053e-05,-7.73234e-05,-7.55189e-05,-7.33423e-05,-7.0754e-05,-6.77279e-05,-6.42562e-05,-6.03527e-05,-5.6056e-05,-5.14314e-05,-4.65718e-05,-4.15964e-05,-3.66476e-05,-3.18862e-05,-2.74843e-05,-2.36165e-05,-2.04508e-05,-1.81373e-05,-1.67986e-05,-1.65199e-05,-1.73411e-05,-1.92512e-05,-2.21851e-05,-2.60238e-05,-3.05977e-05,-3.56934e-05,-4.10626e-05,-4.64336e-05,-5.15248e-05,-5.60581e-05,-5.97727e-05,-6.24382e-05,-6.38662e-05,-6.39193e-05,-6.2518e-05,-5.96449e-05,-5.53446e-05,-4.97198e-05,-4.29207e-05,-3.5187e-05,-2.67417e-05,-1.80556e-05,-9.71899e-06,-2.40918e-06,3.23125e-06,6.73265e-06,7.90792e-06,6.88994e-06,4.0762e-06,0
0,4.62836e-06,8.25519e-06,1.04211e-05,1.0695e-05,8.81784e-06,4.80533e-06,-1.03764e-06,-8.18759e-06,-1.6025e-05,-2.3964e-05,-3.15541e-05,-3.85418e-05,-4.47106e-05,-4.98794e-05,-5.39054e-05,-5.66897e-05,-5.81834e-05,-5.83911e-05,-5.73717e-05,-5.52379e-05,-5.21522e-05,-4.83202e-05,-4.39823e-05,-3.94018e-05,-3.48526e-05,-3.06049e-05,-2.69114e-05,-2.39945e-05,-2.20345e-05,-2.11616e-05,-2.14505e-05,-2.29183e-05,-2.55263e-05,-2.91854e-05,-3.37631e-05,-3.90939e-05,-4.49896e-05,-5.12506e-05,-5.76767e-05,-6.40768e-05,-7.02767e-05,-7.61254e-05,-8.14995e-05,-8.63056e-05,-9.04804e-05,-9.39902e-05,-9.68285e-05,-9.90129e-05,-0.000100581,-0.000101587,-0.000102096,-0.00010218,-0.000101916,-0.00010138,-0.000100642,-9.97695e-05,-9.88191e-05,-9.78386e-05,-9.68646e-05,-9.59223e-05,-9.50253e-05,-9.41754e-05,-9.33632e-05,-9.25684e-05,-9.17608e-05,-9.09013e-05,-8.99433e-05,-8.88343e-05,-8.75182e-05,-8.59381e-05,-8.40388e-05,-8.17708e-05,-7.90937e-05,-7.59804e-05,-7.24207e-05,-6.84251e-05,-6.40275e-05,-5.92874e-05,-5.42903e-05,-4.91468e-05,-4.39902e-05,-3.8972e-05,-3.42551e-05,-3.00071e-05,-2.63902e-05,-2.35524e-05,-2.16178e-05,-2.06771e-05,-2.07801e-05,-2.19303e-05,-2.40805e-05,-2.71328e-05,-3.09409e-05,-3.53146e-05,-4.00284e-05,-4.48311e-05,-4.94577e-05,-5.36426e-05,-5.71323e-05,-5.96984e-05,-6.11493e-05,-6.134e-05,-6.01799e-05,-5.76385e-05,-5.37472e-05,-4.85988e-05,-4.23443e-05,-3.5187e-05,-2.73776e-05,-1.92156e-05,-1.10904e-05,-3.56101e-06,2.75192e-06,7.28947e-06,9.6839e-06,9.84963e-06,7.99619e-06,4.54857e-06,0
0,4.97949e-06,9.12853e-06,1.20705e-05,1.33721e-05,1.27175e-05,1.00299e-05,5.50762e-06,-4.26205e-07,-7.23417e-06,-1.43921e-05,-2.15668e-05,-2.84906e-05,-3.49154e-05,-4.06229e-05,-4.54297e-05,-4.9193e-05,-5.18159e-05,-5.32511e-05,-5.35041e-05,-5.26337e-05,-5.07499e-05,-4.801e-05,-4.46114e-05,-4.0783e-05,-3.67733e-05,-3.28385e-05,-2.92288e-05,-2.61753e-05,-2.38787e-05,-2.24986e-05,-2.21468e-05,-2.28829e-05,-2.47133e-05,-2.75935e-05,-3.14333e-05,-3.61042e-05,-4.14484e-05,-4.72887e-05,-5.34389e-05,-5.97132e-05,-6.59349e-05,-7.19436e-05,-7.76009e-05,-8.2794e-05,-8.74381e-05,-9.14768e-05,-9.48812e-05,-9.7648e-05,-9.97963e-05,-0.000101364,-0.000102404,-0.00010298,-0.00010316,-0.000103017,-0.000102621,-0.000102038,-0.000101325,-0.000100531,-9.96951e-05,-9.88433e-05,-9.799e-05,-9.71374e-05,-9.62757e-05,-9.53841e-05,-9.4432e-05,-9.33798e-05,-9.21812e-05,-9.07855e-05,-8.91397e-05,-8.71921e-05,-8.48951e-05,-8.22095e-05,-7.91077e-05,-7.55779e-05,-7.16273e-05,-6.72846e-05,-6.26027e-05,-5.76587e-05,-5.25537e-05,-4.74103e-05,-4.23687e-05,-3.75814e-05,-3.32055e-05,-2.93953e-05,-2.62928e-05,-2.40194e-05,-2.26667e-05,-2.22898e-05,-2.2901e-05,-2.44665e-05,-2.69049e-05,-3.00892e-05,-3.38506e-05,-3.79855e-05,-4.22641e-05,-4.64411e-05,-5.02677e-05,-5.35034e-05,-5.59283e-05,-5.73545e-05,-5.76357e-05,-5.66759e-05,-5.4435e-05,-5.09323e-05,-4.62473e-05,-4.05178e-05,-3.39359e-05,-2.67417e-05,-1.92156e-05,-1.16656e-05,-4.39924e-06,2.09584e-06,7.27029e-06,1.06545e-05,1.19776e-05,1.12411e-05,8.71021e-06,4.81675e-06,0
0,5.09376e-06,9.53243e-06,1.30267e-05,1.51621e-05,1.5594e-05,1.41789e-05,1.10275e-05,6.47019e-06,9.58955e-07,-5.17434e-06,-1.1645e-05,-1.81828e-05,-2.45312e-05,-3.04539e-05,-3.57419e-05,-4.02191e-05,-4.37485e-05,-4.62373e-05,-4.76407e-05,-4.79643e-05,-4.72642e-05,-4.5645e-05,-4.32553e-05,-4.02811e-05,-3.6936e-05,-3.34512e-05,-3.00628e-05,-2.69997e-05,-2.44715e-05,-2.26581e-05,-2.17006e-05,-2.16951e-05,-2.26899e-05,-2.46845e-05,-2.76329e-05,-3.14478e-05,-3.60082e-05,-4.11676e-05,-4.6763e-05,-5.26238e-05,-5.85808e-05,-6.44736e-05,-7.01574e-05,-7.55072e-05,-8.04222e-05,-8.48267e-05,-8.86712e-05,-9.19313e-05,-9.46057e-05,-9.67133e-05,-9.82898e-05,-9.93837e-05,-0.000100052,-0.000100357,-0.000100361,-0.000100125,-9.97024e-05,-9.91408e-05,-9.8477e-05,-9.77373e-05,-9.69363e-05,-9.60771e-05,-9.51513e-05,-9.41401e-05,-9.30156e-05,-9.17418e-05,-9.02777e-05,-8.85785e-05,-8.65997e-05,-8.42993e-05,-8.16421e-05,-7.86024e-05,-7.51683e-05,-7.13447e-05,-6.71559e-05,-6.26477e-05,-5.78883e-05,-5.2968e-05,-4.79973e-05,-4.31034e-05,-3.84255e-05,-3.41084e-05,-3.02952e-05,-2.71192e-05,-2.46957e-05,-2.31139e-05,-2.24304e-05,-2.26629e-05,-2.37872e-05,-2.57354e-05,-2.83971e-05,-3.16228e-05,-3.52297e-05,-3.90098e-05,-4.2739e-05,-4.61879e-05,-4.91331e-05,-5.13683e-05,-5.27145e-05,-5.30301e-05,-5.22184e-05,-5.0234e-05,-4.70861e-05,-4.28406e-05,-3.76188e-05,-3.15941e-05,-2.49866e-05,-1.80556e-05,-1.10904e-05,-4.39924e-06,1.69784e-06,6.97194e-06,1.09218e-05,1.31629e-05,1.35077e-05,1.20231e-05,9.00567e-06,4.87286e-06,0
0,4.97521e-06,9.46413e-06,1.32627e-05,1.59945e-05,1.73145e-05,1.70436e-05,1.52314e-05,1.21354e-05,7.99034e-06,3.02963e-06,-2.50373e-06,-8.36389e-06,-1.43072e-05,-2.00993e-05,-2.55225e-05,-3.03828e-05,-3.45161e-05,-3.77945e-05,-4.01315e-05,-4.14853e-05,-4.18616e-05,-4.13128e-05,-3.99364e-05,-3.78705e-05,-3.52866e-05,-3.23812e-05,-2.93653e-05,-2.64532e-05,-2.38513e-05,-2.17472e-05,-2.03e-05,-1.9633e-05,-1.98288e-05,-2.09261e-05,-2.29204e-05,-2.57666e-05,-2.93835e-05,-3.36607e-05,-3.84655e-05,-4.36516e-05,-4.90668e-05,-5.45605e-05,-5.99908e-05,-6.52296e-05,-7.0167e-05,-7.47144e-05,-7.88059e-05,-8.23984e-05,-8.54708e-05,-8.8022e-05,-9.00684e-05,-9.16403e-05,-9.27784e-05,-9.35305e-05,-9.39469e-05,-9.40781e-05,-9.39709e-05,-9.36665e-05,-9.31983e-05,-9.25905e-05,-9.18574e-05,-9.10032e-05,-9.00224e-05,-8.89001e-05,-8.76138e-05,-8.6135e-05,-8.44309e-05,-8.24676e-05,-8.02121e-05,-7.76362e-05,-7.47193e-05,-7.14516e-05,-6.78374e-05,-6.38976e-05,-5.96717e-05,-5.52188e-05,-5.06174e-05,-4.59646e-05,-4.13727e-05,-3.69654e-05,-3.28724e-05,-2.92231e-05,-2.61389e-05,-2.37263e-05,-2.20695e-05,-2.12235e-05,-2.12095e-05,-2.20106e-05,-2.35706e-05,-2.57944e-05,-2.85508e-05,-3.1678e-05,-3.49897e-05,-3.82843e-05,-4.1354e-05,-4.39952e-05,-4.60183e-05,-4.72578e-05,-4.75806e-05,-4.68936e-05,-4.51495e-05,-4.23504e-05,-3.85494e-05,-3.38505e-05,-2.84056e-05,-2.24097e-05,-1.60943e-05,-9.71899e-06,-3.56101e-06,2.09584e-06,6.97194e-06,1.08035e-05,1.35118e-05,1.46873e-05,1.42038e-05,1.21666e-05,8.87733e-06,4.71983e-06,0
0,4.63997e-06,8.94563e-06,1.27897e-05,1.58485e-05,1.78037e-05,1.84733e-05,1.78786e-05,1.60994e-05,1.32607e-05,9.52465e-06,5.07842e-06,1.25584e-07,-5.12108e-06,-1.04472e-05,-1.56442e-05,-2.0517e-05,-2.48904e-05,-2.86163e-05,-3.15791e-05,-3.37009e-05,-3.49451e-05,-3.53179e-05,-3.48684e-05,-3.36862e-05,-3.18973e-05,-2.9657e-05,-2.71421e-05,-2.45414e-05,-2.20452e-05,-1.98354e-05,-1.80759e-05,-1.69046e-05,-1.64268e-05,-1.67115e-05,-1.77893e-05,-1.96529e-05,-2.22603e-05,-2.55383e-05,-2.93892e-05,-3.36967e-05,-3.83335e-05,-4.31675e-05,-4.80691e-05,-5.29159e-05,-5.75982e-05,-6.20218e-05,-6.61108e-05,-6.98085e-05,-7.30776e-05,-7.58989e-05,-7.82699e-05,-8.0202e-05,-8.17181e-05,-8.28486e-05,-8.36293e-05,-8.40974e-05,-8.42892e-05,-8.42374e-05,-8.39698e-05,-8.3507e-05,-8.28622e-05,-8.20408e-05,-8.10404e-05,-7.98516e-05,-7.84593e-05,-7.68441e-05,-7.49844e-05,-7.28587e-05,-7.0448e-05,-6.7739e-05,-6.47264e-05,-6.14158e-05,-5.78262e-05,-5.39917e-05,-4.99626e-05,-4.58059e-05,-4.1604e-05,-3.74531e-05,-3.34596e-05,-2.97359e-05,-2.63948e-05,-2.35435e-05,-2.12769e-05,-1.96716e-05,-1.87795e-05,-1.86231e-05,-1.91919e-05,-2.04407e-05,-2.22897e-05,-2.46266e-05,-2.73109e-05,-3.01798e-05,-3.30556e-05,-3.57541e-05,-3.80935e-05,-3.9904e-05,-4.10358e-05,-4.13674e-05,-4.08121e-05,-3.93232e-05,-3.68976e-05,-3.35769e-05,-2.94479e-05,-2.46399e-05,-1.93202e-05,-1.36892e-05,-7.97179e-06,-2.40918e-06,2.75192e-06,7.27029e-06,1.09218e-05,1.35118e-05,1.48897e-05,1.51475e-05,1.40381e-05,1.16762e-05,8.34262e-06,4.37173e-06,0
0,4.11529e-06,8.02279e-06,1.16577e-05,1.47581e-05,1.70543e-05,1.83915e-05,1.87006e-05,1.79834e-05,1.6294e-05,1.37281e-05,1.0414e-05,6.50453e-06,2.16998e-06,-2.40896e-06,-7.04838e-06,-1.15682e-05,-1.5799e-05,-1.95889e-05,-2.28092e-05,-2.53605e-05,-2.71768e-05,-2.82287e-05,-2.85247e-05,-2.81109e-05,-2.70687e-05,-2.55107e-05,-2.3574e-05,-2.14134e-05,-1.91924e-05,-1.70746e-05,-1.5215e-05,-1.37517e-05,-1.27997e-05,-1.24457e-05,-1.27447e-05,-1.37196e-05,-1.53611e-05,-1.76313e-05,-2.04667e-05,-2.37839e-05,-2.74847e-05,-3.14622e-05,-3.56063e-05,-3.9809e-05,-4.39688e-05,-4.79949e-05,-5.18089e-05,-5.53477e-05,-5.85633e-05,-6.14234e-05,-6.39099e-05,-6.60178e-05,-6.77527e-05,-6.91287e-05,-7.01659e-05,-7.08875e-05,-7.13181e-05,-7.14806e-05,-7.13956e-05,-7.10794e-05,-7.05432e-05,-6.97931e-05,-6.88299e-05,-6.76499e-05,-6.62456e-05,-6.46073e-05,-6.27249e-05,-6.05894e-05,-5.81953e-05,-5.55431e-05,-5.26409e-05,-4.95069e-05,-4.61709e-05,-4.26753e-05,-3.90755e-05,-3.54397e-05,-3.18471e-05,-2.83858e-05,-2.51492e-05,-2.2232e-05,-1.97248e-05,-1.7709e-05,-1.62513e-05,-1.53987e-05,-1.51739e-05,-1.5572e-05,-1.65588e-05,-1.80703e-05,-2.0014e-05,-2.22729e-05,-2.47093e-05,-2.71719e-05,-2.95023e-05,-3.15435e-05,-3.31472e-05,-3.41817e-05,-3.45389e-05,-3.41402e-05,-3.29409e-05,-3.09337e-05,-2.81496e-05,-2.46579e-05,-2.05646e-05,-1.60086e-05,-1.11566e-05,-6.19692e-06,-1.33186e-06,3.23125e-06,7.28947e-06,1.06545e-05,1.31629e-05,1.46873e-05,1.51475e-05,1.4522e-05,1.30324e-05,1.05929e-05,7.44172e-06,3.85324e-06,0
0,3.43743e-06,6.76245e-06,9.95392e-06,1.28135e-05,1.51345e-05,1.67647e-05,1.76162e-05,1.7649e-05,1.68674e-05,1.53142e-05,1.30646e-05,1.02214e-05,6.90821e-06,3.26431e-06,-5.61721e-07,-4.41807e-06,-8.15585e-06,-1.16352e-05,-1.47312e-05,-1.73392e-05,-1.93795e-05,-2.08009e-05,-2.15837e-05,-2.17398e-05,-2.13127e-05,-2.03746e-05,-1.90226e-05,-1.73736e-05,-1.5557e-05,-1.37083e-05,-1.19614e-05,-1.04414e-05,-9.25886e-06,-8.50415e-06,-8.24409e-06,-8.51976e-06,-9.34604e-06,-1.07126e-05,-1.25862e-05,-1.49141e-05,-1.7628e-05,-2.06488e-05,-2.38908e-05,-2.72664e-05,-3.06897e-05,-3.40806e-05,-3.73668e-05,-4.04861e-05,-4.33876e-05,-4.60322e-05,-4.83923e-05,-5.04511e-05,-5.22011e-05,-5.36429e-05,-5.4783e-05,-5.56321e-05,-5.62034e-05,-5.65107e-05,-5.65672e-05,-5.63841e-05,-5.59705e-05,-5.53325e-05,-5.44732e-05,-5.33936e-05,-5.2093e-05,-5.05701e-05,-4.88241e-05,-4.68566e-05,-4.46729e-05,-4.22835e-05,-3.97062e-05,-3.69667e-05,-3.40999e-05,-3.11504e-05,-2.81723e-05,-2.5228e-05,-2.23873e-05,-1.9724e-05,-1.73135e-05,-1.52288e-05,-1.35363e-05,-1.22914e-05,-1.15346e-05,-1.12876e-05,-1.15504e-05,-1.22994e-05,-1.3487e-05,-1.50418e-05,-1.68717e-05,-1.88667e-05,-2.09044e-05,-2.28552e-05,-2.45892e-05,-2.59823e-05,-2.69234e-05,-2.73193e-05,-2.71008e-05,-2.62263e-05,-2.46843e-05,-2.24951e-05,-1.97107e-05,-1.6413e-05,-1.27113e-05,-8.73792e-06,-4.64321e-06,-5.89204e-07,3.25735e-06,6.73265e-06,9.6839e-06,1.19776e-05,1.35077e-05,1.42038e-05,1.40381e-05,1.30324e-05,1.12625e-05,8.9941e-06,6.23579e-06,3.19809e-06,0
0,2.64833e-06,5.24693e-06,7.79759e-06,1.01605e-05,1.21878e-05,1.37644e-05,1.48032e-05,1.5249e-05,1.5079e-05,1.43005e-05,1.29489e-05,1.10837e-05,8.78528e-06,6.14999e-06,3.28618e-06,3.09161e-07,-2.66364e-06,-5.51771e-06,-8.14639e-06,-1.04555e-05,-1.23677e-05,-1.38259e-05,-1.47962e-05,-1.52691e-05,-1.52601e-05,-1.48089e-05,-1.39765e-05,-1.28425e-05,-1.14997e-05,-1.00495e-05,-8.59607e-06,-7.24093e-06,-6.07747e-06,-5.1867e-06,-4.63362e-06,-4.46488e-06,-4.70752e-06,-5.36902e-06,-6.4383e-06,-7.8877e-06,-9.67561e-06,-1.17496e-05,-1.40495e-05,-1.65113e-05,-1.90696e-05,-2.16608e-05,-2.42254e-05,-2.67098e-05,-2.90678e-05,-3.1261e-05,-3.32594e-05,-3.5041e-05,-3.65911e-05,-3.79018e-05,-3.89703e-05,-3.97981e-05,-4.03895e-05,-4.07508e-05,-4.08889e-05,-4.08108e-05,-4.05225e-05,-4.00297e-05,-3.93367e-05,-3.84473e-05,-3.73652e-05,-3.60944e-05,-3.46407e-05,-3.30119e-05,-3.12193e-05,-2.92789e-05,-2.72119e-05,-2.50457e-05,-2.2814e-05,-2.05572e-05,-1.83217e-05,-1.61588e-05,-1.41233e-05,-1.22712e-05,-1.06575e-05,-9.33257e-06,-8.33979e-06,-7.71194e-06,-7.46851e-06,-7.61332e-06,-8.13277e-06,-8.99513e-06,-1.01507e-05,-1.15331e-05,-1.30618e-05,-1.46453e-05,-1.61856e-05,-1.75826e-05,-1.87397e-05,-1.95682e-05,-1.99928e-05,-1.99552e-05,-1.94179e-05,-1.83663e-05,-1.68102e-05,-1.47836e-05,-1.23442e-05,-9.57095e-06,-6.56112e-06,-3.42629e-06,-2.87681e-07,2.72914e-06,5.49995e-06,7.90792e-06,9.84963e-06,1.12411e-05,1.20231e-05,1.21666e-05,1.16762e-05,1.05929e-05,8.9941e-06,6.9901e-06,4.80246e-06,2.44608e-06,0
0,1.79062e-06,3.56553e-06,5.33051e-06,7.00275e-06,8.49746e-06,9.73435e-06,1.06462e-05,1.11834e-05,1.13164e-05,1.10362e-05,1.0353e-05,9.2955e-06,7.908e-06,6.2484e-06,4.3851e-06,2.39389e-06,3.54523e-07,-1.65275e-06,-3.55073e-06,-5.26873e-06,-6.74578e-06,-7.93341e-06,-8.798e-06,-9.3223e-06,-9.50619e-06,-9.3665e-06,-8.93599e-06,-8.26136e-06,-7.4005e-06,-6.41924e-06,-5.38759e-06,-4.37602e-06,-3.45172e-06,-2.6753e-06,-2.09807e-06,-1.75994e-06,-1.68819e-06,-1.89697e-06,-2.38756e-06,-3.14931e-06,-4.16108e-06,-5.39311e-06,-6.80908e-06,-8.36828e-06,-1.00277e-05,-1.17441e-05,-1.34756e-05,-1.5183e-05,-1.68315e-05,-1.83904e-05,-1.98345e-05,-2.11436e-05,-2.23025e-05,-2.33006e-05,-2.41314e-05,-2.47915e-05,-2.52803e-05,-2.55992e-05,-2.57506e-05,-2.57381e-05,-2.55653e-05,-2.52364e-05,-2.47554e-05,-2.4127e-05,-2.3356e-05,-2.24486e-05,-2.14123e-05,-2.02565e-05,-1.89934e-05,-1.76383e-05,-1.62101e-05,-1.47316e-05,-1.32294e-05,-1.17341e-05,-1.02794e-05,-8.90131e-06,-7.63696e-06,-6.52308e-06,-5.59412e-06,-4.88032e-06,-4.4057e-06,-4.18606e-06,-4.22735e-06,-4.52434e-06,-5.05984e-06,-5.80457e-06,-6.7177e-06,-7.74818e-06,-8.83668e-06,-9.91824e-06,-1.09253e-05,-1.17911e-05,-1.24532e-05,-1.28567e-05,-1.29575e-05,-1.27248e-05,-1.2143e-05,-1.12128e-05,-9.95168e-06,-8.39342e-06,-6.58695e-06,-4.59429e-06,-2.48804e-06,-3.48243e-07,1.74115e-06,3.6961e-06,5.43644e-06,6.88994e-06,7.99619e-06,8.71021e-06,9.00567e-06,8.87733e-06,8.34262e-06,7.44172e-06,6.23579e-06,4.80246e-06,3.22797e-06,1.63842e-06,0
0,9.00758e-07,1.80205e-06,2.7036e-06,3.57398e-06,4.37323e-06,5.06051e-06,5.59922e-06,5.96023e-06,6.12359e-06,6.07936e-06,5.8276e-06,5.37796e-06,4.74883e-06,3.96621e-06,3.06237e-06,2.07432e-06,1.04206e-06,6.81654e-09,-9.90796e-07,-1.91264e-06,-2.72479e-06,-3.3991e-06,-3.91452e-06,-4.25811e-06,-4.42558e-06,-4.42145e-06,-4.25865e-06,-3.95777e-06,-3.54578e-06,-3.05449e-06,-2.51873e-06,-1.97445e-06,-1.4568e-06,-9.98402e-07,-6.278e-07,-3.68284e-07,-2.37062e-07,-2.44841e-07,-3.95778e-07,-6.87794e-07,-1.11316e-06,-1.65934e-06,-2.30992e-06,-3.04571e-06,-3.84575e-06,-4.68833e-06,-5.55191e-06,-6.41588e-06,-7.26122e-06,-8.07092e-06,-8.83029e-06,-9.52711e-06,-1.01516e-05,-1.06965e-05,-1.11563e-05,-1.15279e-05,-1.18092e-05,-1.19998e-05,-1.21e-05,-1.21111e-05,-1.20347e-05,-1.18729e-05,-1.16284e-05,-1.13041e-05,-1.09037e-05,-1.04315e-05,-9.89279e-06,-9.29404e-06,-8.64315e-06,-7.94962e-06,-7.22473e-06,-6.4816e-06,-5.73513e-06,-5.00184e-06,-4.29946e-06,-3.6465e-06,-3.06151e-06,-2.56228e-06,-2.16494e-06,-1.88295e-06,-1.72615e-06,-1.69987e-06,-1.80412e-06,-2.03315e-06,-2.37514e-06,-2.81232e-06,-3.32142e-06,-3.87443e-06,-4.4398e-06,-4.9838e-06,-5.47222e-06,-5.87205e-06,-6.15326e-06,-6.2905e-06,-6.2645e-06,-6.06327e-06,-5.68294e-06,-5.12815e-06,-4.41202e-06,-3.55578e-06,-2.58785e-06,-1.54272e-06,-4.594e-07,6.20262e-07,1.65353e-06,2.59876e-06,3.41745e-06,4.0762e-06,4.54857e-06,4.81675e-06,4.87286e-06,4.71983e-06,4.37173e-06,3.85324e-06,3.19809e-06,2.44608e-06,1.63842e-06,8.1135e-07,0
0,0,0,0,0,0,0,0,0,0,0,0,0,0,0,0,0,0,0,0,0,0,0,0,0,0,0,0,0,0,0,0,0,0,0,0,0,0,0,0,0,0,0,0,0,0,0,0,0,0,0,0,0,0,0,0,0,0,0,0,0,0,0,0,0,0,0,0,0,0,0,0,0,0,0,0,0,0,0,0,0,0,0,0,0,0,0,0,0,0,0,0,0,0,0,0,0,0,0,0,0,0,0,0,0,0,0,0,0,0,0,0,0,0,0,0,0,0,0,0
