0,0,0,0,0,0,0,0,0,0,0,0,0,0,0,0,0,0,0,0,0,0,0,0,0,0,0,0,0,0,0,0,0,0,0,0,0,0,0,0,0,0,0,0,0,0,0,0,0,0,0,0,0,0,0,0,0,0,0,0,0,0,0,0,0,0,0,0,0,0,0,0,0,0,0,0,0,0,0,0,0,0,0,0,0,0,0,0,0,0,0,0,0,0,0,0,0,0,0,0,0,0,0,0,0,0,0,0,0,0,0,0,0,0,0,0,0,0,0,0
0,6.75411e-07,1.42185e-06,2.20988e-06,3.00849e-06,3.78204e-06,4.49649e-06,5.12347e-06,5.6425e-06,6.04206e-06,6.31963e-06,6.48106e-06,6.53957e-06,6.51435e-06,6.42897e-06,6.3097e-06,6.1838e-06,6.07778e-06,6.01591e-06,6.01884e-06,6.10253e-06,6.27748e-06,6.54836e-06,6.91396e-06,7.36753e-06,7.89748e-06,8.4883e-06,9.12171e-06,9.77798e-06,1.04372e-05,1.10806e-05,1.16917e-05,1.22568e-05,1.27665e-05,1.3215e-05,1.36011e-05,1.3927e-05,1.41989e-05,1.44251e-05,1.46163e-05,1.47839e-05,1.49396e-05,1.50941e-05,1.52571e-05,1.54361e-05,1.56362e-05,1.58599e-05,1.6107e-05,1.63746e-05,1.66573e-05,1.69477e-05,1.72365e-05,1.75132e-05,1.77664e-05,1.79849e-05,1.81577e-05,1.82748e-05,1.8328e-05,1.83109e-05,1.82198e-05,1.80537e-05,1.78143e-05,1.75063e-05,1.7137e-05,1.67164e-05,1.62561e-05,1.57693e-05,1.527e-05,1.47722e-05,1.42897e-05,1.3835e-05,1.3419e-05,1.30503e-05,1.27352e-05,1.2477e-05,1.2276e-05,1.21296e-05,1.20322e-05,1.19755e-05,1.19489e-05,1.19402e-05,1.19357e-05,1.19215e-05,1.18841e-05,1.18111e-05,1.16924e-05,1.15206e-05,1.12917e-05,1.10057e-05,1.06664e-05,1.02815e-05,9.86237e-06,9.42274e-06,8.97839e-06,8.54577e-06,8.14086e-06,7.77795e-06,7.46855e-06,7.22044e-06,7.03695e-06,6.91651e-06,6.85261e-06,6.83403e-06,6.84536e-06,6.86791e-06,6.88076e-06,6.8621e-06,6.79057e-06,6.64681e-06,6.41486e-06,6.0836e-06,5.64793e-06,5.10977e-06,4.47863e-06,3.77158e-06,3.01237e-06,2.22944e-06,1.45222e-06,7.05338e-07,0
0,1.42185e-06,2.97738e-06,4.62112e-06,6.26223e-06,7.82855e-06,9.25391e-06,1.04852e-05,1.14862e-05,1.22388e-05,1.27426e-05,1.30138e-05,1.30827e-05,1.29907e-05,1.27872e-05,1.25265e-05,1.22638e-05,1.2052e-05,1.19386e-05,1.19631e-05,1.21549e-05,1.25318e-05,1.30996e-05,1.38521e-05,1.47724e-05,1.58341e-05,1.70036e-05,1.82427e-05,1.95114e-05,2.07703e-05,2.19834e-05,2.312e-05,2.41566e-05,2.50777e-05,2.58764e-05,2.65539e-05,2.71193e-05,2.75878e-05,2.79794e-05,2.83172e-05,2.86255e-05,2.89277e-05,2.92456e-05,2.9597e-05,2.99955e-05,3.04494e-05,3.09615e-05,3.15288e-05,3.21431e-05,3.27912e-05,3.34555e-05,3.41153e-05,3.47473e-05,3.53271e-05,3.583e-05,3.62325e-05,3.65134e-05,3.66549e-05,3.66436e-05,3.64711e-05,3.61351e-05,3.5639e-05,3.49922e-05,3.42101e-05,3.33128e-05,3.23249e-05,3.1274e-05,3.01896e-05,2.91018e-05,2.80399e-05,2.70314e-05,2.61003e-05,2.52666e-05,2.45452e-05,2.39454e-05,2.34703e-05,2.31169e-05,2.2876e-05,2.27326e-05,2.26667e-05,2.26539e-05,2.2667e-05,2.26771e-05,2.26557e-05,2.25758e-05,2.24143e-05,2.21533e-05,2.17815e-05,2.12953e-05,2.06993e-05,2.00063e-05,1.92364e-05,1.84161e-05,1.75763e-05,1.67504e-05,1.59713e-05,1.52694e-05,1.46699e-05,1.41908e-05,1.3841e-05,1.36198e-05,1.35158e-05,1.35077e-05,1.35654e-05,1.36514e-05,1.3723e-05,1.37355e-05,1.36444e-05,1.34086e-05,1.29938e-05,1.23747e-05,1.15382e-05,1.04848e-05,9.2304e-06,7.80638e-06,6.25853e-06,4.64372e-06,3.02371e-06,1.45502e-06,0
0,2.20988e-06,4.62112e-06,7.16179e-06,9.6735e-06,1.20291e-05,1.41331e-05,1.59146e-05,1.73299e-05,1.83631e-05,1.90245e-05,1.93477e-05,1.93854e-05,1.92051e-05,1.88842e-05,1.85046e-05,1.81473e-05,1.78883e-05,1.7793e-05,1.79137e-05,1.8286e-05,1.89279e-05,1.98394e-05,2.10029e-05,2.23859e-05,2.39435e-05,2.56222e-05,2.73639e-05,2.91102e-05,3.08061e-05,3.24037e-05,3.38651e-05,3.5164e-05,3.62869e-05,3.72329e-05,3.80132e-05,3.86489e-05,3.91693e-05,3.9609e-05,4.00053e-05,4.03953e-05,4.08136e-05,4.12903e-05,4.18489e-05,4.25053e-05,4.32674e-05,4.41342e-05,4.50965e-05,4.61372e-05,4.7232e-05,4.8351e-05,4.94593e-05,5.05194e-05,5.14919e-05,5.23379e-05,5.30204e-05,5.35065e-05,5.37681e-05,5.37844e-05,5.35423e-05,5.30375e-05,5.22749e-05,5.12688e-05,5.0042e-05,4.86254e-05,4.70562e-05,4.5377e-05,4.36334e-05,4.18725e-05,4.01407e-05,3.84819e-05,3.69359e-05,3.55365e-05,3.43106e-05,3.32768e-05,3.2445e-05,3.18157e-05,3.13798e-05,3.11194e-05,3.1008e-05,3.10119e-05,3.10917e-05,3.12041e-05,3.13046e-05,3.13497e-05,3.12998e-05,3.1122e-05,3.0792e-05,3.02966e-05,2.96345e-05,2.8817e-05,2.78673e-05,2.68194e-05,2.57154e-05,2.46028e-05,2.35309e-05,2.25466e-05,2.1691e-05,2.09956e-05,2.04796e-05,2.01475e-05,1.99886e-05,1.99765e-05,2.00708e-05,2.02188e-05,2.0359e-05,2.04247e-05,2.03485e-05,2.00663e-05,1.95225e-05,1.86736e-05,1.7493e-05,1.59737e-05,1.41314e-05,1.20058e-05,9.65992e-06,7.17767e-06,4.65679e-06,2.24536e-06,0
0,3.00849e-06,6.26223e-06,9.6735e-06,1.30654e-05,1.61686e-05,1.88831e-05,2.11292e-05,2.2867e-05,2.40928e-05,2.48363e-05,2.51549e-05,2.5128e-05,2.48513e-05,2.44292e-05,2.39688e-05,2.35729e-05,2.33337e-05,2.33276e-05,2.36113e-05,2.42186e-05,2.51594e-05,2.64205e-05,2.79674e-05,2.97478e-05,3.16965e-05,3.37402e-05,3.58036e-05,3.78148e-05,3.97097e-05,4.14368e-05,4.29597e-05,4.42587e-05,4.53311e-05,4.61906e-05,4.68646e-05,4.7392e-05,4.78193e-05,4.81974e-05,4.85773e-05,4.90075e-05,4.95303e-05,5.01802e-05,5.09816e-05,5.19481e-05,5.3082e-05,5.43744e-05,5.58058e-05,5.73468e-05,5.89597e-05,6.06001e-05,6.22183e-05,6.37614e-05,6.51754e-05,6.64072e-05,6.7407e-05,6.81302e-05,6.85395e-05,6.86068e-05,6.83142e-05,6.76558e-05,6.66373e-05,6.5277e-05,6.36043e-05,6.16596e-05,5.94918e-05,5.71571e-05,5.47165e-05,5.22334e-05,4.97711e-05,4.73907e-05,4.51485e-05,4.30945e-05,4.127e-05,3.97066e-05,3.84246e-05,3.74328e-05,3.67274e-05,3.62923e-05,3.60997e-05,3.61107e-05,3.62774e-05,3.65448e-05,3.68536e-05,3.71436e-05,3.73569e-05,3.7442e-05,3.73569e-05,3.70723e-05,3.6574e-05,3.58642e-05,3.49614e-05,3.38998e-05,3.27264e-05,3.14981e-05,3.02768e-05,2.91246e-05,2.80986e-05,2.72458e-05,2.65988e-05,2.61726e-05,2.59622e-05,2.5942e-05,2.60671e-05,2.62749e-05,2.64896e-05,2.66262e-05,2.65959e-05,2.63125e-05,2.56976e-05,2.46869e-05,2.32353e-05,2.13222e-05,1.89557e-05,1.61755e-05,1.30553e-05,9.7014e-06,6.31054e-06,3.05614e-06,0
0,3.78204e-06,7.82855e-06,1.20291e-05,1.61686e-05,1.99961e-05,2.32085e-05,2.57985e-05,2.77418e-05,2.90579e-05,2.9803e-05,3.00627e-05,2.99451e-05,2.95723e-05,2.90727e-05,2.85727e-05,2.81895e-05,2.80235e-05,2.81532e-05,2.86305e-05,2.94792e-05,3.0694e-05,3.22429e-05,3.40707e-05,3.61044e-05,3.82593e-05,4.04464e-05,4.25788e-05,4.45787e-05,4.63822e-05,4.79438e-05,4.92386e-05,5.02629e-05,5.10333e-05,5.15844e-05,5.19653e-05,5.22349e-05,5.24579e-05,5.26999e-05,5.30228e-05,5.34818e-05,5.41217e-05,5.49754e-05,5.60625e-05,5.73885e-05,5.89454e-05,6.0712e-05,6.26554e-05,6.47323e-05,6.68905e-05,6.90712e-05,7.12107e-05,7.32427e-05,7.51005e-05,7.67195e-05,7.80394e-05,7.90064e-05,7.95759e-05,7.97139e-05,7.93988e-05,7.86227e-05,7.73916e-05,7.57262e-05,7.36607e-05,7.12417e-05,6.85271e-05,6.55834e-05,6.24835e-05,5.93041e-05,5.61232e-05,5.3017e-05,5.00578e-05,4.73114e-05,4.48347e-05,4.26745e-05,4.08652e-05,3.94279e-05,3.83691e-05,3.76807e-05,3.73391e-05,3.7307e-05,3.75335e-05,3.7957e-05,3.85079e-05,3.91115e-05,3.96933e-05,4.01822e-05,4.0516e-05,4.06451e-05,4.05365e-05,4.01758e-05,3.95692e-05,3.87426e-05,3.774e-05,3.66201e-05,3.54516e-05,3.4307e-05,3.32568e-05,3.23629e-05,3.16726e-05,3.12139e-05,3.0992e-05,3.09876e-05,3.11571e-05,3.14348e-05,3.17362e-05,3.19635e-05,3.20112e-05,3.17736e-05,3.11511e-05,3.00573e-05,2.84263e-05,2.62181e-05,2.34255e-05,2.00793e-05,1.62532e-05,1.2124e-05,7.92278e-06,3.85809e-06,0
0,4.49649e-06,9.25391e-06,1.41331e-05,1.88831e-05,2.32085e-05,2.68848e-05,2.96682e-05,3.16814e-05,3.29759e-05,3.36397e-05,3.37882e-05,3.35559e-05,3.30872e-05,3.25277e-05,3.20154e-05,3.16723e-05,3.15981e-05,3.18639e-05,3.25092e-05,3.35405e-05,3.49327e-05,3.66324e-05,3.85636e-05,4.06348e-05,4.2747e-05,4.4802e-05,4.67101e-05,4.83972e-05,4.98098e-05,5.09184e-05,5.17186e-05,5.22305e-05,5.24957e-05,5.25735e-05,5.25356e-05,5.24606e-05,5.24282e-05,5.25139e-05,5.27848e-05,5.32957e-05,5.40872e-05,5.51836e-05,5.65931e-05,5.83081e-05,6.0306e-05,6.25508e-05,6.49949e-05,6.75809e-05,7.02439e-05,7.29132e-05,7.55148e-05,7.79732e-05,8.02139e-05,8.21655e-05,8.37619e-05,8.49446e-05,8.56649e-05,8.58856e-05,8.55828e-05,8.47468e-05,8.33831e-05,8.15123e-05,7.91699e-05,7.64048e-05,7.32784e-05,6.9862e-05,6.62348e-05,6.24816e-05,5.86893e-05,5.49452e-05,5.13339e-05,4.79345e-05,4.4819e-05,4.20493e-05,3.96755e-05,3.77344e-05,3.62471e-05,3.52187e-05,3.4637e-05,3.44726e-05,3.46795e-05,3.5197e-05,3.59514e-05,3.68604e-05,3.78366e-05,3.87929e-05,3.96476e-05,4.03301e-05,4.07851e-05,4.09772e-05,4.08931e-05,4.05431e-05,3.99595e-05,3.91944e-05,3.83149e-05,3.73971e-05,3.65193e-05,3.5754e-05,3.51614e-05,3.47828e-05,3.46356e-05,3.47106e-05,3.49707e-05,3.53529e-05,3.57708e-05,3.61203e-05,3.62857e-05,3.61467e-05,3.55864e-05,3.44983e-05,3.27946e-05,3.04126e-05,2.73231e-05,2.35374e-05,1.91483e-05,1.43563e-05,9.43278e-06,4.62037e-06,0
0,5.12347e-06,1.04852e-05,1.59146e-05,2.11292e-05,2.57985e-05,2.96682e-05,3.26315e-05,3.45697e-05,3.57281e-05,3.6228e-05,3.62128e-05,3.58382e-05,3.52637e-05,3.46433e-05,3.4117e-05,3.38029e-05,3.37904e-05,3.4136e-05,3.48605e-05,3.59496e-05,3.73566e-05,3.90079e-05,4.08103e-05,4.26598e-05,4.44508e-05,4.60852e-05,4.74805e-05,4.85767e-05,4.93399e-05,4.97649e-05,4.98745e-05,4.97167e-05,4.93602e-05,4.88886e-05,4.83936e-05,4.79683e-05,4.7701e-05,4.76698e-05,4.79387e-05,4.85541e-05,4.95443e-05,5.09185e-05,5.2668e-05,5.47676e-05,5.7178e-05,5.98475e-05,6.27148e-05,6.57113e-05,6.8763e-05,7.17927e-05,7.47222e-05,7.74734e-05,7.9971e-05,8.21435e-05,8.39256e-05,8.52599e-05,8.60981e-05,8.64034e-05,8.61513e-05,8.5331e-05,8.39459e-05,8.20139e-05,7.95673e-05,7.66518e-05,7.33255e-05,6.96575e-05,6.57257e-05,6.16147e-05,5.74137e-05,5.3214e-05,4.91065e-05,4.51795e-05,4.1516e-05,3.81915e-05,3.52717e-05,3.28098e-05,3.08448e-05,2.93993e-05,2.8478e-05,2.80667e-05,2.81321e-05,2.86227e-05,2.94699e-05,3.05914e-05,3.18953e-05,3.32847e-05,3.46635e-05,3.59426e-05,3.70456e-05,3.79143e-05,3.85125e-05,3.88289e-05,3.8877e-05,3.86941e-05,3.83371e-05,3.7877e-05,3.73917e-05,3.69582e-05,3.66446e-05,3.65023e-05,3.65602e-05,3.682e-05,3.72547e-05,3.78082e-05,3.83983e-05,3.89212e-05,3.92577e-05,3.92798e-05,3.88586e-05,3.7872e-05,3.62118e-05,3.37917e-05,3.0555e-05,2.64799e-05,2.16615e-05,1.63293e-05,1.07897e-05,5.31561e-06,0
0,5.6425e-06,1.14862e-05,1.73299e-05,2.2867e-05,2.77418e-05,3.16814e-05,3.45697e-05,3.64586e-05,3.73707e-05,3.76281e-05,3.73956e-05,3.68427e-05,3.61351e-05,3.5426e-05,3.4848e-05,3.45068e-05,3.44751e-05,3.47894e-05,3.54493e-05,3.64191e-05,3.76331e-05,3.90019e-05,4.0422e-05,4.17853e-05,4.29893e-05,4.39462e-05,4.45905e-05,4.48848e-05,4.48224e-05,4.44275e-05,4.37527e-05,4.28743e-05,4.18857e-05,4.089e-05,3.99922e-05,3.9292e-05,3.88774e-05,3.88199e-05,3.91708e-05,3.99604e-05,4.1197e-05,4.28692e-05,4.49473e-05,4.73866e-05,5.01306e-05,5.31135e-05,5.62637e-05,5.95059e-05,6.27633e-05,6.59595e-05,6.90196e-05,7.18715e-05,7.44471e-05,7.66832e-05,7.85226e-05,7.99151e-05,8.08187e-05,8.12004e-05,8.10373e-05,8.03179e-05,7.9042e-05,7.72218e-05,7.48815e-05,7.20574e-05,6.87973e-05,6.51596e-05,6.12121e-05,5.70308e-05,5.26981e-05,4.83012e-05,4.39301e-05,3.96755e-05,3.56265e-05,3.18684e-05,2.84796e-05,2.55295e-05,2.30756e-05,2.11606e-05,1.98104e-05,1.90317e-05,1.88111e-05,1.91144e-05,1.98873e-05,2.10574e-05,2.25375e-05,2.42301e-05,2.60326e-05,2.78441e-05,2.95718e-05,3.11368e-05,3.24803e-05,3.35668e-05,3.43868e-05,3.49562e-05,3.53138e-05,3.55171e-05,3.56352e-05,3.57412e-05,3.59038e-05,3.6179e-05,3.66033e-05,3.71879e-05,3.79154e-05,3.87394e-05,3.95856e-05,4.03559e-05,4.09338e-05,4.11904e-05,4.09918e-05,4.02054e-05,3.87073e-05,3.63891e-05,3.31258e-05,2.88766e-05,2.37502e-05,1.79991e-05,1.19574e-05,5.92302e-06,0
0,6.04206e-06,1.22388e-05,1.83631e-05,2.40928e-05,2.90579e-05,3.29759e-05,3.57281e-05,3.73707e-05,3.80964e-05,3.80395e-05,3.75357e-05,3.67589e-05,3.58721e-05,3.50183e-05,3.43155e-05,3.38507e-05,3.36759e-05,3.38063e-05,3.42209e-05,3.48663e-05,3.56627e-05,3.65127e-05,3.73114e-05,3.79563e-05,3.83578e-05,3.84477e-05,3.81856e-05,3.75631e-05,3.66042e-05,3.53641e-05,3.39237e-05,3.23835e-05,3.08553e-05,2.94537e-05,2.82878e-05,2.74537e-05,2.70289e-05,2.70684e-05,2.76028e-05,2.86382e-05,3.0158e-05,3.21258e-05,3.44893e-05,3.71843e-05,4.01389e-05,4.3277e-05,4.65216e-05,4.97973e-05,5.3032e-05,5.61578e-05,5.9112e-05,6.18373e-05,6.42815e-05,6.63978e-05,6.81445e-05,6.94853e-05,7.03891e-05,7.08306e-05,7.07908e-05,7.02574e-05,6.92255e-05,6.76983e-05,6.56875e-05,6.32139e-05,6.03075e-05,5.70083e-05,5.33653e-05,4.94368e-05,4.52897e-05,4.09984e-05,3.66441e-05,3.23124e-05,2.80924e-05,2.40735e-05,2.03435e-05,1.69852e-05,1.40733e-05,1.16714e-05,9.82848e-06,8.5761e-06,7.92594e-06,7.86819e-06,8.37099e-06,9.3811e-06,1.08261e-05,1.26177e-05,1.46571e-05,1.68405e-05,1.90662e-05,2.12409e-05,2.32866e-05,2.51454e-05,2.67833e-05,2.81916e-05,2.93859e-05,3.04029e-05,3.12949e-05,3.21227e-05,3.29476e-05,3.38228e-05,3.47863e-05,3.58539e-05,3.70158e-05,3.82341e-05,3.94438e-05,4.05557e-05,4.14604e-05,4.20345e-05,4.21455e-05,4.16567e-05,4.04347e-05,3.82939e-05,3.50744e-05,3.07387e-05,2.54067e-05,1.93479e-05,1.29169e-05,6.42995e-06,0
0,6.31963e-06,1.27426e-05,1.90245e-05,2.48363e-05,2.9803e-05,3.36397e-05,3.6228e-05,3.76281e-05,3.80395e-05,3.77366e-05,3.69088e-05,3.58543e-05,3.47264e-05,3.36499e-05,3.27217e-05,3.20076e-05,3.15385e-05,3.13103e-05,3.12856e-05,3.13991e-05,3.15653e-05,3.16878e-05,3.16697e-05,3.14237e-05,3.0882e-05,3.00032e-05,2.87772e-05,2.72273e-05,2.54087e-05,2.34046e-05,2.13191e-05,1.92697e-05,1.73774e-05,1.57582e-05,1.45142e-05,1.37277e-05,1.34556e-05,1.37279e-05,1.45469e-05,1.58894e-05,1.77101e-05,1.99464e-05,2.25235e-05,2.536e-05,2.83723e-05,3.14788e-05,3.46037e-05,3.76784e-05,4.06431e-05,4.34471e-05,4.60482e-05,4.84118e-05,5.05099e-05,5.23192e-05,5.38203e-05,5.49961e-05,5.5831e-05,5.63107e-05,5.64213e-05,5.61503e-05,5.54867e-05,5.44219e-05,5.29511e-05,5.10744e-05,4.8798e-05,4.61361e-05,4.31115e-05,3.97568e-05,3.61152e-05,3.22405e-05,2.8197e-05,2.40584e-05,1.99069e-05,1.58305e-05,1.19212e-05,8.27141e-06,4.97062e-06,2.10165e-06,-2.63298e-07,-2.06643e-06,-3.2678e-06,-3.84814e-06,-3.81068e-06,-3.18184e-06,-2.01046e-06,-3.65463e-07,1.66792e-06,3.99341e-06,6.50986e-06,9.11812e-06,1.17278e-05,1.42632e-05,1.66685e-05,1.89104e-05,2.09789e-05,2.28857e-05,2.46603e-05,2.63438e-05,2.79823e-05,2.96183e-05,3.12836e-05,3.29926e-05,3.47375e-05,3.64859e-05,3.81802e-05,3.97402e-05,4.10667e-05,4.20459e-05,4.25535e-05,4.24537e-05,4.15486e-05,3.96084e-05,3.64739e-05,3.21127e-05,2.66548e-05,2.0383e-05,1.36661e-05,6.83245e-06,0
0,6.48106e-06,1.30138e-05,1.93477e-05,2.51549e-05,3.00627e-05,3.37882e-05,3.62128e-05,3.73956e-05,3.75357e-05,3.69088e-05,3.57959e-05,3.44049e-05,3.29703e-05,3.15841e-05,3.03194e-05,2.92206e-05,2.83009e-05,2.75416e-05,2.6896e-05,2.62954e-05,2.56576e-05,2.48964e-05,2.39322e-05,2.27015e-05,2.11644e-05,1.93111e-05,1.71639e-05,1.47771e-05,1.22337e-05,9.63899e-06,7.11256e-06,4.77895e-06,2.758e-06,1.15584e-06,5.73504e-08,-4.79415e-07,-4.2628e-07,2.14466e-07,1.4119e-06,3.11034e-06,5.23467e-06,7.69666e-06,1.04014e-05,1.32537e-05,1.61632e-05,1.90492e-05,2.18429e-05,2.44901e-05,2.69505e-05,2.91979e-05,3.12178e-05,3.30055e-05,3.45633e-05,3.58976e-05,3.7016e-05,3.7925e-05,3.86279e-05,3.91231e-05,3.94035e-05,3.94562e-05,3.9263e-05,3.88017e-05,3.80479e-05,3.6977e-05,3.55668e-05,3.38001e-05,3.16676e-05,2.91701e-05,2.63204e-05,2.3145e-05,1.96847e-05,1.59951e-05,1.21452e-05,8.21603e-06,4.29866e-06,4.90572e-07,-3.10773e-06,-6.39699e-06,-9.28358e-06,-1.16841e-05,-1.35295e-05,-1.47694e-05,-1.53744e-05,-1.5339e-05,-1.46813e-05,-1.34429e-05,-1.16861e-05,-9.48995e-06,-6.94472e-06,-4.14598e-06,-1.18769e-06,1.84418e-06,4.87729e-06,7.85704e-06,1.07489e-05,1.35382e-05,1.62282e-05,1.88354e-05,2.13836e-05,2.38975e-05,2.63952e-05,2.8882e-05,3.13456e-05,3.3753e-05,3.605e-05,3.81628e-05,4.00024e-05,4.14687e-05,4.24551e-05,4.2778e-05,4.21854e-05,4.04512e-05,3.74208e-05,3.30711e-05,2.75436e-05,2.11332e-05,1.42187e-05,7.13478e-06,0
0,6.53957e-06,1.30827e-05,1.93854e-05,2.5128e-05,2.99451e-05,3.35559e-05,3.58382e-05,3.68427e-05,3.67589e-05,3.58543e-05,3.44049e-05,3.26826e-05,3.09218e-05,2.91753e-05,2.74967e-05,2.5915e-05,2.44314e-05,2.30208e-05,2.16356e-05,2.02131e-05,1.86836e-05,1.69805e-05,1.50493e-05,1.28561e-05,1.03938e-05,7.68543e-06,4.78468e-06,1.77348e-06,-1.24368e-06,-4.14735e-06,-6.81234e-06,-9.11755e-06,-1.09555e-05,-1.22403e-05,-1.29144e-05,-1.29522e-05,-1.23612e-05,-1.11806e-05,-9.47772e-06,-7.34163e-06,-4.87663e-06,-2.19439e-06,5.936e-07,3.38291e-06,6.08192e-06,8.61603e-06,1.09303e-05,1.29905e-05,1.47823e-05,1.63094e-05,1.75906e-05,1.8656e-05,1.95425e-05,2.02899e-05,2.0936e-05,2.15133e-05,2.20456e-05,2.25454e-05,2.30127e-05,2.34342e-05,2.3784e-05,2.40248e-05,2.41109e-05,2.39905e-05,2.36102e-05,2.29183e-05,2.18695e-05,2.04283e-05,1.85729e-05,1.62977e-05,1.36154e-05,1.05581e-05,7.17697e-06,3.54127e-06,-2.63673e-07,-4.13956e-06,-7.97895e-06,-1.16696e-05,-1.50994e-05,-1.81612e-05,-2.07583e-05,-2.28087e-05,-2.42492e-05,-2.5039e-05,-2.51614e-05,-2.46245e-05,-2.346e-05,-2.17209e-05,-1.94775e-05,-1.68118e-05,-1.38118e-05,-1.0565e-05,-7.15256e-06,-3.6445e-06,-9.6173e-08,3.45314e-06,6.97962e-06,1.04723e-05,1.39286e-05,1.73491e-05,2.0731e-05,2.40631e-05,2.73208e-05,3.04634e-05,3.34333e-05,3.61583e-05,3.85556e-05,4.05415e-05,4.20242e-05,4.2764e-05,4.24788e-05,4.09473e-05,3.80254e-05,3.37045e-05,2.81417e-05,2.16451e-05,1.46017e-05,7.34842e-06,0
0,6.51435e-06,1.29907e-05,1.92051e-05,2.48513e-05,2.95723e-05,3.30872e-05,3.52637e-05,3.61351e-05,3.58721e-05,3.47264e-05,3.29703e-05,3.09218e-05,2.88346e-05,2.66922e-05,2.45385e-05,2.23952e-05,2.02608e-05,1.81125e-05,1.59119e-05,1.36112e-05,1.11624e-05,8.52605e-06,5.67903e-06,2.62125e-06,-6.20291e-07,-3.99035e-06,-7.40722e-06,-1.07674e-05,-1.39526e-05,-1.68387e-05,-1.93054e-05,-2.12458e-05,-2.25749e-05,-2.32371e-05,-2.321e-05,-2.25071e-05,-2.11763e-05,-1.92966e-05,-1.69722e-05,-1.4325e-05,-1.1486e-05,-8.58688e-06,-5.75118e-06,-3.08743e-06,-6.83184e-07,1.39882e-06,3.12271e-06,4.47948e-06,5.48533e-06,6.17833e-06,6.61403e-06,6.86013e-06,6.99072e-06,7.08041e-06,7.19868e-06,7.40475e-06,7.74334e-06,8.24131e-06,8.90562e-06,9.72249e-06,1.06579e-05,1.16594e-05,1.2659e-05,1.35773e-05,1.43282e-05,1.48242e-05,1.49823e-05,1.47286e-05,1.40039e-05,1.27678e-05,1.10013e-05,8.70967e-06,5.92225e-06,2.69255e-06,-9.03815e-07,-4.77194e-06,-8.80145e-06,-1.28711e-05,-1.68537e-05,-2.0622e-05,-2.40537e-05,-2.7037e-05,-2.94757e-05,-3.12929e-05,-3.24349e-05,-3.28723e-05,-3.26014e-05,-3.16421e-05,-3.00367e-05,-2.78446e-05,-2.51384e-05,-2.19979e-05,-1.85044e-05,-1.47359e-05,-1.07625e-05,-6.64427e-06,-2.43e-06,1.8415e-06,6.13886e-06,1.04342e-05,1.46984e-05,1.88967e-05,2.29847e-05,2.6906e-05,3.05918e-05,3.39623e-05,3.69313e-05,3.94118e-05,4.13777e-05,4.25334e-05,4.25531e-05,4.12188e-05,3.84015e-05,3.41123e-05,2.85294e-05,2.19773e-05,1.4852e-05,7.49057e-06,0
0,6.42897e-06,1.27872e-05,1.88842e-05,2.44292e-05,2.90727e-05,3.25277e-05,3.46433e-05,3.5426e-05,3.50183e-05,3.36499e-05,3.15841e-05,2.91753e-05,2.66922e-05,2.40588e-05,2.13164e-05,1.84878e-05,1.55775e-05,1.2575e-05,9.45956e-06,6.20758e-06,2.80026e-06,-7.68794e-07,-4.48723e-06,-8.31955e-06,-1.22054e-05,-1.60607e-05,-1.97813e-05,-2.32498e-05,-2.63433e-05,-2.89434e-05,-3.09449e-05,-3.22652e-05,-3.28517e-05,-3.26862e-05,-3.17885e-05,-3.02151e-05,-2.80568e-05,-2.54327e-05,-2.24825e-05,-1.93581e-05,-1.62132e-05,-1.3194e-05,-1.04308e-05,-8.03025e-06,-6.06988e-06,-4.59495e-06,-3.61714e-06,-3.11557e-06,-3.03982e-06,-3.3145e-06,-3.84519e-06,-4.52515e-06,-5.24257e-06,-5.88775e-06,-6.36004e-06,-6.57399e-06,-6.46452e-06,-5.991e-06,-5.13972e-06,-3.92503e-06,-2.3888e-06,-5.9836e-07,1.35693e-06,3.37052e-06,5.32437e-06,7.0955e-06,8.56274e-06,9.61356e-06,1.01503e-05,1.00957e-05,9.39728e-06,8.03022e-06,5.99909e-06,3.3378e-06,1.08257e-07,-3.60232e-06,-7.68514e-06,-1.20145e-05,-1.64529e-05,-2.08571e-05,-2.50834e-05,-2.89941e-05,-3.24621e-05,-3.53767e-05,-3.76471e-05,-3.92056e-05,-4.00097e-05,-4.00423e-05,-3.93108e-05,-3.78451e-05,-3.56937e-05,-3.29194e-05,-2.95948e-05,-2.57968e-05,-2.1603e-05,-1.70878e-05,-1.23209e-05,-7.36666e-06,-2.28519e-06,2.86534e-06,8.02568e-06,1.31322e-05,1.81141e-05,2.2892e-05,2.73775e-05,3.14755e-05,3.50876e-05,3.81176e-05,4.05912e-05,4.21795e-05,4.25124e-05,4.13755e-05,3.86574e-05,3.43945e-05,2.87915e-05,2.2195e-05,1.50129e-05,7.58228e-06,0
0,6.3097e-06,1.25265e-05,1.85046e-05,2.39688e-05,2.85727e-05,3.20154e-05,3.4117e-05,3.4848e-05,3.43155e-05,3.27217e-05,3.03194e-05,2.74967e-05,2.45385e-05,2.13164e-05,1.78768e-05,1.42528e-05,1.04644e-05,6.52227e-06,2.43255e-06,-1.79675e-06,-6.14919e-06,-1.05939e-05,-1.50815e-05,-1.95417e-05,-2.38839e-05,-2.80009e-05,-3.1774e-05,-3.50808e-05,-3.78042e-05,-3.98416e-05,-4.11135e-05,-4.15708e-05,-4.12008e-05,-4.00296e-05,-3.81227e-05,-3.55821e-05,-3.25414e-05,-2.9158e-05,-2.56041e-05,-2.20566e-05,-1.86865e-05,-1.56487e-05,-1.30737e-05,-1.10602e-05,-9.66992e-06,-8.92563e-06,-8.81052e-06,-9.27062e-06,-1.02191e-05,-1.15421e-05,-1.31064e-05,-1.4767e-05,-1.6376e-05,-1.77908e-05,-1.88818e-05,-1.95396e-05,-1.96808e-05,-1.92524e-05,-1.82347e-05,-1.66425e-05,-1.45246e-05,-1.19618e-05,-9.0626e-06,-5.95829e-06,-2.79626e-06,2.67376e-07,3.07562e-06,5.47858e-06,7.34096e-06,8.54883e-06,9.01513e-06,8.68377e-06,7.53205e-06,5.57137e-06,2.8464e-06,-5.67306e-07,-4.56695e-06,-9.02709e-06,-1.3805e-05,-1.87463e-05,-2.36915e-05,-2.84811e-05,-3.29622e-05,-3.69934e-05,-4.04495e-05,-4.32258e-05,-4.52405e-05,-4.64372e-05,-4.67848e-05,-4.62774e-05,-4.49325e-05,-4.27874e-05,-3.98965e-05,-3.63268e-05,-3.2154e-05,-2.74592e-05,-2.23262e-05,-1.68401e-05,-1.10871e-05,-5.15496e-06,8.65416e-07,6.87808e-06,1.27808e-05,1.84645e-05,2.38142e-05,2.8711e-05,3.30368e-05,3.66792e-05,3.97076e-05,4.17643e-05,4.24348e-05,4.15067e-05,3.88878e-05,3.46434e-05,2.90107e-05,2.23646e-05,1.51299e-05,7.64662e-06,0
0,6.1838e-06,1.22638e-05,1.81473e-05,2.35729e-05,2.81895e-05,3.16723e-05,3.38029e-05,3.45068e-05,3.38507e-05,3.20076e-05,2.92206e-05,2.5915e-05,2.23952e-05,1.84878e-05,1.42528e-05,9.74252e-06,5.00195e-06,7.16649e-08,-5.00777e-06,-1.01907e-05,-1.54215e-05,-2.06304e-05,-2.57317e-05,-3.06238e-05,-3.51919e-05,-3.9313e-05,-4.2863e-05,-4.5725e-05,-4.77979e-05,-4.90053e-05,-4.93022e-05,-4.86812e-05,-4.71753e-05,-4.48587e-05,-4.18443e-05,-3.82795e-05,-3.43384e-05,-3.0213e-05,-2.61028e-05,-2.22037e-05,-1.86971e-05,-1.57402e-05,-1.3457e-05,-1.19321e-05,-1.12063e-05,-1.12754e-05,-1.20911e-05,-1.35647e-05,-1.55724e-05,-1.79631e-05,-2.05668e-05,-2.32035e-05,-2.56933e-05,-2.78648e-05,-2.95641e-05,-3.06619e-05,-3.10596e-05,-3.06942e-05,-2.95412e-05,-2.76155e-05,-2.49716e-05,-2.17006e-05,-1.79268e-05,-1.38017e-05,-9.49738e-06,-5.19854e-06,-1.09369e-06,2.6335e-06,5.8129e-06,8.29565e-06,9.96089e-06,1.07209e-05,1.05244e-05,9.35825e-06,7.24693e-06,4.25074e-06,4.62372e-07,-3.99766e-06,-8.98634e-06,-1.4344e-05,-1.99003e-05,-2.54804e-05,-3.09109e-05,-3.60249e-05,-4.06677e-05,-4.47005e-05,-4.80049e-05,-5.04851e-05,-5.20702e-05,-5.27153e-05,-5.24009e-05,-5.11324e-05,-4.89373e-05,-4.58634e-05,-4.19749e-05,-3.73503e-05,-3.20789e-05,-2.62595e-05,-1.99989e-05,-1.3411e-05,-6.61757e-06,2.52292e-07,7.06174e-06,1.36672e-05,1.99205e-05,2.56722e-05,3.07764e-05,3.50972e-05,3.87414e-05,4.13199e-05,4.23697e-05,4.16768e-05,3.91672e-05,3.49369e-05,2.92607e-05,2.2548e-05,1.52476e-05,7.70666e-06,0
0,6.07778e-06,1.2052e-05,1.78883e-05,2.33337e-05,2.80235e-05,3.15981e-05,3.37904e-05,3.44751e-05,3.36759e-05,3.15385e-05,2.83009e-05,2.44314e-05,2.02608e-05,1.55775e-05,1.04644e-05,5.00195e-06,-7.31424e-07,-6.65759e-06,-1.26956e-05,-1.87584e-05,-2.47495e-05,-3.05613e-05,-3.60755e-05,-4.11649e-05,-4.56982e-05,-4.95461e-05,-5.25896e-05,-5.47274e-05,-5.58848e-05,-5.60205e-05,-5.51318e-05,-5.32583e-05,-5.04827e-05,-4.69282e-05,-4.27551e-05,-3.81528e-05,-3.33319e-05,-2.85132e-05,-2.39168e-05,-1.97505e-05,-1.61991e-05,-1.34145e-05,-1.15079e-05,-1.05441e-05,-1.05383e-05,-1.14562e-05,-1.32163e-05,-1.56949e-05,-1.87331e-05,-2.21454e-05,-2.57295e-05,-2.92761e-05,-3.25793e-05,-3.54457e-05,-3.77032e-05,-3.92083e-05,-3.9852e-05,-3.95643e-05,-3.8317e-05,-3.61252e-05,-3.30463e-05,-2.91783e-05,-2.46558e-05,-1.96445e-05,-1.43345e-05,-8.9322e-06,-3.65139e-06,1.29618e-06,5.71007e-06,9.40992e-06,1.22432e-05,1.40914e-05,1.48745e-05,1.45532e-05,1.31298e-05,1.06462e-05,7.18121e-06,2.84622e-06,-2.22038e-06,-7.85885e-06,-1.38942e-05,-2.01422e-05,-2.64152e-05,-3.25276e-05,-3.8301e-05,-4.35683e-05,-4.81784e-05,-5.19996e-05,-5.49224e-05,-5.68617e-05,-5.77586e-05,-5.7581e-05,-5.6323e-05,-5.40043e-05,-5.06684e-05,-4.63809e-05,-4.1227e-05,-3.53099e-05,-2.87492e-05,-2.16792e-05,-1.42483e-05,-6.61735e-06,1.04148e-06,8.54737e-06,1.57143e-05,2.23559e-05,2.82918e-05,3.33551e-05,3.76833e-05,4.08502e-05,4.23372e-05,4.19226e-05,3.95461e-05,3.53341e-05,2.96013e-05,2.27985e-05,1.54058e-05,7.78378e-06,0
0,6.01591e-06,1.19386e-05,1.7793e-05,2.33276e-05,2.81532e-05,3.18639e-05,3.4136e-05,3.47894e-05,3.38063e-05,3.13103e-05,2.75416e-05,2.30208e-05,1.81125e-05,1.2575e-05,6.52227e-06,7.16649e-08,-6.65759e-06,-1.3544e-05,-2.04626e-05,-2.72832e-05,-3.387e-05,-4.00813e-05,-4.5772e-05,-5.07975e-05,-5.50197e-05,-5.83136e-05,-6.05754e-05,-6.173e-05,-6.17379e-05,-6.06004e-05,-5.83626e-05,-5.51145e-05,-5.0989e-05,-4.61576e-05,-4.08241e-05,-3.52156e-05,-2.95726e-05,-2.41376e-05,-1.91436e-05,-1.48026e-05,-1.1295e-05,-8.76042e-06,-7.29104e-06,-6.92675e-06,-7.65367e-06,-9.4054e-06,-1.20669e-05,-1.54812e-05,-1.94574e-05,-2.37809e-05,-2.82234e-05,-3.2554e-05,-3.6549e-05,-4.00016e-05,-4.27295e-05,-4.45819e-05,-4.54452e-05,-4.5246e-05,-4.39543e-05,-4.15844e-05,-3.81938e-05,-3.38825e-05,-2.87887e-05,-2.30847e-05,-1.697e-05,-1.06643e-05,-4.39835e-06,1.59524e-06,7.09193e-06,1.18847e-05,1.57925e-05,1.86681e-05,2.04031e-05,2.09317e-05,2.02319e-05,1.83251e-05,1.52732e-05,1.11743e-05,6.15812e-06,3.79363e-07,-5.98775e-06,-1.27558e-05,-1.97296e-05,-2.67117e-05,-3.35072e-05,-3.99279e-05,-4.57964e-05,-5.09503e-05,-5.52451e-05,-5.85581e-05,-6.07906e-05,-6.18703e-05,-6.17532e-05,-6.04241e-05,-5.78969e-05,-5.42143e-05,-4.94468e-05,-4.36917e-05,-3.70716e-05,-2.97327e-05,-2.18437e-05,-1.35927e-05,-5.1851e-06,3.16047e-06,1.12176e-05,1.87584e-05,2.5562e-05,3.14236e-05,3.65048e-05,4.0335e-05,4.23306e-05,4.22533e-05,4.00495e-05,3.58715e-05,3.00752e-05,2.31573e-05,1.56369e-05,7.89611e-06,0
0,6.01884e-06,1.19631e-05,1.79137e-05,2.36113e-05,2.86305e-05,3.25092e-05,3.48605e-05,3.54493e-05,3.42209e-05,3.12856e-05,2.6896e-05,2.16356e-05,1.59119e-05,9.45956e-06,2.43255e-06,-5.00777e-06,-1.26956e-05,-2.04626e-05,-2.81382e-05,-3.5551e-05,-4.25292e-05,-4.89036e-05,-5.45108e-05,-5.91988e-05,-6.2833e-05,-6.53036e-05,-6.65326e-05,-6.64801e-05,-6.51492e-05,-6.25889e-05,-5.88951e-05,-5.42086e-05,-4.87109e-05,-4.26181e-05,-3.61719e-05,-2.96301e-05,-2.32557e-05,-1.73045e-05,-1.20141e-05,-7.59274e-06,-4.20882e-06,-1.98332e-06,-9.83747e-07,-1.22114e-06,-2.64993e-06,-5.17089e-06,-8.63672e-06,-1.28601e-05,-1.76232e-05,-2.2689e-05,-2.78116e-05,-3.27476e-05,-3.72656e-05,-4.11549e-05,-4.42326e-05,-4.63488e-05,-4.73912e-05,-4.72877e-05,-4.60079e-05,-4.35642e-05,-4.00113e-05,-3.54448e-05,-2.99992e-05,-2.3844e-05,-1.71787e-05,-1.0226e-05,-3.2243e-06,3.58172e-06,9.95071e-06,1.56547e-05,2.04887e-05,2.42788e-05,2.68897e-05,2.82289e-05,2.82495e-05,2.69499e-05,2.43728e-05,2.06001e-05,1.5749e-05,9.96522e-06,3.41738e-06,-3.70935e-06,-1.12187e-05,-1.89084e-05,-2.65745e-05,-3.40155e-05,-4.10358e-05,-4.74495e-05,-5.30837e-05,-5.77825e-05,-6.14101e-05,-6.38547e-05,-6.50316e-05,-6.48859e-05,-6.33949e-05,-6.05693e-05,-5.64545e-05,-5.11306e-05,-4.47122e-05,-3.73472e-05,-2.92152e-05,-2.0525e-05,-1.15104e-05,-2.42554e-06,6.46247e-06,1.48818e-05,2.25664e-05,2.92673e-05,3.51648e-05,3.97354e-05,4.23201e-05,4.26529e-05,4.06764e-05,3.65625e-05,3.07055e-05,2.36511e-05,1.59644e-05,8.05743e-06,0
0,6.10253e-06,1.21549e-05,1.8286e-05,2.42186e-05,2.94792e-05,3.35405e-05,3.59496e-05,3.64191e-05,3.48663e-05,3.13991e-05,2.62954e-05,2.02131e-05,1.36112e-05,6.20758e-06,-1.79675e-06,-1.01907e-05,-1.87584e-05,-2.72832e-05,-3.5551e-05,-4.33526e-05,-5.04874e-05,-5.67671e-05,-6.20203e-05,-6.60983e-05,-6.88816e-05,-7.02862e-05,-7.02689e-05,-6.88325e-05,-6.60278e-05,-6.19545e-05,-5.67592e-05,-5.06313e-05,-4.37969e-05,-3.65099e-05,-2.90431e-05,-2.16767e-05,-1.46872e-05,-8.3355e-06,-2.85536e-06,1.55677e-06,4.75103e-06,6.631e-06,7.15812e-06,6.35321e-06,4.29476e-06,1.11429e-06,-3.01105e-06,-7.86804e-06,-1.32184e-05,-1.88103e-05,-2.43898e-05,-2.97114e-05,-3.45468e-05,-3.86924e-05,-4.19744e-05,-4.42526e-05,-4.5423e-05,-4.54186e-05,-4.42106e-05,-4.18085e-05,-3.82596e-05,-3.36495e-05,-2.81003e-05,-2.17689e-05,-1.48438e-05,-7.54039e-06,-9.39635e-08,7.24793e-06,1.42352e-05,2.06252e-05,2.61935e-05,3.07431e-05,3.41129e-05,3.61841e-05,3.6884e-05,3.61874e-05,3.41153e-05,3.07316e-05,2.61382e-05,2.04688e-05,1.38828e-05,6.55858e-06,-1.31164e-06,-9.52709e-06,-1.78823e-05,-2.61705e-05,-3.41866e-05,-4.17299e-05,-4.86075e-05,-5.46373e-05,-5.96521e-05,-6.35036e-05,-6.60672e-05,-6.72463e-05,-6.69765e-05,-6.52292e-05,-6.2015e-05,-5.7386e-05,-5.14369e-05,-4.43056e-05,-3.61722e-05,-2.72561e-05,-1.78128e-05,-8.12682e-06,1.49637e-06,1.07407e-05,1.92921e-05,2.68529e-05,3.36172e-05,3.90011e-05,4.22587e-05,4.30839e-05,4.14034e-05,3.73981e-05,3.14956e-05,2.4291e-05,1.6401e-05,8.2764e-06,0
0,6.27748e-06,1.25318e-05,1.89279e-05,2.51594e-05,3.0694e-05,3.49327e-05,3.73566e-05,3.76331e-05,3.56627e-05,3.15653e-05,2.56576e-05,1.86836e-05,1.11624e-05,2.80026e-06,-6.14919e-06,-1.54215e-05,-2.47495e-05,-3.387e-05,-4.25292e-05,-5.04874e-05,-5.7524e-05,-6.34418e-05,-6.80729e-05,-7.12838e-05,-7.29807e-05,-7.31149e-05,-7.16861e-05,-6.87445e-05,-6.43916e-05,-5.87774e-05,-5.20969e-05,-4.45831e-05,-3.64997e-05,-2.8131e-05,-1.97719e-05,-1.17159e-05,-4.24413e-06,2.38615e-06,7.95265e-06,1.22775e-05,1.52352e-05,1.67585e-05,1.68408e-05,1.55364e-05,1.29568e-05,9.2639e-06,4.66127e-06,-6.17393e-07,-6.32026e-06,-1.21897e-05,-1.79734e-05,-2.34346e-05,-2.83594e-05,-3.2562e-05,-3.5888e-05,-3.82157e-05,-3.94557e-05,-3.95509e-05,-3.84751e-05,-3.62335e-05,-3.28625e-05,-2.84304e-05,-2.30384e-05,-1.68209e-05,-9.94451e-06,-2.60588e-06,4.97294e-06,1.25511e-05,1.98778e-05,2.67024e-05,3.27854e-05,3.79097e-05,4.18903e-05,4.45827e-05,4.5888e-05,4.57564e-05,4.41863e-05,4.12222e-05,3.69492e-05,3.14875e-05,2.49848e-05,1.76102e-05,9.54766e-06,9.91468e-07,-7.8577e-06,-1.67955e-05,-2.56161e-05,-3.41135e-05,-4.20843e-05,-4.93295e-05,-5.56582e-05,-6.08921e-05,-6.48703e-05,-6.74551e-05,-6.85384e-05,-6.8047e-05,-6.59491e-05,-6.22585e-05,-5.70386e-05,-5.0405e-05,-4.2526e-05,-3.3621e-05,-2.3957e-05,-1.38417e-05,-3.61424e-06,6.36734e-06,1.57407e-05,2.41563e-05,3.18191e-05,3.8078e-05,4.20895e-05,4.3494e-05,4.21882e-05,3.83496e-05,3.24306e-05,2.5073e-05,1.69492e-05,8.55627e-06,0
0,6.54836e-06,1.30996e-05,1.98394e-05,2.64205e-05,3.22429e-05,3.66324e-05,3.90079e-05,3.90019e-05,3.65127e-05,3.16878e-05,2.48964e-05,1.69805e-05,8.52605e-06,-7.68794e-07,-1.05939e-05,-2.06304e-05,-3.05613e-05,-4.00813e-05,-4.89036e-05,-5.67671e-05,-6.34418e-05,-6.87338e-05,-7.24903e-05,-7.46043e-05,-7.50179e-05,-7.37255e-05,-7.0775e-05,-6.6267e-05,-6.03532e-05,-5.32312e-05,-4.51388e-05,-3.63457e-05,-2.71448e-05,-1.78414e-05,-8.7427e-06,-1.46587e-07,7.66978e-06,1.44607e-05,2.00221e-05,2.42002e-05,2.68981e-05,2.80805e-05,2.77746e-05,2.60684e-05,2.31049e-05,1.90739e-05,1.42009e-05,8.73412e-06,2.93158e-06,-2.95184e-06,-8.67547e-06,-1.40216e-05,-1.88012e-05,-2.2857e-05,-2.60636e-05,-2.83255e-05,-2.95746e-05,-2.97671e-05,-2.88811e-05,-2.69158e-05,-2.38923e-05,-1.98554e-05,-1.4877e-05,-9.05897e-06,-2.53575e-06,4.5252e-06,1.19252e-05,1.9439e-05,2.68225e-05,3.38229e-05,4.01902e-05,4.56898e-05,5.01143e-05,5.32938e-05,5.51035e-05,5.54682e-05,5.43637e-05,5.18143e-05,4.78887e-05,4.26927e-05,3.63624e-05,2.9056e-05,2.09477e-05,1.22218e-05,3.0695e-06,-6.31389e-06,-1.57297e-05,-2.49762e-05,-3.38497e-05,-4.21447e-05,-4.96568e-05,-5.6186e-05,-6.15419e-05,-6.55497e-05,-6.80582e-05,-6.89475e-05,-6.81376e-05,-6.55957e-05,-6.13435e-05,-5.54623e-05,-4.8096e-05,-3.94515e-05,-2.97961e-05,-1.94512e-05,-8.78198e-06,1.816e-06,1.19341e-05,2.117e-05,2.97387e-05,3.69168e-05,4.17531e-05,4.38222e-05,4.29757e-05,3.9373e-05,3.34798e-05,2.59796e-05,1.7601e-05,8.89502e-06,0
0,6.91396e-06,1.38521e-05,2.10029e-05,2.79674e-05,3.40707e-05,3.85636e-05,4.08103e-05,4.0422e-05,3.73114e-05,3.16697e-05,2.39322e-05,1.50493e-05,5.67903e-06,-4.48723e-06,-1.50815e-05,-2.57317e-05,-3.60755e-05,-4.5772e-05,-5.45108e-05,-6.20203e-05,-6.80729e-05,-7.24903e-05,-7.51467e-05,-7.59719e-05,-7.49522e-05,-7.21309e-05,-6.76069e-05,-6.15312e-05,-5.41024e-05,-4.55603e-05,-3.61779e-05,-2.62526e-05,-1.60965e-05,-6.02609e-06,3.6485e-06,1.26341e-05,2.06653e-05,2.75142e-05,3.30001e-05,3.69969e-05,3.9439e-05,4.03242e-05,3.97133e-05,3.77268e-05,3.4537e-05,3.03577e-05,2.54314e-05,2.00153e-05,1.43662e-05,8.72825e-06,3.32173e-06,-1.66406e-06,-6.07458e-06,-9.79e-06,-1.27221e-05,-1.4809e-05,-1.6009e-05,-1.6295e-05,-1.565e-05,-1.4066e-05,-1.15447e-05,-8.10161e-06,-3.77136e-06,1.38533e-06,7.27576e-06,1.37709e-05,2.07043e-05,2.78739e-05,3.50488e-05,4.19788e-05,4.84068e-05,5.40828e-05,5.8778e-05,6.22976e-05,6.44905e-05,6.52567e-05,6.4549e-05,6.23727e-05,5.87806e-05,5.3866e-05,4.77542e-05,4.05941e-05,3.25497e-05,2.37947e-05,1.45077e-05,4.87036e-06,-4.93247e-06,-1.47121e-05,-2.42744e-05,-3.34187e-05,-4.19384e-05,-4.96224e-05,-5.62597e-05,-6.16455e-05,-6.55896e-05,-6.79259e-05,-6.85233e-05,-6.7297e-05,-6.42178e-05,-5.93218e-05,-5.27163e-05,-4.45828e-05,-3.51767e-05,-2.48215e-05,-1.38994e-05,-2.83616e-06,7.91735e-06,1.79079e-05,2.73615e-05,3.54799e-05,4.11961e-05,4.4007e-05,4.37045e-05,4.0414e-05,3.4601e-05,2.69819e-05,1.83402e-05,9.28585e-06,0
0,7.36753e-06,1.47724e-05,2.23859e-05,2.97478e-05,3.61044e-05,4.06348e-05,4.26598e-05,4.17853e-05,3.79563e-05,3.14237e-05,2.27015e-05,1.28561e-05,2.62125e-06,-8.31955e-06,-1.95417e-05,-3.06238e-05,-4.11649e-05,-5.07975e-05,-5.91988e-05,-6.60983e-05,-7.12838e-05,-7.46043e-05,-7.59719e-05,-7.53618e-05,-7.28109e-05,-6.84146e-05,-6.23227e-05,-5.47335e-05,-4.58871e-05,-3.60573e-05,-2.5543e-05,-1.46589e-05,-3.72608e-06,6.93801e-06,1.70293e-05,2.6267e-05,3.44036e-05,4.12338e-05,4.66033e-05,5.04154e-05,5.2636e-05,5.32953e-05,5.24861e-05,5.03585e-05,4.71106e-05,4.29762e-05,3.82101e-05,3.30721e-05,2.78123e-05,2.26569e-05,1.77989e-05,1.33916e-05,9.54762e-06,6.34218e-06,3.81971e-06,2.00308e-06,9.0338e-07,5.28697e-07,8.90297e-07,2.00513e-06,3.89413e-06,6.57657e-06,1.00613e-05,1.43363e-05,1.93582e-05,2.50443e-05,3.12669e-05,3.78534e-05,4.45906e-05,5.12343e-05,5.75225e-05,6.31908e-05,6.79895e-05,7.16987e-05,7.41415e-05,7.51926e-05,7.47835e-05,7.29016e-05,6.95863e-05,6.49211e-05,5.9024e-05,5.2037e-05,4.41171e-05,3.5428e-05,2.61357e-05,1.64056e-05,6.40385e-06,-3.7009e-06,-1.37336e-05,-2.35093e-05,-3.28307e-05,-4.1488e-05,-4.92608e-05,-5.59237e-05,-6.12541e-05,-6.50439e-05,-6.71114e-05,-6.73162e-05,-6.55724e-05,-6.18615e-05,-5.6243e-05,-4.88606e-05,-3.99449e-05,-2.98094e-05,-1.88421e-05,-7.49019e-06,3.76009e-06,1.44082e-05,2.46956e-05,3.37479e-05,4.03773e-05,4.39932e-05,4.43138e-05,4.14142e-05,3.57446e-05,2.80428e-05,1.91434e-05,9.71811e-06,0
0,7.89748e-06,1.58341e-05,2.39435e-05,3.16965e-05,3.82593e-05,4.2747e-05,4.44508e-05,4.29893e-05,3.83578e-05,3.0882e-05,2.11644e-05,1.03938e-05,-6.20291e-07,-1.22054e-05,-2.38839e-05,-3.51919e-05,-4.56982e-05,-5.50197e-05,-6.2833e-05,-6.88816e-05,-7.29807e-05,-7.50179e-05,-7.49522e-05,-7.28109e-05,-6.86849e-05,-6.27221e-05,-5.51204e-05,-4.61199e-05,-3.5994e-05,-2.50408e-05,-1.35743e-05,-1.91575e-06,9.61549e-06,2.07102e-05,3.10784e-05,4.04578e-05,4.8623e-05,5.53937e-05,6.06428e-05,6.43026e-05,6.63685e-05,6.69003e-05,6.60193e-05,6.39013e-05,6.07657e-05,5.68618e-05,5.24517e-05,4.77938e-05,4.31258e-05,3.86518e-05,3.4532e-05,3.0879e-05,2.77588e-05,2.51971e-05,2.31903e-05,2.17186e-05,2.07597e-05,2.03011e-05,2.03483e-05,2.09284e-05,2.20877e-05,2.38842e-05,2.63754e-05,2.96036e-05,3.35806e-05,3.82749e-05,4.36027e-05,4.94243e-05,5.55468e-05,6.17335e-05,6.77179e-05,7.32213e-05,7.79726e-05,8.17265e-05,8.42799e-05,8.54834e-05,8.5248e-05,8.35463e-05,8.04074e-05,7.59095e-05,7.0168e-05,6.33235e-05,5.55299e-05,4.69451e-05,3.7724e-05,2.80163e-05,1.79664e-05,7.71809e-06,-2.58056e-06,-1.27703e-05,-2.26751e-05,-3.20988e-05,-4.08241e-05,-4.86165e-05,-5.52309e-05,-6.04237e-05,-6.39665e-05,-6.56631e-05,-6.53673e-05,-6.29995e-05,-5.8562e-05,-5.21494e-05,-4.39548e-05,-3.42694e-05,-2.34749e-05,-1.20294e-05,-4.45765e-07,1.07342e-05,2.17734e-05,3.17239e-05,3.92739e-05,4.37384e-05,4.47496e-05,4.23169e-05,3.68587e-05,2.91214e-05,1.99831e-05,1.01783e-05,0
0,8.4883e-06,1.70036e-05,2.56222e-05,3.37402e-05,4.04464e-05,4.4802e-05,4.60852e-05,4.39462e-05,3.84477e-05,3.00032e-05,1.93111e-05,7.68543e-06,-3.99035e-06,-1.60607e-05,-2.80009e-05,-3.9313e-05,-4.95461e-05,-5.83136e-05,-6.53036e-05,-7.02862e-05,-7.31149e-05,-7.37255e-05,-7.21309e-05,-6.84146e-05,-6.27221e-05,-5.52513e-05,-4.6243e-05,-3.59708e-05,-2.47314e-05,-1.28365e-05,-6.03717e-07,1.16503e-05,2.36175e-05,3.50053e-05,4.55437e-05,5.49934e-05,6.3153e-05,6.98676e-05,7.50355e-05,7.86147e-05,8.06265e-05,8.11553e-05,8.03457e-05,7.83938e-05,7.55356e-05,7.20308e-05,6.8145e-05,6.41313e-05,6.02123e-05,5.65672e-05,5.33215e-05,5.05452e-05,4.82555e-05,4.64269e-05,4.50061e-05,4.39287e-05,4.31381e-05,4.26001e-05,4.23146e-05,4.23198e-05,4.26895e-05,4.35232e-05,4.49304e-05,4.7011e-05,4.98355e-05,5.34269e-05,5.77469e-05,6.269e-05,6.80838e-05,7.36983e-05,7.92612e-05,8.44781e-05,8.9055e-05,9.27205e-05,9.52451e-05,9.64562e-05,9.62468e-05,9.45775e-05,9.14723e-05,8.70094e-05,8.1308e-05,7.45138e-05,6.67847e-05,5.82781e-05,4.91427e-05,3.95143e-05,2.95162e-05,1.92639e-05,8.87293e-06,-1.53163e-06,-1.18059e-05,-2.17798e-05,-3.12524e-05,-3.99928e-05,-4.77453e-05,-5.42401e-05,-5.92085e-05,-6.24021e-05,-6.36138e-05,-6.26993e-05,-5.95962e-05,-5.43407e-05,-4.70774e-05,-3.80625e-05,-2.76595e-05,-1.63254e-05,-4.59023e-06,6.97134e-06,1.86521e-05,2.94352e-05,3.7885e-05,4.32178e-05,4.49705e-05,4.30724e-05,3.78939e-05,3.01755e-05,2.08297e-05,1.06514e-05,0
0,9.12171e-06,1.82427e-05,2.73639e-05,3.58036e-05,4.25788e-05,4.67101e-05,4.74805e-05,4.45905e-05,3.81856e-05,2.87772e-05,1.71639e-05,4.78468e-06,-7.40722e-06,-1.97813e-05,-3.1774e-05,-4.2863e-05,-5.25896e-05,-6.05754e-05,-6.65326e-05,-7.02689e-05,-7.16861e-05,-7.0775e-05,-6.76069e-05,-6.23227e-05,-5.51204e-05,-4.6243e-05,-3.59661e-05,-2.45868e-05,-1.24144e-05,2.38023e-07,1.30603e-05,2.57508e-05,3.80214e-05,4.96027e-05,6.02495e-05,6.97468e-05,7.79174e-05,8.4629e-05,8.98018e-05,9.34143e-05,9.55068e-05,9.61821e-05,9.56011e-05,9.3974e-05,9.15474e-05,8.85871e-05,8.53586e-05,8.21076e-05,7.90411e-05,7.63133e-05,7.40164e-05,7.21787e-05,7.07703e-05,6.97158e-05,6.89123e-05,6.82518e-05,6.76427e-05,6.70295e-05,6.64067e-05,6.5824e-05,6.53837e-05,6.52282e-05,6.55207e-05,6.64206e-05,6.80582e-05,7.05111e-05,7.37864e-05,7.78107e-05,8.24298e-05,8.74175e-05,9.24925e-05,9.73415e-05,0.000101645,0.000105105,0.000107464,0.00010853,0.000108178,0.000106363,0.000103109,9.85001e-05,9.2668e-05,8.57715e-05,7.798e-05,6.94586e-05,6.03561e-05,5.07992e-05,4.08921e-05,3.07219e-05,2.03681e-05,9.91489e-06,-5.35269e-07,-1.08498e-05,-2.08573e-05,-3.03441e-05,-3.90568e-05,-4.67109e-05,-5.30068e-05,-5.765e-05,-6.03753e-05,-6.09725e-05,-5.93109e-05,-5.53609e-05,-4.92088e-05,-4.10651e-05,-3.12628e-05,-2.02464e-05,-8.55179e-06,3.22295e-06,1.54108e-05,2.6933e-05,3.62328e-05,4.24274e-05,4.49517e-05,4.36428e-05,3.8808e-05,3.11665e-05,2.1654e-05,1.1122e-05,0
0,9.77798e-06,1.95114e-05,2.91102e-05,3.78148e-05,4.45787e-05,4.83972e-05,4.85767e-05,4.48848e-05,3.75631e-05,2.72273e-05,1.47771e-05,1.77348e-06,-1.07674e-05,-2.32498e-05,-3.50808e-05,-4.5725e-05,-5.47274e-05,-6.173e-05,-6.64801e-05,-6.88325e-05,-6.87445e-05,-6.6267e-05,-6.15312e-05,-5.47335e-05,-4.61199e-05,-3.59708e-05,-2.45868e-05,-1.22778e-05,6.46618e-07,1.38835e-05,2.71409e-05,4.01415e-05,5.26242e-05,6.43475e-05,7.50931e-05,8.46704e-05,9.29238e-05,9.97391e-05,0.000105052,0.000108854,0.000111197,0.000112192,0.000112009,0.000110866,0.000109012,0.000106715,0.000104238,0.00010182,9.9652e-05,9.78682e-05,9.65311e-05,9.56325e-05,9.51e-05,9.48119e-05,9.46196e-05,9.43725e-05,9.39457e-05,9.32623e-05,9.23111e-05,9.11536e-05,8.99206e-05,8.87979e-05,8.80025e-05,8.77534e-05,8.82398e-05,8.95921e-05,9.18597e-05,9.49972e-05,9.88635e-05,0.00010323,0.000107802,0.000112242,0.000116203,0.000119355,0.000121418,0.000122176,0.000121497,0.000119329,0.000115706,0.000110727,0.000104542,9.73327e-05,8.92904e-05,8.0596e-05,7.14066e-05,6.18463e-05,5.2005e-05,4.1943e-05,3.17024e-05,2.13225e-05,1.0857e-05,3.90751e-07,-9.94655e-06,-1.99719e-05,-2.94475e-05,-3.80877e-05,-4.55729e-05,-5.15713e-05,-5.57653e-05,-5.78811e-05,-5.77184e-05,-5.51772e-05,-5.02788e-05,-4.31781e-05,-3.4167e-05,-2.3666e-05,-1.22053e-05,-3.9632e-07,1.2146e-05,2.42896e-05,3.43627e-05,4.13853e-05,4.46874e-05,4.40049e-05,3.95684e-05,3.20613e-05,2.24298e-05,1.15756e-05,0
0,1.04372e-05,2.07703e-05,3.08061e-05,3.97097e-05,4.63822e-05,4.98098e-05,4.93399e-05,4.48224e-05,3.66042e-05,2.54087e-05,1.22337e-05,-1.24368e-06,-1.39526e-05,-2.63433e-05,-3.78042e-05,-4.77979e-05,-5.58848e-05,-6.17379e-05,-6.51492e-05,-6.60278e-05,-6.43916e-05,-6.03532e-05,-5.41024e-05,-4.58871e-05,-3.5994e-05,-2.47314e-05,-1.24144e-05,6.46618e-07,1.41535e-05,2.78244e-05,4.13956e-05,5.46215e-05,6.72735e-05,7.91411e-05,9.00328e-05,9.97804e-05,0.000108245,0.000115325,0.000120962,0.000125152,0.000127948,0.000129462,0.00012986,0.000129358,0.000128204,0.000126664,0.000124996,0.000123432,0.000122155,0.000121282,0.000120855,0.000120839,0.000121125,0.000121553,0.000121933,0.000122075,0.000121822,0.000121076,0.000119819,0.000118123,0.000116148,0.000114121,0.000112314,0.000111003,0.000110436,0.00011079,0.000112154,0.000114502,0.000117699,0.000121507,0.000125608,0.000129635,0.000133207,0.000135965,0.000137601,0.000137883,0.000136671,0.000133919,0.000129674,0.000124058,0.000117252,0.00010947,0.000100933,9.1848e-05,8.239e-05,7.2688e-05,6.28235e-05,5.28341e-05,4.27256e-05,3.24902e-05,2.21277e-05,1.1667e-05,1.18557e-06,-9.17673e-06,-1.92117e-05,-2.86457e-05,-3.71519e-05,-4.43719e-05,-4.99438e-05,-5.35356e-05,-5.4879e-05,-5.38023e-05,-5.02566e-05,-4.43346e-05,-3.62777e-05,-2.64719e-05,-1.54309e-05,-3.76833e-06,8.96505e-06,2.15941e-05,3.23396e-05,4.01304e-05,4.41915e-05,4.41524e-05,4.01558e-05,3.28355e-05,2.31356e-05,1.19996e-05,0
0,1.10806e-05,2.19834e-05,3.24037e-05,4.14368e-05,4.79438e-05,5.09184e-05,4.97649e-05,4.44275e-05,3.53641e-05,2.34046e-05,9.63899e-06,-4.14735e-06,-1.68387e-05,-2.89434e-05,-3.98416e-05,-4.90053e-05,-5.60205e-05,-6.06004e-05,-6.25889e-05,-6.19545e-05,-5.87774e-05,-5.32312e-05,-4.55603e-05,-3.60573e-05,-2.50408e-05,-1.28365e-05,2.38023e-07,1.38835e-05,2.78244e-05,4.18103e-05,5.56138e-05,6.9027e-05,8.18577e-05,9.39269e-05,0.000105069,0.000115134,0.000123993,0.00013155,0.000137743,0.000142562,0.000146049,0.000148303,0.000149478,0.000149779,0.000149445,0.000148732,0.000147897,0.000147167,0.000146722,0.000146675,0.000147058,0.000147818,0.000148825,0.000149885,0.000150776,0.00015127,0.000151179,0.000150382,0.000148854,0.000146677,0.000144035,0.000141198,0.000138492,0.000136249,0.00013477,0.000134281,0.000134897,0.000136608,0.000139271,0.000142628,0.000146329,0.000149968,0.000153127,0.000155412,0.00015649,0.000156115,0.000154146,0.000150551,0.000145398,0.000138846,0.000131112,0.000122452,0.00011313,0.000103388,9.34266e-05,8.33888e-05,7.33547e-05,6.33443e-05,5.33302e-05,4.32577e-05,3.30696e-05,2.2733e-05,1.22645e-05,1.74934e-06,-8.64625e-06,-1.86741e-05,-2.80135e-05,-3.62914e-05,-4.31121e-05,-4.80924e-05,-5.09009e-05,-5.12954e-05,-4.91553e-05,-4.4506e-05,-3.75316e-05,-2.85746e-05,-1.81221e-05,-6.77971e-06,5.97879e-06,1.89457e-05,3.02441e-05,3.87197e-05,4.34967e-05,4.40958e-05,4.05644e-05,3.34745e-05,2.37558e-05,1.23842e-05,0
0,1.16917e-05,2.312e-05,3.38651e-05,4.29597e-05,4.92386e-05,5.17186e-05,4.98745e-05,4.37527e-05,3.39237e-05,2.13191e-05,7.11256e-06,-6.81234e-06,-1.93054e-05,-3.09449e-05,-4.11135e-05,-4.93022e-05,-5.51318e-05,-5.83626e-05,-5.88951e-05,-5.67592e-05,-5.20969e-05,-4.51388e-05,-3.61779e-05,-2.5543e-05,-1.35743e-05,-6.03717e-07,1.30603e-05,2.71409e-05,4.13956e-05,5.56138e-05,6.9611e-05,8.32214e-05,9.6291e-05,0.000108672,0.000120221,0.000130802,0.000140291,0.000148585,0.000155611,0.000161338,0.000165787,0.000169031,0.000171199,0.000172472,0.000173072,0.000173245,0.000173242,0.000173292,0.000173583,0.000174235,0.000175286,0.000176682,0.000178281,0.000179872,0.000181201,0.000182009,0.000182074,0.00018125,0.000179499,0.00017691,0.000173691,0.000170156,0.00016668,0.000163657,0.000161439,0.000160293,0.000160356,0.000161619,0.000163923,0.000166973,0.000170374,0.000173672,0.000176403,0.000178135,0.000178512,0.000177282,0.00017431,0.000169585,0.000163211,0.000155389,0.000146387,0.000136512,0.000126079,0.000115374,0.000104633,9.40206e-05,8.36228e-05,7.3448e-05,6.34397e-05,5.34982e-05,4.35086e-05,3.33725e-05,2.30389e-05,1.25297e-05,1.9576e-06,-8.46719e-06,-1.8443e-05,-2.75951e-05,-3.55049e-05,-4.1748e-05,-4.59366e-05,-4.7762e-05,-4.70328e-05,-4.37054e-05,-3.79017e-05,-2.9914e-05,-2.01941e-05,-9.32985e-06,3.29374e-06,1.64473e-05,2.81666e-05,3.72247e-05,4.26518e-05,4.38618e-05,4.08022e-05,3.39745e-05,2.42819e-05,1.27229e-05,0
0,1.22568e-05,2.41566e-05,3.5164e-05,4.42587e-05,5.02629e-05,5.22305e-05,4.97167e-05,4.28743e-05,3.23835e-05,1.92697e-05,4.77895e-06,-9.11755e-06,-2.12458e-05,-3.22652e-05,-4.15708e-05,-4.86812e-05,-5.32583e-05,-5.51145e-05,-5.42086e-05,-5.06313e-05,-4.45831e-05,-3.63457e-05,-2.62526e-05,-1.46589e-05,-1.91575e-06,1.16503e-05,2.57508e-05,4.01415e-05,5.46215e-05,6.9027e-05,8.32214e-05,9.70838e-05,0.000110499,0.000123348,0.000135507,0.000146849,0.000157245,0.000166578,0.000174754,0.000181709,0.000187426,0.000191939,0.000195339,0.000197771,0.000199428,0.000200541,0.000201355,0.00020211,0.000203013,0.00020421,0.000205761,0.000207632,0.000209686,0.000211704,0.000213407,0.000214504,0.000214735,0.000213923,0.00021201,0.000209087,0.000205385,0.000201259,0.000197144,0.000193493,0.000190712,0.000189107,0.000188829,0.000189859,0.000192003,0.000194913,0.000198133,0.000201145,0.000203431,0.000204521,0.000204038,0.000201727,0.000197474,0.000191302,0.000183361,0.000173907,0.000163269,0.000151817,0.000139921,0.000127922,0.000116098,0.000104641,9.36501e-05,8.31287e-05,7.29956e-05,6.31092e-05,5.32982e-05,4.33971e-05,3.32831e-05,2.29077e-05,1.23211e-05,1.68441e-06,-8.73197e-06,-1.85639e-05,-2.73823e-05,-3.4732e-05,-4.01775e-05,-4.33501e-05,-4.39913e-05,-4.19889e-05,-3.74008e-05,-3.04643e-05,-2.15896e-05,-1.1338e-05,1.00475e-06,1.41978e-05,2.62006e-05,3.57252e-05,4.17178e-05,4.34904e-05,4.08903e-05,3.43419e-05,2.47125e-05,1.30126e-05,0
0,1.27665e-05,2.50777e-05,3.62869e-05,4.53311e-05,5.10333e-05,5.24957e-05,4.93602e-05,4.18857e-05,3.08553e-05,1.73774e-05,2.758e-06,-1.09555e-05,-2.25749e-05,-3.28517e-05,-4.12008e-05,-4.71753e-05,-5.04827e-05,-5.0989e-05,-4.87109e-05,-4.37969e-05,-3.64997e-05,-2.71448e-05,-1.60965e-05,-3.72608e-06,9.61549e-06,2.36175e-05,3.80214e-05,5.26242e-05,6.72735e-05,8.18577e-05,9.6291e-05,0.000110499,0.000124403,0.000137914,0.000150923,0.000163304,0.00017492,0.000185632,0.00019531,0.000203848,0.000211178,0.000217278,0.000222183,0.000225986,0.000228843,0.000230958,0.000232576,0.000233954,0.000235332,0.000236903,0.000238777,0.000240959,0.000243338,0.000245697,0.000247738,0.000249131,0.000249571,0.000248834,0.000246836,0.000243658,0.000239554,0.000234927,0.000230275,0.000226122,0.000222935,0.000221058,0.000220651,0.00022167,0.000223865,0.000226816,0.00022998,0.000232761,0.000234575,0.00023491,0.000233373,0.00022972,0.000223868,0.000215891,0.000206003,0.000194526,0.000181863,0.000168451,0.000154728,0.00014109,0.000127864,0.000115276,0.000103443,9.23666e-05,8.19474e-05,7.20055e-05,6.23153e-05,5.26449e-05,4.27977e-05,3.26506e-05,2.21843e-05,1.15016e-05,8.31187e-07,-9.48522e-06,-1.90197e-05,-2.72977e-05,-3.38462e-05,-3.82445e-05,-4.01728e-05,-3.94538e-05,-3.60817e-05,-3.02368e-05,-2.22829e-05,-1.2749e-05,-8.11459e-07,1.22858e-05,2.44367e-05,3.43047e-05,4.07636e-05,4.30322e-05,4.08603e-05,3.45926e-05,2.50529e-05,1.32539e-05,0
0,1.3215e-05,2.58764e-05,3.72329e-05,4.61906e-05,5.15844e-05,5.25735e-05,4.88886e-05,4.089e-05,2.94537e-05,1.57582e-05,1.15584e-06,-1.22403e-05,-2.32371e-05,-3.26862e-05,-4.00296e-05,-4.48587e-05,-4.69282e-05,-4.61576e-05,-4.26181e-05,-3.65099e-05,-2.8131e-05,-1.78414e-05,-6.02609e-06,6.93801e-06,2.07102e-05,3.50053e-05,4.96027e-05,6.43475e-05,7.91411e-05,9.39269e-05,0.000108672,0.000123348,0.000137914,0.000152305,0.000166427,0.000180151,0.000193325,0.000205781,0.000217347,0.000227862,0.00023719,0.000245239,0.000251967,0.000257399,0.000261633,0.000264842,0.000267265,0.000269186,0.000270902,0.000272676,0.000274699,0.000277043,0.000279644,0.0002823,0.000284694,0.000286446,0.000287187,0.000286628,0.000284638,0.000281279,0.000276828,0.000271743,0.000266604,0.000262021,0.000258538,0.000256542,0.000256198,0.000257422,0.000259884,0.000263058,0.000266292,0.000268886,0.000270176,0.000269606,0.000266774,0.000261462,0.000253641,0.000243454,0.000231196,0.000217276,0.000202175,0.000186411,0.000170489,0.000154868,0.000139922,0.000125914,0.000112982,0.000101132,9.02468e-05,8.01141e-05,7.04573e-05,6.098e-05,5.14121e-05,4.15538e-05,3.1312e-05,2.07247e-05,9.97005e-06,-6.42679e-07,-1.06978e-05,-1.97128e-05,-2.71875e-05,-3.26589e-05,-3.57535e-05,-3.62344e-05,-3.40352e-05,-2.92794e-05,-2.22826e-05,-1.35364e-05,-2.10117e-06,1.07838e-05,2.29561e-05,3.30436e-05,3.98608e-05,4.25438e-05,4.07519e-05,3.47506e-05,2.53147e-05,1.34507e-05,0
0,1.36011e-05,2.65539e-05,3.80132e-05,4.68646e-05,5.19653e-05,5.25356e-05,4.83936e-05,3.99922e-05,2.82878e-05,1.45142e-05,5.73504e-08,-1.29144e-05,-2.321e-05,-3.17885e-05,-3.81227e-05,-4.18443e-05,-4.27551e-05,-4.08241e-05,-3.61719e-05,-2.90431e-05,-1.97719e-05,-8.7427e-06,3.6485e-06,1.70293e-05,3.10784e-05,4.55437e-05,6.02495e-05,7.50931e-05,9.00328e-05,0.000105069,0.000120221,0.000135507,0.000150923,0.000166427,0.000181935,0.000197316,0.000212401,0.000226987,0.000240853,0.000253774,0.000265536,0.000275951,0.000284883,0.000292262,0.000298109,0.000302546,0.000305807,0.000308212,0.000310137,0.000311953,0.000313965,0.000316353,0.000319123,0.000322098,0.000324937,0.000327194,0.000328403,0.00032818,0.000326315,0.00032284,0.000318053,0.000312485,0.000306822,0.000301794,0.000298047,0.000296028,0.000295905,0.000297533,0.000300474,0.000304059,0.000307483,0.000309913,0.000310591,0.000308912,0.000304477,0.000297116,0.00028688,0.000274013,0.000258914,0.000242094,0.000224126,0.00020561,0.000187123,0.000169183,0.000152211,0.000136506,0.000122227,0.000109383,9.78471e-05,8.73746e-05,7.76427e-05,6.82938e-05,5.89865e-05,4.94446e-05,3.94996e-05,2.91208e-05,1.84293e-05,7.69369e-06,-2.69217e-06,-1.22481e-05,-2.0458e-05,-2.68264e-05,-3.09355e-05,-3.24958e-05,-3.13856e-05,-2.76747e-05,-2.16302e-05,-1.37046e-05,-2.83679e-06,9.74354e-06,2.18261e-05,3.20149e-05,3.90788e-05,4.20845e-05,4.06099e-05,3.48451e-05,2.55141e-05,1.36095e-05,0
0,1.3927e-05,2.71193e-05,3.86489e-05,4.7392e-05,5.22349e-05,5.24606e-05,4.79683e-05,3.9292e-05,2.74537e-05,1.37277e-05,-4.79415e-07,-1.29522e-05,-2.25071e-05,-3.02151e-05,-3.55821e-05,-3.82795e-05,-3.81528e-05,-3.52156e-05,-2.96301e-05,-2.16767e-05,-1.17159e-05,-1.46587e-07,1.26341e-05,2.6267e-05,4.04578e-05,5.49934e-05,6.97468e-05,8.46704e-05,9.97804e-05,0.000115134,0.000130802,0.000146849,0.000163304,0.000180151,0.000197316,0.000214668,0.000232017,0.000249129,0.000265731,0.000281526,0.000296209,0.000309482,0.000321083,0.000330817,0.000338594,0.000344465,0.000348643,0.000351502,0.000353524,0.000355232,0.0003571,0.000359454,0.000362406,0.000365817,0.000369309,0.000372336,0.000374288,0.000374635,0.000373049,0.000369507,0.000364331,0.000358149,0.000351801,0.000346187,0.000342099,0.000340072,0.000340279,0.000342494,0.000346127,0.000350311,0.000354041,0.000356308,0.000356235,0.000353167,0.000346727,0.000336825,0.000323634,0.000307534,0.00028906,0.000268842,0.000247558,0.00022589,0.000204483,0.000183907,0.000164627,0.000146972,0.000131117,0.000117075,0.000104707,9.37424e-05,8.38143e-05,7.45086e-05,6.54165e-05,5.6188e-05,4.65799e-05,3.64914e-05,2.59832e-05,1.52773e-05,4.73765e-06,-5.16727e-06,-1.39154e-05,-2.09895e-05,-2.59372e-05,-2.84255e-05,-2.82845e-05,-2.5535e-05,-2.03983e-05,-1.32876e-05,-3.01791e-06,9.19392e-06,2.1096e-05,3.12793e-05,3.84808e-05,4.17118e-05,4.04808e-05,3.49094e-05,2.56709e-05,1.3739e-05,0
0,1.41989e-05,2.75878e-05,3.91693e-05,4.78193e-05,5.24579e-05,5.24282e-05,4.7701e-05,3.88774e-05,2.70289e-05,1.34556e-05,-4.2628e-07,-1.23612e-05,-2.11763e-05,-2.80568e-05,-3.25414e-05,-3.43384e-05,-3.33319e-05,-2.95726e-05,-2.32557e-05,-1.46872e-05,-4.24413e-06,7.66978e-06,2.06653e-05,3.44036e-05,4.8623e-05,6.3153e-05,7.79174e-05,9.29238e-05,0.000108245,0.000123993,0.000140291,0.000157245,0.00017492,0.000193325,0.000212401,0.000232017,0.000251973,0.000272005,0.000291793,0.000310969,0.000329126,0.000345839,0.00036069,0.000373312,0.000383456,0.00039106,0.000396305,0.000399622,0.000401645,0.000403109,0.000404718,0.000407013,0.00041025,0.00041434,0.000418848,0.000423075,0.0004262,0.000427464,0.000426363,0.000422785,0.000417076,0.000410008,0.00040264,0.000396123,0.000391467,0.000389339,0.000389927,0.000392895,0.000397442,0.000402435,0.00040659,0.000408669,0.000407641,0.000402802,0.000393826,0.000380754,0.000363935,0.000343941,0.000321477,0.000297318,0.00027225,0.000247034,0.000222372,0.000198877,0.000177043,0.000157218,0.000139588,0.000124166,0.000110801,9.91963e-05,8.89458e-05,7.95837e-05,7.06387e-05,6.1692e-05,5.2429e-05,4.268e-05,3.24444e-05,2.18943e-05,1.13582e-05,1.28482e-06,-7.80697e-06,-1.53885e-05,-2.09831e-05,-2.42242e-05,-2.49022e-05,-2.29957e-05,-1.86852e-05,-1.23465e-05,-2.67041e-06,9.1398e-06,2.07949e-05,3.08822e-05,3.81196e-05,4.14779e-05,4.04096e-05,3.49772e-05,2.58068e-05,1.38495e-05,0
0,1.44251e-05,2.79794e-05,3.9609e-05,4.81974e-05,5.26999e-05,5.25139e-05,4.76698e-05,3.88199e-05,2.70684e-05,1.37279e-05,2.14466e-07,-1.11806e-05,-1.92966e-05,-2.54327e-05,-2.9158e-05,-3.0213e-05,-2.85132e-05,-2.41376e-05,-1.73045e-05,-8.3355e-06,2.38615e-06,1.44607e-05,2.75142e-05,4.12338e-05,5.53937e-05,6.98676e-05,8.4629e-05,9.97391e-05,0.000115325,0.00013155,0.000148585,0.000166578,0.000185632,0.000205781,0.000226987,0.000249129,0.000272005,0.000295336,0.000318766,0.000341863,0.000364122,0.000384974,0.000403808,0.000420028,0.000433148,0.000442923,0.000449466,0.000453285,0.000455218,0.000456295,0.000457548,0.000459811,0.000463543,0.000468721,0.000474821,0.000480913,0.000485855,0.000488551,0.000488221,0.000484614,0.000478109,0.000469681,0.000460717,0.000452739,0.000447084,0.000444624,0.000445576,0.00044946,0.000455182,0.000461235,0.000465957,0.000467796,0.000465529,0.000458401,0.000446179,0.000429113,0.000407816,0.000383124,0.000355963,0.000327268,0.000297933,0.000268785,0.000240565,0.000213908,0.000189317,0.000167148,0.000147585,0.000130634,0.000116129,0.000103748,9.30498e-05,8.35218e-05,7.4637e-05,6.59141e-05,5.69727e-05,4.75785e-05,3.76713e-05,2.73725e-05,1.69715e-05,6.89187e-06,-2.35918e-06,-1.02509e-05,-1.62928e-05,-2.00953e-05,-2.14186e-05,-2.0208e-05,-1.66092e-05,-1.09648e-05,-1.84379e-06,9.56307e-06,2.09314e-05,3.0852e-05,3.80355e-05,4.14268e-05,4.04371e-05,3.50813e-05,2.59438e-05,1.39517e-05,0
0,1.46163e-05,2.83172e-05,4.00053e-05,4.85773e-05,5.30228e-05,5.27848e-05,4.79387e-05,3.91708e-05,2.76028e-05,1.45469e-05,1.4119e-06,-9.47772e-06,-1.69722e-05,-2.24825e-05,-2.56041e-05,-2.61028e-05,-2.39168e-05,-1.91436e-05,-1.20141e-05,-2.85536e-06,7.95265e-06,2.00221e-05,3.30001e-05,4.66033e-05,6.06428e-05,7.50355e-05,8.98018e-05,0.000105052,0.000120962,0.000137743,0.000155611,0.000174754,0.00019531,0.000217347,0.000240853,0.000265731,0.000291793,0.000318766,0.00034628,0.000373865,0.000400933,0.000426769,0.000450534,0.000471317,0.000488271,0.000500843,0.000509021,0.000513412,0.000515142,0.000515655,0.000516442,0.000518749,0.000523318,0.000530212,0.000538768,0.000547716,0.000555433,0.000560316,0.000561166,0.000557514,0.000549783,0.000539243,0.000527767,0.000517435,0.000510076,0.000506873,0.000508104,0.000513087,0.000520321,0.000527773,0.000533258,0.000534793,0.0005309,0.000520777,0.00050435,0.000482191,0.000455319,0.00042494,0.000392258,0.00035838,0.00032429,0.000290855,0.00025882,0.000228812,0.000201321,0.000176687,0.000155079,0.000136488,0.000120728,0.000107451,9.6185e-05,8.63756e-05,7.74479e-05,6.88662e-05,6.01922e-05,5.11335e-05,4.15747e-05,3.15884e-05,2.1424e-05,1.14757e-05,2.23267e-06,-5.78078e-06,-1.20707e-05,-1.62346e-05,-1.80139e-05,-1.73295e-05,-1.43006e-05,-9.24277e-06,-6.06966e-07,1.04251e-05,2.14941e-05,3.11993e-05,3.82545e-05,4.15923e-05,4.05977e-05,3.52511e-05,2.61027e-05,1.4056e-05,0
0,1.47839e-05,2.86255e-05,4.03953e-05,4.90075e-05,5.34818e-05,5.32957e-05,4.85541e-05,3.99604e-05,2.86382e-05,1.58894e-05,3.11034e-06,-7.34163e-06,-1.4325e-05,-1.93581e-05,-2.20566e-05,-2.22037e-05,-1.97505e-05,-1.48026e-05,-7.59274e-06,1.55677e-06,1.22775e-05,2.42002e-05,3.69969e-05,5.04154e-05,6.43026e-05,7.86147e-05,9.34143e-05,0.000108854,0.000125152,0.000142562,0.000161338,0.000181709,0.000203848,0.000227862,0.000253774,0.000281526,0.000310969,0.000341863,0.000373865,0.00040651,0.00043917,0.00047101,0.000500943,0.000527635,0.000549664,0.000565924,0.000576191,0.000581219,0.000582557,0.000582238,0.000582395,0.000584856,0.000590757,0.000600281,0.000612561,0.000625819,0.000637722,0.000645902,0.000648531,0.000644801,0.000635183,0.000621384,0.000606001,0.000591947,0.000581795,0.000577202,0.00057855,0.000584878,0.000594103,0.000603453,0.000610003,0.00061118,0.000605156,0.000591078,0.00056912,0.000540364,0.00050647,0.000469178,0.000430024,0.000390274,0.000350961,0.000312932,0.000276891,0.000243415,0.000212948,0.00018579,0.00016208,0.000141781,0.000124682,0.00011041,9.84624e-05,8.82523e-05,7.91644e-05,7.06181e-05,6.21274e-05,5.33502e-05,4.41228e-05,3.44735e-05,2.46129e-05,1.49039e-05,5.81307e-06,-2.1495e-06,-8.49555e-06,-1.28209e-05,-1.48584e-05,-1.45156e-05,-1.18945e-05,-7.29052e-06,9.56969e-07,1.16703e-05,2.24536e-05,3.19177e-05,3.87875e-05,4.19963e-05,4.09177e-05,3.5511e-05,2.63017e-05,1.41721e-05,0
0,1.49396e-05,2.89277e-05,4.08136e-05,4.95303e-05,5.41217e-05,5.40872e-05,4.95443e-05,4.1197e-05,3.0158e-05,1.77101e-05,5.23467e-06,-4.87663e-06,-1.1486e-05,-1.62132e-05,-1.86865e-05,-1.86971e-05,-1.61991e-05,-1.1295e-05,-4.20882e-06,4.75103e-06,1.52352e-05,2.68981e-05,3.9439e-05,5.2636e-05,6.63685e-05,8.06265e-05,9.55068e-05,0.000111197,0.000127948,0.000146049,0.000165787,0.000187426,0.000211178,0.00023719,0.000265536,0.000296209,0.000329126,0.000364122,0.000400933,0.00043917,0.000478253,0.000517311,0.000555044,0.000589583,0.000618557,0.000639765,0.000652674,0.000658326,0.000658912,0.000657308,0.000656552,0.000659282,0.000667198,0.000680651,0.000698481,0.000718169,0.00073633,0.000749455,0.000754758,0.000750903,0.000738415,0.000719643,0.000698261,0.000678436,0.000663859,0.000656908,0.000658131,0.000666171,0.000678111,0.000690122,0.000698236,0.000699053,0.000690264,0.000670932,0.000641584,0.000604093,0.000561222,0.000515486,0.000468786,0.000422472,0.000377522,0.000334679,0.000294534,0.000257561,0.000224123,0.000194453,0.000168641,0.000146612,0.000128124,0.000112778,0.000100047,8.93143e-05,7.99362e-05,7.12982e-05,6.28775e-05,5.42933e-05,4.53432e-05,3.60171e-05,2.64908e-05,1.7096e-05,8.27328e-06,5.12413e-07,-5.71268e-06,-1.00063e-05,-1.2104e-05,-1.19111e-05,-9.52202e-06,-5.22106e-06,2.7566e-06,1.3231e-05,2.37661e-05,3.29854e-05,3.96312e-05,4.26486e-05,4.1414e-05,3.58794e-05,2.65558e-05,1.43084e-05,0
0,1.50941e-05,2.92456e-05,4.12903e-05,5.01802e-05,5.49754e-05,5.51836e-05,5.09185e-05,4.28692e-05,3.21258e-05,1.99464e-05,7.69666e-06,-2.19439e-06,-8.58688e-06,-1.3194e-05,-1.56487e-05,-1.57402e-05,-1.34145e-05,-8.76042e-06,-1.98332e-06,6.631e-06,1.67585e-05,2.80805e-05,4.03242e-05,5.32953e-05,6.69003e-05,8.11553e-05,9.61821e-05,0.000112192,0.000129462,0.000148303,0.000169031,0.000191939,0.000217278,0.000245239,0.000275951,0.000309482,0.000345839,0.000384974,0.000426769,0.00047101,0.000517311,0.00056496,0.00061263,0.000657916,0.000696879,0.000724764,0.000740858,0.000746881,0.000746031,0.000742374,0.0007402,0.000743284,0.000754124,0.000773327,0.000799325,0.000828529,0.000856002,0.000876527,0.000885861,0.000881843,0.000865046,0.000838757,0.000808264,0.000779616,0.000758194,0.000747463,0.000748232,0.000758566,0.000774335,0.000790195,0.000800701,0.000801303,0.000789007,0.000762706,0.000723309,0.000673856,0.000619288,0.000563235,0.000507849,0.00045435,0.000403478,0.000355736,0.000311513,0.000271125,0.000234813,0.000202719,0.000174866,0.000151131,0.000131238,0.000114762,0.000101152,8.97751e-05,7.99659e-05,7.10891e-05,6.25979e-05,5.40858e-05,4.5322e-05,3.62674e-05,2.7068e-05,1.80265e-05,9.55604e-06,2.12101e-06,-3.82665e-06,-7.9094e-06,-9.87653e-06,-9.64191e-06,-7.30348e-06,-3.14344e-06,4.69817e-06,1.50316e-05,2.53763e-05,3.43674e-05,4.0769e-05,4.35471e-05,4.20938e-05,3.63674e-05,2.68754e-05,1.44709e-05,0
0,1.52571e-05,2.9597e-05,4.18489e-05,5.09816e-05,5.60625e-05,5.65931e-05,5.2668e-05,4.49473e-05,3.44893e-05,2.25235e-05,1.04014e-05,5.936e-07,-5.75118e-06,-1.04308e-05,-1.30737e-05,-1.3457e-05,-1.15079e-05,-7.29104e-06,-9.83747e-07,7.15812e-06,1.68408e-05,2.77746e-05,3.97133e-05,5.24861e-05,6.60193e-05,8.03457e-05,9.56011e-05,0.000112009,0.00012986,0.000149478,0.000171199,0.000195339,0.000222183,0.000251967,0.000284883,0.000321083,0.00036069,0.000403808,0.000450534,0.000500943,0.000555044,0.00061263,0.000672886,0.000733403,0.000788021,0.000824649,0.000844083,0.000849692,0.000846173,0.000839195,0.000834747,0.00083818,0.000853137,0.000880634,0.00091855,0.000961769,0.00100307,0.00103469,0.00105014,0.00104597,0.00102277,0.000985195,0.000940954,0.000898937,0.000867079,0.00085049,0.000850368,0.000863925,0.000885251,0.000906804,0.000921061,0.000921886,0.000905349,0.000869964,0.00081673,0.00074991,0.000679798,0.000611281,0.000546181,0.000485106,0.000428254,0.000375724,0.000327611,0.000284016,0.000245026,0.000210673,0.0001809,0.00015553,0.000134248,0.000116604,0.000102033,8.98893e-05,7.94992e-05,7.02192e-05,6.14931e-05,5.2902e-05,4.41998e-05,3.53284e-05,2.64114e-05,1.7726e-05,9.65781e-06,2.64246e-06,-2.89677e-06,-6.60946e-06,-8.26902e-06,-7.80905e-06,-5.3416e-06,-1.15657e-06,6.69122e-06,1.69942e-05,2.72219e-05,3.60186e-05,4.21726e-05,4.46783e-05,4.29546e-05,3.69791e-05,2.72663e-05,1.46637e-05,0
0,1.54361e-05,2.99955e-05,4.25053e-05,5.19481e-05,5.73885e-05,5.83081e-05,5.47676e-05,4.73866e-05,3.71843e-05,2.536e-05,1.32537e-05,3.38291e-06,-3.08743e-06,-8.03025e-06,-1.10602e-05,-1.19321e-05,-1.05441e-05,-6.92675e-06,-1.22114e-06,6.35321e-06,1.55364e-05,2.60684e-05,3.77268e-05,5.03585e-05,6.39013e-05,7.83938e-05,9.3974e-05,0.000110866,0.000129358,0.000149779,0.000172472,0.000197771,0.000225986,0.000257399,0.000292262,0.000330817,0.000373312,0.000420028,0.000471317,0.000527635,0.000589583,0.000657916,0.000733403,0.000815885,0.000899249,0.000945264,0.000966819,0.00097027,0.000962042,0.000949765,0.000941667,0.000945281,0.000965914,0.00100525,0.00106046,0.00112428,0.00118615,0.00123444,0.00125927,0.0012551,0.00122244,0.00116798,0.00110305,0.00104085,0.000993198,0.00096769,0.000966105,0.000984359,0.00101389,0.00104397,0.00106413,0.00106614,0.00104491,0.000998348,0.000926391,0.000831378,0.000740514,0.000657621,0.000582325,0.000513758,0.000451228,0.000394279,0.000342645,0.000296184,0.000254811,0.000218437,0.000186921,0.000160026,0.000137401,0.000118574,0.000102968,8.99371e-05,7.88102e-05,6.89497e-05,5.98044e-05,5.09582e-05,4.21633e-05,3.3354e-05,2.464e-05,1.62783e-05,8.62812e-06,2.09403e-06,-2.9348e-06,-6.14307e-06,-7.33804e-06,-6.48361e-06,-3.71652e-06,6.55902e-07,8.65354e-06,1.90428e-05,2.92372e-05,3.78868e-05,4.38044e-05,4.60188e-05,4.39849e-05,3.7711e-05,2.77294e-05,1.48884e-05,0
0,1.56362e-05,3.04494e-05,4.32674e-05,5.3082e-05,5.89454e-05,6.0306e-05,5.7178e-05,5.01306e-05,4.01389e-05,2.83723e-05,1.61632e-05,6.08192e-06,-6.83184e-07,-6.06988e-06,-9.66992e-06,-1.12063e-05,-1.05383e-05,-7.65367e-06,-2.64993e-06,4.29476e-06,1.29568e-05,2.31049e-05,3.4537e-05,4.71106e-05,6.07657e-05,7.55356e-05,9.15474e-05,0.000109012,0.000128204,0.000149445,0.000173072,0.000199428,0.000228843,0.000261633,0.000298109,0.000338594,0.000383456,0.000433148,0.000488271,0.000549664,0.000618557,0.000696879,0.000788021,0.000899249,0.00105079,0.00109463,0.00111428,0.0011127,0.00109677,0.00107628,0.00106243,0.00106579,0.00109412,0.00115023,0.00123048,0.00132459,0.00141711,0.00149063,0.00152996,0.00152624,0.0014797,0.00139998,0.00130389,0.00121122,0.0011397,0.00110071,0.00109689,0.00112215,0.00116394,0.00120682,0.00123617,0.00124106,0.00121536,0.00115694,0.00106367,0.000912367,0.00079631,0.000699123,0.000614467,0.000539272,0.000471824,0.000411105,0.0003565,0.000307633,0.000264255,0.00022616,0.000193122,0.000164848,0.00014095,0.00012094,0.000104238,9.02034e-05,7.81826e-05,6.75566e-05,5.77949e-05,4.84991e-05,3.94338e-05,3.05384e-05,2.19181e-05,1.38156e-05,6.56619e-06,5.42404e-07,-3.90508e-06,-6.50303e-06,-7.10132e-06,-5.7039e-06,-2.48221e-06,2.22951e-06,1.05151e-05,2.11069e-05,3.13565e-05,3.99152e-05,4.56198e-05,4.75366e-05,4.51648e-05,3.8553e-05,2.82607e-05,1.5144e-05,0
0,1.58599e-05,3.09615e-05,4.41342e-05,5.43744e-05,6.0712e-05,6.25508e-05,5.98475e-05,5.31135e-05,4.3277e-05,3.14788e-05,1.90492e-05,8.61603e-06,1.39882e-06,-4.59495e-06,-8.92563e-06,-1.12754e-05,-1.14562e-05,-9.4054e-06,-5.17089e-06,1.11429e-06,9.2639e-06,1.90739e-05,3.03577e-05,4.29762e-05,5.68618e-05,7.20308e-05,8.85871e-05,0.000106715,0.000126664,0.000148732,0.000173245,0.000200541,0.000230958,0.000264842,0.000302546,0.000344465,0.00039106,0.000442923,0.000500843,0.000565924,0.000639765,0.000724764,0.000824649,0.000945264,0.00109463,0.00114526,0.00117048,0.00117278,0.0011589,0.00113887,0.00112447,0.00112731,0.00115635,0.0012155,0.00130171,0.0014044,0.00150687,0.00158967,0.00163541,0.00163356,0.00158375,0.00149641,0.0013903,0.00128763,0.0012083,0.00116492,0.00116011,0.00118666,0.00123027,0.00127382,0.00130161,0.00130256,0.00127142,0.00120852,0.00111953,0.000964048,0.000837955,0.000732188,0.000640986,0.00056086,0.000489663,0.000426048,0.000369155,0.000318427,0.000273478,0.000234,0.000199691,0.000170205,0.000145126,0.000123949,0.000106099,9.09546e-05,7.78868e-05,6.63105e-05,5.57302e-05,4.57807e-05,3.62532e-05,2.71043e-05,1.8445e-05,1.05103e-05,3.61499e-06,-1.90053e-06,-5.72723e-06,-7.63962e-06,-7.53777e-06,-5.47442e-06,-1.66477e-06,3.52126e-06,1.22208e-05,2.31246e-05,3.35169e-05,4.20453e-05,4.75687e-05,4.9193e-05,4.64671e-05,3.94882e-05,2.88515e-05,1.54273e-05,0
0,1.6107e-05,3.15288e-05,4.50965e-05,5.58058e-05,6.26554e-05,6.49949e-05,6.27148e-05,5.62637e-05,4.65216e-05,3.46037e-05,2.18429e-05,1.09303e-05,3.12271e-06,-3.61714e-06,-8.81052e-06,-1.20911e-05,-1.32163e-05,-1.20669e-05,-8.63672e-06,-3.01105e-06,4.66127e-06,1.42009e-05,2.54314e-05,3.82101e-05,5.24517e-05,6.8145e-05,8.53586e-05,0.000104238,0.000124996,0.000147897,0.000173242,0.000201355,0.000232576,0.000267265,0.000305807,0.000348643,0.000396305,0.000449466,0.000509021,0.000576191,0.000652674,0.000740858,0.000844083,0.000966819,0.00111428,0.00117048,0.00120648,0.00122372,0.00122732,0.00122543,0.00122803,0.00124532,0.00128559,0.00135286,0.00144487,0.00155218,0.00165918,0.00174708,0.00179846,0.00180216,0.00175684,0.00167185,0.001565,0.00145779,0.00136972,0.00131339,0.00129183,0.00129872,0.00132111,0.00134358,0.00135238,0.00133833,0.00129784,0.00123243,0.00114763,0.000994517,0.000865911,0.000756372,0.000661562,0.00057839,0.000504739,0.00043917,0.000380709,0.000328687,0.000282616,0.000242104,0.000206786,0.000176269,0.000150109,0.000127796,0.000108763,9.24133e-05,7.81571e-05,6.54547e-05,5.38595e-05,4.30533e-05,3.28678e-05,2.32891e-05,1.44433e-05,6.56522e-06,-4.68978e-08,-5.08412e-06,-8.28093e-06,-9.46396e-06,-8.58966e-06,-5.76688e-06,-1.26238e-06,4.51051e-06,1.3732e-05,2.50447e-05,3.56608e-05,4.42192e-05,4.95982e-05,5.0944e-05,4.78588e-05,4.04945e-05,2.94892e-05,1.57327e-05,0
0,1.63746e-05,3.21431e-05,4.61372e-05,5.73468e-05,6.47323e-05,6.75809e-05,6.57113e-05,5.95059e-05,4.97973e-05,3.76784e-05,2.44901e-05,1.29905e-05,4.47948e-06,-3.11557e-06,-9.27062e-06,-1.35647e-05,-1.56949e-05,-1.54812e-05,-1.28601e-05,-7.86804e-06,-6.17393e-07,8.73412e-06,2.00153e-05,3.30721e-05,4.77938e-05,6.41313e-05,8.21076e-05,0.00010182,0.000123432,0.000147167,0.000173292,0.00020211,0.000233954,0.000269186,0.000308212,0.000351502,0.000399622,0.000453285,0.000513412,0.000581219,0.000658326,0.000746881,0.000849692,0.00097027,0.0011127,0.00117278,0.00122372,0.00126563,0.00130093,0.00133412,0.0013713,0.00141921,0.00148381,0.00156833,0.00167138,0.00178564,0.00189811,0.00199223,0.00205168,0.00206504,0.00202941,0.00195183,0.00184734,0.0017348,0.00163172,0.00154999,0.00149368,0.00145924,0.00143783,0.0014187,0.00139254,0.00135359,0.00130026,0.00123437,0.00115998,0.00101134,0.0008837,0.000773355,0.000677103,0.000592426,0.000517435,0.00045075,0.000391374,0.000338575,0.000291798,0.000250584,0.00021451,0.000183141,0.00015601,0.000132602,0.000112365,9.47353e-05,7.91696e-05,6.51848e-05,5.23956e-05,4.05434e-05,2.95126e-05,1.93299e-05,1.01461e-05,2.20243e-06,-4.21507e-06,-8.82717e-06,-1.14127e-05,-1.18534e-05,-1.01666e-05,-6.5229e-06,-1.24693e-06,5.19828e-06,1.50266e-05,2.68271e-05,3.77366e-05,4.63806e-05,5.16538e-05,5.27417e-05,4.93019e-05,4.15451e-05,3.01572e-05,1.60527e-05,0
0,1.66573e-05,3.27912e-05,4.7232e-05,5.89597e-05,6.68905e-05,7.02439e-05,6.8763e-05,6.27633e-05,5.3032e-05,4.06431e-05,2.69505e-05,1.47823e-05,5.48533e-06,-3.03982e-06,-1.02191e-05,-1.55724e-05,-1.87331e-05,-1.94574e-05,-1.76232e-05,-1.32184e-05,-6.32026e-06,2.93158e-06,1.43662e-05,2.78123e-05,4.31258e-05,6.02123e-05,7.90411e-05,9.9652e-05,0.000122155,0.000146722,0.000173583,0.000203013,0.000235332,0.000270902,0.000310137,0.000353524,0.000401645,0.000455218,0.000515142,0.000582557,0.000658912,0.000746031,0.000846173,0.000962042,0.00109677,0.0011589,0.00122732,0.00130093,0.00137894,0.00146128,0.00154895,0.00164408,0.0017494,0.00186692,0.00199601,0.00213155,0.00226304,0.00237544,0.00245227,0.00248033,0.00245433,0.00237895,0.00226721,0.00213602,0.00200144,0.00187519,0.0017632,0.00166604,0.00158073,0.001503,0.00142934,0.00135804,0.0012893,0.00122447,0.00116517,0.00102132,0.000895746,0.000785859,0.00068929,0.000604024,0.000528428,0.000461224,0.000401424,0.000348262,0.000301125,0.000259493,0.000222888,0.000190835,0.000162842,0.000138392,0.000116951,9.79912e-05,8.10239e-05,6.56313e-05,5.14987e-05,3.84379e-05,2.63962e-05,1.54503e-05,5.78395e-06,-2.34885e-06,-8.66989e-06,-1.29274e-05,-1.49441e-05,-1.46584e-05,-1.21511e-05,-7.65842e-06,-1.56717e-06,5.60529e-06,1.60981e-05,2.84433e-05,3.97e-05,4.84767e-05,5.3681e-05,5.45362e-05,5.07552e-05,4.26095e-05,3.08364e-05,1.63783e-05,0
0,1.69477e-05,3.34555e-05,4.8351e-05,6.06001e-05,6.90712e-05,7.29132e-05,7.17927e-05,6.59595e-05,5.61578e-05,4.34471e-05,2.91979e-05,1.63094e-05,6.17833e-06,-3.3145e-06,-1.15421e-05,-1.79631e-05,-2.21454e-05,-2.37809e-05,-2.2689e-05,-1.88103e-05,-1.21897e-05,-2.95184e-06,8.72825e-06,2.26569e-05,3.86518e-05,5.65672e-05,7.63133e-05,9.78682e-05,0.000121282,0.000146675,0.000174235,0.00020421,0.000236903,0.000272676,0.000311953,0.000355232,0.000403109,0.000456295,0.000515655,0.000582238,0.000657308,0.000742374,0.000839195,0.000949765,0.00107628,0.00113887,0.00122543,0.00133412,0.00146128,0.00160246,0.00175374,0.00191295,0.00207997,0.00225588,0.00244081,0.00263086,0.00281552,0.00297701,0.00309308,0.00314369,0.00311898,0.00302369,0.00287391,0.00269011,0.00249092,0.00229019,0.00209671,0.00191551,0.00174953,0.00160093,0.0014717,0.00136366,0.00127798,0.00121463,0.00117214,0.00103108,0.000906636,0.000796932,0.000700105,0.000614456,0.000538521,0.00047108,0.000411136,0.000357877,0.000310626,0.000268795,0.000231846,0.000199258,0.000170512,0.000145085,0.000122461,0.000102154,8.3732e-05,6.68476e-05,5.12646e-05,3.68723e-05,2.36887e-05,1.1848e-05,1.57313e-06,-6.86342e-06,-1.31873e-05,-1.71712e-05,-1.86808e-05,-1.77103e-05,-1.44053e-05,-9.06919e-06,-2.153e-06,5.7689e-06,1.69538e-05,2.9875e-05,4.15138e-05,5.04585e-05,5.56266e-05,5.62765e-05,5.21752e-05,4.36549e-05,3.15053e-05,1.66991e-05,0
0,1.72365e-05,3.41153e-05,4.94593e-05,6.22183e-05,7.12107e-05,7.55148e-05,7.47222e-05,6.90196e-05,5.9112e-05,4.60482e-05,3.12178e-05,1.75906e-05,6.61403e-06,-3.84519e-06,-1.31064e-05,-2.05668e-05,-2.57295e-05,-2.82234e-05,-2.78116e-05,-2.43898e-05,-1.79734e-05,-8.67547e-06,3.32173e-06,1.77989e-05,3.4532e-05,5.33215e-05,7.40164e-05,9.65311e-05,0.000120855,0.000147058,0.000175286,0.000205761,0.000238777,0.000274699,0.000313965,0.0003571,0.000404718,0.000457548,0.000516442,0.000582395,0.000656552,0.0007402,0.000834747,0.000941667,0.00106243,0.00112447,0.00122803,0.0013713,0.00154895,0.00175374,0.00197882,0.00221983,0.00247595,0.00274913,0.00304081,0.00334682,0.00365169,0.00392537,0.00412648,0.00421481,0.0041703,0.00400466,0.00375131,0.00344796,0.00312505,0.00280282,0.00249353,0.00220523,0.00194446,0.00171725,0.00152881,0.00138254,0.00127915,0.00121632,0.00118914,0.0010465,0.000920488,0.000809377,0.000711403,0.000624917,0.000548449,0.000480736,0.000420708,0.000367465,0.000320239,0.000278356,0.000241204,0.000208207,0.000178812,0.000152486,0.000128731,0.000107098,8.72138e-05,6.88058e-05,5.17186e-05,3.59234e-05,2.15137e-05,8.68554e-06,-2.29403e-06,-1.11303e-05,-1.75488e-05,-2.1344e-05,-2.24216e-05,-2.08304e-05,-1.6779e-05,-1.06373e-05,-2.92071e-06,5.7391e-06,1.76122e-05,3.11131e-05,4.31472e-05,5.2281e-05,5.74391e-05,5.79119e-05,5.35176e-05,4.4647e-05,3.21412e-05,1.70041e-05,0
0,1.75132e-05,3.47473e-05,5.05194e-05,6.37614e-05,7.32427e-05,7.79732e-05,7.74734e-05,7.18715e-05,6.18373e-05,4.84118e-05,3.30055e-05,1.8656e-05,6.86013e-06,-4.52515e-06,-1.4767e-05,-2.32035e-05,-2.92761e-05,-3.2554e-05,-3.27476e-05,-2.97114e-05,-2.34346e-05,-1.40216e-05,-1.66406e-06,1.33916e-05,3.0879e-05,5.05452e-05,7.21787e-05,9.56325e-05,0.000120839,0.000147818,0.000176682,0.000207632,0.000240959,0.000277043,0.000316353,0.000359454,0.000407013,0.000459811,0.000518749,0.000584856,0.000659282,0.000743284,0.00083818,0.000945281,0.00106579,0.00112731,0.00124532,0.00141921,0.00164408,0.00191295,0.00221983,0.00256253,0.00294416,0.00337177,0.00385128,0.00437833,0.0049263,0.00543639,0.0058191,0.00597988,0.00587078,0.00553019,0.00504463,0.00449876,0.00395119,0.00343357,0.00295993,0.00253639,0.00216717,0.00185666,0.00160867,0.00142482,0.00130328,0.00123854,0.00122227,0.00107189,0.000940318,0.000825256,0.000724552,0.000636271,0.000558717,0.000490438,0.000430197,0.000376946,0.000329787,0.000287931,0.000250675,0.000217375,0.000187433,0.000160303,0.000135497,0.000112602,9.1303e-05,7.13991e-05,5.28162e-05,3.56081e-05,1.99445e-05,6.08548e-06,-5.65619e-06,-1.49607e-05,-2.15508e-05,-2.52392e-05,-2.59685e-05,-2.38382e-05,-1.9117e-05,-1.22381e-05,-3.77872e-06,5.57406e-06,1.80993e-05,3.21553e-05,4.45751e-05,5.39035e-05,5.90699e-05,5.93932e-05,5.47384e-05,4.5551e-05,3.27209e-05,1.72818e-05,0
0,1.77664e-05,3.53271e-05,5.14919e-05,6.51754e-05,7.51005e-05,8.02139e-05,7.9971e-05,7.44471e-05,6.42815e-05,5.05099e-05,3.45633e-05,1.95425e-05,6.99072e-06,-5.24257e-06,-1.6376e-05,-2.56933e-05,-3.25793e-05,-3.6549e-05,-3.72656e-05,-3.45468e-05,-2.83594e-05,-1.88012e-05,-6.07458e-06,9.54762e-06,2.77588e-05,4.82555e-05,7.07703e-05,9.51e-05,0.000121125,0.000148825,0.000178281,0.000209686,0.000243338,0.000279644,0.000319123,0.000362406,0.00041025,0.000463543,0.000523318,0.000590757,0.000667198,0.000754124,0.000853137,0.000965914,0.00109412,0.00115635,0.00128559,0.00148381,0.0017494,0.00207997,0.00247595,0.00294416,0.00349954,0.00416351,0.00495635,0.00588153,0.00690038,0.00790179,0.0086864,0.00901025,0.00873392,0.0079884,0.00701025,0.00599393,0.00504965,0.00422024,0.00351133,0.00291469,0.00242082,0.00202303,0.00171669,0.00149689,0.00135663,0.00128624,0.00127429,0.00110922,0.000967508,0.000845512,0.000740159,0.000648866,0.000569475,0.000500181,0.000439479,0.000386103,0.000338978,0.000297176,0.00025988,0.000226364,0.00019598,0.000168158,0.000142416,0.000118371,9.57611e-05,7.44536e-05,5.44516e-05,3.5888e-05,1.90063e-05,4.12853e-06,-8.38682e-06,-1.81942e-05,-2.50115e-05,-2.86666e-05,-2.91344e-05,-2.65603e-05,-2.12676e-05,-1.37474e-05,-4.63364e-06,5.33538e-06,1.84458e-05,3.3004e-05,4.57774e-05,5.52897e-05,6.04738e-05,6.06736e-05,5.57954e-05,4.63334e-05,3.32217e-05,1.75209e-05,0
0,1.79849e-05,3.583e-05,5.23379e-05,6.64072e-05,7.67195e-05,8.21655e-05,8.21435e-05,7.66832e-05,6.63978e-05,5.23192e-05,3.58976e-05,2.02899e-05,7.08041e-06,-5.88775e-06,-1.77908e-05,-2.78648e-05,-3.54457e-05,-4.00016e-05,-4.11549e-05,-3.86924e-05,-3.2562e-05,-2.2857e-05,-9.79e-06,6.34218e-06,2.51971e-05,4.64269e-05,6.97158e-05,9.48119e-05,0.000121553,0.000149885,0.000179872,0.000211704,0.000245697,0.0002823,0.000322098,0.000365817,0.00041434,0.000468721,0.000530212,0.000600281,0.000680651,0.000773327,0.000880634,0.00100525,0.00115023,0.0012155,0.00135286,0.00156833,0.00186692,0.00225588,0.00274913,0.00337177,0.00416351,0.00517851,0.0064775,0.00810459,0.0100367,0.0120961,0.0138473,0.0146089,0.0138793,0.0121549,0.0101123,0.00818295,0.00654316,0.00521821,0.0041704,0.00334849,0.00270837,0.0022178,0.00185408,0.00159985,0.00143984,0.00135924,0.00134392,0.00115765,0.00100151,0.000869767,0.000757933,0.000662449,0.000580467,0.000509689,0.000448242,0.000394583,0.000347423,0.000305668,0.000268373,0.000234721,0.000204004,0.000175622,0.000149092,0.000124057,0.000100299,7.77464e-05,5.64716e-05,3.66796e-05,1.86814e-05,2.8563e-06,-1.03949e-05,-2.0702e-05,-2.77769e-05,-3.14592e-05,-3.17513e-05,-2.8838e-05,-2.30897e-05,-1.5048e-05,-5.39606e-06,5.08335e-06,1.86831e-05,3.36645e-05,4.67374e-05,5.64072e-05,6.16098e-05,6.17099e-05,5.66489e-05,4.69626e-05,3.36218e-05,1.77106e-05,0
0,1.81577e-05,3.62325e-05,5.30204e-05,6.7407e-05,7.80394e-05,8.37619e-05,8.39256e-05,7.85226e-05,6.81445e-05,5.38203e-05,3.7016e-05,2.0936e-05,7.19868e-06,-6.36004e-06,-1.88818e-05,-2.95641e-05,-3.77032e-05,-4.27295e-05,-4.42326e-05,-4.19744e-05,-3.5888e-05,-2.60636e-05,-1.27221e-05,3.81971e-06,2.31903e-05,4.50061e-05,6.89123e-05,9.46196e-05,0.000121933,0.000150776,0.000181201,0.000213407,0.000247738,0.000284694,0.000324937,0.000369309,0.000418848,0.000474821,0.000538768,0.000612561,0.000698481,0.000799325,0.00091855,0.00106046,0.00123048,0.00130171,0.00144487,0.00167138,0.00199601,0.00244081,0.00304081,0.00385128,0.00495635,0.0064775,0.00857673,0.0114384,0.01519,0.0196833,0.0240512,0.0262519,0.0240593,0.0196992,0.0152123,0.0114637,0.00859961,0.00649217,0.00495911,0.00384317,0.00302896,0.0024376,0.00201622,0.00172836,0.0015472,0.00145183,0.00142585,0.00121356,0.00103986,0.000896344,0.000776717,0.000676188,0.000591061,0.000518437,0.000456015,0.000401935,0.00035467,0.000312946,0.000275686,0.000241974,0.000211041,0.000182251,0.000155116,0.000129295,0.000104607,8.10295e-05,5.86948e-05,3.78688e-05,1.89201e-05,2.27698e-06,-1.16231e-05,-2.2388e-05,-2.97237e-05,-3.34785e-05,-3.36765e-05,-3.05344e-05,-2.44603e-05,-1.60366e-05,-5.98607e-06,4.87257e-06,1.88405e-05,3.41425e-05,4.74411e-05,5.7228e-05,6.24415e-05,6.24636e-05,5.72638e-05,4.741e-05,3.3902e-05,1.78412e-05,0
0,1.82748e-05,3.65134e-05,5.35065e-05,6.81302e-05,7.90064e-05,8.49446e-05,8.52599e-05,7.99151e-05,6.94853e-05,5.49961e-05,3.7925e-05,2.15133e-05,7.40475e-06,-6.57399e-06,-1.95396e-05,-3.06619e-05,-3.92083e-05,-4.45819e-05,-4.63488e-05,-4.42526e-05,-3.82157e-05,-2.83255e-05,-1.4809e-05,2.00308e-06,2.17186e-05,4.39287e-05,6.82518e-05,9.43725e-05,0.000122075,0.00015127,0.000182009,0.000214504,0.000249131,0.000286446,0.000327194,0.000372336,0.000423075,0.000480913,0.000547716,0.000625819,0.000718169,0.000828529,0.000961769,0.00112428,0.00132459,0.0014044,0.00155218,0.00178564,0.00213155,0.00263086,0.00334682,0.00437833,0.00588153,0.00810459,0.0114384,0.0164709,0.0239687,0.0345038,0.0469607,0.0550537,0.0469414,0.0344703,0.0239295,0.0164349,0.0114123,0.00809175,0.00588225,0.00439175,0.0033729,0.00267172,0.00219154,0.00187025,0.00166674,0.0015532,0.00151127,0.00127098,0.00107854,0.000922538,0.000794675,0.000688818,0.000600351,0.000525743,0.000462244,0.00040767,0.000360259,0.000318561,0.00028137,0.000247679,0.000216654,0.000187627,0.000160098,0.000133734,0.000108382,8.40557e-05,6.09335e-05,3.9328e-05,1.96524e-05,2.37336e-06,-1.20432e-05,-2.3188e-05,-3.07615e-05,-3.46182e-05,-3.47978e-05,-3.15396e-05,-2.52793e-05,-1.66284e-05,-6.33795e-06,4.74812e-06,1.89419e-05,3.44424e-05,4.78768e-05,5.7728e-05,6.29381e-05,6.29021e-05,5.76098e-05,4.76514e-05,3.40455e-05,1.79044e-05,0
0,1.8328e-05,3.66549e-05,5.37681e-05,6.85395e-05,7.95759e-05,8.56649e-05,8.60981e-05,8.08187e-05,7.03891e-05,5.5831e-05,3.86279e-05,2.20456e-05,7.74334e-06,-6.46452e-06,-1.96808e-05,-3.10596e-05,-3.9852e-05,-4.54452e-05,-4.73912e-05,-4.5423e-05,-3.94557e-05,-2.95746e-05,-1.6009e-05,9.0338e-07,2.07597e-05,4.31381e-05,6.76427e-05,9.39457e-05,0.000121822,0.000151179,0.000182074,0.000214735,0.000249571,0.000287187,0.000328403,0.000374288,0.0004262,0.000485855,0.000555433,0.000637722,0.00073633,0.000856002,0.00100307,0.00118615,0.00141711,0.00150687,0.00165918,0.00189811,0.00226304,0.00281552,0.00365169,0.0049263,0.00690038,0.0100367,0.01519,0.0239687,0.0393146,0.0658195,0.106474,0.144146,0.106429,0.0657398,0.0392179,0.0238755,0.0151188,0.00999957,0.00690163,0.00496318,0.0037169,0.00290066,0.00236164,0.0020076,0.00178166,0.00164888,0.00158917,0.00132256,0.00111265,0.000945092,0.00080964,0.000698879,0.000607334,0.000530886,0.000466375,0.000411331,0.000363782,0.000322127,0.00028505,0.000251463,0.000220479,0.000191398,0.000163706,0.000137074,0.000111361,8.6606e-05,6.30156e-05,4.09333e-05,2.08016e-05,3.11181e-06,-1.16514e-05,-2.30676e-05,-3.08335e-05,-3.4807e-05,-3.50369e-05,-3.17757e-05,-2.5475e-05,-1.67622e-05,-6.40405e-06,4.74244e-06,1.90043e-05,3.45663e-05,4.80338e-05,5.78876e-05,6.30747e-05,6.29994e-05,5.76632e-05,4.76677e-05,3.40395e-05,1.78938e-05,0
0,1.83109e-05,3.66436e-05,5.37844e-05,6.86068e-05,7.97139e-05,8.58856e-05,8.64034e-05,8.12004e-05,7.08306e-05,5.63107e-05,3.91231e-05,2.25454e-05,8.24131e-06,-5.991e-06,-1.92524e-05,-3.06942e-05,-3.95643e-05,-4.5246e-05,-4.72877e-05,-4.54186e-05,-3.95509e-05,-2.97671e-05,-1.6295e-05,5.28697e-07,2.03011e-05,4.26001e-05,6.70295e-05,9.32623e-05,0.000121076,0.000150382,0.00018125,0.000213923,0.000248834,0.000286628,0.00032818,0.000374635,0.000427464,0.000488551,0.000560316,0.000645902,0.000749455,0.000876527,0.00103469,0.00123444,0.00149063,0.00158967,0.00174708,0.00199223,0.00237544,0.00297701,0.00392537,0.00543639,0.00790179,0.0120961,0.0196833,0.0345038,0.0658195,0.135306,0.282097,0.494171,0.282033,0.135192,0.0656803,0.0343687,0.0195793,0.0120423,0.00790554,0.00549331,0.00402235,0.00309718,0.00250366,0.00211952,0.00187316,0.00172328,0.00164831,0.0013609,0.00113735,0.000960839,0.000819543,0.000705019,0.000611113,0.000533252,0.000467968,0.000412574,0.000364947,0.000323376,0.000286464,0.000253068,0.00022226,0.000193315,0.000165704,0.000139094,0.000113348,8.8512e-05,6.48043e-05,4.25809e-05,2.2296e-05,4.45099e-06,-1.04623e-05,-2.20192e-05,-2.99152e-05,-3.40089e-05,-3.43517e-05,-3.11994e-05,-2.50065e-05,-1.64032e-05,-6.15754e-06,4.87308e-06,1.90353e-05,3.45126e-05,4.7903e-05,5.7692e-05,6.28334e-05,6.27371e-05,5.74075e-05,4.74458e-05,3.38752e-05,1.7805e-05,0
0,1.82198e-05,3.64711e-05,5.35423e-05,6.83142e-05,7.93988e-05,8.55828e-05,8.61513e-05,8.10373e-05,7.07908e-05,5.64213e-05,3.94035e-05,2.30127e-05,8.90562e-06,-5.13972e-06,-1.82347e-05,-2.95412e-05,-3.8317e-05,-4.39543e-05,-4.60079e-05,-4.42106e-05,-3.84751e-05,-2.88811e-05,-1.565e-05,8.90297e-07,2.03483e-05,4.23146e-05,6.64067e-05,9.23111e-05,0.000119819,0.000148854,0.000179499,0.00021201,0.000246836,0.000284638,0.000326315,0.000373049,0.000426363,0.000488221,0.000561166,0.000648531,0.000754758,0.000885861,0.00105014,0.00125927,0.00152996,0.00163541,0.00179846,0.00205168,0.00245227,0.00309308,0.00412648,0.0058191,0.0086864,0.0138473,0.0240512,0.0469607,0.106474,0.282097,0.824281,2.18976,0.824208,0.281967,0.106315,0.0468064,0.0239328,0.0137872,0.00869321,0.0058876,0.00424044,0.00323118,0.00259484,0.00218659,0.00192451,0.00176302,0.0016794,0.00138006,0.00114885,0.000967368,0.000822863,0.000706285,0.000611096,0.000532474,0.000466787,0.000411238,0.000363629,0.000322197,0.000285505,0.000252382,0.00022188,0.000193257,0.000165971,0.000139678,0.000114233,8.96742e-05,6.62132e-05,4.41988e-05,2.40789e-05,6.34897e-06,-8.50429e-06,-2.00596e-05,-2.80136e-05,-3.22239e-05,-3.27375e-05,-2.98033e-05,-2.38661e-05,-1.55446e-05,-5.59395e-06,5.14156e-06,1.90332e-05,3.42762e-05,4.74764e-05,5.71314e-05,6.22039e-05,6.21053e-05,5.68342e-05,4.69794e-05,3.35483e-05,1.76362e-05,0
0,1.80537e-05,3.61351e-05,5.30375e-05,6.76558e-05,7.86227e-05,8.47468e-05,8.5331e-05,8.03179e-05,7.02574e-05,5.61503e-05,3.94562e-05,2.34342e-05,9.72249e-06,-3.92503e-06,-1.66425e-05,-2.76155e-05,-3.61252e-05,-4.15844e-05,-4.35642e-05,-4.18085e-05,-3.62335e-05,-2.69158e-05,-1.4066e-05,2.00513e-06,2.09284e-05,4.23198e-05,6.5824e-05,9.11536e-05,0.000118123,0.000146677,0.00017691,0.000209087,0.000243658,0.000281279,0.00032284,0.000369507,0.000422785,0.000484614,0.000557514,0.000644801,0.000750903,0.000881843,0.00104597,0.0012551,0.00152624,0.00163356,0.00180216,0.00206504,0.00248033,0.00314369,0.00421481,0.00597988,0.00901025,0.0146089,0.0262519,0.0550537,0.144146,0.494171,2.18976,11.8173,2.18969,0.494046,0.143994,0.0549062,0.0261395,0.0145531,0.00901919,0.00604824,0.00432662,0.00327818,0.00261865,0.00219593,0.00192534,0.00176022,0.00167727,0.00137692,0.00114526,0.000963584,0.000818992,0.000702369,0.000607156,0.00052853,0.000462868,0.000407387,0.000359902,0.00031866,0.000282234,0.000249455,0.000219375,0.000191246,0.000164514,0.000138822,0.000114002,9.00716e-05,6.72145e-05,4.57546e-05,2.61146e-05,8.76791e-06,-5.8159e-06,-1.72268e-05,-2.51657e-05,-2.94867e-05,-3.02263e-05,-2.76162e-05,-2.20791e-05,-1.42081e-05,-4.73147e-06,5.53306e-06,1.89861e-05,3.38482e-05,4.67474e-05,5.62016e-05,6.11836e-05,6.1103e-05,5.59434e-05,4.6269e-05,3.30597e-05,1.73877e-05,0
0,1.78143e-05,3.5639e-05,5.22749e-05,6.66373e-05,7.73916e-05,8.33831e-05,8.39459e-05,7.9042e-05,6.92255e-05,5.54867e-05,3.9263e-05,2.3784e-05,1.06579e-05,-2.3888e-06,-1.45246e-05,-2.49716e-05,-3.30463e-05,-3.81938e-05,-4.00113e-05,-3.82596e-05,-3.28625e-05,-2.38923e-05,-1.15447e-05,3.89413e-06,2.20877e-05,4.26895e-05,6.53837e-05,8.99206e-05,0.000116148,0.000144035,0.000173691,0.000205385,0.000239554,0.000276828,0.000318053,0.000364331,0.000417076,0.000478109,0.000549783,0.000635183,0.000738415,0.000865046,0.00102277,0.00122244,0.0014797,0.00158375,0.00175684,0.00202941,0.00245433,0.00311898,0.0041703,0.00587078,0.00873392,0.0138793,0.0240593,0.0469414,0.106429,0.282033,0.824208,2.18969,0.824152,0.281933,0.106308,0.0468249,0.0239716,0.0138371,0.0087431,0.00592673,0.00426069,0.00322856,0.00257018,0.00214514,0.00187475,0.00171485,0.00164224,0.001352,0.00112715,0.000950031,0.000808426,0.000693717,0.000599694,0.000521782,0.000456541,0.000401324,0.000354044,0.000313022,0.000276885,0.000244499,0.000214933,0.000187445,0.000161474,0.000136639,0.000112742,8.97623e-05,6.78409e-05,4.72565e-05,2.83895e-05,1.16758e-05,-2.4442e-06,-1.3579e-05,-2.14365e-05,-2.58654e-05,-2.68855e-05,-2.47018e-05,-1.97029e-05,-1.2443e-05,-3.61005e-06,6.01732e-06,1.88734e-05,3.32165e-05,4.5712e-05,5.49043e-05,5.97787e-05,5.97385e-05,5.47438e-05,4.53225e-05,3.24152e-05,1.70629e-05,0
0,1.75063e-05,3.49922e-05,5.12688e-05,6.5277e-05,7.57262e-05,8.15123e-05,8.20139e-05,7.72218e-05,6.76983e-05,5.44219e-05,3.88017e-05,2.40248e-05,1.16594e-05,-5.9836e-07,-1.19618e-05,-2.17006e-05,-2.91783e-05,-3.38825e-05,-3.54448e-05,-3.36495e-05,-2.84304e-05,-1.98554e-05,-8.10161e-06,6.57657e-06,2.38842e-05,4.35232e-05,6.52282e-05,8.87979e-05,0.000114121,0.000141198,0.000170156,0.000201259,0.000234927,0.000271743,0.000312485,0.000358149,0.000410008,0.000469681,0.000539243,0.000621384,0.000719643,0.000838757,0.000985195,0.00116798,0.00139998,0.00149641,0.00167185,0.00195183,0.00237895,0.00302369,0.00400466,0.00553019,0.0079884,0.0121549,0.0196992,0.0344703,0.0657398,0.135192,0.281967,0.494046,0.281933,0.135133,0.0656683,0.0344031,0.0196503,0.0121331,0.00799601,0.00556412,0.00405877,0.003092,0.00245834,0.00204362,0.00178211,0.00163517,0.00158035,0.00130953,0.00109753,0.000928855,0.000792727,0.000681494,0.000589605,0.000512945,0.000448401,0.000393561,0.000346511,0.000305699,0.000269841,0.000237865,0.000208877,0.000182146,0.000157103,0.000133342,0.000110625,8.8876e-05,6.81784e-05,4.87492e-05,3.09097e-05,1.50448e-05,1.55515e-06,-9.19327e-06,-1.69174e-05,-2.1459e-05,-2.28152e-05,-2.11556e-05,-1.68239e-05,-1.03234e-05,-2.28927e-06,6.55031e-06,1.86664e-05,3.23671e-05,4.43683e-05,5.32476e-05,5.80034e-05,5.80293e-05,5.32528e-05,4.41548e-05,3.16254e-05,1.66672e-05,0
0,1.7137e-05,3.42101e-05,5.0042e-05,6.36043e-05,7.36607e-05,7.91699e-05,7.95673e-05,7.48815e-05,6.56875e-05,5.29511e-05,3.80479e-05,2.41109e-05,1.2659e-05,1.35693e-06,-9.0626e-06,-1.79268e-05,-2.46558e-05,-2.87887e-05,-2.99992e-05,-2.81003e-05,-2.30384e-05,-1.4877e-05,-3.77136e-06,1.00613e-05,2.63754e-05,4.49304e-05,6.55207e-05,8.80025e-05,0.000112314,0.000138492,0.00016668,0.000197144,0.000230275,0.000266604,0.000306822,0.000351801,0.00040264,0.000460717,0.000527767,0.000606001,0.000698261,0.000808264,0.000940954,0.00110305,0.00130389,0.0013903,0.001565,0.00184734,0.00226721,0.00287391,0.00375131,0.00504463,0.00701025,0.0101123,0.0152123,0.0239295,0.0392179,0.0656803,0.106315,0.143994,0.106308,0.0656683,0.0392055,0.0239208,0.0152091,0.0101143,0.00701558,0.00505212,0.0037623,0.00289333,0.00230335,0.0019104,0.00166513,0.0015361,0.00150222,0.00125669,0.00106128,0.000903423,0.000774252,0.000667387,0.000578137,0.000502981,0.000439225,0.000384758,0.000337887,0.000297222,0.000261596,0.000230015,0.000201632,0.000175735,0.000151746,0.000129228,0.000107891,8.75971e-05,6.83542e-05,5.03035e-05,3.36941e-05,1.88478e-05,6.11628e-06,-4.16514e-06,-1.17245e-05,-1.63944e-05,-1.81446e-05,-1.71016e-05,-1.35544e-05,-7.94488e-06,-8.45194e-07,7.07685e-06,1.8331e-05,3.12853e-05,4.27184e-05,5.12462e-05,5.58808e-05,5.60017e-05,5.1496e-05,4.27873e-05,3.07058e-05,1.62085e-05,0
0,1.67164e-05,3.33128e-05,4.86254e-05,6.16596e-05,7.12417e-05,7.64048e-05,7.66518e-05,7.20574e-05,6.32139e-05,5.10744e-05,3.6977e-05,2.39905e-05,1.35773e-05,3.37052e-06,-5.95829e-06,-1.38017e-05,-1.96445e-05,-2.30847e-05,-2.3844e-05,-2.17689e-05,-1.68209e-05,-9.05897e-06,1.38533e-06,1.43363e-05,2.96036e-05,4.7011e-05,6.64206e-05,8.77534e-05,0.000111003,0.000136249,0.000163657,0.000193493,0.000226122,0.000262021,0.000301794,0.000346187,0.000396123,0.000452739,0.000517435,0.000591947,0.000678436,0.000779616,0.000898937,0.00104085,0.00121122,0.00128763,0.00145779,0.0017348,0.00213602,0.00269011,0.00344796,0.00449876,0.00599393,0.00818295,0.0114637,0.0164349,0.0238755,0.0343687,0.0468064,0.0549062,0.0468249,0.0344031,0.0239208,0.016483,0.011505,0.00820831,0.00599777,0.00448183,0.00341865,0.00266351,0.00213089,0.00176931,0.00154561,0.00143585,0.0014208,0.0012021,0.00102418,0.000877647,0.000755691,0.000653289,0.000566667,0.000492937,0.000429854,0.000375629,0.00032881,0.00028818,0.000252701,0.000221468,0.000193685,0.000168659,0.000145802,0.00012464,0.000104825,8.61431e-05,6.85182e-05,5.20036e-05,3.67649e-05,2.30518e-05,1.11604e-05,1.39118e-06,-5.99604e-06,-1.0823e-05,-1.30275e-05,-1.26865e-05,-1.00265e-05,-5.41966e-06,6.33681e-07,7.53389e-06,1.78295e-05,2.99571e-05,4.07685e-05,4.89215e-05,5.34418e-05,5.36903e-05,4.95067e-05,4.12478e-05,2.96757e-05,1.56969e-05,0
0,1.62561e-05,3.23249e-05,4.70562e-05,5.94918e-05,6.85271e-05,7.32784e-05,7.33255e-05,6.87973e-05,6.03075e-05,4.8798e-05,3.55668e-05,2.36102e-05,1.43282e-05,5.32437e-06,-2.79626e-06,-9.49738e-06,-1.43345e-05,-1.697e-05,-1.71787e-05,-1.48438e-05,-9.94451e-06,-2.53575e-06,7.27576e-06,1.93582e-05,3.35806e-05,4.98355e-05,6.80582e-05,8.82398e-05,0.000110436,0.00013477,0.000161439,0.000190712,0.000222935,0.000258538,0.000298047,0.000342099,0.000391467,0.000447084,0.000510076,0.000581795,0.000663859,0.000758194,0.000867079,0.000993198,0.0011397,0.0012083,0.00136972,0.00163172,0.00200144,0.00249092,0.00312505,0.00395119,0.00504965,0.00654316,0.00859961,0.0114123,0.0151188,0.0195793,0.0239328,0.0261395,0.0239716,0.0196503,0.0152091,0.011505,0.00867597,0.00658763,0.00505393,0.00391761,0.00306718,0.00243105,0.00196549,0.0016431,0.00144423,0.00135167,0.00134859,0.00115397,0.000991678,0.000855178,0.000739524,0.000640926,0.000556442,0.000483765,0.000421059,0.000366842,0.000319885,0.000279145,0.000243706,0.000212751,0.000185534,0.00016138,0.000139686,0.000119938,0.00010172,8.47389e-05,6.88231e-05,5.39307e-05,4.01366e-05,2.7612e-05,1.65932e-05,7.34328e-06,1.09882e-07,-4.91608e-06,-7.63672e-06,-8.07443e-06,-6.38732e-06,-2.87132e-06,2.05112e-06,7.85422e-06,1.71236e-05,2.8371e-05,3.85296e-05,4.63017e-05,5.07249e-05,5.11373e-05,4.73243e-05,3.95688e-05,2.85579e-05,1.5144e-05,0
0,1.57693e-05,3.1274e-05,4.5377e-05,5.71571e-05,6.55834e-05,6.9862e-05,6.96575e-05,6.51596e-05,5.70083e-05,4.61361e-05,3.38001e-05,2.29183e-05,1.48242e-05,7.0955e-06,2.67376e-07,-5.19854e-06,-8.9322e-06,-1.06643e-05,-1.0226e-05,-7.54039e-06,-2.60588e-06,4.5252e-06,1.37709e-05,2.50443e-05,3.82749e-05,5.34269e-05,7.05111e-05,8.95921e-05,0.00011079,0.000134281,0.000160293,0.000189107,0.000221058,0.000256542,0.000296028,0.000340072,0.000389339,0.000444624,0.000506873,0.000577202,0.000656908,0.000747463,0.00085049,0.00096769,0.00110071,0.00116492,0.00131339,0.00154999,0.00187519,0.00229019,0.00280282,0.00343357,0.00422024,0.00521821,0.00649217,0.00809175,0.00999957,0.0120423,0.0137872,0.0145531,0.0138371,0.0121331,0.0101143,0.00820831,0.00658763,0.00527395,0.004227,0.00339465,0.0027341,0.00221677,0.00182532,0.00154841,0.00137589,0.00129606,0.00129502,0.00111845,0.000967779,0.000838647,0.00072751,0.00063151,0.000548342,0.000476146,0.000413417,0.000358919,0.000311614,0.000270608,0.000235098,0.000204342,0.000177641,0.00015433,0.00013379,0.000115458,9.88533e-05,8.35908e-05,6.94033e-05,5.61481e-05,4.38055e-05,3.24654e-05,2.23023e-05,1.35415e-05,6.41909e-06,1.14057e-06,-2.15767e-06,-3.43983e-06,-2.79162e-06,-4.28689e-07,3.30824e-06,7.97058e-06,1.61774e-05,2.65198e-05,3.6019e-05,4.34215e-05,4.77752e-05,4.8391e-05,4.4994e-05,3.7787e-05,2.73779e-05,1.45627e-05,0
0,1.527e-05,3.01896e-05,4.36334e-05,5.47165e-05,6.24835e-05,6.62348e-05,6.57257e-05,6.12121e-05,5.33653e-05,4.31115e-05,3.16676e-05,2.18695e-05,1.49823e-05,8.56274e-06,3.07562e-06,-1.09369e-06,-3.65139e-06,-4.39835e-06,-3.2243e-06,-9.39635e-08,4.97294e-06,1.19252e-05,2.07043e-05,3.12669e-05,4.36027e-05,5.77469e-05,7.37864e-05,9.18597e-05,0.000112154,0.000134897,0.000160356,0.000188829,0.000220651,0.000256198,0.000295905,0.000340279,0.000389927,0.000445576,0.000508104,0.00057855,0.000658131,0.000748232,0.000850368,0.000966105,0.00109689,0.00116011,0.00129183,0.00149368,0.0017632,0.00209671,0.00249353,0.00295993,0.00351133,0.0041704,0.00495911,0.00588225,0.00690163,0.00790554,0.00869321,0.00901919,0.0087431,0.00799601,0.00701558,0.00599777,0.00505393,0.004227,0.00352151,0.00292738,0.00243338,0.00203207,0.00171946,0.00149253,0.00134664,0.00127417,0.0012646,0.00109833,0.000954213,0.000829123,0.000720323,0.000625492,0.000542702,0.000470372,0.000407212,0.000352161,0.000304325,0.000262926,0.000227253,0.000196627,0.000170386,0.000147871,0.000128441,0.000111486,9.64514e-05,8.28638e-05,7.03572e-05,5.86878e-05,4.77413e-05,3.75264e-05,2.81567e-05,1.98211e-05,1.27456e-05,7.1523e-06,3.2182e-06,1.03941e-06,6.04632e-07,1.78029e-06,4.30882e-06,7.81976e-06,1.49601e-05,2.44026e-05,3.32597e-05,4.03221e-05,4.46438e-05,4.55047e-05,4.25645e-05,3.59421e-05,2.61631e-05,1.39668e-05,0
0,1.47722e-05,2.91018e-05,4.18725e-05,5.22334e-05,5.93041e-05,6.24816e-05,6.16147e-05,5.70308e-05,4.94368e-05,3.97568e-05,2.91701e-05,2.04283e-05,1.47286e-05,9.61356e-06,5.47858e-06,2.6335e-06,1.29618e-06,1.59524e-06,3.58172e-06,7.24793e-06,1.25511e-05,1.9439e-05,2.78739e-05,3.78534e-05,4.94243e-05,6.269e-05,7.78107e-05,9.49972e-05,0.000114502,0.000136608,0.000161619,0.000189859,0.00022167,0.000257422,0.000297533,0.000342494,0.000392895,0.00044946,0.000513087,0.000584878,0.000666171,0.000758566,0.000863925,0.000984359,0.00112215,0.00118666,0.00129872,0.00145924,0.00166604,0.00191551,0.00220523,0.00253639,0.00291469,0.00334849,0.00384317,0.00439175,0.00496318,0.00549331,0.0058876,0.00604824,0.00592673,0.00556412,0.00505212,0.00448183,0.00391761,0.00339465,0.00292738,0.00251936,0.00217037,0.00187987,0.00164764,0.00147285,0.00135296,0.00128305,0.00125625,0.00109263,0.000950126,0.000825902,0.000717409,0.000622462,0.000539245,0.000466285,0.000402394,0.000346611,0.000298139,0.000256282,0.000220399,0.000189863,0.000164037,0.000142266,0.000123883,0.000108227,9.46744e-05,8.2664e-05,7.17333e-05,6.15409e-05,5.18809e-05,4.26845e-05,3.40077e-05,2.60055e-05,1.88969e-05,1.29223e-05,8.30071e-06,5.18927e-06,3.65123e-06,3.63468e-06,4.96433e-06,7.34653e-06,1.34489e-05,2.20255e-05,3.02822e-05,3.70502e-05,4.13866e-05,4.25353e-05,4.00875e-05,3.40751e-05,2.49415e-05,1.33705e-05,0
0,1.42897e-05,2.80399e-05,4.01407e-05,4.97711e-05,5.61232e-05,5.86893e-05,5.74137e-05,5.26981e-05,4.52897e-05,3.61152e-05,2.63204e-05,1.85729e-05,1.40039e-05,1.01503e-05,7.34096e-06,5.8129e-06,5.71007e-06,7.09193e-06,9.95071e-06,1.42352e-05,1.98778e-05,2.68225e-05,3.50488e-05,4.45906e-05,5.55468e-05,6.80838e-05,8.24298e-05,9.88635e-05,0.000117699,0.000139271,0.000163923,0.000192003,0.000223865,0.000259884,0.000300474,0.000346127,0.000397442,0.000455182,0.000520321,0.000594103,0.000678111,0.000774335,0.000885251,0.00101389,0.00116394,0.00123027,0.00132111,0.00143783,0.00158073,0.00174953,0.00194446,0.00216717,0.00242082,0.00270837,0.00302896,0.0033729,0.0037169,0.00402235,0.00424044,0.00432662,0.00426069,0.00405877,0.0037623,0.00341865,0.00306718,0.0027341,0.00243338,0.00217037,0.00194546,0.00175689,0.00160219,0.00147863,0.00138325,0.00131275,0.00126378,0.00109691,0.000952314,0.000826662,0.00071709,0.000621216,0.000537124,0.000463307,0.00039859,0.000342056,0.000292963,0.000250676,0.000214605,0.000184162,0.000158732,0.000137658,0.000120247,0.000105792,9.35993e-05,8.30274e-05,7.35229e-05,6.46531e-05,5.61273e-05,4.78055e-05,3.96915e-05,3.19115e-05,2.46801e-05,1.82585e-05,1.2908e-05,8.84653e-06,6.21017e-06,5.02624e-06,5.19869e-06,6.50727e-06,1.16313e-05,1.94038e-05,2.71236e-05,3.36584e-05,3.80631e-05,3.95422e-05,3.76154e-05,3.22276e-05,2.37411e-05,1.27877e-05,0
0,1.3835e-05,2.70314e-05,3.84819e-05,4.73907e-05,5.3017e-05,5.49452e-05,5.3214e-05,4.83012e-05,4.09984e-05,3.22405e-05,2.3145e-05,1.62977e-05,1.27678e-05,1.00957e-05,8.54883e-06,8.29565e-06,9.40992e-06,1.18847e-05,1.56547e-05,2.06252e-05,2.67024e-05,3.38229e-05,4.19788e-05,5.12343e-05,6.17335e-05,7.36983e-05,8.74175e-05,0.00010323,0.000121507,0.000142628,0.000166973,0.000194913,0.000226816,0.000263058,0.000304059,0.000350311,0.000402435,0.000461235,0.000527773,0.000603453,0.000690122,0.000790195,0.000906804,0.00104397,0.00120682,0.00127382,0.00134358,0.0014187,0.001503,0.00160093,0.00171725,0.00185666,0.00202303,0.0022178,0.0024376,0.00267172,0.00290066,0.00309718,0.00323118,0.00327818,0.00322856,0.003092,0.00289333,0.00266351,0.00243105,0.00221677,0.00203207,0.00187987,0.00175689,0.0016565,0.00157119,0.00149431,0.0014211,0.00134893,0.0012775,0.00110433,0.000955897,0.000827921,0.000716878,0.000619977,0.000535069,0.000460536,0.000395169,0.000338064,0.000288517,0.000245937,0.00020978,0.000179492,0.000154474,0.000134067,0.000117557,0.000104192,9.32175e-05,8.3918e-05,7.56588e-05,6.79253e-05,6.03516e-05,5.27351e-05,4.50352e-05,3.73547e-05,2.99085e-05,2.298e-05,1.68734e-05,1.18652e-05,8.16146e-06,5.86439e-06,4.95226e-06,5.27297e-06,9.50706e-06,1.65626e-05,2.38286e-05,3.02037e-05,3.47357e-05,3.65855e-05,3.52006e-05,3.04402e-05,2.25891e-05,1.22317e-05,0
0,1.3419e-05,2.61003e-05,3.69359e-05,4.51485e-05,5.00578e-05,5.13339e-05,4.91065e-05,4.39301e-05,3.66441e-05,2.8197e-05,1.96847e-05,1.36154e-05,1.10013e-05,9.39728e-06,9.01513e-06,9.96089e-06,1.22432e-05,1.57925e-05,2.04887e-05,2.61935e-05,3.27854e-05,4.01902e-05,4.84068e-05,5.75225e-05,6.77179e-05,7.92612e-05,9.24925e-05,0.000107802,0.000125608,0.000146329,0.000170374,0.000198133,0.00022998,0.000266292,0.000307483,0.000354041,0.00040659,0.000465957,0.000533258,0.000610003,0.000698236,0.000800701,0.000921061,0.00106413,0.00123617,0.00130161,0.00135238,0.00139254,0.00142934,0.0014717,0.00152881,0.00160867,0.00171669,0.00185408,0.00201622,0.00219154,0.00236164,0.00250366,0.00259484,0.00261865,0.00257018,0.00245834,0.00230335,0.00213089,0.00196549,0.00182532,0.00171946,0.00164764,0.00160219,0.00157119,0.00154188,0.00150352,0.00144911,0.00137608,0.00128633,0.00110698,0.000955258,0.000825687,0.000713931,0.000616707,0.000531607,0.000456898,0.000391344,0.000334058,0.000284376,0.000241758,0.000205702,0.00017569,0.000151141,0.000131399,0.00011573,0.000103346,9.34398e-05,8.52331e-05,7.8021e-05,7.12195e-05,6.4399e-05,5.73054e-05,4.98625e-05,4.21571e-05,3.44084e-05,2.69244e-05,2.00514e-05,1.41221e-05,9.4079e-06,6.08022e-06,4.18503e-06,3.63148e-06,7.0899e-06,1.35373e-05,2.04488e-05,2.67474e-05,3.14679e-05,3.3725e-05,3.28939e-05,2.87515e-05,2.15108e-05,1.17149e-05,0
0,1.30503e-05,2.52666e-05,3.55365e-05,4.30945e-05,4.73114e-05,4.79345e-05,4.51795e-05,3.96755e-05,3.23124e-05,2.40584e-05,1.59951e-05,1.05581e-05,8.70967e-06,8.03022e-06,8.68377e-06,1.07209e-05,1.40914e-05,1.86681e-05,2.42788e-05,3.07431e-05,3.79097e-05,4.56898e-05,5.40828e-05,6.31908e-05,7.32213e-05,8.44781e-05,9.73415e-05,0.000112242,0.000129635,0.000149968,0.000173672,0.000201145,0.000232761,0.000268886,0.000309913,0.000356308,0.000408669,0.000467796,0.000534793,0.00061118,0.000699053,0.000801303,0.000921886,0.00106614,0.00124106,0.00130256,0.00133833,0.00135359,0.00135804,0.00136366,0.00138254,0.00142482,0.00149689,0.00159985,0.00172836,0.00187025,0.0020076,0.00211952,0.00218659,0.00219593,0.00214514,0.00204362,0.0019104,0.00176931,0.0016431,0.00154841,0.00149253,0.00147285,0.00147863,0.00149431,0.00150352,0.00149252,0.00145248,0.00138056,0.00127999,0.00109731,0.000944994,0.000816154,0.000705552,0.000609464,0.00052531,0.000451323,0.000386297,0.000329403,0.000280045,0.000237743,0.000202053,0.000172497,0.000148518,0.000129466,0.000114596,0.000103093,9.411e-05,8.68149e-05,8.04478e-05,7.43688e-05,6.80986e-05,6.13435e-05,5.40021e-05,4.61531e-05,3.80251e-05,2.99525e-05,2.23227e-05,1.55211e-05,9.87876e-06,5.62943e-06,2.87879e-06,1.58905e-06,4.40789e-06,1.03739e-05,1.70427e-05,2.33538e-05,2.83238e-05,3.10187e-05,3.07432e-05,2.71972e-05,2.05292e-05,1.12483e-05,0
0,1.27352e-05,2.45452e-05,3.43106e-05,4.127e-05,4.48347e-05,4.4819e-05,4.1516e-05,3.56265e-05,2.80924e-05,1.99069e-05,1.21452e-05,7.17697e-06,5.92225e-06,5.99909e-06,7.53205e-06,1.05244e-05,1.48745e-05,2.04031e-05,2.68897e-05,3.41129e-05,4.18903e-05,5.01143e-05,5.8778e-05,6.79895e-05,7.79726e-05,8.9055e-05,0.000101645,0.000116203,0.000133207,0.000153127,0.000176403,0.000203431,0.000234575,0.000270176,0.000310591,0.000356235,0.000407641,0.000465529,0.0005309,0.000605156,0.000690264,0.000789007,0.000905349,0.00104491,0.00121536,0.00127142,0.00129784,0.00130026,0.0012893,0.00127798,0.00127915,0.00130328,0.00135663,0.00143984,0.0015472,0.00166674,0.00178166,0.00187316,0.00192451,0.00192534,0.00187475,0.00178211,0.00166513,0.00154561,0.00144423,0.00137589,0.00134664,0.00135296,0.00138325,0.0014211,0.00144911,0.00145248,0.00142146,0.00135266,0.00125022,0.00106884,0.000920679,0.000796342,0.00068967,0.000596742,0.000515034,0.00044291,0.0003793,0.0003235,0.000275019,0.000233467,0.000198468,0.000169593,0.00014632,0.000128013,0.000113924,0.00010322,9.50246e-05,8.84685e-05,8.27506e-05,7.71905e-05,7.12737e-05,6.46804e-05,5.72954e-05,4.91973e-05,4.06291e-05,3.19535e-05,2.35979e-05,1.59959e-05,9.53207e-06,4.49401e-06,1.03823e-06,-8.29218e-07,1.50371e-06,7.12855e-06,1.36743e-05,2.00894e-05,2.53665e-05,2.85217e-05,2.87926e-05,2.58089e-05,1.96639e-05,1.08411e-05,0
0,1.2477e-05,2.39454e-05,3.32768e-05,3.97066e-05,4.26745e-05,4.20493e-05,3.81915e-05,3.18684e-05,2.40735e-05,1.58305e-05,8.21603e-06,3.54127e-06,2.69255e-06,3.3378e-06,5.57137e-06,9.35825e-06,1.45532e-05,2.09317e-05,2.82289e-05,3.61841e-05,4.45827e-05,5.32938e-05,6.22976e-05,7.16987e-05,8.17265e-05,9.27205e-05,0.000105105,0.000119355,0.000135965,0.000155412,0.000178135,0.000204521,0.00023491,0.000269606,0.000308912,0.000353167,0.000402802,0.000458401,0.000520777,0.000591078,0.000670932,0.000762706,0.000869964,0.000998348,0.00115694,0.00120852,0.00123243,0.00123437,0.00122447,0.00121463,0.00121632,0.00123854,0.00128624,0.00135924,0.00145183,0.0015532,0.00164888,0.00172328,0.00176302,0.00176022,0.00171485,0.00163517,0.0015361,0.00143585,0.00135167,0.00129606,0.00127417,0.00128305,0.00131275,0.00134893,0.00137608,0.00138056,0.00135266,0.00128756,0.00118829,0.00101597,0.000879495,0.0007647,0.000665255,0.000577738,0.000500098,0.000431058,0.000369815,0.000315861,0.000268857,0.000228526,0.000194577,0.000166643,0.000144241,0.000126758,0.000113451,0.000103482,9.59555e-05,8.99807e-05,8.47304e-05,7.94995e-05,7.37538e-05,6.71611e-05,5.96038e-05,5.11693e-05,4.21201e-05,3.28486e-05,2.38203e-05,1.55125e-05,8.35569e-06,2.68275e-06,-1.30897e-06,-3.57962e-06,-1.56613e-06,3.86642e-06,1.04125e-05,1.70213e-05,2.26568e-05,2.6285e-05,2.70809e-05,2.46135e-05,1.8931e-05,1.05003e-05,0
0,1.2276e-05,2.34703e-05,3.2445e-05,3.84246e-05,4.08652e-05,3.96755e-05,3.52717e-05,2.84796e-05,2.03435e-05,1.19212e-05,4.29866e-06,-2.63673e-07,-9.03815e-07,1.08257e-07,2.8464e-06,7.24693e-06,1.31298e-05,2.02319e-05,2.82495e-05,3.6884e-05,4.5888e-05,5.51035e-05,6.44905e-05,7.41415e-05,8.42799e-05,9.52451e-05,0.000107464,0.000121418,0.000137601,0.00015649,0.000178512,0.000204038,0.000233373,0.000266774,0.000304477,0.000346727,0.000393826,0.000446179,0.00050435,0.00056912,0.000641584,0.000723309,0.00081673,0.000926391,0.00106367,0.00111953,0.00114763,0.00115998,0.00116517,0.00117214,0.00118914,0.00122227,0.00127429,0.00134392,0.00142585,0.00151127,0.00158917,0.00164831,0.0016794,0.00167727,0.00164224,0.00158035,0.00150222,0.0014208,0.00134859,0.00129502,0.0012646,0.00125625,0.00126378,0.0012775,0.00128633,0.00127999,0.00125022,0.00118829,0.00105941,0.000933967,0.00082166,0.000721835,0.000632633,0.000552511,0.000480381,0.000415538,0.00035755,0.000306166,0.000261226,0.000222588,0.000190057,0.000163333,0.000141983,0.000125418,0.000112913,0.000103631,9.66736e-05,9.11407e-05,8.61948e-05,8.11225e-05,7.5385e-05,6.86522e-05,6.08154e-05,5.19789e-05,4.24301e-05,3.25922e-05,2.29664e-05,1.40685e-05,6.36714e-06,2.30642e-07,-4.11313e-06,-6.60113e-06,-4.73266e-06,6.60291e-07,7.32926e-06,1.42161e-05,2.02519e-05,2.43538e-05,2.56412e-05,2.36323e-05,1.83424e-05,1.02311e-05,0
0,1.21296e-05,2.31169e-05,3.18157e-05,3.74328e-05,3.94279e-05,3.77344e-05,3.28098e-05,2.55295e-05,1.69852e-05,8.27141e-06,4.90572e-07,-4.13956e-06,-4.77194e-06,-3.60232e-06,-5.67306e-07,4.25074e-06,1.06462e-05,1.83251e-05,2.69499e-05,3.61874e-05,4.57564e-05,5.54682e-05,6.52567e-05,7.51926e-05,8.54834e-05,9.64562e-05,0.00010853,0.000122176,0.000137883,0.000156115,0.000177282,0.000201727,0.00022972,0.000261462,0.000297116,0.000336825,0.000380754,0.000429113,0.000482191,0.000540364,0.000604093,0.000673856,0.00074991,0.000831378,0.000912367,0.000964048,0.000994517,0.00101134,0.00102132,0.00103108,0.0010465,0.00107189,0.00110922,0.00115765,0.00121356,0.00127098,0.00132256,0.0013609,0.00138006,0.00137692,0.001352,0.00130953,0.00125669,0.0012021,0.00115397,0.00111845,0.00109833,0.00109263,0.00109691,0.00110433,0.00110698,0.00109731,0.00106884,0.00101597,0.000933967,0.000843571,0.000754798,0.000671133,0.000593482,0.000521908,0.000456279,0.000396482,0.000342478,0.000294286,0.000251938,0.000215429,0.000184663,0.000159412,0.000139291,0.000123745,0.000112071,0.000103442,9.69696e-05,9.1757e-05,8.69722e-05,8.1909e-05,7.60395e-05,6.90488e-05,6.08489e-05,5.1569e-05,4.15253e-05,3.1173e-05,2.10464e-05,1.16933e-05,3.61231e-06,-2.80268e-06,-7.30433e-06,-9.81726e-06,-7.91648e-06,-2.41152e-06,4.49741e-06,1.17374e-05,1.82034e-05,2.27667e-05,2.44991e-05,2.28804e-05,1.79053e-05,1.00359e-05,0
0,1.20322e-05,2.2876e-05,3.13798e-05,3.67274e-05,3.83691e-05,3.62471e-05,3.08448e-05,2.30756e-05,1.40733e-05,4.97062e-06,-3.10773e-06,-7.97895e-06,-8.80145e-06,-7.68514e-06,-4.56695e-06,4.62372e-07,7.18121e-06,1.52732e-05,2.43728e-05,3.41153e-05,4.41863e-05,5.43637e-05,6.4549e-05,7.47835e-05,8.5248e-05,9.62468e-05,0.000108178,0.000121497,0.000136671,0.000154146,0.00017431,0.000197474,0.000223868,0.000253641,0.00028688,0.000323634,0.000363935,0.000407816,0.000455319,0.00050647,0.000561222,0.000619288,0.000679798,0.000740514,0.00079631,0.000837955,0.000865911,0.0008837,0.000895746,0.000906636,0.000920488,0.000940318,0.000967508,0.00100151,0.00103986,0.00107854,0.00111265,0.00113735,0.00114885,0.00114526,0.00112715,0.00109753,0.00106128,0.00102418,0.000991678,0.000967779,0.000954213,0.000950126,0.000952314,0.000955897,0.000955258,0.000944994,0.000920679,0.000879495,0.00082166,0.000754798,0.000685124,0.000616225,0.000549941,0.000487206,0.000428544,0.000374311,0.000324805,0.000280285,0.000240959,0.000206949,0.000178253,0.00015471,0.000135981,0.000121549,0.000110734,0.000102732,9.66702e-05,9.16713e-05,8.69225e-05,8.17399e-05,7.5621e-05,6.82791e-05,5.96571e-05,4.99164e-05,3.94062e-05,2.86136e-05,1.8102e-05,8.4455e-06,1.6342e-07,-6.33529e-06,-1.07949e-05,-1.31387e-05,-1.10304e-05,-5.26769e-06,1.98862e-06,9.64411e-06,1.65562e-05,2.15543e-05,2.36726e-05,2.23661e-05,1.76221e-05,9.91465e-06,0
0,1.19755e-05,2.27326e-05,3.11194e-05,3.62923e-05,3.76807e-05,3.52187e-05,2.93993e-05,2.11606e-05,1.16714e-05,2.10165e-06,-6.39699e-06,-1.16696e-05,-1.28711e-05,-1.20145e-05,-9.02709e-06,-3.99766e-06,2.84622e-06,1.11743e-05,2.06001e-05,3.07316e-05,4.12222e-05,5.18143e-05,6.23727e-05,7.29016e-05,8.35463e-05,9.45775e-05,0.000106363,0.000119329,0.000133919,0.000150551,0.000169585,0.000191302,0.000215891,0.000243454,0.000274013,0.000307534,0.000343941,0.000383124,0.00042494,0.000469178,0.000515486,0.000563235,0.000611281,0.000657621,0.000699123,0.000732188,0.000756372,0.000773355,0.000785859,0.000796932,0.000809377,0.000825256,0.000845512,0.000869767,0.000896344,0.000922538,0.000945092,0.000960839,0.000967368,0.000963584,0.000950031,0.000928855,0.000903423,0.000877647,0.000855178,0.000838647,0.000829123,0.000825902,0.000826662,0.000827921,0.000825687,0.000816154,0.000796342,0.0007647,0.000721835,0.000671133,0.000616225,0.000559884,0.000503984,0.000449766,0.000398099,0.000349639,0.000304923,0.000264396,0.000228407,0.000197184,0.000170801,0.000149155,0.000131953,0.000118709,0.000108773,0.000101368,9.56481e-05,9.07668e-05,8.59442e-05,8.05327e-05,7.40686e-05,6.63057e-05,5.72268e-05,4.70323e-05,3.61067e-05,2.49681e-05,1.42053e-05,4.41103e-06,-3.88377e-06,-1.02659e-05,-1.44825e-05,-1.64664e-05,-1.39823e-05,-7.82678e-06,-1.29432e-07,7.98825e-06,1.53458e-05,2.07371e-05,2.31706e-05,2.20903e-05,1.74902e-05,9.86484e-06,0
0,1.19489e-05,2.26667e-05,3.1008e-05,3.60997e-05,3.73391e-05,3.4637e-05,2.8478e-05,1.98104e-05,9.82848e-06,-2.63298e-07,-9.28358e-06,-1.50994e-05,-1.68537e-05,-1.64529e-05,-1.3805e-05,-8.98634e-06,-2.22038e-06,6.15812e-06,1.5749e-05,2.61382e-05,3.69492e-05,4.78887e-05,5.87806e-05,6.95863e-05,8.04074e-05,9.14723e-05,0.000103109,0.000115706,0.000129674,0.000145398,0.000163211,0.000183361,0.000206003,0.000231196,0.000258914,0.00028906,0.000321477,0.000355963,0.000392258,0.000430024,0.000468786,0.000507849,0.000546181,0.000582325,0.000614467,0.000640986,0.000661562,0.000677103,0.00068929,0.000700105,0.000711403,0.000724552,0.000740159,0.000757933,0.000776717,0.000794675,0.00080964,0.000819543,0.000822863,0.000818992,0.000808426,0.000792727,0.000774252,0.000755691,0.000739524,0.00072751,0.000720323,0.000717409,0.00071709,0.000716878,0.000713931,0.000705552,0.00068967,0.000665255,0.000632633,0.000593482,0.000549941,0.000503984,0.000457206,0.000410854,0.000365912,0.000323186,0.000283357,0.000246991,0.000214535,0.00018629,0.000162391,0.000142778,0.000127192,0.000115181,0.000106123,9.92747e-05,9.38259e-05,8.89709e-05,8.39758e-05,7.82421e-05,7.13571e-05,6.31256e-05,5.35786e-05,4.29602e-05,3.16918e-05,2.03205e-05,9.45546e-06,-3.00011e-07,-8.41305e-06,-1.44771e-05,-1.82534e-05,-1.9695e-05,-1.66787e-05,-1.00104e-05,-1.79581e-06,6.81231e-06,1.45973e-05,2.03254e-05,2.29921e-05,2.20462e-05,1.75016e-05,9.88123e-06,0
0,1.19402e-05,2.26539e-05,3.10119e-05,3.61107e-05,3.7307e-05,3.44726e-05,2.80667e-05,1.90317e-05,8.5761e-06,-2.06643e-06,-1.16841e-05,-1.81612e-05,-2.0622e-05,-2.08571e-05,-1.87463e-05,-1.4344e-05,-7.85885e-06,3.79363e-07,9.96522e-06,2.04688e-05,3.14875e-05,4.26927e-05,5.3866e-05,6.49211e-05,7.59095e-05,8.70094e-05,9.85001e-05,0.000110727,0.000124058,0.000138846,0.000155389,0.000173907,0.000194526,0.000217276,0.000242094,0.000268842,0.000297318,0.000327268,0.00035838,0.000390274,0.000422472,0.00045435,0.000485106,0.000513758,0.000539272,0.00056086,0.00057839,0.000592426,0.000604024,0.000614456,0.000624917,0.000636271,0.000648866,0.000662449,0.000676188,0.000688818,0.000698879,0.000705019,0.000706285,0.000702369,0.000693717,0.000681494,0.000667387,0.000653289,0.000640926,0.00063151,0.000625492,0.000622462,0.000621216,0.000619977,0.000616707,0.000609464,0.000596742,0.000577738,0.000552511,0.000521908,0.000487206,0.000449766,0.000410854,0.000371583,0.000332923,0.000295722,0.000260721,0.000228547,0.000199702,0.000174533,0.000153207,0.000135695,0.000121765,0.000110991,0.000102782,9.64308e-05,9.11728e-05,8.62528e-05,8.09938e-05,7.48581e-05,6.74949e-05,5.87684e-05,4.87646e-05,3.77741e-05,2.62557e-05,1.4782e-05,3.97599e-06,-5.55656e-06,-1.32912e-05,-1.88392e-05,-2.19865e-05,-2.27164e-05,-1.90283e-05,-1.17464e-05,-2.95916e-06,6.14711e-06,1.43232e-05,2.03173e-05,2.31263e-05,2.22194e-05,1.76432e-05,9.95614e-06,0
0,1.19357e-05,2.2667e-05,3.10917e-05,3.62774e-05,3.75335e-05,3.46795e-05,2.81321e-05,1.88111e-05,7.92594e-06,-3.2678e-06,-1.35295e-05,-2.07583e-05,-2.40537e-05,-2.50834e-05,-2.36915e-05,-1.99003e-05,-1.38942e-05,-5.98775e-06,3.41738e-06,1.38828e-05,2.49848e-05,3.63624e-05,4.77542e-05,5.9024e-05,7.0168e-05,8.1308e-05,9.2668e-05,0.000104542,0.000117252,0.000131112,0.000146387,0.000163269,0.000181863,0.000202175,0.000224126,0.000247558,0.00027225,0.000297933,0.00032429,0.000350961,0.000377522,0.000403478,0.000428254,0.000451228,0.000471824,0.000489663,0.000504739,0.000517435,0.000528428,0.000538521,0.000548449,0.000558717,0.000569475,0.000580467,0.000591061,0.000600351,0.000607334,0.000611113,0.000611096,0.000607156,0.000599694,0.000589605,0.000578137,0.000566667,0.000556442,0.000548342,0.000542702,0.000539245,0.000537124,0.000535069,0.000531607,0.00052531,0.000515034,0.000500098,0.000480381,0.000456279,0.000428544,0.000398099,0.000365912,0.000332923,0.000300019,0.000268022,0.000237671,0.000209607,0.000184348,0.000162254,0.000143509,0.000128096,0.000115801,0.000106219,9.87937e-05,9.28573e-05,8.76964e-05,8.26164e-05,7.70071e-05,7.04017e-05,6.25199e-05,5.32928e-05,4.28651e-05,3.15758e-05,1.99186e-05,8.48739e-06,-2.08838e-06,-1.121e-05,-1.83718e-05,-2.32136e-05,-2.55567e-05,-2.54235e-05,-2.09452e-05,-1.29721e-05,-3.58041e-06,6.00973e-06,1.45221e-05,2.06983e-05,2.35518e-05,2.25875e-05,1.78971e-05,1.00796e-05,0
0,1.19215e-05,2.26771e-05,3.12041e-05,3.65448e-05,3.7957e-05,3.5197e-05,2.86227e-05,1.91144e-05,7.86819e-06,-3.84814e-06,-1.47694e-05,-2.28087e-05,-2.7037e-05,-2.89941e-05,-2.84811e-05,-2.54804e-05,-2.01422e-05,-1.27558e-05,-3.70935e-06,6.55858e-06,1.76102e-05,2.9056e-05,4.05941e-05,5.2037e-05,6.33235e-05,7.45138e-05,8.57715e-05,9.73327e-05,0.00010947,0.000122452,0.000136512,0.000151817,0.000168451,0.000186411,0.00020561,0.00022589,0.000247034,0.000268785,0.000290855,0.000312932,0.000334679,0.000355736,0.000375724,0.000394279,0.000411105,0.000426048,0.00043917,0.00045075,0.000461224,0.00047108,0.000480736,0.000490438,0.000500181,0.000509689,0.000518437,0.000525743,0.000530886,0.000533252,0.000532474,0.00052853,0.000521782,0.000512945,0.000502981,0.000492937,0.000483765,0.000476146,0.000470372,0.000466285,0.000463307,0.000460536,0.000456898,0.000451323,0.00044291,0.000431058,0.000415538,0.000396482,0.000374311,0.000349639,0.000323186,0.000295722,0.000268022,0.000240838,0.000214872,0.000190741,0.000168947,0.000149841,0.0001336,0.000120211,0.000109466,0.000100983,9.42363e-05,8.86041e-05,8.34312e-05,7.8091e-05,7.20495e-05,6.49187e-05,5.64957e-05,4.67828e-05,3.59859e-05,2.44913e-05,1.28241e-05,1.59276e-06,-8.57507e-06,-1.70976e-05,-2.34988e-05,-2.74572e-05,-2.88393e-05,-2.77145e-05,-2.23528e-05,-1.36374e-05,-3.63512e-06,6.40184e-06,1.5178e-05,2.14411e-05,2.42369e-05,2.31211e-05,1.8241e-05,1.02395e-05,0
0,1.18841e-05,2.26557e-05,3.13046e-05,3.68536e-05,3.85079e-05,3.59514e-05,2.94699e-05,1.98873e-05,8.37099e-06,-3.81068e-06,-1.53744e-05,-2.42492e-05,-2.94757e-05,-3.24621e-05,-3.29622e-05,-3.09109e-05,-2.64152e-05,-1.97296e-05,-1.12187e-05,-1.31164e-06,9.54766e-06,2.09477e-05,3.25497e-05,4.41171e-05,5.55299e-05,6.67847e-05,7.798e-05,8.92904e-05,0.000100933,0.00011313,0.000126079,0.000139921,0.000154728,0.000170489,0.000187123,0.000204483,0.000222372,0.000240565,0.00025882,0.000276891,0.000294534,0.000311513,0.000327611,0.000342645,0.0003565,0.000369155,0.000380709,0.000391374,0.000401424,0.000411136,0.000420708,0.000430197,0.000439479,0.000448242,0.000456015,0.000462244,0.000466375,0.000467968,0.000466787,0.000462868,0.000456541,0.000448401,0.000439225,0.000429854,0.000421059,0.000413417,0.000407212,0.000402394,0.00039859,0.000395169,0.000391344,0.000386297,0.0003793,0.000369815,0.00035755,0.000342478,0.000324805,0.000304923,0.000283357,0.000260721,0.000237671,0.000214872,0.000192962,0.000172508,0.000153974,0.000137683,0.000123792,0.000112279,0.000102939,9.54097e-05,8.91979e-05,8.37334e-05,7.84248e-05,7.27214e-05,6.61722e-05,5.84741e-05,4.95064e-05,3.93447e-05,2.82553e-05,1.66688e-05,5.13596e-06,-5.72811e-06,-1.53071e-05,-2.30467e-05,-2.85106e-05,-3.14264e-05,-3.17138e-05,-2.94961e-05,-2.31871e-05,-1.37073e-05,-3.11543e-06,7.30865e-06,1.62597e-05,2.25058e-05,2.51405e-05,2.37843e-05,1.86489e-05,1.04225e-05,0
0,1.18111e-05,2.25758e-05,3.13497e-05,3.71436e-05,3.91115e-05,3.68604e-05,3.05914e-05,2.10574e-05,9.3811e-06,-3.18184e-06,-1.5339e-05,-2.5039e-05,-3.12929e-05,-3.53767e-05,-3.69934e-05,-3.60249e-05,-3.25276e-05,-2.67117e-05,-1.89084e-05,-9.52709e-06,9.91468e-07,1.22218e-05,2.37947e-05,3.5428e-05,4.69451e-05,5.82781e-05,6.94586e-05,8.0596e-05,9.1848e-05,0.000103388,0.000115374,0.000127922,0.00014109,0.000154868,0.000169183,0.000183907,0.000198877,0.000213908,0.000228812,0.000243415,0.000257561,0.000271125,0.000284016,0.000296184,0.000307633,0.000318427,0.000328687,0.000338575,0.000348262,0.000357877,0.000367465,0.000376946,0.000386103,0.000394583,0.000401935,0.00040767,0.000411331,0.000412574,0.000411238,0.000407387,0.000401324,0.000393561,0.000384758,0.000375629,0.000366842,0.000358919,0.000352161,0.000346611,0.000342056,0.000338064,0.000334058,0.000329403,0.0003235,0.000315861,0.000306166,0.000294286,0.000280285,0.000264396,0.000246991,0.000228547,0.000209607,0.000190741,0.000172508,0.000155411,0.00013986,0.000126137,0.000114369,0.000104517,9.63805e-05,8.96124e-05,8.37587e-05,7.83037e-05,7.27265e-05,6.65584e-05,5.94367e-05,5.11475e-05,4.16536e-05,3.11037e-05,1.98215e-05,8.27578e-06,-2.96447e-06,-1.32869e-05,-2.20971e-05,-2.88783e-05,-3.32447e-05,-3.49813e-05,-3.40683e-05,-3.06873e-05,-2.33993e-05,-1.31642e-05,-2.03117e-06,8.69864e-06,1.77218e-05,2.38413e-05,2.62136e-05,2.45363e-05,1.90921e-05,1.06139e-05,0
0,1.16924e-05,2.24143e-05,3.12998e-05,3.73569e-05,3.96933e-05,3.78366e-05,3.18953e-05,2.25375e-05,1.08261e-05,-2.01046e-06,-1.46813e-05,-2.51614e-05,-3.24349e-05,-3.76471e-05,-4.04495e-05,-4.06677e-05,-3.8301e-05,-3.35072e-05,-2.65745e-05,-1.78823e-05,-7.8577e-06,3.0695e-06,1.45077e-05,2.61357e-05,3.7724e-05,4.91427e-05,6.03561e-05,7.14066e-05,8.239e-05,9.34266e-05,0.000104633,0.000116098,0.000127864,0.000139922,0.000152211,0.000164627,0.000177043,0.000189317,0.000201321,0.000212948,0.000224123,0.000234813,0.000245026,0.000254811,0.000264255,0.000273478,0.000282616,0.000291798,0.000301125,0.000310626,0.000320239,0.000329787,0.000338978,0.000347423,0.00035467,0.000360259,0.000363782,0.000364947,0.000363629,0.000359902,0.000354044,0.000346511,0.000337887,0.00032881,0.000319885,0.000311614,0.000304325,0.000298139,0.000292963,0.000288517,0.000284376,0.000280045,0.000275019,0.000268857,0.000261226,0.000251938,0.000240959,0.000228407,0.000214535,0.000199702,0.000184348,0.000168947,0.000153974,0.00013986,0.000126954,0.000115487,0.000105551,9.70918e-05,8.99066e-05,8.36715e-05,7.79734e-05,7.23571e-05,6.63774e-05,5.96522e-05,5.19107e-05,4.30294e-05,3.3054e-05,2.22025e-05,1.08502e-05,-5.03492e-07,-1.12814e-05,-2.08845e-05,-2.87508e-05,-3.44122e-05,-3.7542e-05,-3.79903e-05,-3.58031e-05,-3.12231e-05,-2.29585e-05,-1.2009e-05,-4.10316e-07,1.05241e-05,1.95054e-05,2.53864e-05,2.74007e-05,2.5333e-05,1.95409e-05,1.07989e-05,0
0,1.15206e-05,2.21533e-05,3.1122e-05,3.7442e-05,4.01822e-05,3.87929e-05,3.32847e-05,2.42301e-05,1.26177e-05,-3.65463e-07,-1.34429e-05,-2.46245e-05,-3.28723e-05,-3.92056e-05,-4.32258e-05,-4.47005e-05,-4.35683e-05,-3.99279e-05,-3.40155e-05,-2.61705e-05,-1.67955e-05,-6.31389e-06,4.87036e-06,1.64056e-05,2.80163e-05,3.95143e-05,5.07992e-05,6.18463e-05,7.2688e-05,8.33888e-05,9.40206e-05,0.000104641,0.000115276,0.000125914,0.000136506,0.000146972,0.000157218,0.000167148,0.000176687,0.00018579,0.000194453,0.000202719,0.000210673,0.000218437,0.00022616,0.000234,0.000242104,0.000250584,0.000259493,0.000268795,0.000278356,0.000287931,0.000297176,0.000305668,0.000312946,0.000318561,0.000322127,0.000323376,0.000322197,0.00031866,0.000313022,0.000305699,0.000297222,0.00028818,0.000279145,0.000270608,0.000262926,0.000256282,0.000250676,0.000245937,0.000241758,0.000237743,0.000233467,0.000228526,0.000222588,0.000215429,0.000206949,0.000197184,0.00018629,0.000174533,0.000162254,0.000149841,0.000137683,0.000126137,0.000115487,0.000105912,9.74711e-05,9.00901e-05,8.35719e-05,7.76177e-05,7.1861e-05,6.5912e-05,5.94057e-05,5.20499e-05,4.36664e-05,3.42211e-05,2.38385e-05,1.28e-05,1.52378e-06,-9.47034e-06,-1.9608e-05,-2.83148e-05,-3.50727e-05,-3.94714e-05,-4.12518e-05,-4.03348e-05,-3.6835e-05,-3.10569e-05,-2.18539e-05,-1.02623e-05,1.70157e-06,1.27227e-05,2.15409e-05,2.70732e-05,2.86428e-05,2.6129e-05,1.99655e-05,1.09632e-05,0
0,1.12917e-05,2.17815e-05,3.0792e-05,3.73569e-05,4.0516e-05,3.96476e-05,3.46635e-05,2.60326e-05,1.46571e-05,1.66792e-06,-1.16861e-05,-2.346e-05,-3.26014e-05,-4.00097e-05,-4.52405e-05,-4.80049e-05,-4.81784e-05,-4.57964e-05,-4.10358e-05,-3.41866e-05,-2.56161e-05,-1.57297e-05,-4.93247e-06,6.40385e-06,1.79664e-05,2.95162e-05,4.08921e-05,5.2005e-05,6.28235e-05,7.33547e-05,8.36228e-05,9.36501e-05,0.000103443,0.000112982,0.000122227,0.000131117,0.000139588,0.000147585,0.000155079,0.00016208,0.000168641,0.000174866,0.0001809,0.000186921,0.000193122,0.000199691,0.000206786,0.00021451,0.000222888,0.000231846,0.000241204,0.000250675,0.00025988,0.000268373,0.000275686,0.00028137,0.00028505,0.000286464,0.000285505,0.000282234,0.000276885,0.000269841,0.000261596,0.000252701,0.000243706,0.000235098,0.000227253,0.000220399,0.000214605,0.00020978,0.000205702,0.000202053,0.000198468,0.000194577,0.000190057,0.000184663,0.000178253,0.000170801,0.000162391,0.000153207,0.000143509,0.0001336,0.000123792,0.000114369,0.000105551,9.74711e-05,9.01533e-05,8.35119e-05,7.73589e-05,7.14267e-05,6.54008e-05,5.89615e-05,5.18273e-05,4.37965e-05,3.47824e-05,2.48358e-05,1.41536e-05,3.07118e-06,-7.96095e-06,-1.84144e-05,-2.77301e-05,-3.537e-05,-4.08704e-05,-4.38879e-05,-4.42371e-05,-4.19134e-05,-3.71009e-05,-3.01635e-05,-2.0095e-05,-7.96345e-06,4.24289e-06,1.52199e-05,2.37504e-05,2.88295e-05,2.98798e-05,2.688e-05,2.03377e-05,1.10936e-05,0
0,1.10057e-05,2.12953e-05,3.02966e-05,3.70723e-05,4.06451e-05,4.03301e-05,3.59426e-05,2.78441e-05,1.68405e-05,3.99341e-06,-9.48995e-06,-2.17209e-05,-3.16421e-05,-4.00423e-05,-4.64372e-05,-5.04851e-05,-5.19996e-05,-5.09503e-05,-4.74495e-05,-4.17299e-05,-3.41135e-05,-2.49762e-05,-1.47121e-05,-3.7009e-06,7.71809e-06,1.92639e-05,3.07219e-05,4.1943e-05,5.28341e-05,6.33443e-05,7.3448e-05,8.31287e-05,9.23666e-05,0.000101132,0.000109383,0.000117075,0.000124166,0.000130634,0.000136488,0.000141781,0.000146612,0.000151131,0.00015553,0.000160026,0.000164848,0.000170205,0.000176269,0.000183141,0.000190835,0.000199258,0.000208207,0.000217375,0.000226364,0.000234721,0.000241974,0.000247679,0.000251463,0.000253068,0.000252382,0.000249455,0.000244499,0.000237865,0.000230015,0.000221468,0.000212751,0.000204342,0.000196627,0.000189863,0.000184162,0.000179492,0.00017569,0.000172497,0.000169593,0.000166643,0.000163333,0.000159412,0.00015471,0.000149155,0.000142778,0.000135695,0.000128096,0.000120211,0.000112279,0.000104517,9.70918e-05,9.00901e-05,8.35119e-05,7.72654e-05,7.11787e-05,6.50216e-05,5.85372e-05,5.14794e-05,4.36513e-05,3.49407e-05,2.53479e-05,1.50019e-05,4.16215e-06,-6.79319e-06,-1.73942e-05,-2.71172e-05,-3.54309e-05,-4.18455e-05,-4.59611e-05,-4.75084e-05,-4.63799e-05,-4.26466e-05,-3.65604e-05,-2.85401e-05,-1.77125e-05,-5.16969e-06,7.13847e-06,1.79325e-05,2.60523e-05,3.0583e-05,3.10544e-05,2.75454e-05,2.06332e-05,1.11789e-05,0
0,1.06664e-05,2.06993e-05,2.96345e-05,3.6574e-05,4.05365e-05,4.07851e-05,3.70456e-05,2.95718e-05,1.90662e-05,6.50986e-06,-6.94472e-06,-1.94775e-05,-3.00367e-05,-3.93108e-05,-4.67848e-05,-5.20702e-05,-5.49224e-05,-5.52451e-05,-5.30837e-05,-4.86075e-05,-4.20843e-05,-3.38497e-05,-2.42744e-05,-1.37336e-05,-2.58056e-06,8.87293e-06,2.03681e-05,3.17024e-05,4.27256e-05,5.33302e-05,6.34397e-05,7.29956e-05,8.19474e-05,9.02468e-05,9.78471e-05,0.000104707,0.000110801,0.000116129,0.000120728,0.000124682,0.000128124,0.000131238,0.000134248,0.000137401,0.00014095,0.000145126,0.000150109,0.00015601,0.000162842,0.000170512,0.000178812,0.000187433,0.00019598,0.000204004,0.000211041,0.000216654,0.000220479,0.00022226,0.00022188,0.000219375,0.000214933,0.000208877,0.000201632,0.000193685,0.000185534,0.000177641,0.000170386,0.000164037,0.000158732,0.000154474,0.000151141,0.000148518,0.00014632,0.000144241,0.000141983,0.000139291,0.000135981,0.000131953,0.000127192,0.000121765,0.000115801,0.000109466,0.000102939,9.63805e-05,8.99066e-05,8.35719e-05,7.73589e-05,7.11787e-05,6.48831e-05,5.82858e-05,5.1192e-05,4.34313e-05,3.48907e-05,2.55434e-05,1.547e-05,4.86739e-06,-5.95394e-06,-1.65868e-05,-2.65558e-05,-3.5356e-05,-4.24963e-05,-4.75462e-05,-5.01774e-05,-5.01998e-05,-4.75856e-05,-4.24802e-05,-3.51985e-05,-2.62074e-05,-1.4757e-05,-1.95369e-06,1.0303e-05,2.07723e-05,2.83645e-05,3.2265e-05,3.21147e-05,2.80906e-05,2.08321e-05,1.1211e-05,0
0,1.02815e-05,2.00063e-05,2.8817e-05,3.58642e-05,4.01758e-05,4.09772e-05,3.79143e-05,3.11368e-05,2.12409e-05,9.11812e-06,-4.14598e-06,-1.68118e-05,-2.78446e-05,-3.78451e-05,-4.62774e-05,-5.27153e-05,-5.68617e-05,-5.85581e-05,-5.77825e-05,-5.46373e-05,-4.93295e-05,-4.21447e-05,-3.34187e-05,-2.35093e-05,-1.27703e-05,-1.53163e-06,9.91489e-06,2.13225e-05,3.24902e-05,4.32577e-05,5.34982e-05,6.31092e-05,7.20055e-05,8.01141e-05,8.73746e-05,9.37424e-05,9.91963e-05,0.000103748,0.000107451,0.00011041,0.000112778,0.000114762,0.000116604,0.000118574,0.00012094,0.000123949,0.000127796,0.000132602,0.000138392,0.000145085,0.000152486,0.000160303,0.000168158,0.000175622,0.000182251,0.000187627,0.000191398,0.000193315,0.000193257,0.000191246,0.000187445,0.000182146,0.000175735,0.000168659,0.00016138,0.00015433,0.000147871,0.000142266,0.000137658,0.000134067,0.000131399,0.000129466,0.000128013,0.000126758,0.000125418,0.000123745,0.000121549,0.000118709,0.000115181,0.000110991,0.000106219,0.000100983,9.54097e-05,8.96124e-05,8.36715e-05,7.76177e-05,7.14267e-05,6.50216e-05,5.82858e-05,5.10828e-05,4.32829e-05,3.47915e-05,2.5576e-05,1.56886e-05,5.28025e-06,-5.39603e-06,-1.5993e-05,-2.60893e-05,-3.52189e-05,-4.29091e-05,-4.87213e-05,-5.22929e-05,-5.33736e-05,-5.1855e-05,-4.7788e-05,-4.13881e-05,-3.30265e-05,-2.3209e-05,-1.12972e-05,1.59965e-06,1.3645e-05,2.36508e-05,3.06097e-05,3.38142e-05,3.30174e-05,2.84892e-05,2.09211e-05,1.11847e-05,0
0,9.86237e-06,1.92364e-05,2.78673e-05,3.49614e-05,3.95692e-05,4.08931e-05,3.85125e-05,3.24803e-05,2.32866e-05,1.17278e-05,-1.18769e-06,-1.38118e-05,-2.51384e-05,-3.56937e-05,-4.49325e-05,-5.24009e-05,-5.77586e-05,-6.07906e-05,-6.14101e-05,-5.96521e-05,-5.56582e-05,-4.96568e-05,-4.19384e-05,-3.28307e-05,-2.26751e-05,-1.18059e-05,-5.35269e-07,1.0857e-05,2.21277e-05,3.30696e-05,4.35086e-05,5.32982e-05,6.23153e-05,7.04573e-05,7.76427e-05,8.38143e-05,8.89458e-05,9.30498e-05,9.6185e-05,9.84624e-05,0.000100047,0.000101152,0.000102033,0.000102968,0.000104238,0.000106099,0.000108763,0.000112365,0.000116951,0.000122461,0.000128731,0.000135497,0.000142416,0.000149092,0.000155116,0.000160098,0.000163706,0.000165704,0.000165971,0.000164514,0.000161474,0.000157103,0.000151746,0.000145802,0.000139686,0.00013379,0.000128441,0.000123883,0.000120247,0.000117557,0.00011573,0.000114596,0.000113924,0.000113451,0.000112913,0.000112071,0.000110734,0.000108773,0.000106123,0.000102782,9.87937e-05,9.42363e-05,8.91979e-05,8.37587e-05,7.79734e-05,7.1861e-05,6.54008e-05,5.85372e-05,5.1192e-05,4.32829e-05,3.47464e-05,2.55613e-05,1.57697e-05,5.49347e-06,-5.05811e-06,-1.55901e-05,-2.57339e-05,-3.50693e-05,-4.31546e-05,-4.95621e-05,-5.39162e-05,-5.5929e-05,-5.54319e-05,-5.23976e-05,-4.69521e-05,-3.93742e-05,-3.00821e-05,-1.96098e-05,-7.4168e-06,5.39724e-06,1.70716e-05,2.64839e-05,3.27189e-05,3.51803e-05,3.37307e-05,2.87245e-05,2.08937e-05,1.10989e-05,0
0,9.42274e-06,1.84161e-05,2.68194e-05,3.38998e-05,3.87426e-05,4.05431e-05,3.88289e-05,3.35668e-05,2.51454e-05,1.42632e-05,1.84418e-06,-1.0565e-05,-2.19979e-05,-3.29194e-05,-4.27874e-05,-5.11324e-05,-5.7581e-05,-6.18703e-05,-6.38547e-05,-6.35036e-05,-6.08921e-05,-5.6186e-05,-4.96224e-05,-4.1488e-05,-3.20988e-05,-2.17798e-05,-1.08498e-05,3.90751e-07,1.1667e-05,2.2733e-05,3.33725e-05,4.33971e-05,5.26449e-05,6.098e-05,6.82938e-05,7.45086e-05,7.95837e-05,8.35218e-05,8.63756e-05,8.82523e-05,8.93143e-05,8.97751e-05,8.98893e-05,8.99371e-05,9.02034e-05,9.09546e-05,9.24133e-05,9.47353e-05,9.79912e-05,0.000102154,0.000107098,0.000112602,0.000118371,0.000124057,0.000129295,0.000133734,0.000137074,0.000139094,0.000139678,0.000138822,0.000136639,0.000133342,0.000129228,0.00012464,0.000119938,0.000115458,0.000111486,0.000108227,0.000105792,0.000104192,0.000103346,0.000103093,0.00010322,0.000103482,0.000103631,0.000103442,0.000102732,0.000101368,9.92747e-05,9.64308e-05,9.28573e-05,8.86041e-05,8.37334e-05,7.83037e-05,7.23571e-05,6.5912e-05,5.89615e-05,5.14794e-05,4.34313e-05,3.47915e-05,2.55613e-05,1.5788e-05,5.58011e-06,-4.88246e-06,-1.5346e-05,-2.54892e-05,-3.4938e-05,-4.3289e-05,-5.01385e-05,-5.51152e-05,-5.79142e-05,-5.83272e-05,-5.62673e-05,-5.17855e-05,-4.50763e-05,-3.64724e-05,-2.64281e-05,-1.5493e-05,-3.21048e-06,9.34234e-06,2.0493e-05,2.91961e-05,3.46355e-05,3.63267e-05,3.42359e-05,2.87907e-05,2.07512e-05,1.09559e-05,0
0,8.97839e-06,1.75763e-05,2.57154e-05,3.27264e-05,3.774e-05,3.99595e-05,3.8877e-05,3.43868e-05,2.67833e-05,1.66685e-05,4.87729e-06,-7.15256e-06,-1.85044e-05,-2.95948e-05,-3.98965e-05,-4.89373e-05,-5.6323e-05,-6.17532e-05,-6.50316e-05,-6.60672e-05,-6.48703e-05,-6.15419e-05,-5.62597e-05,-4.92608e-05,-4.08241e-05,-3.12524e-05,-2.08573e-05,-9.94655e-06,1.18557e-06,1.22645e-05,2.30389e-05,3.32831e-05,4.27977e-05,5.14121e-05,5.89865e-05,6.54165e-05,7.06387e-05,7.4637e-05,7.74479e-05,7.91644e-05,7.99362e-05,7.99659e-05,7.94992e-05,7.88102e-05,7.81826e-05,7.78868e-05,7.81571e-05,7.91696e-05,8.10239e-05,8.3732e-05,8.72138e-05,9.1303e-05,9.57611e-05,0.000100299,0.000104607,0.000108382,0.000111361,0.000113348,0.000114233,0.000114002,0.000112742,0.000110625,0.000107891,0.000104825,0.00010172,9.88533e-05,9.64514e-05,9.46744e-05,9.35993e-05,9.32175e-05,9.34398e-05,9.411e-05,9.50246e-05,9.59555e-05,9.66736e-05,9.69696e-05,9.66702e-05,9.56481e-05,9.38259e-05,9.11728e-05,8.76964e-05,8.34312e-05,7.84248e-05,7.27265e-05,6.63774e-05,5.94057e-05,5.18273e-05,4.36513e-05,3.48907e-05,2.5576e-05,1.57697e-05,5.58011e-06,-4.82872e-06,-1.52322e-05,-2.53475e-05,-3.4843e-05,-4.3355e-05,-5.05114e-05,-5.59583e-05,-5.93903e-05,-6.05782e-05,-5.93947e-05,-5.58321e-05,-5.00136e-05,-4.21929e-05,-3.27456e-05,-2.21492e-05,-1.09563e-05,1.22043e-06,1.33393e-05,2.38271e-05,3.17245e-05,3.6318e-05,3.72323e-05,3.4528e-05,2.86931e-05,2.05021e-05,1.07619e-05,0
0,8.54577e-06,1.67504e-05,2.46028e-05,3.14981e-05,3.66201e-05,3.91944e-05,3.86941e-05,3.49562e-05,2.81916e-05,1.89104e-05,7.85704e-06,-3.6445e-06,-1.47359e-05,-2.57968e-05,-3.63268e-05,-4.58634e-05,-5.40043e-05,-6.04241e-05,-6.48859e-05,-6.72463e-05,-6.74551e-05,-6.55497e-05,-6.16455e-05,-5.59237e-05,-4.86165e-05,-3.99928e-05,-3.03441e-05,-1.99719e-05,-9.17673e-06,1.74934e-06,1.25297e-05,2.29077e-05,3.26506e-05,4.15538e-05,4.94446e-05,5.6188e-05,6.1692e-05,6.59141e-05,6.88662e-05,7.06181e-05,7.12982e-05,7.10891e-05,7.02192e-05,6.89497e-05,6.75566e-05,6.63105e-05,6.54547e-05,6.51848e-05,6.56313e-05,6.68476e-05,6.88058e-05,7.13991e-05,7.44536e-05,7.77464e-05,8.10295e-05,8.40557e-05,8.6606e-05,8.8512e-05,8.96742e-05,9.00716e-05,8.97623e-05,8.8876e-05,8.75971e-05,8.61431e-05,8.47389e-05,8.35908e-05,8.28638e-05,8.2664e-05,8.30274e-05,8.3918e-05,8.52331e-05,8.68149e-05,8.84685e-05,8.99807e-05,9.11407e-05,9.1757e-05,9.16713e-05,9.07668e-05,8.89709e-05,8.62528e-05,8.26164e-05,7.8091e-05,7.27214e-05,6.65584e-05,5.96522e-05,5.20499e-05,4.37965e-05,3.49407e-05,2.55434e-05,1.56886e-05,5.49347e-06,-4.88246e-06,-1.52322e-05,-2.53013e-05,-3.47935e-05,-4.33826e-05,-5.07304e-05,-5.65083e-05,-6.04225e-05,-6.22391e-05,-6.18071e-05,-5.9078e-05,-5.41181e-05,-4.71137e-05,-3.83667e-05,-2.82824e-05,-1.73484e-05,-6.10748e-06,5.77304e-06,1.72983e-05,2.70035e-05,3.40214e-05,3.77419e-05,3.78922e-05,3.4616e-05,2.84473e-05,2.01616e-05,1.05261e-05,0
0,8.14086e-06,1.59713e-05,2.35309e-05,3.02768e-05,3.54516e-05,3.83149e-05,3.83371e-05,3.53138e-05,2.93859e-05,2.09789e-05,1.07489e-05,-9.6173e-08,-1.07625e-05,-2.1603e-05,-3.2154e-05,-4.19749e-05,-5.06684e-05,-5.78969e-05,-6.33949e-05,-6.69765e-05,-6.85384e-05,-6.80582e-05,-6.55896e-05,-6.12541e-05,-5.52309e-05,-4.77453e-05,-3.90568e-05,-2.94475e-05,-1.92117e-05,-8.64625e-06,1.9576e-06,1.23211e-05,2.21843e-05,3.1312e-05,3.94996e-05,4.65799e-05,5.2429e-05,5.69727e-05,6.01922e-05,6.21274e-05,6.28775e-05,6.25979e-05,6.14931e-05,5.98044e-05,5.77949e-05,5.57302e-05,5.38595e-05,5.23956e-05,5.14987e-05,5.12646e-05,5.17186e-05,5.28162e-05,5.44516e-05,5.64716e-05,5.86948e-05,6.09335e-05,6.30156e-05,6.48043e-05,6.62132e-05,6.72145e-05,6.78409e-05,6.81784e-05,6.83542e-05,6.85182e-05,6.88231e-05,6.94033e-05,7.03572e-05,7.17333e-05,7.35229e-05,7.56588e-05,7.8021e-05,8.04478e-05,8.27506e-05,8.47304e-05,8.61948e-05,8.69722e-05,8.69225e-05,8.59442e-05,8.39758e-05,8.09938e-05,7.70071e-05,7.20495e-05,6.61722e-05,5.94367e-05,5.19107e-05,4.36664e-05,3.47824e-05,2.53479e-05,1.547e-05,5.28025e-06,-5.05811e-06,-1.5346e-05,-2.53475e-05,-3.47935e-05,-4.33898e-05,-5.08307e-05,-5.6816e-05,-6.10713e-05,-6.33694e-05,-6.35506e-05,-6.15411e-05,-5.73663e-05,-5.11578e-05,-4.31539e-05,-3.36919e-05,-2.31932e-05,-1.2142e-05,-1.05856e-06,1.03477e-05,2.11392e-05,2.99661e-05,3.60564e-05,3.88997e-05,3.83172e-05,3.45214e-05,2.80776e-05,1.97502e-05,1.02602e-05,0
0,7.77795e-06,1.52694e-05,2.25466e-05,2.91246e-05,3.4307e-05,3.73971e-05,3.7877e-05,3.55171e-05,3.04029e-05,2.28857e-05,1.35382e-05,3.45314e-06,-6.64427e-06,-1.70878e-05,-2.74592e-05,-3.73503e-05,-4.63809e-05,-5.42143e-05,-6.05693e-05,-6.52292e-05,-6.8047e-05,-6.89475e-05,-6.79259e-05,-6.50439e-05,-6.04237e-05,-5.42401e-05,-4.67109e-05,-3.80877e-05,-2.86457e-05,-1.86741e-05,-8.46719e-06,1.68441e-06,1.15016e-05,2.07247e-05,2.91208e-05,3.64914e-05,4.268e-05,4.75785e-05,5.11335e-05,5.33502e-05,5.42933e-05,5.40858e-05,5.2902e-05,5.09582e-05,4.84991e-05,4.57807e-05,4.30533e-05,4.05434e-05,3.84379e-05,3.68723e-05,3.59234e-05,3.56081e-05,3.5888e-05,3.66796e-05,3.78688e-05,3.9328e-05,4.09333e-05,4.25809e-05,4.41988e-05,4.57546e-05,4.72565e-05,4.87492e-05,5.03035e-05,5.20036e-05,5.39307e-05,5.61481e-05,5.86878e-05,6.15409e-05,6.46531e-05,6.79253e-05,7.12195e-05,7.43688e-05,7.71905e-05,7.94995e-05,8.11225e-05,8.1909e-05,8.17399e-05,8.05327e-05,7.82421e-05,7.48581e-05,7.04017e-05,6.49187e-05,5.84741e-05,5.11475e-05,4.30294e-05,3.42211e-05,2.48358e-05,1.50019e-05,4.86739e-06,-5.39603e-06,-1.55901e-05,-2.54892e-05,-3.4843e-05,-4.33826e-05,-5.08307e-05,-5.69147e-05,-6.13831e-05,-6.40227e-05,-6.46761e-05,-6.32577e-05,-5.9766e-05,-5.42923e-05,-4.70229e-05,-3.82351e-05,-2.82878e-05,-1.76046e-05,-6.65335e-06,4.07895e-06,1.48527e-05,2.47951e-05,3.26753e-05,3.78159e-05,3.98003e-05,3.85312e-05,3.42755e-05,2.76149e-05,1.92918e-05,9.97712e-06,0
0,7.46855e-06,1.46699e-05,2.1691e-05,2.80986e-05,3.32568e-05,3.65193e-05,3.73917e-05,3.56352e-05,3.12949e-05,2.46603e-05,1.62282e-05,6.97962e-06,-2.43e-06,-1.23209e-05,-2.23262e-05,-3.20789e-05,-4.1227e-05,-4.94468e-05,-5.64545e-05,-6.2015e-05,-6.59491e-05,-6.81376e-05,-6.85233e-05,-6.71114e-05,-6.39665e-05,-5.92085e-05,-5.30068e-05,-4.55729e-05,-3.71519e-05,-2.80135e-05,-1.8443e-05,-8.73197e-06,8.31187e-07,9.97005e-06,1.84293e-05,2.59832e-05,3.24444e-05,3.76713e-05,4.15747e-05,4.41228e-05,4.53432e-05,4.5322e-05,4.41998e-05,4.21633e-05,3.94338e-05,3.62532e-05,3.28678e-05,2.95126e-05,2.63962e-05,2.36887e-05,2.15137e-05,1.99445e-05,1.90063e-05,1.86814e-05,1.89201e-05,1.96524e-05,2.08016e-05,2.2296e-05,2.40789e-05,2.61146e-05,2.83895e-05,3.09097e-05,3.36941e-05,3.67649e-05,4.01366e-05,4.38055e-05,4.77413e-05,5.18809e-05,5.61273e-05,6.03516e-05,6.4399e-05,6.80986e-05,7.12737e-05,7.37538e-05,7.5385e-05,7.60395e-05,7.5621e-05,7.40686e-05,7.13571e-05,6.74949e-05,6.25199e-05,5.64957e-05,4.95064e-05,4.16536e-05,3.3054e-05,2.38385e-05,1.41536e-05,4.16215e-06,-5.95394e-06,-1.5993e-05,-2.57339e-05,-3.4938e-05,-4.3355e-05,-5.07304e-05,-5.6816e-05,-6.13831e-05,-6.42361e-05,-6.52267e-05,-6.42674e-05,-6.13423e-05,-5.6515e-05,-4.99322e-05,-4.18218e-05,-3.24868e-05,-2.22931e-05,-1.16536e-05,-1.00799e-06,9.19922e-06,1.92073e-05,2.8214e-05,3.5108e-05,3.93027e-05,4.04659e-05,3.85685e-05,3.39163e-05,2.70933e-05,1.88117e-05,9.69e-06,0
0,7.22044e-06,1.41908e-05,2.09956e-05,2.72458e-05,3.23629e-05,3.5754e-05,3.69582e-05,3.57412e-05,3.21227e-05,2.63438e-05,1.88354e-05,1.04723e-05,1.8415e-06,-7.36666e-06,-1.68401e-05,-2.62595e-05,-3.53099e-05,-4.36917e-05,-5.11306e-05,-5.7386e-05,-6.22585e-05,-6.55957e-05,-6.7297e-05,-6.73162e-05,-6.56631e-05,-6.24021e-05,-5.765e-05,-5.15713e-05,-4.43719e-05,-3.62914e-05,-2.75951e-05,-1.85639e-05,-9.48522e-06,-6.42679e-07,7.69369e-06,1.52773e-05,2.18943e-05,2.73725e-05,3.15884e-05,3.44735e-05,3.60171e-05,3.62674e-05,3.53284e-05,3.3354e-05,3.05384e-05,2.71043e-05,2.32891e-05,1.93299e-05,1.54503e-05,1.1848e-05,8.68554e-06,6.08548e-06,4.12853e-06,2.8563e-06,2.27698e-06,2.37336e-06,3.11181e-06,4.45099e-06,6.34897e-06,8.76791e-06,1.16758e-05,1.50448e-05,1.88478e-05,2.30518e-05,2.7612e-05,3.24654e-05,3.75264e-05,4.26845e-05,4.78055e-05,5.27351e-05,5.73054e-05,6.13435e-05,6.46804e-05,6.71611e-05,6.86522e-05,6.90488e-05,6.82791e-05,6.63057e-05,6.31256e-05,5.87684e-05,5.32928e-05,4.67828e-05,3.93447e-05,3.11037e-05,2.22025e-05,1.28e-05,3.07118e-06,-6.79319e-06,-1.65868e-05,-2.60893e-05,-3.50693e-05,-4.3289e-05,-5.05114e-05,-5.65083e-05,-6.10713e-05,-6.40227e-05,-6.52267e-05,-6.46002e-05,-6.21219e-05,-5.78387e-05,-5.18691e-05,-4.44024e-05,-3.5695e-05,-2.60608e-05,-1.58596e-05,-5.4812e-06,4.67238e-06,1.42061e-05,2.33449e-05,3.13597e-05,3.72565e-05,4.05326e-05,4.09289e-05,3.84697e-05,3.34843e-05,2.65473e-05,1.83338e-05,9.41098e-06,0
0,7.03695e-06,1.3841e-05,2.04796e-05,2.65988e-05,3.16726e-05,3.51614e-05,3.66446e-05,3.59038e-05,3.29476e-05,2.79823e-05,2.13836e-05,1.39286e-05,6.13886e-06,-2.28519e-06,-1.10871e-05,-1.99989e-05,-2.87492e-05,-3.70716e-05,-4.47122e-05,-5.14369e-05,-5.70386e-05,-6.13435e-05,-6.42178e-05,-6.55724e-05,-6.53673e-05,-6.36138e-05,-6.03753e-05,-5.57653e-05,-4.99438e-05,-4.31121e-05,-3.55049e-05,-2.73823e-05,-1.90197e-05,-1.06978e-05,-2.69217e-06,4.73765e-06,1.13582e-05,1.69715e-05,2.1424e-05,2.46129e-05,2.64908e-05,2.7068e-05,2.64114e-05,2.464e-05,2.19181e-05,1.8445e-05,1.44433e-05,1.01461e-05,5.78395e-06,1.57313e-06,-2.29403e-06,-5.65619e-06,-8.38682e-06,-1.03949e-05,-1.16231e-05,-1.20432e-05,-1.16514e-05,-1.04623e-05,-8.50429e-06,-5.8159e-06,-2.4442e-06,1.55515e-06,6.11628e-06,1.11604e-05,1.65932e-05,2.23023e-05,2.81567e-05,3.40077e-05,3.96915e-05,4.50352e-05,4.98625e-05,5.40021e-05,5.72954e-05,5.96038e-05,6.08154e-05,6.08489e-05,5.96571e-05,5.72268e-05,5.35786e-05,4.87646e-05,4.28651e-05,3.59859e-05,2.82553e-05,1.98215e-05,1.08502e-05,1.52378e-06,-7.96095e-06,-1.73942e-05,-2.65558e-05,-3.52189e-05,-4.31546e-05,-5.01385e-05,-5.59583e-05,-6.04225e-05,-6.33694e-05,-6.46761e-05,-6.42674e-05,-6.21219e-05,-5.8278e-05,-5.28354e-05,-4.59553e-05,-3.78565e-05,-2.88093e-05,-1.91252e-05,-9.14545e-06,7.73314e-07,1.02743e-05,1.90162e-05,2.72136e-05,3.42108e-05,3.91256e-05,4.15307e-05,4.12268e-05,3.82762e-05,3.3018e-05,2.60075e-05,1.78787e-05,9.14999e-06,0
0,6.91651e-06,1.36198e-05,2.01475e-05,2.61726e-05,3.12139e-05,3.47828e-05,3.65023e-05,3.6179e-05,3.38228e-05,2.96183e-05,2.38975e-05,1.73491e-05,1.04342e-05,2.86534e-06,-5.15496e-06,-1.3411e-05,-2.16792e-05,-2.97327e-05,-3.73472e-05,-4.43056e-05,-5.0405e-05,-5.54623e-05,-5.93218e-05,-6.18615e-05,-6.29995e-05,-6.26993e-05,-6.09725e-05,-5.78811e-05,-5.35356e-05,-4.80924e-05,-4.1748e-05,-3.4732e-05,-2.72977e-05,-1.97128e-05,-1.22481e-05,-5.16727e-06,1.28482e-06,6.89187e-06,1.14757e-05,1.49039e-05,1.7096e-05,1.80265e-05,1.7726e-05,1.62783e-05,1.38156e-05,1.05103e-05,6.56522e-06,2.20243e-06,-2.34885e-06,-6.86342e-06,-1.11303e-05,-1.49607e-05,-1.81942e-05,-2.0702e-05,-2.2388e-05,-2.3188e-05,-2.30676e-05,-2.20192e-05,-2.00596e-05,-1.72268e-05,-1.3579e-05,-9.19327e-06,-4.16514e-06,1.39118e-06,7.34328e-06,1.35415e-05,1.98211e-05,2.60055e-05,3.19115e-05,3.73547e-05,4.21571e-05,4.61531e-05,4.91973e-05,5.11693e-05,5.19789e-05,5.1569e-05,4.99164e-05,4.70323e-05,4.29602e-05,3.77741e-05,3.15758e-05,2.44913e-05,1.66688e-05,8.27578e-06,-5.03492e-07,-9.47034e-06,-1.84144e-05,-2.71172e-05,-3.5356e-05,-4.29091e-05,-4.95621e-05,-5.51152e-05,-5.93903e-05,-6.22391e-05,-6.35506e-05,-6.32577e-05,-6.13423e-05,-5.78387e-05,-5.28354e-05,-4.64733e-05,-3.8943e-05,-3.04789e-05,-2.13515e-05,-1.18576e-05,-2.30936e-06,6.97733e-06,1.56957e-05,2.356e-05,3.07758e-05,3.6758e-05,4.07294e-05,4.23267e-05,4.13967e-05,3.80258e-05,3.25501e-05,2.54979e-05,1.74612e-05,8.91364e-06,0
0,6.85261e-06,1.35158e-05,1.99886e-05,2.59622e-05,3.0992e-05,3.46356e-05,3.65602e-05,3.66033e-05,3.47863e-05,3.12836e-05,2.63952e-05,2.0731e-05,1.46984e-05,8.02568e-06,8.65416e-07,-6.61757e-06,-1.42483e-05,-2.18437e-05,-2.92152e-05,-3.61722e-05,-4.2526e-05,-4.8096e-05,-5.27163e-05,-5.6243e-05,-5.8562e-05,-5.95962e-05,-5.93109e-05,-5.77184e-05,-5.4879e-05,-5.09009e-05,-4.59366e-05,-4.01775e-05,-3.38462e-05,-2.71875e-05,-2.0458e-05,-1.39154e-05,-7.80697e-06,-2.35918e-06,2.23267e-06,5.81307e-06,8.27328e-06,9.55604e-06,9.65781e-06,8.62812e-06,6.56619e-06,3.61499e-06,-4.68978e-08,-4.21507e-06,-8.66989e-06,-1.31873e-05,-1.75488e-05,-2.15508e-05,-2.50115e-05,-2.77769e-05,-2.97237e-05,-3.07615e-05,-3.08335e-05,-2.99152e-05,-2.80136e-05,-2.51657e-05,-2.14365e-05,-1.69174e-05,-1.17245e-05,-5.99604e-06,1.09882e-07,6.41909e-06,1.27456e-05,1.88969e-05,2.46801e-05,2.99085e-05,3.44084e-05,3.80251e-05,4.06291e-05,4.21201e-05,4.24301e-05,4.15253e-05,3.94062e-05,3.61067e-05,3.16918e-05,2.62557e-05,1.99186e-05,1.28241e-05,5.13596e-06,-2.96447e-06,-1.12814e-05,-1.9608e-05,-2.77301e-05,-3.54309e-05,-4.24963e-05,-4.87213e-05,-5.39162e-05,-5.79142e-05,-6.05782e-05,-6.18071e-05,-6.15411e-05,-5.9766e-05,-5.6515e-05,-5.18691e-05,-4.59553e-05,-3.8943e-05,-3.10386e-05,-2.24786e-05,-1.35213e-05,-4.43833e-06,4.49492e-06,1.30087e-05,2.08482e-05,2.77822e-05,3.40063e-05,3.90012e-05,4.20857e-05,4.29491e-05,4.14706e-05,3.77473e-05,3.21026e-05,2.50328e-05,1.70885e-05,8.70451e-06,0
0,6.83403e-06,1.35077e-05,1.99765e-05,2.5942e-05,3.09876e-05,3.47106e-05,3.682e-05,3.71879e-05,3.58539e-05,3.29926e-05,2.8882e-05,2.40631e-05,1.88967e-05,1.31322e-05,6.87808e-06,2.52292e-07,-6.61735e-06,-1.35927e-05,-2.0525e-05,-2.72561e-05,-3.3621e-05,-3.94515e-05,-4.45828e-05,-4.88606e-05,-5.21494e-05,-5.43407e-05,-5.53609e-05,-5.51772e-05,-5.38023e-05,-5.12954e-05,-4.7762e-05,-4.33501e-05,-3.82445e-05,-3.26589e-05,-2.68264e-05,-2.09895e-05,-1.53885e-05,-1.02509e-05,-5.78078e-06,-2.1495e-06,5.12413e-07,2.12101e-06,2.64246e-06,2.09403e-06,5.42404e-07,-1.90053e-06,-5.08412e-06,-8.82717e-06,-1.29274e-05,-1.71712e-05,-2.1344e-05,-2.52392e-05,-2.86666e-05,-3.14592e-05,-3.34785e-05,-3.46182e-05,-3.4807e-05,-3.40089e-05,-3.22239e-05,-2.94867e-05,-2.58654e-05,-2.1459e-05,-1.63944e-05,-1.0823e-05,-4.91608e-06,1.14057e-06,7.1523e-06,1.29223e-05,1.82585e-05,2.298e-05,2.69244e-05,2.99525e-05,3.19535e-05,3.28486e-05,3.25922e-05,3.1173e-05,2.86136e-05,2.49681e-05,2.03205e-05,1.4782e-05,8.48739e-06,1.59276e-06,-5.72811e-06,-1.32869e-05,-2.08845e-05,-2.83148e-05,-3.537e-05,-4.18455e-05,-4.75462e-05,-5.22929e-05,-5.5929e-05,-5.83272e-05,-5.93947e-05,-5.9078e-05,-5.73663e-05,-5.42923e-05,-4.99322e-05,-4.44024e-05,-3.78565e-05,-3.04789e-05,-2.24786e-05,-1.40818e-05,-5.52462e-06,2.95468e-06,1.11228e-05,1.87581e-05,2.56572e-05,3.16401e-05,3.68889e-05,4.09445e-05,4.32115e-05,4.34202e-05,4.14699e-05,3.74569e-05,3.16846e-05,2.46148e-05,1.67593e-05,8.52059e-06,0
0,6.84536e-06,1.35654e-05,2.00708e-05,2.60671e-05,3.11571e-05,3.49707e-05,3.72547e-05,3.79154e-05,3.70158e-05,3.47375e-05,3.13456e-05,2.73208e-05,2.29847e-05,1.81141e-05,1.27808e-05,7.06174e-06,1.04148e-06,-5.1851e-06,-1.15104e-05,-1.78128e-05,-2.3957e-05,-2.97961e-05,-3.51767e-05,-3.99449e-05,-4.39548e-05,-4.70774e-05,-4.92088e-05,-5.02788e-05,-5.02566e-05,-4.91553e-05,-4.70328e-05,-4.39913e-05,-4.01728e-05,-3.57535e-05,-3.09355e-05,-2.59372e-05,-2.09831e-05,-1.62928e-05,-1.20707e-05,-8.49555e-06,-5.71268e-06,-3.82665e-06,-2.89677e-06,-2.9348e-06,-3.90508e-06,-5.72723e-06,-8.28093e-06,-1.14127e-05,-1.49441e-05,-1.86808e-05,-2.24216e-05,-2.59685e-05,-2.91344e-05,-3.17513e-05,-3.36765e-05,-3.47978e-05,-3.50369e-05,-3.43517e-05,-3.27375e-05,-3.02263e-05,-2.68855e-05,-2.28152e-05,-1.81446e-05,-1.30275e-05,-7.63672e-06,-2.15767e-06,3.2182e-06,8.30071e-06,1.2908e-05,1.68734e-05,2.00514e-05,2.23227e-05,2.35979e-05,2.38203e-05,2.29664e-05,2.10464e-05,1.8102e-05,1.42053e-05,9.45546e-06,3.97599e-06,-2.08838e-06,-8.57507e-06,-1.53071e-05,-2.20971e-05,-2.87508e-05,-3.50727e-05,-4.08704e-05,-4.59611e-05,-5.01774e-05,-5.33736e-05,-5.54319e-05,-5.62673e-05,-5.58321e-05,-5.41181e-05,-5.11578e-05,-4.70229e-05,-4.18218e-05,-3.5695e-05,-2.88093e-05,-2.13515e-05,-1.35213e-05,-5.52462e-06,2.43282e-06,1.01512e-05,1.74415e-05,2.413e-05,3.00611e-05,3.51008e-05,3.94129e-05,4.25916e-05,4.41177e-05,4.37514e-05,4.14013e-05,3.71547e-05,3.12896e-05,2.42334e-05,1.64632e-05,8.35527e-06,0
0,6.86791e-06,1.36514e-05,2.02188e-05,2.62749e-05,3.14348e-05,3.53529e-05,3.78082e-05,3.87394e-05,3.82341e-05,3.64859e-05,3.3753e-05,3.04634e-05,2.6906e-05,2.2892e-05,1.84645e-05,1.36672e-05,8.54737e-06,3.16047e-06,-2.42554e-06,-8.12682e-06,-1.38417e-05,-1.94512e-05,-2.48215e-05,-2.98094e-05,-3.42694e-05,-3.80625e-05,-4.10651e-05,-4.31781e-05,-4.43346e-05,-4.4506e-05,-4.37054e-05,-4.19889e-05,-3.94538e-05,-3.62344e-05,-3.24958e-05,-2.84255e-05,-2.42242e-05,-2.00953e-05,-1.62346e-05,-1.28209e-05,-1.00063e-05,-7.9094e-06,-6.60946e-06,-6.14307e-06,-6.50303e-06,-7.63962e-06,-9.46396e-06,-1.18534e-05,-1.46584e-05,-1.77103e-05,-2.08304e-05,-2.38382e-05,-2.65603e-05,-2.8838e-05,-3.05344e-05,-3.15396e-05,-3.17757e-05,-3.11994e-05,-2.98033e-05,-2.76162e-05,-2.47018e-05,-2.11556e-05,-1.71016e-05,-1.26865e-05,-8.07443e-06,-3.43983e-06,1.03941e-06,5.18927e-06,8.84653e-06,1.18652e-05,1.41221e-05,1.55211e-05,1.59959e-05,1.55125e-05,1.40685e-05,1.16933e-05,8.4455e-06,4.41103e-06,-3.00011e-07,-5.55656e-06,-1.121e-05,-1.70976e-05,-2.30467e-05,-2.88783e-05,-3.44122e-05,-3.94714e-05,-4.38879e-05,-4.75084e-05,-5.01998e-05,-5.1855e-05,-5.23976e-05,-5.17855e-05,-5.00136e-05,-4.71137e-05,-4.31539e-05,-3.82351e-05,-3.24868e-05,-2.60608e-05,-1.91252e-05,-1.18576e-05,-4.43833e-06,2.95468e-06,1.01512e-05,1.69921e-05,2.33322e-05,2.9042e-05,3.40089e-05,3.81378e-05,4.15681e-05,4.39408e-05,4.48039e-05,4.39387e-05,4.12545e-05,3.68232e-05,3.08956e-05,2.38659e-05,1.61812e-05,8.19765e-06,0
0,6.88076e-06,1.3723e-05,2.0359e-05,2.64896e-05,3.17362e-05,3.57708e-05,3.83983e-05,3.95856e-05,3.94438e-05,3.81802e-05,3.605e-05,3.34333e-05,3.05918e-05,2.73775e-05,2.38142e-05,1.99205e-05,1.57143e-05,1.12176e-05,6.46247e-06,1.49637e-06,-3.61424e-06,-8.78198e-06,-1.38994e-05,-1.88421e-05,-2.34749e-05,-2.76595e-05,-3.12628e-05,-3.4167e-05,-3.62777e-05,-3.75316e-05,-3.79017e-05,-3.74008e-05,-3.60817e-05,-3.40352e-05,-3.13856e-05,-2.82845e-05,-2.49022e-05,-2.14186e-05,-1.80139e-05,-1.48584e-05,-1.2104e-05,-9.87653e-06,-8.26902e-06,-7.33804e-06,-7.10132e-06,-7.53777e-06,-8.58966e-06,-1.01666e-05,-1.21511e-05,-1.44053e-05,-1.6779e-05,-1.9117e-05,-2.12676e-05,-2.30897e-05,-2.44603e-05,-2.52793e-05,-2.5475e-05,-2.50065e-05,-2.38661e-05,-2.20791e-05,-1.97029e-05,-1.68239e-05,-1.35544e-05,-1.00265e-05,-6.38732e-06,-2.79162e-06,6.04632e-07,3.65123e-06,6.21017e-06,8.16146e-06,9.4079e-06,9.87876e-06,9.53207e-06,8.35569e-06,6.36714e-06,3.61231e-06,1.6342e-07,-3.88377e-06,-8.41305e-06,-1.32912e-05,-1.83718e-05,-2.34988e-05,-2.85106e-05,-3.32447e-05,-3.7542e-05,-4.12518e-05,-4.42371e-05,-4.63799e-05,-4.75856e-05,-4.7788e-05,-4.69521e-05,-4.50763e-05,-4.21929e-05,-3.83667e-05,-3.36919e-05,-2.82878e-05,-2.22931e-05,-1.58596e-05,-9.14545e-06,-2.30936e-06,4.49492e-06,1.11228e-05,1.74415e-05,2.33322e-05,2.869e-05,3.34243e-05,3.7458e-05,4.07274e-05,4.33406e-05,4.49805e-05,4.52557e-05,4.39608e-05,4.10001e-05,3.64273e-05,3.0465e-05,2.34777e-05,1.58869e-05,8.03333e-06,0
0,6.8621e-06,1.37355e-05,2.04247e-05,2.66262e-05,3.19635e-05,3.61203e-05,3.89212e-05,4.03559e-05,4.05557e-05,3.97402e-05,3.81628e-05,3.61583e-05,3.39623e-05,3.14755e-05,2.8711e-05,2.56722e-05,2.23559e-05,1.87584e-05,1.48818e-05,1.07407e-05,6.36734e-06,1.816e-06,-2.83616e-06,-7.49019e-06,-1.20294e-05,-1.63254e-05,-2.02464e-05,-2.3666e-05,-2.64719e-05,-2.85746e-05,-2.9914e-05,-3.04643e-05,-3.02368e-05,-2.92794e-05,-2.76747e-05,-2.5535e-05,-2.29957e-05,-2.0208e-05,-1.73295e-05,-1.45156e-05,-1.19111e-05,-9.64191e-06,-7.80905e-06,-6.48361e-06,-5.7039e-06,-5.47442e-06,-5.76688e-06,-6.5229e-06,-7.65842e-06,-9.06919e-06,-1.06373e-05,-1.22381e-05,-1.37474e-05,-1.5048e-05,-1.60366e-05,-1.66284e-05,-1.67622e-05,-1.64032e-05,-1.55446e-05,-1.42081e-05,-1.2443e-05,-1.03234e-05,-7.94488e-06,-5.41966e-06,-2.87132e-06,-4.28689e-07,1.78029e-06,3.63468e-06,5.02624e-06,5.86439e-06,6.08022e-06,5.62943e-06,4.49401e-06,2.68275e-06,2.30642e-07,-2.80268e-06,-6.33529e-06,-1.02659e-05,-1.44771e-05,-1.88392e-05,-2.32136e-05,-2.74572e-05,-3.14264e-05,-3.49813e-05,-3.79903e-05,-4.03348e-05,-4.19134e-05,-4.26466e-05,-4.24802e-05,-4.13881e-05,-3.93742e-05,-3.64724e-05,-3.27456e-05,-2.82824e-05,-2.31932e-05,-1.76046e-05,-1.16536e-05,-5.4812e-06,7.73314e-07,6.97733e-06,1.30087e-05,1.87581e-05,2.413e-05,2.9042e-05,3.34243e-05,3.72173e-05,4.03713e-05,4.28451e-05,4.47087e-05,4.56858e-05,4.5441e-05,4.37774e-05,4.05909e-05,3.59156e-05,2.9948e-05,2.30256e-05,1.55483e-05,7.84548e-06,0
0,6.79057e-06,1.36444e-05,2.03485e-05,2.65959e-05,3.20112e-05,3.62857e-05,3.92577e-05,4.09338e-05,4.14604e-05,4.10667e-05,4.00024e-05,3.85556e-05,3.69313e-05,3.50876e-05,3.30368e-05,3.07764e-05,2.82918e-05,2.5562e-05,2.25664e-05,1.92921e-05,1.57407e-05,1.19341e-05,7.91735e-06,3.76009e-06,-4.45765e-07,-4.59023e-06,-8.55179e-06,-1.22053e-05,-1.54309e-05,-1.81221e-05,-2.01941e-05,-2.15896e-05,-2.22829e-05,-2.22826e-05,-2.16302e-05,-2.03983e-05,-1.86852e-05,-1.66092e-05,-1.43006e-05,-1.18945e-05,-9.52202e-06,-7.30348e-06,-5.3416e-06,-3.71652e-06,-2.48221e-06,-1.66477e-06,-1.26238e-06,-1.24693e-06,-1.56717e-06,-2.153e-06,-2.92071e-06,-3.77872e-06,-4.63364e-06,-5.39606e-06,-5.98607e-06,-6.33795e-06,-6.40405e-06,-6.15754e-06,-5.59395e-06,-4.73147e-06,-3.61005e-06,-2.28927e-06,-8.45194e-07,6.33681e-07,2.05112e-06,3.30824e-06,4.30882e-06,4.96433e-06,5.19869e-06,4.95226e-06,4.18503e-06,2.87879e-06,1.03823e-06,-1.30897e-06,-4.11313e-06,-7.30433e-06,-1.07949e-05,-1.44825e-05,-1.82534e-05,-2.19865e-05,-2.55567e-05,-2.88393e-05,-3.17138e-05,-3.40683e-05,-3.58031e-05,-3.6835e-05,-3.71009e-05,-3.65604e-05,-3.51985e-05,-3.30265e-05,-3.00821e-05,-2.64281e-05,-2.21492e-05,-1.73484e-05,-1.2142e-05,-6.65335e-06,-1.00799e-06,4.67238e-06,1.02743e-05,1.56957e-05,2.08482e-05,2.56572e-05,3.00611e-05,3.40089e-05,3.7458e-05,4.03713e-05,4.27157e-05,4.44632e-05,4.56385e-05,4.60153e-05,4.53101e-05,4.33309e-05,3.99638e-05,3.52244e-05,2.92854e-05,2.24605e-05,1.51311e-05,7.61636e-06,0
0,6.64681e-06,1.34086e-05,2.00663e-05,2.63125e-05,3.17736e-05,3.61467e-05,3.92798e-05,4.11904e-05,4.20345e-05,4.20459e-05,4.14687e-05,4.05415e-05,3.94118e-05,3.81176e-05,3.66792e-05,3.50972e-05,3.33551e-05,3.14236e-05,2.92673e-05,2.68529e-05,2.41563e-05,2.117e-05,1.79079e-05,1.44082e-05,1.07342e-05,6.97134e-06,3.22295e-06,-3.9632e-07,-3.76833e-06,-6.77971e-06,-9.32985e-06,-1.1338e-05,-1.2749e-05,-1.35364e-05,-1.37046e-05,-1.32876e-05,-1.23465e-05,-1.09648e-05,-9.24277e-06,-7.29052e-06,-5.22106e-06,-3.14344e-06,-1.15657e-06,6.55902e-07,2.22951e-06,3.52126e-06,4.51051e-06,5.19828e-06,5.60529e-06,5.7689e-06,5.7391e-06,5.57406e-06,5.33538e-06,5.08335e-06,4.87257e-06,4.74812e-06,4.74244e-06,4.87308e-06,5.14156e-06,5.53306e-06,6.01732e-06,6.55031e-06,7.07685e-06,7.53389e-06,7.85422e-06,7.97058e-06,7.81976e-06,7.34653e-06,6.50727e-06,5.27297e-06,3.63148e-06,1.58905e-06,-8.29218e-07,-3.57962e-06,-6.60113e-06,-9.81726e-06,-1.31387e-05,-1.64664e-05,-1.9695e-05,-2.27164e-05,-2.54235e-05,-2.77145e-05,-2.94961e-05,-3.06873e-05,-3.12231e-05,-3.10569e-05,-3.01635e-05,-2.85401e-05,-2.62074e-05,-2.3209e-05,-1.96098e-05,-1.5493e-05,-1.09563e-05,-6.10748e-06,-1.05856e-06,4.07895e-06,9.19922e-06,1.42061e-05,1.90162e-05,2.356e-05,2.77822e-05,3.16401e-05,3.51008e-05,3.81378e-05,4.07274e-05,4.28451e-05,4.44632e-05,4.55485e-05,4.60792e-05,4.59088e-05,4.47954e-05,4.25482e-05,3.90442e-05,3.42822e-05,2.84141e-05,2.17324e-05,1.4601e-05,7.32894e-06,0
0,6.41486e-06,1.29938e-05,1.95225e-05,2.56976e-05,3.11511e-05,3.55864e-05,3.88586e-05,4.09918e-05,4.21455e-05,4.25535e-05,4.24551e-05,4.20242e-05,4.13777e-05,4.05912e-05,3.97076e-05,3.87414e-05,3.76833e-05,3.65048e-05,3.51648e-05,3.36172e-05,3.18191e-05,2.97387e-05,2.73615e-05,2.46956e-05,2.17734e-05,1.86521e-05,1.54108e-05,1.2146e-05,8.96505e-06,5.97879e-06,3.29374e-06,1.00475e-06,-8.11459e-07,-2.10117e-06,-2.83679e-06,-3.01791e-06,-2.67041e-06,-1.84379e-06,-6.06966e-07,9.56969e-07,2.7566e-06,4.69817e-06,6.69122e-06,8.65354e-06,1.05151e-05,1.22208e-05,1.3732e-05,1.50266e-05,1.60981e-05,1.69538e-05,1.76122e-05,1.80993e-05,1.84458e-05,1.86831e-05,1.88405e-05,1.89419e-05,1.90043e-05,1.90353e-05,1.90332e-05,1.89861e-05,1.88734e-05,1.86664e-05,1.8331e-05,1.78295e-05,1.71236e-05,1.61774e-05,1.49601e-05,1.34489e-05,1.16313e-05,9.50706e-06,7.0899e-06,4.40789e-06,1.50371e-06,-1.56613e-06,-4.73266e-06,-7.91648e-06,-1.10304e-05,-1.39823e-05,-1.66787e-05,-1.90283e-05,-2.09452e-05,-2.23528e-05,-2.31871e-05,-2.33993e-05,-2.29585e-05,-2.18539e-05,-2.0095e-05,-1.77125e-05,-1.4757e-05,-1.12972e-05,-7.4168e-06,-3.21048e-06,1.22043e-06,5.77304e-06,1.03477e-05,1.48527e-05,1.92073e-05,2.33449e-05,2.72136e-05,3.07758e-05,3.40063e-05,3.68889e-05,3.94129e-05,4.15681e-05,4.33406e-05,4.47087e-05,4.56385e-05,4.60792e-05,4.59558e-05,4.5288e-05,4.38153e-05,4.13467e-05,3.77519e-05,3.30162e-05,2.7273e-05,2.07948e-05,1.39276e-05,6.96863e-06,0
0,6.0836e-06,1.23747e-05,1.86736e-05,2.46869e-05,3.00573e-05,3.44983e-05,3.7872e-05,4.02054e-05,4.16567e-05,4.24537e-05,4.2778e-05,4.2764e-05,4.25334e-05,4.21795e-05,4.17643e-05,4.13199e-05,4.08502e-05,4.0335e-05,3.97354e-05,3.90011e-05,3.8078e-05,3.69168e-05,3.54799e-05,3.37479e-05,3.17239e-05,2.94352e-05,2.6933e-05,2.42896e-05,2.15941e-05,1.89457e-05,1.64473e-05,1.41978e-05,1.22858e-05,1.07838e-05,9.74354e-06,9.19392e-06,9.1398e-06,9.56307e-06,1.04251e-05,1.16703e-05,1.3231e-05,1.50316e-05,1.69942e-05,1.90428e-05,2.11069e-05,2.31246e-05,2.50447e-05,2.68271e-05,2.84433e-05,2.9875e-05,3.11131e-05,3.21553e-05,3.3004e-05,3.36645e-05,3.41425e-05,3.44424e-05,3.45663e-05,3.45126e-05,3.42762e-05,3.38482e-05,3.32165e-05,3.23671e-05,3.12853e-05,2.99571e-05,2.8371e-05,2.65198e-05,2.44026e-05,2.20255e-05,1.94038e-05,1.65626e-05,1.35373e-05,1.03739e-05,7.12855e-06,3.86642e-06,6.60291e-07,-2.41152e-06,-5.26769e-06,-7.82678e-06,-1.00104e-05,-1.17464e-05,-1.29721e-05,-1.36374e-05,-1.37073e-05,-1.31642e-05,-1.2009e-05,-1.02623e-05,-7.96345e-06,-5.16969e-06,-1.95369e-06,1.59965e-06,5.39724e-06,9.34234e-06,1.33393e-05,1.72983e-05,2.11392e-05,2.47951e-05,2.8214e-05,3.13597e-05,3.42108e-05,3.6758e-05,3.90012e-05,4.09445e-05,4.25916e-05,4.39408e-05,4.49805e-05,4.56858e-05,4.60153e-05,4.59088e-05,4.5288e-05,4.40653e-05,4.22815e-05,3.9641e-05,3.60089e-05,3.13593e-05,2.58089e-05,1.96097e-05,1.30878e-05,6.52498e-06,0
0,5.64793e-06,1.15382e-05,1.7493e-05,2.32353e-05,2.84263e-05,3.27946e-05,3.62118e-05,3.87073e-05,4.04347e-05,4.15486e-05,4.21854e-05,4.24788e-05,4.25531e-05,4.25124e-05,4.24348e-05,4.23697e-05,4.23372e-05,4.23306e-05,4.23201e-05,4.22587e-05,4.20895e-05,4.17531e-05,4.11961e-05,4.03773e-05,3.92739e-05,3.7885e-05,3.62328e-05,3.43627e-05,3.23396e-05,3.02441e-05,2.81666e-05,2.62006e-05,2.44367e-05,2.29561e-05,2.18261e-05,2.1096e-05,2.07949e-05,2.09314e-05,2.14941e-05,2.24536e-05,2.37661e-05,2.53763e-05,2.72219e-05,2.92372e-05,3.13565e-05,3.35169e-05,3.56608e-05,3.77366e-05,3.97e-05,4.15138e-05,4.31472e-05,4.45751e-05,4.57774e-05,4.67374e-05,4.74411e-05,4.78768e-05,4.80338e-05,4.7903e-05,4.74764e-05,4.67474e-05,4.5712e-05,4.43683e-05,4.27184e-05,4.07685e-05,3.85296e-05,3.6019e-05,3.32597e-05,3.02822e-05,2.71236e-05,2.38286e-05,2.04488e-05,1.70427e-05,1.36743e-05,1.04125e-05,7.32926e-06,4.49741e-06,1.98862e-06,-1.29432e-07,-1.79581e-06,-2.95916e-06,-3.58041e-06,-3.63512e-06,-3.11543e-06,-2.03117e-06,-4.10316e-07,1.70157e-06,4.24289e-06,7.13847e-06,1.0303e-05,1.3645e-05,1.70716e-05,2.0493e-05,2.38271e-05,2.70035e-05,2.99661e-05,3.26753e-05,3.5108e-05,3.72565e-05,3.91256e-05,4.07294e-05,4.20857e-05,4.32115e-05,4.41177e-05,4.48039e-05,4.52557e-05,4.5441e-05,4.53101e-05,4.47954e-05,4.38153e-05,4.22815e-05,4.01041e-05,3.73507e-05,3.37469e-05,2.92577e-05,2.3983e-05,1.81526e-05,1.20683e-05,5.99313e-06,0
0,5.10977e-06,1.04848e-05,1.59737e-05,2.13222e-05,2.62181e-05,3.04126e-05,3.37917e-05,3.63891e-05,3.82939e-05,3.96084e-05,4.04512e-05,4.09473e-05,4.12188e-05,4.13755e-05,4.15067e-05,4.16768e-05,4.19226e-05,4.22533e-05,4.26529e-05,4.30839e-05,4.3494e-05,4.38222e-05,4.4007e-05,4.39932e-05,4.37384e-05,4.32178e-05,4.24274e-05,4.13853e-05,4.01304e-05,3.87197e-05,3.72247e-05,3.57252e-05,3.43047e-05,3.30436e-05,3.20149e-05,3.12793e-05,3.08822e-05,3.0852e-05,3.11993e-05,3.19177e-05,3.29854e-05,3.43674e-05,3.60186e-05,3.78868e-05,3.99152e-05,4.20453e-05,4.42192e-05,4.63806e-05,4.84767e-05,5.04585e-05,5.2281e-05,5.39035e-05,5.52897e-05,5.64072e-05,5.7228e-05,5.7728e-05,5.78876e-05,5.7692e-05,5.71314e-05,5.62016e-05,5.49043e-05,5.32476e-05,5.12462e-05,4.89215e-05,4.63017e-05,4.34215e-05,4.03221e-05,3.70502e-05,3.36584e-05,3.02037e-05,2.67474e-05,2.33538e-05,2.00894e-05,1.70213e-05,1.42161e-05,1.17374e-05,9.64411e-06,7.98825e-06,6.81231e-06,6.14711e-06,6.00973e-06,6.40184e-06,7.30865e-06,8.69864e-06,1.05241e-05,1.27227e-05,1.52199e-05,1.79325e-05,2.07723e-05,2.36508e-05,2.64839e-05,2.91961e-05,3.17245e-05,3.40214e-05,3.60564e-05,3.78159e-05,3.93027e-05,4.05326e-05,4.15307e-05,4.23267e-05,4.29491e-05,4.34202e-05,4.37514e-05,4.39387e-05,4.39608e-05,4.37774e-05,4.33309e-05,4.25482e-05,4.13467e-05,3.9641e-05,3.73507e-05,3.44083e-05,3.09163e-05,2.66785e-05,2.17771e-05,1.64162e-05,1.08691e-05,5.37493e-06,0
0,4.47863e-06,9.2304e-06,1.41314e-05,1.89557e-05,2.34255e-05,2.73231e-05,3.0555e-05,3.31258e-05,3.50744e-05,3.64739e-05,3.74208e-05,3.80254e-05,3.84015e-05,3.86574e-05,3.88878e-05,3.91672e-05,3.95461e-05,4.00495e-05,4.06764e-05,4.14034e-05,4.21882e-05,4.29757e-05,4.37045e-05,4.43138e-05,4.47496e-05,4.49705e-05,4.49517e-05,4.46874e-05,4.41915e-05,4.34967e-05,4.26518e-05,4.17178e-05,4.07636e-05,3.98608e-05,3.90788e-05,3.84808e-05,3.81196e-05,3.80355e-05,3.82545e-05,3.87875e-05,3.96312e-05,4.0769e-05,4.21726e-05,4.38044e-05,4.56198e-05,4.75687e-05,4.95982e-05,5.16538e-05,5.3681e-05,5.56266e-05,5.74391e-05,5.90699e-05,6.04738e-05,6.16098e-05,6.24415e-05,6.29381e-05,6.30747e-05,6.28334e-05,6.22039e-05,6.11836e-05,5.97787e-05,5.80034e-05,5.58808e-05,5.34418e-05,5.07249e-05,4.77752e-05,4.46438e-05,4.13866e-05,3.80631e-05,3.47357e-05,3.14679e-05,2.83238e-05,2.53665e-05,2.26568e-05,2.02519e-05,1.82034e-05,1.65562e-05,1.53458e-05,1.45973e-05,1.43232e-05,1.45221e-05,1.5178e-05,1.62597e-05,1.77218e-05,1.95054e-05,2.15409e-05,2.37504e-05,2.60523e-05,2.83645e-05,3.06097e-05,3.27189e-05,3.46355e-05,3.6318e-05,3.77419e-05,3.88997e-05,3.98003e-05,4.04659e-05,4.09289e-05,4.12268e-05,4.13967e-05,4.14706e-05,4.14699e-05,4.14013e-05,4.12545e-05,4.10001e-05,4.05909e-05,3.99638e-05,3.90442e-05,3.77519e-05,3.60089e-05,3.37469e-05,3.09163e-05,2.74947e-05,2.36166e-05,1.91981e-05,1.44139e-05,9.50375e-06,4.67946e-06,0
0,3.77158e-06,7.80638e-06,1.20058e-05,1.61755e-05,2.00793e-05,2.35374e-05,2.64799e-05,2.88766e-05,3.07387e-05,3.21127e-05,3.30711e-05,3.37045e-05,3.41123e-05,3.43945e-05,3.46434e-05,3.49369e-05,3.53341e-05,3.58715e-05,3.65625e-05,3.73981e-05,3.83496e-05,3.9373e-05,4.0414e-05,4.14142e-05,4.23169e-05,4.30724e-05,4.36428e-05,4.40049e-05,4.41524e-05,4.40958e-05,4.38618e-05,4.34904e-05,4.30322e-05,4.25438e-05,4.20845e-05,4.17118e-05,4.14779e-05,4.14268e-05,4.15923e-05,4.19963e-05,4.26486e-05,4.35471e-05,4.46783e-05,4.60188e-05,4.75366e-05,4.9193e-05,5.0944e-05,5.27417e-05,5.45362e-05,5.62765e-05,5.79119e-05,5.93932e-05,6.06736e-05,6.17099e-05,6.24636e-05,6.29021e-05,6.29994e-05,6.27371e-05,6.21053e-05,6.1103e-05,5.97385e-05,5.80293e-05,5.60017e-05,5.36903e-05,5.11373e-05,4.8391e-05,4.55047e-05,4.25353e-05,3.95422e-05,3.65855e-05,3.3725e-05,3.10187e-05,2.85217e-05,2.6285e-05,2.43538e-05,2.27667e-05,2.15543e-05,2.07371e-05,2.03254e-05,2.03173e-05,2.06983e-05,2.14411e-05,2.25058e-05,2.38413e-05,2.53864e-05,2.70732e-05,2.88295e-05,3.0583e-05,3.2265e-05,3.38142e-05,3.51803e-05,3.63267e-05,3.72323e-05,3.78922e-05,3.83172e-05,3.85312e-05,3.85685e-05,3.84697e-05,3.82762e-05,3.80258e-05,3.77473e-05,3.74569e-05,3.71547e-05,3.68232e-05,3.64273e-05,3.59156e-05,3.52244e-05,3.42822e-05,3.30162e-05,3.13593e-05,2.92577e-05,2.66785e-05,2.36166e-05,2.01013e-05,1.62821e-05,1.21811e-05,8.00069e-06,3.92283e-06,0
0,3.01237e-06,6.25853e-06,9.65992e-06,1.30553e-05,1.62532e-05,1.91483e-05,2.16615e-05,2.37502e-05,2.54067e-05,2.66548e-05,2.75436e-05,2.81417e-05,2.85294e-05,2.87915e-05,2.90107e-05,2.92607e-05,2.96013e-05,3.00752e-05,3.07055e-05,3.14956e-05,3.24306e-05,3.34798e-05,3.4601e-05,3.57446e-05,3.68587e-05,3.78939e-05,3.8808e-05,3.95684e-05,4.01558e-05,4.05644e-05,4.08022e-05,4.08903e-05,4.08603e-05,4.07519e-05,4.06099e-05,4.04808e-05,4.04096e-05,4.04371e-05,4.05977e-05,4.09177e-05,4.1414e-05,4.20938e-05,4.29546e-05,4.39849e-05,4.51648e-05,4.64671e-05,4.78588e-05,4.93019e-05,5.07552e-05,5.21752e-05,5.35176e-05,5.47384e-05,5.57954e-05,5.66489e-05,5.72638e-05,5.76098e-05,5.76632e-05,5.74075e-05,5.68342e-05,5.59434e-05,5.47438e-05,5.32528e-05,5.1496e-05,4.95067e-05,4.73243e-05,4.4994e-05,4.25645e-05,4.00875e-05,3.76154e-05,3.52006e-05,3.28939e-05,3.07432e-05,2.87926e-05,2.70809e-05,2.56412e-05,2.44991e-05,2.36726e-05,2.31706e-05,2.29921e-05,2.31263e-05,2.35518e-05,2.42369e-05,2.51405e-05,2.62136e-05,2.74007e-05,2.86428e-05,2.98798e-05,3.10544e-05,3.21147e-05,3.30174e-05,3.37307e-05,3.42359e-05,3.4528e-05,3.4616e-05,3.45214e-05,3.42755e-05,3.39163e-05,3.34843e-05,3.3018e-05,3.25501e-05,3.21026e-05,3.16846e-05,3.12896e-05,3.08956e-05,3.0465e-05,2.9948e-05,2.92854e-05,2.84141e-05,2.7273e-05,2.58089e-05,2.3983e-05,2.17771e-05,1.91981e-05,1.62821e-05,1.30957e-05,9.77435e-06,6.40104e-06,3.12698e-06,0
0,2.22944e-06,4.64372e-06,7.17767e-06,9.7014e-06,1.2124e-05,1.43563e-05,1.63293e-05,1.79991e-05,1.93479e-05,2.0383e-05,2.11332e-05,2.16451e-05,2.19773e-05,2.2195e-05,2.23646e-05,2.2548e-05,2.27985e-05,2.31573e-05,2.36511e-05,2.4291e-05,2.5073e-05,2.59796e-05,2.69819e-05,2.80428e-05,2.91214e-05,3.01755e-05,3.11665e-05,3.20613e-05,3.28355e-05,3.34745e-05,3.39745e-05,3.43419e-05,3.45926e-05,3.47506e-05,3.48451e-05,3.49094e-05,3.49772e-05,3.50813e-05,3.52511e-05,3.5511e-05,3.58794e-05,3.63674e-05,3.69791e-05,3.7711e-05,3.8553e-05,3.94882e-05,4.04945e-05,4.15451e-05,4.26095e-05,4.36549e-05,4.4647e-05,4.5551e-05,4.63334e-05,4.69626e-05,4.741e-05,4.76514e-05,4.76677e-05,4.74458e-05,4.69794e-05,4.6269e-05,4.53225e-05,4.41548e-05,4.27873e-05,4.12478e-05,3.95688e-05,3.7787e-05,3.59421e-05,3.40751e-05,3.22276e-05,3.04402e-05,2.87515e-05,2.71972e-05,2.58089e-05,2.46135e-05,2.36323e-05,2.28804e-05,2.23661e-05,2.20903e-05,2.20462e-05,2.22194e-05,2.25875e-05,2.31211e-05,2.37843e-05,2.45363e-05,2.5333e-05,2.6129e-05,2.688e-05,2.75454e-05,2.80906e-05,2.84892e-05,2.87245e-05,2.87907e-05,2.86931e-05,2.84473e-05,2.80776e-05,2.76149e-05,2.70933e-05,2.65473e-05,2.60075e-05,2.54979e-05,2.50328e-05,2.46148e-05,2.42334e-05,2.38659e-05,2.34777e-05,2.30256e-05,2.24605e-05,2.17324e-05,2.07948e-05,1.96097e-05,1.81526e-05,1.64162e-05,1.44139e-05,1.21811e-05,9.77435e-06,7.26801e-06,4.75494e-06,2.31716e-06,0
0,1.45222e-06,3.02371e-06,4.65679e-06,6.31054e-06,7.92278e-06,9.43278e-06,1.07897e-05,1.19574e-05,1.29169e-05,1.36661e-05,1.42187e-05,1.46017e-05,1.4852e-05,1.50129e-05,1.51299e-05,1.52476e-05,1.54058e-05,1.56369e-05,1.59644e-05,1.6401e-05,1.69492e-05,1.7601e-05,1.83402e-05,1.91434e-05,1.99831e-05,2.08297e-05,2.1654e-05,2.24298e-05,2.31356e-05,2.37558e-05,2.42819e-05,2.47125e-05,2.50529e-05,2.53147e-05,2.55141e-05,2.56709e-05,2.58068e-05,2.59438e-05,2.61027e-05,2.63017e-05,2.65558e-05,2.68754e-05,2.72663e-05,2.77294e-05,2.82607e-05,2.88515e-05,2.94892e-05,3.01572e-05,3.08364e-05,3.15053e-05,3.21412e-05,3.27209e-05,3.32217e-05,3.36218e-05,3.3902e-05,3.40455e-05,3.40395e-05,3.38752e-05,3.35483e-05,3.30597e-05,3.24152e-05,3.16254e-05,3.07058e-05,2.96757e-05,2.85579e-05,2.73779e-05,2.61631e-05,2.49415e-05,2.37411e-05,2.25891e-05,2.15108e-05,2.05292e-05,1.96639e-05,1.8931e-05,1.83424e-05,1.79053e-05,1.76221e-05,1.74902e-05,1.75016e-05,1.76432e-05,1.78971e-05,1.8241e-05,1.86489e-05,1.90921e-05,1.95409e-05,1.99655e-05,2.03377e-05,2.06332e-05,2.08321e-05,2.09211e-05,2.08937e-05,2.07512e-05,2.05021e-05,2.01616e-05,1.97502e-05,1.92918e-05,1.88117e-05,1.83338e-05,1.78787e-05,1.74612e-05,1.70885e-05,1.67593e-05,1.64632e-05,1.61812e-05,1.58869e-05,1.55483e-05,1.51311e-05,1.4601e-05,1.39276e-05,1.30878e-05,1.20683e-05,1.08691e-05,9.50375e-06,8.00069e-06,6.40104e-06,4.75494e-06,3.11456e-06,1.51779e-06,0
0,7.05338e-07,1.45502e-06,2.24536e-06,3.05614e-06,3.85809e-06,4.62037e-06,5.31561e-06,5.92302e-06,6.42995e-06,6.83245e-06,7.13478e-06,7.34842e-06,7.49057e-06,7.58228e-06,7.64662e-06,7.70666e-06,7.78378e-06,7.89611e-06,8.05743e-06,8.2764e-06,8.55627e-06,8.89502e-06,9.28585e-06,9.71811e-06,1.01783e-05,1.06514e-05,1.1122e-05,1.15756e-05,1.19996e-05,1.23842e-05,1.27229e-05,1.30126e-05,1.32539e-05,1.34507e-05,1.36095e-05,1.3739e-05,1.38495e-05,1.39517e-05,1.4056e-05,1.41721e-05,1.43084e-05,1.44709e-05,1.46637e-05,1.48884e-05,1.5144e-05,1.54273e-05,1.57327e-05,1.60527e-05,1.63783e-05,1.66991e-05,1.70041e-05,1.72818e-05,1.75209e-05,1.77106e-05,1.78412e-05,1.79044e-05,1.78938e-05,1.7805e-05,1.76362e-05,1.73877e-05,1.70629e-05,1.66672e-05,1.62085e-05,1.56969e-05,1.5144e-05,1.45627e-05,1.39668e-05,1.33705e-05,1.27877e-05,1.22317e-05,1.17149e-05,1.12483e-05,1.08411e-05,1.05003e-05,1.02311e-05,1.00359e-05,9.91465e-06,9.86484e-06,9.88123e-06,9.95614e-06,1.00796e-05,1.02395e-05,1.04225e-05,1.06139e-05,1.07989e-05,1.09632e-05,1.10936e-05,1.11789e-05,1.1211e-05,1.11847e-05,1.10989e-05,1.09559e-05,1.07619e-05,1.05261e-05,1.02602e-05,9.97712e-06,9.69e-06,9.41098e-06,9.14999e-06,8.91364e-06,8.70451e-06,8.52059e-06,8.35527e-06,8.19765e-06,8.03333e-06,7.84548e-06,7.61636e-06,7.32894e-06,6.96863e-06,6.52498e-06,5.99313e-06,5.37493e-06,4.67946e-06,3.92283e-06,3.12698e-06,2.31716e-06,1.51779e-06,7.46116e-07,0
0,0,0,0,0,0,0,0,0,0,0,0,0,0,0,0,0,0,0,0,0,0,0,0,0,0,0,0,0,0,0,0,0,0,0,0,0,0,0,0,0,0,0,0,0,0,0,0,0,0,0,0,0,0,0,0,0,0,0,0,0,0,0,0,0,0,0,0,0,0,0,0,0,0,0,0,0,0,0,0,0,0,0,0,0,0,0,0,0,0,0,0,0,0,0,0,0,0,0,0,0,0,0,0,0,0,0,0,0,0,0,0,0,0,0,0,0,0,0,0
