0,0,0,0,0,0,0,0,0,0,0,0,0,0,0,0,0,0,0,0,0,0,0,0,0,0,0,0,0,0,0,0,0,0,0,0,0,0,0,0,0,0,0,0,0,0,0,0,0,0,0,0,0,0,0,0,0,0,0,0,0,0,0,0,0,0,0,0,0,0,0,0,0,0,0,0,0,0,0,0,0,0,0,0,0,0,0,0,0,0,0,0,0,0,0,0,0,0,0,0,0,0,0,0,0,0,0,0,0,0,0,0,0,0,0,0,0,0,0,0
0,2.41627e-07,4.10733e-07,5.43192e-07,6.51917e-07,7.47836e-07,8.39115e-07,9.30322e-07,1.0219e-06,1.11006e-06,1.18705e-06,1.24189e-06,1.26131e-06,1.23103e-06,1.1371e-06,9.67275e-07,7.12323e-07,3.67058e-07,-6.88927e-08,-5.90716e-07,-1.18846e-06,-1.84747e-06,-2.54924e-06,-3.27254e-06,-3.99475e-06,-4.69332e-06,-5.34714e-06,-5.93785e-06,-6.45086e-06,-6.8761e-06,-7.2084e-06,-7.44757e-06,-7.59811e-06,-7.66866e-06,-7.67128e-06,-7.62053e-06,-7.53251e-06,-7.42394e-06,-7.31125e-06,-7.20982e-06,-7.13325e-06,-7.09289e-06,-7.09745e-06,-7.1527e-06,-7.26141e-06,-7.4233e-06,-7.63512e-06,-7.8909e-06,-8.1822e-06,-8.49849e-06,-8.82758e-06,-9.15618e-06,-9.4704e-06,-9.75639e-06,-1.00009e-05,-1.0192e-05,-1.03193e-05,-1.03748e-05,-1.03531e-05,-1.02517e-05,-1.00711e-05,-9.81495e-06,-9.48987e-06,-9.10521e-06,-8.67275e-06,-8.20624e-06,-7.72089e-06,-7.23275e-06,-6.75815e-06,-6.31298e-06,-5.91216e-06,-5.56899e-06,-5.29466e-06,-5.09781e-06,-4.98416e-06,-4.95628e-06,-5.01346e-06,-5.15164e-06,-5.36356e-06,-5.63889e-06,-5.96453e-06,-6.32498e-06,-6.70282e-06,-7.07926e-06,-7.43474e-06,-7.74971e-06,-8.00534e-06,-8.18438e-06,-8.27196e-06,-8.25638e-06,-8.12983e-06,-7.88891e-06,-7.535e-06,-7.07439e-06,-6.51805e-06,-5.88121e-06,-5.18253e-06,-4.44319e-06,-3.68561e-06,-2.93226e-06,-2.20436e-06,-1.52073e-06,-8.96874e-07,-3.44332e-07,1.29656e-07,5.22095e-07,8.33856e-07,1.06901e-06,1.23393e-06,1.33632e-06,1.38415e-06,1.38474e-06,1.34401e-06,1.26592e-06,1.15229e-06,1.00286e-06,8.15713e-07,5.87987e-07,3.16745e-07,0
0,4.10733e-07,7.32429e-07,9.36601e-07,1.099e-06,1.23898e-06,1.37066e-06,1.50105e-06,1.62907e-06,1.74547e-06,1.83359e-06,1.87087e-06,1.83098e-06,1.68633e-06,1.41082e-06,9.82529e-07,3.8612e-07,-3.85207e-07,-1.32847e-06,-2.43041e-06,-3.66788e-06,-5.00897e-06,-6.41492e-06,-7.84248e-06,-9.24673e-06,-1.05839e-05,-1.18142e-05,-1.29041e-05,-1.38284e-05,-1.45713e-05,-1.51269e-05,-1.54997e-05,-1.57029e-05,-1.57579e-05,-1.56922e-05,-1.55378e-05,-1.53291e-05,-1.51007e-05,-1.4886e-05,-1.47156e-05,-1.46158e-05,-1.46076e-05,-1.47063e-05,-1.4921e-05,-1.52541e-05,-1.57019e-05,-1.62549e-05,-1.68979e-05,-1.76108e-05,-1.83699e-05,-1.91482e-05,-1.99168e-05,-2.06461e-05,-2.13067e-05,-2.1871e-05,-2.23138e-05,-2.26138e-05,-2.27544e-05,-2.27242e-05,-2.25179e-05,-2.21363e-05,-2.15866e-05,-2.0882e-05,-2.00415e-05,-1.90889e-05,-1.80526e-05,-1.69639e-05,-1.58564e-05,-1.47644e-05,-1.3722e-05,-1.27615e-05,-1.19125e-05,-1.12005e-05,-1.06463e-05,-1.02646e-05,-1.00642e-05,-1.00468e-05,-1.02074e-05,-1.0534e-05,-1.1008e-05,-1.1605e-05,-1.22949e-05,-1.30433e-05,-1.38125e-05,-1.45626e-05,-1.52531e-05,-1.58446e-05,-1.63001e-05,-1.6587e-05,-1.66787e-05,-1.6556e-05,-1.62083e-05,-1.56343e-05,-1.48428e-05,-1.3852e-05,-1.26886e-05,-1.13873e-05,-9.98776e-06,-8.53328e-06,-7.06785e-06,-5.63377e-06,-4.26935e-06,-3.00687e-06,-1.87122e-06,-8.79047e-07,-3.86964e-08,6.49233e-07,1.19069e-06,1.59651e-06,1.88049e-06,2.05738e-06,2.14095e-06,2.14243e-06,2.06944e-06,1.92545e-06,1.70994e-06,1.41923e-06,1.04787e-06,5.9072e-07,0
0,5.43192e-07,9.36601e-07,1.23597e-06,1.39713e-06,1.52456e-06,1.63479e-06,1.73356e-06,1.81494e-06,1.86178e-06,1.8473e-06,1.73764e-06,1.49529e-06,1.08287e-06,4.67066e-07,-3.77575e-07,-1.46554e-06,-2.798e-06,-4.36163e-06,-6.12847e-06,-8.05717e-06,-1.00952e-05,-1.21819e-05,-1.42527e-05,-1.62427e-05,-1.80914e-05,-1.97459e-05,-2.11646e-05,-2.23192e-05,-2.31961e-05,-2.37966e-05,-2.41366e-05,-2.42447e-05,-2.416e-05,-2.39294e-05,-2.36048e-05,-2.324e-05,-2.28875e-05,-2.25965e-05,-2.24103e-05,-2.23646e-05,-2.24865e-05,-2.27935e-05,-2.32932e-05,-2.39835e-05,-2.48528e-05,-2.58809e-05,-2.70399e-05,-2.82954e-05,-2.96077e-05,-3.09336e-05,-3.22276e-05,-3.34439e-05,-3.45378e-05,-3.54676e-05,-3.61957e-05,-3.66907e-05,-3.69278e-05,-3.68904e-05,-3.65706e-05,-3.59694e-05,-3.50971e-05,-3.39728e-05,-3.26242e-05,-3.10865e-05,-2.94014e-05,-2.76158e-05,-2.57804e-05,-2.39477e-05,-2.21707e-05,-2.05006e-05,-1.89851e-05,-1.7667e-05,-1.65822e-05,-1.57585e-05,-1.52146e-05,-1.49592e-05,-1.49906e-05,-1.52962e-05,-1.58536e-05,-1.66302e-05,-1.75849e-05,-1.86688e-05,-1.98272e-05,-2.10011e-05,-2.21295e-05,-2.31517e-05,-2.40094e-05,-2.46498e-05,-2.50275e-05,-2.51073e-05,-2.48655e-05,-2.42919e-05,-2.33903e-05,-2.21788e-05,-2.06886e-05,-1.89631e-05,-1.70547e-05,-1.50227e-05,-1.29291e-05,-1.08357e-05,-8.80039e-06,-6.87387e-06,-5.09763e-06,-3.50218e-06,-2.10648e-06,-9.18315e-07,6.44235e-08,8.51661e-07,1.45859e-06,1.90285e-06,2.20178e-06,2.37006e-06,2.41796e-06,2.35042e-06,2.16711e-06,1.86343e-06,1.43253e-06,8.23908e-07,0
0,6.51917e-07,1.099e-06,1.39713e-06,1.60097e-06,1.6557e-06,1.67336e-06,1.65479e-06,1.58655e-06,1.44231e-06,1.18559e-06,7.7353e-07,1.61551e-07,-6.91677e-07,-1.81936e-06,-3.24227e-06,-4.9654e-06,-6.97589e-06,-9.24249e-06,-1.17165e-05,-1.43343e-05,-1.70209e-05,-1.96945e-05,-2.22723e-05,-2.46748e-05,-2.68319e-05,-2.86865e-05,-3.01981e-05,-3.13451e-05,-3.21257e-05,-3.25569e-05,-3.26736e-05,-3.25256e-05,-3.2174e-05,-3.16878e-05,-3.11398e-05,-3.06023e-05,-3.01439e-05,-2.98259e-05,-2.97003e-05,-2.98072e-05,-3.01742e-05,-3.08155e-05,-3.17317e-05,-3.29108e-05,-3.43287e-05,-3.59508e-05,-3.77334e-05,-3.96253e-05,-4.157e-05,-4.35077e-05,-4.53771e-05,-4.71173e-05,-4.86705e-05,-4.99828e-05,-5.10069e-05,-5.17029e-05,-5.20401e-05,-5.19977e-05,-5.15656e-05,-5.07451e-05,-4.95485e-05,-4.79994e-05,-4.6132e-05,-4.39903e-05,-4.16267e-05,-3.91013e-05,-3.64795e-05,-3.38303e-05,-3.12245e-05,-2.87318e-05,-2.64192e-05,-2.43481e-05,-2.25723e-05,-2.1136e-05,-2.00723e-05,-1.94012e-05,-1.91293e-05,-1.92491e-05,-1.97392e-05,-2.05642e-05,-2.16767e-05,-2.30178e-05,-2.45197e-05,-2.61073e-05,-2.77015e-05,-2.92214e-05,-3.05879e-05,-3.17267e-05,-3.25713e-05,-3.30663e-05,-3.31698e-05,-3.28557e-05,-3.21153e-05,-3.09575e-05,-2.9409e-05,-2.75125e-05,-2.53247e-05,-2.29129e-05,-2.03512e-05,-1.77164e-05,-1.50835e-05,-1.25217e-05,-1.0091e-05,-7.8395e-06,-5.80203e-06,-3.99977e-06,-2.44126e-06,-1.12425e-06,-3.85909e-08,8.30571e-07,1.49937e-06,1.98217e-06,2.28919e-06,2.42512e-06,2.38894e-06,2.17506e-06,1.73132e-06,1.01539e-06,0
0,7.47836e-07,1.23898e-06,1.52456e-06,1.6557e-06,1.67869e-06,1.5235e-06,1.28946e-06,9.54873e-07,4.8533e-07,-1.62425e-07,-1.03547e-06,-2.17899e-06,-3.63048e-06,-5.41435e-06,-7.53762e-06,-9.98707e-06,-1.27281e-05,-1.57056e-05,-1.88461e-05,-2.20625e-05,-2.52586e-05,-2.83358e-05,-3.11991e-05,-3.37635e-05,-3.59588e-05,-3.77344e-05,-3.90622e-05,-3.99374e-05,-4.0379e-05,-4.04277e-05,-4.01433e-05,-3.96004e-05,-3.88844e-05,-3.80861e-05,-3.72971e-05,-3.6605e-05,-3.60895e-05,-3.58188e-05,-3.58469e-05,-3.62122e-05,-3.6936e-05,-3.80231e-05,-3.94616e-05,-4.12248e-05,-4.32723e-05,-4.55524e-05,-4.80041e-05,-5.05594e-05,-5.31461e-05,-5.56898e-05,-5.81163e-05,-6.03539e-05,-6.23352e-05,-6.39991e-05,-6.52921e-05,-6.617e-05,-6.65987e-05,-6.65554e-05,-6.60287e-05,-6.50196e-05,-6.35413e-05,-6.16191e-05,-5.92901e-05,-5.66028e-05,-5.3616e-05,-5.03975e-05,-4.7023e-05,-4.35739e-05,-4.0135e-05,-3.67922e-05,-3.36301e-05,-3.07285e-05,-2.81602e-05,-2.59877e-05,-2.42616e-05,-2.30175e-05,-2.22755e-05,-2.20383e-05,-2.22915e-05,-2.30034e-05,-2.41261e-05,-2.5597e-05,-2.73407e-05,-2.92718e-05,-3.12973e-05,-3.33205e-05,-3.5244e-05,-3.69735e-05,-3.84215e-05,-3.9511e-05,-4.01785e-05,-4.03768e-05,-4.00777e-05,-3.92728e-05,-3.79744e-05,-3.62145e-05,-3.40431e-05,-3.15259e-05,-2.87398e-05,-2.57692e-05,-2.27005e-05,-1.96182e-05,-1.65996e-05,-1.37118e-05,-1.10089e-05,-8.53033e-06,-6.3014e-06,-4.3344e-06,-2.63118e-06,-1.1865e-06,8.24108e-09,9.61429e-07,1.67832e-06,2.15928e-06,2.39944e-06,2.34525e-06,1.94376e-06,1.16525e-06,0
0,8.39115e-07,1.37066e-06,1.63479e-06,1.67336e-06,1.5235e-06,1.20993e-06,6.52643e-07,-7.10797e-08,-9.99607e-07,-2.17727e-06,-3.64844e-06,-5.45102e-06,-7.61014e-06,-1.01328e-05,-1.30043e-05,-1.61864e-05,-1.96175e-05,-2.32157e-05,-2.68829e-05,-3.05107e-05,-3.39872e-05,-3.72044e-05,-4.00648e-05,-4.24883e-05,-4.44164e-05,-4.58163e-05,-4.66824e-05,-4.70361e-05,-4.69247e-05,-4.64175e-05,-4.56021e-05,-4.45788e-05,-4.34553e-05,-4.23409e-05,-4.13411e-05,-4.05525e-05,-4.00589e-05,-3.99275e-05,-4.02074e-05,-4.09273e-05,-4.20962e-05,-4.37033e-05,-4.57198e-05,-4.81007e-05,-5.07874e-05,-5.37105e-05,-5.67927e-05,-5.99516e-05,-6.31027e-05,-6.61619e-05,-6.90475e-05,-7.1683e-05,-7.39979e-05,-7.59296e-05,-7.74244e-05,-7.84385e-05,-7.89383e-05,-7.89011e-05,-7.83157e-05,-7.71821e-05,-7.55123e-05,-7.33298e-05,-7.06702e-05,-6.75807e-05,-6.41197e-05,-6.03566e-05,-5.63701e-05,-5.22472e-05,-4.80811e-05,-4.39689e-05,-4.00084e-05,-3.62956e-05,-3.29206e-05,-2.99649e-05,-2.74977e-05,-2.55736e-05,-2.42297e-05,-2.34841e-05,-2.33352e-05,-2.37612e-05,-2.47208e-05,-2.61546e-05,-2.79869e-05,-3.01289e-05,-3.24807e-05,-3.49357e-05,-3.73838e-05,-3.97154e-05,-4.1825e-05,-4.36154e-05,-4.50012e-05,-4.5912e-05,-4.62956e-05,-4.61201e-05,-4.5375e-05,-4.4072e-05,-4.22442e-05,-3.9944e-05,-3.72406e-05,-3.42154e-05,-3.09582e-05,-2.75613e-05,-2.41151e-05,-2.07032e-05,-1.73986e-05,-1.42613e-05,-1.1337e-05,-8.65761e-06,-6.24295e-06,-4.10393e-06,-2.24626e-06,-6.7441e-07,6.05039e-07,1.5814e-06,2.19381e-06,2.37076e-06,2.06828e-06,1.27305e-06,0
0,9.30322e-07,1.50105e-06,1.73356e-06,1.65479e-06,1.28946e-06,6.52643e-07,-2.49524e-07,-1.48382e-06,-2.99176e-06,-4.811e-06,-6.9753e-06,-9.50741e-06,-1.24126e-05,-1.5674e-05,-1.92497e-05,-2.3073e-05,-2.70543e-05,-3.10864e-05,-3.50503e-05,-3.8823e-05,-4.22854e-05,-4.53303e-05,-4.78692e-05,-4.98381e-05,-5.12016e-05,-5.19545e-05,-5.21224e-05,-5.17592e-05,-5.09443e-05,-4.97774e-05,-4.8373e-05,-4.68539e-05,-4.53455e-05,-4.39688e-05,-4.28355e-05,-4.20431e-05,-4.16706e-05,-4.17763e-05,-4.23959e-05,-4.35423e-05,-4.52056e-05,-4.73554e-05,-4.99429e-05,-5.29035e-05,-5.61607e-05,-5.96293e-05,-6.3219e-05,-6.68377e-05,-7.03946e-05,-7.38023e-05,-7.69793e-05,-7.98515e-05,-8.2353e-05,-8.44266e-05,-8.60249e-05,-8.71096e-05,-8.76516e-05,-8.76312e-05,-8.7038e-05,-8.58706e-05,-8.41374e-05,-8.18566e-05,-7.90567e-05,-7.57775e-05,-7.20698e-05,-6.79963e-05,-6.36309e-05,-5.90581e-05,-5.43717e-05,-4.96728e-05,-4.50669e-05,-4.0661e-05,-3.65595e-05,-3.28606e-05,-2.96522e-05,-2.70084e-05,-2.49861e-05,-2.36226e-05,-2.29339e-05,-2.29138e-05,-2.35342e-05,-2.4746e-05,-2.64811e-05,-2.86546e-05,-3.11679e-05,-3.39123e-05,-3.67723e-05,-3.96295e-05,-4.23663e-05,-4.48699e-05,-4.70359e-05,-4.8772e-05,-5.00009e-05,-5.06641e-05,-5.07234e-05,-5.01628e-05,-4.89893e-05,-4.72323e-05,-4.49416e-05,-4.21852e-05,-3.90449e-05,-3.56116e-05,-3.19804e-05,-2.82451e-05,-2.44938e-05,-2.08048e-05,-1.72443e-05,-1.38655e-05,-1.07095e-05,-7.80785e-06,-5.18624e-06,-2.86861e-06,-8.81216e-07,6.97162e-07,1.76424e-06,2.24454e-06,2.10033e-06,1.33683e-06,0
0,1.0219e-06,1.62907e-06,1.81494e-06,1.58655e-06,9.54873e-07,-7.10797e-08,-1.48382e-06,-3.27225e-06,-5.45737e-06,-7.99067e-06,-1.08883e-05,-1.41519e-05,-1.77622e-05,-2.16752e-05,-2.58207e-05,-3.01042e-05,-3.44117e-05,-3.86161e-05,-4.25853e-05,-4.61915e-05,-4.9319e-05,-5.18729e-05,-5.37848e-05,-5.50178e-05,-5.55682e-05,-5.54661e-05,-5.4773e-05,-5.35781e-05,-5.19931e-05,-5.01456e-05,-4.81728e-05,-4.6214e-05,-4.44041e-05,-4.28676e-05,-4.17134e-05,-4.10302e-05,-4.08839e-05,-4.13155e-05,-4.23406e-05,-4.395e-05,-4.61115e-05,-4.87723e-05,-5.18627e-05,-5.52997e-05,-5.89912e-05,-6.28405e-05,-6.67496e-05,-7.06231e-05,-7.43709e-05,-7.79104e-05,-8.11682e-05,-8.40803e-05,-8.65927e-05,-8.86611e-05,-9.02498e-05,-9.1331e-05,-9.1884e-05,-9.18941e-05,-9.13525e-05,-9.02558e-05,-8.86066e-05,-8.64141e-05,-8.3695e-05,-8.04754e-05,-7.67918e-05,-7.26922e-05,-6.82375e-05,-6.35014e-05,-5.85701e-05,-5.35406e-05,-4.85191e-05,-4.36174e-05,-3.8949e-05,-3.46253e-05,-3.07505e-05,-2.74176e-05,-2.47039e-05,-2.26679e-05,-2.13466e-05,-2.0754e-05,-2.08805e-05,-2.16938e-05,-2.31399e-05,-2.51458e-05,-2.76217e-05,-3.04648e-05,-3.35623e-05,-3.67949e-05,-4.00402e-05,-4.31765e-05,-4.60862e-05,-4.86588e-05,-5.07954e-05,-5.24109e-05,-5.34381e-05,-5.38299e-05,-5.35614e-05,-5.26311e-05,-5.10605e-05,-4.88935e-05,-4.6193e-05,-4.30374e-05,-3.9516e-05,-3.57237e-05,-3.17554e-05,-2.77019e-05,-2.36454e-05,-1.96582e-05,-1.58019e-05,-1.21296e-05,-8.68934e-06,-5.52908e-06,-2.75199e-06,-5.00356e-07,1.09865e-06,1.95499e-06,2.03169e-06,1.35257e-06,0
0,1.11006e-06,1.74547e-06,1.86178e-06,1.44231e-06,4.8533e-07,-9.99607e-07,-2.99176e-06,-5.45737e-06,-8.3505e-06,-1.16257e-05,-1.52386e-05,-1.91678e-05,-2.33684e-05,-2.77706e-05,-3.22789e-05,-3.67764e-05,-4.11315e-05,-4.52065e-05,-4.88669e-05,-5.19909e-05,-5.44778e-05,-5.62559e-05,-5.72866e-05,-5.75678e-05,-5.7134e-05,-5.60538e-05,-5.44259e-05,-5.23736e-05,-5.00372e-05,-4.75671e-05,-4.51157e-05,-4.28304e-05,-4.08469e-05,-3.92837e-05,-3.82373e-05,-3.77794e-05,-3.79544e-05,-3.87795e-05,-4.0245e-05,-4.23159e-05,-4.49355e-05,-4.80286e-05,-5.1506e-05,-5.52692e-05,-5.92151e-05,-6.32408e-05,-6.72472e-05,-7.11429e-05,-7.4846e-05,-7.82862e-05,-8.14053e-05,-8.41569e-05,-8.65052e-05,-8.84239e-05,-8.98941e-05,-9.09023e-05,-9.14385e-05,-9.14948e-05,-9.10644e-05,-9.01413e-05,-8.87205e-05,-8.67992e-05,-8.43787e-05,-8.14666e-05,-7.8079e-05,-7.42433e-05,-7e-05,-6.54046e-05,-6.05278e-05,-5.54554e-05,-5.02865e-05,-4.51311e-05,-4.01062e-05,-3.53313e-05,-3.09232e-05,-2.69913e-05,-2.36325e-05,-2.09267e-05,-1.89334e-05,-1.76896e-05,-1.7208e-05,-1.74777e-05,-1.84646e-05,-2.01133e-05,-2.23498e-05,-2.50844e-05,-2.82143e-05,-3.16269e-05,-3.52029e-05,-3.88191e-05,-4.23518e-05,-4.56792e-05,-4.86854e-05,-5.12636e-05,-5.33197e-05,-5.47758e-05,-5.55733e-05,-5.5676e-05,-5.50709e-05,-5.37697e-05,-5.18067e-05,-4.92375e-05,-4.61342e-05,-4.25817e-05,-3.86715e-05,-3.44971e-05,-3.01491e-05,-2.57118e-05,-2.12624e-05,-1.68719e-05,-1.26082e-05,-8.5922e-06,-4.99994e-06,-2.01936e-06,1.81924e-07,1.48665e-06,1.85068e-06,1.31423e-06,0
0,1.18705e-06,1.83359e-06,1.8473e-06,1.18559e-06,-1.62425e-07,-2.17727e-06,-4.811e-06,-7.99067e-06,-1.16257e-05,-1.56211e-05,-1.9878e-05,-2.43494e-05,-2.89677e-05,-3.36433e-05,-3.82623e-05,-4.26939e-05,-4.6799e-05,-5.04401e-05,-5.34917e-05,-5.58495e-05,-5.74384e-05,-5.82184e-05,-5.8188e-05,-5.73848e-05,-5.58833e-05,-5.37907e-05,-5.12405e-05,-4.83852e-05,-4.53876e-05,-4.2413e-05,-3.96206e-05,-3.71569e-05,-3.51489e-05,-3.37003e-05,-3.28871e-05,-3.27563e-05,-3.33253e-05,-3.45825e-05,-3.64897e-05,-3.89852e-05,-4.19877e-05,-4.54015e-05,-4.91211e-05,-5.30371e-05,-5.70412e-05,-6.10305e-05,-6.49116e-05,-6.86036e-05,-7.20399e-05,-7.51689e-05,-7.79533e-05,-8.03694e-05,-8.2404e-05,-8.40526e-05,-8.53156e-05,-8.61959e-05,-8.66955e-05,-8.68141e-05,-8.65469e-05,-8.58846e-05,-8.48138e-05,-8.3318e-05,-8.13807e-05,-7.8988e-05,-7.61321e-05,-7.28153e-05,-6.90529e-05,-6.48763e-05,-6.03349e-05,-5.54966e-05,-5.04473e-05,-4.52887e-05,-4.01351e-05,-3.51087e-05,-3.03346e-05,-2.59352e-05,-2.20241e-05,-1.87014e-05,-1.60491e-05,-1.41279e-05,-1.2975e-05,-1.26036e-05,-1.30029e-05,-1.41398e-05,-1.59608e-05,-1.83944e-05,-2.13539e-05,-2.474e-05,-2.8443e-05,-3.23458e-05,-3.63255e-05,-4.02567e-05,-4.40138e-05,-4.74744e-05,-5.05231e-05,-5.30551e-05,-5.49806e-05,-5.62283e-05,-5.67488e-05,-5.65166e-05,-5.55311e-05,-5.38156e-05,-5.14154e-05,-4.8394e-05,-4.48281e-05,-4.08031e-05,-3.64071e-05,-3.17267e-05,-2.68447e-05,-2.18428e-05,-1.68418e-05,-1.20218e-05,-7.61403e-06,-3.86624e-06,-1.00149e-06,8.22099e-07,1.54327e-06,1.21418e-06,0
0,1.24189e-06,1.87087e-06,1.73764e-06,7.7353e-07,-1.03547e-06,-3.64844e-06,-6.9753e-06,-1.08883e-05,-1.52386e-05,-1.9878e-05,-2.46837e-05,-2.95321e-05,-3.43545e-05,-3.90561e-05,-4.35141e-05,-4.75936e-05,-5.11591e-05,-5.40851e-05,-5.62661e-05,-5.76252e-05,-5.81212e-05,-5.77523e-05,-5.65577e-05,-5.46158e-05,-5.20402e-05,-4.89732e-05,-4.55776e-05,-4.20282e-05,-3.85024e-05,-3.51716e-05,-3.2193e-05,-2.97031e-05,-2.78125e-05,-2.66022e-05,-2.61214e-05,-2.63873e-05,-2.73863e-05,-2.90759e-05,-3.13887e-05,-3.42368e-05,-3.75168e-05,-4.11158e-05,-4.49171e-05,-4.88059e-05,-5.26742e-05,-5.64257e-05,-5.99791e-05,-6.32698e-05,-6.62517e-05,-6.88963e-05,-7.11913e-05,-7.3138e-05,-7.47482e-05,-7.60401e-05,-7.70344e-05,-7.77502e-05,-7.82018e-05,-7.83959e-05,-7.83297e-05,-7.79904e-05,-7.73554e-05,-7.63947e-05,-7.50732e-05,-7.33547e-05,-7.12063e-05,-6.86032e-05,-6.5533e-05,-6.20001e-05,-5.80282e-05,-5.3663e-05,-4.89719e-05,-4.4043e-05,-3.89823e-05,-3.39096e-05,-2.89533e-05,-2.42443e-05,-1.99097e-05,-1.60672e-05,-1.28195e-05,-1.02505e-05,-8.42185e-06,-7.3718e-06,-7.11463e-06,-7.64157e-06,-8.92234e-06,-1.09073e-05,-1.35295e-05,-1.67073e-05,-2.0346e-05,-2.434e-05,-2.85743e-05,-3.29266e-05,-3.72694e-05,-4.14723e-05,-4.54061e-05,-4.89457e-05,-5.19753e-05,-5.43924e-05,-5.61124e-05,-5.7072e-05,-5.72319e-05,-5.65777e-05,-5.51196e-05,-5.289e-05,-4.99405e-05,-4.63369e-05,-4.21536e-05,-3.74677e-05,-3.23524e-05,-2.69202e-05,-2.13191e-05,-1.57735e-05,-1.05752e-05,-6.04153e-06,-2.46406e-06,-5.53492e-08,1.09486e-06,1.0441e-06,0
0,1.26131e-06,1.83098e-06,1.49529e-06,1.61551e-07,-2.17899e-06,-5.45102e-06,-9.50741e-06,-1.41519e-05,-1.91678e-05,-2.43494e-05,-2.95321e-05,-3.45693e-05,-3.93212e-05,-4.37598e-05,-4.77569e-05,-5.1183e-05,-5.39168e-05,-5.58552e-05,-5.69221e-05,-5.70764e-05,-5.63159e-05,-5.46806e-05,-5.22508e-05,-4.91442e-05,-4.55092e-05,-4.15174e-05,-3.73538e-05,-3.32073e-05,-2.92612e-05,-2.56844e-05,-2.26239e-05,-2.01988e-05,-1.84963e-05,-1.75693e-05,-1.74361e-05,-1.80812e-05,-1.94586e-05,-2.14948e-05,-2.40949e-05,-2.71475e-05,-3.05312e-05,-3.41209e-05,-3.77943e-05,-4.14371e-05,-4.49484e-05,-4.82442e-05,-5.12604e-05,-5.3954e-05,-5.63028e-05,-5.83041e-05,-5.9972e-05,-6.1334e-05,-6.24261e-05,-6.32887e-05,-6.39612e-05,-6.4478e-05,-6.48643e-05,-6.51328e-05,-6.52822e-05,-6.5296e-05,-6.51437e-05,-6.47819e-05,-6.41583e-05,-6.32157e-05,-6.18969e-05,-6.01506e-05,-5.79365e-05,-5.52308e-05,-5.203e-05,-4.83544e-05,-4.42494e-05,-3.9785e-05,-3.50544e-05,-3.01696e-05,-2.52572e-05,-2.04519e-05,-1.58899e-05,-1.17027e-05,-8.01101e-06,-4.9194e-06,-2.51264e-06,-8.53211e-07,1.98117e-08,9.06115e-08,-6.34467e-07,-2.12862e-06,-4.34655e-06,-7.22641e-06,-1.06915e-05,-1.46519e-05,-1.90052e-05,-2.36384e-05,-2.84288e-05,-3.32461e-05,-3.79549e-05,-4.24183e-05,-4.6502e-05,-5.00786e-05,-5.3033e-05,-5.52666e-05,-5.67015e-05,-5.7283e-05,-5.69812e-05,-5.57905e-05,-5.37284e-05,-5.08318e-05,-4.71522e-05,-4.27467e-05,-3.7667e-05,-3.20048e-05,-2.59579e-05,-1.97898e-05,-1.38516e-05,-8.53544e-06,-4.21123e-06,-1.15851e-06,4.92423e-07,7.96025e-07,0
0,1.23103e-06,1.68633e-06,1.08287e-06,-6.91677e-07,-3.63048e-06,-7.61014e-06,-1.24126e-05,-1.77622e-05,-2.33684e-05,-2.89677e-05,-3.43545e-05,-3.93212e-05,-4.37286e-05,-4.76186e-05,-5.08682e-05,-5.33631e-05,-5.50059e-05,-5.57249e-05,-5.54813e-05,-5.42746e-05,-5.21453e-05,-4.91752e-05,-4.54844e-05,-4.12254e-05,-3.65759e-05,-3.17292e-05,-2.68845e-05,-2.22364e-05,-1.79658e-05,-1.4231e-05,-1.11618e-05,-8.8537e-06,-7.36565e-06,-6.719e-06,-6.89863e-06,-7.85573e-06,-9.51213e-06,-1.17657e-05,-1.44968e-05,-1.75748e-05,-2.08655e-05,-2.42376e-05,-2.7569e-05,-3.07523e-05,-3.36994e-05,-3.63439e-05,-3.86435e-05,-4.05796e-05,-4.21561e-05,-4.33969e-05,-4.43421e-05,-4.50436e-05,-4.55596e-05,-4.59498e-05,-4.62697e-05,-4.65659e-05,-4.68723e-05,-4.72063e-05,-4.75674e-05,-4.7936e-05,-4.82741e-05,-4.85277e-05,-4.86297e-05,-4.85047e-05,-4.80742e-05,-4.72628e-05,-4.60045e-05,-4.42482e-05,-4.19634e-05,-3.9144e-05,-3.58109e-05,-3.20132e-05,-2.78269e-05,-2.3352e-05,-1.87083e-05,-1.40293e-05,-9.45579e-06,-5.12876e-06,-1.18293e-06,2.25934e-06,5.09277e-06,7.23259e-06,8.61648e-06,9.20515e-06,8.98184e-06,7.95095e-06,6.13634e-06,3.57954e-06,3.38145e-07,-3.51542e-06,-7.89482e-06,-1.27005e-05,-1.78203e-05,-2.31307e-05,-2.84986e-05,-3.37833e-05,-3.88404e-05,-4.35261e-05,-4.77014e-05,-5.12377e-05,-5.40214e-05,-5.59581e-05,-5.69757e-05,-5.70265e-05,-5.60876e-05,-5.41607e-05,-5.12704e-05,-4.74644e-05,-4.26599e-05,-3.69769e-05,-3.06573e-05,-2.39949e-05,-1.73947e-05,-1.13241e-05,-6.23779e-06,-2.49319e-06,-2.73208e-07,4.63543e-07,0
0,1.1371e-06,1.41082e-06,4.67066e-07,-1.81936e-06,-5.41435e-06,-1.01328e-05,-1.5674e-05,-2.16752e-05,-2.77706e-05,-3.36433e-05,-3.90561e-05,-4.37598e-05,-4.76186e-05,-5.07508e-05,-5.30504e-05,-5.44286e-05,-5.48216e-05,-5.41967e-05,-5.25579e-05,-4.99488e-05,-4.64535e-05,-4.2194e-05,-3.73261e-05,-3.20317e-05,-2.65104e-05,-2.09695e-05,-1.56138e-05,-1.06352e-05,-6.2043e-06,-2.46226e-06,4.8479e-07,2.56942e-06,3.76441e-06,4.08205e-06,3.57149e-06,2.31431e-06,4.18712e-07,-1.98739e-06,-4.76386e-06,-7.76604e-06,-1.08523e-05,-1.38909e-05,-1.67662e-05,-1.93833e-05,-2.16714e-05,-2.35859e-05,-2.51088e-05,-2.62473e-05,-2.70312e-05,-2.75094e-05,-2.77453e-05,-2.78113e-05,-2.77836e-05,-2.77361e-05,-2.7736e-05,-2.78381e-05,-2.80814e-05,-2.84862e-05,-2.90517e-05,-2.97556e-05,-3.05548e-05,-3.1387e-05,-3.21747e-05,-3.28286e-05,-3.32538e-05,-3.33555e-05,-3.30458e-05,-3.22497e-05,-3.09116e-05,-2.89999e-05,-2.6511e-05,-2.3471e-05,-1.99361e-05,-1.59906e-05,-1.17434e-05,-7.32255e-06,-2.86869e-06,1.47172e-06,5.55371e-06,9.24051e-06,1.24091e-05,1.49549e-05,1.67942e-05,1.7866e-05,1.8132e-05,1.75755e-05,1.62002e-05,1.40282e-05,1.10983e-05,7.46499e-06,3.19718e-06,-1.62185e-06,-6.89481e-06,-1.25107e-05,-1.83453e-05,-2.42627e-05,-3.01175e-05,-3.57576e-05,-4.10291e-05,-4.57803e-05,-4.98674e-05,-5.31593e-05,-5.55425e-05,-5.69249e-05,-5.72391e-05,-5.64446e-05,-5.45289e-05,-5.15098e-05,-4.71985e-05,-4.17061e-05,-3.53013e-05,-2.82955e-05,-2.11379e-05,-1.4367e-05,-8.52516e-06,-4.0556e-06,-1.20531e-06,4.29259e-08,0
0,9.67275e-07,9.82529e-07,-3.77575e-07,-3.24227e-06,-7.53762e-06,-1.30043e-05,-1.92497e-05,-2.58207e-05,-3.22789e-05,-3.82623e-05,-4.35141e-05,-4.77569e-05,-5.08682e-05,-5.30504e-05,-5.42243e-05,-5.43363e-05,-5.33635e-05,-5.1318e-05,-4.82499e-05,-4.42482e-05,-3.94384e-05,-3.39795e-05,-2.80568e-05,-2.18745e-05,-1.56461e-05,-9.58413e-06,-3.8906e-06,1.25287e-06,5.69318e-06,9.31236e-06,1.20322e-05,1.38168e-05,1.46722e-05,1.46448e-05,1.38168e-05,1.23002e-05,1.02299e-05,7.75506e-06,5.03103e-06,2.21071e-06,-5.63113e-07,-3.16454e-06,-5.49002e-06,-7.46217e-06,-9.03201e-06,-1.01794e-05,-1.09118e-05,-1.1262e-05,-1.12839e-05,-1.10481e-05,-1.06366e-05,-1.01369e-05,-9.63678e-06,-9.21893e-06,-8.95584e-06,-8.90574e-06,-9.10915e-06,-9.58628e-06,-1.03354e-05,-1.13325e-05,-1.25314e-05,-1.3866e-05,-1.52528e-05,-1.65948e-05,-1.77866e-05,-1.87204e-05,-1.92919e-05,-1.94072e-05,-1.89891e-05,-1.79829e-05,-1.6361e-05,-1.41263e-05,-1.13132e-05,-7.9872e-06,-4.24253e-06,-1.97279e-07,4.01232e-06,8.2389e-06,1.23314e-05,1.61423e-05,1.95343e-05,2.23856e-05,2.45938e-05,2.60786e-05,2.67823e-05,2.66694e-05,2.57257e-05,2.39557e-05,2.13814e-05,1.80403e-05,1.39844e-05,9.27957e-06,4.00583e-06,-1.74244e-06,-7.85605e-06,-1.42111e-05,-2.06695e-05,-2.7081e-05,-3.32857e-05,-3.91179e-05,-4.44112e-05,-4.90036e-05,-5.27436e-05,-5.54957e-05,-5.71457e-05,-5.76063e-05,-5.68206e-05,-5.47663e-05,-5.11506e-05,-4.60564e-05,-3.97629e-05,-3.25834e-05,-2.49976e-05,-1.76071e-05,-1.10399e-05,-5.8305e-06,-2.29967e-06,-4.65941e-07,0
0,7.12323e-07,3.8612e-07,-1.46554e-06,-4.9654e-06,-9.98707e-06,-1.61864e-05,-2.3073e-05,-3.01042e-05,-3.67764e-05,-4.26939e-05,-4.75936e-05,-5.1183e-05,-5.33631e-05,-5.44286e-05,-5.43363e-05,-5.30749e-05,-5.06678e-05,-4.71755e-05,-4.26951e-05,-3.73588e-05,-3.13303e-05,-2.47991e-05,-1.79732e-05,-1.10708e-05,-4.31044e-06,2.09833e-06,7.96431e-06,1.31233e-05,1.74454e-05,2.08402e-05,2.32604e-05,2.4703e-05,2.52076e-05,2.48533e-05,2.37527e-05,2.20446e-05,1.98858e-05,1.74413e-05,1.48754e-05,1.23429e-05,9.98136e-06,7.90472e-06,6.19898e-06,4.91953e-06,4.09055e-06,3.70619e-06,3.73333e-06,4.11562e-06,4.77847e-06,5.63449e-06,6.58922e-06,7.5467e-06,8.41463e-06,9.10908e-06,9.55842e-06,9.70669e-06,9.51609e-06,8.96887e-06,8.06843e-06,6.8397e-06,5.32866e-06,3.60117e-06,1.74073e-06,-1.54642e-07,-1.97648e-06,-3.6109e-06,-4.94435e-06,-5.86996e-06,-6.29395e-06,-6.14194e-06,-5.36441e-06,-3.94109e-06,-1.88368e-06,7.63363e-07,3.92404e-06,7.49413e-06,1.13464e-05,1.53369e-05,1.93128e-05,2.312e-05,2.66101e-05,2.96476e-05,3.21141e-05,3.39126e-05,3.49687e-05,3.5231e-05,3.467e-05,3.32759e-05,3.10566e-05,2.80354e-05,2.42488e-05,1.97466e-05,1.45907e-05,8.85663e-06,2.63439e-06,-3.97018e-06,-1.08344e-05,-1.78186e-05,-2.4767e-05,-3.151e-05,-3.78679e-05,-4.36559e-05,-4.86907e-05,-5.27967e-05,-5.58143e-05,-5.76071e-05,-5.80692e-05,-5.7132e-05,-5.4393e-05,-4.98944e-05,-4.39106e-05,-3.67396e-05,-2.88758e-05,-2.09712e-05,-1.37339e-05,-7.79049e-06,-3.54364e-06,-1.05891e-06,0
0,3.67058e-07,-3.85207e-07,-2.798e-06,-6.97589e-06,-1.27281e-05,-1.96175e-05,-2.70543e-05,-3.44117e-05,-4.11315e-05,-4.6799e-05,-5.11591e-05,-5.39168e-05,-5.50059e-05,-5.48216e-05,-5.33635e-05,-5.06678e-05,-4.68079e-05,-4.18926e-05,-3.60645e-05,-2.9495e-05,-2.23799e-05,-1.49321e-05,-7.37376e-06,7.18504e-08,7.18948e-06,1.37806e-05,1.96718e-05,2.47219e-05,2.88285e-05,3.19316e-05,3.4016e-05,3.51114e-05,3.52895e-05,3.46591e-05,3.33593e-05,3.1551e-05,2.9407e-05,2.71021e-05,2.48029e-05,2.26596e-05,2.0798e-05,1.93147e-05,1.82732e-05,1.77036e-05,1.76033e-05,1.79401e-05,1.86568e-05,1.96766e-05,2.09089e-05,2.22557e-05,2.3617e-05,2.48962e-05,2.60042e-05,2.68634e-05,2.74098e-05,2.75952e-05,2.73888e-05,2.67777e-05,2.57676e-05,2.43829e-05,2.26664e-05,2.0679e-05,1.84978e-05,1.6215e-05,1.39343e-05,1.17677e-05,9.83048e-06,8.23571e-06,7.08795e-06,6.4769e-06,6.47117e-06,7.11287e-06,8.41342e-06,1.03512e-05,1.28711e-05,1.58865e-05,1.92833e-05,2.29255e-05,2.66626e-05,3.03377e-05,3.37952e-05,3.68887e-05,3.94872e-05,4.14795e-05,4.27773e-05,4.33161e-05,4.30544e-05,4.19716e-05,4.00652e-05,3.73477e-05,3.38439e-05,2.95894e-05,2.46299e-05,1.90215e-05,1.28328e-05,6.14731e-06,-9.33989e-07,-8.29027e-06,-1.57795e-05,-2.32384e-05,-3.04848e-05,-3.73209e-05,-4.35398e-05,-4.89325e-05,-5.32976e-05,-5.64508e-05,-5.8235e-05,-5.85313e-05,-5.68215e-05,-5.30977e-05,-4.76156e-05,-4.0641e-05,-3.26647e-05,-2.43735e-05,-1.65453e-05,-9.8963e-06,-4.91588e-06,-1.7273e-06,0
0,-6.88927e-08,-1.32847e-06,-4.36163e-06,-9.24249e-06,-1.57056e-05,-2.32157e-05,-3.10864e-05,-3.86161e-05,-4.52065e-05,-5.04401e-05,-5.40851e-05,-5.58552e-05,-5.57249e-05,-5.41967e-05,-5.1318e-05,-4.71755e-05,-4.18926e-05,-3.5625e-05,-2.8556e-05,-2.08905e-05,-1.28486e-05,-4.65775e-06,3.45422e-06,1.12677e-05,1.85786e-05,2.52067e-05,3.10016e-05,3.58497e-05,3.96784e-05,4.24591e-05,4.42085e-05,4.49871e-05,4.48955e-05,4.40684e-05,4.26665e-05,4.08669e-05,3.88523e-05,3.68003e-05,3.48738e-05,3.32117e-05,3.19226e-05,3.10805e-05,3.07229e-05,3.08522e-05,3.14382e-05,3.24236e-05,3.37297e-05,3.52633e-05,3.69238e-05,3.86092e-05,4.02215e-05,4.16712e-05,4.28807e-05,4.37853e-05,4.43355e-05,4.44961e-05,4.4247e-05,4.35824e-05,4.25104e-05,4.10536e-05,3.92484e-05,3.71458e-05,3.48109e-05,3.23226e-05,2.97724e-05,2.72627e-05,2.49026e-05,2.28043e-05,2.10772e-05,1.98213e-05,1.9121e-05,1.90383e-05,1.96074e-05,2.08305e-05,2.26758e-05,2.50774e-05,2.79378e-05,3.11332e-05,3.45194e-05,3.79403e-05,4.12368e-05,4.42547e-05,4.68525e-05,4.89079e-05,5.0321e-05,5.10171e-05,5.09458e-05,5.00792e-05,4.84085e-05,4.59397e-05,4.26902e-05,3.86857e-05,3.39582e-05,2.85464e-05,2.24976e-05,1.58705e-05,8.74018e-06,1.2018e-06,-6.6249e-06,-1.45933e-05,-2.25293e-05,-3.02332e-05,-3.74848e-05,-4.40505e-05,-4.96934e-05,-5.41852e-05,-5.73189e-05,-5.89228e-05,-5.83592e-05,-5.55632e-05,-5.07602e-05,-4.41675e-05,-3.62529e-05,-2.77198e-05,-1.94018e-05,-1.20983e-05,-6.38698e-06,-2.458e-06,0
0,-5.90716e-07,-2.43041e-06,-6.12847e-06,-1.17165e-05,-1.88461e-05,-2.68829e-05,-3.50503e-05,-4.25853e-05,-4.88669e-05,-5.34917e-05,-5.62661e-05,-5.69221e-05,-5.54813e-05,-5.25579e-05,-4.82499e-05,-4.26951e-05,-3.60645e-05,-2.8556e-05,-2.03876e-05,-1.17897e-05,-2.99768e-06,5.7549e-06,1.42439e-05,2.22611e-05,2.9621e-05,3.61666e-05,4.17752e-05,4.63626e-05,4.98871e-05,5.23509e-05,5.38004e-05,5.43239e-05,5.40469e-05,5.31249e-05,5.17346e-05,5.00628e-05,4.8296e-05,4.66085e-05,4.51526e-05,4.40506e-05,4.33888e-05,4.32149e-05,4.3538e-05,4.43316e-05,4.55387e-05,4.70786e-05,4.88551e-05,5.07636e-05,5.26996e-05,5.45638e-05,5.62679e-05,5.77369e-05,5.89113e-05,5.97467e-05,6.02131e-05,6.02928e-05,5.99796e-05,5.92759e-05,5.81929e-05,5.67493e-05,5.49725e-05,5.28992e-05,5.05767e-05,4.80645e-05,4.54351e-05,4.27735e-05,4.0176e-05,3.7747e-05,3.55947e-05,3.38246e-05,3.25331e-05,3.17999e-05,3.16811e-05,3.22034e-05,3.33596e-05,3.5107e-05,3.73684e-05,4.0035e-05,4.29728e-05,4.60302e-05,4.9047e-05,5.1864e-05,5.4332e-05,5.6319e-05,5.77162e-05,5.84407e-05,5.84359e-05,5.767e-05,5.61317e-05,5.38255e-05,5.07661e-05,4.69741e-05,4.24725e-05,3.72864e-05,3.14434e-05,2.4978e-05,1.79366e-05,1.03845e-05,2.4118e-06,-5.86033e-06,-1.42766e-05,-2.26469e-05,-3.07489e-05,-3.83349e-05,-4.51413e-05,-5.09023e-05,-5.53649e-05,-5.83052e-05,-5.8964e-05,-5.72155e-05,-5.32462e-05,-4.72097e-05,-3.9532e-05,-3.09128e-05,-2.22244e-05,-1.43387e-05,-7.92068e-06,-3.23396e-06,0
0,-1.18846e-06,-3.66788e-06,-8.05717e-06,-1.43343e-05,-2.20625e-05,-3.05107e-05,-3.8823e-05,-4.61915e-05,-5.19909e-05,-5.58495e-05,-5.76252e-05,-5.70764e-05,-5.42746e-05,-4.99488e-05,-4.42482e-05,-3.73588e-05,-2.9495e-05,-2.08905e-05,-1.17897e-05,-2.4392e-06,6.91902e-06,1.60548e-05,2.47557e-05,3.28322e-05,4.01225e-05,4.64972e-05,5.1863e-05,5.61662e-05,5.93947e-05,6.15796e-05,6.27939e-05,6.31493e-05,6.27911e-05,6.18901e-05,6.0633e-05,5.92106e-05,5.78067e-05,5.65862e-05,5.56857e-05,5.52062e-05,5.52078e-05,5.57096e-05,5.66909e-05,5.80967e-05,5.9845e-05,6.18349e-05,6.39569e-05,6.61007e-05,6.81634e-05,7.00556e-05,7.17046e-05,7.30567e-05,7.40762e-05,7.47441e-05,7.5054e-05,7.50094e-05,7.46193e-05,7.38959e-05,7.28525e-05,7.1503e-05,6.98627e-05,6.79505e-05,6.57916e-05,6.34209e-05,6.08857e-05,5.8248e-05,5.55848e-05,5.29873e-05,5.05569e-05,4.84002e-05,4.66222e-05,4.53177e-05,4.45637e-05,4.44108e-05,4.48779e-05,4.59474e-05,4.75645e-05,4.96386e-05,5.20486e-05,5.465e-05,5.72844e-05,5.97898e-05,6.20106e-05,6.3807e-05,6.50624e-05,6.56873e-05,6.56213e-05,6.48312e-05,6.33069e-05,6.10554e-05,5.80941e-05,5.4444e-05,5.0125e-05,4.51532e-05,3.95409e-05,3.33003e-05,2.64499e-05,1.9022e-05,1.10728e-05,2.69015e-06,-5.99896e-06,-1.48248e-05,-2.35749e-05,-3.19988e-05,-3.98171e-05,-4.67353e-05,-5.24602e-05,-5.67194e-05,-5.86326e-05,-5.80126e-05,-5.50015e-05,-4.96765e-05,-4.24035e-05,-3.3858e-05,-2.49316e-05,-1.65553e-05,-9.47582e-06,-4.03506e-06,0
0,-1.84747e-06,-5.00897e-06,-1.00952e-05,-1.70209e-05,-2.52586e-05,-3.39872e-05,-4.22854e-05,-4.9319e-05,-5.44778e-05,-5.74384e-05,-5.81212e-05,-5.63159e-05,-5.21453e-05,-4.64535e-05,-3.94384e-05,-3.13303e-05,-2.23799e-05,-1.28486e-05,-2.99768e-06,6.91902e-06,1.66627e-05,2.60149e-05,3.4782e-05,4.27987e-05,4.99309e-05,5.60788e-05,6.11791e-05,6.52072e-05,6.81787e-05,7.01499e-05,7.12158e-05,7.15069e-05,7.11829e-05,7.04243e-05,6.94216e-05,6.83641e-05,6.74271e-05,6.67615e-05,6.64838e-05,6.66699e-05,6.7352e-05,6.85192e-05,7.01215e-05,7.20772e-05,7.42816e-05,7.66181e-05,7.89683e-05,8.12214e-05,8.3282e-05,8.50755e-05,8.65506e-05,8.76791e-05,8.84536e-05,8.88833e-05,8.89883e-05,8.87944e-05,8.83272e-05,8.76084e-05,8.66528e-05,8.5468e-05,8.40554e-05,8.24134e-05,8.05417e-05,7.84469e-05,7.61472e-05,7.36771e-05,7.109e-05,6.8459e-05,6.58749e-05,6.34417e-05,6.12697e-05,5.94669e-05,5.81294e-05,5.73318e-05,5.7119e-05,5.74998e-05,5.84434e-05,5.98795e-05,6.17022e-05,6.37762e-05,6.59465e-05,6.80496e-05,6.99248e-05,7.14255e-05,7.24275e-05,7.2836e-05,7.25875e-05,7.16494e-05,7.00157e-05,6.76998e-05,6.47265e-05,6.11232e-05,5.69126e-05,5.2108e-05,4.67122e-05,4.07195e-05,3.41224e-05,2.69211e-05,1.91345e-05,1.08123e-05,2.04508e-06,-7.02775e-06,-1.6215e-05,-2.52756e-05,-3.39259e-05,-4.18529e-05,-4.87321e-05,-5.42482e-05,-5.74027e-05,-5.79501e-05,-5.59856e-05,-5.15007e-05,-4.4785e-05,-3.64697e-05,-2.74449e-05,-1.86845e-05,-1.10087e-05,-4.83921e-06,0
0,-2.54924e-06,-6.41492e-06,-1.21819e-05,-1.96945e-05,-2.83358e-05,-3.72044e-05,-4.53303e-05,-5.18729e-05,-5.62559e-05,-5.82184e-05,-5.77523e-05,-5.46806e-05,-4.91752e-05,-4.2194e-05,-3.39795e-05,-2.47991e-05,-1.49321e-05,-4.65775e-06,5.7549e-06,1.60548e-05,2.60149e-05,3.54358e-05,4.41484e-05,5.20154e-05,5.89328e-05,6.48304e-05,6.96735e-05,7.34643e-05,7.62424e-05,7.80846e-05,7.91032e-05,7.94422e-05,7.927e-05,7.87711e-05,7.8135e-05,7.75438e-05,7.71604e-05,7.71175e-05,7.75085e-05,7.8383e-05,7.97441e-05,8.15518e-05,8.37285e-05,8.61685e-05,8.87486e-05,9.13406e-05,9.38219e-05,9.60859e-05,9.80493e-05,9.96564e-05,0.00010088,0.000101721,0.000102201,0.000102359,0.000102243,0.000101899,0.000101369,0.000100685,9.9861e-05,9.88974e-05,9.77803e-05,9.64863e-05,9.49879e-05,9.32615e-05,9.1294e-05,8.90899e-05,8.66766e-05,8.41064e-05,8.14568e-05,7.88267e-05,7.63295e-05,7.40845e-05,7.22058e-05,7.07911e-05,6.99112e-05,6.96017e-05,6.98566e-05,7.06272e-05,7.18237e-05,7.33213e-05,7.49697e-05,7.66043e-05,7.806e-05,7.91828e-05,7.98414e-05,7.99351e-05,7.93978e-05,7.81986e-05,7.63372e-05,7.38364e-05,7.07327e-05,6.70652e-05,6.28659e-05,5.81524e-05,5.29243e-05,4.71643e-05,4.08435e-05,3.39321e-05,2.6412e-05,1.82913e-05,9.61875e-06,4.9478e-07,-8.92105e-06,-1.84086e-05,-2.76923e-05,-3.64523e-05,-4.43425e-05,-5.10127e-05,-5.5352e-05,-5.70621e-05,-5.61929e-05,-5.2644e-05,-4.66158e-05,-3.86762e-05,-2.96933e-05,-2.06657e-05,-1.24757e-05,-5.62367e-06,0
0,-3.27254e-06,-7.84248e-06,-1.42527e-05,-2.22723e-05,-3.11991e-05,-4.00648e-05,-4.78692e-05,-5.37848e-05,-5.72866e-05,-5.8188e-05,-5.65577e-05,-5.22508e-05,-4.54844e-05,-3.73261e-05,-2.80568e-05,-1.79732e-05,-7.37376e-06,3.45422e-06,1.42439e-05,2.47557e-05,3.4782e-05,4.41484e-05,5.27143e-05,6.03729e-05,6.70497e-05,7.27031e-05,7.73245e-05,8.09386e-05,8.36043e-05,8.54141e-05,8.64924e-05,8.69907e-05,8.70812e-05,8.69475e-05,8.6773e-05,8.6729e-05,8.69625e-05,8.75858e-05,8.86681e-05,9.02322e-05,9.22537e-05,9.46656e-05,9.7366e-05,0.000100229,0.000103118,0.000105897,0.000108444,0.00011066,0.000112477,0.00011386,0.000114809,0.00011535,0.000115536,0.000115434,0.000115116,0.000114649,0.00011409,0.000113476,0.000112822,0.00011212,0.000111339,0.000110434,0.000109352,0.000108036,0.000106444,0.00010455,0.000102354,9.98874e-05,9.72139e-05,9.44259e-05,9.1639e-05,8.89825e-05,8.65875e-05,8.45741e-05,8.30385e-05,8.20423e-05,8.16048e-05,8.16986e-05,8.22504e-05,8.31462e-05,8.42401e-05,8.53669e-05,8.6356e-05,8.70458e-05,8.72967e-05,8.70013e-05,8.60905e-05,8.45344e-05,8.23396e-05,7.95404e-05,7.61883e-05,7.23388e-05,6.80394e-05,6.33191e-05,5.81817e-05,5.26054e-05,4.65464e-05,3.99493e-05,3.27613e-05,2.49485e-05,1.65141e-05,7.51345e-06,-1.93453e-06,-1.16415e-05,-2.13514e-05,-3.07499e-05,-3.94805e-05,-4.71675e-05,-5.25949e-05,-5.54202e-05,-5.56535e-05,-5.30998e-05,-4.78607e-05,-4.04246e-05,-3.16179e-05,-2.24445e-05,-1.38357e-05,-6.36639e-06,0
0,-3.99475e-06,-9.24673e-06,-1.62427e-05,-2.46748e-05,-3.37635e-05,-4.24883e-05,-4.98381e-05,-5.50178e-05,-5.75678e-05,-5.73848e-05,-5.46158e-05,-4.91442e-05,-4.12254e-05,-3.20317e-05,-2.18745e-05,-1.10708e-05,7.18504e-08,1.12677e-05,2.22611e-05,3.28322e-05,4.27987e-05,5.20154e-05,6.03729e-05,6.77942e-05,7.42338e-05,7.96752e-05,8.41317e-05,8.76458e-05,9.02906e-05,9.21688e-05,9.34109e-05,9.41714e-05,9.46213e-05,9.49386e-05,9.52975e-05,9.58555e-05,9.6742e-05,9.80478e-05,9.9819e-05,0.000102053,0.000104701,0.000107673,0.000110848,0.000114084,0.000117235,0.000120164,0.000122752,0.00012491,0.000126587,0.000127769,0.000128478,0.000128768,0.000128717,0.000128415,0.000127956,0.000127425,0.000126888,0.000126388,0.000125937,0.000125517,0.000125085,0.000124572,0.0001239,0.000122985,0.000121753,0.000120152,0.000118157,0.00011578,0.00011307,0.000110116,0.000107034,0.000103965,0.000101055,9.84468e-05,9.62606e-05,9.45834e-05,9.34583e-05,9.28784e-05,9.27862e-05,9.30775e-05,9.361e-05,9.42166e-05,9.47202e-05,9.49502e-05,9.47572e-05,9.40253e-05,9.26807e-05,9.06942e-05,8.80786e-05,8.48808e-05,8.11696e-05,7.70212e-05,7.25037e-05,6.76643e-05,6.2519e-05,5.70493e-05,5.12041e-05,4.49088e-05,3.808e-05,3.06441e-05,2.25576e-05,1.38264e-05,4.52224e-06,-5.2077e-06,-1.51381e-05,-2.49715e-05,-3.4353e-05,-4.2892e-05,-4.92762e-05,-5.313e-05,-5.44315e-05,-5.28932e-05,-4.8512e-05,-4.16837e-05,-3.3175e-05,-2.39765e-05,-1.50531e-05,-7.04734e-06,0
0,-4.69332e-06,-1.05839e-05,-1.80914e-05,-2.68319e-05,-3.59588e-05,-4.44164e-05,-5.12016e-05,-5.55682e-05,-5.7134e-05,-5.58833e-05,-5.20402e-05,-4.55092e-05,-3.65759e-05,-2.65104e-05,-1.56461e-05,-4.31044e-06,7.18948e-06,1.85786e-05,2.9621e-05,4.01225e-05,4.99309e-05,5.89328e-05,6.70497e-05,7.42338e-05,8.04646e-05,8.57472e-05,9.01114e-05,9.36121e-05,9.63308e-05,9.83746e-05,9.98756e-05,0.000100986,0.000101871,0.000102701,0.000103637,0.000104821,0.000106367,0.000108343,0.000110775,0.00011364,0.000116868,0.000120352,0.000123956,0.000127532,0.000130927,0.000134007,0.000136658,0.000138805,0.00014041,0.000141477,0.000142049,0.000142199,0.000142026,0.000141637,0.000141142,0.000140635,0.000140192,0.000139855,0.000139635,0.000139505,0.000139405,0.000139249,0.000138935,0.000138356,0.000137412,0.000136027,0.000134154,0.00013179,0.000128975,0.000125793,0.000122366,0.000118846,0.000115395,0.000112177,0.000109336,0.000106982,0.00010518,0.000103942,0.000103225,0.00010293,0.000102919,0.000103019,0.000103046,0.000102817,0.000102171,0.000100982,9.91697e-05,9.67029e-05,9.36e-05,8.99205e-05,8.57521e-05,8.11942e-05,7.63406e-05,7.12625e-05,6.59959e-05,6.05336e-05,5.48257e-05,4.87862e-05,4.23073e-05,3.52794e-05,2.76138e-05,1.92655e-05,1.02541e-05,6.78345e-07,-9.27678e-06,-1.93419e-05,-2.9175e-05,-3.83821e-05,-4.55642e-05,-5.03249e-05,-5.26218e-05,-5.20801e-05,-4.85901e-05,-4.2446e-05,-3.43394e-05,-2.52294e-05,-1.60993e-05,-7.64968e-06,0
0,-5.34714e-06,-1.18142e-05,-1.97459e-05,-2.86865e-05,-3.77344e-05,-4.58163e-05,-5.19545e-05,-5.54661e-05,-5.60538e-05,-5.37907e-05,-4.89732e-05,-4.15174e-05,-3.17292e-05,-2.09695e-05,-9.58413e-06,2.09833e-06,1.37806e-05,2.52067e-05,3.61666e-05,4.64972e-05,5.60788e-05,6.48304e-05,7.27031e-05,7.96752e-05,8.57472e-05,9.09401e-05,9.52945e-05,9.8872e-05,0.000101757,0.000104055,0.000105894,0.000107421,0.000108793,0.000110167,0.000111693,0.000113497,0.000115676,0.000118281,0.000121323,0.00012476,0.000128511,0.000132458,0.000136458,0.000140359,0.000144013,0.000147287,0.000150077,0.000152318,0.000153984,0.000155091,0.000155695,0.000155882,0.000155761,0.00015545,0.000155063,0.000154703,0.000154445,0.000154332,0.000154368,0.000154517,0.000154708,0.000154839,0.000154789,0.000154431,0.000153645,0.000152338,0.000150447,0.00014796,0.000144911,0.000141388,0.000137519,0.000133469,0.000129421,0.000125557,0.000122043,0.000119013,0.000116549,0.00011468,0.00011337,0.000112529,0.000112013,0.000111645,0.000111229,0.000110568,0.000109487,0.000107846,0.000105556,0.000102582,9.89471e-05,9.47216e-05,9.00126e-05,8.49451e-05,7.96419e-05,7.42039e-05,6.86936e-05,6.31237e-05,5.74538e-05,5.1595e-05,4.54229e-05,3.87978e-05,3.15891e-05,2.37015e-05,1.51002e-05,5.82998e-06,-3.97208e-06,-1.40745e-05,-2.41593e-05,-3.38401e-05,-4.16412e-05,-4.71593e-05,-5.03445e-05,-5.07434e-05,-4.81419e-05,-4.27275e-05,-3.51047e-05,-2.61853e-05,-1.69545e-05,-8.16071e-06,0
0,-5.93785e-06,-1.29041e-05,-2.11646e-05,-3.01981e-05,-3.90622e-05,-4.66824e-05,-5.21224e-05,-5.4773e-05,-5.44259e-05,-5.12405e-05,-4.55776e-05,-3.73538e-05,-2.68845e-05,-1.56138e-05,-3.8906e-06,7.96431e-06,1.96718e-05,3.10016e-05,4.17752e-05,5.1863e-05,6.11791e-05,6.96735e-05,7.73245e-05,8.41317e-05,9.01114e-05,9.52945e-05,9.97266e-05,0.00010347,0.000106604,0.000109231,0.00011147,0.000113458,0.000115339,0.00011726,0.000119355,0.00012174,0.000124495,0.000127661,0.000131236,0.000135172,0.000139381,0.000143743,0.000148118,0.000152357,0.000156317,0.000159875,0.000162934,0.000165436,0.000167361,0.000168731,0.000169604,0.000170069,0.000170232,0.000170211,0.000170121,0.000170059,0.000170098,0.000170276,0.000170591,0.000171,0.00017142,0.000171737,0.000171818,0.00017152,0.000170713,0.00016929,0.000167184,0.000164378,0.000160911,0.000156878,0.000152421,0.000147723,0.000142987,0.000138417,0.0001342,0.000130487,0.000127379,0.000124913,0.000123059,0.000121727,0.000120767,0.000119992,0.000119189,0.000118147,0.00011667,0.000114604,0.000111848,0.000108362,0.000104169,9.93513e-05,9.40342e-05,8.83692e-05,8.25107e-05,7.65939e-05,7.07139e-05,6.49107e-05,5.91621e-05,5.33851e-05,4.74472e-05,4.11857e-05,3.44335e-05,2.70479e-05,1.89392e-05,1.00956e-05,6.00058e-07,-9.36197e-06,-1.95062e-05,-2.94645e-05,-3.76946e-05,-4.38001e-05,-4.77384e-05,-4.89885e-05,-4.72383e-05,-4.2567e-05,-3.54843e-05,-2.68407e-05,-1.76088e-05,-8.57253e-06,0
0,-6.45086e-06,-1.38284e-05,-2.23192e-05,-3.13451e-05,-3.99374e-05,-4.70361e-05,-5.17592e-05,-5.35781e-05,-5.23736e-05,-4.83852e-05,-4.20282e-05,-3.32073e-05,-2.22364e-05,-1.06352e-05,1.25287e-06,1.31233e-05,2.47219e-05,3.58497e-05,4.63626e-05,5.61662e-05,6.52072e-05,7.34643e-05,8.09386e-05,8.76458e-05,9.36121e-05,9.8872e-05,0.00010347,0.000107461,0.000110919,0.000113933,0.000116612,0.000119077,0.000121463,0.000123901,0.000126515,0.000129408,0.000132653,0.000136285,0.000140297,0.000144644,0.000149241,0.000153976,0.00015872,0.000163333,0.000167686,0.000171663,0.000175175,0.000178165,0.000180614,0.000182536,0.00018398,0.000185021,0.000185756,0.000186288,0.000186719,0.000187137,0.000187604,0.000188152,0.00018877,0.000189409,0.00018998,0.000190359,0.000190405,0.00018997,0.000188916,0.000187135,0.000184562,0.000181187,0.000177061,0.000172297,0.000167059,0.000161552,0.000156004,0.000150642,0.000145674,0.000141267,0.000137532,0.00013451,0.000132173,0.000130421,0.000129096,0.000127992,0.00012688,0.000125524,0.000123711,0.000121267,0.000118075,0.000114088,0.00010933,0.00010389,9.79115e-05,9.15736e-05,8.50638e-05,7.85546e-05,7.21789e-05,6.60109e-05,6.00545e-05,5.42415e-05,4.84401e-05,4.24728e-05,3.61427e-05,2.92641e-05,2.16947e-05,1.33648e-05,4.29967e-06,-5.36743e-06,-1.53943e-05,-2.54411e-05,-3.39075e-05,-4.04181e-05,-4.49532e-05,-4.69374e-05,-4.59692e-05,-4.20233e-05,-3.55096e-05,-2.72074e-05,-1.80626e-05,-8.88236e-06,0
0,-6.8761e-06,-1.45713e-05,-2.31961e-05,-3.21257e-05,-4.0379e-05,-4.69247e-05,-5.09443e-05,-5.19931e-05,-5.00372e-05,-4.53876e-05,-3.85024e-05,-2.92612e-05,-1.79658e-05,-6.2043e-06,5.69318e-06,1.74454e-05,2.88285e-05,3.96784e-05,4.98871e-05,5.93947e-05,6.81787e-05,7.62424e-05,8.36043e-05,9.02906e-05,9.63308e-05,0.000101757,0.000106604,0.000110919,0.00011476,0.000118201,0.000121336,0.000124272,0.000127128,0.000130026,0.000133077,0.000136378,0.00014,0.000143979,0.000148316,0.000152974,0.000157887,0.000162959,0.000168081,0.000173133,0.000178001,0.000182578,0.000186781,0.000190547,0.000193845,0.00019667,0.000199047,0.000201025,0.00020267,0.000204059,0.000205272,0.000206377,0.000207423,0.00020843,0.000209379,0.000210217,0.000210847,0.000211146,0.000210968,0.000210165,0.000208601,0.000206175,0.000202834,0.000198587,0.00019351,0.000187742,0.00018148,0.000174962,0.000168444,0.00016218,0.000156396,0.000151272,0.000146925,0.000143394,0.000140643,0.000138558,0.000136961,0.000135625,0.000134295,0.000132711,0.000130636,0.000127874,0.000124291,0.00011983,0.000114512,0.000108433,0.000101755,9.46807e-05,8.74336e-05,8.02256e-05,7.32315e-05,6.65652e-05,6.02642e-05,5.42834e-05,4.85004e-05,4.27317e-05,3.67581e-05,3.0357e-05,2.33372e-05,1.55724e-05,7.02856e-06,-2.21774e-06,-1.1973e-05,-2.19336e-05,-3.04499e-05,-3.71798e-05,-4.21422e-05,-4.47217e-05,-4.44395e-05,-4.11716e-05,-3.52283e-05,-2.73105e-05,-1.83259e-05,-9.09257e-06,0
0,-7.2084e-06,-1.51269e-05,-2.37966e-05,-3.25569e-05,-4.04277e-05,-4.64175e-05,-4.97774e-05,-5.01456e-05,-4.75671e-05,-4.2413e-05,-3.51716e-05,-2.56844e-05,-1.4231e-05,-2.46226e-06,9.31236e-06,2.08402e-05,3.19316e-05,4.24591e-05,5.23509e-05,6.15796e-05,7.01499e-05,7.80846e-05,8.54141e-05,9.21688e-05,9.83746e-05,0.000104055,0.000109231,0.000113933,0.000118201,0.000122091,0.000125678,0.000129053,0.000132321,0.000135592,0.000138972,0.000142557,0.00014642,0.000150608,0.000155141,0.000160005,0.00016516,0.000170543,0.000176071,0.000181653,0.000187192,0.000192596,0.000197778,0.000202663,0.000207195,0.000211335,0.000215066,0.000218391,0.000221332,0.000223925,0.000226215,0.000228241,0.000230034,0.0002316,0.000232914,0.000233917,0.000234513,0.000234578,0.000233968,0.000232541,0.000230171,0.000226774,0.000222319,0.000216848,0.000210473,0.000203377,0.000195802,0.000188026,0.000180344,0.000173038,0.000166354,0.000160482,0.000155536,0.000151547,0.000148459,0.000146137,0.000144374,0.000142914,0.000141472,0.000139758,0.000137507,0.000134498,0.00013058,0.000125681,0.00011982,0.000113097,0.00010569,9.7828e-05,8.97681e-05,8.17637e-05,7.40341e-05,6.67379e-05,5.99521e-05,5.36623e-05,4.77641e-05,4.20764e-05,3.63663e-05,3.03812e-05,2.38864e-05,1.67017e-05,8.73425e-06,1.80141e-09,-9.35552e-06,-1.90774e-05,-2.74709e-05,-3.42392e-05,-3.94544e-05,-4.24764e-05,-4.27624e-05,-4.00994e-05,-3.47014e-05,-2.71875e-05,-1.8418e-05,-9.21032e-06,0
0,-7.44757e-06,-1.54997e-05,-2.41366e-05,-3.26736e-05,-4.01433e-05,-4.56021e-05,-4.8373e-05,-4.81728e-05,-4.51157e-05,-3.96206e-05,-3.2193e-05,-2.26239e-05,-1.11618e-05,4.8479e-07,1.20322e-05,2.32604e-05,3.4016e-05,4.42085e-05,5.38004e-05,6.27939e-05,7.12158e-05,7.91032e-05,8.64924e-05,9.34109e-05,9.98756e-05,0.000105894,0.00011147,0.000116612,0.000121336,0.000125678,0.000129692,0.000133453,0.000137051,0.000140588,0.000144168,0.00014789,0.000151841,0.000156089,0.000160682,0.000165641,0.000170969,0.000176643,0.000182623,0.00018885,0.000195254,0.000201751,0.000208248,0.000214649,0.000220856,0.000226779,0.000232339,0.000237473,0.000242142,0.000246323,0.000250014,0.000253221,0.000255947,0.000258186,0.000259906,0.000261046,0.000261511,0.000261181,0.000259918,0.000257592,0.000254093,0.000249361,0.000243403,0.000236306,0.000228235,0.000219434,0.000210205,0.000200881,0.000191803,0.000183287,0.0001756,0.000168936,0.000163399,0.000159002,0.00015566,0.000153204,0.000151391,0.000149925,0.000148485,0.000146747,0.000144413,0.000141236,0.000137045,0.000131753,0.000125372,0.00011801,0.000109856,0.000101165,9.22281e-05,8.33395e-05,7.47657e-05,6.6713e-05,5.9303e-05,5.25586e-05,4.64008e-05,4.06598e-05,3.5097e-05,2.94377e-05,2.341e-05,1.67846e-05,9.41191e-06,1.25069e-06,-7.61507e-06,-1.69733e-05,-2.50926e-05,-3.17311e-05,-3.7028e-05,-4.03331e-05,-4.10541e-05,-3.89015e-05,-3.39994e-05,-2.6885e-05,-1.83655e-05,-9.24703e-06,0
0,-7.59811e-06,-1.57029e-05,-2.42447e-05,-3.25256e-05,-3.96004e-05,-4.45788e-05,-4.68539e-05,-4.6214e-05,-4.28304e-05,-3.71569e-05,-2.97031e-05,-2.01988e-05,-8.8537e-06,2.56942e-06,1.38168e-05,2.4703e-05,3.51114e-05,4.49871e-05,5.43239e-05,6.31493e-05,7.15069e-05,7.94422e-05,8.69907e-05,9.41714e-05,0.000100986,0.000107421,0.000113458,0.000119077,0.000124272,0.000129053,0.000133453,0.000137528,0.000141358,0.000145037,0.000148672,0.000152374,0.00015625,0.0001604,0.000164912,0.000169859,0.000175295,0.000181255,0.000187749,0.000194763,0.000202254,0.000210148,0.000218342,0.000226704,0.00023508,0.000243308,0.000251225,0.000258681,0.000265552,0.000271743,0.000277192,0.000281861,0.000285727,0.000288766,0.000290943,0.000292197,0.000292438,0.00029155,0.000289406,0.000285888,0.00028091,0.000274446,0.000266552,0.000257375,0.000247155,0.000236216,0.000224938,0.000213727,0.000202982,0.000193059,0.000184243,0.000176728,0.000170602,0.000165845,0.000162333,0.000159849,0.000158104,0.000156754,0.000155435,0.000153782,0.000151462,0.0001482,0.000143801,0.000138164,0.000131296,0.000123306,0.000114397,0.000104847,9.49794e-05,8.5131e-05,7.56151e-05,6.6688e-05,5.85197e-05,5.11754e-05,4.46087e-05,3.86682e-05,3.31181e-05,2.76698e-05,2.20213e-05,1.59002e-05,9.10406e-06,1.53425e-06,-6.78209e-06,-1.56841e-05,-2.34051e-05,-2.97656e-05,-3.4984e-05,-3.84137e-05,-3.94283e-05,-3.76752e-05,-3.31984e-05,-2.6457e-05,-1.82012e-05,-9.21755e-06,0
0,-7.66866e-06,-1.57579e-05,-2.416e-05,-3.2174e-05,-3.88844e-05,-4.34553e-05,-4.53455e-05,-4.44041e-05,-4.08469e-05,-3.51489e-05,-2.78125e-05,-1.84963e-05,-7.36565e-06,3.76441e-06,1.46722e-05,2.52076e-05,3.52895e-05,4.48955e-05,5.40469e-05,6.27911e-05,7.11829e-05,7.927e-05,8.70812e-05,9.46213e-05,0.000101871,0.000108793,0.000115339,0.000121463,0.000127128,0.000132321,0.000137051,0.000141358,0.000145309,0.000148998,0.000152538,0.000156057,0.000159694,0.00016359,0.000167886,0.000172719,0.00017821,0.000184462,0.00019155,0.000199513,0.000208342,0.000217973,0.000228285,0.0002391,0.000250192,0.000261301,0.000272156,0.000282496,0.00029209,0.000300751,0.000308345,0.000314782,0.000320011,0.000323994,0.000326692,0.000328048,0.000327977,0.000326371,0.000323111,0.000318095,0.000311263,0.000302632,0.000292319,0.000280552,0.000267668,0.000254095,0.000240315,0.000226828,0.000214102,0.000202541,0.000192448,0.000184009,0.000177284,0.000172209,0.000168605,0.000166197,0.000164635,0.000163522,0.000162439,0.000160977,0.000158766,0.0001555,0.000150959,0.00014503,0.00013771,0.000129111,0.000119447,0.000109019,9.81822e-05,8.73127e-05,7.67714e-05,6.6865e-05,5.78142e-05,4.97308e-05,4.26059e-05,3.63139e-05,3.06292e-05,2.52574e-05,1.98743e-05,1.41711e-05,7.89808e-06,9.02476e-07,-6.84413e-06,-1.52333e-05,-2.24637e-05,-2.8424e-05,-3.34215e-05,-3.68256e-05,-3.79906e-05,-3.65155e-05,-3.23765e-05,-2.59608e-05,-1.79617e-05,-9.13923e-06,0
0,-7.67128e-06,-1.56922e-05,-2.39294e-05,-3.16878e-05,-3.80861e-05,-4.23409e-05,-4.39688e-05,-4.28676e-05,-3.92837e-05,-3.37003e-05,-2.66022e-05,-1.75693e-05,-6.719e-06,4.08205e-06,1.46448e-05,2.48533e-05,3.46591e-05,4.40684e-05,5.31249e-05,6.18901e-05,7.04243e-05,7.87711e-05,8.69475e-05,9.49386e-05,0.000102701,0.000110167,0.00011726,0.000123901,0.000130026,0.000135592,0.000140588,0.000145037,0.000148998,0.000152565,0.000155863,0.000159046,0.000162288,0.000165786,0.000169745,0.000174375,0.000179881,0.000186447,0.000194227,0.000203321,0.000213761,0.000225497,0.000238387,0.000252193,0.000266597,0.00028122,0.000295653,0.000309494,0.000322379,0.000334012,0.000344171,0.00035271,0.000359547,0.000364633,0.000367929,0.000369386,0.000368925,0.000366444,0.000361832,0.000354996,0.000345908,0.000334632,0.000321362,0.000306428,0.000290293,0.000273517,0.000256716,0.000240504,0.000225439,0.000211976,0.000200433,0.000190981,0.000183636,0.000178273,0.000174645,0.000172404,0.00017113,0.000170359,0.000169616,0.000168442,0.000166427,0.000163231,0.000158612,0.00015244,0.000144707,0.000135524,0.000125117,0.000113806,0.000101977,9.00426e-05,7.84107e-05,6.74378e-05,5.73961e-05,4.8446e-05,4.06207e-05,3.38255e-05,2.78524e-05,2.24088e-05,1.71564e-05,1.17574e-05,5.92138e-06,-5.53297e-07,-7.74767e-06,-1.56048e-05,-2.22878e-05,-2.77565e-05,-3.24141e-05,-3.56571e-05,-3.68341e-05,-3.55109e-05,-3.16097e-05,-2.54549e-05,-1.76855e-05,-9.03089e-06,0
0,-7.62053e-06,-1.55378e-05,-2.36048e-05,-3.11398e-05,-3.72971e-05,-4.13411e-05,-4.28355e-05,-4.17134e-05,-3.82373e-05,-3.28871e-05,-2.61214e-05,-1.74361e-05,-6.89863e-06,3.57149e-06,1.38168e-05,2.37527e-05,3.33593e-05,4.26665e-05,5.17346e-05,6.0633e-05,6.94216e-05,7.8135e-05,8.6773e-05,9.52975e-05,0.000103637,0.000111693,0.000119355,0.000126515,0.000133077,0.000138972,0.000144168,0.000148672,0.000152538,0.000155863,0.00015879,0.000161501,0.000164219,0.000167199,0.000170721,0.000175083,0.000180584,0.000187504,0.000196087,0.000206508,0.000218852,0.000233087,0.000249047,0.000266427,0.000284796,0.000303628,0.000322343,0.000340365,0.000357169,0.000372323,0.000385505,0.00039651,0.000405221,0.000411587,0.000415576,0.000417147,0.000416231,0.000412726,0.00040652,0.000397528,0.000385747,0.000371297,0.000354462,0.000335702,0.000315638,0.000295004,0.000274585,0.00025514,0.000237331,0.000221669,0.000208482,0.000197909,0.000189904,0.000184267,0.000180663,0.000178659,0.000177752,0.000177407,0.000177085,0.000176275,0.000174523,0.000171458,0.000166815,0.000160448,0.00015234,0.000142605,0.000131477,0.000119294,0.000106467,9.34463e-05,8.06818e-05,6.85782e-05,5.74585e-05,4.75326e-05,3.88781e-05,3.14358e-05,2.50211e-05,1.93501e-05,1.40786e-05,8.84807e-06,3.33464e-06,-2.70576e-06,-9.40193e-06,-1.67456e-05,-2.28616e-05,-2.77811e-05,-3.20083e-05,-3.49746e-05,-3.60358e-05,-3.47394e-05,-3.09681e-05,-2.49952e-05,-1.7411e-05,-8.91177e-06,0
0,-7.53251e-06,-1.53291e-05,-2.324e-05,-3.06023e-05,-3.6605e-05,-4.05525e-05,-4.20431e-05,-4.10302e-05,-3.77794e-05,-3.27563e-05,-2.63873e-05,-1.80812e-05,-7.85573e-06,2.31431e-06,1.23002e-05,2.20446e-05,3.1551e-05,4.08669e-05,5.00628e-05,5.92106e-05,6.83641e-05,7.75438e-05,8.6729e-05,9.58555e-05,0.000104821,0.000113497,0.00012174,0.000129408,0.000136378,0.000142557,0.00014789,0.000152374,0.000156057,0.000159046,0.000161501,0.000163642,0.000165741,0.000168121,0.000171145,0.000175206,0.000180708,0.000188041,0.000197552,0.000209508,0.00022406,0.000241204,0.000260756,0.000282337,0.000305387,0.000329197,0.00035298,0.000375944,0.000397365,0.000416649,0.000433361,0.000447227,0.000458107,0.000465951,0.000470744,0.000472462,0.00047104,0.00046637,0.000458327,0.000446823,0.000431869,0.000413647,0.000392549,0.000369198,0.000344416,0.000319163,0.000294437,0.000271179,0.000250173,0.000231989,0.000216946,0.000205129,0.000196409,0.000190485,0.000186921,0.000185185,0.000184687,0.000184812,0.000184954,0.000184549,0.000183101,0.000180207,0.000175578,0.000169054,0.000160609,0.000150358,0.000138542,0.000125513,0.000111706,9.76023e-05,8.36908e-05,7.04209e-05,5.81638e-05,4.71781e-05,3.75866e-05,2.93683e-05,2.23668e-05,1.63135e-05,1.08654e-05,5.65155e-06,3.23143e-07,-5.39881e-06,-1.16845e-05,-1.85696e-05,-2.41361e-05,-2.84846e-05,-3.22219e-05,-3.48207e-05,-3.56539e-05,-3.42653e-05,-3.05133e-05,-2.46335e-05,-1.71745e-05,-8.8006e-06,0
0,-7.42394e-06,-1.51007e-05,-2.28875e-05,-3.01439e-05,-3.60895e-05,-4.00589e-05,-4.16706e-05,-4.08839e-05,-3.79544e-05,-3.33253e-05,-2.73863e-05,-1.94586e-05,-9.51213e-06,4.18712e-07,1.02299e-05,1.98858e-05,2.9407e-05,3.88523e-05,4.8296e-05,5.78067e-05,6.74271e-05,7.71604e-05,8.69625e-05,9.6742e-05,0.000106367,0.000115676,0.000124495,0.000132653,0.00014,0.00014642,0.000151841,0.00015625,0.000159694,0.000162288,0.000164219,0.000165741,0.000167182,0.000168933,0.000171447,0.000175217,0.000180761,0.000188588,0.000199166,0.000212869,0.000229933,0.000250404,0.000274096,0.000300555,0.000329073,0.000358725,0.000388467,0.000417237,0.000444069,0.000468172,0.000488979,0.000506147,0.000519519,0.000529064,0.000534797,0.000536715,0.000534755,0.000528791,0.000518666,0.000504263,0.000485602,0.00046292,0.000436741,0.000407892,0.000377457,0.000346685,0.000316854,0.000289126,0.000264431,0.000243381,0.000226264,0.000213071,0.000203557,0.000197298,0.000193744,0.000192255,0.000192148,0.000192728,0.000193324,0.000193318,0.000192173,0.000189456,0.000184856,0.000178198,0.000169449,0.000158721,0.00014626,0.00013243,0.000117683,0.000102529,8.74877e-05,7.30494e-05,5.96294e-05,4.75318e-05,3.69237e-05,2.78237e-05,2.01064e-05,1.3524e-05,7.74172e-06,2.38438e-06,-2.91313e-06,-8.45608e-06,-1.44483e-05,-2.09632e-05,-2.60333e-05,-2.98245e-05,-3.30455e-05,-3.52132e-05,-3.57261e-05,-3.41373e-05,-3.0296e-05,-2.44141e-05,-1.70088e-05,-8.71466e-06,0
0,-7.31125e-06,-1.4886e-05,-2.25965e-05,-2.98259e-05,-3.58188e-05,-3.99275e-05,-4.17763e-05,-4.13155e-05,-3.87795e-05,-3.45825e-05,-2.90759e-05,-2.14948e-05,-1.17657e-05,-1.98739e-06,7.75506e-06,1.74413e-05,2.71021e-05,3.68003e-05,4.66085e-05,5.65862e-05,6.67615e-05,7.71175e-05,8.75858e-05,9.80478e-05,0.000108343,0.000118281,0.000127661,0.000136285,0.000143979,0.000150608,0.000156089,0.0001604,0.00016359,0.000165786,0.000167199,0.000168121,0.000168933,0.000170099,0.000172155,0.000175701,0.000181371,0.000189804,0.000201598,0.000217256,0.000237127,0.000261338,0.00028973,0.000321795,0.00035666,0.000393145,0.000429879,0.000465466,0.000498632,0.000528348,0.000553895,0.000574861,0.000591091,0.00060259,0.000609424,0.000611622,0.000609118,0.000601747,0.000589288,0.000571567,0.000548582,0.000520629,0.000488387,0.000452941,0.000415719,0.000378351,0.000342477,0.000309543,0.000280634,0.000256385,0.00023699,0.000222288,0.000211875,0.000205185,0.000201542,0.000200201,0.000200388,0.000201331,0.000202296,0.000202617,0.000201719,0.000199141,0.000194551,0.00018776,0.000178728,0.000167562,0.000154509,0.000139939,0.000124318,0.000108175,9.20566e-05,7.64858e-05,6.1916e-05,4.86923e-05,3.70233e-05,2.69662e-05,1.84284e-05,1.11867e-05,4.92109e-06,-7.40442e-07,-6.17023e-06,-1.16906e-05,-1.75299e-05,-2.37917e-05,-2.8451e-05,-3.17328e-05,-3.4444e-05,-3.61461e-05,-3.62694e-05,-3.43869e-05,-3.03539e-05,-2.43731e-05,-1.69417e-05,-8.66906e-06,0
0,-7.20982e-06,-1.47156e-05,-2.24103e-05,-2.97003e-05,-3.58469e-05,-4.02074e-05,-4.23959e-05,-4.23406e-05,-4.0245e-05,-3.64897e-05,-3.13887e-05,-2.40949e-05,-1.44968e-05,-4.76386e-06,5.03103e-06,1.48754e-05,2.48029e-05,3.48738e-05,4.51526e-05,5.56857e-05,6.64838e-05,7.75085e-05,8.86681e-05,9.9819e-05,0.000110775,0.000121323,0.000131236,0.000140297,0.000148316,0.000155141,0.000160682,0.000164912,0.000167886,0.000169745,0.000170721,0.000171145,0.000171447,0.000172155,0.000173891,0.000177351,0.000183288,0.000192473,0.000205649,0.000223462,0.000246405,0.000274733,0.000308383,0.000346835,0.00038905,0.00043353,0.000478495,0.000522112,0.000562717,0.000598988,0.000630028,0.000655365,0.000674868,0.000688615,0.000696749,0.000699343,0.000696321,0.000687449,0.000672398,0.000650886,0.000622855,0.000588645,0.000549125,0.000505715,0.000460298,0.000415017,0.000371991,0.000333026,0.000299379,0.000271648,0.000249828,0.000233499,0.000222047,0.000214754,0.000210828,0.000209431,0.000209707,0.000210818,0.000211975,0.00021247,0.000211693,0.000209159,0.000204518,0.000197567,0.000188255,0.000176683,0.000163096,0.000147863,0.000131457,0.000114418,9.73111e-05,8.0684e-05,6.50201e-05,5.06989e-05,3.79656e-05,2.6913e-05,1.74817e-05,9.47541e-06,2.59358e-06,-3.52496e-06,-9.25112e-06,-1.49145e-05,-2.07584e-05,-2.69071e-05,-3.12692e-05,-3.41204e-05,-3.63597e-05,-3.75909e-05,-3.72797e-05,-3.50283e-05,-3.07111e-05,-2.45367e-05,-1.69948e-05,-8.67613e-06,0
0,-7.13325e-06,-1.46158e-05,-2.23646e-05,-2.98072e-05,-3.62122e-05,-4.09273e-05,-4.35423e-05,-4.395e-05,-4.23159e-05,-3.89852e-05,-3.42368e-05,-2.71475e-05,-1.75748e-05,-7.76604e-06,2.21071e-06,1.23429e-05,2.26596e-05,3.32117e-05,4.40506e-05,5.52062e-05,6.66699e-05,7.8383e-05,9.02322e-05,0.000102053,0.00011364,0.00012476,0.000135172,0.000144644,0.000152974,0.000160005,0.000165641,0.000169859,0.000172719,0.000174375,0.000175083,0.000175206,0.000175217,0.000175701,0.000177351,0.000180954,0.000187375,0.000197514,0.000212261,0.000232421,0.000258647,0.000291388,0.00033081,0.000376483,0.000427212,0.000481102,0.000535829,0.000588982,0.000638389,0.00068236,0.000719798,0.000750182,0.000773446,0.00078979,0.000799472,0.000802629,0.000799162,0.000788723,0.000770811,0.000744963,0.000711005,0.000669309,0.00062097,0.000567848,0.000512442,0.000457593,0.000406075,0.00036017,0.000321317,0.000289964,0.000265698,0.000247652,0.000234958,0.000226773,0.000222233,0.000220434,0.00022046,0.000221421,0.000222482,0.000222898,0.000222035,0.000219383,0.000214577,0.0002074,0.000197788,0.000185833,0.000171769,0.000155961,0.00013888,0.000121067,0.000103096,8.55294e-05,6.88712e-05,5.35266e-05,3.97703e-05,2.77265e-05,1.73664e-05,8.5218e-06,9.15422e-07,-5.79687e-06,-1.19761e-05,-1.79493e-05,-2.39643e-05,-3.01559e-05,-3.43564e-05,-3.68822e-05,-3.8716e-05,-3.94994e-05,-3.87338e-05,-3.60579e-05,-3.13772e-05,-2.49206e-05,-1.71832e-05,-8.74503e-06,0
0,-7.09289e-06,-1.46076e-05,-2.24865e-05,-3.01742e-05,-3.6936e-05,-4.20962e-05,-4.52056e-05,-4.61115e-05,-4.49355e-05,-4.19877e-05,-3.75168e-05,-3.05312e-05,-2.08655e-05,-1.08523e-05,-5.63113e-07,9.98136e-06,2.0798e-05,3.19226e-05,4.33888e-05,5.52078e-05,6.7352e-05,7.97441e-05,9.22537e-05,0.000104701,0.000116868,0.000128511,0.000139381,0.000149241,0.000157887,0.00016516,0.000170969,0.000175295,0.00017821,0.000179881,0.000180584,0.000180708,0.000180761,0.000181371,0.000183288,0.000187375,0.000194592,0.000205965,0.00022253,0.000245241,0.000274894,0.000312156,0.000357729,0.000411501,0.000472141,0.000537227,0.000603679,0.000668297,0.000728236,0.000781342,0.000826288,0.000862539,0.000890156,0.000909529,0.000921084,0.000925043,0.000921265,0.000909229,0.000888167,0.00085733,0.000816347,0.000765585,0.000706417,0.000641289,0.000573542,0.000506988,0.000445323,0.000391483,0.000347114,0.000312317,0.000285864,0.000266032,0.000251747,0.000242188,0.000236505,0.000233778,0.000233055,0.000233402,0.000233953,0.000233932,0.000232682,0.000229677,0.000224533,0.00021702,0.000207058,0.000194722,0.000180235,0.000163946,0.000146314,0.000127873,0.000109195,9.08447e-05,7.3335e-05,5.70869e-05,4.23955e-05,2.941e-05,1.81281e-05,8.40899e-06,7.58602e-10,-7.41845e-06,-1.4192e-05,-2.06347e-05,-2.69883e-05,-3.33873e-05,-3.7577e-05,-3.99034e-05,-4.14224e-05,-4.18065e-05,-4.05914e-05,-3.74564e-05,-3.23484e-05,-2.55301e-05,-1.75149e-05,-8.8815e-06,0
0,-7.09745e-06,-1.47063e-05,-2.27935e-05,-3.08155e-05,-3.80231e-05,-4.37033e-05,-4.73554e-05,-4.87723e-05,-4.80286e-05,-4.54015e-05,-4.11158e-05,-3.41209e-05,-2.42376e-05,-1.38909e-05,-3.16454e-06,7.90472e-06,1.93147e-05,3.10805e-05,4.32149e-05,5.57096e-05,6.85192e-05,8.15518e-05,9.46656e-05,0.000107673,0.000120352,0.000132458,0.000143743,0.000153976,0.000162959,0.000170543,0.000176643,0.000181255,0.000184462,0.000186447,0.000187504,0.000188041,0.000188588,0.000189804,0.000192473,0.000197514,0.000205965,0.00021897,0.000237713,0.000263283,0.000296477,0.000337929,0.000389703,0.000452472,0.000524777,0.00060341,0.000684195,0.000762823,0.000835543,0.000899617,0.000953475,0.000996619,0.00102933,0.00105229,0.00106617,0.00107128,0.00106741,0.00105379,0.00102925,0.000992618,0.000943188,0.000881278,0.0008086,0.000728381,0.000645126,0.000564022,0.000490086,0.000427216,0.000377357,0.000339972,0.000312203,0.000290415,0.000273852,0.000262102,0.000254479,0.000250081,0.000247925,0.000247043,0.000246538,0.000245609,0.00024358,0.000239907,0.000234191,0.000226182,0.000215784,0.00020305,0.00018818,0.000171502,0.000153454,0.00013455,0.000115348,9.64022e-05,7.82227e-05,6.12338e-05,4.57407e-05,3.19086e-05,1.97564e-05,9.16751e-06,-8.37826e-08,-8.2932e-06,-1.57797e-05,-2.28368e-05,-2.96893e-05,-3.64605e-05,-4.07982e-05,-4.30653e-05,-4.43793e-05,-4.44348e-05,-4.27974e-05,-3.91897e-05,-3.36077e-05,-2.63598e-05,-1.7991e-05,-9.08771e-06,0
0,-7.1527e-06,-1.4921e-05,-2.32932e-05,-3.17317e-05,-3.94616e-05,-4.57198e-05,-4.99429e-05,-5.18627e-05,-5.1506e-05,-4.91211e-05,-4.49171e-05,-3.77943e-05,-2.7569e-05,-1.67662e-05,-5.49002e-06,6.19898e-06,1.82732e-05,3.07229e-05,4.3538e-05,5.66909e-05,7.01215e-05,8.37285e-05,9.7366e-05,0.000110848,0.000123956,0.000136458,0.000148118,0.00015872,0.000168081,0.000176071,0.000182623,0.000187749,0.00019155,0.000194227,0.000196087,0.000197552,0.000199166,0.000201598,0.000205649,0.000212261,0.00022253,0.000237713,0.000259197,0.00028828,0.000325468,0.000369594,0.00042686,0.000499549,0.000585872,0.000681301,0.000779996,0.000876065,0.000964543,0.00104197,0.00110654,0.00115791,0.00119671,0.00122403,0.00124085,0.00124763,0.00124402,0.00122888,0.00120047,0.00115698,0.00109721,0.00102134,0.000931506,0.000831969,0.000728848,0.000629279,0.00054021,0.000467036,0.000412301,0.000374598,0.000347943,0.000323301,0.000302955,0.000287677,0.000276988,0.000269945,0.000265496,0.000262622,0.00026039,0.000257977,0.000254687,0.000249959,0.000243375,0.000234663,0.000223705,0.000210526,0.000195297,0.000178315,0.000159985,0.000140793,0.000121268,0.00010194,8.33049e-05,6.57753e-05,4.9655e-05,3.51148e-05,2.21871e-05,1.07753e-05,6.7867e-07,-8.36991e-06,-1.66594e-05,-2.44539e-05,-3.19512e-05,-3.92521e-05,-4.38963e-05,-4.62515e-05,-4.74833e-05,-4.72981e-05,-4.52857e-05,-4.12113e-05,-3.51263e-05,-2.7395e-05,-1.86055e-05,-9.3624e-06,0
0,-7.26141e-06,-1.52541e-05,-2.39835e-05,-3.29108e-05,-4.12248e-05,-4.81007e-05,-5.29035e-05,-5.52997e-05,-5.52692e-05,-5.30371e-05,-4.88059e-05,-4.14371e-05,-3.07523e-05,-1.93833e-05,-7.46217e-06,4.91953e-06,1.77036e-05,3.08522e-05,4.43316e-05,5.80967e-05,7.20772e-05,8.61685e-05,0.000100229,0.000114084,0.000127532,0.000140359,0.000152357,0.000163333,0.000173133,0.000181653,0.00018885,0.000194763,0.000199513,0.000203321,0.000206508,0.000209508,0.000212869,0.000217256,0.000223462,0.000232421,0.000245241,0.000263283,0.00028828,0.000322318,0.000366257,0.000407703,0.000468227,0.000551997,0.000655806,0.000772729,0.000894362,0.00101257,0.00112078,0.00121469,0.00129234,0.00135369,0.00139996,0.00143278,0.00145352,0.00146276,0.00145994,0.00144336,0.00141052,0.00135871,0.00128601,0.00119234,0.0010803,0.00095557,0.000826479,0.000702911,0.000594629,0.000509398,0.000451167,0.000418197,0.000399966,0.000367957,0.000340638,0.000319876,0.00030472,0.000293879,0.000286131,0.000280378,0.000275645,0.000271084,0.000265978,0.000259745,0.000251943,0.000242278,0.000230598,0.000216899,0.000201311,0.000184094,0.000165611,0.000146305,0.000126665,0.000107186,8.83303e-05,7.04888e-05,5.39492e-05,3.88769e-05,2.53085e-05,1.3161e-05,2.25625e-06,-7.64377e-06,-1.67937e-05,-2.54213e-05,-3.36879e-05,-4.16611e-05,-4.67629e-05,-4.93533e-05,-5.06321e-05,-5.03061e-05,-4.7982e-05,-4.34652e-05,-3.68657e-05,-2.86121e-05,-1.93465e-05,-9.70097e-06,0
0,-7.4233e-06,-1.57019e-05,-2.48528e-05,-3.43287e-05,-4.32723e-05,-5.07874e-05,-5.61607e-05,-5.89912e-05,-5.92151e-05,-5.70412e-05,-5.26742e-05,-4.49484e-05,-3.36994e-05,-2.16714e-05,-9.03201e-06,4.09055e-06,1.76033e-05,3.14382e-05,4.55387e-05,5.9845e-05,7.42816e-05,8.87486e-05,0.000103118,0.000117235,0.000130927,0.000144013,0.000156317,0.000167686,0.000178001,0.000187192,0.000195254,0.000202254,0.000208342,0.000213761,0.000218852,0.00022406,0.000229933,0.000237127,0.000246405,0.000258647,0.000274894,0.000296477,0.000325468,0.000366257,0.000431833,0.000450319,0.000510125,0.00060747,0.000734401,0.000879842,0.00103158,0.0011784,0.00131166,0.00142616,0.00152,0.00159381,0.0016496,0.00168973,0.00171597,0.0017289,0.0017276,0.00170964,0.00167147,0.00160921,0.00151991,0.00140304,0.00126178,0.00110363,0.00093994,0.000784418,0.000650825,0.000550511,0.000490308,0.00047114,0.000487323,0.0004264,0.000387196,0.000359036,0.00033805,0.000322208,0.000310075,0.000300476,0.000292398,0.000284967,0.000277439,0.000269206,0.000259801,0.000248894,0.0002363,0.000221975,0.000206005,0.000188601,0.000170076,0.000150821,0.000131272,0.000111875,9.3046e-05,7.51387e-05,5.84117e-05,4.30124e-05,2.89712e-05,1.62113e-05,4.57249e-06,-6.15459e-06,-1.61879e-05,-2.57128e-05,-3.48464e-05,-4.36134e-05,-4.93094e-05,-5.22744e-05,-5.37289e-05,-5.33685e-05,-5.08076e-05,-4.58878e-05,-3.87789e-05,-2.99802e-05,-2.01962e-05,-1.00958e-05,0
0,-7.63512e-06,-1.62549e-05,-2.58809e-05,-3.59508e-05,-4.55524e-05,-5.37105e-05,-5.96293e-05,-6.28405e-05,-6.32408e-05,-6.10305e-05,-5.64257e-05,-4.82442e-05,-3.63439e-05,-2.35859e-05,-1.01794e-05,3.70619e-06,1.79401e-05,3.24236e-05,4.70786e-05,6.18349e-05,7.66181e-05,9.13406e-05,0.000105897,0.000120164,0.000134007,0.000147287,0.000159875,0.000171663,0.000182578,0.000192596,0.000201751,0.000210148,0.000217973,0.000225497,0.000233087,0.000241204,0.000250404,0.000261338,0.000274733,0.000291388,0.000312156,0.000337929,0.000369594,0.000407703,0.000450319,0.000458759,0.000514304,0.000612689,0.00074537,0.000900655,0.00106564,0.00122828,0.00137904,0.00151175,0.00162345,0.00171376,0.00178373,0.0018348,0.00186799,0.00188334,0.00187972,0.00185483,0.00180557,0.00172881,0.00162257,0.00148746,0.00132786,0.00115249,0.000973893,0.000806796,0.000665828,0.000563093,0.000506341,0.000498383,0.000538872,0.000483867,0.000439713,0.000404745,0.000377054,0.000355059,0.000337422,0.000322974,0.000310679,0.000299633,0.000289059,0.000278317,0.0002669,0.000254443,0.00024072,0.000225638,0.000209236,0.00019167,0.000173192,0.000154133,0.000134866,0.000115775,9.7218e-05,7.94958e-05,6.2825e-05,4.73219e-05,3.29997e-05,1.97794e-05,7.51304e-06,-3.98253e-06,-1.48874e-05,-2.53408e-05,-3.54087e-05,-4.50643e-05,-5.14701e-05,-5.4935e-05,-5.66871e-05,-5.63986e-05,-5.36827e-05,-4.84114e-05,-4.08134e-05,-3.14621e-05,-2.11322e-05,-1.05368e-05,0
0,-7.8909e-06,-1.68979e-05,-2.70399e-05,-3.77334e-05,-4.80041e-05,-5.67927e-05,-6.3219e-05,-6.67496e-05,-6.72472e-05,-6.49116e-05,-5.99791e-05,-5.12604e-05,-3.86435e-05,-2.51088e-05,-1.09118e-05,3.73333e-06,1.86568e-05,3.37297e-05,4.88551e-05,6.39569e-05,7.89683e-05,9.38219e-05,0.000108444,0.000122752,0.000136658,0.000150077,0.000162934,0.000175175,0.000186781,0.000197778,0.000208248,0.000218342,0.000228285,0.000238387,0.000249047,0.000260756,0.000274096,0.00028973,0.000308383,0.00033081,0.000357729,0.000389703,0.00042686,0.000468227,0.000510125,0.000514304,0.00056436,0.000657339,0.000786407,0.000941904,0.00111282,0.00128838,0.00145925,0.0016182,0.00176016,0.00188172,0.0019805,0.00205451,0.00210185,0.00212065,0.00210929,0.00206657,0.001992,0.00188603,0.00175057,0.0015897,0.00141026,0.001222,0.00103705,0.00086868,0.000729528,0.000629846,0.000576143,0.000570624,0.000611504,0.000552739,0.000501157,0.000457756,0.00042188,0.000392396,0.000368088,0.000347788,0.000330424,0.000315043,0.000300821,0.000287071,0.000273242,0.000258925,0.000243844,0.000227858,0.000210952,0.00019322,0.000174851,0.000156107,0.000137288,0.000118707,0.00010065,8.33554e-05,6.69823e-05,5.16042e-05,3.72059e-05,2.36967e-05,1.09344e-05,-1.2415e-06,-1.2974e-05,-2.43535e-05,-3.53903e-05,-4.59992e-05,-5.32045e-05,-5.72745e-05,-5.94324e-05,-5.93167e-05,-5.65293e-05,-5.09662e-05,-4.29123e-05,-3.30164e-05,-2.2128e-05,-1.10114e-05,0
0,-8.1822e-06,-1.76108e-05,-2.82954e-05,-3.96253e-05,-5.05594e-05,-5.99516e-05,-6.68377e-05,-7.06231e-05,-7.11429e-05,-6.86036e-05,-6.32698e-05,-5.3954e-05,-4.05796e-05,-2.62473e-05,-1.1262e-05,4.11562e-06,1.96766e-05,3.52633e-05,5.07636e-05,6.61007e-05,8.12214e-05,9.60859e-05,0.00011066,0.00012491,0.000138805,0.000152318,0.000165436,0.000178165,0.000190547,0.000202663,0.000214649,0.000226704,0.0002391,0.000252193,0.000266427,0.000282337,0.000300555,0.000321795,0.000346835,0.000376483,0.000411501,0.000452472,0.000499549,0.000551997,0.00060747,0.000612689,0.000657339,0.000740659,0.000859351,0.00100809,0.00118013,0.00136789,0.00156338,0.0017585,0.0019451,0.00211491,0.00225956,0.00237077,0.00244106,0.0024649,0.00243979,0.00236691,0.00225088,0.00209892,0.00191985,0.00172346,0.00152003,0.00132002,0.00113372,0.000970664,0.000839068,0.000745123,0.00069247,0.000681859,0.000710976,0.000637485,0.000573155,0.000518341,0.000472307,0.000433874,0.000401746,0.000374661,0.000351455,0.000331094,0.000312685,0.000295478,0.000278869,0.000262397,0.000245736,0.000228691,0.00021119,0.000193265,0.000175037,0.000156693,0.000138455,0.000120555,0.000103201,8.6552e-05,7.07028e-05,5.56708e-05,4.14018e-05,2.77841e-05,1.4674e-05,1.92883e-06,-1.05592e-05,-2.28312e-05,-3.48384e-05,-4.64324e-05,-5.44973e-05,-5.92525e-05,-6.19058e-05,-6.20524e-05,-5.92741e-05,-5.34834e-05,-4.5017e-05,-3.45986e-05,-2.31546e-05,-1.15056e-05,0
0,-8.49849e-06,-1.83699e-05,-2.96077e-05,-4.157e-05,-5.31461e-05,-6.31027e-05,-7.03946e-05,-7.43709e-05,-7.4846e-05,-7.20399e-05,-6.62517e-05,-5.63028e-05,-4.21561e-05,-2.70312e-05,-1.12839e-05,4.77847e-06,2.09089e-05,3.69238e-05,5.26996e-05,6.81634e-05,8.3282e-05,9.80493e-05,0.000112477,0.000126587,0.00014041,0.000153984,0.000167361,0.000180614,0.000193845,0.000207195,0.000220856,0.00023508,0.000250192,0.000266597,0.000284796,0.000305387,0.000329073,0.00035666,0.00038905,0.000427212,0.000472141,0.000524777,0.000585872,0.000655806,0.000734401,0.00074537,0.000786407,0.000859351,0.000965553,0.00110558,0.00127862,0.00148182,0.00170971,0.00195377,0.00220239,0.00244104,0.00265279,0.00281972,0.00292523,0.00295736,0.00291198,0.00279427,0.00261735,0.00239897,0.00215811,0.00191221,0.00167569,0.00145926,0.00127011,0.00111251,0.000988596,0.00089914,0.000844036,0.000822382,0.000832256,0.000736383,0.000654597,0.000585474,0.000527397,0.000478699,0.000437772,0.000403136,0.000373468,0.000347613,0.000324582,0.000303552,0.000283855,0.000264974,0.00024653,0.000228275,0.000210079,0.000191912,0.000173826,0.00015593,0.000138367,0.000121279,0.000104789,8.89717e-05,7.38438e-05,5.93583e-05,4.5412e-05,3.18634e-05,1.85602e-05,5.37204e-06,-7.77692e-06,-2.08794e-05,-3.3827e-05,-4.6405e-05,-5.53573e-05,-6.08491e-05,-6.4064e-05,-6.45464e-05,-6.18501e-05,-5.58967e-05,-4.70689e-05,-3.61625e-05,-2.4181e-05,-1.2004e-05,0
0,-8.82758e-06,-1.91482e-05,-3.09336e-05,-4.35077e-05,-5.56898e-05,-6.61619e-05,-7.38023e-05,-7.79104e-05,-7.82862e-05,-7.51689e-05,-6.88963e-05,-5.83041e-05,-4.33969e-05,-2.75094e-05,-1.10481e-05,5.63449e-06,2.22557e-05,3.86092e-05,5.45638e-05,7.00556e-05,8.50755e-05,9.96564e-05,0.00011386,0.000127769,0.000141477,0.000155091,0.000168731,0.000182536,0.00019667,0.000211335,0.000226779,0.000243308,0.000261301,0.00028122,0.000303628,0.000329197,0.000358725,0.000393145,0.00043353,0.000481102,0.000537227,0.00060341,0.000681301,0.000772729,0.000879842,0.000900655,0.000941904,0.00100809,0.00110558,0.00124141,0.00142156,0.001649,0.00192194,0.00223259,0.00256642,0.00290192,0.00321121,0.00346223,0.00362342,0.0036711,0.00359745,0.00341421,0.00314853,0.0028345,0.00250528,0.00218793,0.00190118,0.00165529,0.00145333,0.00129328,0.00117049,0.00107983,0.00101717,0.000979908,0.000966825,0.000844489,0.000742335,0.000656947,0.000585518,0.000525648,0.000475265,0.000432575,0.000396041,0.000364353,0.000336409,0.000311301,0.000288292,0.000266807,0.000246414,0.000226815,0.000207824,0.00018935,0.000171379,0.000153945,0.000137105,0.000120915,0.000105404,9.05577e-05,7.63087e-05,6.25372e-05,4.90831e-05,3.57675e-05,2.24224e-05,8.92417e-06,-4.77528e-06,-1.86231e-05,-3.24518e-05,-4.59801e-05,-5.58147e-05,-6.20634e-05,-6.58798e-05,-6.67516e-05,-6.41984e-05,-5.81442e-05,-4.90113e-05,-3.76622e-05,-2.51756e-05,-1.24907e-05,0
0,-9.15618e-06,-1.99168e-05,-3.22276e-05,-4.53771e-05,-5.81163e-05,-6.90475e-05,-7.69793e-05,-8.11682e-05,-8.14053e-05,-7.79533e-05,-7.11913e-05,-5.9972e-05,-4.43421e-05,-2.77453e-05,-1.06366e-05,6.58922e-06,2.3617e-05,4.02215e-05,5.62679e-05,7.17046e-05,8.65506e-05,0.00010088,0.000114809,0.000128478,0.000142049,0.000155695,0.000169604,0.00018398,0.000199047,0.000215066,0.000232339,0.000251225,0.000272156,0.000295653,0.000322343,0.00035298,0.000388467,0.000429879,0.000478495,0.000535829,0.000603679,0.000684195,0.000779996,0.000894362,0.00103158,0.00106564,0.00111282,0.00118013,0.00127862,0.00142156,0.00162186,0.00188912,0.00222692,0.00263043,0.00308434,0.00356095,0.00401908,0.00440557,0.00466239,0.00474187,0.00462656,0.00434047,0.00393677,0.00347699,0.003015,0.0025896,0.00222325,0.00192414,0.00168981,0.00151118,0.00137656,0.00127494,0.0011982,0.001142,0.00110554,0.000955743,0.000832262,0.00072988,0.000644592,0.000573207,0.000513128,0.000462207,0.000418662,0.000381012,0.000348033,0.000318724,0.00029228,0.000268071,0.000245616,0.000224567,0.00020469,0.000185838,0.000167934,0.000150938,0.000134828,0.00011957,0.0001051,9.13118e-05,7.80503e-05,6.51177e-05,5.22912e-05,3.93483e-05,2.60996e-05,1.24224e-05,-1.70835e-06,-1.61981e-05,-3.08233e-05,-4.5238e-05,-5.59174e-05,-6.29117e-05,-6.73405e-05,-6.86327e-05,-6.62693e-05,-6.01703e-05,-5.07905e-05,-3.90531e-05,-2.6107e-05,-1.29497e-05,0
0,-9.4704e-06,-2.06461e-05,-3.34439e-05,-4.71173e-05,-6.03539e-05,-7.1683e-05,-7.98515e-05,-8.40803e-05,-8.41569e-05,-8.03694e-05,-7.3138e-05,-6.1334e-05,-4.50436e-05,-2.78113e-05,-1.01369e-05,7.5467e-06,2.48962e-05,4.16712e-05,5.77369e-05,7.30567e-05,8.76791e-05,0.000101721,0.00011535,0.000128768,0.000142199,0.000155882,0.000170069,0.000185021,0.000201025,0.000218391,0.000237473,0.000258681,0.000282496,0.000309494,0.000340365,0.000375944,0.000417237,0.000465466,0.000522112,0.000588982,0.000668297,0.000762823,0.000876065,0.00101257,0.0011784,0.00122828,0.00128838,0.00136789,0.00148182,0.001649,0.00188912,0.00221958,0.00265214,0.00318949,0.00382094,0.00451668,0.00522099,0.00584791,0.00628773,0.00643639,0.00624875,0.00577804,0.0051349,0.00443278,0.00375783,0.00316214,0.00266873,0.00227964,0.00198375,0.00176327,0.0015989,0.00147373,0.00137565,0.00129823,0.00124044,0.00106442,0.000920268,0.000801292,0.000702435,0.000619772,0.000550195,0.000491205,0.000440776,0.000397253,0.000359292,0.000325803,0.000295917,0.00026895,0.00024438,0.000221816,0.000200982,0.000181681,0.000163779,0.000147169,0.000131752,0.00011741,0.000103989,9.12902e-05,7.90699e-05,6.70511e-05,5.49452e-05,4.24825e-05,2.94472e-05,1.57129e-05,1.27202e-06,-1.37441e-05,-2.90605e-05,-4.42703e-05,-5.57263e-05,-6.34235e-05,-6.84466e-05,-7.0166e-05,-6.80219e-05,-6.19257e-05,-5.23576e-05,-4.02933e-05,-2.69453e-05,-1.33655e-05,0
0,-9.75639e-06,-2.13067e-05,-3.45378e-05,-4.86705e-05,-6.23352e-05,-7.39979e-05,-8.2353e-05,-8.65927e-05,-8.65052e-05,-8.2404e-05,-7.47482e-05,-6.24261e-05,-4.55596e-05,-2.77836e-05,-9.63678e-06,8.41463e-06,2.60042e-05,4.28807e-05,5.89113e-05,7.40762e-05,8.84536e-05,0.000102201,0.000115536,0.000128717,0.000142026,0.000155761,0.000170232,0.000185756,0.00020267,0.000221332,0.000242142,0.000265552,0.00029209,0.000322379,0.000357169,0.000397365,0.000444069,0.000498632,0.000562717,0.000638389,0.000728236,0.000835543,0.000964543,0.00112078,0.00131166,0.00137904,0.00145925,0.00156338,0.00170971,0.00192194,0.00222692,0.00265214,0.00322295,0.00395874,0.00486605,0.00592595,0.00707349,0.00817257,0.00900487,0.0093172,0.00897248,0.00811546,0.00700544,0.00586403,0.00482708,0.00395565,0.00326188,0.00273091,0.00233551,0.00204492,0.00183028,0.00166797,0.00154138,0.00144138,0.00136576,0.001166,0.00100288,0.000868543,0.000757048,0.000663837,0.000585348,0.000518763,0.000461827,0.000412729,0.000370012,0.000332507,0.000299285,0.00026962,0.000242951,0.000218855,0.00019702,0.000177208,0.000159234,0.000142934,0.000128138,0.00011465,0.000102231,9.05943e-05,7.94117e-05,6.83277e-05,5.69884e-05,4.5075e-05,3.23428e-05,1.86572e-05,4.02329e-06,-1.13968e-05,-2.72828e-05,-4.31731e-05,-5.531e-05,-6.36378e-05,-6.92086e-05,-7.13374e-05,-6.94246e-05,-6.33689e-05,-5.36692e-05,-4.13447e-05,-2.76625e-05,-1.37235e-05,0
0,-1.00009e-05,-2.1871e-05,-3.54676e-05,-4.99828e-05,-6.39991e-05,-7.59296e-05,-8.44266e-05,-8.86611e-05,-8.84239e-05,-8.40526e-05,-7.60401e-05,-6.32887e-05,-4.59498e-05,-2.77361e-05,-9.21893e-06,9.10908e-06,2.68634e-05,4.37853e-05,5.97467e-05,7.47441e-05,8.88833e-05,0.000102359,0.000115434,0.000128415,0.000141637,0.00015545,0.000170211,0.000186288,0.000204059,0.000223925,0.000246323,0.000271743,0.000300751,0.000334012,0.000372323,0.000416649,0.000468172,0.000528348,0.000598988,0.00068236,0.000781342,0.000899617,0.00104197,0.00121469,0.00142616,0.00151175,0.0016182,0.0017585,0.00195377,0.00223259,0.00263043,0.00318949,0.00395874,0.00499245,0.00634306,0.00804029,0.0100439,0.0121595,0.0139388,0.0146938,0.0139238,0.0121344,0.0100174,0.00802329,0.00634614,0.00502346,0.0040207,0.00327947,0.00273984,0.00234894,0.00206378,0.00185182,0.00169072,0.00156764,0.00147811,0.00125746,0.00107757,0.000929584,0.000806804,0.000704132,0.000617614,0.000544154,0.000481303,0.000427108,0.000380016,0.000338789,0.000302449,0.000270234,0.000241556,0.000215964,0.000193118,0.000172748,0.000154629,0.000138545,0.000124267,0.000111528,0.000100014,8.93588e-05,7.91538e-05,6.89715e-05,5.83953e-05,4.70592e-05,3.46884e-05,2.11372e-05,6.4185e-06,-9.2812e-06,-2.56039e-05,-4.20413e-05,-5.47392e-05,-6.35988e-05,-6.96442e-05,-7.21415e-05,-7.04538e-05,-6.44658e-05,-5.46882e-05,-4.21737e-05,-2.8234e-05,-1.40107e-05,0
0,-1.0192e-05,-2.23138e-05,-3.61957e-05,-5.10069e-05,-6.52921e-05,-7.74244e-05,-8.60249e-05,-9.02498e-05,-8.98941e-05,-8.53156e-05,-7.70344e-05,-6.39612e-05,-4.62697e-05,-2.7736e-05,-8.95584e-06,9.55842e-06,2.74098e-05,4.43355e-05,6.02131e-05,7.5054e-05,8.89883e-05,0.000102243,0.000115116,0.000127956,0.000141142,0.000155063,0.000170121,0.000186719,0.000205272,0.000226215,0.000250014,0.000277192,0.000308345,0.000344171,0.000385505,0.000433361,0.000488979,0.000553895,0.000630028,0.000719798,0.000826288,0.000953475,0.00110654,0.00129234,0.00152,0.00162345,0.00176016,0.0019451,0.00220239,0.00256642,0.00308434,0.00382094,0.00486605,0.00634306,0.00841307,0.0112579,0.0150018,0.0194933,0.0238624,0.026065,0.0238741,0.0195166,0.0150366,0.0113045,0.0084721,0.00641498,0.0049503,0.00391512,0.00318373,0.00266444,0.002292,0.00202106,0.00182158,0.0016758,0.00157598,0.00133712,0.00114275,0.000983003,0.000850509,0.000739674,0.000646207,0.000566774,0.000498756,0.000440087,0.000389129,0.000344589,0.00030545,0.00027092,0.00024039,0.000213392,0.000189563,0.000168612,0.000150278,0.000134308,0.000120421,0.000108293,9.75436e-05,8.77373e-05,7.83976e-05,6.90319e-05,5.91679e-05,4.8396e-05,3.64123e-05,2.30586e-05,8.35119e-06,-7.50591e-06,-2.41255e-05,-4.09619e-05,-5.40812e-05,-6.33512e-05,-6.9775e-05,-7.25788e-05,-7.10936e-05,-6.519e-05,-5.53845e-05,-4.27525e-05,-2.86386e-05,-1.42156e-05,0
0,-1.03193e-05,-2.26138e-05,-3.66907e-05,-5.17029e-05,-6.617e-05,-7.84385e-05,-8.71096e-05,-9.1331e-05,-9.09023e-05,-8.61959e-05,-7.77502e-05,-6.4478e-05,-4.65659e-05,-2.78381e-05,-8.90574e-06,9.70669e-06,2.75952e-05,4.44961e-05,6.02928e-05,7.50094e-05,8.87944e-05,0.000101899,0.000114649,0.000127425,0.000140635,0.000154703,0.000170059,0.000187137,0.000206377,0.000228241,0.000253221,0.000281861,0.000314782,0.00035271,0.00039651,0.000447227,0.000506147,0.000574861,0.000655365,0.000750182,0.000862539,0.000996619,0.00115791,0.00135369,0.00159381,0.00171376,0.00188172,0.00211491,0.00244104,0.00290192,0.00356095,0.00451668,0.00592595,0.00804029,0.0112579,0.0161777,0.0235797,0.0340483,0.0464768,0.0545824,0.0465204,0.034129,0.0236863,0.0162974,0.0113792,0.00815517,0.00603043,0.00460997,0.00364387,0.00297553,0.00250592,0.00217181,0.00193313,0.00176604,0.00165886,0.00140416,0.00119751,0.00102794,0.000887369,0.000769768,0.000670539,0.000586142,0.000513817,0.0004514,0.000397187,0.000349835,0.000308299,0.000271764,0.000239605,0.000211343,0.0001866,0.000165067,0.000146462,0.0001305,0.000116862,0.000105179,9.50173e-05,8.58869e-05,7.72547e-05,6.85752e-05,5.93294e-05,4.90703e-05,3.74686e-05,2.43529e-05,9.73909e-06,-6.15803e-06,-2.29313e-05,-4.00088e-05,-5.33952e-05,-6.29361e-05,-6.96232e-05,-7.26538e-05,-7.13345e-05,-6.55227e-05,-5.5735e-05,-4.30594e-05,-2.88598e-05,-1.43295e-05,0
0,-1.03748e-05,-2.27544e-05,-3.69278e-05,-5.20401e-05,-6.65987e-05,-7.89383e-05,-8.76516e-05,-9.1884e-05,-9.14385e-05,-8.66955e-05,-7.82018e-05,-6.48643e-05,-4.68723e-05,-2.80814e-05,-9.10915e-06,9.51609e-06,2.73888e-05,4.4247e-05,5.99796e-05,7.46193e-05,8.83272e-05,0.000101369,0.00011409,0.000126888,0.000140192,0.000154445,0.000170098,0.000187604,0.000207423,0.000230034,0.000255947,0.000285727,0.000320011,0.000359547,0.000405221,0.000458107,0.000519519,0.000591091,0.000674868,0.000773446,0.000890156,0.00102933,0.00119671,0.00139996,0.0016496,0.00178373,0.0019805,0.00225956,0.00265279,0.00321121,0.00401908,0.00522099,0.00707349,0.0100439,0.0150018,0.0235797,0.0387483,0.0651268,0.105726,0.143422,0.105801,0.0652634,0.0389243,0.0237693,0.0151817,0.010198,0.0071949,0.00531102,0.00408444,0.00326061,0.00269428,0.00229955,0.00202458,0.00183881,0.00172643,0.00145821,0.0012414,0.00106388,0.000916888,0.000793944,0.000690186,0.000601894,0.000526188,0.000460821,0.000404033,0.000354444,0.00031098,0.000272813,0.000239304,0.000209967,0.000184414,0.000162326,0.000143407,0.00012735,0.000113812,0.00010239,9.26139e-05,8.39537e-05,7.58356e-05,6.76749e-05,5.89175e-05,4.90878e-05,3.78358e-05,2.4978e-05,1.05265e-05,-5.29972e-06,-2.20834e-05,-3.92383e-05,-5.27275e-05,-6.23874e-05,-6.92088e-05,-7.23732e-05,-7.11721e-05,-6.54518e-05,-5.57245e-05,-4.30792e-05,-2.88857e-05,-1.43459e-05,0
0,-1.03531e-05,-2.27242e-05,-3.68904e-05,-5.19977e-05,-6.65554e-05,-7.89011e-05,-8.76312e-05,-9.18941e-05,-9.14948e-05,-8.68141e-05,-7.83959e-05,-6.51328e-05,-4.72063e-05,-2.84862e-05,-9.58628e-06,8.96887e-06,2.67777e-05,4.35824e-05,5.92759e-05,7.38959e-05,8.76084e-05,0.000100685,0.000113476,0.000126388,0.000139855,0.000154332,0.000170276,0.000188152,0.00020843,0.0002316,0.000258186,0.000288766,0.000323994,0.000364633,0.000411587,0.000465951,0.000529064,0.00060259,0.000688615,0.00078979,0.000909529,0.00105229,0.00122403,0.00143278,0.00168973,0.0018348,0.00205451,0.00237077,0.00281972,0.00346223,0.00440557,0.00584791,0.00817257,0.0121595,0.0194933,0.0340483,0.0651268,0.134444,0.281159,0.493265,0.281258,0.134623,0.0653564,0.0342915,0.0197178,0.0123432,0.00830645,0.00593504,0.00445732,0.00349329,0.0028439,0.00239888,0.00209456,0.00189412,0.00177807,0.00149888,0.00127411,0.00109054,0.000938748,0.000811885,0.000704845,0.000613753,0.000535629,0.000468155,0.000409522,0.000358319,0.00031345,0.000274071,0.000239537,0.000209353,0.000183128,0.000160537,0.000141277,0.00012503,0.00011144,0.000100086,9.04771e-05,8.20605e-05,7.42384e-05,6.64027e-05,5.79779e-05,4.847e-05,3.75146e-05,2.49179e-05,1.06857e-05,-4.96575e-06,-2.1619e-05,-3.86858e-05,-5.21088e-05,-6.17285e-05,-6.8547e-05,-7.17441e-05,-7.06063e-05,-6.49724e-05,-5.53451e-05,-4.28037e-05,-2.871e-05,-1.42613e-05,0
0,-1.02517e-05,-2.25179e-05,-3.65706e-05,-5.15656e-05,-6.60287e-05,-7.83157e-05,-8.7038e-05,-9.13525e-05,-9.10644e-05,-8.65469e-05,-7.83297e-05,-6.52822e-05,-4.75674e-05,-2.90517e-05,-1.03354e-05,8.06843e-06,2.57676e-05,4.25104e-05,5.81929e-05,7.28525e-05,8.66528e-05,9.9861e-05,0.000112822,0.000125937,0.000139635,0.000154368,0.000170591,0.00018877,0.000209379,0.000232914,0.000259906,0.000290943,0.000326692,0.000367929,0.000415576,0.000470744,0.000534797,0.000609424,0.000696749,0.000799472,0.000921084,0.00106617,0.00124085,0.00145352,0.00171597,0.00186799,0.00210185,0.00244106,0.00292523,0.00362342,0.00466239,0.00628773,0.00900487,0.0139388,0.0238624,0.0464768,0.105726,0.281159,0.82326,2.18877,0.823371,0.28136,0.105982,0.0467467,0.0241094,0.0141377,0.00914567,0.00637427,0.00470822,0.0036461,0.00294153,0.00246416,0.00214123,0.00193141,0.00181278,0.00152566,0.00129532,0.00110764,0.000952703,0.00082335,0.000714282,0.000621501,0.000541942,0.00047323,0.000413514,0.000361355,0.000315637,0.000275503,0.0002403,0.000209528,0.000182794,0.000159773,0.000140161,0.00012364,0.000109851,9.83711e-05,8.8706e-05,8.0297e-05,7.25404e-05,6.48218e-05,5.6559e-05,4.72509e-05,3.65257e-05,2.41819e-05,1.02168e-05,-5.1624e-06,-2.15484e-05,-3.83637e-05,-5.15514e-05,-6.09706e-05,-6.76467e-05,-7.07728e-05,-6.96407e-05,-6.40856e-05,-5.45965e-05,-4.2232e-05,-2.83313e-05,-1.40749e-05,0
0,-1.00711e-05,-2.21363e-05,-3.59694e-05,-5.07451e-05,-6.50196e-05,-7.71821e-05,-8.58706e-05,-9.02558e-05,-9.01413e-05,-8.58846e-05,-7.79904e-05,-6.5296e-05,-4.7936e-05,-2.97556e-05,-1.13325e-05,6.8397e-06,2.43829e-05,4.10536e-05,5.67493e-05,7.1503e-05,8.5468e-05,9.88974e-05,0.00011212,0.000125517,0.000139505,0.000154517,0.000171,0.000189409,0.000210217,0.000233917,0.000261046,0.000292197,0.000328048,0.000369386,0.000417147,0.000472462,0.000536715,0.000611622,0.000699343,0.000802629,0.000925043,0.00107128,0.00124763,0.00146276,0.0017289,0.00188334,0.00212065,0.0024649,0.00295736,0.0036711,0.00474187,0.00643639,0.0093172,0.0146938,0.026065,0.0545824,0.143422,0.493265,2.18877,11.8163,2.18888,0.493461,0.143671,0.0548463,0.0263076,0.0148907,0.00945842,0.00652526,0.00479106,0.00369734,0.00297686,0.00249078,0.00216269,0.00194973,0.00182928,0.00153786,0.00130458,0.00111487,0.000958493,0.000828111,0.000718292,0.000624951,0.000544958,0.000475894,0.000415876,0.000363438,0.000317447,0.000277035,0.000241539,0.000210456,0.000183396,0.000160034,0.000140074,0.000123206,0.000109082,9.72896e-05,8.7349e-05,7.87137e-05,7.07927e-05,6.2982e-05,5.47079e-05,4.54737e-05,3.49077e-05,2.28034e-05,9.14778e-06,-5.86753e-06,-2.18551e-05,-3.82605e-05,-5.1049e-05,-6.01121e-05,-6.65102e-05,-6.94642e-05,-6.82822e-05,-6.2799e-05,-5.34859e-05,-4.13701e-05,-2.77543e-05,-1.37891e-05,0
0,-9.81495e-06,-2.15866e-05,-3.50971e-05,-4.95485e-05,-6.35413e-05,-7.55123e-05,-8.41374e-05,-8.86066e-05,-8.87205e-05,-8.48138e-05,-7.73554e-05,-6.51437e-05,-4.82741e-05,-3.05548e-05,-1.25314e-05,5.32866e-06,2.26664e-05,3.92484e-05,5.49725e-05,6.98627e-05,8.40554e-05,9.77803e-05,0.000111339,0.000125085,0.000139405,0.000154708,0.00017142,0.00018998,0.000210847,0.000234513,0.000261511,0.000292438,0.000327977,0.000368925,0.000416231,0.00047104,0.000534755,0.000609118,0.000696321,0.000799162,0.000921265,0.00106741,0.00124402,0.00145994,0.0017276,0.00187972,0.00210929,0.00243979,0.00291198,0.00359745,0.00462656,0.00624875,0.00897248,0.0139238,0.0238741,0.0465204,0.105801,0.281258,0.823371,2.18888,0.823461,0.281423,0.106012,0.0467465,0.0240859,0.0141013,0.009107,0.00634202,0.00468763,0.00363866,0.00294562,0.00247634,0.00215744,0.00194788,0.00182632,0.00153462,0.00130132,0.0011118,0.000955807,0.000825926,0.000716678,0.000623933,0.000544528,0.000476013,0.00041648,0.000364447,0.000318766,0.000278557,0.000243151,0.000212045,0.000184849,0.000161247,0.000140955,0.000123681,0.000109098,9.68226e-05,8.64019e-05,7.73207e-05,6.9018e-05,6.09175e-05,5.24679e-05,4.31884e-05,3.27146e-05,2.08376e-05,7.5321e-06,-7.03189e-06,-2.24964e-05,-3.83421e-05,-5.05772e-05,-5.91385e-05,-6.51326e-05,-6.7822e-05,-6.65407e-05,-6.11264e-05,-5.20282e-05,-4.02313e-05,-2.69887e-05,-1.34092e-05,0
0,-9.48987e-06,-2.0882e-05,-3.39728e-05,-4.79994e-05,-6.16191e-05,-7.33298e-05,-8.18566e-05,-8.64141e-05,-8.67992e-05,-8.3318e-05,-7.63947e-05,-6.47819e-05,-4.85277e-05,-3.1387e-05,-1.3866e-05,3.60117e-06,2.0679e-05,3.71458e-05,5.28992e-05,6.79505e-05,8.24134e-05,9.64863e-05,0.000110434,0.000124572,0.000139249,0.000154839,0.000171737,0.000190359,0.000211146,0.000234578,0.000261181,0.00029155,0.000326371,0.000366444,0.000412726,0.00046637,0.000528791,0.000601747,0.000687449,0.000788723,0.000909229,0.00105379,0.00122888,0.00144336,0.00170964,0.00185483,0.00206657,0.00236691,0.00279427,0.00341421,0.00434047,0.00577804,0.00811546,0.0121344,0.0195166,0.034129,0.0652634,0.134623,0.28136,0.493461,0.281423,0.134738,0.0654131,0.034293,0.0196767,0.0122779,0.00823612,0.00587569,0.00441887,0.00347885,0.00285088,0.00242107,0.00212441,0.00192441,0.00180267,0.001515,0.00128482,0.00109794,0.000944289,0.000816543,0.000709255,0.000618306,0.000540531,0.000473471,0.000415214,0.000364264,0.000319467,0.000279935,0.000244998,0.00021415,0.00018701,0.000163273,0.000142674,0.000124949,0.000109803,9.68933e-05,8.58115e-05,7.60894e-05,6.72125e-05,5.86475e-05,4.98787e-05,4.04516e-05,3.00151e-05,1.83601e-05,5.44713e-06,-8.58148e-06,-2.34062e-05,-3.85539e-05,-5.00952e-05,-5.80244e-05,-6.35038e-05,-6.58496e-05,-6.443e-05,-5.90878e-05,-5.02454e-05,-3.88357e-05,-2.60495e-05,-1.29432e-05,0
0,-9.10521e-06,-2.00415e-05,-3.26242e-05,-4.6132e-05,-5.92901e-05,-7.06702e-05,-7.90567e-05,-8.3695e-05,-8.43787e-05,-8.13807e-05,-7.50732e-05,-6.41583e-05,-4.86297e-05,-3.21747e-05,-1.52528e-05,1.74073e-06,1.84978e-05,3.48109e-05,5.05767e-05,6.57916e-05,8.05417e-05,9.49879e-05,0.000109352,0.0001239,0.000138935,0.000154789,0.000171818,0.000190405,0.000210968,0.000233968,0.000259918,0.000289406,0.000323111,0.000361832,0.00040652,0.000458327,0.000518666,0.000589288,0.000672398,0.000770811,0.000888167,0.00102925,0.00120047,0.00141052,0.00167147,0.00180557,0.001992,0.00225088,0.00261735,0.00314853,0.00393677,0.0051349,0.00700544,0.0100174,0.0150366,0.0236863,0.0389243,0.0653564,0.105982,0.143671,0.106012,0.0654131,0.0390011,0.0237761,0.0151335,0.0101173,0.00710584,0.00523421,0.00403325,0.00323996,0.0027016,0.00232718,0.00206263,0.00187743,0.00175715,0.00147799,0.00125434,0.00107277,0.000923604,0.000799749,0.000695889,0.000607977,0.000532889,0.000468194,0.000411986,0.000362779,0.000319417,0.000281016,0.000246904,0.000216585,0.000189684,0.000165917,0.000145043,0.000126835,0.000111043,9.73751e-05,8.54826e-05,7.49588e-05,6.53501e-05,5.61793e-05,4.69781e-05,3.73261e-05,2.6891e-05,1.54647e-05,2.99093e-06,-1.0421e-05,-2.44983e-05,-3.88239e-05,-4.95494e-05,-5.67362e-05,-6.16103e-05,-6.35513e-05,-6.19682e-05,-5.67097e-05,-4.81665e-05,-3.72098e-05,-2.49569e-05,-1.24018e-05,0
0,-8.67275e-06,-1.90889e-05,-3.10865e-05,-4.39903e-05,-5.66028e-05,-6.75807e-05,-7.57775e-05,-8.04754e-05,-8.14666e-05,-7.8988e-05,-7.33547e-05,-6.32157e-05,-4.85047e-05,-3.28286e-05,-1.65948e-05,-1.54642e-07,1.6215e-05,3.23226e-05,4.80645e-05,6.34209e-05,7.84469e-05,9.32615e-05,0.000108036,0.000122985,0.000138356,0.000154431,0.00017152,0.00018997,0.000210165,0.000232541,0.000257592,0.000285888,0.000318095,0.000354996,0.000397528,0.000446823,0.000504263,0.000571567,0.000650886,0.000744963,0.00085733,0.000992618,0.00115698,0.00135871,0.00160921,0.00172881,0.00188603,0.00209892,0.00239897,0.0028345,0.00347699,0.00443278,0.00586403,0.00802329,0.0113045,0.0162974,0.0237693,0.0342915,0.0467467,0.0548463,0.0467465,0.034293,0.0237761,0.0163145,0.0113375,0.0080766,0.00593951,0.00452849,0.00358693,0.0029497,0.00250975,0.0021979,0.00197099,0.00180468,0.00168871,0.00142276,0.00120931,0.00103594,0.000893564,0.000775466,0.000676561,0.00059295,0.000521607,0.00046016,0.000406747,0.000359903,0.000318491,0.000281636,0.000248677,0.000219129,0.000192637,0.000168937,0.000147826,0.000129119,0.000112621,9.81037e-05,8.52893e-05,7.38449e-05,6.33899e-05,5.35139e-05,4.38047e-05,3.38824e-05,2.34367e-05,1.22607e-05,2.78722e-07,-1.24382e-05,-2.56713e-05,-3.90682e-05,-4.88773e-05,-5.52357e-05,-5.94378e-05,-6.09341e-05,-5.91785e-05,-5.40253e-05,-4.58276e-05,-3.53863e-05,-2.3735e-05,-1.1798e-05,0
0,-8.20624e-06,-1.80526e-05,-2.94014e-05,-4.16267e-05,-5.3616e-05,-6.41197e-05,-7.20698e-05,-7.67918e-05,-7.8079e-05,-7.61321e-05,-7.12063e-05,-6.18969e-05,-4.80742e-05,-3.32538e-05,-1.77866e-05,-1.97648e-06,1.39343e-05,2.97724e-05,4.54351e-05,6.08857e-05,7.61472e-05,9.1294e-05,0.000106444,0.000121753,0.000137412,0.000153645,0.000170713,0.000188916,0.000208601,0.000230171,0.000254093,0.00028091,0.000311263,0.000345908,0.000385747,0.000431869,0.000485602,0.000548582,0.000622855,0.000711005,0.000816347,0.000943188,0.00109721,0.00128601,0.00151991,0.00162257,0.00175057,0.00191985,0.00215811,0.00250528,0.003015,0.00375783,0.00482708,0.00634614,0.0084721,0.0113792,0.0151817,0.0197178,0.0241094,0.0263076,0.0240859,0.0196767,0.0151335,0.0113375,0.00845088,0.00635672,0.00487549,0.00384309,0.00312903,0.00263472,0.00228774,0.00203689,0.0018486,0.00170407,0.00159674,0.00134897,0.00114961,0.000987483,0.000854305,0.000743872,0.000651452,0.000573384,0.0005068,0.000449436,0.000399502,0.000355585,0.000316579,0.000281634,0.000250112,0.000221547,0.000195608,0.000172067,0.000150758,0.000131551,0.000114314,9.88928e-05,8.50886e-05,7.26525e-05,6.12858e-05,5.06525e-05,4.04023e-05,3.01997e-05,1.97578e-05,8.87017e-06,-2.5614e-06,-1.45092e-05,-2.68144e-05,-3.91959e-05,-4.80131e-05,-5.34844e-05,-5.69747e-05,-5.80101e-05,-5.6091e-05,-5.10748e-05,-4.32715e-05,-3.34032e-05,-2.2412e-05,-1.11467e-05,0
0,-7.72089e-06,-1.69639e-05,-2.76158e-05,-3.91013e-05,-5.03975e-05,-6.03566e-05,-6.79963e-05,-7.26922e-05,-7.42433e-05,-7.28153e-05,-6.86032e-05,-6.01506e-05,-4.72628e-05,-3.33555e-05,-1.87204e-05,-3.6109e-06,1.17677e-05,2.72627e-05,4.27735e-05,5.8248e-05,7.36771e-05,8.90899e-05,0.00010455,0.000120152,0.000136027,0.000152338,0.00016929,0.000187135,0.000206175,0.000226774,0.000249361,0.000274446,0.000302632,0.000334632,0.000371297,0.000413647,0.00046292,0.000520629,0.000588645,0.000669309,0.000765585,0.000881278,0.00102134,0.00119234,0.00140304,0.00148746,0.0015897,0.00172346,0.00191221,0.00218793,0.0025896,0.00316214,0.00395565,0.00502346,0.00641498,0.00815517,0.010198,0.0123432,0.0141377,0.0148907,0.0141013,0.0122779,0.0101173,0.0080766,0.00635672,0.00500082,0.00397782,0.00322999,0.00269536,0.00231706,0.0020472,0.00184868,0.00169597,0.00157498,0.00148188,0.00125734,0.001076,0.000928129,0.000806477,0.00070553,0.000621032,0.000549649,0.000488738,0.000436194,0.000390333,0.000349818,0.000313598,0.000280863,0.000251008,0.000223596,0.000198332,0.000175025,0.000153563,0.000133872,0.000115893,9.95509e-05,8.47357e-05,7.1288e-05,5.89962e-05,4.76033e-05,3.68237e-05,2.63675e-05,1.59706e-05,5.425e-06,-5.39328e-06,-1.6504e-05,-2.7813e-05,-3.91154e-05,-4.68928e-05,-5.14478e-05,-5.42156e-05,-5.47985e-05,-5.2743e-05,-4.79055e-05,-4.05469e-05,-3.13033e-05,-2.10191e-05,-1.04643e-05,0
0,-7.23275e-06,-1.58564e-05,-2.57804e-05,-3.64795e-05,-4.7023e-05,-5.63701e-05,-6.36309e-05,-6.82375e-05,-7e-05,-6.90529e-05,-6.5533e-05,-5.79365e-05,-4.60045e-05,-3.30458e-05,-1.92919e-05,-4.94435e-06,9.83048e-06,2.49026e-05,4.0176e-05,5.55848e-05,7.109e-05,8.66766e-05,0.000102354,0.000118157,0.000134154,0.000150447,0.000167184,0.000184562,0.000202834,0.000222319,0.000243403,0.000266552,0.000292319,0.000321362,0.000354462,0.000392549,0.000436741,0.000488387,0.000549125,0.00062097,0.000706417,0.0008086,0.000931506,0.0010803,0.00126178,0.00132786,0.00141026,0.00152003,0.00167569,0.00190118,0.00222325,0.00266873,0.00326188,0.0040207,0.0049503,0.00603043,0.0071949,0.00830645,0.00914567,0.00945842,0.009107,0.00823612,0.00710584,0.00593951,0.00487549,0.00397782,0.00326145,0.00271362,0.00230795,0.00201322,0.00179902,0.00163965,0.00151661,0.00141975,0.00134692,0.00115029,0.000990469,0.00085951,0.0007514,0.000661489,0.000586116,0.000522361,0.000467867,0.000420729,0.000379405,0.000342658,0.000309508,0.000279202,0.00025118,0.000225046,0.000200547,0.000177542,0.000155972,0.000135831,0.000117136,9.98988e-05,8.40994e-05,6.96719e-05,5.64942e-05,4.43888e-05,3.31346e-05,2.24861e-05,1.21996e-05,2.06257e-06,-8.07804e-06,-1.8293e-05,-2.85559e-05,-3.87405e-05,-4.54598e-05,-4.91004e-05,-5.1164e-05,-5.13277e-05,-4.91801e-05,-4.45717e-05,-3.77079e-05,-2.91331e-05,-1.95898e-05,-9.76821e-06,0
0,-6.75815e-06,-1.47644e-05,-2.39477e-05,-3.38303e-05,-4.35739e-05,-5.22472e-05,-5.90581e-05,-6.35014e-05,-6.54046e-05,-6.48763e-05,-6.20001e-05,-5.52308e-05,-4.42482e-05,-3.22497e-05,-1.94072e-05,-5.86996e-06,8.23571e-06,2.28043e-05,3.7747e-05,5.29873e-05,6.8459e-05,8.41064e-05,9.98874e-05,0.00011578,0.00013179,0.00014796,0.000164378,0.000181187,0.000198587,0.000216848,0.000236306,0.000257375,0.000280552,0.000306428,0.000335702,0.000369198,0.000407892,0.000452941,0.000505715,0.000567848,0.000641289,0.000728381,0.000831969,0.00095557,0.00110363,0.00115249,0.001222,0.00132002,0.00145926,0.00165529,0.00192414,0.00227964,0.00273091,0.00327947,0.00391512,0.00460997,0.00531102,0.00593504,0.00637427,0.00652526,0.00634202,0.00587569,0.00523421,0.00452849,0.00384309,0.00322999,0.00271362,0.0022987,0.00197734,0.00173477,0.00155391,0.00141902,0.00131824,0.00124491,0.00119751,0.00103227,0.00089648,0.000784282,0.000691105,0.000613294,0.00054787,0.000492384,0.000444806,0.000403461,0.000366971,0.000334218,0.000304312,0.000276566,0.000250474,0.000225694,0.000202022,0.000179371,0.000157744,0.000137206,0.000117854,9.97863e-05,8.30763e-05,6.77508e-05,5.37755e-05,4.10504e-05,2.94155e-05,1.86659e-05,8.57481e-06,-1.07863e-06,-1.04799e-05,-1.9753e-05,-2.89411e-05,-3.79968e-05,-4.36701e-05,-4.64292e-05,-4.78358e-05,-4.76366e-05,-4.54568e-05,-4.11343e-05,-3.48131e-05,-2.69417e-05,-1.81591e-05,-9.07645e-06,0
0,-6.31298e-06,-1.3722e-05,-2.21707e-05,-3.12245e-05,-4.0135e-05,-4.80811e-05,-5.43717e-05,-5.85701e-05,-6.05278e-05,-6.03349e-05,-5.80282e-05,-5.203e-05,-4.19634e-05,-3.09116e-05,-1.89891e-05,-6.29395e-06,7.08795e-06,2.10772e-05,3.55947e-05,5.05569e-05,6.58749e-05,8.14568e-05,9.72139e-05,0.00011307,0.000128975,0.000144911,0.000160911,0.000177061,0.00019351,0.000210473,0.000228235,0.000247155,0.000267668,0.000290293,0.000315638,0.000344416,0.000377457,0.000415719,0.000460298,0.000512442,0.000573542,0.000645126,0.000728848,0.000826479,0.00093994,0.000973893,0.00103705,0.00113372,0.00127011,0.00145333,0.00168981,0.00198375,0.00233551,0.00273984,0.00318373,0.00364387,0.00408444,0.00445732,0.00470822,0.00479106,0.00468763,0.00441887,0.00403325,0.00358693,0.00312903,0.00269536,0.00230795,0.00197734,0.00170563,0.00148948,0.00132284,0.00119919,0.00111317,0.00106138,0.00104225,0.000909707,0.000798808,0.00070599,0.00062823,0.000562909,0.000507751,0.000460784,0.000420317,0.000384911,0.000353361,0.000324676,0.000298063,0.000272912,0.00024878,0.000225381,0.000202569,0.000180314,0.000158686,0.000137822,0.000117901,9.9106e-05,8.16024e-05,6.55056e-05,5.08647e-05,3.76516e-05,2.57621e-05,1.5026e-05,5.22826e-06,-3.86421e-06,-1.24721e-05,-2.07739e-05,-2.8882e-05,-3.68262e-05,-4.14964e-05,-4.34373e-05,-4.42606e-05,-4.37756e-05,-4.1636e-05,-3.76599e-05,-3.19245e-05,-2.47799e-05,-1.67622e-05,-8.40696e-06,0
0,-5.91216e-06,-1.27615e-05,-2.05006e-05,-2.87318e-05,-3.67922e-05,-4.39689e-05,-4.96728e-05,-5.35406e-05,-5.54554e-05,-5.54966e-05,-5.3663e-05,-4.83544e-05,-3.9144e-05,-2.89999e-05,-1.79829e-05,-6.14194e-06,6.4769e-06,1.98213e-05,3.38246e-05,4.84002e-05,6.34417e-05,7.88267e-05,9.44259e-05,0.000110116,0.000125793,0.000141388,0.000156878,0.000172297,0.000187742,0.000203377,0.000219434,0.000236216,0.000254095,0.000273517,0.000295004,0.000319163,0.000346685,0.000378351,0.000415017,0.000457593,0.000506988,0.000564022,0.000629279,0.000702911,0.000784418,0.000806796,0.00086868,0.000970664,0.00111251,0.00129328,0.00151118,0.00176327,0.00204492,0.00234894,0.00266444,0.00297553,0.00326061,0.00349329,0.0036461,0.00369734,0.00363866,0.00347885,0.00323996,0.0029497,0.00263472,0.00231706,0.00201322,0.00173477,0.00148948,0.00128246,0.00111696,0.000994923,0.000917213,0.000883523,0.000891985,0.000790382,0.00070304,0.000628682,0.000565736,0.000512517,0.000467367,0.00042874,0.000395245,0.000365665,0.000338956,0.000314254,0.000290862,0.000268247,0.000246035,0.000224,0.000202054,0.00018023,0.000158662,0.000137563,0.000117187,9.78031e-05,7.96601e-05,6.29566e-05,4.78173e-05,3.42785e-05,2.22834e-05,1.16898e-05,2.28871e-06,-6.16955e-06,-1.39428e-05,-2.12641e-05,-2.83128e-05,-3.5192e-05,-3.89318e-05,-4.01454e-05,-4.0483e-05,-3.98063e-05,-3.77882e-05,-3.42195e-05,-2.91059e-05,-2.26987e-05,-1.54339e-05,-7.77717e-06,0
0,-5.56899e-06,-1.19125e-05,-1.89851e-05,-2.64192e-05,-3.36301e-05,-4.00084e-05,-4.50669e-05,-4.85191e-05,-5.02865e-05,-5.04473e-05,-4.89719e-05,-4.42494e-05,-3.58109e-05,-2.6511e-05,-1.6361e-05,-5.36441e-06,6.47117e-06,1.9121e-05,3.25331e-05,4.66222e-05,6.12697e-05,7.63295e-05,9.1639e-05,0.000107034,0.000122366,0.000137519,0.000152421,0.000167059,0.00018148,0.000195802,0.000210205,0.000224938,0.000240315,0.000256716,0.000274585,0.000294437,0.000316854,0.000342477,0.000371991,0.000406075,0.000445323,0.000490086,0.00054021,0.000594629,0.000650825,0.000665828,0.000729528,0.000839068,0.000988596,0.00117049,0.00137656,0.0015989,0.00183028,0.00206378,0.002292,0.00250592,0.00269428,0.0028439,0.00294153,0.00297686,0.00294562,0.00285088,0.0027016,0.00250975,0.00228774,0.0020472,0.00179902,0.00155391,0.00132284,0.00111696,0.00094689,0.000821644,0.000747481,0.000726946,0.000758174,0.000682175,0.000614675,0.000556291,0.000506497,0.000464245,0.000428299,0.000397419,0.000370441,0.000346324,0.000324166,0.00030321,0.000282849,0.000262627,0.000242235,0.000221506,0.000200411,0.000179046,0.000157609,0.000136379,0.000115688,9.58804e-05,7.72817e-05,6.01643e-05,4.47191e-05,3.10362e-05,1.90974e-05,8.78048e-06,-1.23942e-07,-7.8856e-06,-1.48007e-05,-2.11555e-05,-2.71922e-05,-3.30814e-05,-3.59914e-05,-3.65934e-05,-3.65625e-05,-3.58008e-05,-3.39903e-05,-3.08868e-05,-2.64214e-05,-2.07477e-05,-1.42074e-05,-7.20341e-06,0
0,-5.29466e-06,-1.12005e-05,-1.7667e-05,-2.43481e-05,-3.07285e-05,-3.62956e-05,-4.0661e-05,-4.36174e-05,-4.51311e-05,-4.52887e-05,-4.4043e-05,-3.9785e-05,-3.20132e-05,-2.3471e-05,-1.41263e-05,-3.94109e-06,7.11287e-06,1.90383e-05,3.17999e-05,4.53177e-05,5.94669e-05,7.40845e-05,8.89825e-05,0.000103965,0.000118846,0.000133469,0.000147723,0.000161552,0.000174962,0.000188026,0.000200881,0.000213727,0.000226828,0.000240504,0.00025514,0.000271179,0.000289126,0.000309543,0.000333026,0.00036017,0.000391483,0.000427216,0.000467036,0.000509398,0.000550511,0.000563093,0.000629846,0.000745123,0.00089914,0.00107983,0.00127494,0.00147373,0.00166797,0.00185182,0.00202106,0.00217181,0.00229955,0.00239888,0.00246416,0.00249078,0.00247634,0.00242107,0.00232718,0.0021979,0.00203689,0.00184868,0.00163965,0.00141902,0.00119919,0.000994923,0.000821644,0.00069317,0.000619569,0.000605709,0.000650713,0.000591381,0.00053799,0.000491911,0.000452841,0.000419871,0.000391907,0.000367851,0.000346673,0.000327451,0.000309386,0.000291811,0.000274197,0.000256153,0.00023743,0.000217919,0.000197647,0.000176765,0.000155532,0.000134293,0.000113444,9.33971e-05,7.45462e-05,5.72255e-05,4.16802e-05,2.80433e-05,1.63248e-05,6.41391e-06,-1.90488e-06,-8.92462e-06,-1.49799e-05,-2.04073e-05,-2.55064e-05,-3.05078e-05,-3.27128e-05,-3.28395e-05,-3.25719e-05,-3.18399e-05,-3.03233e-05,-2.77362e-05,-2.39332e-05,-1.89739e-05,-1.31132e-05,-6.70042e-06,0
0,-5.09781e-06,-1.06463e-05,-1.65822e-05,-2.25723e-05,-2.81602e-05,-3.29206e-05,-3.65595e-05,-3.8949e-05,-4.01062e-05,-4.01351e-05,-3.89823e-05,-3.50544e-05,-2.78269e-05,-1.99361e-05,-1.13132e-05,-1.88368e-06,8.41342e-06,1.96074e-05,3.16811e-05,4.45637e-05,5.81294e-05,7.22058e-05,8.65875e-05,0.000101055,0.000115395,0.000129421,0.000142987,0.000156004,0.000168444,0.000180344,0.000191803,0.000202982,0.000214102,0.000225439,0.000237331,0.000250173,0.000264431,0.000280634,0.000299379,0.000321317,0.000347114,0.000377357,0.000412301,0.000451167,0.000490308,0.000506341,0.000576143,0.00069247,0.000844036,0.00101717,0.0011982,0.00137565,0.00154138,0.00169072,0.00182158,0.00193313,0.00202458,0.00209456,0.00214123,0.00216269,0.00215744,0.00212441,0.00206263,0.00197099,0.0018486,0.00169597,0.00151661,0.00131824,0.00111317,0.000917213,0.000747481,0.000619569,0.000544937,0.000529581,0.000575153,0.000520668,0.000474872,0.000437161,0.000406182,0.000380597,0.000359181,0.000340829,0.00032456,0.000309518,0.000294972,0.000280321,0.000265097,0.000248964,0.000231726,0.000213324,0.000193833,0.000173458,0.000152511,0.00013139,0.000110551,9.04621e-05,7.1572e-05,5.42648e-05,3.88273e-05,2.54234e-05,1.40808e-05,4.69179e-06,-2.97071e-06,-9.22531e-06,-1.44439e-05,-1.90089e-05,-2.32705e-05,-2.75099e-05,-2.91555e-05,-2.89583e-05,-2.85953e-05,-2.80102e-05,-2.68698e-05,-2.48402e-05,-2.16998e-05,-1.74199e-05,-1.21783e-05,-6.28089e-06,0
0,-4.98416e-06,-1.02646e-05,-1.57585e-05,-2.1136e-05,-2.59877e-05,-2.99649e-05,-3.28606e-05,-3.46253e-05,-3.53313e-05,-3.51087e-05,-3.39096e-05,-3.01696e-05,-2.3352e-05,-1.59906e-05,-7.9872e-06,7.63363e-07,1.03512e-05,2.08305e-05,3.22034e-05,4.44108e-05,5.73318e-05,7.07911e-05,8.45741e-05,9.84468e-05,0.000112177,0.000125557,0.000138417,0.000150642,0.00016218,0.000173038,0.000183287,0.000193059,0.000202541,0.000211976,0.000221669,0.000231989,0.000243381,0.000256385,0.000271648,0.000289964,0.000312317,0.000339972,0.000374598,0.000418197,0.00047114,0.000498383,0.000570624,0.000681859,0.000822382,0.000979908,0.001142,0.00129823,0.00144138,0.00156764,0.0016758,0.00176604,0.00183881,0.00189412,0.00193141,0.00194973,0.00194788,0.00192441,0.00187743,0.00180468,0.00170407,0.00157498,0.00141975,0.00124491,0.00106138,0.000883523,0.000726946,0.000605709,0.000529581,0.000502543,0.000527199,0.000466602,0.000424067,0.000391953,0.000366917,0.000346974,0.000330676,0.000316855,0.000304532,0.000292881,0.000281214,0.000268977,0.000255745,0.000241228,0.000225271,0.000207857,0.000189105,0.000169261,0.000148682,0.000127813,0.000107155,8.72222e-05,6.85048e-05,5.14231e-05,3.62924e-05,2.32952e-05,1.24665e-05,3.69417e-06,-3.2652e-06,-8.75687e-06,-1.31877e-05,-1.69805e-05,-2.05278e-05,-2.4151e-05,-2.53979e-05,-2.50382e-05,-2.47246e-05,-2.44009e-05,-2.37106e-05,-2.22671e-05,-1.97741e-05,-1.61228e-05,-1.14251e-05,-5.95499e-06,0
0,-4.95628e-06,-1.00642e-05,-1.52146e-05,-2.00723e-05,-2.42616e-05,-2.74977e-05,-2.96522e-05,-3.07505e-05,-3.09232e-05,-3.03346e-05,-2.89533e-05,-2.52572e-05,-1.87083e-05,-1.17434e-05,-4.24253e-06,3.92404e-06,1.28711e-05,2.26758e-05,3.33596e-05,4.48779e-05,5.7119e-05,6.99112e-05,8.30385e-05,9.62606e-05,0.000109336,0.000122043,0.0001342,0.000145674,0.000156396,0.000166354,0.0001756,0.000184243,0.000192448,0.000200433,0.000208482,0.000216946,0.000226264,0.00023699,0.000249828,0.000265698,0.000285864,0.000312203,0.000347943,0.000399966,0.000487323,0.000538872,0.000611504,0.000710976,0.000832256,0.000966825,0.00110554,0.00124044,0.00136576,0.00147811,0.00157598,0.00165886,0.00172643,0.00177807,0.00181278,0.00182928,0.00182632,0.00180267,0.00175715,0.00168871,0.00159674,0.00148188,0.00134692,0.00119751,0.00104225,0.000891985,0.000758174,0.000650713,0.000575153,0.000527199,0.000466405,0.000418176,0.000382087,0.000355103,0.000334709,0.000319015,0.000306556,0.000296148,0.00028682,0.000277766,0.000268327,0.000257979,0.000246332,0.000233128,0.000218245,0.000201699,0.000183641,0.000164353,0.000144226,0.000123741,0.000103432,8.38465e-05,6.55028e-05,4.88438e-05,3.42003e-05,2.17614e-05,1.15601e-05,3.4728e-06,-2.76381e-06,-7.52167e-06,-1.12392e-05,-1.43727e-05,-1.7348e-05,-2.05161e-05,-2.15347e-05,-2.11773e-05,-2.10561e-05,-2.11007e-05,-2.09221e-05,-2.00779e-05,-1.82012e-05,-1.51124e-05,-1.08707e-05,-5.73006e-06,0
0,-5.01346e-06,-1.00468e-05,-1.49592e-05,-1.94012e-05,-2.30175e-05,-2.55736e-05,-2.70084e-05,-2.74176e-05,-2.69913e-05,-2.59352e-05,-2.42443e-05,-2.04519e-05,-1.40293e-05,-7.32255e-06,-1.97279e-07,7.49413e-06,1.58865e-05,2.50774e-05,3.5107e-05,4.59474e-05,5.74998e-05,6.96017e-05,8.20423e-05,9.45834e-05,0.000106982,0.000119013,0.000130487,0.000141267,0.000151272,0.000160482,0.000168936,0.000176728,0.000184009,0.000190981,0.000197909,0.000205129,0.000213071,0.000222288,0.000233499,0.000247652,0.000266032,0.000290415,0.000323301,0.000367957,0.0004264,0.000483867,0.000552739,0.000637485,0.000736383,0.000844489,0.000955743,0.00106442,0.001166,0.00125746,0.00133712,0.00140416,0.00145821,0.00149888,0.00152566,0.00153786,0.00153462,0.001515,0.00147799,0.00142276,0.00134897,0.00125734,0.00115029,0.00103227,0.000909707,0.000790382,0.000682175,0.000591381,0.000520668,0.000466602,0.000418176,0.000378763,0.000348481,0.000325817,0.000308992,0.000296399,0.000286675,0.000278682,0.000271475,0.000264273,0.000256441,0.000247482,0.00023703,0.000224849,0.000210843,0.000195051,0.00017765,0.000158943,0.00013935,0.000119373,9.95701e-05,8.05085e-05,6.27204e-05,4.66585e-05,3.26564e-05,2.08995e-05,1.14096e-05,4.04605e-06,-1.47673e-06,-5.55623e-06,-8.65784e-06,-1.12642e-05,-1.38243e-05,-1.67076e-05,-1.76717e-05,-1.74794e-05,-1.76856e-05,-1.81933e-05,-1.8573e-05,-1.83248e-05,-1.70168e-05,-1.44106e-05,-1.05264e-05,-5.61031e-06,0
0,-5.15164e-06,-1.02074e-05,-1.49906e-05,-1.91293e-05,-2.22755e-05,-2.42297e-05,-2.49861e-05,-2.47039e-05,-2.36325e-05,-2.20241e-05,-1.99097e-05,-1.58899e-05,-9.45579e-06,-2.86869e-06,4.01232e-06,1.13464e-05,1.92833e-05,2.79378e-05,3.73684e-05,4.75645e-05,5.84434e-05,6.98566e-05,8.16048e-05,9.34583e-05,0.00010518,0.000116549,0.000127379,0.000137532,0.000146925,0.000155536,0.000163399,0.000170602,0.000177284,0.000183636,0.000189904,0.000196409,0.000203557,0.000211875,0.000222047,0.000234958,0.000251747,0.000273852,0.000302955,0.000340638,0.000387196,0.000439713,0.000501157,0.000573155,0.000654597,0.000742335,0.000832262,0.000920268,0.00100288,0.00107757,0.00114275,0.00119751,0.0012414,0.00127411,0.00129532,0.00130458,0.00130132,0.00128482,0.00125434,0.00120931,0.00114961,0.001076,0.000990469,0.00089648,0.000798808,0.00070304,0.000614675,0.00053799,0.000474872,0.000424067,0.000382087,0.000348481,0.000322601,0.000303253,0.000289035,0.000278583,0.000270671,0.00026424,0.000258394,0.000252388,0.000245613,0.000237593,0.000227983,0.000216566,0.00020326,0.000188122,0.000171344,0.000153246,0.000134261,0.000114907,9.57513e-05,7.73681e-05,6.02922e-05,4.49733e-05,3.17365e-05,2.07533e-05,1.20272e-05,5.39583e-06,5.50368e-07,-2.93017e-06,-5.53281e-06,-7.7583e-06,-1.00687e-05,-1.28408e-05,-1.39216e-05,-1.4049e-05,-1.47051e-05,-1.57547e-05,-1.67212e-05,-1.7048e-05,-1.62459e-05,-1.40301e-05,-1.0397e-05,-5.59663e-06,0
0,-5.36356e-06,-1.0534e-05,-1.52962e-05,-1.92491e-05,-2.20383e-05,-2.34841e-05,-2.36226e-05,-2.26679e-05,-2.09267e-05,-1.87014e-05,-1.60672e-05,-1.17027e-05,-5.12876e-06,1.47172e-06,8.2389e-06,1.53369e-05,2.29255e-05,3.11332e-05,4.0035e-05,4.96386e-05,5.98795e-05,7.06272e-05,8.16986e-05,9.28784e-05,0.000103942,0.00011468,0.000124913,0.00013451,0.000143394,0.000151547,0.000159002,0.000165845,0.000172209,0.000178273,0.000184267,0.000190485,0.000197298,0.000205185,0.000214754,0.000226773,0.000242188,0.000262102,0.000287677,0.000319876,0.000359036,0.000404745,0.000457756,0.000518341,0.000585474,0.000656947,0.00072988,0.000801292,0.000868543,0.000929584,0.000983003,0.00102794,0.00106388,0.00109054,0.00110764,0.00111487,0.0011118,0.00109794,0.00107277,0.00103594,0.000987483,0.000928129,0.00085951,0.000784282,0.00070599,0.000628682,0.000556291,0.000491911,0.000437161,0.000391953,0.000355103,0.000325817,0.000303253,0.000286354,0.000273948,0.000264867,0.000258028,0.000252469,0.000247362,0.000242005,0.000235823,0.000228364,0.000219297,0.000208422,0.000195668,0.000181101,0.000164922,0.000147459,0.000129151,0.000110519,9.2131e-05,7.45563e-05,5.83204e-05,4.38589e-05,3.14782e-05,2.13276e-05,1.33863e-05,7.46708e-06,3.2376e-06,2.5661e-07,-1.97847e-06,-3.97807e-06,-6.20722e-06,-9.03871e-06,-1.0399e-05,-1.09871e-05,-1.21983e-05,-1.38493e-05,-1.5412e-05,-1.62751e-05,-1.59013e-05,-1.39741e-05,-1.04805e-05,-5.68647e-06,0
0,-5.63889e-06,-1.1008e-05,-1.58536e-05,-1.97392e-05,-2.22915e-05,-2.33352e-05,-2.29339e-05,-2.13466e-05,-1.89334e-05,-1.60491e-05,-1.28195e-05,-8.01101e-06,-1.18293e-06,5.55371e-06,1.23314e-05,1.93128e-05,2.66626e-05,3.45194e-05,4.29728e-05,5.20486e-05,6.17022e-05,7.18237e-05,8.22504e-05,9.27862e-05,0.000103225,0.00011337,0.000123059,0.000132173,0.000140643,0.000148459,0.00015566,0.000162333,0.000168605,0.000174645,0.000180663,0.000186921,0.000193744,0.000201542,0.000210828,0.000222233,0.000236505,0.000254479,0.000276988,0.00030472,0.00033805,0.000377054,0.00042188,0.000472307,0.000527397,0.000585518,0.000644592,0.000702435,0.000757048,0.000806804,0.000850509,0.000887369,0.000916888,0.000938748,0.000952703,0.000958493,0.000955807,0.000944289,0.000923604,0.000893564,0.000854305,0.000806477,0.0007514,0.000691105,0.00062823,0.000565736,0.000506497,0.000452841,0.000406182,0.000366917,0.000334709,0.000308992,0.000289035,0.000273948,0.000262753,0.000254462,0.000248137,0.000242926,0.000238076,0.000232943,0.00022699,0.00021979,0.000211031,0.000200523,0.000188203,0.000174143,0.000158548,0.000141745,0.000124173,0.000106348,8.88256e-05,7.21626e-05,5.68646e-05,4.33431e-05,3.18771e-05,2.25869e-05,1.54224e-05,1.01699e-05,6.47447e-06,3.87859e-06,1.87062e-06,-6.08763e-08,-2.37393e-06,-5.42681e-06,-7.21528e-06,-8.38672e-06,-1.02376e-05,-1.25281e-05,-1.46757e-05,-1.6019e-05,-1.59835e-05,-1.42355e-05,-1.07682e-05,-5.87389e-06,0
0,-5.96453e-06,-1.1605e-05,-1.66302e-05,-2.05642e-05,-2.30034e-05,-2.37612e-05,-2.29138e-05,-2.0754e-05,-1.76896e-05,-1.41279e-05,-1.02505e-05,-4.9194e-06,2.25934e-06,9.24051e-06,1.61423e-05,2.312e-05,3.03377e-05,3.79403e-05,4.60302e-05,5.465e-05,6.37762e-05,7.33213e-05,8.31462e-05,9.30775e-05,0.00010293,0.000112529,0.000121727,0.000130421,0.000138558,0.000146137,0.000153204,0.000159849,0.000166197,0.000172404,0.000178659,0.000185185,0.000192255,0.000200201,0.000209431,0.000220434,0.000233778,0.000250081,0.000269945,0.000293879,0.000322208,0.000355059,0.000392396,0.000433874,0.000478699,0.000525648,0.000573207,0.000619772,0.000663837,0.000704132,0.000739674,0.000769768,0.000793944,0.000811885,0.00082335,0.000828111,0.000825926,0.000816543,0.000799749,0.000775466,0.000743872,0.00070553,0.000661489,0.000613294,0.000562909,0.000512517,0.000464245,0.000419871,0.000380597,0.000346974,0.000319015,0.000296399,0.000278583,0.000264867,0.000254462,0.000246554,0.00024035,0.000235114,0.00023018,0.000224965,0.000218976,0.000211816,0.000203191,0.000192921,0.000180952,0.000167356,0.000152337,0.00013622,0.000119434,0.000102482,8.59029e-05,7.02292e-05,5.59383e-05,4.34094e-05,3.2887e-05,2.44566e-05,1.80361e-05,1.3384e-05,1.01253e-05,7.79049e-06,5.86588e-06,3.8476e-06,1.29427e-06,-2.12801e-06,-4.47463e-06,-6.33012e-06,-8.88158e-06,-1.18262e-05,-1.45268e-05,-1.6278e-05,-1.64801e-05,-1.47977e-05,-1.12448e-05,-6.14962e-06,0
0,-6.32498e-06,-1.22949e-05,-1.75849e-05,-2.16767e-05,-2.41261e-05,-2.47208e-05,-2.35342e-05,-2.08805e-05,-1.7208e-05,-1.2975e-05,-8.42185e-06,-2.51264e-06,5.09277e-06,1.24091e-05,1.95343e-05,2.66101e-05,3.37952e-05,4.12368e-05,4.9047e-05,5.72844e-05,6.59465e-05,7.49697e-05,8.42401e-05,9.361e-05,0.000102919,0.000112013,0.000120767,0.000129096,0.000136961,0.000144374,0.000151391,0.000158104,0.000164635,0.00017113,0.000177752,0.000184687,0.000192148,0.000200388,0.000209707,0.00022046,0.000233055,0.000247925,0.000265496,0.000286131,0.000310075,0.000337422,0.000368088,0.000401746,0.000437772,0.000475265,0.000513128,0.000550195,0.000585348,0.000617614,0.000646207,0.000670539,0.000690186,0.000704845,0.000714282,0.000718292,0.000716678,0.000709255,0.000695889,0.000676561,0.000651452,0.000621032,0.000586116,0.00054787,0.000507751,0.000467367,0.000428299,0.000391907,0.000359181,0.000330676,0.000306556,0.000286675,0.000270671,0.000258028,0.000248137,0.00024035,0.000234019,0.000228522,0.000223285,0.000217791,0.000211595,0.000204332,0.000195727,0.000185615,0.000173943,0.000160788,0.000146349,0.000130943,0.000114984,9.89588e-05,8.33802e-05,6.875e-05,5.55097e-05,4.39996e-05,3.44238e-05,2.68292e-05,2.10993e-05,1.69658e-05,1.4036e-05,1.18341e-05,9.85111e-06,7.5993e-06,4.66303e-06,7.41816e-07,-2.2704e-06,-4.88538e-06,-8.17251e-06,-1.1762e-05,-1.49633e-05,-1.70353e-05,-1.73661e-05,-1.56342e-05,-1.18884e-05,-6.50126e-06,0
0,-6.70282e-06,-1.30433e-05,-1.86688e-05,-2.30178e-05,-2.5597e-05,-2.61546e-05,-2.4746e-05,-2.16938e-05,-1.74777e-05,-1.26036e-05,-7.3718e-06,-8.53211e-07,7.23259e-06,1.49549e-05,2.23856e-05,2.96476e-05,3.68887e-05,4.42547e-05,5.1864e-05,5.97898e-05,6.80496e-05,7.66043e-05,8.53669e-05,9.42166e-05,0.000103019,0.000111645,0.000119992,0.000127992,0.000135625,0.000142914,0.000149925,0.000156754,0.000163522,0.000170359,0.000177407,0.000184812,0.000192728,0.000201331,0.000210818,0.000221421,0.000233402,0.000247043,0.000262622,0.000280378,0.000300476,0.000322974,0.000347788,0.000374661,0.000403136,0.000432575,0.000462207,0.000491205,0.000518763,0.000544154,0.000566774,0.000586142,0.000601894,0.000613753,0.000621501,0.000624951,0.000623933,0.000618306,0.000607977,0.00059295,0.000573384,0.000549649,0.000522361,0.000492384,0.000460784,0.00042874,0.000397419,0.000367851,0.000340829,0.000316855,0.000296148,0.000278682,0.00026424,0.000252469,0.000242926,0.000235114,0.000228522,0.000222642,0.000216988,0.000211114,0.000204623,0.000197182,0.000188541,0.000178545,0.00016715,0.000154432,0.000140585,0.000125916,0.000110822,9.57646e-05,8.12277e-05,6.76755e-05,5.5508e-05,4.50207e-05,3.63733e-05,2.95712e-05,2.44632e-05,2.07556e-05,1.80419e-05,1.58452e-05,1.36689e-05,1.10493e-05,7.60521e-06,3.07755e-06,-6.82194e-07,-4.10479e-06,-8.13578e-06,-1.23364e-05,-1.59669e-05,-1.82595e-05,-1.86044e-05,-1.67096e-05,-1.26716e-05,-6.91359e-06,0
0,-7.07926e-06,-1.38125e-05,-1.98272e-05,-2.45197e-05,-2.73407e-05,-2.79869e-05,-2.64811e-05,-2.31399e-05,-1.84646e-05,-1.30029e-05,-7.11463e-06,1.98117e-08,8.61648e-06,1.67942e-05,2.45938e-05,3.21141e-05,3.94872e-05,4.68525e-05,5.4332e-05,6.20106e-05,6.99248e-05,7.806e-05,8.6356e-05,9.47202e-05,0.000103046,0.000111229,0.000119189,0.00012688,0.000134295,0.000141472,0.000148485,0.000155435,0.000162439,0.000169616,0.000177085,0.000184954,0.000193324,0.000202296,0.000211975,0.000222482,0.000233953,0.000246538,0.00026039,0.000275645,0.000292398,0.000310679,0.000330424,0.000351455,0.000373468,0.000396041,0.000418662,0.000440776,0.000461827,0.000481303,0.000498756,0.000513817,0.000526188,0.000535629,0.000541942,0.000544958,0.000544528,0.000540531,0.000532889,0.000521607,0.0005068,0.000488738,0.000467867,0.000444806,0.000420317,0.000395245,0.000370441,0.000346673,0.00032456,0.000304532,0.00028682,0.000271475,0.000258394,0.000247362,0.000238076,0.00023018,0.000223285,0.000216988,0.000210892,0.000204614,0.000197807,0.000190174,0.000181487,0.000171606,0.000160495,0.000148229,0.000134998,0.000121096,0.0001069,9.28447e-05,7.93782e-05,6.69232e-05,5.58332e-05,4.63549e-05,3.86008e-05,3.25335e-05,2.79677e-05,2.45868e-05,2.1975e-05,1.96606e-05,1.71664e-05,1.40609e-05,1.00048e-05,4.78786e-06,2.26229e-07,-4.02343e-06,-8.77903e-06,-1.35334e-05,-1.75032e-05,-1.99055e-05,-2.01471e-05,-1.79805e-05,-1.35615e-05,-7.36892e-06,0
0,-7.43474e-06,-1.45626e-05,-2.10011e-05,-2.61073e-05,-2.92718e-05,-3.01289e-05,-2.86546e-05,-2.51458e-05,-2.01133e-05,-1.41398e-05,-7.64157e-06,9.06115e-08,9.20515e-06,1.7866e-05,2.60786e-05,3.39126e-05,4.14795e-05,4.89079e-05,5.6319e-05,6.3807e-05,7.14255e-05,7.91828e-05,8.70458e-05,9.49502e-05,0.000102817,0.000110568,0.000118147,0.000125524,0.000132711,0.000139758,0.000146747,0.000153782,0.000160977,0.000168442,0.000176275,0.000184549,0.000193318,0.000202617,0.00021247,0.000222898,0.000233932,0.000245609,0.000257977,0.000271084,0.000284967,0.000299633,0.000315043,0.000331094,0.000347613,0.000364353,0.000381012,0.000397253,0.000412729,0.000427108,0.000440087,0.0004514,0.000460821,0.000468155,0.00047323,0.000475894,0.000476013,0.000473471,0.000468194,0.00046016,0.000449436,0.000436194,0.000420729,0.000403461,0.000384911,0.000365665,0.000346324,0.000327451,0.000309518,0.000292881,0.000277766,0.000264273,0.000252388,0.000242005,0.000232943,0.000224965,0.000217791,0.000211114,0.000204614,0.000197972,0.000190885,0.000183093,0.000174393,0.000164659,0.000153864,0.000142085,0.000129505,0.000116405,0.000103142,9.01173e-05,7.77412e-05,6.63907e-05,5.63691e-05,4.7872e-05,4.09626e-05,3.55612e-05,3.14501e-05,2.82934e-05,2.56713e-05,2.31238e-05,2.02005e-05,1.65094e-05,1.17602e-05,5.7975e-06,4.08386e-07,-4.65855e-06,-1.00923e-05,-1.532e-05,-1.9523e-05,-2.19155e-05,-2.19362e-05,-1.93965e-05,-1.45211e-05,-7.84762e-06,0
0,-7.74971e-06,-1.52531e-05,-2.21295e-05,-2.77015e-05,-3.12973e-05,-3.24807e-05,-3.11679e-05,-2.76217e-05,-2.23498e-05,-1.59608e-05,-8.92234e-06,-6.34467e-07,8.98184e-06,1.8132e-05,2.67823e-05,3.49687e-05,4.27773e-05,5.0321e-05,5.77162e-05,6.50624e-05,7.24275e-05,7.98414e-05,8.72967e-05,9.47572e-05,0.000102171,0.000109487,0.00011667,0.000123711,0.000130636,0.000137507,0.000144413,0.000151462,0.000158766,0.000166427,0.000174523,0.000183101,0.000192173,0.000201719,0.000211693,0.000222035,0.000232682,0.00024358,0.000254687,0.000265978,0.000277439,0.000289059,0.000300821,0.000312685,0.000324582,0.000336409,0.000348033,0.000359292,0.000370012,0.000380016,0.000389129,0.000397187,0.000404033,0.000409522,0.000413514,0.000415876,0.00041648,0.000415214,0.000411986,0.000406747,0.000399502,0.000390333,0.000379405,0.000366971,0.000353361,0.000338956,0.000324166,0.000309386,0.000294972,0.000281214,0.000268327,0.000256441,0.000245613,0.000235823,0.00022699,0.000218976,0.000211595,0.000204623,0.000197807,0.000190885,0.0001836,0.000175723,0.000167076,0.00015755,0.000147127,0.000135887,0.000124007,0.000111753,9.94579e-05,8.74899e-05,7.62177e-05,6.59696e-05,5.69964e-05,4.94405e-05,4.33163e-05,3.85029e-05,3.47533e-05,3.17171e-05,2.89766e-05,2.60903e-05,2.26417e-05,1.82853e-05,1.27864e-05,6.04894e-06,-1.63956e-07,-6.00924e-06,-1.20481e-05,-1.76474e-05,-2.19631e-05,-2.42205e-05,-2.39056e-05,-2.09014e-05,-1.55103e-05,-8.3286e-06,0
0,-8.00534e-06,-1.58446e-05,-2.31517e-05,-2.92214e-05,-3.33205e-05,-3.49357e-05,-3.39123e-05,-3.04648e-05,-2.50844e-05,-1.83944e-05,-1.09073e-05,-2.12862e-06,7.95095e-06,1.75755e-05,2.66694e-05,3.5231e-05,4.33161e-05,5.10171e-05,5.84407e-05,6.56873e-05,7.2836e-05,7.99351e-05,8.70013e-05,9.40253e-05,0.000100982,0.000107846,0.000114604,0.000121267,0.000127874,0.000134498,0.000141236,0.0001482,0.0001555,0.000163231,0.000171458,0.000180207,0.000189456,0.000199141,0.000209159,0.000219383,0.000229677,0.000239907,0.000249959,0.000259745,0.000269206,0.000278317,0.000287071,0.000295478,0.000303552,0.000311301,0.000318724,0.000325803,0.000332507,0.000338789,0.000344589,0.000349835,0.000354444,0.000358319,0.000361355,0.000363438,0.000364447,0.000364264,0.000362779,0.000359903,0.000355585,0.000349818,0.000342658,0.000334218,0.000324676,0.000314254,0.00030321,0.000291811,0.000280321,0.000268977,0.000257979,0.000247482,0.000237593,0.000228364,0.00021979,0.000211816,0.000204332,0.000197182,0.000190174,0.000183093,0.000175723,0.000167866,0.000159367,0.000150135,0.000140163,0.00012953,0.00011841,0.000107052,9.57629e-05,8.48762e-05,7.47158e-05,6.55594e-05,5.76037e-05,5.09383e-05,4.55293e-05,4.12179e-05,3.77321e-05,3.47129e-05,3.1751e-05,2.84309e-05,2.43771e-05,1.92971e-05,1.30169e-05,5.50361e-06,-1.50015e-06,-8.05641e-06,-1.46023e-05,-2.04521e-05,-2.47482e-05,-2.67424e-05,-2.59823e-05,-2.24351e-05,-1.64864e-05,-8.79003e-06,0
0,-8.18438e-06,-1.63001e-05,-2.40094e-05,-3.05879e-05,-3.5244e-05,-3.73838e-05,-3.67723e-05,-3.35623e-05,-2.82143e-05,-2.13539e-05,-1.35295e-05,-4.34655e-06,6.13634e-06,1.62002e-05,2.57257e-05,3.467e-05,4.30544e-05,5.09458e-05,5.84359e-05,6.56213e-05,7.25875e-05,7.93978e-05,8.60905e-05,9.26807e-05,9.91697e-05,0.000105556,0.000111848,0.000118075,0.000124291,0.00013058,0.000137045,0.000143801,0.000150959,0.000158612,0.000166815,0.000175578,0.000184856,0.000194551,0.000204518,0.000214577,0.000224533,0.000234191,0.000243375,0.000251943,0.000259801,0.0002669,0.000273242,0.000278869,0.000283855,0.000288292,0.00029228,0.000295917,0.000299285,0.000302449,0.00030545,0.000308299,0.00031098,0.00031345,0.000315637,0.000317447,0.000318766,0.000319467,0.000319417,0.000318491,0.000316579,0.000313598,0.000309508,0.000304312,0.000298063,0.000290862,0.000282849,0.000274197,0.000265097,0.000255745,0.000246332,0.00023703,0.000227983,0.000219297,0.000211031,0.000203191,0.000195727,0.000188541,0.000181487,0.000174393,0.000167076,0.000159367,0.000151134,0.000142303,0.000132875,0.000122934,0.000112644,0.000102237,9.19942e-05,8.221e-05,7.31626e-05,6.50774e-05,5.80972e-05,5.22593e-05,4.7485e-05,4.35814e-05,4.02572e-05,3.71517e-05,3.38715e-05,3.00343e-05,2.53126e-05,1.94727e-05,1.24052e-05,4.14285e-06,-3.59021e-06,-1.07628e-05,-1.76944e-05,-2.36567e-05,-2.77925e-05,-2.9395e-05,-2.80888e-05,-2.39351e-05,-1.74064e-05,-9.20998e-06,0
0,-8.27196e-06,-1.6587e-05,-2.46498e-05,-3.17267e-05,-3.69735e-05,-3.97154e-05,-3.96295e-05,-3.67949e-05,-3.16269e-05,-2.474e-05,-1.67073e-05,-7.22641e-06,3.57954e-06,1.40282e-05,2.39557e-05,3.32759e-05,4.19716e-05,5.00792e-05,5.767e-05,6.48312e-05,7.16494e-05,7.81986e-05,8.45344e-05,9.06942e-05,9.67029e-05,0.000102582,0.000108362,0.000114088,0.00011983,0.000125681,0.000131753,0.000138164,0.00014503,0.00015244,0.000160448,0.000169054,0.000178198,0.00018776,0.000197567,0.0002074,0.00021702,0.000226182,0.000234663,0.000242278,0.000248894,0.000254443,0.000258925,0.000262397,0.000264974,0.000266807,0.000268071,0.00026895,0.00026962,0.000270234,0.00027092,0.000271764,0.000272813,0.000274071,0.000275503,0.000277035,0.000278557,0.000279935,0.000281016,0.000281636,0.000281634,0.000280863,0.000279202,0.000276566,0.000272912,0.000268247,0.000262627,0.000256153,0.000248964,0.000241228,0.000233128,0.000224849,0.000216566,0.000208422,0.000200523,0.000192921,0.000185615,0.000178545,0.000171606,0.000164659,0.00015755,0.000150135,0.000142303,0.000133995,0.00012522,0.000116062,0.000106678,9.72815e-05,8.81218e-05,7.94551e-05,7.15117e-05,6.44649e-05,5.84041e-05,5.33174e-05,4.9085e-05,4.54859e-05,4.22168e-05,3.89225e-05,3.52336e-05,3.08087e-05,2.53744e-05,1.87607e-05,1.09258e-05,1.96873e-06,-6.40439e-06,-1.40734e-05,-2.12486e-05,-2.71716e-05,-3.10008e-05,-3.20871e-05,-3.01452e-05,-2.53386e-05,-1.82278e-05,-9.56721e-06,0
0,-8.25638e-06,-1.66787e-05,-2.50275e-05,-3.25713e-05,-3.84215e-05,-4.1825e-05,-4.23663e-05,-4.00402e-05,-3.52029e-05,-2.8443e-05,-2.0346e-05,-1.06915e-05,3.38145e-07,1.10983e-05,2.13814e-05,3.10566e-05,4.00652e-05,4.84085e-05,5.61317e-05,6.33069e-05,7.00157e-05,7.63372e-05,8.23396e-05,8.80786e-05,9.36e-05,9.89471e-05,0.000104169,0.00010933,0.000114512,0.00011982,0.000125372,0.000131296,0.00013771,0.000144707,0.00015234,0.000160609,0.000169449,0.000178728,0.000188255,0.000197788,0.000207058,0.000215784,0.000223705,0.000230598,0.0002363,0.00024072,0.000243844,0.000245736,0.00024653,0.000246414,0.000245616,0.00024438,0.000242951,0.000241556,0.00024039,0.000239605,0.000239304,0.000239537,0.0002403,0.000241539,0.000243151,0.000244998,0.000246904,0.000248677,0.000250112,0.000251008,0.00025118,0.000250474,0.00024878,0.000246035,0.000242235,0.00023743,0.000231726,0.000225271,0.000218245,0.000210843,0.00020326,0.000195668,0.000188203,0.000180952,0.000173943,0.00016715,0.000160495,0.000153864,0.000147127,0.000140163,0.000132875,0.00012522,0.000117212,0.000108935,0.000100534,9.2201e-05,8.41541e-05,7.66081e-05,6.97453e-05,6.36873e-05,5.84728e-05,5.40448e-05,5.02482e-05,4.6841e-05,4.35158e-05,3.99317e-05,3.57517e-05,3.06821e-05,2.45096e-05,1.71316e-05,8.57534e-06,-9.95099e-07,-9.89283e-06,-1.7915e-05,-2.51745e-05,-3.08965e-05,-3.42715e-05,-3.47241e-05,-3.2071e-05,-2.65842e-05,-1.89099e-05,-9.84196e-06,0
0,-8.12983e-06,-1.6556e-05,-2.51073e-05,-3.30663e-05,-3.9511e-05,-4.36154e-05,-4.48699e-05,-4.31765e-05,-3.88191e-05,-3.23458e-05,-2.434e-05,-1.46519e-05,-3.51542e-06,7.46499e-06,1.80403e-05,2.80354e-05,3.73477e-05,4.59397e-05,5.38255e-05,6.10554e-05,6.76998e-05,7.38364e-05,7.95404e-05,8.48808e-05,8.99205e-05,9.47216e-05,9.93513e-05,0.00010389,0.000108433,0.000113097,0.00011801,0.000123306,0.000129111,0.000135524,0.000142605,0.000150358,0.000158721,0.000167562,0.000176683,0.000185833,0.000194722,0.00020305,0.000210526,0.000216899,0.000221975,0.000225638,0.000227858,0.000228691,0.000228275,0.000226815,0.000224567,0.000221816,0.000218855,0.000215964,0.000213392,0.000211343,0.000209967,0.000209353,0.000209528,0.000210456,0.000212045,0.00021415,0.000216585,0.000219129,0.000221547,0.000223596,0.000225046,0.000225694,0.000225381,0.000224,0.000221506,0.000217919,0.000213324,0.000207857,0.000201699,0.000195051,0.000188122,0.000181101,0.000174143,0.000167356,0.000160788,0.000154432,0.000148229,0.000142085,0.000135887,0.00012953,0.000122934,0.000116062,0.000108935,0.000101631,9.42817e-05,8.70552e-05,8.01355e-05,7.36955e-05,6.78696e-05,6.273e-05,5.82686e-05,5.43885e-05,5.09071e-05,4.75697e-05,4.40741e-05,4.01026e-05,3.53585e-05,2.9603e-05,2.26875e-05,1.4579e-05,5.37352e-06,-4.70268e-06,-1.39853e-05,-2.21974e-05,-2.93679e-05,-3.47216e-05,-3.74982e-05,-3.72105e-05,-3.37882e-05,-2.76141e-05,-1.94161e-05,-1.00168e-05,0
0,-7.88891e-06,-1.62083e-05,-2.48655e-05,-3.31698e-05,-4.01785e-05,-4.50012e-05,-4.70359e-05,-4.60862e-05,-4.23518e-05,-3.63255e-05,-2.85743e-05,-1.90052e-05,-7.89482e-06,3.19718e-06,1.39844e-05,2.42488e-05,3.38439e-05,4.26902e-05,5.07661e-05,5.80941e-05,6.47265e-05,7.07327e-05,7.61883e-05,8.11696e-05,8.57521e-05,9.00126e-05,9.40342e-05,9.79115e-05,0.000101755,0.00010569,0.000109856,0.000114397,0.000119447,0.000125117,0.000131477,0.000138542,0.00014626,0.000154509,0.000163096,0.000171769,0.000180235,0.00018818,0.000195297,0.000201311,0.000206005,0.000209236,0.000210952,0.00021119,0.000210079,0.000207824,0.00020469,0.000200982,0.00019702,0.000193118,0.000189563,0.0001866,0.000184414,0.000183128,0.000182794,0.000183396,0.000184849,0.00018701,0.000189684,0.000192637,0.000195608,0.000198332,0.000200547,0.000202022,0.000202569,0.000202054,0.000200411,0.000197647,0.000193833,0.000189105,0.000183641,0.00017765,0.000171344,0.000164922,0.000158548,0.000152337,0.000146349,0.000140585,0.000134998,0.000129505,0.000124007,0.00011841,0.000112644,0.000106678,0.000100534,9.42817e-05,8.80359e-05,8.19383e-05,7.61374e-05,7.07639e-05,6.59058e-05,6.15893e-05,5.77647e-05,5.4303e-05,5.10023e-05,4.7605e-05,4.38238e-05,3.93734e-05,3.40052e-05,2.7541e-05,1.99005e-05,1.11207e-05,1.36436e-06,-9.08507e-06,-1.8591e-05,-2.68136e-05,-3.37129e-05,-3.85307e-05,-4.05723e-05,-3.94533e-05,-3.52234e-05,-2.83765e-05,-1.97147e-05,-1.00772e-05,0
0,-7.535e-06,-1.56343e-05,-2.42919e-05,-3.28557e-05,-4.03768e-05,-4.5912e-05,-4.8772e-05,-4.86588e-05,-4.56792e-05,-4.02567e-05,-3.29266e-05,-2.36384e-05,-1.27005e-05,-1.62185e-06,9.27957e-06,1.97466e-05,2.95894e-05,3.86857e-05,4.69741e-05,5.4444e-05,6.11232e-05,6.70652e-05,7.23388e-05,7.70212e-05,8.11942e-05,8.49451e-05,8.83692e-05,9.15736e-05,9.46807e-05,9.7828e-05,0.000101165,0.000104847,0.000109019,0.000113806,0.000119294,0.000125513,0.00013243,0.000139939,0.000147863,0.000155961,0.000163946,0.000171502,0.000178315,0.000184094,0.000188601,0.00019167,0.00019322,0.000193265,0.000191912,0.00018935,0.000185838,0.000181681,0.000177208,0.000172748,0.000168612,0.000165067,0.000162326,0.000160537,0.000159773,0.000160034,0.000161247,0.000163273,0.000165917,0.000168937,0.000172067,0.000175025,0.000177542,0.000179371,0.000180314,0.00018023,0.000179046,0.000176765,0.000173458,0.000169261,0.000164353,0.000158943,0.000153246,0.000147459,0.000141745,0.00013622,0.000130943,0.000125916,0.000121096,0.000116405,0.000111753,0.000107052,0.000102237,9.72815e-05,9.2201e-05,8.70552e-05,8.19383e-05,7.69634e-05,7.22429e-05,6.78657e-05,6.38766e-05,6.02606e-05,5.69334e-05,5.37425e-05,5.04767e-05,4.68858e-05,4.27072e-05,3.76967e-05,3.16613e-05,2.44877e-05,1.61653e-05,6.80013e-06,-3.38302e-06,-1.40501e-05,-2.35995e-05,-3.16413e-05,-3.80836e-05,-4.22028e-05,-4.33864e-05,-4.13642e-05,-3.63107e-05,-2.88276e-05,-1.97806e-05,-1.00127e-05,0
0,-7.07439e-06,-1.48428e-05,-2.33903e-05,-3.21153e-05,-4.00777e-05,-4.62956e-05,-5.00009e-05,-5.07954e-05,-4.86854e-05,-4.40138e-05,-3.72694e-05,-2.84288e-05,-1.78203e-05,-6.89481e-06,4.00583e-06,1.45907e-05,2.46299e-05,3.39582e-05,4.24725e-05,5.0125e-05,5.69126e-05,6.28659e-05,6.80394e-05,7.25037e-05,7.63406e-05,7.96419e-05,8.25107e-05,8.50638e-05,8.74336e-05,8.97681e-05,9.22281e-05,9.49794e-05,9.81822e-05,0.000101977,0.000106467,0.000111706,0.000117683,0.000124318,0.000131457,0.00013888,0.000146314,0.000153454,0.000159985,0.000165611,0.000170076,0.000173192,0.000174851,0.000175037,0.000173826,0.000171379,0.000167934,0.000163779,0.000159234,0.000154629,0.000150278,0.000146462,0.000143407,0.000141277,0.000140161,0.000140074,0.000140955,0.000142674,0.000145043,0.000147826,0.000150758,0.000153563,0.000155972,0.000157744,0.000158686,0.000158662,0.000157609,0.000155532,0.000152511,0.000148682,0.000144226,0.00013935,0.000134261,0.000129151,0.000124173,0.000119434,0.000114984,0.000110822,0.0001069,0.000103142,9.94579e-05,9.57629e-05,9.19942e-05,8.81218e-05,8.41541e-05,8.01355e-05,7.61374e-05,7.22429e-05,6.8528e-05,6.50423e-05,6.17917e-05,5.87263e-05,5.57359e-05,5.2654e-05,4.92707e-05,4.53539e-05,4.06753e-05,3.50403e-05,2.83164e-05,2.04583e-05,1.15248e-05,1.68726e-06,-8.77375e-06,-1.94825e-05,-2.88814e-05,-3.65446e-05,-4.23468e-05,-4.56163e-05,-4.58373e-05,-4.28632e-05,-3.69944e-05,-2.89333e-05,-1.95967e-05,-9.81704e-06,0
0,-6.51805e-06,-1.3852e-05,-2.21788e-05,-3.09575e-05,-3.92728e-05,-4.61201e-05,-5.06641e-05,-5.24109e-05,-5.12636e-05,-4.74744e-05,-4.14723e-05,-3.32461e-05,-2.31307e-05,-1.25107e-05,-1.74244e-06,8.85663e-06,1.90215e-05,2.85464e-05,3.72864e-05,4.51532e-05,5.2108e-05,5.81524e-05,6.33191e-05,6.76643e-05,7.12625e-05,7.42039e-05,7.65939e-05,7.85546e-05,8.02256e-05,8.17637e-05,8.33395e-05,8.5131e-05,8.73127e-05,9.00426e-05,9.34463e-05,9.76023e-05,0.000102529,0.000108175,0.000114418,0.000121067,0.000127873,0.00013455,0.000140793,0.000146305,0.000150821,0.000154133,0.000156107,0.000156693,0.00015593,0.000153945,0.000150938,0.000147169,0.000142934,0.000138545,0.000134308,0.0001305,0.00012735,0.00012503,0.00012364,0.000123206,0.000123681,0.000124949,0.000126835,0.000129119,0.000131551,0.000133872,0.000135831,0.000137206,0.000137822,0.000137563,0.000136379,0.000134293,0.00013139,0.000127813,0.000123741,0.000119373,0.000114907,0.000110519,0.000106348,0.000102482,9.89588e-05,9.57646e-05,9.28447e-05,9.01173e-05,8.74899e-05,8.48762e-05,8.221e-05,7.94551e-05,7.66081e-05,7.36955e-05,7.07639e-05,6.78657e-05,6.50423e-05,6.23076e-05,5.96342e-05,5.69455e-05,5.41146e-05,5.09719e-05,4.73196e-05,4.29537e-05,3.76894e-05,3.1388e-05,2.39818e-05,1.54938e-05,6.04955e-06,-4.12014e-06,-1.46874e-05,-2.52452e-05,-3.42906e-05,-4.13777e-05,-4.6366e-05,-4.86521e-05,-4.78298e-05,-4.38816e-05,-3.72313e-05,-2.86713e-05,-1.91548e-05,-9.48874e-06,0
0,-5.88121e-06,-1.26886e-05,-2.06886e-05,-2.9409e-05,-3.79744e-05,-4.5375e-05,-5.07234e-05,-5.34381e-05,-5.33197e-05,-5.05231e-05,-4.54061e-05,-3.79549e-05,-2.84986e-05,-1.83453e-05,-7.85605e-06,2.63439e-06,1.28328e-05,2.24976e-05,3.14434e-05,3.95409e-05,4.67122e-05,5.29243e-05,5.81817e-05,6.2519e-05,6.59959e-05,6.86936e-05,7.07139e-05,7.21789e-05,7.32315e-05,7.40341e-05,7.47657e-05,7.56151e-05,7.67714e-05,7.84107e-05,8.06818e-05,8.36908e-05,8.74877e-05,9.20566e-05,9.73111e-05,0.000103096,0.000109195,0.000115348,0.000121268,0.000126665,0.000131272,0.000134866,0.000137288,0.000138455,0.000138367,0.000137105,0.000134828,0.000131752,0.000128138,0.000124267,0.000120421,0.000116862,0.000113812,0.00011144,0.000109851,0.000109082,0.000109098,0.000109803,0.000111043,0.000112621,0.000114314,0.000115893,0.000117136,0.000117854,0.000117901,0.000117187,0.000115688,0.000113444,0.000110551,0.000107155,0.000103432,9.95701e-05,9.57513e-05,9.2131e-05,8.88256e-05,8.59029e-05,8.33802e-05,8.12277e-05,7.93782e-05,7.77412e-05,7.62177e-05,7.47158e-05,7.31626e-05,7.15117e-05,6.97453e-05,6.78696e-05,6.59058e-05,6.38766e-05,6.17917e-05,5.96342e-05,5.73509e-05,5.48473e-05,5.19902e-05,4.86176e-05,4.45545e-05,3.96347e-05,3.37239e-05,2.67444e-05,1.86944e-05,9.66366e-06,-1.60668e-07,-1.04964e-05,-2.09788e-05,-3.11816e-05,-3.9668e-05,-4.59884e-05,-5.00051e-05,-5.11982e-05,-4.92805e-05,-4.43652e-05,-3.69929e-05,-2.80324e-05,-1.8456e-05,-9.03147e-06,0
0,-5.18253e-06,-1.13873e-05,-1.89631e-05,-2.75125e-05,-3.62145e-05,-4.4072e-05,-5.01628e-05,-5.38299e-05,-5.47758e-05,-5.30551e-05,-4.89457e-05,-4.24183e-05,-3.37833e-05,-2.42627e-05,-1.42111e-05,-3.97018e-06,6.14731e-06,1.58705e-05,2.4978e-05,3.33003e-05,4.07195e-05,4.71643e-05,5.26054e-05,5.70493e-05,6.05336e-05,6.31237e-05,6.49107e-05,6.60109e-05,6.65652e-05,6.67379e-05,6.6713e-05,6.6688e-05,6.6865e-05,6.74378e-05,6.85782e-05,7.04209e-05,7.30494e-05,7.64858e-05,8.0684e-05,8.55294e-05,9.08447e-05,9.64022e-05,0.00010194,0.000107186,0.000111875,0.000115775,0.000118707,0.000120555,0.000121279,0.000120915,0.00011957,0.00011741,0.00011465,0.000111528,0.000108293,0.000105179,0.00010239,0.000100086,9.83711e-05,9.72896e-05,9.68226e-05,9.68933e-05,9.73751e-05,9.81037e-05,9.88928e-05,9.95509e-05,9.98988e-05,9.97863e-05,9.9106e-05,9.78031e-05,9.58804e-05,9.33971e-05,9.04621e-05,8.72222e-05,8.38465e-05,8.05085e-05,7.73681e-05,7.45563e-05,7.21626e-05,7.02292e-05,6.875e-05,6.76755e-05,6.69232e-05,6.63907e-05,6.59696e-05,6.55594e-05,6.50774e-05,6.44649e-05,6.36873e-05,6.273e-05,6.15893e-05,6.02606e-05,5.87263e-05,5.69455e-05,5.48473e-05,5.23291e-05,4.92621e-05,4.55024e-05,4.09075e-05,3.53567e-05,2.8772e-05,2.11386e-05,1.252e-05,3.06811e-06,-6.97592e-06,-1.72887e-05,-2.74805e-05,-3.7119e-05,-4.48455e-05,-5.02233e-05,-5.31344e-05,-5.31544e-05,-5.01215e-05,-4.42771e-05,-3.62674e-05,-2.7021e-05,-1.75116e-05,-8.45393e-06,0
0,-4.44319e-06,-9.98776e-06,-1.70547e-05,-2.53247e-05,-3.40431e-05,-4.22442e-05,-4.89893e-05,-5.35614e-05,-5.55733e-05,-5.49806e-05,-5.19753e-05,-4.6502e-05,-3.88404e-05,-3.01175e-05,-2.06695e-05,-1.08344e-05,-9.33989e-07,8.74018e-06,1.79366e-05,2.64499e-05,3.41224e-05,4.08435e-05,4.65464e-05,5.12041e-05,5.48257e-05,5.74538e-05,5.91621e-05,6.00545e-05,6.02642e-05,5.99521e-05,5.9303e-05,5.85197e-05,5.78142e-05,5.73961e-05,5.74585e-05,5.81638e-05,5.96294e-05,6.1916e-05,6.50201e-05,6.88712e-05,7.3335e-05,7.82227e-05,8.33049e-05,8.83303e-05,9.3046e-05,9.7218e-05,0.00010065,0.000103201,0.000104789,0.000105404,0.0001051,0.000103989,0.000102231,0.000100014,9.75436e-05,9.50173e-05,9.26139e-05,9.04771e-05,8.8706e-05,8.7349e-05,8.64019e-05,8.58115e-05,8.54826e-05,8.52893e-05,8.50886e-05,8.47357e-05,8.40994e-05,8.30763e-05,8.16024e-05,7.96601e-05,7.72817e-05,7.45462e-05,7.1572e-05,6.85048e-05,6.55028e-05,6.27204e-05,6.02922e-05,5.83204e-05,5.68646e-05,5.59383e-05,5.55097e-05,5.5508e-05,5.58332e-05,5.63691e-05,5.69964e-05,5.76037e-05,5.80972e-05,5.84041e-05,5.84728e-05,5.82686e-05,5.77647e-05,5.69334e-05,5.57359e-05,5.41146e-05,5.19902e-05,4.92621e-05,4.5816e-05,4.15359e-05,3.63197e-05,3.00981e-05,2.28525e-05,1.46306e-05,5.55751e-06,-4.15994e-06,-1.42363e-05,-2.4319e-05,-3.40064e-05,-4.28734e-05,-4.96519e-05,-5.39337e-05,-5.56352e-05,-5.44371e-05,-5.03043e-05,-4.35997e-05,-3.50604e-05,-2.56555e-05,-1.6342e-05,-7.76959e-06,0
0,-3.68561e-06,-8.53328e-06,-1.50227e-05,-2.29129e-05,-3.15259e-05,-3.9944e-05,-4.72323e-05,-5.26311e-05,-5.5676e-05,-5.62283e-05,-5.43924e-05,-5.00786e-05,-4.35261e-05,-3.57576e-05,-2.7081e-05,-1.78186e-05,-8.29027e-06,1.2018e-06,1.03845e-05,1.9022e-05,2.69211e-05,3.39321e-05,3.99493e-05,4.49088e-05,4.87862e-05,5.1595e-05,5.33851e-05,5.42415e-05,5.42834e-05,5.36623e-05,5.25586e-05,5.11754e-05,4.97308e-05,4.8446e-05,4.75326e-05,4.71781e-05,4.75318e-05,4.86923e-05,5.06989e-05,5.35266e-05,5.70869e-05,6.12338e-05,6.57753e-05,7.04888e-05,7.51387e-05,7.94958e-05,8.33554e-05,8.6552e-05,8.89717e-05,9.05577e-05,9.13118e-05,9.12902e-05,9.05943e-05,8.93588e-05,8.77373e-05,8.58869e-05,8.39537e-05,8.20605e-05,8.0297e-05,7.87137e-05,7.73207e-05,7.60894e-05,7.49588e-05,7.38449e-05,7.26525e-05,7.1288e-05,6.96719e-05,6.77508e-05,6.55056e-05,6.29566e-05,6.01643e-05,5.72255e-05,5.42648e-05,5.14231e-05,4.88438e-05,4.66585e-05,4.49733e-05,4.38589e-05,4.33431e-05,4.34094e-05,4.39996e-05,4.50207e-05,4.63549e-05,4.7872e-05,4.94405e-05,5.09383e-05,5.22593e-05,5.33174e-05,5.40448e-05,5.43885e-05,5.4303e-05,5.37425e-05,5.2654e-05,5.09719e-05,4.86176e-05,4.55024e-05,4.15359e-05,3.66377e-05,3.07525e-05,2.38658e-05,1.60182e-05,7.31686e-06,-2.05815e-06,-1.18543e-05,-2.17539e-05,-3.13879e-05,-4.0357e-05,-4.82562e-05,-5.39196e-05,-5.6982e-05,-5.7406e-05,-5.49832e-05,-4.98023e-05,-4.23363e-05,-3.33954e-05,-2.39682e-05,-1.49767e-05,-6.99619e-06,0
0,-2.93226e-06,-7.06785e-06,-1.29291e-05,-2.03512e-05,-2.87398e-05,-3.72406e-05,-4.49416e-05,-5.10605e-05,-5.50709e-05,-5.67488e-05,-5.61124e-05,-5.3033e-05,-4.77014e-05,-4.10291e-05,-3.32857e-05,-2.4767e-05,-1.57795e-05,-6.6249e-06,2.4118e-06,1.10728e-05,1.91345e-05,2.6412e-05,3.27613e-05,3.808e-05,4.23073e-05,4.54229e-05,4.74472e-05,4.84401e-05,4.85004e-05,4.77641e-05,4.64008e-05,4.46087e-05,4.26059e-05,4.06207e-05,3.88781e-05,3.75866e-05,3.69237e-05,3.70233e-05,3.79656e-05,3.97703e-05,4.23955e-05,4.57407e-05,4.9655e-05,5.39492e-05,5.84117e-05,6.2825e-05,6.69823e-05,7.07028e-05,7.38438e-05,7.63087e-05,7.80503e-05,7.90699e-05,7.94117e-05,7.91538e-05,7.83976e-05,7.72547e-05,7.58356e-05,7.42384e-05,7.25404e-05,7.07927e-05,6.9018e-05,6.72125e-05,6.53501e-05,6.33899e-05,6.12858e-05,5.89962e-05,5.64942e-05,5.37755e-05,5.08647e-05,4.78173e-05,4.47191e-05,4.16802e-05,3.88273e-05,3.62924e-05,3.42003e-05,3.26564e-05,3.17365e-05,3.14782e-05,3.18771e-05,3.2887e-05,3.44238e-05,3.63733e-05,3.86008e-05,4.09626e-05,4.33163e-05,4.55293e-05,4.7485e-05,4.9085e-05,5.02482e-05,5.09071e-05,5.10023e-05,5.04767e-05,4.92707e-05,4.73196e-05,4.45545e-05,4.09075e-05,3.63197e-05,3.07525e-05,2.42008e-05,1.67051e-05,8.36276e-06,-6.65729e-07,-1.01545e-05,-1.98169e-05,-2.93158e-05,-3.82801e-05,-4.63259e-05,-5.30808e-05,-5.74917e-05,-5.92479e-05,-5.83676e-05,-5.47541e-05,-4.86128e-05,-4.05118e-05,-3.13129e-05,-2.20032e-05,-1.34528e-05,-6.1549e-06,0
0,-2.20436e-06,-5.63377e-06,-1.08357e-05,-1.77164e-05,-2.57692e-05,-3.42154e-05,-4.21852e-05,-4.88935e-05,-5.37697e-05,-5.65166e-05,-5.7072e-05,-5.52666e-05,-5.12377e-05,-4.57803e-05,-3.91179e-05,-3.151e-05,-2.32384e-05,-1.45933e-05,-5.86033e-06,2.69015e-06,1.08123e-05,1.82913e-05,2.49485e-05,3.06441e-05,3.52794e-05,3.87978e-05,4.11857e-05,4.24728e-05,4.27317e-05,4.20764e-05,4.06598e-05,3.86682e-05,3.63139e-05,3.38255e-05,3.14358e-05,2.93683e-05,2.78237e-05,2.69662e-05,2.6913e-05,2.77265e-05,2.941e-05,3.19086e-05,3.51148e-05,3.88769e-05,4.30124e-05,4.73219e-05,5.16042e-05,5.56708e-05,5.93583e-05,6.25372e-05,6.51177e-05,6.70511e-05,6.83277e-05,6.89715e-05,6.90319e-05,6.85752e-05,6.76749e-05,6.64027e-05,6.48218e-05,6.2982e-05,6.09175e-05,5.86475e-05,5.61793e-05,5.35139e-05,5.06525e-05,4.76033e-05,4.43888e-05,4.10504e-05,3.76516e-05,3.42785e-05,3.10362e-05,2.80433e-05,2.54234e-05,2.32952e-05,2.17614e-05,2.08995e-05,2.07533e-05,2.13276e-05,2.25869e-05,2.44566e-05,2.68292e-05,2.95712e-05,3.25335e-05,3.55612e-05,3.85029e-05,4.12179e-05,4.35814e-05,4.54859e-05,4.6841e-05,4.75697e-05,4.7605e-05,4.68858e-05,4.53539e-05,4.29537e-05,3.96347e-05,3.53567e-05,3.00981e-05,2.38658e-05,1.67051e-05,8.70955e-06,2.70189e-08,-9.13711e-06,-1.85224e-05,-2.7821e-05,-3.66904e-05,-4.47713e-05,-5.17078e-05,-5.7171e-05,-6.02289e-05,-6.06348e-05,-5.84673e-05,-5.37381e-05,-4.67581e-05,-3.81713e-05,-2.88691e-05,-1.98151e-05,-1.18129e-05,-5.26934e-06,0
0,-1.52073e-06,-4.26935e-06,-8.80039e-06,-1.50835e-05,-2.27005e-05,-3.09582e-05,-3.90449e-05,-4.6193e-05,-5.18067e-05,-5.55311e-05,-5.72319e-05,-5.67015e-05,-5.40214e-05,-4.98674e-05,-4.44112e-05,-3.78679e-05,-3.04848e-05,-2.25293e-05,-1.42766e-05,-5.99896e-06,2.04508e-06,9.61875e-06,1.65141e-05,2.25576e-05,2.76138e-05,3.15891e-05,3.44335e-05,3.61427e-05,3.67581e-05,3.63663e-05,3.5097e-05,3.31181e-05,3.06292e-05,2.78524e-05,2.50211e-05,2.23668e-05,2.01064e-05,1.84284e-05,1.74817e-05,1.73664e-05,1.81281e-05,1.97564e-05,2.21871e-05,2.53085e-05,2.89712e-05,3.29997e-05,3.72059e-05,4.14018e-05,4.5412e-05,4.90831e-05,5.22912e-05,5.49452e-05,5.69884e-05,5.83953e-05,5.91679e-05,5.93294e-05,5.89175e-05,5.79779e-05,5.6559e-05,5.47079e-05,5.24679e-05,4.98787e-05,4.69781e-05,4.38047e-05,4.04023e-05,3.68237e-05,3.31346e-05,2.94155e-05,2.57621e-05,2.22834e-05,1.90974e-05,1.63248e-05,1.40808e-05,1.24665e-05,1.15601e-05,1.14096e-05,1.20272e-05,1.33863e-05,1.54224e-05,1.80361e-05,2.10993e-05,2.44632e-05,2.79677e-05,3.14501e-05,3.47533e-05,3.77321e-05,4.02572e-05,4.22168e-05,4.35158e-05,4.40741e-05,4.38238e-05,4.27072e-05,4.06753e-05,3.76894e-05,3.37239e-05,2.8772e-05,2.28525e-05,1.60182e-05,8.36276e-06,2.70189e-08,-8.79857e-06,-1.78748e-05,-2.69196e-05,-3.56175e-05,-4.36348e-05,-5.06368e-05,-5.63071e-05,-6.03687e-05,-6.20169e-05,-6.10749e-05,-5.76822e-05,-5.19519e-05,-4.42847e-05,-3.53793e-05,-2.61331e-05,-1.74664e-05,-1.01037e-05,-4.36445e-06,0
0,-8.96874e-07,-3.00687e-06,-6.87387e-06,-1.25217e-05,-1.96182e-05,-2.75613e-05,-3.56116e-05,-4.30374e-05,-4.92375e-05,-5.38156e-05,-5.65777e-05,-5.7283e-05,-5.59581e-05,-5.31593e-05,-4.90036e-05,-4.36559e-05,-3.73209e-05,-3.02332e-05,-2.26469e-05,-1.48248e-05,-7.02775e-06,4.9478e-07,7.51345e-06,1.38264e-05,1.92655e-05,2.37015e-05,2.70479e-05,2.92641e-05,3.0357e-05,3.03812e-05,2.94377e-05,2.76698e-05,2.52574e-05,2.24088e-05,1.93501e-05,1.63135e-05,1.3524e-05,1.11867e-05,9.47541e-06,8.5218e-06,8.40899e-06,9.16751e-06,1.07753e-05,1.3161e-05,1.62113e-05,1.97794e-05,2.36967e-05,2.77841e-05,3.18634e-05,3.57675e-05,3.93483e-05,4.24825e-05,4.5075e-05,4.70592e-05,4.8396e-05,4.90703e-05,4.90878e-05,4.847e-05,4.72509e-05,4.54737e-05,4.31884e-05,4.04516e-05,3.73261e-05,3.38824e-05,3.01997e-05,2.63675e-05,2.24861e-05,1.86659e-05,1.5026e-05,1.16898e-05,8.78048e-06,6.41391e-06,4.69179e-06,3.69417e-06,3.4728e-06,4.04605e-06,5.39583e-06,7.46708e-06,1.01699e-05,1.3384e-05,1.69658e-05,2.07556e-05,2.45868e-05,2.82934e-05,3.17171e-05,3.47129e-05,3.71517e-05,3.89225e-05,3.99317e-05,4.01026e-05,3.93734e-05,3.76967e-05,3.50403e-05,3.1388e-05,2.67444e-05,2.11386e-05,1.46306e-05,7.31686e-06,-6.65729e-07,-9.13711e-06,-1.78748e-05,-2.66185e-05,-3.50775e-05,-4.29434e-05,-4.99041e-05,-5.5661e-05,-5.99465e-05,-6.25413e-05,-6.27715e-05,-6.05323e-05,-5.60209e-05,-4.94398e-05,-4.12613e-05,-3.22157e-05,-2.31837e-05,-1.50239e-05,-8.37315e-06,-3.46522e-06,0
0,-3.44332e-07,-1.87122e-06,-5.09763e-06,-1.0091e-05,-1.65996e-05,-2.41151e-05,-3.19804e-05,-3.9516e-05,-4.61342e-05,-5.14154e-05,-5.51196e-05,-5.69812e-05,-5.69757e-05,-5.55425e-05,-5.27436e-05,-4.86907e-05,-4.35398e-05,-3.74848e-05,-3.07489e-05,-2.35749e-05,-1.6215e-05,-8.92105e-06,-1.93453e-06,4.52224e-06,1.02541e-05,1.51002e-05,1.89392e-05,2.16947e-05,2.33372e-05,2.38864e-05,2.341e-05,2.20213e-05,1.98743e-05,1.71564e-05,1.40786e-05,1.08654e-05,7.74172e-06,4.92109e-06,2.59358e-06,9.15422e-07,7.58602e-10,-8.37826e-08,6.7867e-07,2.25625e-06,4.57249e-06,7.51304e-06,1.09344e-05,1.4674e-05,1.85602e-05,2.24224e-05,2.60996e-05,2.94472e-05,3.23428e-05,3.46884e-05,3.64123e-05,3.74686e-05,3.78358e-05,3.75146e-05,3.65257e-05,3.49077e-05,3.27146e-05,3.00151e-05,2.6891e-05,2.34367e-05,1.97578e-05,1.59706e-05,1.21996e-05,8.57481e-06,5.22826e-06,2.28871e-06,-1.23942e-07,-1.90488e-06,-2.97071e-06,-3.2652e-06,-2.76381e-06,-1.47673e-06,5.50368e-07,3.2376e-06,6.47447e-06,1.01253e-05,1.4036e-05,1.80419e-05,2.1975e-05,2.56713e-05,2.89766e-05,3.1751e-05,3.38715e-05,3.52336e-05,3.57517e-05,3.53585e-05,3.40052e-05,3.16613e-05,2.83164e-05,2.39818e-05,1.86944e-05,1.252e-05,5.55751e-06,-2.05815e-06,-1.01545e-05,-1.85224e-05,-2.69196e-05,-3.50775e-05,-4.27114e-05,-4.95324e-05,-5.52619e-05,-5.9647e-05,-6.24754e-05,-6.35884e-05,-6.24434e-05,-5.90058e-05,-5.35229e-05,-4.6272e-05,-3.77755e-05,-2.87726e-05,-2.01054e-05,-1.25561e-05,-6.66835e-06,-2.59549e-06,0
0,1.29656e-07,-8.79047e-07,-3.50218e-06,-7.8395e-06,-1.37118e-05,-2.07032e-05,-2.82451e-05,-3.57237e-05,-4.25817e-05,-4.8394e-05,-5.289e-05,-5.57905e-05,-5.70265e-05,-5.69249e-05,-5.54957e-05,-5.27967e-05,-4.89325e-05,-4.40505e-05,-3.83349e-05,-3.19988e-05,-2.52756e-05,-1.84086e-05,-1.16415e-05,-5.2077e-06,6.78345e-07,5.82998e-06,1.00956e-05,1.33648e-05,1.55724e-05,1.67017e-05,1.67846e-05,1.59002e-05,1.41711e-05,1.17574e-05,8.84807e-06,5.65155e-06,2.38438e-06,-7.40442e-07,-3.52496e-06,-5.79687e-06,-7.41845e-06,-8.2932e-06,-8.36991e-06,-7.64377e-06,-6.15459e-06,-3.98253e-06,-1.2415e-06,1.92883e-06,5.37204e-06,8.92417e-06,1.24224e-05,1.57129e-05,1.86572e-05,2.11372e-05,2.30586e-05,2.43529e-05,2.4978e-05,2.49179e-05,2.41819e-05,2.28034e-05,2.08376e-05,1.83601e-05,1.54647e-05,1.22607e-05,8.87017e-06,5.425e-06,2.06257e-06,-1.07863e-06,-3.86421e-06,-6.16955e-06,-7.8856e-06,-8.92462e-06,-9.22531e-06,-8.75687e-06,-7.52167e-06,-5.55623e-06,-2.93017e-06,2.5661e-07,3.87859e-06,7.79049e-06,1.18341e-05,1.58452e-05,1.96606e-05,2.31238e-05,2.60903e-05,2.84309e-05,3.00343e-05,3.08087e-05,3.06821e-05,2.9603e-05,2.7541e-05,2.44877e-05,2.04583e-05,1.54938e-05,9.66366e-06,3.06811e-06,-4.15994e-06,-1.18543e-05,-1.98169e-05,-2.7821e-05,-3.56175e-05,-4.29434e-05,-4.95324e-05,-5.5127e-05,-5.94919e-05,-6.24266e-05,-6.37773e-05,-6.34463e-05,-6.10199e-05,-5.65282e-05,-5.02571e-05,-4.25407e-05,-3.39298e-05,-2.51494e-05,-1.69844e-05,-1.01294e-05,-5.0333e-06,-1.77687e-06,0
0,5.22095e-07,-3.86964e-08,-2.10648e-06,-5.80203e-06,-1.10089e-05,-1.73986e-05,-2.44938e-05,-3.17554e-05,-3.86715e-05,-4.48281e-05,-4.99405e-05,-5.37284e-05,-5.60876e-05,-5.72391e-05,-5.71457e-05,-5.58143e-05,-5.32976e-05,-4.96934e-05,-4.51413e-05,-3.98171e-05,-3.39259e-05,-2.76923e-05,-2.13514e-05,-1.51381e-05,-9.27678e-06,-3.97208e-06,6.00058e-07,4.29967e-06,7.02856e-06,8.73425e-06,9.41191e-06,9.10406e-06,7.89808e-06,5.92138e-06,3.33464e-06,3.23143e-07,-2.91313e-06,-6.17023e-06,-9.25112e-06,-1.19761e-05,-1.4192e-05,-1.57797e-05,-1.66594e-05,-1.67937e-05,-1.61879e-05,-1.48874e-05,-1.2974e-05,-1.05592e-05,-7.77692e-06,-4.77528e-06,-1.70835e-06,1.27202e-06,4.02329e-06,6.4185e-06,8.35119e-06,9.73909e-06,1.05265e-05,1.06857e-05,1.02168e-05,9.14778e-06,7.5321e-06,5.44713e-06,2.99093e-06,2.78722e-07,-2.5614e-06,-5.39328e-06,-8.07804e-06,-1.04799e-05,-1.24721e-05,-1.39428e-05,-1.48007e-05,-1.49799e-05,-1.44439e-05,-1.31877e-05,-1.12392e-05,-8.65784e-06,-5.53281e-06,-1.97847e-06,1.87062e-06,5.86588e-06,9.85111e-06,1.36689e-05,1.71664e-05,2.02005e-05,2.26417e-05,2.43771e-05,2.53126e-05,2.53744e-05,2.45096e-05,2.26875e-05,1.99005e-05,1.61653e-05,1.15248e-05,6.04955e-06,-1.60668e-07,-6.97592e-06,-1.42363e-05,-2.17539e-05,-2.93158e-05,-3.66904e-05,-4.36348e-05,-4.99041e-05,-5.52619e-05,-5.94919e-05,-6.24088e-05,-6.38681e-05,-6.37751e-05,-6.20905e-05,-5.85252e-05,-5.31645e-05,-4.63178e-05,-3.83559e-05,-2.98361e-05,-2.14481e-05,-1.39046e-05,-7.80536e-06,-3.50692e-06,-1.02779e-06,0
0,8.33856e-07,6.49233e-07,-9.18315e-07,-3.99977e-06,-8.53033e-06,-1.42613e-05,-2.08048e-05,-2.77019e-05,-3.44971e-05,-4.08031e-05,-4.63369e-05,-5.08318e-05,-5.41607e-05,-5.64446e-05,-5.76063e-05,-5.76071e-05,-5.64508e-05,-5.41852e-05,-5.09023e-05,-4.67353e-05,-4.18529e-05,-3.64523e-05,-3.07499e-05,-2.49715e-05,-1.93419e-05,-1.40745e-05,-9.36197e-06,-5.36743e-06,-2.21774e-06,1.80141e-09,1.25069e-06,1.53425e-06,9.02476e-07,-5.53297e-07,-2.70576e-06,-5.39881e-06,-8.45608e-06,-1.16906e-05,-1.49145e-05,-1.79493e-05,-2.06347e-05,-2.28368e-05,-2.44539e-05,-2.54213e-05,-2.57128e-05,-2.53408e-05,-2.43535e-05,-2.28312e-05,-2.08794e-05,-1.86231e-05,-1.61981e-05,-1.37441e-05,-1.13968e-05,-9.2812e-06,-7.50591e-06,-6.15803e-06,-5.29972e-06,-4.96575e-06,-5.1624e-06,-5.86753e-06,-7.03189e-06,-8.58148e-06,-1.0421e-05,-1.24382e-05,-1.45092e-05,-1.6504e-05,-1.8293e-05,-1.9753e-05,-2.07739e-05,-2.12641e-05,-2.11555e-05,-2.04073e-05,-1.90089e-05,-1.69805e-05,-1.43727e-05,-1.12642e-05,-7.7583e-06,-3.97807e-06,-6.08763e-08,3.8476e-06,7.5993e-06,1.10493e-05,1.40609e-05,1.65094e-05,1.82853e-05,1.92971e-05,1.94727e-05,1.87607e-05,1.71316e-05,1.4579e-05,1.11207e-05,6.80013e-06,1.68726e-06,-4.12014e-06,-1.04964e-05,-1.72887e-05,-2.4319e-05,-3.13879e-05,-3.82801e-05,-4.47713e-05,-5.06368e-05,-5.5661e-05,-5.9647e-05,-6.24266e-05,-6.38681e-05,-6.38839e-05,-6.24351e-05,-5.95355e-05,-5.50183e-05,-4.90081e-05,-4.18197e-05,-3.38397e-05,-2.56104e-05,-1.77687e-05,-1.09436e-05,-5.63785e-06,-2.1216e-06,-3.6287e-07,0
0,1.06901e-06,1.19069e-06,6.44235e-08,-2.44126e-06,-6.3014e-06,-1.1337e-05,-1.72443e-05,-2.36454e-05,-3.01491e-05,-3.64071e-05,-4.21536e-05,-4.71522e-05,-5.12704e-05,-5.45289e-05,-5.68206e-05,-5.80692e-05,-5.8235e-05,-5.73189e-05,-5.53649e-05,-5.24602e-05,-4.87321e-05,-4.43425e-05,-3.94805e-05,-3.4353e-05,-2.9175e-05,-2.41593e-05,-1.95062e-05,-1.53943e-05,-1.1973e-05,-9.35552e-06,-7.61507e-06,-6.78209e-06,-6.84413e-06,-7.74767e-06,-9.40193e-06,-1.16845e-05,-1.44483e-05,-1.75299e-05,-2.07584e-05,-2.39643e-05,-2.69883e-05,-2.96893e-05,-3.19512e-05,-3.36879e-05,-3.48464e-05,-3.54087e-05,-3.53903e-05,-3.48384e-05,-3.3827e-05,-3.24518e-05,-3.08233e-05,-2.90605e-05,-2.72828e-05,-2.56039e-05,-2.41255e-05,-2.29313e-05,-2.20834e-05,-2.1619e-05,-2.15484e-05,-2.18551e-05,-2.24964e-05,-2.34062e-05,-2.44983e-05,-2.56713e-05,-2.68144e-05,-2.7813e-05,-2.85559e-05,-2.89411e-05,-2.8882e-05,-2.83128e-05,-2.71922e-05,-2.55064e-05,-2.32705e-05,-2.05278e-05,-1.7348e-05,-1.38243e-05,-1.00687e-05,-6.20722e-06,-2.37393e-06,1.29427e-06,4.66303e-06,7.60521e-06,1.00048e-05,1.17602e-05,1.27864e-05,1.30169e-05,1.24052e-05,1.09258e-05,8.57534e-06,5.37352e-06,1.36436e-06,-3.38302e-06,-8.77375e-06,-1.46874e-05,-2.09788e-05,-2.74805e-05,-3.40064e-05,-4.0357e-05,-4.63259e-05,-5.17078e-05,-5.63071e-05,-5.99465e-05,-6.24754e-05,-6.37773e-05,-6.37751e-05,-6.24351e-05,-5.9768e-05,-5.5831e-05,-5.05884e-05,-4.41759e-05,-3.68927e-05,-2.91208e-05,-2.13681e-05,-1.42048e-05,-8.17002e-06,-3.67156e-06,-9.0226e-07,2.07391e-07,0
0,1.23393e-06,1.59651e-06,8.51661e-07,-1.12425e-06,-4.3344e-06,-8.65761e-06,-1.38655e-05,-1.96582e-05,-2.57118e-05,-3.17267e-05,-3.74677e-05,-4.27467e-05,-4.74644e-05,-5.15098e-05,-5.47663e-05,-5.7132e-05,-5.85313e-05,-5.89228e-05,-5.83052e-05,-5.67194e-05,-5.42482e-05,-5.10127e-05,-4.71675e-05,-4.2892e-05,-3.83821e-05,-3.38401e-05,-2.94645e-05,-2.54411e-05,-2.19336e-05,-1.90774e-05,-1.69733e-05,-1.56841e-05,-1.52333e-05,-1.56048e-05,-1.67456e-05,-1.85696e-05,-2.09632e-05,-2.37917e-05,-2.69071e-05,-3.01559e-05,-3.33873e-05,-3.64605e-05,-3.92521e-05,-4.16611e-05,-4.36134e-05,-4.50643e-05,-4.59992e-05,-4.64324e-05,-4.6405e-05,-4.59801e-05,-4.5238e-05,-4.42703e-05,-4.31731e-05,-4.20413e-05,-4.09619e-05,-4.00088e-05,-3.92383e-05,-3.86858e-05,-3.83637e-05,-3.82605e-05,-3.83421e-05,-3.85539e-05,-3.88239e-05,-3.90682e-05,-3.91959e-05,-3.91154e-05,-3.87405e-05,-3.79968e-05,-3.68262e-05,-3.5192e-05,-3.30814e-05,-3.05078e-05,-2.75099e-05,-2.4151e-05,-2.05161e-05,-1.67076e-05,-1.28408e-05,-9.03871e-06,-5.42681e-06,-2.12801e-06,7.41816e-07,3.07755e-06,4.78786e-06,5.7975e-06,6.04894e-06,5.50361e-06,4.14285e-06,1.96873e-06,-9.95099e-07,-4.70268e-06,-9.08507e-06,-1.40501e-05,-1.94825e-05,-2.52452e-05,-3.11816e-05,-3.7119e-05,-4.28734e-05,-4.82562e-05,-5.30808e-05,-5.7171e-05,-6.03687e-05,-6.25413e-05,-6.35884e-05,-6.34463e-05,-6.20905e-05,-5.95355e-05,-5.5831e-05,-5.1052e-05,-4.53499e-05,-3.88026e-05,-3.16763e-05,-2.43292e-05,-1.72193e-05,-1.08407e-05,-5.64152e-06,-1.94088e-06,1.33926e-07,6.76639e-07,0
0,1.33632e-06,1.88049e-06,1.45859e-06,-3.85909e-08,-2.63118e-06,-6.24295e-06,-1.07095e-05,-1.58019e-05,-2.12624e-05,-2.68447e-05,-3.23524e-05,-3.7667e-05,-4.26599e-05,-4.71985e-05,-5.11506e-05,-5.4393e-05,-5.68215e-05,-5.83592e-05,-5.8964e-05,-5.86326e-05,-5.74027e-05,-5.5352e-05,-5.25949e-05,-4.92762e-05,-4.55642e-05,-4.16412e-05,-3.76946e-05,-3.39075e-05,-3.04499e-05,-2.74709e-05,-2.50926e-05,-2.34051e-05,-2.24637e-05,-2.22878e-05,-2.28616e-05,-2.41361e-05,-2.60333e-05,-2.8451e-05,-3.12692e-05,-3.43564e-05,-3.7577e-05,-4.07982e-05,-4.38963e-05,-4.67629e-05,-4.93094e-05,-5.14701e-05,-5.32045e-05,-5.44973e-05,-5.53573e-05,-5.58147e-05,-5.59174e-05,-5.57263e-05,-5.531e-05,-5.47392e-05,-5.40812e-05,-5.33952e-05,-5.27275e-05,-5.21088e-05,-5.15514e-05,-5.1049e-05,-5.05772e-05,-5.00952e-05,-4.95494e-05,-4.88773e-05,-4.80131e-05,-4.68928e-05,-4.54598e-05,-4.36701e-05,-4.14964e-05,-3.89318e-05,-3.59914e-05,-3.27128e-05,-2.91555e-05,-2.53979e-05,-2.15347e-05,-1.76717e-05,-1.39216e-05,-1.0399e-05,-7.21528e-06,-4.47463e-06,-2.2704e-06,-6.82194e-07,2.26229e-07,4.08386e-07,-1.63956e-07,-1.50015e-06,-3.59021e-06,-6.40439e-06,-9.89283e-06,-1.39853e-05,-1.8591e-05,-2.35995e-05,-2.88814e-05,-3.42906e-05,-3.9668e-05,-4.48455e-05,-4.96519e-05,-5.39196e-05,-5.74917e-05,-6.02289e-05,-6.20169e-05,-6.27715e-05,-6.24434e-05,-6.10199e-05,-5.85252e-05,-5.50183e-05,-5.05884e-05,-4.53499e-05,-3.94371e-05,-3.30351e-05,-2.6314e-05,-1.95919e-05,-1.32655e-05,-7.74919e-06,-3.40368e-06,-4.69758e-07,9.77227e-07,1.04235e-06,0
0,1.38415e-06,2.05738e-06,1.90285e-06,8.30571e-07,-1.1865e-06,-4.10393e-06,-7.80785e-06,-1.21296e-05,-1.68719e-05,-2.18428e-05,-2.69202e-05,-3.20048e-05,-3.69769e-05,-4.17061e-05,-4.60564e-05,-4.98944e-05,-5.30977e-05,-5.55632e-05,-5.72155e-05,-5.80126e-05,-5.79501e-05,-5.70621e-05,-5.54202e-05,-5.313e-05,-5.03249e-05,-4.71593e-05,-4.38001e-05,-4.04181e-05,-3.71798e-05,-3.42392e-05,-3.17311e-05,-2.97656e-05,-2.8424e-05,-2.77565e-05,-2.77811e-05,-2.84846e-05,-2.98245e-05,-3.17328e-05,-3.41204e-05,-3.68822e-05,-3.99034e-05,-4.30653e-05,-4.62515e-05,-4.93533e-05,-5.22744e-05,-5.4935e-05,-5.72745e-05,-5.92525e-05,-6.08491e-05,-6.20634e-05,-6.29117e-05,-6.34235e-05,-6.36378e-05,-6.35988e-05,-6.33512e-05,-6.29361e-05,-6.23874e-05,-6.17285e-05,-6.09706e-05,-6.01121e-05,-5.91385e-05,-5.80244e-05,-5.67362e-05,-5.52357e-05,-5.34844e-05,-5.14478e-05,-4.91004e-05,-4.64292e-05,-4.34373e-05,-4.01454e-05,-3.65934e-05,-3.28395e-05,-2.89583e-05,-2.50382e-05,-2.11773e-05,-1.74794e-05,-1.4049e-05,-1.09871e-05,-8.38672e-06,-6.33012e-06,-4.88538e-06,-4.10479e-06,-4.02343e-06,-4.65855e-06,-6.00924e-06,-8.05641e-06,-1.07628e-05,-1.40734e-05,-1.7915e-05,-2.21974e-05,-2.68136e-05,-3.16413e-05,-3.65446e-05,-4.13777e-05,-4.59884e-05,-5.02233e-05,-5.39337e-05,-5.6982e-05,-5.92479e-05,-6.06348e-05,-6.10749e-05,-6.05323e-05,-5.90058e-05,-5.65282e-05,-5.31645e-05,-4.90081e-05,-4.41759e-05,-3.88026e-05,-3.30351e-05,-2.70236e-05,-2.09483e-05,-1.50297e-05,-9.59813e-06,-4.99076e-06,-1.49025e-06,7.27506e-07,1.62451e-06,1.30527e-06,0
0,1.38474e-06,2.14095e-06,2.20178e-06,1.49937e-06,8.24108e-09,-2.24626e-06,-5.18624e-06,-8.68934e-06,-1.26082e-05,-1.68418e-05,-2.13191e-05,-2.59579e-05,-3.06573e-05,-3.53013e-05,-3.97629e-05,-4.39106e-05,-4.76156e-05,-5.07602e-05,-5.32462e-05,-5.50015e-05,-5.59856e-05,-5.61929e-05,-5.56535e-05,-5.44315e-05,-5.26218e-05,-5.03445e-05,-4.77384e-05,-4.49532e-05,-4.21422e-05,-3.94544e-05,-3.7028e-05,-3.4984e-05,-3.34215e-05,-3.24141e-05,-3.20083e-05,-3.22219e-05,-3.30455e-05,-3.4444e-05,-3.63597e-05,-3.8716e-05,-4.14224e-05,-4.43793e-05,-4.74833e-05,-5.06321e-05,-5.37289e-05,-5.66871e-05,-5.94324e-05,-6.19058e-05,-6.4064e-05,-6.58798e-05,-6.73405e-05,-6.84466e-05,-6.92086e-05,-6.96442e-05,-6.9775e-05,-6.96232e-05,-6.92088e-05,-6.8547e-05,-6.76467e-05,-6.65102e-05,-6.51326e-05,-6.35038e-05,-6.16103e-05,-5.94378e-05,-5.69747e-05,-5.42156e-05,-5.1164e-05,-4.78358e-05,-4.42606e-05,-4.0483e-05,-3.65625e-05,-3.25719e-05,-2.85953e-05,-2.47246e-05,-2.10561e-05,-1.76856e-05,-1.47051e-05,-1.21983e-05,-1.02376e-05,-8.88158e-06,-8.17251e-06,-8.13578e-06,-8.77903e-06,-1.00923e-05,-1.20481e-05,-1.46023e-05,-1.76944e-05,-2.12486e-05,-2.51745e-05,-2.93679e-05,-3.37129e-05,-3.80836e-05,-4.23468e-05,-4.6366e-05,-5.00051e-05,-5.31344e-05,-5.56352e-05,-5.7406e-05,-5.83676e-05,-5.84673e-05,-5.76822e-05,-5.60209e-05,-5.35229e-05,-5.02571e-05,-4.63178e-05,-4.18197e-05,-3.68927e-05,-3.16763e-05,-2.6314e-05,-2.09483e-05,-1.5723e-05,-1.07571e-05,-6.29782e-06,-2.61407e-06,7.58397e-08,1.64498e-06,2.07802e-06,1.46869e-06,0
0,1.34401e-06,2.14243e-06,2.37006e-06,1.98217e-06,9.61429e-07,-6.7441e-07,-2.86861e-06,-5.52908e-06,-8.5922e-06,-1.20218e-05,-1.57735e-05,-1.97898e-05,-2.39949e-05,-2.82955e-05,-3.25834e-05,-3.67396e-05,-4.0641e-05,-4.41675e-05,-4.72097e-05,-4.96765e-05,-5.15007e-05,-5.2644e-05,-5.30998e-05,-5.28932e-05,-5.20801e-05,-5.07434e-05,-4.89885e-05,-4.69374e-05,-4.47217e-05,-4.24764e-05,-4.03331e-05,-3.84137e-05,-3.68256e-05,-3.56571e-05,-3.49746e-05,-3.48207e-05,-3.52132e-05,-3.61461e-05,-3.75909e-05,-3.94994e-05,-4.18065e-05,-4.44348e-05,-4.72981e-05,-5.03061e-05,-5.33685e-05,-5.63986e-05,-5.93167e-05,-6.20524e-05,-6.45464e-05,-6.67516e-05,-6.86327e-05,-7.0166e-05,-7.13374e-05,-7.21415e-05,-7.25788e-05,-7.26538e-05,-7.23732e-05,-7.17441e-05,-7.07728e-05,-6.94642e-05,-6.7822e-05,-6.58496e-05,-6.35513e-05,-6.09341e-05,-5.80101e-05,-5.47985e-05,-5.13277e-05,-4.76366e-05,-4.37756e-05,-3.98063e-05,-3.58008e-05,-3.18399e-05,-2.80102e-05,-2.44009e-05,-2.11007e-05,-1.81933e-05,-1.57547e-05,-1.38493e-05,-1.25281e-05,-1.18262e-05,-1.1762e-05,-1.23364e-05,-1.35334e-05,-1.532e-05,-1.76474e-05,-2.04521e-05,-2.36567e-05,-2.71716e-05,-3.08965e-05,-3.47216e-05,-3.85307e-05,-4.22028e-05,-4.56163e-05,-4.86521e-05,-5.11982e-05,-5.31544e-05,-5.44371e-05,-5.49832e-05,-5.47541e-05,-5.37381e-05,-5.19519e-05,-4.94398e-05,-4.6272e-05,-4.25407e-05,-3.83559e-05,-3.38397e-05,-2.91208e-05,-2.43292e-05,-1.95919e-05,-1.50297e-05,-1.07571e-05,-6.88394e-06,-3.43582e-06,-6.57162e-07,1.28089e-06,2.28345e-06,2.34404e-06,1.53768e-06,0
0,1.26592e-06,2.06944e-06,2.41796e-06,2.28919e-06,1.67832e-06,6.05039e-07,-8.81216e-07,-2.75199e-06,-4.99994e-06,-7.61403e-06,-1.05752e-05,-1.38516e-05,-1.73947e-05,-2.11379e-05,-2.49976e-05,-2.88758e-05,-3.26647e-05,-3.62529e-05,-3.9532e-05,-4.24035e-05,-4.4785e-05,-4.66158e-05,-4.78607e-05,-4.8512e-05,-4.85901e-05,-4.81419e-05,-4.72383e-05,-4.59692e-05,-4.44395e-05,-4.27624e-05,-4.10541e-05,-3.94283e-05,-3.79906e-05,-3.68341e-05,-3.60358e-05,-3.56539e-05,-3.57261e-05,-3.62694e-05,-3.72797e-05,-3.87338e-05,-4.05914e-05,-4.27974e-05,-4.52857e-05,-4.7982e-05,-5.08076e-05,-5.36827e-05,-5.65293e-05,-5.92741e-05,-6.18501e-05,-6.41984e-05,-6.62693e-05,-6.80219e-05,-6.94246e-05,-7.04538e-05,-7.10936e-05,-7.13345e-05,-7.11721e-05,-7.06063e-05,-6.96407e-05,-6.82822e-05,-6.65407e-05,-6.443e-05,-6.19682e-05,-5.91785e-05,-5.6091e-05,-5.2743e-05,-4.91801e-05,-4.54568e-05,-4.1636e-05,-3.77882e-05,-3.39903e-05,-3.03233e-05,-2.68698e-05,-2.37106e-05,-2.09221e-05,-1.8573e-05,-1.67212e-05,-1.5412e-05,-1.46757e-05,-1.45268e-05,-1.49633e-05,-1.59669e-05,-1.75032e-05,-1.9523e-05,-2.19631e-05,-2.47482e-05,-2.77925e-05,-3.10008e-05,-3.42715e-05,-3.74982e-05,-4.05723e-05,-4.33864e-05,-4.58373e-05,-4.78298e-05,-4.92805e-05,-5.01215e-05,-5.03043e-05,-4.98023e-05,-4.86128e-05,-4.67581e-05,-4.42847e-05,-4.12613e-05,-3.77755e-05,-3.39298e-05,-2.98361e-05,-2.56104e-05,-2.13681e-05,-1.72193e-05,-1.32655e-05,-9.59813e-06,-6.29782e-06,-3.43582e-06,-1.07433e-06,8.51483e-07,2.119e-06,2.64883e-06,2.4316e-06,1.51839e-06,0
0,1.15229e-06,1.92545e-06,2.35042e-06,2.42512e-06,2.15928e-06,1.5814e-06,6.97162e-07,-5.00356e-07,-2.01936e-06,-3.86624e-06,-6.04153e-06,-8.53544e-06,-1.13241e-05,-1.4367e-05,-1.76071e-05,-2.09712e-05,-2.43735e-05,-2.77198e-05,-3.09128e-05,-3.3858e-05,-3.64697e-05,-3.86762e-05,-4.04246e-05,-4.16837e-05,-4.2446e-05,-4.27275e-05,-4.2567e-05,-4.20233e-05,-4.11716e-05,-4.00994e-05,-3.89015e-05,-3.76752e-05,-3.65155e-05,-3.55109e-05,-3.47394e-05,-3.42653e-05,-3.41373e-05,-3.43869e-05,-3.50283e-05,-3.60579e-05,-3.74564e-05,-3.91897e-05,-4.12113e-05,-4.34652e-05,-4.58878e-05,-4.84114e-05,-5.09662e-05,-5.34834e-05,-5.58967e-05,-5.81442e-05,-6.01703e-05,-6.19257e-05,-6.33689e-05,-6.44658e-05,-6.519e-05,-6.55227e-05,-6.54518e-05,-6.49724e-05,-6.40856e-05,-6.2799e-05,-6.11264e-05,-5.90878e-05,-5.67097e-05,-5.40253e-05,-5.10748e-05,-4.79055e-05,-4.45717e-05,-4.11343e-05,-3.76599e-05,-3.42195e-05,-3.08868e-05,-2.77362e-05,-2.48402e-05,-2.22671e-05,-2.00779e-05,-1.83248e-05,-1.7048e-05,-1.62751e-05,-1.6019e-05,-1.6278e-05,-1.70353e-05,-1.82595e-05,-1.99055e-05,-2.19155e-05,-2.42205e-05,-2.67424e-05,-2.9395e-05,-3.20871e-05,-3.47241e-05,-3.72105e-05,-3.94533e-05,-4.13642e-05,-4.28632e-05,-4.38816e-05,-4.43652e-05,-4.42771e-05,-4.35997e-05,-4.23363e-05,-4.05118e-05,-3.81713e-05,-3.53793e-05,-3.22157e-05,-2.87726e-05,-2.51494e-05,-2.14481e-05,-1.77687e-05,-1.42048e-05,-1.08407e-05,-7.74919e-06,-4.99076e-06,-2.61407e-06,-6.57162e-07,8.51483e-07,1.89267e-06,2.59111e-06,2.75108e-06,2.35156e-06,1.41754e-06,0
0,1.00286e-06,1.70994e-06,2.16711e-06,2.38894e-06,2.39944e-06,2.19381e-06,1.76424e-06,1.09865e-06,1.81924e-07,-1.00149e-06,-2.46406e-06,-4.21123e-06,-6.23779e-06,-8.52516e-06,-1.10399e-05,-1.37339e-05,-1.65453e-05,-1.94018e-05,-2.22244e-05,-2.49316e-05,-2.74449e-05,-2.96933e-05,-3.16179e-05,-3.3175e-05,-3.43394e-05,-3.51047e-05,-3.54843e-05,-3.55096e-05,-3.52283e-05,-3.47014e-05,-3.39994e-05,-3.31984e-05,-3.23765e-05,-3.16097e-05,-3.09681e-05,-3.05133e-05,-3.0296e-05,-3.03539e-05,-3.07111e-05,-3.13772e-05,-3.23484e-05,-3.36077e-05,-3.51263e-05,-3.68657e-05,-3.87789e-05,-4.08134e-05,-4.29123e-05,-4.5017e-05,-4.70689e-05,-4.90113e-05,-5.07905e-05,-5.23576e-05,-5.36692e-05,-5.46882e-05,-5.53845e-05,-5.5735e-05,-5.57245e-05,-5.53451e-05,-5.45965e-05,-5.34859e-05,-5.20282e-05,-5.02454e-05,-4.81665e-05,-4.58276e-05,-4.32715e-05,-4.05469e-05,-3.77079e-05,-3.48131e-05,-3.19245e-05,-2.91059e-05,-2.64214e-05,-2.39332e-05,-2.16998e-05,-1.97741e-05,-1.82012e-05,-1.70168e-05,-1.62459e-05,-1.59013e-05,-1.59835e-05,-1.64801e-05,-1.73661e-05,-1.86044e-05,-2.01471e-05,-2.19362e-05,-2.39056e-05,-2.59823e-05,-2.80888e-05,-3.01452e-05,-3.2071e-05,-3.37882e-05,-3.52234e-05,-3.63107e-05,-3.69944e-05,-3.72313e-05,-3.69929e-05,-3.62674e-05,-3.50604e-05,-3.33954e-05,-3.13129e-05,-2.88691e-05,-2.61331e-05,-2.31837e-05,-2.01054e-05,-1.69844e-05,-1.39046e-05,-1.09436e-05,-8.17002e-06,-5.64152e-06,-3.40368e-06,-1.49025e-06,7.58397e-08,1.28089e-06,2.119e-06,2.59111e-06,2.70498e-06,2.60378e-06,2.11624e-06,1.24222e-06,0
0,8.15713e-07,1.41923e-06,1.86343e-06,2.17506e-06,2.34525e-06,2.37076e-06,2.24454e-06,1.95499e-06,1.48665e-06,8.22099e-07,-5.53492e-08,-1.15851e-06,-2.49319e-06,-4.0556e-06,-5.8305e-06,-7.79049e-06,-9.8963e-06,-1.20983e-05,-1.43387e-05,-1.65553e-05,-1.86845e-05,-2.06657e-05,-2.24445e-05,-2.39765e-05,-2.52294e-05,-2.61853e-05,-2.68407e-05,-2.72074e-05,-2.73105e-05,-2.71875e-05,-2.6885e-05,-2.6457e-05,-2.59608e-05,-2.54549e-05,-2.49952e-05,-2.46335e-05,-2.44141e-05,-2.43731e-05,-2.45367e-05,-2.49206e-05,-2.55301e-05,-2.63598e-05,-2.7395e-05,-2.86121e-05,-2.99802e-05,-3.14621e-05,-3.30164e-05,-3.45986e-05,-3.61625e-05,-3.76622e-05,-3.90531e-05,-4.02933e-05,-4.13447e-05,-4.21737e-05,-4.27525e-05,-4.30594e-05,-4.30792e-05,-4.28037e-05,-4.2232e-05,-4.13701e-05,-4.02313e-05,-3.88357e-05,-3.72098e-05,-3.53863e-05,-3.34032e-05,-3.13033e-05,-2.91331e-05,-2.69417e-05,-2.47799e-05,-2.26987e-05,-2.07477e-05,-1.89739e-05,-1.74199e-05,-1.61228e-05,-1.51124e-05,-1.44106e-05,-1.40301e-05,-1.39741e-05,-1.42355e-05,-1.47977e-05,-1.56342e-05,-1.67096e-05,-1.79805e-05,-1.93965e-05,-2.09014e-05,-2.24351e-05,-2.39351e-05,-2.53386e-05,-2.65842e-05,-2.76141e-05,-2.83765e-05,-2.88276e-05,-2.89333e-05,-2.86713e-05,-2.80324e-05,-2.7021e-05,-2.56555e-05,-2.39682e-05,-2.20032e-05,-1.98151e-05,-1.74664e-05,-1.50239e-05,-1.25561e-05,-1.01294e-05,-7.80536e-06,-5.63785e-06,-3.67156e-06,-1.94088e-06,-4.69758e-07,7.27506e-07,1.64498e-06,2.28345e-06,2.64883e-06,2.75108e-06,2.60378e-06,2.22457e-06,1.73961e-06,1.00006e-06,0
0,5.87987e-07,1.04787e-06,1.43253e-06,1.73132e-06,1.94376e-06,2.06828e-06,2.10033e-06,2.03169e-06,1.85068e-06,1.54327e-06,1.09486e-06,4.92423e-07,-2.73208e-07,-1.20531e-06,-2.29967e-06,-3.54364e-06,-4.91588e-06,-6.38698e-06,-7.92068e-06,-9.47582e-06,-1.10087e-05,-1.24757e-05,-1.38357e-05,-1.50531e-05,-1.60993e-05,-1.69545e-05,-1.76088e-05,-1.80626e-05,-1.83259e-05,-1.8418e-05,-1.83655e-05,-1.82012e-05,-1.79617e-05,-1.76855e-05,-1.7411e-05,-1.71745e-05,-1.70088e-05,-1.69417e-05,-1.69948e-05,-1.71832e-05,-1.75149e-05,-1.7991e-05,-1.86055e-05,-1.93465e-05,-2.01962e-05,-2.11322e-05,-2.2128e-05,-2.31546e-05,-2.4181e-05,-2.51756e-05,-2.6107e-05,-2.69453e-05,-2.76625e-05,-2.8234e-05,-2.86386e-05,-2.88598e-05,-2.88857e-05,-2.871e-05,-2.83313e-05,-2.77543e-05,-2.69887e-05,-2.60495e-05,-2.49569e-05,-2.3735e-05,-2.2412e-05,-2.10191e-05,-1.95898e-05,-1.81591e-05,-1.67622e-05,-1.54339e-05,-1.42074e-05,-1.31132e-05,-1.21783e-05,-1.14251e-05,-1.08707e-05,-1.05264e-05,-1.0397e-05,-1.04805e-05,-1.07682e-05,-1.12448e-05,-1.18884e-05,-1.26716e-05,-1.35615e-05,-1.45211e-05,-1.55103e-05,-1.64864e-05,-1.74064e-05,-1.82278e-05,-1.89099e-05,-1.94161e-05,-1.97147e-05,-1.97806e-05,-1.95967e-05,-1.91548e-05,-1.8456e-05,-1.75116e-05,-1.6342e-05,-1.49767e-05,-1.34528e-05,-1.18129e-05,-1.01037e-05,-8.37315e-06,-6.66835e-06,-5.0333e-06,-3.50692e-06,-2.1216e-06,-9.0226e-07,1.33926e-07,9.77227e-07,1.62451e-06,2.07802e-06,2.34404e-06,2.4316e-06,2.35156e-06,2.11624e-06,1.73961e-06,1.23837e-06,6.99909e-07,0
0,3.16745e-07,5.9072e-07,8.23908e-07,1.01539e-06,1.16525e-06,1.27305e-06,1.33683e-06,1.35257e-06,1.31423e-06,1.21418e-06,1.0441e-06,7.96025e-07,4.63543e-07,4.29259e-08,-4.65941e-07,-1.05891e-06,-1.7273e-06,-2.458e-06,-3.23396e-06,-4.03506e-06,-4.83921e-06,-5.62367e-06,-6.36639e-06,-7.04734e-06,-7.64968e-06,-8.16071e-06,-8.57253e-06,-8.88236e-06,-9.09257e-06,-9.21032e-06,-9.24703e-06,-9.21755e-06,-9.13923e-06,-9.03089e-06,-8.91177e-06,-8.8006e-06,-8.71466e-06,-8.66906e-06,-8.67613e-06,-8.74503e-06,-8.8815e-06,-9.08771e-06,-9.3624e-06,-9.70097e-06,-1.00958e-05,-1.05368e-05,-1.10114e-05,-1.15056e-05,-1.2004e-05,-1.24907e-05,-1.29497e-05,-1.33655e-05,-1.37235e-05,-1.40107e-05,-1.42156e-05,-1.43295e-05,-1.43459e-05,-1.42613e-05,-1.40749e-05,-1.37891e-05,-1.34092e-05,-1.29432e-05,-1.24018e-05,-1.1798e-05,-1.11467e-05,-1.04643e-05,-9.76821e-06,-9.07645e-06,-8.40696e-06,-7.77717e-06,-7.20341e-06,-6.70042e-06,-6.28089e-06,-5.95499e-06,-5.73006e-06,-5.61031e-06,-5.59663e-06,-5.68647e-06,-5.87389e-06,-6.14962e-06,-6.50126e-06,-6.91359e-06,-7.36892e-06,-7.84762e-06,-8.3286e-06,-8.79003e-06,-9.20998e-06,-9.56721e-06,-9.84196e-06,-1.00168e-05,-1.00772e-05,-1.00127e-05,-9.81704e-06,-9.48874e-06,-9.03147e-06,-8.45393e-06,-7.76959e-06,-6.99619e-06,-6.1549e-06,-5.26934e-06,-4.36445e-06,-3.46522e-06,-2.59549e-06,-1.77687e-06,-1.02779e-06,-3.6287e-07,2.07391e-07,6.76639e-07,1.04235e-06,1.30527e-06,1.46869e-06,1.53768e-06,1.51839e-06,1.41754e-06,1.24222e-06,1.00006e-06,6.99909e-07,3.53316e-07,0
0,0,0,0,0,0,0,0,0,0,0,0,0,0,0,0,0,0,0,0,0,0,0,0,0,0,0,0,0,0,0,0,0,0,0,0,0,0,0,0,0,0,0,0,0,0,0,0,0,0,0,0,0,0,0,0,0,0,0,0,0,0,0,0,0,0,0,0,0,0,0,0,0,0,0,0,0,0,0,0,0,0,0,0,0,0,0,0,0,0,0,0,0,0,0,0,0,0,0,0,0,0,0,0,0,0,0,0,0,0,0,0,0,0,0,0,0,0,0,0
