0,0,0,0,0,0,0,0,0,0,0,0,0,0,0,0,0,0,0,0,0,0,0,0,0,0,0,0,0,0,0,0,0,0,0,0,0,0,0,0,0,0,0,0,0,0,0,0,0,0,0,0,0,0,0,0,0,0,0,0,0,0,0,0,0,0,0,0,0,0,0,0,0,0,0,0,0,0,0,0,0,0,0,0,0,0,0,0,0,0,0,0,0,0,0,0,0,0,0,0,0,0,0,0,0,0,0,0,0,0,0,0,0,0,0,0,0,0,0,0
0,-6.54072e-08,2.88454e-09,1.89172e-07,4.86751e-07,8.78052e-07,1.33863e-06,1.84079e-06,2.35664e-06,2.86027e-06,3.32938e-06,3.74625e-06,4.09828e-06,4.37816e-06,4.58369e-06,4.71739e-06,4.78594e-06,4.79944e-06,4.77054e-06,4.71355e-06,4.64346e-06,4.57501e-06,4.52181e-06,4.49553e-06,4.50526e-06,4.55707e-06,4.65372e-06,4.79462e-06,4.97599e-06,5.19125e-06,5.43148e-06,5.68612e-06,5.94365e-06,6.19236e-06,6.421e-06,6.61946e-06,6.77929e-06,6.89404e-06,6.95956e-06,6.97404e-06,6.93798e-06,6.85403e-06,6.72666e-06,6.56183e-06,6.36659e-06,6.14863e-06,5.91585e-06,5.67599e-06,5.43625e-06,5.20304e-06,4.98176e-06,4.77672e-06,4.59107e-06,4.42692e-06,4.2854e-06,4.16692e-06,4.0713e-06,3.99803e-06,3.94648e-06,3.91599e-06,3.90599e-06,3.916e-06,3.94555e-06,3.99405e-06,4.0606e-06,4.14379e-06,4.24149e-06,4.35069e-06,4.46742e-06,4.58677e-06,4.70297e-06,4.8096e-06,4.89998e-06,4.96749e-06,5.00606e-06,5.01065e-06,4.97766e-06,4.9053e-06,4.7939e-06,4.64603e-06,4.46648e-06,4.2621e-06,4.04149e-06,3.81448e-06,3.59162e-06,3.38349e-06,3.20007e-06,3.05007e-06,2.94044e-06,2.8759e-06,2.85873e-06,2.88869e-06,2.96311e-06,3.0772e-06,3.22444e-06,3.3971e-06,3.58673e-06,3.78468e-06,3.98248e-06,4.17216e-06,4.34638e-06,4.49843e-06,4.62212e-06,4.71161e-06,4.76126e-06,4.76545e-06,4.7187e-06,4.6158e-06,4.45229e-06,4.22509e-06,3.9333e-06,3.57909e-06,3.16852e-06,2.71213e-06,2.22504e-06,1.7263e-06,1.23724e-06,7.7843e-07,3.65004e-07,0
0,2.88454e-09,2.43926e-07,7.66162e-07,1.49106e-06,2.37786e-06,3.37372e-06,4.42146e-06,5.46543e-06,6.45576e-06,7.35099e-06,8.1198e-06,8.74163e-06,9.20676e-06,9.51574e-06,9.67845e-06,9.71274e-06,9.64287e-06,9.4977e-06,9.30872e-06,9.10807e-06,8.92659e-06,8.79202e-06,8.7274e-06,8.74982e-06,8.8696e-06,9.08987e-06,9.40663e-06,9.80925e-06,1.02814e-05,1.08025e-05,1.13487e-05,1.18949e-05,1.24164e-05,1.289e-05,1.32954e-05,1.36164e-05,1.38414e-05,1.39639e-05,1.3982e-05,1.38989e-05,1.37219e-05,1.34617e-05,1.31315e-05,1.27464e-05,1.23224e-05,1.18752e-05,1.142e-05,1.09702e-05,1.05376e-05,1.01318e-05,9.75995e-06,9.42689e-06,9.13546e-06,8.88669e-06,8.68029e-06,8.51503e-06,8.38926e-06,8.30127e-06,8.24961e-06,8.23322e-06,8.25147e-06,8.30396e-06,8.39027e-06,8.50952e-06,8.65993e-06,8.83838e-06,9.04e-06,9.258e-06,9.48352e-06,9.70583e-06,9.9127e-06,1.00909e-05,1.02271e-05,1.03085e-05,1.03241e-05,1.02651e-05,1.01264e-05,9.90644e-06,9.60839e-06,9.23977e-06,8.81249e-06,8.34233e-06,7.8482e-06,7.35109e-06,6.87285e-06,6.43494e-06,6.05708e-06,5.75607e-06,5.54477e-06,5.43138e-06,5.41905e-06,5.50585e-06,5.68508e-06,5.94592e-06,6.27428e-06,6.65379e-06,7.06679e-06,7.49522e-06,7.92137e-06,8.32835e-06,8.70023e-06,9.02208e-06,9.27971e-06,9.45942e-06,9.54784e-06,9.53189e-06,9.39918e-06,9.13874e-06,8.74219e-06,8.20528e-06,7.52966e-06,6.72466e-06,5.80867e-06,4.80982e-06,3.7653e-06,2.71881e-06,1.71533e-06,7.92769e-07,0
0,1.89172e-07,7.66162e-07,1.70704e-06,2.99795e-06,4.48442e-06,6.07941e-06,7.69513e-06,9.25082e-06,1.06778e-05,1.19225e-05,1.29476e-05,1.37326e-05,1.42729e-05,1.45786e-05,1.46726e-05,1.45886e-05,1.43682e-05,1.40583e-05,1.3708e-05,1.3366e-05,1.30773e-05,1.2881e-05,1.2808e-05,1.28792e-05,1.31049e-05,1.34843e-05,1.40061e-05,1.46493e-05,1.53854e-05,1.61799e-05,1.69955e-05,1.77939e-05,1.85385e-05,1.91965e-05,1.97409e-05,2.01511e-05,2.04144e-05,2.05256e-05,2.04869e-05,2.03074e-05,2.00014e-05,1.95878e-05,1.90883e-05,1.85262e-05,1.79247e-05,1.73061e-05,1.66908e-05,1.60961e-05,1.55362e-05,1.50218e-05,1.45598e-05,1.41541e-05,1.38056e-05,1.35129e-05,1.3273e-05,1.30823e-05,1.29367e-05,1.2833e-05,1.27685e-05,1.27419e-05,1.27531e-05,1.28027e-05,1.28917e-05,1.30209e-05,1.31903e-05,1.33978e-05,1.36392e-05,1.39072e-05,1.41916e-05,1.44788e-05,1.47529e-05,1.49956e-05,1.5188e-05,1.53109e-05,1.53471e-05,1.52818e-05,1.51045e-05,1.48099e-05,1.43987e-05,1.38783e-05,1.32625e-05,1.25713e-05,1.18302e-05,1.10687e-05,1.03189e-05,9.61339e-06,8.98361e-06,8.45768e-06,8.05874e-06,7.80354e-06,7.70149e-06,7.75421e-06,7.95568e-06,8.29292e-06,8.74704e-06,9.29471e-06,9.90961e-06,1.0564e-05,1.12301e-05,1.18809e-05,1.24908e-05,1.30356e-05,1.34929e-05,1.38409e-05,1.40585e-05,1.41251e-05,1.40206e-05,1.37264e-05,1.32267e-05,1.25104e-05,1.15743e-05,1.04254e-05,9.08409e-06,7.5858e-06,5.98185e-06,4.33732e-06,2.72558e-06,1.26556e-06,0
0,4.86751e-07,1.49106e-06,2.99795e-06,4.91029e-06,7.08597e-06,9.32279e-06,1.15033e-05,1.3527e-05,1.53142e-05,1.68084e-05,1.7976e-05,1.88055e-05,1.93055e-05,1.95025e-05,1.94379e-05,1.91646e-05,1.87437e-05,1.82406e-05,1.77212e-05,1.72481e-05,1.68771e-05,1.66544e-05,1.66135e-05,1.67744e-05,1.71422e-05,1.77077e-05,1.84481e-05,1.93294e-05,2.0309e-05,2.13386e-05,2.23676e-05,2.33468e-05,2.42311e-05,2.49821e-05,2.55705e-05,2.59765e-05,2.61912e-05,2.62155e-05,2.60598e-05,2.5742e-05,2.52863e-05,2.47208e-05,2.40757e-05,2.33814e-05,2.26669e-05,2.19581e-05,2.12773e-05,2.06421e-05,2.0065e-05,1.95539e-05,1.91121e-05,1.87386e-05,1.84295e-05,1.81784e-05,1.79776e-05,1.78192e-05,1.7696e-05,1.76021e-05,1.75338e-05,1.74896e-05,1.74704e-05,1.74789e-05,1.7519e-05,1.75953e-05,1.77112e-05,1.78688e-05,1.80671e-05,1.83017e-05,1.85641e-05,1.88414e-05,1.91168e-05,1.937e-05,1.95783e-05,1.97181e-05,1.97662e-05,1.97018e-05,1.95079e-05,1.9173e-05,1.86928e-05,1.80707e-05,1.73185e-05,1.64567e-05,1.55134e-05,1.45234e-05,1.35266e-05,1.25652e-05,1.16818e-05,1.09165e-05,1.03042e-05,9.87237e-06,9.63958e-06,9.614e-06,9.79328e-06,1.01649e-05,1.07073e-05,1.13917e-05,1.21841e-05,1.30472e-05,1.39431e-05,1.48342e-05,1.56849e-05,1.64618e-05,1.71341e-05,1.76725e-05,1.80492e-05,1.82368e-05,1.82083e-05,1.79373e-05,1.73997e-05,1.65754e-05,1.54523e-05,1.40296e-05,1.23226e-05,1.03669e-05,8.22122e-06,5.96811e-06,3.77079e-06,1.76624e-06,0
0,8.78052e-07,2.37786e-06,4.48442e-06,7.08597e-06,9.95525e-06,1.28368e-05,1.55402e-05,1.79542e-05,1.99988e-05,2.16255e-05,2.28145e-05,2.35721e-05,2.39275e-05,2.39288e-05,2.36392e-05,2.31327e-05,2.24897e-05,2.17923e-05,2.11201e-05,2.05456e-05,2.01303e-05,1.99217e-05,1.99509e-05,2.02312e-05,2.07578e-05,2.15091e-05,2.24486e-05,2.35279e-05,2.46903e-05,2.58753e-05,2.70224e-05,2.80754e-05,2.89856e-05,2.97147e-05,3.02367e-05,3.05385e-05,3.062e-05,3.04926e-05,3.01782e-05,2.97062e-05,2.91112e-05,2.84308e-05,2.77021e-05,2.69605e-05,2.62372e-05,2.55582e-05,2.49434e-05,2.44059e-05,2.39526e-05,2.35843e-05,2.32965e-05,2.30803e-05,2.2924e-05,2.28138e-05,2.27356e-05,2.26759e-05,2.26233e-05,2.2569e-05,2.25079e-05,2.24385e-05,2.23633e-05,2.22878e-05,2.22201e-05,2.21697e-05,2.21461e-05,2.21574e-05,2.22091e-05,2.23029e-05,2.24356e-05,2.25988e-05,2.27786e-05,2.29564e-05,2.31092e-05,2.32115e-05,2.32362e-05,2.31572e-05,2.29509e-05,2.25987e-05,2.20884e-05,2.14164e-05,2.05888e-05,1.96217e-05,1.85415e-05,1.73841e-05,1.6193e-05,1.50174e-05,1.39089e-05,1.29186e-05,1.20935e-05,1.14731e-05,1.10872e-05,1.0953e-05,1.10748e-05,1.14434e-05,1.20371e-05,1.28237e-05,1.37626e-05,1.48083e-05,1.59126e-05,1.70274e-05,1.81068e-05,1.91083e-05,1.99928e-05,2.07246e-05,2.12704e-05,2.15978e-05,2.16748e-05,2.14692e-05,2.09494e-05,2.00861e-05,1.88558e-05,1.72458e-05,1.52595e-05,1.29237e-05,1.02949e-05,7.5233e-06,4.79395e-06,2.26854e-06,0
0,1.33863e-06,3.37372e-06,6.07941e-06,9.32279e-06,1.28368e-05,1.63151e-05,1.94589e-05,2.21544e-05,2.43347e-05,2.59706e-05,2.70656e-05,2.76511e-05,2.77814e-05,2.75292e-05,2.69803e-05,2.62286e-05,2.53713e-05,2.45033e-05,2.37131e-05,2.30772e-05,2.2657e-05,2.24958e-05,2.26163e-05,2.30205e-05,2.36904e-05,2.459e-05,2.56681e-05,2.68629e-05,2.81065e-05,2.93299e-05,3.04678e-05,3.14627e-05,3.22688e-05,3.28542e-05,3.32023e-05,3.33116e-05,3.31953e-05,3.28787e-05,3.23967e-05,3.17907e-05,3.11054e-05,3.03854e-05,2.96723e-05,2.90025e-05,2.84056e-05,2.79028e-05,2.75071e-05,2.72229e-05,2.7047e-05,2.69695e-05,2.69749e-05,2.7044e-05,2.71548e-05,2.7285e-05,2.74126e-05,2.75181e-05,2.75852e-05,2.76023e-05,2.75625e-05,2.74646e-05,2.73126e-05,2.71154e-05,2.68858e-05,2.66391e-05,2.63919e-05,2.61605e-05,2.59589e-05,2.57976e-05,2.56821e-05,2.56122e-05,2.55812e-05,2.5576e-05,2.55776e-05,2.55617e-05,2.55009e-05,2.53657e-05,2.51272e-05,2.47595e-05,2.42419e-05,2.35615e-05,2.2715e-05,2.17105e-05,2.05681e-05,1.93197e-05,1.80082e-05,1.66853e-05,1.54085e-05,1.42373e-05,1.32296e-05,1.24369e-05,1.19007e-05,1.16494e-05,1.16959e-05,1.2037e-05,1.26535e-05,1.3512e-05,1.45676e-05,1.57672e-05,1.70533e-05,1.83676e-05,1.96539e-05,2.08604e-05,2.19404e-05,2.28525e-05,2.35593e-05,2.4026e-05,2.42186e-05,2.41022e-05,2.36408e-05,2.27977e-05,2.15387e-05,1.98365e-05,1.76772e-05,1.50694e-05,1.20963e-05,8.91579e-06,5.73671e-06,2.7434e-06,0
0,1.84079e-06,4.42146e-06,7.69513e-06,1.15033e-05,1.55402e-05,1.94589e-05,2.29675e-05,2.58133e-05,2.79991e-05,2.95257e-05,3.04274e-05,3.07649e-05,3.06197e-05,3.00885e-05,2.92773e-05,2.82964e-05,2.7255e-05,2.62555e-05,2.53888e-05,2.47295e-05,2.43331e-05,2.42328e-05,2.44389e-05,2.4939e-05,2.57002e-05,2.66717e-05,2.77899e-05,2.89827e-05,3.01757e-05,3.12972e-05,3.22834e-05,3.30828e-05,3.36587e-05,3.39917e-05,3.40797e-05,3.3937e-05,3.35924e-05,3.30861e-05,3.24662e-05,3.17845e-05,3.10928e-05,3.04395e-05,2.98665e-05,2.94068e-05,2.90835e-05,2.89089e-05,2.88848e-05,2.90032e-05,2.92478e-05,2.95951e-05,3.00171e-05,3.04824e-05,3.09585e-05,3.14136e-05,3.18181e-05,3.21462e-05,3.23771e-05,3.24962e-05,3.24951e-05,3.23727e-05,3.21345e-05,3.17923e-05,3.13634e-05,3.0869e-05,3.03332e-05,2.97807e-05,2.92355e-05,2.87186e-05,2.82466e-05,2.78305e-05,2.7474e-05,2.71736e-05,2.6918e-05,2.66889e-05,2.64614e-05,2.62065e-05,2.58922e-05,2.5487e-05,2.49619e-05,2.42941e-05,2.34692e-05,2.24843e-05,2.13493e-05,2.00882e-05,1.87382e-05,1.73492e-05,1.598e-05,1.46953e-05,1.35609e-05,1.26385e-05,1.1981e-05,1.16282e-05,1.16033e-05,1.19107e-05,1.25361e-05,1.34473e-05,1.45968e-05,1.5926e-05,1.73691e-05,1.88581e-05,2.03269e-05,2.17142e-05,2.2966e-05,2.40356e-05,2.48836e-05,2.54748e-05,2.57767e-05,2.57559e-05,2.53765e-05,2.4599e-05,2.3381e-05,2.16813e-05,1.94651e-05,1.67285e-05,1.35425e-05,1.00742e-05,6.54728e-06,3.16342e-06,0
0,2.35664e-06,5.46543e-06,9.25082e-06,1.3527e-05,1.79542e-05,2.21544e-05,2.58133e-05,2.87433e-05,3.08053e-05,3.21174e-05,3.27485e-05,3.27896e-05,3.23477e-05,3.15398e-05,3.04875e-05,2.93119e-05,2.81276e-05,2.70382e-05,2.61309e-05,2.54727e-05,2.51076e-05,2.50551e-05,2.53102e-05,2.58451e-05,2.66123e-05,2.75489e-05,2.85823e-05,2.96355e-05,3.06337e-05,3.15094e-05,3.22074e-05,3.26884e-05,3.29311e-05,3.29332e-05,3.27107e-05,3.22953e-05,3.17322e-05,3.10752e-05,3.03829e-05,2.97143e-05,2.91241e-05,2.86599e-05,2.83589e-05,2.82464e-05,2.83347e-05,2.86234e-05,2.91001e-05,2.97419e-05,3.05178e-05,3.13902e-05,3.23177e-05,3.32572e-05,3.41659e-05,3.50035e-05,3.57336e-05,3.63251e-05,3.67532e-05,3.70007e-05,3.70581e-05,3.69238e-05,3.66045e-05,3.6114e-05,3.54733e-05,3.47084e-05,3.385e-05,3.29308e-05,3.19844e-05,3.10429e-05,3.01349e-05,2.92842e-05,2.85075e-05,2.78138e-05,2.72029e-05,2.6666e-05,2.61851e-05,2.57348e-05,2.52839e-05,2.47977e-05,2.42411e-05,2.35823e-05,2.27958e-05,2.18664e-05,2.07918e-05,1.95844e-05,1.82724e-05,1.6899e-05,1.55202e-05,1.42015e-05,1.30129e-05,1.20234e-05,1.12955e-05,1.08793e-05,1.08083e-05,1.10958e-05,1.17338e-05,1.26933e-05,1.39264e-05,1.53705e-05,1.69532e-05,1.85976e-05,2.02279e-05,2.17737e-05,2.31735e-05,2.43762e-05,2.53407e-05,2.60339e-05,2.64279e-05,2.64955e-05,2.62062e-05,2.55232e-05,2.4402e-05,2.27906e-05,2.06194e-05,1.78611e-05,1.45824e-05,1.0948e-05,7.18532e-06,3.5059e-06,0
0,2.86027e-06,6.45576e-06,1.06778e-05,1.53142e-05,1.99988e-05,2.43347e-05,2.79991e-05,3.08053e-05,3.27157e-05,3.3726e-05,3.40327e-05,3.37541e-05,3.30181e-05,3.1956e-05,3.06979e-05,2.93684e-05,2.80816e-05,2.69355e-05,2.60081e-05,2.5354e-05,2.50023e-05,2.49565e-05,2.51956e-05,2.56773e-05,2.63423e-05,2.71195e-05,2.79328e-05,2.87065e-05,2.93723e-05,2.98737e-05,3.01705e-05,3.02413e-05,3.00845e-05,2.97178e-05,2.91763e-05,2.85092e-05,2.77755e-05,2.70397e-05,2.6367e-05,2.58181e-05,2.54461e-05,2.52923e-05,2.53849e-05,2.57369e-05,2.63468e-05,2.71989e-05,2.82651e-05,2.95072e-05,3.08792e-05,3.23301e-05,3.38065e-05,3.52552e-05,3.6625e-05,3.78689e-05,3.89453e-05,3.98192e-05,4.04634e-05,4.08587e-05,4.09943e-05,4.08685e-05,4.04877e-05,3.98671e-05,3.90293e-05,3.80037e-05,3.68255e-05,3.55338e-05,3.41703e-05,3.2777e-05,3.13944e-05,3.00591e-05,2.88018e-05,2.76454e-05,2.66036e-05,2.56796e-05,2.48658e-05,2.41445e-05,2.34884e-05,2.28637e-05,2.22323e-05,2.15556e-05,2.0799e-05,1.99355e-05,1.895e-05,1.7842e-05,1.66278e-05,1.53408e-05,1.40301e-05,1.27578e-05,1.1594e-05,1.06114e-05,9.87872e-06,9.45461e-06,9.38156e-06,9.68165e-06,1.03539e-05,1.13737e-05,1.26946e-05,1.42517e-05,1.59673e-05,1.77569e-05,1.95356e-05,2.12241e-05,2.27534e-05,2.40677e-05,2.5125e-05,2.58956e-05,2.63588e-05,2.64977e-05,2.6293e-05,2.5717e-05,2.47304e-05,2.3244e-05,2.11677e-05,1.84672e-05,1.51969e-05,1.15096e-05,7.62457e-06,3.75457e-06,0
0,3.32938e-06,7.35099e-06,1.19225e-05,1.68084e-05,2.16255e-05,2.59706e-05,2.95257e-05,3.21174e-05,3.3726e-05,3.44536e-05,3.44034e-05,3.38017e-05,3.27918e-05,3.15094e-05,3.00851e-05,2.86402e-05,2.72814e-05,2.60962e-05,2.51489e-05,2.44786e-05,2.40978e-05,2.39936e-05,2.41305e-05,2.44544e-05,2.48982e-05,2.53883e-05,2.5851e-05,2.62188e-05,2.64362e-05,2.64639e-05,2.6282e-05,2.58906e-05,2.53103e-05,2.45794e-05,2.37511e-05,2.28893e-05,2.20634e-05,2.13436e-05,2.0796e-05,2.0478e-05,2.04351e-05,2.06979e-05,2.12811e-05,2.21826e-05,2.3385e-05,2.48563e-05,2.65527e-05,2.84213e-05,3.04031e-05,3.24359e-05,3.44568e-05,3.64051e-05,3.82242e-05,3.9863e-05,4.12772e-05,4.24301e-05,4.32931e-05,4.38463e-05,4.40781e-05,4.39858e-05,4.35753e-05,4.28611e-05,4.18657e-05,4.06194e-05,3.91594e-05,3.75286e-05,3.57742e-05,3.39461e-05,3.20945e-05,3.02677e-05,2.85099e-05,2.68582e-05,2.53408e-05,2.39753e-05,2.27669e-05,2.17084e-05,2.07808e-05,1.99545e-05,1.91922e-05,1.84528e-05,1.7695e-05,1.68826e-05,1.5989e-05,1.5001e-05,1.39221e-05,1.27736e-05,1.15951e-05,1.04413e-05,9.37858e-06,8.47931e-06,7.81505e-06,7.44962e-06,7.43249e-06,7.79314e-06,8.53731e-06,9.64533e-06,1.1073e-05,1.27547e-05,1.46088e-05,1.65442e-05,1.84677e-05,2.02914e-05,2.19389e-05,2.33492e-05,2.44794e-05,2.53037e-05,2.58105e-05,2.59968e-05,2.58602e-05,2.5387e-05,2.45115e-05,2.31365e-05,2.11734e-05,1.85804e-05,1.53964e-05,1.17536e-05,7.85358e-06,3.90041e-06,0
0,3.74625e-06,8.1198e-06,1.29476e-05,1.7976e-05,2.28145e-05,2.70656e-05,3.04274e-05,3.27485e-05,3.40327e-05,3.44034e-05,3.40455e-05,3.31305e-05,3.18816e-05,3.04216e-05,2.88725e-05,2.73455e-05,2.5935e-05,2.4714e-05,2.37306e-05,2.30068e-05,2.25386e-05,2.22984e-05,2.22388e-05,2.22983e-05,2.24073e-05,2.24955e-05,2.2498e-05,2.23617e-05,2.20498e-05,2.15449e-05,2.08506e-05,1.9991e-05,1.90085e-05,1.79609e-05,1.69167e-05,1.59499e-05,1.51352e-05,1.45429e-05,1.42338e-05,1.42564e-05,1.46434e-05,1.54105e-05,1.65559e-05,1.80604e-05,1.98896e-05,2.19958e-05,2.43207e-05,2.67992e-05,2.93618e-05,3.19382e-05,3.44598e-05,3.6862e-05,3.9086e-05,4.10799e-05,4.27995e-05,4.42086e-05,4.52794e-05,4.59918e-05,4.63343e-05,4.63028e-05,4.59017e-05,4.51431e-05,4.40475e-05,4.26432e-05,4.09665e-05,3.90607e-05,3.69754e-05,3.47649e-05,3.24864e-05,3.01977e-05,2.79544e-05,2.58069e-05,2.37979e-05,2.19597e-05,2.0312e-05,1.88609e-05,1.75984e-05,1.65032e-05,1.55434e-05,1.46789e-05,1.38664e-05,1.30638e-05,1.22359e-05,1.13584e-05,1.04228e-05,9.438e-06,8.4319e-06,7.44958e-06,6.55023e-06,5.80198e-06,5.27529e-06,5.03574e-06,5.13669e-06,5.61281e-06,6.47518e-06,7.70859e-06,9.27138e-06,1.1098e-05,1.31038e-05,1.51923e-05,1.72628e-05,1.92192e-05,2.09771e-05,2.24705e-05,2.36546e-05,2.45074e-05,2.50272e-05,2.52285e-05,2.51339e-05,2.47087e-05,2.38863e-05,2.25861e-05,2.07269e-05,1.82628e-05,1.52168e-05,1.16959e-05,7.87537e-06,3.94171e-06,0
0,4.09828e-06,8.74163e-06,1.37326e-05,1.88055e-05,2.35721e-05,2.76511e-05,3.07649e-05,3.27896e-05,3.37541e-05,3.38017e-05,3.31305e-05,3.19736e-05,3.05739e-05,2.90181e-05,2.74167e-05,2.58669e-05,2.44478e-05,2.32156e-05,2.22013e-05,2.14101e-05,2.08232e-05,2.0401e-05,2.00887e-05,1.98221e-05,1.95353e-05,1.9167e-05,1.86676e-05,1.80036e-05,1.71614e-05,1.61489e-05,1.4995e-05,1.37475e-05,1.24696e-05,1.1235e-05,1.01228e-05,9.21221e-06,8.57673e-06,8.28012e-06,8.37237e-06,8.88708e-06,9.83979e-06,1.12276e-05,1.30295e-05,1.52085e-05,1.77131e-05,2.04809e-05,2.34415e-05,2.65198e-05,2.96395e-05,3.27259e-05,3.57081e-05,3.85217e-05,4.1109e-05,4.34208e-05,4.54157e-05,4.70606e-05,4.83299e-05,4.9205e-05,4.96744e-05,4.97328e-05,4.9382e-05,4.86303e-05,4.74938e-05,4.59961e-05,4.41694e-05,4.2054e-05,3.96981e-05,3.7157e-05,3.44915e-05,3.17657e-05,2.90439e-05,2.63883e-05,2.3855e-05,2.14911e-05,1.93316e-05,1.73979e-05,1.5696e-05,1.42168e-05,1.29376e-05,1.18246e-05,1.0837e-05,9.93167e-06,9.06865e-06,8.21618e-06,7.35551e-06,6.48433e-06,5.61854e-06,4.79204e-06,4.05432e-06,3.46605e-06,3.09295e-06,2.99856e-06,3.23665e-06,3.84411e-06,4.83519e-06,6.19774e-06,7.89209e-06,9.85273e-06,1.19928e-05,1.42109e-05,1.63996e-05,1.84546e-05,2.0284e-05,2.18152e-05,2.3001e-05,2.38213e-05,2.42841e-05,2.44241e-05,2.42885e-05,2.38389e-05,2.30043e-05,2.17263e-05,1.99388e-05,1.75987e-05,1.47157e-05,1.13704e-05,7.7061e-06,3.88368e-06,0
0,4.37816e-06,9.20676e-06,1.42729e-05,1.93055e-05,2.39275e-05,2.77814e-05,3.06197e-05,3.23477e-05,3.30181e-05,3.27918e-05,3.18816e-05,3.05739e-05,2.91352e-05,2.75806e-05,2.60078e-05,2.44992e-05,2.31173e-05,2.1901e-05,2.08644e-05,1.99978e-05,1.927e-05,1.86337e-05,1.8031e-05,1.74011e-05,1.66873e-05,1.58437e-05,1.4841e-05,1.36702e-05,1.23443e-05,1.08984e-05,9.38681e-06,7.87986e-06,6.45822e-06,5.20739e-06,4.21173e-06,3.54892e-06,3.28516e-06,3.4714e-06,4.1407e-06,5.30686e-06,6.96415e-06,9.08813e-06,1.16375e-05,1.45562e-05,1.77772e-05,2.12247e-05,2.48185e-05,2.84772e-05,3.21209e-05,3.56742e-05,3.90682e-05,4.22419e-05,4.51431e-05,4.77281e-05,4.99616e-05,5.18158e-05,5.32694e-05,5.43066e-05,5.49164e-05,5.50924e-05,5.48327e-05,5.41405e-05,5.30251e-05,5.15029e-05,4.95985e-05,4.73455e-05,4.4787e-05,4.19753e-05,3.89708e-05,3.58403e-05,3.26543e-05,2.94837e-05,2.63968e-05,2.34545e-05,2.0708e-05,1.8195e-05,1.5938e-05,1.39435e-05,1.22025e-05,1.06921e-05,9.37934e-06,8.22503e-06,7.18938e-06,6.23715e-06,5.34284e-06,4.4948e-06,3.69792e-06,2.97443e-06,2.36249e-06,1.91271e-06,1.68272e-06,1.73037e-06,2.10612e-06,2.84571e-06,3.96371e-06,5.44895e-06,7.26245e-06,9.33823e-06,1.15871e-05,1.39033e-05,1.6173e-05,1.82841e-05,2.01364e-05,2.16503e-05,2.2774e-05,2.34866e-05,2.3799e-05,2.37492e-05,2.3486e-05,2.29383e-05,2.20204e-05,2.06998e-05,1.89332e-05,1.66882e-05,1.39672e-05,1.0826e-05,7.37322e-06,3.73764e-06,0
0,4.58369e-06,9.51574e-06,1.45786e-05,1.95025e-05,2.39288e-05,2.75292e-05,3.00885e-05,3.15398e-05,3.1956e-05,3.15094e-05,3.04216e-05,2.90181e-05,2.75806e-05,2.6053e-05,2.45182e-05,2.3042e-05,2.16692e-05,2.04219e-05,1.92986e-05,1.82769e-05,1.7317e-05,1.6368e-05,1.53745e-05,1.42847e-05,1.3057e-05,1.16663e-05,1.01084e-05,8.40247e-06,6.59035e-06,4.73474e-06,2.91472e-06,1.22016e-06,-2.54782e-07,-1.41817e-06,-2.18646e-06,-2.48973e-06,-2.2756e-06,-1.51187e-06,-1.87576e-07,1.68708e-06,4.0821e-06,6.94985e-06,1.0228e-05,1.38426e-05,1.77122e-05,2.17509e-05,2.58718e-05,2.9991e-05,3.40294e-05,3.79154e-05,4.15867e-05,4.49903e-05,4.80834e-05,5.08322e-05,5.32108e-05,5.51999e-05,5.6785e-05,5.79546e-05,5.86995e-05,5.90122e-05,5.88866e-05,5.83191e-05,5.73102e-05,5.58656e-05,5.3999e-05,5.17331e-05,4.91011e-05,4.61477e-05,4.29283e-05,3.95078e-05,3.59587e-05,3.23577e-05,2.87819e-05,2.53049e-05,2.19929e-05,1.89005e-05,1.60684e-05,1.35211e-05,1.12667e-05,9.29759e-06,7.59331e-06,6.12382e-06,4.8544e-06,3.75086e-06,2.78473e-06,1.93783e-06,1.20568e-06,5.99203e-07,1.44374e-07,-1.20217e-07,-1.47867e-07,1.10124e-07,6.97293e-07,1.64464e-06,2.96391e-06,4.64235e-06,6.6399e-06,8.88908e-06,1.1298e-05,1.37566e-05,1.61449e-05,1.83432e-05,2.0243e-05,2.17569e-05,2.28269e-05,2.34294e-05,2.35765e-05,2.33127e-05,2.28664e-05,2.21564e-05,2.10856e-05,1.96511e-05,1.78408e-05,1.56418e-05,1.30572e-05,1.01231e-05,6.91332e-06,3.52004e-06,0
0,4.71739e-06,9.67845e-06,1.46726e-05,1.94379e-05,2.36392e-05,2.69803e-05,2.92773e-05,3.04875e-05,3.06979e-05,3.00851e-05,2.88725e-05,2.74167e-05,2.60078e-05,2.45182e-05,2.30142e-05,2.15442e-05,2.01362e-05,1.87962e-05,1.75098e-05,1.62452e-05,1.49586e-05,1.36006e-05,1.21242e-05,1.04923e-05,8.68397e-06,6.69988e-06,4.56492e-06,2.32851e-06,6.2339e-08,-2.14412e-06,-4.18983e-06,-5.96936e-06,-7.38046e-06,-8.33101e-06,-8.74502e-06,-8.56707e-06,-7.76505e-06,-6.33117e-06,-4.28133e-06,-1.65326e-06,1.49647e-06,5.09602e-06,9.06223e-06,1.33047e-05,1.77298e-05,2.22443e-05,2.67589e-05,3.1191e-05,3.54671e-05,3.95242e-05,4.33111e-05,4.67879e-05,4.99259e-05,5.27053e-05,5.51138e-05,5.71442e-05,5.87913e-05,6.00504e-05,6.09153e-05,6.13777e-05,6.14269e-05,6.10513e-05,6.02397e-05,5.89845e-05,5.72841e-05,5.51459e-05,5.25883e-05,4.9643e-05,4.63552e-05,4.27831e-05,3.89961e-05,3.50726e-05,3.10955e-05,2.71486e-05,2.33114e-05,1.96556e-05,1.62407e-05,1.31113e-05,1.02958e-05,7.80601e-06,5.63852e-06,3.77755e-06,2.19878e-06,8.74131e-07,-2.23298e-07,-1.11446e-06,-1.81051e-06,-2.31035e-06,-2.59991e-06,-2.6536e-06,-2.4376e-06,-1.91513e-06,-1.05285e-06,1.72078e-07,1.7653e-06,3.70967e-06,5.96178e-06,8.45108e-06,1.10821e-05,1.374e-05,1.62985e-05,1.86302e-05,2.06178e-05,2.21653e-05,2.3207e-05,2.37145e-05,2.36992e-05,2.32103e-05,2.25472e-05,2.16257e-05,2.0339e-05,1.87188e-05,1.67915e-05,1.45735e-05,1.20783e-05,9.32965e-06,6.36966e-06,3.25129e-06,0
0,4.78594e-06,9.71274e-06,1.45886e-05,1.91646e-05,2.31327e-05,2.62286e-05,2.82964e-05,2.93119e-05,2.93684e-05,2.86402e-05,2.73455e-05,2.58669e-05,2.44992e-05,2.3042e-05,2.15442e-05,2.00376e-05,1.85344e-05,1.70274e-05,1.54927e-05,1.38935e-05,1.2187e-05,1.03315e-05,8.29398e-06,6.0577e-06,3.62764e-06,1.03416e-06,-1.66621e-06,-4.39259e-06,-7.04436e-06,-9.50772e-06,-1.16637e-05,-1.33969e-05,-1.46032e-05,-1.51973e-05,-1.51179e-05,-1.43308e-05,-1.28304e-05,-1.06384e-05,-7.80159e-06,-4.38807e-06,-4.8245e-07,3.81893e-06,8.41299e-06,1.31945e-05,1.80606e-05,2.29141e-05,2.76669e-05,3.22423e-05,3.6577e-05,4.06213e-05,4.43403e-05,4.77122e-05,5.07269e-05,5.33838e-05,5.56882e-05,5.76487e-05,5.92731e-05,6.05656e-05,6.15248e-05,6.21423e-05,6.24025e-05,6.22842e-05,6.17628e-05,6.08136e-05,5.94159e-05,5.75569e-05,5.52351e-05,5.24635e-05,4.92714e-05,4.57045e-05,4.18246e-05,3.77065e-05,3.34353e-05,2.91016e-05,2.47969e-05,2.06086e-05,1.66155e-05,1.28838e-05,9.46469e-06,6.39288e-06,3.68659e-06,1.34922e-06,-6.27788e-07,-2.26105e-06,-3.57074e-06,-4.57609e-06,-5.29124e-06,-5.72227e-06,-5.86562e-06,-5.7084e-06,-5.23063e-06,-4.40928e-06,-3.22382e-06,-1.66254e-06,2.70954e-07,2.55218e-06,5.1318e-06,7.93416e-06,1.08588e-05,1.37849e-05,1.65793e-05,1.91063e-05,2.12391e-05,2.28716e-05,2.39291e-05,2.43762e-05,2.42206e-05,2.35135e-05,2.26211e-05,2.14558e-05,1.99022e-05,1.80292e-05,1.59086e-05,1.35955e-05,1.11249e-05,8.51762e-06,5.78965e-06,2.95454e-06,0
0,4.79944e-06,9.64287e-06,1.43682e-05,1.87437e-05,2.24897e-05,2.53713e-05,2.7255e-05,2.81276e-05,2.80816e-05,2.72814e-05,2.5935e-05,2.44478e-05,2.31173e-05,2.16692e-05,2.01362e-05,1.85344e-05,1.68631e-05,1.51055e-05,1.32324e-05,1.12077e-05,8.99535e-06,6.56693e-06,3.90956e-06,1.03209e-06,-2.03048e-06,-5.21529e-06,-8.43291e-06,-1.15716e-05,-1.45041e-05,-1.70965e-05,-1.92173e-05,-2.07473e-05,-2.15881e-05,-2.16685e-05,-2.09487e-05,-1.94225e-05,-1.71161e-05,-1.40852e-05,-1.04107e-05,-6.19288e-06,-1.54501e-06,3.41249e-06,8.55798e-06,1.37738e-05,1.89504e-05,2.39904e-05,2.88107e-05,3.33448e-05,3.75439e-05,4.13768e-05,4.48295e-05,4.79031e-05,5.06117e-05,5.2978e-05,5.50299e-05,5.67957e-05,5.82995e-05,5.95576e-05,6.05751e-05,6.13444e-05,6.1845e-05,6.20451e-05,6.19044e-05,6.13781e-05,6.04223e-05,5.8999e-05,5.70817e-05,5.46588e-05,5.17379e-05,4.83465e-05,4.45326e-05,4.03631e-05,3.59206e-05,3.12992e-05,2.65995e-05,2.19235e-05,1.73686e-05,1.30238e-05,8.96478e-06,5.25211e-06,1.92949e-06,-9.7582e-07,-3.45147e-06,-5.49716e-06,-7.12094e-06,-8.33518e-06,-9.15249e-06,-9.58245e-06,-9.62934e-06,-9.2915e-06,-8.56241e-06,-7.43352e-06,-5.89871e-06,-3.95974e-06,-1.63212e-06,1.04947e-06,4.02709e-06,7.21757e-06,1.05133e-05,1.37863e-05,1.6895e-05,1.96942e-05,2.20462e-05,2.38338e-05,2.49708e-05,2.54123e-05,2.51597e-05,2.42624e-05,2.31501e-05,2.1729e-05,1.98733e-05,1.76903e-05,1.53024e-05,1.28125e-05,1.02885e-05,7.75911e-06,5.22237e-06,2.65436e-06,0
0,4.77054e-06,9.4977e-06,1.40583e-05,1.82406e-05,2.17923e-05,2.45033e-05,2.62555e-05,2.70382e-05,2.69355e-05,2.60962e-05,2.4714e-05,2.32156e-05,2.1901e-05,2.04219e-05,1.87962e-05,1.70274e-05,1.51055e-05,1.30085e-05,1.07076e-05,8.17294e-06,5.38135e-06,2.32397e-06,-9.86807e-07,-4.51207e-06,-8.18374e-06,-1.1905e-05,-1.55539e-05,-1.89902e-05,-2.20639e-05,-2.46262e-05,-2.65399e-05,-2.76896e-05,-2.79898e-05,-2.73906e-05,-2.5881e-05,-2.34881e-05,-2.02748e-05,-1.63341e-05,-1.17832e-05,-6.75523e-06,-1.39213e-06,4.16279e-06,9.77125e-06,1.53055e-05,2.06527e-05,2.57182e-05,3.04277e-05,3.4729e-05,3.85921e-05,4.20086e-05,4.49901e-05,4.75657e-05,4.97779e-05,5.16779e-05,5.33206e-05,5.47582e-05,5.60347e-05,5.71813e-05,5.82118e-05,5.91207e-05,5.9883e-05,6.04552e-05,6.07793e-05,6.07878e-05,6.04097e-05,5.95775e-05,5.82337e-05,5.63372e-05,5.38674e-05,5.0828e-05,4.72477e-05,4.31799e-05,3.87001e-05,3.39021e-05,2.88925e-05,2.37858e-05,1.86973e-05,1.37383e-05,9.01055e-06,4.60258e-06,5.86746e-07,-2.98189e-06,-6.06533e-06,-8.64115e-06,-1.06998e-05,-1.22414e-05,-1.32719e-05,-1.37996e-05,-1.38331e-05,-1.33789e-05,-1.24425e-05,-1.1029e-05,-9.14715e-06,-6.81357e-06,-4.05762e-06,-9.26562e-07,2.51048e-06,6.16031e-06,9.90591e-06,1.36098e-05,1.71203e-05,2.02808e-05,2.29415e-05,2.49713e-05,2.62707e-05,2.67822e-05,2.64976e-05,2.5461e-05,2.41616e-05,2.24955e-05,2.0322e-05,1.77865e-05,1.50652e-05,1.23167e-05,9.6529e-06,7.1228e-06,4.71599e-06,2.37546e-06,0
0,4.71355e-06,9.30872e-06,1.3708e-05,1.77212e-05,2.11201e-05,2.37131e-05,2.53888e-05,2.61309e-05,2.60081e-05,2.51489e-05,2.37306e-05,2.22013e-05,2.08644e-05,1.92986e-05,1.75098e-05,1.54927e-05,1.32324e-05,1.07076e-05,7.89552e-06,4.779e-06,1.35388e-06,-2.36371e-06,-6.33137e-06,-1.04768e-05,-1.46973e-05,-1.88622e-05,-2.28191e-05,-2.6403e-05,-2.94468e-05,-3.17936e-05,-3.33079e-05,-3.38856e-05,-3.34619e-05,-3.20155e-05,-2.95697e-05,-2.619e-05,-2.19794e-05,-1.70706e-05,-1.16176e-05,-5.78667e-06,2.52958e-07,6.33677e-06,1.23122e-05,1.8044e-05,2.34188e-05,2.83481e-05,3.27697e-05,3.66492e-05,3.99791e-05,4.27778e-05,4.50868e-05,4.69674e-05,4.84951e-05,4.97541e-05,5.08302e-05,5.18038e-05,5.27424e-05,5.36948e-05,5.4686e-05,5.57141e-05,5.67497e-05,5.77376e-05,5.86005e-05,5.92456e-05,5.95715e-05,5.94769e-05,5.8869e-05,5.76712e-05,5.58298e-05,5.33183e-05,5.01407e-05,4.63317e-05,4.19549e-05,3.70993e-05,3.18746e-05,2.64048e-05,2.08216e-05,1.5258e-05,9.84194e-06,4.69124e-06,-9.08761e-08,-4.41833e-06,-8.22355e-06,-1.14573e-05,-1.40873e-05,-1.60958e-05,-1.74766e-05,-1.82318e-05,-1.83689e-05,-1.78991e-05,-1.68364e-05,-1.51978e-05,-1.3006e-05,-1.02923e-05,-7.10108e-06,-3.49374e-06,4.47247e-07,4.61624e-06,8.88434e-06,1.31022e-05,1.71056e-05,2.07246e-05,2.37944e-05,2.61681e-05,2.77299e-05,2.84066e-05,2.81766e-05,2.70744e-05,2.56455e-05,2.37694e-05,2.12855e-05,1.83741e-05,1.52665e-05,1.21834e-05,9.29067e-06,6.67052e-06,4.31537e-06,2.14146e-06,0
0,4.64346e-06,9.10807e-06,1.3366e-05,1.72481e-05,2.05456e-05,2.30772e-05,2.47295e-05,2.54727e-05,2.5354e-05,2.44786e-05,2.30068e-05,2.14101e-05,1.99978e-05,1.82769e-05,1.62452e-05,1.38935e-05,1.12077e-05,8.17294e-06,4.779e-06,1.02758e-06,-3.06068e-06,-7.43976e-06,-1.20338e-05,-1.67352e-05,-2.14063e-05,-2.58846e-05,-2.99912e-05,-3.35417e-05,-3.63585e-05,-3.82843e-05,-3.91932e-05,-3.90006e-05,-3.76693e-05,-3.52128e-05,-3.16939e-05,-2.72202e-05,-2.19366e-05,-1.60164e-05,-9.65018e-06,-3.03582e-06,3.63182e-06,1.01695e-05,1.64129e-05,2.22221e-05,2.7486e-05,3.21249e-05,3.60916e-05,3.93723e-05,4.19854e-05,4.39791e-05,4.54286e-05,4.64308e-05,4.70982e-05,4.75517e-05,4.7912e-05,4.8291e-05,4.87832e-05,4.9458e-05,5.03535e-05,5.14731e-05,5.27839e-05,5.42186e-05,5.56802e-05,5.70484e-05,5.81889e-05,5.89631e-05,5.92387e-05,5.88991e-05,5.78519e-05,5.60359e-05,5.34247e-05,5.00292e-05,4.58962e-05,4.11061e-05,3.57673e-05,3.00107e-05,2.3982e-05,1.78345e-05,1.17216e-05,5.79068e-06,1.76984e-07,-5.00032e-06,-9.64108e-06,-1.36654e-05,-1.70137e-05,-1.96453e-05,-2.15361e-05,-2.26762e-05,-2.30669e-05,-2.27188e-05,-2.16499e-05,-1.98858e-05,-1.74605e-05,-1.4419e-05,-1.08199e-05,-6.73975e-06,-2.27566e-06,2.45232e-06,7.30113e-06,1.2107e-05,1.66908e-05,2.08664e-05,2.44514e-05,2.72802e-05,2.92176e-05,3.0171e-05,3.01013e-05,2.90295e-05,2.75526e-05,2.55276e-05,2.27659e-05,1.9478e-05,1.59493e-05,1.24665e-05,9.25891e-06,6.45412e-06,4.05979e-06,1.97365e-06,0
0,4.57501e-06,8.92659e-06,1.30773e-05,1.68771e-05,2.01303e-05,2.2657e-05,2.43331e-05,2.51076e-05,2.50023e-05,2.40978e-05,2.25386e-05,2.08232e-05,1.927e-05,1.7317e-05,1.49586e-05,1.2187e-05,8.99535e-06,5.38135e-06,1.35388e-06,-3.06068e-06,-7.81183e-06,-1.28199e-05,-1.79733e-05,-2.31288e-05,-2.81156e-05,-3.27429e-05,-3.68105e-05,-4.01213e-05,-4.24952e-05,-4.37826e-05,-4.38753e-05,-4.27156e-05,-4.03007e-05,-3.6684e-05,-3.19713e-05,-2.63142e-05,-1.99005e-05,-1.29432e-05,-5.66788e-06,1.69832e-06,8.93775e-06,1.58512e-05,2.22656e-05,2.80389e-05,3.30647e-05,3.72745e-05,4.06385e-05,4.31656e-05,4.4902e-05,4.59287e-05,4.63568e-05,4.63216e-05,4.59757e-05,4.54796e-05,4.49919e-05,4.46592e-05,4.46055e-05,4.49232e-05,4.5666e-05,4.6844e-05,4.84218e-05,5.03208e-05,5.24234e-05,5.45813e-05,5.66252e-05,5.83771e-05,5.96615e-05,6.03183e-05,6.02125e-05,5.9243e-05,5.73489e-05,5.45123e-05,5.0759e-05,4.6156e-05,4.08071e-05,3.48464e-05,2.84308e-05,2.17316e-05,1.49262e-05,8.19061e-06,1.6921e-06,-4.41625e-06,-9.99996e-06,-1.49458e-05,-1.91632e-05,-2.25838e-05,-2.51608e-05,-2.68664e-05,-2.76897e-05,-2.76346e-05,-2.6718e-05,-2.49689e-05,-2.2429e-05,-1.91537e-05,-1.52148e-05,-1.07028e-05,-5.72992e-06,-4.31871e-07,5.03231e-06,1.04822e-05,1.57212e-05,2.05441e-05,2.47483e-05,2.81462e-05,3.05795e-05,3.19326e-05,3.21447e-05,3.1218e-05,2.97977e-05,2.77098e-05,2.47293e-05,2.10898e-05,1.71273e-05,1.31961e-05,9.59639e-06,6.51276e-06,3.9809e-06,1.88987e-06,0
0,4.52181e-06,8.79202e-06,1.2881e-05,1.66544e-05,1.99217e-05,2.24958e-05,2.42328e-05,2.50551e-05,2.49565e-05,2.39936e-05,2.22984e-05,2.0401e-05,1.86337e-05,1.6368e-05,1.36006e-05,1.03315e-05,6.56693e-06,2.32397e-06,-2.36371e-06,-7.43976e-06,-1.28199e-05,-1.83884e-05,-2.39972e-05,-2.94689e-05,-3.4603e-05,-3.91855e-05,-4.30015e-05,-4.58492e-05,-4.75545e-05,-4.79835e-05,-4.70538e-05,-4.47413e-05,-4.10831e-05,-3.61761e-05,-3.01713e-05,-2.32647e-05,-1.5686e-05,-7.68551e-06,4.78951e-07,8.55442e-06,1.63039e-05,2.35157e-05,3.00106e-05,3.56474e-05,4.03264e-05,4.3992e-05,4.66331e-05,4.82828e-05,4.90168e-05,4.89495e-05,4.82298e-05,4.70331e-05,4.55538e-05,4.39939e-05,4.25521e-05,4.14115e-05,4.07278e-05,4.06186e-05,4.11548e-05,4.23547e-05,4.41821e-05,4.65476e-05,4.93137e-05,5.23039e-05,5.53134e-05,5.81229e-05,6.05125e-05,6.22754e-05,6.3231e-05,6.32351e-05,6.21881e-05,6.00395e-05,5.67899e-05,5.24893e-05,4.72327e-05,4.1154e-05,3.44179e-05,2.72108e-05,1.97316e-05,1.2183e-05,4.76294e-06,-2.34218e-06,-8.96315e-06,-1.49521e-05,-2.01849e-05,-2.45624e-05,-2.801e-05,-3.04769e-05,-3.19339e-05,-3.23721e-05,-3.18007e-05,-3.02463e-05,-2.77528e-05,-2.4382e-05,-2.02152e-05,-1.53551e-05,-9.92827e-06,-4.08588e-06,1.99595e-06,8.11853e-06,1.40654e-05,1.96099e-05,2.45261e-05,2.86012e-05,3.16503e-05,3.35309e-05,3.41558e-05,3.35036e-05,3.22632e-05,3.02218e-05,2.71075e-05,2.31679e-05,1.87839e-05,1.43763e-05,1.03213e-05,6.8707e-06,4.10096e-06,1.90356e-06,0
0,4.49553e-06,8.7274e-06,1.2808e-05,1.66135e-05,1.99509e-05,2.26163e-05,2.44389e-05,2.53102e-05,2.51956e-05,2.41305e-05,2.22388e-05,2.00887e-05,1.8031e-05,1.53745e-05,1.21242e-05,8.29398e-06,3.90956e-06,-9.86807e-07,-6.33137e-06,-1.20338e-05,-1.79733e-05,-2.39972e-05,-2.99223e-05,-3.554e-05,-4.0625e-05,-4.49466e-05,-4.82833e-05,-5.04371e-05,-5.12479e-05,-5.06063e-05,-4.84626e-05,-4.48321e-05,-3.97955e-05,-3.34955e-05,-2.61285e-05,-1.79337e-05,-9.17985e-06,-1.51053e-07,8.8669e-06,1.75995e-05,2.57945e-05,3.32313e-05,3.97279e-05,4.51458e-05,4.9394e-05,5.24307e-05,5.42643e-05,5.49525e-05,5.46003e-05,5.33564e-05,5.14071e-05,4.89686e-05,4.62773e-05,4.35776e-05,4.11091e-05,3.90926e-05,3.77165e-05,3.71248e-05,3.74072e-05,3.85918e-05,4.06429e-05,4.34619e-05,4.68925e-05,5.07308e-05,5.47369e-05,5.86504e-05,6.2206e-05,6.51494e-05,6.72525e-05,6.83257e-05,6.82279e-05,6.68732e-05,6.42335e-05,6.03381e-05,5.52699e-05,4.9159e-05,4.21742e-05,3.45135e-05,2.63942e-05,1.80424e-05,9.68434e-06,1.53764e-06,-6.19497e-06,-1.33311e-05,-1.97124e-05,-2.52063e-05,-2.97075e-05,-3.31371e-05,-3.54422e-05,-3.65943e-05,-3.65885e-05,-3.54422e-05,-3.31951e-05,-2.99095e-05,-2.56716e-05,-2.05929e-05,-1.48116e-05,-8.49352e-06,-1.83162e-06,4.95629e-06,1.16324e-05,1.79466e-05,2.36468e-05,2.84922e-05,3.22678e-05,3.48e-05,3.5971e-05,3.57307e-05,3.48074e-05,3.29409e-05,2.98011e-05,2.56393e-05,2.08726e-05,1.59846e-05,1.14299e-05,7.5358e-06,4.43157e-06,2.02301e-06,0
0,4.50526e-06,8.74982e-06,1.28792e-05,1.67744e-05,2.02312e-05,2.30205e-05,2.4939e-05,2.58451e-05,2.56773e-05,2.44544e-05,2.22983e-05,1.98221e-05,1.74011e-05,1.42847e-05,1.04923e-05,6.0577e-06,1.03209e-06,-4.51207e-06,-1.04768e-05,-1.67352e-05,-2.31288e-05,-2.94689e-05,-3.554e-05,-4.1107e-05,-4.59261e-05,-4.97579e-05,-5.23825e-05,-5.36142e-05,-5.33159e-05,-5.14097e-05,-4.78847e-05,-4.27997e-05,-3.62817e-05,-2.85193e-05,-1.97528e-05,-1.02614e-05,-3.48584e-07,9.67262e-06,1.94938e-05,2.8824e-05,3.74004e-05,4.49972e-05,5.14325e-05,5.65727e-05,6.03363e-05,6.26961e-05,6.36795e-05,6.3368e-05,6.18953e-05,5.94429e-05,5.62337e-05,5.25235e-05,4.859e-05,4.47192e-05,4.11911e-05,3.82639e-05,3.61592e-05,3.50481e-05,3.50396e-05,3.61732e-05,3.84153e-05,4.16596e-05,4.57334e-05,5.0407e-05,5.54071e-05,6.04335e-05,6.51764e-05,6.93342e-05,7.2631e-05,7.48308e-05,7.57499e-05,7.52646e-05,7.33161e-05,6.99102e-05,6.51146e-05,5.90521e-05,5.18922e-05,4.38408e-05,3.51292e-05,2.60034e-05,1.67138e-05,7.50606e-06,-1.38646e-06,-9.74879e-06,-1.73889e-05,-2.41406e-05,-2.98654e-05,-3.44532e-05,-3.78222e-05,-3.99188e-05,-4.07167e-05,-4.02169e-05,-3.84479e-05,-3.54657e-05,-3.13555e-05,-2.62324e-05,-2.02426e-05,-1.35638e-05,-6.40442e-06,9.98897e-07,8.38654e-06,1.54834e-05,2.20097e-05,2.76938e-05,3.22876e-05,3.55829e-05,3.74269e-05,3.77357e-05,3.72733e-05,3.57234e-05,3.2686e-05,2.84038e-05,2.33195e-05,1.7973e-05,1.28965e-05,8.49884e-06,4.97287e-06,2.25078e-06,0
0,4.55707e-06,8.8696e-06,1.31049e-05,1.71422e-05,2.07578e-05,2.36904e-05,2.57002e-05,2.66123e-05,2.63423e-05,2.48982e-05,2.24073e-05,1.95353e-05,1.66873e-05,1.3057e-05,8.68397e-06,3.62764e-06,-2.03048e-06,-8.18374e-06,-1.46973e-05,-2.14063e-05,-2.81156e-05,-3.4603e-05,-4.0625e-05,-4.59261e-05,-5.02517e-05,-5.33618e-05,-5.5047e-05,-5.51427e-05,-5.35421e-05,-5.02052e-05,-4.51646e-05,-3.85253e-05,-3.04607e-05,-2.1204e-05,-1.1036e-05,-2.71058e-07,1.07583e-05,2.17165e-05,3.22785e-05,4.21426e-05,5.10404e-05,5.87447e-05,6.50763e-05,6.99081e-05,7.31687e-05,7.48447e-05,7.49814e-05,7.36827e-05,7.11084e-05,6.74707e-05,6.30269e-05,5.80697e-05,5.29159e-05,4.78909e-05,4.33134e-05,3.94779e-05,3.66381e-05,3.49916e-05,3.46678e-05,3.57183e-05,3.81132e-05,4.17411e-05,4.64149e-05,5.18822e-05,5.78391e-05,6.39482e-05,6.98573e-05,7.52194e-05,7.97119e-05,8.3053e-05,8.50162e-05,8.54397e-05,8.42325e-05,8.13754e-05,7.69182e-05,7.0974e-05,6.37095e-05,5.53345e-05,4.60903e-05,3.62379e-05,2.60472e-05,1.57871e-05,5.71724e-06,-3.91841e-06,-1.28968e-05,-2.10192e-05,-2.81137e-05,-3.4037e-05,-3.86748e-05,-4.19429e-05,-4.37877e-05,-4.41865e-05,-4.31489e-05,-4.07174e-05,-3.69688e-05,-3.20158e-05,-2.60072e-05,-1.91288e-05,-1.16017e-05,-3.67932e-06,4.35737e-06,1.22082e-05,1.95645e-05,2.61222e-05,3.1598e-05,3.57457e-05,3.83737e-05,3.93598e-05,3.95002e-05,3.84145e-05,3.56204e-05,3.13392e-05,2.60269e-05,2.02699e-05,1.46744e-05,9.73372e-06,5.71328e-06,2.5835e-06,0
0,4.65372e-06,9.08987e-06,1.34843e-05,1.77077e-05,2.15091e-05,2.459e-05,2.66717e-05,2.75489e-05,2.71195e-05,2.53883e-05,2.24955e-05,1.9167e-05,1.58437e-05,1.16663e-05,6.69988e-06,1.03416e-06,-5.21529e-06,-1.1905e-05,-1.88622e-05,-2.58846e-05,-3.27429e-05,-3.91855e-05,-4.49466e-05,-4.97579e-05,-5.33618e-05,-5.55267e-05,-5.60621e-05,-5.48321e-05,-5.1767e-05,-4.68698e-05,-4.02193e-05,-3.19675e-05,-2.23328e-05,-1.15895e-05,-5.36371e-08,1.19315e-05,2.40112e-05,3.58345e-05,4.70668e-05,5.74015e-05,6.65695e-05,7.4346e-05,8.05566e-05,8.50815e-05,8.78592e-05,8.88889e-05,8.82314e-05,8.60102e-05,8.24083e-05,7.7665e-05,7.20679e-05,6.59437e-05,5.9644e-05,5.35308e-05,4.79583e-05,4.32545e-05,3.97035e-05,3.75287e-05,3.68792e-05,3.78197e-05,4.03257e-05,4.4283e-05,4.94935e-05,5.56856e-05,6.25285e-05,6.96512e-05,7.66627e-05,8.31738e-05,8.88176e-05,9.32686e-05,9.62588e-05,9.7589e-05,9.7136e-05,9.48551e-05,9.07774e-05,8.50038e-05,7.76956e-05,6.9063e-05,5.93529e-05,4.88365e-05,3.77975e-05,2.65221e-05,1.52908e-05,4.37104e-06,-5.98741e-06,-1.55564e-05,-2.41324e-05,-3.15383e-05,-3.76254e-05,-4.22753e-05,-4.54013e-05,-4.69506e-05,-4.69063e-05,-4.52896e-05,-4.21616e-05,-3.76249e-05,-3.18251e-05,-2.49503e-05,-1.723e-05,-8.93183e-06,-3.55627e-07,8.17437e-06,1.63208e-05,2.37467e-05,3.01318e-05,3.51901e-05,3.86881e-05,4.04614e-05,4.13355e-05,4.08585e-05,3.84544e-05,3.43096e-05,2.88791e-05,2.27842e-05,1.66982e-05,1.11986e-05,6.63e-06,3.01196e-06,0
0,4.79462e-06,9.40663e-06,1.40061e-05,1.84481e-05,2.24486e-05,2.56681e-05,2.77899e-05,2.85823e-05,2.79328e-05,2.5851e-05,2.2498e-05,1.86676e-05,1.4841e-05,1.01084e-05,4.56492e-06,-1.66621e-06,-8.43291e-06,-1.55539e-05,-2.28191e-05,-2.99912e-05,-3.68105e-05,-4.30015e-05,-4.82833e-05,-5.23825e-05,-5.5047e-05,-5.60621e-05,-5.52639e-05,-5.25523e-05,-4.78997e-05,-4.13553e-05,-3.30452e-05,-2.31671e-05,-1.19812e-05,2.025e-07,1.30391e-05,2.61641e-05,3.92088e-05,5.18144e-05,6.36439e-05,7.43921e-05,8.37935e-05,9.1629e-05,9.77306e-05,0.000101986,0.000104342,0.000104808,0.000103459,0.000100431,9.59292e-05,9.02138e-05,8.35988e-05,7.64394e-05,6.91184e-05,6.20293e-05,5.55577e-05,5.00619e-05,4.58535e-05,4.31797e-05,4.22087e-05,4.30187e-05,4.55921e-05,4.98148e-05,5.54812e-05,6.23045e-05,6.99316e-05,7.79627e-05,8.59725e-05,9.35332e-05,0.000100238,0.00010572,0.000109673,0.000111863,0.000112135,0.00011042,0.00010673,0.000101155,9.38462e-05,8.50134e-05,7.49047e-05,6.37961e-05,5.19795e-05,3.9752e-05,2.74077e-05,1.5231e-05,3.49223e-06,-7.55621e-06,-1.76824e-05,-2.66775e-05,-3.43582e-05,-4.05694e-05,-4.51875e-05,-4.8124e-05,-4.93287e-05,-4.87938e-05,-4.65567e-05,-4.27027e-05,-3.73666e-05,-3.07327e-05,-2.30334e-05,-1.45458e-05,-5.58533e-06,3.50213e-06,1.23521e-05,2.05956e-05,2.78753e-05,3.38642e-05,3.82848e-05,4.09276e-05,4.26459e-05,4.29101e-05,4.10397e-05,3.71729e-05,3.1749e-05,2.54104e-05,1.88873e-05,1.28381e-05,7.69006e-06,3.52147e-06,0
0,4.97599e-06,9.80925e-06,1.46493e-05,1.93294e-05,2.35279e-05,2.68629e-05,2.89827e-05,2.96355e-05,2.87065e-05,2.62188e-05,2.23617e-05,1.80036e-05,1.36702e-05,8.40247e-06,2.32851e-06,-4.39259e-06,-1.15716e-05,-1.89902e-05,-2.6403e-05,-3.35417e-05,-4.01213e-05,-4.58492e-05,-5.04371e-05,-5.36142e-05,-5.51427e-05,-5.48321e-05,-5.25523e-05,-4.82442e-05,-4.19256e-05,-3.36935e-05,-2.37203e-05,-1.22464e-05,4.31573e-07,1.39745e-05,2.80165e-05,4.21806e-05,5.60927e-05,6.93942e-05,8.17529e-05,9.28705e-05,0.00010249,0.000110399,0.000116437,0.000120499,0.000122537,0.000122568,0.000120675,0.000117007,0.000111781,0.000105275,9.78249e-05,8.98087e-05,8.16344e-05,7.37223e-05,6.64845e-05,6.0305e-05,5.55195e-05,5.23965e-05,5.1122e-05,5.17877e-05,5.43846e-05,5.88014e-05,6.48287e-05,7.21692e-05,8.04528e-05,8.92557e-05,9.81233e-05,0.000106594,0.000114226,0.000120615,0.00012542,0.000128375,0.000129297,0.000128094,0.000124762,0.000119378,0.000112087,0.000103093,9.26443e-05,8.10165e-05,6.85038e-05,5.54074e-05,4.20273e-05,2.8657e-05,1.55796e-05,3.06514e-06,-8.63185e-06,-1.92745e-05,-2.86465e-05,-3.65561e-05,-4.28404e-05,-4.73708e-05,-5.00584e-05,-5.08593e-05,-4.97801e-05,-4.68807e-05,-4.22777e-05,-3.61444e-05,-2.87098e-05,-2.02547e-05,-1.11058e-05,-1.62641e-06,7.79486e-06,1.67588e-05,2.48726e-05,3.17686e-05,3.71247e-05,4.06841e-05,4.33281e-05,4.44446e-05,4.32393e-05,3.97903e-05,3.4506e-05,2.80346e-05,2.11503e-05,1.4586e-05,8.852e-06,4.09265e-06,0
0,5.19125e-06,1.02814e-05,1.53854e-05,2.0309e-05,2.46903e-05,2.81065e-05,3.01757e-05,3.06337e-05,2.93723e-05,2.64362e-05,2.20498e-05,1.71614e-05,1.23443e-05,6.59035e-06,6.2339e-08,-7.04436e-06,-1.45041e-05,-2.20639e-05,-2.94468e-05,-3.63585e-05,-4.24952e-05,-4.75545e-05,-5.12479e-05,-5.33159e-05,-5.35421e-05,-5.1767e-05,-4.78997e-05,-4.19256e-05,-3.391e-05,-2.39967e-05,-1.24016e-05,5.97171e-07,1.46729e-05,2.94655e-05,4.45974e-05,5.96879e-05,7.43665e-05,8.82832e-05,0.000101117,0.000112581,0.00012243,0.000130461,0.00013652,0.000140505,0.000142372,0.00014214,0.000139896,0.000135795,0.000130062,0.000122989,0.000114925,0.000106266,9.74417e-05,8.88917e-05,8.105e-05,7.43213e-05,6.90609e-05,6.55555e-05,6.40074e-05,6.45216e-05,6.7099e-05,7.16339e-05,7.79173e-05,8.56463e-05,9.44386e-05,0.000103852,0.000113408,0.000122617,0.000131004,0.000138134,0.000143635,0.000147212,0.000148661,0.000147869,0.000144819,0.000139578,0.000132286,0.000123143,0.000112392,0.000100308,8.71814e-05,7.33102e-05,5.89925e-05,4.45223e-05,3.01866e-05,1.62644e-05,3.02587e-06,-9.27006e-06,-2.03781e-05,-3.00715e-05,-3.81477e-05,-4.44357e-05,-4.88035e-05,-5.1166e-05,-5.14918e-05,-4.98085e-05,-4.62069e-05,-4.08422e-05,-3.39328e-05,-2.57571e-05,-1.66469e-05,-6.9783e-06,2.84042e-06,1.23835e-05,2.12252e-05,2.89592e-05,3.52195e-05,3.97018e-05,4.33165e-05,4.53667e-05,4.49371e-05,4.2035e-05,3.70238e-05,3.05409e-05,2.33905e-05,1.63692e-05,1.00681e-05,4.70242e-06,0
0,5.43148e-06,1.08025e-05,1.61799e-05,2.13386e-05,2.58753e-05,2.93299e-05,3.12972e-05,3.15094e-05,2.98737e-05,2.64639e-05,2.15449e-05,1.61489e-05,1.08984e-05,4.73474e-06,-2.14412e-06,-9.50772e-06,-1.70965e-05,-2.46262e-05,-3.17936e-05,-3.82843e-05,-4.37826e-05,-4.79835e-05,-5.06063e-05,-5.14097e-05,-5.02052e-05,-4.68698e-05,-4.13553e-05,-3.36935e-05,-2.39967e-05,-1.24529e-05,6.8277e-07,1.51009e-05,3.04529e-05,4.63669e-05,6.24628e-05,7.8366e-05,9.37181e-05,0.000108185,0.000121464,0.000133283,0.00014341,0.000151652,0.000157857,0.000161925,0.00016381,0.000163528,0.000161164,0.000156873,0.000150883,0.000143494,0.000135064,0.000126004,0.000116755,0.000107774,9.95111e-05,9.23858e-05,8.67686e-05,8.29608e-05,8.11784e-05,8.15395e-05,8.40562e-05,8.86313e-05,9.50605e-05,0.00010304,0.000112181,0.000122028,0.000132083,0.000141832,0.000150773,0.000158444,0.000164445,0.000168458,0.00017026,0.000169726,0.000166831,0.000161635,0.000154277,0.000144955,0.00013391,0.00012141,0.000107739,9.31859e-05,7.80392e-05,6.25836e-05,4.71006e-05,3.18688e-05,1.71647e-05,3.26194e-06,-9.57111e-06,-2.10765e-05,-3.1014e-05,-3.91696e-05,-4.53661e-05,-4.94731e-05,-5.1416e-05,-5.11838e-05,-4.88349e-05,-4.44989e-05,-3.83771e-05,-3.07385e-05,-2.19138e-05,-1.22857e-05,-2.27674e-06,7.66552e-06,1.70866e-05,2.55448e-05,3.26328e-05,3.79999e-05,4.25889e-05,4.56177e-05,4.60456e-05,4.38006e-05,3.9188e-05,3.28188e-05,2.55107e-05,1.81117e-05,1.1287e-05,5.32525e-06,0
0,5.68612e-06,1.13487e-05,1.69955e-05,2.23676e-05,2.70224e-05,3.04678e-05,3.22834e-05,3.22074e-05,3.01705e-05,2.6282e-05,2.08506e-05,1.4995e-05,9.38681e-06,2.91472e-06,-4.18983e-06,-1.16637e-05,-1.92173e-05,-2.65399e-05,-3.33079e-05,-3.91932e-05,-4.38753e-05,-4.70538e-05,-4.84626e-05,-4.78847e-05,-4.51646e-05,-4.02193e-05,-3.30452e-05,-2.37203e-05,-1.24016e-05,6.8277e-07,1.52447e-05,3.09515e-05,4.74415e-05,6.43406e-05,8.12762e-05,9.78891e-05,0.000113842,0.000128823,0.000142551,0.000154774,0.000165272,0.000173859,0.000180383,0.00018474,0.000186875,0.000186794,0.000184572,0.00018036,0.000174386,0.000166949,0.000158416,0.000149205,0.000139769,0.000130576,0.000122085,0.000114726,0.00010888,0.000104858,0.000102887,0.000103097,0.000105514,0.000110052,0.000116516,0.000124605,0.000133931,0.000144028,0.000154383,0.000164461,0.000173736,0.00018172,0.00018799,0.000192211,0.000194147,0.000193666,0.00019074,0.000185434,0.00017789,0.000168307,0.000156928,0.000144016,0.000129844,0.000114687,9.88155e-05,8.24971e-05,6.59974e-05,4.95841e-05,3.35302e-05,1.81147e-05,3.62156e-06,-9.66614e-06,-2.14739e-05,-3.1547e-05,-3.96626e-05,-4.56427e-05,-4.93662e-05,-5.07789e-05,-4.99007e-05,-4.683e-05,-4.1744e-05,-3.48959e-05,-2.66085e-05,-1.72648e-05,-7.29553e-06,2.83604e-06,1.26521e-05,2.16803e-05,2.94761e-05,3.56453e-05,4.11682e-05,4.51795e-05,4.65112e-05,4.50069e-05,4.09032e-05,3.47693e-05,2.74195e-05,1.97385e-05,1.24566e-05,5.93457e-06,0
0,5.94365e-06,1.18949e-05,1.77939e-05,2.33468e-05,2.80754e-05,3.14627e-05,3.30828e-05,3.26884e-05,3.02413e-05,2.58906e-05,1.9991e-05,1.37475e-05,7.87986e-06,1.22016e-06,-5.96936e-06,-1.33969e-05,-2.07473e-05,-2.76896e-05,-3.38856e-05,-3.90006e-05,-4.27156e-05,-4.47413e-05,-4.48321e-05,-4.27997e-05,-3.85253e-05,-3.19675e-05,-2.31671e-05,-1.22464e-05,5.97171e-07,1.51009e-05,3.09515e-05,4.78014e-05,6.52858e-05,8.30382e-05,0.000100703,0.000117946,0.000134458,0.000149955,0.000164183,0.00017691,0.000187926,0.000197047,0.000204117,0.000209016,0.000211674,0.000212078,0.000210288,0.000206444,0.000200765,0.000193554,0.000185181,0.000176071,0.000166684,0.000157496,0.000148972,0.000141545,0.000135601,0.000131456,0.000129346,0.000129411,0.000131692,0.000136117,0.000142505,0.000150568,0.000159917,0.000170085,0.000180543,0.000190738,0.000200119,0.000208173,0.000214459,0.000218626,0.000220429,0.00021974,0.000216538,0.000210901,0.000202982,0.000192994,0.000181183,0.000167809,0.000153137,0.000137422,0.000120911,0.000103845,8.64645e-05,6.9015e-05,5.17553e-05,3.49598e-05,1.89187e-05,3.93282e-06,-9.69504e-06,-2.16729e-05,-3.17344e-05,-3.96541e-05,-4.5263e-05,-4.84605e-05,-4.92244e-05,-4.76166e-05,-4.37849e-05,-3.79605e-05,-3.04522e-05,-2.16369e-05,-1.19466e-05,-1.8541e-06,8.14602e-06,1.7557e-05,2.59022e-05,3.27488e-05,3.91213e-05,4.40757e-05,4.63183e-05,4.56059e-05,4.20985e-05,3.63105e-05,2.90362e-05,2.11804e-05,1.35268e-05,6.5042e-06,0
0,6.19236e-06,1.24164e-05,1.85385e-05,2.42311e-05,2.89856e-05,3.22688e-05,3.36587e-05,3.29311e-05,3.00845e-05,2.53103e-05,1.90085e-05,1.24696e-05,6.45822e-06,-2.54782e-07,-7.38046e-06,-1.46032e-05,-2.15881e-05,-2.79898e-05,-3.34619e-05,-3.76693e-05,-4.03007e-05,-4.10831e-05,-3.97955e-05,-3.62817e-05,-3.04607e-05,-2.23328e-05,-1.19812e-05,4.31573e-07,1.46729e-05,3.04529e-05,4.74415e-05,6.52858e-05,8.36276e-05,0.000102118,0.000120428,0.000138256,0.000155329,0.000171396,0.000186231,0.00019962,0.000211362,0.000221269,0.000229169,0.000234919,0.000238418,0.000239626,0.000238578,0.000235397,0.000230296,0.000223576,0.000215613,0.00020684,0.000197727,0.000188752,0.000180383,0.000173053,0.000167142,0.000162967,0.000160768,0.000160694,0.000162801,0.000167038,0.000173246,0.000181152,0.000190376,0.000200449,0.000210829,0.000220939,0.000230204,0.000238085,0.000244117,0.000247937,0.000249301,0.000248089,0.0002443,0.000238037,0.00022948,0.000218864,0.000206448,0.000192498,0.000177267,0.000160991,0.00014389,0.000126168,0.000108031,8.96927e-05,7.13854e-05,5.33685e-05,3.59284e-05,1.93748e-05,4.03141e-06,-9.77844e-06,-2.17487e-05,-3.1609e-05,-3.91428e-05,-4.42025e-05,-4.67216e-05,-4.67227e-05,-4.432e-05,-3.97179e-05,-3.32056e-05,-2.51477e-05,-1.59715e-05,-6.15189e-06,3.8064e-06,1.33891e-05,2.20946e-05,2.94575e-05,3.65545e-05,4.237e-05,4.54892e-05,4.55833e-05,4.27316e-05,3.73825e-05,3.02951e-05,2.23773e-05,1.44522e-05,7.0098e-06,0
0,6.421e-06,1.289e-05,1.91965e-05,2.49821e-05,2.97147e-05,3.28542e-05,3.39917e-05,3.29332e-05,2.97178e-05,2.45794e-05,1.79609e-05,1.1235e-05,5.20739e-06,-1.41817e-06,-8.33101e-06,-1.51973e-05,-2.16685e-05,-2.73906e-05,-3.20155e-05,-3.52128e-05,-3.6684e-05,-3.61761e-05,-3.34955e-05,-2.85193e-05,-2.1204e-05,-1.15895e-05,2.025e-07,1.39745e-05,2.94655e-05,4.63669e-05,6.43406e-05,8.30382e-05,0.000102118,0.000121258,0.000140166,0.00015858,0.000176267,0.000193017,0.00020863,0.000222911,0.000235661,0.000246678,0.000255761,0.000262728,0.000267435,0.0002698,0.000269823,0.000267605,0.000263352,0.000257368,0.000250041,0.000241818,0.00023318,0.000224611,0.000216577,0.000209502,0.000203756,0.000199644,0.000197404,0.000197195,0.00019909,0.000203066,0.000208991,0.000216619,0.000225585,0.000235418,0.000245564,0.000255416,0.000264365,0.000271838,0.000277343,0.000280505,0.000281083,0.000278976,0.000274218,0.000266953,0.000257405,0.000245848,0.000232568,0.000217843,0.000201922,0.000185021,0.000167326,0.000149,0.000130203,0.000111108,9.19095e-05,7.2841e-05,5.41743e-05,3.62183e-05,1.93088e-05,3.79331e-06,-9.98831e-06,-2.17252e-05,-3.11562e-05,-3.80883e-05,-4.2411e-05,-4.4106e-05,-4.32519e-05,-4.00232e-05,-3.46853e-05,-2.75852e-05,-1.91396e-05,-9.81905e-06,-1.31011e-07,9.40031e-06,1.82558e-05,2.59448e-05,3.36064e-05,4.01619e-05,4.40827e-05,4.49598e-05,4.27905e-05,3.79503e-05,3.11492e-05,2.32818e-05,1.51949e-05,7.43011e-06,0
0,6.61946e-06,1.32954e-05,1.97409e-05,2.55705e-05,3.02367e-05,3.32023e-05,3.40797e-05,3.27107e-05,2.91763e-05,2.37511e-05,1.69167e-05,1.01228e-05,4.21173e-06,-2.18646e-06,-8.74502e-06,-1.51179e-05,-2.09487e-05,-2.5881e-05,-2.95697e-05,-3.16939e-05,-3.19713e-05,-3.01713e-05,-2.61285e-05,-1.97528e-05,-1.1036e-05,-5.36371e-08,1.30391e-05,2.80165e-05,4.45974e-05,6.24628e-05,8.12762e-05,0.000100703,0.000120428,0.000140166,0.000159667,0.000178719,0.000197135,0.000214746,0.000231382,0.000246862,0.000260982,0.000273514,0.000284214,0.00029284,0.000299181,0.000303094,0.000304536,0.000303579,0.000300426,0.000295394,0.000288894,0.0002814,0.000273412,0.000265425,0.000257898,0.000251237,0.000245789,0.000241837,0.000239607,0.000239263,0.000240899,0.000244531,0.000250069,0.000257305,0.000265898,0.000275377,0.000285169,0.000294628,0.000303095,0.000309949,0.000314662,0.000316841,0.00031625,0.00031282,0.000306633,0.000297897,0.000286904,0.000273988,0.000259483,0.00024369,0.00022686,0.000209191,0.000190831,0.000171897,0.000152495,0.000132744,0.000112794,9.28392e-05,7.31268e-05,5.39546e-05,3.56614e-05,1.86102e-05,3.1672e-06,-1.03225e-05,-2.15583e-05,-3.03053e-05,-3.64115e-05,-3.98191e-05,-4.05709e-05,-3.88099e-05,-3.47753e-05,-2.87929e-05,-2.12633e-05,-1.26473e-05,-3.44774e-06,5.80873e-06,1.45937e-05,2.23999e-05,3.04389e-05,3.75795e-05,4.21897e-05,4.3788e-05,4.22936e-05,3.80048e-05,3.1572e-05,2.38608e-05,1.57256e-05,7.74803e-06,0
0,6.77929e-06,1.36164e-05,2.01511e-05,2.59765e-05,3.05385e-05,3.33116e-05,3.3937e-05,3.22953e-05,2.85092e-05,2.28893e-05,1.59499e-05,9.21221e-06,3.54892e-06,-2.48973e-06,-8.56707e-06,-1.43308e-05,-1.94225e-05,-2.34881e-05,-2.619e-05,-2.72202e-05,-2.63142e-05,-2.32647e-05,-1.79337e-05,-1.02614e-05,-2.71058e-07,1.19315e-05,2.61641e-05,4.21806e-05,5.96879e-05,7.8366e-05,9.78891e-05,0.000117946,0.000138256,0.00015858,0.000178719,0.000198515,0.000217835,0.000236554,0.000254533,0.000271604,0.00028755,0.000302103,0.000314952,0.000325767,0.000334243,0.00034015,0.00034338,0.000343978,0.000342151,0.000338245,0.00033272,0.000326094,0.000318906,0.000311663,0.000304816,0.000298741,0.000293741,0.000290058,0.000287892,0.000287405,0.000288722,0.000291909,0.000296941,0.000303668,0.000311785,0.000320828,0.000330192,0.000339175,0.000347044,0.000353108,0.000356783,0.000357647,0.00035547,0.000350222,0.000342057,0.000331272,0.000318261,0.000303448,0.000287239,0.000269975,0.00025192,0.000233252,0.00021408,0.000194467,0.000174459,0.000154111,0.000133515,0.00011282,9.22359e-05,7.20405e-05,5.25653e-05,3.41797e-05,1.72674e-05,2.19994e-06,-1.06894e-05,-2.113e-05,-2.89328e-05,-3.40042e-05,-3.63531e-05,-3.60919e-05,-3.34325e-05,-2.86776e-05,-2.22084e-05,-1.44702e-05,-5.95565e-06,2.81397e-06,1.13093e-05,1.9015e-05,2.72265e-05,3.47714e-05,3.99262e-05,4.21491e-05,4.12875e-05,3.75629e-05,3.15586e-05,2.40975e-05,1.60257e-05,7.9514e-06,0
0,6.89404e-06,1.38414e-05,2.04144e-05,2.61912e-05,3.062e-05,3.31953e-05,3.35924e-05,3.17322e-05,2.77755e-05,2.20634e-05,1.51352e-05,8.57673e-06,3.28516e-06,-2.2756e-06,-7.76505e-06,-1.28304e-05,-1.71161e-05,-2.02748e-05,-2.19794e-05,-2.19366e-05,-1.99005e-05,-1.5686e-05,-9.17985e-06,-3.48584e-07,1.07583e-05,2.40112e-05,3.92088e-05,5.60927e-05,7.43665e-05,9.37181e-05,0.000113842,0.000134458,0.000155329,0.000176267,0.000197135,0.000217835,0.000238293,0.000258433,0.000278154,0.000297298,0.000315629,0.000332825,0.000348481,0.00036214,0.000373355,0.000381769,0.000387189,0.000389629,0.000389318,0.000386664,0.000382207,0.000376548,0.000370283,0.000363948,0.000357977,0.000352696,0.000348333,0.000345059,0.000343023,0.000342376,0.000343283,0.000345885,0.000350255,0.000356334,0.000363877,0.000372429,0.000381343,0.000389832,0.000397054,0.00040221,0.00040463,0.000403846,0.000399628,0.000391994,0.000381192,0.000367649,0.000351902,0.000334511,0.000315985,0.000296728,0.000277023,0.000257031,0.000236818,0.000216384,0.000195704,0.000174762,0.000153586,0.000132263,0.000110963,8.993e-05,6.94803e-05,4.99797e-05,3.18201e-05,1.53906e-05,1.04831e-06,-1.09078e-05,-2.02588e-05,-2.68804e-05,-3.07522e-05,-3.19587e-05,-3.0686e-05,-2.72129e-05,-2.18994e-05,-1.51718e-05,-7.50698e-06,5.85841e-07,8.5843e-06,1.59742e-05,2.41454e-05,3.18965e-05,3.74266e-05,4.01467e-05,3.98433e-05,3.66653e-05,3.11247e-05,2.39911e-05,1.60873e-05,8.03343e-06,0
0,6.95956e-06,1.39639e-05,2.05256e-05,2.62155e-05,3.04926e-05,3.28787e-05,3.30861e-05,3.10752e-05,2.70397e-05,2.13436e-05,1.45429e-05,8.28012e-06,3.4714e-06,-1.51187e-06,-6.33117e-06,-1.06384e-05,-1.40852e-05,-1.63341e-05,-1.70706e-05,-1.60164e-05,-1.29432e-05,-7.68551e-06,-1.51053e-07,9.67262e-06,2.17165e-05,3.58345e-05,5.18144e-05,6.93942e-05,8.82832e-05,0.000108185,0.000128823,0.000149955,0.000171396,0.000193017,0.000214746,0.000236554,0.000258433,0.000280369,0.000302301,0.00032409,0.000345483,0.000366088,0.000385373,0.000402699,0.000417407,0.000428945,0.000436999,0.000441558,0.000442905,0.000441561,0.000438202,0.000433561,0.000428333,0.000423094,0.000418253,0.000414051,0.000410596,0.000407931,0.000406116,0.000405279,0.000405633,0.000407437,0.000410915,0.000416152,0.000422999,0.000431025,0.000439521,0.000447576,0.000454185,0.000458386,0.00045938,0.00045662,0.000449864,0.000439185,0.000424952,0.000407769,0.000388386,0.000367561,0.000345952,0.000324049,0.000302159,0.000280425,0.000258858,0.000237386,0.000215905,0.000194317,0.000172573,0.000150698,0.000128806,0.000107103,8.58794e-05,6.5489e-05,4.63218e-05,2.87744e-05,1.32184e-05,-2.8486e-08,-1.07255e-05,-1.87257e-05,-2.39853e-05,-2.65658e-05,-2.66307e-05,-2.44366e-05,-2.03214e-05,-1.46906e-05,-8.00097e-06,-7.44146e-07,6.57199e-06,1.3443e-05,2.13636e-05,2.91151e-05,3.48337e-05,3.78995e-05,3.80511e-05,3.53725e-05,3.03049e-05,2.35565e-05,1.59132e-05,7.99281e-06,0
0,6.97404e-06,1.3982e-05,2.04869e-05,2.60598e-05,3.01782e-05,3.23967e-05,3.24662e-05,3.03829e-05,2.6367e-05,2.0796e-05,1.42338e-05,8.37237e-06,4.1407e-06,-1.87576e-07,-4.28133e-06,-7.80159e-06,-1.04107e-05,-1.17832e-05,-1.16176e-05,-9.65018e-06,-5.66788e-06,4.78951e-07,8.8669e-06,1.94938e-05,3.22785e-05,4.70668e-05,6.36439e-05,8.17529e-05,0.000101117,0.000121464,0.000142551,0.000164183,0.000186231,0.00020863,0.000231382,0.000254533,0.000278154,0.000302301,0.000326974,0.000352068,0.000377325,0.00040228,0.000426242,0.000448309,0.000467488,0.000482912,0.0004941,0.000501031,0.000504105,0.000504035,0.000501721,0.000498104,0.000494031,0.000490142,0.000486802,0.000484111,0.000481977,0.000480233,0.000478784,0.000477704,0.000477277,0.000477942,0.000480161,0.00048425,0.00049022,0.000497682,0.000505848,0.000513619,0.000519752,0.000523043,0.000522499,0.000517451,0.000507618,0.000493123,0.000474479,0.000452541,0.000428377,0.000403043,0.000377407,0.000352067,0.000327353,0.000303371,0.000280065,0.000257276,0.000234803,0.000212459,0.000190112,0.000167714,0.000145319,0.000123087,0.000101275,8.02146e-05,6.02854e-05,4.18812e-05,2.53772e-05,1.11e-05,-6.98102e-07,-9.85625e-06,-1.63153e-05,-2.01205e-05,-2.14173e-05,-2.04434e-05,-1.75161e-05,-1.30191e-05,-7.38671e-06,-1.08812e-06,5.38954e-06,1.15596e-05,1.90307e-05,2.65786e-05,3.22911e-05,3.55339e-05,3.60138e-05,3.37609e-05,2.91495e-05,2.2822e-05,1.55163e-05,7.83345e-06,0
0,6.93798e-06,1.38989e-05,2.03074e-05,2.5742e-05,2.97062e-05,3.17907e-05,3.17845e-05,2.97143e-05,2.58181e-05,2.0478e-05,1.42564e-05,8.88708e-06,5.30686e-06,1.68708e-06,-1.65326e-06,-4.38807e-06,-6.19288e-06,-6.75523e-06,-5.78667e-06,-3.03582e-06,1.69832e-06,8.55442e-06,1.75995e-05,2.8824e-05,4.21426e-05,5.74015e-05,7.43921e-05,9.28705e-05,0.000112581,0.000133283,0.000154774,0.00017691,0.00019962,0.000222911,0.000246862,0.000271604,0.000297298,0.00032409,0.000352068,0.000381198,0.000411249,0.000441711,0.000471708,0.000499971,0.000524957,0.000545247,0.000560122,0.000569618,0.000574365,0.000575396,0.000573961,0.000571322,0.000568556,0.000566396,0.000565134,0.000564641,0.000564491,0.000564173,0.000563325,0.000561923,0.000560348,0.000559318,0.000559673,0.000562105,0.000566887,0.000573715,0.000581685,0.000589431,0.000595354,0.000597902,0.000595795,0.000588179,0.000574692,0.000555477,0.000531196,0.00050304,0.0004726,0.000441399,0.000410588,0.000380883,0.000352613,0.000325815,0.000300331,0.000275892,0.00025219,0.000228934,0.000205903,0.00018297,0.000160124,0.000137474,0.000115237,9.37138e-05,7.32646e-05,5.42703e-05,3.70995e-05,2.2076e-05,9.45326e-06,-6.04311e-07,-8.03148e-06,-1.28648e-05,-1.52384e-05,-1.53754e-05,-1.35754e-05,-1.0201e-05,-5.66263e-06,-4.04055e-07,5.1137e-06,1.04286e-05,1.72713e-05,2.44216e-05,2.99338e-05,3.3176e-05,3.38404e-05,3.19172e-05,2.77209e-05,2.18274e-05,1.49182e-05,7.56402e-06,0
0,6.85403e-06,1.37219e-05,2.00014e-05,2.52863e-05,2.91112e-05,3.11054e-05,3.10928e-05,2.91241e-05,2.54461e-05,2.04351e-05,1.46434e-05,9.83979e-06,6.96415e-06,4.0821e-06,1.49647e-06,-4.8245e-07,-1.54501e-06,-1.39213e-06,2.52958e-07,3.63182e-06,8.93775e-06,1.63039e-05,2.57945e-05,3.74004e-05,5.10404e-05,6.65695e-05,8.37935e-05,0.00010249,0.00012243,0.00014341,0.000165272,0.000187926,0.000211362,0.000235661,0.000260982,0.00028755,0.000315629,0.000345483,0.000377325,0.000411249,0.000447134,0.0004845,0.000522327,0.000558858,0.000591608,0.00061804,0.000637172,0.00064928,0.000655432,0.000657179,0.000656297,0.000654528,0.000653295,0.000653464,0.000655205,0.000658015,0.000660928,0.000662861,0.000663009,0.000661163,0.000657849,0.000654216,0.00065171,0.000651629,0.000654679,0.000660709,0.000668659,0.000676765,0.000682913,0.000685042,0.00068147,0.00067108,0.000653361,0.000628391,0.000596902,0.000560504,0.000521762,0.000482956,0.000445603,0.000410491,0.000377875,0.000347659,0.000319535,0.000293093,0.000267895,0.00024354,0.000219709,0.000196194,0.000172917,0.00014993,0.000127406,0.000105609,8.48718e-05,6.55516e-05,4.79998e-05,3.25265e-05,1.9375e-05,8.7024e-06,5.7017e-07,-5.0584e-06,-8.3135e-06,-9.40932e-06,-8.63164e-06,-6.3239e-06,-2.87297e-06,1.30504e-06,5.77895e-06,1.01172e-05,1.61783e-05,2.27552e-05,2.78813e-05,3.09442e-05,3.16392e-05,2.99323e-05,2.6089e-05,2.0621e-05,1.41473e-05,7.19712e-06,0
0,6.72666e-06,1.34617e-05,1.95878e-05,2.47208e-05,2.84308e-05,3.03854e-05,3.04395e-05,2.86599e-05,2.52923e-05,2.06979e-05,1.54105e-05,1.12276e-05,9.08813e-06,6.94985e-06,5.09602e-06,3.81893e-06,3.41249e-06,4.16279e-06,6.33677e-06,1.01695e-05,1.58512e-05,2.35157e-05,3.32313e-05,4.49972e-05,5.87447e-05,7.4346e-05,9.1629e-05,0.000110399,0.000130461,0.000151652,0.000173859,0.000197047,0.000221269,0.000246678,0.000273514,0.000302103,0.000332825,0.000366088,0.00040228,0.000441711,0.0004845,0.000530394,0.000578421,0.000626337,0.000670027,0.000704228,0.00072803,0.000742467,0.000749397,0.000751146,0.000750258,0.000749173,0.000749829,0.000753291,0.000759522,0.000767423,0.000775152,0.000780691,0.000782495,0.000780031,0.000774026,0.000766312,0.000759305,0.000755279,0.000755655,0.000760545,0.000768672,0.000777683,0.000784704,0.000786947,0.000782185,0.000768957,0.000746526,0.000714726,0.000674026,0.000626319,0.000576383,0.000527756,0.000482292,0.000440679,0.000402938,0.000368726,0.00033752,0.000308728,0.000281766,0.000256111,0.000231344,0.000207177,0.000183462,0.000160196,0.0001375,0.0001156,9.4791e-05,7.53996e-05,5.77489e-05,4.21246e-05,2.87483e-05,1.7759e-05,9.20422e-06,3.03776e-06,-8.74296e-07,-2.7437e-06,-2.84703e-06,-1.51167e-06,8.98096e-07,3.99436e-06,7.37841e-06,1.06535e-05,1.58103e-05,2.16614e-05,2.62315e-05,2.89429e-05,2.95116e-05,2.78967e-05,2.43271e-05,1.92559e-05,1.32371e-05,6.74839e-06,0
0,6.56183e-06,1.31315e-05,1.90883e-05,2.40757e-05,2.77021e-05,2.96723e-05,2.98665e-05,2.83589e-05,2.53849e-05,2.12811e-05,1.65559e-05,1.30295e-05,1.16375e-05,1.0228e-05,9.06223e-06,8.41299e-06,8.55798e-06,9.77125e-06,1.23122e-05,1.64129e-05,2.22656e-05,3.00106e-05,3.97279e-05,5.14325e-05,6.50763e-05,8.05566e-05,9.77306e-05,0.000116437,0.00013652,0.000157857,0.000180383,0.000204117,0.000229169,0.000255761,0.000284214,0.000314952,0.000348481,0.000385373,0.000426242,0.000471708,0.000522327,0.000578421,0.000639646,0.000703852,0.000764545,0.000808178,0.000836396,0.000852209,0.00085871,0.000859264,0.000857472,0.000856781,0.000859897,0.000868186,0.000881293,0.000897165,0.000912554,0.000923915,0.000928477,0.000925144,0.00091493,0.000900742,0.000886552,0.000876216,0.000872316,0.000875412,0.000883912,0.000894576,0.000903398,0.000906559,0.000901115,0.00088523,0.000857933,0.000818546,0.000766311,0.000701882,0.000636423,0.000575249,0.000520045,0.000470932,0.000427406,0.000388722,0.000354064,0.000322623,0.000293652,0.000266506,0.000240667,0.000215766,0.000191593,0.000168085,0.000145316,0.000123465,0.000102785,8.35632e-05,6.60856e-05,5.06025e-05,3.73032e-05,2.62982e-05,1.76107e-05,1.11763e-05,6.84934e-06,4.41393e-06,3.59763e-06,4.08551e-06,5.53385e-06,7.58261e-06,9.86684e-06,1.20277e-05,1.619e-05,2.1191e-05,2.50566e-05,2.72573e-05,2.75468e-05,2.58945e-05,2.25071e-05,1.77873e-05,1.22239e-05,6.23545e-06,0
0,6.36659e-06,1.27464e-05,1.85262e-05,2.33814e-05,2.69605e-05,2.90025e-05,2.94068e-05,2.82464e-05,2.57369e-05,2.21826e-05,1.80604e-05,1.52085e-05,1.45562e-05,1.38426e-05,1.33047e-05,1.31945e-05,1.37738e-05,1.53055e-05,1.8044e-05,2.22221e-05,2.80389e-05,3.56474e-05,4.51458e-05,5.65727e-05,6.99081e-05,8.50815e-05,0.000101986,0.000120499,0.000140505,0.000161925,0.00018474,0.000209016,0.000234919,0.000262728,0.00029284,0.000325767,0.00036214,0.000402699,0.000448309,0.000499971,0.000558858,0.000626337,0.000703852,0.000791911,0.000884254,0.000936533,0.000966985,0.000982099,0.000986153,0.000983643,0.000979561,0.00097882,0.000985298,0.00100085,0.00102463,0.00105309,0.00108073,0.00110154,0.00111069,0.00110614,0.0010893,0.00106477,0.00103904,0.00101852,0.00100768,0.00100781,0.00101685,0.00103018,0.00104211,0.00104731,0.00104196,0.00102393,0.000992307,0.000945926,0.000881015,0.000787758,0.000700368,0.000623826,0.000557626,0.00050038,0.000450681,0.000407237,0.000368882,0.000334573,0.000303402,0.000274603,0.000247569,0.00022186,0.000197204,0.000173485,0.000150728,0.000129063,0.000108697,8.98702e-05,7.28224e-05,5.77593e-05,4.4828e-05,3.41005e-05,2.55666e-05,1.9135e-05,1.4641e-05,1.18584e-05,1.05137e-05,1.03005e-05,1.08933e-05,1.19586e-05,1.31654e-05,1.41947e-05,1.73051e-05,2.13622e-05,2.44003e-05,2.59501e-05,2.58177e-05,2.39999e-05,2.06964e-05,1.62692e-05,1.11447e-05,5.67693e-06,0
0,6.14863e-06,1.23224e-05,1.79247e-05,2.26669e-05,2.62372e-05,2.84056e-05,2.90835e-05,2.83347e-05,2.63468e-05,2.3385e-05,1.98896e-05,1.77131e-05,1.77772e-05,1.77122e-05,1.77298e-05,1.80606e-05,1.89504e-05,2.06527e-05,2.34188e-05,2.7486e-05,3.30647e-05,4.03264e-05,4.9394e-05,6.03363e-05,7.31687e-05,8.78592e-05,0.000104342,0.000122537,0.000142372,0.00016381,0.000186875,0.000211674,0.000238418,0.000267435,0.000299181,0.000334243,0.000373355,0.000417407,0.000467488,0.000524957,0.000591608,0.000670027,0.000764545,0.000884254,0.00105439,0.00109792,0.00112486,0.00113606,0.00113477,0.00112644,0.00111797,0.00111648,0.00112771,0.00115433,0.0011948,0.00124325,0.00129057,0.00132671,0.00134353,0.00133729,0.00130997,0.00126888,0.00122454,0.00118752,0.00116535,0.00116051,0.00117018,0.0011876,0.00120443,0.0012132,0.00120891,0.00118947,0.00115494,0.00110547,0.00103713,0.00087917,0.000763227,0.000670325,0.000593134,0.000527855,0.000472021,0.000423784,0.000381647,0.000344358,0.000310864,0.000280298,0.000251978,0.000225403,0.000200248,0.000176349,0.000153683,0.000132333,0.000112451,9.42278e-05,7.7848e-05,6.34647e-05,5.11739e-05,4.10005e-05,3.28927e-05,2.6725e-05,2.23069e-05,1.93963e-05,1.7714e-05,1.69585e-05,1.68195e-05,1.69885e-05,1.71678e-05,1.70785e-05,1.91115e-05,2.21616e-05,2.42777e-05,2.50592e-05,2.43781e-05,2.22738e-05,1.89542e-05,1.47519e-05,1.00354e-05,5.09139e-06,0
0,5.91585e-06,1.18752e-05,1.73061e-05,2.19581e-05,2.55582e-05,2.79028e-05,2.89089e-05,2.86234e-05,2.71989e-05,2.48563e-05,2.19958e-05,2.04809e-05,2.12247e-05,2.17509e-05,2.22443e-05,2.29141e-05,2.39904e-05,2.57182e-05,2.83481e-05,3.21249e-05,3.72745e-05,4.3992e-05,5.24307e-05,6.26961e-05,7.48447e-05,8.88889e-05,0.000104808,0.000122568,0.00014214,0.000163528,0.000186794,0.000212078,0.000239626,0.0002698,0.000303094,0.00034015,0.000381769,0.000428945,0.000482912,0.000545247,0.00061804,0.000704228,0.000808178,0.000936533,0.00109792,0.00114474,0.00117446,0.00118752,0.00118718,0.00117937,0.00117209,0.00117385,0.00119173,0.0012291,0.00128408,0.0013492,0.00141281,0.00146189,0.00148578,0.00147936,0.00144492,0.00139162,0.0013328,0.00128196,0.00124882,0.00123673,0.00124239,0.00125768,0.00127273,0.00127894,0.00127101,0.00124741,0.00120951,0.00116018,0.0011039,0.000942386,0.00081439,0.000710531,0.000624502,0.000552179,0.00049069,0.000437881,0.000392041,0.000351768,0.000315906,0.000283517,0.000253859,0.000226388,0.000200736,0.000176698,0.000154205,0.000133288,0.00011405,9.66209e-05,8.11263e-05,6.7659e-05,5.62566e-05,4.68896e-05,3.94582e-05,3.37962e-05,2.96822e-05,2.68534e-05,2.50209e-05,2.3885e-05,2.31478e-05,2.25236e-05,2.17469e-05,2.05782e-05,2.1537e-05,2.35474e-05,2.46763e-05,2.45981e-05,2.32613e-05,2.07617e-05,1.73293e-05,1.32794e-05,8.92915e-06,4.49654e-06,0
0,5.67599e-06,1.142e-05,1.66908e-05,2.12773e-05,2.49434e-05,2.75071e-05,2.88848e-05,2.91001e-05,2.82651e-05,2.65527e-05,2.43207e-05,2.34415e-05,2.48185e-05,2.58718e-05,2.67589e-05,2.76669e-05,2.88107e-05,3.04277e-05,3.27697e-05,3.60916e-05,4.06385e-05,4.66331e-05,5.42643e-05,6.36795e-05,7.49814e-05,8.82314e-05,0.000103459,0.000120675,0.000139896,0.000161164,0.000184572,0.000210288,0.000238578,0.000269823,0.000304536,0.00034338,0.000387189,0.000436999,0.0004941,0.000560122,0.000637172,0.00072803,0.000836396,0.000966985,0.00112486,0.00117446,0.00120996,0.00123135,0.00124133,0.00124554,0.00125198,0.00126952,0.00130551,0.00136333,0.00144046,0.00152806,0.00161247,0.00167838,0.00171299,0.00170983,0.00167091,0.0016063,0.00153111,0.00146096,0.00140745,0.00137529,0.00136193,0.00135953,0.00135833,0.00135,0.00132979,0.00129693,0.00125358,0.00120318,0.00114911,0.000987596,0.000854072,0.000743328,0.000650719,0.000572599,0.000506149,0.000449149,0.000399802,0.000356636,0.000318438,0.000284226,0.000253227,0.000224865,0.000198743,0.00017462,0.000152384,0.00013202,0.000113571,9.71087e-05,8.26927e-05,7.035e-05,6.00542e-05,5.17156e-05,4.51811e-05,4.02396e-05,3.66346e-05,3.40793e-05,3.22723e-05,3.09127e-05,2.97128e-05,2.84076e-05,2.67616e-05,2.45738e-05,2.44871e-05,2.54531e-05,2.55585e-05,2.45568e-05,2.24805e-05,1.94928e-05,1.5859e-05,1.18887e-05,7.85493e-06,3.90848e-06,0
0,5.43625e-06,1.09702e-05,1.60961e-05,2.06421e-05,2.44059e-05,2.72229e-05,2.90032e-05,2.97419e-05,2.95072e-05,2.84213e-05,2.67992e-05,2.65198e-05,2.84772e-05,2.9991e-05,3.1191e-05,3.22423e-05,3.33448e-05,3.4729e-05,3.66492e-05,3.93723e-05,4.31656e-05,4.82828e-05,5.49525e-05,6.3368e-05,7.36827e-05,8.60102e-05,0.000100431,0.000117007,0.000135795,0.000156873,0.00018036,0.000206444,0.000235397,0.000267605,0.000303579,0.000343978,0.000389629,0.000441558,0.000501031,0.000569618,0.00064928,0.000742467,0.000852209,0.000982099,0.00113606,0.00118752,0.00123135,0.00126716,0.00129685,0.00132513,0.00135909,0.00140681,0.0014749,0.00156589,0.00167623,0.00179575,0.00190905,0.00199873,0.0020498,0.0020539,0.00201202,0.00193433,0.00183715,0.00173795,0.00165051,0.00158183,0.00153158,0.00149399,0.00146111,0.00142609,0.0013852,0.00133826,0.00128743,0.00123543,0.00118395,0.00102167,0.00088472,0.000769269,0.000671689,0.000588844,0.000518122,0.000457363,0.000404777,0.000358876,0.000318435,0.000282457,0.000250158,0.000220949,0.00019441,0.000170272,0.000148386,0.000128687,0.000111163,9.582e-05,8.26497e-05,7.16091e-05,6.26034e-05,5.54793e-05,5.00266e-05,4.59867e-05,4.30657e-05,4.09507e-05,3.93256e-05,3.78868e-05,3.63547e-05,3.44828e-05,3.20638e-05,2.8933e-05,2.78503e-05,2.77923e-05,2.6866e-05,2.49046e-05,2.20297e-05,1.84804e-05,1.45684e-05,1.06083e-05,6.83702e-06,3.3412e-06,0
0,5.20304e-06,1.05376e-05,1.55362e-05,2.0065e-05,2.39526e-05,2.7047e-05,2.92478e-05,3.05178e-05,3.08792e-05,3.04031e-05,2.93618e-05,2.96395e-05,3.21209e-05,3.40294e-05,3.54671e-05,3.6577e-05,3.75439e-05,3.85921e-05,3.99791e-05,4.19854e-05,4.4902e-05,4.90168e-05,5.46003e-05,6.18953e-05,7.11084e-05,8.24083e-05,9.59292e-05,0.000111781,0.000130062,0.000150883,0.000174386,0.000200765,0.000230296,0.000263352,0.000300426,0.000342151,0.000389318,0.000442905,0.000504105,0.000574365,0.000655432,0.000749397,0.00085871,0.000986153,0.00113477,0.00118718,0.00124133,0.00129685,0.00135495,0.0014191,0.00149495,0.00158895,0.00170613,0.00184755,0.00200822,0.00217637,0.00233443,0.00246194,0.00254006,0.00255677,0.00251074,0.00241217,0.00227941,0.00213317,0.001991,0.0018638,0.00175516,0.00166297,0.00158241,0.00150879,0.00143946,0.00137416,0.00131408,0.00126027,0.00121245,0.00104852,0.000908601,0.000789397,0.000687792,0.000600991,0.000526573,0.000462471,0.000406935,0.000358503,0.000315961,0.000278323,0.00024481,0.00021483,0.000187952,0.000163886,0.000142446,0.000123522,0.000107043,9.29485e-05,8.1161e-05,7.15646e-05,6.39938e-05,5.82295e-05,5.40033e-05,5.10076e-05,4.89103e-05,4.73716e-05,4.60603e-05,4.46687e-05,4.2924e-05,4.05964e-05,3.75046e-05,3.35175e-05,3.15049e-05,3.04649e-05,2.85236e-05,2.55933e-05,2.18861e-05,1.77232e-05,1.34707e-05,9.45796e-06,5.89435e-06,2.80625e-06,0
0,4.98176e-06,1.01318e-05,1.50218e-05,1.95539e-05,2.35843e-05,2.69695e-05,2.95951e-05,3.13902e-05,3.23301e-05,3.24359e-05,3.19382e-05,3.27259e-05,3.56742e-05,3.79154e-05,3.95242e-05,4.06213e-05,4.13768e-05,4.20086e-05,4.27778e-05,4.39791e-05,4.59287e-05,4.89495e-05,5.33564e-05,5.94429e-05,6.74707e-05,7.7665e-05,9.02138e-05,0.000105275,0.000122989,0.000143494,0.000166949,0.000193554,0.000223576,0.000257368,0.000295394,0.000338245,0.000386664,0.000441561,0.000504035,0.000575396,0.000657179,0.000751146,0.000859264,0.000983643,0.00112644,0.00117937,0.00124554,0.00132513,0.0014191,0.00153001,0.001662,0.00181978,0.00200671,0.00222236,0.00246033,0.00270674,0.00294018,0.00313374,0.00325982,0.00329772,0.00324134,0.00310237,0.00290551,0.00267957,0.00244974,0.00223345,0.00203977,0.00187118,0.00172627,0.00160238,0.00149724,0.00140947,0.0013381,0.00128167,0.00123766,0.00107075,0.00092751,0.000804772,0.000699593,0.000609328,0.000531656,0.000464577,0.000406386,0.000355652,0.00031119,0.000272037,0.000237431,0.000206786,0.00017967,0.000155771,0.000134875,0.000116823,0.000101489,8.87462e-05,7.84443e-05,7.03947e-05,6.43607e-05,6.00573e-05,5.7158e-05,5.53066e-05,5.41337e-05,5.3273e-05,5.23786e-05,5.11383e-05,4.92852e-05,4.66048e-05,4.29393e-05,3.81887e-05,3.5324e-05,3.33617e-05,3.04448e-05,2.65613e-05,2.20134e-05,1.72067e-05,1.25681e-05,8.44955e-06,5.04054e-06,2.31264e-06,0
0,4.77672e-06,9.75995e-06,1.45598e-05,1.91121e-05,2.32965e-05,2.69749e-05,3.00171e-05,3.23177e-05,3.38065e-05,3.44568e-05,3.44598e-05,3.57081e-05,3.90682e-05,4.15867e-05,4.33111e-05,4.43403e-05,4.48295e-05,4.49901e-05,4.50868e-05,4.54286e-05,4.63568e-05,4.82298e-05,5.14071e-05,5.62337e-05,6.30269e-05,7.20679e-05,8.35988e-05,9.78249e-05,0.000114925,0.000135064,0.000158416,0.000185181,0.000215613,0.000250041,0.000288894,0.00033272,0.000382207,0.000438202,0.000501721,0.000573961,0.000656297,0.000750258,0.000857472,0.000979561,0.00111797,0.00117209,0.00125198,0.00135909,0.00149495,0.001662,0.00186377,0.00210429,0.0023865,0.00271002,0.00306818,0.00344486,0.00381168,0.00412766,0.00434449,0.00442007,0.00433736,0.00411527,0.0037973,0.00343235,0.00306113,0.00271119,0.00239779,0.0021271,0.00189977,0.00171352,0.00156492,0.00144998,0.00136439,0.00130337,0.00126201,0.00109023,0.000942801,0.000816311,0.000707694,0.000614256,0.000533668,0.000463936,0.000403379,0.00035059,0.000304416,0.000263923,0.000228371,0.00019719,0.000169945,0.000146314,0.000126051,0.000108954,9.48397e-05,8.35164e-05,7.47633e-05,6.83192e-05,6.38774e-05,6.10884e-05,5.95693e-05,5.89176e-05,5.87283e-05,5.86106e-05,5.82047e-05,5.71946e-05,5.53189e-05,5.23769e-05,4.8232e-05,4.28126e-05,3.91818e-05,3.63706e-05,3.25364e-05,2.77381e-05,2.2365e-05,1.69065e-05,1.18537e-05,7.58737e-06,4.28416e-06,1.86684e-06,0
0,4.59107e-06,9.42689e-06,1.41541e-05,1.87386e-05,2.30803e-05,2.7044e-05,3.04824e-05,3.32572e-05,3.52552e-05,3.64051e-05,3.6862e-05,3.85217e-05,4.22419e-05,4.49903e-05,4.67879e-05,4.77122e-05,4.79031e-05,4.75657e-05,4.69674e-05,4.64308e-05,4.63216e-05,4.70331e-05,4.89686e-05,5.25235e-05,5.80697e-05,6.59437e-05,7.64394e-05,8.98087e-05,0.000106266,0.000126004,0.000149205,0.000176071,0.00020684,0.000241818,0.0002814,0.000326094,0.000376548,0.000433561,0.000498104,0.000571322,0.000654528,0.000749173,0.000856781,0.00097882,0.00111648,0.00117385,0.00126952,0.00140681,0.00158895,0.00181978,0.00210429,0.00244854,0.00285872,0.00333879,0.00388612,0.00448444,0.00509479,0.00564802,0.00604794,0.00619761,0.00605103,0.00565259,0.0050982,0.00448406,0.00388049,0.00332862,0.0028475,0.00244256,0.00211189,0.0018499,0.00164913,0.00150111,0.00139695,0.00132805,0.00128702,0.00110814,0.000955417,0.000824758,0.000712681,0.000616257,0.000533026,0.000460939,0.0003983,0.000343716,0.000296057,0.000254417,0.000218084,0.000186503,0.000159245,0.000135973,0.000116416,0.00010033,8.74781e-05,7.76037e-05,7.04179e-05,6.55899e-05,6.27456e-05,6.14743e-05,6.13402e-05,6.18977e-05,6.2709e-05,6.33616e-05,6.34835e-05,6.2756e-05,6.09231e-05,5.77966e-05,5.32591e-05,4.7264e-05,4.29573e-05,3.93809e-05,3.47035e-05,2.90488e-05,2.28874e-05,1.67904e-05,1.13132e-05,6.86952e-06,3.62935e-06,1.47305e-06,0
0,4.42692e-06,9.13546e-06,1.38056e-05,1.84295e-05,2.2924e-05,2.71548e-05,3.09585e-05,3.41659e-05,3.6625e-05,3.82242e-05,3.9086e-05,4.1109e-05,4.51431e-05,4.80834e-05,4.99259e-05,5.07269e-05,5.06117e-05,4.97779e-05,4.84951e-05,4.70982e-05,4.59757e-05,4.55538e-05,4.62773e-05,4.859e-05,5.29159e-05,5.9644e-05,6.91184e-05,8.16344e-05,9.74417e-05,0.000116755,0.000139769,0.000166684,0.000197727,0.00023318,0.000273412,0.000318906,0.000370283,0.000428333,0.000494031,0.000568556,0.000653295,0.000749829,0.000859897,0.000985298,0.00112771,0.00119173,0.00130551,0.0014749,0.00170613,0.00200671,0.0023865,0.00285872,0.00343998,0.00414826,0.00499637,0.00597834,0.00704631,0.00808184,0.00888074,0.00919699,0.0088918,0.00809969,0.00706382,0.00598789,0.00499255,0.00413001,0.00341179,0.00283025,0.00237091,0.00201771,0.00175468,0.0015663,0.00143794,0.00135679,0.00131312,0.00112501,0.000965939,0.000830697,0.000715122,0.000615871,0.000530254,0.000456102,0.000391668,0.000335553,0.000286645,0.000244062,0.000207117,0.000175272,0.000148103,0.000125267,0.000106464,9.14123e-05,7.98236e-05,7.13815e-05,6.57323e-05,6.24792e-05,6.11856e-05,6.13842e-05,6.25906e-05,6.43205e-05,6.61076e-05,6.75204e-05,6.81774e-05,6.77584e-05,6.60126e-05,6.27635e-05,5.79106e-05,5.14292e-05,4.65383e-05,4.22874e-05,3.68533e-05,3.04173e-05,2.35243e-05,1.68216e-05,1.09271e-05,6.28926e-06,3.07654e-06,1.13346e-06,0
0,4.2854e-06,8.88669e-06,1.35129e-05,1.81784e-05,2.28138e-05,2.7285e-05,3.14136e-05,3.50035e-05,3.78689e-05,3.9863e-05,4.10799e-05,4.34208e-05,4.77281e-05,5.08322e-05,5.27053e-05,5.33838e-05,5.2978e-05,5.16779e-05,4.97541e-05,4.75517e-05,4.54796e-05,4.39939e-05,4.35776e-05,4.47192e-05,4.78909e-05,5.35308e-05,6.20293e-05,7.37223e-05,8.88917e-05,0.000107774,0.000130576,0.000157496,0.000188752,0.000224611,0.000265425,0.000311663,0.000363948,0.000423094,0.000490142,0.000566396,0.000653464,0.000753291,0.000868186,0.00100085,0.00115433,0.0012291,0.00136333,0.00156589,0.00184755,0.00222236,0.00271002,0.00333879,0.00414826,0.00518952,0.00651864,0.00817489,0.0101314,0.0122077,0.0139668,0.0147261,0.0139831,0.0122345,0.0101592,0.00819337,0.00651982,0.00517081,0.00411387,0.0032994,0.0026806,0.00221874,0.00188245,0.00164579,0.00148708,0.00138906,0.00133974,0.00114083,0.000974673,0.000834614,0.000715587,0.000613709,0.000525976,0.000450051,0.00038411,0.000326732,0.000276809,0.000233482,0.000196087,0.000164101,0.000137107,0.000114753,9.67177e-05,8.26833e-05,7.23134e-05,6.5237e-05,6.10405e-05,5.92676e-05,5.94248e-05,6.0994e-05,6.34482e-05,6.62694e-05,6.89672e-05,7.10948e-05,7.22637e-05,7.21533e-05,7.05187e-05,6.71936e-05,6.20923e-05,5.52085e-05,4.98244e-05,4.49939e-05,3.88992e-05,3.1771e-05,2.42197e-05,1.69615e-05,1.06729e-05,5.83653e-06,2.62339e-06,8.487e-07,0
0,4.16692e-06,8.68029e-06,1.3273e-05,1.79776e-05,2.27356e-05,2.74126e-05,3.18181e-05,3.57336e-05,3.89453e-05,4.12772e-05,4.27995e-05,4.54157e-05,4.99616e-05,5.32108e-05,5.51138e-05,5.56882e-05,5.50299e-05,5.33206e-05,5.08302e-05,4.7912e-05,4.49919e-05,4.25521e-05,4.11091e-05,4.11911e-05,4.33134e-05,4.79583e-05,5.55577e-05,6.64845e-05,8.105e-05,9.95111e-05,0.000122085,0.000148972,0.000180383,0.000216577,0.000257898,0.000304816,0.000357977,0.000418253,0.000486802,0.000565134,0.000655205,0.000759522,0.000881293,0.00102463,0.0011948,0.00128408,0.00144046,0.00167623,0.00200822,0.00246033,0.00306818,0.00388612,0.00499637,0.00651864,0.00861441,0.0114693,0.0152135,0.0197019,0.0240695,0.0262744,0.0240883,0.0197339,0.0152488,0.0114969,0.00862544,0.00650913,0.00496883,0.00384949,0.00303602,0.00244767,0.00202791,0.00173597,0.00154164,0.00142292,0.00136567,0.00115524,0.000981779,0.000836954,0.000714673,0.000610439,0.00052089,0.000443495,0.000376335,0.000317953,0.000267241,0.000223357,0.000185654,0.000153627,0.000126864,0.000105005,8.77096e-05,7.46285e-05,6.53828e-05,5.95523e-05,5.6671e-05,5.62297e-05,5.76857e-05,6.0477e-05,6.40403e-05,6.783e-05,7.13361e-05,7.41006e-05,7.57302e-05,7.59055e-05,7.43872e-05,7.10183e-05,6.57252e-05,5.85168e-05,5.27285e-05,4.74157e-05,4.07633e-05,3.30428e-05,2.49206e-05,1.71725e-05,1.0527e-05,5.4994e-06,2.26571e-06,6.18193e-07,0
0,4.0713e-06,8.51503e-06,1.30823e-05,1.78192e-05,2.26759e-05,2.75181e-05,3.21462e-05,3.63251e-05,3.98192e-05,4.24301e-05,4.42086e-05,4.70606e-05,5.18158e-05,5.51999e-05,5.71442e-05,5.76487e-05,5.67957e-05,5.47582e-05,5.18038e-05,4.8291e-05,4.46592e-05,4.14115e-05,3.90926e-05,3.82639e-05,3.94779e-05,4.32545e-05,5.00619e-05,6.0305e-05,7.43213e-05,9.23858e-05,0.000114726,0.000141545,0.000173053,0.000209502,0.000251237,0.000298741,0.000352696,0.000414051,0.000484111,0.000564641,0.000658015,0.000767423,0.000897165,0.00105309,0.00124325,0.0013492,0.00152806,0.00179575,0.00217637,0.00270674,0.00344486,0.00448444,0.00597834,0.00817489,0.0114693,0.0164572,0.0239149,0.0344229,0.0468714,0.0549757,0.046891,0.0344573,0.0239557,0.0164946,0.0114946,0.00818293,0.00596874,0.00446226,0.00341962,0.00269038,0.00218054,0.00182952,0.00159686,0.0014556,0.00138939,0.00116777,0.000987389,0.00083818,0.000713016,0.000606778,0.000515744,0.000437185,0.000369082,0.00030994,0.000258645,0.000214368,0.000176476,0.000144478,0.000117966,9.65751e-05,7.99484e-05,6.77087e-05,5.94415e-05,5.46852e-05,5.2929e-05,5.36198e-05,5.61736e-05,5.99927e-05,6.4485e-05,6.9083e-05,7.32623e-05,7.65573e-05,7.85723e-05,7.89902e-05,7.75768e-05,7.41833e-05,6.87458e-05,6.12846e-05,5.5178e-05,4.94811e-05,4.23787e-05,3.41745e-05,2.55796e-05,1.74196e-05,1.04669e-05,5.26554e-06,1.99832e-06,4.40635e-07,0
0,3.99803e-06,8.38926e-06,1.29367e-05,1.7696e-05,2.26233e-05,2.75852e-05,3.23771e-05,3.67532e-05,4.04634e-05,4.32931e-05,4.52794e-05,4.83299e-05,5.32694e-05,5.6785e-05,5.87913e-05,5.92731e-05,5.82995e-05,5.60347e-05,5.27424e-05,4.87832e-05,4.46055e-05,4.07278e-05,3.77165e-05,3.61592e-05,3.66381e-05,3.97035e-05,4.58535e-05,5.55195e-05,6.90609e-05,8.67686e-05,0.00010888,0.000135601,0.000167142,0.000203756,0.000245789,0.000293741,0.000348333,0.000410596,0.000481977,0.000564491,0.000660928,0.000775152,0.000912554,0.00108073,0.00129057,0.00141281,0.00161247,0.00190905,0.00233443,0.00294018,0.00381168,0.00509479,0.00704631,0.0101314,0.0152135,0.0239149,0.0391927,0.065652,0.106292,0.143982,0.106311,0.0656873,0.0392379,0.0239622,0.0152551,0.0101607,0.00705997,0.005093,0.00379879,0.00292398,0.00232475,0.00191634,0.00164682,0.00148403,0.00140947,0.00117803,0.000991685,0.000838789,0.000711268,0.000603445,0.000511276,0.000431853,0.000363067,0.000303386,0.00025169,0.000207155,0.000169162,0.000137229,0.000110952,8.99623e-05,7.38886e-05,6.23324e-05,5.48504e-05,5.0948e-05,5.00793e-05,5.16566e-05,5.50644e-05,5.96779e-05,6.48833e-05,7.0098e-05,7.47882e-05,7.84839e-05,8.07892e-05,8.139e-05,8.00571e-05,7.66475e-05,7.11049e-05,6.34575e-05,5.71156e-05,5.11327e-05,4.3691e-05,3.51176e-05,2.61572e-05,1.7673e-05,1.04724e-05,5.12336e-06,1.81585e-06,3.14348e-07,0
0,3.94648e-06,8.30127e-06,1.2833e-05,1.76021e-05,2.2569e-05,2.76023e-05,3.24962e-05,3.70007e-05,4.08587e-05,4.38463e-05,4.59918e-05,4.9205e-05,5.43066e-05,5.79546e-05,6.00504e-05,6.05656e-05,5.95576e-05,5.71813e-05,5.36948e-05,4.9458e-05,4.49232e-05,4.06186e-05,3.71248e-05,3.50481e-05,3.49916e-05,3.75287e-05,4.31797e-05,5.23965e-05,6.55555e-05,8.29608e-05,0.000104858,0.000131456,0.000162967,0.000199644,0.000241837,0.000290058,0.000345059,0.000407931,0.000480233,0.000564173,0.000662861,0.000780691,0.000923915,0.00110154,0.00132671,0.00146189,0.00167838,0.00199873,0.00246194,0.00313374,0.00412766,0.00564802,0.00808184,0.0122077,0.0197019,0.0344229,0.065652,0.135081,0.281854,0.493951,0.281873,0.135117,0.0657009,0.0344787,0.0197575,0.0122559,0.00811627,0.00566489,0.00412683,0.00311936,0.00244226,0.00198539,0.00168547,0.00150544,0.00142476,0.00118578,0.000994926,0.000839289,0.000710053,0.000601105,0.000508153,0.000428149,0.000358915,0.00029889,0.000246945,0.000202259,0.000164223,0.000132359,0.000106267,8.55747e-05,6.99e-05,5.88288e-05,5.18977e-05,4.85882e-05,4.83299e-05,5.05109e-05,5.44941e-05,5.96368e-05,6.53119e-05,7.09277e-05,7.59458e-05,7.9895e-05,8.23812e-05,8.30934e-05,8.18064e-05,7.83818e-05,7.27673e-05,6.49958e-05,5.84993e-05,5.23278e-05,4.46595e-05,3.58354e-05,2.66224e-05,1.7909e-05,1.05273e-05,5.06299e-06,1.7134e-06,2.37593e-07,0
0,3.91599e-06,8.24961e-06,1.27685e-05,1.75338e-05,2.25079e-05,2.75625e-05,3.24951e-05,3.70581e-05,4.09943e-05,4.40781e-05,4.63343e-05,4.96744e-05,5.49164e-05,5.86995e-05,6.09153e-05,6.15248e-05,6.05751e-05,5.82118e-05,5.4686e-05,5.03535e-05,4.5666e-05,4.11548e-05,3.74072e-05,3.50396e-05,3.46678e-05,3.68792e-05,4.22087e-05,5.1122e-05,6.40074e-05,8.11784e-05,0.000102887,0.000129346,0.000160768,0.000197404,0.000239607,0.000287892,0.000343023,0.000406116,0.000478784,0.000563325,0.000663009,0.000782495,0.000928477,0.00111069,0.00134353,0.00148578,0.00171299,0.0020498,0.00254006,0.00325982,0.00434449,0.00604794,0.00888074,0.0139668,0.0240695,0.0468714,0.106292,0.281854,0.824019,2.18952,0.824039,0.281891,0.106343,0.0469324,0.0241331,0.0140252,0.00892628,0.00607472,0.00435017,0.0032468,0.00251594,0.00202702,0.00170793,0.00151783,0.00143454,0.00119098,0.000997415,0.000840145,0.000709896,0.000600294,0.000506897,0.000426573,0.000357101,0.000296898,0.00024483,0.000200076,0.000162028,0.000130212,0.000104228,8.36997e-05,6.82399e-05,5.7425e-05,5.07798e-05,4.77723e-05,4.78184e-05,5.02936e-05,5.45495e-05,5.99352e-05,6.58179e-05,7.16035e-05,7.67535e-05,8.07986e-05,8.33474e-05,8.40923e-05,8.2811e-05,7.93674e-05,7.37108e-05,6.58746e-05,5.93022e-05,5.30389e-05,4.52573e-05,3.63036e-05,2.69543e-05,1.81112e-05,1.06196e-05,5.07694e-06,1.68697e-06,2.08802e-07,0
0,3.90599e-06,8.23322e-06,1.27419e-05,1.74896e-05,2.24385e-05,2.74646e-05,3.23727e-05,3.69238e-05,4.08685e-05,4.39858e-05,4.63028e-05,4.97328e-05,5.50924e-05,5.90122e-05,6.13777e-05,6.21423e-05,6.13444e-05,5.91207e-05,5.57141e-05,5.14731e-05,4.6844e-05,4.23547e-05,3.85918e-05,3.61732e-05,3.57183e-05,3.78197e-05,4.30187e-05,5.17877e-05,6.45216e-05,8.15395e-05,0.000103097,0.000129411,0.000160694,0.000197195,0.000239263,0.000287405,0.000342376,0.000405279,0.000477704,0.000561923,0.000661163,0.000780031,0.000925144,0.00110614,0.00133729,0.00147936,0.00170983,0.0020539,0.00255677,0.00329772,0.00442007,0.00619761,0.00919699,0.0147261,0.0262744,0.0549757,0.143982,0.493951,2.18952,11.8171,2.18954,0.493989,0.144035,0.055037,0.0263373,0.0147827,0.00923996,0.0062217,0.00442377,0.00328426,0.0025344,0.00203544,0.00171161,0.00152035,0.00143859,0.00119377,0.000999456,0.000841711,0.000711156,0.000601355,0.000507826,0.000427418,0.000357893,0.00029766,0.000245577,0.000200818,0.000162774,0.000130967,0.000104995,8.44804e-05,6.90336e-05,5.82283e-05,5.15864e-05,4.85733e-05,4.86028e-05,5.10488e-05,5.52629e-05,6.05952e-05,6.64156e-05,7.21335e-05,7.72146e-05,8.1194e-05,8.36846e-05,8.43814e-05,8.30639e-05,7.95961e-05,7.39255e-05,6.6083e-05,5.95125e-05,5.32535e-05,4.5472e-05,3.651e-05,2.71424e-05,1.82706e-05,1.07426e-05,5.16045e-06,1.73369e-06,2.26692e-07,0
0,3.916e-06,8.25147e-06,1.27531e-05,1.74704e-05,2.23633e-05,2.73126e-05,3.21345e-05,3.66045e-05,4.04877e-05,4.35753e-05,4.59017e-05,4.9382e-05,5.48327e-05,5.88866e-05,6.14269e-05,6.24025e-05,6.1845e-05,5.9883e-05,5.67497e-05,5.27839e-05,4.84218e-05,4.41821e-05,4.06429e-05,3.84153e-05,3.81132e-05,4.03257e-05,4.55921e-05,5.43846e-05,6.7099e-05,8.40562e-05,0.000105514,0.000131692,0.000162801,0.00019909,0.000240899,0.000288722,0.000343283,0.000405633,0.000477277,0.000560348,0.000657849,0.000774026,0.00091493,0.0010893,0.00130997,0.00144492,0.00167091,0.00201202,0.00251074,0.00324134,0.00433736,0.00605103,0.0088918,0.0139831,0.0240883,0.046891,0.106311,0.281873,0.824039,2.18954,0.824059,0.281911,0.106362,0.0469471,0.0241416,0.0140261,0.00891912,0.0060605,0.00433103,0.00322564,0.00249579,0.00201055,0.00169705,0.0015136,0.00143723,0.00119446,0.00100129,0.000844168,0.000713966,0.000604381,0.000511008,0.00043073,0.000361324,0.000301196,0.000249197,0.000204492,0.00016646,0.000134618,0.000108559,8.79034e-05,7.22636e-05,6.12177e-05,5.42938e-05,5.09657e-05,5.06564e-05,5.27501e-05,5.66091e-05,6.1594e-05,6.7085e-05,7.2501e-05,7.73163e-05,8.10724e-05,8.33871e-05,8.39581e-05,8.25648e-05,7.90691e-05,7.3414e-05,6.56239e-05,5.91329e-05,5.29741e-05,4.53051e-05,3.64555e-05,2.7186e-05,1.83858e-05,1.08943e-05,5.31152e-06,1.85188e-06,2.90291e-07,0
0,3.94555e-06,8.30396e-06,1.28027e-05,1.74789e-05,2.22878e-05,2.71154e-05,3.17923e-05,3.6114e-05,3.98671e-05,4.28611e-05,4.51431e-05,4.86303e-05,5.41405e-05,5.83191e-05,6.10513e-05,6.22842e-05,6.20451e-05,6.04552e-05,5.77376e-05,5.42186e-05,5.03208e-05,4.65476e-05,4.34619e-05,4.16596e-05,4.17411e-05,4.4283e-05,4.98148e-05,5.88014e-05,7.16339e-05,8.86313e-05,0.000110052,0.000136117,0.000167038,0.000203066,0.000244531,0.000291909,0.000345885,0.000407437,0.000477942,0.000559318,0.000654216,0.000766312,0.000900742,0.00106477,0.00126888,0.00139162,0.0016063,0.00193433,0.00241217,0.00310237,0.00411527,0.00565259,0.00809969,0.0122345,0.0197339,0.0344573,0.0656873,0.135117,0.281891,0.493989,0.281911,0.135155,0.0657334,0.0345033,0.0197709,0.0122562,0.00810331,0.0056405,0.00409462,0.00308402,0.00240876,0.00195817,0.00166791,0.00149958,0.00143127,0.00119342,0.00100302,0.000847475,0.000718196,0.000609196,0.000516241,0.000436299,0.000367181,0.000307295,0.000255484,0.000210895,0.000172892,0.000140979,0.000114741,9.37982e-05,7.77697e-05,6.6244e-05,5.87651e-05,5.48256e-05,5.38694e-05,5.53022e-05,5.85072e-05,6.28651e-05,6.77736e-05,7.26669e-05,7.70312e-05,8.04172e-05,8.24479e-05,8.28229e-05,8.13206e-05,7.7798e-05,7.21911e-05,6.45142e-05,5.81812e-05,5.22177e-05,4.4772e-05,3.61525e-05,2.70947e-05,1.84629e-05,1.10777e-05,5.53066e-06,2.04086e-06,3.98851e-07,0
0,3.99405e-06,8.39027e-06,1.28917e-05,1.7519e-05,2.22201e-05,2.68858e-05,3.13634e-05,3.54733e-05,3.90293e-05,4.18657e-05,4.40475e-05,4.74938e-05,5.30251e-05,5.73102e-05,6.02397e-05,6.17628e-05,6.19044e-05,6.07793e-05,5.86005e-05,5.56802e-05,5.24234e-05,4.93137e-05,4.68925e-05,4.57334e-05,4.64149e-05,4.94935e-05,5.54812e-05,6.48287e-05,7.79173e-05,9.50605e-05,0.000116516,0.000142505,0.000173246,0.000208991,0.000250069,0.000296941,0.000350255,0.000410915,0.000480161,0.000559673,0.00065171,0.000759305,0.000886552,0.00103904,0.00122454,0.0013328,0.00153111,0.00183715,0.00227941,0.00290551,0.0037973,0.0050982,0.00706382,0.0101592,0.0152488,0.0239557,0.0392379,0.0657009,0.106343,0.144035,0.106362,0.0657334,0.0392754,0.023988,0.0152669,0.0101579,0.00704336,0.0050652,0.00376371,0.00288634,0.00228958,0.00188836,0.00163002,0.00148121,0.00142183,0.001191,0.00100459,0.000851343,0.000723449,0.000615356,0.000523069,0.000443672,0.000375022,0.000315532,0.000264029,0.000219636,0.000181695,0.000149692,0.000123203,0.000101849,8.52593e-05,7.30395e-05,6.47588e-05,5.99389e-05,5.80555e-05,5.85463e-05,6.08258e-05,6.43029e-05,6.84001e-05,7.2572e-05,7.63203e-05,7.92066e-05,8.08598e-05,8.09812e-05,7.93462e-05,7.58054e-05,7.02844e-05,6.27846e-05,5.66891e-05,5.10155e-05,4.39011e-05,3.56251e-05,2.68867e-05,1.8514e-05,1.12993e-05,5.82034e-06,2.30063e-06,5.51683e-07,0
0,4.0606e-06,8.50952e-06,1.30209e-05,1.75953e-05,2.21697e-05,2.66391e-05,3.0869e-05,3.47084e-05,3.80037e-05,4.06194e-05,4.26432e-05,4.59961e-05,5.15029e-05,5.58656e-05,5.89845e-05,6.08136e-05,6.13781e-05,6.07878e-05,5.92456e-05,5.70484e-05,5.45813e-05,5.23039e-05,5.07308e-05,5.0407e-05,5.18822e-05,5.56856e-05,6.23045e-05,7.21692e-05,8.56463e-05,0.00010304,0.000124605,0.000150568,0.000181152,0.000216619,0.000257305,0.000303668,0.000356334,0.000416152,0.00048425,0.000562105,0.000651629,0.000755279,0.000876216,0.00101852,0.00118752,0.00128196,0.00146096,0.00173795,0.00213317,0.00267957,0.00343235,0.00448406,0.00598789,0.00819337,0.0114969,0.0164946,0.0239622,0.0344787,0.0469324,0.055037,0.0469471,0.0345033,0.023988,0.016512,0.0114977,0.0081739,0.00595064,0.00443829,0.00339283,0.00266369,0.00215701,0.00181248,0.00158979,0.00146153,0.00141005,0.00118739,0.00100569,0.000855237,0.000729083,0.000622187,0.00053082,0.000452197,0.00038422,0.000325305,0.000274256,0.000230165,0.000192344,0.00016026,0.000133477,0.000111619,9.43282e-05,8.12363e-05,7.19449e-05,6.60147e-05,6.29633e-05,6.22705e-05,6.33908e-05,6.57695e-05,6.88601e-05,7.21421e-05,7.51363e-05,7.74167e-05,7.86188e-05,7.84448e-05,7.66663e-05,7.31253e-05,6.77348e-05,6.04798e-05,5.47028e-05,4.9412e-05,4.27328e-05,3.49072e-05,2.6588e-05,1.85568e-05,1.1569e-05,6.18428e-06,2.63133e-06,7.47916e-07,0
0,4.14379e-06,8.65993e-06,1.31903e-05,1.77112e-05,2.21461e-05,2.63919e-05,3.03332e-05,3.385e-05,3.68255e-05,3.91594e-05,4.09665e-05,4.41694e-05,4.95985e-05,5.3999e-05,5.72841e-05,5.94159e-05,6.04223e-05,6.04097e-05,5.95715e-05,5.81889e-05,5.66252e-05,5.53134e-05,5.47369e-05,5.54071e-05,5.78391e-05,6.25285e-05,6.99316e-05,8.04528e-05,9.44386e-05,0.000112181,0.000133931,0.000159917,0.000190376,0.000225585,0.000265898,0.000311785,0.000363877,0.000422999,0.00049022,0.000566887,0.000654679,0.000755655,0.000872316,0.00100768,0.00116535,0.00124882,0.00140745,0.00165051,0.001991,0.00244974,0.00306113,0.00388049,0.00499255,0.00651982,0.00862544,0.0114946,0.0152551,0.0197575,0.0241331,0.0263373,0.0241416,0.0197709,0.0152669,0.0114977,0.00861387,0.0064915,0.00495088,0.00383496,0.00302632,0.00244265,0.00202716,0.00174002,0.00155232,0.00144282,0.00139668,0.00118248,0.00100578,0.000858396,0.000734266,0.000628846,0.000538673,0.000461083,0.000394021,0.000335893,0.000285474,0.00024182,0.000204209,0.000172083,0.000144997,0.000122578,0.000104488,9.03896e-05,7.99252e-05,7.27033e-05,6.82922e-05,6.62227e-05,6.59973e-05,6.71042e-05,6.90336e-05,7.12944e-05,7.34289e-05,7.50252e-05,7.57261e-05,7.52344e-05,7.33168e-05,6.98048e-05,6.45969e-05,5.76585e-05,5.22819e-05,4.74644e-05,4.13187e-05,3.40419e-05,2.62311e-05,1.86126e-05,1.18982e-05,6.62644e-06,3.03266e-06,9.8621e-07,0
0,4.24149e-06,8.83838e-06,1.33978e-05,1.78688e-05,2.21574e-05,2.61605e-05,2.97807e-05,3.29308e-05,3.55338e-05,3.75286e-05,3.90607e-05,4.2054e-05,4.73455e-05,5.17331e-05,5.51459e-05,5.75569e-05,5.8999e-05,5.95775e-05,5.94769e-05,5.89631e-05,5.83771e-05,5.81229e-05,5.86504e-05,6.04335e-05,6.39482e-05,6.96512e-05,7.79627e-05,8.92557e-05,0.000103852,0.000122028,0.000144028,0.000170085,0.000200449,0.000235418,0.000275377,0.000320828,0.000372429,0.000431025,0.000497682,0.000573715,0.000660709,0.000760545,0.000875412,0.00100781,0.00116051,0.00123673,0.00137529,0.00158183,0.0018638,0.00223345,0.00271119,0.00332862,0.00413001,0.00517081,0.00650913,0.00818293,0.0101607,0.0122559,0.0140252,0.0147827,0.0140261,0.0122562,0.0101579,0.0081739,0.0064915,0.00514415,0.00409728,0.00329706,0.00269212,0.00224056,0.00191021,0.00167651,0.00152019,0.00142591,0.00138191,0.00117578,0.00100405,0.000859895,0.000738046,0.000634402,0.000545734,0.00046948,0.000403611,0.000346518,0.000296938,0.000253885,0.000216601,0.000184504,0.000157139,0.000134143,0.000115199,0.000100007,8.82591e-05,7.96179e-05,7.37105e-05,7.01259e-05,6.84211e-05,6.81332e-05,6.87935e-05,6.99436e-05,7.11498e-05,7.20157e-05,7.21919e-05,7.13818e-05,6.93461e-05,6.59048e-05,6.09392e-05,5.43931e-05,4.94987e-05,4.52412e-05,3.97193e-05,3.30786e-05,2.58527e-05,1.8705e-05,1.22987e-05,7.15009e-06,3.50325e-06,1.26445e-06,0
0,4.35069e-06,9.04e-06,1.36392e-05,1.80671e-05,2.22091e-05,2.59589e-05,2.92355e-05,3.19844e-05,3.41703e-05,3.57742e-05,3.69754e-05,3.96981e-05,4.4787e-05,4.91011e-05,5.25883e-05,5.52351e-05,5.70817e-05,5.82337e-05,5.8869e-05,5.92387e-05,5.96615e-05,6.05125e-05,6.2206e-05,6.51764e-05,6.98573e-05,7.66627e-05,8.59725e-05,9.81233e-05,0.000113408,0.000132083,0.000154383,0.000180543,0.000210829,0.000245564,0.000285169,0.000330192,0.000381343,0.000439521,0.000505848,0.000581685,0.000668659,0.000768672,0.000883912,0.00101685,0.00117018,0.00124239,0.00136193,0.00153158,0.00175516,0.00203977,0.00239779,0.0028475,0.00341179,0.00411387,0.00496883,0.00596874,0.00705997,0.00811627,0.00892628,0.00923996,0.00891912,0.00810331,0.00704336,0.00595064,0.00495088,0.00409728,0.0033982,0.00284019,0.00240256,0.00206482,0.0018096,0.00162287,0.00149302,0.00141003,0.00136524,0.00116645,0.000999525,0.000858726,0.000739438,0.000637918,0.000551118,0.00047655,0.000412193,0.000356413,0.000307904,0.000265639,0.000228824,0.000196853,0.000169267,0.000145712,0.000125901,0.000109578,9.64883e-05,8.63565e-05,7.88742e-05,7.36941e-05,7.04331e-05,6.86811e-05,6.80142e-05,6.80091e-05,6.82581e-05,6.83816e-05,6.80382e-05,6.69319e-05,6.48167e-05,6.14999e-05,5.6844e-05,5.07688e-05,4.64369e-05,4.28203e-05,3.80025e-05,3.20719e-05,2.54919e-05,1.88578e-05,1.27814e-05,7.75663e-06,4.03994e-06,1.57945e-06,0
0,4.46742e-06,9.258e-06,1.39072e-05,1.83017e-05,2.23029e-05,2.57976e-05,2.87186e-05,3.10429e-05,3.2777e-05,3.39461e-05,3.47649e-05,3.7157e-05,4.19753e-05,4.61477e-05,4.9643e-05,5.24635e-05,5.46588e-05,5.63372e-05,5.76712e-05,5.88991e-05,6.03183e-05,6.22754e-05,6.51494e-05,6.93342e-05,7.52194e-05,8.31738e-05,9.35332e-05,0.000106594,0.000122617,0.000141832,0.000164461,0.000190738,0.000220939,0.000255416,0.000294628,0.000339175,0.000389832,0.000447576,0.000513619,0.000589431,0.000676765,0.000777683,0.000894576,0.00103018,0.0011876,0.00125768,0.00135953,0.00149399,0.00166297,0.00187118,0.0021271,0.00244256,0.00283025,0.0032994,0.00384949,0.00446226,0.005093,0.00566489,0.00607472,0.0062217,0.0060605,0.0056405,0.0050652,0.00443829,0.00383496,0.00329706,0.00284019,0.00246359,0.0021587,0.00191506,0.00172337,0.00157636,0.00146812,0.00139312,0.00134566,0.00115343,0.000991152,0.000853895,0.000737518,0.000638537,0.000554026,0.000481538,0.000419043,0.000364876,0.000317688,0.000276412,0.00024022,0.000208491,0.000180762,0.0001567,0.000136048,0.000118601,0.000104162,9.25237e-05,8.34455e-05,7.66481e-05,7.18114e-05,6.8581e-05,6.65799e-05,6.54217e-05,6.47258e-05,6.413e-05,6.33014e-05,6.19443e-05,5.98058e-05,5.66792e-05,5.24068e-05,4.68822e-05,4.31899e-05,4.02868e-05,3.62409e-05,3.10783e-05,2.51877e-05,1.9093e-05,1.33541e-05,8.44463e-06,4.63724e-06,1.92669e-06,0
0,4.58677e-06,9.48352e-06,1.41916e-05,1.85641e-05,2.24356e-05,2.56821e-05,2.82466e-05,3.01349e-05,3.13944e-05,3.20945e-05,3.24864e-05,3.44915e-05,3.89708e-05,4.29283e-05,4.63552e-05,4.92714e-05,5.17379e-05,5.38674e-05,5.58298e-05,5.78519e-05,6.02125e-05,6.3231e-05,6.72525e-05,7.2631e-05,7.97119e-05,8.88176e-05,0.000100238,0.000114226,0.000131004,0.000150773,0.000173736,0.000200119,0.000230204,0.000264365,0.000303095,0.000347044,0.000397054,0.000454185,0.000519752,0.000595354,0.000682913,0.000784704,0.000903398,0.00104211,0.00120443,0.00127273,0.00135833,0.00146111,0.00158241,0.00172627,0.00189977,0.00211189,0.00237091,0.0026806,0.00303602,0.00341962,0.00379879,0.00412683,0.00435017,0.00442377,0.00433103,0.00409462,0.00376371,0.00339283,0.00302632,0.00269212,0.00240256,0.0021587,0.0019556,0.00178673,0.00164678,0.00153244,0.00144172,0.00137257,0.00132192,0.00113562,0.000977937,0.000844508,0.00073149,0.000635545,0.000553803,0.000483827,0.000423567,0.000371321,0.000325706,0.000285618,0.000250208,0.000218842,0.000191067,0.000166569,0.000145134,0.000126609,0.00011086,9.775e-05,8.71098e-05,7.87297e-05,7.23539e-05,6.7685e-05,6.43932e-05,6.21299e-05,6.05419e-05,5.92847e-05,5.80341e-05,5.64944e-05,5.44052e-05,5.15451e-05,4.77346e-05,4.28396e-05,3.9858e-05,3.77304e-05,3.45088e-05,3.01538e-05,2.49766e-05,1.94291e-05,1.40208e-05,9.2088e-06,5.28677e-06,2.3001e-06,0
0,4.70297e-06,9.70583e-06,1.44788e-05,1.88414e-05,2.25988e-05,2.56122e-05,2.78305e-05,2.92842e-05,3.00591e-05,3.02677e-05,3.01977e-05,3.17657e-05,3.58403e-05,3.95078e-05,4.27831e-05,4.57045e-05,4.83465e-05,5.0828e-05,5.33183e-05,5.60359e-05,5.9243e-05,6.32351e-05,6.83257e-05,7.48308e-05,8.3053e-05,9.32686e-05,0.00010572,0.000120615,0.000138134,0.000158444,0.00018172,0.000208173,0.000238085,0.000271838,0.000309949,0.000353108,0.00040221,0.000458386,0.000523043,0.000597902,0.000685042,0.000786947,0.000906559,0.00104731,0.0012132,0.00127894,0.00135,0.00142609,0.00150879,0.00160238,0.00171352,0.0018499,0.00201771,0.00221874,0.00244767,0.00269038,0.00292398,0.00311936,0.0032468,0.00328426,0.00322564,0.00308402,0.00288634,0.00266369,0.00244265,0.00224056,0.00206482,0.00191506,0.00178673,0.00167459,0.00157504,0.00148686,0.00141038,0.00134601,0.00129285,0.00111199,0.000959004,0.00082983,0.000720739,0.000628415,0.000549981,0.000482977,0.000425328,0.000375307,0.000331502,0.000292789,0.000258307,0.000227422,0.000199697,0.00017485,0.000152713,0.000133188,0.000116209,0.000101708,8.95904e-05,7.97145e-05,7.18889e-05,6.58722e-05,6.13815e-05,5.81052e-05,5.57169e-05,5.38895e-05,5.2307e-05,5.06737e-05,4.87209e-05,4.62115e-05,4.29437e-05,3.87535e-05,3.65452e-05,3.52415e-05,3.28788e-05,2.93506e-05,2.48899e-05,1.98787e-05,1.47797e-05,1.00393e-05,5.97691e-06,2.69198e-06,0
0,4.8096e-06,9.9127e-06,1.47529e-05,1.91168e-05,2.27786e-05,2.55812e-05,2.7474e-05,2.85075e-05,2.88018e-05,2.85099e-05,2.79544e-05,2.90439e-05,3.26543e-05,3.59587e-05,3.89961e-05,4.18246e-05,4.45326e-05,4.72477e-05,5.01407e-05,5.34247e-05,5.73489e-05,6.21881e-05,6.82279e-05,7.57499e-05,8.50162e-05,9.62588e-05,0.000109673,0.00012542,0.000143635,0.000164445,0.00018799,0.000214459,0.000244117,0.000277343,0.000314662,0.000356783,0.00040463,0.00045938,0.000522499,0.000595795,0.00068147,0.000782185,0.000901115,0.00104196,0.00120891,0.00127101,0.00132979,0.0013852,0.00143946,0.00149724,0.00156492,0.00164913,0.00175468,0.00188245,0.00202791,0.00218054,0.00232475,0.00244226,0.00251594,0.0025344,0.00249579,0.00240876,0.00228958,0.00215701,0.00202716,0.00191021,0.0018096,0.00172337,0.00164678,0.00157504,0.00150528,0.00143712,0.00137201,0.00131185,0.00125756,0.00108166,0.000933589,0.00080928,0.000704843,0.000616833,0.000542296,0.00047874,0.000424072,0.000376553,0.000334766,0.000297584,0.000264151,0.000233849,0.000206266,0.000181161,0.000158415,0.000137993,0.000119896,0.000104126,9.06592e-05,7.94218e-05,7.02837e-05,6.30569e-05,5.75033e-05,5.33464e-05,5.02852e-05,4.80089e-05,4.6209e-05,4.45889e-05,4.28711e-05,4.08022e-05,3.81565e-05,3.47398e-05,3.33555e-05,3.29076e-05,3.14185e-05,2.87141e-05,2.49514e-05,2.04467e-05,1.56227e-05,1.0921e-05,6.69267e-06,3.09298e-06,0
0,4.89998e-06,1.00909e-05,1.49956e-05,1.937e-05,2.29564e-05,2.5576e-05,2.71736e-05,2.78138e-05,2.76454e-05,2.68582e-05,2.58069e-05,2.63883e-05,2.94837e-05,3.23577e-05,3.50726e-05,3.77065e-05,4.03631e-05,4.31799e-05,4.63317e-05,5.00292e-05,5.45123e-05,6.00395e-05,6.68732e-05,7.52646e-05,8.54397e-05,9.7589e-05,0.000111863,0.000128375,0.000147212,0.000168458,0.000192211,0.000218626,0.000247937,0.000280505,0.000316841,0.000357647,0.000403846,0.00045662,0.000517451,0.000588179,0.00067108,0.000768957,0.00088523,0.00102393,0.00118947,0.00124741,0.00129693,0.00133826,0.00137416,0.00140947,0.00144998,0.00150111,0.0015663,0.00164579,0.00173597,0.00182952,0.00191634,0.00198539,0.00202702,0.00203544,0.00201055,0.00195817,0.00188836,0.00181248,0.00174002,0.00167651,0.00162287,0.00157636,0.00153244,0.00148686,0.00143712,0.00138302,0.00132623,0.00126943,0.0012153,0.00104359,0.000900889,0.000782388,0.000683577,0.000600703,0.000530705,0.00047107,0.000419719,0.000374936,0.000335328,0.000299791,0.000267493,0.000237848,0.000210484,0.000185207,0.000161956,0.000140757,0.000121679,0.000104795,9.01462e-05,7.77227e-05,6.74513e-05,5.91938e-05,5.27526e-05,4.78832e-05,4.43077e-05,4.17298e-05,3.9847e-05,3.83608e-05,3.69842e-05,3.54466e-05,3.3498e-05,3.09131e-05,3.03885e-05,3.08093e-05,3.01862e-05,2.82795e-05,2.51748e-05,2.11293e-05,1.6534e-05,1.18337e-05,7.41571e-06,3.49224e-06,0
0,4.96749e-06,1.02271e-05,1.5188e-05,1.95783e-05,2.31092e-05,2.55776e-05,2.6918e-05,2.72029e-05,2.66036e-05,2.53408e-05,2.37979e-05,2.3855e-05,2.63968e-05,2.87819e-05,3.10955e-05,3.34353e-05,3.59206e-05,3.87001e-05,4.19549e-05,4.58962e-05,5.0759e-05,5.67899e-05,6.42335e-05,7.33161e-05,8.42325e-05,9.7136e-05,0.000112135,0.000129297,0.000148661,0.00017026,0.000194147,0.000220429,0.000249301,0.000281083,0.00031625,0.00035547,0.000399628,0.000449864,0.000507618,0.000574692,0.000653361,0.000746526,0.000857933,0.000992307,0.00115494,0.00120951,0.00125358,0.00128743,0.00131408,0.0013381,0.00136439,0.00139695,0.00143794,0.00148708,0.00154164,0.00159686,0.00164682,0.00168547,0.00170793,0.00171161,0.00169705,0.00166791,0.00163002,0.00158979,0.00155232,0.00152019,0.00149302,0.00146812,0.00144172,0.00141038,0.00137201,0.00132623,0.00127426,0.00121872,0.00116467,0.000995825,0.000859811,0.000748775,0.00065694,0.000580178,0.000515385,0.00046011,0.000412356,0.000370481,0.000333151,0.000299316,0.000268194,0.000239249,0.000212159,0.000186788,0.000163136,0.000141293,0.000121394,0.000103577,8.7945e-05,7.45456e-05,6.33564e-05,5.42825e-05,4.71621e-05,4.17782e-05,3.78725e-05,3.51606e-05,3.33442e-05,3.21216e-05,3.11953e-05,3.02767e-05,2.90911e-05,2.73821e-05,2.77348e-05,2.9016e-05,2.92278e-05,2.80695e-05,2.55618e-05,2.19125e-05,1.74904e-05,1.27519e-05,8.12477e-06,3.87762e-06,0
0,5.00606e-06,1.03085e-05,1.53109e-05,1.97181e-05,2.32115e-05,2.55617e-05,2.66889e-05,2.6666e-05,2.56796e-05,2.39753e-05,2.19597e-05,2.14911e-05,2.34545e-05,2.53049e-05,2.71486e-05,2.91016e-05,3.12992e-05,3.39021e-05,3.70993e-05,4.11061e-05,4.6156e-05,5.24893e-05,6.03381e-05,6.99102e-05,8.13754e-05,9.48551e-05,0.00011042,0.000128094,0.000147869,0.000169726,0.000193666,0.00021974,0.000248089,0.000278976,0.00031282,0.000350222,0.000391994,0.000439185,0.000493123,0.000555477,0.000628391,0.000714726,0.000818546,0.000945926,0.00110547,0.00116018,0.00120318,0.00123543,0.00126027,0.00128167,0.00130337,0.00132805,0.00135679,0.00138906,0.00142292,0.0014556,0.00148403,0.00150544,0.00151783,0.00152035,0.0015136,0.00149958,0.00148121,0.00146153,0.00144282,0.00142591,0.00141003,0.00139312,0.00137257,0.00134601,0.00131185,0.00126943,0.00121872,0.00116003,0.00109842,0.000933837,0.0008089,0.000708348,0.000625298,0.000555711,0.000496746,0.000446187,0.000402217,0.000363331,0.000328302,0.000296166,0.000266213,0.000237971,0.000211188,0.00018579,0.000161841,0.000139496,0.000118952,0.000100406,8.40165e-05,6.98803e-05,5.80179e-05,4.83705e-05,4.08054e-05,3.51278e-05,3.10947e-05,2.84302e-05,2.68379e-05,2.60115e-05,2.56416e-05,2.54214e-05,2.50515e-05,2.42449e-05,2.54716e-05,2.75812e-05,2.85732e-05,2.80914e-05,2.61012e-05,2.27717e-05,1.84611e-05,1.36453e-05,8.79621e-06,4.23614e-06,0
0,5.01065e-06,1.03241e-05,1.53471e-05,1.97662e-05,2.32362e-05,2.55009e-05,2.64614e-05,2.61851e-05,2.48658e-05,2.27669e-05,2.0312e-05,1.93316e-05,2.0708e-05,2.19929e-05,2.33114e-05,2.47969e-05,2.65995e-05,2.88925e-05,3.18746e-05,3.57673e-05,4.08071e-05,4.72327e-05,5.52699e-05,6.51146e-05,7.69182e-05,9.07774e-05,0.00010673,0.000124762,0.000144819,0.000166831,0.00019074,0.000216538,0.0002443,0.000274218,0.000306633,0.000342057,0.000381192,0.000424952,0.000474479,0.000531196,0.000596902,0.000674026,0.000766311,0.000881015,0.00103713,0.0011039,0.00114911,0.00118395,0.00121245,0.00123766,0.00126201,0.00128702,0.00131312,0.00133974,0.00136567,0.00138939,0.00140947,0.00142476,0.00143454,0.00143859,0.00143723,0.00143127,0.00142183,0.00141005,0.00139668,0.00138191,0.00136524,0.00134566,0.00132192,0.00129285,0.00125756,0.0012153,0.00116467,0.00109842,0.000969386,0.0008497,0.000747847,0.000662088,0.000589664,0.000528132,0.000475426,0.000429772,0.00038964,0.00035372,0.000320932,0.000290423,0.00026158,0.000234016,0.00020755,0.000182181,0.00015804,0.000135342,0.000114343,9.52912e-05,7.83911e-05,6.37796e-05,5.1511e-05,4.15538e-05,3.37969e-05,2.80612e-05,2.41143e-05,2.16848e-05,2.04758e-05,2.01741e-05,2.0458e-05,2.10021e-05,2.14827e-05,2.15835e-05,2.36575e-05,2.654e-05,2.82338e-05,2.8336e-05,2.67676e-05,2.36723e-05,1.94087e-05,1.44802e-05,9.40496e-06,4.5545e-06,0
0,4.97766e-06,1.02651e-05,1.52818e-05,1.97018e-05,2.31572e-05,2.53657e-05,2.62065e-05,2.57348e-05,2.41445e-05,2.17084e-05,1.88609e-05,1.73979e-05,1.8195e-05,1.89005e-05,1.96556e-05,2.06086e-05,2.19235e-05,2.37858e-05,2.64048e-05,3.00107e-05,3.48464e-05,4.1154e-05,4.9159e-05,5.90521e-05,7.0974e-05,8.50038e-05,0.000101155,0.000119378,0.000139578,0.000161635,0.000185434,0.000210901,0.000238037,0.000266953,0.000297897,0.000331272,0.000367649,0.000407769,0.000452541,0.00050304,0.000560504,0.000626319,0.000701882,0.000787758,0.00087917,0.000942386,0.000987596,0.00102167,0.00104852,0.00107075,0.00109023,0.00110814,0.00112501,0.00114083,0.00115524,0.00116777,0.00117803,0.00118578,0.00119098,0.00119377,0.00119446,0.00119342,0.001191,0.00118739,0.00118248,0.00117578,0.00116645,0.00115343,0.00113562,0.00111199,0.00108166,0.00104359,0.000995825,0.000933837,0.0008497,0.000763311,0.00068367,0.000613224,0.000551865,0.000498611,0.000452223,0.000411429,0.000375023,0.000341929,0.000311233,0.00028222,0.000254388,0.000227444,0.000201292,0.000176004,0.000151777,0.000128885,0.000107634,8.83148e-05,7.11679e-05,5.63594e-05,4.39666e-05,3.39762e-05,2.62902e-05,2.07384e-05,1.70932e-05,1.50842e-05,1.44107e-05,1.47515e-05,1.57713e-05,1.71266e-05,1.84705e-05,1.94598e-05,2.23298e-05,2.59053e-05,2.82007e-05,2.87767e-05,2.75226e-05,2.45703e-05,2.02906e-05,1.52209e-05,9.92563e-06,4.8197e-06,0
0,4.9053e-06,1.01264e-05,1.51045e-05,1.95079e-05,2.29509e-05,2.51272e-05,2.58922e-05,2.52839e-05,2.34884e-05,2.07808e-05,1.75984e-05,1.5696e-05,1.5938e-05,1.60684e-05,1.62407e-05,1.66155e-05,1.73686e-05,1.86973e-05,2.08216e-05,2.3982e-05,2.84308e-05,3.44179e-05,4.21742e-05,5.18922e-05,6.37095e-05,7.76956e-05,9.38462e-05,0.000112087,0.000132286,0.000154277,0.00017789,0.000202982,0.00022948,0.000257405,0.000286904,0.000318261,0.000351902,0.000388386,0.000428377,0.0004726,0.000521762,0.000576383,0.000636423,0.000700368,0.000763227,0.00081439,0.000854072,0.00088472,0.000908601,0.00092751,0.000942801,0.000955417,0.000965939,0.000974673,0.000981779,0.000987389,0.000991685,0.000994926,0.000997415,0.000999456,0.00100129,0.00100302,0.00100459,0.00100569,0.00100578,0.00100405,0.000999525,0.000991152,0.000977937,0.000959004,0.000933589,0.000900889,0.000859811,0.0008089,0.000747847,0.00068367,0.000621794,0.000564889,0.000513796,0.000468362,0.000427952,0.000391719,0.000358765,0.000328242,0.000299416,0.000271718,0.000244764,0.000218367,0.000192519,0.000167367,0.000143169,0.000120253,9.89663e-05,7.96313e-05,6.25135e-05,4.77963e-05,3.5569e-05,2.58261e-05,1.84742e-05,1.33448e-05,1.02099e-05,8.79564e-06,8.79525e-06,9.87764e-06,1.16942e-05,1.38838e-05,1.60785e-05,1.79111e-05,2.15007e-05,2.56667e-05,2.84445e-05,2.93702e-05,2.83158e-05,2.54147e-05,2.1061e-05,1.58312e-05,1.03339e-05,5.01974e-06,0
0,4.7939e-06,9.90644e-06,1.48099e-05,1.9173e-05,2.25987e-05,2.47595e-05,2.5487e-05,2.47977e-05,2.28637e-05,1.99545e-05,1.65032e-05,1.42168e-05,1.39435e-05,1.35211e-05,1.31113e-05,1.28838e-05,1.30238e-05,1.37383e-05,1.5258e-05,1.78345e-05,2.17316e-05,2.72108e-05,3.45135e-05,4.38408e-05,5.53345e-05,6.9063e-05,8.50134e-05,0.000103093,0.000123143,0.000144955,0.000168307,0.000192994,0.000218864,0.000245848,0.000273988,0.000303448,0.000334511,0.000367561,0.000403043,0.000441399,0.000482956,0.000527756,0.000575249,0.000623826,0.000670325,0.000710531,0.000743328,0.000769269,0.000789397,0.000804772,0.000816311,0.000824758,0.000830697,0.000834614,0.000836954,0.00083818,0.000838789,0.000839289,0.000840145,0.000841711,0.000844168,0.000847475,0.000851343,0.000855237,0.000858396,0.000859895,0.000858726,0.000853895,0.000844508,0.00082983,0.00080928,0.000782388,0.000748775,0.000708348,0.000662088,0.000613224,0.000564889,0.000519121,0.00047688,0.000438363,0.000403289,0.000371119,0.000341208,0.000312916,0.000285682,0.000259085,0.000232865,0.000206941,0.000181393,0.000156441,0.000132401,0.000109645,8.85515e-05,6.94632e-05,5.26576e-05,3.83234e-05,2.65504e-05,1.73307e-05,1.05668e-05,6.08538e-06,3.65227e-06,2.98696e-06,3.7741e-06,5.67212e-06,8.31919e-06,1.13384e-05,1.43435e-05,1.69477e-05,2.11563e-05,2.57899e-05,2.8916e-05,3.00587e-05,2.90871e-05,2.615e-05,2.16736e-05,1.62767e-05,1.06081e-05,5.14442e-06,0
0,4.64603e-06,9.60839e-06,1.43987e-05,1.86928e-05,2.20884e-05,2.42419e-05,2.49619e-05,2.42411e-05,2.22323e-05,1.91922e-05,1.55434e-05,1.29376e-05,1.22025e-05,1.12667e-05,1.02958e-05,9.46469e-06,8.96478e-06,9.01055e-06,9.84194e-06,1.17216e-05,1.49262e-05,1.97316e-05,2.63942e-05,3.51292e-05,4.60903e-05,5.93529e-05,7.49047e-05,9.26443e-05,0.000112392,0.00013391,0.000156928,0.000181183,0.000206448,0.000232568,0.000259483,0.000287239,0.000315985,0.000345952,0.000377407,0.000410588,0.000445603,0.000482292,0.000520045,0.000557626,0.000593134,0.000624502,0.000650719,0.000671689,0.000687792,0.000699593,0.000707694,0.000712681,0.000715122,0.000715587,0.000714673,0.000713016,0.000711268,0.000710053,0.000709896,0.000711156,0.000713966,0.000718196,0.000723449,0.000729083,0.000734266,0.000738046,0.000739438,0.000737518,0.00073149,0.000720739,0.000704843,0.000683577,0.00065694,0.000625298,0.000589664,0.000551865,0.000513796,0.00047688,0.000441932,0.000409235,0.000378692,0.000349965,0.000322606,0.000296154,0.000270211,0.000244494,0.000218869,0.000193356,0.000168123,0.000143456,0.000119723,9.73274e-05,7.66676e-05,5.80953e-05,4.18864e-05,2.82225e-05,1.71829e-05,8.74732e-06,2.80626e-06,-8.25008e-07,-2.39097e-06,-2.18197e-06,-5.23216e-07,2.23306e-06,5.71312e-06,9.5267e-06,1.32732e-05,1.65511e-05,2.12564e-05,2.62186e-05,2.95486e-05,3.07725e-05,2.97708e-05,2.67195e-05,2.20846e-05,1.65272e-05,1.07304e-05,5.18602e-06,0
0,4.46648e-06,9.23977e-06,1.38783e-05,1.80707e-05,2.14164e-05,2.35615e-05,2.42941e-05,2.35823e-05,2.15556e-05,1.84528e-05,1.46789e-05,1.18246e-05,1.06921e-05,9.29759e-06,7.80601e-06,6.39288e-06,5.25211e-06,4.60258e-06,4.69124e-06,5.79068e-06,8.19061e-06,1.2183e-05,1.80424e-05,2.60034e-05,3.62379e-05,4.88365e-05,6.37961e-05,8.10165e-05,0.000100308,0.00012141,0.000144016,0.000167809,0.000192498,0.000217843,0.00024369,0.000269975,0.000296728,0.000324049,0.000352067,0.000380883,0.000410491,0.000440679,0.000470932,0.00050038,0.000527855,0.000552179,0.000572599,0.000588844,0.000600991,0.000609328,0.000614256,0.000616257,0.000615871,0.000613709,0.000610439,0.000606778,0.000603445,0.000601105,0.000600294,0.000601355,0.000604381,0.000609196,0.000615356,0.000622187,0.000628846,0.000634402,0.000637918,0.000638537,0.000635545,0.000628415,0.000616833,0.000600703,0.000580178,0.000555711,0.000528132,0.000498611,0.000468362,0.000438363,0.000409235,0.000381246,0.000354381,0.000328437,0.000303115,0.000278106,0.000253157,0.000228119,0.000202973,0.000177841,0.000152968,0.0001287,0.000105444,8.3626e-05,6.36514e-05,4.58664e-05,3.05332e-05,1.78143e-05,7.76773e-06,3.52364e-07,-4.56049e-06,-7.17205e-06,-7.74064e-06,-6.56827e-06,-3.99046e-06,-3.69161e-07,3.91217e-06,8.45338e-06,1.28442e-05,1.66744e-05,2.17362e-05,2.68767e-05,3.02624e-05,3.14348e-05,3.02992e-05,2.70694e-05,2.22554e-05,1.65589e-05,1.06884e-05,5.13998e-06,0
0,4.2621e-06,8.81249e-06,1.32625e-05,1.73185e-05,2.05888e-05,2.2715e-05,2.34692e-05,2.27958e-05,2.0799e-05,1.7695e-05,1.38664e-05,1.0837e-05,9.37934e-06,7.59331e-06,5.63852e-06,3.68659e-06,1.92949e-06,5.86746e-07,-9.08761e-08,1.76984e-07,1.6921e-06,4.76294e-06,9.68434e-06,1.67138e-05,2.60472e-05,3.77975e-05,5.19795e-05,6.85038e-05,8.71814e-05,0.000107739,0.000129844,0.000153137,0.000177267,0.000201922,0.00022686,0.00025192,0.000277023,0.000302159,0.000327353,0.000352613,0.000377875,0.000402938,0.000427406,0.000450681,0.000472021,0.00049069,0.000506149,0.000518122,0.000526573,0.000531656,0.000533668,0.000533026,0.000530254,0.000525976,0.00052089,0.000515744,0.000511276,0.000508153,0.000506897,0.000507826,0.000511008,0.000516241,0.000523069,0.00053082,0.000538673,0.000545734,0.000551118,0.000554026,0.000553803,0.000549981,0.000542296,0.000530705,0.000515385,0.000496746,0.000475426,0.000452223,0.000427952,0.000403289,0.000378692,0.000354381,0.000330383,0.000306585,0.000282808,0.000258874,0.000234661,0.000210141,0.000185406,0.000160666,0.000136237,0.000112513,8.99294e-05,6.8922e-05,4.98886e-05,3.31577e-05,1.89653e-05,7.44387e-06,-1.379e-06,-7.57276e-06,-1.12907e-05,-1.27544e-05,-1.22378e-05,-1.00554e-05,-6.55201e-06,-2.09741e-06,2.91848e-06,8.09e-06,1.30027e-05,1.72442e-05,2.25098e-05,2.76733e-05,3.09689e-05,3.19665e-05,3.06079e-05,2.71525e-05,2.21563e-05,1.63563e-05,1.04767e-05,5.00537e-06,0
0,4.04149e-06,8.34233e-06,1.25713e-05,1.64567e-05,1.96217e-05,2.17105e-05,2.24843e-05,2.18664e-05,1.99355e-05,1.68826e-05,1.30638e-05,9.93167e-06,8.22503e-06,6.12382e-06,3.77755e-06,1.34922e-06,-9.7582e-07,-2.98189e-06,-4.41833e-06,-5.00032e-06,-4.41625e-06,-2.34218e-06,1.53764e-06,7.50606e-06,1.57871e-05,2.65221e-05,3.9752e-05,5.54074e-05,7.33102e-05,9.31859e-05,0.000114687,0.000137422,0.000160991,0.000185021,0.000209191,0.000233252,0.000257031,0.000280425,0.000303371,0.000325815,0.000347659,0.000368726,0.000388722,0.000407237,0.000423784,0.000437881,0.000449149,0.000457363,0.000462471,0.000464577,0.000463936,0.000460939,0.000456102,0.000450051,0.000443495,0.000437185,0.000431853,0.000428149,0.000426573,0.000427418,0.00043073,0.000436299,0.000443672,0.000452197,0.000461083,0.00046948,0.00047655,0.000481538,0.000483827,0.000482977,0.00047874,0.00047107,0.00046011,0.000446187,0.000429772,0.000411429,0.000391719,0.000371119,0.000349965,0.000328437,0.000306585,0.000284369,0.00026171,0.000238545,0.000214869,0.000190768,0.00016643,0.000142145,0.000118287,9.52865e-05,7.35934e-05,5.36388e-05,3.58011e-05,2.03779e-05,7.5681e-06,-2.53533e-06,-9.94263e-06,-1.47572e-05,-1.71605e-05,-1.73962e-05,-1.57547e-05,-1.25615e-05,-8.16913e-06,-2.95165e-06,2.6986e-06,8.37564e-06,1.36669e-05,1.8165e-05,2.34757e-05,2.85088e-05,3.15775e-05,3.22922e-05,3.06406e-05,2.69326e-05,2.17689e-05,1.59143e-05,1.0097e-05,4.78527e-06,0
0,3.81448e-06,7.8482e-06,1.18302e-05,1.55134e-05,1.85415e-05,2.05681e-05,2.13493e-05,2.07918e-05,1.895e-05,1.5989e-05,1.22359e-05,9.06865e-06,7.18938e-06,4.8544e-06,2.19878e-06,-6.27788e-07,-3.45147e-06,-6.06533e-06,-8.22355e-06,-9.64108e-06,-9.99996e-06,-8.96315e-06,-6.19497e-06,-1.38646e-06,5.71724e-06,1.52908e-05,2.74077e-05,4.20273e-05,5.89925e-05,7.80392e-05,9.88155e-05,0.000120911,0.00014389,0.000167326,0.000190831,0.00021408,0.000236818,0.000258858,0.000280065,0.000300331,0.000319535,0.00033752,0.000354064,0.000368882,0.000381647,0.000392041,0.000399802,0.000404777,0.000406935,0.000406386,0.000403379,0.0003983,0.000391668,0.00038411,0.000376335,0.000369082,0.000363067,0.000358915,0.000357101,0.000357893,0.000361324,0.000367181,0.000375022,0.00038422,0.000394021,0.000403611,0.000412193,0.000419043,0.000423567,0.000425328,0.000424072,0.000419719,0.000412356,0.000402217,0.00038964,0.000375023,0.000358765,0.000341208,0.000322606,0.000303115,0.000282808,0.00026171,0.000239831,0.000217212,0.000193955,0.000170244,0.000146353,0.00012264,9.95231e-05,7.74549e-05,5.68856e-05,3.82286e-05,2.18299e-05,7.94492e-06,-3.27387e-06,-1.17803e-05,-1.76278e-05,-2.09569e-05,-2.1979e-05,-2.09596e-05,-1.82041e-05,-1.40468e-05,-8.84407e-06,-2.97051e-06,3.18431e-06,9.21981e-06,1.47318e-05,1.93248e-05,2.45229e-05,2.92811e-05,3.20021e-05,3.23461e-05,3.03538e-05,2.63876e-05,2.10883e-05,1.52388e-05,9.55924e-06,4.48681e-06,0
0,3.59162e-06,7.35109e-06,1.10687e-05,1.45234e-05,1.73841e-05,1.93197e-05,2.00882e-05,1.95844e-05,1.7842e-05,1.5001e-05,1.13584e-05,8.21618e-06,6.23715e-06,3.75086e-06,8.74131e-07,-2.26105e-06,-5.49716e-06,-8.64115e-06,-1.14573e-05,-1.36654e-05,-1.49458e-05,-1.49521e-05,-1.33311e-05,-9.74879e-06,-3.91841e-06,4.37104e-06,1.5231e-05,2.8657e-05,4.45223e-05,6.25836e-05,8.24971e-05,0.000103845,0.000126168,0.000149,0.000171897,0.000194467,0.000216384,0.000237386,0.000257276,0.000275892,0.000293093,0.000308728,0.000322623,0.000334573,0.000344358,0.000351768,0.000356636,0.000358876,0.000358503,0.000355652,0.00035059,0.000343716,0.000335553,0.000326732,0.000317953,0.00030994,0.000303386,0.00029889,0.000296898,0.00029766,0.000301196,0.000307295,0.000315532,0.000325305,0.000335893,0.000346518,0.000356413,0.000364876,0.000371321,0.000375307,0.000376553,0.000374936,0.000370481,0.000363331,0.00035372,0.000341929,0.000328242,0.000312916,0.000296154,0.000278106,0.000258874,0.000238545,0.000217212,0.000195011,0.000172137,0.000148863,0.000125534,0.00010256,8.03897e-05,5.94834e-05,4.02774e-05,2.3154e-05,8.41525e-06,-3.73462e-06,-1.31972e-05,-1.99779e-05,-2.41762e-05,-2.59707e-05,-2.56018e-05,-2.33547e-05,-1.95467e-05,-1.4517e-05,-8.62156e-06,-2.23009e-06,4.27602e-06,1.05076e-05,1.60754e-05,2.06024e-05,2.55392e-05,2.98938e-05,3.2167e-05,3.20769e-05,2.97208e-05,2.5512e-05,2.01244e-05,1.43477e-05,8.88101e-06,4.12098e-06,0
0,3.38349e-06,6.87285e-06,1.03189e-05,1.35266e-05,1.6193e-05,1.80082e-05,1.87382e-05,1.82724e-05,1.66278e-05,1.39221e-05,1.04228e-05,7.35551e-06,5.34284e-06,2.78473e-06,-2.23298e-07,-3.57074e-06,-7.12094e-06,-1.06998e-05,-1.40873e-05,-1.70137e-05,-1.91632e-05,-2.01849e-05,-1.97124e-05,-1.73889e-05,-1.28968e-05,-5.98741e-06,3.49223e-06,1.55796e-05,3.01866e-05,4.71006e-05,6.59974e-05,8.64645e-05,0.000108031,0.000130203,0.000152495,0.000174459,0.000195704,0.000215905,0.000234803,0.00025219,0.000267895,0.000281766,0.000293652,0.000303402,0.000310864,0.000315906,0.000318438,0.000318435,0.000315961,0.00031119,0.000304416,0.000296057,0.000286645,0.000276809,0.000267241,0.000258645,0.00025169,0.000246945,0.00024483,0.000245577,0.000249197,0.000255484,0.000264029,0.000274256,0.000285474,0.000296938,0.000307904,0.000317688,0.000325706,0.000331502,0.000334766,0.000335328,0.000333151,0.000328302,0.000320932,0.000311233,0.000299416,0.000285682,0.000270211,0.000253157,0.000234661,0.000214869,0.000193955,0.000172137,0.000149695,0.000126974,0.000104377,8.23506e-05,6.13585e-05,4.18527e-05,2.42424e-05,8.86712e-06,-4.02449e-06,-1.42869e-05,-2.18802e-05,-2.68638e-05,-2.93833e-05,-2.96536e-05,-2.7941e-05,-2.45468e-05,-1.97952e-05,-1.40252e-05,-7.58698e-06,-8.39859e-07,5.84878e-06,1.21072e-05,1.75671e-05,2.18761e-05,2.64184e-05,3.02625e-05,3.20138e-05,3.14528e-05,2.87345e-05,2.43185e-05,1.89023e-05,1.32699e-05,8.08725e-06,3.70225e-06,0
0,3.20007e-06,6.43494e-06,9.61339e-06,1.25652e-05,1.50174e-05,1.66853e-05,1.73492e-05,1.6899e-05,1.53408e-05,1.27736e-05,9.438e-06,6.48433e-06,4.4948e-06,1.93783e-06,-1.11446e-06,-4.57609e-06,-8.33518e-06,-1.22414e-05,-1.60958e-05,-1.96453e-05,-2.25838e-05,-2.45624e-05,-2.52063e-05,-2.41406e-05,-2.10192e-05,-1.55564e-05,-7.55621e-06,3.06514e-06,1.62644e-05,3.18688e-05,4.95841e-05,6.9015e-05,8.96927e-05,0.000111108,0.000132744,0.000154111,0.000174762,0.000194317,0.000212459,0.000228934,0.00024354,0.000256111,0.000266506,0.000274603,0.000280298,0.000283517,0.000284226,0.000282457,0.000278323,0.000272037,0.000263923,0.000254417,0.000244062,0.000233482,0.000223357,0.000214368,0.000207155,0.000202259,0.000200076,0.000200818,0.000204492,0.000210895,0.000219636,0.000230165,0.00024182,0.000253885,0.000265639,0.000276412,0.000285618,0.000292789,0.000297584,0.000299791,0.000299316,0.000296166,0.000290423,0.00028222,0.000271718,0.000259085,0.000244494,0.000228119,0.000210141,0.000190768,0.000170244,0.000148863,0.000126974,0.000104981,8.33292e-05,6.24851e-05,4.29113e-05,2.50378e-05,9.23423e-06,-4.21287e-06,-1.51158e-05,-2.3392e-05,-2.9062e-05,-3.22386e-05,-3.31111e-05,-3.19267e-05,-2.89723e-05,-2.45596e-05,-1.9014e-05,-1.26684e-05,-5.86117e-06,1.06439e-06,7.76056e-06,1.38786e-05,1.90765e-05,2.30318e-05,2.70689e-05,3.0322e-05,3.15055e-05,3.04644e-05,2.7409e-05,2.28381e-05,1.74615e-05,1.20445e-05,7.20899e-06,3.24779e-06,0
0,3.05007e-06,6.05708e-06,8.98361e-06,1.16818e-05,1.39089e-05,1.54085e-05,1.598e-05,1.55202e-05,1.40301e-05,1.15951e-05,8.4319e-06,5.61854e-06,3.69792e-06,1.20568e-06,-1.81051e-06,-5.29124e-06,-9.15249e-06,-1.32719e-05,-1.74766e-05,-2.15361e-05,-2.51608e-05,-2.801e-05,-2.97075e-05,-2.98654e-05,-2.81137e-05,-2.41324e-05,-1.76824e-05,-8.63185e-06,3.02587e-06,1.71647e-05,3.35302e-05,5.17553e-05,7.13854e-05,9.19095e-05,0.000112794,0.000133515,0.000153586,0.000172573,0.000190112,0.000205903,0.000219709,0.000231344,0.000240667,0.000247569,0.000251978,0.000253859,0.000253227,0.000250158,0.00024481,0.000237431,0.000228371,0.000218084,0.000207117,0.000196087,0.000185654,0.000176476,0.000169162,0.000164223,0.000162028,0.000162774,0.00016646,0.000172892,0.000181695,0.000192344,0.000204209,0.000216601,0.000228824,0.00024022,0.000250208,0.000258307,0.000264151,0.000267493,0.000268194,0.000266213,0.00026158,0.000254388,0.000244764,0.000232865,0.000218869,0.000202973,0.000185406,0.00016643,0.000146353,0.000125534,0.000104377,8.33292e-05,6.28602e-05,4.3441e-05,2.55179e-05,9.48568e-06,-4.33636e-06,-1.57224e-05,-2.45502e-05,-3.08021e-05,-3.45578e-05,-3.59802e-05,-3.52971e-05,-3.27819e-05,-2.87356e-05,-2.34734e-05,-1.7315e-05,-1.0581e-05,-3.59206e-06,3.33e-06,9.86226e-06,1.56837e-05,2.04831e-05,2.39718e-05,2.74199e-05,3.0031e-05,3.06302e-05,2.9126e-05,2.57794e-05,2.11187e-05,1.58538e-05,1.07188e-05,6.28173e-06,2.77665e-06,0
0,2.94044e-06,5.75607e-06,8.45768e-06,1.09165e-05,1.29186e-05,1.42373e-05,1.46953e-05,1.42015e-05,1.27578e-05,1.04413e-05,7.44958e-06,4.79204e-06,2.97443e-06,5.99203e-07,-2.31035e-06,-5.72227e-06,-9.58245e-06,-1.37996e-05,-1.82318e-05,-2.26762e-05,-2.68664e-05,-3.04769e-05,-3.31371e-05,-3.44532e-05,-3.4037e-05,-3.15383e-05,-2.66775e-05,-1.92745e-05,-9.27006e-06,3.26194e-06,1.81147e-05,3.49598e-05,5.33685e-05,7.2841e-05,9.28392e-05,0.00011282,0.000132263,0.000150698,0.000167714,0.00018297,0.000196194,0.000207177,0.000215766,0.00022186,0.000225403,0.000226388,0.000224865,0.000220949,0.00021483,0.000206786,0.00019719,0.000186503,0.000175272,0.000164101,0.000153627,0.000144478,0.000137229,0.000132359,0.000130212,0.000130967,0.000134618,0.000140979,0.000149692,0.00016026,0.000172083,0.000184504,0.000196853,0.000208491,0.000218842,0.000227422,0.000233849,0.000237848,0.000239249,0.000237971,0.000234016,0.000227444,0.000218367,0.000206941,0.000193356,0.000177841,0.000160666,0.000142145,0.00012264,0.00010256,8.23506e-05,6.24851e-05,4.3441e-05,2.56779e-05,9.61191e-06,-4.40892e-06,-1.6124e-05,-2.53733e-05,-3.21017e-05,-3.63552e-05,-3.82686e-05,-3.80493e-05,-3.59563e-05,-3.22814e-05,-2.73319e-05,-2.14187e-05,-1.4849e-05,-7.92487e-06,-9.43858e-07,5.79858e-06,1.20085e-05,1.73963e-05,2.16846e-05,2.46215e-05,2.74266e-05,2.9375e-05,2.94016e-05,2.74753e-05,2.38999e-05,1.92226e-05,1.41408e-05,9.34557e-06,5.34358e-06,2.30871e-06,0
0,2.8759e-06,5.54477e-06,8.05874e-06,1.03042e-05,1.20935e-05,1.32296e-05,1.35609e-05,1.30129e-05,1.1594e-05,9.37858e-06,6.55023e-06,4.05432e-06,2.36249e-06,1.44374e-07,-2.59991e-06,-5.86562e-06,-9.62934e-06,-1.38331e-05,-1.83689e-05,-2.30669e-05,-2.76897e-05,-3.19339e-05,-3.54422e-05,-3.78222e-05,-3.86748e-05,-3.76254e-05,-3.43582e-05,-2.86465e-05,-2.03781e-05,-9.57111e-06,3.62156e-06,1.89187e-05,3.59284e-05,5.41743e-05,7.31268e-05,9.22359e-05,0.000110963,0.000128806,0.000145319,0.000160124,0.000172917,0.000183462,0.000191593,0.000197204,0.000200248,0.000200736,0.000198743,0.00019441,0.000187952,0.00017967,0.000169945,0.000159245,0.000148103,0.000137107,0.000126864,0.000117966,0.000110952,0.000106267,0.000104228,0.000104995,0.000108559,0.000114741,0.000123203,0.000133477,0.000144997,0.000157139,0.000169267,0.000180762,0.000191067,0.000199697,0.000206266,0.000210484,0.000212159,0.000211188,0.00020755,0.000201292,0.000192519,0.000181393,0.000168123,0.000152968,0.000136237,0.000118287,9.95231e-05,8.03897e-05,6.13585e-05,4.29113e-05,2.55179e-05,9.61191e-06,-4.43317e-06,-1.63249e-05,-2.58673e-05,-3.29679e-05,-3.76379e-05,-3.99822e-05,-4.01851e-05,-3.84897e-05,-3.5178e-05,-3.0551e-05,-2.49138e-05,-1.85653e-05,-1.17938e-05,-4.87691e-06,1.91533e-06,8.31759e-06,1.40679e-05,1.89107e-05,2.26043e-05,2.49345e-05,2.70736e-05,2.83678e-05,2.78589e-05,2.55705e-05,2.18404e-05,1.72227e-05,1.23898e-05,7.98004e-06,4.43314e-06,1.86362e-06,0
0,2.85873e-06,5.43138e-06,7.80354e-06,9.87237e-06,1.14731e-05,1.24369e-05,1.26385e-05,1.20234e-05,1.06114e-05,8.47931e-06,5.80198e-06,3.46605e-06,1.91271e-06,-1.20217e-07,-2.6536e-06,-5.7084e-06,-9.2915e-06,-1.33789e-05,-1.78991e-05,-2.27188e-05,-2.76346e-05,-3.23721e-05,-3.65943e-05,-3.99188e-05,-4.19429e-05,-4.22753e-05,-4.05694e-05,-3.65561e-05,-3.00715e-05,-2.10765e-05,-9.66614e-06,3.93282e-06,1.93748e-05,3.62183e-05,5.39546e-05,7.20405e-05,8.993e-05,0.000107103,0.000123087,0.000137474,0.00014993,0.000160196,0.000168085,0.000173485,0.000176349,0.000176698,0.00017462,0.000170272,0.000163886,0.000155771,0.000146314,0.000135973,0.000125267,0.000114753,0.000105005,9.65751e-05,8.99623e-05,8.55747e-05,8.36997e-05,8.44804e-05,8.79034e-05,9.37982e-05,0.000101849,0.000111619,0.000122578,0.000134143,0.000145712,0.0001567,0.000166569,0.00017485,0.000181161,0.000185207,0.000186788,0.00018579,0.000182181,0.000176004,0.000167367,0.000156441,0.000143456,0.0001287,0.000112513,9.52865e-05,7.74549e-05,5.94834e-05,4.18527e-05,2.50378e-05,9.48568e-06,-4.40892e-06,-1.63249e-05,-2.60321e-05,-3.34015e-05,-3.84079e-05,-4.1124e-05,-4.17078e-05,-4.03835e-05,-3.74213e-05,-3.31158e-05,-2.7768e-05,-2.16722e-05,-1.51084e-05,-8.33987e-06,-1.61548e-06,4.82585e-06,1.07513e-05,1.59326e-05,2.0149e-05,2.31954e-05,2.48951e-05,2.63744e-05,2.70492e-05,2.6063e-05,2.3487e-05,1.96823e-05,1.51982e-05,1.06707e-05,6.67706e-06,3.58741e-06,1.45973e-06,0
0,2.88869e-06,5.41905e-06,7.70149e-06,9.63958e-06,1.10872e-05,1.19007e-05,1.1981e-05,1.12955e-05,9.87872e-06,7.81505e-06,5.27529e-06,3.09295e-06,1.68272e-06,-1.47867e-07,-2.4376e-06,-5.23063e-06,-8.56241e-06,-1.24425e-05,-1.68364e-05,-2.16499e-05,-2.6718e-05,-3.18007e-05,-3.65885e-05,-4.07167e-05,-4.37877e-05,-4.54013e-05,-4.51875e-05,-4.28404e-05,-3.81477e-05,-3.1014e-05,-2.14739e-05,-9.69504e-06,4.03141e-06,1.93088e-05,3.56614e-05,5.25653e-05,6.94803e-05,8.58794e-05,0.000101275,0.000115237,0.000127406,0.0001375,0.000145316,0.000150728,0.000153683,0.000154205,0.000152384,0.000148386,0.000142446,0.000134875,0.000126051,0.000116416,0.000106464,9.67177e-05,8.77096e-05,7.99484e-05,7.38886e-05,6.99e-05,6.82399e-05,6.90336e-05,7.22636e-05,7.77697e-05,8.52593e-05,9.43282e-05,0.000104488,0.000115199,0.000125901,0.000136048,0.000145134,0.000152713,0.000158415,0.000161956,0.000163136,0.000161841,0.00015804,0.000151777,0.000143169,0.000132401,0.000119723,0.000105444,8.99294e-05,7.35934e-05,5.68856e-05,4.02774e-05,2.42424e-05,9.23423e-06,-4.33636e-06,-1.6124e-05,-2.58673e-05,-3.34015e-05,-3.86647e-05,-4.16949e-05,-4.26201e-05,-4.16421e-05,-3.90156e-05,-3.50267e-05,-2.99726e-05,-2.41453e-05,-1.78205e-05,-1.12529e-05,-4.67615e-06,1.69269e-06,7.64774e-06,1.29897e-05,1.75242e-05,2.10653e-05,2.34433e-05,2.45179e-05,2.537e-05,2.54819e-05,2.40923e-05,2.13113e-05,1.75127e-05,1.32293e-05,9.05101e-06,5.48788e-06,2.83986e-06,1.11323e-06,0
0,2.96311e-06,5.50585e-06,7.75421e-06,9.614e-06,1.0953e-05,1.16494e-05,1.16282e-05,1.08793e-05,9.45461e-06,7.44962e-06,5.03574e-06,2.99856e-06,1.73037e-06,1.10124e-07,-1.91513e-06,-4.40928e-06,-7.43352e-06,-1.1029e-05,-1.51978e-05,-1.98858e-05,-2.49689e-05,-3.02463e-05,-3.54422e-05,-4.02169e-05,-4.41865e-05,-4.69506e-05,-4.8124e-05,-4.73708e-05,-4.44357e-05,-3.91696e-05,-3.1547e-05,-2.16729e-05,-9.77844e-06,3.79331e-06,1.86102e-05,3.41797e-05,4.99797e-05,6.5489e-05,8.02146e-05,9.37138e-05,0.000105609,0.0001156,0.000123465,0.000129063,0.000132333,0.000133288,0.00013202,0.000128687,0.000123522,0.000116823,0.000108954,0.00010033,9.14123e-05,8.26833e-05,7.46285e-05,6.77087e-05,6.23324e-05,5.88288e-05,5.7425e-05,5.82283e-05,6.12177e-05,6.6244e-05,7.30395e-05,8.12363e-05,9.03896e-05,0.000100007,0.000109578,0.000118601,0.000126609,0.000133188,0.000137993,0.000140757,0.000141293,0.000139496,0.000135342,0.000128885,0.000120253,0.000109645,9.73274e-05,8.3626e-05,6.8922e-05,5.36388e-05,3.82286e-05,2.3154e-05,8.86712e-06,-4.21287e-06,-1.57224e-05,-2.53733e-05,-3.29679e-05,-3.84079e-05,-4.16949e-05,-4.2924e-05,-4.227e-05,-3.9968e-05,-3.6292e-05,-3.15337e-05,-2.59828e-05,-1.99138e-05,-1.35772e-05,-7.19762e-06,-9.76149e-07,4.90364e-06,1.02692e-05,1.49543e-05,1.87975e-05,2.16459e-05,2.33637e-05,2.38446e-05,2.41237e-05,2.37453e-05,2.20358e-05,1.91351e-05,1.54189e-05,1.13929e-05,7.59272e-06,4.4576e-06,2.21886e-06,8.37382e-07,0
0,3.0772e-06,5.68508e-06,7.95568e-06,9.79328e-06,1.10748e-05,1.16959e-05,1.16033e-05,1.08083e-05,9.38156e-06,7.43249e-06,5.13669e-06,3.23665e-06,2.10612e-06,6.97293e-07,-1.05285e-06,-3.22382e-06,-5.89871e-06,-9.14715e-06,-1.3006e-05,-1.74605e-05,-2.2429e-05,-2.77528e-05,-3.31951e-05,-3.84479e-05,-4.31489e-05,-4.69063e-05,-4.93287e-05,-5.00584e-05,-4.88035e-05,-4.53661e-05,-3.96626e-05,-3.17344e-05,-2.17487e-05,-9.98831e-06,3.1672e-06,1.72674e-05,3.18201e-05,4.63218e-05,6.02854e-05,7.32646e-05,8.48718e-05,9.4791e-05,0.000102785,0.000108697,0.000112451,0.00011405,0.000113571,0.000111163,0.000107043,0.000101489,9.48397e-05,8.74781e-05,7.98236e-05,7.23134e-05,6.53828e-05,5.94415e-05,5.48504e-05,5.18977e-05,5.07798e-05,5.15864e-05,5.42938e-05,5.87651e-05,6.47588e-05,7.19449e-05,7.99252e-05,8.82591e-05,9.64883e-05,0.000104162,0.00011086,0.000116209,0.000119896,0.000121679,0.000121394,0.000118952,0.000114343,0.000107634,9.89663e-05,8.85515e-05,7.66676e-05,6.36514e-05,4.98886e-05,3.58011e-05,2.18299e-05,8.41525e-06,-4.02449e-06,-1.51158e-05,-2.45502e-05,-3.21017e-05,-3.76379e-05,-4.1124e-05,-4.26201e-05,-4.227e-05,-4.02847e-05,-3.69217e-05,-3.24632e-05,-2.71957e-05,-2.13927e-05,-1.53041e-05,-9.15014e-06,-3.12212e-06,2.6127e-06,7.90408e-06,1.26118e-05,1.66006e-05,1.974e-05,2.19076e-05,2.29989e-05,2.29385e-05,2.27146e-05,2.19288e-05,1.99868e-05,1.7049e-05,1.34829e-05,9.75792e-06,6.34897e-06,3.62309e-06,1.74651e-06,6.42039e-07,0
0,3.22444e-06,5.94592e-06,8.29292e-06,1.01649e-05,1.14434e-05,1.2037e-05,1.19107e-05,1.10958e-05,9.68165e-06,7.79314e-06,5.61281e-06,3.84411e-06,2.84571e-06,1.64464e-06,1.72078e-07,-1.66254e-06,-3.95974e-06,-6.81357e-06,-1.02923e-05,-1.4419e-05,-1.91537e-05,-2.4382e-05,-2.99095e-05,-3.54657e-05,-4.07174e-05,-4.52896e-05,-4.87938e-05,-5.08593e-05,-5.1166e-05,-4.94731e-05,-4.56427e-05,-3.96541e-05,-3.1609e-05,-2.17252e-05,-1.03225e-05,2.19994e-06,1.53906e-05,2.87744e-05,4.18812e-05,5.42703e-05,6.55516e-05,7.53996e-05,8.35632e-05,8.98702e-05,9.42278e-05,9.66209e-05,9.71087e-05,9.582e-05,9.29485e-05,8.87462e-05,8.35164e-05,7.76037e-05,7.13815e-05,6.5237e-05,5.95523e-05,5.46852e-05,5.0948e-05,4.85882e-05,4.77723e-05,4.85733e-05,5.09657e-05,5.48256e-05,5.99389e-05,6.60147e-05,7.27033e-05,7.96179e-05,8.63565e-05,9.25237e-05,9.775e-05,0.000101708,0.000104126,0.000104795,0.000103577,0.000100406,9.52912e-05,8.83148e-05,7.96313e-05,6.94632e-05,5.80953e-05,4.58664e-05,3.31577e-05,2.03779e-05,7.94492e-06,-3.73462e-06,-1.42869e-05,-2.3392e-05,-3.08021e-05,-3.63552e-05,-3.99822e-05,-4.17078e-05,-4.16421e-05,-3.9968e-05,-3.69217e-05,-3.27717e-05,-2.77976e-05,-2.22713e-05,-1.64426e-05,-1.0531e-05,-4.72327e-06,8.23602e-07,5.97592e-06,1.06152e-05,1.46309e-05,1.79162e-05,2.0368e-05,2.18916e-05,2.24101e-05,2.18763e-05,2.12298e-05,2.01239e-05,1.80355e-05,1.51364e-05,1.17767e-05,8.38182e-06,5.36172e-06,3.01167e-06,1.43796e-06,5.33408e-07,0
0,3.3971e-06,6.27428e-06,8.74704e-06,1.07073e-05,1.20371e-05,1.26535e-05,1.25361e-05,1.17338e-05,1.03539e-05,8.53731e-06,6.47518e-06,4.83519e-06,3.96371e-06,2.96391e-06,1.7653e-06,2.70954e-07,-1.63212e-06,-4.05762e-06,-7.10108e-06,-1.08199e-05,-1.52148e-05,-2.02152e-05,-2.56716e-05,-3.13555e-05,-3.69688e-05,-4.21616e-05,-4.65567e-05,-4.97801e-05,-5.14918e-05,-5.1416e-05,-4.93662e-05,-4.5263e-05,-3.91428e-05,-3.11562e-05,-2.15583e-05,-1.06894e-05,1.04831e-06,1.32184e-05,2.53772e-05,3.70995e-05,4.79998e-05,5.77489e-05,6.60856e-05,7.28224e-05,7.7848e-05,8.11263e-05,8.26927e-05,8.26497e-05,8.1161e-05,7.84443e-05,7.47633e-05,7.04179e-05,6.57323e-05,6.10405e-05,5.6671e-05,5.2929e-05,5.00793e-05,4.83299e-05,4.78184e-05,4.86028e-05,5.06564e-05,5.38694e-05,5.80555e-05,6.29633e-05,6.82922e-05,7.37105e-05,7.88742e-05,8.34455e-05,8.71098e-05,8.95904e-05,9.06592e-05,9.01462e-05,8.7945e-05,8.40165e-05,7.83911e-05,7.11679e-05,6.25135e-05,5.26576e-05,4.18864e-05,3.05332e-05,1.89653e-05,7.5681e-06,-3.27387e-06,-1.31972e-05,-2.18802e-05,-2.9062e-05,-3.45578e-05,-3.82686e-05,-4.01851e-05,-4.03835e-05,-3.90156e-05,-3.6292e-05,-3.24632e-05,-2.77976e-05,-2.25624e-05,-1.70068e-05,-1.1351e-05,-5.78081e-06,-4.47957e-07,4.52448e-06,9.03438e-06,1.2992e-05,1.63131e-05,1.89155e-05,2.07198e-05,2.16555e-05,2.167e-05,2.07403e-05,1.97562e-05,1.8417e-05,1.6263e-05,1.34687e-05,1.03587e-05,7.30841e-06,4.66039e-06,2.64044e-06,1.30124e-06,5.14037e-07,0
0,3.58673e-06,6.65379e-06,9.29471e-06,1.13917e-05,1.28237e-05,1.3512e-05,1.34473e-05,1.26933e-05,1.13737e-05,9.64533e-06,7.70859e-06,6.19774e-06,5.44895e-06,4.64235e-06,3.70967e-06,2.55218e-06,1.04947e-06,-9.26562e-07,-3.49374e-06,-6.73975e-06,-1.07028e-05,-1.53551e-05,-2.05929e-05,-2.62324e-05,-3.20158e-05,-3.76249e-05,-4.27027e-05,-4.68807e-05,-4.98085e-05,-5.11838e-05,-5.07789e-05,-4.84605e-05,-4.42025e-05,-3.80883e-05,-3.03053e-05,-2.113e-05,-1.09078e-05,-2.8486e-08,1.11e-05,2.2076e-05,3.25265e-05,4.21246e-05,5.06025e-05,5.77593e-05,6.34647e-05,6.7659e-05,7.035e-05,7.16091e-05,7.15646e-05,7.03947e-05,6.83192e-05,6.55899e-05,6.24792e-05,5.92676e-05,5.62297e-05,5.36198e-05,5.16566e-05,5.05109e-05,5.02936e-05,5.10488e-05,5.27501e-05,5.53022e-05,5.85463e-05,6.22705e-05,6.62227e-05,7.01259e-05,7.36941e-05,7.66481e-05,7.87297e-05,7.97145e-05,7.94218e-05,7.77227e-05,7.45456e-05,6.98803e-05,6.37796e-05,5.63594e-05,4.77963e-05,3.83234e-05,2.82225e-05,1.78143e-05,7.44387e-06,-2.53533e-06,-1.17803e-05,-1.99779e-05,-2.68638e-05,-3.22386e-05,-3.59802e-05,-3.80493e-05,-3.84897e-05,-3.74213e-05,-3.50267e-05,-3.15337e-05,-2.71957e-05,-2.22713e-05,-1.70068e-05,-1.16227e-05,-6.30531e-06,-1.20507e-06,3.56074e-06,7.90101e-06,1.1742e-05,1.50188e-05,1.76694e-05,1.96318e-05,2.0847e-05,2.12645e-05,2.08526e-05,1.96093e-05,1.83727e-05,1.68831e-05,1.4736e-05,1.21013e-05,9.27129e-06,6.5664e-06,4.26145e-06,2.51633e-06,1.33744e-06,5.83006e-07,0
0,3.78468e-06,7.06679e-06,9.90961e-06,1.21841e-05,1.37626e-05,1.45676e-05,1.45968e-05,1.39264e-05,1.26946e-05,1.1073e-05,9.27138e-06,7.89209e-06,7.26245e-06,6.6399e-06,5.96178e-06,5.1318e-06,4.02709e-06,2.51048e-06,4.47247e-07,-2.27566e-06,-5.72992e-06,-9.92827e-06,-1.48116e-05,-2.02426e-05,-2.60072e-05,-3.18251e-05,-3.73666e-05,-4.22777e-05,-4.62069e-05,-4.88349e-05,-4.99007e-05,-4.92244e-05,-4.67216e-05,-4.2411e-05,-3.64115e-05,-2.89328e-05,-2.02588e-05,-1.07255e-05,-6.98102e-07,9.45326e-06,1.9375e-05,2.87483e-05,3.73032e-05,4.4828e-05,5.11739e-05,5.62566e-05,6.00542e-05,6.26034e-05,6.39938e-05,6.43607e-05,6.38774e-05,6.27456e-05,6.11856e-05,5.94248e-05,5.76857e-05,5.61736e-05,5.50644e-05,5.44941e-05,5.45495e-05,5.52629e-05,5.66091e-05,5.85072e-05,6.08258e-05,6.33908e-05,6.59973e-05,6.84211e-05,7.04331e-05,7.18114e-05,7.23539e-05,7.18889e-05,7.02837e-05,6.74513e-05,6.33564e-05,5.80179e-05,5.1511e-05,4.39666e-05,3.5569e-05,2.65504e-05,1.71829e-05,7.76773e-06,-1.379e-06,-9.94263e-06,-1.76278e-05,-2.41762e-05,-2.93833e-05,-3.31111e-05,-3.52971e-05,-3.59563e-05,-3.5178e-05,-3.31158e-05,-2.99726e-05,-2.59828e-05,-2.13927e-05,-1.64426e-05,-1.1351e-05,-6.30531e-06,-1.45612e-06,3.08146e-06,7.22278e-06,1.09054e-05,1.40797e-05,1.67015e-05,1.87262e-05,2.01083e-05,2.08047e-05,2.07819e-05,2.00258e-05,1.85517e-05,1.71447e-05,1.55809e-05,1.35038e-05,1.10721e-05,8.53972e-06,6.16937e-06,4.1687e-06,2.63669e-06,1.54135e-06,7.36259e-07,0
0,3.98248e-06,7.49522e-06,1.0564e-05,1.30472e-05,1.48083e-05,1.57672e-05,1.5926e-05,1.53705e-05,1.42517e-05,1.27547e-05,1.1098e-05,9.85273e-06,9.33823e-06,8.88908e-06,8.45108e-06,7.93416e-06,7.21757e-06,6.16031e-06,4.61624e-06,2.45232e-06,-4.31871e-07,-4.08588e-06,-8.49352e-06,-1.35638e-05,-1.91288e-05,-2.49503e-05,-3.07327e-05,-3.61444e-05,-4.08422e-05,-4.44989e-05,-4.683e-05,-4.76166e-05,-4.67227e-05,-4.4106e-05,-3.98191e-05,-3.40042e-05,-2.68804e-05,-1.87257e-05,-9.85625e-06,-6.04311e-07,8.7024e-06,1.7759e-05,2.62982e-05,3.41005e-05,4.10005e-05,4.68896e-05,5.17156e-05,5.54793e-05,5.82295e-05,6.00573e-05,6.10884e-05,6.14743e-05,6.13842e-05,6.0994e-05,6.0477e-05,5.99927e-05,5.96779e-05,5.96368e-05,5.99352e-05,6.05952e-05,6.1594e-05,6.28651e-05,6.43029e-05,6.57695e-05,6.71042e-05,6.81332e-05,6.86811e-05,6.8581e-05,6.7685e-05,6.58722e-05,6.30569e-05,5.91938e-05,5.42825e-05,4.83705e-05,4.15538e-05,3.39762e-05,2.58261e-05,1.73307e-05,8.74732e-06,3.52364e-07,-7.57276e-06,-1.47572e-05,-2.09569e-05,-2.59707e-05,-2.96536e-05,-3.19267e-05,-3.27819e-05,-3.22814e-05,-3.0551e-05,-2.7768e-05,-2.41453e-05,-1.99138e-05,-1.53041e-05,-1.0531e-05,-5.78081e-06,-1.20507e-06,3.08146e-06,6.99738e-06,1.04875e-05,1.3514e-05,1.60471e-05,1.80583e-05,1.95163e-05,2.03881e-05,2.06433e-05,2.02617e-05,1.92439e-05,1.76196e-05,1.61193e-05,1.45499e-05,1.25965e-05,1.04004e-05,8.17272e-06,6.11653e-06,4.37437e-06,2.99024e-06,1.90207e-06,9.66988e-07,0
0,4.17216e-06,7.92137e-06,1.12301e-05,1.39431e-05,1.59126e-05,1.70533e-05,1.73691e-05,1.69532e-05,1.59673e-05,1.46088e-05,1.31038e-05,1.19928e-05,1.15871e-05,1.1298e-05,1.10821e-05,1.08588e-05,1.05133e-05,9.90591e-06,8.88434e-06,7.30113e-06,5.03231e-06,1.99595e-06,-1.83162e-06,-6.40442e-06,-1.16017e-05,-1.723e-05,-2.30334e-05,-2.87098e-05,-3.39328e-05,-3.83771e-05,-4.1744e-05,-4.37849e-05,-4.432e-05,-4.32519e-05,-4.05709e-05,-3.63531e-05,-3.07522e-05,-2.39853e-05,-1.63153e-05,-8.03148e-06,5.7017e-07,9.20422e-06,1.76107e-05,2.55666e-05,3.28927e-05,3.94582e-05,4.51811e-05,5.00266e-05,5.40033e-05,5.7158e-05,5.95693e-05,6.13402e-05,6.25906e-05,6.34482e-05,6.40403e-05,6.4485e-05,6.48833e-05,6.53119e-05,6.58179e-05,6.64156e-05,6.7085e-05,6.77736e-05,6.84001e-05,6.88601e-05,6.90336e-05,6.87935e-05,6.80142e-05,6.65799e-05,6.43932e-05,6.13815e-05,5.75033e-05,5.27526e-05,4.71621e-05,4.08054e-05,3.37969e-05,2.62902e-05,1.84742e-05,1.05668e-05,2.80626e-06,-4.56049e-06,-1.12907e-05,-1.71605e-05,-2.1979e-05,-2.56018e-05,-2.7941e-05,-2.89723e-05,-2.87356e-05,-2.73319e-05,-2.49138e-05,-2.16722e-05,-1.78205e-05,-1.35772e-05,-9.15014e-06,-4.72327e-06,-4.47957e-07,3.56074e-06,7.22278e-06,1.04875e-05,1.33255e-05,1.57187e-05,1.76527e-05,1.91103e-05,2.00698e-05,2.0507e-05,2.0401e-05,1.97427e-05,1.85441e-05,1.68465e-05,1.53241e-05,1.38103e-05,1.20255e-05,1.00884e-05,8.16368e-06,6.39412e-06,4.86037e-06,3.55811e-06,2.40385e-06,1.26603e-06,0
0,4.34638e-06,8.32835e-06,1.18809e-05,1.48342e-05,1.70274e-05,1.83676e-05,1.88581e-05,1.85976e-05,1.77569e-05,1.65442e-05,1.51923e-05,1.42109e-05,1.39033e-05,1.37566e-05,1.374e-05,1.37849e-05,1.37863e-05,1.36098e-05,1.31022e-05,1.2107e-05,1.04822e-05,8.11853e-06,4.95629e-06,9.98897e-07,-3.67932e-06,-8.93183e-06,-1.45458e-05,-2.02547e-05,-2.57571e-05,-3.07385e-05,-3.48959e-05,-3.79605e-05,-3.97179e-05,-4.00232e-05,-3.88099e-05,-3.60919e-05,-3.19587e-05,-2.65658e-05,-2.01205e-05,-1.28648e-05,-5.0584e-06,3.03776e-06,1.11763e-05,1.9135e-05,2.6725e-05,3.37962e-05,4.02396e-05,4.59867e-05,5.10076e-05,5.53066e-05,5.89176e-05,6.18977e-05,6.43205e-05,6.62694e-05,6.783e-05,6.9083e-05,7.0098e-05,7.09277e-05,7.16035e-05,7.21335e-05,7.2501e-05,7.26669e-05,7.2572e-05,7.21421e-05,7.12944e-05,6.99436e-05,6.80091e-05,6.54217e-05,6.21299e-05,5.81052e-05,5.33464e-05,4.78832e-05,4.17782e-05,3.51278e-05,2.80612e-05,2.07384e-05,1.33448e-05,6.08538e-06,-8.25008e-07,-7.17205e-06,-1.27544e-05,-1.73962e-05,-2.09596e-05,-2.33547e-05,-2.45468e-05,-2.45596e-05,-2.34734e-05,-2.14187e-05,-1.85653e-05,-1.51084e-05,-1.12529e-05,-7.19762e-06,-3.12212e-06,8.23602e-07,4.52448e-06,7.90101e-06,1.09054e-05,1.3514e-05,1.57187e-05,1.75171e-05,1.89054e-05,1.98741e-05,2.04077e-05,2.0488e-05,2.01011e-05,1.92464e-05,1.79449e-05,1.62466e-05,1.47679e-05,1.33642e-05,1.17853e-05,1.01229e-05,8.49256e-06,6.97717e-06,5.59969e-06,4.31493e-06,3.02673e-06,1.6222e-06,0
0,4.49843e-06,8.70023e-06,1.24908e-05,1.56849e-05,1.81068e-05,1.96539e-05,2.03269e-05,2.02279e-05,1.95356e-05,1.84677e-05,1.72628e-05,1.63996e-05,1.6173e-05,1.61449e-05,1.62985e-05,1.65793e-05,1.6895e-05,1.71203e-05,1.71056e-05,1.66908e-05,1.57212e-05,1.40654e-05,1.16324e-05,8.38654e-06,4.35737e-06,-3.55627e-07,-5.58533e-06,-1.11058e-05,-1.66469e-05,-2.19138e-05,-2.66085e-05,-3.04522e-05,-3.32056e-05,-3.46853e-05,-3.47753e-05,-3.34325e-05,-3.0686e-05,-2.66307e-05,-2.14173e-05,-1.52384e-05,-8.3135e-06,-8.74296e-07,6.84934e-06,1.4641e-05,2.23069e-05,2.96822e-05,3.66346e-05,4.30657e-05,4.89103e-05,5.41337e-05,5.87283e-05,6.2709e-05,6.61076e-05,6.89672e-05,7.13361e-05,7.32623e-05,7.47882e-05,7.59458e-05,7.67535e-05,7.72146e-05,7.73163e-05,7.70312e-05,7.63203e-05,7.51363e-05,7.34289e-05,7.11498e-05,6.82581e-05,6.47258e-05,6.05419e-05,5.57169e-05,5.02852e-05,4.43077e-05,3.78725e-05,3.10947e-05,2.41143e-05,1.70932e-05,1.02099e-05,3.65227e-06,-2.39097e-06,-7.74064e-06,-1.22378e-05,-1.57547e-05,-1.82041e-05,-1.95467e-05,-1.97952e-05,-1.9014e-05,-1.7315e-05,-1.4849e-05,-1.17938e-05,-8.33987e-06,-4.67615e-06,-9.76149e-07,2.6127e-06,5.97592e-06,9.03438e-06,1.1742e-05,1.40797e-05,1.60471e-05,1.76527e-05,1.89054e-05,1.98085e-05,2.03571e-05,2.05389e-05,2.03398e-05,1.97508e-05,1.87776e-05,1.74481e-05,1.58179e-05,1.44437e-05,1.31986e-05,1.18565e-05,1.0478e-05,9.12806e-06,7.83112e-06,6.55763e-06,5.2296e-06,3.74704e-06,2.02252e-06,0
0,4.62212e-06,9.02208e-06,1.30356e-05,1.64618e-05,1.91083e-05,2.08604e-05,2.17142e-05,2.17737e-05,2.12241e-05,2.02914e-05,1.92192e-05,1.84546e-05,1.82841e-05,1.83432e-05,1.86302e-05,1.91063e-05,1.96942e-05,2.02808e-05,2.07246e-05,2.08664e-05,2.05441e-05,1.96099e-05,1.79466e-05,1.54834e-05,1.22082e-05,8.17437e-06,3.50213e-06,-1.62641e-06,-6.9783e-06,-1.22857e-05,-1.72648e-05,-2.16369e-05,-2.51477e-05,-2.75852e-05,-2.87929e-05,-2.86776e-05,-2.72129e-05,-2.44366e-05,-2.04434e-05,-1.53754e-05,-9.40932e-06,-2.7437e-06,4.41393e-06,1.18584e-05,1.93963e-05,2.68534e-05,3.40793e-05,4.09507e-05,4.73716e-05,5.3273e-05,5.86106e-05,6.33616e-05,6.75204e-05,7.10948e-05,7.41006e-05,7.65573e-05,7.84839e-05,7.9895e-05,8.07986e-05,8.1194e-05,8.10724e-05,8.04172e-05,7.92066e-05,7.74167e-05,7.50252e-05,7.20157e-05,6.83816e-05,6.413e-05,5.92847e-05,5.38895e-05,4.80089e-05,4.17298e-05,3.51606e-05,2.84302e-05,2.16848e-05,1.50842e-05,8.79564e-06,2.98696e-06,-2.18197e-06,-6.56827e-06,-1.00554e-05,-1.25615e-05,-1.40468e-05,-1.4517e-05,-1.40252e-05,-1.26684e-05,-1.0581e-05,-7.92487e-06,-4.87691e-06,-1.61548e-06,1.69269e-06,4.90364e-06,7.90408e-06,1.06152e-05,1.2992e-05,1.50188e-05,1.67015e-05,1.80583e-05,1.91103e-05,1.98741e-05,2.03571e-05,2.05561e-05,2.04606e-05,2.00586e-05,1.93447e-05,1.83289e-05,1.70432e-05,1.55463e-05,1.43328e-05,1.32892e-05,1.22087e-05,1.11177e-05,1.00295e-05,8.91316e-06,7.69268e-06,6.2659e-06,4.53776e-06,2.45239e-06,0
0,4.71161e-06,9.27971e-06,1.34929e-05,1.71341e-05,1.99928e-05,2.19404e-05,2.2966e-05,2.31735e-05,2.27534e-05,2.19389e-05,2.09771e-05,2.0284e-05,2.01364e-05,2.0243e-05,2.06178e-05,2.12391e-05,2.20462e-05,2.29415e-05,2.37944e-05,2.44514e-05,2.47483e-05,2.45261e-05,2.36468e-05,2.20097e-05,1.95645e-05,1.63208e-05,1.23521e-05,7.79486e-06,2.84042e-06,-2.27674e-06,-7.29553e-06,-1.19466e-05,-1.59715e-05,-1.91396e-05,-2.12633e-05,-2.22084e-05,-2.18994e-05,-2.03214e-05,-1.75161e-05,-1.35754e-05,-8.63164e-06,-2.84703e-06,3.59763e-06,1.05137e-05,1.7714e-05,2.50209e-05,3.22723e-05,3.93256e-05,4.60603e-05,5.23786e-05,5.82047e-05,6.34835e-05,6.81774e-05,7.22637e-05,7.57302e-05,7.85723e-05,8.07892e-05,8.23812e-05,8.33474e-05,8.36846e-05,8.33871e-05,8.24479e-05,8.08598e-05,7.86188e-05,7.57261e-05,7.21919e-05,6.80382e-05,6.33014e-05,5.80341e-05,5.2307e-05,4.6209e-05,3.9847e-05,3.33442e-05,2.68379e-05,2.04758e-05,1.44107e-05,8.79525e-06,3.7741e-06,-5.23216e-07,-3.99046e-06,-6.55201e-06,-8.16913e-06,-8.84407e-06,-8.62156e-06,-7.58698e-06,-5.86117e-06,-3.59206e-06,-9.43858e-07,1.91533e-06,4.82585e-06,7.64774e-06,1.02692e-05,1.26118e-05,1.46309e-05,1.63131e-05,1.76694e-05,1.87262e-05,1.95163e-05,2.00698e-05,2.04077e-05,2.05389e-05,2.04606e-05,2.01625e-05,1.96336e-05,1.88707e-05,1.7886e-05,1.67136e-05,1.54116e-05,1.44101e-05,1.36049e-05,1.2804e-05,1.19978e-05,1.11484e-05,1.01731e-05,8.95696e-06,7.38268e-06,5.36864e-06,2.89569e-06,0
0,4.76126e-06,9.45942e-06,1.38409e-05,1.76725e-05,2.07246e-05,2.28525e-05,2.40356e-05,2.43762e-05,2.40677e-05,2.33492e-05,2.24705e-05,2.18152e-05,2.16503e-05,2.17569e-05,2.21653e-05,2.28716e-05,2.38338e-05,2.49713e-05,2.61681e-05,2.72802e-05,2.81462e-05,2.86012e-05,2.84922e-05,2.76938e-05,2.61222e-05,2.37467e-05,2.05956e-05,1.67588e-05,1.23835e-05,7.66552e-06,2.83604e-06,-1.8541e-06,-6.15189e-06,-9.81905e-06,-1.26473e-05,-1.44702e-05,-1.51718e-05,-1.46906e-05,-1.30191e-05,-1.0201e-05,-6.3239e-06,-1.51167e-06,4.08551e-06,1.03005e-05,1.69585e-05,2.3885e-05,3.09127e-05,3.78868e-05,4.46687e-05,5.11383e-05,5.71946e-05,6.2756e-05,6.77584e-05,7.21533e-05,7.59055e-05,7.89902e-05,8.139e-05,8.30934e-05,8.40923e-05,8.43814e-05,8.39581e-05,8.28229e-05,8.09812e-05,7.84448e-05,7.52344e-05,7.13818e-05,6.69319e-05,6.19443e-05,5.64944e-05,5.06737e-05,4.45889e-05,3.83608e-05,3.21216e-05,2.60115e-05,2.01741e-05,1.47515e-05,9.87764e-06,5.67212e-06,2.23306e-06,-3.69161e-07,-2.09741e-06,-2.95165e-06,-2.97051e-06,-2.23009e-06,-8.39859e-07,1.06439e-06,3.33e-06,5.79858e-06,8.31759e-06,1.07513e-05,1.29897e-05,1.49543e-05,1.66006e-05,1.79162e-05,1.89155e-05,1.96318e-05,2.01083e-05,2.03881e-05,2.0507e-05,2.0488e-05,2.03398e-05,2.00586e-05,1.96336e-05,1.9054e-05,1.8317e-05,1.74356e-05,1.64428e-05,1.53929e-05,1.46482e-05,1.41105e-05,1.35994e-05,1.30678e-05,1.24288e-05,1.15536e-05,1.02964e-05,8.53406e-06,6.20634e-06,3.33482e-06,0
0,4.76545e-06,9.54784e-06,1.40585e-05,1.80492e-05,2.12704e-05,2.35593e-05,2.48836e-05,2.53407e-05,2.5125e-05,2.44794e-05,2.36546e-05,2.3001e-05,2.2774e-05,2.28269e-05,2.3207e-05,2.39291e-05,2.49708e-05,2.62707e-05,2.77299e-05,2.92176e-05,3.05795e-05,3.16503e-05,3.22678e-05,3.22876e-05,3.1598e-05,3.01318e-05,2.78753e-05,2.48726e-05,2.12252e-05,1.70866e-05,1.26521e-05,8.14602e-06,3.8064e-06,-1.31011e-07,-3.44774e-06,-5.95565e-06,-7.50698e-06,-8.00097e-06,-7.38671e-06,-5.66263e-06,-2.87297e-06,8.98096e-07,5.53385e-06,1.08933e-05,1.68195e-05,2.31478e-05,2.97128e-05,3.63547e-05,4.2924e-05,4.92852e-05,5.53189e-05,6.09231e-05,6.60126e-05,7.05187e-05,7.43872e-05,7.75768e-05,8.00571e-05,8.18064e-05,8.2811e-05,8.30639e-05,8.25648e-05,8.13206e-05,7.93462e-05,7.66663e-05,7.33168e-05,6.93461e-05,6.48167e-05,5.98058e-05,5.44052e-05,4.87209e-05,4.28711e-05,3.69842e-05,3.11953e-05,2.56416e-05,2.0458e-05,1.57713e-05,1.16942e-05,8.31919e-06,5.71312e-06,3.91217e-06,2.91848e-06,2.6986e-06,3.18431e-06,4.27602e-06,5.84878e-06,7.76056e-06,9.86226e-06,1.20085e-05,1.40679e-05,1.59326e-05,1.75242e-05,1.87975e-05,1.974e-05,2.0368e-05,2.07198e-05,2.0847e-05,2.08047e-05,2.06433e-05,2.0401e-05,2.01011e-05,1.97508e-05,1.93447e-05,1.88707e-05,1.8317e-05,1.76804e-05,1.69719e-05,1.62207e-05,1.54738e-05,1.50217e-05,1.47696e-05,1.45474e-05,1.42708e-05,1.38079e-05,1.29904e-05,1.16508e-05,9.66949e-06,7.01464e-06,3.75091e-06,0
0,4.7187e-06,9.53189e-06,1.41251e-05,1.82368e-05,2.15978e-05,2.4026e-05,2.54748e-05,2.60339e-05,2.58956e-05,2.53037e-05,2.45074e-05,2.38213e-05,2.34866e-05,2.34294e-05,2.37145e-05,2.43762e-05,2.54123e-05,2.67822e-05,2.84066e-05,3.0171e-05,3.19326e-05,3.35309e-05,3.48e-05,3.55829e-05,3.57457e-05,3.51901e-05,3.38642e-05,3.17686e-05,2.89592e-05,2.55448e-05,2.16803e-05,1.7557e-05,1.33891e-05,9.40031e-06,5.80873e-06,2.81397e-06,5.85841e-07,-7.44146e-07,-1.08812e-06,-4.04055e-07,1.30504e-06,3.99436e-06,7.58261e-06,1.19586e-05,1.69885e-05,2.25236e-05,2.84076e-05,3.44828e-05,4.05964e-05,4.66048e-05,5.23769e-05,5.77966e-05,6.27635e-05,6.71936e-05,7.10183e-05,7.41833e-05,7.66475e-05,7.83818e-05,7.93674e-05,7.95961e-05,7.90691e-05,7.7798e-05,7.58054e-05,7.31253e-05,6.98048e-05,6.59048e-05,6.14999e-05,5.66792e-05,5.15451e-05,4.62115e-05,4.08022e-05,3.54466e-05,3.02767e-05,2.54214e-05,2.10021e-05,1.71266e-05,1.38838e-05,1.13384e-05,9.5267e-06,8.45338e-06,8.09e-06,8.37564e-06,9.21981e-06,1.05076e-05,1.21072e-05,1.38786e-05,1.56837e-05,1.73963e-05,1.89107e-05,2.0149e-05,2.10653e-05,2.16459e-05,2.19076e-05,2.18916e-05,2.16555e-05,2.12645e-05,2.07819e-05,2.02617e-05,1.97427e-05,1.92464e-05,1.87776e-05,1.83289e-05,1.7886e-05,1.74356e-05,1.69719e-05,1.65019e-05,1.60478e-05,1.56458e-05,1.55079e-05,1.55447e-05,1.55962e-05,1.55435e-05,1.5215e-05,1.44116e-05,1.29538e-05,1.07342e-05,7.75485e-06,4.12407e-06,0
0,4.6158e-06,9.39918e-06,1.40206e-05,1.82083e-05,2.16748e-05,2.42186e-05,2.57767e-05,2.64279e-05,2.63588e-05,2.58105e-05,2.50272e-05,2.42841e-05,2.3799e-05,2.35765e-05,2.36992e-05,2.42206e-05,2.51597e-05,2.64976e-05,2.81766e-05,3.01013e-05,3.21447e-05,3.41558e-05,3.5971e-05,3.74269e-05,3.83737e-05,3.86881e-05,3.82848e-05,3.71247e-05,3.52195e-05,3.26328e-05,2.94761e-05,2.59022e-05,2.20946e-05,1.82558e-05,1.45937e-05,1.13093e-05,8.5843e-06,6.57199e-06,5.38954e-06,5.1137e-06,5.77895e-06,7.37841e-06,9.86684e-06,1.31654e-05,1.71678e-05,2.17469e-05,2.67616e-05,3.20638e-05,3.75046e-05,4.29393e-05,4.8232e-05,5.32591e-05,5.79106e-05,6.20923e-05,6.57252e-05,6.87458e-05,7.11049e-05,7.27673e-05,7.37108e-05,7.39255e-05,7.3414e-05,7.21911e-05,7.02844e-05,6.77348e-05,6.45969e-05,6.09392e-05,5.6844e-05,5.24068e-05,4.77346e-05,4.29437e-05,3.81565e-05,3.3498e-05,2.90911e-05,2.50515e-05,2.14827e-05,1.84705e-05,1.60785e-05,1.43435e-05,1.32732e-05,1.28442e-05,1.30027e-05,1.36669e-05,1.47318e-05,1.60754e-05,1.75671e-05,1.90765e-05,2.04831e-05,2.16846e-05,2.26043e-05,2.31954e-05,2.34433e-05,2.33637e-05,2.29989e-05,2.24101e-05,2.167e-05,2.08526e-05,2.00258e-05,1.92439e-05,1.85441e-05,1.79449e-05,1.74481e-05,1.70432e-05,1.67136e-05,1.64428e-05,1.62207e-05,1.60478e-05,1.59367e-05,1.59095e-05,1.60867e-05,1.63957e-05,1.66881e-05,1.68146e-05,1.65715e-05,1.57385e-05,1.41338e-05,1.16701e-05,8.38676e-06,4.434e-06,0
0,4.45229e-06,9.13874e-06,1.37264e-05,1.79373e-05,2.14692e-05,2.41022e-05,2.57559e-05,2.64955e-05,2.64977e-05,2.59968e-05,2.52285e-05,2.44241e-05,2.37492e-05,2.33127e-05,2.32103e-05,2.35135e-05,2.42624e-05,2.5461e-05,2.70744e-05,2.90295e-05,3.1218e-05,3.35036e-05,3.57307e-05,3.77357e-05,3.93598e-05,4.04614e-05,4.09276e-05,4.06841e-05,3.97018e-05,3.79999e-05,3.56453e-05,3.27488e-05,2.94575e-05,2.59448e-05,2.23999e-05,1.9015e-05,1.59742e-05,1.3443e-05,1.15596e-05,1.04286e-05,1.01172e-05,1.06535e-05,1.20277e-05,1.41947e-05,1.70785e-05,2.05782e-05,2.45738e-05,2.8933e-05,3.35175e-05,3.81887e-05,4.28126e-05,4.7264e-05,5.14292e-05,5.52085e-05,5.85168e-05,6.12846e-05,6.34575e-05,6.49958e-05,6.58746e-05,6.6083e-05,6.56239e-05,6.45142e-05,6.27846e-05,6.04798e-05,5.76585e-05,5.43931e-05,5.07688e-05,4.68822e-05,4.28396e-05,3.87535e-05,3.47398e-05,3.09131e-05,2.73821e-05,2.42449e-05,2.15835e-05,1.94598e-05,1.79111e-05,1.69477e-05,1.65511e-05,1.66744e-05,1.72442e-05,1.8165e-05,1.93248e-05,2.06024e-05,2.18761e-05,2.30318e-05,2.39718e-05,2.46215e-05,2.49345e-05,2.48951e-05,2.45179e-05,2.38446e-05,2.29385e-05,2.18763e-05,2.07403e-05,1.96093e-05,1.85517e-05,1.76196e-05,1.68465e-05,1.62466e-05,1.58179e-05,1.55463e-05,1.54116e-05,1.53929e-05,1.54738e-05,1.56458e-05,1.59095e-05,1.62744e-05,1.67357e-05,1.72763e-05,1.77571e-05,1.80038e-05,1.77903e-05,1.68856e-05,1.51151e-05,1.24174e-05,8.86997e-06,4.66074e-06,0
0,4.22509e-06,8.74219e-06,1.32267e-05,1.73997e-05,2.09494e-05,2.36408e-05,2.53765e-05,2.62062e-05,2.6293e-05,2.58602e-05,2.51339e-05,2.42885e-05,2.3486e-05,2.28664e-05,2.25472e-05,2.26211e-05,2.31501e-05,2.41616e-05,2.56455e-05,2.75526e-05,2.97977e-05,3.22632e-05,3.48074e-05,3.72733e-05,3.95002e-05,4.13355e-05,4.26459e-05,4.33281e-05,4.33165e-05,4.25889e-05,4.11682e-05,3.91213e-05,3.65545e-05,3.36064e-05,3.04389e-05,2.72265e-05,2.41454e-05,2.13636e-05,1.90307e-05,1.72713e-05,1.61783e-05,1.58103e-05,1.619e-05,1.73051e-05,1.91115e-05,2.1537e-05,2.44871e-05,2.78503e-05,3.15049e-05,3.5324e-05,3.91818e-05,4.29573e-05,4.65383e-05,4.98244e-05,5.27285e-05,5.5178e-05,5.71156e-05,5.84993e-05,5.93022e-05,5.95125e-05,5.91329e-05,5.81812e-05,5.66891e-05,5.47028e-05,5.22819e-05,4.94987e-05,4.64369e-05,4.31899e-05,3.9858e-05,3.65452e-05,3.33555e-05,3.03885e-05,2.77348e-05,2.54716e-05,2.36575e-05,2.23298e-05,2.15007e-05,2.11563e-05,2.12564e-05,2.17362e-05,2.25098e-05,2.34757e-05,2.45229e-05,2.55392e-05,2.64184e-05,2.70689e-05,2.74199e-05,2.74266e-05,2.70736e-05,2.63744e-05,2.537e-05,2.41237e-05,2.27146e-05,2.12298e-05,1.97562e-05,1.83727e-05,1.71447e-05,1.61193e-05,1.53241e-05,1.47679e-05,1.44437e-05,1.43328e-05,1.44101e-05,1.46482e-05,1.50217e-05,1.55079e-05,1.60867e-05,1.67357e-05,1.74232e-05,1.81304e-05,1.87266e-05,1.90212e-05,1.87771e-05,1.77634e-05,1.58207e-05,1.29171e-05,9.16596e-06,4.78582e-06,0
0,3.9333e-06,8.20528e-06,1.25104e-05,1.65754e-05,2.00861e-05,2.27977e-05,2.4599e-05,2.55232e-05,2.5717e-05,2.5387e-05,2.47087e-05,2.38389e-05,2.29383e-05,2.21564e-05,2.16257e-05,2.14558e-05,2.1729e-05,2.24955e-05,2.37694e-05,2.55276e-05,2.77098e-05,3.02218e-05,3.29409e-05,3.57234e-05,3.84145e-05,4.08585e-05,4.29101e-05,4.44446e-05,4.53667e-05,4.56177e-05,4.51795e-05,4.40757e-05,4.237e-05,4.01619e-05,3.75795e-05,3.47714e-05,3.18965e-05,2.91151e-05,2.65786e-05,2.44216e-05,2.27552e-05,2.16614e-05,2.1191e-05,2.13622e-05,2.21616e-05,2.35474e-05,2.54531e-05,2.77923e-05,3.04649e-05,3.33617e-05,3.63706e-05,3.93809e-05,4.22874e-05,4.49939e-05,4.74157e-05,4.94811e-05,5.11327e-05,5.23278e-05,5.30389e-05,5.32535e-05,5.29741e-05,5.22177e-05,5.10155e-05,4.9412e-05,4.74644e-05,4.52412e-05,4.28203e-05,4.02868e-05,3.77304e-05,3.52415e-05,3.29076e-05,3.08093e-05,2.9016e-05,2.75812e-05,2.654e-05,2.59053e-05,2.56667e-05,2.57899e-05,2.62186e-05,2.68767e-05,2.76733e-05,2.85088e-05,2.92811e-05,2.98938e-05,3.02625e-05,3.0322e-05,3.0031e-05,2.9375e-05,2.83678e-05,2.70492e-05,2.54819e-05,2.37453e-05,2.19288e-05,2.01239e-05,1.8417e-05,1.68831e-05,1.55809e-05,1.45499e-05,1.38103e-05,1.33642e-05,1.31986e-05,1.32892e-05,1.36049e-05,1.41105e-05,1.47696e-05,1.55447e-05,1.63957e-05,1.72763e-05,1.81304e-05,1.88933e-05,1.95092e-05,1.97676e-05,1.94318e-05,1.82807e-05,1.61758e-05,1.31146e-05,9.24068e-06,4.79365e-06,0
0,3.57909e-06,7.52966e-06,1.15743e-05,1.54523e-05,1.88558e-05,2.15387e-05,2.3381e-05,2.4402e-05,2.47304e-05,2.45115e-05,2.38863e-05,2.30043e-05,2.20204e-05,2.10856e-05,2.0339e-05,1.99022e-05,1.98733e-05,2.0322e-05,2.12855e-05,2.27659e-05,2.47293e-05,2.71075e-05,2.98011e-05,3.2686e-05,3.56204e-05,3.84544e-05,4.10397e-05,4.32393e-05,4.49371e-05,4.60456e-05,4.65112e-05,4.63183e-05,4.54892e-05,4.40827e-05,4.21897e-05,3.99262e-05,3.74266e-05,3.48337e-05,3.22911e-05,2.99338e-05,2.78813e-05,2.62315e-05,2.50566e-05,2.44003e-05,2.42777e-05,2.46763e-05,2.55585e-05,2.6866e-05,2.85236e-05,3.04448e-05,3.25364e-05,3.47035e-05,3.68533e-05,3.88992e-05,4.07633e-05,4.23787e-05,4.3691e-05,4.46595e-05,4.52573e-05,4.5472e-05,4.53051e-05,4.4772e-05,4.39011e-05,4.27328e-05,4.13187e-05,3.97193e-05,3.80025e-05,3.62409e-05,3.45088e-05,3.28788e-05,3.14185e-05,3.01862e-05,2.92278e-05,2.85732e-05,2.82338e-05,2.82007e-05,2.84445e-05,2.8916e-05,2.95486e-05,3.02624e-05,3.09689e-05,3.15775e-05,3.20021e-05,3.2167e-05,3.20138e-05,3.15055e-05,3.06302e-05,2.94016e-05,2.78589e-05,2.6063e-05,2.40923e-05,2.20358e-05,1.99868e-05,1.80355e-05,1.6263e-05,1.4736e-05,1.35038e-05,1.25965e-05,1.20255e-05,1.17853e-05,1.18565e-05,1.22087e-05,1.2804e-05,1.35994e-05,1.45474e-05,1.55962e-05,1.66881e-05,1.77571e-05,1.87266e-05,1.95092e-05,2.00029e-05,2.01354e-05,1.96525e-05,1.83501e-05,1.6113e-05,1.29639e-05,9.06755e-06,4.67304e-06,0
0,3.16852e-06,6.72466e-06,1.04254e-05,1.40296e-05,1.72458e-05,1.98365e-05,2.16813e-05,2.27906e-05,2.3244e-05,2.31365e-05,2.25861e-05,2.17263e-05,2.06998e-05,1.96511e-05,1.87188e-05,1.80292e-05,1.76903e-05,1.77865e-05,1.83741e-05,1.9478e-05,2.10898e-05,2.31679e-05,2.56393e-05,2.84038e-05,3.13392e-05,3.43096e-05,3.71729e-05,3.97903e-05,4.2035e-05,4.38006e-05,4.50069e-05,4.56059e-05,4.55833e-05,4.49598e-05,4.3788e-05,4.21491e-05,4.01467e-05,3.78995e-05,3.55339e-05,3.3176e-05,3.09442e-05,2.89429e-05,2.72573e-05,2.59501e-05,2.50592e-05,2.45981e-05,2.45568e-05,2.49046e-05,2.55933e-05,2.65613e-05,2.77381e-05,2.90488e-05,3.04173e-05,3.1771e-05,3.30428e-05,3.41745e-05,3.51176e-05,3.58354e-05,3.63036e-05,3.651e-05,3.64555e-05,3.61525e-05,3.56251e-05,3.49072e-05,3.40419e-05,3.30786e-05,3.20719e-05,3.10783e-05,3.01538e-05,2.93506e-05,2.87141e-05,2.82795e-05,2.80695e-05,2.80914e-05,2.8336e-05,2.87767e-05,2.93702e-05,3.00587e-05,3.07725e-05,3.14348e-05,3.19665e-05,3.22922e-05,3.23461e-05,3.20769e-05,3.14528e-05,3.04644e-05,2.9126e-05,2.74753e-05,2.55705e-05,2.3487e-05,2.13113e-05,1.91351e-05,1.7049e-05,1.51364e-05,1.34687e-05,1.21013e-05,1.10721e-05,1.04004e-05,1.00884e-05,1.01229e-05,1.0478e-05,1.11177e-05,1.19978e-05,1.30678e-05,1.42708e-05,1.55435e-05,1.68146e-05,1.80038e-05,1.90212e-05,1.97676e-05,2.01354e-05,2.00101e-05,1.934e-05,1.78941e-05,1.5578e-05,1.24323e-05,8.63077e-06,4.41879e-06,0
0,2.71213e-06,5.80867e-06,9.08409e-06,1.23226e-05,1.52595e-05,1.76772e-05,1.94651e-05,2.06194e-05,2.11677e-05,2.11734e-05,2.07269e-05,1.99388e-05,1.89332e-05,1.78408e-05,1.67915e-05,1.59086e-05,1.53024e-05,1.50652e-05,1.52665e-05,1.59493e-05,1.71273e-05,1.87839e-05,2.08726e-05,2.33195e-05,2.60269e-05,2.88791e-05,3.1749e-05,3.4506e-05,3.70238e-05,3.9188e-05,4.09032e-05,4.20985e-05,4.27316e-05,4.27905e-05,4.22936e-05,4.12875e-05,3.98433e-05,3.80511e-05,3.60138e-05,3.38404e-05,3.16392e-05,2.95116e-05,2.75468e-05,2.58177e-05,2.43781e-05,2.32613e-05,2.24805e-05,2.20297e-05,2.18861e-05,2.20134e-05,2.2365e-05,2.28874e-05,2.35243e-05,2.42197e-05,2.49206e-05,2.55796e-05,2.61572e-05,2.66224e-05,2.69543e-05,2.71424e-05,2.7186e-05,2.70947e-05,2.68867e-05,2.6588e-05,2.62311e-05,2.58527e-05,2.54919e-05,2.51877e-05,2.49766e-05,2.48899e-05,2.49514e-05,2.51748e-05,2.55618e-05,2.61012e-05,2.67676e-05,2.75226e-05,2.83158e-05,2.90871e-05,2.97708e-05,3.02992e-05,3.06079e-05,3.06406e-05,3.03538e-05,2.97208e-05,2.87345e-05,2.7409e-05,2.57794e-05,2.38999e-05,2.18404e-05,1.96823e-05,1.75127e-05,1.54189e-05,1.34829e-05,1.17767e-05,1.03587e-05,9.27129e-06,8.53972e-06,8.17272e-06,8.16368e-06,8.49256e-06,9.12806e-06,1.00295e-05,1.11484e-05,1.24288e-05,1.38079e-05,1.5215e-05,1.65715e-05,1.77903e-05,1.87771e-05,1.94318e-05,1.96525e-05,1.934e-05,1.84063e-05,1.68529e-05,1.45371e-05,1.1506e-05,7.92843e-06,4.03306e-06,0
0,2.22504e-06,4.80982e-06,7.5858e-06,1.03669e-05,1.29237e-05,1.50694e-05,1.67285e-05,1.78611e-05,1.84672e-05,1.85804e-05,1.82628e-05,1.75987e-05,1.66882e-05,1.56418e-05,1.45735e-05,1.35955e-05,1.28125e-05,1.23167e-05,1.21834e-05,1.24665e-05,1.31961e-05,1.43763e-05,1.59846e-05,1.7973e-05,2.02699e-05,2.27842e-05,2.54104e-05,2.80346e-05,3.05409e-05,3.28188e-05,3.47693e-05,3.63105e-05,3.73825e-05,3.79503e-05,3.80048e-05,3.75629e-05,3.66653e-05,3.53725e-05,3.37609e-05,3.19172e-05,2.99323e-05,2.78967e-05,2.58945e-05,2.39999e-05,2.22738e-05,2.07617e-05,1.94928e-05,1.84804e-05,1.77232e-05,1.72067e-05,1.69065e-05,1.67904e-05,1.68216e-05,1.69615e-05,1.71725e-05,1.74196e-05,1.7673e-05,1.7909e-05,1.81112e-05,1.82706e-05,1.83858e-05,1.84629e-05,1.8514e-05,1.85568e-05,1.86126e-05,1.8705e-05,1.88578e-05,1.9093e-05,1.94291e-05,1.98787e-05,2.04467e-05,2.11293e-05,2.19125e-05,2.27717e-05,2.36723e-05,2.45703e-05,2.54147e-05,2.615e-05,2.67195e-05,2.70694e-05,2.71525e-05,2.69326e-05,2.63876e-05,2.5512e-05,2.43185e-05,2.28381e-05,2.11187e-05,1.92226e-05,1.72227e-05,1.51982e-05,1.32293e-05,1.13929e-05,9.75792e-06,8.38182e-06,7.30841e-06,6.5664e-06,6.16937e-06,6.11653e-06,6.39412e-06,6.97717e-06,7.83112e-06,8.91316e-06,1.01731e-05,1.15536e-05,1.29904e-05,1.44116e-05,1.57385e-05,1.68856e-05,1.77634e-05,1.82807e-05,1.83501e-05,1.78941e-05,1.68529e-05,1.51946e-05,1.29841e-05,1.01943e-05,6.97489e-06,3.52629e-06,0
0,1.7263e-06,3.7653e-06,5.98185e-06,8.22122e-06,1.02949e-05,1.20963e-05,1.35425e-05,1.45824e-05,1.51969e-05,1.53964e-05,1.52168e-05,1.47157e-05,1.39672e-05,1.30572e-05,1.20783e-05,1.11249e-05,1.02885e-05,9.6529e-06,9.29067e-06,9.25891e-06,9.59639e-06,1.03213e-05,1.14299e-05,1.28965e-05,1.46744e-05,1.66982e-05,1.88873e-05,2.11503e-05,2.33905e-05,2.55107e-05,2.74195e-05,2.90362e-05,3.02951e-05,3.11492e-05,3.1572e-05,3.15586e-05,3.11247e-05,3.03049e-05,2.91495e-05,2.77209e-05,2.6089e-05,2.43271e-05,2.25071e-05,2.06964e-05,1.89542e-05,1.73293e-05,1.5859e-05,1.45684e-05,1.34707e-05,1.25681e-05,1.18537e-05,1.13132e-05,1.09271e-05,1.06729e-05,1.0527e-05,1.04669e-05,1.04724e-05,1.05273e-05,1.06196e-05,1.07426e-05,1.08943e-05,1.10777e-05,1.12993e-05,1.1569e-05,1.18982e-05,1.22987e-05,1.27814e-05,1.33541e-05,1.40208e-05,1.47797e-05,1.56227e-05,1.6534e-05,1.74904e-05,1.84611e-05,1.94087e-05,2.02906e-05,2.1061e-05,2.16736e-05,2.20846e-05,2.22554e-05,2.21563e-05,2.17689e-05,2.10883e-05,2.01244e-05,1.89023e-05,1.74615e-05,1.58538e-05,1.41408e-05,1.23898e-05,1.06707e-05,9.05101e-06,7.59272e-06,6.34897e-06,5.36172e-06,4.66039e-06,4.26145e-06,4.1687e-06,4.37437e-06,4.86037e-06,5.59969e-06,6.55763e-06,7.69268e-06,8.95696e-06,1.02964e-05,1.16508e-05,1.29538e-05,1.41338e-05,1.51151e-05,1.58207e-05,1.61758e-05,1.6113e-05,1.5578e-05,1.45371e-05,1.29841e-05,1.09474e-05,8.53306e-06,5.80189e-06,2.91724e-06,0
0,1.23724e-06,2.71881e-06,4.33732e-06,5.96811e-06,7.5233e-06,8.91579e-06,1.00742e-05,1.0948e-05,1.15096e-05,1.17536e-05,1.16959e-05,1.13704e-05,1.0826e-05,1.01231e-05,9.32965e-06,8.51762e-06,7.75911e-06,7.1228e-06,6.67052e-06,6.45412e-06,6.51276e-06,6.8707e-06,7.5358e-06,8.49884e-06,9.73372e-06,1.11986e-05,1.28381e-05,1.4586e-05,1.63692e-05,1.81117e-05,1.97385e-05,2.11804e-05,2.23773e-05,2.32818e-05,2.38608e-05,2.40975e-05,2.39911e-05,2.35565e-05,2.2822e-05,2.18274e-05,2.0621e-05,1.92559e-05,1.77873e-05,1.62692e-05,1.47519e-05,1.32794e-05,1.18887e-05,1.06083e-05,9.45796e-06,8.44955e-06,7.58737e-06,6.86952e-06,6.28926e-06,5.83653e-06,5.4994e-06,5.26554e-06,5.12336e-06,5.06299e-06,5.07694e-06,5.16045e-06,5.31152e-06,5.53066e-06,5.82034e-06,6.18428e-06,6.62644e-06,7.15009e-06,7.75663e-06,8.44463e-06,9.2088e-06,1.00393e-05,1.0921e-05,1.18337e-05,1.27519e-05,1.36453e-05,1.44802e-05,1.52209e-05,1.58312e-05,1.62767e-05,1.65272e-05,1.65589e-05,1.63563e-05,1.59143e-05,1.52388e-05,1.43477e-05,1.32699e-05,1.20445e-05,1.07188e-05,9.34557e-06,7.98004e-06,6.67706e-06,5.48788e-06,4.4576e-06,3.62309e-06,3.01167e-06,2.64044e-06,2.51633e-06,2.63669e-06,2.99024e-06,3.55811e-06,4.31493e-06,5.2296e-06,6.2659e-06,7.38268e-06,8.53406e-06,9.66949e-06,1.07342e-05,1.16701e-05,1.24174e-05,1.29171e-05,1.31146e-05,1.29639e-05,1.24323e-05,1.1506e-05,1.01943e-05,8.53306e-06,6.58586e-06,4.45741e-06,2.2317e-06,0
0,7.7843e-07,1.71533e-06,2.72558e-06,3.77079e-06,4.79395e-06,5.73671e-06,6.54728e-06,7.18532e-06,7.62457e-06,7.85358e-06,7.87537e-06,7.7061e-06,7.37322e-06,6.91332e-06,6.36966e-06,5.78965e-06,5.22237e-06,4.71599e-06,4.31537e-06,4.05979e-06,3.9809e-06,4.10096e-06,4.43157e-06,4.97287e-06,5.71328e-06,6.63e-06,7.69006e-06,8.852e-06,1.00681e-05,1.1287e-05,1.24566e-05,1.35268e-05,1.44522e-05,1.51949e-05,1.57256e-05,1.60257e-05,1.60873e-05,1.59132e-05,1.55163e-05,1.49182e-05,1.41473e-05,1.32371e-05,1.22239e-05,1.11447e-05,1.00354e-05,8.92915e-06,7.85493e-06,6.83702e-06,5.89435e-06,5.04054e-06,4.28416e-06,3.62935e-06,3.07654e-06,2.62339e-06,2.26571e-06,1.99832e-06,1.81585e-06,1.7134e-06,1.68697e-06,1.73369e-06,1.85188e-06,2.04086e-06,2.30063e-06,2.63133e-06,3.03266e-06,3.50325e-06,4.03994e-06,4.63724e-06,5.28677e-06,5.97691e-06,6.69267e-06,7.41571e-06,8.12477e-06,8.79621e-06,9.40496e-06,9.92563e-06,1.03339e-05,1.06081e-05,1.07304e-05,1.06884e-05,1.04767e-05,1.0097e-05,9.55924e-06,8.88101e-06,8.08725e-06,7.20899e-06,6.28173e-06,5.34358e-06,4.43314e-06,3.58741e-06,2.83986e-06,2.21886e-06,1.74651e-06,1.43796e-06,1.30124e-06,1.33744e-06,1.54135e-06,1.90207e-06,2.40385e-06,3.02673e-06,3.74704e-06,4.53776e-06,5.36864e-06,6.20634e-06,7.01464e-06,7.75485e-06,8.38676e-06,8.86997e-06,9.16596e-06,9.24068e-06,9.06755e-06,8.63077e-06,7.92843e-06,6.97489e-06,5.80189e-06,4.45741e-06,3.00123e-06,1.49949e-06,0
0,3.65004e-07,7.92769e-07,1.26556e-06,1.76624e-06,2.26854e-06,2.7434e-06,3.16342e-06,3.5059e-06,3.75457e-06,3.90041e-06,3.94171e-06,3.88368e-06,3.73764e-06,3.52004e-06,3.25129e-06,2.95454e-06,2.65436e-06,2.37546e-06,2.14146e-06,1.97365e-06,1.88987e-06,1.90356e-06,2.02301e-06,2.25078e-06,2.5835e-06,3.01196e-06,3.52147e-06,4.09265e-06,4.70242e-06,5.32525e-06,5.93457e-06,6.5042e-06,7.0098e-06,7.43011e-06,7.74803e-06,7.9514e-06,8.03343e-06,7.99281e-06,7.83345e-06,7.56402e-06,7.19712e-06,6.74839e-06,6.23545e-06,5.67693e-06,5.09139e-06,4.49654e-06,3.90848e-06,3.3412e-06,2.80625e-06,2.31264e-06,1.86684e-06,1.47305e-06,1.13346e-06,8.487e-07,6.18193e-07,4.40635e-07,3.14348e-07,2.37593e-07,2.08802e-07,2.26692e-07,2.90291e-07,3.98851e-07,5.51683e-07,7.47916e-07,9.8621e-07,1.26445e-06,1.57945e-06,1.92669e-06,2.3001e-06,2.69198e-06,3.09298e-06,3.49224e-06,3.87762e-06,4.23614e-06,4.5545e-06,4.8197e-06,5.01974e-06,5.14442e-06,5.18602e-06,5.13998e-06,5.00537e-06,4.78527e-06,4.48681e-06,4.12098e-06,3.70225e-06,3.24779e-06,2.77665e-06,2.30871e-06,1.86362e-06,1.45973e-06,1.11323e-06,8.37382e-07,6.42039e-07,5.33408e-07,5.14037e-07,5.83006e-07,7.36259e-07,9.66988e-07,1.26603e-06,1.6222e-06,2.02252e-06,2.45239e-06,2.89569e-06,3.33482e-06,3.75091e-06,4.12407e-06,4.434e-06,4.66074e-06,4.78582e-06,4.79365e-06,4.67304e-06,4.41879e-06,4.03306e-06,3.52629e-06,2.91724e-06,2.2317e-06,1.49949e-06,7.49105e-07,0
0,0,0,0,0,0,0,0,0,0,0,0,0,0,0,0,0,0,0,0,0,0,0,0,0,0,0,0,0,0,0,0,0,0,0,0,0,0,0,0,0,0,0,0,0,0,0,0,0,0,0,0,0,0,0,0,0,0,0,0,0,0,0,0,0,0,0,0,0,0,0,0,0,0,0,0,0,0,0,0,0,0,0,0,0,0,0,0,0,0,0,0,0,0,0,0,0,0,0,0,0,0,0,0,0,0,0,0,0,0,0,0,0,0,0,0,0,0,0,0
